pl_name,hostname,pl_rade,pl_dens,pl_orbeccen,pl_eqt,pl_orbsmax,st_teff,st_mass,st_age,LSS
14 Her b,14 Her,12.6,2.0831845279586703,0.373,277.86,2.774,5338.0,0.91,3.9,0.38756679895901086
24 Sex b,24 Sex,13.4,0.8919980393051105,0.09,606.2,1.333,5098.0,1.54,2.7,0.33857214428939464
24 Sex c,24 Sex,13.9,0.4440445900756395,0.29,623.266,2.08,5098.0,1.54,2.7,0.36416806577705635
47 UMa b,47 UMa,13.2,1.0715836162801904,0.032,257.91,2.1,5872.0,1.06,6.48,0.7218778684330605
47 UMa c,47 UMa,14.2,0.2844267797311083,0.098,227.75,3.6000000000000005,5872.0,1.06,6.48,0.42238434804595837
51 Peg b,51 Peg,14.3,0.2429461786103894,0.013,1252.42,0.0527,5758.0,1.03,10.0,0.2116109448735089
55 Cnc B b,55 Cnc B,1.69,1.6054298910365616,0.0,422.68,0.044,3286.0,0.26,10.0,0.5455654480064368
55 Cnc B c,55 Cnc B,2.16,1.358409157630355,0.0,305.03000000000003,0.13,3286.0,0.26,10.0,0.7997286489002148
55 Cnc b,55 Cnc,13.9,0.4317824164255378,0.0029,700.0,0.118,5198.0,1.015,10.0,0.28717228195418765
55 Cnc c,55 Cnc,8.51,0.3960879462955674,0.088,517.363,0.247,5198.0,1.015,10.0,0.3336071827040012
55 Cnc e,55 Cnc,1.875,2.0360119837525,0.05,1958.0,0.01544,5172.0,0.905,5.5,0.3810382579059321
55 Cnc f,55 Cnc,7.59,0.4466070514393395,0.063,336.2,0.8019999999999999,5198.0,1.015,10.0,0.6227127266421107
6 Lyn b,6 Lyn,13.4,0.8628899551470399,0.042,403.73,2.0280000000000005,4941.0,1.32,2.353,0.43913506476900155
61 Vir b,61 Vir,2.11,1.3812818192963463,0.12,1090.0790000000002,0.050201,5577.0,0.942,8.96,0.31523957411075476
61 Vir c,61 Vir,4.46,0.7561219797213337,0.14,533.8399999999999,0.2174999999999999,5577.0,0.942,8.96,0.3363557335779871
61 Vir d,61 Vir,5.11,0.664233170395303,0.35,362.2,0.476,5577.0,0.942,8.96,0.4004595138143041
7 CMa b,7 CMa,13.4,0.8501509293696101,0.06,354.12,1.758,4826.0,1.34,4.3,0.42522742919659007
7 CMa c,7 CMa,13.9,0.4485245975686113,0.08,366.62,2.153,4826.0,1.34,4.3,0.46128985455003296
70 Vir b,70 Vir,12.6,2.020222182019865,0.3988,425.466,0.481,5495.0,1.09,7.77,0.31717923358292943
AT2021ueyL b,AT2021ueyL,13.6,0.6575200029167942,0.36893,333.4,4.01,3680.0,0.49,6.5,0.28163789390475163
AU Mic b,AU Mic,3.95677019,0.8415671856782186,0.00577,600.0,0.0649,3678.0,0.51,0.0201,0.2932825010512981
AU Mic c,AU Mic,2.52202066,0.7975071958841881,0.00338,459.0,0.1108,3678.0,0.51,0.0201,0.3685035380589566
AU Mic d,AU Mic,1.02,1.864080130807681,0.00305,807.4,0.102,3678.0,0.51,0.0201,0.4473523182289136
AU Mic e,AU Mic,4.87,0.6931471805599453,0.1557,480.0100000000001,0.102,3665.0,0.6000000000000001,0.0185,0.2995294960029657
BD+05 4868 A b,BD+05 4868 A,2.839553935,1.269760544863939,0.1241,1820.0,0.0208,4596.0,0.7,11.1,0.2288904389656375
BD+14 4559 b,BD+14 4559,13.8,0.5253200699164432,0.29,186.19,0.78,4864.0,0.49,5.561,0.6558106745629091
BD+20 594 b,BD+20 594,2.57807,2.1849270495258133,0.0,546.0,0.241,5766.0,1.6699999999999997,3.34,0.4647636411552964
BD+45 564 b,BD+45 564,13.6,0.6647477060382473,0.12,448.8,0.83,5004.0,0.81,5.415000000000001,0.637680991211479
BD+55 362 b,BD+55 362,14.0,0.3770656335864664,0.27,438.2,0.78,5012.0,0.909,5.763,0.5973992543108995
BD-06 1339 b,BD-06 1339,2.839553935,1.269760544863939,0.0,949.8,0.0428,4324.0,0.7,4.4,0.3057483721269004
BD-06 1339 c,BD-06 1339,8.38,0.4021262068426497,0.31,396.8,0.435,4324.0,0.7,4.4,0.6046704042616544
BD-08 2823 b,BD-08 2823,2.839553935,1.269760544863939,0.15,618.2,0.06,4816.0,0.5,4.5,0.33956294069066895
BD-08 2823 c,BD-08 2823,12.5,0.2569650997897204,0.19,350.29,0.6800000000000002,4746.0,0.74,4.5,0.6320126856269599
BD-10 3166 b,BD-10 3166,14.1,0.3133498192003587,0.02,1292.6,0.04,5393.0,1.4700000000000002,0.25,0.18829009086049825
BD-11 4672 b,BD-11 4672,14.1,0.3400373027857091,0.05,526.22,2.36,4550.0,0.651,7.4,0.28254380912006305
BD-11 4672 c,BD-11 4672,4.04,0.8241754429663495,0.4,265.92,0.3,4550.0,0.651,7.4,0.6158427999988713
BD-14 3065 b,BD-14 3065 A,21.59,1.1474024528375415,0.066,2001.0,0.0656,6935.0,1.41,2.24,0.193074919875674
BD-17 63 b,BD-17 63,12.8,1.667706820558076,0.5439,195.7,1.34,4714.0,0.7410000000000001,4.3,0.3225102153479228
BD-210397 b,BD-210397,14.0,0.3569748989477302,0.1,84.22,2.63,4051.0,0.679,6.2,0.2810697404734113
BEBOP-3 b,BEBOP-3,14.2,0.2926696139628199,0.247,614.1,1.444,6033.0,1.083,5.184,0.5149500699066724
Barnard b,Barnard's star,0.72,1.6863989535702286,0.03,438.0,0.0229,3195.0,0.162,4.74,0.5103769491630737
Barnard c,Barnard's star,0.743,1.7029282555214391,0.08,400.0,0.0274,3195.0,0.162,5.366,0.5302624868477929
Barnard d,Barnard's star,0.694,1.6714733033535532,0.04,483.0,0.0188,3195.0,0.162,5.254,0.4822130888217858
Barnard e,Barnard's star,0.637,1.62924053973028,0.04,340.0,0.0381,3195.0,0.162,6.757000000000001,0.6069256440208972
CD Cet b,CD Cet,1.82,1.5260563034950494,0.13491,464.0,0.0185,3130.0,0.161,3.0,0.46819145023650255
CI Tau c,CI Tau,13.0,1.3506671834767394,0.58,671.29,0.1699999999999999,3807.0,0.9,0.0025,0.19228478289653683
CoRoT-1 b,CoRoT-1,16.7,0.3220834991691133,0.0,1898.0,0.02752,5950.0,0.95,1.6,0.2104019222967895
CoRoT-10 b,CoRoT-10,10.87,1.547562508716013,0.53,600.0,0.1055,5075.0,0.89,3.0,0.2690063060856712
CoRoT-11 b,CoRoT-11,16.03,0.688134638736401,0.0,1657.0,0.0436,6440.0,1.27,2.0,0.214060163507295
CoRoT-12 b,CoRoT-12,16.14,0.3442986728706769,0.07,1442.0,0.04016,5675.0,1.078,6.3,0.20994139662481742
CoRoT-13 b,CoRoT-13,9.92,1.205970806988609,0.0,1700.0,0.051,5945.0,1.09,1.635,0.2138755099926615
CoRoT-14 b,CoRoT-14,12.22,2.1162555148025524,0.0,1952.0,0.027,6035.0,1.13,4.2,0.2180460621295825
CoRoT-16 b,CoRoT-16,13.11,0.3646431135879092,0.33,1048.9,0.0618,5650.0,1.098,6.73,0.19758830689283313
CoRoT-17 b,CoRoT-17,11.43,1.3402504226184837,0.0,1626.0,0.0461,5740.0,1.04,10.7,0.20382339481198664
CoRoT-18 b,CoRoT-18,14.68,1.1631508098056809,0.08,1550.0,0.0295,5440.0,0.95,0.6,0.17948018008712877
CoRoT-19 b,CoRoT-19,14.46,0.5364933705145685,0.047,2000.0,0.0518,6090.0,1.21,5.0,0.20893295048804003
CoRoT-2 b,CoRoT-2,16.432,0.904218150639886,0.0143,1521.0,0.02798,5625.0,0.96,2.7,0.21919691381606896
CoRoT-21 b,CoRoT-21,14.5717,0.8586616190375187,0.0,2154.864,0.0417,6200.0,1.29,4.1,0.21591990781320058
CoRoT-22 b,CoRoT-22,4.88,0.2223432311434406,0.077,885.0,0.092,5939.0,1.099,3.3,0.25135350970818093
CoRoT-23 b,CoRoT-23,11.77,1.3862943611198906,0.16,1660.0,0.048,5900.0,1.14,7.2,0.19383948421366445
CoRoT-24 b,CoRoT-24,3.7,0.6418538861723948,0.0,1070.0,0.056,4950.0,0.91,11.0,0.23956291356298565
CoRoT-24 c,CoRoT-24,5.0,0.832909122935104,0.0,850.0,0.098,4950.0,0.91,11.0,0.2792974874994908
CoRoT-25 b,CoRoT-25,12.11,0.1397619423751586,0.0,1330.0,0.0578,6040.0,1.09,4.5,0.22378667871149477
CoRoT-26 b,CoRoT-26,14.12,0.2468600779315258,0.0,1600.0,0.0526,5590.0,1.09,8.6,0.2175724792930533
CoRoT-27 b,CoRoT-27,11.287,2.6100697927420065,0.065,1500.0,0.0476,5900.0,1.05,4.21,0.21117358457553737
CoRoT-28 b,CoRoT-28,10.704595,0.5247285289349821,0.047,1338.753,0.0603,5150.0,1.01,12.0,0.18836133018568252
CoRoT-29 b,CoRoT-29,10.0881,0.8960880245566356,0.082,1136.6439999999998,0.0386,5260.0,0.97,4.5,0.2177070028187868
CoRoT-30 b,CoRoT-30,11.309881,1.4929040961781488,0.007,1058.0,0.0844,5650.0,0.98,3.0,0.24420052703902426
CoRoT-31 b,CoRoT-31,16.36514,0.2851789422336624,0.02,1637.6,0.0586,5700.0,1.25,4.7,0.21779164287949704
CoRoT-32 b,CoRoT-32,6.38913,0.7419373447293773,0.0780999999999999,938.0,0.071,5970.0,1.08,1.1187,0.22739527397180812
CoRoT-35 b,CoRoT-35,18.83108758,0.2546422183735807,0.0,1747.0,0.0429,6390.0,1.01,6.1,0.214588702093503
CoRoT-36 b,CoRoT-36,15.80466279,0.2231435513142097,0.0,1567.0,0.066,6730.0,1.32,2.1,0.20986464896284945
CoRoT-4 b,CoRoT-4,13.34,0.421994410059375,0.0,1074.0,0.09,6190.0,1.16,1.0,0.21670941220908602
CoRoT-5 b,CoRoT-5,15.558,0.1963888140053901,0.09,1438.0,0.04947,6100.0,1.0,6.9,0.20407626722138864
CoRoT-6 b,CoRoT-6,13.068,1.199964782928397,0.1,1017.0,0.0855,6090.0,1.05,2.5,0.22574188987203897
CoRoT-7 b,CoRoT-7,1.68135,2.3374694948475474,0.0,1756.0,0.017016,5275.0,0.8200000000000001,1.8,0.40238429888524174
CoRoT-7 c,CoRoT-7,2.83,1.1118575154181305,0.0,1097.4,0.046,5256.0,0.899,1.8,0.2797324442769834
CoRoT-7 d,CoRoT-7,4.31,0.7793248768009976,0.0834999999999999,837.4,0.102,5250.0,0.915,1.8,0.2781352344102713
CoRoT-8 b,CoRoT-8,6.39,0.9555114450274363,0.0,870.0,0.063,5080.0,0.8800000000000001,3.0,0.273370228931211
CoRoT-9 b,CoRoT-9,11.948794,0.6205764877251099,0.133,420.0,0.4021,5625.0,0.96,6.0,0.41755847935926493
DMPP-1 b,DMPP-1,5.29,0.6423800635062922,0.083,877.0,0.1462,6196.0,1.21,2.01,0.2578035136453614
DMPP-1 c,DMPP-1,3.06,1.043804052173115,0.057,1239.0,0.0733,6196.0,1.21,2.01,0.2519197457034396
DMPP-1 d,DMPP-1,1.65,1.62924053973028,0.07,1632.0,0.0422,6196.0,1.21,2.01,0.3668601984776924
DMPP-1 e,DMPP-1,1.86,1.5107219394949427,0.07,1314.0,0.0651,6196.0,1.21,2.01,0.3458093909171368
DMPP-2 b,DMPP-2,14.3,0.2319050569827825,0.078,1000.0,0.0664,6500.0,1.44,2.0,0.22355329523574974
DMPP-3 A b,DMPP-3 A,1.41,1.801709800081223,0.14,854.0,0.0662,5138.0,0.87,10.9,0.4140197313721349
DMPP-4 b,DMPP-4,3.53,0.924258901523332,0.063,1567.6,0.04853,6400.0,1.25,2.15,0.23131395373985564
DS Tuc A b,DS Tuc A,5.7,1.269760544863939,0.0,850.0,0.102,5428.0,1.01,0.045,0.25748818022627046
EPIC 201170410.02,EPIC 201170410,1.047,1.873339456220478,0.0,592.2,0.0349,3648.0,0.287,4.779999999999999,0.5231950167613272
EPIC 201238110 b,EPIC 201238110,1.87,1.5040773967762742,0.09866,388.3,0.102,3587.0,0.41,3.68,0.5534287168616654
EPIC 201427007 b,EPIC 201427007,1.5,1.7334238922150915,0.04,1478.5,0.102,5633.0,0.9300000000000002,7.784999999999999,0.40326470231561995
EPIC 201497682 b,EPIC 201497682,0.692,1.6695918352538477,0.0186,807.2,0.102,4991.0,0.78,6.106,0.43943258193432916
EPIC 201595106 b,EPIC 201595106,1.565,2.4932054526026954,0.0,2038.0,0.0177,5679.0,0.958,6.0,0.41287100140400707
EPIC 201615463 c,K2-166,1.22,1.9444805562457188,0.0,1337.42,0.102,5960.0,1.073,5.574,0.4247578504593861
EPIC 201754305 d,K2-16,1.03,1.860974538249528,0.010432,1029.1,0.102,4761.0,0.67,8.218000000000002,0.45254319028937134
EPIC 201757695.02,EPIC 201757695,0.90819,1.80005827204275,0.0,1011.98,0.0296,4520.0,0.727,5.707999999999999,0.41283104900516365
EPIC 201833600 c,K2-50,1.0,1.8468787684491343,0.017,784.7900000000001,0.102,4326.0,0.611,6.098,0.48277291565774166
EPIC 201841433 b,EPIC 201841433,1.04,1.867176108512809,0.0209999999999999,898.82,0.035,5053.0,0.8019999999999999,4.298499999999999,0.4463344376607139
EPIC 205950854 c,K2-168,1.31,1.8794650496471603,0.0,960.6,0.102,5502.7,0.877,4.129,0.4578684396842733
EPIC 206024342 b,EPIC 206024342,1.7,1.599387576580599,0.0046,893.8,0.102,5724.0,0.9280000000000002,1.6800000000000004,0.4151688635901333
EPIC 206024342 c,EPIC 206024342,1.4,1.8066480817218056,0.039,1605.6,0.102,5724.0,0.9280000000000002,6.723000000000001,0.4152153006415211
EPIC 206024342 d,EPIC 206024342,2.6,1.184789984909162,0.0649,871.6,0.102,5724.0,0.9280000000000002,7.37,0.31588937602649725
EPIC 206032309 b,EPIC 206032309,1.01,1.854734268389444,0.0551,612.1800000000001,0.102,3489.0,0.221,3.361,0.6428070329855492
EPIC 206042996 b,EPIC 206042996,1.7,1.599387576580599,0.0,569.6,0.102,4114.0,0.565,4.063,0.4986091182380867
EPIC 206042996 c,EPIC 206042996,1.2,1.9387416595767009,0.114032,1207.4699999999998,0.102,4114.0,0.565,4.246,0.4361707610870666
EPIC 206215704 b,EPIC 206215704,1.0,1.8468787684491343,0.048586,453.69,0.102,3297.0,0.407,3.742,0.7939223618843305
EPIC 206317286 b,EPIC 206317286,0.96,1.827769906751088,0.008,1161.79,0.102,4752.0,0.7109999999999999,8.443999999999999,0.4265956531877481
EPIC 206317286 c,EPIC 206317286,2.094,1.3887912413184778,0.01,597.7,0.102,4752.0,0.8319999999999999,4.3906,0.4297655063920039
EPIC 211822797 b,EPIC 211822797,1.92,1.4770487243883548,0.06,431.0,0.1195,4057.0,0.62,0.79,0.4907128957457007
EPIC 211945201 b,EPIC 211945201,5.76,0.2851789422336624,0.0,817.0,0.1493,6069.0,1.17,3.99,0.27491299895097526
EPIC 212297394 b,EPIC 212297394,1.48,1.7457155307266483,0.0284,1149.0,0.102,5171.0,0.83,5.353,0.42477222473443094
EPIC 212297394 c,EPIC 212297394,2.27,1.3110318766193438,0.026,866.0,0.102,5171.0,0.83,5.63,0.35874539487479373
EPIC 212424622 b,EPIC 212424622,2.17,1.355835153635182,0.0,791.1,0.102,5782.33,1.106,4.816,0.3751550411505268
EPIC 212499991 b,EPIC 212499991,1.6,1.66392609771817,0.0,531.866,0.102,4982.79,0.912,3.336,0.5042612433408161
EPIC 212587672 b,EPIC 212587672,1.26,1.9242486522741336,0.0,756.0,0.102,6004.0,0.99,4.324,0.4828383703139167
EPIC 212587672 c,EPIC 212587672,2.32,1.2919836816486496,0.0,658.0,0.102,6004.0,0.99,4.443,0.3837007417280966
EPIC 212624936 b,EPIC 212624936,1.2,1.9387416595767009,0.0073999999999999,1637.8,0.102,5765.0,1.0,1.8541,0.42486609561439864
EPIC 212624936 c,EPIC 212624936,2.3,1.297463147413275,0.0,764.1,0.102,5765.0,1.0,1.3140000000000005,0.35616175061531574
EPIC 212737443 b,EPIC 212737443,2.586,1.1908875647772803,0.2,536.0,0.098,4684.0,0.69,7.963100000000002,0.3670709136797333
EPIC 212737443 c,EPIC 212737443,2.69,1.1537315878891892,0.2,316.0,0.28,4684.0,0.69,5.736,0.5730524646514557
EPIC 220492298 b,EPIC 220492298,0.99,1.8421356765531216,0.0073999999999999,1610.2,0.102,5620.0,0.95,3.651,0.4146259293028125
EPIC 220554210 c,K2-282,1.6,1.66392609771817,0.1294,1246.09,0.102,5499.0,0.94,7.297,0.3841324363145808
EPIC 220674823 b,EPIC 220674823,1.676,2.3115448343655176,0.0,2299.0,0.01314,5578.0,0.913,7.5,0.4062534008772771
EPIC 220674823 c,EPIC 220674823,2.84,1.000631880307906,0.17,804.0,0.1073,5578.0,0.913,7.5,0.29122798648551396
EPIC 228836835 b,EPIC 228836835,1.1,1.8961194845522973,0.0323,932.0,0.102,3782.0,0.418179,7.028999999999999,0.5670064318643491
EPIC 229004835 b,EPIC 229004835,2.332,1.7029282555214391,0.23,804.0,0.1237,5868.0,0.97,4.9,0.35670720043096593
EPIC 246851721 b,EPIC 246851721,11.780659,1.410986973710262,0.18675,1401.0,0.07229,6202.0,1.3169999999999995,3.02,0.18872053164507532
EPIC 249893012 b,EPIC 249893012,1.95,2.0001277349601105,0.06,1616.0,0.047,5430.0,1.05,9.0,0.3685405154551981
EPIC 249893012 c,EPIC 249893012,3.67,0.9631743177730056,0.07,990.0,0.13,5430.0,1.05,9.0,0.25991042857567354
EPIC 249893012 d,EPIC 249893012,3.94,0.6471032420585385,0.15,752.0,0.22,5430.0,1.05,9.0,0.27603128544696726
G 192-15 b,G 192-15,1.02,1.8453002361560848,0.0,453.6,0.01723,2999.0,0.132,3.148,0.5473999741774361
G 264-012 b,G 264-012,1.39,1.8115620965242347,0.004876,587.0,0.02279,3326.0,0.297,5.32,0.49946034977112597
G 264-012 c,G 264-012,1.76,1.5644405465033646,0.061593,387.0,0.0525,3326.0,0.297,6.616,0.5462862470111735
G 268-110 b,G 268-110,1.13,1.9154509415706047,0.0,534.0,0.0128299999999999,5549.0,0.137,6.564,0.549466453517242
G 9-40 b,G 9-40,1.9,1.4350845252893227,0.0,440.6,0.0418,3395.0,0.2952,9.9,0.48626671221697215
GJ 1132 b,GJ 1132,1.19151465,1.9416152247724323,0.0118,583.8,0.0157,3229.0,0.1944999999999999,5.0,0.5052514878163678
GJ 1132 c,GJ 1132,1.43,1.7850704810772584,0.27,300.0,0.0476,3270.0,0.181,5.0,0.725636593357327
GJ 1148 b,GJ 1148,11.9,0.2738366656297278,0.38,558.862,0.166,3287.0,0.3440449999999999,4.034000000000001,0.5556869816921979
GJ 1148 c,GJ 1148,9.71,0.3428802329165431,0.342,332.32700000000006,0.912,3287.0,0.3440449999999999,5.618,0.28063342883716286
GJ 1151 c,GJ 1151,3.25,0.9932517730102834,0.4028,247.5,0.5714,3280.0,0.1639,2.7741,0.39988252765996757
GJ 1214 b,GJ 1214,2.733,1.181727195378616,0.0062,567.0,0.01505,3101.0,0.182,3.0,0.3647593395064005
GJ 1252 b,GJ 1252,1.193,1.6486586255873816,0.0,1089.0,0.00915,3458.0,0.381,3.9,0.3896933575795431
GJ 1265 b,GJ 1265,2.63,1.175573329804238,0.04,454.525,0.026,3236.0,0.178,4.840999999999999,0.42562681399232993
GJ 1289 b,GJ 1289,2.38,1.269760544863939,0.0,150.0,0.27,3296.0,0.21,4.252999999999999,0.3712658381939066
GJ 143 b,GJ 143,2.61,2.079441541679836,0.188,422.0,0.1915,4640.0,0.73,3.8,0.4850549993326574
GJ 15 A b,GJ 15 A,1.55,1.6992786164338898,0.094,550.0,0.072,3607.0,0.38,5.095000000000001,0.5397205733124083
GJ 160.2 b,GJ 160.2,3.17,1.015230679729059,0.06,772.367,0.053,4347.0,0.69,3.399,0.2998546868453432
GJ 163 b,GJ 163,3.25,0.9932517730102834,0.073,370.8,0.0607,3500.0,0.4,6.0,0.40945406190859734
GJ 163 c,GJ 163,2.5,1.2208299213923592,0.099,323.34700000000004,0.1254,3500.0,0.4,6.0,0.6592900267900863
GJ 163 d,GJ 163,5.92,0.5760514086836981,0.373,303.62,1.0304,3500.0,0.4,6.0,0.3379448111815768
GJ 179 b,GJ 179,13.8,0.4891933236388768,0.21,300.0,2.4100000000000006,3370.0,0.357,4.69,0.3537187788889067
GJ 180 b,GJ 180,2.43,1.249901736214336,0.07,358.39,0.092,3371.0,0.4299999999999999,4.260000000000001,0.5815688549122952
GJ 180 c,GJ 180,2.41,1.2556160374777745,0.09,370.29,0.129,3371.0,0.4299999999999999,3.767,0.6834201147593051
GJ 180 d,GJ 180,2.66,1.1662709371419244,0.14,235.188,0.309,3371.0,0.4299999999999999,1.052,0.44107446832487185
GJ 2030 b,GJ 2030,2.03,1.4182774069729414,0.239,1567.3,0.034,5485.0,0.96,8.558,0.29360926478634364
GJ 229 A c,GJ 229,2.87,1.095273387402595,0.366,308.22,0.384,3564.0,0.509,0.4,0.4044052094993066
GJ 229 b,GJ 229,3.97,0.8372475245337022,0.404,281.36,1.086,3564.0,0.509,0.4,0.3506009156633674
GJ 238 b,GJ 238,0.566,1.5727739280625088,0.0560099999999999,758.0,0.02123,3485.0,0.4193,6.685,0.38236063900118145
GJ 251 b,GJ 251,1.79,1.545432582458188,0.0,336.0,0.0808,3342.0,0.35,6.8,0.6346527747378164
GJ 251 c,GJ 251,1.8,1.5390154481375546,0.0,216.0,0.196,3342.0,0.35,6.8,0.8505967218133639
GJ 27.1 b,GJ 27.1,3.66,0.9001613499442714,0.08,476.0,0.101,3542.0,0.53,3.967,0.4534764830216381
GJ 273 b,GJ 273,1.51,1.724550719534605,0.1,284.8,0.091101,3382.0,0.2899999999999999,4.369000000000001,0.8565930067943763
GJ 273 c,GJ 273,1.06,1.8625285401162623,0.17,442.9,0.036467,3382.0,0.2899999999999999,4.343999999999999,0.5325691190296239
GJ 3021 b,GJ 3021,13.1,1.2864740258376797,0.511,350.0,0.49,5540.0,0.9,0.37,0.37536996029270303
GJ 3082 b,GJ 3082,2.79,1.1216775615991057,0.22,445.334,0.079,3910.0,0.4699999999999999,4.70901,0.39831551239922086
GJ 3090 b,GJ 3090,2.18,1.2237754316221157,0.25,723.0,0.0316,3707.0,0.519,2.7265,0.32679045984391014
GJ 3090 c,GJ 3090,3.14,1.0188473201992472,0.0,407.2,0.0997,3707.0,0.519,3.16,0.43473564765506484
GJ 3138 b,GJ 3138,1.18,1.9387416595767009,0.19,892.985,0.0197,3717.0,0.6810000000000002,2.505,0.409297618023515
GJ 3138 c,GJ 3138,1.88,1.4951487660319729,0.11,511.5,0.057,3717.0,0.6810000000000002,4.648000000000001,0.4500243710324168
GJ 3138 d,GJ 3138,3.23,0.9969486348916092,0.32,134.29000000000002,0.698,3717.0,0.6810000000000002,2.27,0.28559022473168183
GJ 317 b,GJ 317,13.3,1.0508216248317612,0.0826,283.9,1.138,3496.0,0.4019999999999999,5.0,0.3953666057325318
GJ 328 b,GJ 328,13.3,1.0508216248317612,0.227,132.35000000000002,4.109999999999999,3897.0,0.65,4.949999999999999,0.26536593218393456
GJ 328 c,GJ 328,4.91,0.6896410412306576,0.1982999999999999,331.807,0.657,3897.0,0.65,6.81,0.3927105107016082
GJ 3293 b,GJ 3293,5.19,0.6549259677397475,0.06,290.61,0.14339,3466.0,0.4199999999999999,6.283,0.6892907078181439
GJ 3293 c,GJ 3293,4.87,0.6931471805599453,0.11,176.33,0.36175,3466.0,0.4199999999999999,5.98,0.36505037636940396
GJ 3293 d,GJ 3293,2.67,1.1600209167967532,0.12,301.202,0.1939399999999999,3466.0,0.4199999999999999,3.221,0.7706861888147434
GJ 3293 e,GJ 3293,1.63,1.6409365794934714,0.21,371.9,0.08208,3466.0,0.4199999999999999,4.170000000000001,0.5575612859666558
GJ 3323 b,GJ 3323,1.23,1.9401794743463283,0.23,343.81000000000006,0.03282,3159.0,0.164,5.991999999999999,0.6284551640249353
GJ 3323 c,GJ 3323,1.32,1.874874375938561,0.17,176.07,0.1264,3159.0,0.164,5.574,0.5369626542131964
GJ 3341 b,GJ 3341,2.46,1.235471471385307,0.31,395.58,0.089,3526.0,0.4699999999999999,3.538,0.4387219038831381
GJ 338 B b,GJ 338 B,3.25,0.9932517730102834,0.109,391.0,0.142,4014.0,0.64,4.0,0.43087450006341554
GJ 341 b,GJ 341,0.88,1.269760544863939,0.0,629.0,0.102,3770.0,0.48,3.152,0.4930723728644082
GJ 3470 b,GJ 3470,4.57,0.5877866649021191,0.017,593.5,0.0354999999999999,3600.0,0.539,1.65,0.3121789828531099
GJ 3473 b,GJ 3473,1.264,1.7967470107390942,0.0,773.0,0.01589,3347.0,0.36,3.608,0.45159603240413526
GJ 3473 c,GJ 3473,2.63,1.175573329804238,0.0,329.1,0.0876,3347.0,0.36,3.682,0.5850096108804085
GJ 357 b,GJ 357,1.2,1.88706964903238,0.0434,518.0,0.036,3505.0,0.342,6.054,0.5257419047919937
GJ 357 c,GJ 357,1.66,1.6253112615903906,0.0328,401.2,0.061,3505.0,0.342,5.686000000000001,0.5572723331582271
GJ 357 d,GJ 357,2.34,1.2864740258376797,0.2894,219.6,0.204,3505.0,0.342,2.144,0.7376459557566661
GJ 3634 b,GJ 3634,2.83,1.1118575154181305,0.08,695.5,0.0287,3517.0,0.45,5.0,0.3190699032675645
GJ 367 b,GJ 367,0.699,2.4159137783010487,0.06,1365.0,0.00709,3522.0,0.455,6.029,0.35948320875288753
GJ 367 c,GJ 367,1.86,1.5107219394949427,0.09,482.73,0.102,3522.0,0.455,2.896,0.5507334121417383
GJ 367 d,GJ 367,2.33,1.2864740258376797,0.14,326.49,0.102,3522.0,0.455,4.626,0.5489295158297838
GJ 3779 b,GJ 3779,2.75,1.1346227261911428,0.07,498.91,0.026,3324.0,0.27,4.324,0.37129755356449795
GJ 3929 b,GJ 3929,1.09,2.1162555148025524,0.0,568.0,0.0252,3384.0,0.313,7.1,0.5118169763312569
GJ 3929 c,GJ 3929,2.26,1.3137236682850553,0.0,317.0,0.081,3384.0,0.313,7.1,0.6629273680212637
GJ 393 b,GJ 393,1.17,1.927164106234258,0.1102399999999999,485.0,0.05402,3579.0,0.426,4.907,0.5294058532419597
GJ 3942 b,GJ 3942,2.57,1.1969481893889715,0.121,590.0,0.0608,3867.0,0.63,2.73,0.35562016295060417
GJ 3988 b,GJ 3988,1.74,1.578978704949392,0.0,348.0,0.0405,3273.0,0.1842,5.369,0.6138978810589679
GJ 3998 b,GJ 3998,1.39,1.8115620965242347,0.0,666.9,0.03,3726.0,0.52,8.38,0.47691525376371907
GJ 3998 c,GJ 3998,2.5,1.2237754316221157,0.0,389.9,0.09,3726.0,0.52,8.38,0.4547005540530959
GJ 3998 d,GJ 3998,2.34,1.2809338454620645,0.0,289.74,0.189,3726.0,0.52,8.38,0.7484869178928284
GJ 411 b,GJ 411,1.45,1.766441661243765,0.063,349.83,0.07879,3719.0,0.3899,8.047,0.6120613637537714
GJ 414 A b,GJ 414 A,2.63,1.1939224684724346,0.45,308.6,0.2324,4120.0,0.65,12.4,0.5302567255106103
GJ 414 A c,GJ 414 A,8.4,0.4047982191204606,0.105,124.7,1.4,4120.0,0.65,12.4,0.2565872342571166
GJ 422 b,GJ 422,3.33,0.9745596399981308,0.11,385.9,0.111,3323.0,0.35,4.1297,0.6181098103124749
GJ 4274 b,GJ 4274,1.53,1.715598108262491,0.01868,574.4,0.0153,3228.0,0.18,0.12,0.45276086938377025
GJ 4274 c,GJ 4274,2.83,1.1085626195212777,0.18673,158.88000000000002,0.186,3228.0,0.18,0.12,0.2723717596825146
GJ 4276 b,GJ 4276,4.22,0.7929925155296614,0.37,389.25,0.082,3387.0,0.406,6.9,0.4042817411464149
GJ 433 b,GJ 433,2.33,1.289232648276759,0.04,549.13,0.062,3461.0,0.48,5.7780000000000005,0.4403223272098006
GJ 433 d,GJ 433,2.14,1.3686394258811698,0.07,322.89,0.178,3461.0,0.48,4.98,0.7874917751731267
GJ 436 b,GJ 436,4.17,1.0296194171811583,0.13827,686.0,0.0291,3586.11,0.4699999999999999,6.0,0.2952591550071544
GJ 463 b,GJ 463,13.1,1.2919836816486496,0.146,256.776,3.53,3563.0,0.486,5.2747,0.40199158024485593
GJ 480 b,GJ 480,3.69,0.8919980393051105,0.1,411.187,0.068,3381.0,0.45,3.4610000000000007,0.3929889251617412
GJ 486 b,GJ 486,1.289,2.0360119837525,0.00086,696.3,0.01714,3317.0,0.312,4.0,0.47791307097491453
GJ 514 b,GJ 514,2.13,1.3762440252663892,0.45,202.0,0.4219999999999999,3728.0,0.51,0.8,0.542632528114369
GJ 536 b,GJ 536,2.41,1.252762968495368,0.0,451.0,0.0668,3641.0,0.528,4.2,0.4277939621705511
GJ 536 c,GJ 536,2.3,1.297463147413275,0.0,290.5,0.1617,3641.0,0.528,4.2,0.7008005179684904
GJ 581 b,GJ 581,4.79,0.7030975114131134,0.0342,469.09,0.0399,3500.0,0.295,4.3,0.3684544230206988
GJ 581 c,GJ 581,2.5,1.2208299213923592,0.032,375.9,0.0718,3500.0,0.295,4.3,0.5202732464228006
GJ 581 e,GJ 581,1.38,1.8229350866965048,0.012,603.75,0.02799,3500.0,0.295,4.3,0.5043827657179591
GJ 625 b,GJ 625,1.49,1.7369512327330598,0.13,307.62,0.078361,3499.0,0.3,5.656000000000001,0.7186631034362474
GJ 649 b,GJ 649,10.8,0.3060130291365043,0.083,311.06,1.112,3734.0,0.51,0.44,0.32908002981198936
GJ 667 C b,GJ 667 C,2.25,1.3190856114264409,0.2,717.515,0.050431,3350.0,0.33,2.0,0.3879236820721446
GJ 667 C c,GJ 667 C,1.77,1.5623463049002495,0.02,455.4,0.125,3350.0,0.33,2.0,0.7453523555053181
GJ 667 C e,GJ 667 C,1.45,1.769854633840005,0.02,325.41,0.213,3350.0,0.33,2.0,0.7506160424470842
GJ 667 C f,GJ 667 C,1.45,1.769854633840005,0.03,334.11,0.156,3350.0,0.33,2.0,0.857630785540363
GJ 667 C g,GJ 667 C,1.99,1.43746264769429,0.08,255.66,0.549,3350.0,0.33,2.0,0.5293030657766561
GJ 674 b,GJ 674,3.33,0.9745596399981308,0.2,489.4,0.039,3600.0,0.35,0.55,0.3153370413998993
GJ 676 A b,GJ 676 A,12.8,1.7613002617433464,0.319,251.99,1.7350000000000003,3734.0,0.626,6.4607,0.3826597228049896
GJ 676 A d,GJ 676 A,1.78,1.551808799597464,0.192,727.4,0.039,3734.0,0.626,4.3580000000000005,0.389000602256492
GJ 676 A e,GJ 676 A,2.47,1.2325602611778486,0.152,361.68,0.181,3734.0,0.626,4.89,0.4911096084496468
GJ 682 b,GJ 682,1.93,1.4724720573609429,0.08,356.283,0.08,3028.0,0.27,5.9377,0.6404539647924558
GJ 682 c,GJ 682,2.89,1.091923300517313,0.1,319.837,0.176,3028.0,0.27,4.4907,0.3756917948931396
GJ 685 b,GJ 685,2.95,1.075002423028976,0.0,418.383,0.1344,3816.0,0.55,3.469,0.4739569295855796
GJ 687 b,GJ 687,4.32,0.7747271675523681,0.17,347.16,0.163,3413.0,0.4,5.647,0.6243118298643309
GJ 687 c,GJ 687,4.14,0.8064758658669486,0.4,252.272,1.165,3413.0,0.4,5.184699999999999,0.3924161000007897
GJ 720 A b,GJ 720 A,3.77,0.8754687373538999,0.12,401.0,0.119,3837.0,0.57,3.507999999999999,0.4112163341115839
GJ 724 b,GJ 724,3.27,0.9895411936137476,0.577,611.0,0.04685,3799.0,0.5271,5.08,0.2727403392748977
GJ 740 b,GJ 740,1.53,1.7119945007591926,0.24,829.0,0.029,3913.0,0.58,2.378,0.39691833191069964
GJ 806 b,GJ 806,1.331,1.6863989535702286,0.0214,940.0,0.01406,3600.0,0.413,5.0,0.4093018149069067
GJ 806 c,GJ 806,2.28,1.3056264580524355,0.07024,490.0,0.0523,3600.0,0.413,5.0,0.42254920946369334
GJ 832 b,GJ 832,13.8,0.5056120567131033,0.05,81.88,3.7,3472.0,0.45,8.1,0.2796788142740896
GJ 849 b,GJ 849,13.9,0.4580575582273349,0.029,262.64,2.3199999999999994,3467.0,0.45,3.0,0.41919282081278597
GJ 86 b,GJ 86,12.9,1.5260563034950494,0.04,726.5,0.11,5182.0,0.9300000000000002,11.3,0.26985192405504765
GJ 876 b,GJ 876,13.3,0.9895411936137476,0.0324,453.0,0.208317,3293.74,0.32,1.0,0.4620074862769506
GJ 876 c,GJ 876,14.0,0.3750059006234558,0.25591,681.1,0.12959,3293.74,0.32,1.0,0.5217745157198953
GJ 876 d,GJ 876,2.51,1.2149127443642704,0.207,1056.585,0.02080665,3293.74,0.32,1.0,0.2421472668765931
GJ 876 e,GJ 876,3.92,0.8458682675776092,0.055,307.69,0.3343,3293.74,0.32,1.0,0.37120862398930077
GJ 887 b,GJ 887,1.8,1.541159071680806,0.14,426.0,0.0683,3688.0,0.495,2.9,0.4865515972267809
GJ 887 c,GJ 887,2.43,1.249901736214336,0.17,320.0,0.121,3688.0,0.495,2.9,0.5612103031731103
GJ 887 d,GJ 887,2.34,1.2864740258376797,0.211,241.0,0.212,3688.0,0.495,2.9,0.7974676434645147
GJ 887 e,GJ 887,1.12,1.9035989509835904,0.0524,544.0,0.0417,3688.0,0.495,2.9,0.5075579046854215
GJ 896 A b,GJ 896 A,13.3,0.9858167945227652,0.35,250.38,0.63965,3345.0,0.43599,3.98,0.3734936625432183
GJ 9066 c,GJ 9066,9.6,0.3471295310952009,0.46,299.0,0.8800000000000001,3154.0,0.15,4.1621,0.3265404471325156
GJ 9404 b,GJ 9404,3.48,0.9360933591703346,0.49,711.5,0.0943,3811.0,0.62,5.661,0.27333578188457935
GJ 96 b,GJ 96,4.67,0.7227059828014898,0.44,399.5,0.291,3785.0,0.6000000000000001,5.38,0.546043137200569
GJ 9689 b,GJ 9689,3.07,1.0402767116551463,0.29,453.04,0.1139,3836.0,0.5900000000000001,8.9,0.3789654560401986
GJ 9773 b,GJ 9773,14.2,0.2859305394129746,0.218,494.992,2.921,3528.0,0.358,4.859999999999999,0.2459277775621208
GJ 9827 b,GJ 9827,1.44,2.1813210055010064,0.0,1035.01,0.0189,4236.0,0.62,5.465,0.42876107527498336
GJ 9827 c,GJ 9827,1.13,2.097035850080787,0.0,715.94,0.0395,4236.0,0.62,5.465,0.48106499107329154
GJ 9827 d,GJ 9827,1.98,1.2556160374777745,0.0,675.0,0.053,4236.0,0.62,5.465,0.4054800790285857
Gaia-1 b,Gaia-1,13.77583728,0.7514160886839212,0.073853,1159.07,0.04047,5470.0,0.949,6.09,0.21884483806045044
Gaia-2 b,Gaia-2,14.81827249,0.3639484279052307,0.0749,1213.23,0.0467,5720.0,1.0,5.714,0.21513877547555993
Gaia-4 b,Gaia-4,12.4,2.468099531471619,0.338,438.9,0.102,4034.0,0.644,6.8,0.3138650875062025
Gaia22dkvL b,Gaia22dkvL,14.1,0.3133498192003587,0.3063099999999999,627.5319999999999,1.4,5549.0,1.145,3.8889,0.5576561855439814
Gl 378 b,Gl 378,3.66,0.9001613499442714,0.109,830.0,0.039435,3879.0,0.56,3.257,0.27042760855478126
Gl 410 b,Gl 410,2.83,1.1118575154181305,0.0798,736.17,0.0531,3842.0,0.55,0.48,0.28921839192149
Gl 49 b,Gl 49,2.24,1.3217558399823195,0.363,444.71100000000007,0.0905,3805.0,0.515,1.6035,0.4103191045780998
Gl 686 b,Gl 686,2.46,1.2383742310432684,0.05,379.0,0.091,3656.0,0.426,5.506,0.4814240675985071
Gl 725 A b,Gl 725 A,1.48,1.7422190236679187,0.0,402.92,0.068,3433.0,0.33,6.2,0.6030163225795231
Gliese 12 b,Gliese 12,0.958,1.269760544863939,0.5,314.6,0.0668,3296.0,0.2414,7.0,0.6523657807333622
HAT-P-1 b,HAT-P-1,14.784671,0.2484213584984782,0.0,1322.0,0.05561,5980.0,1.151,3.6,0.2238779547060396
HAT-P-11 b,HAT-P-11,4.36,0.775648402071689,0.251,838.0,0.05258,4653.0,0.8110000000000002,2.69,0.24707398842077555
HAT-P-12 b,HAT-P-12,10.749,0.277025492263252,0.0,963.0,0.0384,4650.0,0.7330000000000001,2.5,0.24673756056559243
HAT-P-13 b,HAT-P-13,14.258,0.2932910626146447,0.0133,1740.0,0.04383,5653.0,1.32,5.0,0.2183276910069188
HAT-P-15 b,HAT-P-15,11.88154,1.085189268335969,0.19,904.0,0.0965,5568.0,1.0,6.8,0.2295003764767231
HAT-P-16 b,HAT-P-16,14.68376472,1.247029132861847,0.0462,1566.0,0.0413,6140.0,1.218,0.5,0.1793078589229795
HAT-P-17 b,HAT-P-17,11.76945,0.3646431135879092,0.35,800.0,0.0892,5246.0,0.99,7.0,0.2299254766425313
HAT-P-18 b,HAT-P-18,11.153,0.2231435513142097,0.084,852.0,0.0559,4803.0,0.77,12.4,0.2214900403921085
HAT-P-19 b,HAT-P-19,11.29865255,0.2889312918522129,0.07,981.2,0.04599,4962.0,0.8069999999999999,7.2,0.2346933451148923
HAT-P-2 b,HAT-P-2,10.659759,2.115049969147204,0.5172,1540.0,0.06814,6380.0,1.33,1.44,0.14048670454006532
HAT-P-2 c,HAT-P-2,12.4,2.379546134130174,0.37,889.3,0.102,6412.0,1.33,1.44,0.1885676021233823
HAT-P-20 b,HAT-P-20,9.718,2.6932749155200555,0.015,970.0,0.0361,4595.0,0.756,6.7,0.2422150570865968
HAT-P-21 b,HAT-P-21,12.44199,1.533373165506286,0.23,1367.0,0.05037,5588.0,1.2400000000000002,10.2,0.17312594242175167
HAT-P-22 b,HAT-P-22,12.89035,1.144222799920162,0.02,1463.0,0.0414,5302.0,1.13,12.4,0.19043478959252225
HAT-P-23 b,HAT-P-23,15.334,0.6981347220709844,0.106,2056.0,0.0232,5905.0,1.13,4.0,0.19950857429841642
HAT-P-24 b,HAT-P-24,14.5717,0.3646431135879092,0.07,1637.0,0.04651,6373.0,1.37,2.8,0.20202431522727896
HAT-P-25 b,HAT-P-25,12.722215,0.394067063155795,0.023,1182.0,0.0466,5519.0,1.012,3.2,0.2275822081728407
HAT-P-26 b,HAT-P-26,7.06167,0.2300063483593653,0.12,1080.0,0.04748,5079.0,1.12,9.0,0.21119303001502532
HAT-P-27 b,HAT-P-27,11.43,0.5653138090500605,0.0,1091.99,0.04,5316.0,0.916,4.4,0.23716026817235192
HAT-P-28 b,HAT-P-28,13.585,0.3646431135879092,0.051,1384.0,0.0434,5680.0,1.025,6.1,0.21445228508618977
HAT-P-29 b,HAT-P-29,13.11453,0.5369856469874391,0.09,1281.0,0.0667,6087.0,1.45,2.2,0.2079046556108478
HAT-P-3 b,HAT-P-3,10.53646,0.6178846960593984,0.0,1189.0,0.03866,5185.0,1.06,1.6,0.2231771216150581
HAT-P-30 b,HAT-P-30,16.14096,0.2692634869277628,0.04,1630.0,0.0419,6304.0,1.5499999999999998,1.0,0.18781611037473578
HAT-P-31 b,HAT-P-31,12.21781,1.1568811967920856,0.25,1450.0,0.061,6065.0,1.31,3.17,0.18110193366437385
HAT-P-32 b,HAT-P-32,22.19382,0.102556588325092,0.159,1835.7,0.03397,6001.0,1.1319999999999997,2.7,0.1910887998168655
HAT-P-33 b,HAT-P-33,20.73665,0.1823215567939545,0.0,1782.0,0.04995,6446.0,1.82,2.3,0.21025559289969836
HAT-P-34 b,HAT-P-34,13.417173,1.252762968495368,0.432,1520.0,0.06774,6442.0,1.392,1.7,0.15128332568519826
HAT-P-35 b,HAT-P-35,14.930388,0.4382549309311553,0.02,1581.0,0.04978,6096.0,1.2359999999999998,3.5,0.21483072296977682
HAT-P-36 b,HAT-P-36,14.313893,0.7770286645406475,0.063,1780.97,0.0241,5620.0,1.03,6.6,0.20861011590091336
HAT-P-37 b,HAT-P-37,13.204,0.636576829071551,0.058,1271.0,0.0379,5500.0,0.929,3.6,0.2168351773759398
HAT-P-38 b,HAT-P-38,9.247,0.4637340162321401,0.067,1082.0,0.0523,5330.0,0.886,10.1,0.21266182064657035
HAT-P-39 b,HAT-P-39,17.609,0.173953307123438,0.0,1752.0,0.0509,6430.0,1.404,2.0,0.21377438143030555
HAT-P-4 b,HAT-P-4,14.28,0.3386128011203239,0.0,1686.0,0.04438,5860.0,1.248,3.9,0.21988386303315632
HAT-P-40 b,HAT-P-40,17.03768,0.1397619423751586,0.0,1770.0,0.0608,6080.0,1.03,2.7,0.21782618369239082
HAT-P-42 b,HAT-P-42,14.348,0.4762341789963716,0.0,1428.0,0.0574999999999999,5743.0,1.178,5.2,0.22302787803312923
HAT-P-43 b,HAT-P-43,13.63,0.3293037471426004,0.0,1353.0,0.0444,5693.0,1.03,5.7,0.22472609819698847
HAT-P-44 b,HAT-P-44,13.922,0.2070141693843261,0.044,1108.0,0.0507,5295.0,0.942,7.5,0.22843717443429415
HAT-P-44 c,HAT-P-44,13.0,1.430311246536665,0.494,197.57,1.7520000000000002,5295.0,0.942,7.5,0.42271198154029266
HAT-P-45 b,HAT-P-45,15.984,0.3220834991691133,0.049,1652.0,0.0452,6330.0,1.259,2.0,0.2062169572029362
HAT-P-46 b,HAT-P-46,14.392,0.2468600779315258,0.123,1458.0,0.0577,6120.0,1.284,2.5,0.19799659011998472
HAT-P-49 b,HAT-P-49,17.82231,0.5596157879354227,0.0,2131.0,0.04378,6820.0,2.22,1.5,0.18988416676299405
HAT-P-5 b,HAT-P-5,13.56289,0.5118668814689813,0.0,1517.0,0.04073,5960.0,1.04,2.6,0.22037468706997343
HAT-P-50 b,HAT-P-50,14.437192,0.5766133643039938,0.115,1862.0,0.0453,6280.0,1.2729999999999997,3.37,0.19484614209240037
HAT-P-51 b,HAT-P-51,13.50682174,0.1972101692877053,0.07,1168.2,0.05042,5453.0,0.961,8.1,0.21915940131515674
HAT-P-52 b,HAT-P-52,11.309881,0.6830968447064438,0.047,1218.0,0.03694,5131.0,0.887,9.4,0.21064407054546153
HAT-P-53 b,HAT-P-53,14.773462,0.5877866649021191,0.134,1778.0,0.03159,5956.0,1.0929999999999995,4.67,0.1953637178671841
HAT-P-54 b,HAT-P-54,10.581296,0.7504722471792148,0.074,818.0,0.04117,4390.0,0.645,3.9,0.2534878846270059
HAT-P-55 b,HAT-P-55,14.84069045,0.2761154360803154,0.17,1367.0,0.04628,5804.0,1.028,5.3,0.19515042231059626
HAT-P-56 b,HAT-P-56,16.92559,0.5596157879354227,0.29,1840.0,0.0423,6566.0,1.4199999999999997,2.01,0.16750280668994258
HAT-P-58 b,HAT-P-58,14.93036229,0.1773090149704103,0.073,1622.0,0.04994,6078.0,1.031,7.11,0.2049598729982952
HAT-P-59 b,HAT-P-59,12.58768533,0.8531379168688864,0.03,1277.8,0.05064,5678.0,1.008,7.3,0.22141778280696056
HAT-P-6 b,HAT-P-6,16.58932,0.4434029474485566,0.0,1675.0,0.05239,6570.0,1.79,2.3,0.209220279150302
HAT-P-60 b,HAT-P-60,18.28184752,0.151862349309246,0.25,1772.0,0.06277,6212.0,1.435,2.765,0.1770887456339292
HAT-P-61 b,HAT-P-61,10.07687365,1.0296194171811583,0.113,1505.0,0.0301,5587.0,1.004,2.6,0.2021539607589753
HAT-P-62 b,HAT-P-62,12.02723629,0.5709795465857378,0.101,1512.0,0.03772,5629.0,1.023,8.1,0.2032488831794544
HAT-P-63 b,HAT-P-63,12.5428494,0.4317824164255378,0.069,1237.0,0.04294,5400.0,0.925,9.0,0.2095806194680187
HAT-P-64 b,HAT-P-64,19.08889413,0.1345308929576061,0.101,1766.0,0.05387,6457.0,1.2980000000000005,2.88,0.19506636095340799
HAT-P-65 b,HAT-P-65,18.05766791,0.151862349309246,0.304,1818.0,0.04042,5872.0,1.2970000000000002,3.9,0.17378009885523787
HAT-P-66 b,HAT-P-66,17.82231,0.216722983511287,0.09,1896.0,0.04363,6002.0,1.255,4.66,0.20168692803793917
HAT-P-68 b,HAT-P-68,12.016048,0.5463857991645416,0.041,1027.8,0.02996,4508.0,0.6785000000000001,11.1,0.2083764292506412
HAT-P-69 b,HAT-P-69,18.786284,0.7030975114131134,0.0,1930.0,0.06555,7394.0,1.648,1.27,0.18220570033378863
HAT-P-8 b,HAT-P-8,15.6926,0.5221476866317944,0.0,1713.0,0.04496,6200.0,1.27,3.4,0.21663936917798907
HAT-P-9 b,HAT-P-9,15.614137,0.29416103854949,0.084,1540.0,0.05287,6350.0,1.2809999999999997,1.6,0.19265346779940945
HATS-1 b,HATS-1,14.594,0.708035793053696,0.12,1359.0,0.0444,5870.0,0.986,6.0,0.20248924748233105
HATS-10 b,HATS-10,10.861521,0.5306282510621704,0.501,1407.0,0.0449099999999999,5880.0,1.101,3.3,0.15938420826982191
HATS-11 b,HATS-11,18.03,0.2738366656297278,0.34,1596.0,0.0507,6563.0,1.33,7.7,0.1634926343260182
HATS-12 b,HATS-12,7.76,0.7514160886839212,0.085,1446.0,0.0441,6357.0,1.16,2.36,0.2005573000141044
HATS-13 b,HATS-13,13.585308,0.3199072197465178,0.181,1244.0,0.04057,5523.0,0.962,2.5,0.19938983756406897
HATS-14 b,HATS-14,11.646151,0.7843580606133295,0.142,1276.0,0.03815,5346.0,0.967,4.9,0.20253994514842316
HATS-15 b,HATS-15,12.385945,1.0885619528146082,0.126,1505.0,0.02712,5311.0,0.8709999999999999,11.0,0.1798426032736916
HATS-16 b,HATS-16,14.5717,1.0508216248317612,0.0,1592.0,0.03744,5738.0,0.97,9.5,0.21111651330748343
HATS-17 b,HATS-17,8.709393,1.5040773967762742,0.029,814.0,0.1308,5846.0,1.131,2.1,0.2714042056546359
HATS-18 b,HATS-18,14.896761,0.7499527543813974,0.166,2069.48,0.0174,5600.0,1.037,4.2,0.19166703149557618
HATS-2 b,HATS-2,12.57647635,0.7915616280448718,0.0,1550.0,0.02317,5227.0,0.904,7.2,0.22123433069027276
HATS-22 b,HATS-22,10.682177,1.587192303486781,0.079,858.0,0.05025,4803.0,0.7590000000000001,6.812,0.25053135578176555
HATS-23 b,HATS-23,20.84874,0.2546422183735807,0.114,1654.0,0.03397,5780.0,1.121,4.2,0.2001363058558156
HATS-24 b,HATS-24,15.636555,0.708035793053696,0.0,2166.0,0.0238,6125.0,1.07,3.7,0.2167744169204815
HATS-25 b,HATS-25,14.12334,0.3220834991691133,0.176,1277.0,0.05163,5715.0,0.994,7.5,0.19747896978940474
HATS-26 b,HATS-26,19.61575,0.1423672412869219,0.245,1918.0,0.04735,6071.0,1.299,4.04,0.17875982076329514
HATS-27 b,HATS-27,16.8135,0.1655144384775733,0.581,1659.0,0.0611,6438.0,1.415,2.3,0.1453728692003718
HATS-28 b,HATS-28,13.383546,0.3920420877760237,0.202,1253.0,0.04131,5498.0,0.929,6.2,0.19528247302644702
HATS-29 b,HATS-29,14.022459,0.3442986728706769,0.158,1212.0,0.05475,5670.0,1.032,5.5,0.20309162342251735
HATS-3 b,HATS-3,15.48,0.412109650826833,0.0,1648.0,0.0485,6351.0,1.209,3.2,0.21530962752920688
HATS-30 b,HATS-30,13.170575,0.4337285733810238,0.096,1414.0,0.04354,5943.0,1.0929999999999995,2.3,0.20462955861372356
HATS-31 b,HATS-31,18.38276,0.217527812528574,0.233,1823.0,0.0478,6050.0,1.275,4.3,0.1806933033060845
HATS-32 b,HATS-32,14.000041,0.4574248470388754,0.471,1437.0,0.04024,5700.0,1.099,3.5,0.16202595587243757
HATS-33 b,HATS-33,13.78707,0.5822156198526637,0.08,1429.0,0.03727,5659.0,1.062,3.0,0.2085151538983246
HATS-34 b,HATS-34,16.02887,0.3364722366212129,0.108,1445.0,0.03166,5380.0,0.955,7.7,0.2037038838050252
HATS-35 b,HATS-35,16.409976,0.3947411447451887,0.306,2037.0,0.03199,6300.0,1.3169999999999995,2.13,0.16899276869325489
HATS-36 b,HATS-36,12.92,1.1378330018213914,0.105,1203.0,0.0523,5950.0,1.1,0.62,0.181344631186463
HATS-37 A b,HATS-37 A,6.792654,0.4382549309311553,0.0,1085.0,0.04913,5326.0,0.8430000000000001,11.46,0.21758434399931748
HATS-38 b,HATS-38,6.882326,0.3386128011203239,0.0,1294.0,0.05036,5732.0,0.89,11.89,0.20167661720417296
HATS-39 b,HATS-39,17.59813,0.1839868361130158,0.275,1645.0,0.06007,6572.0,1.379,2.06,0.1699475258386589
HATS-4 b,HATS-4,11.433,0.9360933591703346,0.013,1315.0,0.0362,5403.0,1.001,2.1,0.22358472119801154
HATS-40 b,HATS-40,17.71022,0.3987761199573678,0.312,2101.0,0.04997,6460.0,1.561,2.07,0.1655346122936775
HATS-41 b,HATS-41,14.90797,1.8082887711792648,0.38,1710.0,0.0583,6424.0,1.496,1.34,0.1476754020962853
HATS-42 b,HATS-42,15.6926,0.6043159668533296,0.229,1856.0,0.03689,6060.0,1.2729999999999997,3.26,0.18101538378841595
HATS-43 b,HATS-43,13.22662,0.174793290373163,0.173,1003.0,0.04944,5099.0,0.8370000000000001,8.6,0.213050172803545
HATS-44 b,HATS-44,11.960003,0.4446858212614457,0.279,1161.0,0.03649,5080.0,0.86,9.7,0.17775851035986917
HATS-45 b,HATS-45,14.414774,0.3435897043900769,0.24,1518.0,0.05511,6450.0,1.2720000000000002,1.52,0.16730356896763354
HATS-46 b,HATS-46,10.121727,0.2468600779315258,0.559,1054.0,0.05367,5495.0,0.917,3.0,0.17475294604953284
HATS-47 b,HATS-47,12.520453,0.2859305394129746,0.088,852.9,0.04269,4512.0,0.6739999999999999,8.1,0.24553381595337137
HATS-48 A b,HATS-48 A,8.9672,0.4631048875545789,0.162,954.6,0.03769,4546.0,0.7279,11.97,0.192390921690622
HATS-49 b,HATS-49,8.574885,0.6861225656229808,0.071,834.8,0.04515,4405.0,0.7133,10.5,0.23443765095297892
HATS-5 b,HATS-5,10.223,0.3293037471426004,0.019,1025.0,0.0542,5304.0,0.9360000000000002,3.6,0.24100294902890093
HATS-50 b,HATS-50,12.66617,0.2851789422336624,0.516,1275.39,0.0504599999999999,5990.0,1.168,1.2,0.14467807626794688
HATS-51 b,HATS-51,15.80469,0.2926696139628199,0.33,1553.0,0.04639,5758.0,1.187,4.74,0.17306041669790156
HATS-52 b,HATS-52,15.490838,0.7227059828014898,0.246,1834.0,0.02498,6010.0,1.111,1.2,0.16340006373348587
HATS-53 b,HATS-53,15.02006,0.264669298142708,0.33,1312.0,0.04753,5644.0,0.964,9.0,0.1711652632180087
HATS-54 b,HATS-54,11.37711541,0.5709795465857378,0.0,1429.0,0.037,5621.0,1.05,7.96,0.22286566668685776
HATS-55 b,HATS-55,14.022459,0.461845441544272,0.092,1367.0,0.05412,6214.0,1.1955,0.4,0.1717122982436114
HATS-56 b,HATS-56,18.920792,0.1441003439737568,0.019,1902.0,0.06043,6536.0,1.573,1.894,0.20527049429649774
HATS-57 b,HATS-57,12.767051,1.2947271675944,0.028,1413.4,0.03493,5587.0,1.026,2.5,0.21829953336003025
HATS-58 A b,HATS-58 A,12.273855,0.6729444732424258,0.168,1721.0,0.05798,7175.0,1.461,0.31,0.13999528402052014
HATS-59 b,HATS-59,12.621334,0.5306282510621704,0.129,1128.0,0.0611199999999999,5670.0,1.038,4.3,0.21271720750407155
HATS-59 c,HATS-59,12.3,2.5572273113676265,0.083,175.9,2.5040000000000004,5670.0,1.038,4.3,0.36662114846430754
HATS-6 b,HATS-6,11.186582,0.3357576956833441,0.0,712.8,0.03623,3724.0,0.574,8.1,0.27607104685372874
HATS-60 b,HATS-60,12.923977,0.4298324645564588,0.191,1528.0,0.04708,5688.0,1.097,7.55,0.19012189906357305
HATS-61 b,HATS-61,13.394755,1.244154593958768,0.092,1226.1,0.07908,5542.0,1.076,8.9,0.2069141981835365
HATS-62 b,HATS-62,11.825495,0.0732504617395926,0.298,1237.0,0.04163,5416.0,0.8960000000000001,9.55,0.17393173263222428
HATS-63 b,HATS-63,13.529263,0.5128236264286637,0.136,1398.3,0.04026,5627.0,0.931,10.3,0.18481264292210714
HATS-64 b,HATS-64,18.819911,0.2191355299166709,0.151,1793.0,0.06562,6554.0,1.564,1.861,0.18239258236724776
HATS-65 b,HATS-65,16.824709,0.262364264467491,0.062,1634.0,0.0449699999999999,6277.0,1.2569999999999997,1.78,0.200251386483091
HATS-66 b,HATS-66,15.815899,1.205970806988609,0.064,1998.0,0.04714,6626.0,1.411,2.17,0.1983046407932709
HATS-67 b,HATS-67,18.887165,0.3177261938001576,0.057,2193.0,0.03032,6594.0,1.435,0.51,0.169922064840827
HATS-68 b,HATS-68,13.809488,0.6184236343640088,0.036,1741.0,0.05071,6147.0,1.351,3.02,0.21031182796584513
HATS-69 b,HATS-69,10.592505,0.3784364357202451,0.519,1295.7,0.03211,5137.0,0.8920000000000001,8.0,0.16113707731838697
HATS-7 b,HATS-7,6.310667,0.6043159668533296,0.17,1084.0,0.04012,4985.0,0.8489999999999999,7.8,0.21273665475115955
HATS-71 b,HATS-71,11.478016,0.3506568716131693,0.0,586.8,0.03745,3405.0,0.4861,3.2,0.31030050835833656
HATS-72 b,HATS-72,8.0973816,0.3442986728706769,0.013,739.3,0.0665169999999999,4656.1,0.7311,12.17,0.25776518497436773
HATS-74 A b,HATS-74 A,11.56766808,0.9707789171582246,0.044,895.1,0.02384,3776.9,0.601,11.0,0.2150370546668199
HATS-76 b,HATS-76,12.09449018,1.275362800412609,0.062,939.8,0.02658,4016.0,0.662,4.6,0.2287521148865328
HATS-77 b,HATS-77,13.05846252,0.7309245448939752,0.045,828.3,0.03607,4071.0,0.655,12.1,0.22422120979294308
HATS-8 b,HATS-8,9.785457,0.2303177550622101,0.376,1324.0,0.04667,5679.0,1.056,5.1,0.17318796351463794
HATS-9 b,HATS-9,13.85,0.4861230111256188,0.075,1746.0,0.0312,5599.0,1.1,10.8,0.18777445982517085
HD 100777 b,HD 100777,13.7,0.6070444815065336,0.38,665.2610000000001,1.06,5533.0,1.08,5.7,0.527904272263505
HD 101581 b,HIP 56998,0.956,1.824549292051045,0.007,834.0,0.046,4675.0,0.653,6.88,0.4498579327919613
HD 101581 c,HIP 56998,0.99,1.8421356765531216,0.014,747.0,0.0573,4675.0,0.653,6.88,0.4709206098555201
HD 10180 c,HD 10180,2.839553935,1.269760544863939,0.073,1049.8,0.06412,5911.0,1.06,4.3,0.2809262430075248
HD 10180 d,HD 10180,2.839553935,1.269760544863939,0.131,813.4,0.12859,5911.0,1.06,4.3,0.3070869530753506
HD 10180 e,HD 10180,5.39,0.6318035503188933,0.051,561.64,0.2699,5911.0,1.06,4.3,0.33823859118081456
HD 10180 f,HD 10180,5.24,0.6486726904581158,0.119,403.836,0.4929,5911.0,1.06,4.3,0.39137301427137317
HD 10180 g,HD 10180,2.839553935,1.269760544863939,0.263,485.5,1.427,5911.0,1.06,4.3,0.6571418403612261
HD 10180 h,HD 10180,9.4,0.3548733219921042,0.095,315.23,3.381,5911.0,1.06,4.3,0.37859676026279643
HD 101930 b,HD 101930,10.6,0.3126185577418125,0.11,396.248,0.3,5108.0,0.57,1.0,0.3687207430961566
HD 102117 b,HD 102117,8.47,0.3981047537018719,0.12,749.9,0.15,5655.0,1.06,10.0,0.2548880746094043
HD 102195 b,HD 102195,14.2,0.2231435513142097,0.0,1067.1,0.05,5301.0,0.76,2.4,0.24100367957935043
HD 102365 b,HD 102365,4.14,0.8064758658669486,0.34,426.3,0.4600000000000001,5630.0,0.8500000000000001,9.0,0.39113388373920854
HD 102843 b,HD 102843,13.1,0.245296355955343,0.11,175.82,4.074,5436.0,0.95,6.664,0.3334023330933251
HD 102956 b,HD 102956,13.8,0.4934759854308777,0.037,1535.846,0.0807,4985.0,1.6599999999999997,2.3,0.21022858186501012
HD 103197 b,HD 103197,5.83,0.5838901946229959,0.0,427.6,0.25,5250.0,0.8,9.1,0.38845086617547586
HD 103720 b,HD 103720,14.1,0.3264219007677115,0.086,972.89,0.0498,5017.0,0.7940000000000002,3.8,0.23378890185474738
HD 103774 b,HD 103774,13.3,0.239803992207317,0.09,1462.6,0.07,6489.0,1.335,1.05,0.1798059745331559
HD 103891 b,HD 103891,13.2,1.1600209167967532,0.31,192.01,3.27,6072.0,1.2800000000000002,3.68,0.6842549259849655
HD 103949 b,HD 103949,3.35,0.9707789171582246,0.19,290.32,0.4389999999999999,4792.0,0.77,5.788,0.6639185259685655
HD 104067 b,HD 104067,9.2,0.3632532592988549,0.123,408.5220000000001,0.2674,4952.0,0.8200000000000001,4.33,0.3999147140017421
HD 104067 c,HD 104067,3.69,0.8919980393051105,0.29,713.8199999999999,0.1057999999999999,4952.0,0.8200000000000001,4.33,0.2854521267925798
HD 10442 b,HD 10442,13.6,0.708035793053696,0.132,542.4,2.01,4912.0,1.01,10.65,0.5971701529294586
HD 105618 b,HD 105618,5.44,0.6248683398066509,0.455,931.4,0.091,5671.0,1.01,8.506000000000002,0.2019712849250085
HD 105779 b,HD 105779,14.1,0.3357576956833441,0.0,76.88,3.38,5792.0,0.89,7.54,0.3124572349428342
HD 106252 b,HD 106252,12.5,2.2965670206684825,0.48,618.801,2.655,5874.0,1.05,3.0,0.2840578734613123
HD 106270 b,HD 106270,12.4,2.4336133554004498,0.185,536.0,3.3400000000000003,5509.0,1.3899999999999997,4.3,0.6120199943996184
HD 106315 b,HD 106315,2.44,1.7404661748405044,0.093,1153.0,0.0907,6327.0,1.091,4.48,0.32306418225282885
HD 106315 c,HD 106315,4.35,0.6981347220709844,0.22,886.0,0.1536,6327.0,1.091,4.48,0.2407689774776846
HD 10647 b,HD 10647,13.8,0.4855078157817007,0.15,562.302,2.015,6218.0,1.11,1.4,0.5214091431957067
HD 10697 b,HD 10697,12.8,1.754403682684286,0.104,275.333,2.051,5641.0,0.99,6.98,0.7638149390012459
HD 107148 b,HD 107148,9.6,0.3471295310952009,0.05,583.1809999999999,0.269,5797.0,1.12,5.6,0.32707682146824407
HD 107148 c,HD 107148,4.7,0.7178397931503169,0.34,793.8,0.1407,5752.92,1.105215,5.6,0.24882164666402456
HD 108147 b,HD 108147,10.9,0.3015849776207723,0.53,890.0,0.102,6255.73,1.22,3.2,0.19060633187015447
HD 108202 b,HD 108202,13.1,1.2029723039923526,0.52,177.66000000000005,3.7,4556.03,0.74,6.5,0.28483226194534794
HD 108236 b,HD 108236,1.615,1.6544112780768316,0.045,1099.0,0.04527,5660.0,0.8690000000000001,6.7,0.39518610305684576
HD 108236 c,HD 108236,2.071,1.4011829736136412,0.034,932.0,0.062,5660.0,0.8690000000000001,6.7,0.358561240762732
HD 108236 e,HD 108236,3.083,1.0367368849500225,0.058,636.0,0.1367,5660.0,0.8690000000000001,6.7,0.34176448295900175
HD 108236 f,HD 108236,2.017,1.425515074273172,0.051,580.1,0.1758,5660.0,0.8690000000000001,6.7,0.4402252579111616
HD 108874 b,HD 108874,13.6,0.6861225656229808,0.13,573.3610000000001,1.04,5600.0,1.1,8.0,0.5772025359808316
HD 108874 c,HD 108874,13.8,0.5056120567131033,0.239,144.96,2.659,5551.0,0.95,8.0,0.29762981498328045
HD 109246 b,HD 109246,13.9,0.4440445900756395,0.12,618.9010000000001,0.33,5844.0,1.2,3.763,0.31988532213126464
HD 109271 b,HD 109271,4.31,0.7793248768009976,0.25,1085.599,0.079,5783.0,1.0469999999999997,7.3,0.21898868154211765
HD 109271 c,HD 109271,5.27,0.645531326618282,0.15,705.422,0.196,5783.0,1.0469999999999997,7.3,0.28447115717521926
HD 109286 b,HD 109286,13.2,1.184789984909162,0.338,259.4,1.259,5694.0,0.98,8.129000000000001,0.7457785810057705
HD 109749 b,HD 109749,11.1,0.2963940130538024,0.0,1264.876,0.0615,5824.0,1.13,3.3,0.22718663554728463
HD 109833 b,HD 109833,2.888,1.091923300517313,0.18,786.0,0.102,5881.0,1.08,0.027,0.252109312925485
HD 109833 c,HD 109833,2.59,1.1878434223960523,0.3,756.7,0.102,5881.0,1.08,0.027,0.2584782812145156
HD 110067 b,HD 110067,2.2,1.3711807233098423,0.0551,800.0,0.0793,5266.0,0.798,8.1,0.3658490423113488
HD 110067 c,HD 110067,2.388,1.269760544863939,0.0588999999999999,699.0,0.1039,5266.0,0.798,8.1,0.3675008504729954
HD 110067 d,HD 110067,2.852,1.1052568313867783,0.0701,602.0,0.1362,5266.0,0.798,8.1,0.3601991407300585
HD 110067 e,HD 110067,1.94,1.269760544863939,0.1002,533.0,0.1785,5266.0,0.798,8.1,0.44612019416965987
HD 110067 f,HD 110067,2.601,0.9439058989071286,0.0583,489.0,0.2163,5266.0,0.798,8.1,0.4064912063476348
HD 110067 g,HD 110067,2.607,1.269760544863939,0.0639999999999999,440.0,0.2621,5266.0,0.798,8.1,0.44712236313737247
HD 110082 b,HD 110082,3.2,1.0043016091968684,0.2,957.2,0.1129999999999999,6200.0,1.21,0.25,0.21493333238710477
HD 110113 b,HD 110113,2.05,1.3609765531356006,0.093,1371.0,0.035,5732.0,0.997,4.0,0.31574008049790636
HD 110113 c,HD 110113,2.11384817,1.9615022438151493,0.045,990.0,0.068,5732.0,0.997,4.0,0.39002174184871286
HD 111232 b,HD 111232,12.6,2.0731719286662407,0.214,327.12,2.148000000000001,5512.0,0.96,5.2,0.35321050229023987
HD 111998 b,HD 111998,12.9,1.5912739418064292,0.13,674.2,1.91,6557.0,1.4,1.7,0.548640565874351
HD 113337 b,HD 113337,13.1,1.2612978709452054,0.28,614.4,1.022,6774.0,1.41,0.15,0.30305707028507456
HD 113538 b,HD 113538,13.2,0.2413763195752694,0.14,311.46,1.2400000000000002,4462.0,0.585,4.3,0.36194867072579867
HD 113538 c,HD 113538,13.8,0.4811908186363,0.2,223.016,2.44,4462.0,0.585,4.3,0.3893125413600796
HD 114082 b,HD 114082,11.2089807,2.3905959703167587,0.395,534.9,0.5109,6651.0,1.4700000000000002,0.015,0.24639355885510408
HD 114386 b,HD 114386,13.7,0.5732368838873878,0.23,421.996,1.73,4836.0,0.6000000000000001,1.4,0.26262862273141496
HD 114729 b,HD 114729,13.9,0.4298324645564588,0.079,566.911,2.067,5844.0,0.9360000000000002,10.116,0.6116544961305328
HD 114783 b,HD 114783,13.7,0.5579000311519196,0.144,497.34,1.16,5135.0,0.853,6.0,0.5170397777985444
HD 11506 b,HD 11506,12.9,1.603419840108537,0.379,236.8940000000001,2.885,6123.0,1.22,2.5,0.5577533574842051
HD 11506 c,HD 11506,14.0,0.2271355725837472,0.228,688.9110000000001,0.7710000000000001,6123.0,1.22,2.5,0.35054510796923444
HD 115404 A b,HD 115404 A,6.09,0.5596157879354227,0.232,702.42,0.0879999999999999,5019.17,0.83,5.284999999999999,0.2691537623854868
HD 116029 b,HD 116029,13.6,0.6790482561804436,0.0,764.83,1.65,4819.0,0.83,2.7,0.3623232144887229
HD 116029 c,HD 116029,13.7,0.6221880916194514,0.038,1145.208,0.102,4951.0,1.33,2.7,0.22171286910830446
HD 117207 b,HD 117207,13.4,0.9282193027394288,0.157,223.11,3.787,5732.0,1.053,4.192,0.40356837725171074
HD 117618 b,HD 117618,8.59,0.3913661837286627,0.15,700.7,0.18,5990.0,1.077,5.6,0.27286109096819955
HD 118203 b,HD 118203,12.778238,1.0260415958332745,0.3136,1361.0,0.0713,5742.0,1.27,4.73,0.17707450966320282
HD 11964 b,HD 11964,14.1,0.3278638620846127,0.041,76.88,3.16,5303.0,0.91,7.45,0.5122467128094726
HD 11964 c,HD 11964,5.38,0.6323350411631878,0.3,695.0,0.2289999999999999,5303.0,0.91,7.45,0.26608577846490944
HD 121504 b,HD 121504,13.6,0.7178397931503169,0.03,658.9,0.33,6027.0,1.62,1.2,0.30350125494008406
HD 12235 b,HD 12235,3.23,0.9969486348916092,0.376,1429.54,0.054,5986.0,1.1,5.941999999999999,0.20093283198209844
HD 122562 c,HD 122562,10.1,0.3293037471426004,0.228,552.432,0.406,4956.0,1.241,5.5341,0.3073862475160886
HD 124330 b,HD 124330,14.0,0.3900130035492427,0.34,629.2900000000001,0.86,5873.0,1.15,6.752999999999998,0.37153829677021477
HD 12484 b,HD 12484,13.2,1.181727195378616,0.07,567.8,0.297,5920.0,1.01,4.717999999999999,0.33615940377431236
HD 125595 b,HD 125595,2.839553935,1.269760544863939,0.0,556.624,0.08,4691.0,0.2899999999999999,3.53,0.3806712493536579
HD 125612 b,HD 125612,13.2,1.181727195378616,0.446,274.67,1.3490000000000002,5900.0,1.05,1.77,0.7259826289350522
HD 125612 c,HD 125612,4.07,0.8197798314933114,0.149,1242.6,0.051,5900.0,1.05,1.77,0.21999545741836954
HD 125612 d,HD 125612,12.7,1.9629077254238845,0.115,433.3,3.982,5900.0,1.05,1.77,0.28665182150485824
HD 126525 b,HD 126525,10.3,0.3213585988111648,0.035,314.9,1.837,5638.0,0.8969999999999999,9.67,0.5541024786013684
HD 12661 b,HD 12661,13.3,1.0296194171811583,0.38,627.4010000000001,0.8400000000000001,5645.0,1.2,6.39,0.42068972472040844
HD 12661 c,HD 12661,13.2,1.1474024528375415,0.031,174.82,2.8145,5748.0,1.02,6.39,0.3633934302582076
HD 126614 b,HD 126614,12.7,0.2538667239570503,0.548,367.87,2.249,5568.0,0.96,7.2,0.3922674979569357
HD 127506 b,HD 127506,5.67,0.6010318916521397,0.24,450.24,0.287,4595.32,0.73,4.707000000000001,0.42727114440130526
HD 128311 b,HD 128311,13.5,0.8153648132841945,0.303,379.4,1.084,4965.0,0.8279999999999998,0.96,0.422429039530798
HD 128311 c,HD 128311,13.0,1.3887912413184778,0.159,318.99,1.7400000000000002,4965.0,0.8279999999999998,0.96,0.3322031983061133
HD 128356 b,HD 128356,13.9,0.456791735273505,0.57,726.2,0.87,4875.0,0.65,10.0,0.5162114675442302
HD 130322 b,HD 130322,13.7,0.5771750043075246,0.029,720.0,0.0925,5387.0,0.9200000000000002,0.35,0.2558854141004744
HD 131496 b,HD 131496,13.4,0.8372475245337022,0.181,455.1,2.01,4846.0,1.34,2.7,0.43917076813158484
HD 13167 b,HD 13167,13.1,1.2725655957915476,0.563,378.31,4.1,5671.0,1.35,5.679,0.6000359277865109
HD 132406 b,HD 132406,12.8,1.7833912195575383,0.25,255.275,1.98,5766.0,0.973,7.187,0.745386954642327
HD 132563 b,HD 132563,13.6,0.708035793053696,0.22,492.1,2.62,6289.0,1.231,2.31,0.5325984573208288
HD 133131 A b,HD 133131 A,13.6,0.6861225656229808,0.33,613.301,1.44,5799.0,0.95,9.7,0.5586350767711219
HD 133131 A c,HD 133131 A,14.3,0.223943231484774,0.49,509.0,4.49,5799.0,0.95,9.7,0.22758739850747847
HD 134060 b,HD 134060,3.16,1.015230679729059,0.45,1373.3,0.0444,5966.0,1.095,5.6,0.19789620930150012
HD 134060 c,HD 134060,5.91,0.5766133643039938,0.11,333.64,2.3928,5966.0,1.095,5.6,0.4957846606317817
HD 134606 b,HD 134606,2.97,1.068153081183401,0.092,937.2,0.1046,5576.0,1.046,7.3,0.2808964320628564
HD 134606 c,HD 134606,3.37,0.9631743177730056,0.055,520.6,0.3007,5576.0,1.046,7.3,0.37703970325454417
HD 134606 d,HD 134606,7.59,0.4466070514393395,0.092,330.64,1.941,5576.0,1.046,7.3,0.5749515936195567
HD 134606 e,HD 134606,1.33,1.867176108512809,0.2,1185.586,0.0527,5576.0,1.046,7.3,0.3974083690768152
HD 134606 f,HD 134606,2.24,1.3217558399823195,0.081,675.018,0.1784,5576.0,1.046,7.3,0.38456477056275806
HD 134987 b,HD 134987,13.5,0.76080582903376,0.23,460.92,0.81,5736.0,1.1,8.4,0.41826298425635855
HD 135694 b,HD 135694,2.857,1.11514159061932,0.0,750.83,0.124695,5712.0,1.02,9.8,0.32197586818586554
HD 135872 b,HD 135872,12.8,1.717395053939193,0.164,194.18,4.172,4992.0,1.646,4.462,0.6986014815007985
HD 136352 b,HD 136352,1.664,1.8906825087274528,0.0,905.0,0.0964,5664.0,0.87,12.3,0.4196321864484021
HD 136352 c,HD 136352,2.916,1.2520964607141103,0.0,677.0,0.1721,5664.0,0.87,12.3,0.33257343753849355
HD 136352 d,HD 136352,2.562,1.3553474058395834,0.0,431.0,0.425,5664.0,0.87,12.3,0.44569662985913266
HD 136418 b,HD 136418,13.3,0.9516578757114464,0.25,602.17,1.29,4989.0,1.48,4.0,0.35612763329016495
HD 137388 b,HD 137388,9.32,0.3583735005743138,0.36,347.5,0.89,5181.0,0.6800000000000002,6.45,0.6259170503768603
HD 137496 b,HD 137496,1.31,2.4414770918606643,0.0,2130.0,0.02732,5799.0,1.04,8.3,0.4171969343576676
HD 137496 c,HD 137496,12.6,2.039920783517553,0.477,370.0,1.2163,5799.0,1.04,8.3,0.47886370971290276
HD 13808 b,HD 13808,3.35,0.9707789171582246,0.071,640.8,0.10519,5035.0,0.7710000000000001,7.2,0.3327401379255557
HD 13808 c,HD 13808,3.13,1.0224509277025458,0.156,413.6,0.2554,5035.0,0.7710000000000001,7.2,0.4127827180203011
HD 13908 b,HD 13908,13.9,0.4459670514174942,0.02,1298.636,0.1539999999999999,6255.0,1.29,2.9,0.22129621296010152
HD 13908 c,HD 13908,12.8,1.6620303625532709,0.12,423.2,2.03,6255.0,1.29,2.9,0.5898311479365498
HD 1397 b,HD 1397,11.500434,0.3900130035492427,0.251,1228.3,0.1096999999999999,5521.0,1.324,4.51,0.1901391055910494
HD 140901 b,HD 140901,4.07,0.8197798314933114,0.472,825.47,0.085,5610.0,0.99,3.2,0.23499274025707106
HD 141004 b,HD 141004,3.77,0.8754687373538999,0.16,953.878,0.1238,5885.38,1.051904,6.32,0.2505834858141043
HD 141399 b,HD 141399,14.3,0.2382291887322506,0.04,467.2,0.415,5600.0,1.07,7.994299999999998,0.3680491492707297
HD 141399 c,HD 141399,13.6,0.6538864666066427,0.048,400.0,0.689,5600.0,1.07,7.989,0.43659553887598956
HD 141399 d,HD 141399,13.7,0.588342066193819,0.074,350.02,2.09,5600.0,1.07,8.311,0.5921115589067925
HD 142 A d,HD 142,10.9,0.3008450589780618,0.13,569.241,0.474,6245.0,1.21,3.12,0.3199578085407082
HD 142 b,HD 142,12.7,1.9530276168241767,0.158,471.3,1.039,6245.0,1.21,3.12,0.4244065629688505
HD 142022 A b,HD 142022 A,12.9,1.541159071680806,0.53,142.7,2.93,5421.0,0.9,7.0,0.25897331843886545
HD 142415 b,HD 142415,13.5,0.7839015438284094,0.5,802.5,1.06,5940.0,1.07,1.1,0.4594882674228021
HD 143105 b,HD 143105,13.7,0.5999347988377666,0.07,1800.5,0.0379,6380.0,1.5100000000000002,1.906,0.19887981813319214
HD 143361 b,HD 143361,12.9,1.5129270120532563,0.197,422.9,1.988,5507.0,0.968,2.942,0.3694705155512306
HD 145377 b,HD 145377,12.8,1.7934247485471162,0.31,482.366,0.45,6014.0,1.2,1.3,0.31841031888830906
HD 1461 b,HD 1461,2.42,1.252762968495368,0.172,1168.203,0.0634,5765.0,1.02,7.12,0.27636701623168125
HD 1461 c,HD 1461,2.23,1.3270750014599193,0.305,783.053,0.1117,5765.0,1.02,7.12,0.3260979618936821
HD 147018 b,HD 147018,13.4,0.9321640810304452,0.4686,612.18,0.2388,5441.0,0.927,6.36,0.2804101764717494
HD 147018 c,HD 147018,12.7,1.884034745337226,0.133,485.8,1.922,5441.0,0.927,6.36,0.35265567277836246
HD 147379 b,HD 147379,4.94,0.6856189141391538,0.063,344.2,0.3193,4090.0,0.58,7.529999999999999,0.6536952847746664
HD 147513 b,HD 147513,13.7,0.6004834956965259,0.26,573.17,1.32,5883.0,1.11,0.3,0.5648862011044781
HD 14787 b,HD 14787,13.7,0.5658818295140691,0.155,596.87,1.7000000000000002,4946.0,1.4300000000000002,2.52,0.3621112975072323
HD 147873 b,HD 147873,12.8,1.66392609771817,0.207,722.4,0.522,5972.0,1.3799999999999997,4.0,0.27182679566996815
HD 147873 c,HD 147873,13.3,0.9969486348916092,0.23,598.2,1.36,5972.0,1.3799999999999997,4.0,0.3796350975403881
HD 148156 b,HD 148156,13.9,0.44018854416655,0.52,344.32,2.45,6308.0,1.22,1.643,0.4744981118560907
HD 149026 b,HD 149026,8.29466,0.5596157879354227,0.0,1626.0,0.04364,6179.0,1.4199999999999997,2.6,0.21731965559578872
HD 149143 b,HD 149143,13.6,0.6538864666066427,0.0167,1442.63,0.053,5856.0,1.2,4.28,0.21871994576096435
HD 1502 b,HD 1502,13.2,1.128171090909654,0.031,606.2,1.262,4947.0,1.46,2.4,0.3534378124302063
HD 151450 b,HD 151450,6.94,0.4898062565419153,0.496,731.9,0.16,6091.98,1.14,2.207,0.22837246350309962
HD 152079 b,HD 152079,13.2,1.1052568313867783,0.532,242.792,4.187,5907.0,1.1470000000000002,1.622,0.3726270330908096
HD 152581 b,HD 152581,13.4,0.8586616190375187,0.04,357.12,1.6599999999999997,5027.0,1.3,12.0,0.37747590988012386
HD 152843 b,HD 152843,3.05,1.0647107369924282,0.046,1003.11,0.1049,6310.0,1.15,3.97,0.27067867932680256
HD 152843 c,HD 152843,5.94,0.2255406759139312,0.074,253.08,0.1482,6310.0,1.15,3.97,0.45980930516397356
HD 15337 b,HD 15337,1.77,2.009287281756629,0.058,1001.0,0.05245,5131.0,0.829,9.6,0.4047151400405565
HD 15337 c,HD 15337,2.526,1.1948311464086523,0.096,656.1,0.1235,5131.0,0.829,9.6,0.34880425762884876
HD 153557 b,HD 153557,4.77,0.708035793053696,0.065,840.4979999999999,0.068,4837.0,0.79,4.613,0.27543737579329897
HD 153557 c,HD 153557,4.36,0.7701082216960736,0.511,649.095,0.111,4837.0,0.79,4.613,0.27396925586420817
HD 153950 b,HD 153950,13.2,1.175573329804238,0.34,580.966,1.2800000000000002,6124.0,1.25,4.3,0.48400480589605
HD 154088 b,HD 154088,2.46,1.235471471385307,0.344,709.47,0.134,5374.0,0.91,8.0,0.32093035210733284
HD 154345 b,HD 154345,13.7,0.5922212619699848,0.04,82.94,4.21,5468.0,0.71,9.527,0.2960770312006207
HD 154857 b,HD 154857,13.3,1.0367368849500225,0.46,658.4,1.29,5589.0,1.96,5.64,0.35835803057289173
HD 155193 b,HD 155193,14.0,0.3900130035492427,0.21,633.6,1.04,6239.0,1.221,3.3077,0.3537311727139764
HD 155358 b,HD 155358,13.8,0.5056120567131033,0.17,579.711,0.63,5905.0,1.15,10.7,0.3390467615605613
HD 155358 c,HD 155358,13.9,0.4278787029450644,0.16,579.561,1.02,5900.0,0.9200000000000002,10.7,0.436826965228666
HD 155918 b,HD 155918,2.67,1.1631508098056809,0.194,1665.864,0.03,5771.84,1.03,12.3,0.21446438806886903
HD 156098 b,HD 156098,4.12,0.8109302162163288,0.109,1124.4,0.167,6419.19,1.29,2.214,0.23088992872463887
HD 156411 b,HD 156411,14.0,0.3859424416193004,0.22,567.24,1.88,5900.0,1.25,4.28,0.48328476735556036
HD 156668 b,HD 156668,1.87,1.501852701754163,0.0,1017.4,0.05,4850.0,0.772,8.6,0.3697352776272716
HD 156668 c,HD 156668,6.17,0.5521594872589679,0.089,166.59,1.5700000000000005,4903.69,0.785167,8.6,0.3211145455995588
HD 158038 b,HD 158038,13.5,0.7371640659767197,0.29,450.5,1.5,4860.0,1.3,2.5,0.3575610919673089
HD 158259 b,HD 158259,1.28228,1.9629077254238845,0.0073999999999999,1462.0,0.102,5801.89,1.08,4.781999999999999,0.42514965292243934
HD 158259 c,HD 158259,2.23,1.3270750014599193,0.0625,1240.852,0.102,5801.89,1.08,4.911,0.31122404995921227
HD 158259 d,HD 158259,2.18,1.3532545070416904,0.0093,1306.5,0.102,5801.89,1.08,5.495,0.32490068191176735
HD 158259 e,HD 158259,2.34,1.2837077723447896,0.0167,1045.299,0.102,5801.89,1.08,6.223000000000001,0.3203344960397612
HD 158259 f,HD 158259,2.35,1.2809338454620645,0.00394,900.5,0.102,5801.89,1.08,5.504,0.3381958612695083
HD 15906 b,HD 15906,2.24,1.324418957401803,0.11,668.0,0.09,4757.0,0.79,4.355,0.3778385215244414
HD 15906 c,HD 15906,2.93,1.0818051703517284,0.04,532.0,0.141,4757.0,0.79,4.736000000000001,0.38312635954661717
HD 159243 b,HD 159243,13.7,0.5692831933375594,0.02,1019.16,0.11,6123.0,1.125,1.25,0.22594627219064878
HD 159243 c,HD 159243,13.4,0.8671004876833832,0.075,381.66,0.8,6123.0,1.125,1.25,0.4721885400769471
HD 159868 b,HD 159868,13.3,0.9745596399981308,0.024,212.06,2.3199999999999994,5534.0,1.19,7.57,0.7573065083331465
HD 159868 c,HD 159868,14.0,0.3981047537018719,0.184,572.46,1.032,5534.0,1.19,7.57,0.38849442121378014
HD 1605 b,HD 1605,13.8,0.483043242753539,0.095,616.3,1.492,4915.0,1.33,4.36,0.4057826363168756
HD 1605 c,HD 1605,13.0,1.355835153635182,0.099,584.8,3.584,4915.0,1.33,4.36,0.6120805687900676
HD 160691 b,HD 160691,2.839553935,1.269760544863939,0.0505,439.1,1.5,5773.0,1.13,5.7,0.679313923226222
HD 160691 c,HD 160691,2.839553935,1.269760544863939,0.039,278.63,4.17,5773.0,1.13,5.7,0.48877639547045826
HD 160691 d,HD 160691,3.23,0.9969486348916092,0.0,900.0,0.0952,5773.0,1.13,5.7,0.2916434549923216
HD 160691 e,HD 160691,2.839553935,1.269760544863939,0.0666,552.8399999999999,0.96,5773.0,1.13,5.7,0.5206054676558176
HD 16141 b,HD 16141,10.9,0.3008450589780618,0.25,571.5,0.36,5757.0,1.11,7.51,0.2999601746860913
HD 162020 b,HD 162020,12.5,2.2823823856765264,0.28,650.0,0.08,4723.0,0.4199999999999999,6.0,0.2651067720870749
HD 163607 c,HD 163607,13.3,0.9669838461896731,0.08,363.22,2.390000000000001,5522.0,1.12,8.6,0.6360066711149119
HD 16417 b,HD 16417,5.0,0.6790482561804436,0.2,872.3,0.14,5841.0,1.2,7.0,0.2447326647538925
HD 164509 b,HD 164509,14.3,0.2350721221794835,0.238,574.4,0.87,5859.0,1.12,2.32,0.4593407273021437
HD 164595 b,HD 164595,4.16,0.8020015854720274,0.088,518.0840000000001,0.23,5790.0,0.99,7.12,0.35260779553866994
HD 164922 b,HD 164922,13.3,0.239803992207317,0.08,159.4,2.16,5390.0,0.926,9.58,0.32065679515894496
HD 164922 c,HD 164922,3.66,0.9001613499442714,0.12,400.5,0.341,5390.0,0.926,9.58,0.39770848724823926
HD 164922 d,HD 164922,1.83,1.5238800240724537,0.12,895.427,0.103,5390.0,0.926,9.58,0.3741031773302935
HD 164922 e,HD 164922,3.23,1.000631880307906,0.086,555.992,0.2292,5393.43,0.921146,9.58,0.35663406886630855
HD 165155 b,HD 165155,13.2,1.1600209167967532,0.2,445.2,1.13,5426.0,1.02,11.0,0.6076334933672911
HD 167042 b,HD 167042,13.6,0.6780335427498971,0.01,740.33,1.22,4919.0,1.3899999999999997,2.2,0.32979999679620686
HD 167677 b,HD 167677,13.2,1.1505720275988207,0.182,289.0,2.877,5474.0,0.96,11.5,0.3748402654878218
HD 168009 b,HD 168009,3.05,1.0473189942805592,0.12,911.5,0.1192,5778.33,0.986073,9.68,0.2657243409947592
HD 168443 b,HD 168443,12.6,2.0360119837525,0.53,802.1,0.2919999999999999,5491.0,0.98,11.08,0.20358741610546505
HD 168746 b,HD 168746,11.1,0.2963940130538024,0.11,900.0,0.07,5570.0,1.07,8.0,0.23899131090895848
HD 169830 b,HD 169830,13.2,1.0715836162801904,0.294,345.0,0.765,6300.0,1.17,2.2,0.356761027313081
HD 169830 c,HD 169830,12.6,2.0412203288596382,0.246,473.3,3.075,6300.0,1.17,2.2,0.6042926034762796
HD 170469 b,HD 170469,14.1,0.3442986728706769,0.11,336.56,2.24,5842.0,1.1,6.7,0.5709690598177516
HD 171238 b,HD 171238,12.5,2.1826747963214883,0.358,456.8,2.518,5467.0,0.9200000000000002,7.0,0.25979497645693844
HD 175541 b,HD 175541,14.1,0.316998126785834,0.11,564.2,0.975,5013.0,1.3899999999999997,1.9,0.3369549821335259
HD 175607 b,HD 175607,2.839553935,1.269760544863939,0.11,543.597,0.102,5392.0,0.71,10.32,0.34978607216076607
HD 17674 b,HD 17674,13.9,0.4485245975686113,0.13,316.67,1.4199999999999997,5904.0,0.98,8.4,0.6881349159528856
HD 176986 b,HD 176986,2.839553935,1.269760544863939,0.066,767.0,0.062956,4931.0,0.7889999999999999,4.3,0.3248813648131027
HD 176986 c,HD 176986,2.839553935,1.269760544863939,0.111,558.0,0.11873,4931.0,0.7889999999999999,4.3,0.36985985777508984
HD 176986 d,HD 176986,2.49,1.2267122912954256,0.062,363.0,0.28149,4931.0,0.7889999999999999,4.3,0.48366984409257896
HD 177565 b,HD 177565,4.0,0.832909122935104,0.0593,525.8,0.246,5627.0,1.0,6.88,0.36491397528669733
HD 177830 b,HD 177830,13.5,0.7884573603642702,0.1,643.2,1.14,4901.0,1.7000000000000002,4.4,0.37427287722988933
HD 177830 c,HD 177830,7.87,0.4298324645564588,0.3,590.6020000000001,0.5137,4949.0,1.4700000000000002,4.4,0.2885101388472945
HD 178911 B b,HD 178911 B,12.6,2.080690761080268,0.11,535.3,0.3399999999999999,5588.0,1.2400000000000002,4.659,0.3517957897966085
HD 179949 b,HD 179949,13.9,0.4675004990276171,0.022,1519.3,0.0443,6168.0,1.21,2.56,0.21397298764598888
HD 180053 b,HD 180053,13.3,0.9669838461896731,0.081,594.01,0.8430000000000001,5131.0,1.75,4.055000000000001,0.317399133130591
HD 18015 b,HD 18015,13.1,1.269760544863939,0.148,346.07,3.870000000000001,5603.0,1.49,4.51,0.6536422677556025
HD 180617 b,HD 180617,3.53,0.9282193027394288,0.101,341.7,0.3429999999999999,3534.0,0.484,2.339,0.5160651564801716
HD 180902 b,HD 180902,13.5,0.7884573603642702,0.107,597.47,1.4,4961.0,1.41,2.8,0.36528394285098553
HD 181342 b,HD 181342,13.2,1.075002423028976,0.022,360.84,1.592,4945.0,1.69,2.0,0.4001890382481174
HD 18143 b,HD 18143,3.28,0.9858167945227652,0.224,654.061,0.0879999999999999,5078.0,0.8500000000000001,9.4,0.2930986495129367
HD 181433 b,HD 181433,2.839553935,1.269760544863939,0.4,776.816,0.08,4918.0,0.63,6.7,0.2836169591001783
HD 181433 c,HD 181433,2.839553935,1.269760544863939,0.28,458.5,1.7600000000000002,4962.0,0.78,6.7,0.3207515645314984
HD 181433 d,HD 181433,13.2,1.11514159061932,0.48,134.94,3.0,4962.0,0.78,6.7,0.25529175746742405
HD 181720 b,HD 181720,14.0,0.2271355725837472,0.26,566.5,1.85,5736.0,1.03,8.6077,0.5970200864481857
HD 183263 b,HD 183263,13.1,1.308332819650179,0.383,398.3,1.46,5948.0,1.06,8.13,0.5843234411207178
HD 183579 b,HD 183579,3.49,1.2947271675944,0.061,752.0,0.1322,5784.0,0.996,3.1,0.32754607035497263
HD 184010 b,HD 184010,12.1,0.2669690308542392,0.0,511.3,0.94,4971.0,1.35,2.76,0.3522070369647903
HD 184010 c,HD 184010,11.8,0.2768738737351776,0.0,511.3,1.334,4971.0,1.35,2.76,0.37599742585493656
HD 184010 d,HD 184010,14.3,0.2382291887322506,0.0,347.0,1.92,4971.0,1.35,2.76,0.45017619419966615
HD 185269 b,HD 185269,13.8,0.5134222496132567,0.229,1465.7,0.077,5923.0,1.3,4.0,0.18449632298786073
HD 185283 b,HD 185283,13.6,0.6434315883140125,0.07,90.28,4.6,4848.0,0.8,6.0,0.2981683063871733
HD 18599 b,HD 18599,2.6,2.1400661634962708,0.34,863.0,0.048,5145.0,0.863,0.4,0.3007632370987754
HD 187085 b,HD 187085,13.9,0.4343764516025845,0.251,214.96,2.1,6117.0,1.189,2.747,0.4171707319922976
HD 187123 b,HD 187123,14.2,0.2768738737351776,0.0103,1314.52,0.0426,5790.0,1.04,7.4,0.2226878415247088
HD 18742 b,HD 18742,13.1,1.2919836816486496,0.04,637.7,1.82,4940.0,1.36,2.3,0.3786393905189559
HD 188015 b,HD 188015,13.6,0.712949807856125,0.137,522.0,1.203,5746.0,1.09,6.61,0.6053983189999438
HD 189567 b,HD 189567,2.85,1.1052568313867783,0.189,845.3,0.111,5726.0,0.83,11.0,0.2611766194923888
HD 189567 c,HD 189567,2.54,1.208960345836975,0.16,666.768,0.197,5726.0,0.83,11.0,0.32211337727788886
HD 189733 b,HD 189733,12.66617,0.664233170395303,0.0,1209.0,0.03126,5052.0,0.79,1.4,0.216849245928366
HD 190007 b,HD 190007,4.06,0.8197798314933114,0.136,641.1659999999999,0.092,4610.0,0.77,1.0,0.29376588415543314
HD 190228 b,HD 190228,12.9,1.6272778305624314,0.559,453.1,2.406,5360.0,1.415,5.307,0.5623480121302049
HD 190360 b,HD 190360,13.4,0.8372475245337022,0.34,150.0,3.9,5552.0,1.0,8.5,0.2681104456205856
HD 190360 c,HD 190360,4.59,0.7323678937132266,0.237,758.1800000000001,0.1304,5549.0,0.98,8.5,0.26467064606808743
HD 190647 b,HD 190647,13.4,0.8919980393051105,0.224,426.52,2.231,5656.0,1.069,7.957,0.5849861016787544
HD 191806 b,HD 191806,12.5,2.2353763433005955,0.213,586.51,2.749,6010.0,1.07,2.9,0.4676033703551673
HD 191939 b,HD 191939,3.41,0.8754687373538999,0.031,880.0,0.0804,5348.0,0.81,8.7,0.2808654534030962
HD 191939 c,HD 191939,3.195,0.8544153281560676,0.034,600.0,0.1752,5348.0,0.81,8.7,0.3469710085414568
HD 191939 d,HD 191939,2.995,0.4510756193602167,0.031,540.0,0.2132,5348.0,0.81,8.7,0.3554734487230056
HD 191939 e,HD 191939,13.0,0.2476410229145972,0.031,390.0,0.407,5348.0,0.81,8.7,0.42235299284581584
HD 191939 f,HD 191939,13.2,1.1600209167967532,0.0,125.0,3.71,5348.0,0.81,8.7,0.3136982253057046
HD 191939 g,HD 191939,3.74,0.8837675401685949,0.03,278.0,0.812,5348.0,0.81,8.7,0.7542562745694368
HD 192263 b,HD 192263,14.2,0.29416103854949,0.05,486.0,0.15,4976.0,0.6599999999999999,2.09,0.34633041021601546
HD 192310 b,HD 192310,4.27,0.7839015438284094,0.13,355.0,0.32,5166.0,0.8,7.81,0.4371943458826752
HD 192310 c,HD 192310,5.25,0.647626665258136,0.32,185.0,1.18,5166.0,0.8,7.81,0.5259232524838443
HD 192699 b,HD 192699,13.4,0.924258901523332,0.082,365.56,1.063,5041.0,1.3799999999999997,1.8,0.3674048056616145
HD 195019 b,HD 195019,13.0,1.425515074273172,0.01,917.23,0.14,5751.0,1.21,3.2,0.2571054129651305
HD 196050 b,HD 196050,12.9,1.5727739280625088,0.2,627.701,2.65,5879.0,1.27,4.3,0.4146763121976191
HD 196067 c,HD 196067,3.21,1.0043016091968684,0.235,1544.14,0.102,6072.0,1.16,4.2,0.21763082360934705
HD 196885 A b,HD 196885 A,13.2,1.085189268335969,0.48,355.24,2.37,6254.0,1.2800000000000002,3.12,0.5767552081384413
HD 197037 b,HD 197037,13.9,0.414755155015257,0.22,575.912,2.07,6150.0,1.11,1.9,0.5603222774367136
HD 199509 b,HD 199509,7.43,0.456791735273505,0.373,488.9,0.426,5796.02,1.04,1.6,0.3489692716539324
HD 19994 b,HD 19994,13.6,0.6683420616409741,0.063,602.3,1.305,6188.0,1.365,2.4,0.443040937998315
HD 20003 b,HD 20003,3.43,0.9516578757114464,0.36,762.17,0.0974,5494.0,0.8749999999999999,7.852999999999999,0.264678293695426
HD 20003 c,HD 20003,3.89,0.8544153281560676,0.1,532.384,0.1964,5494.0,0.8749999999999999,7.354999999999999,0.3523890877943472
HD 200964 b,HD 200964,13.5,0.76080582903376,0.087,525.6,1.565,4982.0,1.3899999999999997,3.0,0.3824720210042831
HD 200964 c,HD 200964,13.7,0.6015799870344548,0.243,544.2,1.96,4982.0,1.3899999999999997,3.0,0.394319278767024
HD 202772 A b,HD 202772 A,17.317905,0.2949059175411004,0.038,2132.0,0.05208,6272.0,1.72,1.7,0.19943446560578312
HD 20329 b,HD 20329,1.72,2.203869120054888,0.0,2141.0,0.018,5596.0,0.9,11.0,0.38335835921752104
HD 204313 b,HD 204313,12.9,1.55814461804655,0.1,330.8,3.185,5767.0,1.03,3.38,0.34717716433640755
HD 204313 c,HD 204313,4.31,0.7793248768009976,0.059,550.04,0.211,5767.0,1.03,3.38,0.3448788458742228
HD 204941 b,HD 204941,10.1,0.3293037471426004,0.37,81.72,2.55,5026.0,0.58,6.67,0.2595696895563842
HD 205158 b,HD 205158,13.9,0.2271355725837472,0.145,814.109,0.177,6133.55,1.16,4.2447,0.24500934442619723
HD 205739 b,HD 205739,13.6,0.6683420616409741,0.27,597.9,0.8960000000000001,6176.0,1.22,2.84,0.38556945665459375
HD 206255 b,HD 206255,6.47,0.5270925962298626,0.23,591.4,0.4610000000000001,5635.0,1.4199999999999997,3.27121,0.2992305616604617
HD 206893 c,HD 206893,16.36511182,1.801709800081223,0.41,1181.9,3.53,6500.0,1.32,0.155,0.23168431889405425
HD 207496 b,HD 207496,2.25,1.42791603581071,0.231,743.0,0.0629,4819.0,0.8,0.52,0.31621507514244773
HD 20781 b,HD 20781,1.21,1.9444805562457188,0.1,966.125,0.0529,5256.0,0.7,9.9675,0.4188103195698798
HD 20781 c,HD 20781,2.17,1.3532545070416904,0.09,653.9,0.1004,5256.0,0.7,9.232,0.3830276011337952
HD 20781 d,HD 20781,3.25,0.9932517730102834,0.11,547.9970000000001,0.1647,5256.0,0.7,8.078,0.35601271129559187
HD 20781 e,HD 20781,3.83,0.8628899551470399,0.06,389.3,0.3374,5256.0,0.7,7.638,0.439351199733854
HD 207832 b,HD 207832,14.2,0.29416103854949,0.197,556.7,0.586,5726.0,1.05,1.36,0.4197821134829713
HD 207832 c,HD 207832,14.0,0.3818552424690306,0.27,295.8,2.112,5710.0,0.94,1.36,0.40978131995831607
HD 207897 b,HD 207897,2.34302132,1.986503546020567,0.0,581.75,0.117,5106.0,0.8207999999999999,4.7,0.461875949725141
HD 20794 b,HD 20794,1.45,1.769854633840005,0.064,660.0,0.1257,5368.0,0.79,5.76,0.4838824061149137
HD 20794 d,HD 20794,2.04,1.4134230285081433,0.077,388.0,0.3625,5368.0,0.79,5.76,0.5123322523928665
HD 20794 e,HD 20794,2.03,1.4182774069729414,0.29,336.0,0.509,5401.0,0.813,5.76,0.5730780171505296
HD 20794 f,HD 20794,2.28,1.308332819650179,0.45,278.72,1.3541000000000003,5368.0,0.79,5.76,0.7586854598552737
HD 208487 b,HD 208487,14.3,0.2429461786103894,0.37,619.211,0.53,6134.0,1.15,1.95,0.31188767115055116
HD 208897 b,HD 208897,13.7,0.5938791789012764,0.02,604.3,1.063,4860.0,1.25,3.8253,0.3394932895973008
HD 209458 b,HD 209458,15.58051,0.3089542077273206,0.0,1459.0,0.04707,6091.0,1.23,3.1,0.22001547861866372
HD 210193 b,HD 210193,14.3,0.2530906276821618,0.24,320.76000000000005,1.487,5790.0,1.04,5.3585,0.6852049287539775
HD 210277 b,HD 210277,13.6,0.6397464038328301,0.48,503.7,1.13,5538.0,1.01,12.0,0.5534612621819139
HD 210702 b,HD 210702,13.6,0.7178397931503169,0.071,375.84,1.079,4912.0,1.33,2.1,0.37011384793876156
HD 211403 b,HD 211403,12.8,1.724550719534605,0.084,380.0,0.768,6273.0,1.2,2.5135,0.4138319901970114
HD 211970 b,HD 211970,3.66,0.9001613499442714,0.15,440.254,0.143,4127.0,0.61,3.9,0.4091543154875422
HD 212301 b,HD 212301,14.2,0.2707902047815628,0.0,1615.7,0.03,6239.0,1.5499999999999998,1.0,0.19572947854309186
HD 212771 b,HD 212771,13.3,1.0188473201992472,0.076,572.0,1.19,5003.0,1.56,6.0,0.33603366278202323
HD 213240 b,HD 213240,12.8,1.6752256529721037,0.42,505.3,1.89,5979.0,1.5700000000000005,4.6,0.5787517601037278
HD 213519 b,HD 213519,2.99,1.0612565021243408,0.413,892.5,0.099,5840.0,1.05,4.097,0.24478504445092786
HD 213885 b,HD 213885,1.745,2.3174737054877963,0.0,2128.0,0.02012,5978.0,1.068,3.8,0.3996499805923617
HD 213885 c,HD 213885,4.71,0.7178397931503169,0.0,1265.4,0.056798,5978.0,1.068,3.8,0.24305028408397805
HD 21411 b,HD 21411,9.52,0.3506568716131693,0.4,398.27,0.362,5605.0,0.89,5.93,0.37309700180187777
HD 215152 b,HD 215152,2.839553935,1.269760544863939,0.0,833.1,0.057638,4935.0,0.77,4.67,0.3256639134064697
HD 215152 c,HD 215152,2.839553935,1.269760544863939,0.0,908.2,0.067393,4935.0,0.77,4.7620000000000005,0.31682447648258016
HD 215152 d,HD 215152,2.839553935,1.269760544863939,0.0,665.2149999999999,0.08799,4935.0,0.77,4.683999999999999,0.36283449627027287
HD 215152 e,HD 215152,2.839553935,1.269760544863939,0.0,525.366,0.15417,4935.0,0.77,4.242,0.409133172501171
HD 21520 b,HD 21520,2.697,0.8544153281560676,0.0,637.0,0.1726,5871.0,1.09,5.3,0.3524126748116367
HD 215497 b,HD 215497,2.839553935,1.269760544863939,0.16,997.6,0.05,5110.0,0.67,5.8,0.2751272713101235
HD 215497 c,HD 215497,13.0,0.245296355955343,0.47,311.05,1.31,5113.0,0.9200000000000002,5.8,0.4532994962757361
HD 216435 b,HD 216435,13.7,0.6184236343640088,0.07,569.1099999999999,2.56,5999.0,1.3,3.0,0.6257364239665368
HD 216437 b,HD 216437,13.0,1.4678743481123135,0.31,559.566,2.5699999999999994,5909.0,1.22,4.9,0.5091016624494442
HD 216520 b,HD 216520,3.18,1.01160091167848,0.09,565.0,0.198,5103.0,0.8200000000000001,6.0,0.37735413384468824
HD 216520 c,HD 216520,3.03,1.0508216248317612,0.12,287.76,0.528,5103.0,0.8200000000000001,6.0,0.7037231850949998
HD 216770 b,HD 216770,14.1,0.3038014543316642,0.37,603.0210000000001,0.4600000000000001,5399.0,0.74,3.1,0.35201401852056774
HD 21693 b,HD 21693,2.8,1.118414915964289,0.12,571.76,0.1455,5430.0,0.8,7.261,0.357352004708777
HD 21693 c,HD 21693,4.34,0.7747271675523681,0.07,483.74300000000005,0.2586,5430.0,0.8,7.4437,0.3808183546588018
HD 217107 b,HD 217107,13.6,0.6434315883140125,0.13,1086.8,0.08,5622.0,1.0,5.84,0.21658245123561226
HD 217786 c,HD 217786,2.61,1.181727195378616,0.399,1463.349,0.038,5966.0,1.14,7.6,0.2236851968842926
HD 217958 b,HD 217958,14.2,0.2776317365982795,0.156,573.561,3.758000000000001,5930.64,1.08,6.948000000000002,0.2763523347360124
HD 218566 b,HD 218566,9.32,0.3583735005743138,0.3,326.054,0.69,4730.0,0.76,8.5,0.6521284297156922
HD 219134 b,HD 219134,1.602,1.993338842626424,0.0,1015.0,0.03876,4699.0,0.81,11.0,0.41199741344898233
HD 219134 c,HD 219134,1.511,2.0731719286662407,0.062,782.0,0.0653,4699.0,0.81,11.0,0.44281503369401587
HD 219134 d,HD 219134,1.61,1.269760544863939,0.138,410.5,0.237,4699.0,0.81,11.0,0.5052076561270672
HD 219134 f,HD 219134,1.31,1.269760544863939,0.148,522.6,0.1463,4699.0,0.81,11.0,0.45310038154302124
HD 219134 g,HD 219134,3.28,0.9858167945227652,0.0,359.5,0.3753,4913.0,0.7940000000000002,12.46,0.49539235967189393
HD 219134 h,HD 219134,12.7,0.2546422183735807,0.06,134.78,3.1100000000000003,4913.0,0.7940000000000002,12.46,0.275490151875086
HD 219415 b,HD 219415,13.8,0.5098251234324072,0.4,191.01,3.2000000000000006,4820.0,1.0,7.233,0.6350254171346855
HD 219666 b,HD 219666,4.898,0.6259384308664953,0.05,1076.0,0.06356,5540.0,1.02,10.0,0.2301468654195823
HD 219828 b,HD 219828,4.59,0.7323678937132266,0.091,1373.3,0.049,5891.0,1.04,5.69,0.22378273160448198
HD 220197 b,HD 220197,9.32,0.3583735005743138,0.187,140.87,2.729,5683.0,0.91,10.165,0.28460897190072054
HD 220689 b,HD 220689,13.7,0.596085467716814,0.054,330.7,3.396,5921.0,1.016,4.586,0.3499267753176063
HD 220842 b,HD 220842,13.1,1.244154593958768,0.404,580.966,0.74,5960.0,1.13,4.905,0.3430987814964794
HD 221287 b,HD 221287,13.1,1.2237754316221157,0.08,594.402,1.25,6304.0,1.25,1.3,0.5402028141811637
HD 221416 b,HD 221416,9.17,0.3583735005743138,0.115,789.15,0.1228,5080.0,1.212,4.9,0.2526022224418833
HD 221585 b,HD 221585,13.5,0.76080582903376,0.123,365.67,2.3060000000000005,5620.0,1.19,6.2,0.6412801700701792
HD 222076 b,HD 222076,13.5,0.7466879474879752,0.08,358.54,1.8300000000000003,4806.0,1.07,4.5,0.4595723443738139
HD 224018 b,HD 224018,0.91,2.89591193827178,0.06,968.0,0.0952,5784.0,1.013,7.0,0.4255616060702231
HD 224018 c,HD 224018,2.42,1.6094379124341005,0.02,641.0,0.217,5784.0,1.013,7.0,0.4146827424082765
HD 224018 d,HD 224018,2.4,0.9932517730102834,0.04,411.0,0.53,5784.0,1.013,7.0,0.4686659409999193
HD 224538 b,HD 224538,12.7,1.8825138324965192,0.476,486.3,2.375,6097.0,1.23,2.0,0.588141555132176
HD 224693 b,HD 224693,14.0,0.3688011237365728,0.104,840.1,0.191,5894.0,1.31,4.12,0.25055123273742785
HD 22496 b,HD 22496,2.22,1.33500106673234,0.0369,573.0,0.051,4385.0,0.684,4.384,0.4091836471531961
HD 22946 d,HD 22946,2.607,2.468099531471619,0.002,546.0,0.2958,6169.0,1.098,2.5,0.4570534367474095
HD 23079 b,HD 23079,13.2,1.1052568313867783,0.07348,364.8,1.6000000000000003,5994.0,1.16,2.6,0.6519106297070576
HD 23079 c,HD 23079,2.8,1.1216775615991057,0.097,955.82,0.102,5994.0,1.16,2.6,0.28184467946144565
HD 23127 b,HD 23127,13.5,0.7323678937132266,0.406,604.3,2.37,5843.0,1.208,4.508,0.5729192650775455
HD 231701 b,HD 231701,13.7,0.5698489642154517,0.13,685.954,0.567,6101.0,1.21,3.43,0.3114271232228155
HD 233832 b,HD 233832,13.5,0.8153648132841945,0.359,82.97999999999999,2.827,4981.0,0.71,5.417,0.2604080034807829
HD 23472 b,HD 23472,2.0,1.9671123567059163,0.072,543.0,0.1162,4684.0,0.67,6.2895,0.4871088091015641
HD 23472 c,HD 23472,1.87,1.410986973710262,0.063,467.0,0.1646,4684.0,0.67,7.855500000000001,0.48861385569795274
HD 23472 d,HD 23472,0.75,2.1400661634962708,0.07,909.0,0.04298,4684.0,0.67,8.500499999999999,0.41145686485862204
HD 23472 e,HD 23472,0.818,2.1400661634962708,0.07,723.0,0.068,4684.0,0.67,6.0515,0.4568031802719393
HD 23472 f,HD 23472,1.137,1.3862943611198906,0.07,630.0,0.0906,4684.0,0.67,4.905500000000001,0.4538814365719303
HD 235088 b,HD 235088,1.982,1.3666568001995072,0.0,805.0,0.0706,5075.0,0.8489999999999999,0.7,0.3668201474154843
HD 23596 b,HD 23596,12.4,2.476538400117484,0.282,462.8,2.694,6040.0,1.1,5.68,0.5696911920370348
HD 238090 b,HD 238090,2.52,1.2149127443642704,0.3,469.6,0.0932,3933.0,0.578,2.1815000000000007,0.3837069919748047
HD 24040 c,HD 24040,9.35,0.3569748989477302,0.11,383.62,1.3,5776.49,1.10394,6.68,0.5773205661699133
HD 24085 b,HD 24085,3.46,0.9439058989071286,0.22,1671.6,0.034,6034.0,1.22,4.267,0.21189166616812974
HD 25171 b,HD 25171,13.9,0.4668737362368079,0.042,335.24,2.971,6125.0,1.076,4.802,0.4408740846645267
HD 25463 b,HD 25463,2.54535814,1.3532545070416904,0.0,1198.46,0.076,6353.0,1.251,2.3,0.29682678219712477
HD 25463 c,HD 25463,1.36354953,2.3115448343655176,0.0,1585.57,0.0443,6353.0,1.251,2.3,0.41480288263321125
HD 25912 b,HD 25912,6.9,0.4934759854308777,0.05,545.0,0.242,5920.58,1.08,2.0004,0.3343741642445255
HD 260655 b,HD 260655,1.24,1.9740810260220096,0.039,709.0,0.02933,3803.0,0.4389999999999999,5.0,0.4742464766947932
HD 260655 c,HD 260655,1.533,1.7404661748405044,0.038,557.0,0.04749,3803.0,0.4389999999999999,5.0,0.49851558978220856
HD 2638 b,HD 2638,14.3,0.223943231484774,0.0,1163.955,0.04,5186.0,0.77,3.0,0.2324485046269001
HD 2685 b,HD 2685,16.14096,0.3960879462955674,0.091,2061.0,0.0568,6801.0,1.4300000000000002,1.31,0.17777206270350612
HD 27442 b,HD 27442,13.5,0.7466879474879752,0.06,362.32,1.271,4846.0,1.23,10.0,0.39887122345629367
HD 27631 b,HD 27631,13.5,0.7466879474879752,0.141,175.72000000000003,3.2419999999999995,5737.0,0.944,4.01,0.32805689847944763
HD 27894 b,HD 27894,14.1,0.3264219007677115,0.047,650.702,0.125,4875.0,0.81,3.9,0.30822394869027625
HD 27894 c,HD 27894,8.24,0.4094571293777018,0.015,533.4680000000001,0.198,4875.0,0.8,3.9,0.3598813510271818
HD 27969 b,HD 27969,12.9,1.5912739418064292,0.182,261.0,1.552,5966.0,1.16,4.665,0.6584281059387904
HD 28109 b,HD 28109,2.69,1.0296194171811583,0.0071,867.0,0.1357,6189.0,1.227,3.2,0.30637387232607804
HD 28109 c,HD 28109,4.13,0.5306282510621704,0.0039,643.0,0.3079999999999999,6189.0,1.227,3.2,0.3262739775548582
HD 28109 d,HD 28109,3.11,0.7419373447293773,0.0054,561.0,0.411,6189.0,1.227,3.2,0.3626190113358812
HD 28185 b,HD 28185,12.8,1.769854633840005,0.063,503.2,1.034,5602.0,0.974,8.3,0.6008374238221497
HD 28192 b,HD 28192,12.2,0.2639015437863775,0.104,871.6049999999999,0.118,5919.87,1.08,3.226,0.2467782227018534
HD 28471 b,HD 28471,1.75,1.5706970841176695,0.195,1377.0,0.042,5766.0,0.98,6.56,0.34195030610218335
HD 28471 c,HD 28471,2.26,1.3137236682850553,0.088,1066.0,0.065,5766.0,0.98,6.56,0.3117278216065307
HD 28471 d,HD 28471,2.06,1.4085449700547104,0.093,945.0,0.1,5766.0,0.98,6.56,0.34981454731895784
HD 285507 b,HD 285507,13.8,0.501381164937991,0.09,948.8,0.06,4503.0,0.8200000000000001,0.625,0.20898921666767806
HD 285968 b,HD 285968,2.83,1.1118575154181305,0.0,450.0,0.066,3703.49,0.5,3.62,0.4337974917344199
HD 29021 b,HD 29021,12.9,1.534714366238164,0.453,245.606,2.294,5560.0,0.86,5.5,0.39547123133134826
HD 290327 b,HD 290327,13.3,1.0296194171811583,0.08,140.68,3.43,5505.0,0.8400000000000001,7.492699999999999,0.3052129818996123
HD 29399 b,HD 29399,13.5,0.7466879474879752,0.05,353.22,1.913,4845.0,1.17,6.2,0.4569406084765727
HD 30177 b,HD 30177,12.6,2.1210632163706555,0.207,334.11,3.604,5580.0,0.98,2.525,0.3198333103052138
HD 30669 b,HD 30669,14.3,0.2476410229145972,0.18,275.33,2.6899999999999995,5400.0,0.9200000000000002,4.8,0.412592717067109
HD 30856 b,HD 30856,13.5,0.7419373447293773,0.061,409.2,1.85,4895.0,1.17,3.8,0.44460585383347084
HD 31253 b,HD 31253,14.1,0.3264219007677115,0.3,580.211,1.26,6130.0,1.7000000000000002,3.0,0.42233963092620214
HD 31527 b,HD 31527,3.22,1.000631880307906,0.1,785.3,0.1254,5898.0,0.96,4.841,0.2961197341499886
HD 31527 c,HD 31527,3.85,0.8586616190375187,0.04,513.04,0.2663,5898.0,0.96,4.848,0.3669670744574909
HD 31527 d,HD 31527,3.46,0.9439058989071286,0.24,348.92,0.8098,5898.0,0.96,4.96,0.5155541977019842
HD 3167 b,HD 3167,1.67,1.88706964903238,0.0,1774.0,0.01796,5261.0,0.8370000000000001,7.8,0.40713292415446234
HD 3167 c,HD 3167,3.0,1.1346227261911428,0.06,564.0,0.1776,5261.0,0.8370000000000001,7.8,0.3740462534822315
HD 3167 d,HD 3167,1.92,1.4724720573609429,0.12,859.5,0.0763,5261.0,0.8370000000000001,7.8,0.375512480761084
HD 3167 e,HD 3167,2.83,1.1118575154181305,0.15,374.8,0.3885,5261.0,0.8370000000000001,7.8,0.4626586998265748
HD 32963 b,HD 32963,13.4,0.9162907318741552,0.07,173.17000000000002,3.41,5727.0,0.94,4.99,0.3355864116737379
HD 330075 b,HD 330075,14.3,0.2523139286139896,0.0,990.0,0.04,5000.0,0.4699999999999999,6.2,0.24480615194557215
HD 33142 b,HD 33142,13.7,0.6184236343640088,0.049,589.2,1.074,5025.4,1.5200000000000002,2.72,0.34628580102461476
HD 33142 c,HD 33142,13.9,0.456791735273505,0.081,577.6510000000001,1.955,5025.4,1.5200000000000002,2.72,0.42713040985183925
HD 33142 d,HD 33142,9.32,0.3583735005743138,0.191,590.266,0.4519999999999999,5025.4,1.5200000000000002,2.72,0.28794465921149204
HD 332231 b,HD 332231,9.07303305,0.4382549309311553,0.0,798.3,0.1449999999999999,6128.0,1.1642,2.9,0.275005116722641
HD 33283 b,HD 33283,12.5,0.2577381960787088,0.399,1220.56,0.1508,5935.0,1.3799999999999997,3.63,0.1754589516275494
HD 33564 b,HD 33564,12.5,2.2126603854660587,0.34,577.0,1.1,6250.0,1.25,3.0,0.38172231451328464
HD 33844 b,HD 33844,13.4,0.9001613499442714,0.15,597.47,1.6000000000000003,4861.0,1.84,2.42,0.3427610465412878
HD 33844 c,HD 33844,13.5,0.8064758658669486,0.13,627.7,2.24,4861.0,1.7800000000000002,1.88,0.3956382909576089
HD 34445 b,HD 34445,13.9,0.4272265998896771,0.27,583.691,2.07,5879.0,1.14,8.5,0.5796121996533325
HD 34445 c,HD 34445,8.42,0.4001175017815691,0.036,392.57,0.7181,5836.0,1.07,8.5,0.42235882594414675
HD 34445 d,HD 34445,6.07,0.5618988939499913,0.027,485.3,0.4817000000000001,5836.0,1.07,8.5,0.3712798598207934
HD 34445 e,HD 34445,4.26,0.7839015438284094,0.09,561.781,0.2687,5836.0,1.07,8.5,0.334299266027594
HD 34445 f,HD 34445,6.88,0.494696241836107,0.031,347.42,1.543,5836.0,1.07,8.5,0.6414976930283185
HD 35759 b,HD 35759,13.0,1.383791230901772,0.389,655.1,0.389,6060.0,1.15,4.432,0.2629211946877606
HD 35843 b,HD 35843,2.29,1.3001916620664788,0.0,788.0,0.0879999999999999,5666.0,0.94,2.5,0.36506520916956564
HD 35843 c,HD 35843,2.54,1.5686159179138452,0.153,479.0,0.25,5666.0,0.94,2.5,0.4285638402013589
HD 37124 b,HD 37124,14.0,0.3576744442718158,0.054,493.6,0.53364,5698.64,0.8500000000000001,4.0,0.44411533084629823
HD 37124 c,HD 37124,14.1,0.3407487933884732,0.125,491.0,1.7099999999999995,5698.64,0.8500000000000001,4.0,0.45753265387752573
HD 37124 d,HD 37124,14.0,0.3667242797917338,0.16,175.67000000000002,2.807,5698.64,0.8500000000000001,4.0,0.32596315320301356
HD 37605 c,HD 37605,13.1,1.247032293786383,0.03,172.97,3.74,5329.0,0.94,5.65,0.34170318327658056
HD 3765 b,HD 3765,8.56,0.3933925268738951,0.298,251.2,2.1080000000000005,5049.8,0.851785,2.0,0.4033332163728546
HD 38283 b,HD 38283,14.0,0.2271355725837472,0.41,567.5,1.02,5981.0,1.37,6.2,0.3946658338329991
HD 38529 b,HD 38529,14.1,0.3400373027857091,0.256,1181.615,0.115,5697.0,0.98,4.5,0.19054560909278417
HD 38529 c,HD 38529,12.5,2.330200260027019,0.357,656.7,3.226,5697.0,0.98,4.5,0.5707331931268541
HD 38801 b,HD 38801,12.5,2.269028309465203,0.017,762.33,1.6229999999999998,5338.0,1.207,6.072,0.4607204385073339
HD 39194 b,HD 39194,1.83,1.5238800240724537,0.207,736.47,0.056,5205.0,0.67,10.0,0.38004270625439346
HD 39194 c,HD 39194,2.39,1.264126727145683,0.154,534.5,0.103,5205.0,0.67,10.0,0.3701179248131743
HD 39194 d,HD 39194,1.83,1.5238800240724537,0.333,373.25000000000006,0.185,5205.0,0.67,10.0,0.4572486733444949
HD 39855 b,HD 39855,2.85,1.1052568313867783,0.14,1064.5,0.041,5576.0,0.87,2.9919999999999995,0.26084615379317916
HD 40307 b,HD 40307,2.839553935,1.269760544863939,0.2,910.0,0.0468,4956.0,0.77,4.5,0.280716006211568
HD 40307 c,HD 40307,2.839553935,1.269760544863939,0.06,696.0,0.0799,4956.0,0.77,4.5,0.34680112300139854
HD 40307 d,HD 40307,2.839553935,1.269760544863939,0.07,541.0,0.1321,4956.0,0.77,4.5,0.3924591298940601
HD 40307 f,HD 40307,2.13,1.3762440252663892,0.02,398.0,0.247,4956.0,0.77,4.5,0.5325938484154089
HD 40307 g,HD 40307,2.56,1.2029723039923526,0.29,255.0,0.6000000000000001,4956.0,0.77,4.5,0.8135168494927839
HD 40979 b,HD 40979,12.9,1.5686159179138452,0.25,560.966,0.8500000000000001,6165.0,1.45,3.56,0.40066850764817147
HD 42012 b,HD 42012,13.5,0.76080582903376,0.2,190.21,1.6699999999999997,5405.0,0.83,4.1,0.41719804490589074
HD 4203 b,HD 4203,13.3,0.9783261227936076,0.52,372.1,1.17,5596.0,1.25,8.52,0.48932087981476036
HD 4208 b,HD 4208,13.9,0.4233050262364954,0.042,297.34000000000003,1.662,5717.0,0.883,3.813,0.6156547521348652
HD 42618 b,HD 42618,3.89,0.8501509293696101,0.19,337.0,0.554,5727.0,1.015,3.72,0.47347955167795186
HD 4308 b,HD 4308,4.12,0.8109302162163288,0.0,712.1020000000001,0.12,5686.0,0.9300000000000002,4.3,0.3183406103668703
HD 4313 b,HD 4313,13.4,0.8754687373538999,0.147,597.47,1.157,4943.0,1.63,2.0,0.3198086172600023
HD 43691 b,HD 43691,13.2,1.0784095813505905,0.0796,891.7,0.238,6093.0,1.32,2.39,0.25014349624069
HD 44219 b,HD 44219,14.1,0.308219723669329,0.41,620.921,1.26,5752.0,1.2,8.4,0.4977496187060235
HD 45184 b,HD 45184,3.52,0.9321640810304452,0.07,1164.4,0.0644,5869.0,1.03,6.8,0.24785422846617197
HD 45184 c,HD 45184,2.91,1.085189268335969,0.07,892.1,0.11,5869.0,1.03,6.8,0.2924187339063701
HD 45364 b,HD 45364,9.03,0.3708736633385453,0.067,341.82,0.6793000000000001,5466.0,0.8200000000000001,8.4719,0.5669971446793693
HD 45364 c,HD 45364,14.2,0.2889312918522129,0.019,477.36,0.902,5466.0,0.8200000000000001,8.7297,0.6296171581042287
HD 46375 b,HD 46375,10.0,0.3328944152733289,0.063,1102.375,0.0398,5285.0,0.9200000000000002,9.0,0.2176258581084527
HD 47186 b,HD 47186,5.02,0.6760010217249748,0.04,1246.9,0.05,5657.0,0.96,6.5,0.23454825273906926
HD 47186 c,HD 47186,13.0,0.2460785225967056,0.249,218.97000000000003,2.3950000000000005,5657.0,0.96,6.5,0.45631738566282803
HD 4732 b,HD 4732,13.4,0.8919980393051105,0.266,530.2,1.129,4898.0,1.3899999999999997,1.47,0.30705288027202526
HD 48265 b,HD 48265,13.5,0.7323678937132266,0.211,446.3,1.814,5733.0,1.312,4.201,0.5482871818066967
HD 48948 b,HD 48948,2.06,1.4036429994545037,0.055,957.0,0.0652,4593.0,0.6860000000000002,11.48,0.334166857207839
HD 48948 c,HD 48948,2.6,1.184789984909162,0.55,553.0,0.1951,4593.0,0.6860000000000002,11.48,0.36572179656497095
HD 48948 d,HD 48948,3.24,0.9969486348916092,0.055,349.0,0.4894,4593.0,0.6860000000000002,11.48,0.6627096536070562
HD 4917 b,HD 4917,13.5,0.7654678421395714,0.066,376.22,1.167,4802.0,1.32,3.9093,0.3482726934131868
HD 49674 b,HD 49674,6.2,0.5498540107334691,0.09,1129.2220000000002,0.06,5602.0,1.03,3.62,0.22361814038053043
HD 50499 b,HD 50499,13.5,0.7701082216960736,0.266,333.91,3.833,6102.0,1.253,2.391,0.34211255366278115
HD 50554 b,HD 50554,12.8,1.769854633840005,0.501,213.0,2.353,5987.0,1.04,2.16,0.5087221283748309
HD 51608 b,HD 51608,3.62,0.9082585601768908,0.09,708.267,0.1059,5358.0,0.8,7.205999999999999,0.3099060713876892
HD 51608 c,HD 51608,3.87,0.8586616190375187,0.14,398.836,0.3809,5358.0,0.8,8.211,0.4310268176599042
HD 52265 b,HD 52265,13.7,0.5999347988377666,0.27,405.0,0.52,6136.0,1.204,3.5,0.34812765299261317
HD 5278 b,HD 5278,2.45,1.3609765531356006,0.08,943.0,0.1202,6203.0,1.126,3.0,0.31503509804658236
HD 5278 c,HD 5278,4.49,0.7514160886839212,0.07,606.2,0.2416,6203.0,1.126,3.0,0.3254987342281269
HD 5319 b,HD 5319,13.5,0.7419373447293773,0.092,450.5,1.5700000000000005,4871.0,1.27,3.1,0.421415895046037
HD 5319 c,HD 5319,13.8,0.5306282510621704,0.183,548.2,1.93,4871.0,1.27,3.1,0.4381833620415912
HD 5608 b,HD 5608,13.7,0.5838901946229959,0.11,450.5,1.79,4807.0,1.29,1.72,0.3870231354288483
HD 564 b,HD 564,12.5,0.258510695151501,0.096,568.5,1.2,5902.0,0.961,5.5,0.6121584903453854
HD 60532 b,HD 60532,13.8,0.532978428407124,0.26,786.2,0.77,6245.0,1.5,2.8,0.25629979144861414
HD 60532 c,HD 60532,13.3,1.0508216248317612,0.03,666.6,1.6000000000000003,6245.0,1.5,2.8,0.3785078763702303
HD 6061 b,HD 6061,2.42763557,1.5727739280625088,0.0,1075.31,0.06,5934.0,1.0269,2.4,0.3339110992374323
HD 63433 b,HD 63433,2.14,2.638914462267348,0.24,967.11,0.072,5553.0,0.9559999999999998,0.414,0.33094409578326345
HD 63433 c,HD 63433,2.692,1.728109442151599,0.21,678.92,0.146,5553.0,0.9559999999999998,0.414,0.34064273533059275
HD 63433 d,HD 63433,1.073,1.8809906029559973,0.16,1040.0,0.0503,5688.0,0.99,0.414,0.3775012478854498
HD 63454 b,HD 63454,12.31,0.210260925483196,0.0,1287.755,0.04,4812.0,0.4199999999999999,1.0,0.20651384059402839
HD 63765 b,HD 63765,14.2,0.2799018851328186,0.24,186.09,0.94,5449.0,0.65,4.77,0.6830392450009467
HD 63935 b,HD 63935,2.91575244,1.199964782928397,0.0,825.22,0.083,5513.0,0.9406,6.6,0.3221340330807147
HD 63935 c,HD 63935,3.06451296,1.1346227261911428,0.0,619.59,0.148,5513.0,0.9406,6.6,0.3625042747026994
HD 64114 b,HD 64114,4.41,0.76080582903376,0.12,470.25,0.246,5676.0,0.95,1.4034,0.3529530937037418
HD 6434 b,HD 6434,14.2,0.2615947376884625,0.17,766.1490000000001,0.14,5769.0,1.1,11.27,0.23642032616013098
HD 65216 b,HD 65216,13.6,0.6413274318301488,0.27,350.72,1.3009999999999995,5612.0,0.8739999999999999,4.0,0.5985136655481647
HD 66428 b,HD 66428,12.4,2.3978952727983707,0.471,618.801,3.395,5716.0,1.01,3.515,0.22329141178246012
HD 67087 b,HD 67087,13.1,1.2178757094949273,0.17,612.066,1.08,6330.0,1.36,1.45,0.3787751412543017
HD 68402 b,HD 68402,12.6,2.066862759472976,0.03,339.94999999999993,2.18,5950.0,1.12,2.0,0.4837946744353697
HD 68988 b,HD 68988,13.4,0.8878912573524571,0.12,1350.42,0.07,5932.0,1.2800000000000002,6.0,0.2034058947213783
HD 69830 b,HD 69830,3.17,1.015230679729059,0.1,826.298,0.0785,5385.0,0.86,7.0,0.2901591685408056
HD 69830 c,HD 69830,3.46,0.9439058989071286,0.13,539.9970000000001,0.186,5385.0,0.86,7.0,0.352392607625657
HD 69830 d,HD 69830,4.45,0.7561219797213337,0.07,348.12,0.63,5385.0,0.86,7.0,0.56201164792019
HD 70573 b,HD 70573,12.8,1.7884205679625405,0.4,561.566,1.7600000000000002,5737.0,1.0,0.102,0.4463489289692786
HD 70642 b,HD 70642,13.0,1.410986973710262,0.175,241.252,3.3180000000000005,5732.0,1.078,0.919,0.3951836188164201
HD 7199 b,HD 7199,2.839553935,1.269760544863939,0.19,445.55,1.36,5371.0,0.77,6.79,0.6302756789012327
HD 72490 b,HD 72490,13.5,0.8153648132841945,0.124,618.0,1.88,4934.0,1.21,5.555200000000001,0.3831740857341085
HD 72659 b,HD 72659,13.2,1.184789984909162,0.2393,348.87,4.606999999999999,5929.0,1.033,8.0,0.28864256089029916
HD 72892 b,HD 72892,12.8,1.713797927758343,0.419,657.49,0.228,5688.0,1.01,8.0,0.25944531781052976
HD 73267 b,HD 73267,13.0,1.4609379041156565,0.261,212.72,2.229,5387.0,0.9300000000000002,8.14,0.40433105356356863
HD 73344 b,HD 73344,2.884,1.2386640441158665,0.03,911.0,0.131,6252.6,1.2,1.15,0.28529857998481417
HD 73344 c,HD 73344,13.5,0.2350721221794835,0.124,576.512,0.3388,6148.0,1.19,1.15,0.2990563687710374
HD 73526 b,HD 73526,13.1,1.2208299213923592,0.19,589.71,0.65,5601.0,1.14,9.2,0.3441161516378523
HD 73526 c,HD 73526,13.3,0.982078472412158,0.28,431.6,1.03,5601.0,1.014,9.2,0.44659118842676526
HD 73534 b,HD 73534,13.7,0.5624688569178291,0.126,192.71,2.99,4917.0,1.16,7.04,0.6500388314348385
HD 73583 b,HD 73583,2.79,1.275362800412609,0.09,714.0,0.0604,4511.0,0.73,0.48,0.30100680018818265
HD 73583 c,HD 73583,2.39,1.5851452198650555,0.08,498.0,0.1242,4511.0,0.73,0.48,0.41042749638101633
HD 74156 c,HD 74156,12.5,2.169053700369523,0.377,476.8,3.678,6068.0,1.1,3.7,0.31262453994936845
HD 74698 b,HD 74698,5.12,0.6637183698691331,0.1,939.4,0.121,5783.0,1.039,7.847,0.2503459629715336
HD 74698 c,HD 74698,14.0,0.2247422726779067,0.2,140.57000000000002,4.5,5783.0,1.039,7.847,0.2865682002505207
HD 75289 b,HD 75289,14.2,0.2615947376884625,0.03,1260.0,0.05,6117.0,1.29,5.6,0.21779725192898916
HD 75784 b,HD 75784,13.8,0.5098251234324072,0.097,597.9,1.032,4867.0,1.26,4.0,0.3589036594595415
HD 75898 b,HD 75898,13.2,1.0784095813505905,0.105,654.1,1.2025,6122.0,1.295,3.2,0.4417988670003848
HD 76700 b,HD 76700,9.6,0.3471295310952009,0.09,1369.032,0.05,5644.0,0.99,11.0,0.1876955412455047
HD 77338 b,HD 77338,4.12,0.8109302162163288,0.09,1093.738,0.06,5341.0,1.37,4.807,0.24606736729429585
HD 77946 b,HD 77946,2.89646124,1.235471471385307,0.211,1128.86,0.073,6007.0,1.1972999999999998,3.1,0.24967399608098684
HD 7924 b,HD 7924,2.839553935,1.269760544863939,0.06,825.9,0.06,5131.0,0.65,0.88,0.29354442783633966
HD 7924 c,HD 7924,2.839553935,1.269760544863939,0.098,583.6,0.1134,5075.0,0.8319999999999999,0.88,0.3421441436697685
HD 7924 d,HD 7924,2.839553935,1.269760544863939,0.21,499.0,0.1551,5075.0,0.8319999999999999,0.88,0.3514108772257763
HD 79498 b,HD 79498,13.6,0.6575200029167942,0.575,180.91000000000005,2.98,5748.0,1.08,2.71,0.29907787546923104
HD 81040 b,HD 81040,12.6,1.99061032797322,0.525,425.0,1.946,5755.0,0.99,1.79,0.3562308815058981
HD 82943 b,HD 82943,13.5,0.7839015438284094,0.162,514.2,1.18306,5935.0,1.08,2.35,0.5509443755325156
HD 82943 c,HD 82943,13.4,0.8837675401685949,0.3663,654.4010000000001,0.74345,5935.0,1.08,2.35,0.3678770521602269
HD 8326 b,HD 8326,9.58,0.347835995271528,0.2,349.19,0.533,4914.0,0.8,7.1875,0.5655122806434933
HD 83443 b,HD 83443,14.1,0.2231435513142097,0.012,1212.127,0.0406,5442.0,1.0,2.64,0.22732456592586553
HD 8535 b,HD 8535,14.0,0.3597701488460348,0.15,333.69,2.45,6136.0,1.13,3.933,0.6048574618913076
HD 85390 b,HD 85390,6.16,0.5538851132264376,0.5,342.5,1.3730000000000002,5186.0,0.758,7.2,0.40020298840565155
HD 85426 c,TOI-1774,3.19,1.007957920399979,0.06,640.0,0.102,5746.0,0.991,7.4,0.3283640519555872
HD 8574 b,HD 8574,13.4,0.904218150639886,0.3,591.4,0.76,6064.0,1.34,5.6,0.35124950051552783
HD 86081 b,HD 86081,13.6,0.708035793053696,0.0119,1854.1,0.0346,5939.0,1.21,3.61,0.21640012265386344
HD 86226 b,HD 86226,14.3,0.2382291887322506,0.059,176.0,2.73,5863.0,1.019,4.6,0.3704885044747067
HD 86226 c,HD 86226,2.16,1.603419840108537,0.075,1311.0,0.049,5863.0,1.019,4.6,0.3303381590598728
HD 86728 b,HD 86728,3.03,1.0508216248317612,0.067,677.734,0.1916,5610.0,0.967,9.52,0.3240225091524522
HD 87646 b,HD 87646,12.4,2.517696472610991,0.05,1286.218,0.117,5770.0,1.12,6.9510000000000005,0.2162549723701923
HD 88133 b,HD 88133,13.8,0.5176026080450145,0.031,1661.1,0.0479,5392.0,1.26,5.37,0.2149569911976373
HD 88986 b,HD 88986,2.49,1.9600947840472696,0.24,460.0,0.58,5861.0,1.25,7.9,0.4705430028431973
HD 89307 b,HD 89307,13.4,0.904218150639886,0.2,359.25999999999993,3.27,5955.0,1.27,2.31,0.2934012770629449
HD 89345 b,HD 89345,7.39794,0.3859424416193004,0.22,1089.0,0.1066,5576.0,1.157,7.53,0.20380385271792525
HD 90156 b,HD 90156,4.43,0.76080582903376,0.31,376.5,0.25,5599.0,0.8400000000000001,4.4,0.3526812804488556
HD 9174 b,HD 9174,13.7,0.5618988939499913,0.12,192.71,2.2,5577.0,1.03,9.0,0.6997479331582901
HD 92788 b,HD 92788,13.0,1.383791230901772,0.35,797.2,0.97,5744.0,1.15,2.55,0.47855028351061096
HD 93083 b,HD 93083,13.4,0.2382291887322506,0.14,434.0,0.477,4995.0,0.7,7.71,0.4889105658866097
HD 93351 b,HD 93351,1.69,1.6054298910365616,0.549,1281.0,0.035,5408.0,0.94,6.581999999999999,0.31818345093884387
HD 93385 b,HD 93385,1.88,1.4973884086254774,0.295,1057.4,0.0756,5977.0,1.04,3.3,0.32807032922067436
HD 93385 c,HD 93385,2.56,1.2029723039923526,0.2,940.5599999999998,0.112,5977.0,1.04,3.3,0.282987227863827
HD 93385 d,HD 93385,2.89,1.091923300517313,0.09,543.38,0.2565,5977.0,1.04,3.3,0.3641299360299658
HD 93963 A b,HD 93963 A,1.46954368,1.75958057086382,0.0,1842.23,0.02061,5908.0,1.0844000000000005,1.3,0.3890935595490762
HD 93963 A c,HD 93963 A,3.11976057,1.4609379041156565,0.0,1212.45,0.04726,5908.0,1.0844000000000005,1.3,0.27753931868189324
HD 9446 b,HD 9446,14.0,0.3688011237365728,0.2,656.3979999999999,0.189,5793.0,1.0,4.287,0.2810501869134746
HD 9446 c,HD 9446,13.4,0.8415671856782186,0.06,402.96,0.6540000000000001,5793.0,1.0,4.681100000000001,0.4606918025492175
HD 94771 b,HD 94771,14.2,0.2806574575148164,0.39,190.8,3.48,5631.0,1.2,5.733,0.5111916833065668
HD 94834 b,HD 94834,13.7,0.6184236343640088,0.14,999.9,2.74,4798.0,1.11,6.449,0.4459430917720609
HD 95089 b,HD 95089,13.7,0.6184236343640088,0.119,589.2,1.36,4918.0,1.54,2.5,0.3406537963722422
HD 95089 c,HD 95089,13.1,1.3029127521808397,0.284,599.766,3.33,4918.0,1.54,2.5,0.5042582929955624
HD 95338 b,HD 95338,4.27174254,1.6054298910365616,0.197,443.0,0.262,5097.0,0.848,9.5,0.4170085244925541
HD 95544 b,HD 95544,12.8,1.7934247485471162,0.049,156.5,3.1659999999999995,5722.0,1.01,5.741,0.5331690458615415
HD 95735 c,GJ 411,3.76,0.8796267475025636,0.132,292.44,2.9400000000000004,3719.0,0.3899,8.047,0.4061164793543446
HD 96063 b,HD 96063,13.7,0.6221880916194514,0.17,785.29,1.11,5020.0,1.37,9.0,0.27775227022153526
HD 96700 b,HD 96700,2.93,1.0784095813505905,0.138,1046.469,0.0777,5845.0,0.89,8.6,0.2549980807715096
HD 96700 c,HD 96700,1.69,1.6054298910365616,0.293,791.77,0.141,5845.0,0.89,8.6,0.3901421504760278
HD 96700 d,HD 96700,3.61,0.9082585601768908,0.27,443.35,0.424,5845.0,0.89,8.6,0.3671050050562351
HD 97658 b,HD 97658,2.12,1.7578579175523736,0.05,751.0,0.0805,5212.0,0.8500000000000001,3.9,0.41808786879457804
HD 98219 b,HD 98219,13.4,0.8878912573524571,0.079,791.5899999999999,1.26,4925.0,1.41,4.0,0.3119321801206003
HD 98736 b,HD 98736,13.3,1.0043016091968684,0.226,185.61,1.8640000000000003,5271.0,0.9200000000000002,7.39,0.3802098240319125
HD 99109 b,HD 99109,14.3,0.233489843368354,0.09,493.2,1.11,5282.0,0.76,1.0,0.6167024649638813
HD 99492 b,HD 99492,5.44,0.6259384308664953,0.034,640.6800000000001,0.12,4929.0,0.8500000000000001,4.8,0.32263130509170046
HD 99492 c,HD 99492,4.42,0.76080582903376,0.063,398.436,0.102,4929.0,0.8500000000000001,4.8,0.3611016398677612
HD 99706 c,HD 99706,12.8,1.747459210331475,0.411,881.79,0.102,4891.0,1.72,2.1,0.19592877444018741
HIP 107772 b,HIP 107772,3.64,0.904218150639886,0.18,355.307,0.243,4006.0,0.63,3.12,0.574579301747677
HIP 109384 b,HIP 109384,13.5,0.7466879474879752,0.549,457.3,1.134,5180.0,0.78,4.9003,0.5338708044976848
HIP 109600 b,HIP 109600,13.2,1.1118575154181305,0.163,568.4,0.7060000000000001,5530.0,0.87,7.741,0.47759295078227204
HIP 111909 b,HIP 111909,13.7,0.5999347988377666,0.2093999999999999,450.5,1.32,4891.0,1.2800000000000002,4.3,0.36026028235814
HIP 111909 c,HIP 111909,13.9,0.4233050262364954,0.2248999999999999,604.1659999999999,1.97,4891.0,1.2800000000000002,4.3,0.3966395799696082
HIP 113103 b,HIP 113103,1.829,1.5238800240724537,0.17,721.0,0.06899,4930.0,0.7609999999999999,0.47,0.37418685748335545
HIP 113103 c,HIP 113103,2.4,1.258460989610006,0.17,585.0,0.10479,4930.0,0.7609999999999999,0.47,0.344441651982869
HIP 114933 b,HIP 114933,13.4,0.8796267475025636,0.21,350.34,2.8400000000000003,4823.0,1.3899999999999997,3.4,0.4948500515014691
HIP 116454 b,HIP 116454,2.469,1.5107219394949427,0.215,753.2,0.0792,5048.0,0.8,5.5,0.3427005438305377
HIP 12961 b,HIP 12961,13.2,0.2413763195752694,0.17,559.3,0.25,3901.0,0.69,3.689999999999999,0.46887988811699605
HIP 14810 b,HIP 14810,13.0,1.410986973710262,0.14399,1133.8,0.0696,5544.0,1.01,5.84,0.2112568122246656
HIP 14810 c,HIP 14810,13.6,0.6471032420585385,0.1566,594.201,0.549,5544.0,1.01,5.84,0.3921630603251712
HIP 14810 d,HIP 14810,14.1,0.3133498192003587,0.185,272.52,1.94,5544.0,1.01,5.84,0.5818082383975143
HIP 18606 b,HIP 18606,14.0,0.3987761199573678,0.2068,530.0,1.6100000000000003,4860.0,1.21,5.29,0.3672722279119899
HIP 19976 b,HIP 19976,4.94,0.6856189141391538,0.304,437.724,0.234,4316.0,0.67,6.888,0.39830854019234846
HIP 29442 c,TOI-469,1.551,1.9878743481543453,0.0573,1123.0,0.04518,5289.0,0.901,11.2,0.3964568966621246
HIP 29442 d,TOI-469,1.538,2.4849066497880004,0.01,920.0,0.0673,5289.0,0.901,11.2,0.42820167446699997
HIP 34222 b,HIP 34222,13.9,0.4317824164255378,0.305,450.7,0.492,4050.0,0.62,4.56,0.5485539132219075
HIP 35173 b,HIP 35173,3.61,0.9082585601768908,0.16,446.403,0.217,4881.0,0.79,6.055,0.39071786404926095
HIP 38594 b,HIP 38594,2.77,1.128171090909654,0.17,342.36,0.256,4086.3,0.61,2.627,0.5945908873612065
HIP 38594 c,HIP 38594,7.94,0.4259211166755467,0.16,175.32999999999998,3.805,4086.3,0.61,6.912000000000001,0.31083457260928327
HIP 41378 b,HIP 41378,2.595,1.1537315878891892,0.0089,959.0,0.102,6320.0,1.16,4.279,0.30118997555203286
HIP 41378 c,HIP 41378,2.727,0.7839015438284094,0.02955,757.0,0.102,6320.0,1.16,4.279,0.30419413797478223
HIP 41378 d,HIP 41378,3.54,0.4446858212614457,0.0,367.0,0.102,6320.0,1.16,4.279,0.3499001877781669
HIP 41378 e,HIP 41378,4.92,0.4382549309311553,0.04431,335.0,0.102,6320.0,1.16,4.279,0.3703669712074705
HIP 41378 f,HIP 41378,9.2,0.0861776962410523,0.09573,294.0,0.102,6320.0,1.16,4.279,0.4235138286904535
HIP 41378 g,HIP 41378,2.54,1.208960345836975,0.0121999999999999,605.0,0.102,6320.0,1.16,4.279,0.3652520560198773
HIP 4845 b,HIP 4845,3.89,0.8501509293696101,0.25,436.36800000000005,0.176,4010.0,0.62,5.1305,0.4221946985833993
HIP 48714 b,HIP 48714,5.11,0.664233170395303,0.5,635.981,0.112,4015.5,0.58,5.723,0.30474274200700446
HIP 5158 b,HIP 5158,13.6,0.6856189141391538,0.52,620.1310000000001,0.89,4962.0,0.78,6.0,0.22904422984177866
HIP 54373 b,HIP 54373,2.87,1.0986122886681096,0.2,473.947,0.063,4021.0,0.57,2.303,0.3559755698823253
HIP 54373 c,HIP 54373,3.57,0.9162907318741552,0.2,481.009,0.099,4021.0,0.57,3.0471,0.37171245739418063
HIP 54597 b,HIP 54597,13.3,1.0224509277025458,0.03,92.96,4.0,4799.0,0.8,4.3,0.30519138010455354
HIP 56640 b,HIP 56640,12.7,1.912501086924184,0.118,176.32999999999998,4.55,4769.0,1.75,9.15,0.6670859385947638
HIP 57274 b,HIP 57274,2.839553935,1.269760544863939,0.19,1194.8,0.07,4510.0,0.2899999999999999,7.87,0.24746690531062404
HIP 57274 c,HIP 57274,14.2,0.2223432311434406,0.05,580.711,0.178,4640.0,0.73,7.87,0.30803059746052003
HIP 57274 d,HIP 57274,14.2,0.2783890255401883,0.27,351.2,1.01,4640.0,0.73,7.87,0.5022407553816299
HIP 5763 b,HIP 5763,14.2,0.2707902047815628,0.054,583.48,0.1699999999999999,4352.0,0.7199999999999999,5.868999999999999,0.35304432871191915
HIP 65 A b,HIP 65 A,22.75427,0.3920420877760237,0.0,1411.0,0.01782,4590.0,0.7809999999999999,4.1,0.21711918179292616
HIP 65407 b,HIP 65407,14.3,0.2279320680460069,0.14,640.258,0.177,5460.0,0.9300000000000002,7.516000000000001,0.29968706259291217
HIP 65407 c,HIP 65407,13.9,0.412109650826833,0.12,598.501,0.316,5460.0,0.9300000000000002,7.207000000000001,0.3474746324098496
HIP 67522 b,HIP 67522,9.9872018,0.3321773123383321,0.064,1175.0,0.0748,5675.0,1.22,0.017,0.18059515891030659
HIP 67522 c,HIP 67522,7.93595834,0.4259211166755467,0.077,917.0,0.1228,5675.0,1.22,0.017,0.20547768509238382
HIP 71135 b,HIP 71135,4.55,0.7419373447293773,0.21,409.37,0.3350000000000001,4146.0,0.6599999999999999,6.821000000000001,0.5682744494212603
HIP 75092 b,HIP 75092,13.5,0.8197798314933114,0.42,333.7,2.0200000000000005,4891.0,1.2800000000000002,4.3,0.4503848373667969
HIP 79431 b,HIP 79431,13.4,0.924258901523332,0.29,307.23999999999995,0.36,3191.0,0.49,4.266,0.4368915482682041
HIP 8152 b,HIP 8152,2.53625843,1.3787660946990992,0.0,794.96,0.0929999999999999,5618.0,0.9373,6.0,0.3537313168122206
HIP 8152 c,HIP 8152,2.52442508,1.5325568680981427,0.2,650.68,0.139,5618.0,0.9373,6.0,0.366262885685133
HIP 86221 b,HIP 86221,14.0,0.3729419164026042,0.086,1466.4,0.031,5549.0,0.79,8.9527,0.20054403822925804
HIP 90988 b,HIP 90988,13.4,0.9282193027394288,0.081,356.29,1.36,4883.0,1.613,4.55,0.4116671681842745
HIP 91258 b,HIP 91258,13.7,0.5538851132264376,0.02,1077.48,0.06,5519.0,0.97,2.4,0.2370414327307112
HIP 94235 b,HIP 94235,3.0,1.269760544863939,0.32,1060.0,0.0787,5991.0,1.094,0.118,0.20596514204570304
HIP 9618 b,HIP 9618,3.82838127,0.5933268452777344,0.0,640.88,0.1449999999999999,5649.0,0.942,5.6,0.3290242869261637
HIP 9618 c,HIP 9618,3.42855926,0.6931471805599453,0.0,470.31,0.269,5649.0,0.942,5.6,0.38630242651649377
HIP 97166 b,HIP 97166,2.4801338,2.061786606441115,0.29,701.66,0.091,5216.0,0.9342,1.2,0.36288690688826236
HIP 97166 c,HIP 97166,2.75,1.1346227261911428,0.0,642.0,0.124,5216.0,0.9342,1.2,0.3508018527441285
HN Lib b,HN Lib,2.2,1.3402504226184837,0.079,234.4,0.1417,3347.0,0.291,4.4,0.8405507186030836
HR 810 b,HR 810,12.7,1.8389610707123487,0.14,574.011,0.9200000000000002,6167.0,1.34,2.72,0.4428379601266552
HR 858 b,HR 858,2.004,1.235471471385307,0.0,1552.0,0.04888,6354.0,1.204,2.0,0.3205429811512138
HR 858 c,HR 858,1.979,1.3609765531356006,0.0,1309.0,0.0687,6354.0,1.204,2.0,0.335534312148802
HR 858 d,HR 858,2.001,1.7749523509116738,0.0,1061.0,0.1046,6354.0,1.204,2.0,0.3848649876122283
HS Psc b,HS Psc,13.6,0.6981347220709844,0.27,1629.984,0.0435,4203.0,0.69,0.133,0.14024438499182282
HU Aqr AB b,HU Aqr,12.8,1.776645831418007,0.0,248.93,3.6000000000000005,5952.0,0.8800000000000001,4.322000000000001,0.44750867377508674
IRAS 04125+2902 b,IRAS 04125+2902,10.73820351,0.3067491351690066,0.10038,854.0,0.077,4080.0,0.7,0.0033,0.1981378185755155
K2-10 b,K2-10,3.773,1.2119409739751128,0.31,649.0,0.137,5533.0,0.8800000000000001,7.467,0.3091406349590243
K2-100 b,K2-100,3.88,1.1118575154181305,0.0,1841.0,0.0301,5945.0,1.15,0.75,0.23087024797687422
K2-101 b,K2-101,2.0,1.4350845252893227,0.1,618.0,0.1124,4927.0,0.8200000000000001,0.79,0.4025365763911282
K2-102 b,K2-102,1.3,1.88706964903238,0.1,619.7,0.102,4695.0,0.77,0.79,0.4799957345872371
K2-104 b,K2-104,1.79,1.547562508716013,0.09,798.0,0.0242,3712.0,0.51,0.79,0.3658028398770964
K2-105 b,K2-105,3.4,1.175573329804238,0.0,805.0,0.0796,5373.0,0.94,0.6,0.29049692518588494
K2-107 b,K2-107,15.98,0.300104592450338,0.0,1649.0,0.0475,6061.0,1.3,4.25,0.21847176541919205
K2-108 b,K2-108,5.33,1.169381359556317,0.18,1360.0,0.0581,5599.0,1.17,7.8,0.2213163202554554
K2-11 b,K2-11,7.55,0.4491629633738837,0.20004,734.0,0.2257,5433.0,1.35,2.7726999999999995,0.2944210403263522
K2-110 b,K2-110,2.592,1.7950872593207297,0.13,638.0,0.10207,5010.0,0.738,8.0,0.4050713657588925
K2-111 b,K2-111,1.82,1.791759469228055,0.1,1309.0,0.0565,5775.0,0.8400000000000001,13.5,0.33717819730381815
K2-111 c,K2-111,3.33,0.9745596399981308,0.071,839.3130000000001,0.1156899999999999,5775.0,0.8400000000000001,13.5,0.2504589349583644
K2-113 b,K2-113,12.14,1.0885619528146082,0.0,1098.0,0.0642,5660.0,1.04,5.9,0.23772495283639644
K2-114 b,K2-114,10.59248676,1.3762440252663892,0.079,701.4,0.0944,4899.0,0.863,7.6,0.2852274677535172
K2-115 b,K2-115,11.80305668,0.7275486072772778,0.063,696.0,0.1415,5870.0,0.918,2.2,0.2913096908001877
K2-116 b,K2-116,0.69,1.667706820558076,0.06,748.38,0.048,4348.35,0.694512,8.975,0.40688720349300644
K2-117 b,K2-117,2.03,1.420695787837223,0.06,868.0,0.0189,3778.0,0.54,5.921999999999999,0.35034277675845005
K2-117 c,K2-117,2.06,1.4060969884160703,0.15,537.0,0.0492,3778.0,0.54,4.851,0.41180868907918405
K2-118 b,K2-118,2.54,1.205970806988609,0.2,372.96,0.245,4726.29,0.7564460000000001,5.616999999999999,0.44854684233779085
K2-119 b,K2-119,2.53,1.208960345836975,0.07,666.0,0.0698,4740.0,0.76,3.682,0.35520090834107754
K2-12 b,K2-12,2.44,0.9555114450274363,0.5,1026.0,0.0792,5672.0,0.965,8.9,0.23099633763490268
K2-121 b,K2-121,7.16,0.5306282510621704,0.22,716.0,0.0525,4526.0,0.71,6.697,0.2538768069500673
K2-122 b,K2-122,1.16,1.918392120161421,0.21,769.0,0.0373,4009.0,0.63,3.2245000000000004,0.43538099570085176
K2-123 b,K2-123,2.76,1.1314021114911006,0.06,338.0,0.1649,4035.0,0.62,4.090999999999999,0.5216630620207281
K2-124 b,K2-124,2.9,1.0885619528146082,0.08,442.0,0.049,3570.0,0.39,3.84401,0.38550082007575764
K2-125 b,K2-125,2.18,1.3506671834767394,0.08,327.867,0.121,3654.47,0.494727,3.556,0.6506711040932469
K2-126 b,K2-126,1.97,1.449269160281279,0.06,601.0,0.0656,4339.0,0.69,3.834000000000001,0.4259612916930449
K2-127 b,K2-127,8.37,0.4027948795522855,0.12,809.0,0.0411,4575.0,0.7199999999999999,6.917000000000002,0.24328530937645104
K2-128 b,K2-128,1.42,1.790091412127358,0.23,765.352,0.056,4469.51,0.711248,5.942200000000001,0.43325374889570023
K2-129 b,K2-129,1.04,1.867176108512809,0.13,385.42,0.057,3459.09,0.360031,4.654,0.5678239322375853
K2-13 b,K2-13,1.89,1.4906543764441331,0.0,511.0,0.2114,5698.0,0.8,2.289,0.48446809055730106
K2-130 b,K2-130,1.25,1.9329696377795784,0.17,912.178,0.032,4356.47,0.69563,3.5875,0.4194315917642482
K2-131 b,K2-131,1.69,2.2823823856765264,0.0,2223.0,0.00936,5120.0,0.8030000000000002,5.3,0.40420584976079776
K2-132 b,K2-132,14.5717,0.2445135770504022,0.29,1586.0,0.0916,4840.0,1.08,8.5,0.17062934675564254
K2-133 b,K2-133,1.34,1.854734268389444,0.0347,714.08,0.03194,3655.0,0.4610000000000001,5.869,0.4729056924610714
K2-133 c,K2-133,1.603,1.6620303625532709,0.0364,588.1,0.04341,3655.0,0.4610000000000001,4.7,0.4775084931174112
K2-133 d,K2-133,2.003,1.4327007339340465,0.117,734.0,0.07487,3655.0,0.4610000000000001,2.841,0.42474022170239295
K2-133 e,K2-133,1.73,1.5810384379124025,0.0956999999999999,296.0,0.1346,3655.0,0.4610000000000001,4.77,0.7334452650790095
K2-136 b,K2-136,1.014,3.218875824868201,0.14,610.0,0.0707,4500.0,0.742,0.65,0.4550261382617763
K2-136 c,K2-136,3.0,1.545432582458188,0.047,470.0,0.1185,4500.0,0.742,0.65,0.3951848526768774
K2-136 d,K2-136,1.565,1.667706820558076,0.071,420.0,0.1538,4500.0,0.742,0.65,0.5161490562190029
K2-137 b,K2-137,0.64,1.269760544863939,0.0,1471.0,0.0058,3697.0,0.4629999999999999,4.6850000000000005,0.31250330397468495
K2-138 b,K2-138,1.51,1.7749523509116738,0.048,1157.0,0.03385,5356.3,0.9350000000000002,2.8,0.4077419321353051
K2-138 c,K2-138,2.299,1.33500106673234,0.045,1012.0,0.04461,5356.3,0.9350000000000002,2.8,0.3232267686141756
K2-138 d,K2-138,2.39,1.410986973710262,0.043,888.0,0.05893,5356.3,0.9350000000000002,2.8,0.33968917591225434
K2-138 e,K2-138,3.39,1.0296194171811583,0.077,757.0,0.0782,5356.3,0.9350000000000002,2.8,0.3057228983909875
K2-138 f,K2-138,2.904,0.3364722366212129,0.062,653.0,0.10447,5356.3,0.9350000000000002,2.8,0.31304107639833934
K2-138 g,K2-138,3.013,0.6418538861723948,0.059,445.0,0.23109,5356.3,0.9350000000000002,2.8,0.38719849879215845
K2-139 b,K2-139,9.11,0.6471032420585385,0.12,524.0,0.1796,5370.0,0.96,1.8,0.32589805420557005
K2-14 b,K2-14,4.81,0.7030975114131134,0.14,488.0,0.0627,3789.0,0.4699999999999999,5.8496,0.31886606398401424
K2-140 b,K2-140,13.56286665,0.5068176023684519,0.0,962.0,0.068,5585.0,0.96,9.8,0.2394234081011332
K2-141 b,K2-141,1.51,2.189416394888408,0.0,2103.0,0.00747,4570.0,0.708,6.3,0.4085820282184177
K2-141 c,K2-141,7.0,0.0778865386570712,0.092,695.0,0.0683,4570.0,0.708,6.3,0.2811831347426456
K2-146 b,K2-146,2.05,1.545432582458188,0.129,534.0,0.0248,3385.0,0.331,5.0,0.41609235352457286
K2-146 c,K2-146,2.19,1.5933085305042167,0.075,500.476,0.0327,3385.0,0.331,5.0,0.4343210184601718
K2-147 b,K2-147,1.47286006,1.7509374747077997,0.38,1077.0,0.01575,3690.0,0.563,3.397,0.34929774389903473
K2-148 b,K2-148,1.33,1.8625285401162623,0.045,741.28,0.0454,4079.0,0.65,4.2747,0.46912703302644576
K2-148 c,K2-148,1.73,1.5810384379124025,0.0632,620.4,0.0616,4079.0,0.65,5.121,0.45021759683818696
K2-148 d,K2-148,1.64,1.6389967146756448,0.0240379999999999,533.316,0.0774,4079.0,0.65,5.247000000000001,0.49294944951687675
K2-149 b,K2-149,1.64,1.6389967146756448,0.1038999999999999,444.56000000000006,0.083,3745.0,0.595,3.561,0.515486632706143
K2-15 b,K2-15,2.48,1.229640551074514,0.0,676.0,0.091,5131.0,0.7199999999999999,4.886,0.3740187123882429
K2-150 b,K2-150,2.0,1.4350845252893227,0.07886,425.1,0.0727,3499.0,0.4569999999999999,5.475,0.4934844527673307
K2-151 b,K2-151,1.49,1.7404661748405044,0.02,566.0,0.0373,3695.0,0.4699999999999999,4.512,0.49568353972954177
K2-152 b,K2-152,2.29,1.3029127521808397,0.0289999999999999,337.0,0.1716,4044.0,0.63,3.886,0.5535846151907318
K2-153 b,K2-153,2.0,1.4350845252893227,0.039,497.0,0.0614,3845.0,0.55,3.4529999999999994,0.4571373690188597
K2-154 b,K2-154,1.99,1.4398351280479205,0.0609,715.0,0.0405,4097.0,0.65,5.2780000000000005,0.391087859779179
K2-154 c,K2-154,2.07,1.4011829736136412,0.0708999999999999,552.0,0.0677,4097.0,0.65,5.47,0.4230168452656178
K2-155 b,K2-155,1.8,1.541159071680806,0.0248,708.0,0.0562,4258.0,0.65,2.899,0.44107826227311087
K2-155 c,K2-155,2.6,1.184789984909162,0.0633,583.0,0.0946,4258.0,0.65,2.547,0.40668810956422907
K2-155 d,K2-155,1.9,1.4861396960896067,0.0198,381.0,0.1936999999999999,4258.0,0.65,2.377,0.6578528233680194
K2-156 b,K2-156,1.1,1.8961194845522973,0.05,1347.0,0.0149,4460.0,0.6599999999999999,4.470999999999999,0.4028903241195414
K2-157 c,K2-157,6.08,0.5613286059390974,0.2,587.0,0.165,5334.0,0.89,8.8,0.2992404826462001
K2-157 d,K2-157,5.16,0.6585557357903262,0.5,429.1,0.309,5334.0,0.89,8.8,0.34038494567527633
K2-158 b,K2-158,2.64,1.172482137234565,0.0,794.0,0.0887,5503.0,0.9200000000000002,4.785,0.3361667547108904
K2-158 c,K2-158,1.28,1.9035989509835904,0.0,948.0,0.0622,5503.0,0.9200000000000002,4.536,0.4534346249587426
K2-159 b,K2-159,2.26,1.316408233655724,0.0,684.0,0.1013,5425.0,0.9,4.773999999999999,0.39267204466407785
K2-16 b,K2-16,2.02,1.425515074273172,0.021532,658.0,0.0667,4742.0,0.6800000000000002,7.334000000000001,0.418774804987203
K2-16 c,K2-16,2.54,1.205970806988609,0.09719,485.0,0.1229,4742.0,0.6800000000000002,4.662,0.40663259377915983
K2-160 b,K2-160,3.17824034,1.01160091167848,0.003,1021.2,0.102,5649.0,0.982829,1.3634,0.271720054289912
K2-161 b,K2-161,6.11721229,0.5579000311519196,0.096,1114.255,0.102,4972.0,0.986876,9.245,0.21086692377557442
K2-162 b,K2-162,1.44,1.776645831418007,0.0444,631.0,0.0795,4842.0,0.75,5.508699999999999,0.4929258064123172
K2-163 b,K2-163,2.46610713,1.235471471385307,0.007,742.144,0.102,4937.0,0.826112,2.425,0.3654560778546172
K2-164 b,K2-164,3.24925008,0.9932517730102834,0.0676,1138.1,0.102,5791.0,1.1808940000000003,6.163,0.2536351055416437
K2-165 b,K2-165,1.27443657,1.9110228900548727,0.0237999999999999,999.58,0.102,5185.0,0.8348469999999999,5.434,0.4522130235012307
K2-165 c,K2-165,1.55409035,1.6937790608678511,0.008,913.7,0.102,5185.0,0.8348469999999999,6.124999999999999,0.439655410461038
K2-165 d,K2-165,2.64809498,1.169381359556317,0.0,629.38,0.102,5185.0,0.8348469999999999,5.432999999999999,0.37143283339717836
K2-166 b,K2-166,2.19,1.3454723665996355,0.088,1140.0,0.0858,5960.0,1.16,5.562800000000001,0.3120088067586544
K2-167 b,K2-167,2.36509493,1.3532545070416904,0.48,1220.0,0.0932,6310.0,1.084,5.3,0.2463895560262881
K2-168 b,K2-168,1.86,1.5085119938441398,0.0,766.35,0.102,5502.7,0.877,3.809,0.42321376610797395
K2-169 b,K2-169,1.27328671,1.9095425048844383,0.0,935.4,0.102,5548.0,0.986144,0.9412,0.4393628857845304
K2-17 b,K2-17,2.23,1.3270750014599193,0.18,487.0,0.119,4320.0,0.71,3.679,0.43454812709205937
K2-170 b,K2-170,1.41817537,1.7934247485471162,0.0,913.132,0.102,5748.0,0.963657,4.043,0.4489782439535056
K2-170 c,K2-170,1.8017647,1.5390154481375546,0.0,786.8,0.102,5748.0,0.963657,3.922,0.42259833018277665
K2-171 b,K2-171,2.68657205,1.1568811967920856,0.1586,1324.886,0.102,5250.0,0.8915870000000001,10.02,0.23956011855473575
K2-172 b,K2-172,1.66608079,1.6213664832993742,0.0,752.9350000000001,0.102,5569.0,0.934356,1.927,0.44898467471038406
K2-172 c,K2-172,3.20569097,1.0043016091968684,0.0,539.9,0.102,5569.0,0.934356,1.94,0.3615937420420561
K2-173 b,K2-173,1.60826194,1.6582280766035324,0.0185,907.14,0.102,5580.0,0.881538,7.860999999999999,0.426835626805004
K2-174 b,K2-174,2.6,1.184789984909162,0.014,455.0,0.126,4455.0,0.7,2.264,0.42025399957841875
K2-175 b,K2-175,2.03803688,1.415853163361435,0.0069,1024.799,0.102,5909.0,1.094693,6.487,0.35509462495977573
K2-176 b,K2-176,1.49090097,1.7387102481382395,0.0,908.7,0.102,5428.0,0.938545,2.864,0.4494535108181023
K2-177 b,K2-177,2.1162048,1.3787660946990992,0.047,941.9,0.102,6063.0,1.210525,3.1979999999999995,0.346435046488911
K2-178 b,K2-178,3.55790985,0.9202827531436926,0.0788,840.29,0.102,5525.0,0.95109,2.036,0.2898859537049398
K2-179 b,K2-179,2.51267885,1.2178757094949273,0.0106,787.1,0.102,5015.0,0.824345,5.54,0.3531050154738401
K2-18 b,K2-18,2.37,1.631199404215613,0.2,284.0,0.1429,3457.0,0.359,2.016,0.7444032432662199
K2-18 c,K2-18,2.65,1.169381359556317,0.47,363.0,0.06,3457.0,0.359,3.261,0.3700018983098316
K2-180 b,K2-180,2.46597575,1.6409365794934714,0.075,797.5,0.0756,5365.0,0.7350000000000001,7.5,0.36729623818935436
K2-181 b,K2-181,2.69,1.1537315878891892,0.4,949.0,0.0706,5528.0,0.96,5.9,0.2512202566730912
K2-182 b,K2-182,2.71257333,1.9021075263969205,0.071,965.8,0.05174,5128.0,0.823,6.2,0.3508691156322533
K2-183 b,K2-183,1.1,1.8961194845522973,0.0073999999999999,1619.3,0.102,5482.0,0.942219,2.558,0.42560866509133644
K2-183 c,K2-183,2.3,1.297463147413275,0.0,787.0,0.0932,5482.0,0.942219,2.6059999999999994,0.3653796559464609
K2-183 d,K2-183,2.3,1.297463147413275,0.0,615.0,0.1527,5482.0,0.942219,2.7429999999999994,0.4065361831128463
K2-184 b,K2-184,1.47,1.752672080520008,0.0,533.0,0.1685,5245.0,0.8400000000000001,4.148000000000001,0.5354249858712905
K2-185 b,K2-185,1.15,1.913977101952304,0.0,809.0,0.102,5788.0,0.96,3.945,0.47492310828334006
K2-185 c,K2-185,2.39,1.264126727145683,0.0,477.0,0.102,5788.0,0.96,3.525,0.4122942559222629
K2-186 b,K2-186,3.17207779,1.015230679729059,0.0,634.2,0.102,5784.0,1.018617,4.184,0.34177588399004893
K2-187 b,K2-187,1.2,1.9387416595767009,0.0,1815.0,0.0164,5438.0,0.9669990000000002,1.501,0.40925919046175907
K2-187 c,K2-187,1.4,1.8066480817218056,0.0,1173.0,0.0392,5438.0,0.9669990000000002,1.5630000000000002,0.4144846856912007
K2-187 d,K2-187,2.4,1.258460989610006,0.0,865.0,0.072,5438.0,0.9669990000000002,1.752,0.3362061542133277
K2-187 e,K2-187,1.9,1.4861396960896067,0.0,698.0,0.1106,5438.0,0.9669990000000002,1.469,0.42165391695898896
K2-188 b,K2-188,1.35,1.8468787684491343,0.0,1692.0,0.0289,5977.0,1.06,3.902,0.41530112574175615
K2-188 c,K2-188,2.83,1.1118575154181305,0.029,1026.0,0.0785,5977.0,1.06,4.391,0.2822765444531434
K2-189 b,K2-189,1.403,1.803358605071407,0.0859,1203.0,0.0361,5442.0,0.8500000000000001,7.403,0.40531213881321465
K2-189 c,K2-189,2.31,1.2947271675944,0.0,877.0,0.068,5442.0,0.8500000000000001,3.936,0.34767038414711526
K2-19 b,K2-19,7.0,0.418710334858185,0.2,779.0,0.074,5322.0,0.8800000000000001,8.0,0.24988093093533725
K2-19 c,K2-19,4.1,0.6259384308664953,0.21,679.0,0.0971,5322.0,0.8800000000000001,8.0,0.2854088693520113
K2-190 b,K2-190,1.35673729,1.840549633397487,0.0,776.7,0.102,5631.0,0.904597,3.824,0.47877161015645003
K2-190 c,K2-190,1.09308317,1.8931119634883424,0.0,622.3,0.102,5631.0,0.904597,3.555,0.5072379299732109
K2-191 b,K2-191,1.57889322,1.6789639750827106,0.0073999999999999,971.0,0.102,5176.0,0.900994,3.103,0.42937141635455606
K2-192 b,K2-192,1.52,1.717395053939193,0.0,939.0,0.049,5222.0,0.9,3.314,0.4319235972039013
K2-193 b,K2-193,3.95,0.8415671856782186,0.0,739.0,0.1184,5817.0,1.01,3.716,0.3153098288444177
K2-194 b,K2-194,3.64229858,0.904218150639886,0.02,680.0,0.102,5979.0,1.110086,5.623,0.3169863948210272
K2-195 b,K2-195,3.13,1.0224509277025458,0.1193,720.0,0.1208,5713.0,0.94,6.533,0.30873954608035137
K2-195 c,K2-195,2.57581891,1.1939224684724346,0.0,612.3,0.102,5712.0,0.963364,3.224,0.37305505919153265
K2-196 b,K2-196,3.59970536,0.9082585601768908,0.022,710.8,0.102,6045.0,1.162095,4.6728000000000005,0.30862811746320107
K2-197 b,K2-197,2.56,1.199964782928397,0.0,848.0,0.0806,5667.0,1.0,1.7795,0.326378483985187
K2-198 b,K2-198,4.189,0.7975071958841881,0.0,715.8,0.102,5212.9,0.799,3.647,0.3221420022085663
K2-198 c,K2-198,1.423,1.7884205679625405,0.0233999999999999,1229.9,0.102,5212.9,0.799,5.162,0.4264674933603308
K2-198 d,K2-198,2.438,1.244154593958768,0.0996,943.2,0.102,5212.9,0.799,5.544,0.3176715367431858
K2-199 b,K2-199,1.73,2.1041341542702074,0.02,913.0,0.0382,4491.0,0.7109999999999999,5.04,0.4302286686129345
K2-199 c,K2-199,2.85,1.3609765531356006,0.03,694.0,0.0662,4491.0,0.7109999999999999,5.04,0.35115418322345543
K2-200 b,K2-200,1.3643987,1.8341801851120072,0.0073999999999999,971.1,0.102,5233.0,0.860208,1.971,0.4548080708834743
K2-201 b,K2-201,1.40006712,1.8066480817218056,0.0073999999999999,1327.626,0.102,5507.0,0.956055,1.398,0.4147738218646723
K2-201 c,K2-201,3.28568401,0.982078472412158,0.0,660.4480000000001,0.102,5507.0,0.956055,0.912,0.3186122699294933
K2-2016-BLG-0005L b,K2-2016-BLG-0005L,13.7,0.5579000311519196,0.1495120999999999,71.34,4.16,5549.0,0.5840000000000001,7.3024,0.28662732069937175
K2-202 b,K2-202,2.30165603,1.297463147413275,0.0143,932.4,0.102,5491.0,0.971461,2.9146,0.3460151563878294
K2-203 b,K2-203,1.26549392,1.916922612182061,0.23,738.4,0.0824,5026.0,0.793,6.9,0.4550169864323419
K2-204 b,K2-204,3.17214154,1.015230679729059,0.28,1148.0,0.0738,5783.0,1.076,6.5,0.2253818630797384
K2-205 b,K2-205,1.99552771,1.43746264769429,0.0,730.735,0.102,5890.0,0.9510269999999998,5.670999999999999,0.40591601157414775
K2-206 b,K2-206,2.79522879,1.1216775615991057,0.0773,639.11,0.102,5043.0,0.7894810000000001,6.378,0.34791812644095926
K2-207 b,K2-207,2.60585269,1.184789984909162,0.0714,679.268,0.102,5522.0,0.941851,6.197,0.3481003648288531
K2-208 b,K2-208,1.67462172,1.617406082083277,0.37,1122.0,0.04878,5500.0,0.881,6.1,0.34379509715098827
K2-209 b,K2-209,0.86850263,1.7783364488959144,0.0184,1004.3,0.102,4720.0,0.7447899999999998,6.396999999999999,0.4273842222887141
K2-21 b,K2-21,1.84,1.308332819650179,0.1,500.0,0.076,4222.06,0.6760229999999999,1.0,0.42504846693820053
K2-21 c,K2-21,2.49,1.8562979903656265,0.21,420.0,0.107,4222.06,0.6760229999999999,1.0,0.4379255621932149
K2-210 b,K2-210,0.86,1.7732559976634952,0.0073999999999999,1668.5,0.102,5500.0,0.911717,2.978,0.40250889107339805
K2-211 b,K2-211,1.33162691,1.8594181177018696,0.19,1873.0,0.01419,5117.0,0.851,6.5,0.3857637416633824
K2-212 b,K2-212,2.65,1.169381359556317,0.0017,542.0,0.0785,4349.0,0.622,5.924999999999999,0.38822537756189185
K2-213 b,K2-213,1.51398464,1.7209792871670078,0.0097,1065.499,0.102,5794.0,1.069596,5.868,0.41789671494311253
K2-214 b,K2-214,2.51,1.2178757094949273,0.0,1001.0,0.0834,5875.0,1.03,4.574,0.31107156665560004
K2-215 b,K2-215,2.12381238,1.3762440252663892,0.0,856.0,0.102,5704.0,0.9999869999999998,4.075,0.3728565303384144
K2-216 b,K2-216,1.75,2.2192034840549946,0.0,1103.0,0.028,4503.0,0.7,7.291499999999999,0.41107195249533124
K2-217 b,K2-217,3.57854073,0.9162907318741552,0.0399,920.4,0.102,5967.0,1.102661,5.58,0.27543001331718786
K2-218 b,K2-218,2.56948149,1.1969481893889715,0.003,903.8,0.102,5757.0,1.047488,2.405,0.3223058970409895
K2-219 b,K2-219,1.34762583,1.8468787684491343,0.0073999999999999,1238.026,0.102,5753.0,1.021545,5.705,0.4275372182969404
K2-219 c,K2-219,1.43839723,1.776645831418007,0.0364,1120.5,0.102,5753.0,1.021545,6.5920000000000005,0.4184054390751736
K2-219 d,K2-219,2.57634456,1.1939224684724346,0.02,899.4,0.102,5753.0,1.021545,6.920999999999999,0.31715919408941556
K2-22 b,K2-22,2.3,1.269760544863939,0.19,2100.0,0.009,3879.0,0.595292,2.638,0.2543823857419122
K2-220 b,K2-220,2.37,1.269760544863939,0.0109,761.0,0.1104,5612.0,0.91,6.856999999999999,0.3621173933168529
K2-221 b,K2-221,1.67890272,1.6134299337036375,0.0073999999999999,1177.216,0.102,5716.0,1.010842,3.835,0.39581331872830683
K2-222 b,K2-222,2.35,1.5432981099295553,0.16,871.0,0.1206,5942.0,0.989,7.1,0.3371214453973732
K2-223 b,K2-223,0.89,1.790091412127358,0.0,2271.0,0.0127,5859.0,1.06,2.2127000000000003,0.39325099939441244
K2-223 c,K2-223,1.5,1.7334238922150915,0.0,1091.0,0.0548999999999999,5859.0,1.06,2.1237000000000004,0.4172461442173378
K2-224 b,K2-224,1.56,1.6882490928583902,0.0,1002.0,0.0516,5620.0,0.91,2.2363,0.41996305894961417
K2-224 c,K2-224,2.41,1.2556160374777745,0.0,764.0,0.0886,5620.0,0.91,2.9093,0.35998290381782627
K2-225 b,K2-225,3.60929179,0.9082585601768908,0.23,923.0,0.1409,5520.0,1.482,0.0121,0.20901398108414695
K2-226 b,K2-226,1.53899305,1.7029282555214391,0.22,1187.0,0.04095,5288.0,0.856,9.6,0.3609342980518736
K2-227 b,K2-227,1.66551298,1.6213664832993742,0.0,770.5,0.102,5673.0,0.950811,2.913,0.44647952414825604
K2-228 b,K2-228,1.21,1.9401794743463283,0.006,914.0,0.0338,4715.0,0.71,7.075500000000001,0.4522886514469237
K2-229 b,K2-229,1.0,2.151762203259462,0.0,1818.0,0.0131,5315.0,0.87,5.4,0.41120377207980663
K2-229 c,K2-229,2.03,1.8082887711792648,0.0,750.0,0.0769,5315.0,0.87,5.4,0.43934480014950505
K2-230 b,K2-230,1.96,1.4539530095937054,0.0348,1529.0,0.0409,5945.0,1.11,6.612,0.3369179823972722
K2-231 b,K2-231,2.5,1.2208299213923592,0.0,756.636,0.102,5695.0,1.01,3.0,0.3533577844302024
K2-232 b,K2-232,11.209,0.3400373027857091,0.258,1030.0,0.10356,6154.0,1.188,1.43,0.18980495107946782
K2-233 b,K2-233,1.315,1.9021075263969205,0.0,1127.0,0.03293,4796.0,0.79,0.36,0.39864760818721995
K2-233 c,K2-233,1.272,2.5952547069568657,0.0,794.0,0.0664,4796.0,0.79,0.36,0.44439588054719353
K2-233 d,K2-233,2.363,1.667706820558076,0.18,525.0,0.1516,4796.0,0.79,0.36,0.39805574912433117
K2-237 b,K2-237,16.06246934,0.4555243079809012,0.03,1759.0,0.03552,6180.0,1.256,1.09,0.19280893032179203
K2-238 b,K2-238,14.5717,0.4446858212614457,0.0,1587.0,0.046,5630.0,1.19,5.63,0.22146091072204574
K2-239 b,K2-239,1.1,1.8961194845522973,0.0715,502.0,0.0441,3420.0,0.4,6.483,0.5330238419659663
K2-239 c,K2-239,1.0,1.8468787684491343,0.07531,427.0,0.0576,3420.0,0.4,5.989,0.563450308243726
K2-239 d,K2-239,1.1,1.8961194845522973,0.0382,399.0,0.0685,3420.0,0.4,4.798,0.6082453828961641
K2-24 b,K2-24,5.4,0.494696241836107,0.06,686.0,0.1539999999999999,5625.0,1.07,5.1,0.2979533598921311
K2-24 c,K2-24,7.5,0.1823215567939545,0.07,542.0,0.247,5625.0,1.07,5.1,0.32693644456744886
K2-240 b,K2-240,2.0,1.4350845252893227,0.0121,586.0,0.0513,3810.0,0.58,4.101999999999999,0.43242460914778025
K2-240 c,K2-240,1.8,1.541159071680806,0.014,389.0,0.1159,3810.0,0.58,4.057,0.5554273084538242
K2-241 b,K2-241,2.55,1.2029723039923526,0.0545,507.0,0.1567,5262.0,0.71,7.010000000000001,0.4074745591202702
K2-242 b,K2-242,2.54,1.205970806988609,0.0661,416.0,0.0494,3459.0,0.38,4.887700000000001,0.4255964905878387
K2-243 b,K2-243,2.17,1.355835153635182,0.0028,1035.0,0.1087,6570.0,1.29,2.3100000000000005,0.33228427100834146
K2-243 c,K2-243,2.01,1.430311246536665,0.0,801.0,0.1816999999999999,6570.0,1.29,2.493,0.3875272198368777
K2-244 b,K2-244,1.75,1.5686159179138452,0.0731,638.0,0.1418,5677.0,0.86,6.802,0.4520480030193228
K2-245 b,K2-245,4.34,0.7747271675523681,0.0794,923.0,0.0959,5793.0,0.83,13.236,0.22735740923060827
K2-246 b,K2-246,3.49,0.9360933591703346,0.0825999999999999,977.0,0.0602,5610.0,0.87,6.85,0.2632977169002536
K2-247 b,K2-247,2.12,1.3762440252663892,0.0799,979.0,0.0304,4667.0,0.74,8.682999999999998,0.3299091273040674
K2-247 c,K2-247,2.19,1.3454723665996355,0.0,688.0,0.0615,4667.0,0.74,4.182,0.3976142662793801
K2-248 b,K2-248,2.57,1.1969481893889715,0.0,886.0,0.0699,5528.0,0.8800000000000001,3.446,0.32414383462249285
K2-249 b,K2-249,2.79,1.1216775615991057,0.00071,1061.0,0.1151,6504.0,1.32,2.8499,0.28213796932455737
K2-25 b,K2-25,3.44,1.4609379041156565,0.428,494.0,0.0287,3207.0,0.2634,0.73,0.3197825172944771
K2-250 b,K2-250,2.71257333,1.1474024528375415,0.21,1003.0,0.04606,5003.0,0.8090000000000002,8.2,0.26186983659805313
K2-251 b,K2-251,2.35,1.2781522025001877,0.1003,437.0,0.0694,3717.0,0.52,3.518,0.4201352606489631
K2-252 b,K2-252,1.74,1.5769147207285403,0.0487,639.0,0.1041,5152.0,0.79,7.218999999999999,0.45746595730504397
K2-253 b,K2-253,12.67,1.269760544863939,0.014,1238.0,0.0506,6027.0,1.08,3.393,0.2244853045546104
K2-254 b,K2-254,1.63,1.6428726885203375,0.0232,791.0,0.0448,4629.0,0.71,7.697,0.43566119497188044
K2-254 c,K2-254,2.19,1.3454723665996355,0.0313,551.0,0.0923,4629.0,0.71,6.583000000000001,0.42766365480324586
K2-255 b,K2-255,2.9,1.0885619528146082,0.0633,1034.0,0.0274,4676.0,0.71,7.834999999999999,0.2692182778715937
K2-257 b,K2-257,0.83,1.7561322915849038,0.0172,789.0,0.0216,3725.0,0.52,4.686999999999999,0.4236411922019214
K2-258 b,K2-258,3.0,1.0612565021243408,0.0057,831.0,0.149,6351.0,1.21,1.822,0.30272278731211494
K2-259 b,K2-259,2.32,1.2919836816486496,0.0,795.0,0.1271,6059.0,1.14,3.358,0.35907951485663625
K2-26 b,K2-26,2.67,1.1631508098056809,0.1066,430.0,0.0962,3785.0,0.56,1.0,0.4039122576498857
K2-260 b,K2-260,18.41635529,0.3920420877760237,0.053,2090.0,0.04392,6860.0,1.637,0.65,0.16806935470976997
K2-261 b,K2-261,9.26982704,0.3873011374804932,0.274,1036.0,0.1086,5490.0,1.1069999999999998,8.8,0.19638167061157707
K2-263 b,K2-263,2.41,1.916922612182061,0.15,470.0,0.2573,5368.0,0.8800000000000001,7.0,0.4819087675747669
K2-264 b,K2-264,2.231,1.3297240096314962,0.5,496.0,0.05023,3660.0,0.496,3.567,0.36770101597374605
K2-264 c,K2-264,2.668,1.1631508098056809,0.45,331.0,0.11283,3660.0,0.496,2.768,0.4885768467852763
K2-265 b,K2-265,1.70824866,2.186051276738094,0.16,1366.0,0.03359,5420.0,0.901,7.8,0.38172640759344156
K2-266 b,K2-266,3.3,1.000631880307906,0.12488,1515.0,0.01306,4285.0,0.6860000000000002,6.780500000000001,0.22192184803486725
K2-266 c,K2-266,0.705,1.713797927758343,0.042,664.5,0.0679,4285.0,0.6860000000000002,5.5185,0.44549766506322536
K2-266 d,K2-266,2.93,1.1085626195212777,0.047,538.3,0.1035,4285.0,0.6860000000000002,3.8809999999999993,0.3748091143677314
K2-266 e,K2-266,2.73,1.1662709371419244,0.043,490.1,0.1249,4285.0,0.6860000000000002,4.019,0.4039626591360085
K2-268 b,K2-268,1.5,1.7334238922150915,0.0,1136.0,0.0308,5106.0,0.8400000000000001,4.162,0.4133262784671635
K2-268 c,K2-268,2.69,1.1537315878891892,0.0,696.0,0.0819,5106.0,0.8400000000000001,4.0920000000000005,0.3527326395408743
K2-268 d,K2-268,1.49,1.7404661748405044,0.005,888.0,0.102,5106.0,0.8400000000000001,4.141,0.4523561882705377
K2-268 e,K2-268,1.33,1.8625285401162623,0.011,801.0,0.102,5106.0,0.8400000000000001,4.43,0.48163389072442775
K2-268 f,K2-268,2.23,1.3270750014599193,0.0,492.0,0.102,5106.0,0.8400000000000001,3.673000000000001,0.4324538998739188
K2-269 b,K2-269,1.57,1.6845453849209058,0.0,1429.0,0.0531,6209.0,1.16,3.279,0.39113812508720436
K2-27 b,K2-27,4.74,0.9969486348916092,0.251,836.0,0.06702,5246.0,0.8800000000000001,10.3,0.24307114131316646
K2-270 b,K2-270,1.38,1.8229350866965048,0.0,1203.0,0.0247,4877.0,0.8500000000000001,7.1696,0.4202712851150191
K2-270 c,K2-270,2.95,1.075002423028976,0.0118,848.0,0.0497,4877.0,0.8500000000000001,5.6696,0.3045590294533147
K2-271 b,K2-271,7.28,0.4668737362368079,0.18393,893.0,0.077,5644.0,0.83,10.1277,0.21719451696220549
K2-272 b,K2-272,3.13,1.0224509277025458,0.0,747.0,0.1007,5397.0,0.86,4.127999999999999,0.32797896023147266
K2-273 b,K2-273,3.05,1.0473189942805592,0.024,849.0,0.0729,5161.0,0.89,5.7996,0.3033345597210019
K2-274 b,K2-274,2.08,1.396244691973059,0.00035,655.0,0.0964,5044.0,0.79,1.229,0.4056149450509477
K2-275 b,K2-275,2.34,1.2837077723447896,0.0,1166.0,0.0277,4841.0,0.77,3.126,0.309689096822368
K2-275 c,K2-275,2.21,1.3376291891386096,0.0,653.0,0.0881,4841.0,0.77,2.958,0.40482300137313293
K2-276 b,K2-276,3.77,0.8754687373538999,0.0946,583.0,0.1291,5139.0,0.8200000000000001,6.483999999999999,0.3398128626824808
K2-277 b,K2-277,2.18575124,1.6094379124341005,0.52,1049.0,0.0664,5680.0,0.974,4.9,0.29509662237021717
K2-278 b,K2-278,2.98,1.0647107369924282,0.0078,1711.0,0.0488,6747.0,1.4,1.944,0.2470708318187223
K2-279 b,K2-279,1.21,1.9401794743463283,0.0251,879.0,0.067,5558.0,0.79,6.244,0.4579539265129313
K2-28 b,K2-28,2.32,1.2919836816486496,0.0,568.0,0.0214,3214.0,0.257,5.4350000000000005,0.3893235296133044
K2-280 b,K2-280,7.5,0.3920420877760237,0.35,787.0,0.1461,5500.0,1.03,8.96,0.22687499553867885
K2-281 b,K2-281,8.18,0.4127716832906025,0.16421,665.0,0.0773,4812.0,0.8200000000000001,4.361,0.2787680414541322
K2-282 b,K2-282,2.5,1.2208299213923592,0.1341,1057.0,0.0499,5499.0,0.94,7.561,0.2840257981872318
K2-283 b,K2-283,3.52,0.9321640810304452,0.0502,1186.0,0.0291,5060.0,0.89,6.4502,0.24901784314494074
K2-284 b,K2-284,2.78,1.1249295969854831,0.078,653.0,0.04771,4140.0,0.63,0.12,0.2943982676794161
K2-285 b,K2-285,2.59,1.4036429994545037,0.0,1088.9,0.03817,4975.0,0.83,3.806200000000002,0.3100993126183254
K2-285 c,K2-285,3.53,1.0818051703517284,0.0,741.4,0.0824,4975.0,0.83,2.7522,0.3259817247730669
K2-285 d,K2-285,2.48,1.269760544863939,0.0,619.9,0.1178,4975.0,0.83,4.4652,0.3916487660946021
K2-285 e,K2-285,1.95,1.269760544863939,0.0,500.9,0.18041,4975.0,0.83,4.6162,0.47199299811391177
K2-286 b,K2-286,2.1,1.3862943611198906,0.0642,347.0,0.1768,3926.0,0.64,2.78,0.5502114769737324
K2-287 b,K2-287,9.494023,0.4885800148186709,0.478,804.0,0.1206,5695.0,1.056,4.5,0.21987661884219054
K2-288 B b,K2-288 B,1.9,1.4861396960896067,0.2082,226.36,0.164,3341.0,0.33,1.0,0.8120652703439678
K2-289 b,K2-289,9.1,0.3681093215643954,0.07996,753.0,0.107,5529.0,0.9529999999999998,6.096210000000001,0.2837672302998622
K2-29 b,K2-29,13.33871,0.4252677354043441,0.066,1171.0,0.04217,5358.0,0.94,2.6,0.22047629425112478
K2-290 b,K2-290,3.06,1.62924053973028,0.0,1230.0,0.0923,6302.0,1.194,4.0,0.30342825041203036
K2-290 c,K2-290,11.276254,0.6981347220709844,0.0,676.0,0.305,6302.0,1.194,4.0,0.30693108562777854
K2-291 b,K2-291,1.589,2.286455711064162,0.0,1278.0,0.03261,5520.0,0.934,3.72,0.4185550717766795
K2-292 b,K2-292,2.63,2.128231705849268,0.04,795.0,0.13,5725.0,1.0,6.8,0.3890407579825424
K2-293 b,K2-293,2.45,1.2383742310432684,0.0,750.0,0.102,5532.0,0.958,3.3741000000000008,0.36009013656403216
K2-294 b,K2-294,1.66,1.623340817603092,0.0957,1425.0,0.102,5612.0,0.987,7.371,0.373206600813532
K2-295 b,K2-295,10.054473,0.4774756440844365,0.0,852.0,0.0451,4444.0,0.74,6.81,0.26103423472219023
K2-3 b,K2-3,2.078,1.4134230285081433,0.107,501.3,0.0747,3844.0,0.549,6.9,0.43890540936931516
K2-3 c,K2-3,1.582,1.547562508716013,0.048,371.8,0.1357,3844.0,0.549,6.9,0.5851745240001747
K2-3 d,K2-3,1.458,2.917770732084279,0.091,305.2,0.2013999999999999,3844.0,0.549,6.9,0.804178797137507
K2-30 b,K2-30,11.646151,0.494696241836107,0.0,1092.0,0.04839,5425.0,0.9,3.9,0.2384870856878492
K2-308 b,K2-308,9.916,0.3350426438116185,0.1202999999999999,1213.76,0.102,6100.0,1.09,4.4642,0.2080669565638314
K2-31 b,K2-31,11.88154,0.0314986670593709,0.0,1688.0,0.022,5280.0,0.91,3.377,0.22040155468486022
K2-315 b,K2-315,0.95,1.8213182714696,0.0731,460.0,0.102,3300.0,0.174,1.0,0.7370155847468447
K2-316 b,K2-316,1.33,1.8625285401162623,0.00549,841.0,0.0147,3436.0,0.408,4.432,0.4467827555195508
K2-316 c,K2-316,1.83,1.5260563034950494,0.0736,423.0,0.0582,3436.0,0.408,5.89,0.5236042174607867
K2-317 b,K2-317,2.93,1.0818051703517284,0.106066,432.0,0.0542,3387.0,0.403,3.894709999999999,0.4145845025749194
K2-318 b,K2-318,1.66,1.623340817603092,0.071,456.0,0.0911,3851.0,0.561,5.043,0.5239003074695843
K2-319 b,K2-319,2.79,1.1216775615991057,0.0,641.0,0.1516,5440.0,0.954,3.767,0.36858640850098945
K2-32 b,K2-32,5.299,0.4382549309311553,0.03,837.0,0.0795,5271.0,0.83,7.9,0.27379421458539765
K2-32 c,K2-32,3.134,0.8878912573524571,0.049,634.0,0.13843,5271.0,0.83,7.9,0.34064521358218325
K2-32 d,K2-32,3.484,0.6259384308664953,0.05,550.0,0.18422,5271.0,0.83,7.9,0.3544858973989018
K2-32 e,K2-32,1.212,1.9878743481543453,0.043,1066.0,0.04899,5271.0,0.83,7.9,0.43146044173764864
K2-320 b,K2-320,2.62,1.1786549963416462,0.0476,698.0,0.0142,3157.0,0.117,4.022,0.32498247296834143
K2-321 b,K2-321,2.05124347,1.4085449700547104,0.44,830.0,0.02839,3750.0,0.578,3.389,0.30852674257372004
K2-322 b,K2-322,1.92,1.4770487243883548,0.024,635.0,0.0594,4141.0,0.63,3.332,0.4321052638858696
K2-323 b,K2-323,2.1,1.3862943611198906,0.0561,318.0,0.1275,3710.0,0.478,4.142,0.6048370935872285
K2-324 b,K2-324,2.43,1.247032293786383,0.011,707.0,0.0331,3752.0,0.517,4.805000000000001,0.35164068600426374
K2-325 b,K2-325,2.2,1.3428648031925547,0.021433,423.0,0.0419,3287.0,0.274,5.933999999999999,0.4752367003669547
K2-326 b,K2-326,2.28,1.308332819650179,0.09738,1114.0,0.0198,3924.0,0.507,7.286,0.28845517044085295
K2-329 b,K2-329,8.675766,0.5270925962298626,0.0697,650.0,0.1016,5282.0,0.901,1.8,0.2939522533482652
K2-33 b,K2-33,5.04,1.269760544863939,0.0,850.0,0.0409,3540.0,0.56,0.0093,0.24419869198420813
K2-330 b,K2-330,2.77,1.128171090909654,0.00071,969.0,0.102,6232.0,1.23,3.233,0.29363874618625235
K2-331 b,K2-331,1.79,1.547562508716013,0.0,909.0,0.102,5994.0,1.1,2.5095,0.4040267817489417
K2-331 c,K2-331,2.72,1.144222799920162,0.0194,673.0,0.102,5994.0,1.1,1.876,0.34350022650162826
K2-332 b,K2-332,2.2,1.3428648031925547,0.0382,266.0,0.102,3315.0,0.27,4.569999999999999,0.8337162575106049
K2-333 b,K2-333,6.18,0.5515836162381584,0.1319,826.0,0.102,5880.0,1.06,6.922,0.25195026089052586
K2-334 b,K2-334,5.65,0.6037693694087286,0.1135999999999999,1380.0,0.102,6502.0,1.36,1.6443,0.19882883279333421
K2-335 b,K2-335,2.21,1.3376291891386096,0.016,949.0,0.102,6222.0,1.23,2.797,0.3386852013594283
K2-336 b,K2-336,1.22,1.9444805562457188,0.0,569.0,0.102,5424.0,0.86,2.629,0.526238309727253
K2-337 b,K2-337,2.62,1.1786549963416462,0.0391,850.0,0.102,5869.0,0.94,8.79,0.31086578494579603
K2-338 b,K2-338,1.03,1.860974538249528,0.0,783.0,0.102,4558.0,0.6599999999999999,3.531,0.4907604070469196
K2-339 b,K2-339,1.92,1.4770487243883548,0.0073999999999999,508.0,0.102,4857.0,0.74,5.511,0.4712146159580146
K2-34 b,K2-34,13.75,0.6626879730752367,0.0,1687.0,0.0442,6168.0,1.16,2.88,0.21732196839714366
K2-340 b,K2-340,3.36,0.9631743177730056,0.0928,606.0,0.102,5532.0,0.9300000000000002,8.761,0.32245174380390407
K2-341 b,K2-341,3.21,1.0043016091968684,0.0228,598.0,0.102,5817.0,0.98,7.0280000000000005,0.3420911520266358
K2-342 b,K2-342,2.03,1.420695787837223,0.0,861.0,0.102,5920.0,1.01,4.506,0.3806419544565645
K2-343 b,K2-343,1.65,1.631199404215613,0.1093999999999999,653.0,0.102,3804.0,0.49,3.326,0.5252593823425925
K2-343 c,K2-343,2.02,1.425515074273172,0.1843,465.0,0.102,3804.0,0.49,2.4291,0.5002232096590219
K2-344 b,K2-344,1.59,1.6695918352538477,0.0068,722.0,0.102,4374.0,0.51,5.998,0.5114914785830985
K2-345 b,K2-345,2.11,1.3812818192963463,0.0493,437.0,0.102,3779.0,0.56,3.842,0.49263477002519895
K2-346 b,K2-346,2.26,1.316408233655724,0.0,450.0,0.102,4801.0,0.71,6.569,0.44089454493345337
K2-347 b,K2-347,2.41,1.2556160374777745,0.12728,640.0,0.102,4599.0,0.6599999999999999,5.07,0.38147088797499307
K2-348 b,K2-348,3.26,0.9932517730102834,0.1163999999999999,908.0,0.102,5077.0,0.83,5.899299999999999,0.2796608521397433
K2-348 c,K2-348,2.67,1.1631508098056809,0.0964,655.0,0.102,5077.0,0.83,5.756,0.3475559643006443
K2-349 b,K2-349,1.38,1.8229350866965048,0.067432,518.0,0.102,4385.0,0.54,7.8065000000000015,0.5075647064585578
K2-35 b,K2-35,1.32,1.871802176901592,0.13,979.0,0.031,4402.71,0.7019679999999999,3.103,0.41694978476206335
K2-35 c,K2-35,1.93,1.4701758451005928,0.12,766.0,0.055,4402.71,0.7019679999999999,3.7239999999999993,0.3836536533391316
K2-350 b,K2-350,1.54,1.7047480922384253,0.0073999999999999,1158.0,0.102,5789.0,0.98,4.999999999999998,0.4123680317582343
K2-350 c,K2-350,2.74,1.1378330018213914,0.0,687.0,0.102,5789.0,0.98,4.792,0.34838879822470603
K2-351 b,K2-351,2.54,1.205970806988609,0.0,934.0,0.102,5769.0,1.02,4.584,0.32059002572052375
K2-352 b,K2-352,1.37,1.8309801823813363,0.0073999999999999,1160.0,0.102,5791.0,0.98,4.035,0.4316491191164753
K2-352 c,K2-352,1.92,1.4770487243883548,0.0,885.0,0.102,5791.0,0.98,4.317,0.39390737921949065
K2-352 d,K2-352,2.23,1.3270750014599193,0.0,727.0,0.102,5791.0,0.98,3.693,0.3828031120965855
K2-353 b,K2-353,5.55,0.6124792774924905,0.259,735.0,0.102,5698.0,0.87,7.519,0.25885727991846463
K2-354 b,K2-354,1.56,1.6882490928583902,0.0381699999999999,543.0,0.102,3669.0,0.4299999999999999,5.947000000000001,0.6087393807342216
K2-355 b,K2-355,2.25,1.3190856114264409,0.0,1066.0,0.0632,5790.0,0.96,3.427,0.330098875502456
K2-356 b,K2-356,2.29,1.3029127521808397,0.0,624.0,0.1599,5568.0,0.9,4.184,0.4113001442208707
K2-357 b,K2-357,3.72,0.8878912573524571,0.0,735.0,0.1449999999999999,5794.0,0.98,4.0680000000000005,0.3220192373016347
K2-358 b,K2-358,2.68,1.1568811967920856,0.0,888.0,0.0863,5650.0,0.9300000000000002,3.836,0.31832031829768725
K2-36 b,K2-36,1.43,2.19722457733622,0.093,1328.0,0.02288,4916.0,0.79,1.4,0.3922454610884555
K2-36 c,K2-36,3.2,0.832909122935104,0.089,854.0,0.05528,4916.0,0.79,1.4,0.264827507691217
K2-360 c,EPIC 201595106,4.02,0.8285518175661483,0.11,912.0,0.0883,5679.0,0.958,6.0,0.26353659235310656
K2-365 b,K2-365,2.906,1.0885619528146082,0.1076,642.5,0.102,5561.0,0.823,9.384,0.3213722756024812
K2-366 b,K2-366,2.359,1.275362800412609,0.0558999999999999,699.21,0.102,5601.0,0.825,7.650999999999999,0.3657858985971315
K2-367 b,K2-367,2.413,1.2556160374777745,0.0810999999999999,507.6,0.102,4348.0,0.756,3.37,0.40631741085990286
K2-368 b,K2-368,1.332,1.8625285401162623,0.0401319999999999,764.646,0.102,4663.0,0.7460000000000001,5.369,0.4874153662669962
K2-368 c,K2-368,1.361,1.8357763546448287,0.0,678.6,0.102,4663.0,0.7460000000000001,4.235,0.5076028747349232
K2-368 d,K2-368,1.948,1.4609379041156565,0.0073999999999999,518.888,0.102,4663.0,0.7460000000000001,4.013999999999999,0.4652974286550615
K2-369 b,K2-369,1.313,1.87640694328834,0.0428999999999999,927.14,0.102,5682.0,0.7350000000000001,7.844800000000001,0.45245655574217886
K2-37 b,K2-37,1.39,1.8148247421590515,0.0,949.0,0.05105,5352.0,0.8400000000000001,4.499,0.4463483869616893
K2-37 c,K2-37,2.41,1.2556160374777745,0.0,839.0,0.06534,5352.0,0.8400000000000001,4.191,0.34582669699839796
K2-37 d,K2-37,2.31,1.7404661748405044,0.0,646.0,0.1102,5352.0,0.8400000000000001,4.109,0.43656796212772997
K2-370 b,K2-370,3.207,1.0043016091968684,0.1352,1267.0,0.102,5377.0,0.984,5.608,0.24573582717421602
K2-371 b,K2-371,13.024,1.269760544863939,0.1197,956.83,0.102,4925.0,0.958,4.7940000000000005,0.24263158054974754
K2-372 b,K2-372,2.945,1.075002423028976,0.0406,833.2,0.102,5479.0,0.847,8.423,0.30523219771371163
K2-373 b,K2-373,2.061,1.4060969884160703,0.0,1008.2,0.102,6138.0,1.158,3.493,0.353274410925555
K2-374 b,K2-374,1.593,1.667706820558076,0.0155,1049.899,0.102,5789.0,0.7310000000000001,6.884,0.41275277521116543
K2-374 c,K2-374,2.213,1.33500106673234,0.0688,693.283,0.102,5789.0,0.7310000000000001,8.074,0.37756664885902885
K2-375 b,K2-375,2.243,1.324418957401803,0.0469,884.2479999999999,0.102,5822.0,1.119,7.002,0.3413501506281172
K2-376 b,K2-376,1.736,1.5769147207285403,0.0653999999999999,1244.3,0.102,5937.0,0.908,7.269,0.3703816336224922
K2-377 b,K2-377,1.693,1.603419840108537,0.07273,622.875,0.102,4200.0,0.821,5.497999999999999,0.4664588993219655
K2-378 b,K2-378,2.88,1.095273387402595,0.1415,1068.0700000000002,0.102,4823.0,0.9230000000000002,5.897000000000001,0.27291827911319233
K2-379 b,K2-379,2.181,1.3506671834767394,0.0412999999999999,699.7,0.102,4603.0,0.856,5.05,0.39427561446134335
K2-38 b,K2-38,1.54,2.4849066497880004,0.197,1266.0,0.04994,5731.0,1.03,6.7,0.38917147335525215
K2-38 c,K2-38,2.29,1.5686159179138452,0.161,916.0,0.09514,5731.0,1.03,6.7,0.33705791736914076
K2-380 b,K2-380,2.729,1.1410330045520618,0.0021,939.6,0.102,5911.0,0.993,5.941999999999999,0.3043487334434162
K2-381 b,K2-381,1.075,1.8825138324965192,0.0512,631.0,0.102,4473.0,0.754,4.414,0.5061822631664846
K2-381 c,K2-381,2.0,1.4350845252893227,0.0321,518.588,0.102,4473.0,0.754,2.844,0.4537054355964006
K2-381 d,K2-381,1.689,1.6074359097634274,0.0321,531.897,0.102,4473.0,0.754,3.3920000000000003,0.49084580702817987
K2-382 b,K2-382,2.072,1.4011829736136412,0.0,604.9,0.102,5452.0,0.922,2.871,0.428781074263601
K2-383 b,K2-383,1.564,1.6882490928583902,0.0073999999999999,1269.1,0.102,5129.0,1.061,3.221,0.41192080591320396
K2-384 b,K2-384,1.076,1.8809906029559973,0.002956,612.6,0.102,3623.0,0.33,4.65401,0.7107035531993219
K2-384 c,K2-384,1.191,1.9344157696295785,0.01486,621.55,0.102,3623.0,0.33,5.766,0.7104702292263901
K2-384 d,K2-384,1.392,1.81319474994812,0.02107,398.1,0.102,3623.0,0.33,5.722,0.7378306752515219
K2-384 e,K2-384,1.345,1.8484548129046003,0.02107,381.32,0.102,3623.0,0.33,5.173699999999999,0.744145202820947
K2-384 f,K2-384,2.222,1.332366019094335,0.0972,433.9,0.102,3623.0,0.33,4.688000000000001,0.6205358737261231
K2-385 b,K2-385,1.539,1.7029282555214391,0.0689,1175.76,0.102,4844.0,0.927,7.095000000000001,0.4081442675489616
K2-386 b,K2-386,2.32,1.2919836816486496,0.024,887.4220000000001,0.102,5749.0,0.911,7.124,0.34202501220798476
K2-387 b,K2-387,7.322,0.4643627493556498,0.2238,439.082,0.102,3572.0,0.57,5.2722,0.34606397646300513
K2-388 b,K2-388,3.9,0.8501509293696101,0.0915,874.0,0.102,5310.0,0.9300000000000002,6.349,0.2772950146776271
K2-389 b,K2-389,2.33,1.2864740258376797,0.067,932.0,0.102,5773.0,0.99,6.087000000000001,0.3253679527394692
K2-389 c,K2-389,2.04,1.415853163361435,0.0899,753.809,0.102,5782.0,0.8019999999999999,10.59,0.3641313996431865
K2-39 b,K2-39,6.27704,0.6575200029167942,0.0,1670.0,0.05708,4881.0,0.6599999999999999,6.7,0.22305016789649554
K2-390 b,K2-390,4.662,0.7227059828014898,0.1577,1119.0,0.102,5558.0,0.7889999999999999,10.1287,0.21847430614301971
K2-391 b,K2-391,1.371,1.827769906751088,0.0195,1155.5,0.102,5543.0,0.7569999999999999,9.585,0.41426834725796197
K2-392 b,K2-392,1.85,1.5129270120532563,0.0591999999999999,807.8,0.102,5726.0,0.841,10.635,0.38463153552364726
K2-393 b,K2-393,2.352,1.2781522025001877,0.0338,898.007,0.102,5678.0,0.881,10.655,0.3172404147933646
K2-394 b,K2-394,1.692,1.6054298910365616,0.024,643.0,0.102,4938.0,0.478,7.961000000000003,0.4839851588692553
K2-395 b,K2-395,2.597,1.1878434223960523,0.1079,938.4509999999998,0.102,5007.0,0.952,5.860200000000001,0.30369601613662406
K2-395 c,K2-395,3.395,0.9555114450274363,0.0217,737.223,0.102,5007.0,0.952,4.0355,0.3210848024532624
K2-396 b,K2-396,1.579,1.6770965609079151,0.1069,1453.4,0.102,5236.0,0.954,4.6654,0.3853868766346994
K2-396 c,K2-396,3.124,1.0260415958332745,0.1753999999999999,625.9979999999999,0.102,5236.0,0.954,8.27,0.3176757598885944
K2-397 b,K2-397,2.417,1.252762968495368,0.0898,990.9,0.102,5387.0,0.9370000000000002,8.112,0.31001456385006465
K2-398 b,K2-398,2.274,1.3110318766193438,0.0108,1304.3,0.102,5946.0,0.945,7.875,0.3129764895962073
K2-398 c,K2-398,5.098,0.6657759837638133,0.1654,830.975,0.102,5946.0,0.945,8.264999999999999,0.25147140610792307
K2-4 b,K2-4,2.1,1.3862943611198906,0.08,563.0,0.078,4014.73,0.635026,4.664,0.4154094376216966
K2-400 b,K2-400,1.163,1.9213246735826988,0.0127599999999999,606.15,0.102,3578.0,0.374,6.975,0.6677678534648139
K2-401 b,K2-401,2.262,1.316408233655724,0.0465999999999999,767.571,0.102,4213.0,0.87,6.143,0.3763869367358864
K2-402 b,K2-402,2.678,1.1600209167967532,0.0361,849.6,0.102,5716.0,0.944,10.327000000000002,0.29883092794704036
K2-403 b,K2-403,5.333,0.6371057896763205,0.236,949.0,0.102,5511.0,0.784,7.1656,0.2324241730064685
K2-404 b,K2-404,2.53,1.208960345836975,0.0853,469.7600000000001,0.102,3748.0,0.552,3.901,0.42806313603288954
K2-405 b,K2-405,4.569,0.7371640659767197,0.1457999999999999,969.0,0.102,4927.0,1.034,3.9892,0.25473794833611524
K2-406 b,K2-406,4.602,0.7323678937132266,0.15733,707.2610000000001,0.102,5784.0,0.798,7.7582,0.28588290539329897
K2-407 b,K2-407,1.283,1.9021075263969205,0.0,940.372,0.102,5563.0,0.881,3.374,0.459365904569932
K2-407 c,K2-407,1.36,1.8389610707123487,0.0364,799.1800000000001,0.102,5563.0,0.881,6.077,0.4687601641510159
K2-408 b,K2-408,1.677,1.6134299337036375,0.1237,671.626,0.102,5335.0,0.813,8.094,0.44406609659789015
K2-409 b,K2-409,2.482,1.229640551074514,0.1352,1481.24,0.102,5742.0,0.886,12.35,0.242435473767429
K2-411 b,K2-411,0.9898,1.8421356765531216,0.0078,1388.8200000000002,0.0511,5711.0,1.018,6.863999999999999,0.40916026362332203
K2-412 b,K2-412,2.116,1.3812818192963463,0.0444,1081.3,0.0586,5590.0,0.893,9.885,0.3228231793350591
K2-413 b,K2-413,0.7599,1.713797927758343,0.177,1552.9,0.0117,4116.0,0.808,3.374,0.3349356919362009
K2-413 c,K2-413,1.2327,1.9473377010464987,0.045,791.046,0.0426,4116.0,0.808,5.558999999999999,0.45776515702611836
K2-414 b,K2-414,1.219,1.9473377010464987,0.0084999999999999,800.1,0.0487,4343.0,0.8139999999999998,8.257000000000001,0.4646265501143284
K2-414 c,K2-414,1.9287,1.4701758451005928,0.033,745.1859999999999,0.0552,4343.0,0.8139999999999998,6.842999999999999,0.40134315195423176
K2-415 b,K2-415,1.015,1.269760544863939,0.1256999999999999,412.4,0.027,3173.0,0.1635,5.0667,0.5041168675282676
K2-416 b,K2-416,2.66,1.269760544863939,0.0772,447.0,0.0879999999999999,3746.0,0.548,1.5090100000000004,0.4084395656160223
K2-417 b,K2-417,3.31,1.269760544863939,0.06896,558.0,0.063,3861.0,0.569,1.84001,0.3590743687117087
K2-419 A b,K2-419 A,10.55,0.6502396795486688,0.042,377.0,0.1208,3711.0,0.562,7.4,0.41264462441148125
K2-42 b,K2-42,2.15,1.3635373739972745,0.0184,671.707,0.0617,4613.0,0.702,7.033,0.3965687169377543
K2-43 b,K2-43,4.51,0.7466879474879752,0.07,939.3,0.03784,3840.6,0.571,4.684599999999999,0.2518055305744579
K2-43 c,K2-43,2.42,1.252762968495368,0.0,1093.7,0.102,3840.6,0.571,4.819,0.3565333524257401
K2-44 b,K2-44,2.433,1.247032293786383,0.0,1211.0,0.06,5912.0,1.15,4.784800000000001,0.2994030883840412
K2-45 b,K2-45,6.71,0.5080216964332565,0.1,1073.56,0.0224,4103.0,0.503,6.267,0.20880320149789627
K2-46 b,K2-46,2.05,1.410986973710262,0.0094,889.0,0.13821,6256.0,0.96,4.5159,0.3683564263258456
K2-47 b,K2-47,1.89,1.4906543764441331,0.0381,471.7,0.1779,5054.0,0.75,6.655999999999999,0.4943880480296916
K2-48 b,K2-48,2.24,1.324418957401803,0.0,513.5,0.1344,4899.0,0.77,5.446,0.4470577996482208
K2-49 b,K2-49,1.93,1.4701758451005928,0.0303,746.2470000000001,0.0309,4175.0,0.51,4.561999999999999,0.3931329385988732
K2-5 b,K2-5,1.91,1.4816045409242156,0.0598999999999999,565.0,0.0532,3930.0,0.61,3.196,0.43451189767552384
K2-5 c,K2-5,2.26,1.316408233655724,0.0371,456.0,0.0818,3930.0,0.61,4.211,0.4324629253063683
K2-50 b,K2-50,1.59,1.6695918352538477,0.0,519.3,0.0704999999999999,4326.0,0.611,3.966,0.5010941496785617
K2-52 b,K2-52,18.0,1.269760544863939,0.0078,2004.0,0.054,7147.0,1.6909999999999998,1.7434,0.19654918040275537
K2-53 b,K2-53,2.6,1.184789984909162,0.0,665.0,0.098,5263.0,0.851,4.3062,0.3733110751681325
K2-54 b,K2-54,2.6116925,1.181727195378616,0.24,560.0,0.0761,3990.0,0.615,4.523,0.3481434819757425
K2-55 b,K2-55,4.43,1.33500106673234,0.07,900.0,0.03486,4300.0,0.688,5.9671,0.28563813732687143
K2-57 b,K2-57,2.30905002,1.2947271675944,0.25,635.8,0.0752,4413.0,0.6990000000000001,6.8,0.3553238551873813
K2-58 b,K2-58,2.68,1.1568811967920856,0.0,846.9,0.0692,5413.0,0.89,4.794,0.32519972233850136
K2-58 c,K2-58,1.62,1.6505798557652755,0.0,1170.4,0.035,5413.0,0.89,4.628,0.3990695435639219
K2-58 d,K2-58,1.71,1.5933085305042167,0.0,562.8,0.1517,5413.0,0.89,4.136,0.4973867383556792
K2-59 b,K2-59,2.41,1.2556160374777745,0.002,527.7,0.1354,5055.0,0.7740000000000001,5.126,0.4296645240764432
K2-59 c,K2-59,2.3,1.297463147413275,0.033,668.201,0.0905,5055.0,0.7740000000000001,5.719,0.39082105697694347
K2-6 b,K2-6,2.5,1.2208299213923592,0.0,615.0,0.1898,5850.0,0.97,3.656999999999999,0.39396616433340065
K2-60 b,K2-60,7.655747,0.9932517730102834,0.0,1400.0,0.045,5500.0,0.97,10.0,0.2116471185384843
K2-61 b,K2-61,1.92,1.4770487243883548,0.0,1325.0,0.0392,5748.0,0.97,3.749,0.3538641421735513
K2-62 b,K2-62,2.02,1.425515074273172,0.0144,666.0,0.0636,4455.0,0.67,4.229999999999999,0.41294111622242535
K2-62 c,K2-62,1.99,1.4398351280479205,0.0184,495.0,0.1148,4455.0,0.67,2.8325,0.46594400571080374
K2-63 b,K2-63,3.22,1.0043016091968684,0.0287,897.9200000000001,0.1627,6771.0,1.4,1.743,0.2769699012387814
K2-63 c,K2-63,3.9,0.8501509293696101,0.0,892.1,0.189,6771.0,1.4,1.61,0.27410993780728754
K2-64 b,K2-64,2.07,1.4011829736136412,0.0351999999999999,810.6,0.0619,5312.0,0.7410000000000001,7.043999999999999,0.3769366039329139
K2-65 b,K2-65,1.58,1.6770965609079151,0.0,679.4,0.1014,5213.0,0.87,2.939,0.4762802828051071
K2-66 b,K2-66,2.49,2.174751721484161,0.0,1372.0,0.05983,5887.0,1.11,5.047000000000001,0.3462009729426587
K2-68 b,K2-68,1.58,1.6770965609079151,0.0072,671.02,0.0708,4746.0,0.73,4.986,0.47321437747596334
K2-69 b,K2-69,2.32,1.2919836816486496,0.0687,512.784,0.0591,4127.0,0.551,4.681,0.41461711173143345
K2-7 b,K2-7,4.03523305,0.8241754429663495,0.24,786.0,0.1867,5700.0,1.056,8.6,0.26405823743682416
K2-70 b,K2-70,2.89,1.091923300517313,0.0,736.9,0.1112,5622.0,0.94,4.119,0.34342145154829246
K2-71 b,K2-71,2.15,1.3635373739972745,0.15,513.4,0.0559,4006.0,0.477,4.51,0.42601449744874703
K2-72 b,K2-72,1.08,1.884034745337226,0.11,443.338,0.04,3360.47,0.271365,5.711,0.5295459995531022
K2-72 c,K2-72,1.16,1.918392120161421,0.11,324.22,0.078,3360.47,0.271365,4.73801,0.6891397192592472
K2-72 d,K2-72,1.01,1.854734268389444,0.11,419.0,0.05,3360.47,0.271365,4.476,0.5476787422138627
K2-72 e,K2-72,1.29,1.8961194845522973,0.11,278.07000000000005,0.106,3360.47,0.271365,3.68701,0.8488098494019335
K2-73 b,K2-73,2.58,1.33500106673234,0.0558,968.0,0.07619,5867.0,1.02,5.258,0.3084355714874653
K2-73 c,K2-73,13.0,1.3506671834767394,0.27013,186.1,0.102,5867.0,1.02,5.545,0.3572784530749831
K2-74 b,K2-74,2.31,1.2947271675944,0.0,720.4,0.1402,6060.0,0.96,0.766,0.35182894111516466
K2-75 b,K2-75,2.67,1.1631508098056809,0.2167,1116.4,0.081,5995.0,1.16,5.899800000000001,0.2530908079074391
K2-75 c,K2-75,2.77,1.128171090909654,0.1702,824.3,0.1429,5995.0,1.16,5.925800000000001,0.2912959553113098
K2-77 b,K2-77,2.4996027,1.269760544863939,0.29,806.0,0.0753,5160.0,0.847,4.7,0.3036012590434781
K2-79 b,K2-79,4.09,0.5481214085096876,0.23,1022.0,0.0988,5897.0,1.066,6.5,0.22294510939013779
K2-8 b,K2-8,3.58,0.9162907318741552,0.1672,631.0,0.0856,4870.0,0.78,3.4620000000000006,0.31278654513747794
K2-8 c,K2-8,2.41,1.2556160374777745,0.016,801.0,0.0532,4870.0,0.78,5.213,0.3452098875687809
K2-80 b,K2-80,2.01,1.430311246536665,0.0,633.7,0.135,5441.0,0.9,4.484,0.44331305483572314
K2-80 c,K2-80,1.47,1.752672080520008,0.0,958.98,0.0596,5441.0,0.9,4.483,0.438399422222427
K2-80 d,K2-80,2.55211506,1.2029723039923526,0.0,547.8,0.102,5377.0,0.913111,3.196,0.3953404875217582
K2-81 b,K2-81,1.97,1.449269160281279,0.06,793.908,0.059,4674.13,0.7452730000000001,4.770999999999999,0.38598984343008014
K2-83 b,K2-83,1.244,1.937301774518713,0.07,750.467,0.03014,3910.0,0.484,6.060699999999999,0.45839715669475406
K2-83 c,K2-83,1.483,1.7439688053917064,0.06,447.204,0.07131,3910.0,0.484,5.4497,0.5229577058217124
K2-84 b,K2-84,2.41,1.2556160374777745,0.0,972.5,0.0665,5652.0,0.95,4.373,0.3282194558571281
K2-84 c,K2-84,2.03,1.420695787837223,0.0,551.2,0.1768,5652.0,0.95,4.499999999999999,0.46817017010142664
K2-85 b,K2-85,1.4,1.9315214116032136,0.24,1355.0,0.013,4232.0,0.7,6.062499999999999,0.3730693011432976
K2-86 b,K2-86,1.96,1.4539530095937054,0.0,815.5,0.077,5482.0,0.79,4.447,0.4013546930596856
K2-87 b,K2-87,7.6,0.4459670514174942,0.1888999999999999,979.0,0.094,5747.0,1.164,4.8637,0.22191385622134333
K2-88 b,K2-88,1.23,1.94876321803772,0.26,461.543,0.0345,3537.0,0.258,5.155,0.48835471370029526
K2-89 b,K2-89,0.615,1.6134299337036375,0.15,836.344,0.01462,3691.0,0.347,6.755,0.3565788143014663
K2-9 b,K2-9,2.25,1.3190856114264409,0.152,314.0,0.091,3390.0,0.3,1.0,0.6447247397557155
K2-90 b,K2-90,2.6,1.184789984909162,0.07,502.0,0.096,4484.0,0.629,3.0850000000000004,0.39937154053263524
K2-90 c,K2-90,1.3,1.88706964903238,0.19,789.546,0.035,4421.98,0.704613,3.193,0.4394739163398316
K2-91 b,K2-91,1.1,1.8961194845522973,0.09,726.2,0.0164,3622.0,0.2919999999999999,3.191,0.4532705701201156
K2-95 b,K2-95,3.31,0.982078472412158,0.16,474.0,0.0525,3566.0,0.41,0.79,0.3361849646335589
K2-97 b,K2-97,13.45077684,0.3307415619122279,0.207,1566.0,0.0853999999999999,4673.0,1.17,7.5,0.18226450585942994
K2-98 b,K2-98,5.06645928,0.8754687373538999,0.119,1185.0,0.0986,6260.0,1.246,3.4,0.22564011151671243
K2-99 b,K2-99,11.88151954,0.6418538861723948,0.22,1184.0,0.153,6069.0,1.44,3.7,0.1934916889407641
K2-99 c,K2-99,12.6,2.119863456178752,0.21,390.0,1.4300000000000002,6069.0,1.44,3.7,0.3971158740712308
KELT-10 b,KELT-10,15.681391,0.2684992530350069,0.0351999999999999,1377.0,0.0525,5948.0,1.112,4.5,0.2160149493628688
KELT-11 b,KELT-11,15.13212395,0.0889262091944014,0.0,1712.0,0.0623,5375.0,1.44,4.65,0.22078470192626273
KELT-12 b,KELT-12,19.95202,0.1897935716326556,0.0,1800.0,0.06708,6279.0,1.5909999999999995,2.2,0.21465398579399664
KELT-14 b,KELT-14,19.537287,0.2791457414294945,0.0,1970.0,0.03005,5720.0,1.2390000000000003,5.11,0.21992297198237146
KELT-15 b,KELT-15,19.50366,0.3074846997479606,0.0,1642.0,0.04613,6003.0,2.06,3.837600000000001,0.21348694945265106
KELT-17 b,KELT-17,17.093725,0.3784364357202451,0.0733,2087.0,0.04881,7454.0,1.6350000000000002,0.65,0.15512247539511276
KELT-18 b,KELT-18,17.59813,0.3199072197465178,0.0,2085.0,0.0455,6670.0,1.524,1.9,0.20725753471450745
KELT-19 A b,KELT-19 A,21.40919,0.5561813254867879,0.0692,1935.0,0.0637,7500.0,1.62,0.9069999999999998,0.1607145037904173
KELT-2 A b,KELT-2 A,15.13215,0.6471032420585385,0.0,2080.0,0.05497,6327.0,1.54,3.97,0.21457931401617678
KELT-20 b,KELT-20,19.514869,0.5911144549947938,0.0,2262.0,0.0542,8720.0,1.7600000000000002,0.6,0.15314738426127117
KELT-21 b,KELT-21,17.777474,0.8064758658669486,0.0,2051.0,0.05224,7598.0,1.4579999999999995,1.6,0.18708331911327447
KELT-23 A b,KELT-23 A,14.829507,0.4074631107708374,0.0,1561.0,0.03302,5899.0,0.944,6.4,0.22046427059688634
KELT-24 b,KELT-24,12.71098411,1.589235205116581,0.0319,1391.0,0.0665,6426.0,1.268,1.98,0.21073305375510043
KELT-3 b,KELT-3,17.48604,0.5596157879354227,0.0,1816.0,0.04123,6304.0,1.96,3.0,0.21029269743524032
KELT-4 A b,KELT-4 A,19.044091,0.2053868297249507,0.0,1823.0,0.04317,6206.0,1.201,4.44,0.2163376856581845
KELT-6 b,KELT-6,14.5717,0.2390169004704999,0.22,1313.0,0.07939,6102.0,1.4199999999999997,6.1,0.1876036263686977
KELT-6 c,KELT-6,13.0,1.3737155789130306,0.21,671.954,2.390000000000001,6272.0,1.126,4.9,0.5821414028126687
KELT-7 b,KELT-7,17.9344,0.3660310388627573,0.0,2048.0,0.04415,6768.0,1.7600000000000002,1.3,0.191426767598388
KELT-8 b,KELT-8,18.15858,0.1544363533044189,0.04,1675.0,0.0455,5754.0,0.81,5.4,0.21338741355103694
KIC 10068024 b,KIC 10068024,13.4,0.8960880245566356,0.1009,1863.9,0.102,6118.4,1.22,0.56,0.17347839644311921
KIC 10525077 b,KIC 10525077,5.5,0.6178846960593984,0.188,356.0,0.102,6091.0,1.01,2.6182,0.32319716074601934
KIC 3558849 b,KIC 3558849,6.9,0.4928652983889978,0.0507,342.92,0.102,6175.0,0.98,3.4192,0.34938577775715723
KIC 5437945 b,KIC 5437945,6.4,0.532978428407124,0.0,308.0,1.19671,6340.0,1.07,5.01,0.536002451190425
KIC 5479689 b,KIC 5479689,14.2,0.2662030407746567,0.1048899999999999,1275.607,0.102,5459.1,0.966,4.265,0.2178462046622789
KIC 7917485 b,KIC 7917485,12.4,2.468099531471619,0.15,717.9,0.102,7067.0,1.63,1.4195,0.22964904663722663
KIC 8121913 b,KIC 8121913,13.4,0.924258901523332,0.1058,1619.2,0.102,5975.3,1.456,2.8990000000000005,0.20171044381943243
KIC 8540376 b,KOI-7892,4.1,0.8153648132841945,0.0509,743.0,0.102,6474.0,1.04,2.5360000000000005,0.29026991504069494
KIC 8540376 c,KOI-7892,2.4,1.258460989610006,0.0060999999999999,615.6,0.102,6474.0,1.04,1.5630000000000002,0.3658436690088839
KIC 9663113 b,KIC 9663113,4.6,0.7323678937132266,0.0,264.0,1.55346,6065.0,0.98,2.14,0.6200468989142282
KMT-2016-BLG-1105L b,KMT-2016-BLG-1105L,1.33,1.8594181177018696,0.251,292.98,2.44,5549.0,0.41,9.3445,0.5882667212846239
KMT-2016-BLG-1107L b,KMT-2016-BLG-1107L,13.1,1.2669476034873244,0.2742,672.2,0.342,5549.0,0.087,6.44,0.3080990080190795
KMT-2016-BLG-1836L b,KMT-2016-BLG-1836L,13.3,0.9669838461896731,0.2476,59.94,3.5000000000000004,5549.0,0.49,6.722,0.27191753011886827
KMT-2016-BLG-2321L b,KMT-2016-BLG-2321L,13.8,0.4891933236388768,0.2854599999999999,654.8,3.58,5549.0,0.73,5.9118,0.23233671489555324
KMT-2016-BLG-2364L b,KMT-2016-BLG-2364L,13.0,1.4182774069729414,0.491373,55.9,2.63,5549.0,0.5,6.938,0.2531913789620632
KMT-2016-BLG-2397L b,KMT-2016-BLG-2397L,13.2,1.0986122886681096,0.3537099999999999,64.25,3.64,5549.0,0.64,6.7780000000000005,0.26083706707390447
KMT-2017-BLG-0165L b,KMT-2017-BLG-0165L,6.45,0.5282725373697112,0.1941,662.5,3.45,5549.0,0.76,7.2637,0.24554026870851237
KMT-2017-BLG-0428L b,KMT-2017-BLG-0428L,2.23,1.3270750014599193,0.1427999999999999,319.88,1.8100000000000005,5549.0,0.3399999999999999,7.845000000000001,0.6102202443150126
KMT-2017-BLG-0673L b,KMT-2017-BLG-0673L,13.0,1.366091653802371,0.534773,137.25,2.34,5549.0,0.63,6.878,0.2785399480169276
KMT-2017-BLG-0849L b,KMT-2017-BLG-0849L,2.41,1.2556160374777745,0.0867999999999999,155.68,2.73,5549.0,0.19,7.627000000000001,0.38216495251586047
KMT-2017-BLG-1003L b,KMT-2017-BLG-1003L,2.13,1.3737155789130306,0.1456,353.1,1.3799999999999997,5549.0,0.32,8.355,0.7242203834418578
KMT-2017-BLG-1038L b,KMT-2017-BLG-1038L,13.4,0.9001613499442714,0.2477999999999999,188.01,1.8000000000000005,5549.0,0.37,6.286,0.504566191113238
KMT-2017-BLG-1057L b,KMT-2017-BLG-1057L,5.19,0.6544063522435147,0.2597,543.6,2.36,5549.0,0.57,7.754300000000001,0.29040490019286636
KMT-2017-BLG-1146L b,KMT-2017-BLG-1146L,14.0,0.3791211327685624,0.30901,662.4,1.6000000000000003,5549.0,0.33,5.229,0.48057896210081463
KMT-2017-BLG-1194L b,KMT-2017-BLG-1194L,1.7,1.601405740736836,0.1223,319.4,1.7800000000000002,5549.0,0.41,10.401,0.6757764982317668
KMT-2017-BLG-2331L b,KMT-2017-BLG-2331L,14.2,0.2836740510542421,0.34987,658.866,2.14,5549.0,0.4,3.9403,0.2821898546303152
KMT-2017-BLG-2509L b,KMT-2017-BLG-2509L,13.4,0.924258901523332,0.2502999999999999,174.53000000000003,2.14,5549.0,0.4600000000000001,6.722,0.36879333936719744
KMT-2018-BLG-0029L b,KMT-2018-BLG-0029L,2.67,1.1600209167967532,0.1352,577.2,4.27,5549.0,1.14,1.7856,0.316843936614455
KMT-2018-BLG-0030L b,KMT-2018-BLG-0030L,13.6,0.6981347220709844,0.25898,62.24,4.39,5549.0,0.51,6.586,0.27084886066396835
KMT-2018-BLG-0087L b,KMT-2018-BLG-0087L,10.1,0.3293037471426004,0.31799,652.601,0.87,5549.0,0.1,5.156000000000001,0.5094176758201994
KMT-2018-BLG-0247L b,KMT-2018-BLG-0247L,13.4,0.9282193027394288,0.2385999999999999,174.53000000000003,2.46,5549.0,0.2899999999999999,5.922,0.3263948239606348
KMT-2018-BLG-0748L b,KMT-2018-BLG-0748L,9.01,0.3722529739020508,0.2644999999999999,578.8,0.62,5549.0,0.087,5.607100000000001,0.42505413546909726
KMT-2018-BLG-1025L b,KMT-2018-BLG-1025L,2.34,1.2809338454620645,0.2206999999999999,675.25,1.305,5549.0,0.219,8.355,0.656431014015695
KMT-2018-BLG-1743L b,KMT-2018-BLG-1743L,10.5,0.3148107398400335,0.2630899999999999,659.5,1.449,5549.0,0.1929999999999999,5.1321,0.5423058245717136
KMT-2018-BLG-1976L b,KMT-2018-BLG-1976L,13.3,0.9745596399981308,0.31344,675.11,3.54,5549.0,0.65,6.448300000000001,0.22541692027193225
KMT-2018-BLG-1988L b,KMT-2018-BLG-1988L,2.22,1.332366019094335,0.1427999999999999,314.63,3.09,5549.0,0.4699999999999999,8.975,0.4510305120467535
KMT-2018-BLG-1990L b,KMT-2018-BLG-1990L,12.9,0.2499802052677694,0.184542,647.61,0.763,5549.0,0.094,4.9887,0.4832986643091737
KMT-2018-BLG-1996L b,KMT-2018-BLG-1996L,13.7,0.5538851132264376,0.19546,158.68,4.27,5549.0,0.69,6.022,0.28905008246503716
KMT-2018-BLG-2602L b,KMT-2018-BLG-2602L,13.7,0.5771750043075246,0.19874,173.54000000000002,3.81,5549.0,0.6599999999999999,7.086,0.3160457895333564
KMT-2019-BLG-0253L b,KMT-2019-BLG-0253L,2.99,1.0612565021243408,0.09,578.46,3.1,5549.0,0.7,9.011,0.3068480902806471
KMT-2019-BLG-0371L b,KMT-2019-BLG-0371L,12.6,2.0438143640366846,0.2739,668.8,0.79,5549.0,0.09,5.056,0.4793038692616135
KMT-2019-BLG-0414L b,KMT-2019-BLG-0414L,12.9,1.551808799597464,0.24293,668.01,1.16,5549.0,0.74,7.0943,0.5837148979061633
KMT-2019-BLG-0578L b,KMT-2019-BLG-0578L,13.7,0.596085467716814,0.2598399999999999,61.42999999999999,2.0,5549.0,0.28,6.286,0.3651827021145182
KMT-2019-BLG-0842L b,KMT-2019-BLG-0842L,3.19,1.007957920399979,0.0908,745.4,3.3100000000000005,5549.0,0.76,8.450999999999999,0.2735506430185259
KMT-2019-BLG-0953L b,KMT-2019-BLG-0953L,4.06,0.8197798314933114,0.2094,373.52,1.1,5549.0,0.28,6.81,0.651411824075351
KMT-2019-BLG-1042L b,KMT-2019-BLG-1042L,9.05,0.3701832939635246,0.2056479999999999,573.8,1.7000000000000002,5549.0,0.3,6.271,0.46714727860565386
KMT-2019-BLG-1216L b,KMT-2019-BLG-1216L,5.98,0.5698489642154517,0.2123999999999999,355.2,2.44,5549.0,0.39,8.189,0.306168829380789
KMT-2019-BLG-1339L b,KMT-2019-BLG-1339L,13.7,0.6141039732194924,0.25048,157.21,2.1500000000000004,5549.0,0.48,7.086,0.3371716111414583
KMT-2019-BLG-1367L b,KMT-2019-BLG-1367L,1.85,1.5129270120532563,0.1223,293.28,1.7000000000000002,5549.0,0.25,8.587,0.7448882749266574
KMT-2019-BLG-1552L b,KMT-2019-BLG-1552L,13.0,1.4398351280479205,0.3949,649.11,2.6000000000000005,5549.0,0.79,7.457299999999999,0.22866715459840595
KMT-2019-BLG-1715L b,KMT-2019-BLG-1715L,13.2,1.0784095813505905,0.29771,64.25,3.32,5549.0,0.61,6.343,0.26671269014490195
KMT-2019-BLG-1806L b,KMT-2019-BLG-1806L,2.0,1.43746264769429,0.141,633.8100000000001,3.0200000000000005,5549.0,0.74,9.573000000000002,0.3640598040555215
KMT-2019-BLG-1953L b,KMT-2019-BLG-1953L,14.1,0.3307415619122279,0.1470719999999999,721.6,0.102,5549.0,0.3099999999999999,6.2787,0.2675973111704809
KMT-2019-BLG-2783L b,KMT-2019-BLG-2783L,13.7,0.5810976767513224,0.18784,61.42999999999999,1.85,5549.0,0.3399999999999999,6.8287,0.4273426874544547
KMT-2019-BLG-2974L b,KMT-2019-BLG-2974L,11.4,0.2851789422336624,0.2561,668.71,2.0,5549.0,0.4699999999999999,5.0374,0.3276600286861061
KMT-2020-BLG-0414L b,KMT-2020-BLG-0414L,1.2,1.9387416595767009,0.251,313.9,2.07,5549.0,0.49,9.3445,0.6156253487014394
KMT-2021-BLG-0119L b,KMT-2021-BLG-0119L,12.8,1.7227665977411035,0.3005,619.4100000000001,2.9199999999999995,5549.0,0.56,6.8583,0.23817527538346858
KMT-2021-BLG-0171L b,KMT-2021-BLG-0171L,3.35,0.9707789171582246,0.3003,584.76,3.5000000000000004,5200.0,0.78,8.998000000000001,0.2675343414899286
KMT-2021-BLG-0192L b,KMT-2021-BLG-0192L,6.56,0.5193888544264786,0.1879479999999999,334.277,1.62,5549.0,0.27,7.2637,0.568494065913316
KMT-2021-BLG-0240L b,KMT-2021-BLG-0240L,9.6,0.3471295310952009,0.2134999999999999,530.4,2.8,5549.0,0.56,5.2363,0.2657203715755045
KMT-2021-BLG-0320L b,KMT-2021-BLG-0320L,6.2,0.5498540107334691,0.2586,548.5319999999999,1.54,5549.0,0.32,6.411,0.5358955172292841
KMT-2021-BLG-0322L b,KMT-2021-BLG-0322L,12.7,1.8656293177945105,0.2795799999999999,705.2,0.102,5549.0,0.62,7.4193,0.2532947054822064
KMT-2021-BLG-0712L b,KMT-2021-BLG-0712L,6.91,0.4922542381805553,0.2354,341.877,2.22,5549.0,0.22,6.688,0.3445139723681166
KMT-2021-BLG-0736L b,KMT-2021-BLG-0736L,4.86,0.6981347220709844,0.2269,362.7,4.0,5549.0,0.6000000000000001,8.189,0.298342255292733
KMT-2021-BLG-0748L b,KMT-2021-BLG-0748L,14.3,0.2382291887322506,0.3198,659.0600000000001,2.43,5549.0,0.36,3.349,0.24364597334908022
KMT-2021-BLG-0909L b,KMT-2021-BLG-0909L,13.7,0.6184236343640088,0.23148,189.91,1.75,5549.0,0.38,6.286,0.5309842928039346
KMT-2021-BLG-0912L b,KMT-2021-BLG-0912L,1.49,1.7351891177396608,0.3025,618.958,3.14,5549.0,0.8,11.218,0.3970593236898427
KMT-2021-BLG-1077L b,KMT-2021-BLG-1077L,9.86,0.3371862673548699,0.2849,647.4010000000001,1.26,5549.0,0.14,5.1321,0.5812199175680377
KMT-2021-BLG-1077L c,KMT-2021-BLG-1077L,10.6,0.3126185577418125,0.28419,659.0409999999999,0.9300000000000002,5549.0,0.14,4.6961,0.5332827132590674
KMT-2021-BLG-1105L b,KMT-2021-BLG-1105L,13.6,0.6434315883140125,0.26598,62.15,3.54,5549.0,0.63,7.086,0.27001338535822017
KMT-2021-BLG-1150L b,KMT-2021-BLG-1150L,13.9,0.4523486940070148,0.25416,551.8399999999999,4.5,5549.0,0.73,6.4893,0.25504189047933434
KMT-2021-BLG-1253L b,KMT-2021-BLG-1253L,4.59,0.7323678937132266,0.2296,355.2,1.5200000000000002,5549.0,0.24,7.389,0.5862666178994087
KMT-2021-BLG-1303L b,KMT-2021-BLG-1303L,13.6,0.2342812957246657,0.18786,176.11,2.89,5549.0,0.57,4.7067,0.32341316720047103
KMT-2021-BLG-1372L b,KMT-2021-BLG-1372L,9.12,0.3674170404706345,0.3227,589.5,2.37,5549.0,0.4199999999999999,6.2973,0.26186673391471194
KMT-2021-BLG-1391L b,KMT-2021-BLG-1391L,1.97,1.4516138272405332,0.1223,314.07,2.29,5549.0,0.37,7.845000000000001,0.5220570781894263
KMT-2021-BLG-1547L b,KMT-2021-BLG-1547L,13.6,0.7030975114131134,0.2861599999999999,656.72,4.5,5549.0,0.7199999999999999,6.6913,0.23189048185544944
KMT-2021-BLG-1689L b,KMT-2021-BLG-1689L,7.71,0.439544421761027,0.3137999999999999,613.5,2.5,4570.0,0.58,6.009299999999999,0.2415659206860359
KMT-2021-BLG-1898L b,KMT-2021-BLG-1898L,14.0,0.3818552424690306,0.3487699999999999,627.4,1.9,5549.0,0.48,5.6103,0.3592783332661943
KMT-2021-BLG-2010L b,KMT-2021-BLG-2010L,13.8,0.5370779949100564,0.1844599999999999,328.22,1.79,5549.0,0.37,6.6107,0.5053074527861396
KMT-2021-BLG-2294L b,KMT-2021-BLG-2294L,5.02,0.6760010217249748,0.2183,382.77,1.15,5549.0,0.14,6.81,0.6455272086871029
KMT-2021-BLG-2478L b,KMT-2021-BLG-2478L,13.9,0.4605844073292439,0.24566,61.42999999999999,1.85,5549.0,0.1999999999999999,5.8575,0.41984230543454504
KMT-2021-BLG-2609L b,KMT-2021-BLG-2609L,3.17,1.01160091167848,0.0965999999999999,353.5,2.3,5549.0,0.1999999999999999,7.81,0.3677378926170604
KMT-2022-BLG-0371L b,KMT-2022-BLG-0371L,10.9,0.3008450589780618,0.1926,436.692,3.0200000000000005,5549.0,0.63,6.0837,0.2811585982800451
KMT-2022-BLG-0440L b,KMT-2022-BLG-0440L,4.05,0.8197798314933114,0.172948,412.096,1.9,5549.0,0.53,8.701699999999999,0.4333416784154426
KMT-2022-BLG-1013L b,KMT-2022-BLG-1013L,12.1,0.2669690308542392,0.2469499999999999,664.9100000000001,1.3799999999999997,5549.0,0.18,5.471,0.5624654180771361
KMT-2022-BLG-1818L b,KMT-2022-BLG-1818L,13.0,1.430311246536665,0.3949,649.11,2.6000000000000005,5549.0,0.79,7.009299999999999,0.2286671545873497
KMT-2023-BLG-0119L b,KMT-2023-BLG-0119L,11.0,0.297137231222536,0.1808,657.1,3.14,5549.0,0.71,6.773700000000001,0.2452125042377744
KMT-2023-BLG-0416L b,KMT-2023-BLG-0416L,3.67,0.8960880245566356,0.1239,362.7,2.9600000000000004,5549.0,0.63,8.7,0.32117548259234135
KMT-2023-BLG-0469L b,KMT-2023-BLG-0469L,7.04,0.483043242753539,0.2347999999999999,432.48,2.31,5549.0,0.4699999999999999,6.688,0.3054086407817403
KMT-2023-BLG-0735L b,KMT-2023-BLG-0735L,6.97,0.487966329619908,0.2216,347.7,2.9600000000000004,5549.0,0.61,6.688,0.2941603849948168
KMT-2023-BLG-0830L b,KMT-2023-BLG-0830L,4.41,0.76080582903376,0.203948,350.0,1.7000000000000002,5549.0,0.22,7.389,0.5198122783899876
KMT-2023-BLG-0949L b,KMT-2023-BLG-0949L,12.8,1.7884205679625405,0.2987,619.4100000000001,2.03,5549.0,0.48,6.8583,0.32309616706692046
KMT-2023-BLG-1431L b,KMT-2023-BLG-1431L,3.76,0.8796267475025636,0.1268,420.954,3.2000000000000006,5549.0,0.57,9.070000000000002,0.311033557292822
KMT-2023-BLG-1454L b,KMT-2023-BLG-1454L,14.1,0.3314596947976687,0.34431,643.966,1.18,5549.0,0.1699999999999999,3.5700000000000003,0.5778321698744702
KMT-2023-BLG-1642L b,KMT-2023-BLG-1642L,13.8,0.5411608235620636,0.17626,328.22,1.41,5549.0,0.1699999999999999,6.6107,0.654498750203167
KMT-2023-BLG-1866L b,KMT-2023-BLG-1866L,1.43,1.7817091333745536,0.245,300.17999999999995,2.63,5549.0,0.51,9.3445,0.5587205690705023
KMT-2023-BLG-1896L b,KMT-2023-BLG-1896L,4.19,0.7975071958841881,0.1459299999999999,611.7900000000001,2.86,5549.0,0.7199999999999999,9.4387,0.2722838510434044
KMT-2023-BLG-2209L b,KMT-2023-BLG-2209L,13.9,0.418710334858185,0.31267,665.01,3.51,5549.0,0.73,5.9943,0.2274124330434129
KMT-2024-BLG-0176L b,KMT-2024-BLG-0176L,14.0,0.3947411447451887,0.30311,662.4,1.32,5549.0,0.103,5.229,0.5687490439911668
KMT-2024-BLG-0404L c,KMT-2024-BLG-0404L,4.33,0.7747271675523681,0.3213,736.26,0.102,5549.0,0.09,5.772,0.26371759462014777
KMT-2024-BLG-1209L b,KMT-2024-BLG-1209L,13.2,1.0986122886681096,0.38275,645.3,2.51,5549.0,0.77,6.6583,0.23461856087407337
KMT-2024-BLG-1281L b,KMT-2024-BLG-1281L,4.59,0.7323678937132266,0.2744,353.4,1.96,5549.0,0.32,7.389,0.40457124427546026
KMT-2024-BLG-1870L b,KMT-2024-BLG-1870L,13.8,0.532978428407124,0.21216,157.74,3.1500000000000004,5549.0,0.67,6.422,0.2869062245526806
KMT-2024-BLG-2059L b,KMT-2024-BLG-2059L,2.54,1.205970806988609,0.1038999999999999,249.47,2.55,5549.0,0.51,8.536999999999999,0.49876046491306536
KMT-2024-BLG-2087L b,KMT-2024-BLG-2087L,12.9,1.5195132049061133,0.5408630000000001,196.23,3.03,5549.0,0.48,6.938,0.325127594824965
KMT-2025-BLG-1616L b,KMT-2025-BLG-1616L,7.34,0.4624753628249439,0.153848,338.277,1.6000000000000003,5549.0,0.26,7.1637,0.5720972769308121
KOBE-1 b,KOBE-1,2.91,1.085189268335969,0.0,594.4,0.07006,4135.0,0.629,5.2865,0.3620401156741804
KOBE-1 c,KOBE-1,3.56,0.9202827531436926,0.0,392.5,0.16071,4135.0,0.629,4.873499999999999,0.44766375036486317
KOI-12 b,KOI-12,13.78707,0.5498540107334691,0.34,911.0,0.1539999999999999,6635.0,1.5,1.45,0.18786551609362326
KOI-134 b,KOI-134,12.03844527,0.7371640659767197,0.16,659.0,0.363,6160.0,1.407,2.4,0.28273950985195395
KOI-134 c,KOI-134,9.86,0.3371862673548699,0.24,756.04,0.2305,6160.0,1.407,2.4,0.2451676491328164
KOI-142 b,KOI-142,3.438,0.8285518175661483,0.05561,758.0,0.09586,5466.0,0.99,1.6,0.2928716674062912
KOI-142 c,KOI-142,14.0,0.3569748989477302,0.05724,641.7180000000001,0.154121003,5466.0,0.99,1.6,0.299675203608084
KOI-1599.01,KOI-1599,1.9,1.545432582458188,0.014,660.0,0.14728,5833.0,1.02,4.7,0.43851119772858255
KOI-1599.02,KOI-1599,1.9,2.105352923464337,0.0114,755.0,0.112293,5833.0,1.02,4.7,0.4508948058601156
KOI-1783.01,KOI-1783,8.86,0.4446858212614457,0.0,412.0,0.52661,5922.0,1.076,0.2,0.3660683890688047
KOI-1783.02,KOI-1783,5.44,0.412109650826833,0.0,321.0,0.8669499999999999,5922.0,1.076,0.2,0.5227774299296651
KOI-1831 d,Kepler-324,1.13,2.3933394562625097,0.0,475.0,0.19924,5233.0,0.901,3.39,0.5615098199473174
KOI-1833 d,Kepler-968,2.58,1.7047480922384253,0.0,613.0,0.0634,4413.0,0.6810000000000002,2.14,0.410159867008842
KOI-1843.03,Kepler-974,0.61,1.269760544863939,0.0809999999999999,1654.0,0.005,3584.0,0.4600000000000001,4.79,0.2915080821999653
KOI-217 b,KOI-217,12.442,1.269760544863939,0.0,1046.0,0.0477,5545.0,0.95,1.7,0.235477103056335
KOI-3503 b,KOI-3503,1.19,2.3978952727983707,0.0,785.0,0.14247,6001.0,0.858,11.48,0.45389611963519844
KOI-3503 c,KOI-3503,1.21,2.3978952727983707,0.0,686.0,0.18688,6001.0,0.858,11.48,0.4762084984205874
KOI-351 b,KOI-351,1.31,1.8794650496471603,0.0,1062.0,0.074,6080.0,1.2,0.53,0.4074789497297808
KOI-351 c,KOI-351,1.19,1.9315214116032136,0.0,987.0,0.089,6080.0,1.2,0.53,0.4144888606284923
KOI-351 d,KOI-351,2.87,1.0986122886681096,0.0,520.0,0.32,6080.0,1.2,0.53,0.36070384750159706
KOI-351 e,KOI-351,2.66,1.1662709371419244,0.0,450.0,0.4199999999999999,6080.0,1.2,0.53,0.3966127544228562
KOI-351 f,KOI-351,2.88,1.095273387402595,0.0,407.0,0.48,6080.0,1.2,0.53,0.40058992117967573
KOI-351 g,KOI-351,7.718,0.2406910887859967,0.0292,342.0,0.71704,6031.13,1.2419999999999998,0.53,0.42323670874422215
KOI-351 h,KOI-351,11.252,0.6480603754832048,0.0276,294.0,0.97062,6031.13,1.2419999999999998,0.53,0.5745531083947445
KOI-3680 b,KOI-3680,11.09691,1.2412685890696329,0.496,347.0,0.534,5830.0,1.01,3.2,0.37688662714595583
KOI-4777.01,KOI-4777,0.51,1.269760544863939,0.0,1180.0,0.008,3515.0,0.41,4.0,0.3079380151672576
KOI-4978 b,KOI-4978,0.7,1.6752256529721037,0.0073999999999999,1277.026,0.102,5050.28,0.8590000000000001,1.48,0.3706842582816247
KOI-7368 b,KOI-7368,2.22,1.332366019094335,0.0,805.0,0.0678,5241.0,0.8790000000000001,0.036,0.3296308787875024
KOI-7913 b,KOI-7913 A,2.34,1.2837077723447896,0.0,432.0,0.1456,4324.0,0.76,0.036,0.41667298373553396
KOI-94 b,KOI-94,1.71,2.4069451083182885,0.25,1486.0,0.05119,6182.0,1.277,3.16,0.3630986457876406
KOI-94 c,KOI-94,4.32,0.6471032420585385,0.43,1012.0,0.1013,6182.0,1.277,3.16,0.1992432484913022
KOI-94 d,KOI-94,11.27,0.3096881527143955,0.022,806.0,0.1684,6182.0,1.277,3.16,0.26825093844567893
KOI-94 e,KOI-94,6.56,0.4700036292457356,0.019,584.0,0.3046,6182.0,1.277,3.16,0.32251817203470556
KOI-984 b,KOI-984,4.3,0.7793248768009976,0.12,1022.0,0.0504,5295.0,0.9280000000000002,1.3,0.23058249190176025
KOI-984 c,KOI-984,14.1,0.3442986728706769,0.38,597.0,0.1467,5295.0,0.9280000000000002,1.3,0.26358396607811996
KPS-1 b,KPS-1,11.54527,0.8372475245337022,0.0,1459.0,0.0269,5165.0,0.8920000000000001,6.408,0.22242711019327893
Kapteyn c,Kapteyn,2.54,1.208960345836975,0.23,300.75,0.311,3550.0,0.281,2.385,0.4537361500986428
Kepler-10 b,Kepler-10,1.47,1.8779371654691075,0.0,2188.0,0.01685,5708.0,0.91,10.6,0.39918589024008283
Kepler-10 c,Kepler-10,2.355,1.749199854809259,0.136,579.0,0.241,5708.0,0.91,10.6,0.41355692513732606
Kepler-10 d,Kepler-10,3.49,0.9360933591703346,0.19,387.0,0.5379,5708.0,0.91,10.6,0.4131660508013761
Kepler-100 b,Kepler-100,1.34,2.592108569021155,0.13,1155.0,0.07309,5837.0,1.13,6.92,0.4085406962376402
Kepler-100 c,Kepler-100,2.2,1.0010369453168206,0.02,939.0,0.11061,5825.0,1.08,6.46,0.3242031549340606
Kepler-100 d,Kepler-100,1.61,1.3072300496606435,0.38,670.0,0.21747,5825.0,1.08,6.46,0.3916171977659439
Kepler-100 e,Kepler-100,5.27,0.6450068052320104,0.026437,571.7,0.312391586,5884.0,1.097,6.92,0.3384756630672548
Kepler-1000 b,Kepler-1000,4.76,0.708035793053696,0.0,473.0,0.5326,6453.0,1.4,1.26,0.35013745110473976
Kepler-1001 b,Kepler-1001,3.15,1.0224509277025458,0.0,693.0,0.11147,5491.0,0.9,4.68,0.33932244184505045
Kepler-1001 c,Kepler-1001,1.57799279,1.6770965609079151,0.0,804.0,0.08296,5376.0,0.9300000000000002,1.82,0.4465266458644762
Kepler-1002 b,Kepler-1002,1.71,1.5933085305042167,0.0,1453.0,0.0564,6144.0,1.22,4.07,0.37451050041659645
Kepler-1003 b,Kepler-1003,1.78,1.551808799597464,0.0,1157.0,0.04333,6109.0,1.11,3.16,0.37444147539373274
Kepler-1004 b,Kepler-1004,6.28,0.5429055172294024,0.0,1661.0,0.06791,4972.0,1.11,7.76,0.22305218447487737
Kepler-1005 b,Kepler-1005,1.5,1.7334238922150915,0.0,1026.0,0.06717,5782.0,1.0,6.17,0.42313515065747276
Kepler-1006 b,Kepler-1006,1.54,1.7047480922384253,0.0,791.0,0.1464,5328.0,0.78,4.27,0.47435676201146887
Kepler-1007 b,Kepler-1007,1.44,1.776645831418007,0.0,652.0,0.048,4587.0,0.73,4.17,0.4842913792111396
Kepler-1008 b,Kepler-1008,1.28,1.9035989509835904,0.0,627.0,0.09755,5066.0,0.81,6.76,0.5178445258917059
Kepler-1009 b,Kepler-1009,2.17,1.355835153635182,0.0,403.0,0.0796,4027.0,0.5900000000000001,3.16,0.4505083183053629
Kepler-101 b,Kepler-101,5.77,0.8960880245566356,0.086,1513.0,0.0474,5667.0,1.17,5.9,0.21897135296484527
Kepler-101 c,Kepler-101,1.25,2.4423470353692043,0.0,1413.0,0.0684,5667.0,1.17,5.9,0.42362663154730834
Kepler-1010 b,Kepler-1010,2.32,1.2919836816486496,0.0,477.0,0.1929999999999999,5253.0,0.86,4.79,0.45213098769869986
Kepler-1011 b,Kepler-1011,2.87,1.0986122886681096,0.0,920.0,0.0633,5416.0,0.91,4.47,0.30385276720248794
Kepler-1012 b,Kepler-1012,1.29,1.8961194845522973,0.0,934.0,0.06066,5556.0,0.95,3.72,0.45524863239135166
Kepler-1013 b,Kepler-1013,2.15,1.3635373739972745,0.0,766.0,0.137,4954.0,0.81,4.27,0.40478976170025777
Kepler-1014 b,Kepler-1014,2.39,1.264126727145683,0.0,614.0,0.121,5388.0,0.8800000000000001,4.79,0.3982229515702146
Kepler-1015 b,Kepler-1015,3.55,0.9202827531436926,0.0,1040.0,0.1345,6769.0,1.49,1.58,0.25090090083184147
Kepler-1016 b,Kepler-1016,2.18,1.3506671834767394,0.0,1540.0,0.03044,5821.0,0.99,3.89,0.3178479942473014
Kepler-1016 c,Kepler-1016,3.68,0.8919980393051105,0.0,407.0,0.4351900000000001,5821.0,0.99,3.89,0.420620048184163
Kepler-1017 b,Kepler-1017,1.99,1.4398351280479205,0.0,831.0,0.07196,5473.0,0.9300000000000002,2.95,0.3911663977329328
Kepler-1018 b,Kepler-1018,2.58,1.1939224684724346,0.0,498.0,0.253,5518.0,0.91,4.47,0.4208497570588512
Kepler-1019 b,Kepler-1019,1.46,1.7613002617433464,0.0,1164.0,0.0221,4433.0,0.7,3.55,0.4090089971124559
Kepler-102 d,Kepler-102,1.154,2.4595888418037104,0.092,686.0,0.08618,4909.0,0.8030000000000002,1.1,0.4675378687333944
Kepler-102 e,Kepler-102,2.17,1.252762968495368,0.089,590.0,0.1162,4909.0,0.8030000000000002,1.1,0.38926312007597513
Kepler-1020 b,Kepler-1020,2.28,1.308332819650179,0.0,325.0,0.37594,5227.0,0.87,3.63,0.611447119231427
Kepler-1021 b,Kepler-1021,2.33,1.2864740258376797,0.0,634.0,0.1034,5431.0,0.89,4.68,0.39520154493828774
Kepler-1022 b,Kepler-1022,2.36,1.275362800412609,0.0,512.0,0.0805,4445.0,0.71,3.63,0.41652133676983305
Kepler-1023 b,Kepler-1023,2.63,1.175573329804238,0.0,524.0,0.30284,5494.0,0.9300000000000002,4.47,0.43573414863106286
Kepler-1024 b,Kepler-1024,3.91,0.8458682675776092,0.0,376.0,0.3033,5143.0,0.81,5.25,0.4420960163683924
Kepler-1025 b,Kepler-1025,1.98,1.4445632692438664,0.0,1654.0,0.2160699999999999,6089.0,1.09,3.31,0.35406675647135966
Kepler-1026 b,Kepler-1026,2.21,1.3376291891386096,0.0,425.0,0.1977,4948.0,0.79,4.57,0.4907303887557159
Kepler-1027 b,Kepler-1027,0.89,1.790091412127358,0.0,1268.0,0.02911,5436.0,0.91,1.41,0.38899591468631595
Kepler-1028 b,Kepler-1028,1.33,1.8625285401162623,0.0,1217.0,0.0354,5522.0,0.9,4.68,0.4282677711563805
Kepler-1029 b,Kepler-1029,1.26,1.9242486522741336,0.0,790.0,0.047,5030.0,0.8200000000000001,4.07,0.47697898923131876
Kepler-103 b,Kepler-103,3.4857,0.924258901523332,0.171,973.0,0.133,6047.0,1.212,6.03,0.24809796590785327
Kepler-103 c,Kepler-103,5.4539,1.091923300517313,0.103,434.0,0.6679,6047.0,1.212,6.03,0.4015809355859798
Kepler-1030 b,Kepler-1030,2.48,1.229640551074514,0.0,529.0,0.1338,4983.0,0.8,4.37,0.4161327812511163
Kepler-1031 b,Kepler-1031,0.87,1.7783364488959144,0.0,2024.0,0.0218,6011.0,1.09,3.39,0.3898423104559312
Kepler-1032 b,Kepler-1032,1.87,1.5040773967762742,0.0,802.0,0.0361,4647.0,0.77,1.86,0.4013986215265231
Kepler-1033 b,Kepler-1033,2.51,1.2178757094949273,0.0,914.0,0.0761,5547.0,0.94,5.01,0.3248356381814578
Kepler-1034 b,Kepler-1034,2.26,1.316408233655724,0.0,675.0,0.0965,5198.0,0.83,4.79,0.39605326705870225
Kepler-1035 b,Kepler-1035,1.17,1.927164106234258,0.0,1301.0,0.03883,5763.0,0.98,4.47,0.4229074760790185
Kepler-1036 b,Kepler-1036,3.01,1.0577902941478543,0.0,326.0,0.47726,5533.0,0.95,3.24,0.5559245160962568
Kepler-1037 b,Kepler-1037,1.28,1.9035989509835904,0.0,1650.0,0.0198,5105.0,0.8200000000000001,5.13,0.4202604316624192
Kepler-1038 b,Kepler-1038,3.53,0.924258901523332,0.0,285.0,0.5238,5335.0,0.87,4.27,0.6829579675263215
Kepler-1038 c,Kepler-1038,1.4162338,1.7934247485471162,0.0,784.0,0.0692,5159.0,0.8680000000000001,14.0,0.4296929203906733
Kepler-1039 b,Kepler-1039,1.46,1.7613002617433464,0.0,2080.0,0.01714,4870.0,0.79,4.37,0.40319143036859456
Kepler-104 b,Kepler-104,3.1,1.622324127378673,0.0,852.0,0.094,5711.0,0.818,13.18,0.3102350491375617
Kepler-104 c,Kepler-104,3.13,1.3850072831903335,0.0,668.0,0.153,5711.0,0.818,13.18,0.32927142625239414
Kepler-104 d,Kepler-104,3.58,0.9815318811107804,0.0,515.0,0.257,5711.0,0.818,13.18,0.344750084692762
Kepler-1040 b,Kepler-1040,2.08,1.396244691973059,0.0,300.0,0.6724899999999999,5694.0,0.98,4.17,0.7097261816014835
Kepler-1041 b,Kepler-1041,2.94,1.0784095813505905,0.0,644.0,0.1688,5957.0,1.06,3.55,0.3456992848693654
Kepler-1042 b,Kepler-1042,2.19,1.3454723665996355,0.0,574.0,0.0756,4815.0,0.75,4.79,0.41804817532272653
Kepler-1043 b,Kepler-1043,2.55,1.2029723039923526,0.0,532.0,0.2159,5629.0,0.9200000000000002,4.47,0.40901731630173227
Kepler-1044 b,Kepler-1044,2.67,1.1631508098056809,0.0,1058.0,0.0741,5985.0,1.08,3.55,0.2945108809352699
Kepler-1045 b,Kepler-1045,2.69,1.1537315878891892,0.0,512.0,0.1616,5301.0,0.86,4.47,0.4032985406410658
Kepler-1046 b,Kepler-1046,1.71,1.5933085305042167,0.0,786.0,0.11858,5913.0,1.04,3.63,0.4353273745563106
Kepler-1047 b,Kepler-1047,2.09,1.3912819026309298,0.0,503.0,0.29871,5754.0,1.08,4.47,0.44999323147159037
Kepler-1047 c,Kepler-1047,0.99,1.8421356765531216,0.0,1309.0,0.04413,5754.0,1.08,4.47,0.4111622774621601
Kepler-1048 b,Kepler-1048,1.61,1.6563214983329508,0.0,619.0,0.059,4651.0,0.75,3.98,0.4721000141738261
Kepler-1049 b,Kepler-1049,0.95,1.8213182714696,0.0,625.0,0.0349,3864.0,0.51,3.8,0.4779178344131346
Kepler-105 b,Kepler-105,2.53,1.5432981099295553,0.02,1418.0,0.06016,5933.0,0.991,4.27,0.3078047801789712
Kepler-105 c,Kepler-105,1.44,2.4336133554004498,0.02,997.0,0.07229,5933.0,0.991,4.27,0.4393411049336867
Kepler-1050 b,Kepler-1050,1.6,1.66392609771817,0.0,1039.0,0.12353,6010.0,1.09,3.55,0.4152687063762086
Kepler-1050 c,Kepler-1050,1.48,1.7457155307266483,0.0,935.0,0.15264,6010.0,1.09,3.55,0.4436449558126173
Kepler-1051 b,Kepler-1051,3.4,0.959350221334602,0.0,850.0,0.18395,6675.0,1.4300000000000002,1.74,0.28441133628113846
Kepler-1052 b,Kepler-1052,2.93,1.0818051703517284,0.0,522.0,0.20988,5888.0,1.03,3.55,0.38665258038110045
Kepler-1052 c,Kepler-1052,2.3,1.297463147413275,0.0,302.0,0.6135,5818.0,0.9370000000000002,1.2,0.6427066523052676
Kepler-1053 b,Kepler-1053,0.98,1.837369980480108,0.0,953.0,0.0315,4529.0,0.74,3.09,0.43268853517026623
Kepler-1054 b,Kepler-1054,2.63,1.175573329804238,0.0,1177.0,0.05542,6209.0,1.22,2.82,0.2833182781717547
Kepler-1055 b,Kepler-1055,1.23,1.94876321803772,0.0,1304.0,0.0335,5723.0,0.98,3.09,0.42507731859266007
Kepler-1056 b,Kepler-1056,3.01,1.0577902941478543,0.0,590.0,0.1628999999999999,6127.0,1.12,2.95,0.35542623353694675
Kepler-1057 b,Kepler-1057,3.36,0.9631743177730056,0.0,724.0,0.1138,5987.0,1.07,3.09,0.32171640249781774
Kepler-1058 b,Kepler-1058,2.72,1.144222799920162,0.0,239.0,0.3678999999999999,4644.0,0.73,3.39,0.6138095922871769
Kepler-1059 b,Kepler-1059,1.73,1.5810384379124025,0.0,908.0,0.044,4906.0,0.75,5.37,0.40897947968291704
Kepler-106 b,Kepler-106,0.82,1.269760544863939,0.0,1021.0,0.06491,5858.0,1.0,4.83,0.36828272167637854
Kepler-106 c,Kepler-106,2.5,1.4539530095937054,0.0,785.0,0.10987,5858.0,1.0,4.83,0.361793069167849
Kepler-106 d,Kepler-106,0.95,1.269760544863939,0.0,649.0,0.16063,5858.0,1.0,4.83,0.4448356725619773
Kepler-106 e,Kepler-106,2.56,1.410986973710262,0.0,531.0,0.24006,5858.0,1.0,4.83,0.41879565128451646
Kepler-1060 b,Kepler-1060,2.38,1.2669476034873244,0.0,484.0,0.2495,5797.0,0.99,4.27,0.4293384209592549
Kepler-1061 b,Kepler-1061,1.98,1.4445632692438664,0.0,1332.0,0.0388,6067.0,1.09,2.14,0.34332175167796264
Kepler-1062 b,Kepler-1062,1.76,1.5644405465033646,0.0,583.0,0.0748,4597.0,0.75,2.45,0.4686911727922022
Kepler-1063 b,Kepler-1063,1.49,1.7404661748405044,0.0,931.0,0.1176,5945.0,1.09,3.39,0.4380280039526161
Kepler-1064 b,Kepler-1064,1.55,1.6974487897568138,0.0,570.0,0.1183,5153.0,0.8500000000000001,3.89,0.5057587720596483
Kepler-1065 b,Kepler-1065,3.73,0.8837675401685949,0.0,1092.0,0.0455,5635.0,0.94,4.47,0.2630546385457235
Kepler-1065 c,Kepler-1065,1.6,1.66392609771817,0.0,1256.0,0.0344,5635.0,0.94,4.47,0.3961605724596135
Kepler-1066 b,Kepler-1066,2.36,1.275362800412609,0.0,1290.0,0.0298,5762.0,0.98,3.8,0.30413838270832216
Kepler-1067 b,Kepler-1067,0.8,1.7387102481382395,0.0,1872.0,0.0164,5592.0,0.95,4.79,0.38268794375556586
Kepler-1067 c,Kepler-1067,1.74682428,1.5706970841176695,0.0,973.0,0.06069,5594.0,0.981,0.81,0.3770654674501306
Kepler-1068 b,Kepler-1068,3.63,0.904218150639886,0.0,702.0,0.13038,5806.0,1.01,4.17,0.32589824518392235
Kepler-1069 b,Kepler-1069,1.6,1.66392609771817,0.0,823.0,0.16587,5722.0,0.99,4.37,0.4434742630488426
Kepler-107 b,Kepler-107,1.536,1.916922612182061,0.1,1592.0,0.04544,5854.0,1.238,4.29,0.39679203547819575
Kepler-107 c,Kepler-107,1.597,2.6741486494265287,0.08,1378.0,0.06064,5854.0,1.238,4.29,0.39995133776444847
Kepler-107 e,Kepler-107,2.903,1.430311246536665,0.1,955.0,0.12638,5854.0,1.238,4.29,0.2992750950333651
Kepler-1070 b,Kepler-1070,1.73,1.5810384379124025,0.0,1101.0,0.06753,6261.0,1.21,2.75,0.3842532639319815
Kepler-1071 b,Kepler-1071,2.38,1.2669476034873244,0.0,814.0,0.0629,5215.0,0.86,4.27,0.3503456506513738
Kepler-1072 b,Kepler-1072,1.58,1.6770965609079151,0.0,1849.0,0.02742,6199.0,1.2,2.88,0.3871874191150506
Kepler-1073 b,Kepler-1073,2.3,1.297463147413275,0.0,905.0,0.0805,5792.0,1.0,3.72,0.3432607361005689
Kepler-1073 c,Kepler-1073,1.64,1.6389967146756448,0.0,1169.0,0.0483,5792.0,1.0,3.72,0.3955193619435819
Kepler-1073 d,Kepler-1073,1.48770949,1.7422190236679187,0.0,1369.0,0.0352,5509.0,0.924,3.72,0.4061460379433761
Kepler-1074 b,Kepler-1074,1.25,1.9329696377795784,0.0,568.0,0.0536,4002.0,0.6000000000000001,3.55,0.5175575201930617
Kepler-1075 b,Kepler-1075,1.42,1.790091412127358,0.0,818.0,0.0208,3959.0,0.56,2.95,0.4447162692317581
Kepler-1076 b,Kepler-1076,0.8,1.7387102481382395,0.0,770.0,0.0611,4868.0,0.79,3.72,0.44414626193663403
Kepler-1077 b,Kepler-1077,2.77,1.128171090909654,0.0,576.0,0.2101,5816.0,1.02,4.17,0.3823826661329214
Kepler-1078 b,Kepler-1078,1.9,1.4861396960896067,0.0,1122.0,0.0388,5612.0,0.94,4.37,0.3634864618838789
Kepler-1079 b,Kepler-1079,1.63,1.6428726885203375,0.0,887.0,0.1092,5758.0,1.08,6.61,0.42667663929762223
Kepler-108 b,Kepler-108,8.65,0.3886579897917831,0.22,669.0,0.2919999999999999,5854.0,1.247,3.89,0.26860965615762666
Kepler-108 c,Kepler-108,8.18,0.4127716832906025,0.04,426.0,0.7210000000000001,5854.0,1.247,3.89,0.3705664083762155
Kepler-1080 b,Kepler-1080,3.28,0.9858167945227652,0.0,548.0,0.3781,5956.0,1.1,3.89,0.35962376600242896
Kepler-1081 b,Kepler-1081,1.01,1.854734268389444,0.0,972.0,0.04662,5345.0,0.8800000000000001,4.68,0.43913176366725803
Kepler-1082 b,Kepler-1082,1.12,1.9035989509835904,0.0,1827.0,0.02571,5923.0,1.03,5.75,0.41523471395617395
Kepler-1083 b,Kepler-1083,3.36,0.9631743177730056,0.0,448.0,0.1899,5049.0,0.81,4.68,0.4070548350384597
Kepler-1084 b,Kepler-1084,1.11,1.8976198599275325,0.0,1737.0,0.0324,6113.0,1.12,4.07,0.4138663557567356
Kepler-1085 b,Kepler-1085,7.22,0.4712528486461674,0.0,313.0,0.7336099999999999,6000.0,1.11,3.39,0.5645833840230325
Kepler-1085 c,Kepler-1085,3.26817741,0.9858167945227652,0.0,491.0,0.2979800000000001,5816.0,1.05,1.07,0.3731714953612441
Kepler-1086 b,Kepler-1086,2.44,1.244154593958768,0.0,433.0,0.1198,4350.0,0.7,2.88,0.4401439904072015
Kepler-1086 c,Kepler-1086,2.94,1.0784095813505905,0.0,211.0,0.503,4350.0,0.7,2.88,0.7952101968687919
Kepler-1087 b,Kepler-1087,0.61,1.6074359097634274,0.0,2161.0,0.01554,5589.0,0.96,3.55,0.353809005510758
Kepler-1088 b,Kepler-1088,1.42,1.790091412127358,0.0,667.0,0.16163,5975.0,1.08,3.02,0.49493612592535663
Kepler-1089 b,Kepler-1089,1.83,1.5260563034950494,0.0,584.0,0.0497,3753.0,0.52,3.72,0.4557019238728199
Kepler-109 b,Kepler-109,2.49,0.9932517730102834,0.11,1276.0,0.0701,5950.0,1.094,6.2,0.260441401386492
Kepler-109 c,Kepler-109,2.65,1.2237754316221157,0.098,859.0,0.1546,5950.0,1.094,6.2,0.3084202953926485
Kepler-1090 b,Kepler-1090,2.25,1.3190856114264409,0.0,297.0,0.63323,5321.0,0.86,4.37,0.7111461062995412
Kepler-1090 c,Kepler-1090,3.29265785,0.9858167945227652,0.0,496.0,0.2262199999999999,5330.0,0.8690000000000001,12.59,0.3599407838826887
Kepler-1091 b,Kepler-1091,1.46,1.7613002617433464,0.0,1664.0,0.0252,5851.0,1.01,3.47,0.40451680460438755
Kepler-1092 b,Kepler-1092,2.07,1.4011829736136412,0.0,508.0,0.2996,5862.0,0.99,3.8,0.4657814825606735
Kepler-1093 b,Kepler-1093,1.95,1.4609379041156565,0.0,776.0,0.1754299999999999,6166.0,1.13,2.95,0.4036331525193305
Kepler-1093 c,Kepler-1093,1.96,1.4539530095937054,0.0,508.0,0.41037,6166.0,1.13,2.95,0.47165120745049494
Kepler-1094 b,Kepler-1094,3.18,1.007957920399979,0.0,480.0,0.3625,6112.0,1.14,3.09,0.3976949453506276
Kepler-1095 b,Kepler-1095,1.21,1.9401794743463283,0.0,1108.0,0.0514,5658.0,0.94,4.47,0.435550641356993
Kepler-1096 b,Kepler-1096,1.24,1.9416152247724323,0.0,794.0,0.034,4306.0,0.6599999999999999,3.8,0.4664051822951446
Kepler-1097 b,Kepler-1097,3.26,0.9932517730102834,0.0,267.0,0.5791,5211.0,0.8200000000000001,4.9,0.7498620979716346
Kepler-1098 b,Kepler-1098,1.3,1.88706964903238,0.0,1319.0,0.0358,5794.0,0.99,3.98,0.42394992434629813
Kepler-1099 b,Kepler-1099,2.83,1.1118575154181305,0.0,1558.0,0.0337,5837.0,1.01,3.63,0.26772150348847157
Kepler-11 b,Kepler-11,1.8,1.000631880307906,0.045,849.0,0.091,5663.0,0.961,8.5,0.36408921493811547
Kepler-11 c,Kepler-11,2.87,0.5068176023684519,0.026,786.0,0.107,5663.0,0.961,8.5,0.2908506913122133
Kepler-11 d,Kepler-11,3.12,0.8241754429663495,0.004,653.0,0.155,5663.0,0.961,8.5,0.3312666711005251
Kepler-11 e,Kepler-11,4.19,0.4574248470388754,0.012,582.0,0.195,5663.0,0.961,8.5,0.33168064391957125
Kepler-11 f,Kepler-11,2.49,0.5247285289349821,0.013,513.0,0.25,5663.0,0.961,8.5,0.3767312190679129
Kepler-11 g,Kepler-11,3.33,1.6094379124341005,0.15,376.0,0.466,5663.0,0.961,8.5,0.45015022402724586
Kepler-110 b,Kepler-110,1.83,1.5260563034950494,0.0,1008.0,0.107,5960.0,0.989,4.47,0.3857433145460481
Kepler-110 c,Kepler-110,2.21,1.3376291891386096,0.0,743.0,0.198,5960.0,0.989,4.47,0.38553261968280456
Kepler-1100 b,Kepler-1100,1.75,1.5686159179138452,0.0,1000.0,0.06745,6247.0,1.21,2.69,0.3918099278669429
Kepler-1101 b,Kepler-1101,2.47,1.2325602611778486,0.0,393.0,0.3482999999999999,5614.0,0.94,4.27,0.5071742834874629
Kepler-1102 b,Kepler-1102,2.66,1.1662709371419244,0.0,546.0,0.2731,5724.0,0.96,4.37,0.3985815045715056
Kepler-1103 b,Kepler-1103,2.27,1.3110318766193438,0.0,736.0,0.15336,6092.0,1.11,3.31,0.3717375250009167
Kepler-1104 b,Kepler-1104,1.23,1.94876321803772,0.0,1321.0,0.06321,6417.0,1.3,2.04,0.41781936640271755
Kepler-1105 b,Kepler-1105,2.01,1.430311246536665,0.0,729.0,0.0471,4299.0,0.71,8.71,0.397186733158733
Kepler-1106 b,Kepler-1106,1.65,1.631199404215613,0.0,2199.0,0.0239,6104.0,1.11,3.09,0.37989566291549903
Kepler-1107 b,Kepler-1107,1.34,1.854734268389444,0.0,1897.0,0.01285,5268.0,0.86,4.47,0.41745646636659717
Kepler-1108 b,Kepler-1108,1.46,1.7613002617433464,0.0,1063.0,0.0511,5406.0,0.8800000000000001,4.17,0.42600420103419473
Kepler-1109 b,Kepler-1109,2.19,1.3454723665996355,0.0,787.0,0.2466,5893.0,1.05,3.8,0.4009781394953482
Kepler-111 b,Kepler-111,1.58,1.6770965609079151,0.0,1356.0,0.046,5952.0,1.171,2.3,0.3940328198918618
Kepler-111 c,Kepler-111,7.0840758,1.4861396960896067,0.176,352.2,0.7509999999999999,5914.0,1.118,3.4,0.4545494288070731
Kepler-1110 b,Kepler-1110,2.66,1.1662709371419244,0.0,609.0,0.0754,4781.0,0.73,4.79,0.37121449346889723
Kepler-1111 b,Kepler-1111,2.0,1.4350845252893227,0.0,938.0,0.0872,6077.0,1.1,3.16,0.3730207195156708
Kepler-1112 b,Kepler-1112,3.02,1.0543120297715298,0.0,918.0,0.1239,6496.0,1.34,2.09,0.28723780779786656
Kepler-1113 b,Kepler-1113,2.81,1.118414915964289,0.0,558.0,0.2415,5931.0,1.12,3.55,0.38503705880546
Kepler-1114 b,Kepler-1114,1.35,1.8468787684491343,0.0,631.0,0.11056,5374.0,0.87,4.27,0.5124060832089137
Kepler-1115 b,Kepler-1115,1.7,1.599387576580599,0.0,1381.0,0.2134,8480.0,1.6000000000000003,1.12,0.3290044133577714
Kepler-1116 b,Kepler-1116,2.54,1.205970806988609,0.0,488.0,0.233,5641.0,0.95,4.9,0.4245526597964506
Kepler-1117 b,Kepler-1117,1.11,1.8976198599275325,0.0,938.0,0.05485,5612.0,0.95,4.27,0.450535403717796
Kepler-1118 b,Kepler-1118,2.74,1.1378330018213914,0.0,502.0,0.2079,5688.0,0.96,4.07,0.39964941000215765
Kepler-1119 b,Kepler-1119,1.92,1.4770487243883548,0.0,938.0,0.0812,6083.0,1.11,3.09,0.3777315563304815
Kepler-112 b,Kepler-112,2.36,1.275362800412609,0.0,809.0,0.076,5544.0,0.782,12.88,0.3205353269984367
Kepler-112 c,Kepler-112,2.4,1.258460989610006,0.0,538.0,0.172,5544.0,0.782,12.88,0.3803217148499566
Kepler-1120 b,Kepler-1120,1.38,1.8229350866965048,0.0,1027.0,0.0369,4904.0,0.78,4.68,0.43526228694868213
Kepler-1121 b,Kepler-1121,1.91,1.4816045409242156,0.0,1008.0,0.11818,6231.0,1.29,3.02,0.37177996940092645
Kepler-1122 b,Kepler-1122,2.04,1.415853163361435,0.0,526.0,0.2315,5544.0,0.9200000000000002,4.68,0.4581834808890936
Kepler-1123 b,Kepler-1123,1.67,1.6193882432872684,0.0,1061.0,0.0497,5500.0,0.9300000000000002,5.13,0.40191942037660733
Kepler-1124 b,Kepler-1124,1.28,1.9035989509835904,0.0,621.0,0.0305,3658.0,0.35,3.39,0.49449148660640174
Kepler-1125 b,Kepler-1125,1.84,1.5173226235262949,0.0,778.0,0.1348,5683.0,0.95,4.17,0.4161770463355487
Kepler-1126 b,Kepler-1126,1.73,1.5810384379124025,0.0,374.0,0.41251,5798.0,0.9200000000000002,5.5,0.5737936352935774
Kepler-1126 c,Kepler-1126,1.45,1.769854633840005,0.0,305.0,0.6193,5678.0,0.7940000000000002,12.3,0.7455161378866488
Kepler-1127 b,Kepler-1127,1.96,1.4539530095937054,0.0,994.0,0.0556,5664.0,0.97,4.37,0.3716832426877673
Kepler-1128 b,Kepler-1128,3.65,0.9001613499442714,0.0,424.0,0.302,5543.0,0.94,4.57,0.4201882930995807
Kepler-1129 b,Kepler-1129,2.96,1.0715836162801904,0.0,737.0,0.16481,5831.0,1.0,4.07,0.3380813170849465
Kepler-1129 c,Kepler-1129,2.73,1.1410330045520618,0.0,503.0,0.35367,5831.0,1.0,4.07,0.42894194602457003
Kepler-113 b,Kepler-113,1.82,2.462149662665384,0.0,775.0,0.05123,4725.0,0.75,6.89,0.45294777955785825
Kepler-113 c,Kepler-113,2.18,0.2686880731278604,0.0,628.0,0.07796,4725.0,0.75,6.89,0.3619156800021467
Kepler-1130 b,Kepler-1130,0.8,1.7387102481382395,0.0,904.0,0.05963,5403.0,0.9,1.58,0.4138288065163245
Kepler-1130 c,Kepler-1130,0.79239584,1.7334238922150915,0.0,1072.0,0.04238,5450.0,0.944,1.58,0.39228022533593043
Kepler-1130 d,Kepler-1130,0.64472273,1.6370530794670737,0.0,981.0,0.05068,5450.0,0.944,1.58,0.38019994820281583
Kepler-1131 b,Kepler-1131,1.59,1.6695918352538477,0.0,1159.0,0.0459,5851.0,1.03,4.17,0.4013877912352952
Kepler-1132 b,Kepler-1132,2.35,1.2781522025001877,0.0,384.0,0.2880999999999999,5298.0,0.87,4.57,0.4948706427445526
Kepler-1133 b,Kepler-1133,1.97,1.449269160281279,0.0,703.0,0.0983,5569.0,0.9300000000000002,4.07,0.4206577451075476
Kepler-1134 b,Kepler-1134,2.64,1.172482137234565,0.0,611.0,0.1242,5281.0,0.8400000000000001,4.9,0.38188882422297
Kepler-1135 b,Kepler-1135,1.85,1.5129270120532563,0.0,451.0,0.3436,5656.0,0.96,4.47,0.49191584984569364
Kepler-1136 b,Kepler-1136,1.64,1.6389967146756448,0.0,922.0,0.0299,4512.0,0.7199999999999999,3.24,0.4136509005245376
Kepler-1137 b,Kepler-1137,2.2,1.3428648031925547,0.0,1020.0,0.1871,6807.0,1.5,1.58,0.32014273828715306
Kepler-1138 b,Kepler-1138,1.7,1.599387576580599,0.0,1080.0,0.0415,5582.0,0.95,4.37,0.3955731148986325
Kepler-1139 b,Kepler-1139,1.19,1.9315214116032136,0.0,1693.0,0.01664,5550.0,0.94,4.47,0.41944788754997053
Kepler-114 b,Kepler-114,1.26,1.2612978709452054,0.0,586.0,0.053,4605.0,0.77,2.69,0.45844228217048
Kepler-114 c,Kepler-114,1.6,0.7793248768009976,0.0,507.0,0.06482,4660.0,0.56,2.69,0.4431694403220765
Kepler-114 d,Kepler-114,2.53,0.1988508587451652,0.0,446.0,0.08358,4660.0,0.56,2.69,0.3708753893170428
Kepler-1140 b,Kepler-1140,2.77,1.128171090909654,0.0,500.0,0.1478,4850.0,0.76,5.01,0.40646230162323005
Kepler-1141 b,Kepler-1141,0.82,1.749199854809259,0.0,1471.0,0.03496,5791.0,1.01,6.17,0.38675678913865924
Kepler-1142 b,Kepler-1142,1.47,1.752672080520008,0.0,902.0,0.1343,5685.0,0.97,5.37,0.443429940041289
Kepler-1143 b,Kepler-1143,1.67,1.6193882432872684,0.0,976.0,0.0371,5053.0,0.81,4.79,0.40906334667882954
Kepler-1143 c,Kepler-1143,3.6,0.9082585601768908,0.0,234.0,0.6477,5053.0,0.81,4.79,0.8169431381287726
Kepler-1144 b,Kepler-1144,1.99,1.4398351280479205,0.0,811.0,0.1291,5753.0,0.98,3.98,0.39796689369531474
Kepler-1145 b,Kepler-1145,1.4,1.8066480817218056,0.0,958.0,0.0443,5064.0,0.79,4.79,0.4423857266857326
Kepler-1146 b,Kepler-1146,1.23,1.94876321803772,0.0,1019.0,0.0325,4692.0,0.74,4.9,0.43913243444760786
Kepler-1147 b,Kepler-1147,2.61,1.181727195378616,0.0,872.0,0.0961,5941.0,1.09,3.8,0.32014030590758985
Kepler-1148 b,Kepler-1148,1.69,1.6054298910365616,0.0,1397.0,0.0188,5054.0,0.81,4.57,0.37976943523904655
Kepler-1149 b,Kepler-1149,1.44,1.776645831418007,0.0,1128.0,0.0473,5833.0,1.02,3.98,0.4196483891927378
Kepler-115 b,Kepler-115,1.09,1.88706964903238,0.0,1489.0,0.036,5979.0,1.042,4.17,0.41557977718909345
Kepler-115 c,Kepler-115,2.6,1.184789984909162,0.0,960.0,0.087,5979.0,1.042,4.17,0.3082839749354508
Kepler-1150 b,Kepler-1150,1.02,1.854734268389444,0.0,1432.0,0.0382,4754.0,0.76,4.68,0.4135218877457202
Kepler-1151 b,Kepler-1151,2.22,1.332366019094335,0.0,485.0,0.3197,5470.0,0.8800000000000001,4.37,0.5043121981566623
Kepler-1152 b,Kepler-1152,0.87,1.7783364488959144,0.0,806.0,0.0223,3964.0,0.55,3.47,0.4301988141176033
Kepler-1153 b,Kepler-1153,1.73,1.5810384379124025,0.0,1343.0,0.0277,5470.0,0.91,4.57,0.3778235945547676
Kepler-1154 b,Kepler-1154,2.34,1.2837077723447896,0.0,1314.0,0.0631,6327.0,1.26,2.29,0.3004413971431147
Kepler-1154 c,Kepler-1154,2.36,1.275362800412609,0.0,1117.0,0.0875,6327.0,1.26,2.29,0.3084233630632579
Kepler-1155 b,Kepler-1155,2.03,1.420695787837223,0.0,609.0,0.2006,5842.0,1.03,3.72,0.4392435523553777
Kepler-1156 b,Kepler-1156,1.32,1.871802176901592,0.0,787.0,0.09704,5778.0,1.0,4.47,0.4797332341092482
Kepler-1157 b,Kepler-1157,1.09,1.88706964903238,0.0,732.0,0.0448,4679.0,0.76,3.39,0.4795640514728741
Kepler-1158 b,Kepler-1158,2.34,1.2837077723447896,0.0,1079.0,0.12643,6203.0,1.41,2.88,0.3141618321542796
Kepler-1159 b,Kepler-1159,2.37,1.269760544863939,0.0,677.0,0.1603,6217.0,1.19,2.75,0.37496602308856464
Kepler-116 b,Kepler-116,3.42,0.9516578757114464,0.0,1251.0,0.069,6142.0,1.198,3.16,0.2542759755194155
Kepler-116 c,Kepler-116,2.3,1.297463147413275,0.0,964.0,0.116,6142.0,1.198,3.16,0.3320233965675356
Kepler-1160 b,Kepler-1160,2.14,1.3686394258811698,0.0,839.0,0.0755,5519.0,0.9200000000000002,4.57,0.3747909189254258
Kepler-1161 b,Kepler-1161,2.13,1.3737155789130306,0.0,485.0,0.0784,4253.0,0.5900000000000001,3.39,0.4344702832437866
Kepler-1162 b,Kepler-1162,2.21,1.3376291891386096,0.0,490.0,0.19,5390.0,0.89,4.37,0.45486740384604035
Kepler-1162 c,Kepler-1162,1.81,1.534714366238164,0.0,401.0,0.2832,5225.0,0.861,0.5,0.5164167529434606
Kepler-1163 b,Kepler-1163,1.03,1.860974538249528,0.0,1211.0,0.06868,6302.0,1.22,2.88,0.41560642525947056
Kepler-1164 b,Kepler-1164,1.12,1.9035989509835904,0.0,936.0,0.04635,5183.0,0.8500000000000001,3.63,0.4506363119344257
Kepler-1165 b,Kepler-1165,1.55,1.6974487897568138,0.0,946.0,0.0914,6080.0,1.13,3.24,0.42284594580688384
Kepler-1165 c,Kepler-1165,3.36093385,0.9631743177730056,0.0,644.0,0.1969,6249.0,1.13,0.3,0.29887233512417066
Kepler-1166 b,Kepler-1166,1.69,1.6054298910365616,0.0,486.0,0.1975,5446.0,0.9,4.9,0.5174759503638185
Kepler-1167 b,Kepler-1167,1.71,1.5933085305042167,0.0,1419.0,0.0175,4971.0,0.79,4.27,0.3760928820406575
Kepler-1168 b,Kepler-1168,2.5,1.2208299213923592,0.0,379.0,0.2663,5157.0,0.87,4.27,0.4950788610946865
Kepler-1169 b,Kepler-1169,0.94,1.8164520818184269,0.0,1125.0,0.06931,6191.0,1.2400000000000002,1.38,0.39952279820336556
Kepler-117 b,Kepler-117,8.059,0.262364264467491,0.0493,984.0,0.1445,6150.0,1.129,5.3,0.2368223360642837
Kepler-117 c,Kepler-117,12.341,1.007957920399979,0.0323,704.0,0.2804,6150.0,1.129,5.3,0.2917047519758982
Kepler-1170 b,Kepler-1170,2.41,1.2556160374777745,0.0,705.0,0.0879999999999999,5069.0,0.8,4.9,0.3709065728174199
Kepler-1172 b,Kepler-1172,3.2,1.0043016091968684,0.0,675.0,0.168,5558.0,0.9200000000000002,4.37,0.3485775408123309
Kepler-1173 b,Kepler-1173,0.89,1.790091412127358,0.0,1650.0,0.0156,5252.0,0.86,4.79,0.3952380122126445
Kepler-1174 b,Kepler-1174,1.59,1.6695918352538477,0.0,1156.0,0.0732,5936.0,1.04,3.55,0.4001289054216034
Kepler-1175 b,Kepler-1175,2.99,1.0647107369924282,0.0,515.0,0.2181,5453.0,0.9,4.17,0.40683725944832216
Kepler-1176 b,Kepler-1176,2.45,1.2383742310432684,0.0,595.0,0.1589,5844.0,1.01,3.8,0.3959290036778116
Kepler-1177 b,Kepler-1177,1.9,1.4861396960896067,0.0,377.0,0.4301,5712.0,0.98,4.47,0.5090534025558124
Kepler-1178 b,Kepler-1178,1.07,1.8809906029559973,0.0,378.0,0.1595999999999999,4990.0,0.8,4.68,0.5572968609569958
Kepler-1179 b,Kepler-1179,1.32,1.871802176901592,0.0,1137.0,0.03497,5212.0,0.8400000000000001,4.9,0.433884862899077
Kepler-118 b,Kepler-118,1.96,1.4539530095937054,0.0,784.0,0.073,5274.0,0.8110000000000002,13.9,0.3659557992589105
Kepler-118 c,Kepler-118,7.68,0.4408322519454557,0.0,564.0,0.141,5274.0,0.8110000000000002,13.9,0.29871375914482085
Kepler-1180 b,Kepler-1180,1.99,1.4398351280479205,0.0,765.0,0.1246,6077.0,1.09,3.09,0.3983824120969446
Kepler-1181 b,Kepler-1181,1.57,1.6845453849209058,0.0,1374.0,0.0621,6176.0,1.17,3.24,0.3927912815230793
Kepler-1181 c,Kepler-1181,1.83,1.5260563034950494,0.0,1124.0,0.0928,6688.0,1.336,3.24,0.36484212196051796
Kepler-1182 b,Kepler-1182,2.41,1.2556160374777745,0.0,796.0,0.0981,5924.0,1.04,3.39,0.3479054192482165
Kepler-1183 b,Kepler-1183,2.82,1.11514159061932,0.0,555.0,0.1793,5765.0,1.0,4.27,0.37304498777248685
Kepler-1184 b,Kepler-1184,2.68,1.1568811967920856,0.0,529.0,0.2863,5983.0,1.05,3.55,0.40464486216592643
Kepler-1185 b,Kepler-1185,1.33,1.8625285401162623,0.0,355.0,0.4296999999999999,5622.0,0.96,1.55,0.573801681646121
Kepler-1186 b,Kepler-1186,2.23,1.3270750014599193,0.0,724.0,0.1281,5635.0,0.95,4.47,0.3850942109464939
Kepler-1187 b,Kepler-1187,2.61,1.181727195378616,0.0,701.0,0.1401,5975.0,1.06,3.39,0.3543994014614461
Kepler-1188 b,Kepler-1188,2.08,1.396244691973059,0.0,775.0,0.135,5913.0,1.04,4.17,0.38787839251676526
Kepler-1189 b,Kepler-1189,1.77,1.55814461804655,0.0,1158.0,0.0467,6012.0,1.11,3.39,0.37786057478124596
Kepler-119 b,Kepler-119,3.6,0.9082585601768908,0.0,1213.0,0.035,5595.0,0.918,3.63,0.2560293949744256
Kepler-119 c,Kepler-119,0.92,1.8066480817218056,0.0,1016.0,0.049,5595.0,0.918,3.63,0.42217404837513584
Kepler-1190 b,Kepler-1190,1.33,1.8625285401162623,0.0,609.0,0.0845,4730.0,0.76,3.98,0.5197470148649626
Kepler-1191 b,Kepler-1191,1.51,1.724550719534605,0.0,952.0,0.0587,5308.0,0.8500000000000001,4.57,0.43205620894940777
Kepler-1192 b,Kepler-1192,2.36,1.275362800412609,0.0,600.0,0.1693,5438.0,0.86,4.47,0.40645662303178887
Kepler-1193 b,Kepler-1193,1.32,1.871802176901592,0.0,1453.0,0.04004,5908.0,1.08,5.01,0.4205205271578959
Kepler-1194 b,Kepler-1194,1.51,1.724550719534605,0.0,676.0,0.1212,5590.0,0.94,4.79,0.48454343183496806
Kepler-1195 b,Kepler-1195,2.08,1.396244691973059,0.0,702.0,0.0726,4965.0,0.74,4.47,0.40444341615830626
Kepler-1196 b,Kepler-1196,2.23,1.3270750014599193,0.0,436.0,0.3179,5756.0,0.98,3.98,0.47261070450526044
Kepler-1197 b,Kepler-1197,1.25,1.9329696377795784,0.0,1011.0,0.02869,4708.0,0.78,2.69,0.4396942524153209
Kepler-1198 b,Kepler-1198,1.47,1.752672080520008,0.0,830.0,0.0732,5517.0,0.9300000000000002,4.68,0.4560569349266536
Kepler-1199 b,Kepler-1199,1.15,1.913977101952304,0.0,931.0,0.11309,5889.0,0.94,7.76,0.45378471788154795
Kepler-12 b,Kepler-12,19.660586,0.1043600153242427,0.0,1480.0,0.0553,5947.0,1.166,4.0,0.2207736098602807
Kepler-120 b,Kepler-120,2.15,1.7404661748405044,0.0,575.0,0.055,4096.0,0.6540000000000001,3.63,0.44058178440700496
Kepler-120 c,Kepler-120,1.53,1.7119945007591926,0.0,455.0,0.0879999999999999,4096.0,0.6540000000000001,3.63,0.51428983561532
Kepler-1200 b,Kepler-1200,1.06,1.8779371654691075,0.0,1174.0,0.0188,4612.0,0.74,3.02,0.41896847359713196
Kepler-1201 b,Kepler-1201,2.29,1.3029127521808397,0.0,789.0,0.1183,6177.0,1.15,2.95,0.36275171817022484
Kepler-1202 b,Kepler-1202,2.94,1.0784095813505905,0.0,547.0,0.179,5834.0,1.03,4.17,0.38018122326035847
Kepler-1203 b,Kepler-1203,1.06,1.8779371654691075,0.0,1188.0,0.0114,4105.0,0.64,3.47,0.40960901829464924
Kepler-1204 b,Kepler-1204,3.05,1.0473189942805592,0.0,448.0,0.3877,5825.0,1.03,4.27,0.4367513368131433
Kepler-1205 b,Kepler-1205,1.41,1.7984040119467235,0.0,1667.0,0.0196,5226.0,0.8400000000000001,4.9,0.4110732883932173
Kepler-1206 b,Kepler-1206,1.64,1.6389967146756448,0.0,1314.0,0.0201,4877.0,0.8,3.55,0.38676888151489797
Kepler-1207 b,Kepler-1207,1.62,1.6505798557652755,0.0,802.0,0.1156,5909.0,1.06,3.63,0.43765054940073717
Kepler-1208 b,Kepler-1208,2.32,1.2919836816486496,0.0,665.0,0.0900999999999999,5001.0,0.8,4.47,0.39202444068857034
Kepler-1209 b,Kepler-1209,1.51,1.724550719534605,0.0,755.0,0.17515,6210.0,1.23,3.09,0.4628830511994057
Kepler-121 b,Kepler-121,2.34,1.2837077723447896,0.0,997.0,0.039,5311.0,0.8590000000000001,0.5,0.29736736285763077
Kepler-121 c,Kepler-121,2.27,1.3110318766193438,0.0,425.0,0.216,5311.0,0.8590000000000001,0.5,0.4489715426584238
Kepler-1210 b,Kepler-1210,1.7,1.599387576580599,0.0,856.0,0.0753,5568.0,0.94,5.13,0.42421157047891245
Kepler-1211 b,Kepler-1211,2.55,1.2029723039923526,0.0,840.0,0.09763,5705.0,0.96,4.17,0.33166915782843365
Kepler-1212 b,Kepler-1212,2.14,1.3686394258811698,0.0,795.0,0.1082,6051.0,1.1,3.24,0.3761835245955276
Kepler-1213 b,Kepler-1213,1.19,1.9315214116032136,0.0,1156.0,0.0602599999999999,6050.0,1.14,3.47,0.42792351246594384
Kepler-1214 b,Kepler-1214,2.36,1.275362800412609,0.0,591.0,0.128,5130.0,0.8500000000000001,4.68,0.40877611452049745
Kepler-1215 b,Kepler-1215,1.22,1.9444805562457188,0.0,1046.0,0.0528,5616.0,0.95,4.79,0.4414661051057938
Kepler-1216 b,Kepler-1216,1.39,1.8148247421590515,0.0,1191.0,0.0519,5743.0,0.99,4.07,0.422808867107774
Kepler-1217 b,Kepler-1217,1.99,1.4398351280479205,0.0,1542.0,0.0326,5905.0,1.06,3.8,0.3402781671158231
Kepler-1218 b,Kepler-1218,1.44,1.776645831418007,0.0,684.0,0.15698,5986.0,1.06,3.8,0.4842440636375255
Kepler-1219 b,Kepler-1219,2.12,1.3762440252663892,0.0,1159.0,0.14146,5944.0,1.25,4.37,0.3349615614239071
Kepler-122 b,Kepler-122,2.34,1.2837077723447896,0.0,1159.0,0.064,6050.0,0.982,7.94,0.3103551203781448
Kepler-122 c,Kepler-122,5.87,0.5810976767513224,0.0,897.0,0.108,6050.0,0.982,7.94,0.26450688443184567
Kepler-122 d,Kepler-122,2.2,1.3428648031925547,0.0,747.0,0.155,6050.0,0.982,7.94,0.3812548179625683
Kepler-122 e,Kepler-122,2.6,2.2679936482244267,0.0,618.0,0.227,6050.0,0.982,7.94,0.4351973993533499
Kepler-1220 b,Kepler-1220,1.52,1.717395053939193,0.0,899.0,0.0734,5842.0,1.0,3.63,0.4365030456446439
Kepler-1221 b,Kepler-1221,1.88,1.4973884086254774,0.0,632.0,0.0906,5194.0,0.87,4.57,0.44625213414784193
Kepler-1222 b,Kepler-1222,0.79,1.7334238922150915,0.0,1246.0,0.02801,5239.0,0.8400000000000001,4.37,0.3892216323003572
Kepler-1223 b,Kepler-1223,1.22,1.9444805562457188,0.0,557.0,0.1186,4870.0,0.8,3.63,0.5358159414791881
Kepler-1224 b,Kepler-1224,1.33,1.8625285401162623,0.0,872.0,0.11625,6155.0,1.18,2.34,0.459520437581346
Kepler-1225 b,Kepler-1225,1.82,1.5303947050936475,0.0,1453.0,0.0771,6140.0,1.13,3.02,0.36277576058068245
Kepler-1226 b,Kepler-1226,1.45,1.769854633840005,0.0,809.0,0.13945,5923.0,1.02,3.72,0.4599811455863899
Kepler-1227 b,Kepler-1227,2.29,1.3029127521808397,0.0,369.0,0.38555,5747.0,0.97,4.17,0.5070945783058661
Kepler-1228 b,Kepler-1228,1.54,1.7047480922384253,0.0,1757.0,0.01186,5063.0,0.78,5.13,0.39480531513882994
Kepler-1229 b,Kepler-1229,1.4,1.8066480817218056,0.0,212.0,0.3006,3784.0,0.54,3.72,0.8374331477672814
Kepler-123 b,Kepler-123,2.94,2.5649493574615367,0.0,817.0,0.135,6089.0,1.079,5.01,0.3766671891446943
Kepler-123 c,Kepler-123,1.48,1.7457155307266483,0.0,706.0,0.181,6089.0,1.079,5.01,0.4758171085900015
Kepler-1230 b,Kepler-1230,2.71,1.1474024528375415,0.0,946.0,0.0921,5961.0,1.06,3.47,0.30485619520662255
Kepler-1231 b,Kepler-1231,1.42,1.790091412127358,0.0,870.0,0.0914,5778.0,1.01,4.17,0.4539154735064531
Kepler-1232 b,Kepler-1232,1.93,1.4701758451005928,0.0,523.0,0.1654499999999999,5471.0,0.9200000000000002,4.79,0.4783732342022413
Kepler-1233 b,Kepler-1233,2.6,1.184789984909162,0.0,604.0,0.263,6198.0,1.16,2.88,0.3833077615333374
Kepler-1234 b,Kepler-1234,2.81,1.118414915964289,0.0,625.0,0.096,4967.0,0.8,4.37,0.362707621348885
Kepler-1235 b,Kepler-1235,0.79,1.7334238922150915,0.0,985.0,0.04836,5541.0,0.9300000000000002,4.57,0.40868966537311135
Kepler-1236 b,Kepler-1236,2.14,1.3686394258811698,0.0,480.0,0.1803,5337.0,0.86,4.07,0.46488079612816924
Kepler-1237 b,Kepler-1237,2.86,1.1019400787607845,0.0,366.0,0.3778,5472.0,0.94,4.57,0.4814119362259098
Kepler-1238 b,Kepler-1238,1.93,1.4701758451005928,0.0,1389.0,0.0541,6386.0,1.3,2.14,0.34420565709103423
Kepler-1239 b,Kepler-1239,2.9,1.0885619528146082,0.0,1183.0,0.0625,6564.0,1.4,1.62,0.25684356429111754
Kepler-124 b,Kepler-124,0.73,1.695615608675153,0.0,892.0,0.039,4984.0,0.7060000000000001,1.82,0.40654452726624507
Kepler-124 c,Kepler-124,1.75,1.5686159179138452,0.0,560.0,0.1,4984.0,0.7060000000000001,1.82,0.47574962964940365
Kepler-124 d,Kepler-124,1.11,1.8976198599275325,0.0,428.0,0.1699999999999999,4984.0,0.7060000000000001,1.82,0.5633541716423105
Kepler-1240 b,Kepler-1240,1.15,1.913977101952304,0.0,1121.0,0.05791,5682.0,0.98,4.07,0.43192929182818995
Kepler-1241 b,Kepler-1241,2.63,1.175573329804238,0.0,612.0,0.1336,5261.0,0.8400000000000001,4.68,0.3819070716214965
Kepler-1242 b,Kepler-1242,2.26,1.316408233655724,0.0,639.0,0.1039,4895.0,0.77,5.62,0.40478085892099963
Kepler-1243 b,Kepler-1243,1.75,1.5686159179138452,0.0,690.0,0.1256,5667.0,0.96,4.37,0.4563960691201628
Kepler-1244 b,Kepler-1244,1.35,1.8468787684491343,0.0,1839.0,0.0502,6680.0,1.46,1.7,0.3998245491783397
Kepler-1245 b,Kepler-1245,1.44,1.776645831418007,0.0,1043.0,0.0484,5306.0,0.86,4.57,0.43064612523374624
Kepler-1245 c,Kepler-1245,1.44,1.776645831418007,0.0,1190.0,0.0372,5306.0,0.86,4.57,0.4189202357770889
Kepler-1246 b,Kepler-1246,1.36,1.8389610707123487,0.0,554.0,0.0848,4611.0,0.73,3.89,0.525369495490281
Kepler-1247 b,Kepler-1247,2.33,1.2864740258376797,0.0,676.0,0.1091,5303.0,0.86,4.68,0.38950048865263204
Kepler-1248 b,Kepler-1248,1.18,1.9300710850255671,0.0,1035.0,0.0806,6149.0,1.21,1.51,0.4277189136921926
Kepler-1249 b,Kepler-1249,2.38,1.2669476034873244,0.0,647.0,0.167,6202.0,1.19,2.82,0.37855202804103166
Kepler-125 b,Kepler-125,2.37,1.269760544863939,0.0,590.0,0.041,3810.0,0.542101,1.09,0.3691750498066656
Kepler-125 c,Kepler-125,0.74,1.6992786164338898,0.0,529.0,0.051,3810.0,0.542101,1.09,0.46389800224349487
Kepler-1250 b,Kepler-1250,1.92,1.4770487243883548,0.0,1431.0,0.0393,5717.0,0.99,4.57,0.3509032734401535
Kepler-1251 b,Kepler-1251,1.84,1.5173226235262949,0.0,487.0,0.2478,5545.0,0.9200000000000002,4.79,0.5044135855383214
Kepler-1252 b,Kepler-1252,1.67,1.6193882432872684,0.0,665.0,0.1078,5949.0,1.06,3.89,0.4641572134037686
Kepler-1253 b,Kepler-1253,1.33,1.8625285401162623,0.0,501.0,0.31444,5850.0,0.97,7.08,0.5452162261436261
Kepler-1254 b,Kepler-1254,1.55,1.6974487897568138,0.0,660.0,0.0833,4985.0,0.78,5.62,0.483722560449626
Kepler-1254 c,Kepler-1254,1.3,1.88706964903238,0.0,927.0,0.0422,4985.0,0.78,5.62,0.4545098304961728
Kepler-1254 d,Kepler-1254,1.31,1.8794650496471603,0.0,794.0,0.0574999999999999,4985.0,0.78,5.62,0.4778863098470181
Kepler-1255 b,Kepler-1255,2.32,1.2919836816486496,0.0,694.0,0.2226,6018.0,1.08,3.55,0.38434844366715515
Kepler-1256 b,Kepler-1256,1.49,1.7404661748405044,0.0,933.0,0.10733,6129.0,1.17,3.72,0.4326289699094784
Kepler-1257 b,Kepler-1257,1.52,1.717395053939193,0.0,1252.0,0.0376,5502.0,0.9,4.37,0.40613049476355795
Kepler-1258 b,Kepler-1258,0.86,1.7732559976634952,0.0,2335.0,0.01824,5839.0,0.99,3.89,0.38966834549816726
Kepler-1259 b,Kepler-1259,1.43,1.7817091333745536,0.0,1681.0,0.0141,5053.0,0.8,5.25,0.40666387837999834
Kepler-126 b,Kepler-126,1.52,1.911397819759946,0.07,1009.0,0.099,6239.0,1.108,3.39,0.42259390774330413
Kepler-126 c,Kepler-126,1.58,0.9915970714130556,0.19,790.0,0.162,6239.0,1.108,3.39,0.36599635036444983
Kepler-126 d,Kepler-126,2.5,2.965215229345225,0.02,475.0,0.448,6239.0,1.108,3.39,0.4760184910581873
Kepler-1260 b,Kepler-1260,1.77,1.55814461804655,0.0,823.0,0.1444,5961.0,1.06,3.8,0.4176622090866171
Kepler-1261 b,Kepler-1261,2.26,1.316408233655724,0.0,396.0,0.239,5006.0,0.8200000000000001,4.47,0.49856754819979765
Kepler-1262 b,Kepler-1262,1.82,1.5303947050936475,0.0,949.0,0.083,5771.0,0.99,4.27,0.3963841546199884
Kepler-1263 b,Kepler-1263,1.14,1.9095425048844383,0.0,907.0,0.0499,5213.0,0.8400000000000001,4.9,0.45599682938205005
Kepler-1264 b,Kepler-1264,1.18,1.9300710850255671,0.0,1677.0,0.01839,5791.0,0.99,4.17,0.41816090093061925
Kepler-1265 b,Kepler-1265,1.35,1.8468787684491343,0.0,732.0,0.0612,4630.0,0.71,5.25,0.48493287852689176
Kepler-1266 b,Kepler-1266,2.58,1.1939224684724346,0.0,489.0,0.16431,5044.0,0.8,5.13,0.42545678825415817
Kepler-1266 c,Kepler-1266,1.68023962,1.6114359150967734,0.0,881.0,0.0506,4996.0,0.7910000000000001,7.24,0.421229302086856
Kepler-1267 b,Kepler-1267,3.01,1.0577902941478543,0.0,774.0,0.1057,6096.0,1.15,3.24,0.3190863062402592
Kepler-1268 b,Kepler-1268,2.03,1.420695787837223,0.0,627.0,0.2383,5904.0,1.06,4.27,0.4310073507602116
Kepler-1269 b,Kepler-1269,1.63,1.6428726885203375,0.0,657.0,0.23611,5998.0,1.1,3.55,0.46990023853458773
Kepler-127 b,Kepler-127,1.4,1.8066480817218056,0.47,884.0,0.125,6106.0,1.248,2.69,0.38955423508888243
Kepler-127 c,Kepler-127,2.66,1.1662709371419244,0.03,698.0,0.1999999999999999,6106.0,1.248,2.69,0.34553128383214265
Kepler-127 d,Kepler-127,2.64,1.172482137234565,0.03,590.0,0.28,6106.0,1.248,2.69,0.3740332053153464
Kepler-1270 b,Kepler-1270,3.32,0.9745596399981308,0.0,1598.0,0.07045,5047.0,1.2800000000000002,4.37,0.2513412537896089
Kepler-1271 b,Kepler-1271,1.48,1.7457155307266483,0.0,1484.0,0.04233,6143.0,1.13,3.63,0.40155121276679806
Kepler-1272 b,Kepler-1272,2.37,1.269760544863939,0.0,542.0,0.2705,5926.0,1.06,3.89,0.41128171989474566
Kepler-1273 b,Kepler-1273,2.49,1.2267122912954256,0.0,573.0,0.1857,5566.0,0.94,4.47,0.41201267390109686
Kepler-1274 b,Kepler-1274,1.42,1.790091412127358,0.0,1384.0,0.0816099999999999,6179.0,1.45,2.88,0.4088629462469835
Kepler-1275 b,Kepler-1275,1.48,1.7457155307266483,0.0,1368.0,0.0488,6296.0,1.23,2.51,0.40139715334337284
Kepler-1276 b,Kepler-1276,1.19,1.9315214116032136,0.0,886.0,0.10863,6188.0,1.14,3.09,0.4574233480257526
Kepler-1277 b,Kepler-1277,1.6,1.66392609771817,0.0,496.0,0.2185699999999999,5578.0,0.94,5.01,0.5288376432759913
Kepler-1278 b,Kepler-1278,1.01,1.854734268389444,0.0,1213.0,0.04417,6074.0,1.11,3.31,0.41486792899064545
Kepler-1279 b,Kepler-1279,1.75,1.5686159179138452,0.0,738.0,0.1785,6221.0,1.21,2.82,0.43242297949763375
Kepler-128 b,Kepler-128,1.421,2.1069152833430635,0.0,968.0,0.12545,6072.0,1.184,4.07,0.4457394055472324
Kepler-128 c,Kepler-128,1.521,1.830649198124911,0.037,843.0,0.16517,6072.0,1.184,4.07,0.44941562041500327
Kepler-1280 b,Kepler-1280,1.87,1.5040773967762742,0.0,757.0,0.33982,6227.0,1.2,2.82,0.4233536851348814
Kepler-1281 b,Kepler-1281,1.64,1.6389967146756448,0.0,1123.0,0.0415,5353.0,0.87,4.37,0.399687415831068
Kepler-1282 b,Kepler-1282,1.55,1.6974487897568138,0.0,1418.0,0.0335,5504.0,0.9200000000000002,4.57,0.3987482803387305
Kepler-1283 b,Kepler-1283,1.91,1.4816045409242156,0.0,764.0,0.1062,6175.0,1.16,2.88,0.4035875676610172
Kepler-1284 b,Kepler-1284,1.21,1.9401794743463283,0.0,1703.0,0.0143,5123.0,0.8400000000000001,4.47,0.41851615814289916
Kepler-1285 b,Kepler-1285,0.97,1.8309801823813363,0.0,874.0,0.12758,6170.0,1.2,2.75,0.44395557914262623
Kepler-1286 b,Kepler-1286,2.15,1.3635373739972745,0.0,888.0,0.0991,5753.0,1.0,4.17,0.36258815207109335
Kepler-1287 b,Kepler-1287,1.54,1.7047480922384253,0.0,796.0,0.0976,5715.0,0.96,4.07,0.455065923979163
Kepler-1288 b,Kepler-1288,1.12,1.9035989509835904,0.0,2017.0,0.04135,6132.0,1.2,2.88,0.4143704850759519
Kepler-1289 b,Kepler-1289,1.52,1.717395053939193,0.0,1113.0,0.0785,6080.0,1.1,2.95,0.41233025286584024
Kepler-129 b,Kepler-129,2.4,2.2082744135228043,0.01,910.0,0.13,5770.0,1.178,6.43,0.384912510291902
Kepler-129 c,Kepler-129,2.52,2.760009940032921,0.2,525.0,0.39,5770.0,1.178,6.43,0.43495865587065224
Kepler-129 d,Kepler-129,12.6,2.110213200346589,0.15,143.35000000000002,4.0,5770.0,1.178,6.43,0.34932877845831023
Kepler-1290 b,Kepler-1290,1.42,1.790091412127358,0.0,1098.0,0.0557,5660.0,0.95,4.07,0.42559182989392585
Kepler-1291 b,Kepler-1291,1.66,1.623340817603092,0.0,739.0,0.0779,5216.0,0.8400000000000001,4.9,0.4534828246622874
Kepler-1292 b,Kepler-1292,1.82,1.5303947050936475,0.0,1195.0,0.0443,5556.0,0.95,4.68,0.37238207405883234
Kepler-1293 b,Kepler-1293,0.97,1.8309801823813363,0.0,1183.0,0.06763,6241.0,1.18,2.82,0.4098978694762718
Kepler-1294 b,Kepler-1294,3.19,1.007957920399979,0.0,401.0,0.4684,5776.0,0.99,3.98,0.40891733815574116
Kepler-1295 b,Kepler-1295,1.55,1.6974487897568138,0.0,1029.0,0.0464,5486.0,0.9200000000000002,4.68,0.4184464720594078
Kepler-1296 b,Kepler-1296,0.91,1.80005827204275,0.0,1285.0,0.0896,5359.0,0.87,4.17,0.40476367908829414
Kepler-1297 b,Kepler-1297,0.97,1.8309801823813363,0.0,1790.0,0.0283,5818.0,0.99,4.17,0.40394918772259897
Kepler-1298 b,Kepler-1298,1.31,1.8794650496471603,0.0,1373.0,0.0814,6339.0,1.45,2.57,0.4178869819998907
Kepler-1299 b,Kepler-1299,2.98,1.0647107369924282,0.0,588.0,0.1357,5609.0,0.94,4.37,0.36368626232990664
Kepler-130 b,Kepler-130,1.02,1.854734268389444,0.15,982.0,0.079,5884.0,0.927,5.89,0.4112067901455602
Kepler-130 c,Kepler-130,2.9,1.0885619528146082,0.0,683.0,0.178,5879.0,1.0,5.89,0.34703661866653
Kepler-1300 b,Kepler-1300,1.37,1.8309801823813363,0.0,954.0,0.16005,6130.0,1.29,3.55,0.4441886248467138
Kepler-1301 b,Kepler-1301,1.4,1.8066480817218056,0.0,734.0,0.0815,5188.0,0.8500000000000001,4.9,0.4825805206359725
Kepler-1302 b,Kepler-1302,1.43,1.7817091333745536,0.0,778.0,0.0795,5236.0,0.86,4.68,0.47345769695894907
Kepler-1303 b,Kepler-1303,1.42,1.790091412127358,0.0,891.0,0.0751,5771.0,1.01,4.47,0.44940089302354996
Kepler-1304 b,Kepler-1304,2.29,1.3029127521808397,0.0,715.0,0.1202,5259.0,0.8500000000000001,4.68,0.3732036088270898
Kepler-1305 b,Kepler-1305,1.88,1.4973884086254774,0.0,733.0,0.1108999999999999,5701.0,0.97,4.37,0.423288514830591
Kepler-1306 b,Kepler-1306,1.91,1.4816045409242156,0.0,678.0,0.123,5727.0,0.98,4.57,0.4335721241654008
Kepler-1307 b,Kepler-1307,2.47,1.2325602611778486,0.0,768.0,0.1369,5884.0,1.06,4.07,0.36066099293359904
Kepler-1309 b,Kepler-1309,2.37,1.269760544863939,0.0,491.0,0.1679,5235.0,0.8500000000000001,4.27,0.4508250755046897
Kepler-131 b,Kepler-131,2.41,1.9459101490553128,0.0,718.0,0.12789,5685.0,1.02,3.66,0.4235773273770916
Kepler-1310 b,Kepler-1310,1.44,1.776645831418007,0.0,1883.0,0.01452,5549.0,0.91,4.17,0.40714937975745275
Kepler-1311 b,Kepler-1311,1.24,1.9416152247724323,0.0,1019.0,0.1008199999999999,5748.0,1.05,7.59,0.44313073744234927
Kepler-1311 c,Kepler-1311,1.22,1.9444805562457188,0.0,1671.0,0.03753,5748.0,1.05,7.59,0.4193816621215768
Kepler-1311 d,Kepler-1311,9.65837605,0.3450071390710503,0.0,391.0,0.68434,5616.0,1.032,7.59,0.4018155147088919
Kepler-1312 b,Kepler-1312,2.1,1.3862943611198906,0.0,978.0,0.06053,5719.0,0.99,2.0,0.35530490186494446
Kepler-1312 c,Kepler-1312,1.02732734,1.8594181177018696,0.0,1659.0,0.02103,5721.0,0.983,0.89,0.38918960611827624
Kepler-1313 b,Kepler-1313,1.76,1.5644405465033646,0.0,1012.0,0.04619,5453.0,0.9200000000000002,2.69,0.3947772389603752
Kepler-1314 b,Kepler-1314,5.11,0.664233170395303,0.0,625.0,0.0504,4188.0,0.6000000000000001,6.03,0.378704196434878
Kepler-1315 b,Kepler-1315,1.38,1.8229350866965048,0.0,1541.0,0.01617,4861.0,0.8,3.47,0.4121781155724521
Kepler-1315 c,Kepler-1315,1.84398883,1.5173226235262949,0.0,777.0,0.0635,4818.0,0.8090000000000002,1.62,0.41262202159549516
Kepler-1316 b,Kepler-1316,3.54,0.924258901523332,0.0,446.0,0.3976499999999999,5884.0,1.04,5.13,0.3986704556917822
Kepler-1317 b,Kepler-1317,1.56,1.6882490928583902,0.0,1796.0,0.0128,5144.0,0.83,4.79,0.3925659439987579
Kepler-1318 b,Kepler-1318,3.11,1.0296194171811583,0.0,202.0,0.6085,4598.0,0.73,4.57,0.7743757507877582
Kepler-1319 b,Kepler-1319,1.34,1.854734268389444,0.33,557.0,0.0296,3655.0,0.56,5.37,0.45814574379713224
Kepler-132 b,Kepler-132,1.21,1.9401794743463283,0.0,1082.0,0.067,6003.0,0.929,4.37,0.4349965352769686
Kepler-132 c,Kepler-132,1.28,1.9035989509835904,0.0,1069.0,0.068,6003.0,0.929,4.37,0.43687425396072377
Kepler-132 d,Kepler-132,1.55,1.6974487897568138,0.0,758.0,0.136,6003.0,0.929,4.37,0.45849830818980464
Kepler-132 e,Kepler-132,1.18,1.9300710850255671,0.0,414.0,0.43927,6023.0,1.03,4.37,0.5877811321650531
Kepler-1320 b,Kepler-1320,1.7,1.599387576580599,0.0,1389.0,0.0163,4817.0,0.8,3.16,0.3767440507009252
Kepler-1321 b,Kepler-1321,4.92,0.6891391591624065,0.0,408.0,0.0781,4094.0,0.54,4.17,0.36096531355181033
Kepler-1321 c,Kepler-1321,2.4,1.258460989610006,0.0,697.0,0.0267,4094.0,0.54,4.17,0.35377599606283877
Kepler-1321 d,Kepler-1321,2.62843782,1.175573329804238,0.0,509.0,0.0501,3640.0,0.513,6.26,0.3707246562159576
Kepler-1322 b,Kepler-1322,1.61,1.6563214983329508,0.0,1666.0,0.0183,5488.0,0.9,4.47,0.38808294018965545
Kepler-1322 c,Kepler-1322,2.15492527,1.3609765531356006,0.0,883.0,0.0652,5704.0,0.8969999999999999,0.4,0.32955264499661774
Kepler-1323 b,Kepler-1323,1.52,1.717395053939193,0.0,2291.0,0.01911,6169.0,1.18,3.55,0.393948111695006
Kepler-1324 b,Kepler-1324,1.51,1.724550719534605,0.0,895.0,0.0466,4776.0,0.78,2.88,0.4381870776782554
Kepler-1325 b,Kepler-1325,2.86,1.1019400787607845,0.0,564.0,0.2004,5550.0,0.9300000000000002,4.79,0.38569620900652546
Kepler-1326 b,Kepler-1326,4.18,0.8020015854720274,0.0,938.0,0.2743,6725.0,1.45,1.7,0.26880314558797563
Kepler-1327 b,Kepler-1327,1.8,1.541159071680806,0.0,831.0,0.11151,5885.0,1.02,4.07,0.41637849711498853
Kepler-1328 b,Kepler-1328,0.98,1.837369980480108,0.0,1214.0,0.052,5780.0,1.0,4.57,0.4143019699817783
Kepler-1329 b,Kepler-1329,2.17,1.355835153635182,0.0,577.0,0.0747,4500.0,0.7199999999999999,5.62,0.4203062671743313
Kepler-133 b,Kepler-133,1.76,1.5644405465033646,0.0,1041.0,0.083,5736.0,1.02,6.03,0.39000153943237165
Kepler-133 c,Kepler-133,2.84,1.1085626195212777,0.0,663.0,0.204,5736.0,1.02,6.03,0.35132587485353434
Kepler-1330 b,Kepler-1330,1.65,1.631199404215613,0.0,879.0,0.0889,5608.0,0.97,4.9,0.42321103161050366
Kepler-1331 b,Kepler-1331,1.05,1.873339456220478,0.0,1244.0,0.0142,4508.0,0.7199999999999999,4.17,0.4139173406584472
Kepler-1332 b,Kepler-1332,1.37,1.8309801823813363,0.0,728.0,0.09915,5581.0,0.95,3.24,0.48705429423895913
Kepler-1333 b,Kepler-1333,2.81,1.118414915964289,0.0,428.0,0.4382,5628.0,0.94,4.57,0.48880026313090097
Kepler-1334 b,Kepler-1334,2.29,1.3029127521808397,0.0,710.0,0.1229,5614.0,0.94,4.27,0.3815135998334336
Kepler-1335 b,Kepler-1335,1.45,1.769854633840005,0.0,809.0,0.0615,4903.0,0.77,4.9,0.46141459851291755
Kepler-1336 b,Kepler-1336,1.98,1.4445632692438664,0.0,793.0,0.15845,5512.0,0.94,12.3,0.3712657647646844
Kepler-1336 c,Kepler-1336,1.71,1.5933085305042167,0.0,1260.0,0.06272,5512.0,0.94,12.3,0.35393470229944224
Kepler-1337 b,Kepler-1337,2.41,1.2556160374777745,0.0,437.0,0.1441,4523.0,0.7,4.27,0.4484780351749821
Kepler-1338 b,Kepler-1338,0.92,1.8066480817218056,0.0,2124.0,0.01937,5909.0,1.04,3.8,0.3969167860256232
Kepler-1339 b,Kepler-1339,0.71,1.682688374173693,0.0,1642.0,0.02356,5586.0,0.94,5.62,0.36992162539694406
Kepler-134 b,Kepler-134,2.0,1.4350845252893227,0.0,1105.0,0.06,5983.0,0.9559999999999998,3.55,0.3533847549416894
Kepler-134 c,Kepler-134,1.26,1.9242486522741336,0.0,892.0,0.092,5983.0,0.9559999999999998,3.55,0.45978499220246016
Kepler-1340 b,Kepler-1340,1.55,1.6974487897568138,0.0,2174.0,0.01523,6331.0,1.27,2.4,0.38870408891830044
Kepler-1341 b,Kepler-1341,2.99,1.0647107369924282,0.0,241.0,0.47267,4662.0,0.79,1.82,0.7687487896964308
Kepler-1342 b,Kepler-1342,1.66,1.623340817603092,0.0,1283.0,0.0313,5527.0,0.9300000000000002,4.37,0.3883177131471661
Kepler-1343 b,Kepler-1343,1.93,1.4701758451005928,0.0,1294.0,0.0449,5759.0,0.95,3.98,0.3528220471070168
Kepler-1344 b,Kepler-1344,1.84,1.5173226235262949,0.0,1219.0,0.05501,5981.0,1.09,3.63,0.36637794879577923
Kepler-1345 b,Kepler-1345,2.36,1.275362800412609,0.0,693.0,0.26412,6449.0,1.32,2.24,0.3707188567087044
Kepler-1346 b,Kepler-1346,1.58,1.6770965609079151,0.0,1236.0,0.044,6133.0,1.14,3.09,0.39648371294185747
Kepler-1347 b,Kepler-1347,1.03,1.860974538249528,0.0,617.0,0.104,5193.0,0.8200000000000001,5.62,0.5101592898450098
Kepler-1348 b,Kepler-1348,1.94,1.4655675420143983,0.0,636.0,0.1834,5911.0,1.04,3.72,0.4383593663445667
Kepler-1349 b,Kepler-1349,0.7,1.6752256529721037,0.0,1668.0,0.03421,6086.0,1.16,2.88,0.3657793263149779
Kepler-135 b,Kepler-135,1.81,1.534714366238164,0.0,1209.0,0.067,6090.0,1.0469999999999997,2.62,0.3690747250428442
Kepler-135 c,Kepler-135,1.16,1.918392120161421,0.0,975.0,0.103,6090.0,1.0469999999999997,2.62,0.44394994905488416
Kepler-1350 b,Kepler-1350,2.52,1.2149127443642704,0.0,535.0,0.0413,3827.0,0.55,4.57,0.3835657262649776
Kepler-1350 c,Kepler-1350,1.73,1.5810384379124025,0.0,730.0,0.0222,3827.0,0.55,4.57,0.42420614543237606
Kepler-1351 b,Kepler-1351,0.65,1.6409365794934714,0.0,1212.0,0.0156,4439.0,0.7,4.17,0.36160958234513063
Kepler-1352 b,Kepler-1352,0.89,1.790091412127358,0.0,1701.0,0.02883,6118.0,1.11,3.16,0.3920199369269792
Kepler-1353 b,Kepler-1353,1.8,1.541159071680806,0.0,491.0,0.153,4776.0,0.76,4.68,0.5078284244024379
Kepler-1354 b,Kepler-1354,2.97,1.068153081183401,0.0,466.0,0.3521000000000001,6168.0,1.16,2.95,0.396189938653153
Kepler-1355 b,Kepler-1355,1.46,1.7613002617433464,0.0,1448.0,0.0224,5352.0,0.8800000000000001,4.27,0.407507141886912
Kepler-1356 b,Kepler-1356,1.53,1.7119945007591926,0.0,1714.0,0.0136,5106.0,0.8200000000000001,4.9,0.39646484731246
Kepler-1357 b,Kepler-1357,1.28,1.9035989509835904,0.0,1177.0,0.041,5597.0,0.9300000000000002,4.57,0.4315039714984984
Kepler-1358 b,Kepler-1358,1.12,1.9035989509835904,0.0,827.0,0.0656,5181.0,0.8200000000000001,5.13,0.46991452124069993
Kepler-1359 b,Kepler-1359,2.83,1.1118575154181305,0.0,369.0,0.26657,4709.0,0.78,2.34,0.5116595408079814
Kepler-136 b,Kepler-136,2.05,2.6100697927420065,0.0,951.0,0.106,6165.0,1.204,2.75,0.40430931822849914
Kepler-136 c,Kepler-136,1.99,1.4398351280479205,0.0,847.0,0.133,6165.0,1.204,2.75,0.38392060063310696
Kepler-1360 b,Kepler-1360,3.4,0.959350221334602,0.0,933.0,0.2866,6778.0,1.5100000000000002,1.55,0.2670865870748739
Kepler-1361 b,Kepler-1361,0.86,1.7732559976634952,0.0,1061.0,0.04304,5131.0,0.83,4.9,0.41123258587915645
Kepler-1362 b,Kepler-1362,2.6,1.184789984909162,0.0,248.0,0.4626,4857.0,0.8,3.09,0.7757923137083739
Kepler-1363 b,Kepler-1363,1.25,1.9329696377795784,0.0,988.0,0.0363,4839.0,0.76,4.17,0.4449271263974201
Kepler-1364 b,Kepler-1364,2.15,1.3635373739972745,0.0,1299.0,0.1284,6805.0,1.49,1.58,0.3069629503267367
Kepler-1365 b,Kepler-1365,0.92,1.8066480817218056,0.0,969.0,0.07839,5770.0,1.0,6.03,0.4262593473724635
Kepler-1365 c,Kepler-1365,0.8,1.7387102481382395,0.0,1137.0,0.05701,5770.0,1.0,6.03,0.39450141103124137
Kepler-1366 b,Kepler-1366,1.43,1.7817091333745536,0.0,783.0,0.0273,4070.0,0.62,3.98,0.45245415360915764
Kepler-1367 b,Kepler-1367,0.92,1.8066480817218056,0.0,998.0,0.0236,4106.0,0.62,3.89,0.41165240849178475
Kepler-1368 b,Kepler-1368,1.65,1.631199404215613,0.0,2085.0,0.0153,5906.0,1.07,3.47,0.3810910683437996
Kepler-1369 b,Kepler-1369,2.69,1.1537315878891892,0.0,667.0,0.1741,5761.0,0.99,4.07,0.36485547000864627
Kepler-137 b,Kepler-137,1.47,1.752672080520008,0.0,742.0,0.077,5187.0,0.8500000000000001,4.27,0.47173730074756026
Kepler-137 c,Kepler-137,1.88,1.4973884086254774,0.0,568.0,0.13,5187.0,0.8500000000000001,4.27,0.46459311081324595
Kepler-1370 b,Kepler-1370,1.84,1.5173226235262949,0.0,770.0,0.1576299999999999,6202.0,1.19,2.88,0.41691321935113074
Kepler-1370 c,Kepler-1370,1.27,1.912501086924184,0.0,1075.0,0.0808399999999999,6202.0,1.19,2.88,0.4338257141975093
Kepler-1371 b,Kepler-1371,0.73,1.695615608675153,0.0,1015.0,0.04214,5361.0,0.87,4.37,0.39623203477009455
Kepler-1371 c,Kepler-1371,0.64,1.631199404215613,0.0,1216.0,0.02937,5361.0,0.87,4.37,0.36724300219772804
Kepler-1372 b,Kepler-1372,1.27,1.912501086924184,0.0,1655.0,0.024,5677.0,0.98,5.01,0.42040988523477296
Kepler-1373 b,Kepler-1373,1.16,1.918392120161421,0.0,1887.0,0.02598,6299.0,1.22,2.51,0.4121171838433585
Kepler-1374 b,Kepler-1374,2.29,1.3029127521808397,0.0,737.0,0.0918,5323.0,0.8500000000000001,4.47,0.3791308910457557
Kepler-1375 b,Kepler-1375,1.74,1.5769147207285403,0.0,1543.0,0.0471,6704.0,1.4700000000000002,1.66,0.35467290910694327
Kepler-1376 b,Kepler-1376,1.05,1.873339456220478,0.0,1042.0,0.0598,5659.0,0.98,4.68,0.43616280808626534
Kepler-1377 b,Kepler-1377,1.25,1.9329696377795784,0.0,1873.0,0.0153,5218.0,0.86,5.01,0.41938575901938435
Kepler-1378 b,Kepler-1378,2.2,1.3428648031925547,0.0,525.0,0.0885,4407.0,0.7,6.46,0.4363780278558529
Kepler-1379 b,Kepler-1379,1.3,1.88706964903238,0.0,1564.0,0.0171,5188.0,0.83,5.01,0.42056326323411514
Kepler-138 c,Kepler-138,1.51,1.5260563034950494,0.017,410.0,0.0913,3841.0,0.535,2.21,0.53616442743178
Kepler-138 d,Kepler-138,1.51,1.5260563034950494,0.01,345.0,0.1288,3841.0,0.535,2.21,0.6014968789779145
Kepler-138 e,Kepler-138,0.797,1.7351891177396608,0.112,292.0,0.1803,3841.0,0.535,2.21,0.7573771322133174
Kepler-1380 b,Kepler-1380,1.43,1.7817091333745536,0.0,786.0,0.0917,5570.0,0.96,4.79,0.4630182235750481
Kepler-1381 b,Kepler-1381,2.25,1.3190856114264409,0.0,649.0,0.1727999999999999,5747.0,0.96,4.07,0.40791507207544064
Kepler-1382 b,Kepler-1382,1.88,1.4973884086254774,0.0,959.0,0.14023,6161.0,1.36,2.75,0.3821218022753761
Kepler-1383 b,Kepler-1383,1.41,1.7984040119467235,0.0,928.0,0.11397,6370.0,1.26,2.24,0.4383467846359453
Kepler-1384 b,Kepler-1384,1.94,1.4655675420143983,0.0,608.0,0.1126,4919.0,0.78,4.57,0.45192718148548733
Kepler-1385 b,Kepler-1385,0.85,1.7681496035889213,0.0,1423.0,0.04262,5732.0,1.15,4.37,0.3914808097915067
Kepler-1386 b,Kepler-1386,1.24,1.9416152247724323,0.0,1011.0,0.068,5733.0,1.02,5.01,0.44488551826896017
Kepler-1387 b,Kepler-1387,0.93,1.8115620965242347,0.0,1123.0,0.031,5046.0,0.8200000000000001,4.37,0.4138859738011348
Kepler-1388 b,Kepler-1388,2.59,1.1878434223960523,0.0,434.0,0.0882,4098.0,0.63,4.47,0.42280048020151195
Kepler-1388 c,Kepler-1388,2.26,1.316408233655724,0.0,566.0,0.0519,4098.0,0.63,4.47,0.4068794829197938
Kepler-1388 d,Kepler-1388,2.86,1.1019400787607845,0.0,363.0,0.126,4098.0,0.63,4.47,0.4498346123351523
Kepler-1388 e,Kepler-1388,2.46,1.235471471385307,0.0,299.0,0.1861,4098.0,0.63,4.47,0.6420572587267426
Kepler-1389 b,Kepler-1389,1.77,1.55814461804655,0.0,300.0,0.38249,5078.0,0.81,2.09,0.7475684015913646
Kepler-139 b,Kepler-139,2.94,1.1535542851057337,0.0,752.0,0.127,5594.0,1.078,5.1,0.33495345040059554
Kepler-139 c,Kepler-139,3.38,2.272401826815476,0.0,350.0,0.586,5594.0,1.078,5.1,0.5633638778603409
Kepler-139 d,Kepler-139,1.695,1.8358508335299004,0.0,972.0,0.0755533961,5622.0,1.078,5.1,0.4313879432487789
Kepler-139 e,Kepler-139,13.7,0.5922212619699848,0.013121,174.57,3.2357963899999995,5622.0,1.078,5.1,0.348984476189295
Kepler-139 f,Kepler-139,6.67,0.5110256037686569,0.038991,490.8,0.102,5630.0,1.078,2.82,0.3283413423503565
Kepler-1390 b,Kepler-1390,1.18,1.9300710850255671,0.0,934.0,0.0662,5753.0,0.98,4.47,0.45309572472982224
Kepler-1391 b,Kepler-1391,1.68,1.6114359150967734,0.0,513.0,0.30045,5840.0,1.03,5.5,0.49895534348571474
Kepler-1392 b,Kepler-1392,1.96,1.4539530095937054,0.0,714.0,0.1189,5479.0,0.8800000000000001,4.68,0.42390294984992094
Kepler-1393 b,Kepler-1393,0.8,1.7387102481382395,0.0,1249.0,0.0337,5697.0,0.95,3.47,0.38888959323891503
Kepler-1394 b,Kepler-1394,1.39,1.8148247421590515,0.0,1947.0,0.05474,6481.0,1.6399999999999997,1.91,0.40188923210351496
Kepler-1395 b,Kepler-1395,0.8,1.7387102481382395,0.0,1311.0,0.04974,6138.0,1.17,2.88,0.38463738290170346
Kepler-1396 b,Kepler-1396,2.07,1.4011829736136412,0.0,786.0,0.1406,6195.0,1.18,2.75,0.387637854729896
Kepler-1397 b,Kepler-1397,1.72,1.589235205116581,0.0,551.0,0.25861,6026.0,1.09,3.55,0.4792500756066981
Kepler-1398 b,Kepler-1398,0.9,1.7950872593207297,0.0,1510.0,0.03909,6126.0,1.13,3.09,0.39445463854026186
Kepler-1398 c,Kepler-1398,1.03,1.860974538249528,0.0,1324.0,0.05087,6126.0,1.13,3.09,0.41316023185877415
Kepler-1399 b,Kepler-1399,1.25,1.9329696377795784,0.0,1610.0,0.0276,5735.0,0.97,4.37,0.4204970977091611
Kepler-14 b,Kepler-14,12.733,2.091864061678393,0.035,1605.0,0.0771,6395.0,1.512,2.2,0.20817062646864118
Kepler-140 b,Kepler-140,1.61,1.6563214983329508,0.0,1301.0,0.045,6077.0,1.044,0.88,0.3678831720501869
Kepler-140 c,Kepler-140,1.8,1.541159071680806,0.0,428.0,0.414,6077.0,1.044,0.88,0.4957355225740233
Kepler-1400 b,Kepler-1400,1.62,1.6505798557652755,0.0,725.0,0.0771,5044.0,0.83,4.57,0.46218187217551193
Kepler-1401 b,Kepler-1401,1.68,1.6114359150967734,0.0,808.0,0.0975,5964.0,1.07,3.55,0.43175731695436087
Kepler-1402 b,Kepler-1402,0.76,1.7119945007591926,0.0,1789.0,0.0322,5416.0,0.9,4.57,0.3767847634978762
Kepler-1403 b,Kepler-1403,2.14,1.3686394258811698,0.0,1238.0,0.064,6060.0,1.11,3.31,0.3274528596612811
Kepler-1404 b,Kepler-1404,2.01,1.430311246536665,0.0,596.0,0.1142999999999999,5261.0,0.8400000000000001,4.57,0.4423639171750917
Kepler-1405 b,Kepler-1405,3.96,0.8415671856782186,0.0,565.0,0.1778,5925.0,1.05,3.63,0.35320998907020656
Kepler-1406 b,Kepler-1406,1.1,1.8961194845522973,0.0,854.0,0.0987,5892.0,1.05,5.01,0.46203953529230024
Kepler-1407 b,Kepler-1407,2.25,1.3190856114264409,0.0,826.0,0.1502,6010.0,1.1,3.24,0.3620402377624151
Kepler-1408 b,Kepler-1408,0.89,1.790091412127358,0.0,1616.0,0.04218,6170.0,1.21,2.57,0.3917107558778175
Kepler-1409 b,Kepler-1409,1.04,1.867176108512809,0.0,1733.0,0.01553,5160.0,0.83,4.79,0.4123790066873966
Kepler-141 b,Kepler-141,0.69,1.667706820558076,0.0,968.0,0.039,4910.0,0.878,12.39,0.3642838348940568
Kepler-141 c,Kepler-141,1.41,1.7984040119467235,0.0,738.0,0.067,4910.0,0.878,12.39,0.4481703013890206
Kepler-1410 b,Kepler-1410,1.78,1.551808799597464,0.0,290.0,0.2543,4092.0,0.63,4.07,0.8447439297193713
Kepler-1411 b,Kepler-1411,2.82,1.11514159061932,0.0,441.0,0.4001,5664.0,0.95,4.17,0.43849598083275165
Kepler-1412 b,Kepler-1412,0.83,1.7561322915849038,0.0,1397.0,0.04608,5880.0,1.06,6.31,0.38866409771981747
Kepler-1413 b,Kepler-1413,1.82,1.5303947050936475,0.0,661.0,0.1066,5196.0,0.8400000000000001,4.68,0.45273376771098367
Kepler-1414 b,Kepler-1414,1.23,1.94876321803772,0.0,1033.0,0.0426,4951.0,0.8,4.68,0.4411150515433967
Kepler-1415 b,Kepler-1415,1.29,1.8961194845522973,0.0,1846.0,0.01416,5267.0,0.89,4.17,0.4197270366857928
Kepler-1416 b,Kepler-1416,0.88,1.7850704810772584,0.0,1870.0,0.0257,6019.0,1.09,2.95,0.39130355211340984
Kepler-1417 b,Kepler-1417,1.0,1.8468787684491343,0.0,695.0,0.14062,5839.0,1.02,4.07,0.48257938308664344
Kepler-1418 b,Kepler-1418,1.66,1.623340817603092,0.0,419.0,0.131,4770.0,0.77,3.63,0.5259837674035684
Kepler-1419 b,Kepler-1419,2.86,1.1019400787607845,0.0,510.0,0.2390999999999999,5796.0,1.01,4.37,0.3930406085750894
Kepler-142 b,Kepler-142,1.99,1.4398351280479205,0.0,1597.0,0.032,5790.0,0.978,7.59,0.3405955825170957
Kepler-142 c,Kepler-142,2.86,1.1019400787607845,0.0,1201.0,0.057,5790.0,0.978,7.59,0.2747563737508009
Kepler-142 d,Kepler-142,2.16,1.3609765531356006,0.0,582.0,0.242,5790.0,0.978,7.59,0.43301117972673353
Kepler-1420 b,Kepler-1420,1.28,1.9035989509835904,0.0,806.0,0.0671,5187.0,0.8200000000000001,4.9,0.4745033983299334
Kepler-1421 b,Kepler-1421,0.93,1.8115620965242347,0.0,1209.0,0.07576,6335.0,1.25,2.75,0.4032530709870942
Kepler-1422 b,Kepler-1422,2.02,1.425515074273172,0.0,833.0,0.1499,6194.0,1.15,3.02,0.3834374394609301
Kepler-1423 b,Kepler-1423,1.06,1.8779371654691075,0.0,741.0,0.1586,4939.0,0.79,4.68,0.5098459910809019
Kepler-1424 b,Kepler-1424,1.16,1.918392120161421,0.0,629.0,0.19068,5838.0,1.02,5.25,0.5111698321722499
Kepler-1425 b,Kepler-1425,0.94,1.8164520818184269,0.0,676.0,0.11435,5718.0,0.97,4.07,0.4778140082158044
Kepler-1426 b,Kepler-1426,1.56,1.6882490928583902,0.0,797.0,0.1187,5831.0,1.02,4.07,0.45243737016697405
Kepler-1427 b,Kepler-1427,1.1,1.8961194845522973,0.0,1844.0,0.0197,5793.0,1.01,4.07,0.41541035130933945
Kepler-1428 b,Kepler-1428,1.64,1.6389967146756448,0.0,1049.0,0.11051,6184.0,1.2800000000000002,2.04,0.39943967464563623
Kepler-1429 b,Kepler-1429,1.29,1.8961194845522973,0.0,1199.0,0.055,5902.0,1.05,4.17,0.4289972777107854
Kepler-143 b,Kepler-143,2.41,1.2556160374777745,0.0,838.0,0.127,5848.0,0.982,9.33,0.33461797865882636
Kepler-143 c,Kepler-143,3.37,0.9631743177730056,0.0,703.0,0.181,5848.0,0.982,9.33,0.31952587667191434
Kepler-1430 b,Kepler-1430,1.18,1.9300710850255671,0.0,969.0,0.0304,4796.0,0.77,2.09,0.44568151302671266
Kepler-1431 b,Kepler-1431,1.47,1.752672080520008,0.0,1064.0,0.0648,5806.0,1.03,4.27,0.4219103285116164
Kepler-1432 b,Kepler-1432,2.22,1.332366019094335,0.0,709.0,0.1696,6031.0,1.09,3.47,0.3845707729418974
Kepler-1433 b,Kepler-1433,1.56,1.6882490928583902,0.0,1226.0,0.0516,6097.0,1.14,3.02,0.39880737293218926
Kepler-1434 b,Kepler-1434,1.11,1.8976198599275325,0.0,1320.0,0.0917,6291.0,1.4700000000000002,2.57,0.4162580284192394
Kepler-1435 b,Kepler-1435,0.86,1.7732559976634952,0.0,1331.0,0.05456,6356.0,1.21,2.63,0.3894204353741654
Kepler-1436 b,Kepler-1436,1.31,1.8794650496471603,0.0,1001.0,0.0907,5972.0,1.06,3.8,0.4416701609733289
Kepler-1437 b,Kepler-1437,1.37,1.8309801823813363,0.0,770.0,0.0951,5557.0,0.9300000000000002,4.57,0.4737921508470723
Kepler-1438 b,Kepler-1438,0.94,1.8164520818184269,0.0,1490.0,0.0346,5530.0,0.97,5.37,0.40322531130478645
Kepler-1439 b,Kepler-1439,1.46,1.7613002617433464,0.0,420.0,0.0594,3578.0,0.4600000000000001,4.07,0.5497027180097274
Kepler-144 b,Kepler-144,1.33,1.8625285401162623,0.0,1253.0,0.066,6075.0,1.154,0.94,0.4029427910141538
Kepler-144 c,Kepler-144,1.35,1.8468787684491343,0.0,1046.0,0.094,6075.0,1.154,0.94,0.41516279616062657
Kepler-1440 b,Kepler-1440,1.26,1.9242486522741336,0.0,597.0,0.2343099999999999,5698.0,0.98,4.47,0.5213126159792034
Kepler-1441 b,Kepler-1441,1.31,1.8794650496471603,0.0,682.0,0.2346,5802.0,1.0,3.89,0.5063418028250298
Kepler-1442 b,Kepler-1442,3.93,0.8458682675776092,0.0,522.0,0.40814,6394.0,1.34,1.7,0.35293534763930023
Kepler-1443 b,Kepler-1443,0.97,1.8309801823813363,0.0,1602.0,0.03783,6289.0,1.19,2.63,0.4000081684333015
Kepler-1444 b,Kepler-1444,2.18,1.3506671834767394,0.0,581.0,0.20906,5810.0,1.03,4.79,0.4290793653357442
Kepler-1445 b,Kepler-1445,0.96,1.827769906751088,0.0,987.0,0.09587,6150.0,1.13,3.8,0.4279714281331782
Kepler-1446 b,Kepler-1446,0.82,1.749199854809259,0.0,1539.0,0.01405,4865.0,0.81,2.63,0.38361295325816197
Kepler-1447 b,Kepler-1447,2.9,1.0885619528146082,0.0,522.0,0.2836,5722.0,0.97,4.17,0.4030822683314302
Kepler-1448 b,Kepler-1448,1.61,1.6563214983329508,0.0,811.0,0.1057999999999999,5774.0,0.95,3.55,0.4447148108796695
Kepler-1449 b,Kepler-1449,1.68,1.6114359150967734,0.0,867.0,0.1176,5979.0,1.08,3.47,0.420452231378308
Kepler-145 b,Kepler-145,2.65,2.639057329615259,0.43,873.0,0.17308,6022.0,1.32,3.24,0.3193676903923236
Kepler-145 c,Kepler-145,4.32,1.275362800412609,0.11,709.0,0.26244,6022.0,1.32,3.24,0.3199861988429118
Kepler-1450 b,Kepler-1450,1.71,1.5933085305042167,0.0,308.0,0.2401,4524.0,0.71,4.37,0.6892276622349683
Kepler-1451 b,Kepler-1451,3.35,0.9707789171582246,0.0,523.0,0.2101,5782.0,1.0,4.17,0.37964238887288115
Kepler-1452 b,Kepler-1452,2.7,1.1505720275988207,0.0,810.0,0.25764,6101.0,1.41,3.24,0.32730309535556196
Kepler-1453 b,Kepler-1453,2.67,1.1631508098056809,0.0,503.0,0.262,5665.0,0.97,4.27,0.4200787318463237
Kepler-1454 b,Kepler-1454,1.88,1.4973884086254774,0.0,492.0,0.2447,5448.0,0.9,4.57,0.5058084104362486
Kepler-1455 b,Kepler-1455,2.16,1.3609765531356006,0.0,298.0,0.2149,4075.0,0.62,4.17,0.7251834847255767
Kepler-1456 b,Kepler-1456,1.14,1.9095425048844383,0.0,433.0,0.1132,4231.0,0.64,3.72,0.5684900771069852
Kepler-1457 b,Kepler-1457,1.99,1.4398351280479205,0.0,478.0,0.26391,5866.0,1.01,3.72,0.46907872395446704
Kepler-1458 b,Kepler-1458,2.76,1.1314021114911006,0.0,493.0,0.24869,5653.0,0.96,4.17,0.42095864200382654
Kepler-1459 b,Kepler-1459,1.36,1.8389610707123487,0.0,349.0,0.2829,4828.0,0.78,3.89,0.6361542632125985
Kepler-146 b,Kepler-146,3.71,0.8878912573524571,0.0,639.0,0.1999999999999999,5948.0,1.079,0.91,0.31902313274937477
Kepler-146 c,Kepler-146,3.13,1.0224509277025458,0.0,473.0,0.364,5948.0,1.079,0.91,0.38214967121467563
Kepler-1460 b,Kepler-1460,1.96,1.4539530095937054,0.0,391.0,0.1614,4422.0,0.7,3.98,0.5243147902093659
Kepler-1461 b,Kepler-1461,2.03,1.420695787837223,0.0,451.0,0.1715,4919.0,0.79,3.24,0.4975600672357457
Kepler-1462 b,Kepler-1462,3.82,0.8671004876833832,0.0,390.0,0.3094,5756.0,1.0,4.07,0.43943246583407314
Kepler-1463 b,Kepler-1463,1.86,1.5085119938441398,0.0,619.0,0.1693999999999999,5679.0,0.96,4.79,0.4540039041168512
Kepler-1464 b,Kepler-1464,1.66,1.623340817603092,0.0,564.0,0.20066,5828.0,1.02,3.89,0.4844517505621621
Kepler-1464 c,Kepler-1464,1.0,1.8468787684491343,0.0,1023.0,0.06101,5828.0,1.02,3.89,0.42874468315286995
Kepler-1465 b,Kepler-1465,1.77,1.55814461804655,0.0,668.0,0.1939,4726.0,0.75,3.72,0.5037224519095818
Kepler-1466 b,Kepler-1466,1.55,1.6974487897568138,0.0,585.0,0.17981,5884.0,1.01,3.89,0.5023108438589292
Kepler-1467 b,Kepler-1467,3.3,0.982078472412158,0.0,411.0,0.2388,5332.0,0.86,4.37,0.421464392806419
Kepler-1468 b,Kepler-1468,1.73,1.5810384379124025,0.0,1093.0,0.0817,5893.0,1.04,3.55,0.3878834725218668
Kepler-1468 c,Kepler-1468,1.15,1.913977101952304,0.0,1448.0,0.0466,5893.0,1.04,3.55,0.4184967473133053
Kepler-1468 d,Kepler-1468,3.33187146,0.9745596399981308,0.0,819.0,0.1456,5794.0,1.072,3.55,0.3029618915776957
Kepler-1469 b,Kepler-1469,2.8,1.1216775615991057,0.0,551.0,0.1466,5507.0,0.9200000000000002,4.47,0.38516879031125595
Kepler-147 b,Kepler-147,1.53,1.7119945007591926,0.0,953.0,0.1129999999999999,6012.0,1.145,5.5,0.4271150133625086
Kepler-147 c,Kepler-147,2.43,1.247032293786383,0.0,689.0,0.216,6012.0,1.145,5.5,0.3717249471577046
Kepler-1470 b,Kepler-1470,1.07,1.8809906029559973,0.0,574.0,0.116,4961.0,0.8,4.57,0.5259791144800366
Kepler-1471 b,Kepler-1471,1.41,1.7984040119467235,0.0,1238.0,0.0453,5660.0,0.95,4.57,0.41982373187458777
Kepler-1471 c,Kepler-1471,1.88,1.4973884086254774,0.0,841.0,0.0981,5533.0,0.934,4.57,0.40794883419605626
Kepler-1472 b,Kepler-1472,1.9,1.4861396960896067,0.0,613.0,0.2322,6159.0,1.16,3.09,0.44529282914154306
Kepler-1473 b,Kepler-1473,1.19,1.9315214116032136,0.0,783.0,0.1160599999999999,6046.0,1.09,2.63,0.47611498191221663
Kepler-1474 b,Kepler-1474,2.16,1.3609765531356006,0.0,561.0,0.2108,5870.0,1.04,3.8,0.4346826399651138
Kepler-1475 b,Kepler-1475,2.92,1.0818051703517284,0.0,441.0,0.373,6214.0,1.18,2.82,0.4066241826783066
Kepler-1476 b,Kepler-1476,1.67,1.6193882432872684,0.0,860.0,0.0932,5663.0,0.98,4.57,0.4313385568917695
Kepler-1477 b,Kepler-1477,1.18,1.9300710850255671,0.0,674.0,0.0911,5100.0,0.81,4.68,0.49950691472327013
Kepler-1478 b,Kepler-1478,1.73,1.5810384379124025,0.0,598.0,0.1681,5904.0,1.04,3.98,0.46865355082607557
Kepler-1479 b,Kepler-1479,1.83,1.5260563034950494,0.0,746.0,0.11341,5796.0,0.99,4.27,0.42644527791761205
Kepler-148 b,Kepler-148,1.8,1.541159071680806,0.0,1284.0,0.028,5272.0,0.86,11.2,0.34923671796569217
Kepler-148 c,Kepler-148,3.6,0.9082585601768908,0.0,957.0,0.05,5272.0,0.86,11.2,0.2582184069270588
Kepler-148 d,Kepler-148,8.68,0.3873011374804932,0.0,413.0,0.2607,5172.0,0.86,4.68,0.40077189315033085
Kepler-1480 b,Kepler-1480,1.67,1.6193882432872684,0.0,721.0,0.1525,5156.0,0.8500000000000001,4.79,0.47486726403871937
Kepler-1481 b,Kepler-1481,1.23,1.94876321803772,0.0,797.0,0.059,4908.0,0.8,3.89,0.4767768688032954
Kepler-1482 b,Kepler-1482,1.01,1.854734268389444,0.0,678.0,0.09968,5381.0,0.8800000000000001,4.47,0.4905232233129776
Kepler-1483 b,Kepler-1483,1.52,1.717395053939193,0.0,1131.0,0.0958,6337.0,1.25,2.4,0.40782207642104185
Kepler-1484 b,Kepler-1484,2.11,1.3812818192963463,0.0,624.0,0.1939,5730.0,0.94,3.98,0.41237735387097185
Kepler-1485 b,Kepler-1485,1.47,1.752672080520008,0.0,728.0,0.14732,6087.0,1.11,2.51,0.4720732725915384
Kepler-1486 b,Kepler-1486,2.32,1.2919836816486496,0.0,538.0,0.2846,5965.0,1.08,3.55,0.4200706258925645
Kepler-1487 b,Kepler-1487,2.13,1.3737155789130306,0.0,1682.0,0.0898,6541.0,1.3799999999999997,1.95,0.316444504664121
Kepler-1487 c,Kepler-1487,7.97,0.4246139269469252,0.0,991.0,0.2588,5745.0,1.8009999999999995,1.95,0.2517338724417388
Kepler-1488 b,Kepler-1488,1.86,1.5085119938441398,0.0,650.0,0.24153,5820.0,1.05,6.92,0.44358810417276684
Kepler-1488 c,Kepler-1488,1.65156749,1.631199404215613,0.0,1212.0,0.06959,5710.0,1.003,5.75,0.39108548480794897
Kepler-1489 b,Kepler-1489,1.77,1.55814461804655,0.0,400.0,0.3678999999999999,5655.0,0.9300000000000002,4.07,0.5241310264199249
Kepler-149 b,Kepler-149,4.21,0.7975071958841881,0.0,540.0,0.184,5381.0,1.013,14.0,0.32293169640845476
Kepler-149 c,Kepler-149,1.61,1.6563214983329508,0.0,436.0,0.281,5381.0,1.013,14.0,0.506040855762511
Kepler-149 d,Kepler-149,3.96,0.8415671856782186,0.0,306.0,0.571,5381.0,1.013,14.0,0.5556742856380102
Kepler-1490 b,Kepler-1490,3.04,1.0473189942805592,0.0,348.0,0.3729,5515.0,0.9,4.57,0.4913767923541258
Kepler-1491 b,Kepler-1491,1.51,1.724550719534605,0.0,821.0,0.127,5728.0,1.0,4.57,0.451380103631232
Kepler-1491 c,Kepler-1491,2.44,1.244154593958768,0.0,530.0,0.3045,5626.0,0.991,4.57,0.412637826280152
Kepler-1492 b,Kepler-1492,1.49,1.7404661748405044,0.0,801.0,0.1262,4712.0,0.77,2.82,0.4868009995997746
Kepler-1493 b,Kepler-1493,1.41,1.7984040119467235,0.0,874.0,0.1197,5863.0,1.06,6.46,0.45409199565728986
Kepler-1494 b,Kepler-1494,3.07,1.0402767116551463,0.0,415.0,0.3982,5659.0,0.96,4.37,0.42781118704442295
Kepler-1495 b,Kepler-1495,2.94,1.0784095813505905,0.0,443.0,0.3677,5831.0,1.03,4.17,0.42378237937837704
Kepler-1496 b,Kepler-1496,2.22,1.332366019094335,0.0,535.0,0.3211,6182.0,1.18,2.95,0.4334194264657799
Kepler-1497 b,Kepler-1497,1.66,1.623340817603092,0.0,924.0,0.0817,5675.0,0.96,4.27,0.4192197172447877
Kepler-1498 b,Kepler-1498,1.33,1.8625285401162623,0.0,564.0,0.2528,5256.0,0.86,4.17,0.5529926596652757
Kepler-1499 b,Kepler-1499,1.19,1.9315214116032136,0.0,409.0,0.23225,5097.0,0.8200000000000001,4.68,0.5970940100433643
Kepler-15 b,Kepler-15,10.76,0.6575200029167942,0.06,1251.0,0.05714,5515.0,1.018,3.7,0.2186653639119952
Kepler-150 b,Kepler-150,1.25,1.9329696377795784,0.0,1131.0,0.044,5560.0,0.9559999999999998,1.74,0.4291784446869768
Kepler-150 c,Kepler-150,3.69,0.8919980393051105,0.0,876.0,0.073,5560.0,0.9559999999999998,1.74,0.2856858909148261
Kepler-150 d,Kepler-150,2.79,1.1216775615991057,0.0,734.0,0.104,5560.0,0.9559999999999998,1.74,0.3352768500072881
Kepler-150 e,Kepler-150,3.12,1.0260415958332745,0.0,544.0,0.189,5560.0,0.9559999999999998,1.74,0.373891170777462
Kepler-150 f,Kepler-150,3.64,0.904218150639886,0.1549,329.4,1.2400000000000002,5528.0,0.97,1.74,0.6878554314319707
Kepler-1500 b,Kepler-1500,1.2,1.9387416595767009,0.0,928.0,0.1236,5845.0,1.0,4.07,0.45557638692496943
Kepler-1501 b,Kepler-1501,1.56,1.6882490928583902,0.0,787.0,0.11592,6229.0,1.2,2.75,0.4480133145431652
Kepler-1502 b,Kepler-1502,3.18,1.007957920399979,0.0,608.0,0.2482,6666.0,1.44,1.7,0.331647421429136
Kepler-1503 b,Kepler-1503,2.27,1.3110318766193438,0.0,321.0,0.3771,5069.0,0.77,5.13,0.5607885763022249
Kepler-1504 b,Kepler-1504,2.13,1.3737155789130306,0.0,485.0,0.3704,5393.0,0.8500000000000001,4.47,0.45386757865645005
Kepler-1505 b,Kepler-1505,0.93,1.8115620965242347,0.0,525.0,0.18298,5686.0,0.9300000000000002,1.7,0.5085145511061478
Kepler-1506 b,Kepler-1506,1.32,1.871802176901592,0.0,783.0,0.1167999999999999,5676.0,0.95,3.98,0.4770398970201714
Kepler-1507 b,Kepler-1507,0.84,1.7613002617433464,0.0,630.0,0.1194599999999999,5410.0,0.89,4.57,0.48675146453094487
Kepler-1508 b,Kepler-1508,1.33,1.8625285401162623,0.0,967.0,0.1628999999999999,6158.0,1.14,2.69,0.44762483074201986
Kepler-1509 b,Kepler-1509,1.85,1.5129270120532563,0.0,667.0,0.1706999999999999,5780.0,1.0,3.98,0.43990519523460875
Kepler-151 b,Kepler-151,3.06,1.043804052173115,0.0,639.0,0.116,5460.0,0.87,4.6,0.3542235502290556
Kepler-151 c,Kepler-151,2.09,1.3912819026309298,0.0,544.0,0.16,5460.0,0.87,4.6,0.4522382365526808
Kepler-1510 b,Kepler-1510,3.36,0.9631743177730056,0.0,537.0,0.4089,6200.0,1.19,2.75,0.3778790402044685
Kepler-1511 b,Kepler-1511,1.68,1.6114359150967734,0.0,903.0,0.1753,6064.0,1.17,3.31,0.414723862404613
Kepler-1512 b,Kepler-1512,1.18,1.9300710850255671,0.0,322.0,0.13693,4372.0,0.73,1.78,0.8453272827398743
Kepler-1513 b,Kepler-1513,8.594,0.8346467428336448,0.306,346.0,0.5697100000000002,5491.0,0.943,7.0,0.45531322419360043
Kepler-1513 c,Kepler-1513,11.0,0.2993635772256188,0.125,354.4,0.102,5491.0,0.943,7.0,0.32973926729749264
Kepler-1514 b,Kepler-1514,12.419572,1.7613002617433464,0.401,387.9,0.7529999999999999,6145.0,1.1960000000000002,2.9,0.37832160320597924
Kepler-1514 c,Kepler-1514,1.1758241,1.928618651945252,0.32,1066.0,0.0997,6145.0,1.1960000000000002,2.9,0.3885265180607542
Kepler-1515 b,Kepler-1515,9.55,0.3492474281099357,0.0,380.0,0.7523500000000001,6511.0,1.3,1.82,0.3898813805920144
Kepler-1516 b,Kepler-1516,1.75,1.5686159179138452,0.0,967.0,0.0718,5904.0,1.04,4.07,0.39682730517895876
Kepler-1517 b,Kepler-1517,9.76,0.3407487933884732,0.0,2336.0,0.078,7010.0,1.58,1.38,0.19183899031718699
Kepler-1518 b,Kepler-1518,3.05,1.0473189942805592,0.0,1351.0,0.0593,6846.0,1.54,1.48,0.237629050891297
Kepler-1518 c,Kepler-1518,2.9,1.0885619528146082,0.0,1094.0,0.0905,6432.0,1.06,1.48,0.261632302004893
Kepler-1519 b,Kepler-1519,7.06,0.4811908186363,0.0,342.0,0.7655,5644.0,0.94,3.98,0.46156119858720424
Kepler-152 b,Kepler-152,2.79,1.1216775615991057,0.0,551.0,0.124,5088.0,0.779,2.0,0.38577591961399044
Kepler-152 c,Kepler-152,2.39,1.264126727145683,0.0,326.0,0.356,5088.0,0.779,2.0,0.5933227823377638
Kepler-1520 b,Kepler-1520,5.77,0.5900064216404319,0.0,1437.0,0.0129,4677.0,0.76,4.47,0.2241731434828101
Kepler-1521 b,Kepler-1521,2.5,1.2208299213923592,0.0,391.0,0.23476,5042.0,0.81,4.47,0.48160360825078274
Kepler-1522 b,Kepler-1522,1.73,1.5810384379124025,0.0,1374.0,0.0288,5706.0,0.96,3.89,0.37569273687247245
Kepler-1523 b,Kepler-1523,1.58,1.6770965609079151,0.0,1676.0,0.01867,5708.0,0.97,4.37,0.39136288021924404
Kepler-1524 b,Kepler-1524,3.54,0.924258901523332,0.0,438.0,0.3392,6179.0,1.17,2.88,0.4069899150227102
Kepler-1525 b,Kepler-1525,0.91,1.80005827204275,0.0,1343.0,0.03557,5748.0,1.07,2.82,0.4014758129651844
Kepler-1526 b,Kepler-1526,2.43,1.247032293786383,0.0,787.0,0.0418,4601.0,0.73,4.68,0.34498874576117156
Kepler-1527 b,Kepler-1527,4.77,0.708035793053696,0.0,450.0,0.6276,6224.0,1.21,2.82,0.3975104135666019
Kepler-1528 b,Kepler-1528,1.46,1.7613002617433464,0.0,1549.0,0.0296,5857.0,1.03,3.89,0.40570930800036714
Kepler-1529 b,Kepler-1529,2.1,1.3862943611198906,0.0,817.0,0.0525,5048.0,0.81,4.79,0.3792162411855726
Kepler-153 b,Kepler-153,2.92,1.0818051703517284,0.0,621.0,0.129,5404.0,0.756,13.8,0.3306558271745898
Kepler-153 c,Kepler-153,2.53,1.208960345836975,0.0,458.0,0.237,5404.0,0.756,13.8,0.418757642786798
Kepler-1530 b,Kepler-1530,1.64,1.6389967146756448,0.0,1484.0,0.03553,5477.0,0.9200000000000002,4.27,0.38838689380969293
Kepler-1530 c,Kepler-1530,1.65,1.631199404215613,0.0,1167.0,0.05744,5477.0,0.9200000000000002,4.27,0.39851569635729306
Kepler-1530 d,Kepler-1530,3.27870115,0.9858167945227652,0.0,972.0,0.08276,5678.0,1.015,1.17,0.27118796335221496
Kepler-1532 b,Kepler-1532,1.35,1.8468787684491343,0.0,1681.0,0.0206,5559.0,0.91,4.27,0.4174041941134438
Kepler-1533 b,Kepler-1533,3.46,0.9439058989071286,0.0,330.0,0.93416,6431.0,1.31,2.19,0.47781776321733094
Kepler-1534 b,Kepler-1534,1.89,1.4906543764441331,0.0,955.0,0.0599,5442.0,0.9,4.57,0.38550317729464323
Kepler-1535 b,Kepler-1535,2.55,1.2029723039923526,0.0,384.0,0.5329,6021.0,1.08,3.47,0.47474639667889473
Kepler-1536 b,Kepler-1536,3.14,1.0188473201992472,0.0,166.0,0.8507,4434.0,0.71,2.95,0.4530170003617837
Kepler-1537 b,Kepler-1537,1.18,1.9300710850255671,0.0,1800.0,0.0245,5079.0,0.81,5.01,0.4190866533796723
Kepler-1538 b,Kepler-1538,2.82,1.11514159061932,0.0,346.0,0.6095,5837.0,1.03,4.37,0.5507945337805442
Kepler-1539 b,Kepler-1539,2.7,1.1505720275988207,0.0,301.0,0.4765,5176.0,0.8400000000000001,4.79,0.6792336384441242
Kepler-154 b,Kepler-154,2.26,1.316408233655724,0.0,561.0,0.198,5690.0,0.933,8.91,0.4163181776250139
Kepler-154 c,Kepler-154,2.95,1.075002423028976,0.0,454.0,0.303,5690.0,0.933,8.91,0.40443316968561205
Kepler-154 d,Kepler-154,3.84,0.8628899551470399,0.0,657.0,0.14354,5769.0,0.98,4.47,0.33302624005719056
Kepler-154 e,Kepler-154,1.5,1.7334238922150915,0.0,1140.0,0.04766,5769.0,0.98,4.47,0.4133464201239566
Kepler-154 f,Kepler-154,1.5,1.7334238922150915,0.0,838.0,0.08832,5769.0,0.98,4.47,0.4498553200704307
Kepler-1540 b,Kepler-1540,2.49,1.2267122912954256,0.0,266.0,0.4426,4540.0,0.74,2.51,0.8395497732182975
Kepler-1541 b,Kepler-1541,1.16,1.918392120161421,0.0,1048.0,0.07555,5282.0,0.86,4.47,0.4449016644991946
Kepler-1542 b,Kepler-1542,0.76,1.7119945007591926,0.0,1160.0,0.04765,5564.0,0.94,8.51,0.38530081951017503
Kepler-1542 c,Kepler-1542,0.65,1.6409365794934714,0.0,1287.0,0.0387,5564.0,0.94,8.51,0.3631411041304273
Kepler-1542 d,Kepler-1542,0.87,1.7783364488959144,0.0,1010.0,0.0629,5564.0,0.94,8.51,0.41352605455168934
Kepler-1542 e,Kepler-1542,0.76,1.7119945007591926,0.0,1065.0,0.05649,5564.0,0.94,8.51,0.39252411091313133
Kepler-1543 b,Kepler-1543,2.71,1.1474024528375415,0.0,1774.0,0.0867,6561.0,1.3899999999999997,1.91,0.2645653695860257
Kepler-1544 b,Kepler-1544,1.78,1.551808799597464,0.0,269.0,0.54465,4886.0,0.81,2.34,0.9127002192414387
Kepler-1545 b,Kepler-1545,2.7,1.1505720275988207,0.0,274.0,0.5442,5201.0,0.8400000000000001,4.47,0.698814777102672
Kepler-1546 b,Kepler-1546,3.13,1.0224509277025458,0.0,671.0,0.1366,5623.0,0.95,3.72,0.34427849652326575
Kepler-1548 b,Kepler-1548,2.64,1.172482137234565,0.0,350.0,0.4679,5706.0,0.99,4.37,0.5515070203261546
Kepler-1549 b,Kepler-1549,2.57,1.1969481893889715,0.0,286.0,0.6687,5324.0,0.8800000000000001,4.79,0.7610587806879117
Kepler-155 b,Kepler-155,2.09,1.3912819026309298,0.0,614.0,0.056,4508.0,0.635,2.9,0.4299950534003591
Kepler-155 c,Kepler-155,2.24,1.324418957401803,0.0,286.0,0.242,4508.0,0.635,2.9,0.8033346150096705
Kepler-1550 b,Kepler-1550,3.02,1.0543120297715298,0.0,348.0,0.7681,5991.0,1.07,3.55,0.5371133385579742
Kepler-1551 b,Kepler-1551,2.66,1.1662709371419244,0.0,722.0,0.1772,6136.0,1.14,2.88,0.34769538465629257
Kepler-1552 b,Kepler-1552,2.47,1.2325602611778486,0.0,268.0,0.6011,5202.0,0.8500000000000001,3.31,0.7223357972633766
Kepler-1553 b,Kepler-1553,1.15,1.913977101952304,0.0,926.0,0.0481,5288.0,0.8500000000000001,4.57,0.4531122851646708
Kepler-1554 b,Kepler-1554,2.9,1.0885619528146082,0.0,288.0,0.59527,5297.0,0.8400000000000001,4.68,0.7476974193840469
Kepler-1555 b,Kepler-1555,1.61,1.6563214983329508,0.0,959.0,0.0805,5866.0,1.04,4.37,0.4161464978404634
Kepler-1556 b,Kepler-1556,1.96,1.4539530095937054,0.0,797.0,0.0829,5608.0,0.97,4.9,0.4028543641403723
Kepler-1557 b,Kepler-1557,1.53,1.7119945007591926,0.0,1287.0,0.049,6099.0,1.11,3.31,0.4008468482746417
Kepler-1558 b,Kepler-1558,0.68,1.6601310267496183,0.0,1019.0,0.04278,5101.0,0.83,4.9,0.3891800617881654
Kepler-1559 b,Kepler-1559,0.72,1.6863989535702286,0.0,1609.0,0.01835,5316.0,0.86,4.27,0.37155395356297105
Kepler-156 b,Kepler-156,2.3,1.297463147413275,0.0,867.0,0.054,5094.0,0.864,3.39,0.3488855405244743
Kepler-156 c,Kepler-156,2.55,1.2029723039923526,0.0,588.0,0.117,5094.0,0.864,3.39,0.3909281922233019
Kepler-1560 b,Kepler-1560,0.89,1.790091412127358,0.0,1269.0,0.04175,5815.0,1.02,4.17,0.4013170288213278
Kepler-1561 b,Kepler-1561,1.09,1.88706964903238,0.0,1682.0,0.0194,5957.0,1.07,3.39,0.41416571698575266
Kepler-1562 b,Kepler-1562,3.55,0.9202827531436926,0.0,554.0,0.3308,5760.0,1.02,4.79,0.362334908558703
Kepler-1563 b,Kepler-1563,0.75,1.7083778602890038,0.0,1134.0,0.0442,5765.0,1.0,4.07,0.388517017877783
Kepler-1564 b,Kepler-1564,1.47,1.752672080520008,0.0,635.0,0.1327,5528.0,0.9300000000000002,4.57,0.4988066739860529
Kepler-1565 b,Kepler-1565,1.19,1.9315214116032136,0.0,1234.0,0.0241,4940.0,0.76,5.62,0.4249597385445232
Kepler-1566 b,Kepler-1566,0.79,1.7334238922150915,0.0,1871.0,0.01198,5254.0,0.8400000000000001,5.01,0.3809239009689214
Kepler-1567 b,Kepler-1567,2.73,1.1410330045520618,0.0,330.0,0.552,5655.0,0.95,4.17,0.5722368776231852
Kepler-1568 b,Kepler-1568,1.3,1.88706964903238,0.0,729.0,0.15157,5956.0,1.09,4.57,0.49009064361916793
Kepler-1569 b,Kepler-1569,1.68,1.6114359150967734,0.0,1222.0,0.06669,6319.0,1.25,2.45,0.38280826421718406
Kepler-157 b,Kepler-157,1.32,1.871802176901592,0.0,1546.0,0.028,5774.0,0.95,7.59,0.4204460939013162
Kepler-157 c,Kepler-157,2.24,1.324418957401803,0.0,779.0,0.11,5774.0,0.95,7.59,0.37133574802253483
Kepler-157 d,Kepler-157,1.46,1.7613002617433464,0.0,969.0,0.0706,5866.0,1.02,4.07,0.43352324147383936
Kepler-1570 b,Kepler-1570,1.07,1.8809906029559973,0.0,836.0,0.16699,5550.0,0.9200000000000002,4.17,0.467116216756279
Kepler-1571 b,Kepler-1571,1.52,1.717395053939193,0.0,1476.0,0.04287,6297.0,1.23,2.34,0.3955260138330841
Kepler-1572 b,Kepler-1572,0.94,1.8164520818184269,0.0,1293.0,0.05838,5618.0,0.97,4.79,0.40710548982380634
Kepler-1573 b,Kepler-1573,1.2,1.9387416595767009,0.0,1379.0,0.0364,5808.0,1.01,4.07,0.4216455540057885
Kepler-1574 b,Kepler-1574,1.29,1.8961194845522973,0.0,1003.0,0.0743,5892.0,1.06,3.8,0.44463425990875177
Kepler-1575 b,Kepler-1575,1.31,1.8794650496471603,0.0,1312.0,0.0366,5667.0,0.95,4.17,0.42540610257680583
Kepler-1576 b,Kepler-1576,1.04,1.867176108512809,0.0,1059.0,0.07211,5876.0,1.05,4.07,0.43383327030105295
Kepler-1577 b,Kepler-1577,1.13,1.9095425048844383,0.0,1125.0,0.0657,4862.0,0.78,4.27,0.43781082092605295
Kepler-1578 b,Kepler-1578,1.04,1.867176108512809,0.0,1700.0,0.0252,5545.0,0.9,4.27,0.413904285325351
Kepler-1579 b,Kepler-1579,0.84,1.7613002617433464,0.0,1139.0,0.014,4584.0,0.75,2.24,0.39428206834783963
Kepler-158 b,Kepler-158,2.12,1.3762440252663892,0.0,500.0,0.111,4623.0,0.655,13.9,0.4159345251316783
Kepler-158 c,Kepler-158,1.9,1.4861396960896067,0.0,418.0,0.158,4623.0,0.655,13.9,0.47956623034539736
Kepler-1580 b,Kepler-1580,2.11,1.3812818192963463,0.0,733.0,0.33571,6228.0,1.4700000000000002,2.75,0.39236077261704627
Kepler-1581 b,Kepler-1581,0.8,1.7387102481382395,0.0,1108.0,0.06865,6022.0,1.12,4.17,0.39550967652317903
Kepler-1582 b,Kepler-1582,1.49,1.7404661748405044,0.0,354.0,0.0316,3208.0,0.28,7.76,0.5872024724849343
Kepler-1583 b,Kepler-1583,0.6,1.603419840108537,0.0,788.0,0.08307,5645.0,0.94,4.27,0.41064420751388897
Kepler-1584 b,Kepler-1584,1.61,1.6563214983329508,0.0,886.0,0.1167999999999999,6069.0,1.1,3.31,0.4278237244932111
Kepler-1585 b,Kepler-1585,1.79,1.547562508716013,0.0,1064.0,0.0445,5538.0,0.94,4.37,0.38699519745411975
Kepler-1586 b,Kepler-1586,1.52,1.717395053939193,0.0,1013.0,0.12208,6681.0,1.45,1.7,0.41051445951346477
Kepler-1587 b,Kepler-1587,1.33,1.8625285401162623,0.0,981.0,0.08747,5933.0,1.08,5.01,0.4451088909169834
Kepler-1588 b,Kepler-1588,0.76,1.7119945007591926,0.0,925.0,0.07419,5817.0,0.96,5.5,0.4096492529741029
Kepler-1589 b,Kepler-1589,1.09,1.88706964903238,0.0,2102.0,0.0205,6166.0,1.18,2.75,0.41149790298010736
Kepler-159 b,Kepler-159,2.38,1.2669476034873244,0.0,447.0,0.082,4625.0,0.628,2.51,0.4234279603549045
Kepler-159 c,Kepler-159,3.41,0.9516578757114464,0.0,275.0,0.218,4625.0,0.628,2.51,0.585879233353178
Kepler-1590 b,Kepler-1590,1.14,1.9095425048844383,0.0,1020.0,0.07116,6053.0,1.11,3.39,0.4395258850535042
Kepler-1591 b,Kepler-1591,1.27,1.912501086924184,0.0,892.0,0.0794,6082.0,1.1,3.24,0.4550058385716988
Kepler-1592 b,Kepler-1592,1.54,1.7047480922384253,0.0,1202.0,0.04,6213.0,1.18,2.69,0.3996545297913032
Kepler-1593 b,Kepler-1593,3.17,1.015230679729059,0.0,260.0,0.55494,4995.0,0.81,3.63,0.8213906729602369
Kepler-1594 b,Kepler-1594,1.06,1.8779371654691075,0.0,1360.0,0.0396,5946.0,1.06,3.89,0.417306372242952
Kepler-1595 b,Kepler-1595,1.23,1.94876321803772,0.0,980.0,0.051,5203.0,0.8400000000000001,4.68,0.44878206343989085
Kepler-1596 b,Kepler-1596,1.9,1.4861396960896067,0.0,471.0,0.3237,5706.0,0.95,3.89,0.48085832490506486
Kepler-1597 b,Kepler-1597,1.06,1.8779371654691075,0.0,1497.0,0.04136,6377.0,1.25,2.4,0.4096504384154458
Kepler-1598 b,Kepler-1598,0.95,1.8213182714696,0.0,1236.0,0.05207,5940.0,1.07,3.8,0.4102077359458714
Kepler-1599 b,Kepler-1599,1.62,1.6505798557652755,0.0,407.0,0.4823,5767.0,0.99,4.27,0.5579307587578386
Kepler-16 b,Kepler-16,8.4493,0.6749832099322741,0.0069,336.72,0.7048000000000001,4450.0,0.6896999999999999,3.8,0.4957024715072904
Kepler-160 b,Kepler-160,1.715,1.5912739418064292,0.0,1134.0,0.05511,5471.0,1.003,6.03,0.38950438335489634
Kepler-160 c,Kepler-160,3.76,0.8796267475025636,0.0,771.0,0.1192,5471.0,1.003,6.03,0.3108798644731139
Kepler-160 d,Kepler-160,2.839553935,1.269760544863939,0.1995,629.983,0.1699999999999999,5471.0,1.003,6.03,0.34058027733183205
Kepler-1600 b,Kepler-1600,3.13,1.0224509277025458,0.0,209.0,0.98141,5214.0,0.86,4.68,0.7850917879602873
Kepler-1600 c,Kepler-1600,1.94206512,1.463255402256019,0.0,786.0,0.06961,5119.0,0.818,6.92,0.4052090995424078
Kepler-1601 b,Kepler-1601,0.82,1.749199854809259,0.0,1507.0,0.03281,5869.0,1.04,4.27,0.38605886606105777
Kepler-1602 b,Kepler-1602,1.34,1.854734268389444,0.0,1159.0,0.09744,6296.0,1.22,2.51,0.42797784324869065
Kepler-1603 b,Kepler-1603,1.29,1.8961194845522973,0.0,1522.0,0.0350999999999999,6241.0,1.21,2.82,0.4160090330151933
Kepler-1604 b,Kepler-1604,1.41,1.7984040119467235,0.0,2023.0,0.01406,4976.0,0.81,4.17,0.40858196943997577
Kepler-1605 b,Kepler-1605,1.08,1.884034745337226,0.0,528.0,0.3656699999999999,5280.0,0.86,4.68,0.5399721365625436
Kepler-1606 b,Kepler-1606,2.07,1.4011829736136412,0.0,324.0,0.6421,5422.0,0.9,4.27,0.6993642076373956
Kepler-1607 b,Kepler-1607,0.92,1.8066480817218056,0.0,913.0,0.11978,6116.0,1.14,3.16,0.43105100444911393
Kepler-1608 b,Kepler-1608,1.73,1.5810384379124025,0.0,612.0,0.1126,4992.0,0.75,5.13,0.47834631225148255
Kepler-1609 b,Kepler-1609,2.22,1.332366019094335,0.0,429.0,0.4679,6132.0,1.18,3.02,0.45751784472650453
Kepler-161 b,Kepler-161,2.12,0.371563556432483,0.0,868.0,0.054,5078.0,0.853,0.91,0.30110481881112117
Kepler-161 c,Kepler-161,2.05,0.8372475245337022,0.0,769.0,0.068,5078.0,0.853,0.91,0.34158550514776004
Kepler-1610 b,Kepler-1610,1.61,1.6563214983329508,0.0,750.0,0.0777,5383.0,0.91,4.68,0.45848406736998937
Kepler-1610 c,Kepler-1610,2.09,1.3912819026309298,0.0,433.0,0.2323,5295.0,0.825,4.68,0.5064956998327644
Kepler-1611 b,Kepler-1611,0.81,1.7457155307266483,0.0,1243.0,0.0586,5605.0,0.94,5.01,0.39465267302496904
Kepler-1612 b,Kepler-1612,1.03,1.860974538249528,0.0,1030.0,0.0482,5643.0,0.96,4.57,0.4343323773627256
Kepler-1613 b,Kepler-1613,2.08,1.396244691973059,0.0,1926.0,0.02755,6005.0,1.08,3.55,0.3263185728859229
Kepler-1614 b,Kepler-1614,1.49,1.7404661748405044,0.0,981.0,0.0471,5121.0,0.79,5.5,0.4289690247639992
Kepler-1615 b,Kepler-1615,2.06,1.4060969884160703,0.0,658.0,0.2788,5865.0,1.04,3.89,0.42435057078541516
Kepler-1616 b,Kepler-1616,1.02,1.854734268389444,0.0,1337.0,0.07318,6266.0,1.21,2.75,0.4100290547950116
Kepler-1617 b,Kepler-1617,1.2,1.9387416595767009,0.0,736.0,0.17707,6167.0,1.15,3.02,0.486701252036798
Kepler-1618 b,Kepler-1618,1.26,1.9242486522741336,0.0,1267.0,0.07109,6620.0,1.41,1.78,0.41208186014279335
Kepler-1619 b,Kepler-1619,0.76,1.7119945007591926,0.0,797.0,0.15413,5852.0,1.0,4.27,0.43462387980489
Kepler-162 b,Kepler-162,1.26,1.9242486522741336,0.0,961.0,0.069,5816.0,1.053,4.57,0.44906932410193323
Kepler-162 c,Kepler-162,3.03,1.0508216248317612,0.0,681.0,0.137,5816.0,1.053,4.57,0.3386812383606051
Kepler-1620 b,Kepler-1620,1.61,1.6563214983329508,0.0,428.0,0.4322,6157.0,1.15,3.02,0.5404641049935124
Kepler-1621 b,Kepler-1621,2.16,1.3609765531356006,0.0,469.0,0.4204,6158.0,1.15,2.69,0.453892305861768
Kepler-1622 b,Kepler-1622,1.47,1.752672080520008,0.0,922.0,0.10136,6436.0,1.31,2.19,0.43235111460447606
Kepler-1623 b,Kepler-1623,1.31,1.8794650496471603,0.0,1000.0,0.0518,5772.0,1.0,4.27,0.44573826792363636
Kepler-1624 b,Kepler-1624,5.7,0.5982868995359851,0.0,540.0,0.0327,3636.0,0.5,4.47,0.3181050709308595
Kepler-1625 b,Kepler-1625,6.06,0.5630384952129249,0.0,350.0,0.8776200000000001,5677.0,0.96,4.37,0.45211800223792575
Kepler-1626 b,Kepler-1626,2.02,1.425515074273172,0.0,1352.0,0.0536999999999999,6826.0,1.5100000000000002,1.55,0.31791344526998966
Kepler-1627 b,Kepler-1627,3.69,0.8919980393051105,0.0,794.0,0.0643,5445.0,0.87,4.68,0.30422745125383444
Kepler-1628 b,Kepler-1628,6.43,0.530039842689795,0.0,240.0,0.2952,3724.0,0.55,5.13,0.7770969242593663
Kepler-1629 b,Kepler-1629,0.77,1.7209792871670078,0.0,1081.0,0.0485,5776.0,1.01,4.27,0.3962039189764783
Kepler-163 b,Kepler-163,1.05,1.873339456220478,0.0,906.0,0.078,5776.0,0.8819999999999999,4.27,0.4538302854304583
Kepler-163 c,Kepler-163,2.26,1.316408233655724,0.0,648.0,0.152,5776.0,0.8819999999999999,4.27,0.40397931654954194
Kepler-1630 b,Kepler-1630,2.19,1.3454723665996355,0.0,182.0,1.1218,4736.0,0.6599999999999999,5.01,0.5087478163147146
Kepler-1631 b,Kepler-1631,1.35,1.8468787684491343,0.0,1122.0,0.0511,5679.0,0.97,4.17,0.4313812251688904
Kepler-1632 b,Kepler-1632,2.47,1.2325602611778486,0.0,369.0,0.6761999999999999,6137.0,1.12,3.09,0.47639165522299637
Kepler-1633 b,Kepler-1633,1.58,1.6770965609079151,0.0,925.0,0.3875,6256.0,1.2,2.82,0.43705643035306724
Kepler-1634 b,Kepler-1634,3.19,1.007957920399979,0.0,282.0,1.0525,5474.0,0.9200000000000002,4.47,0.8120741766125792
Kepler-1635 b,Kepler-1635,3.64,0.904218150639886,0.0,200.0,1.12664,5347.0,0.89,4.9,0.7400329040792799
Kepler-1636 b,Kepler-1636,3.23,0.9969486348916092,0.0,248.0,1.12191,5797.0,1.01,3.98,0.7266682079751714
Kepler-1637 b,Kepler-1637,0.89,1.790091412127358,0.0,1093.0,0.0596,5789.0,1.02,4.17,0.41180764870044323
Kepler-1638 b,Kepler-1638,1.87,1.5040773967762742,0.0,304.0,0.745,5710.0,0.97,4.37,0.7854545283078284
Kepler-1639 b,Kepler-1639,2.58,1.1939224684724346,0.0,1003.0,0.0932,6150.0,1.12,3.16,0.3047261753801356
Kepler-164 b,Kepler-164,1.41,1.7984040119467235,0.0,1141.0,0.058,5888.0,1.036,0.62,0.39517767055618913
Kepler-164 c,Kepler-164,2.73,1.1410330045520618,0.0,881.0,0.097,5888.0,1.036,0.62,0.2856099170294794
Kepler-164 d,Kepler-164,2.45,1.2383742310432684,0.0,637.0,0.187,5888.0,1.036,0.62,0.35756046256506224
Kepler-164 e,Kepler-164,4.24,0.7884573603642702,0.0,429.0,0.4025,5888.0,0.966,0.62,0.3792079597992496
Kepler-1640 b,Kepler-1640,4.82,0.7030975114131134,0.0,1228.0,0.0835999999999999,6324.0,1.27,2.4,0.23970007786642233
Kepler-1641 b,Kepler-1641,3.11,1.0296194171811583,0.0,908.0,0.1473,6152.0,1.12,3.02,0.2972950400971427
Kepler-1641 c,Kepler-1641,2.95,1.075002423028976,0.0,767.0,0.2065,6152.0,1.12,3.02,0.3315676136771213
Kepler-1642 b,Kepler-1642,3.2,1.0043016091968684,0.0,895.0,0.1016,5355.0,0.8800000000000001,4.47,0.3049900332983759
Kepler-1642 c,Kepler-1642,2.66,1.1662709371419244,0.0,1095.0,0.0678,5355.0,0.8800000000000001,4.47,0.2982402810724591
Kepler-1643 b,Kepler-1643,2.32,1.2919836816486496,0.0,799.0,0.0531,4916.0,0.8450000000000001,0.046,0.31750763551166405
Kepler-1644 b,Kepler-1644,1.88,1.4973884086254774,0.0,606.0,0.142,5499.0,0.89,4.27,0.45845555615983336
Kepler-1645 b,Kepler-1645,1.78,1.551808799597464,0.0,754.0,0.1285,5812.0,1.02,4.17,0.4300776980688845
Kepler-1646 b,Kepler-1646,1.23,1.94876321803772,0.0,365.0,0.0295,3299.0,0.24,4.68,0.5406774589798224
Kepler-1647 b,Kepler-1647,11.8739,0.9516578757114464,0.0581,369.6,2.7204999999999995,6210.0,1.2207,4.4,0.6546427114170461
Kepler-1649 b,Kepler-1649,1.017,1.8531680973566984,0.0,307.0,0.0514,3240.0,0.1977,4.789,0.7559925070090237
Kepler-1649 c,Kepler-1649,1.06,1.8779371654691075,0.0,234.0,0.0649,3240.0,0.1977,4.69101,0.8723183918245836
Kepler-165 b,Kepler-165,2.32,1.2919836816486496,0.0,716.0,0.072,5211.0,0.7460000000000001,10.5,0.36081917762632654
Kepler-165 c,Kepler-165,2.23,1.3270750014599193,0.0,581.0,0.11,5211.0,0.7460000000000001,10.5,0.40456886206060627
Kepler-1650 b,Kepler-1650,0.96,1.827769906751088,0.01,602.0,0.0167,3410.0,0.326,3.82,0.47659032538578877
Kepler-1651 b,Kepler-1651,1.84,1.5173226235262949,0.13,393.0,0.0692,3713.0,0.522,3.35,0.4818378813606775
Kepler-1652 b,Kepler-1652,1.6,1.66392609771817,0.0,268.0,0.1654,3638.0,0.404,3.2,0.9163278431945118
Kepler-1653 b,Kepler-1653,2.17,1.355835153635182,0.0,284.0,0.4706,4807.0,0.719,7.7,0.8184727577281494
Kepler-1654 b,Kepler-1654,9.180171,0.7884573603642702,0.26,206.0,2.026,5597.0,1.011,5.0,0.5880769200901039
Kepler-1655 b,Kepler-1655,2.213,1.3137236682850553,0.19,938.0,0.1029,6148.0,1.03,2.56,0.3129580210559339
Kepler-1656 c,Kepler-1656,14.0,0.2255406759139312,0.527,523.6,3.0530000000000004,5569.0,1.03,6.31,0.2375023380243525
Kepler-166 b,Kepler-166,2.27,1.3110318766193438,0.0,772.0,0.072,5413.0,0.8110000000000002,5.01,0.3715163951232392
Kepler-166 c,Kepler-166,2.38,1.2669476034873244,0.0,468.0,0.195,5413.0,0.8110000000000002,5.01,0.4467809688137245
Kepler-166 d,Kepler-166,1.73,1.5810384379124025,0.0,1313.0,0.0244899999999999,5350.0,0.8800000000000001,4.47,0.3782945315526217
Kepler-1660 AB b,Kepler-1660 A,12.9,1.6213664832993742,0.05541,573.0,0.8,6305.24,1.1366,3.1169999999999995,0.3523632542319934
Kepler-1661 b,Kepler-1661,3.87,0.9555114450274363,0.057,243.0,0.633,5100.0,0.841,2.0,0.7977706432054389
Kepler-1663 b,Kepler-1663,3.30395896,0.9783261227936076,0.0,362.0,0.1072,3844.0,0.610816,0.0,0.3747238152966918
Kepler-1664 b,Kepler-1664,3.03320653,1.0508216248317612,0.0,776.0,0.1137,5735.81,0.944,8.2,0.3194222800950517
Kepler-1665 b,Kepler-1665,2.83910787,1.1085626195212777,0.0,906.0,0.096,5049.84,0.842,13.9,0.27433416773867203
Kepler-1666 b,Kepler-1666,2.88273782,1.095273387402595,0.0,672.0,0.1761,6293.0,1.23,0.41,0.3115133009133223
Kepler-1666 c,Kepler-1666,3.23564749,0.9932517730102834,0.0,578.0,0.2383,6293.0,1.23,0.41,0.32467639135682824
Kepler-1667 b,Kepler-1667,2.98385261,1.0647107369924282,0.0,655.0,0.35905,5941.54,1.09,4.7,0.37749336819815027
Kepler-1668 b,Kepler-1668,4.34764405,0.7701082216960736,0.0,721.0,0.124,5542.0,0.98,3.880500000000001,0.3163401243034468
Kepler-1669 b,Kepler-1669,2.78043818,1.1249295969854831,0.0,530.0,0.0745,4303.0,0.67,13.9,0.3372584361283583
Kepler-1669 c,Kepler-1669,1.90120972,1.483874689458755,0.0,958.0,0.0228,4224.0,0.609,13.9,0.3299996854669098
Kepler-1669 d,Kepler-1669,1.22,1.9444805562457188,0.0,669.0,0.0468,4224.0,0.609,13.9,0.45164404048827655
Kepler-167 b,Kepler-167,1.718,1.589235205116581,0.0,918.0,0.04825,4884.0,0.777,7.1,0.410105619693517
Kepler-167 c,Kepler-167,1.674,1.615419984111648,0.0,771.0,0.0684,4884.0,0.777,7.1,0.44279035326517124
Kepler-167 d,Kepler-167,1.238,1.9416152247724323,0.0,538.0,0.1404,4884.0,0.777,7.1,0.5467714932141341
Kepler-167 e,Kepler-167,10.16,0.9858167945227652,0.29,134.4,1.883,4884.0,0.777,7.1,0.2722996156489266
Kepler-1670 b,Kepler-1670,3.3564801,0.9669838461896731,0.0,731.0,0.1528,5838.0,1.05,0.3,0.2857267683904189
Kepler-1671 b,Kepler-1671,1.32557381,1.867176108512809,0.0,962.0,0.04946,5135.55,0.866,2.24,0.44902486532270713
Kepler-1672 b,Kepler-1672,2.97022762,1.068153081183401,0.0,423.0,0.55374,6131.95,1.16,4.19,0.45021785549996984
Kepler-1673 b,Kepler-1673,2.9355194,1.0784095813505905,0.0,611.0,0.2136299999999999,6014.95,1.11,1.62,0.3542300045563499
Kepler-1674 b,Kepler-1674,3.2057749,1.0043016091968684,0.0,417.0,0.3017000000000001,5473.91,0.96,0.5,0.3990433340039688
Kepler-1675 b,Kepler-1675,3.12483349,1.0260415958332745,0.0,465.0,0.32185,5853.19,1.06,1.7,0.39386689963621985
Kepler-1676 b,Kepler-1676,3.3769596,0.959350221334602,0.0,782.0,0.1954,5878.3,1.07,0.3,0.2864837392730659
Kepler-1677 b,Kepler-1677,2.70216183,1.1505720275988207,0.0,712.0,0.1599,6013.72,1.11,2.29,0.3460599334817526
Kepler-1678 b,Kepler-1678,3.30422249,0.9783261227936076,0.0,329.0,0.5302,5754.0,1.03,0.3,0.5219164602419086
Kepler-1679 b,Kepler-1679,2.0692036,1.4011829736136412,0.0,813.0,0.0892,5501.0,0.96,0.4,0.35538634012596704
Kepler-168 b,Kepler-168,1.46,1.7613002617433464,0.0,1240.0,0.056,6282.0,1.113,2.29,0.4075830350814651
Kepler-168 c,Kepler-168,2.69,1.1537315878891892,0.0,862.0,0.116,6282.0,1.113,2.29,0.31352217432866664
Kepler-1680 b,Kepler-1680,1.35954736,1.8389610707123487,0.0,771.0,0.07642,5021.0,0.834,13.8,0.44280835509846617
Kepler-1681 b,Kepler-1681,2.55321772,1.2029723039923526,0.0,442.0,0.32,5756.4,0.893,3.3,0.4719506014371339
Kepler-1682 b,Kepler-1682,2.88940836,1.091923300517313,0.0,694.0,0.1134,5619.12,0.99,5.7,0.3455993079605281
Kepler-1683 b,Kepler-1683,1.87477762,1.4996230464268938,0.0,669.0,0.1182,5429.0,0.95,13.6,0.40494169262097357
Kepler-1684 b,Kepler-1684,2.87084792,1.0986122886681096,0.0,347.0,0.2253,4706.54,0.75,4.749999999999999,0.48442652217769766
Kepler-1685 b,Kepler-1685,2.57673985,1.1939224684724346,0.0,625.0,0.1485,5484.0,0.96,1.457,0.37314716743486387
Kepler-1686 b,Kepler-1686,1.42553017,1.786746927404511,0.0,913.0,0.08827,5714.96,1.02,4.37,0.4461123728004707
Kepler-1687 b,Kepler-1687,1.65623882,1.6272778305624314,0.0,598.0,0.0532,4132.0,0.65,3.73,0.4688901702239287
Kepler-1688 b,Kepler-1688,1.26174569,1.9213246735826988,0.0,772.0,0.0577,4632.11,0.8139999999999998,14.0,0.4387745697345179
Kepler-1689 b,Kepler-1689,0.94678642,1.8196988379172965,0.0,879.0,0.0784,5731.43,1.023,2.5,0.4445529912187244
Kepler-169 b,Kepler-169,1.13,1.9095425048844383,0.0,962.0,0.04,4997.0,0.825,0.79,0.4220720705097356
Kepler-169 c,Kepler-169,1.21,1.9401794743463283,0.0,776.0,0.062,4997.0,0.825,0.79,0.4559113626675442
Kepler-169 d,Kepler-169,1.25,1.9329696377795784,0.0,702.0,0.075,4997.0,0.825,0.79,0.4728186801399272
Kepler-169 e,Kepler-169,2.2,1.3428648031925547,0.0,595.0,0.105,4997.0,0.825,0.79,0.395924536366292
Kepler-169 f,Kepler-169,2.58,1.1939224684724346,0.0,321.0,0.359,4997.0,0.825,0.79,0.5724781029852442
Kepler-1690 b,Kepler-1690,2.81109223,1.11514159061932,0.0,267.0,0.7097,5404.0,0.94,8.5,0.7671046187095294
Kepler-1691 b,Kepler-1691,1.83470985,1.5216989981260935,0.0,1283.0,0.0495,6000.0,1.11,0.61,0.3363807392590643
Kepler-1692 b,Kepler-1692,1.11177184,1.8991179875485544,0.0,897.0,0.0646,5146.0,0.87,6.1,0.4575387715332496
Kepler-1693 b,Kepler-1693,1.28938413,1.8976198599275325,0.0,807.0,0.1011,5432.34,0.95,0.8,0.4563284092570724
Kepler-1693 c,Kepler-1693,0.97698289,1.8357763546448287,0.0,1059.0,0.0588,5553.0,0.941,0.8,0.403765660423594
Kepler-1694 b,Kepler-1694,1.17986031,1.9300710850255671,0.0,956.0,0.0449,4954.0,0.8200000000000001,0.7,0.4231031809838814
Kepler-1695 b,Kepler-1695,1.11948901,1.9050881545350584,0.0,957.0,0.0529,5473.19,0.96,0.5,0.4174961288924477
Kepler-1696 b,Kepler-1696,2.80982017,1.11514159061932,0.0,454.0,0.3244000000000001,5712.0,1.02,7.683000000000002,0.41308219499530313
Kepler-1697 b,Kepler-1697,1.25954761,1.9213246735826988,0.0,630.0,0.2008,4681.53,0.7470000000000001,6.837999999999999,0.5581970519518408
Kepler-1698 b,Kepler-1698,1.07315686,1.8809906029559973,0.0,1351.0,0.02065,4975.03,0.822,1.66,0.4104243170383373
Kepler-1699 b,Kepler-1699,1.56671124,1.6863989535702286,0.0,1010.0,0.0418,5575.53,0.81,1.964,0.41733243581667356
Kepler-17 b,Kepler-17,14.68,0.8544153281560676,0.011,1570.0,0.02591,5781.0,1.04,1.8,0.2143693865196959
Kepler-170 b,Kepler-170,3.2,2.7013612129514133,0.0,899.0,0.08,5679.0,1.066,1.58,0.354755981312472
Kepler-170 c,Kepler-170,2.86,1.1019400787607845,0.0,702.0,0.131,5679.0,1.066,1.58,0.3364933051047651
Kepler-1700 b,Kepler-1700,2.90129941,1.0885619528146082,0.0,329.0,0.7609400000000001,6031.0,1.12,2.75,0.564698598076298
Kepler-1701 b,Kepler-1701,2.22186207,1.332366019094335,0.0,273.0,0.5738,5146.0,0.87,1.29,0.7681128078612279
Kepler-1702 b,Kepler-1702,1.60190793,1.66392609771817,0.0,555.0,0.1275,5093.0,0.8500000000000001,3.33,0.5083136032705804
Kepler-1705 b,Kepler-1705,2.03,1.3806165226587246,0.033,789.0,0.08,6312.0,1.139,2.59,0.3748533533355909
Kepler-1705 c,Kepler-1705,2.05,1.5104380139821956,0.028,918.62,0.102,6312.0,1.139,2.59,0.36587438160300345
Kepler-1708 b,Kepler-1708,9.96,1.269760544863939,0.4,238.858,1.6399999999999997,6157.0,1.088,3.16,0.736014530570386
Kepler-1709 b,Kepler-1709,3.12424875,1.0260415958332745,0.0,472.0,0.32704,5918.0,1.003,2.34,0.40024891354250824
Kepler-171 b,Kepler-171,2.34,1.2837077723447896,0.0,1053.0,0.05,5642.0,0.978,2.4,0.3209246582576563
Kepler-171 c,Kepler-171,2.56,1.199964782928397,0.0,752.0,0.098,5642.0,0.978,2.4,0.3487917299001395
Kepler-171 d,Kepler-171,1.89,1.4906543764441331,0.0,497.0,0.223,5642.0,0.978,2.4,0.48637359128829194
Kepler-1710 b,Kepler-1710,3.19744103,0.7477537300508171,0.0,694.0,0.11583,5650.0,0.932,2.69,0.32397599447352954
Kepler-1711 b,Kepler-1711,1.923,1.4747630091074988,0.0,669.0,0.1463,5706.0,0.94,6.6,0.4353527364533102
Kepler-1712 b,Kepler-1712,2.28372556,1.3056264580524355,0.0,391.0,0.0903,3732.0,0.515,1.03,0.43692601745320664
Kepler-1713 b,Kepler-1713,1.71673535,1.589235205116581,0.0,900.0,0.14185,6477.0,1.3,3.72,0.4072256128319195
Kepler-1714 b,Kepler-1714,3.26437302,0.9895411936137476,0.0,1211.0,0.10549,6150.0,1.448,2.29,0.2586355248011556
Kepler-1715 b,Kepler-1715,4.14042267,0.8064758658669486,0.0,646.0,0.2242899999999999,6212.0,1.082,3.47,0.3290027372606573
Kepler-1716 b,Kepler-1716,2.4247685,1.249901736214336,0.0,408.0,0.1883599999999999,4894.0,0.7529999999999999,7.9,0.4667514669403305
Kepler-1717 b,Kepler-1717,2.98929758,1.0612565021243408,0.0,780.0,0.2013999999999999,6200.0,1.158,0.33,0.28367525001748806
Kepler-1718 b,Kepler-1718,2.5685207,1.1969481893889715,0.0,345.0,0.48418,5731.0,0.8460000000000001,10.72,0.4912831248020784
Kepler-1719 b,Kepler-1719,3.95000623,0.8415671856782186,0.0,1287.0,0.06868,5687.0,1.08,6.61,0.24999593175710755
Kepler-172 b,Kepler-172,2.35,1.2781522025001877,0.0,1256.0,0.04,5526.0,1.081,2.69,0.3070947046163768
Kepler-172 c,Kepler-172,2.86,1.1019400787607845,0.0,970.0,0.068,5526.0,1.081,2.69,0.29524046532287435
Kepler-172 d,Kepler-172,2.25,1.3190856114264409,0.0,736.0,0.118,5526.0,1.081,2.69,0.3813732560283353
Kepler-172 e,Kepler-172,2.76,1.1314021114911006,0.0,550.0,0.211,5526.0,1.081,2.69,0.39014989807273126
Kepler-1720 b,Kepler-1720,3.21585295,1.000631880307906,0.0,697.0,0.1043,5573.0,0.939,0.5,0.306752814941514
Kepler-1721 b,Kepler-1721,3.11856756,1.0260415958332745,0.0,924.0,0.0519,5351.0,0.89,0.7,0.267049202559497
Kepler-1722 b,Kepler-1722,2.86719266,1.0986122886681096,0.0,753.0,0.0819,5506.0,0.876,1.4,0.3184215214630961
Kepler-1723 b,Kepler-1723,2.88046569,1.095273387402595,0.0,568.0,0.2249,6072.0,0.96,3.3,0.3781691254290429
Kepler-1724 b,Kepler-1724,2.83677238,1.1085626195212777,0.0,999.0,0.0683,6092.0,1.016,0.3,0.2554327440014516
Kepler-1725 b,Kepler-1725,2.8125177,1.11514159061932,0.0,767.0,0.13263,6020.0,1.049,0.89,0.30654661375176834
Kepler-1726 b,Kepler-1726,2.50861954,1.2178757094949273,0.0,582.0,0.12794,5316.0,0.876,2.51,0.39656500341508094
Kepler-1727 b,Kepler-1727,3.17321625,1.01160091167848,0.0,757.0,0.0796,5349.0,0.8240000000000001,9.7,0.30905603625661604
Kepler-1728 b,Kepler-1728,2.95501875,1.075002423028976,0.0,886.0,0.0535,5170.0,0.891,12.8,0.27106195269222394
Kepler-1729 b,Kepler-1729,3.89404186,0.8501509293696101,0.0,595.0,0.0418,3837.0,0.544,1.2,0.3043961645552862
Kepler-173 b,Kepler-173,1.29,1.8961194845522973,0.0,1179.0,0.048,6031.0,1.067,3.3,0.42865816037761234
Kepler-173 c,Kepler-173,2.43,1.247032293786383,0.0,956.0,0.074,6031.0,1.067,3.3,0.3215175420639794
Kepler-1730 b,Kepler-1730,4.48524519,0.7514160886839212,0.0,833.0,0.1130999999999999,5942.0,1.009,7.4,0.29048079672987803
Kepler-1731 b,Kepler-1731,2.93295657,1.0784095813505905,0.0,486.0,0.1399,4859.0,0.7809999999999999,2.14,0.4006625269071417
Kepler-1732 b,Kepler-1732,4.09903273,0.8109302162163288,0.0,699.0,0.2015,5821.0,1.043,2.0,0.32319850087427604
Kepler-1733 b,Kepler-1733,3.63582354,0.9001613499442714,0.0,1021.0,0.0933,6320.0,1.2729999999999997,0.2,0.22900410745790453
Kepler-1734 b,Kepler-1734,3.08851092,1.0367368849500225,0.0,985.0,0.0714,6061.0,1.05,0.3,0.2478606432262475
Kepler-1735 b,Kepler-1735,1.19429134,1.937301774518713,0.0,502.0,0.0621,3975.0,0.535,8.17,0.5349911924457458
Kepler-1736 b,Kepler-1736,3.8765856,0.8544153281560676,0.0,566.0,0.2188,6085.0,0.976,1.7,0.3412476570969565
Kepler-1737 b,Kepler-1737,5.395,0.6302073807860712,0.0,383.0,0.297,5043.0,0.834,13.7,0.38525752829797083
Kepler-1738 b,Kepler-1738,2.82472883,1.1118575154181305,0.0,957.0,0.0781,6063.0,1.079,0.3,0.2624208365585688
Kepler-1739 b,Kepler-1739,2.43056832,1.247032293786383,0.0,839.0,0.0697,5757.0,0.865,0.4,0.3089788057270958
Kepler-174 b,Kepler-174,1.96,1.4539530095937054,0.0,553.0,0.1,4880.0,0.602,4.9,0.45625601039991925
Kepler-174 c,Kepler-174,1.49,1.7404661748405044,0.0,377.0,0.214,4880.0,0.602,4.9,0.5857240280714682
Kepler-174 d,Kepler-174,2.19,1.3454723665996355,0.0,212.0,0.677,4880.0,0.602,4.9,0.8591925831059272
Kepler-1740 b,Kepler-1740,3.32321414,0.9745596399981308,0.0,858.0,0.0779,5705.0,0.943,3.1441,0.29797983433319347
Kepler-1741 b,Kepler-1741,1.273,1.9095425048844383,0.0,615.0,0.0296,3683.0,0.454,13.4,0.457845287381846
Kepler-1742 b,Kepler-1742,2.1782413,1.3506671834767394,0.0,462.0,0.2587,5776.0,0.939,0.5,0.4412046780621393
Kepler-1743 b,Kepler-1743,1.59887007,1.66392609771817,0.0,1144.0,0.084,5855.0,1.266,3.72,0.40066985126709986
Kepler-1744 b,Kepler-1744,3.76754004,0.8754687373538999,0.0,532.0,0.20945,5986.0,0.886,7.76,0.37005832824475093
Kepler-1745 b,Kepler-1745,1.92872921,1.4701758451005928,0.0,1449.0,0.0408,5611.0,0.995,2.1,0.351024091014634
Kepler-1746 b,Kepler-1746,8.93504475,0.3750059006234558,0.0,310.0,0.94082,6018.0,1.09,5.75,0.518911150180049
Kepler-1747 b,Kepler-1747,4.26508,0.7839015438284094,0.0,875.0,0.066,5477.0,0.983,0.7,0.25942050612551815
Kepler-1748 b,Kepler-1748,2.71275017,1.1474024528375415,0.0,955.0,0.0615,5774.0,0.916,2.4763,0.30593455086189203
Kepler-1749 b,Kepler-1749,1.61301783,1.6544112780768316,0.0,420.0,0.0956,3957.0,0.551,3.72,0.5234693855297385
Kepler-175 b,Kepler-175,2.56,1.199964782928397,0.0,827.0,0.105,6064.0,0.969,3.39,0.3307199927700049
Kepler-175 c,Kepler-175,3.1,1.0331844833456545,0.0,583.0,0.213,6064.0,0.969,3.39,0.3608438922555054
Kepler-1750 b,Kepler-1750,6.00434637,0.5675839575845996,0.0,298.0,0.6785000000000001,5644.0,0.981,0.5,0.5511320824929312
Kepler-1751 b,Kepler-1751,1.82417378,1.5260563034950494,0.0,984.0,0.0712,6052.0,0.974,1.9,0.3849011409479426
Kepler-1752 b,Kepler-1752,4.54060463,0.7419373447293773,0.0,419.0,0.2698,5446.0,0.8240000000000001,7.2,0.4254573724397277
Kepler-1753 b,Kepler-1753,2.22678077,1.3297240096314962,0.0,583.0,0.1179,5180.0,0.86,6.2,0.42692235050267946
Kepler-1754 b,Kepler-1754,2.43996509,1.244154593958768,0.0,672.0,0.0718,4723.0,0.734,7.44,0.3731357672834723
Kepler-1755 b,Kepler-1755,5.91688317,0.5766133643039938,0.0,631.0,0.1668,6086.0,1.003,0.3,0.28076683723200113
Kepler-1756 b,Kepler-1756,1.47199944,1.752672080520008,0.0,1093.0,0.0319,4915.0,0.7809999999999999,13.7,0.38001030175409206
Kepler-1757 b,Kepler-1757,2.94660251,1.075002423028976,0.0,549.0,0.1335,5288.0,0.8279999999999998,0.7,0.3533403132313591
Kepler-1758 b,Kepler-1758,2.57059831,1.1969481893889715,0.0,1028.0,0.0919,5557.0,1.035,0.4,0.27172837374732994
Kepler-1759 b,Kepler-1759,0.9037791,1.7967470107390942,0.0,954.0,0.0429,5017.0,0.76,13.8,0.38932666947367217
Kepler-176 c,Kepler-176,2.6,0.396760667478018,0.0,633.0,0.102,5232.0,0.86,2.45,0.34260975787759523
Kepler-176 d,Kepler-176,2.51,0.4700036292457356,0.0,501.0,0.163,5232.0,0.86,2.45,0.38894359496465414
Kepler-176 e,Kepler-176,1.45,0.0401817896328318,0.0,398.0,0.25654,5295.0,0.87,4.68,0.5022591037754758
Kepler-1760 b,Kepler-1760,2.28995546,1.3029127521808397,0.0,480.0,0.2084,5229.0,0.821,0.6,0.4204740095197238
Kepler-1761 b,Kepler-1761,1.39109603,1.8115620965242347,0.0,613.0,0.0413,3871.0,0.573,3.9,0.49408612691854065
Kepler-1762 b,Kepler-1762,2.76022913,1.1314021114911006,0.0,714.0,0.204,6572.0,1.2980000000000005,0.28,0.30414103031035356
Kepler-1763 b,Kepler-1763,1.14651332,1.916922612182061,0.0,1822.0,0.0257,5897.0,1.026,5.4,0.4163710888653492
Kepler-1764 b,Kepler-1764,4.55527871,0.7371640659767197,0.0,511.0,0.3512,6461.0,1.162,0.24,0.3229816773570053
Kepler-1765 b,Kepler-1765,2.49508857,1.2237754316221157,0.0,855.0,0.0917,5692.0,0.946,11.9,0.31039248657024554
Kepler-1766 b,Kepler-1766,2.27904508,1.308332819650179,0.0,406.0,0.4161,5868.0,0.915,12.02,0.444800096479931
Kepler-1767 b,Kepler-1767,3.01299077,1.0577902941478543,0.0,393.0,0.2873,5243.0,0.887,0.6,0.4459366347419812
Kepler-1768 b,Kepler-1768,2.23346338,1.3270750014599193,0.0,933.0,0.1286,6050.0,1.2400000000000002,4.208,0.34604365715817714
Kepler-1769 b,Kepler-1769,4.465,0.7514160886839212,0.0,483.0,0.40598,6071.0,1.061,1.02,0.3677442125571955
Kepler-177 b,Kepler-177,3.5,0.5596157879354227,0.0,549.0,0.21101,5732.0,0.921,11.75,0.32051764312246817
Kepler-177 c,Kepler-177,8.73,0.1142211440900228,0.0,497.0,0.25655,5732.0,0.921,11.75,0.3200941122233618
Kepler-1770 b,Kepler-1770,2.84141754,1.1052568313867783,0.0,699.0,0.1261,5602.0,0.941,12.3,0.3205677353050691
Kepler-1771 b,Kepler-1771,4.05537256,0.8241754429663495,0.0,391.0,0.3815,5661.0,0.941,0.8,0.4081932209234213
Kepler-1772 b,Kepler-1772,2.68609988,1.1568811967920856,0.0,1155.0,0.04391,5541.0,0.942,7.94,0.2842463445746923
Kepler-1773 b,Kepler-1773,3.50469499,0.9321640810304452,0.0,623.0,0.24831,6183.0,1.241,2.91,0.3422335069606261
Kepler-1774 b,Kepler-1774,3.18179549,1.007957920399979,0.0,522.0,0.29496,6214.0,1.101,2.5,0.3786120805684395
Kepler-1775 b,Kepler-1775,3.64762153,0.9001613499442714,0.0,522.0,0.39565,5818.0,1.149,2.57,0.38646708844846445
Kepler-1776 b,Kepler-1776,2.61157023,1.181727195378616,0.0,603.0,0.2093,5872.0,1.041,0.6,0.3528904798731768
Kepler-1777 b,Kepler-1777,2.13189678,1.3711807233098423,0.0,819.0,0.10301,5771.0,0.984,0.46,0.3467914533180857
Kepler-1778 b,Kepler-1778,3.01665969,1.0543120297715298,0.0,942.0,0.0956,6310.0,1.143,0.3,0.25480725978311675
Kepler-1779 b,Kepler-1779,3.03295685,1.0508216248317612,0.0,730.0,0.1264,5730.0,1.008,0.6,0.30437525034169
Kepler-178 b,Kepler-178,2.9,1.0885619528146082,0.0,846.0,0.085,5676.0,0.852,9.12,0.30669678104203424
Kepler-178 c,Kepler-178,2.88,1.095273387402595,0.0,656.0,0.142,5676.0,0.852,9.12,0.35107945615659863
Kepler-178 d,Kepler-178,3.95,0.8415671856782186,0.0,392.0,0.397,5676.0,0.852,9.12,0.4491588245351753
Kepler-1780 b,Kepler-1780,3.60600667,0.9122827104766162,0.0,340.0,0.4276,5403.0,0.8680000000000001,0.6,0.4711271293783326
Kepler-1781 b,Kepler-1781,2.38091029,1.2669476034873244,0.0,1003.0,0.0574,5568.0,1.053,0.9,0.3032749693465555
Kepler-1782 b,Kepler-1782,2.22927435,1.3297240096314962,0.0,773.0,0.05825,4931.0,0.7940000000000002,2.88,0.3728435169792765
Kepler-1783 b,Kepler-1783,1.31946731,1.871802176901592,0.0,1088.0,0.07595,5129.0,0.887,1.15,0.4277160765335459
Kepler-1784 b,Kepler-1784,2.79936489,1.118414915964289,0.0,724.0,0.1072,5442.0,0.887,13.8,0.3029166915970307
Kepler-1785 b,Kepler-1785,2.70422447,1.1505720275988207,0.0,666.0,0.13917,5618.0,0.911,0.3,0.32547549417136623
Kepler-1786 b,Kepler-1786,3.16305828,1.01160091167848,0.0,501.0,0.35722,5808.0,1.058,7.76,0.39765052720903493
Kepler-1787 b,Kepler-1787,2.31898181,1.2919836816486496,0.0,540.0,0.227,6060.0,1.008,0.3,0.394623263459761
Kepler-1788 b,Kepler-1788,2.37850461,1.2669476034873244,0.0,956.0,0.0343,4786.0,0.6860000000000002,13.8,0.28574688294662254
Kepler-1789 b,Kepler-1789,2.83137505,1.1085626195212777,0.0,380.0,0.3543,5436.0,0.9200000000000002,4.5,0.46709550852450077
Kepler-179 b,Kepler-179,1.64,1.6389967146756448,0.0,1075.0,0.036,5302.0,0.893,1.74,0.3968930403390619
Kepler-179 c,Kepler-179,2.0,1.4350845252893227,0.0,810.0,0.064,5302.0,0.893,1.74,0.38797581996792485
Kepler-1790 b,Kepler-1790,3.1446145,1.0188473201992472,0.0,682.0,0.20989,5866.0,1.02,2.88,0.33756729600756485
Kepler-1791 b,Kepler-1791,3.12103321,1.0260415958332745,0.0,1021.0,0.0761,5887.0,0.985,3.73,0.27878614716756867
Kepler-1792 b,Kepler-1792,2.51990972,1.2149127443642704,0.0,1047.0,0.0488,5229.0,0.878,7.415999999999999,0.3088707420229307
Kepler-1793 b,Kepler-1793,3.79037518,0.8712933659434192,0.0,713.0,0.0787,5191.0,0.8500000000000001,3.6,0.31825137270914033
Kepler-1794 b,Kepler-1794,1.79426276,1.5432981099295553,0.0,703.0,0.0821,5052.0,0.7729999999999999,14.0,0.406823178190237
Kepler-1795 b,Kepler-1795,1.66301611,1.6213664832993742,0.0,520.0,0.1002,4500.0,0.768,5.8,0.5025635647006492
Kepler-1796 b,Kepler-1796,2.75047868,1.1346227261911428,0.0,598.0,0.1879,6036.0,1.018,0.4,0.33887530671461774
Kepler-1797 b,Kepler-1797,3.05774442,1.043804052173115,0.0,684.0,0.1637,6244.0,1.069,0.4,0.30654429488418
Kepler-1798 b,Kepler-1798,2.30911251,1.2947271675944,0.0,408.0,0.1082,3967.0,0.593,4.36,0.4498155877683502
Kepler-1799 b,Kepler-1799,4.12801189,0.8064758658669486,0.0,770.0,0.1028,5831.0,1.016,0.5,0.27129350592283896
Kepler-18 b,Kepler-18,2.0,1.7749523509116738,0.0,1165.0,0.0447,5345.0,0.972,10.0,0.36807595900140083
Kepler-18 c,Kepler-18,5.49,0.4637340162321401,0.0,899.0,0.0752,5345.0,0.972,10.0,0.25311428303196715
Kepler-18 d,Kepler-18,6.98,0.2390169004704999,0.0,720.0,0.1172,5345.0,0.972,10.0,0.2817884833410932
Kepler-180 b,Kepler-180,1.5,1.7334238922150915,0.0,781.0,0.109,5731.0,0.95,9.7,0.4531692687413831
Kepler-180 c,Kepler-180,3.01,1.0577902941478543,0.0,540.0,0.2289999999999999,5731.0,0.95,9.7,0.37847201055279633
Kepler-1800 b,Kepler-1800,0.99679734,1.8453002361560848,0.0,1533.0,0.05098,5343.0,1.33,11.75,0.3876747351146549
Kepler-1801 b,Kepler-1801,2.70926154,1.1505720275988207,0.0,829.0,0.0915,5738.0,0.9360000000000002,8.1,0.3265053195964477
Kepler-1801 c,Kepler-1801,2.91,1.085189268335969,0.0,371.0,0.4572,5738.0,0.9360000000000002,8.1,0.505536782933359
Kepler-1802 b,Kepler-1802,1.671,1.617406082083277,0.0,581.0,0.0662,4245.0,0.649,13.9,0.4397987000880801
Kepler-1802 c,Kepler-1802,2.322,1.289232648276759,0.0,357.0,0.1748,4245.0,0.649,13.9,0.4678940993934608
Kepler-1804 b,Kepler-1804,1.59615726,1.667706820558076,0.0,913.0,0.1017,5109.0,0.929,14.0,0.40014021748083073
Kepler-1805 b,Kepler-1805,1.54502915,1.6992786164338898,0.0,479.0,0.0699,3867.0,0.581,1.65,0.5121318423727951
Kepler-1806 b,Kepler-1806,2.35560189,1.2781522025001877,0.0,729.0,0.0813,5311.0,0.8840000000000001,0.6,0.3454026199096823
Kepler-1807 b,Kepler-1807,2.70393215,1.1505720275988207,0.0,1108.0,0.0988,6455.0,1.087,2.95,0.2810533742251517
Kepler-1808 b,Kepler-1808,3.02511302,1.0543120297715298,0.0,601.0,0.1467,5530.0,0.7729999999999999,12.1,0.33328992900089227
Kepler-1809 b,Kepler-1809,1.513,1.7227665977411035,0.0,877.0,0.04444,4901.0,0.8069999999999999,1.55,0.4299603157555476
Kepler-181 b,Kepler-181,1.27,1.912501086924184,0.0,1041.0,0.04,5333.0,0.81,6.46,0.4420028877002486
Kepler-181 c,Kepler-181,1.99,1.4398351280479205,0.0,937.0,0.049,5333.0,0.81,6.46,0.3746171395416053
Kepler-1810 b,Kepler-1810,3.91815325,0.8458682675776092,0.0,380.0,0.4137,5492.0,0.921,4.5,0.45577590519180156
Kepler-1811 b,Kepler-1811,3.84829873,0.8586616190375187,0.0,455.0,0.3462,5561.0,0.946,0.4,0.3618679753019458
Kepler-1812 b,Kepler-1812,2.3249424,1.289232648276759,0.0,1034.0,0.0765,6174.0,1.162,1.0,0.3004382447328583
Kepler-1813 b,Kepler-1813,1.413,1.7967470107390942,0.0,1059.0,0.0364,5167.0,0.812,2.3,0.42938137417624594
Kepler-1814 b,Kepler-1814,2.36961357,1.269760544863939,0.0,1022.0,0.03765,4922.0,0.79,2.82,0.31938764816366677
Kepler-1814 c,Kepler-1814,1.76,1.5644405465033646,0.0,1711.0,0.0133,4922.0,0.79,2.82,0.36700560852243036
Kepler-1815 b,Kepler-1815,2.7489262,1.1346227261911428,0.0,763.0,0.0984,5516.0,0.856,13.5,0.29782086281043263
Kepler-1816 b,Kepler-1816,1.9679397,1.4516138272405332,0.0,310.0,0.35647,5051.0,0.7859999999999999,0.7,0.6609814909821506
Kepler-1817 b,Kepler-1817,2.27349126,1.3110318766193438,0.0,463.0,0.2347999999999999,5316.0,0.878,0.4,0.43950754660879165
Kepler-1818 b,Kepler-1818,1.71360684,1.5912739418064292,0.0,1209.0,0.055,6047.0,1.021,5.4,0.38174246690708974
Kepler-1819 b,Kepler-1819,3.90351256,0.8501509293696101,0.0,760.0,0.1337,6090.0,1.173,0.4,0.2767778361101752
Kepler-182 b,Kepler-182,2.58,1.1939224684724346,0.0,935.0,0.096,6250.0,1.1140000000000003,5.25,0.3097979231415818
Kepler-182 c,Kepler-182,3.43,0.947789398933526,0.0,729.0,0.1569999999999999,6250.0,1.1140000000000003,5.25,0.31600266448537595
Kepler-1820 b,Kepler-1820,3.11883067,1.0260415958332745,0.0,561.0,0.1964,5841.0,1.0469999999999997,0.4,0.33872819544542143
Kepler-1821 b,Kepler-1821,2.59248115,1.1878434223960523,0.0,644.0,0.1244,5475.0,0.946,0.4,0.3393964961344798
Kepler-1822 b,Kepler-1822,2.64755943,1.169381359556317,0.0,507.0,0.1416,5165.0,0.782,0.8,0.3752778747493499
Kepler-1823 b,Kepler-1823,2.0861268,1.3937663759585917,0.0,718.0,0.15332,6000.0,1.068,1.88,0.39727122966560546
Kepler-1824 b,Kepler-1824,2.38127597,1.2669476034873244,0.0,421.0,0.4267,6002.0,1.1349999999999998,0.33,0.4278975079584167
Kepler-1825 b,Kepler-1825,1.42200732,1.790091412127358,0.0,1520.0,0.0187,5123.0,0.8279999999999998,14.0,0.37015757990125986
Kepler-1826 b,Kepler-1826,1.47519116,1.7509374747077997,0.0,806.0,0.0213,3821.0,0.49,5.62,0.4389647379303242
Kepler-1827 b,Kepler-1827,1.85644292,1.5085119938441398,0.0,1329.0,0.04647,5423.0,0.915,10.96,0.34219396512730116
Kepler-1828 b,Kepler-1828,2.11598626,1.3812818192963463,0.0,799.0,0.0924,5806.0,0.996,0.4,0.35055625779450916
Kepler-1829 b,Kepler-1829,2.47887001,1.229640551074514,0.0,860.0,0.0559,5230.0,0.8729999999999999,4.4,0.3343603697214386
Kepler-183 b,Kepler-183,2.06,1.4060969884160703,0.0,1088.0,0.064,5888.0,0.99,5.62,0.3485790236344865
Kepler-183 c,Kepler-183,2.27,2.87919845729804,0.0,857.0,0.103,5888.0,0.99,5.62,0.40567357596447945
Kepler-1830 b,Kepler-1830,3.32992941,0.9745596399981308,0.0,681.0,0.31769,6160.0,1.443,2.4,0.33397914435440745
Kepler-1831 b,Kepler-1831,1.97019818,1.449269160281279,0.0,1051.0,0.0655,6063.0,1.117,0.3,0.32789642610603276
Kepler-1832 b,Kepler-1832,1.22719556,1.9473377010464987,0.0,1022.0,0.037,5242.0,0.684,14.0,0.40221424759925484
Kepler-1833 b,Kepler-1833,1.30027362,1.88706964903238,0.0,1177.0,0.07545,6164.0,1.286,3.89,0.4276117917195814
Kepler-1834 b,Kepler-1834,1.4593834,1.763017000362401,0.0,848.0,0.04911,4821.0,0.765,12.2,0.42274983555038775
Kepler-1834 c,Kepler-1834,1.22,1.9444805562457188,0.0,1541.0,0.015,4821.0,0.765,12.2,0.3891716753440105
Kepler-1835 b,Kepler-1835,3.53387773,0.924258901523332,0.0,808.0,0.0997,5903.0,0.922,4.8,0.30225000325775775
Kepler-1836 b,Kepler-1836,2.55303229,1.2029723039923526,0.0,1093.0,0.0602,6123.0,1.053,1.2299999999999998,0.2815777577349642
Kepler-1837 b,Kepler-1837,2.06673842,1.4011829736136412,0.0,1012.0,0.065,5966.0,1.049,0.5,0.3244900034747787
Kepler-1838 b,Kepler-1838,1.66049425,1.6253112615903906,0.0,1097.0,0.11082,5877.0,1.187,4.47,0.39801127094317384
Kepler-1839 b,Kepler-1839,1.9493759,1.4609379041156565,0.0,1049.0,0.0583,5926.0,1.03,0.4,0.33163738774128776
Kepler-184 b,Kepler-184,2.36,1.275362800412609,0.0,780.0,0.092,5788.0,0.872,2.95,0.3614632995241982
Kepler-184 c,Kepler-184,1.97,1.99061032797322,0.0,630.0,0.141,5788.0,0.872,2.95,0.4826738573783226
Kepler-184 d,Kepler-184,2.49,1.2267122912954256,0.0,559.0,0.179,5788.0,0.872,2.95,0.4079387088628198
Kepler-1840 b,Kepler-1840,2.77771129,1.1249295969854831,0.0,284.0,0.4620600000000001,4898.0,0.7740000000000001,14.0,0.7049308120438724
Kepler-1841 b,Kepler-1841,1.48912557,1.7387102481382395,0.0,542.0,0.1606,5190.0,0.823,11.6,0.4991784473436701
Kepler-1842 b,Kepler-1842,2.35388681,1.2781522025001877,0.0,822.0,0.116,5970.0,1.057,7.0,0.35386689839756214
Kepler-1843 b,Kepler-1843,2.70909809,1.1505720275988207,0.0,772.0,0.17871,5422.0,1.02,6.17,0.33661624611366303
Kepler-1844 b,Kepler-1844,3.03648191,1.0508216248317612,0.0,1074.0,0.0478,5776.0,0.939,6.991999999999999,0.27478948105187173
Kepler-1845 b,Kepler-1845,2.43836702,1.244154593958768,0.0,584.0,0.0885,4703.0,0.6860000000000002,1.0,0.37336040869361065
Kepler-1846 b,Kepler-1846,1.76378826,1.5623463049002495,0.0,552.0,0.11054,4825.0,0.785,14.0,0.44264874863686526
Kepler-1847 b,Kepler-1847,2.74516914,1.1378330018213914,0.0,843.0,0.0989,6122.0,1.041,0.4,0.28454709960789026
Kepler-1848 b,Kepler-1848,1.4088539,1.80005827204275,0.0,774.0,0.05835,4847.0,0.756,1.82,0.46616821744298154
Kepler-1849 b,Kepler-1849,2.38685349,1.264126727145683,0.0,355.0,0.2597,4806.0,0.7090000000000001,13.5,0.4887663933604001
Kepler-185 b,Kepler-185,1.17,1.927164106234258,0.0,1237.0,0.026,5208.0,0.763,11.9,0.400336076722713
Kepler-185 c,Kepler-185,2.02,1.425515074273172,0.0,530.0,0.139,5208.0,0.763,11.9,0.4388996346444959
Kepler-1850 b,Kepler-1850,0.72909663,1.6937790608678511,0.0,1008.0,0.0206,4239.0,0.611,13.8,0.34620442760136616
Kepler-1851 b,Kepler-1851,3.90012032,0.8501509293696101,0.0,776.0,0.1016,5982.0,0.967,0.3,0.2697518234246976
Kepler-1852 b,Kepler-1852,1.88610592,1.4951487660319729,0.0,760.0,0.0762,5237.0,0.927,8.6,0.4164911710876295
Kepler-1853 b,Kepler-1853,1.51862272,1.7191887763932197,0.0,386.0,0.2395,4821.0,0.765,14.0,0.5536023893784087
Kepler-1854 b,Kepler-1854,2.58746104,1.1908875647772803,0.0,420.0,0.20894,5026.0,0.8,12.88,0.41543562806782164
Kepler-1855 b,Kepler-1855,1.216205,1.9444805562457188,0.0,849.0,0.0115,3460.0,0.385,5.85,0.4397621611761547
Kepler-1856 b,Kepler-1856,1.73447868,1.578978704949392,0.0,1344.0,0.0215,4948.0,0.782,10.9,0.35469337770043896
Kepler-1857 b,Kepler-1857,1.96065412,1.4539530095937054,0.0,946.0,0.08308,6074.0,0.8729999999999999,7.94,0.3734731986375264
Kepler-1858 b,Kepler-1858,2.42168247,1.249901736214336,0.0,330.0,0.3575,4939.0,0.785,0.7,0.5534748733984151
Kepler-1859 b,Kepler-1859,1.58313575,1.673351238177753,0.0,1455.0,0.0394,5887.0,1.09,2.5,0.3921730358080255
Kepler-1859 c,Kepler-1859,1.66,1.623340817603092,0.0,1327.0,0.0473,5887.0,1.09,2.5,0.3856047933631357
Kepler-186 b,Kepler-186,1.07,1.8809906029559973,0.0,571.0,0.0343,3788.0,0.478,4.0,0.5046354899622856
Kepler-186 c,Kepler-186,1.25,1.9329696377795784,0.0,464.0,0.0451,3788.0,0.478,4.0,0.5356577458529974
Kepler-186 d,Kepler-186,1.4,1.8066480817218056,0.0,379.0,0.0781,3788.0,0.478,4.0,0.5719880013061144
Kepler-186 e,Kepler-186,1.27,1.912501086924184,0.0,319.0,0.11,3788.0,0.478,4.0,0.6895587788292313
Kepler-186 f,Kepler-186,1.17,1.927164106234258,0.04,177.0,0.432,3755.0,0.544,4.0,0.7414636383421452
Kepler-1860 b,Kepler-1860,1.13863767,1.912501086924184,0.0,697.0,0.10625,5420.0,0.8739999999999999,1.55,0.48846652881039127
Kepler-1861 b,Kepler-1861,2.20677414,1.3376291891386096,0.0,617.0,0.24082,5855.0,1.161,4.57,0.41386600104582605
Kepler-1862 b,Kepler-1862,2.203,1.3402504226184837,0.0,645.0,0.1199,5644.0,0.9,0.4,0.3755609974405046
Kepler-1863 b,Kepler-1863,2.26309256,1.3137236682850553,0.0,508.0,0.23678,5871.0,1.097,12.02,0.39703728338453725
Kepler-1864 b,Kepler-1864,0.75408365,1.7083778602890038,0.0,1156.0,0.049,5854.0,1.03,1.62,0.37974269403355304
Kepler-1865 b,Kepler-1865,1.57686072,1.6789639750827106,0.0,1203.0,0.0344,5420.0,0.8489999999999999,11.6,0.3781154564625197
Kepler-1866 b,Kepler-1866,2.08215108,1.396244691973059,0.0,834.0,0.1016,5791.0,1.03,0.3,0.3446669828258466
Kepler-1867 b,Kepler-1867,1.15985997,1.918392120161421,0.0,768.0,0.0872,5693.0,0.911,0.5,0.44743117159736034
Kepler-1868 b,Kepler-1868,3.14950109,1.0224509277025458,0.0,215.0,0.62348,4658.0,0.7429999999999999,14.0,0.7597163620618543
Kepler-1869 b,Kepler-1869,1.11955354,1.9050881545350584,0.0,865.0,0.07976,5808.0,0.987,1.29,0.4474219024536729
Kepler-1869 c,Kepler-1869,0.74,1.6992786164338898,0.0,1455.0,0.028,5808.0,0.987,1.29,0.3611491066111329
Kepler-187 b,Kepler-187,1.41,1.7984040119467235,0.0,1244.0,0.059,6105.0,1.081,6.46,0.41440706562290747
Kepler-187 c,Kepler-187,2.67,1.1631508098056809,0.0,963.0,0.099,6105.0,1.081,6.46,0.30125429563561335
Kepler-1870 b,Kepler-1870,2.10143764,1.3862943611198906,0.0,1046.0,0.0452,5508.0,0.955,0.79,0.32373451648527873
Kepler-1871 b,Kepler-1871,2.42172881,1.249901736214336,0.0,1403.0,0.0308,5741.0,1.02,5.7,0.29555572273711905
Kepler-1872 b,Kepler-1872,2.38421141,1.2669476034873244,0.0,1005.0,0.0465,5223.0,0.913,4.646,0.3237967989947781
Kepler-1873 b,Kepler-1873,1.62573811,1.6467336971777973,0.0,1787.0,0.0128,5151.0,0.903,1.0,0.3650179029639853
Kepler-1874 b,Kepler-1874,2.21110724,1.3376291891386096,0.0,356.0,0.2633,4701.0,0.758,13.8,0.48831647730605554
Kepler-1875 b,Kepler-1875,3.22686692,1.000631880307906,0.0,559.0,0.2038999999999999,6161.0,0.95,0.3,0.3212720077271085
Kepler-1876 b,Kepler-1876,0.853,2.995732273553991,0.098,1299.0,0.0758,6104.0,1.187,4.4,0.3874239422521175
Kepler-1877 b,Kepler-1877,0.624086,1.6193882432872684,0.0,1278.0,0.03472,5615.0,1.022,4.9,0.3627056421737212
Kepler-1878 b,Kepler-1878,2.92019781,1.085189268335969,0.0,1063.0,0.0521,5918.0,0.9559999999999998,4.729,0.279386760148915
Kepler-1879 b,Kepler-1879,2.06512018,1.4036429994545037,0.0,987.0,0.0957,5865.0,1.023,7.94,0.3571717253779906
Kepler-188 b,Kepler-188,1.68,1.6114359150967734,0.0,1463.0,0.032,6021.0,1.021,5.8,0.379198124882758
Kepler-188 c,Kepler-188,3.19,1.007957920399979,0.0,1025.0,0.066,6021.0,1.021,5.8,0.27582121130513054
Kepler-1880 b,Kepler-1880,2.11686218,1.3787660946990992,0.0,606.0,0.054,4380.0,0.524,13.6,0.37463329643601373
Kepler-1881 b,Kepler-1881,2.98104391,1.0647107369924282,0.0,289.0,0.53325,5135.0,0.812,0.9,0.6533095482488379
Kepler-1882 b,Kepler-1882,1.48674404,1.7404661748405044,0.0,894.0,0.11636,5691.0,1.068,6.61,0.4434855896413402
Kepler-1883 b,Kepler-1883,3.25107395,0.9932517730102834,0.0,416.0,0.4438,6208.0,1.086,1.812,0.43921150285639543
Kepler-1884 b,Kepler-1884,1.81406781,1.534714366238164,0.0,864.0,0.0845,5984.0,0.993,0.3,0.36978468328619596
Kepler-1885 b,Kepler-1885,1.51110555,1.7227665977411035,0.0,1205.0,0.036,5591.0,0.977,0.9,0.38683909588486276
Kepler-1886 b,Kepler-1886,2.58158428,1.1908875647772803,0.0,580.0,0.16,5745.0,0.9280000000000002,1.99,0.39054100866055197
Kepler-1887 b,Kepler-1887,2.92454357,1.0818051703517284,0.0,625.0,0.1421,5749.0,0.961,0.5,0.331802648846602
Kepler-1888 b,Kepler-1888,1.32578716,1.867176108512809,0.0,886.0,0.0956,5557.0,0.8969999999999999,11.3,0.4374341954548175
Kepler-1889 b,Kepler-1889,2.94360686,1.075002423028976,0.0,493.0,0.2082,5646.0,0.864,7.075,0.3823916988244107
Kepler-189 b,Kepler-189,1.21,1.9401794743463283,0.0,678.0,0.0879999999999999,5235.0,0.8030000000000002,3.98,0.5044899211958045
Kepler-189 c,Kepler-189,2.38,2.327277705584417,0.0,544.0,0.137,5235.0,0.8030000000000002,3.98,0.4733432684371289
Kepler-1890 b,Kepler-1890,0.86867375,1.7783364488959144,0.0,1328.0,0.05712,6046.0,1.024,2.65,0.39508336588794873
Kepler-1891 b,Kepler-1891,1.52139156,1.717395053939193,0.0,1017.0,0.0473,5516.0,0.8729999999999999,3.7,0.4226199158462556
Kepler-1892 b,Kepler-1892,1.83707938,1.5195132049061133,0.0,822.0,0.0633,5383.0,0.851,0.5,0.3821603225799844
Kepler-1893 b,Kepler-1893,1.70557445,1.5953389880545987,0.0,1194.0,0.0504,5633.0,0.973,13.9,0.3465449974583734
Kepler-1894 b,Kepler-1894,1.20117759,1.935859813201812,0.0,1231.0,0.0385,5772.0,0.999,0.5,0.3979824199643825
Kepler-1894 c,Kepler-1894,1.21,1.9401794743463283,0.0,1007.0,0.0576,5772.0,0.999,0.5,0.4158681508282177
Kepler-1895 b,Kepler-1895,2.11934728,1.3787660946990992,0.0,789.0,0.0615,5076.0,0.86,1.2,0.3641783039978695
Kepler-1896 b,Kepler-1896,3.09935997,1.0331844833456545,0.0,536.0,0.2529,6122.0,1.07,1.125,0.35686057060918014
Kepler-1897 b,Kepler-1897,2.81407954,1.11514159061932,0.0,505.0,0.1546,5165.0,0.8590000000000001,4.2,0.3982234232037006
Kepler-1898 b,Kepler-1898,0.93353523,1.81319474994812,0.0,1167.0,0.05063,5702.0,0.8370000000000001,13.18,0.37937639307675275
Kepler-1899 b,Kepler-1899,1.55098292,1.695615608675153,0.0,851.0,0.0457,4791.0,0.7590000000000001,13.9,0.4004942153853479
Kepler-19 b,Kepler-19,2.209,1.410986973710262,0.41,851.0,0.0846,5541.0,0.9360000000000002,1.9,0.31115901617203373
Kepler-19 c,Kepler-19,3.68,0.8919980393051105,0.21,661.7239999999999,0.1765736996,5544.0,0.9360000000000002,1.9,0.3090314529093201
Kepler-19 d,Kepler-19,5.06,0.669878553620591,0.05,483.5,0.102,5544.0,0.9360000000000002,1.9,0.33934918539167974
Kepler-190 b,Kepler-190,1.56,1.6882490928583902,0.0,1166.0,0.03,5106.0,0.834,1.48,0.3939462489592319
Kepler-190 c,Kepler-190,1.46,1.7613002617433464,0.0,948.0,0.045,5106.0,0.834,1.48,0.4265845535502898
Kepler-1900 b,Kepler-1900,1.62314676,1.6486586255873816,0.0,1356.0,0.042,6173.0,1.104,0.4,0.3544454320084939
Kepler-1901 b,Kepler-1901,1.47418907,1.749199854809259,0.0,1132.0,0.0453,5696.0,1.022,0.7,0.39067575268441845
Kepler-1902 b,Kepler-1902,1.17563613,1.928618651945252,0.0,601.0,0.0385,3729.0,0.52,4.321,0.49773128107160447
Kepler-1903 b,Kepler-1903,2.28642395,1.3056264580524355,0.0,769.0,0.1321,6347.0,1.053,0.23,0.3270953898593929
Kepler-1904 b,Kepler-1904,1.3904994,1.81319474994812,0.0,567.0,0.0436,3805.0,0.526,5.83,0.5070070643850483
Kepler-1905 b,Kepler-1905,1.4460734,1.7732559976634952,0.0,1212.0,0.0451,5788.0,1.038,0.3,0.3816600653757296
Kepler-1906 b,Kepler-1906,2.77615754,1.128171090909654,0.0,901.0,0.0738,5868.0,0.987,0.5,0.27508668553249005
Kepler-1907 b,Kepler-1907,0.86973029,1.7783364488959144,0.0,856.0,0.05444,5159.0,0.752,14.0,0.40133381184322114
Kepler-1907 c,Kepler-1907,1.15547044,1.918392120161421,0.0,620.0,0.10371,5159.0,0.752,14.0,0.4837450895519513
Kepler-1909 b,Kepler-1909,1.09217411,1.888583653863595,0.0,1031.0,0.0306,4935.0,0.663,13.9,0.3966109786582979
Kepler-191 b,Kepler-191,1.34,1.854734268389444,0.0,722.0,0.087,5282.0,0.857,1.0,0.47396906881347295
Kepler-191 c,Kepler-191,1.86,1.5085119938441398,0.0,596.0,0.128,5282.0,0.857,1.0,0.4463359514636251
Kepler-191 d,Kepler-191,2.28,1.308332819650179,0.0,857.0,0.06104,5215.0,0.8400000000000001,4.9,0.3543343208388021
Kepler-1910 b,Kepler-1910,1.184,1.9300710850255671,0.0,645.0,0.0536,4234.0,0.636,13.9,0.46068091985462767
Kepler-1911 b,Kepler-1911,1.011,1.851599469584072,0.0,987.0,0.0636,5721.0,0.954,6.228,0.4373028887355501
Kepler-1912 b,Kepler-1912,1.35670508,1.840549633397487,0.0,976.0,0.06489,5734.0,0.977,2.24,0.44492799636498825
Kepler-1913 b,Kepler-1913,1.51852059,1.7191887763932197,0.0,818.0,0.1209,6214.0,1.169,1.717,0.4468351718126855
Kepler-1914 b,Kepler-1914,2.9429803,1.075002423028976,0.0,585.0,0.1954,5982.0,1.0469999999999997,2.343,0.3673267297531151
Kepler-1915 b,Kepler-1915,3.21798413,0.9969486348916092,0.0,809.0,0.114,6020.0,1.03,4.316,0.30812204320953385
Kepler-1916 b,Kepler-1916,2.61757235,1.1786549963416462,0.0,635.0,0.2053,6246.0,1.18,1.34,0.35590373339536807
Kepler-1917 b,Kepler-1917,1.88971288,1.4906543764441331,0.0,675.0,0.103,5530.0,0.8819999999999999,1.403,0.426753435614458
Kepler-1918 b,Kepler-1918,2.29763023,1.3001916620664788,0.0,497.0,0.2524,5889.0,0.967,2.055,0.4618888666021367
Kepler-1919 b,Kepler-1919,2.62390658,1.175573329804238,0.0,479.0,0.2107,5513.0,0.8680000000000001,3.053,0.4227598472079642
Kepler-192 b,Kepler-192,2.74,1.1378330018213914,0.0,803.0,0.09,5479.0,1.028,2.95,0.32789664427210957
Kepler-192 c,Kepler-192,2.79,1.1216775615991057,0.0,623.0,0.15,5479.0,1.028,2.95,0.36709587468374705
Kepler-192 d,Kepler-192,1.02,1.854734268389444,0.0,926.0,0.0686,5487.0,0.94,6.76,0.44650298552333945
Kepler-1920 b,Kepler-1920,2.95415848,1.0715836162801904,0.0,660.0,0.2043,6277.0,1.2390000000000003,1.3059999999999998,0.33643963464325427
Kepler-1921 b,Kepler-1921,2.89459458,1.091923300517313,0.0,967.0,0.15865,6120.0,1.251,3.39,0.290062784030589
Kepler-1921 c,Kepler-1921,1.41,1.7984040119467235,0.0,1791.0,0.0454,6120.0,1.251,3.39,0.40704057058764986
Kepler-1922 b,Kepler-1922,2.29064904,1.3029127521808397,0.0,740.0,0.1077,5931.0,0.9529999999999998,2.5740000000000007,0.3710055513883489
Kepler-1923 b,Kepler-1923,1.95958179,1.4562867329399256,0.0,553.0,0.2846,5881.0,1.109,4.759,0.4615384036897048
Kepler-1924 b,Kepler-1924,2.65446572,1.1662709371419244,0.0,821.0,0.1216,5726.0,1.018,6.614000000000002,0.3262767214907144
Kepler-1925 b,Kepler-1925,3.00177922,1.0612565021243408,0.0,531.0,0.2588,5856.0,1.057,3.576,0.3746159270310726
Kepler-1926 b,Kepler-1926,2.31495961,1.2919836816486496,0.0,451.0,0.2197,5256.0,0.768,4.9268,0.49545412455919374
Kepler-1927 b,Kepler-1927,3.40627075,0.9555114450274363,0.0,677.0,0.3873299999999999,6056.0,1.408,2.88,0.3351986924010987
Kepler-1928 b,Kepler-1928,1.992,1.4398351280479205,0.43,621.0,0.194,5720.0,1.01,0.105,0.35090221013045547
Kepler-1929 b,Kepler-1929,3.07250761,1.0402767116551463,0.0,566.0,0.30883,5786.0,1.006,6.92,0.3646235148553918
Kepler-193 b,Kepler-193,2.39,1.264126727145683,0.0,979.0,0.106,6335.0,1.051,0.3,0.28819159856599114
Kepler-193 c,Kepler-193,2.75,1.1346227261911428,0.0,595.0,0.286,6335.0,1.051,0.3,0.3492674130270971
Kepler-1930 b,Kepler-1930,1.52955541,1.7101878155342436,0.0,643.0,0.10233,5083.0,0.8440000000000001,0.62,0.46562010406864995
Kepler-1931 b,Kepler-1931,2.65323514,1.169381359556317,0.0,619.0,0.23329,6167.0,1.174,4.57,0.3674065863708282
Kepler-1932 b,Kepler-1932,1.51482218,1.7227665977411035,0.0,1891.0,0.0123,5278.0,0.911,1.45,0.3875165566543769
Kepler-1933 b,Kepler-1933,1.17984089,1.9300710850255671,0.0,1058.0,0.05605,5661.0,0.964,1.86,0.43660944063474255
Kepler-1934 b,Kepler-1934,0.91307734,1.803358605071407,0.0,1700.0,0.02466,5925.0,0.968,3.16,0.39679209973930135
Kepler-1935 b,Kepler-1935,2.50271696,1.2208299213923592,0.0,1083.0,0.0463,5570.0,0.8450000000000001,7.6626,0.3027258069170264
Kepler-1936 b,Kepler-1936,3.16615594,1.0188473201992472,0.0,524.0,0.52662,6501.0,1.419,2.57,0.3900201996444181
Kepler-1937 b,Kepler-1937,3.0229133,1.0543120297715298,0.0,1014.0,0.0915,6457.0,1.19,2.45,0.27733480302872304
Kepler-1938 b,Kepler-1938,1.82828927,1.5260563034950494,0.0,527.0,0.0938,4522.0,0.646,4.226,0.47411367484809247
Kepler-1939 b,Kepler-1939,1.16480773,1.922787731634459,0.0,816.0,0.0334,4353.0,0.648,5.579,0.46142919348990785
Kepler-194 b,Kepler-194,1.51,1.724550719534605,0.0,1648.0,0.032,6089.0,0.94,2.5,0.3977175861127108
Kepler-194 c,Kepler-194,2.59,1.1878434223960523,0.0,815.0,0.131,6089.0,0.94,2.5,0.33509755725720897
Kepler-194 d,Kepler-194,2.4,1.258460989610006,0.0,562.0,0.275,6089.0,0.94,2.5,0.41816708529396507
Kepler-1940 b,Kepler-1940,1.54732469,1.6974487897568138,0.0,885.0,0.0525,5431.0,0.8019999999999999,2.6169999999999995,0.4372785326493671
Kepler-1941 b,Kepler-1941,2.64976949,1.169381359556317,0.0,666.0,0.2054,6404.0,1.175,1.3609,0.3415974815900496
Kepler-1942 b,Kepler-1942,2.1170287,1.3787660946990992,0.0,1012.0,0.0516,5834.0,0.852,3.339,0.3480140642437936
Kepler-1943 b,Kepler-1943,1.54869189,1.6992786164338898,0.0,1098.0,0.05975,6032.0,1.055,5.25,0.40776323425754446
Kepler-1944 b,Kepler-1944,2.75971163,1.1314021114911006,0.0,801.0,0.0918,5585.0,1.064,1.6689999999999998,0.3205848932231368
Kepler-1945 b,Kepler-1945,1.289,1.8976198599275325,0.0,808.0,0.0597,4991.0,0.7670000000000001,7.840000000000001,0.47415542204909866
Kepler-1946 b,Kepler-1946,2.48812698,1.2267122912954256,0.0,1143.0,0.0394,5505.0,0.887,5.333,0.30149225473036445
Kepler-1947 b,Kepler-1947,1.0101666,1.8531680973566984,0.0,1298.0,0.07375,6040.0,0.984,0.98,0.3952189289832702
Kepler-1948 b,Kepler-1948,1.03283226,1.8625285401162623,0.0,399.0,0.1022,3872.0,0.585,3.568,0.5469432124567533
Kepler-1949 b,Kepler-1949,2.21964541,1.332366019094335,0.0,1709.0,0.0352,6028.0,1.194,3.867,0.31036782067874347
Kepler-195 b,Kepler-195,2.03,1.420695787837223,0.0,751.0,0.077,5329.0,0.867,2.19,0.4032854503266448
Kepler-195 c,Kepler-195,1.55,1.6974487897568138,0.0,469.0,0.197,5329.0,0.867,2.19,0.5438404589358431
Kepler-1950 b,Kepler-1950,1.52696349,1.713797927758343,0.0,752.0,0.0871,5455.0,0.7590000000000001,5.933,0.46516033041551613
Kepler-1951 b,Kepler-1951,2.32107188,1.2919836816486496,0.0,728.0,0.1435,5468.0,0.9230000000000002,10.968,0.3509688085171542
Kepler-1952 b,Kepler-1952,1.23923346,1.943048916774281,0.0,725.0,0.1724,5973.0,0.922,6.952000000000001,0.4916516891764242
Kepler-1953 b,Kepler-1953,1.28574667,1.900613874140137,0.0,731.0,0.0607,4858.0,0.7859999999999999,3.215,0.48959883519089065
Kepler-1954 b,Kepler-1954,1.80235934,1.5390154481375546,0.0,949.0,0.0625,5840.0,0.942,3.717,0.39440531258602746
Kepler-1955 b,Kepler-1955,1.16654878,1.9242486522741336,0.0,853.0,0.11959,5825.0,1.049,4.37,0.4656349338537645
Kepler-1956 b,Kepler-1956,1.08940238,1.888583653863595,0.0,674.0,0.0563,4391.0,0.671,6.016,0.4985752665935027
Kepler-1957 b,Kepler-1957,0.94374867,1.8180767775454283,0.0,1099.0,0.0299,4904.0,0.745,7.845000000000001,0.41594552358207854
Kepler-1958 b,Kepler-1958,2.05124311,1.4085449700547104,0.0,806.0,0.0856,5749.0,0.961,2.794,0.3869386532878663
Kepler-1959 b,Kepler-1959,1.14315727,1.913977101952304,0.0,811.0,0.0617,5071.0,0.768,10.157000000000002,0.45830997119433103
Kepler-196 b,Kepler-196,1.9,1.4861396960896067,0.0,536.0,0.138,5128.0,0.839,3.09,0.47288391437854393
Kepler-196 c,Kepler-196,2.24,1.324418957401803,0.0,407.0,0.24,5128.0,0.839,3.09,0.4844719607244452
Kepler-196 d,Kepler-196,2.66065673,1.1662709371419244,0.0,297.0,0.4545,5132.0,0.8049999999999999,3.09,0.6622831553378212
Kepler-1960 b,Kepler-1960,1.30749704,1.8809906029559973,0.0,1547.0,0.0354,6371.0,1.117,1.7599,0.41037607396355286
Kepler-1961 b,Kepler-1961,1.6187808,1.6505798557652755,0.0,866.0,0.0588,5401.0,0.8709999999999999,1.6350000000000002,0.4243283043884883
Kepler-1962 b,Kepler-1962,1.21463929,1.943048916774281,0.0,901.0,0.0783,5700.0,1.003,3.502,0.460114514156176
Kepler-1963 b,Kepler-1963,0.74437023,1.7029282555214391,0.0,1448.0,0.02915,5726.0,0.915,4.07,0.3774370074563141
Kepler-1964 b,Kepler-1964,1.7810587,1.5539252025038417,0.0,986.0,0.0322,4803.0,0.752,4.987,0.39080459743955276
Kepler-1965 b,Kepler-1965,1.35415138,1.8421356765531216,0.0,492.0,0.22971,5852.0,0.9280000000000002,4.57,0.5509697728861962
Kepler-1966 b,Kepler-1966,1.10479327,1.8961194845522973,0.0,733.0,0.0763,5009.0,0.797,8.075,0.48916141758431564
Kepler-1967 b,Kepler-1967,0.73022577,1.695615608675153,0.0,1086.0,0.06686,4970.0,0.996,6.92,0.39652689725533896
Kepler-1968 b,Kepler-1968,1.50004034,1.7334238922150915,0.0,744.0,0.0696,5008.0,0.8440000000000001,4.5902,0.4721155282969906
Kepler-1969 b,Kepler-1969,1.68161001,1.6114359150967734,0.0,999.0,0.0717,6046.0,1.111,0.9377,0.3844005685585786
Kepler-197 b,Kepler-197,1.02,1.854734268389444,0.02,1142.0,0.06,6004.0,0.857,5.37,0.4173678318901109
Kepler-197 c,Kepler-197,1.23,2.815408719422709,0.08,930.0,0.09,6004.0,0.857,5.37,0.43765268719313155
Kepler-197 d,Kepler-197,1.22,1.9444805562457188,0.03,810.0,0.119,6004.0,0.857,5.37,0.4665880970392138
Kepler-197 e,Kepler-197,0.91,1.80005827204275,0.38,691.0,0.164,6004.0,0.857,5.37,0.4226233480573907
Kepler-1972 b,Kepler-1972,0.802,3.144152278672264,0.067,1084.0,0.08006,5818.0,1.12,7.4,0.40252050771522024
Kepler-1972 c,Kepler-1972,0.868,2.9652730660692823,0.043,1215.0,0.10493,5818.0,1.12,7.4,0.40612328981729173
Kepler-1976 b,Kepler-1976,12.21,1.269760544863939,0.0,1103.0,0.0565,5712.0,0.976,0.3,0.20220798943294963
Kepler-1977 b,Kepler-1977,1.66,1.623340817603092,0.0,798.0,0.0486,4805.0,0.769,1.3,0.42254795985613447
Kepler-1978 b,Kepler-1978,2.67,1.1631508098056809,0.0,676.0,0.0914,5251.0,0.8690000000000001,0.6,0.32994493760163346
Kepler-198 b,Kepler-198,2.82,1.11514159061932,0.0,655.0,0.131,5574.0,0.995,0.51,0.3272667163331416
Kepler-198 c,Kepler-198,2.47,1.2325602611778486,0.0,465.0,0.259,5574.0,0.995,0.51,0.4074320025650117
Kepler-198 d,Kepler-198,1.53,1.7119945007591926,0.0,1562.0,0.02342,5636.0,0.97,3.72,0.39834565121648857
Kepler-1980 b,Kepler-1980,2.21,1.3376291891386096,0.0,564.0,0.2049,5819.0,1.049,3.427,0.42181763294981395
Kepler-1981 b,Kepler-1981,9.23,0.3625576070968879,0.0,390.0,1.3292,5874.0,1.519,3.4082100000000004,0.6148238310911326
Kepler-1982 b,Kepler-1982,0.77,1.7209792871670078,0.0,1282.0,0.0511,6202.0,1.213,2.63,0.38025671029881336
Kepler-1983 b,Kepler-1983,2.33,1.2864740258376797,0.0,807.0,0.0689,5135.0,0.812,13.7,0.32134202028724035
Kepler-1984 b,Kepler-1984,6.81,0.5001690435774618,0.0,675.0,0.0238,3638.0,0.45,13.8,0.24762142483716515
Kepler-1985 b,Kepler-1985,2.27,1.3110318766193438,0.0,1129.0,0.0426,5370.0,0.877,9.776000000000002,0.31006240855852596
Kepler-1986 b,Kepler-1986,1.89,1.4906543764441331,0.0,579.0,0.1307,5549.0,0.776,5.449,0.46649349030324866
Kepler-1987 b,Kepler-1987,1.23,1.94876321803772,0.0,997.0,0.0318,4769.0,0.799,3.708,0.44189388209598696
Kepler-1987 c,Kepler-1987,1.33,1.8625285401162623,0.0,860.0,0.0427,4769.0,0.799,3.5819999999999994,0.4608925423256816
Kepler-1987 d,Kepler-1987,2.66,1.1662709371419244,0.0,744.0,0.0571,4769.0,0.799,2.94,0.34036595329578573
Kepler-1987 e,Kepler-1987,1.92,1.4770487243883548,0.0,643.0,0.0765,4769.0,0.799,3.241,0.43811781028558133
Kepler-1988 b,Kepler-1988,1.53,1.7119945007591926,0.0,1105.0,0.1038,6033.0,1.1270000000000002,5.101000000000001,0.41108207787131745
Kepler-1989 b,Kepler-1989,4.62,0.7323678937132266,0.0,904.0,0.0918,6032.0,0.999,4.328,0.27377527766174736
Kepler-199 b,Kepler-199,3.11,1.0296194171811583,0.0,595.0,0.158,5644.0,0.96,1.45,0.3508011929615902
Kepler-199 c,Kepler-199,3.25,0.9932517730102834,0.0,420.0,0.316,5644.0,0.96,1.45,0.40939231587361025
Kepler-1990 b,Kepler-1990,3.27,0.9858167945227652,0.0,1554.0,0.0286,5751.0,1.028,2.5,0.25310781392000403
Kepler-1990 c,Kepler-1990,0.98,1.837369980480108,0.0,1170.0,0.0504,5751.0,1.028,2.5,0.4169013544383856
Kepler-1991 b,Kepler-1991,1.47,1.752672080520008,0.0,760.0,0.1065,5478.0,0.914,6.76,0.4709514625509966
Kepler-1991 c,Kepler-1991,2.57,1.1969481893889715,0.0,634.0,0.1528,5478.0,0.914,6.76,0.37915688487070454
Kepler-1992 b,Kepler-1992,0.91,1.80005827204275,0.0,637.0,0.1169,5383.0,0.8739999999999999,13.49,0.45040605172542136
Kepler-1993 b,Kepler-1993,4.15,0.8064758658669486,0.0,903.0,0.1943,5159.0,1.3730000000000002,4.68,0.2811259993969933
Kepler-1995 b,Kepler-1995,4.28,0.7793248768009976,0.0,375.0,0.3259000000000001,5029.0,0.847,2.04,0.49255819777934406
Kepler-1996 b,Kepler-1996,2.26,1.316408233655724,0.0,392.0,0.1789,4580.0,0.748,14.0,0.4393648712154746
Kepler-1996 c,Kepler-1996,2.81,1.118414915964289,0.0,276.0,0.3608,4580.0,0.748,14.0,0.6536784699404585
Kepler-1997 b,Kepler-1997,2.28,1.308332819650179,0.0,660.0,0.1815,6215.0,1.111,1.5965,0.3847087516131511
Kepler-1998 b,Kepler-1998,0.6,1.603419840108537,0.0,1187.0,0.0405,5640.0,0.962,4.27,0.36319463671543906
Kepler-1999 b,Kepler-1999,3.29,0.982078472412158,0.0,577.0,0.0713,4406.0,0.632,2.466,0.35136854631089426
Kepler-20 b,Kepler-20,1.773,2.341805806147327,0.083,1187.0,0.04565,5495.0,0.929,5.6,0.39609704267489565
Kepler-20 c,Kepler-20,2.894,1.2556160374777745,0.076,828.0,0.0936,5495.0,0.929,5.6,0.3137498800285734
Kepler-20 d,Kepler-20,2.606,1.62924053973028,0.082,430.0,0.3473999999999999,5495.0,0.929,5.6,0.4803698802780297
Kepler-20 e,Kepler-20,0.821,2.1400661634962708,0.092,1004.0,0.0637,5495.0,0.929,5.6,0.40979124406620915
Kepler-20 f,Kepler-20,0.952,2.2407096892759584,0.094,681.0,0.1387,5495.0,0.929,5.6,0.4794780778036847
Kepler-20 g,Kepler-20,4.71,0.7178397931503169,0.15,524.0,0.2055,5495.0,0.948,7.6,0.34149055973586157
Kepler-200 b,Kepler-200,2.13,1.3737155789130306,0.0,854.0,0.08,5678.0,0.972,6.3,0.36957412751848073
Kepler-200 c,Kepler-200,1.59,1.6695918352538477,0.0,806.0,0.09,5678.0,0.972,6.3,0.44529908755256786
Kepler-2000 b,Kepler-2000,2.73,1.1410330045520618,0.0,530.0,0.0562,3757.0,0.581,6.0,0.37067349396697796
Kepler-2000 c,Kepler-2000,1.57,1.6845453849209058,0.0,359.0,0.1228,3757.0,0.581,6.0,0.5616967735640368
Kepler-2001 b,Kepler-2001,1.04,1.867176108512809,0.0,1402.0,0.0197,5081.0,0.864,4.0,0.41486367985096256
Kepler-2001 c,Kepler-2001,1.82,1.5303947050936475,0.0,597.0,0.1084,5081.0,0.864,4.0,0.46964287477781336
Kepler-201 b,Kepler-201,2.46,1.235471471385307,0.0,683.0,0.175,6065.0,1.098,4.07,0.3679142800940368
Kepler-201 c,Kepler-201,2.85,1.1052568313867783,0.0,378.0,0.573,6065.0,1.098,4.07,0.4421575466358234
Kepler-202 b,Kepler-202,1.63,1.6428726885203375,0.0,802.0,0.045,4668.0,0.6829999999999999,3.24,0.4362413868554663
Kepler-202 c,Kepler-202,1.85,1.5129270120532563,0.0,505.0,0.1129999999999999,4668.0,0.6829999999999999,3.24,0.48316416508673404
Kepler-203 b,Kepler-203,2.57,1.1969481893889715,0.0,1308.0,0.043,5821.0,1.06,1.78,0.2817074032043416
Kepler-204 b,Kepler-204,2.53,1.208960345836975,0.0,828.0,0.117,5812.0,1.038,1.41,0.32615892750748443
Kepler-204 c,Kepler-204,1.79,1.547562508716013,0.0,683.0,0.173,5812.0,1.038,1.41,0.44056196454953034
Kepler-205 b,Kepler-205,1.51,1.724550719534605,0.0,757.0,0.032,4321.0,0.592,4.42,0.45349494046644695
Kepler-205 c,Kepler-205,1.64,1.6389967146756448,0.0,389.0,0.122,4321.0,0.592,4.42,0.5478796414425775
Kepler-206 b,Kepler-206,1.2,1.9387416595767009,0.0,983.0,0.078,5764.0,0.957,8.32,0.445249068727859
Kepler-206 c,Kepler-206,1.77,1.55814461804655,0.0,825.0,0.111,5764.0,0.957,8.32,0.4189426286641092
Kepler-206 d,Kepler-206,1.19,1.9315214116032136,0.0,681.0,0.163,5764.0,0.957,8.32,0.5014866288860869
Kepler-207 b,Kepler-207,1.57,1.6845453849209058,0.0,1930.0,0.029,5920.0,1.3130000000000002,3.63,0.3907802935938888
Kepler-207 c,Kepler-207,1.5,1.7334238922150915,0.0,1556.0,0.044,5920.0,1.3130000000000002,3.63,0.4001840749494609
Kepler-207 d,Kepler-207,3.31,0.982078472412158,0.0,1254.0,0.068,5920.0,1.3130000000000002,3.63,0.25763686013436715
Kepler-208 b,Kepler-208,1.63,1.6428726885203375,0.0,1379.0,0.054,6092.0,1.082,4.68,0.3863989471714284
Kepler-208 c,Kepler-208,1.39,1.8148247421590515,0.0,1141.0,0.079,6092.0,1.082,4.68,0.42375915813250337
Kepler-208 d,Kepler-208,1.2,1.9387416595767009,0.0,999.0,0.103,6092.0,1.082,4.68,0.44344778987128086
Kepler-208 e,Kepler-208,1.48,1.7457155307266483,0.0,880.0,0.132,6092.0,1.082,4.68,0.44402651510214863
Kepler-209 b,Kepler-209,2.26,1.316408233655724,0.0,668.0,0.122,5513.0,0.971,1.95,0.3946186967679497
Kepler-209 c,Kepler-209,3.1,1.0331844833456545,0.0,486.0,0.231,5513.0,0.971,1.95,0.3956903652478069
Kepler-21 b,Kepler-21,1.639,2.33214389523559,0.0,2015.0,0.0434,6305.0,1.408,2.84,0.4036705768901121
Kepler-210 b,Kepler-210,2.94,1.0784095813505905,0.0,737.0,0.032,4559.0,0.77,1.78,0.3167489489023832
Kepler-210 c,Kepler-210,3.62,0.9082585601768908,0.0,497.0,0.07,4559.0,0.77,1.78,0.35834616816777
Kepler-211 b,Kepler-211,1.26,1.9242486522741336,0.0,954.0,0.048,5123.0,0.867,1.55,0.4425914338951987
Kepler-212 b,Kepler-212,1.09,1.88706964903238,0.0,830.0,0.133,5852.0,1.166,5.13,0.46576087694613105
Kepler-212 c,Kepler-212,2.74,1.1378330018213914,0.0,664.0,0.207,5852.0,1.166,5.13,0.3561098964844988
Kepler-213 b,Kepler-213,1.62,1.6505798557652755,0.0,1326.0,0.036,5696.0,1.07,1.62,0.38335607623823753
Kepler-213 c,Kepler-213,2.34,1.2837077723447896,0.0,1060.0,0.057,5696.0,1.07,1.62,0.31228238419091625
Kepler-214 b,Kepler-214,2.61,1.181727195378616,0.0,758.0,0.13,6169.0,1.11,1.58,0.32818070336291183
Kepler-214 c,Kepler-214,2.13,1.3737155789130306,0.0,619.0,0.194,6169.0,1.11,1.58,0.402841411430209
Kepler-215 b,Kepler-215,1.62,1.6505798557652755,0.0,784.0,0.084,5739.0,0.788,1.62,0.43849175694881654
Kepler-215 c,Kepler-215,1.77,1.55814461804655,0.0,675.0,0.1129999999999999,5739.0,0.788,1.62,0.4438634485537362
Kepler-215 d,Kepler-215,2.39,2.3513752571634776,0.0,527.0,0.185,5739.0,0.788,1.62,0.46508488277506005
Kepler-215 e,Kepler-215,1.75,1.5686159179138452,0.0,405.0,0.314,5739.0,0.788,1.62,0.5330234400227682
Kepler-216 b,Kepler-216,2.35,1.2781522025001877,0.0,1069.0,0.079,6091.0,1.126,0.28,0.2802127852385928
Kepler-216 c,Kepler-216,3.04,1.0473189942805592,0.0,814.0,0.136,6091.0,1.126,0.28,0.2734079340538062
Kepler-217 b,Kepler-217,2.23,1.3270750014599193,0.0,1413.0,0.065,6171.0,1.342,2.4,0.31056577459024576
Kepler-217 c,Kepler-217,1.85,1.5129270120532563,0.0,1208.0,0.089,6171.0,1.342,2.4,0.3629750515550355
Kepler-217 d,Kepler-217,1.32,1.871802176901592,0.0,1574.0,0.0534,6341.0,1.37,2.63,0.41489857553169623
Kepler-218 b,Kepler-218,1.48,1.7457155307266483,0.0,1156.0,0.046,5502.0,1.019,3.02,0.4150428771011936
Kepler-218 c,Kepler-218,3.14,1.0188473201992472,0.0,500.0,0.248,5502.0,1.019,3.02,0.38902068659788497
Kepler-218 d,Kepler-218,2.66,1.1662709371419244,0.0,356.0,0.4988399999999999,5542.0,1.01,5.62,0.4879053606285864
Kepler-219 b,Kepler-219,2.95,1.075002423028976,0.0,1307.0,0.057,5786.0,1.164,4.0,0.266926608957329
Kepler-219 c,Kepler-219,3.58,0.9162907318741552,0.0,766.0,0.165,5786.0,1.164,4.0,0.31429216175696695
Kepler-219 d,Kepler-219,2.81,1.7457155307266483,0.0,598.0,0.272,5786.0,1.164,4.0,0.4258230372211321
Kepler-220 b,Kepler-220,0.81,1.7457155307266483,0.0,759.0,0.046,4632.0,0.7289999999999999,6.0,0.44291393097581305
Kepler-220 c,Kepler-220,1.57,1.6845453849209058,0.0,586.0,0.076,4632.0,0.7289999999999999,6.0,0.4921339166767948
Kepler-220 d,Kepler-220,0.98,1.837369980480108,0.0,401.0,0.163,4632.0,0.7289999999999999,6.0,0.5699350774151141
Kepler-220 e,Kepler-220,1.33,1.8625285401162623,0.0,341.0,0.226,4632.0,0.7289999999999999,6.0,0.6439114003774112
Kepler-221 b,Kepler-221,1.71,0.173953307123438,0.0,1090.0,0.037,5243.0,0.8539999999999999,1.78,0.3207565567727689
Kepler-221 c,Kepler-221,2.93,1.0784095813505905,0.0,860.0,0.059,5243.0,0.8539999999999999,1.78,0.30442346858275043
Kepler-221 d,Kepler-221,2.73,0.6418538861723948,0.0,712.0,0.087,5243.0,0.8539999999999999,1.78,0.322124603245112
Kepler-221 e,Kepler-221,2.63,0.4510756193602167,0.0,582.0,0.13,5243.0,0.8539999999999999,1.78,0.3547717220674181
Kepler-222 b,Kepler-222,3.16,1.015230679729059,0.0,1004.0,0.048,5433.0,0.933,1.17,0.26503775775160465
Kepler-222 c,Kepler-222,4.64,0.7275486072772778,0.0,734.0,0.091,5433.0,0.933,1.17,0.29482634573836825
Kepler-222 d,Kepler-222,3.69,0.8919980393051105,0.0,522.0,0.18,5433.0,0.933,1.17,0.36374691975476203
Kepler-223 b,Kepler-223,2.99,0.9321640810304452,0.078,1042.0,0.07525,5803.0,1.125,8.91,0.2530111041188027
Kepler-223 c,Kepler-223,3.44,0.5364933705145685,0.15,947.0,0.09117,5803.0,1.125,8.91,0.23297880258141354
Kepler-223 d,Kepler-223,5.24,0.2700271372130601,0.037,827.0,0.11956,5803.0,1.125,8.91,0.2608804068378071
Kepler-223 e,Kepler-223,4.6,0.2468600779315258,0.051,751.0,0.14481,5803.0,1.125,8.91,0.27384804949944597
Kepler-224 b,Kepler-224,1.39,1.8148247421590515,0.0,937.0,0.038,5018.0,0.777,2.29,0.4445945174484555
Kepler-224 c,Kepler-224,3.12,1.0260415958332745,0.0,758.0,0.058,5018.0,0.777,2.29,0.31958205836827214
Kepler-224 d,Kepler-224,2.3,1.297463147413275,0.0,610.0,0.089,5018.0,0.777,2.29,0.40299257254012394
Kepler-224 e,Kepler-224,1.97,1.449269160281279,0.0,517.0,0.124,5018.0,0.777,2.29,0.4676291624971353
Kepler-225 b,Kepler-225,1.2,1.9387416595767009,0.0,579.0,0.056,3682.0,0.593,2.88,0.5068350571309592
Kepler-225 c,Kepler-225,1.84,1.5173226235262949,0.0,412.0,0.111,3682.0,0.593,2.88,0.5056973322120898
Kepler-226 c,Kepler-226,2.27,3.100092288878234,0.0,919.0,0.058,5571.0,0.904,4.17,0.39551002017670434
Kepler-226 d,Kepler-226,1.22,1.9444805562457188,0.0,800.0,0.076,5571.0,0.904,4.17,0.4771543907130683
Kepler-227 b,Kepler-227,3.11,1.0296194171811583,0.0,793.0,0.09,5854.0,0.954,3.98,0.3145372971100596
Kepler-227 c,Kepler-227,3.04,1.0473189942805592,0.0,443.0,0.2899999999999999,5854.0,0.954,3.98,0.4171662935148173
Kepler-228 b,Kepler-228,1.53,1.7119945007591926,0.0,1360.0,0.038,6043.0,1.006,6.76,0.3987625856274031
Kepler-228 c,Kepler-228,2.7,1.1505720275988207,0.0,1160.0,0.052,6043.0,1.006,6.76,0.282452553537239
Kepler-228 d,Kepler-228,4.04,0.8241754429663495,0.0,835.0,0.101,6043.0,1.006,6.76,0.29156168838489577
Kepler-229 b,Kepler-229,2.2,1.3428648031925547,0.0,823.0,0.062,5120.0,0.808,2.04,0.36973081799570295
Kepler-229 c,Kepler-229,4.92,0.6891391591624065,0.0,600.0,0.117,5120.0,0.808,2.04,0.34501403101855954
Kepler-229 d,Kepler-229,3.85,0.8628899551470399,0.0,439.0,0.22,5120.0,0.808,2.04,0.42310439692724144
Kepler-23 b,Kepler-23,1.638,1.431953438071591,0.017,1157.0,0.07212,5828.0,1.078,9.12,0.3674861011931774
Kepler-23 c,Kepler-23,3.005,0.9465847977237344,0.021,1008.0,0.09501,5828.0,1.078,9.12,0.26652104573523305
Kepler-23 d,Kepler-23,2.206,1.181906013745487,0.01,896.0,0.12012,5828.0,1.078,9.12,0.33423457743036644
Kepler-230 b,Kepler-230,4.26,0.7839015438284094,0.0,506.0,0.191,5588.0,0.784,1.8,0.37902407678423833
Kepler-230 c,Kepler-230,2.04,1.415853163361435,0.0,359.0,0.38,5588.0,0.784,1.8,0.5710773514753744
Kepler-231 b,Kepler-231,1.73,2.694627180770069,0.0,488.0,0.074,3767.0,0.58,3.15,0.5186880768067778
Kepler-231 c,Kepler-231,1.93,0.6780335427498971,0.0,393.0,0.114,3767.0,0.58,3.15,0.46098650725301626
Kepler-232 b,Kepler-232,3.08,1.0367368849500225,0.0,1104.0,0.054,5847.0,0.97,1.4,0.26015216639621197
Kepler-232 c,Kepler-232,3.83,0.8628899551470399,0.0,806.0,0.101,5847.0,0.97,1.4,0.2882195688146736
Kepler-233 b,Kepler-233,2.43,1.247032293786383,0.0,751.0,0.077,5360.0,0.855,0.6,0.3318620363371369
Kepler-233 c,Kepler-233,2.71,1.1474024528375415,0.0,390.0,0.287,5360.0,0.855,0.6,0.43164745146477507
Kepler-234 b,Kepler-234,3.7,0.8878912573524571,0.0,1420.0,0.04,6224.0,1.129,2.88,0.2447524743447334
Kepler-234 c,Kepler-234,3.51,0.9321640810304452,0.0,1025.0,0.077,6224.0,1.129,2.88,0.26769183808848357
Kepler-235 b,Kepler-235,2.23,1.3270750014599193,0.0,731.0,0.037,4255.0,0.581,6.0,0.37392871845373554
Kepler-235 c,Kepler-235,1.28,1.9035989509835904,0.0,555.0,0.065,4255.0,0.581,6.0,0.530247122392048
Kepler-235 d,Kepler-235,2.05,1.410986973710262,0.0,401.0,0.122,4255.0,0.581,6.0,0.5117845563359981
Kepler-235 e,Kepler-235,2.22,1.332366019094335,0.0,306.0,0.213,4255.0,0.581,6.0,0.6926660821341397
Kepler-236 b,Kepler-236,1.57,1.6845453849209058,0.0,469.0,0.065,3750.0,0.596005,0.91,0.49360350521259927
Kepler-236 c,Kepler-236,2.0,1.4350845252893227,0.0,329.0,0.132,3750.0,0.596005,0.91,0.567951920546748
Kepler-237 b,Kepler-237,1.41,1.7984040119467235,0.0,823.0,0.05,4861.0,0.6959999999999998,3.02,0.4592711017850038
Kepler-237 c,Kepler-237,2.08,1.396244691973059,0.0,687.0,0.071,4861.0,0.6959999999999998,3.02,0.40646877946905813
Kepler-238 c,Kepler-238,2.39,1.4350845252893227,0.0,1146.0,0.069,5751.0,1.229,4.79,0.31995292195239633
Kepler-238 d,Kepler-238,3.07,1.3737155789130306,0.0,888.0,0.115,5751.0,1.229,4.79,0.3178786120037163
Kepler-238 e,Kepler-238,5.6,0.4317824164255378,0.0,731.0,0.17286,5800.0,1.06,4.79,0.29539431021970664
Kepler-238 f,Kepler-238,2.0,0.9932517730102834,0.0,568.0,0.28635,5800.0,1.06,4.79,0.42110304142624855
Kepler-239 b,Kepler-239,2.33,1.2864740258376797,0.0,616.0,0.095,4914.0,0.7569999999999999,3.31,0.3985055152278315
Kepler-239 c,Kepler-239,2.51,1.2178757094949273,0.0,366.0,0.268,4914.0,0.7569999999999999,3.31,0.4852709020440297
Kepler-24 b,Kepler-24,2.348,1.73810795783475,0.023,1050.0,0.08045,6028.0,1.06,3.02,0.3536786132527712
Kepler-24 c,Kepler-24,2.514,1.485787145263084,0.014,915.0,0.10612,6028.0,1.06,3.02,0.33940983163766236
Kepler-24 e,Kepler-24,2.78,0.2700271372130601,0.0,792.0,0.138,5897.0,1.046,3.02,0.29762644141974237
Kepler-240 b,Kepler-240,1.37,1.8309801823813363,0.0,864.0,0.048,4985.0,0.8680000000000001,1.91,0.4567460117971661
Kepler-241 b,Kepler-241,2.33,1.2864740258376797,0.0,562.0,0.094,4699.0,0.671,13.9,0.370482805574629
Kepler-241 c,Kepler-241,2.57,1.1969481893889715,0.0,397.0,0.189,4699.0,0.671,13.9,0.41343147145833614
Kepler-242 b,Kepler-242,2.61,1.181727195378616,0.0,742.0,0.075,5020.0,0.748,2.69,0.3510409020471569
Kepler-242 c,Kepler-242,2.0,1.4350845252893227,0.0,613.0,0.109,5020.0,0.748,2.69,0.44623316363792176
Kepler-243 b,Kepler-243,2.45,1.2383742310432684,0.0,850.0,0.062,5228.0,0.904,1.86,0.33617625703462095
Kepler-243 c,Kepler-243,1.99,1.4398351280479205,0.0,559.0,0.142,5228.0,0.904,1.86,0.45549277085031503
Kepler-244 b,Kepler-244,2.76,1.1314021114911006,0.0,1038.0,0.05,5554.0,0.933,2.4,0.292609712980629
Kepler-244 c,Kepler-244,2.05,1.410986973710262,0.0,791.0,0.087,5554.0,0.933,2.4,0.39397100377267935
Kepler-244 d,Kepler-244,2.31,2.0515563381903004,0.0,622.0,0.14,5554.0,0.933,2.4,0.45776935188562007
Kepler-245 b,Kepler-245,2.57,0.1133286853070031,0.0,753.0,0.071,5100.0,0.856,3.63,0.3075263038210217
Kepler-245 c,Kepler-245,2.18,2.341805806147327,0.0,568.0,0.124,5100.0,0.856,3.63,0.47762497795905545
Kepler-245 d,Kepler-245,3.03,0.0110388471152163,0.0,445.0,0.202,5100.0,0.856,3.63,0.3800714676920649
Kepler-246 b,Kepler-246,2.34,1.2837077723447896,0.0,896.0,0.052,5206.0,0.853,1.26,0.32614693266576866
Kepler-246 c,Kepler-246,1.5,1.7334238922150915,0.0,667.0,0.095,5206.0,0.853,1.26,0.47379598721572325
Kepler-247 b,Kepler-247,1.64,1.6389967146756448,0.0,970.0,0.042,5100.0,0.887,2.14,0.4129697372193972
Kepler-247 c,Kepler-247,4.09,0.8153648132841945,0.0,686.0,0.084,5100.0,0.887,2.14,0.32442016991558825
Kepler-247 d,Kepler-247,3.94,0.8415671856782186,0.0,530.0,0.14,5100.0,0.887,2.14,0.3682586386696936
Kepler-248 b,Kepler-248,3.02,1.0543120297715298,0.0,819.0,0.066,5190.0,0.8379999999999999,2.34,0.31348496757153393
Kepler-248 c,Kepler-248,4.07,0.8197798314933114,0.0,598.0,0.123,5190.0,0.8379999999999999,2.34,0.3509394888716838
Kepler-249 b,Kepler-249,1.09,1.88706964903238,0.0,554.0,0.035,3568.0,0.510238,3.86,0.5092080635698076
Kepler-249 c,Kepler-249,1.51,1.724550719534605,0.0,429.0,0.058,3568.0,0.510238,3.86,0.5365682885859635
Kepler-249 d,Kepler-249,1.57,1.6845453849209058,0.0,332.0,0.097,3568.0,0.510238,3.86,0.6346581667395963
Kepler-25 b,Kepler-25,2.748,1.199964782928397,0.0029,1185.0,0.0695,6354.0,1.165,2.75,0.27798657605924726
Kepler-25 c,Kepler-25,5.217,0.4624753628249439,0.0061,934.0,0.1117,6354.0,1.165,2.75,0.25500606732912146
Kepler-25 d,Kepler-25,10.0,0.3328944152733289,0.13,473.0100000000001,0.4164221832,6354.0,1.165,2.75,0.33101995157569986
Kepler-250 b,Kepler-250,1.13,1.9095425048844383,0.0,938.0,0.048,5160.0,0.8060000000000002,13.2,0.4167930893443563
Kepler-250 c,Kepler-250,2.28,1.308332819650179,0.0,782.0,0.069,5160.0,0.8060000000000002,13.2,0.33379777517942644
Kepler-250 d,Kepler-250,2.18,1.3506671834767394,0.0,579.0,0.127,5160.0,0.8060000000000002,13.2,0.39642342161142874
Kepler-251 b,Kepler-251,1.33,1.8625285401162623,0.0,990.0,0.053,5526.0,0.891,2.0,0.4462327330146265
Kepler-251 c,Kepler-251,2.77,1.128171090909654,0.0,655.0,0.122,5526.0,0.891,2.0,0.3594246242611152
Kepler-251 d,Kepler-251,2.77,1.128171090909654,0.0,536.0,0.182,5526.0,0.891,2.0,0.3925701936078295
Kepler-251 e,Kepler-251,2.77,1.128171090909654,0.0,360.0,0.404,5526.0,0.891,2.0,0.48097753987284386
Kepler-252 b,Kepler-252,1.23,1.94876321803772,0.0,587.0,0.058,4208.0,0.61,13.9,0.4702654603612328
Kepler-252 c,Kepler-252,2.15,1.3635373739972745,0.0,499.0,0.08,4208.0,0.61,13.9,0.39465017649569545
Kepler-253 b,Kepler-253,1.63,1.6428726885203375,0.0,949.0,0.046,5208.0,0.86,3.72,0.4174245265711966
Kepler-253 c,Kepler-253,2.65,1.169381359556317,0.0,680.0,0.089,5208.0,0.86,3.72,0.3595369282832412
Kepler-253 d,Kepler-253,3.17,1.015230679729059,0.0,563.0,0.13,5208.0,0.86,3.72,0.36976101179642157
Kepler-254 b,Kepler-254,3.87,0.8586616190375187,0.0,1013.0,0.064,5957.0,0.8489999999999999,0.3,0.23522458363784593
Kepler-254 c,Kepler-254,2.15,1.0188473201992472,0.0,787.0,0.105,5957.0,0.8489999999999999,0.3,0.3267963353804764
Kepler-254 d,Kepler-254,2.5,1.2208299213923592,0.0,686.0,0.139,5957.0,0.8489999999999999,0.3,0.336835566451055
Kepler-255 b,Kepler-255,1.55,1.6974487897568138,0.0,971.0,0.063,5573.0,0.867,2.4,0.4258085878284287
Kepler-255 c,Kepler-255,2.99,1.0647107369924282,0.0,807.0,0.092,5573.0,0.867,2.4,0.3181662486103207
Kepler-255 d,Kepler-255,1.32,1.871802176901592,0.0,1710.0,0.0192,5431.0,0.9,4.37,0.4204127275669409
Kepler-256 b,Kepler-256,1.59,1.6695918352538477,0.0,1681.0,0.027,5551.0,1.037,1.82,0.38757632040998385
Kepler-256 c,Kepler-256,2.15,1.3635373739972745,0.0,1315.0,0.045,5551.0,1.037,1.82,0.3235889288912451
Kepler-256 d,Kepler-256,2.48,1.229640551074514,0.0,1097.0,0.064,5551.0,1.037,1.82,0.3029914121148815
Kepler-256 e,Kepler-256,2.35,1.2781522025001877,0.0,897.0,0.096,5551.0,1.037,1.82,0.339082721659486
Kepler-257 b,Kepler-257,2.61,1.181727195378616,0.0,1237.0,0.034,5180.0,0.916,1.48,0.2764699469598582
Kepler-257 c,Kepler-257,5.41,0.6286086594223741,0.0,881.0,0.066,5180.0,0.916,1.48,0.2643028970645475
Kepler-257 d,Kepler-257,4.95,0.6846108495376589,0.0,567.0,0.16,5180.0,0.916,1.48,0.3459544965312143
Kepler-258 b,Kepler-258,4.06,0.8197798314933114,0.0,642.0,0.103,4942.0,0.8200000000000001,13.7,0.3029627022917679
Kepler-258 c,Kepler-258,3.61,0.9082585601768908,0.0,470.0,0.1929999999999999,4942.0,0.8200000000000001,13.7,0.3728113010211324
Kepler-259 b,Kepler-259,2.8,1.1216775615991057,0.0,879.0,0.079,5938.0,0.867,0.4,0.2787389645764105
Kepler-259 c,Kepler-259,2.7,1.1505720275988207,0.0,530.0,0.217,5938.0,0.867,0.4,0.37036311437470143
Kepler-26 b,Kepler-26,2.78,0.8153648132841945,0.021,431.0,0.08551,3914.0,0.544,2.95,0.38456281941792336
Kepler-26 c,Kepler-26,2.72,0.959350221334602,0.013,385.0,0.10725,3914.0,0.544,2.95,0.41622390135880105
Kepler-26 d,Kepler-26,1.07,1.8809906029559973,0.0,652.0,0.039,4486.0,0.593,2.95,0.49539978291907544
Kepler-26 e,Kepler-26,2.41,1.2556160374777745,0.0,276.0,0.22,4486.0,0.593,2.95,0.7101656753895089
Kepler-260 b,Kepler-260,2.01,1.430311246536665,0.0,782.0,0.075,5250.0,1.013,1.15,0.3789504296321323
Kepler-260 c,Kepler-260,1.74,1.5769147207285403,0.0,372.0,0.332,5250.0,1.013,1.15,0.5306787596784909
Kepler-261 b,Kepler-261,2.18,1.3506671834767394,0.0,672.0,0.0879999999999999,5098.0,0.834,0.87,0.38088980292389196
Kepler-261 c,Kepler-261,2.0,1.4350845252893227,0.0,505.0,0.156,5098.0,0.834,0.87,0.4519902529217289
Kepler-262 b,Kepler-262,1.36,1.8389610707123487,0.0,734.0,0.108,5841.0,0.816,3.55,0.48739198267504513
Kepler-262 c,Kepler-262,1.64,1.6389967146756448,0.0,618.0,0.152,5841.0,0.816,3.55,0.484952663604993
Kepler-263 b,Kepler-263,2.67,1.1631508098056809,0.0,548.0,0.12,5265.0,0.793,2.24,0.39254519899077434
Kepler-263 c,Kepler-263,2.47,1.2325602611778486,0.0,386.0,0.242,5265.0,0.793,2.24,0.4738698513763375
Kepler-264 b,Kepler-264,3.33,0.9745596399981308,0.0,772.0,0.249,6158.0,1.4260000000000002,2.45,0.31193906150179274
Kepler-264 c,Kepler-264,2.83,1.1118575154181305,0.0,511.0,0.5659999999999998,6158.0,1.4260000000000002,2.45,0.39647601783214503
Kepler-265 b,Kepler-265,1.86,1.5085119938441398,0.0,1022.0,0.069,5835.0,0.97,0.28,0.34590928538844107
Kepler-265 c,Kepler-265,2.63,1.175573329804238,0.0,755.0,0.127,5835.0,0.97,0.28,0.3106036496099568
Kepler-265 d,Kepler-265,2.49,1.2267122912954256,0.0,554.0,0.236,5835.0,0.97,0.28,0.374624326384057
Kepler-265 e,Kepler-265,2.59,1.1878434223960523,0.0,476.0,0.319,5835.0,0.97,0.28,0.396135648963267
Kepler-266 b,Kepler-266,2.48,1.229640551074514,0.0,1066.0,0.071,5885.0,0.9469999999999998,4.79,0.30785152429651874
Kepler-266 c,Kepler-266,3.89,0.8501509293696101,0.0,421.0,0.4569999999999999,5885.0,0.9469999999999998,4.79,0.4365546487813199
Kepler-267 c,Kepler-267,2.13,1.3737155789130306,0.0,484.0,0.06,4258.0,0.541571,3.06,0.4479716364774462
Kepler-267 d,Kepler-267,2.27,1.3110318766193438,0.0,301.0,0.1539999999999999,4258.0,0.541571,3.06,0.6476417112159161
Kepler-268 b,Kepler-268,2.55,1.2029723039923526,0.0,695.0,0.18,6081.0,1.109,1.71,0.35363843302146325
Kepler-268 c,Kepler-268,3.38,0.9631743177730056,0.0,471.0,0.391,6081.0,1.109,1.71,0.3849582714674006
Kepler-269 b,Kepler-269,2.47,1.2325602611778486,0.0,1007.0,0.061,5847.0,0.9200000000000002,6.46,0.3111549747350979
Kepler-269 c,Kepler-269,1.69,1.6054298910365616,0.0,875.0,0.081,5847.0,0.9200000000000002,6.46,0.4177076178710498
Kepler-27 b,Kepler-27,4.0,1.269760544863939,0.0,610.0,0.118,5400.0,0.65,1.62,0.361193043007693
Kepler-27 d,Kepler-27,2.7061946,1.1505720275988207,0.0,810.0,0.06578,5251.0,0.926,1.62,0.3200637095065633
Kepler-270 b,Kepler-270,2.01,1.430311246536665,0.0,984.0,0.107,6067.0,1.17,2.73,0.3640608644479304
Kepler-270 c,Kepler-270,1.77,1.55814461804655,0.0,756.0,0.18,6067.0,1.17,2.73,0.43375970217964205
Kepler-271 b,Kepler-271,1.23,1.94876321803772,0.0,759.0,0.08784,5555.0,0.9,4.57,0.48655436068643976
Kepler-271 c,Kepler-271,0.95,1.8213182714696,0.0,850.0,0.06993,5555.0,0.9,4.57,0.4512634530787212
Kepler-271 d,Kepler-271,0.66,1.6467336971777973,0.0,954.0,0.05554,5555.0,0.9,4.57,0.3945371258996081
Kepler-272 d,Kepler-272,2.25,1.3190856114264409,0.0,777.0,0.091,5297.0,0.91,13.18,0.3346186059581354
Kepler-273 b,Kepler-273,1.5,1.7334238922150915,0.0,1209.0,0.037,5626.0,0.756,10.47,0.3947248550745874
Kepler-273 c,Kepler-273,1.98,1.4445632692438664,0.0,865.0,0.073,5626.0,0.756,10.47,0.3730549970724884
Kepler-274 b,Kepler-274,1.54,1.7047480922384253,0.0,961.0,0.101,6023.0,0.883,12.88,0.39355951426746355
Kepler-274 c,Kepler-274,1.84,1.5173226235262949,0.0,678.0,0.204,6023.0,0.883,12.88,0.41194463368845274
Kepler-275 b,Kepler-275,2.34,1.2837077723447896,0.0,1015.0,0.098,6165.0,1.189,3.39,0.3212032723406458
Kepler-275 c,Kepler-275,3.38,0.9631743177730056,0.0,875.0,0.132,6165.0,1.189,3.39,0.29047340969811086
Kepler-275 d,Kepler-275,3.33,0.9745596399981308,0.0,671.0,0.2239999999999999,6165.0,1.189,3.39,0.33309092971158283
Kepler-276 c,Kepler-276,2.9,0.636576829071551,0.0,563.0,0.1861899999999999,5693.0,1.1,0.4,0.3274516865018715
Kepler-276 d,Kepler-276,2.8,0.5653138090500605,0.0,489.0,0.24666,5693.0,1.1,0.4,0.352324013450964
Kepler-277 b,Kepler-277,2.92,2.322387720290225,0.0,964.0,0.14168,5946.0,1.12,3.89,0.3565826114602922
Kepler-277 c,Kepler-277,3.36,2.174751721484161,0.0,778.0,0.2178099999999999,5946.0,1.12,3.89,0.38279047193092913
Kepler-279 c,Kepler-279,4.3,0.262364264467491,0.0,774.0,0.2236,6689.45,1.1,0.22,0.24408110342161055
Kepler-279 d,Kepler-279,3.1,0.262364264467491,0.0,574.0,0.2901,6689.45,1.1,0.22,0.2898624647079894
Kepler-279 e,Kepler-279,4.13,2.1162555148025524,0.0,552.0,0.4389999999999999,6689.45,1.164,0.22,0.39757910604851754
Kepler-28 b,Kepler-28,1.959,0.7818112327958608,0.0,585.0,0.05687,4499.3,0.684,1.91,0.3975625619503662
Kepler-28 c,Kepler-28,1.857,1.016808058201665,0.017,509.0,0.07519,4499.3,0.684,1.91,0.432716068047828
Kepler-280 b,Kepler-280,1.45,1.769854633840005,0.0,1425.0,0.032,5744.0,0.962,5.62,0.4088255969732502
Kepler-280 c,Kepler-280,2.01,1.430311246536665,0.0,1088.0,0.056,5744.0,0.962,5.62,0.3553175859151707
Kepler-281 c,Kepler-281,5.31,0.0050870390485571,0.0,513.0,0.2149999999999999,5723.0,0.95,0.6,0.312591826523122
Kepler-281 d,Kepler-281,5.93747806,2.5877640352277083,0.0,321.0,0.5456,5717.0,0.984,0.6,0.49458471115364927
Kepler-282 b,Kepler-282,1.01,1.854734268389444,0.0,817.0,0.082,5602.0,0.86,12.88,0.4289003977624678
Kepler-282 c,Kepler-282,1.2,1.9387416595767009,0.0,717.0,0.106,5602.0,0.86,12.88,0.458225095758511
Kepler-282 d,Kepler-282,2.46,3.157000421150113,0.0,588.0,0.15837,5656.0,0.97,12.88,0.4144748103753131
Kepler-282 e,Kepler-282,3.1,2.4336133554004498,0.0,484.0,0.23332,5656.0,0.97,12.88,0.420407844507906
Kepler-283 b,Kepler-283,2.13,1.3737155789130306,0.0,488.0,0.082,4351.0,0.5960000000000001,3.09,0.45014558788444525
Kepler-283 c,Kepler-283,1.82,1.5303947050936475,0.0,240.0,0.341,4351.0,0.5960000000000001,3.09,0.890787352093283
Kepler-284 b,Kepler-284,2.24,1.324418957401803,0.0,686.0,0.104,5615.0,0.766,0.5,0.3659101668003334
Kepler-284 c,Kepler-284,2.61,1.181727195378616,0.0,478.0,0.213,5615.0,0.766,0.5,0.3994481441974739
Kepler-285 b,Kepler-285,1.34,1.854734268389444,0.0,1131.0,0.036,5411.0,0.915,2.88,0.431920735848526
Kepler-285 c,Kepler-285,1.12,1.9035989509835904,0.0,851.0,0.064,5411.0,0.915,2.88,0.46494370580001404
Kepler-286 b,Kepler-286,1.24,1.9416152247724323,0.0,1367.0,0.027,5580.0,0.83,2.75,0.42336512673829796
Kepler-286 c,Kepler-286,1.37,1.8309801823813363,0.0,1098.0,0.042,5580.0,0.83,2.75,0.43091801605107705
Kepler-286 d,Kepler-286,1.33,1.8625285401162623,0.0,919.0,0.061,5580.0,0.83,2.75,0.4551334924327053
Kepler-286 e,Kepler-286,1.77,1.55814461804655,0.0,539.0,0.176,5580.0,0.83,2.75,0.48748543580988446
Kepler-287 c,Kepler-287,3.26,2.797281334830153,0.0,513.0,0.246,5806.0,0.963,2.88,0.4608938405048023
Kepler-288 b,Kepler-288,1.67,1.6193882432872684,0.0,1197.0,0.065,5918.0,0.842,12.3,0.3621977767090972
Kepler-288 c,Kepler-288,2.85,1.1052568313867783,0.0,815.0,0.14,5918.0,0.842,12.3,0.29431387284844046
Kepler-288 d,Kepler-288,2.67,1.1631508098056809,0.0,570.0,0.287,5918.0,0.842,12.3,0.37074048530341147
Kepler-289 b,Kepler-289,2.49,0.8960880245566356,0.0,607.0,0.21183,5990.0,1.08,0.65,0.34759525512027245
Kepler-289 c,Kepler-289,11.23,0.5068176023684519,0.0,394.0,0.50155,5990.0,1.08,0.65,0.39224020081503386
Kepler-289 d,Kepler-289,3.03,0.76080582903376,0.022861,489.3,0.33,5990.0,1.08,0.65,0.35964855129174017
Kepler-289 e,Kepler-289,2.94,1.366091653802371,0.0,286.0,0.9342,5990.0,1.061,0.65,0.7137116766714751
Kepler-29 b,Kepler-29,2.55,0.9745596399981308,0.0,777.0,0.08482,5378.0,0.7609999999999999,0.3,0.3002546932696961
Kepler-29 c,Kepler-29,2.34,1.068153081183401,0.0,715.0,0.10027,5378.0,0.7609999999999999,0.3,0.33184642951777377
Kepler-290 b,Kepler-290,2.25,1.3190856114264409,0.0,594.0,0.11,5147.0,0.756,1.1,0.40268610508029634
Kepler-290 c,Kepler-290,2.7,1.1505720275988207,0.0,437.0,0.205,5147.0,0.756,1.1,0.4316046477275858
Kepler-290 d,Kepler-290,0.86,1.7732559976634952,0.0,1589.0,0.0154,5142.0,0.8400000000000001,1.1,0.37328640983928785
Kepler-291 b,Kepler-291,2.16,1.3609765531356006,0.0,1212.0,0.047,6002.0,1.023,7.76,0.32695882899487594
Kepler-291 c,Kepler-291,1.88,1.4973884086254774,0.0,1035.0,0.065,6002.0,1.023,7.76,0.3744193868898984
Kepler-292 b,Kepler-292,1.32,1.871802176901592,0.0,1130.0,0.035,5299.0,0.865,5.13,0.43400738760619695
Kepler-292 c,Kepler-292,1.47,1.752672080520008,0.0,1001.0,0.045,5299.0,0.865,5.13,0.4299408989880514
Kepler-292 d,Kepler-292,2.23,1.3270750014599193,0.0,808.0,0.068,5299.0,0.865,5.13,0.3678144845045522
Kepler-292 e,Kepler-292,2.67,1.1631508098056809,0.0,678.0,0.097,5299.0,0.865,5.13,0.35963468836359175
Kepler-292 f,Kepler-292,2.35,1.2781522025001877,0.0,563.0,0.141,5299.0,0.865,5.13,0.4156386920125585
Kepler-293 b,Kepler-293,3.07,1.0402767116551463,0.0,657.0,0.144,5804.0,0.934,1.32,0.3387824650544464
Kepler-293 c,Kepler-293,3.83,0.8628899551470399,0.0,466.0,0.286,5804.0,0.934,1.32,0.3972443545918741
Kepler-294 b,Kepler-294,1.77,1.55814461804655,0.0,1087.0,0.048,5913.0,0.9469999999999998,3.98,0.38445688777599607
Kepler-294 c,Kepler-294,2.71,1.1474024528375415,0.0,895.0,0.071,5913.0,0.9469999999999998,3.98,0.3120469921262401
Kepler-295 b,Kepler-295,1.22,1.9444805562457188,0.0,741.0,0.099,5603.0,0.89,6.46,0.48180983910216735
Kepler-295 c,Kepler-295,1.17,1.927164106234258,0.0,621.0,0.142,5603.0,0.89,6.46,0.5053769045361659
Kepler-295 d,Kepler-295,1.36,1.8389610707123487,0.0,533.0,0.192,5603.0,0.89,6.46,0.5213426315561108
Kepler-296 b,Kepler-296,1.61,1.3862943611198906,0.33,495.0,0.079,3740.0,0.4979999999999999,4.2,0.479386541132239
Kepler-296 c,Kepler-296,2.0,0.7884573603642702,0.33,606.0,0.0521,3740.0,0.4979999999999999,4.2,0.3592836944822172
Kepler-296 d,Kepler-296,2.09,1.0647107369924282,0.33,403.0,0.118,3740.0,0.4979999999999999,4.2,0.5093649996048644
Kepler-296 e,Kepler-296,1.53,1.62924053973028,0.33,337.0,0.1689999999999999,3740.0,0.4979999999999999,4.2,0.7324214303389949
Kepler-296 f,Kepler-296,1.8,1.4350845252893227,0.33,274.0,0.255,3740.0,0.4979999999999999,4.2,0.8490954301781801
Kepler-297 b,Kepler-297,2.87,2.509599262378372,0.0,509.0,0.217,5619.0,0.927,1.9,0.45771247581088714
Kepler-297 c,Kepler-297,6.54,0.6026752773958697,0.0,409.0,0.336,5619.0,0.927,1.9,0.39577177242355865
Kepler-298 b,Kepler-298,1.96,1.4539530095937054,0.0,540.0,0.08,4465.0,0.6599999999999999,2.4,0.45225873771806735
Kepler-298 c,Kepler-298,1.93,1.4701758451005928,0.0,416.0,0.136,4465.0,0.6599999999999999,2.4,0.49865351887171916
Kepler-298 d,Kepler-298,2.5,1.2208299213923592,0.0,277.0,0.305,4465.0,0.6599999999999999,2.4,0.6870831148092909
Kepler-299 b,Kepler-299,1.32,1.871802176901592,0.0,1258.0,0.04,5617.0,1.004,3.24,0.42727239307930054
Kepler-299 c,Kepler-299,2.65,1.169381359556317,0.0,946.0,0.07,5617.0,1.004,3.24,0.3093026409440047
Kepler-299 d,Kepler-299,1.86,1.5085119938441398,0.0,729.0,0.118,5617.0,1.004,3.24,0.42970443690108184
Kepler-299 e,Kepler-299,1.87,1.5040773967762742,0.0,534.0,0.22,5617.0,1.004,3.24,0.4807874087892803
Kepler-30 b,Kepler-30,3.9,0.7030975114131134,0.042,524.0,0.18,5498.0,0.99,2.0,0.3587497385235661
Kepler-30 c,Kepler-30,12.3,1.0577902941478543,0.0111,411.0,0.3,5498.0,0.99,2.0,0.3966622749430379
Kepler-30 d,Kepler-30,8.8,0.173953307123438,0.022,308.0,0.5,5498.0,0.99,2.0,0.5647548409818839
Kepler-300 b,Kepler-300,1.67,1.6193882432872684,0.0,812.0,0.094,5986.0,1.07,3.63,0.43021262807013505
Kepler-300 c,Kepler-300,2.25,1.3190856114264409,0.0,516.0,0.232,5986.0,1.07,3.63,0.4243271142963135
Kepler-301 b,Kepler-301,1.35,1.8468787684491343,0.0,1278.0,0.036,5815.0,1.022,1.45,0.41151269854232414
Kepler-301 c,Kepler-301,1.35,1.8468787684491343,0.0,989.0,0.06,5815.0,1.022,1.45,0.4326160708585085
Kepler-301 d,Kepler-301,1.75,1.5686159179138452,0.0,725.0,0.112,5815.0,1.022,1.45,0.4323206176977779
Kepler-302 b,Kepler-302,4.06,0.8197798314933114,0.0,634.0,0.1929999999999999,5740.0,1.021,4.47,0.3419006248233869
Kepler-302 c,Kepler-302,12.45,1.269760544863939,0.0,392.0,0.503,5740.0,1.021,4.47,0.42330513233286393
Kepler-303 b,Kepler-303,0.89,1.790091412127358,0.0,802.0,0.024,3944.0,0.575,7.71,0.43357994266834965
Kepler-303 c,Kepler-303,1.14,1.9095425048844383,0.0,521.0,0.057,3944.0,0.575,7.71,0.5224016950312829
Kepler-304 b,Kepler-304,2.86,1.1019400787607845,0.0,875.0,0.039,4731.0,0.7370000000000001,2.09,0.30404341516718686
Kepler-304 c,Kepler-304,2.17,1.355835153635182,0.0,746.0,0.054,4731.0,0.7370000000000001,2.09,0.38270949917081903
Kepler-304 d,Kepler-304,2.75,1.1346227261911428,0.0,611.0,0.08,4731.0,0.7370000000000001,2.09,0.3670869703900009
Kepler-304 e,Kepler-304,1.2,1.9387416595767009,0.0,1137.0,0.02317,4817.0,0.8,2.09,0.42900738876839917
Kepler-305 b,Kepler-305,3.6,0.8064758658669486,0.005,836.0,0.05746,5080.0,0.76,4.37,0.2916296023461442
Kepler-305 c,Kepler-305,3.3,0.6507614640635074,0.0,728.0,0.07568,5080.0,0.76,4.37,0.3101921321718758
Kepler-305 d,Kepler-305,2.76,0.9677554115744038,0.0,576.0,0.1209099999999999,5090.0,0.8270000000000001,4.37,0.3719090566664266
Kepler-305 e,Kepler-305,1.7938153,1.5432981099295553,0.0,1000.0,0.04017,4974.0,0.8200000000000001,4.37,0.3890122600672892
Kepler-306 b,Kepler-306,1.52,1.717395053939193,0.0,830.0,0.05,4954.0,0.75,2.63,0.4468380792206916
Kepler-306 c,Kepler-306,2.35,1.2781522025001877,0.0,716.0,0.067,4954.0,0.75,2.63,0.3714927808207399
Kepler-306 d,Kepler-306,2.47,1.2325602611778486,0.0,535.0,0.12,4954.0,0.75,2.63,0.4074065205278024
Kepler-306 e,Kepler-306,2.27,1.3110318766193438,0.0,390.0,0.227,4954.0,0.75,2.63,0.4848868746984278
Kepler-307 b,Kepler-307,2.43,1.2864740258376797,0.0,797.0,0.09359,5367.0,0.907,0.95,0.33282358314370925
Kepler-307 c,Kepler-307,2.2,1.007957920399979,0.0,739.0,0.10896,5367.0,0.907,0.95,0.3458396097118786
Kepler-308 b,Kepler-308,2.12,1.3762440252663892,0.0,833.0,0.09,5895.0,0.9200000000000002,0.5,0.34547983351278155
Kepler-308 c,Kepler-308,2.16,1.3609765531356006,0.0,714.0,0.123,5895.0,0.9200000000000002,0.5,0.3665372305139177
Kepler-309 b,Kepler-309,1.56,1.6882490928583902,0.0,531.0,0.059,4713.0,0.816,3.02,0.49689986892955545
Kepler-309 c,Kepler-309,2.51,1.2178757094949273,0.0,204.0,0.401,4713.0,0.816,3.02,0.6793695841544003
Kepler-31 b,Kepler-31,5.5,0.5766133643039938,0.0,781.0,0.16,6340.0,1.21,0.28,0.2510427590209494
Kepler-31 c,Kepler-31,5.3,0.5481214085096876,0.0,615.0,0.26,6340.0,1.21,0.28,0.292036920833083
Kepler-31 d,Kepler-31,3.9,0.0741793981742515,0.0,484.0,0.4,6340.0,1.21,0.28,0.3247107468176767
Kepler-310 b,Kepler-310,1.19,1.9315214116032136,0.0,665.0,0.111,5797.0,0.8539999999999999,1.9,0.5042327775738256
Kepler-310 c,Kepler-310,3.38,0.9631743177730056,0.0,417.0,0.281,5797.0,0.8539999999999999,1.9,0.419954929837894
Kepler-310 d,Kepler-310,2.47,1.4586150226995167,0.0,353.0,0.392,5797.0,0.8539999999999999,1.9,0.5220147107594053
Kepler-311 b,Kepler-311,1.7,1.599387576580599,0.0,960.0,0.087,5905.0,0.994,1.95,0.40566513547211713
Kepler-311 c,Kepler-311,1.43,1.7817091333745536,0.0,744.0,0.1449999999999999,5905.0,0.994,1.95,0.4751000652098074
Kepler-311 d,Kepler-311,2.05,1.410986973710262,0.0,327.0,0.7325999999999999,5903.0,0.974,1.95,0.6195441168141202
Kepler-312 b,Kepler-312,1.29,1.8961194845522973,0.0,1685.0,0.031,6115.0,1.314,2.88,0.4167605826135728
Kepler-312 c,Kepler-312,3.15,1.0224509277025458,0.0,754.0,0.153,6115.0,1.314,2.88,0.315340077436063
Kepler-313 b,Kepler-313,2.53,1.208960345836975,0.0,883.0,0.125,5727.0,1.1140000000000003,7.08,0.326960759786115
Kepler-313 c,Kepler-313,2.57,1.1969481893889715,0.0,683.0,0.208,5727.0,1.1140000000000003,7.08,0.36545306152326507
Kepler-314 b,Kepler-314,0.83,1.7561322915849038,0.0,1195.0,0.035,5378.0,0.99,0.98,0.3766713514580361
Kepler-314 c,Kepler-314,2.9,1.0885619528146082,0.0,890.0,0.064,5378.0,0.99,0.98,0.2844921413893995
Kepler-315 b,Kepler-315,3.77,0.8754687373538999,0.0,409.0,0.4019999999999999,5796.0,0.831,12.3,0.3969065349562788
Kepler-315 c,Kepler-315,4.15,0.8064758658669486,0.0,291.0,0.7910000000000001,5796.0,0.831,12.3,0.6380769774390749
Kepler-316 b,Kepler-316,1.06,1.8779371654691075,0.0,837.0,0.027,4204.0,0.587,3.31,0.4512717913340303
Kepler-316 c,Kepler-316,1.16,1.918392120161421,0.0,577.0,0.058,4204.0,0.587,3.31,0.513703464473775
Kepler-317 c,Kepler-317,1.72,1.589235205116581,0.0,837.0,0.083,5497.0,0.865,3.72,0.42675640597685466
Kepler-318 b,Kepler-318,4.71,0.7178397931503169,0.0,1039.0,0.056,5746.0,1.073,0.95,0.2373963943612249
Kepler-318 c,Kepler-318,3.68,0.8919980393051105,0.0,762.0,0.105,5746.0,1.073,0.95,0.2898598061984198
Kepler-319 b,Kepler-319,1.63,1.6428726885203375,0.0,1023.0,0.051,5526.0,0.933,1.07,0.3906554818206581
Kepler-319 c,Kepler-319,2.63,1.175573329804238,0.0,876.0,0.069,5526.0,0.933,1.07,0.3026565637193942
Kepler-319 d,Kepler-319,2.29,1.3029127521808397,0.0,528.0,0.191,5526.0,0.933,1.07,0.41414899636383057
Kepler-32 b,Kepler-32,2.2,0.3784364357202451,0.0,514.0,0.05,3900.0,0.58,5.6,0.3819890273695092
Kepler-32 c,Kepler-32,2.0,0.2851789422336624,0.0,451.0,0.09,3900.0,0.58,5.6,0.44436574500602805
Kepler-32 d,Kepler-32,2.7,0.418710334858185,0.0,328.0,0.13,3900.0,0.58,5.6,0.5093142077689501
Kepler-32 e,Kepler-32,1.5,0.0870947068509337,0.0,652.0,0.033,3900.0,0.58,5.6,0.39098603713285446
Kepler-32 f,Kepler-32,0.82,0.9162907318741552,0.0,1026.0,0.013,3900.0,0.58,5.6,0.3321907722994869
Kepler-320 b,Kepler-320,1.14,1.9095425048844383,0.0,1292.0,0.085,6435.0,1.072,2.14,0.4182301445956432
Kepler-320 c,Kepler-320,1.37,1.8309801823813363,0.0,1002.0,0.142,6435.0,1.072,2.14,0.4369294989539102
Kepler-321 b,Kepler-321,1.77,1.55814461804655,0.0,1042.0,0.057,5740.0,1.024,2.09,0.3891749768270396
Kepler-321 c,Kepler-321,2.32,1.2919836816486496,0.0,752.0,0.11,5740.0,1.024,2.09,0.3695141019697282
Kepler-322 b,Kepler-322,1.01,1.854734268389444,0.0,1373.0,0.027,5388.0,0.908,1.1,0.39580208102506187
Kepler-322 c,Kepler-322,1.67,1.6193882432872684,0.0,996.0,0.051,5388.0,0.908,1.1,0.39000484023007687
Kepler-323 b,Kepler-323,1.381,2.2192034840549946,0.095,1838.0,0.02778,6004.0,1.015,5.4,0.4003606438243502
Kepler-323 c,Kepler-323,1.57,2.360854001118021,0.095,1431.0,0.0458,6004.0,1.015,5.4,0.39687558621368585
Kepler-324 b,Kepler-324,1.14,1.3862943611198906,0.0,935.0,0.05,5194.0,0.901,3.39,0.4057158520137779
Kepler-324 c,Kepler-324,3.15,1.0043016091968684,0.0,410.0,0.26,5194.0,0.901,3.39,0.42669133666345826
Kepler-324 e,Kepler-324,2.03862444,0.1484200051182732,0.0,635.0,0.10972,5191.0,0.8440000000000001,3.39,0.37471875910311525
Kepler-325 b,Kepler-325,2.91,1.085189268335969,0.0,1017.0,0.053,5752.0,0.914,0.93,0.2662537003423936
Kepler-325 c,Kepler-325,2.54,1.205970806988609,0.0,721.0,0.105,5752.0,0.914,0.93,0.33832496440987003
Kepler-325 d,Kepler-325,2.79,1.1216775615991057,0.0,498.0,0.22,5752.0,0.914,0.93,0.38974032991745794
Kepler-326 d,Kepler-326,1.21,3.109060958860994,0.0,781.0,0.066,5105.0,0.91,13.18,0.4419748355003533
Kepler-327 b,Kepler-327,1.11,1.8976198599275325,0.0,682.0,0.029,3799.0,0.5919130000000001,3.28,0.47945189773502944
Kepler-327 d,Kepler-327,1.73,1.5810384379124025,0.0,387.0,0.09,3799.0,0.5919130000000001,3.28,0.5326543662543795
Kepler-328 b,Kepler-328,2.3,2.174751721484161,0.0,602.0,0.2199,6064.0,1.15,2.57,0.45159074631344465
Kepler-328 c,Kepler-328,5.4,0.4700036292457356,0.0,475.0,0.354,6064.0,1.15,2.57,0.3562692865734799
Kepler-329 b,Kepler-329,1.4,1.8066480817218056,0.0,547.0,0.061,4257.0,0.602,3.47,0.5156855920362353
Kepler-329 c,Kepler-329,1.93,1.4701758451005928,0.0,402.0,0.1129999999999999,4257.0,0.602,3.47,0.5037096662071598
Kepler-33 b,Kepler-33,1.74,1.5769147207285403,0.0,1336.0,0.0677,5904.0,1.291,4.27,0.3752020141699051
Kepler-33 c,Kepler-33,3.2,0.1222176327242492,0.0,1009.0,0.1189,5904.0,1.291,4.27,0.24889357399942003
Kepler-33 d,Kepler-33,5.35,0.2231435513142097,0.0,853.0,0.1662,5904.0,1.291,4.27,0.26948866811525873
Kepler-33 e,Kepler-33,4.02,0.5877866649021191,0.0,752.0,0.2138,5904.0,1.291,4.27,0.300875845143152
Kepler-33 f,Kepler-33,4.46,0.6418538861723948,0.0,691.0,0.2535,5904.0,1.291,4.27,0.31580157396750497
Kepler-330 b,Kepler-330,1.35,1.8468787684491343,0.0,714.0,0.075,5117.0,0.848,3.47,0.49156024376217383
Kepler-330 c,Kepler-330,1.95,1.4609379041156565,0.0,573.0,0.116,5117.0,0.848,3.47,0.45609337338313244
Kepler-331 b,Kepler-331,1.82,1.5303947050936475,0.0,540.0,0.065,4347.0,0.653,1.2,0.4486076748818409
Kepler-331 c,Kepler-331,1.84,1.5173226235262949,0.0,425.0,0.105,4347.0,0.653,1.2,0.47947358348096164
Kepler-331 d,Kepler-331,1.64,1.6389967146756448,0.0,346.0,0.159,4347.0,0.653,1.2,0.5513571054144883
Kepler-332 b,Kepler-332,1.17,1.927164106234258,0.0,703.0,0.07,4955.0,0.7429999999999999,2.82,0.4955765702331285
Kepler-332 c,Kepler-332,1.09,1.88706964903238,0.0,550.0,0.114,4955.0,0.7429999999999999,2.82,0.5344720172397989
Kepler-332 d,Kepler-332,1.18,1.9300710850255671,0.0,427.0,0.189,4955.0,0.7429999999999999,2.82,0.5868974979053074
Kepler-333 c,Kepler-333,1.11,1.8976198599275325,0.0,386.0,0.135,4259.0,0.601,3.24,0.5860349522960088
Kepler-334 b,Kepler-334,1.12,1.9035989509835904,0.0,1090.0,0.061,5828.0,1.022,2.75,0.43368163251671504
Kepler-334 c,Kepler-334,1.43,1.7817091333745536,0.0,822.0,0.107,5828.0,1.022,2.75,0.4612464481793414
Kepler-334 d,Kepler-334,1.41,1.7984040119467235,0.0,656.0,0.168,5828.0,1.022,2.75,0.5008255419680303
Kepler-335 b,Kepler-335,3.39,0.959350221334602,0.0,1290.0,0.075,5877.0,1.3669999999999998,3.09,0.255422914729778
Kepler-335 c,Kepler-335,3.07,1.0402767116551463,0.0,592.0,0.356,5877.0,1.3669999999999998,3.09,0.3633731548361652
Kepler-336 b,Kepler-336,1.02,1.854734268389444,0.0,1625.0,0.033,5867.0,1.09,4.9,0.409887335957617
Kepler-336 c,Kepler-336,2.1,1.3862943611198906,0.0,967.0,0.092,5867.0,1.09,4.9,0.3558240630474742
Kepler-336 d,Kepler-336,2.37,1.269760544863939,0.0,749.0,0.1539999999999999,5867.0,1.09,4.9,0.3648190838353152
Kepler-337 b,Kepler-337,1.54,1.7047480922384253,0.0,1458.0,0.045,5684.0,1.081,7.94,0.39772661267925946
Kepler-337 c,Kepler-337,2.05,1.410986973710262,0.0,1017.0,0.0929999999999999,5684.0,1.081,7.94,0.3560072509829616
Kepler-338 b,Kepler-338,2.44,2.533696813957432,0.04,1005.0,0.117,5923.0,1.105,6.46,0.3628323508316296
Kepler-338 c,Kepler-338,2.34,1.2837077723447896,0.03,831.0,0.172,5923.0,1.105,6.46,0.3444758925031795
Kepler-338 d,Kepler-338,3.0,1.0612565021243408,0.03,680.0,0.257,5923.0,1.105,6.46,0.3355146616312286
Kepler-338 e,Kepler-338,1.56,2.5877640352277083,0.05,1143.0,0.08979,5999.0,1.14,6.46,0.41488524147733663
Kepler-339 b,Kepler-339,1.42,1.790091412127358,0.0,1023.0,0.055,5631.0,0.87,0.98,0.4143659314087671
Kepler-34 b,Kepler-34,8.564,0.4780957991430717,0.182,376.92,1.0896,5913.0,1.0479,5.739599999999999,0.5471348574180653
Kepler-340 b,Kepler-340,2.53,1.208960345836975,0.0,1092.0,0.134,6620.0,1.65,1.29,0.27551700598965007
Kepler-340 c,Kepler-340,3.37,0.9631743177730056,0.0,946.0,0.178,6620.0,1.65,1.29,0.2579391907704624
Kepler-341 b,Kepler-341,1.18,1.9300710850255671,0.0,1085.0,0.06,6012.0,0.976,9.12,0.42651778282743336
Kepler-341 c,Kepler-341,1.7,1.599387576580599,0.0,940.0,0.08,6012.0,0.976,9.12,0.40070921851239094
Kepler-341 d,Kepler-341,1.85,1.5129270120532563,0.0,622.0,0.182,6012.0,0.976,9.12,0.4458614637775684
Kepler-341 e,Kepler-341,1.99,1.4398351280479205,0.0,539.0,0.242,6012.0,0.976,9.12,0.4511739762110176
Kepler-342 b,Kepler-342,2.25,1.3190856114264409,0.0,905.0,0.128,6175.0,1.213,2.82,0.34477704755060656
Kepler-342 c,Kepler-342,1.96,1.4539530095937054,0.0,754.0,0.185,6175.0,1.213,2.82,0.4068007805937601
Kepler-342 d,Kepler-342,2.49,1.2267122912954256,0.0,658.0,0.242,6175.0,1.213,2.82,0.3726646859142294
Kepler-342 e,Kepler-342,0.88,1.7850704810772584,0.0,1897.0,0.02909,6366.0,1.26,2.04,0.3873656344884645
Kepler-343 b,Kepler-343,2.41,1.2556160374777745,0.0,1024.0,0.0879999999999999,5807.0,1.055,6.46,0.31777850642838507
Kepler-343 c,Kepler-343,2.02,1.425515074273172,0.0,746.0,0.167,5807.0,1.055,6.46,0.40646485325378
Kepler-344 b,Kepler-344,2.61,1.181727195378616,0.0,643.0,0.153,5774.0,0.931,2.51,0.37642259320743376
Kepler-344 c,Kepler-344,2.95,1.075002423028976,0.0,360.0,0.488,5774.0,0.931,2.51,0.5101418730152467
Kepler-345 b,Kepler-345,0.74,1.7578579175523736,0.0,622.0,0.066,4504.0,0.61,2.75,0.4643334053529603
Kepler-345 c,Kepler-345,1.2,0.7975071958841881,0.0,575.0,0.077,4504.0,0.61,2.75,0.4369454278728204
Kepler-346 b,Kepler-346,2.66,1.1662709371419244,0.0,1008.0,0.071,6033.0,0.943,2.4,0.3007238404901885
Kepler-346 c,Kepler-346,3.07,1.0402767116551463,0.0,654.0,0.168,6033.0,0.943,2.4,0.3532225132142359
Kepler-347 b,Kepler-347,1.97,1.449269160281279,0.0,908.0,0.11,6088.0,0.922,11.75,0.35294607528375604
Kepler-347 c,Kepler-347,1.75,1.5686159179138452,0.0,705.0,0.183,6088.0,0.922,11.75,0.42002578022162923
Kepler-347 d,Kepler-347,3.04,1.0473189942805592,0.0,482.0,0.3802,5592.0,1.0,11.75,0.37162474774528675
Kepler-348 b,Kepler-348,1.52,1.717395053939193,0.0,1196.0,0.076,6177.0,1.189,2.29,0.4047289807914227
Kepler-348 c,Kepler-348,1.33,1.8625285401162623,0.0,888.0,0.138,6177.0,1.189,2.29,0.4570727584846897
Kepler-349 c,Kepler-349,1.96,1.4539530095937054,0.0,763.0,0.105,5956.0,1.083,0.55,0.3777740631272099
Kepler-35 b,Kepler-35,8.16,0.3435897043900769,0.042,381.79,0.60347,5606.0,0.8877,9.714,0.45508966588895183
Kepler-350 b,Kepler-350,1.85,1.7749523509116738,0.0,1037.0,0.104,6186.0,1.19,4.0,0.4012708033122516
Kepler-350 c,Kepler-350,3.1,0.300104592450338,0.0,888.0,0.1384999999999999,6492.3,1.0,4.0,0.2645499880814429
Kepler-350 d,Kepler-350,2.8,1.3056264580524355,0.0,782.0,0.1786,6492.3,1.0,4.0,0.33302099456976675
Kepler-351 b,Kepler-351,3.06,0.6528458837864196,0.0,498.0,0.214,5643.0,0.81,2.9,0.3930353390672688
Kepler-351 c,Kepler-351,3.19,1.0577902941478543,0.0,431.0,0.287,5643.0,0.81,2.9,0.44785597127768983
Kepler-351 d,Kepler-351,2.72,1.144222799920162,0.0,318.0,0.5177,5225.0,0.81,4.9,0.6614128523081743
Kepler-352 b,Kepler-352,0.86,1.7732559976634952,0.0,694.0,0.085,5212.0,0.798,1.7,0.46598704458824347
Kepler-352 c,Kepler-352,1.24,1.9416152247724323,0.0,591.0,0.118,5212.0,0.798,1.7,0.5221231964178681
Kepler-352 d,Kepler-352,0.80628032,1.7422190236679187,0.0,788.0,0.06574,5208.0,0.796,1.7,0.43755981921602916
Kepler-353 b,Kepler-353,0.89,1.790091412127358,0.0,534.0,0.051,3903.0,0.553,4.59,0.4978307993965731
Kepler-353 c,Kepler-353,1.38,1.8229350866965048,0.0,472.0,0.065,3903.0,0.553,4.59,0.5360291531373629
Kepler-354 b,Kepler-354,1.84,1.5173226235262949,0.0,741.0,0.054,4648.0,0.6520000000000001,13.8,0.38522965866043696
Kepler-354 c,Kepler-354,1.31,1.8794650496471603,0.0,508.0,0.115,4648.0,0.6520000000000001,13.8,0.5108635564663921
Kepler-354 d,Kepler-354,1.24,1.9416152247724323,0.0,451.0,0.146,4648.0,0.6520000000000001,13.8,0.5337882300400818
Kepler-355 b,Kepler-355,1.46,1.7613002617433464,0.0,840.0,0.102,6184.0,0.933,10.0,0.43682689951279674
Kepler-355 c,Kepler-355,2.71,1.1474024528375415,0.0,633.0,0.179,6184.0,0.933,10.0,0.3487438113402296
Kepler-356 b,Kepler-356,1.57,1.6845453849209058,0.0,1294.0,0.057,6133.0,1.163,4.17,0.39479374128062245
Kepler-356 c,Kepler-356,1.81,1.534714366238164,0.0,913.0,0.115,6133.0,1.163,4.17,0.3964622300068325
Kepler-357 b,Kepler-357,1.84,1.5173226235262949,0.0,793.0,0.063,5036.0,0.7940000000000002,2.14,0.4184089460260451
Kepler-357 c,Kepler-357,2.67,1.1631508098056809,0.0,576.0,0.12,5036.0,0.7940000000000002,2.14,0.3903414056332787
Kepler-357 d,Kepler-357,3.43,0.947789398933526,0.0,402.0,0.246,5036.0,0.7940000000000002,2.14,0.44803577388461263
Kepler-358 b,Kepler-358,2.72,1.144222799920162,0.0,554.0,0.21,5908.0,0.94,0.4,0.3629654985905244
Kepler-358 c,Kepler-358,2.85,1.1052568313867783,0.0,411.0,0.381,5908.0,0.94,0.4,0.42517173061489233
Kepler-359 b,Kepler-359,3.53,0.924258901523332,0.0,671.0,0.178,6248.0,0.8270000000000001,3.02,0.33846941069479375
Kepler-359 c,Kepler-359,4.3,0.0953101798043248,0.0,512.0,0.307,6248.0,0.8270000000000001,3.02,0.3692501902978021
Kepler-359 d,Kepler-359,4.01,0.0953101798043248,0.0,464.0,0.3719999999999999,6248.0,0.8270000000000001,3.02,0.3950740864657133
Kepler-36 b,Kepler-36,1.498,1.9823798288367047,0.0,978.0,0.11419,5979.0,1.034,7.41,0.4428717737602752
Kepler-36 c,Kepler-36,3.679,0.5805382361772911,0.0,928.0,0.12692,5979.0,1.034,7.41,0.26808172822341536
Kepler-360 b,Kepler-360,1.65,1.631199404215613,0.0,1116.0,0.044,6053.0,0.994,1.41,0.3838678294423201
Kepler-360 c,Kepler-360,2.1,1.3862943611198906,0.0,860.0,0.075,6053.0,0.994,1.41,0.3588571504231324
Kepler-361 b,Kepler-361,1.45,1.769854633840005,0.0,1060.0,0.086,6169.0,1.191,3.89,0.42190199215526486
Kepler-361 c,Kepler-361,2.52,1.2149127443642704,0.0,568.0,0.3,6169.0,1.191,3.89,0.3918817890860033
Kepler-362 b,Kepler-362,0.88,1.7850704810772584,0.0,838.0,0.087,5788.0,0.904,12.88,0.40839110668400164
Kepler-362 c,Kepler-362,1.45,1.769854633840005,0.0,543.0,0.207,5788.0,0.904,12.88,0.4859532174398639
Kepler-363 b,Kepler-363,1.16,1.918392120161421,0.0,1347.0,0.048,5593.0,1.226,5.5,0.42218205184388563
Kepler-363 d,Kepler-363,2.05,1.410986973710262,0.0,905.0,0.107,5593.0,1.226,5.5,0.3709920371403923
Kepler-364 b,Kepler-364,1.55,1.6974487897568138,0.0,753.0,0.178,6108.0,1.076,0.63,0.4325156555555804
Kepler-364 c,Kepler-364,2.15,1.3635373739972745,0.0,568.0,0.312,6108.0,1.076,0.63,0.40579604964398824
Kepler-365 b,Kepler-365,2.04,1.415853163361435,0.0,865.0,0.098,6012.0,1.02,4.0,0.37746079132196814
Kepler-365 c,Kepler-365,1.64,1.6389967146756448,0.0,729.0,0.137,6012.0,1.02,4.0,0.45479291973491526
Kepler-366 b,Kepler-366,1.46,1.7613002617433464,0.0,1326.0,0.045,6209.0,1.088,6.61,0.40461062440545914
Kepler-366 c,Kepler-366,1.79,1.547562508716013,0.0,848.0,0.11,6209.0,1.088,6.61,0.4065457648469164
Kepler-367 b,Kepler-367,1.3,1.88706964903238,0.0,401.0,0.201,4710.0,0.768,2.29,0.5987252435302968
Kepler-367 c,Kepler-367,1.2,1.9387416595767009,0.0,357.0,0.253,4710.0,0.768,2.29,0.6330963247888288
Kepler-368 b,Kepler-368,3.26,0.9932517730102834,0.0,800.0,0.186,5502.0,1.165,6.46,0.3103645926155709
Kepler-368 c,Kepler-368,3.88,0.8544153281560676,0.0,575.0,0.36,5502.0,1.165,6.46,0.3558682828098898
Kepler-369 b,Kepler-369,1.13,1.9095425048844383,0.0,687.0,0.03,3591.0,0.5,4.17,0.48003473403620134
Kepler-369 c,Kepler-369,1.41,1.7984040119467235,0.0,391.0,0.094,3591.0,0.5,4.17,0.5941115521648455
Kepler-37 c,Kepler-37,0.755,2.772588722239781,0.099,615.0,0.139,5357.0,0.79,7.6,0.48161981114535785
Kepler-37 d,Kepler-37,2.03,0.832909122935104,0.1,499.0,0.2109,5357.0,0.79,7.6,0.4291600536250246
Kepler-370 b,Kepler-370,1.59,1.6695918352538477,0.0,1040.0,0.054,5852.0,0.982,6.03,0.41050040789885184
Kepler-370 c,Kepler-370,1.91,1.4816045409242156,0.0,647.0,0.14,5852.0,0.982,6.03,0.4397000695550228
Kepler-371 b,Kepler-371,1.89,1.4906543764441331,0.0,554.0,0.1999999999999999,5666.0,0.876,12.88,0.42926888600812113
Kepler-371 c,Kepler-371,1.78,1.551808799597464,0.0,443.0,0.313,5666.0,0.876,12.88,0.4742079916245954
Kepler-372 b,Kepler-372,1.36,1.8389610707123487,0.0,1081.0,0.075,6509.0,1.202,2.349,0.4255538173986043
Kepler-372 c,Kepler-372,2.09,1.3912819026309298,0.0,755.0,0.1539999999999999,6509.0,1.202,2.349,0.38603620854158444
Kepler-372 d,Kepler-372,1.69,1.6054298910365616,0.0,660.0,0.201,6509.0,1.202,2.349,0.45795617925911314
Kepler-373 b,Kepler-373,1.36,1.8389610707123487,0.0,1054.0,0.06,5787.0,0.981,10.96,0.4148899714213099
Kepler-373 c,Kepler-373,1.24,1.9416152247724323,0.0,729.0,0.126,5787.0,0.981,10.96,0.4693899904495753
Kepler-374 b,Kepler-374,1.03,1.860974538249528,0.0,1761.0,0.029,5977.0,1.033,8.51,0.40639086125911905
Kepler-374 c,Kepler-374,1.1,1.8961194845522973,0.0,1467.0,0.042,5977.0,1.033,8.51,0.41304069767608753
Kepler-374 d,Kepler-374,1.31,1.8794650496471603,0.0,1272.0,0.056,5977.0,1.033,8.51,0.42166003550255604
Kepler-375 b,Kepler-375,1.45,1.769854633840005,0.0,851.0,0.101,5826.0,0.891,0.4,0.425473687860087
Kepler-375 c,Kepler-375,2.65,1.169381359556317,0.0,720.0,0.141,5826.0,0.891,0.4,0.32423326509288486
Kepler-376 b,Kepler-376,1.07,1.8809906029559973,0.0,1242.0,0.057,5900.0,0.968,1.91,0.41932040315694835
Kepler-376 c,Kepler-376,1.79,1.547562508716013,0.0,873.0,0.115,5900.0,0.968,1.91,0.40585856961379396
Kepler-377 b,Kepler-377,1.39,1.8148247421590515,0.0,875.0,0.109,5949.0,1.043,5.5,0.45499950052994687
Kepler-377 c,Kepler-377,2.06,1.4060969884160703,0.0,677.0,0.182,5949.0,1.043,5.5,0.41496068794368646
Kepler-378 b,Kepler-378,0.75,1.7083778602890038,0.0,503.0,0.112,4661.0,0.78,3.24,0.5016447350341897
Kepler-378 c,Kepler-378,0.7,1.6752256529721037,0.0,414.0,0.166,4661.0,0.78,3.24,0.5305284418137471
Kepler-379 b,Kepler-379,1.66,1.623340817603092,0.0,775.0,0.152,6054.0,1.125,2.24,0.44218732443790754
Kepler-379 c,Kepler-379,2.29,1.3029127521808397,0.0,530.0,0.326,6054.0,1.125,2.24,0.4299572406560112
Kepler-38 b,Kepler-38,4.3,1.269760544863939,0.032,475.0,0.4632,5623.0,0.941,10.0,0.38676467189760305
Kepler-380 b,Kepler-380,1.19,1.9315214116032136,0.0,1317.0,0.05,6045.0,0.99,4.43,0.4215789745254246
Kepler-380 c,Kepler-380,1.27,1.912501086924184,0.0,1056.0,0.078,6045.0,0.99,4.43,0.4378607903681143
Kepler-381 b,Kepler-381,0.99,1.8421356765531216,0.0,1576.0,0.066,6152.0,1.1439999999999997,2.57,0.4056561952003054
Kepler-381 c,Kepler-381,1.12,1.9035989509835904,0.0,1180.0,0.117,6152.0,1.1439999999999997,2.57,0.42627540041551554
Kepler-381 d,Kepler-381,1.0667865,1.8825138324965192,0.0,1387.0,0.08364,6197.0,1.198,2.57,0.41542561997492555
Kepler-382 b,Kepler-382,1.32,1.871802176901592,0.0,1166.0,0.055,5600.0,1.002,7.08,0.4316943591226028
Kepler-382 c,Kepler-382,1.59,1.6695918352538477,0.0,882.0,0.097,5600.0,1.002,7.08,0.43287333063231404
Kepler-383 b,Kepler-383,1.32,1.871802176901592,0.0,545.0,0.095,4710.0,0.669,13.9,0.4956945407695598
Kepler-383 c,Kepler-383,1.24,1.9416152247724323,0.0,406.0,0.172,4710.0,0.669,13.9,0.5520179726446963
Kepler-384 b,Kepler-384,1.12,1.9035989509835904,0.0,670.0,0.148,5577.0,0.8819999999999999,12.88,0.46484631707122825
Kepler-384 c,Kepler-384,1.13,1.9095425048844383,0.0,531.0,0.236,5577.0,0.8819999999999999,12.88,0.4978114203952161
Kepler-385 b,Kepler-385,2.73,1.4951487660319729,0.0,951.0,0.097,6326.0,0.992,3.31,0.32347990246301167
Kepler-385 c,Kepler-385,3.04,1.275362800412609,0.0,829.0,0.127,6326.0,0.992,3.31,0.3197352444642678
Kepler-385 d,Kepler-385,2.6186448,1.1786549963416462,0.0,535.0,0.2872,5829.0,1.05,3.31,0.4044438238987473
Kepler-386 b,Kepler-386,1.39,1.8148247421590515,0.0,651.0,0.096,5178.0,0.825,9.9,0.490642547595271
Kepler-386 c,Kepler-386,1.58,1.6770965609079151,0.0,513.0,0.155,5178.0,0.825,9.9,0.509483620856898
Kepler-387 b,Kepler-387,1.03,1.860974538249528,0.0,994.0,0.068,5774.0,0.8500000000000001,1.01,0.4174188903882332
Kepler-387 c,Kepler-387,0.89,1.790091412127358,0.0,826.0,0.098,5774.0,0.8500000000000001,1.01,0.42601846746678446
Kepler-388 b,Kepler-388,0.81,1.7457155307266483,0.0,830.0,0.036,4498.0,0.635,13.9,0.385250868104245
Kepler-388 c,Kepler-388,0.86,1.7732559976634952,0.0,515.0,0.0929999999999999,4498.0,0.635,13.9,0.46011087263797334
Kepler-389 b,Kepler-389,1.51,1.724550719534605,0.0,1047.0,0.041,5376.0,0.765,1.86,0.4194542704130389
Kepler-389 c,Kepler-389,1.46,1.7613002617433464,0.0,636.0,0.11,5376.0,0.765,1.86,0.5035725929593663
Kepler-390 b,Kepler-390,0.82,1.749199854809259,0.0,786.0,0.065,5166.0,0.7870000000000001,3.24,0.44420060875521955
Kepler-390 c,Kepler-390,0.79,1.7334238922150915,0.0,630.0,0.101,5166.0,0.7870000000000001,3.24,0.475872291170603
Kepler-392 b,Kepler-392,1.0,1.8468787684491343,0.0,1125.0,0.059,5938.0,0.8739999999999999,2.97,0.42093488910940885
Kepler-392 c,Kepler-392,1.1,1.8961194845522973,0.0,901.0,0.0929999999999999,5938.0,0.8739999999999999,2.97,0.4537880307589271
Kepler-393 b,Kepler-393,1.29,1.8961194845522973,0.0,1052.0,0.091,6189.0,1.256,2.82,0.4361404135367634
Kepler-393 c,Kepler-393,1.33,1.8625285401162623,0.0,901.0,0.124,6189.0,1.256,2.82,0.4533940403292629
Kepler-394 b,Kepler-394,1.6,1.66392609771817,0.0,1035.0,0.083,6402.0,0.87,0.25,0.37189283117386546
Kepler-394 c,Kepler-394,1.66,1.623340817603092,0.0,901.0,0.11,6402.0,0.87,0.25,0.38262715995320845
Kepler-394 d,Kepler-394,1.50066814,1.7316555451583495,0.0,1165.0,0.05904,6398.0,1.141,0.25,0.37176046508197313
Kepler-395 b,Kepler-395,1.03,1.860974538249528,0.0,576.0,0.061,4262.0,0.622827,1.6,0.5117784924930641
Kepler-395 c,Kepler-395,1.32,1.871802176901592,0.0,341.0,0.177,4262.0,0.622827,1.6,0.7053511223125846
Kepler-396 b,Kepler-396,3.5,2.3683728335320486,0.0,496.0,0.24067,5656.0,0.8500000000000001,0.62,0.43411597415438863
Kepler-396 c,Kepler-396,5.3,0.5074198306311578,0.0,390.0,0.38946,5656.0,0.8500000000000001,0.62,0.3983588415425462
Kepler-397 b,Kepler-397,2.46,1.235471471385307,0.0,539.0,0.144,5307.0,0.8440000000000001,5.25,0.4124173967761139
Kepler-397 c,Kepler-397,6.18,0.5515836162381584,0.0,295.0,0.48,5307.0,0.8440000000000001,5.25,0.6254508144653443
Kepler-398 b,Kepler-398,0.93,1.8115620965242347,0.0,755.0,0.044,4493.0,0.649,2.34,0.458909957801794
Kepler-398 c,Kepler-398,1.01,1.854734268389444,0.0,536.0,0.087,4493.0,0.649,2.34,0.5250579527192276
Kepler-398 d,Kepler-398,0.88,1.7850704810772584,0.0,636.0,0.0618,4557.0,0.7199999999999999,2.34,0.4816351308244316
Kepler-399 b,Kepler-399,0.96,1.827769906751088,0.0,773.0,0.103,5502.0,0.902,3.98,0.47486018967329446
Kepler-399 c,Kepler-399,1.43,1.7817091333745536,0.0,630.0,0.155,5502.0,0.902,3.98,0.5196171547265156
Kepler-399 d,Kepler-399,1.89,1.4906543764441331,0.0,486.0,0.261,5502.0,0.902,3.98,0.528967826148545
Kepler-4 b,Kepler-4,4.002,1.068153081183401,0.0,1650.0,0.0456,5857.0,1.223,4.5,0.25500810280375236
Kepler-40 b,Kepler-40,13.11,0.9858167945227652,0.0,1620.0,0.08,6510.0,1.48,2.8,0.2134505709084114
Kepler-400 b,Kepler-400,1.65,1.631199404215613,0.0,939.0,0.087,5886.0,1.08,3.63,0.4158979735982732
Kepler-400 c,Kepler-400,1.49,1.7404661748405044,0.0,755.0,0.134,5886.0,1.08,3.63,0.4675441183259752
Kepler-401 b,Kepler-401,1.71,1.5933085305042167,0.0,889.0,0.122,6117.0,1.173,3.55,0.41211829807946404
Kepler-401 c,Kepler-401,2.15,1.3635373739972745,0.0,598.0,0.269,6117.0,1.173,3.55,0.4174527564220922
Kepler-401 d,Kepler-401,2.27,1.3110318766193438,0.0,380.0,0.66886,6184.0,1.17,3.39,0.47429481666933715
Kepler-402 b,Kepler-402,1.22,1.9444805562457188,0.0,1311.0,0.051,6090.0,1.072,1.4,0.4102657076027827
Kepler-402 c,Kepler-402,1.56,1.6882490928583902,0.0,1140.0,0.068,6090.0,1.072,1.4,0.39259112151449127
Kepler-402 d,Kepler-402,1.38,1.8229350866965048,0.0,1006.0,0.087,6090.0,1.072,1.4,0.42495542893883054
Kepler-402 e,Kepler-402,1.46,1.7613002617433464,0.0,931.0,0.102,6090.0,1.072,1.4,0.4261187900555531
Kepler-403 b,Kepler-403,1.25,1.9329696377795784,0.0,1194.0,0.076,6090.0,1.299,3.09,0.4263826327368482
Kepler-403 c,Kepler-403,1.75,1.5686159179138452,0.0,604.0,0.297,6090.0,1.299,3.09,0.4664216679708947
Kepler-403 d,Kepler-403,1.42,1.790091412127358,0.0,958.0,0.12178,6209.0,1.25,3.09,0.43536931597888795
Kepler-404 b,Kepler-404,1.27,1.912501086924184,0.0,730.0,0.102,5654.0,0.86,1.35,0.4833424351804917
Kepler-404 c,Kepler-404,1.72,1.589235205116581,0.0,678.0,0.118,5654.0,0.86,1.35,0.45083845432692005
Kepler-405 b,Kepler-405,2.08,1.396244691973059,0.0,785.0,0.095,5818.0,0.8729999999999999,2.09,0.39335164998046557
Kepler-405 c,Kepler-405,4.66,0.7227059828014898,0.0,557.0,0.188,5818.0,0.8729999999999999,2.09,0.3664072911278319
Kepler-406 b,Kepler-406,1.43,2.551006451492524,0.0,1302.0,0.03599,5538.0,1.07,5.84,0.42380672941108005
Kepler-406 c,Kepler-406,0.85,3.234355395716587,0.0,1050.0,0.05531,5538.0,1.07,5.84,0.42189979399900573
Kepler-407 b,Kepler-407,1.19,1.9281212899091649,0.0,1983.0,0.01531,5487.0,0.99,2.88,0.4187226646756522
Kepler-407 c,Kepler-407,12.3,2.5494451709255714,0.221479,583.6610000000001,3.27090369,5476.0,1.0,7.47,0.25356361932972427
Kepler-408 b,Kepler-408,0.82,1.269760544863939,0.0,1561.0,0.03592,6104.0,1.08,6.68,0.34371279549561395
Kepler-41 b,Kepler-41,14.46,0.2851789422336624,0.0,1790.0,0.03101,5750.0,1.15,4.4,0.21996877705437162
Kepler-410 A b,Kepler-410 A,2.838,1.1085626195212777,0.17,866.0,0.1226,6273.0,1.214,2.76,0.27644644980405214
Kepler-411 b,Kepler-411,2.401,2.424802725718295,0.146,1138.0,0.0375,4974.0,0.87,0.212,0.3018811007586447
Kepler-411 c,Kepler-411,4.421,0.9932517730102834,0.108,838.0,0.0739,4974.0,0.87,0.212,0.24931094037390047
Kepler-411 d,Kepler-411,3.319,1.1939224684724346,0.128,410.0,0.279,4974.0,0.87,0.212,0.42629644498354025
Kepler-411 e,Kepler-411,3.28,0.9858167945227652,0.016,503.0,0.186,4974.0,0.87,0.212,0.36918912113028723
Kepler-412 b,Kepler-412,15.031269,0.418710334858185,0.0038,1850.0,0.02897,5750.0,1.167,5.37,0.2190253710019885
Kepler-413 b,Kepler-413,4.347,1.4350845252893227,0.1181,462.81000000000006,0.3553,4700.0,0.8200000000000001,4.558999999999999,0.4807924712089353
Kepler-414 b,Kepler-414,1.71,1.578978704949392,0.0,1024.0,0.0543,5536.0,0.89,1.55,0.3894311824517077
Kepler-414 c,Kepler-414,3.01,1.94876321803772,0.0,890.0,0.07195,5536.0,0.89,1.55,0.35848017062003407
Kepler-415 c,Kepler-415,2.01,1.430311246536665,0.0,543.0,0.0695,4362.0,0.67,4.9,0.4424818212866243
Kepler-416 b,Kepler-416,2.48,3.091042453358316,0.0,986.0,0.0674,5718.0,1.0,2.69,0.37182934048202004
Kepler-416 c,Kepler-416,2.352,1.2781522025001877,0.0,791.0,0.10454,5718.0,1.0,2.69,0.3584213699542093
Kepler-416 d,Kepler-416,1.61,1.6563214983329508,0.0,1253.0,0.0407,5670.0,0.949,2.69,0.39488747844309224
Kepler-417 b,Kepler-417,2.31,1.7749523509116738,0.0,671.0,0.1006,5177.0,0.9,4.9,0.4325552671886066
Kepler-417 c,Kepler-417,2.69,1.1537315878891892,0.0,616.0,0.1194,5177.0,0.9,4.9,0.37655311738836017
Kepler-418 b,Kepler-418,13.45,1.269760544863939,0.2,434.0,0.39249,5820.0,0.98,7.0,0.3501979959483327
Kepler-418 c,Kepler-418,5.22108654,0.6497176226326093,0.0,835.0,0.10632,5822.0,0.957,2.1,0.2823770449132391
Kepler-419 c,Kepler-419,12.6,1.9974177062012453,0.184,513.1,1.68,6430.0,1.3899999999999997,2.14,0.4593874195693514
Kepler-42 b,Kepler-42,0.78,0.1397619423751586,0.04,519.0,0.0116,3068.0,0.13,4.5,0.3907821091685486
Kepler-42 d,Kepler-42,0.57,0.4382549309311553,0.02,450.0,0.0154,3068.0,0.13,4.5,0.4098263723111726
Kepler-421 b,Kepler-421,4.16,0.8020015854720274,0.041,185.0,1.219,5308.0,0.7940000000000002,4.0,0.5665101075421888
Kepler-422 b,Kepler-422,12.89,0.3220834991691133,0.0,1028.0,0.082,5972.0,1.15,3.4,0.24163029804270947
Kepler-423 b,Kepler-423,13.361,0.3777512695406486,0.019,1605.0,0.03585,5560.0,0.8500000000000001,11.0,0.19836369584000982
Kepler-424 b,Kepler-424,9.98,1.0784095813505905,0.0,1116.0,0.044,5460.0,1.01,4.9,0.2355578787975679
Kepler-424 c,Kepler-424,12.7,1.937301774518713,0.3654829999999999,503.1,0.73,5460.0,1.01,4.9,0.5014793476658941
Kepler-425 b,Kepler-425,10.962,0.2390169004704999,0.33,1070.0,0.0464,5170.0,0.9300000000000002,5.0,0.19119029297885703
Kepler-426 b,Kepler-426,12.22,0.2311117209633866,0.18,1300.0,0.0414,5725.0,0.91,6.0,0.19603680370656604
Kepler-427 b,Kepler-427,13.79,0.1484200051182732,0.57,1100.0,0.091,5800.0,0.96,7.0,0.16916674143693547
Kepler-428 b,Kepler-428,12.11,0.7030975114131134,0.22,1070.0,0.0433,5150.0,0.87,5.0,0.2038479474179375
Kepler-43 b,Kepler-43,13.663771,1.791759469228055,0.017,1620.0,0.046,6041.0,1.32,0.69,0.18954325300665603
Kepler-430 b,Kepler-430,3.25,0.9932517730102834,0.0,667.0,0.2244,5884.0,1.166,4.68,0.3409413931561535
Kepler-430 c,Kepler-430,1.75,1.5686159179138452,0.0,458.0,0.4757,5884.0,1.166,4.68,0.5268206969137668
Kepler-431 b,Kepler-431,0.764,1.715598108262491,0.0,1032.0,0.0719,6004.0,1.071,4.34,0.3961779244525859
Kepler-431 c,Kepler-431,0.668,1.6524974018945473,0.0,951.0,0.0847,6004.0,1.071,4.34,0.39120690536657704
Kepler-431 d,Kepler-431,1.11,1.8976198599275325,0.0,856.0,0.1045,6004.0,1.071,4.34,0.45851847957590314
Kepler-432 b,Kepler-432,12.834305,1.6974487897568138,0.5134,812.0,0.301,4995.0,1.32,4.2,0.20988853680287003
Kepler-432 c,Kepler-432,13.3,1.0296194171811583,0.498,892.0049999999999,0.102,4995.0,1.32,4.2,0.19147012677789793
Kepler-433 b,Kepler-433,16.25,0.7561219797213337,0.119,1776.0,0.0679,6360.0,1.46,2.67,0.19344425122688347
Kepler-434 b,Kepler-434,12.67,1.2237754316221157,0.131,1000.0,0.1142999999999999,5977.0,1.198,4.0,0.2229885393565893
Kepler-435 b,Kepler-435,22.31,0.1231021971339834,0.114,1729.0,0.0948,6161.0,1.538,2.25,0.1963757848950113
Kepler-436 b,Kepler-436,2.73,1.1410330045520618,0.19,322.0,0.3389999999999999,4651.0,0.7289999999999999,3.0,0.5978580867173144
Kepler-436 c,Kepler-436,2.33,1.2864740258376797,0.0,503.0,0.11452,4685.0,0.75,4.07,0.4312985616603858
Kepler-437 b,Kepler-437,2.14,1.3686394258811698,0.02,308.0,0.288,4551.0,0.7070000000000001,2.9,0.6734176157172608
Kepler-438 b,Kepler-438,1.12,1.9035989509835904,0.03,288.0,0.166,3748.0,0.544,4.4,0.8216022249300009
Kepler-439 b,Kepler-439,2.24,1.324418957401803,0.03,291.0,0.563,5431.0,0.8840000000000001,7.2,0.7107637625643978
Kepler-44 b,Kepler-44,12.22,0.6575200029167942,0.066,1544.0,0.0446,5800.0,1.12,5.8,0.20861331928743662
Kepler-440 b,Kepler-440,1.86,1.5085119938441398,0.34,229.0,0.242,4134.0,0.575,1.3,0.7442890482932787
Kepler-441 b,Kepler-441,1.64,1.6389967146756448,0.1,189.0,0.64,4340.0,0.572,1.9,0.6171261959827947
Kepler-442 b,Kepler-442,1.34,1.854734268389444,0.04,241.0,0.4089999999999999,4402.0,0.609,2.9,0.9690546578374465
Kepler-443 b,Kepler-443,2.33,1.2864740258376797,0.11,233.0,0.495,4723.0,0.738,3.2,0.8126593869213857
Kepler-444 d,Kepler-444,0.53,2.186051276738094,0.18,783.0,0.06,5046.0,0.758,11.23,0.3815315892668963
Kepler-444 e,Kepler-444,0.546,1.7578579175523736,0.1,727.0,0.0696,5046.0,0.758,11.23,0.39401189197011033
Kepler-444 f,Kepler-444,0.741,1.7011051009599245,0.29,673.0,0.0811,5046.0,0.758,11.23,0.3915170528184802
Kepler-445 b,Kepler-445,1.58,1.6770965609079151,0.0,401.0,0.0217,3157.0,0.18,6.61,0.5097871382888935
Kepler-445 c,Kepler-445,2.51,1.2178757094949273,0.0,341.0,0.0301,3157.0,0.18,6.61,0.44692947522618687
Kepler-445 d,Kepler-445,1.25,1.9329696377795784,0.0,305.0,0.0439,3157.0,0.18,6.61,0.6884846100990953
Kepler-446 b,Kepler-446,1.5,1.7334238922150915,0.0,648.0,0.0182,3359.0,0.22,3.72,0.4816769686076718
Kepler-446 c,Kepler-446,1.11,1.8976198599275325,0.0,520.0,0.0283,3359.0,0.22,3.72,0.549713303103624
Kepler-446 d,Kepler-446,1.35,1.8468787684491343,0.0,436.0,0.0403,3359.0,0.22,3.72,0.6092271680931484
Kepler-447 b,Kepler-447,18.49,0.3364722366212129,0.123,882.0,0.0769,5493.0,1.0,1.62,0.23511058226075848
Kepler-449 b,Kepler-449,2.056,1.4085449700547104,0.03,917.0,0.1027,5649.18,1.02,9.77,0.35123898852451524
Kepler-449 c,Kepler-449,2.764,1.1314021114911006,0.05,661.0,0.1979,5649.18,1.02,9.77,0.33607578119712184
Kepler-45 b,Kepler-45,10.76,0.5877866649021191,0.11,1000.0,0.03,3820.0,0.5900000000000001,0.5,0.1858685396403375
Kepler-450 b,Kepler-450,6.14,0.5596157879354227,0.02,769.0,0.20092,6197.21,1.19,2.57,0.2808151019173868
Kepler-450 c,Kepler-450,2.62,2.2823823856765264,0.02,944.0,0.13351,6197.21,1.19,2.57,0.36235972113144327
Kepler-452 b,Kepler-452,1.63,1.6428726885203375,0.0,265.0,1.046,5757.0,1.037,6.0,0.8925662825179803
Kepler-453 b,Kepler-453,6.204,1.269760544863939,0.0359,331.62,0.7903,5527.0,0.944,2.49,0.6694901669521693
Kepler-454 b,Kepler-454,2.37,1.172482137234565,0.32,916.0,0.09528,5687.0,1.03,5.25,0.28312688733208846
Kepler-454 c,Kepler-454,12.9,1.541159071680806,0.0053,562.36,1.287,5687.0,1.03,5.25,0.6358945578788346
Kepler-457 d,KOI-7892,2.98467257,1.0647107369924282,0.0,1008.0,0.0996,6474.0,1.148,1.8159,0.2751030755353114
Kepler-458 c,KIC 9663113,4.2,0.7975071958841881,0.0,798.0,0.17012,6117.21,1.15,2.14,0.2933526261140037
Kepler-46 b,Kepler-46,9.057,2.70805020110221,0.01,543.0,0.1968,5155.0,0.902,9.7,0.3360497000649024
Kepler-46 c,Kepler-46,13.5,0.236651901339002,0.0146,455.0,0.2799,5155.0,0.902,9.7,0.3733316374383239
Kepler-46 d,Kepler-46,1.64,1.6389967146756448,0.0,845.0,0.067,5309.0,0.883,2.34,0.4332417361013485
Kepler-460 c,KIC 5437945,5.52,0.6168059473032227,0.0,389.0,0.75318,6146.0,1.17,3.16,0.39835606253244676
Kepler-461 b,Kepler-461,2.58,1.1939224684724346,0.0,886.0,0.07895,5634.0,0.98,2.51,0.32035406229775154
Kepler-462 b,Kepler-462,3.0,2.33214389523559,0.042,611.0,0.4172,7500.0,1.5900000000000003,0.5,0.3608180839001816
Kepler-462 c,Kepler-462,4.0,0.3364722366212129,0.11,453.0,0.7583999999999999,7500.0,1.5900000000000003,0.5,0.29678087879768206
Kepler-463 b,Kepler-463,3.05,1.0473189942805592,0.0,880.0,0.07925,5661.0,0.87,7.41,0.2999336200613588
Kepler-464 b,Kepler-464,3.3,0.982078472412158,0.0,1163.0,0.07931,5933.0,1.21,4.9,0.2624249043103073
Kepler-465 b,Kepler-465,2.95,1.075002423028976,0.0,996.0,0.09195,6310.0,1.23,2.19,0.2825470708517043
Kepler-466 b,Kepler-466,2.85,1.1052568313867783,0.0,503.0,0.26769,5927.0,1.04,3.47,0.40546142357812226
Kepler-466 c,Kepler-466,1.25,1.9329696377795784,0.0,1206.0,0.04658,5927.0,1.04,3.47,0.42859864640336365
Kepler-467 b,Kepler-467,2.25,1.3190856114264409,0.0,712.0,0.16848,5809.0,1.05,8.13,0.3833158877658109
Kepler-468 b,Kepler-468,13.34,1.269760544863939,0.0,484.0,0.2213,5498.0,0.96,2.0,0.368600004681648
Kepler-47 b,Kepler-47,3.05,0.3364722366212129,0.021,507.4309999999999,0.2877,5636.0,0.957,3.5714,0.3736843347636914
Kepler-47 c,Kepler-47,4.65,0.1570037488096646,0.044,361.4,0.9638,5636.0,0.957,5.175,0.6271055383472758
Kepler-47 d,Kepler-47,7.04,0.262364264467491,0.024,335.62,0.6992,5636.0,0.957,4.488,0.5558923055553638
Kepler-471 b,Kepler-471,14.96,1.269760544863939,0.0,1308.0,0.0626,6733.0,1.49,1.58,0.2049094569837152
Kepler-472 b,Kepler-472,3.22,1.0043016091968684,0.0,876.0,0.04823,4996.0,0.8500000000000001,2.69,0.2959149904160344
Kepler-473 b,Kepler-473,4.08,0.8153648132841945,0.0,879.0,0.1204799999999999,5816.0,1.06,6.92,0.28364131382794644
Kepler-474 b,Kepler-474,3.06,1.043804052173115,0.0,1115.0,0.06092,5785.0,0.99,6.76,0.2711182235840515
Kepler-475 b,Kepler-475,2.49,1.2267122912954256,0.0,980.0,0.03989,5009.0,0.86,2.69,0.31427153979334677
Kepler-476 b,Kepler-476,3.08,1.0367368849500225,0.0,807.0,0.1126,5837.0,1.03,5.37,0.3127566080350731
Kepler-477 b,Kepler-477,2.07,1.4011829736136412,0.0,649.0,0.0911,5240.0,0.87,2.09,0.4199456146634838
Kepler-478 b,Kepler-478,2.71,1.1474024528375415,0.0,640.0,0.1032,5210.0,0.8500000000000001,4.9,0.36607440534500085
Kepler-479 b,Kepler-479,2.12,1.3762440252663892,0.0,649.0,0.09636,5247.0,0.86,4.27,0.41590012484479133
Kepler-48 b,Kepler-48,1.88,1.4422019930581866,0.0,932.0,0.05394,5194.0,0.8800000000000001,3.14,0.3842171115265466
Kepler-48 c,Kepler-48,2.71,1.6114359150967734,0.0,736.0,0.08633,5194.0,0.8800000000000001,3.14,0.3766916164423383
Kepler-48 d,Kepler-48,2.04,1.805004695978076,0.0,448.0,0.2330199999999999,5194.0,0.8800000000000001,3.14,0.5261591319722314
Kepler-48 e,Kepler-48,13.4,0.9162907318741552,0.003142,243.0,1.8982747479999995,5194.0,0.8800000000000001,3.14,0.46197323093816783
Kepler-480 b,Kepler-480,2.78,1.1249295969854831,0.0,1312.0,0.06024,6322.0,1.25,2.34,0.268207631550669
Kepler-481 b,Kepler-481,2.5,1.2208299213923592,0.0,899.0,0.08926,5802.0,1.01,6.17,0.32487869254689006
Kepler-482 b,Kepler-482,2.36,1.275362800412609,0.0,352.0,0.25787,4871.0,0.75,6.03,0.5038476127398512
Kepler-483 b,Kepler-483,3.21,1.0043016091968684,0.0,755.0,0.19471,6346.0,1.2800000000000002,2.63,0.31571668372719575
Kepler-484 b,Kepler-484,2.28,1.308332819650179,0.0,766.0,0.09036,5668.0,0.96,1.48,0.3602501601761942
Kepler-485 b,Kepler-485,14.41,1.269760544863939,0.0,1243.0,0.04401,5958.0,1.07,3.72,0.22614104620428263
Kepler-487 b,Kepler-487,11.42,1.269760544863939,0.0,662.0,0.11819,5444.0,0.91,5.62,0.3085001271816844
Kepler-487 c,Kepler-487,2.68,1.1568811967920856,0.0,487.0,0.21864,5444.0,0.91,5.62,0.4136530643454646
Kepler-487 d,Kepler-487,2.77513568,1.128171090909654,0.0,1226.0,0.03445,5422.0,0.8739999999999999,4.68,0.2775229556857756
Kepler-489 b,Kepler-489,7.72,0.4388998841944018,0.0,538.0,0.12109,5014.0,0.8200000000000001,3.31,0.34135043532518583
Kepler-49 b,Kepler-49,2.579,1.4066142565706126,0.0,509.0,0.05929,4095.6,0.607,2.88,0.408047150936986
Kepler-49 c,Kepler-49,2.444,1.4133449232682274,0.008,443.0,0.07821,4095.6,0.607,2.88,0.4371674976418091
Kepler-49 d,Kepler-49,1.6,3.044522437723423,0.0,717.0,0.031,4252.0,0.549,2.88,0.4737938067439592
Kepler-49 e,Kepler-49,1.56,0.0449733656427311,0.0,371.0,0.116,4252.0,0.549,2.88,0.49408871307905566
Kepler-490 b,Kepler-490,11.65,1.269760544863939,0.0,1597.0,0.0453,6045.0,1.08,3.47,0.21895818157934088
Kepler-491 b,Kepler-491,8.92,0.3763795272130677,0.0,1111.0,0.05191,5582.0,1.04,4.47,0.23618828528636826
Kepler-493 b,Kepler-493,15.13,1.269760544863939,0.0,1438.0,0.0439,6457.0,1.36,2.0,0.2149749812568176
Kepler-495 b,Kepler-495,5.23,0.6491952930307625,0.0,1200.0,0.0427,5346.0,0.86,4.37,0.24293455585822898
Kepler-495 c,Kepler-495,1.21936414,1.9459101490553128,0.0,1000.0,0.0614,5392.0,0.8880000000000001,0.6,0.41952411967942854
Kepler-496 b,Kepler-496,2.32,1.2919836816486496,0.0,747.0,0.0747,5293.0,0.86,4.57,0.37172500948336007
Kepler-497 b,Kepler-497,6.04,0.5641767992629853,0.0,1210.0,0.0457,5834.0,1.09,3.55,0.23318286440971653
Kepler-498 b,Kepler-498,3.03,1.0508216248317612,0.0,931.0,0.0897,5744.0,0.98,3.89,0.2933651639027482
Kepler-499 b,Kepler-499,2.17,1.355835153635182,0.0,844.0,0.0598,5312.0,0.87,4.57,0.36684522915711376
Kepler-5 b,Kepler-5,15.984034,0.3364722366212129,0.0,1750.0,0.0538,6297.0,1.374,2.88,0.21551214708849076
Kepler-50 b,Kepler-50,1.71,1.953002084583339,0.0,1196.0,0.077,6225.0,1.2400000000000002,3.8,0.40986059583678996
Kepler-50 c,Kepler-50,2.17,2.32720092214884,0.0,1125.0,0.087,6225.0,1.2400000000000002,3.8,0.37622623745399036
Kepler-500 b,Kepler-500,2.58,1.1939224684724346,0.0,909.0,0.08361,5813.0,1.02,4.37,0.3179141036164674
Kepler-501 b,Kepler-501,4.3,0.7793248768009976,0.0,1125.0,0.0627,5904.0,1.03,3.31,0.25421044168676804
Kepler-501 c,Kepler-501,1.68119739,1.6114359150967734,0.0,1304.0,0.0467,5794.0,1.032,0.3,0.34993357990934576
Kepler-502 b,Kepler-502,4.77,0.708035793053696,0.0,1217.0,0.0535,6125.0,1.15,3.09,0.24162129039657987
Kepler-504 b,Kepler-504,1.59,1.6695918352538477,0.0,374.0,0.0646,3519.0,0.33,4.17,0.550089808031906
Kepler-505 b,Kepler-505,2.6,1.184789984909162,0.0,314.0,0.1445,3931.0,0.55,3.16,0.546350261487239
Kepler-506 b,Kepler-506,2.73,1.1410330045520618,0.0,1080.0,0.07437,6236.0,1.19,1.74,0.2795768611989339
Kepler-507 b,Kepler-507,1.3,2.761811228131392,0.0,1407.0,0.04781,6113.0,1.16,3.8,0.42012081682246305
Kepler-508 b,Kepler-508,1.64,1.6389967146756448,0.0,710.0,0.17274,6025.0,1.16,3.55,0.4586180301036837
Kepler-509 b,Kepler-509,2.49,1.2267122912954256,0.0,584.0,0.23702,6060.0,1.1,4.27,0.393132529428563
Kepler-51 b,Kepler-51,7.1,0.0295588022415444,0.04,543.0,0.2514,6018.0,1.04,0.3,0.31254214671348995
Kepler-51 c,Kepler-51,9.0,0.0295588022415444,0.014,439.0,0.384,6018.0,1.04,0.3,0.3724415250761077
Kepler-51 d,Kepler-51,9.7,0.0449733656427311,0.008,381.0,0.509,6018.0,1.04,0.3,0.4282196730633206
Kepler-51 e,Kepler-51,2.18,1.3506671834767394,0.02,566.39,0.102,5674.0,0.96,0.7,0.3902945404452772
Kepler-510 b,Kepler-510,2.47,1.2325602611778486,0.0,797.0,0.1352,5746.0,0.91,10.47,0.32927568694345744
Kepler-511 b,Kepler-511,6.35,0.5364933705145685,0.0,332.0,0.8567200000000001,5770.0,1.0,7.94,0.4688255054009727
Kepler-511 c,Kepler-511,4.20964327,0.7975071958841881,0.0,742.0,0.1717699999999999,5866.0,0.958,9.12,0.3009379022137288
Kepler-512 b,Kepler-512,2.69,1.1537315878891892,0.0,652.0,0.21395,5997.0,1.17,3.72,0.3647813915649231
Kepler-513 b,Kepler-513,2.2,1.3428648031925547,0.0,623.0,0.1779,5849.0,1.02,5.5,0.41251802968977735
Kepler-514 b,Kepler-514,1.72,1.589235205116581,0.0,1248.0,0.06559,6106.0,1.2800000000000002,2.69,0.3792955659664082
Kepler-515 b,Kepler-515,1.46,1.7613002617433464,0.0,564.0,0.1333,5293.0,0.9,3.39,0.5181481923838417
Kepler-516 b,Kepler-516,5.74,0.5938791789012764,0.0,1095.0,0.1992,7099.0,1.62,1.32,0.21524295997050918
Kepler-517 b,Kepler-517,2.67,1.1631508098056809,0.0,467.0,0.28682,5690.0,0.95,6.31,0.42237351640761667
Kepler-518 b,Kepler-518,2.11,1.3812818192963463,0.0,839.0,0.07996,5842.0,0.96,1.35,0.3608734063018688
Kepler-519 b,Kepler-519,2.1,1.3862943611198906,0.0,532.0,0.15932,5260.0,0.89,1.91,0.4506432795761094
Kepler-52 b,Kepler-52,2.1,1.4701758451005928,0.0,553.0,0.0637,4075.0,0.54,1.01,0.4156164514551248
Kepler-52 c,Kepler-52,1.84,3.044522437723423,0.012,433.0,0.10379,4075.0,0.54,1.01,0.5174452494991855
Kepler-52 d,Kepler-52,1.95,2.9444389791664403,0.0,332.0,0.182,4263.0,0.577,1.01,0.6287582290962689
Kepler-520 b,Kepler-520,1.66,1.623340817603092,0.0,711.0,0.14628,6112.0,1.1,2.04,0.44984360901443715
Kepler-520 c,Kepler-520,1.07,1.8809906029559973,0.0,1107.0,0.06035,6112.0,1.1,2.04,0.42590004392962394
Kepler-521 b,Kepler-521,3.18,1.007957920399979,0.0,803.0,0.17116,6406.0,1.34,1.78,0.29817034613151483
Kepler-522 b,Kepler-522,6.91,0.4922542381805553,0.0,761.0,0.25029,6392.0,1.54,1.7,0.2756302721818825
Kepler-523 b,Kepler-523,1.96,1.4539530095937054,0.0,884.0,0.06159,5515.0,0.9300000000000002,2.45,0.3866472310069131
Kepler-524 b,Kepler-524,1.91,1.4816045409242156,0.0,974.0,0.07955,6014.0,1.09,3.02,0.37548430795825044
Kepler-524 c,Kepler-524,0.96,1.827769906751088,0.0,1574.0,0.03046,6014.0,1.09,3.02,0.4019048773347331
Kepler-525 b,Kepler-525,2.63,1.175573329804238,0.0,832.0,0.14386,5573.0,0.95,10.47,0.31074576683263094
Kepler-526 b,Kepler-526,1.99,1.4398351280479205,0.0,1099.0,0.06518,5894.0,1.15,2.14,0.35446621976630954
Kepler-527 b,Kepler-527,2.84,1.1085626195212777,0.0,1157.0,0.11646,6388.0,1.2800000000000002,2.4,0.27532244477591894
Kepler-528 b,Kepler-528,2.08,1.396244691973059,0.0,708.0,0.14219,5807.0,1.01,5.5,0.4046104491666737
Kepler-529 b,Kepler-529,1.86,1.5085119938441398,0.0,1662.0,0.0309,6087.0,1.07,3.98,0.35437545444805396
Kepler-529 c,Kepler-529,2.0,1.4350845252893227,0.0,891.0,0.1075,6087.0,1.07,3.98,0.37776597901082765
Kepler-529 d,Kepler-529,2.79502603,1.1216775615991057,0.0,633.0,0.2134,6078.0,1.005,0.2,0.32539576285681904
Kepler-53 b,Kepler-53,2.89,0.7793248768009976,0.0,701.0,0.1361,5858.0,0.98,0.3,0.29324002377559844
Kepler-53 c,Kepler-53,3.17,0.6523251860396903,0.0,550.0,0.22091,5858.0,0.98,0.3,0.32392563287462506
Kepler-53 d,Kepler-53,2.12,0.8754687373538999,0.0,870.0,0.091,6085.0,0.966,0.3,0.304135783271891
Kepler-530 b,Kepler-530,3.01,1.0577902941478543,0.0,488.0,0.21491,5697.0,0.97,1.78,0.39096431797719516
Kepler-531 b,Kepler-531,2.78,1.1249295969854831,0.0,453.0,0.17446,4893.0,0.78,7.76,0.4231975038364843
Kepler-532 b,Kepler-532,2.57,1.1969481893889715,0.0,620.0,0.10151,5192.0,0.87,2.0,0.38079450520146496
Kepler-533 b,Kepler-533,3.38,0.9631743177730056,0.0,423.0,0.16704,4758.0,0.78,3.24,0.4104298079965039
Kepler-534 b,Kepler-534,2.24,1.324418957401803,0.0,721.0,0.1272,5884.0,1.05,1.58,0.373715232084208
Kepler-534 c,Kepler-534,1.227,1.9473377010464987,0.0,933.0,0.0761,5936.0,1.075,1.58,0.4435772491957204
Kepler-535 b,Kepler-535,2.36,1.275362800412609,0.0,1247.0,0.06011,6123.0,1.18,3.24,0.30315183407722185
Kepler-536 b,Kepler-536,3.1,1.0331844833456545,0.0,1877.0,0.02835,5524.0,0.9200000000000002,4.79,0.2582183673879385
Kepler-537 b,Kepler-537,1.41,1.7984040119467235,0.0,1181.0,0.04317,5763.0,1.07,1.45,0.4097324419354068
Kepler-538 b,Kepler-538,2.215,2.0149030205422647,0.21,417.0,0.3553999999999999,5534.0,0.8920000000000001,5.3,0.5180549245971084
Kepler-539 b,Kepler-539,8.373123,1.3609765531356006,0.39,387.6,0.4987999999999999,5820.0,1.048,0.91,0.3670995855191059
Kepler-539 c,Kepler-539,13.3,1.0224509277025458,0.5,253.0,2.4200000000000004,5820.0,1.048,0.91,0.38468174011345113
Kepler-54 b,Kepler-54,2.1,0.5653138090500605,0.022,453.0,0.0619,3705.0,0.51,4.83,0.4077944477319207
Kepler-54 c,Kepler-54,1.23,1.2168005755324622,0.0,395.0,0.0809,3705.0,0.51,4.83,0.5146606135043459
Kepler-54 d,Kepler-54,1.53,2.322387720290225,0.0,328.0,0.126,4252.0,0.518,4.83,0.6825182352441399
Kepler-540 b,Kepler-540,2.71,1.1474024528375415,0.0,355.0,0.58822,5946.0,1.02,4.9,0.47409720701238695
Kepler-541 b,Kepler-541,3.36,0.9631743177730056,0.0,1673.0,0.06447,6166.0,1.41,3.09,0.24800870272679593
Kepler-542 b,Kepler-542,1.57,1.6845453849209058,0.0,698.0,0.10703,5526.0,0.9300000000000002,4.57,0.4714635680003225
Kepler-543 b,Kepler-543,2.5,1.2208299213923592,0.0,521.0,0.1022999999999999,4671.0,0.7,5.75,0.4056020914582875
Kepler-544 b,Kepler-544,2.12,1.3762440252663892,0.0,748.0,0.15482,6206.0,1.16,2.63,0.3849843396695427
Kepler-545 b,Kepler-545,2.69,1.1537315878891892,0.0,806.0,0.11248,5882.0,1.04,4.47,0.32880129425454707
Kepler-546 b,Kepler-546,7.0,0.4861230111256188,0.0,1258.0,0.0502,5967.0,1.11,3.31,0.2267548000565151
Kepler-547 b,Kepler-547,4.0,0.832909122935104,0.0,768.0,0.058,4828.0,0.78,2.88,0.30437202829729615
Kepler-548 b,Kepler-548,11.99,1.269760544863939,0.0,1017.0,0.0495,5535.0,0.9300000000000002,4.37,0.24461893514129973
Kepler-549 b,Kepler-549,2.57,1.0647107369924282,0.0,487.0,0.23236,5360.0,0.8800000000000001,4.57,0.42680420031488286
Kepler-549 c,Kepler-549,2.93,1.0818051703517284,0.0,349.0,0.45332,5360.0,0.8800000000000001,4.57,0.5311475311702702
Kepler-549 d,Kepler-549,4.2,0.7975071958841881,0.0,586.0,0.1574999999999999,5312.0,0.8590000000000001,1.66,0.3499457872389923
Kepler-55 b,Kepler-55,2.43,2.862200880929469,0.0,400.0,0.1593,4362.0,0.62,2.34,0.5145589771632056
Kepler-55 d,Kepler-55,1.59,1.6695918352538477,0.0,931.0,0.029,4503.0,0.631,2.34,0.4170876458578223
Kepler-55 e,Kepler-55,1.55,1.6974487897568138,0.0,728.0,0.048,4503.0,0.631,2.34,0.45927945807864634
Kepler-55 f,Kepler-55,1.59,1.6695918352538477,0.0,559.0,0.081,4503.0,0.631,2.34,0.49724128761140973
Kepler-550 b,Kepler-550,4.42,0.76080582903376,0.0,760.0,0.0747,5322.0,0.87,4.68,0.306351032051369
Kepler-551 b,Kepler-551,2.73,1.1410330045520618,0.0,483.0,0.0893,4286.0,0.65,3.8,0.39717907217491855
Kepler-552 b,Kepler-552,3.95,0.8415671856782186,0.0,1103.0,0.0612,5863.0,1.03,3.89,0.25979290259246207
Kepler-553 b,Kepler-553,4.74139884,1.269760544863939,0.0,1089.0,0.04766,5191.0,0.889,8.8,0.27371323823039123
Kepler-553 c,Kepler-553,11.57887706,2.143589361503588,0.346,251.0,0.8980000000000001,5191.0,0.889,8.8,0.7394209136370806
Kepler-554 b,Kepler-554,4.29,0.7793248768009976,0.0,1346.0,0.03022,5447.0,0.9300000000000002,5.62,0.24555071298102615
Kepler-555 b,Kepler-555,2.83,1.1118575154181305,0.0,664.0,0.1201,5894.0,1.03,3.89,0.346067770935666
Kepler-556 b,Kepler-556,2.24,1.324418957401803,0.0,766.0,0.09833,5740.0,1.0,4.17,0.374340865258802
Kepler-557 b,Kepler-557,2.67,1.1631508098056809,0.0,1281.0,0.0469,6068.0,1.11,3.24,0.27675178154174535
Kepler-558 b,Kepler-558,2.37,1.269760544863939,0.0,498.0,0.1759,5242.0,0.8500000000000001,4.47,0.43642094350634764
Kepler-559 b,Kepler-559,3.61,0.9082585601768908,0.0,706.0,0.1277,5630.0,0.96,4.37,0.32774546857134
Kepler-56 b,Kepler-56,6.51,0.3660310388627573,0.04,1378.0,0.1028,4840.0,1.32,3.5,0.2147019703534772
Kepler-56 c,Kepler-56,9.8,0.7227059828014898,0.0,1087.0,0.1652,4840.0,1.32,3.5,0.23453309944395853
Kepler-56 d,Kepler-56,12.8,1.7351891177396608,0.2,582.832,2.16,4819.44,1.29,4.37,0.4617559260709904
Kepler-560 b,Kepler-560,1.72,1.589235205116581,0.17,298.0,0.0899,3556.0,0.3399999999999999,4.07,0.6846026032213822
Kepler-561 b,Kepler-561,6.96,0.4891933236388768,0.0,446.0,0.2925599999999999,5646.0,0.96,4.27,0.3874062977128696
Kepler-561 c,Kepler-561,2.68,1.1568811967920856,0.0,989.0,0.05947,5646.0,0.96,4.27,0.3023127178023237
Kepler-562 b,Kepler-562,5.21,0.6528458837864196,0.0,658.0,0.1333,5575.0,0.9300000000000002,4.57,0.31953795865351287
Kepler-563 b,Kepler-563,3.09,1.0367368849500225,0.0,546.0,0.1418,5066.0,0.8,5.37,0.3796277159897388
Kepler-564 b,Kepler-564,4.63,0.7275486072772778,0.0,1129.0,0.0484,5626.0,0.95,4.27,0.2523438232639949
Kepler-565 b,Kepler-565,3.64,0.904218150639886,0.0,1063.0,0.0501,5735.0,0.98,4.07,0.2661588032107506
Kepler-566 b,Kepler-566,2.15,1.3635373739972745,0.0,526.0,0.1247,5132.0,0.83,4.57,0.44583789200804275
Kepler-567 b,Kepler-567,2.25,1.3190856114264409,0.0,611.0,0.1229,5148.0,0.8400000000000001,4.68,0.41439740540291714
Kepler-568 b,Kepler-568,2.26,1.316408233655724,0.0,429.0,0.0794,3768.0,0.55,5.89,0.4591035684039384
Kepler-569 b,Kepler-569,3.16,1.015230679729059,0.0,526.0,0.19784,5616.0,0.95,4.9,0.3803860421154449
Kepler-57 b,Kepler-57,3.135,1.698552393016866,0.0162,850.0,0.05988,5187.9,0.8590000000000001,3.31,0.3487100804427966
Kepler-57 c,Kepler-57,2.196,1.5104380139821956,0.0725,671.0,0.09588,5187.9,0.8590000000000001,3.31,0.4003214155230618
Kepler-570 b,Kepler-570,2.45,1.2383742310432684,0.0,1009.0,0.0497,5496.0,0.9300000000000002,5.01,0.31660554350003484
Kepler-571 b,Kepler-571,2.64,1.172482137234565,0.0,978.0,0.0546,5527.0,0.9300000000000002,4.68,0.3059980176043026
Kepler-572 b,Kepler-572,2.58,1.1939224684724346,0.0,553.0,0.1192,5212.0,0.83,4.68,0.3962731635405767
Kepler-573 b,Kepler-573,2.79,1.1216775615991057,0.0,646.0,0.14527,5746.0,0.99,5.89,0.35848236457251315
Kepler-574 b,Kepler-574,2.39,1.264126727145683,0.0,858.0,0.0723,5612.0,0.95,4.17,0.3434233747920313
Kepler-575 b,Kepler-575,2.39,1.264126727145683,0.0,803.0,0.0788,5710.0,0.97,3.98,0.35126713944820603
Kepler-576 b,Kepler-576,3.27,0.9858167945227652,0.0,541.0,0.179,5672.0,0.99,4.47,0.37598039191521077
Kepler-577 b,Kepler-577,2.55,1.2029723039923526,0.0,314.0,0.1348,4984.0,0.78,3.8,0.5027432145929156
Kepler-578 b,Kepler-578,2.0,1.4350845252893227,0.0,1774.0,0.0266,5334.0,0.87,4.68,0.3405295318917819
Kepler-579 b,Kepler-579,2.0,1.4350845252893227,0.0,730.0,0.0853999999999999,5636.0,0.99,4.07,0.4114667837385799
Kepler-58 b,Kepler-58,2.78,2.4069451083182885,0.04,920.0,0.09291,5843.0,0.95,2.14,0.361019855104866
Kepler-58 c,Kepler-58,2.86,2.3978952727983707,0.0,799.0,0.12307,5843.0,0.95,2.14,0.3882259557877344
Kepler-58 d,Kepler-58,2.94,0.4252677354043441,0.0,583.0,0.236,6099.0,1.024,2.14,0.3509255911531045
Kepler-580 b,Kepler-580,2.57,1.1969481893889715,0.0,558.0,0.0683,4298.0,0.67,3.47,0.3850421043426062
Kepler-581 b,Kepler-581,2.63,1.175573329804238,0.0,521.0,0.2259,5772.0,1.0,4.07,0.4123298873145582
Kepler-582 b,Kepler-582,3.68,0.8919980393051105,0.0,603.0,0.1254,5564.0,0.9300000000000002,4.47,0.3546687220469833
Kepler-583 b,Kepler-583,2.28,1.308332819650179,0.0,1017.0,0.0689,5523.0,0.94,4.47,0.3327516077086444
Kepler-584 b,Kepler-584,4.21,0.7975071958841881,0.0,664.0,0.2281,6195.0,1.17,2.88,0.3235318373222242
Kepler-585 b,Kepler-585,2.83,1.1118575154181305,0.0,1178.0,0.03841,5593.0,0.96,3.63,0.2774907149095161
Kepler-586 b,Kepler-586,2.79,1.1216775615991057,0.0,1365.0,0.0331,5575.0,0.94,4.17,0.272482197849003
Kepler-587 b,Kepler-587,2.23,1.3270750014599193,0.0,764.0,0.0952,5549.0,0.9200000000000002,4.79,0.3787815932494322
Kepler-588 b,Kepler-588,2.63,1.175573329804238,0.0,1176.0,0.052,5835.0,1.01,4.07,0.28706164374418364
Kepler-589 b,Kepler-589,2.27,1.3110318766193438,0.0,656.0,0.1196,5296.0,0.8800000000000001,4.47,0.40165662417493514
Kepler-589 c,Kepler-589,1.11727238,1.9035989509835904,0.0,1098.0,0.0426,5372.0,0.8319999999999999,14.0,0.39444945955601207
Kepler-59 b,Kepler-59,1.1,2.272125885509337,0.0,864.0,0.09943,6074.0,1.04,0.26,0.4225054923085727
Kepler-59 c,Kepler-59,1.98,0.9631743177730056,0.0,752.0,0.13114,6074.0,1.04,0.26,0.339238184907932
Kepler-590 b,Kepler-590,4.02,0.8285518175661483,0.0,1056.0,0.0647,6000.0,1.1,3.55,0.2599091369114279
Kepler-591 b,Kepler-591,3.39,0.959350221334602,0.0,436.0,0.3553999999999999,5677.0,0.97,4.17,0.42461813569967277
Kepler-592 b,Kepler-592,2.39,1.264126727145683,0.0,1367.0,0.0397,5913.0,1.04,3.89,0.2982618375093246
Kepler-593 b,Kepler-593,2.87,1.0986122886681096,0.0,706.0,0.1508,5967.0,1.08,3.63,0.3418470564861763
Kepler-594 b,Kepler-594,2.18,1.3506671834767394,0.0,678.0,0.1089,5485.0,0.91,4.27,0.40168260807702794
Kepler-595 b,Kepler-595,3.708,0.8020015854720274,0.0,535.0,0.1582,5138.5,0.9300000000000002,2.7,0.3677273697770483
Kepler-595 c,Kepler-595,1.009,2.066862759472976,0.0,679.0,0.0983,5138.5,0.9300000000000002,2.7,0.49622943323544616
Kepler-596 b,Kepler-596,3.46,0.9439058989071286,0.0,725.0,0.15161,6267.0,1.21,2.69,0.31621802063406546
Kepler-597 b,Kepler-597,2.37,1.269760544863939,0.0,743.0,0.10916,5683.0,0.97,4.27,0.3666963051965853
Kepler-598 b,Kepler-598,1.5,1.7334238922150915,0.0,1050.0,0.04487,5307.0,0.87,7.59,0.42164150089585006
Kepler-598 c,Kepler-598,3.02420941,1.0543120297715298,0.0,367.0,0.36672,5245.0,0.9,12.3,0.4412274283968666
Kepler-599 b,Kepler-599,2.84,1.1085626195212777,0.0,623.0,0.1128,5127.0,0.83,5.01,0.36964985133777567
Kepler-6 b,Kepler-6,14.616536,0.3364722366212129,0.0,1460.0,0.04852,5647.0,1.209,3.8,0.22308072983972582
Kepler-60 b,Kepler-60,1.71,1.7263316639055994,0.0,1102.0,0.07255,5905.0,1.041,8.91,0.39661985086068163
Kepler-60 c,Kepler-60,1.9,1.4011829736136412,0.039,1023.0,0.08422,5905.0,1.041,8.91,0.3530922098633359
Kepler-60 d,Kepler-60,1.99,1.3635373739972745,0.002,929.0,0.10203,5905.0,1.041,8.91,0.36137663605209513
Kepler-600 b,Kepler-600,2.9,1.0885619528146082,0.0,528.0,0.1536,5279.0,0.8400000000000001,4.57,0.38852813089859417
Kepler-601 b,Kepler-601,1.9,1.4861396960896067,0.0,833.0,0.05494,5160.0,0.8500000000000001,4.07,0.4015805238007965
Kepler-602 b,Kepler-602,2.09,1.3912819026309298,0.0,852.0,0.1224,6062.0,1.08,3.16,0.3726351406992531
Kepler-603 b,Kepler-603,2.65,1.169381359556317,0.0,731.0,0.16052,5808.0,1.01,4.37,0.3453031346920437
Kepler-603 c,Kepler-603,6.5,0.5247285289349821,0.0,401.0,0.53439,5808.0,1.01,4.37,0.3890692074397355
Kepler-603 d,Kepler-603,1.32,1.871802176901592,0.0,1098.0,0.07117,5808.0,1.01,4.37,0.4350547890889389
Kepler-604 b,Kepler-604,2.59,1.1878434223960523,0.0,637.0,0.1735,5890.0,1.02,3.72,0.3732693389796073
Kepler-605 b,Kepler-605,1.44,1.776645831418007,0.0,1133.0,0.04244,5462.0,0.91,4.47,0.42201393202745013
Kepler-605 c,Kepler-605,0.86,1.7732559976634952,0.0,1278.0,0.03336,5462.0,0.91,4.47,0.3980122853026847
Kepler-606 b,Kepler-606,3.31,0.982078472412158,0.0,683.0,0.1699999999999999,6161.0,1.13,2.88,0.330487312398036
Kepler-607 b,Kepler-607,0.87,1.7783364488959144,0.0,1874.0,0.0137,5196.0,0.8400000000000001,4.9,0.39160955616829135
Kepler-607 c,Kepler-607,2.76001201,1.1314021114911006,0.0,473.0,0.21507,5244.0,0.808,7.76,0.42495104072367174
Kepler-608 b,Kepler-608,3.64,0.904218150639886,0.0,1069.0,0.0685,5820.0,1.0,3.8,0.266487638555713
Kepler-609 b,Kepler-609,3.35,0.9707789171582246,0.0,932.0,0.0682,5971.0,1.09,3.72,0.28341132847883405
Kepler-61 b,Kepler-61,2.15,1.3635373739972745,0.25,273.0,0.24861,4017.0,0.635,1.0,0.6779619023761929
Kepler-610 b,Kepler-610,4.19,0.7975071958841881,0.0,888.0,0.0719,5943.0,1.1,3.55,0.2823436210095833
Kepler-610 c,Kepler-610,3.3,0.982078472412158,0.0,318.0,0.5594,5943.0,1.1,3.55,0.5739430756717305
Kepler-611 b,Kepler-611,1.65,1.631199404215613,0.0,1513.0,0.0350999999999999,5761.0,1.01,4.47,0.38353756097338465
Kepler-612 b,Kepler-612,2.84,1.1085626195212777,0.0,1046.0,0.0452,5693.0,0.98,4.47,0.28434970689213096
Kepler-613 b,Kepler-613,2.29,1.3029127521808397,0.0,713.0,0.1232,5723.0,0.98,4.27,0.3822330764282269
Kepler-614 b,Kepler-614,2.39,1.264126727145683,0.0,641.0,0.1027,5268.0,0.8500000000000001,4.79,0.3909885631009131
Kepler-615 b,Kepler-615,1.74,1.5769147207285403,0.0,620.0,0.085,4655.0,0.73,3.72,0.4689372743516783
Kepler-616 b,Kepler-616,2.43,1.247032293786383,0.0,860.0,0.0927,5753.0,0.98,3.89,0.34051456745846026
Kepler-616 c,Kepler-616,3.41,0.9516578757114464,0.0,413.0,0.4024,5753.0,0.98,3.89,0.44564187618761136
Kepler-616 d,Kepler-616,2.653,1.1662709371419244,0.0,499.0,0.2749,6004.0,1.061,0.4,0.38869658575904475
Kepler-617 b,Kepler-617,1.32,1.871802176901592,0.0,750.0,0.0219,3712.0,0.51,3.98,0.46580296850353675
Kepler-618 b,Kepler-618,2.6,1.184789984909162,0.0,1296.0,0.0449,5860.0,1.05,4.27,0.2838384532441415
Kepler-619 b,Kepler-619,3.16,1.015230679729059,0.0,1073.0,0.06014,5980.0,1.09,3.47,0.2726452607643747
Kepler-619 c,Kepler-619,1.69,1.6054298910365616,0.0,1767.0,0.02216,5980.0,1.09,3.47,0.3764232112343736
Kepler-619 d,Kepler-619,4.17,0.8020015854720274,0.0,830.0,0.1021,6122.0,1.041,0.78,0.2682463308867707
Kepler-62 b,Kepler-62,1.31,1.269760544863939,0.0,750.0,0.0553,4925.0,0.69,7.0,0.4327018165491213
Kepler-62 c,Kepler-62,0.54,1.269760544863939,0.0,578.0,0.0929,4925.0,0.69,7.0,0.4320870021980532
Kepler-62 d,Kepler-62,1.95,1.269760544863939,0.0,510.0,0.12,4925.0,0.69,7.0,0.46383951948335533
Kepler-62 e,Kepler-62,1.61,1.269760544863939,0.0,270.0,0.427,4925.0,0.69,7.0,0.8538863700190606
Kepler-62 f,Kepler-62,1.41,1.269760544863939,0.0,208.0,0.718,4925.0,0.69,7.0,0.8652420984103085
Kepler-620 b,Kepler-620,3.32,0.9745596399981308,0.0,849.0,0.1053,6155.0,1.15,3.02,0.29454814368463295
Kepler-621 b,Kepler-621,2.3,1.297463147413275,0.0,737.0,0.031,4521.0,0.7199999999999999,3.63,0.3626502857744058
Kepler-622 b,Kepler-622,2.13,1.3737155789130306,0.0,446.0,0.0978,4201.0,0.64,3.47,0.4556375579319874
Kepler-623 b,Kepler-623,3.01,1.0577902941478543,0.0,825.0,0.0853999999999999,5443.0,0.9,4.47,0.3157104938736316
Kepler-624 b,Kepler-624,2.31,1.2947271675944,0.0,852.0,0.11638,6117.0,1.1,3.72,0.3477114968564163
Kepler-625 b,Kepler-625,1.99,1.4398351280479205,0.0,852.0,0.08137,5789.0,1.04,1.51,0.37356321695743494
Kepler-625 c,Kepler-625,1.05,1.873339456220478,0.0,1048.0,0.05379,5789.0,1.04,1.51,0.42223228651249806
Kepler-626 b,Kepler-626,2.29,1.3029127521808397,0.0,784.0,0.10913,5813.0,1.01,5.37,0.36688186950105495
Kepler-627 b,Kepler-627,3.73,0.8837675401685949,0.0,685.0,0.2266099999999999,6424.0,1.3,2.24,0.32344529225498947
Kepler-629 b,Kepler-629,1.38,1.8229350866965048,0.0,816.0,0.07107,5444.0,0.9300000000000002,1.91,0.46671690653094217
Kepler-63 b,Kepler-63,6.11,1.3862943611198906,0.45,791.0,0.08,5576.0,0.984,0.21,0.20392740590143826
Kepler-630 b,Kepler-630,3.18,1.007957920399979,0.0,343.0,0.56201,5829.0,1.02,4.47,0.45362736662546765
Kepler-631 b,Kepler-631,2.9,1.0885619528146082,0.0,828.0,0.1401699999999999,6185.0,1.2400000000000002,2.51,0.3111523871698096
Kepler-632 b,Kepler-632,2.21,1.3376291891386096,0.0,500.0,0.1885,5322.0,0.91,3.02,0.45087720738237236
Kepler-633 b,Kepler-633,1.63,1.6428726885203375,0.0,1021.0,0.08185,5899.0,1.02,6.03,0.40861283594506065
Kepler-633 c,Kepler-633,2.296,1.3001916620664788,0.0,725.0,0.16246,5877.0,0.997,8.13,0.37671651051153654
Kepler-634 b,Kepler-634,1.89,1.4906543764441331,0.0,1309.0,0.05765,6075.0,1.03,5.37,0.3551863908984112
Kepler-635 b,Kepler-635,2.64,1.172482137234565,0.0,802.0,0.18332,6174.0,1.33,2.34,0.32770714328162315
Kepler-636 b,Kepler-636,4.45,0.7561219797213337,0.0,614.0,0.1185,5203.0,0.8500000000000001,5.01,0.3419306383932371
Kepler-637 b,Kepler-637,4.75,0.712949807856125,0.0,1002.0,0.16619,6096.0,1.6399999999999997,2.19,0.26334428048055847
Kepler-638 b,Kepler-638,1.83,1.5260563034950494,0.0,1111.0,0.06695,5382.0,0.8800000000000001,11.75,0.3496277264304063
Kepler-639 b,Kepler-639,2.38,1.2669476034873244,0.0,957.0,0.09358,5896.0,1.14,4.37,0.3254971640115775
Kepler-640 b,Kepler-640,2.56,1.199964782928397,0.0,609.0,0.1541799999999999,5653.0,1.01,2.09,0.38220473434299923
Kepler-641 b,Kepler-641,1.85,1.5129270120532563,0.0,926.0,0.0894999999999999,5713.0,1.02,7.08,0.39161914412350535
Kepler-642 b,Kepler-642,2.9,1.0885619528146082,0.0,1810.0,0.05631,6570.0,1.4,1.95,0.2547822431406336
Kepler-643 b,Kepler-643,10.16,0.9858167945227652,0.37,963.0,0.13485,4908.0,1.0,12.02,0.16992175586064828
Kepler-644 b,Kepler-644,3.15,1.0224509277025458,0.0,1655.0,0.04641,6747.0,1.49,1.62,0.2365543969437375
Kepler-645 b,Kepler-645,2.1,1.3862943611198906,0.0,1730.0,0.04541,6170.0,1.13,2.95,0.3236444110264232
Kepler-646 b,Kepler-646,1.99,1.4398351280479205,0.0,632.0,0.11251,5634.0,0.9300000000000002,4.57,0.4350232374897113
Kepler-647 b,Kepler-647,1.17,1.927164106234258,0.0,788.0,0.12237,6020.0,1.03,4.27,0.4730703161496026
Kepler-647 c,Kepler-647,4.00135002,0.832909122935104,0.0,644.0,0.1829099999999999,5906.74,1.07,2.75,0.33010627677537974
Kepler-648 b,Kepler-648,3.22,1.0043016091968684,0.0,674.0,0.13324,5741.0,1.05,1.82,0.3355235959356688
Kepler-649 b,Kepler-649,2.26,1.316408233655724,0.0,564.0,0.17522,5871.0,0.97,2.95,0.41999012241069095
Kepler-65 b,Kepler-65,1.42,1.6863989535702286,0.028,1740.0,0.035,6211.0,1.25,2.9,0.3890425585345831
Kepler-65 c,Kepler-65,2.58,0.9707789171582246,0.02,1246.0,0.068,6211.0,1.25,2.9,0.26819101814117
Kepler-65 d,Kepler-65,1.52,1.9021075263969205,0.014,1117.0,0.084,6211.0,1.25,2.9,0.4233392623145464
Kepler-65 e,Kepler-65,13.9,0.4265740713183996,0.283,564.6,0.8539307543999999,6220.0,1.248,3.31,0.3582480363127162
Kepler-650 b,Kepler-650,2.96,1.0715836162801904,0.0,1507.0,0.0421,5849.0,1.08,6.46,0.26183842930683093
Kepler-651 b,Kepler-651,2.37,1.269760544863939,0.0,574.0,0.1407799999999999,5522.0,0.9200000000000002,3.55,0.4089854441213946
Kepler-652 b,Kepler-652,2.49,1.2267122912954256,0.0,974.0,0.04958,5490.0,0.97,1.48,0.3065773494154009
Kepler-653 b,Kepler-653,1.95,1.4609379041156565,0.0,819.0,0.11945,5665.0,1.02,7.76,0.39999719858570976
Kepler-653 c,Kepler-653,0.78,1.7263316639055994,0.0,2078.0,0.01855,5665.0,1.02,7.76,0.37933593561853557
Kepler-654 b,Kepler-654,2.07,1.4011829736136412,0.0,831.0,0.11664,5865.0,1.04,5.37,0.3782052094383246
Kepler-655 b,Kepler-655,2.71,1.1474024528375415,0.0,588.0,0.25697,6170.0,1.15,3.39,0.3755026619296959
Kepler-656 b,Kepler-656,3.12,1.0260415958332745,0.0,1569.0,0.02231,5281.0,0.86,4.37,0.25725594989208583
Kepler-656 c,Kepler-656,1.41,1.7984040119467235,0.0,975.0,0.0602,5550.0,1.05,2.4,0.44165189450601805
Kepler-657 b,Kepler-657,3.52,0.9321640810304452,0.0,616.0,0.17337,5808.0,1.01,4.17,0.34255383240909826
Kepler-658 b,Kepler-658,1.63,1.6428726885203375,0.0,871.0,0.0188,4103.0,0.63,3.09,0.4125742659289358
Kepler-659 b,Kepler-659,2.5,1.2208299213923592,0.0,513.0,0.1204,4870.0,0.79,3.24,0.4102698248717619
Kepler-66 b,Kepler-66,2.8,1.1216775615991057,0.0,699.0,0.1352,5962.0,1.038,1.0,0.325113582797089
Kepler-660 b,Kepler-660,2.57,1.1969481893889715,0.0,649.0,0.0759,4779.0,0.75,4.57,0.3694713800008793
Kepler-661 b,Kepler-661,3.07,1.0402767116551463,0.0,678.0,0.0585,4483.0,0.7,4.27,0.33529615390087014
Kepler-662 b,Kepler-662,2.18,1.3506671834767394,0.0,530.0,0.1408,4897.0,0.79,3.63,0.43715818428239245
Kepler-663 b,Kepler-663,2.6,1.184789984909162,0.0,917.0,0.0559,5264.0,0.86,4.57,0.31647692524540205
Kepler-664 b,Kepler-664,2.66,1.1662709371419244,0.0,1406.0,0.0374,5754.0,1.01,4.68,0.27894688095792264
Kepler-665 b,Kepler-665,2.6,1.184789984909162,0.0,593.0,0.1148,4913.0,0.79,4.68,0.39053590030771734
Kepler-666 b,Kepler-666,2.4,1.258460989610006,0.0,1133.0,0.0542,5887.0,1.03,3.8,0.3071681882710168
Kepler-667 b,Kepler-667,4.73,0.712949807856125,0.0,516.0,0.2288,5327.0,0.91,4.68,0.34846746623239633
Kepler-668 b,Kepler-668,2.7,1.1505720275988207,0.0,790.0,0.0768,5352.0,0.87,3.89,0.3346692054183802
Kepler-669 b,Kepler-669,4.83,0.6981347220709844,0.0,1243.0,0.0529,6038.0,1.15,3.16,0.24070882913758904
Kepler-67 b,Kepler-67,2.94,1.0784095813505905,0.0,602.0,0.1171,5331.0,0.865,1.0,0.34646819663543515
Kepler-670 b,Kepler-670,13.18,1.269760544863939,0.0,1219.0,0.0383,5709.0,0.99,4.79,0.2287802556915542
Kepler-671 b,Kepler-671,2.69,1.1537315878891892,0.0,1012.0,0.0503,5624.0,0.97,4.47,0.2975520476306177
Kepler-672 b,Kepler-672,2.5,1.2208299213923592,0.0,529.0,0.2163,5627.0,0.95,4.07,0.41535841773089277
Kepler-673 b,Kepler-673,6.54,0.521171915820135,0.0,1023.0,0.0455,5355.0,0.8800000000000001,4.47,0.24737288482173436
Kepler-674 b,Kepler-674,1.69,1.6054298910365616,0.0,822.0,0.028,4192.0,0.6000000000000001,3.31,0.41707288401719317
Kepler-675 b,Kepler-675,2.44,1.244154593958768,0.0,1070.0,0.0325,4945.0,0.79,4.68,0.30825134525620274
Kepler-676 b,Kepler-676,3.04,1.0473189942805592,0.0,396.0,0.0798,3701.0,0.51,4.27,0.4081774780176865
Kepler-677 b,Kepler-677,5.38,0.6323350411631878,0.0,1015.0,0.067,5723.0,1.0,4.57,0.25290013269057326
Kepler-678 b,Kepler-678,5.14,0.6601073264817452,0.0,833.0,0.0732,5520.0,0.94,4.47,0.27909377022408643
Kepler-679 b,Kepler-679,3.01,1.0577902941478543,0.0,677.0,0.0983,5403.0,0.87,4.47,0.34512437719088884
Kepler-68 b,Kepler-68,2.357,1.4747630091074988,0.09,1275.0,0.06135,5847.0,1.057,6.84,0.3031637945275961
Kepler-68 c,Kepler-68,0.979,2.1400661634962708,0.099,1052.0,0.09008,5847.0,1.057,6.84,0.4131345845646439
Kepler-68 d,Kepler-68,13.9,0.4356709501652303,0.102,270.975,1.469,5847.0,1.057,6.84,0.7557901843375361
Kepler-68 e,Kepler-68,11.2,0.2911759617060367,0.33,255.84,4.6,5847.0,1.057,6.84,0.4006926936909333
Kepler-680 b,Kepler-680,2.42,1.252762968495368,0.0,1147.0,0.0469,5890.0,1.08,3.72,0.30402421106452476
Kepler-681 b,Kepler-681,3.08,1.0367368849500225,0.0,489.0,0.1635,5021.0,0.8,5.01,0.396411529238877
Kepler-682 b,Kepler-682,7.37,0.4605844073292439,0.0,753.0,0.1057999999999999,5559.0,0.9200000000000002,3.98,0.2825153938665371
Kepler-683 b,Kepler-683,1.97,1.449269160281279,0.0,1332.0,0.0354999999999999,5703.0,0.96,4.37,0.34714395586034563
Kepler-684 b,Kepler-684,3.36,0.9631743177730056,0.0,812.0,0.064,5493.0,0.89,4.37,0.30116290006657764
Kepler-685 b,Kepler-685,10.58,0.3118867611485983,0.0,1579.0,0.0265,5963.0,1.11,3.39,0.21957381872590778
Kepler-686 b,Kepler-686,12.15,1.269760544863939,0.0,1539.0,0.0258,5649.0,0.94,4.47,0.22095340232528654
Kepler-687 b,Kepler-687,3.52,0.9321640810304452,0.0,518.0,0.1326,4841.0,0.77,5.5,0.37746062505555994
Kepler-688 b,Kepler-688,9.76,0.3407487933884732,0.0,1005.0,0.046,5715.0,0.98,4.27,0.2438833773362249
Kepler-689 b,Kepler-689,2.89,1.091923300517313,0.0,536.0,0.1449,5518.0,0.91,4.57,0.37929743129135446
Kepler-69 b,Kepler-69,2.24,1.324418957401803,0.16,779.0,0.094,5638.0,0.81,13.18,0.3106308711099809
Kepler-69 c,Kepler-69,1.71,1.5933085305042167,0.14,299.0,0.64,5638.0,0.81,13.18,0.7021416458991211
Kepler-690 b,Kepler-690,5.95,0.5721088521828892,0.0,964.0,0.081,5913.0,1.11,3.55,0.25546055655111083
Kepler-691 b,Kepler-691,2.09,1.3912819026309298,0.0,460.0,0.0649,3715.0,0.53,3.98,0.4561155947241782
Kepler-692 b,Kepler-692,3.11,1.0296194171811583,0.0,639.0,0.1494999999999999,5440.0,0.9,4.68,0.3566331321790577
Kepler-693 b,Kepler-693,10.18,0.3249778571954778,0.0,600.0,0.1121,4881.0,0.76,4.47,0.3226026810599124
Kepler-694 b,Kepler-694,2.8,1.1216775615991057,0.0,914.0,0.0659,5700.0,0.97,4.07,0.3047397037725621
Kepler-695 b,Kepler-695,9.21,0.3632532592988549,0.0,1021.0,0.0374,5181.0,0.8400000000000001,4.47,0.24160972875653958
Kepler-696 b,Kepler-696,6.14,0.5556077665378838,0.0,1234.0,0.0535,5903.0,1.06,3.98,0.2322185552876743
Kepler-697 b,Kepler-697,4.13,0.8109302162163288,0.0,1151.0,0.0471,5513.0,0.9200000000000002,4.37,0.2556546555157897
Kepler-698 b,Kepler-698,3.68,0.8919980393051105,0.0,727.0,0.1255,5612.0,0.94,4.27,0.31481741740575253
Kepler-7 b,Kepler-7,18.180998,0.1310282624064041,0.0,1630.0,0.06067,5933.0,1.359,2.9,0.21953656985172082
Kepler-700 b,Kepler-700,5.99,0.5692831933375594,0.0,452.0,0.3576999999999999,5692.0,0.98,4.37,0.37185731010558626
Kepler-701 b,Kepler-701,2.84,1.1085626195212777,0.0,777.0,0.0894999999999999,5343.0,0.8800000000000001,4.47,0.33011317669565066
Kepler-702 b,Kepler-702,9.17,0.3646431135879092,0.0,713.0,0.0879999999999999,5419.0,0.9,4.47,0.2939678674376133
Kepler-703 b,Kepler-703,8.2,0.4114471797857119,0.0,1038.0,0.0535,6185.0,1.18,2.69,0.23758331387994508
Kepler-704 b,Kepler-704,2.61,1.181727195378616,0.0,1121.0,0.047,5616.0,0.97,5.13,0.29277455102191874
Kepler-705 b,Kepler-705,2.11,1.3812818192963463,0.0,265.0,0.232,3722.0,0.53,3.89,0.8667759678283877
Kepler-707 b,Kepler-707,1.33,1.8625285401162623,0.0,1160.0,0.0325,5099.0,0.8,4.9,0.4307020521305191
Kepler-708 b,Kepler-708,2.93,1.0818051703517284,0.0,1221.0,0.0426,5692.0,0.97,4.37,0.27058572288066246
Kepler-709 b,Kepler-709,2.92,1.0818051703517284,0.0,613.0,0.1173,5071.0,0.8,4.9,0.36740487207144995
Kepler-710 b,Kepler-710,1.88,1.4973884086254774,0.0,1174.0,0.0524,5611.0,0.94,4.17,0.36463638574253526
Kepler-711 b,Kepler-711,3.41,0.9516578757114464,0.0,487.0,0.1429,5222.0,0.8400000000000001,4.37,0.386595617160774
Kepler-712 b,Kepler-712,3.41,0.9516578757114464,0.0,521.0,0.13615,5148.0,0.8400000000000001,3.31,0.37776590196443627
Kepler-712 c,Kepler-712,4.85,0.6981347220709844,0.0,236.0,0.66479,5148.0,0.8400000000000001,3.31,0.7944155685474654
Kepler-713 b,Kepler-713,2.48,1.229640551074514,0.0,905.0,0.0748,5785.0,0.98,3.8,0.3255748832500709
Kepler-714 b,Kepler-714,9.67,0.3442986728706769,0.0,986.0,0.0832,5995.0,1.09,3.55,0.24432537566011903
Kepler-715 b,Kepler-715,3.75,0.8796267475025636,0.0,876.0,0.0933,5871.0,1.04,3.98,0.2879012112988141
Kepler-716 b,Kepler-716,2.9,1.0885619528146082,0.0,720.0,0.0862799999999999,5099.0,0.83,4.57,0.3407054119483356
Kepler-716 c,Kepler-716,1.39281536,1.8115620965242347,0.0,992.0,0.04548,5012.0,0.83,2.75,0.4391690195554495
Kepler-717 b,Kepler-717,2.42,1.252762968495368,0.0,1139.0,0.052,5485.0,0.8800000000000001,4.37,0.30475856748577834
Kepler-718 b,Kepler-718,16.56,1.269760544863939,0.0,1497.0,0.0322,6191.0,1.18,2.57,0.2178455728008103
Kepler-719 b,Kepler-719,8.52,0.3947411447451887,0.0,998.0,0.0556,5777.0,0.99,3.98,0.24307025916966407
Kepler-720 b,Kepler-720,8.41,0.4007875185570532,0.0,1162.0,0.0539,5618.0,0.95,3.63,0.23275292179795587
Kepler-721 b,Kepler-721,2.64,1.172482137234565,0.0,850.0,0.0583,5075.0,0.8200000000000001,4.9,0.323342225966281
Kepler-722 b,Kepler-722,2.63,1.175573329804238,0.0,1182.0,0.0514,5863.0,1.03,4.37,0.2878534311993782
Kepler-722 c,Kepler-722,2.82,1.11514159061932,0.0,401.0,0.4470999999999999,5863.0,1.03,4.37,0.46616923229320495
Kepler-723 b,Kepler-723,12.19,1.269760544863939,0.0,1016.0,0.0479,5539.0,0.9200000000000002,4.57,0.2442996847366785
Kepler-724 b,Kepler-724,3.29,0.982078472412158,0.0,1155.0,0.0433,5437.0,0.9,4.37,0.26558434802433933
Kepler-725 b,Kepler-725,10.8,0.3045391895182038,0.231,514.0,0.2237999999999999,5395.0,0.95,1.6,0.32166107478134026
Kepler-725 c,Kepler-725,3.08,1.0367368849500225,0.436,268.0,0.6743999999999999,5395.0,0.95,1.6,0.7034777198907057
Kepler-726 b,Kepler-726,3.26,0.9932517730102834,0.0,543.0,0.1406,5452.0,0.8800000000000001,4.47,0.37206845873128075
Kepler-727 b,Kepler-727,2.53,1.208960345836975,0.0,964.0,0.0546,5441.0,0.89,4.79,0.3159608940070625
Kepler-728 b,Kepler-728,3.34,0.9707789171582246,0.0,982.0,0.0625,5660.0,0.95,4.07,0.2777530193208041
Kepler-729 b,Kepler-729,3.58,0.9162907318741552,0.0,1273.0,0.0432,5633.0,0.94,4.27,0.2537353592366973
Kepler-730 b,Kepler-730,12.3299,1.269760544863939,0.0,1219.0,0.0694,5620.0,1.0469999999999997,9.5,0.22001612038308635
Kepler-730 c,Kepler-730,1.56926,1.6845453849209058,0.0,1607.0,0.03997,5620.0,1.0469999999999997,9.5,0.38395636011129997
Kepler-731 b,Kepler-731,13.88,1.269760544863939,0.0,1212.0,0.0505,5849.0,1.03,3.8,0.2289314324547648
Kepler-732 b,Kepler-732,2.18,1.3506671834767394,0.0,407.0,0.0691,3631.0,0.49,4.47,0.46089649745691563
Kepler-732 c,Kepler-732,1.27,1.912501086924184,0.0,893.0,0.0143,3631.0,0.49,4.47,0.4383721388314685
Kepler-733 b,Kepler-733,2.82,1.11514159061932,0.0,595.0,0.1483,5418.0,0.9,4.27,0.377494478277658
Kepler-734 b,Kepler-734,3.56,0.9202827531436926,0.0,784.0,0.0583,5326.0,0.8500000000000001,2.34,0.3016433842076078
Kepler-735 b,Kepler-735,2.95,1.075002423028976,0.0,657.0,0.0965,5107.0,0.8500000000000001,4.37,0.35376707493220805
Kepler-736 b,Kepler-736,2.93,1.0818051703517284,0.0,996.0,0.0428,5217.0,0.86,4.27,0.28824074729726973
Kepler-737 b,Kepler-737,1.96,1.4539530095937054,0.0,298.0,0.1422,3813.0,0.51,3.89,0.6819836580517307
Kepler-738 b,Kepler-738,2.5,1.2208299213923592,0.0,530.0,0.1552,5327.0,0.86,4.57,0.4068464810170042
Kepler-739 b,Kepler-739,3.32,0.9745596399981308,0.0,775.0,0.1054,5601.0,0.9300000000000002,4.27,0.31391987220506434
Kepler-74 b,Kepler-74,10.76,0.6312717768418579,0.0,1078.0,0.0781,6000.0,1.18,0.8,0.21222662999253772
Kepler-740 b,Kepler-740,4.57,0.7371640659767197,0.0,1131.0,0.0462,5438.0,0.91,4.79,0.253059574345995
Kepler-741 b,Kepler-741,2.97,1.068153081183401,0.0,1051.0,0.0744,6129.0,1.16,3.16,0.27744758306778755
Kepler-742 b,Kepler-742,3.24,0.9969486348916092,0.0,690.0,0.0744,4642.0,0.76,2.57,0.3333067600268942
Kepler-743 b,Kepler-743,1.21,1.9401794743463283,0.0,1101.0,0.04166,5486.0,0.94,1.86,0.43283584726748775
Kepler-744 b,Kepler-744,1.62,1.6505798557652755,0.0,750.0,0.09735,5594.0,0.94,5.13,0.456129657683151
Kepler-745 b,Kepler-745,2.16,1.3609765531356006,0.0,931.0,0.0915,5849.0,1.04,4.07,0.35250375896740993
Kepler-746 b,Kepler-746,1.11,1.8976198599275325,0.0,1156.0,0.0435,5418.0,0.91,8.71,0.42478681139499747
Kepler-747 b,Kepler-747,5.27,0.6444820085786643,0.0,456.0,0.1916,5096.0,0.8200000000000001,4.79,0.3843344011803489
Kepler-748 b,Kepler-748,2.52,1.2149127443642704,0.0,938.0,0.0745,5934.0,1.07,3.72,0.3152918431258271
Kepler-749 b,Kepler-749,3.1,1.0331844833456545,0.0,454.0,0.1054,5009.0,0.79,4.57,0.38502168046352375
Kepler-75 b,Kepler-75,11.77,2.4849066497880004,0.57,767.0,0.0818,5200.0,0.91,6.2,0.21528463721796842
Kepler-750 b,Kepler-750,3.07,1.0402767116551463,0.0,1163.0,0.08742,6160.0,1.15,3.09,0.2670150824213167
Kepler-750 c,Kepler-750,1.62,1.6505798557652755,0.0,1537.0,0.05009,6160.0,1.15,3.09,0.3849621823655531
Kepler-751 b,Kepler-751,2.46,1.235471471385307,0.0,679.0,0.1263,5387.0,0.87,4.47,0.3786425373235856
Kepler-752 b,Kepler-752,2.81,1.118414915964289,0.0,632.0,0.1353,5373.0,0.87,4.07,0.3628835714579032
Kepler-753 b,Kepler-753,1.91,1.4816045409242156,0.0,641.0,0.054,4346.0,0.6800000000000002,3.63,0.4326380856825859
Kepler-754 b,Kepler-754,2.01,1.430311246536665,0.0,758.0,0.116,5935.0,1.06,3.8,0.3978130872171906
Kepler-755 b,Kepler-755,1.76,1.5644405465033646,0.0,1331.0,0.02156,5043.0,0.8200000000000001,4.9,0.3724150604951234
Kepler-755 c,Kepler-755,1.26,1.9242486522741336,0.0,1016.0,0.037,5043.0,0.8200000000000001,4.9,0.44276947282332346
Kepler-756 b,Kepler-756,1.12,1.9035989509835904,0.0,1741.0,0.0219,5282.0,0.8200000000000001,4.47,0.41782533353803825
Kepler-757 b,Kepler-757,1.36,1.8389610707123487,0.0,1734.0,0.019,6014.0,1.08,3.31,0.4132985879177829
Kepler-758 b,Kepler-758,2.48,1.229640551074514,0.0,1005.0,0.10754,6228.0,1.16,3.8,0.30881409833372875
Kepler-758 c,Kepler-758,1.69,1.6054298910365616,0.0,1372.0,0.05768,6228.0,1.16,3.8,0.37704685913235025
Kepler-758 d,Kepler-758,2.12,1.3762440252663892,0.0,843.0,0.1527,6228.0,1.16,3.8,0.3681945229149771
Kepler-758 e,Kepler-758,1.53,1.7119945007591926,0.0,1144.0,0.0829,6228.0,1.16,3.8,0.405625589233475
Kepler-759 b,Kepler-759,2.27,1.3110318766193438,0.0,533.0,0.2329,5860.0,1.04,3.89,0.42965837758609293
Kepler-76 b,Kepler-76,15.24424,0.7419373447293773,0.0,2140.0,0.0274,6409.0,1.2,0.62,0.18554082672704458
Kepler-760 b,Kepler-760,3.06,1.043804052173115,0.0,748.0,0.08087,5322.0,0.89,4.57,0.3256675057268741
Kepler-760 c,Kepler-760,1.48,1.7457155307266483,0.0,1139.0,0.03489,5322.0,0.89,4.57,0.4160066688233147
Kepler-761 b,Kepler-761,2.03,1.420695787837223,0.0,767.0,0.0874,5706.0,0.95,4.07,0.3982000307730985
Kepler-762 b,Kepler-762,12.68,1.269760544863939,0.0,1302.0,0.0493,5944.0,1.06,3.8,0.2238272132169111
Kepler-763 b,Kepler-763,1.22,1.9444805562457188,0.0,1414.0,0.0205,5166.0,0.8400000000000001,4.79,0.42134436605841874
Kepler-763 c,Kepler-763,1.42,1.790091412127358,0.0,938.0,0.0466,4999.0,0.8,2.1,0.4409269537332095
Kepler-763 d,Kepler-763,1.67,1.6193882432872684,0.0,804.0,0.0634,4999.0,0.8,2.1,0.4346602805519441
Kepler-764 b,Kepler-764,1.64,1.6389967146756448,0.0,875.0,0.0724,5557.0,0.9200000000000002,4.17,0.42843269005178874
Kepler-765 b,Kepler-765,2.43,1.247032293786383,0.0,641.0,0.1754,5901.0,1.05,3.72,0.3838437962881221
Kepler-766 b,Kepler-766,3.39,0.959350221334602,0.0,990.0,0.066,5992.0,1.1,3.63,0.27334747687941313
Kepler-767 b,Kepler-767,6.64,0.5128236264286637,0.0,366.0,0.5874000000000001,5694.0,0.96,4.07,0.3921923738819569
Kepler-768 b,Kepler-768,1.79,1.547562508716013,0.0,618.0,0.092,5108.0,0.8200000000000001,4.57,0.4627433680206974
Kepler-769 b,Kepler-769,2.92,1.0818051703517284,0.0,1037.0,0.0778,6186.0,1.19,2.88,0.2811388527655033
Kepler-769 c,Kepler-769,1.79,1.547562508716013,0.0,803.0,0.1297,6186.0,1.19,2.88,0.41944317355303123
Kepler-77 b,Kepler-77,10.761,0.4718768736274158,0.0,1440.0,0.04501,5520.0,0.95,7.5,0.2243031732539319
Kepler-770 b,Kepler-770,2.3,1.297463147413275,0.0,1171.0,0.1693999999999999,5598.0,0.94,4.57,0.3294455182805349
Kepler-770 d,Kepler-770,1.4,1.8066480817218056,0.0,1941.0,0.0616,5598.0,0.94,4.57,0.4150943605371382
Kepler-771 b,Kepler-771,1.82,1.5303947050936475,0.0,890.0,0.0843,5906.0,1.03,3.72,0.3992117364773521
Kepler-772 b,Kepler-772,1.82,1.5303947050936475,0.0,866.0,0.11153,5714.0,0.98,8.13,0.40372906579106305
Kepler-773 b,Kepler-773,1.43,1.7817091333745536,0.0,1160.0,0.04682,5850.0,1.04,2.82,0.41875720130382893
Kepler-774 b,Kepler-774,3.17,1.015230679729059,0.0,1422.0,0.1082,6403.0,1.5700000000000005,2.14,0.25176553633793075
Kepler-775 b,Kepler-775,1.19,1.9315214116032136,0.0,1612.0,0.01834,5468.0,0.9200000000000002,1.86,0.4169816637710605
Kepler-776 b,Kepler-776,1.28,1.9035989509835904,0.0,904.0,0.0523,5071.0,0.83,4.37,0.45874182539983
Kepler-777 b,Kepler-777,1.47,1.752672080520008,0.0,569.0,0.0519,4043.0,0.58,3.16,0.4964510866415832
Kepler-778 b,Kepler-778,1.68,1.6114359150967734,0.0,977.0,0.0453,5102.0,0.81,5.25,0.40758231002568057
Kepler-779 b,Kepler-779,0.92,1.8066480817218056,0.0,425.0,0.0533,3804.0,0.4600000000000001,3.89,0.5197370862921591
Kepler-78 b,Kepler-78,1.201,1.8453002361560848,0.0,2223.0,0.00901,5058.0,0.779,0.625,0.3863603028996453
Kepler-780 b,Kepler-780,0.89,1.790091412127358,0.0,2099.0,0.015,5769.0,1.01,4.9,0.39387436126123854
Kepler-781 b,Kepler-781,2.89,1.091923300517313,0.0,629.0,0.1019,5162.0,0.81,4.9,0.3592800642572028
Kepler-782 b,Kepler-782,3.21,1.0043016091968684,0.0,350.0,0.54494,5867.0,0.98,5.25,0.46361157740755715
Kepler-783 b,Kepler-783,0.78,1.7263316639055994,0.0,991.0,0.04958,5521.0,0.9300000000000002,3.89,0.4072339722806023
Kepler-783 c,Kepler-783,2.33153725,1.2864740258376797,0.0,840.0,0.06903,5411.49,0.94,9.7,0.3400867693400561
Kepler-784 b,Kepler-784,1.58,1.6770965609079151,0.0,688.0,0.2211099999999999,5674.0,1.0,9.12,0.45951849386639143
Kepler-784 c,Kepler-784,1.55,1.6974487897568138,0.0,844.0,0.1309,5676.0,1.016,2.88,0.43965202876565995
Kepler-785 b,Kepler-785,13.02,1.269760544863939,0.0,753.0,0.025,4739.0,0.77,2.82,0.2762484580352161
Kepler-786 b,Kepler-786,2.43,1.247032293786383,0.0,348.0,0.25483,4838.0,0.81,2.51,0.5089426899551512
Kepler-787 b,Kepler-787,1.28,1.9035989509835904,0.0,1115.0,0.0159,4248.0,0.65,3.39,0.4230566274961843
Kepler-788 b,Kepler-788,2.55,1.2029723039923526,0.0,984.0,0.0835,6159.0,1.16,3.02,0.3063389389630583
Kepler-789 b,Kepler-789,2.12,1.3762440252663892,0.0,1419.0,0.0951,5870.0,1.01,3.72,0.32806212562025117
Kepler-79 b,Kepler-79,3.47,0.8878912573524571,0.015,929.0,0.117,6174.0,1.165,3.44,0.27623103757586714
Kepler-79 c,Kepler-79,3.72,0.4824261492442927,0.03,734.0,0.187,6174.0,1.165,3.44,0.2945190105603432
Kepler-79 d,Kepler-79,7.16,0.0861776962410523,0.025,592.0,0.287,6174.0,1.165,3.44,0.32041249454662973
Kepler-79 e,Kepler-79,3.49,0.4252677354043441,0.012,511.0,0.386,6174.0,1.165,3.44,0.35892932975316133
Kepler-790 b,Kepler-790,2.18,1.3506671834767394,0.0,634.0,0.101,5208.0,0.8400000000000001,4.9,0.4132188176701957
Kepler-791 b,Kepler-791,3.05,1.0473189942805592,0.0,939.0,0.1256,6383.0,1.3,2.24,0.2866141968987861
Kepler-792 b,Kepler-792,1.96,1.4539530095937054,0.0,852.0,0.0988,5971.0,1.09,3.39,0.3880463201127443
Kepler-793 b,Kepler-793,1.37,1.8309801823813363,0.0,1177.0,0.0491,5745.0,0.98,4.27,0.4251871310504403
Kepler-794 b,Kepler-794,2.11,1.3812818192963463,0.0,952.0,0.10036,5839.0,1.19,4.07,0.3552716030126218
Kepler-795 b,Kepler-795,1.68,1.6114359150967734,0.0,580.0,0.1803,5631.0,0.94,6.46,0.4887202608870134
Kepler-796 b,Kepler-796,1.3,1.88706964903238,0.0,1109.0,0.07317,5475.0,0.9300000000000002,11.75,0.40961498406364977
Kepler-797 b,Kepler-797,2.17,1.355835153635182,0.0,605.0,0.181,5680.0,0.96,3.89,0.41248967895250865
Kepler-798 b,Kepler-798,2.39,1.264126727145683,0.0,864.0,0.1174,6224.0,1.19,2.82,0.3380477143922978
Kepler-799 b,Kepler-799,6.88,0.494696241836107,0.0,433.0,0.5167,5681.0,0.95,3.98,0.45270979764558295
Kepler-799 c,Kepler-799,2.78068551,1.1249295969854831,0.0,893.0,0.1214,5588.0,1.031,0.5,0.27967477674311064
Kepler-8 b,Kepler-8,15.871944,0.2390169004704999,0.0,1680.0,0.0474,6213.0,1.213,3.47,0.216448497901594
Kepler-80 b,Kepler-80,2.67,0.8671004876833832,0.0049,547.0,0.0648,4540.0,0.73,2.0,0.3629957026297568
Kepler-80 c,Kepler-80,2.74,0.7975071958841881,0.0079,495.0,0.0792,4540.0,0.73,2.0,0.37068821208601743
Kepler-80 d,Kepler-80,1.53,2.084429083190875,0.0041,722.0,0.0372,4540.0,0.73,2.0,0.47704734123096426
Kepler-80 e,Kepler-80,1.6,1.55814461804655,0.0035,629.0,0.0491,4540.0,0.73,2.0,0.4626703593449275
Kepler-800 b,Kepler-800,2.85,1.1052568313867783,0.0,675.0,0.1106,5315.0,0.8500000000000001,4.68,0.35425925459840235
Kepler-801 b,Kepler-801,2.0,1.4350845252893227,0.0,419.0,0.0795,4435.0,0.67,3.55,0.4669440315091761
Kepler-802 b,Kepler-802,3.54,0.924258901523332,0.0,489.0,0.2265,5507.0,0.9300000000000002,4.68,0.39307637879163015
Kepler-803 b,Kepler-803,3.79,0.8712933659434192,0.0,543.0,0.26721,5919.0,1.05,4.9,0.36306956899475246
Kepler-804 b,Kepler-804,1.94,1.4655675420143983,0.0,779.0,0.11287,5817.0,1.01,5.25,0.4076088989461401
Kepler-804 c,Kepler-804,1.14,1.9095425048844383,0.0,890.0,0.08654,5817.0,1.01,5.25,0.45833340542063555
Kepler-805 b,Kepler-805,2.89,1.091923300517313,0.0,743.0,0.19852,6112.0,1.19,4.27,0.3289167538768282
Kepler-806 b,Kepler-806,1.14,1.9095425048844383,0.0,1089.0,0.07684,5770.0,0.99,7.76,0.4338181150517304
Kepler-808 b,Kepler-808,1.46,1.7613002617433464,0.0,1322.0,0.01314,4653.0,0.76,1.95,0.4025485654872442
Kepler-809 b,Kepler-809,3.01,1.0577902941478543,0.0,478.0,0.2901,5734.0,0.99,4.37,0.4044166319161382
Kepler-81 b,Kepler-81,2.42,2.0373166153791646,0.0,635.0,0.0522,4385.0,0.64,3.63,0.43194678801103625
Kepler-81 c,Kepler-81,2.37,1.0188473201992472,0.0,502.0,0.08347,4385.0,0.64,3.63,0.4046503780187236
Kepler-81 d,Kepler-81,1.21,1.9401794743463283,0.0,418.0,0.128,4500.0,0.648,3.63,0.5798455542768597
Kepler-810 b,Kepler-810,1.93,1.4701758451005928,0.0,1105.0,0.055,5803.0,1.03,4.17,0.3634738284094149
Kepler-811 b,Kepler-811,2.7,1.1505720275988207,0.0,730.0,0.15911,5747.0,1.01,7.94,0.34355238296669627
Kepler-812 b,Kepler-812,3.55,0.9202827531436926,0.0,1163.0,0.1024,6761.0,1.45,1.66,0.24109998701724805
Kepler-813 b,Kepler-813,2.14,1.3686394258811698,0.0,817.0,0.1439,5743.0,0.95,3.98,0.3836187801636164
Kepler-814 b,Kepler-814,2.12,1.3762440252663892,0.0,1164.0,0.0695,6162.0,1.15,3.02,0.3310992796412876
Kepler-815 b,Kepler-815,4.11,0.8109302162163288,0.0,1374.0,0.09473,5028.0,1.25,4.9,0.24480515117799193
Kepler-816 b,Kepler-816,10.24,0.3228078744271551,0.0,668.0,0.0894999999999999,5286.0,0.9,4.17,0.306118464979256
Kepler-817 b,Kepler-817,9.03,0.3708736633385453,0.0,1124.0,0.0493,5861.0,1.03,3.55,0.23316960873261874
Kepler-818 b,Kepler-818,5.11,0.664233170395303,0.0,786.0,0.0886,5638.0,0.94,3.98,0.29332653228996314
Kepler-819 b,Kepler-819,2.76,1.1314021114911006,0.0,485.0,0.1894,5279.0,0.86,4.47,0.4157396262473616
Kepler-82 b,Kepler-82,4.07,0.6830968447064438,0.0033,562.0,0.1682999999999999,5401.0,0.91,1.41,0.3420403464860436
Kepler-82 c,Kepler-82,5.34,0.4014570867106256,0.007,450.0,0.2626,5401.0,0.91,1.41,0.3700324070469913
Kepler-82 e,Kepler-82,2.47,0.4317824164255378,0.0,926.0,0.063,5428.0,0.946,1.41,0.279226130945027
Kepler-82 f,Kepler-82,4.84,0.6981347220709844,0.0014,400.4,0.3395,5401.0,0.91,1.41,0.4105391911717284
Kepler-820 b,Kepler-820,6.09,0.559044196036465,0.0,554.0,0.56004,6260.0,1.23,2.63,0.34643324366191586
Kepler-821 b,Kepler-821,1.31,1.8794650496471603,0.0,1215.0,0.029,5191.0,0.8400000000000001,4.79,0.42859296334260216
Kepler-822 b,Kepler-822,1.77,1.55814461804655,0.0,1239.0,0.04078,5928.0,1.06,3.55,0.374472084768702
Kepler-823 b,Kepler-823,1.57,1.6845453849209058,0.0,1277.0,0.0507,5643.0,0.98,4.47,0.39860413424515156
Kepler-824 b,Kepler-824,1.87,1.5040773967762742,0.0,1231.0,0.055,6035.0,1.15,3.31,0.361993312381519
Kepler-825 b,Kepler-825,1.53,1.7119945007591926,0.0,1270.0,0.0453,5976.0,1.03,3.55,0.4021517362604603
Kepler-825 c,Kepler-825,1.84,1.5173226235262949,0.0,981.0,0.0759,5976.0,1.03,3.55,0.3856403646701151
Kepler-826 b,Kepler-826,1.25,1.9329696377795784,0.0,1305.0,0.05202,6079.0,1.05,4.37,0.4223965118437218
Kepler-827 b,Kepler-827,5.63,0.6048622656923737,0.0,574.0,0.2742,5602.0,0.9300000000000002,4.37,0.3431686939668382
Kepler-828 b,Kepler-828,1.51,1.724550719534605,0.0,1848.0,0.01228,5039.0,0.81,4.57,0.39790682001053257
Kepler-829 b,Kepler-829,2.11,1.3812818192963463,0.0,857.0,0.0678,5698.0,0.98,4.68,0.3697206381902972
Kepler-83 b,Kepler-83,2.83,0.6043159668533296,0.0,460.0,0.07295,4082.0,0.6599999999999999,3.09,0.3722065502657244
Kepler-83 c,Kepler-83,2.36,0.3220834991691133,0.0,362.0,0.11796,4082.0,0.6599999999999999,3.09,0.4347692216904698
Kepler-83 d,Kepler-83,1.94,0.4446858212614457,0.0,569.0,0.051,4648.0,0.58,3.09,0.4013095254391563
Kepler-830 b,Kepler-830,1.7,1.599387576580599,0.0,907.0,0.1033,6037.0,1.07,3.47,0.41396131452340706
Kepler-831 b,Kepler-831,1.27,1.912501086924184,0.0,992.0,0.05984,5732.0,0.99,4.17,0.44624393644324467
Kepler-832 b,Kepler-832,2.06,1.4060969884160703,0.0,965.0,0.075,5596.0,0.9200000000000002,4.37,0.3621273492211463
Kepler-833 b,Kepler-833,2.02,1.425515074273172,0.0,382.0,0.1139,4339.0,0.64,3.72,0.48230605246089603
Kepler-834 b,Kepler-834,2.02,1.425515074273172,0.0,378.0,0.0862,4554.0,0.7,2.69,0.47114136739070683
Kepler-835 b,Kepler-835,2.79,1.1216775615991057,0.0,921.0,0.107,5954.0,1.08,3.63,0.30281709337864726
Kepler-836 b,Kepler-836,2.73,1.1410330045520618,0.0,869.0,0.1013,5895.0,1.03,4.27,0.31612109206823436
Kepler-837 b,Kepler-837,2.56,1.199964782928397,0.0,701.0,0.1143999999999999,5403.0,0.8500000000000001,3.98,0.36466828194562306
Kepler-838 b,Kepler-838,2.73,1.1410330045520618,0.0,777.0,0.1266,5770.0,0.98,4.17,0.3374893256816967
Kepler-839 b,Kepler-839,2.57,1.1969481893889715,0.0,626.0,0.2316,6058.0,1.22,2.82,0.37331394281333485
Kepler-84 b,Kepler-84,2.23,3.0349529867072724,0.0,985.0,0.0827,6039.0,1.0,3.98,0.38579637086850194
Kepler-84 c,Kepler-84,2.36,2.244955980157409,0.0,865.0,0.1072,6039.0,1.0,3.98,0.39324518393679575
Kepler-84 d,Kepler-84,1.38,1.8229350866965048,0.0,1254.0,0.052,6031.0,1.06,3.98,0.4187378273535512
Kepler-84 e,Kepler-84,2.6,1.184789984909162,0.0,672.0,0.181,6031.0,1.06,3.98,0.3629054526754795
Kepler-84 f,Kepler-84,2.2,1.3428648031925547,0.0,572.0,0.25,6031.0,1.06,3.98,0.42565798434278507
Kepler-841 b,Kepler-841,5.23,0.6491952930307625,0.0,416.0,0.479,5324.0,0.8500000000000001,4.47,0.5222161687752782
Kepler-842 b,Kepler-842,1.6,1.66392609771817,0.0,1252.0,0.0204,4848.0,0.78,4.37,0.3930447127259254
Kepler-843 b,Kepler-843,2.59,1.1878434223960523,0.0,1523.0,0.0313,5830.0,1.02,4.17,0.2809183235267637
Kepler-844 b,Kepler-844,1.68,1.6114359150967734,0.0,713.0,0.0298,4128.0,0.5900000000000001,3.8,0.43711978441258137
Kepler-845 b,Kepler-845,2.04,1.415853163361435,0.0,1361.0,0.01668,4913.0,0.79,4.79,0.33500898764696263
Kepler-846 b,Kepler-846,2.48,1.229640551074514,0.0,624.0,0.1399,5579.0,0.94,4.37,0.3888327644257575
Kepler-847 b,Kepler-847,1.18,1.9300710850255671,0.0,1054.0,0.0315,4940.0,0.83,3.89,0.436502473423404
Kepler-848 b,Kepler-848,1.7,1.599387576580599,0.0,1086.0,0.0758599999999999,5695.0,1.01,8.32,0.3904644394513349
Kepler-849 b,Kepler-849,8.08167508,1.4085449700547104,0.078,362.7,1.137,5950.0,1.259,4.7,0.4488839901366748
Kepler-85 b,Kepler-85,1.778,1.0365570815523175,0.02,809.0,0.07885,5505.2,0.9280000000000002,1.38,0.3723195420081552
Kepler-85 c,Kepler-85,1.978,0.9271404601283952,0.027,706.0,0.10363,5505.2,0.9280000000000002,1.38,0.37127363651719153
Kepler-85 d,Kepler-85,1.2,1.6863989535702286,0.0,626.0,0.13,5436.0,0.9469999999999998,1.38,0.4848150891016898
Kepler-85 e,Kepler-85,1.27,0.9555114450274363,0.0,559.0,0.163,5436.0,0.9469999999999998,1.38,0.4538014699247599
Kepler-850 b,Kepler-850,1.78,1.551808799597464,0.0,995.0,0.0744,5932.0,1.06,3.89,0.3916319504572717
Kepler-851 b,Kepler-851,1.68,1.6114359150967734,0.0,900.0,0.0802,5455.0,0.89,4.47,0.42273017450568323
Kepler-852 b,Kepler-852,2.54,1.205970806988609,0.0,565.0,0.27967,6100.0,1.19,1.48,0.3717708529654999
Kepler-853 b,Kepler-853,1.69,1.6054298910365616,0.0,1187.0,0.079,6350.0,1.3,2.69,0.3826084751544967
Kepler-855 b,Kepler-855,8.35,0.4034631054374913,0.0,996.0,0.0762,5835.0,1.03,4.17,0.24482271419197582
Kepler-856 b,Kepler-856,9.3,0.3590720685384538,0.0,824.0,0.0787,5535.0,0.96,4.27,0.27167652490196703
Kepler-857 b,Kepler-857,6.8,0.5007752879124893,0.0,390.0,0.3750999999999999,5773.0,0.99,4.27,0.4060235248244417
Kepler-858 b,Kepler-858,4.87,0.6931471805599453,0.0,399.0,0.33939,5653.0,0.96,3.39,0.4134019626254239
Kepler-859 b,Kepler-859,3.09,1.0367368849500225,0.0,528.0,0.13157,5020.0,0.81,4.57,0.3847768638387387
Kepler-860 b,Kepler-860,3.24,0.9969486348916092,0.0,1050.0,0.058,5836.0,1.04,4.27,0.2745480461038544
Kepler-861 b,Kepler-861,2.28,1.308332819650179,0.0,966.0,0.0463,5047.0,0.8200000000000001,4.47,0.3361806927537688
Kepler-862 b,Kepler-862,2.21,1.3376291891386096,0.0,1097.0,0.039,5333.0,0.8800000000000001,4.79,0.32974771921578716
Kepler-863 b,Kepler-863,2.9,1.0885619528146082,0.0,718.0,0.122,5678.0,0.96,3.8,0.334652196241088
Kepler-864 b,Kepler-864,2.4,1.258460989610006,0.0,1143.0,0.0687,5754.0,1.0,4.68,0.3083063673330581
Kepler-864 c,Kepler-864,1.62,1.6505798557652755,0.0,1532.0,0.0382,6213.0,1.27,0.3,0.35006971254099845
Kepler-865 b,Kepler-865,2.49,1.2267122912954256,0.0,694.0,0.1057,5570.0,0.9300000000000002,4.27,0.37039866560871076
Kepler-865 c,Kepler-865,0.89,1.790091412127358,0.0,914.0,0.061,5440.0,0.782,4.27,0.4337512821775415
Kepler-866 b,Kepler-866,1.63,1.6428726885203375,0.0,996.0,0.0331,4751.0,0.75,4.27,0.4085001294238078
Kepler-867 b,Kepler-867,4.64,0.7275486072772778,0.0,327.0,0.5375,5541.0,0.9200000000000002,5.89,0.48879345162682575
Kepler-868 b,Kepler-868,2.05,1.410986973710262,0.0,1047.0,0.0574999999999999,5614.0,0.9300000000000002,3.89,0.35339724582622883
Kepler-869 b,Kepler-869,3.61,0.9082585601768908,0.0,494.0,0.2244,5664.0,0.97,4.79,0.383494763055944
Kepler-87 b,Kepler-87,13.49,0.5475432067011534,0.036,478.0,0.481,5600.0,1.1,7.5,0.3675129226845154
Kepler-87 c,Kepler-87,6.14,0.1414995622736995,0.039,403.0,0.6759999999999999,5600.0,1.1,7.5,0.4128517641784354
Kepler-870 b,Kepler-870,2.78,1.1249295969854831,0.0,691.0,0.1539,5857.0,1.01,3.8,0.35069350461109317
Kepler-871 b,Kepler-871,3.74,0.8837675401685949,0.0,640.0,0.1572,5993.0,1.11,3.47,0.3322046131166536
Kepler-872 b,Kepler-872,1.99,1.4398351280479205,0.0,1230.0,0.0362,5902.0,1.05,4.17,0.3472556450614501
Kepler-873 b,Kepler-873,3.75,0.8796267475025636,0.0,749.0,0.1542,6163.0,1.18,2.95,0.3128135725749485
Kepler-874 b,Kepler-874,3.94,0.8415671856782186,0.0,560.0,0.2233999999999999,6020.0,1.09,3.31,0.3560112083297038
Kepler-875 b,Kepler-875,2.9,1.0885619528146082,0.0,569.0,0.1770999999999999,5958.0,1.06,3.39,0.3681718644451758
Kepler-876 b,Kepler-876,1.43,1.7817091333745536,0.0,923.0,0.0548999999999999,5060.0,0.81,5.25,0.4435210678423915
Kepler-877 b,Kepler-877,2.12,1.3762440252663892,0.0,632.0,0.1301,5261.0,0.8500000000000001,4.57,0.4249593367201163
Kepler-878 b,Kepler-878,1.93,1.4701758451005928,0.0,501.0,0.165,5044.0,0.81,4.57,0.47174270303673854
Kepler-879 b,Kepler-879,2.57,1.1969481893889715,0.0,580.0,0.2012,5792.0,1.02,4.27,0.3916178928350906
Kepler-88 d,KOI-142,13.1,1.2119409739751128,0.41,245.792,2.466329866,5466.0,0.99,1.6,0.3872725335122389
Kepler-880 b,Kepler-880,2.66,1.1662709371419244,0.0,1622.0,0.0915,6761.0,1.46,1.66,0.25918232360331706
Kepler-880 c,Kepler-880,2.87,1.0986122886681096,0.0,1407.0,0.1216,6900.0,1.714,1.41,0.24195140603637832
Kepler-881 b,Kepler-881,1.78,1.551808799597464,0.0,1217.0,0.0552,5961.0,1.06,3.8,0.37446639087361083
Kepler-882 b,Kepler-882,1.23,1.94876321803772,0.0,903.0,0.04741,5476.0,0.9,4.57,0.45767798425342465
Kepler-883 b,Kepler-883,1.78,1.551808799597464,0.0,818.0,0.10288,6116.0,1.06,3.02,0.415157530323806
Kepler-884 b,Kepler-884,1.23,1.94876321803772,0.0,964.0,0.06116,5715.0,1.0,2.45,0.4520876853179219
Kepler-885 b,Kepler-885,2.5,1.2208299213923592,0.0,830.0,0.14403,6187.0,1.21,3.16,0.33405409704347216
Kepler-886 b,Kepler-886,1.52,1.717395053939193,0.0,1111.0,0.06428,6098.0,1.1,3.39,0.41187424753766305
Kepler-887 b,Kepler-887,1.84,1.5173226235262949,0.0,785.0,0.15431,6194.0,1.19,3.09,0.4143112136737554
Kepler-887 c,Kepler-887,1.13,1.9095425048844383,0.0,1089.0,0.0801,6194.0,1.19,3.09,0.4300540717807888
Kepler-888 b,Kepler-888,1.76,1.5644405465033646,0.0,417.0,0.3148099999999999,5875.0,0.97,1.48,0.5203390032986599
Kepler-889 b,Kepler-889,1.09,1.88706964903238,0.0,1328.0,0.04975,5961.0,1.14,3.98,0.41844839369447534
Kepler-890 b,Kepler-890,8.89,0.3770656335864664,0.0,540.0,0.2943999999999999,5954.0,1.09,3.63,0.33789718073009756
Kepler-891 b,Kepler-891,6.41,0.5312163134137247,0.0,486.0,0.2880999999999999,5887.0,1.06,3.55,0.3423424035143843
Kepler-892 b,Kepler-892,2.81,1.118414915964289,0.0,556.0,0.1015,4747.0,0.75,5.01,0.385118620301162
Kepler-893 b,Kepler-893,3.03,1.0508216248317612,0.0,1034.0,0.0699,5820.0,1.0,3.8,0.2809010743101855
Kepler-894 b,Kepler-894,2.78,1.1249295969854831,0.0,896.0,0.0916,5603.0,0.87,4.27,0.31205996697770805
Kepler-895 b,Kepler-895,1.54,1.7047480922384253,0.0,771.0,0.0328,4315.0,0.65,2.63,0.44663658674566487
Kepler-896 b,Kepler-896,2.53,1.208960345836975,0.0,303.0,0.56378,5262.0,0.8400000000000001,5.01,0.53837928448121
Kepler-896 c,Kepler-896,3.15,1.0224509277025458,0.0,515.0,0.1792,5510.0,0.877,7.59,0.365323153316673
Kepler-897 b,Kepler-897,2.39,1.264126727145683,0.0,855.0,0.077,5839.0,1.03,4.37,0.33895700070800217
Kepler-898 b,Kepler-898,1.49,1.7404661748405044,0.0,616.0,0.0545,4223.0,0.65,3.98,0.48744103172609154
Kepler-899 b,Kepler-899,2.68,1.1568811967920856,0.0,640.0,0.1392,5595.0,0.9300000000000002,4.07,0.36483379336537847
Kepler-9 b,Kepler-9,8.29,0.3506568716131693,0.0609,661.0,0.143,5774.0,1.022,2.0,0.2974301681180284
Kepler-9 c,Kepler-9,8.08,0.2700271372130601,0.06691,523.0,0.227,5774.0,1.022,2.0,0.33545606000003986
Kepler-9 d,Kepler-9,1.64,2.6773961980137675,0.0,2026.0,0.0273,5777.0,1.07,1.0,0.3891532748576415
Kepler-90 i,KOI-351,1.32,1.871802176901592,0.0,709.0,0.1201380843,6015.0,1.12,0.53,0.46079389859275593
Kepler-900 b,Kepler-900,2.08,1.396244691973059,0.0,716.0,0.0679,4836.0,0.78,4.57,0.4025737935992365
Kepler-901 b,Kepler-901,1.37,1.8309801823813363,0.0,704.0,0.0378,4184.0,0.5900000000000001,3.8,0.4789351071630839
Kepler-902 b,Kepler-902,2.54,1.205970806988609,0.0,556.0,0.223,5647.0,0.95,4.37,0.3990955493921002
Kepler-903 b,Kepler-903,2.01,1.430311246536665,0.0,842.0,0.09081,5682.0,0.98,4.79,0.38377653225966696
Kepler-903 c,Kepler-903,2.53,1.208960345836975,0.0,462.0,0.30249,5682.0,0.98,4.79,0.4151740076983998
Kepler-904 b,Kepler-904,1.77,1.55814461804655,0.0,1332.0,0.0417,6160.0,1.16,3.02,0.36906265265700794
Kepler-905 b,Kepler-905,1.41,1.7984040119467235,0.0,928.0,0.05689,5461.0,0.95,1.66,0.43915501499550547
Kepler-906 b,Kepler-906,2.11,1.3812818192963463,0.0,537.0,0.2236299999999999,6035.0,1.06,1.86,0.439853181418604
Kepler-907 b,Kepler-907,1.2,1.9387416595767009,0.0,879.0,0.1225,6106.0,1.08,5.37,0.4589409331105206
Kepler-908 b,Kepler-908,1.22,1.9444805562457188,0.0,1783.0,0.02526,5973.0,1.11,3.02,0.41754939489741205
Kepler-909 b,Kepler-909,1.47,1.752672080520008,0.0,852.0,0.11873,6154.0,1.17,2.88,0.44797369006156196
Kepler-910 b,Kepler-910,0.82,1.749199854809259,0.0,1752.0,0.03752,6230.0,1.26,3.39,0.3811897586587392
Kepler-911 b,Kepler-911,2.6,1.184789984909162,0.0,931.0,0.15594,6112.0,1.34,3.55,0.3107710972861819
Kepler-912 b,Kepler-912,2.8,1.1216775615991057,0.0,1218.0,0.0339,5998.0,1.07,3.16,0.27237710321063935
Kepler-913 b,Kepler-913,2.06,1.4060969884160703,0.0,1129.0,0.1009,4687.0,0.63,5.62,0.35079835161608686
Kepler-913 c,Kepler-913,3.8580709,0.8586616190375187,0.0,1357.0,0.0699,6068.0,1.294,5.62,0.25289140563987594
Kepler-914 b,Kepler-914,1.38,1.8229350866965048,0.0,1192.0,0.05454,5877.0,1.1,3.98,0.42247866601038836
Kepler-915 b,Kepler-915,1.5,1.7334238922150915,0.0,1319.0,0.05655,6173.0,1.21,3.39,0.40161295145960096
Kepler-916 b,Kepler-916,1.76,1.5644405465033646,0.0,503.0,0.1885,5248.0,0.8500000000000001,4.79,0.5045679741476151
Kepler-917 b,Kepler-917,1.91,1.4816045409242156,0.0,991.0,0.0378,5418.0,0.8,4.17,0.37284901832951006
Kepler-918 b,Kepler-918,1.74,1.5769147207285403,0.0,1052.0,0.0569,6028.0,1.11,3.24,0.3903554409052833
Kepler-919 b,Kepler-919,2.25,1.3190856114264409,0.0,869.0,0.0981,6113.0,1.15,3.02,0.35107751694435685
Kepler-92 b,Kepler-92,3.51,1.1307796597436837,0.17,975.0,0.12232,5883.0,1.21,3.98,0.2578595833396328
Kepler-92 c,Kepler-92,2.6,1.7486997297675768,0.04,781.0,0.19054,5883.0,1.21,3.98,0.37611690788603847
Kepler-92 d,Kepler-92,2.067,2.135097487101402,0.07,637.0,0.28682,5904.34,1.07,3.98,0.45455247950509603
Kepler-920 b,Kepler-920,2.42,1.252762968495368,0.0,907.0,0.065,5403.0,0.89,4.37,0.33237804306343677
Kepler-920 c,Kepler-920,3.8,0.8671004876833832,0.0,364.0,0.4029,5403.0,0.89,4.37,0.45836953343957587
Kepler-921 b,Kepler-921,2.87,1.0986122886681096,0.0,492.0,0.2716,5663.0,0.9300000000000002,4.27,0.4059873177982324
Kepler-922 b,Kepler-922,1.42,1.790091412127358,0.0,1876.0,0.01795,5671.0,0.95,4.37,0.4091386016279623
Kepler-923 b,Kepler-923,1.38,1.8229350866965048,0.0,1104.0,0.07592,5988.0,1.11,4.68,0.4278034265280062
Kepler-924 b,Kepler-924,3.07,1.0402767116551463,0.0,610.0,0.31318,6167.0,1.14,3.09,0.36317832748951767
Kepler-925 b,Kepler-925,2.34,1.2837077723447896,0.0,394.0,0.1805,4673.0,0.77,2.57,0.47631828368505913
Kepler-926 b,Kepler-926,2.31,1.2947271675944,0.0,524.0,0.2739,5806.0,1.01,4.37,0.4286928589960659
Kepler-927 b,Kepler-927,1.72,1.589235205116581,0.0,906.0,0.0866,5743.0,0.99,4.37,0.41494688019224074
Kepler-928 b,Kepler-928,1.59,1.6695918352538477,0.0,894.0,0.0444,4700.0,0.73,4.37,0.4282052724368468
Kepler-929 b,Kepler-929,1.11,1.8976198599275325,0.0,2362.0,0.01982,5869.0,1.01,3.47,0.4146350566349234
Kepler-93 b,Kepler-93,1.478,2.189416394888408,0.0,1133.0,0.05343,5669.0,0.911,6.6,0.4318553680592318
Kepler-93 c,Kepler-93,2.839553935,1.269760544863939,0.1072999999999999,589.1899999999999,0.102,5669.0,0.91,5.05,0.35424117308900704
Kepler-930 b,Kepler-930,2.13,1.3737155789130306,0.0,561.0,0.34593,6335.0,1.25,2.34,0.4369174906134725
Kepler-931 b,Kepler-931,1.33,1.8625285401162623,0.0,744.0,0.0719,5241.0,0.86,4.68,0.48659047119426824
Kepler-932 b,Kepler-932,1.37,1.8309801823813363,0.0,1276.0,0.02876,5331.0,0.87,4.68,0.42134554042363387
Kepler-933 b,Kepler-933,2.46,1.235471471385307,0.0,602.0,0.1041,5346.0,0.87,4.68,0.38770961371231183
Kepler-934 b,Kepler-934,2.09,1.3912819026309298,0.0,384.0,0.2658,5001.0,0.81,4.47,0.5258672186943534
Kepler-935 b,Kepler-935,1.35,1.8468787684491343,0.0,879.0,0.0527,4830.0,0.78,3.8,0.4595100757044048
Kepler-936 b,Kepler-936,1.45,1.769854633840005,0.0,867.0,0.0953999999999999,5482.0,0.9200000000000002,4.57,0.45560024196766286
Kepler-937 b,Kepler-937,3.72,0.8878912573524571,0.0,495.0,0.3214,6095.0,1.15,3.24,0.3754097270564389
Kepler-937 c,Kepler-937,2.67,1.1631508098056809,0.0,377.0,0.5545,6095.0,1.15,3.24,0.4558884879442881
Kepler-938 b,Kepler-938,2.22,1.332366019094335,0.0,544.0,0.2689,5533.0,0.9200000000000002,4.27,0.45617600797466407
Kepler-939 b,Kepler-939,1.75,1.5686159179138452,0.0,692.0,0.1153,5471.0,0.8800000000000001,4.47,0.4445562824976117
Kepler-94 b,Kepler-94,3.51,0.8960880245566356,0.0,997.0,0.03377,4781.0,0.81,1.41,0.2581291549184959
Kepler-94 c,Kepler-94,12.5,2.281361456542419,0.345931,424.9,1.596806621,4781.0,0.81,1.41,0.2487464866600284
Kepler-940 b,Kepler-940,3.34,0.9707789171582246,0.0,486.0,0.3058999999999999,5769.0,0.97,3.63,0.40300911760794605
Kepler-941 b,Kepler-941,3.08,1.0367368849500225,0.0,722.0,0.1311,5539.0,0.89,4.07,0.33732177224575466
Kepler-942 b,Kepler-942,2.13,1.3737155789130306,0.0,379.0,0.22737,4861.0,0.81,4.17,0.5159302901643489
Kepler-943 b,Kepler-943,5.93,0.5749265491725143,0.0,455.0,0.2559,5612.0,0.9300000000000002,4.27,0.3526375833403025
Kepler-944 b,Kepler-944,2.63,1.175573329804238,0.0,459.0,0.2288,5409.0,0.86,4.47,0.4178007986058595
Kepler-945 b,Kepler-945,2.63,1.175573329804238,0.0,616.0,0.2037,5718.0,0.97,4.47,0.38187123554624464
Kepler-946 b,Kepler-946,1.93,1.4701758451005928,0.0,857.0,0.1002,5665.0,0.94,4.17,0.39433351963043395
Kepler-947 b,Kepler-947,2.28,1.308332819650179,0.0,573.0,0.1773,5508.0,0.9,4.27,0.41256685847734065
Kepler-948 b,Kepler-948,1.85,1.5129270120532563,0.0,841.0,0.0749,5679.0,0.96,4.17,0.40684732269028645
Kepler-949 b,Kepler-949,2.91,1.085189268335969,0.0,782.0,0.07739,5403.0,0.89,4.57,0.3270460516005713
Kepler-949 c,Kepler-949,2.97,1.068153081183401,0.0,582.0,0.1394,5211.0,0.817,1.74,0.3717114228187215
Kepler-95 b,Kepler-95,3.42,0.9969486348916092,0.0,927.0,0.10232,5699.0,1.08,5.63,0.2876819014489312
Kepler-950 b,Kepler-950,8.98,0.3729419164026042,0.0,360.0,0.3982,5857.0,1.02,3.8,0.37344016866258684
Kepler-951 b,Kepler-951,5.59,0.6097655716208943,0.0,340.0,0.3091,4834.0,0.77,4.27,0.5118813408906494
Kepler-952 b,Kepler-952,7.65,0.4427608928518613,0.0,369.0,0.5183,5730.0,1.0,4.27,0.42258022506435544
Kepler-953 b,Kepler-953,4.21,0.7975071958841881,0.0,410.0,0.392,5416.0,0.95,8.71,0.43144852175539755
Kepler-953 c,Kepler-953,1.19,1.9315214116032136,0.0,873.0,0.0862,5416.0,0.95,8.71,0.46016743601983817
Kepler-954 b,Kepler-954,2.32,1.2919836816486496,0.0,545.0,0.1202,4990.0,0.8200000000000001,3.39,0.4241341666412901
Kepler-955 b,Kepler-955,3.13,1.0224509277025458,0.0,664.0,0.1083,5350.0,0.89,4.37,0.34768532070723696
Kepler-956 b,Kepler-956,3.0,1.0612565021243408,0.0,1056.0,0.06017,6040.0,1.1,3.47,0.2775389416573154
Kepler-957 b,Kepler-957,5.5,0.6178846960593984,0.0,769.0,0.0559,4963.0,0.81,2.75,0.28961922056622436
Kepler-958 b,Kepler-958,2.06,1.4060969884160703,0.0,749.0,0.08631,5421.0,0.91,4.37,0.40040558206358773
Kepler-959 b,Kepler-959,4.38,0.7654678421395714,0.0,1912.0,0.1633,7005.0,1.6000000000000003,1.35,0.21547147378622686
Kepler-96 b,Kepler-96,2.67,1.181727195378616,0.0,711.0,0.1261,5690.0,1.0,2.34,0.35336099290957806
Kepler-960 b,Kepler-960,2.29,1.3029127521808397,0.0,1391.0,0.03807,4755.0,0.77,3.63,0.30898402777389194
Kepler-961 b,Kepler-961,2.55,1.2029723039923526,0.0,642.0,0.12585,5582.0,0.96,2.82,0.3766701403582278
Kepler-962 b,Kepler-962,1.97,1.449269160281279,0.0,689.0,0.09874,5478.0,0.9300000000000002,2.4,0.42439016801038026
Kepler-963 b,Kepler-963,2.66,1.1662709371419244,0.0,802.0,0.0849,5461.0,0.91,4.07,0.33393958984513983
Kepler-963 c,Kepler-963,0.6,1.603419840108537,0.0669999999999999,1595.0,0.102,5169.47,0.821,13.2,0.3174186013603161
Kepler-964 b,Kepler-964,2.12,1.3762440252663892,0.0,652.0,0.1073,5427.0,0.9300000000000002,1.91,0.4138109792552234
Kepler-965 b,Kepler-965,3.38,0.9631743177730056,0.0,393.0,0.50998,5886.0,1.05,5.5,0.4398845706293101
Kepler-966 b,Kepler-966,4.13,0.8109302162163288,0.0,391.0,0.3906999999999999,5840.0,1.02,4.07,0.40021613098839964
Kepler-967 b,Kepler-967,2.35,1.2781522025001877,0.0,638.0,0.1027,5178.0,0.8400000000000001,5.89,0.4057792662463902
Kepler-967 c,Kepler-967,3.65,0.9001613499442714,0.0,258.0,0.6253,5178.0,0.8400000000000001,5.89,0.8174393699367966
Kepler-968 b,Kepler-968,2.0,1.4350845252893227,0.0,745.0,0.0389,4598.0,0.76,2.14,0.3988238426152951
Kepler-968 c,Kepler-968,1.69,1.6054298910365616,0.0,644.0,0.052,4598.0,0.76,2.14,0.46066046409733447
Kepler-969 b,Kepler-969,2.07,1.4011829736136412,0.0,465.0,0.19726,5214.0,0.9200000000000002,1.51,0.4712392347990837
Kepler-969 c,Kepler-969,0.99,1.8421356765531216,0.0,1270.0,0.0265,5214.0,0.9200000000000002,1.51,0.40367492320953596
Kepler-97 b,Kepler-97,1.48,1.8625285401162623,0.0,1328.0,0.03563,5779.0,0.94,8.42,0.4171251682381165
Kepler-97 c,Kepler-97,2.839553935,1.269760544863939,0.197,466.55,0.102,5779.0,0.94,8.42,0.35702440027110227
Kepler-970 b,Kepler-970,2.609,1.181727195378616,0.34,464.0,0.139,4290.0,0.67,0.105,0.3386482749350112
Kepler-971 b,Kepler-971,2.13,1.3737155789130306,0.0,1087.0,0.08679,5431.0,0.8800000000000001,4.47,0.3485533284754815
Kepler-972 b,Kepler-972,4.65,0.7275486072772778,0.0,1060.0,0.0734,6146.0,1.15,2.82,0.2545380716605691
Kepler-973 b,Kepler-973,1.96,1.4539530095937054,0.0,402.0,0.2489,5213.0,0.86,2.29,0.5166609851170936
Kepler-974 b,Kepler-974,1.57,1.6845453849209058,0.0,577.0,0.0419,3687.0,0.52,4.37,0.48437367472316384
Kepler-975 b,Kepler-975,1.48,1.7457155307266483,0.0,1599.0,0.02898,4897.0,0.8,3.89,0.40315760179541366
Kepler-975 c,Kepler-975,10.69,0.308219723669329,0.0,1168.0,0.0567,4883.0,0.9509999999999998,13.9,0.19535381635912108
Kepler-976 b,Kepler-976,3.96,0.8415671856782186,0.0,324.0,0.4217000000000001,5232.0,0.87,4.68,0.5571194604540517
Kepler-977 b,Kepler-977,2.62,1.1786549963416462,0.0,544.0,0.162,5315.0,0.87,4.57,0.4105385014978593
Kepler-978 b,Kepler-978,2.99,1.0647107369924282,0.0,546.0,0.2726,6002.0,1.07,3.63,0.381246211469044
Kepler-979 b,Kepler-979,2.72,1.144222799920162,0.0,792.0,0.0753,5310.0,0.87,4.57,0.3315407777828262
Kepler-98 b,Kepler-98,1.99,1.1568811967920856,0.0,1592.0,0.02614,5539.0,0.99,2.79,0.32266886818106383
Kepler-980 b,Kepler-980,2.67,1.1631508098056809,0.0,845.0,0.09993,5935.0,1.05,3.55,0.320616120031256
Kepler-981 b,Kepler-981,2.31,1.2947271675944,0.0,1103.0,0.0535,5718.0,0.98,4.07,0.32008684385538405
Kepler-982 b,Kepler-982,2.25,1.3190856114264409,0.0,955.0,0.1277,6139.0,1.16,3.55,0.33826811117620903
Kepler-983 b,Kepler-983,2.36,1.275362800412609,0.0,485.0,0.3148,6052.0,1.13,1.41,0.42391778345711073
Kepler-984 b,Kepler-984,2.12,1.3762440252663892,0.0,484.0,0.23688,5610.0,0.96,3.98,0.46453709526018033
Kepler-985 b,Kepler-985,2.98,1.0647107369924282,0.0,323.0,0.44664,5434.0,0.91,3.39,0.5684380182346371
Kepler-986 b,Kepler-986,2.36,1.275362800412609,0.0,465.0,0.29131,5642.0,0.96,6.17,0.44978429736813064
Kepler-987 b,Kepler-987,3.26,0.9932517730102834,0.0,351.0,0.4238,5637.0,0.97,2.45,0.46818019241633374
Kepler-988 b,Kepler-988,2.07,1.4011829736136412,0.0,368.0,0.1085,4005.0,0.55,3.16,0.4896391679857277
Kepler-989 b,Kepler-989,2.21,1.3376291891386096,0.0,805.0,0.0734,5074.0,0.8200000000000001,4.68,0.3718110556622491
Kepler-99 b,Kepler-99,1.48,2.476538400117484,0.0,810.0,0.05071,4782.0,0.79,1.47,0.4579283715007048
Kepler-990 b,Kepler-990,2.6,1.184789984909162,0.0,903.0,0.08595,5948.0,1.05,3.55,0.31832286487111777
Kepler-990 c,Kepler-990,1.53,1.7119945007591926,0.0,2386.0,0.01232,5948.0,1.05,3.55,0.3949604352601741
Kepler-991 b,Kepler-991,2.54,1.205970806988609,0.0,260.0,0.3104,4392.0,0.64,3.47,0.7303677854764418
Kepler-992 b,Kepler-992,1.62,1.6505798557652755,0.0,510.0,0.13372,4944.0,0.8,3.02,0.5182454719553332
Kepler-993 b,Kepler-993,2.97,1.068153081183401,0.0,352.0,0.13,3843.0,0.57,3.89,0.4685207847921146
Kepler-994 b,Kepler-994,1.6,1.66392609771817,0.0,957.0,0.0177,3934.0,0.56,3.24,0.40350350381948125
Kepler-995 b,Kepler-995,2.7,1.1505720275988207,0.0,517.0,0.1701,5206.0,0.83,5.01,0.40872553080019386
Kepler-996 b,Kepler-996,1.98,1.4445632692438664,0.0,1272.0,0.0474,6014.0,1.09,3.63,0.3454745117542589
Kepler-997 b,Kepler-997,1.36,1.8389610707123487,0.0,1709.0,0.04022,6150.0,1.22,3.63,0.4126466471233476
Kepler-998 b,Kepler-998,2.32,1.2919836816486496,0.0,1020.0,0.0626,6058.0,1.12,3.31,0.32292127262287
Kepler-999 b,Kepler-999,2.34,1.2837077723447896,0.0,1355.0,0.06918,6237.0,1.29,3.09,0.3005987882351291
L 168-9 b,L 168-9,1.63,1.8213182714696,0.0,998.0,0.0208,3842.0,0.614,4.6765,0.4133352400439962
L 363-38 b,L 363-38,2.0,1.43746264769429,0.0923,330.0,0.048,3129.0,0.21,8.07,0.5244192214099989
L 98-59 b,L 98-59,0.837,1.667706820558076,0.031,620.0,0.0223,3415.0,0.2923,4.94,0.45266415624687456
L 98-59 c,L 98-59,1.329,1.7404661748405044,0.002,526.0,0.0309,3415.0,0.2923,4.94,0.5161148346092136
L 98-59 d,L 98-59,1.627,1.1631508098056809,0.006,416.0,0.0494,3415.0,0.2923,4.94,0.51656769927704
L 98-59 e,L 98-59,1.49,1.824549292051045,0.012,347.0,0.0712,3415.0,0.2923,4.94,0.6564824905288412
L 98-59 f,L 98-59,1.48,1.791759469228055,0.044,285.0,0.1052,3415.0,0.2923,4.94,0.8684163823270498
LHS 1140 b,LHS 1140,1.73,1.9315214116032136,0.043,226.0,0.0946,3096.0,0.1844,5.0,0.9007345676775498
LHS 1140 c,LHS 1140,1.272,1.8082887711792648,0.05,422.0,0.027,3096.0,0.1844,5.0,0.5636269234435958
LHS 1478 b,LHS 1478,1.242,2.0373166153791646,0.013026,595.0,0.01848,3381.0,0.236,3.918,0.5043238352939313
LHS 1678 b,LHS 1678,0.685,1.9459101490553128,0.033,830.44,0.01239,3490.0,0.345,7.0,0.41107917687760026
LHS 1678 c,LHS 1678,0.941,2.451005098112319,0.039,510.9,0.0327,3490.0,0.345,7.0,0.513425294110506
LHS 1678 d,LHS 1678,0.981,1.837369980480108,0.036,462.95,0.04,3490.0,0.345,7.0,0.532444443330985
LHS 1815 b,LHS 1815,1.088,2.0412203288596382,0.0,617.0,0.0404,3643.0,0.502,5.589,0.4993468470631635
LHS 1903 b,LHS 1903,1.382,2.05668455455722,0.015,796.0,0.02656,3664.0,0.538,7.08,0.4564828373886339
LHS 1903 c,LHS 1903,2.046,1.3635373739972745,0.089,559.0,0.05387,3664.0,0.538,7.08,0.416252807053152
LHS 1903 d,LHS 1903,2.5,1.128171090909654,0.112,442.0,0.08604,3664.0,0.538,7.08,0.4152192532544548
LHS 1903 e,LHS 1903,1.732,1.9600947840472696,0.014,333.0,0.15135,3664.0,0.538,7.08,0.6973737340799109
LHS 3844 b,LHS 3844,1.303,1.885553348514416,0.007866,805.0,0.00622,3036.0,0.151,4.009,0.448163153921253
LHS 475 b,LHS 475,0.991,1.8421356765531216,0.0,586.0,0.02037,3300.0,0.262,4.284999999999999,0.49502608951006843
LP 714-47 b,LP 714-47,4.7,0.9932517730102834,0.04,700.0,0.0417,3950.0,0.5900000000000001,4.11861,0.30590868910575525
LP 791-18 b,LP 791-18,1.212,1.9444805562457188,0.0,564.3,0.00978,2960.0,0.139,0.5,0.4744058460777607
LP 791-18 c,LP 791-18,2.488,1.269760544863939,0.0001,324.4,0.02961,2960.0,0.139,0.5,0.5350365767091665
LP 791-18 d,LP 791-18,1.032,1.715598108262491,0.0011,395.5,0.01992,2960.0,0.139,0.5,0.5212557126229302
LSPM J2116+0234 b,LSPM J2116+0234,3.71,0.8878912573524571,0.183,369.26,0.0876,3475.0,0.4299999999999999,2.0,0.4461568439399384
LTT 1445 A b,LTT 1445 A,1.34,1.9740810260220096,0.18,431.0,0.0381,3562.0,0.257,6.112,0.5454836182804328
LTT 1445 A c,LTT 1445 A,1.147,1.8825138324965192,0.223,508.0,0.02661,3340.0,0.257,3.317,0.495048961150088
LTT 3780 b,LTT 3780,1.325,1.916922612182061,0.0,903.0,0.01195,3358.0,0.381,3.1,0.435637449175396
LTT 3780 c,LTT 3780,2.39,1.4445632692438664,0.024,359.0,0.0757,3358.0,0.381,3.1,0.5227907324828888
LTT 9779 b,LTT 9779,4.72,0.9305880365749796,0.0,1978.0,0.01679,5443.0,1.02,2.0,0.24503587819712547
Lupus-TR-3 b,Lupus-TR-3,9.976,0.8754687373538999,0.0,1076.6,0.0464,5000.0,0.87,3.8456,0.26404269198561475
M62H b,M62H,2.839553935,1.269760544863939,0.1217999999999999,1466.0,0.102,5549.0,1.4,4.589499999999999,0.26480003605281044
MASCARA-4 b,MASCARA-4,16.98160576,0.3927175352856617,0.0,2250.0,0.0474,7800.0,1.75,0.8,0.1654546368494726
MOA-2008-BLG-310L b,MOA-2008-BLG-310L,5.18,0.6549259677397475,0.29916,636.766,1.1,5549.0,0.21,6.677000000000001,0.5894874379589815
MOA-2008-BLG-379L b,MOA-2008-BLG-379L,13.0,1.4469189829363254,0.491373,55.9,2.7000000000000006,5549.0,0.56,6.938,0.25135954608474614
MOA-2009-BLG-266L b,MOA-2009-BLG-266L,3.21,1.0043016091968684,0.1296,61.4,3.2000000000000006,5549.0,0.56,7.903,0.3222423975578101
MOA-2009-BLG-319L b,MOA-2009-BLG-319L,9.64,0.3457151037023904,0.2223,530.4,2.03,5549.0,0.524,5.2363,0.34826497508751064
MOA-2009-BLG-387L b,MOA-2009-BLG-387L,13.2,1.091923300517313,0.2847,69.39,1.8000000000000005,5549.0,0.19,5.822,0.4364071748359486
MOA-2010-BLG-073L b,MOA-2010-BLG-073L,12.4,2.4069451083182885,0.3965679,647.5,1.21,5549.0,0.16,5.776000000000001,0.5723844583354937
MOA-2010-BLG-117L b,MOA-2010-BLG-117L,14.2,0.2821668917636707,0.34987,658.866,2.4200000000000004,5549.0,0.58,3.9403,0.24141900030713656
MOA-2010-BLG-328L b,MOA-2010-BLG-328L,2.99,1.0612565021243408,0.1045,414.94,0.9200000000000002,5549.0,0.11,7.244,0.6344791113439046
MOA-2010-BLG-353L b,MOA-2010-BLG-353L,11.1,0.297137231222536,0.1445479999999999,375.87,1.72,5549.0,0.18,6.4047,0.4955943972471422
MOA-2010-BLG-477L b,MOA-2010-BLG-477L,13.6,0.7178397931503169,0.29946,664.366,2.0,5950.0,0.67,2.3111,0.3217667858311402
MOA-2011-BLG-028L b,MOA-2011-BLG-028L,5.99,0.5692831933375594,0.157,700.51,4.14,5549.0,0.75,8.201699999999999,0.24468603957878537
MOA-2011-BLG-262L b,MOA-2011-BLG-262L,4.29,0.7793248768009976,0.2319,443.29,0.95,5549.0,0.11,6.953,0.6038728769437773
MOA-2011-BLG-291L b,MOA-2011-BLG-291L,4.43,0.76080582903376,0.3353,545.484,0.69,5549.0,0.15,6.234,0.4727572515380757
MOA-2011-BLG-293L b,MOA-2011-BLG-293L,12.9,1.5769147207285403,0.26143,589.4110000000001,1.1,5549.0,0.86,8.086,0.5897655572151426
MOA-2011-BLG-322L b,MOA-2011-BLG-322L,12.4,2.451005098112319,0.4346279,665.92,4.3,5549.0,0.39,5.569000000000001,0.21565208211742615
MOA-2012-BLG-505L b,MOA-2012-BLG-505L,2.48,1.2267122912954256,0.0893,362.28,0.9,5549.0,0.1,7.337999999999999,0.663352743138669
MOA-2013-BLG-220L b,MOA-2013-BLG-220L,13.2,1.1249295969854831,0.3702499999999999,639.566,3.03,5549.0,0.8800000000000001,7.1240000000000006,0.2267783924376241
MOA-2016-BLG-227L b,MOA-2016-BLG-227L,13.2,1.1410330045520618,0.4865,662.33,1.3899999999999997,5549.0,0.2899999999999999,5.953,0.5372544252724392
MOA-2016-BLG-319L b,MOA-2016-BLG-319L,14.1,0.3307415619122279,0.37271,585.46,0.95,5549.0,0.15,4.186,0.5443757942697154
MOA-2016-BLG-526L b,MOA-2016-BLG-526L,3.97,0.8372475245337022,0.1626,329.92,2.07,5549.0,0.37,7.9017,0.4317547506511012
MOA-2020-BLG-135L b,MOA-2020-BLG-135L,3.37,0.9631743177730056,0.0968,440.205,1.11,5549.0,0.23,7.231,0.6696121301468083
MOA-2020-BLG-208L b,MOA-2020-BLG-208L,7.71,0.439544421761027,0.2719999999999999,545.392,2.74,5549.0,0.4299999999999999,6.2163,0.2572762976221583
MOA-2022-BLG-033L b,MOA-2022-BLG-033L,3.52,0.9282193027394288,0.1347,443.3440000000001,2.1500000000000004,5549.0,0.51,8.281,0.3700732717710928
MOA-2022-BLG-091L b,MOA-2022-BLG-091L,13.0,1.3480731482996928,0.3045,663.01,3.44,5549.0,0.75,6.5483,0.22867869914185227
MOA-2022-BLG-249L b,MOA-2022-BLG-249L,2.04,1.4182774069729414,0.1456,320.38,1.63,5549.0,0.18,7.845000000000001,0.7074947222512853
MOA-2022-BLG-563L b,MOA-2022-BLG-563L,14.0,0.2271355725837472,0.34527,670.11,2.1500000000000004,5549.0,0.48,3.8443,0.27834123045476633
NGC 2682 Sand 1429 b,NGC 2682 Sand 1429,13.4,0.8372475245337022,0.0,683.0,0.384,6000.0,1.26,4.3,0.3051502971635876
NGC 2682 YBP 1194 b,NGC 2682 YBP 1194,12.3,0.262364264467491,0.3,1044.302,0.102,5780.0,1.01,4.15,0.20085560976225103
NGC 2682 YBP 1514 b,NGC 2682 YBP 1514,14.0,0.2271355725837472,0.28,1213.6,0.102,5725.0,0.96,4.15,0.19267108919477663
NGC 2682 YBP 401 b,NGC 2682 YBP 401,14.3,0.2429461786103894,0.15,1281.176,0.102,6165.0,1.14,3.560999999999999,0.20038717977045434
NGTS-1 b,NGTS-1,14.90797,0.3506568716131693,0.016,790.0,0.0326,3916.0,0.617,6.910000000000001,0.2621060402694267
NGTS-10 b,NGTS-10,13.506845,0.8878912573524571,0.0,1332.0,0.0143,4600.0,0.6959999999999998,10.4,0.20221789637389465
NGTS-11 b,NGTS-11,9.157753,0.5766133643039938,0.13,435.0,0.201,5050.0,0.862,3.9,0.35283599089230794
NGTS-12 b,NGTS-12,11.747032,0.2013068567050353,0.0,1257.0,0.0757,5690.0,1.021,9.4,0.218902611223782
NGTS-13 b,NGTS-13,12.800678,1.6134299337036375,0.086,1605.0,0.0548999999999999,5819.0,1.3,4.23,0.20483439880808796
NGTS-14 A b,NGTS-14 A,4.976796,0.8733832308628786,0.0,1143.0,0.0403,5187.0,0.8980000000000001,5.9,0.2540287558833298
NGTS-15 b,NGTS-15,12.32987877,0.5538851132264376,0.0,1146.0,0.0441,5600.0,0.995,3.28,0.23324337227592684
NGTS-16 b,NGTS-16,14.57167491,0.3220834991691133,0.0,1177.0,0.0523,5550.0,1.002,10.29,0.21606520099668777
NGTS-17 b,NGTS-17,13.89913607,0.4054651081081644,0.0,1457.0,0.0391,5650.0,1.025,9.22,0.21408581461496218
NGTS-18 b,NGTS-18,13.56286665,0.2468600779315258,0.0,1381.0,0.0448,5610.0,1.003,10.84,0.20468530246158118
NGTS-2 b,NGTS-2,17.878355,0.2037568375140196,0.0,1468.0,0.063,6478.0,1.6399999999999997,2.17,0.21332968581378714
NGTS-20 b,NGTS-20,11.99360935,1.3912819026309298,0.432,688.0,0.313,5980.0,1.4700000000000002,4.1,0.24441683553320015
NGTS-21 b,NGTS-21,14.90794433,0.8109302162163288,0.0,1357.0,0.0236,4660.0,0.7199999999999999,10.02,0.2059409960562863
NGTS-23 b,NGTS-23,14.20177855,0.3177261938001576,0.0,1327.0,0.0504,6057.0,1.01,6.39,0.22246342203652097
NGTS-24 b,NGTS-24,13.60770257,0.3074846997479606,0.0,1499.0,0.0479,5820.0,1.26,4.77,0.22105514048981434
NGTS-25 b,NGTS-25,11.46678726,0.5538851132264376,0.0,1101.0,0.0388,5321.0,0.91,3.49,0.2365021557465417
NGTS-26 b,NGTS-26,14.88552637,0.1423672412869219,0.0,1331.0,0.049,5550.0,0.96,11.5,0.2023765146292119
NGTS-27 b,NGTS-27,15.64773706,0.2358623237219844,0.0,1783.0,0.0446,5700.0,1.07,7.9,0.22032958704261266
NGTS-3 A b,NGTS-3 A,16.58932,0.2700271372130601,0.05486,1434.44,0.023,5600.0,1.017,3.3201,0.21196095067088871
NGTS-30 b,NGTS-30,10.40193409,0.9122827104766162,0.294,500.0,0.408,5455.0,0.94,1.1,0.3567542830235237
NGTS-31 b,NGTS-31,18.04645893,0.262364264467491,0.0,1410.0,0.064,5710.0,0.96,9.97,0.21028859088220386
NGTS-32 b,NGTS-32,15.91675259,0.2151113796169455,0.0,1750.0,0.044,5680.0,1.07,8.03,0.22030935863146606
NGTS-33 b,NGTS-33,18.38272835,0.173953307123438,0.0,1991.0,0.048,7437.0,1.6000000000000003,0.03,0.15714058084612326
NGTS-34 b,NGTS-34,3.65,1.1505720275988207,0.0891,624.0,0.257,6134.0,1.266,2.7,0.3386931956402922
NGTS-35 b,NGTS-35,10.9,0.4977403842173352,0.192,451.0,0.16,4717.0,0.7889999999999999,1.5,0.3286526830165426
NGTS-4 b,NGTS-4,3.18,1.4929040961781488,0.0,1650.0,0.019,5143.0,0.75,6.879,0.2854475026000115
NGTS-5 b,NGTS-5,12.733424,0.1773090149704103,0.0,952.0,0.0382,4987.0,0.661,4.909999999999999,0.2500524899915953
NGTS-6 b,NGTS-6,14.863134,0.5370779949100564,0.0,1283.9,0.01677,4730.0,0.7670000000000001,9.77,0.20921342625785114
NGTS-8 b,NGTS-8,12.21781,0.636576829071551,0.01,1345.0,0.035,5241.0,0.89,12.48,0.1930827203205696
NGTS-9 b,NGTS-9,11.99363,1.3686394258811698,0.06,1448.0,0.058,6330.0,1.34,0.96,0.18542361833324084
OGLE-2003-BLG-235L b,OGLE-2003-BLG-235L,13.2,1.091923300517313,0.3537099999999999,64.65,4.3,5549.0,0.63,6.2780000000000005,0.2608884164016758
OGLE-2005-BLG-071L b,OGLE-2005-BLG-071L,13.0,1.3862943611198906,0.455473,55.0,3.6000000000000005,5549.0,0.4600000000000001,6.938,0.2505078293467652
OGLE-2005-BLG-169L b,OGLE-2005-BLG-169L,3.84,0.8628899551470399,0.1288,347.6,3.5000000000000004,5549.0,0.69,9.070000000000002,0.32308455038812844
OGLE-2005-BLG-390L b,OGLE-2005-BLG-390L,2.21,1.33500106673234,0.2141,50.0,2.6000000000000005,5549.0,0.22,7.909999999999999,0.37489773675573496
OGLE-2006-BLG-109L b,OGLE-2006-BLG-109L,14.0,0.3804891220379872,0.1386121,82.0,2.3,5549.0,0.51,6.428400000000001,0.31908584335648116
OGLE-2006-BLG-109L c,OGLE-2006-BLG-109L,11.1,0.297137231222536,0.15,59.0,4.5,5549.0,0.51,6.2014000000000005,0.2849200827655235
OGLE-2006-BLG-284L A b,OGLE-2006-BLG-284L A,14.3,0.239803992207317,0.37571,652.72,2.17,5549.0,0.35,3.965,0.27450121476831324
OGLE-2007-BLG-349L AB c,OGLE-2007-BLG-349L A,10.7,0.3067491351690066,0.1873999999999999,67.4,2.59,5549.0,0.41,5.9277,0.2874388213437834
OGLE-2007-BLG-368L b,OGLE-2007-BLG-368L,4.72,0.7178397931503169,0.1914,608.4100000000001,2.8,5549.0,0.64,8.701699999999999,0.26695093164857187
OGLE-2008-BLG-355L b,OGLE-2008-BLG-355L,12.9,1.5769147207285403,0.28373,672.7900000000001,1.7000000000000002,5549.0,0.37,6.965999999999999,0.4389967394468524
OGLE-2011-BLG-0251L b,OGLE-2011-BLG-0251L,14.2,0.2821668917636707,0.2358,583.392,2.72,5549.0,0.26,3.928,0.25472539812408723
OGLE-2011-BLG-0265L b,OGLE-2011-BLG-0265L,13.9,0.4529846240761407,0.24566,61.42999999999999,1.89,5549.0,0.211,6.794999999999999,0.404531943420267
OGLE-2012-BLG-0026L b,OGLE-2012-BLG-0026L,7.72,0.4388998841944018,0.2394999999999999,664.792,4.0,5549.0,1.06,5.0,0.23634147124324062
OGLE-2012-BLG-0406L b,OGLE-2012-BLG-0406L,13.2,1.1216775615991057,0.4218,61.24,3.45,5549.0,0.44,6.7780000000000005,0.2541681613727674
OGLE-2012-BLG-0563L b,OGLE-2012-BLG-0563L,13.6,0.2326977641190214,0.188202,646.1,0.74,5549.0,0.3399999999999999,5.4647,0.47329911998640695
OGLE-2012-BLG-0724L b,OGLE-2012-BLG-0724L,14.3,0.2484213584984782,0.2592,652.72,1.6000000000000003,5549.0,0.2899999999999999,4.334,0.4880597453410053
OGLE-2012-BLG-0838L b,OGLE-2012-BLG-0838L,8.39,0.4014570867106256,0.2061,156.44000000000003,4.43,5549.0,0.4,6.892,0.2875840758179784
OGLE-2012-BLG-0950L b,OGLE-2012-BLG-0950L,6.56,0.5193888544264786,0.2693,571.6,2.6000000000000005,5549.0,0.57,6.3163,0.2589628431631366
OGLE-2013-BLG-0102L b,OGLE-2013-BLG-0102L,12.3,2.5726122302071057,0.4158200000000001,644.966,0.8,5549.0,0.096,4.0314000000000005,0.47367480750440394
OGLE-2013-BLG-0132L b,OGLE-2013-BLG-0132L,11.6,0.2806574575148164,0.2561,668.71,3.6000000000000005,5549.0,0.54,5.3763,0.23311770017663108
OGLE-2013-BLG-0341L B b,OGLE-2013-BLG-0341L B,1.16,1.922787731634459,0.1731999999999999,467.7,0.702,5549.0,0.1127,8.145500000000002,0.687170892935245
OGLE-2013-BLG-0911L b,OGLE-2013-BLG-0911L,12.5,2.251291798606496,0.29722,666.466,0.39,5549.0,0.2899999999999999,4.566,0.3204100898144997
OGLE-2013-BLG-1721L b,OGLE-2013-BLG-1721L,14.1,0.3307415619122279,0.24166,175.17000000000002,2.6000000000000005,5549.0,0.4600000000000001,4.519,0.31996907699721455
OGLE-2013-BLG-1761L b,OGLE-2013-BLG-1761L,13.2,1.11514159061932,0.4690600000000001,288.03,1.8000000000000005,5549.0,0.33,5.978,0.5362899307321289
OGLE-2014-BLG-0124L b,OGLE-2014-BLG-0124L,14.1,0.3400373027857091,0.31157,593.62,3.48,5549.0,0.9,6.497,0.24096881304030648
OGLE-2014-BLG-0221L b,OGLE-2014-BLG-0221L,12.9,1.5129270120532563,0.3515,669.4100000000001,3.76,5549.0,0.69,7.084299999999999,0.22257519395887979
OGLE-2014-BLG-0319L b,OGLE-2014-BLG-0319L,14.1,0.3038014543316642,0.37121,644.966,3.49,5549.0,0.52,4.2403,0.22530024139996646
OGLE-2014-BLG-0676L b,OGLE-2014-BLG-0676L,13.0,1.3686394258811698,0.3742,700.21,4.530000000000001,5549.0,0.73,7.024299999999999,0.2145735421023185
OGLE-2014-BLG-1722L b,OGLE-2014-BLG-1722L,8.59,0.3913661837286627,0.3207,633.721,1.5,5549.0,0.4,6.2973,0.523677855698448
OGLE-2014-BLG-1722L c,OGLE-2014-BLG-1722L,11.0,0.297137231222536,0.1589479999999999,585.6,1.7000000000000002,5549.0,0.4,6.3237000000000005,0.471455124223418
OGLE-2014-BLG-1760L b,OGLE-2014-BLG-1760L,14.2,0.2963940130538024,0.37011,633.2520000000001,1.75,5549.0,0.51,4.2403,0.4161251780184361
OGLE-2015-BLG-0051L b,OGLE-2015-BLG-0051L,14.0,0.3791211327685624,0.2635820000000001,668.71,0.73,5549.0,0.1,5.35,0.45513378584054215
OGLE-2015-BLG-0954L b,OGLE-2015-BLG-0954L,13.1,1.3056264580524355,0.388143,681.92,1.6000000000000003,5549.0,0.3,6.053,0.46899664249313794
OGLE-2015-BLG-0966L b,OGLE-2015-BLG-0966L,4.86,0.6981347220709844,0.2269,355.2,2.7000000000000006,5549.0,0.38,7.389,0.3037077365662567
OGLE-2015-BLG-1609L b,OGLE-2015-BLG-1609L,10.4,0.316998126785834,0.135482,700.047,0.102,5549.0,0.1699999999999999,6.4917,0.27335438464121786
OGLE-2015-BLG-1649L b,OGLE-2015-BLG-1649L,13.2,1.075002423028976,0.38461,192.48,2.07,5549.0,0.3399999999999999,5.978,0.4049739045587736
OGLE-2015-BLG-1670L b,OGLE-2015-BLG-1670L,4.42,0.76080582903376,0.254,611.61,2.62,5549.0,0.55,7.754300000000001,0.2697244501242877
OGLE-2016-BLG-1067L b,OGLE-2016-BLG-1067L,14.3,0.233489843368354,0.37571,652.72,1.7000000000000002,5549.0,0.3,3.965,0.43327187668445244
OGLE-2016-BLG-1093L b,OGLE-2016-BLG-1093L,14.0,0.3729419164026042,0.3487699999999999,627.4,2.13,5549.0,0.4600000000000001,5.6103,0.29049411335487263
OGLE-2016-BLG-1227L b,OGLE-2016-BLG-1227L,13.9,0.4134332777573413,0.24706,61.84,3.4000000000000004,5549.0,0.1,6.688999999999998,0.27225012532909976
OGLE-2016-BLG-1598L b,OGLE-2016-BLG-1598L,13.6,0.2342812957246657,0.24006,340.2,2.5,5549.0,0.55,4.471,0.31468914456180214
OGLE-2016-BLG-1800L b,OGLE-2016-BLG-1800L,13.2,1.0885619528146082,0.38811,60.83,1.88,5549.0,0.41,6.7780000000000005,0.3930386033724866
OGLE-2017-BLG-0173L b,OGLE-2017-BLG-0173L,1.62,1.6544112780768316,0.0935,292.98,3.913,5549.0,0.396,9.521,0.5629870984632225
OGLE-2017-BLG-0364L b,OGLE-2017-BLG-0364L,10.3,0.3228078744271551,0.1743,424.614,3.79,5549.0,0.49,6.0837,0.284800105186367
OGLE-2017-BLG-0373L b,OGLE-2017-BLG-0373L,14.0,0.2263384422107289,0.3515899999999999,670.11,2.4240000000000004,5549.0,0.248,4.148999999999999,0.23878838628606164
OGLE-2017-BLG-0406L b,OGLE-2017-BLG-0406L,14.2,0.2223432311434406,0.3543699999999999,652.72,3.5000000000000004,5549.0,0.56,4.4603,0.22546058302077596
OGLE-2017-BLG-0482L b,OGLE-2017-BLG-0482L,2.95,1.075002423028976,0.076648,353.5,1.8000000000000005,5549.0,0.1999999999999999,7.890000000000001,0.5158766646760107
OGLE-2017-BLG-0604L b,OGLE-2017-BLG-0604L,14.2,0.2677344346420849,0.24889,695.4,4.06,5549.0,0.7,3.8333,0.22895077323634622
OGLE-2017-BLG-0640L b,OGLE-2017-BLG-0640L,13.5,0.7654678421395714,0.2504,187.79,1.14,5549.0,0.32,5.917,0.6836945400597934
OGLE-2017-BLG-1049L b,OGLE-2017-BLG-1049L,12.8,1.724550719534605,0.3005,619.4100000000001,3.92,5549.0,0.55,6.8583,0.23734898621961442
OGLE-2017-BLG-1099L b,OGLE-2017-BLG-1099L,13.1,1.208960345836975,0.4315829999999999,60.74,2.73,5549.0,0.45,6.878,0.2561764213627755
OGLE-2017-BLG-1140L b,OGLE-2017-BLG-1140L,13.5,0.7561219797213337,0.2497999999999999,187.79,1.02,5549.0,0.211,5.917,0.663934359878803
OGLE-2017-BLG-1237L b,OGLE-2017-BLG-1237L,13.0,1.3912819026309298,0.491373,55.5,2.53,5549.0,0.4600000000000001,6.938,0.25719124400319404
OGLE-2017-BLG-1275L b,OGLE-2017-BLG-1275L,12.8,1.776645831418007,0.2987,619.11,2.09,5549.0,0.63,6.8583,0.3068789112160827
OGLE-2017-BLG-1375L b,OGLE-2017-BLG-1375L,12.4,2.424802725718295,0.3456678999999999,644.11,3.04,5549.0,0.81,7.813300000000001,0.22829431079470047
OGLE-2017-BLG-1434L b,OGLE-2017-BLG-1434L,1.94,1.4655675420143983,0.1223,356.7,1.18,5549.0,0.234,7.775999999999999,0.7752987591804645
OGLE-2017-BLG-1691L b,OGLE-2017-BLG-1691L,3.92,0.8458682675776092,0.1426,348.32,2.4100000000000006,5549.0,0.45,8.9227,0.33738610315152134
OGLE-2017-BLG-1806L b,OGLE-2017-BLG-1806L,2.15,1.3635373739972745,0.1456,314.63,1.75,5549.0,0.38,7.845000000000001,0.6532462384805693
OGLE-2018-BLG-0298L b,OGLE-2018-BLG-0298L,7.56,0.4485245975686113,0.2996,633.001,2.86,5549.0,0.69,5.8373,0.23675099219378823
OGLE-2018-BLG-0383L b,OGLE-2018-BLG-0383L,2.41,1.2556160374777745,0.067248,326.797,1.8000000000000005,5549.0,0.1,7.539,0.5961167773877505
OGLE-2018-BLG-0506L b,OGLE-2018-BLG-0506L,4.18,0.8020015854720274,0.242,663.6,3.0,5549.0,0.63,8.130300000000002,0.25757654089923715
OGLE-2018-BLG-0516L b,OGLE-2018-BLG-0516L,4.73,0.712949807856125,0.2304,355.2,2.2,5549.0,0.4699999999999999,8.189,0.34499097413285296
OGLE-2018-BLG-0532L b,OGLE-2018-BLG-0532L,2.37,1.2725655957915476,0.1468999999999999,366.9,1.064,5549.0,0.195,7.775999999999999,0.7095079948377923
OGLE-2018-BLG-0567L b,OGLE-2018-BLG-0567L,12.3,0.262364264467491,0.17786,129.01000000000002,2.72,5549.0,0.25,6.419700000000001,0.29210442891122346
OGLE-2018-BLG-0596L b,OGLE-2018-BLG-0596L,3.81,0.8671004876833832,0.1186,416.986,0.97,5549.0,0.231,7.624,0.6334129830690185
OGLE-2018-BLG-0677L b,OGLE-2018-BLG-0677L,1.82,1.5282278570085572,0.1636999999999999,437.8440000000001,0.63,5549.0,0.12,8.518,0.6028430715660329
OGLE-2018-BLG-0799L b,OGLE-2018-BLG-0799L,10.9,0.3008450589780618,0.2105999999999999,421.91,1.2800000000000002,5549.0,0.0929999999999999,5.608,0.6256117328365516
OGLE-2018-BLG-0932L b,OGLE-2018-BLG-0932L,13.9,0.456791735273505,0.25416,551.8399999999999,1.75,5549.0,0.7199999999999999,6.9893,0.4435531574663134
OGLE-2018-BLG-0962L b,OGLE-2018-BLG-0962L,13.6,0.6575200029167942,0.25898,62.24,3.59,5549.0,0.54,7.086,0.27085182774187355
OGLE-2018-BLG-0977L b,OGLE-2018-BLG-0977L,2.41,1.2556160374777745,0.1407,341.42,2.0,5549.0,0.4699999999999999,8.757000000000001,0.4784365551488978
OGLE-2018-BLG-1011L b,OGLE-2018-BLG-1011L,13.5,0.8197798314933114,0.2895479999999999,479.0100000000001,1.8000000000000005,5549.0,0.18,6.486,0.4304773943751137
OGLE-2018-BLG-1011L c,OGLE-2018-BLG-1011L,13.2,1.1410330045520618,0.4640599999999999,419.04,0.8,5549.0,0.18,5.5840000000000005,0.5068715916527398
OGLE-2018-BLG-1119L b,OGLE-2018-BLG-1119L,13.9,0.4649910874221912,0.19206,61.84,4.06,5549.0,0.48,5.7272,0.2793267117039421
OGLE-2018-BLG-1126L b,OGLE-2018-BLG-1126L,4.41,0.76080582903376,0.2076,352.6,3.23,5549.0,0.69,8.189,0.30608628536852406
OGLE-2018-BLG-1185L b,OGLE-2018-BLG-1185L,2.83,1.1118575154181305,0.1031,349.6,1.54,5549.0,0.37,7.890000000000001,0.6280625147283987
OGLE-2018-BLG-1212L b,OGLE-2018-BLG-1212L,9.32,0.3583735005743138,0.204648,573.8,1.68,5549.0,0.16,6.271,0.4758490583895048
OGLE-2018-BLG-1269L b,OGLE-2018-BLG-1269L,14.1,0.3450071390710503,0.2468,627.5319999999999,4.51,5549.0,1.11,4.068899999999999,0.2420354758781048
OGLE-2018-BLG-1367L b,OGLE-2018-BLG-1367L,13.8,0.4891933236388768,0.18196,314.86,1.21,5549.0,0.28,5.2942,0.7083564700632734
OGLE-2018-BLG-1428L b,OGLE-2018-BLG-1428L,14.0,0.3927175352856617,0.18666,176.11,3.3,5549.0,0.4299999999999999,5.6107,0.32260208724011263
OGLE-2018-BLG-1647L b,OGLE-2018-BLG-1647L,13.8,0.4977403842173352,0.18196,334.52,1.36,5549.0,0.092,5.8732,0.6541295851074951
OGLE-2018-BLG-1700L b,OGLE-2018-BLG-1700L,12.9,1.5216989981260935,0.562663,196.23,2.8,5549.0,0.4199999999999999,6.938,0.3251752710755451
OGLE-2019-BLG-0249L b,OGLE-2019-BLG-0249L,12.7,1.955860479908481,0.29754,649.392,1.84,5549.0,0.91,7.114,0.3834457641345875
OGLE-2019-BLG-0299L b,OGLE-2019-BLG-0299L,12.7,1.840549633397487,0.481953,137.43,2.8,5549.0,0.5900000000000001,6.712000000000001,0.2597001005284226
OGLE-2019-BLG-0304L b,OGLE-2019-BLG-0304L,14.2,0.2707902047815628,0.34431,643.966,1.23,5549.0,0.27,3.19,0.5774611200656958
OGLE-2019-BLG-0362L b,OGLE-2019-BLG-0362L,13.1,1.2612978709452054,0.540983,358.28,2.18,5549.0,0.4199999999999999,6.878,0.3038805926767829
OGLE-2019-BLG-0468L b,OGLE-2019-BLG-0468L,13.1,1.297463147413275,0.3595,659.01,3.29,5549.0,0.9200000000000002,7.784999999999999,0.22380519079325648
OGLE-2019-BLG-0468L c,OGLE-2019-BLG-0468L,12.5,2.316487998163037,0.42268,719.6,2.77,5549.0,0.9200000000000002,6.590000000000001,0.20885909885421886
OGLE-2019-BLG-0960L b,OGLE-2019-BLG-0960L,1.39,1.8115620965242347,0.251,300.17999999999995,1.9,5549.0,0.5,9.3445,0.6852742690226898
OGLE-2019-BLG-1053L b,OGLE-2019-BLG-1053L,1.38,1.8229350866965048,0.2265,59.44,3.4000000000000004,5549.0,0.61,9.3445,0.4590654471411987
OGLE-2019-BLG-1470L AB c,OGLE-2019-BLG-1470L A,13.3,0.9669838461896731,0.2476,59.94,3.2000000000000006,5549.0,0.57,6.722,0.27200876571223453
OGLE-2019-BLG-1492L b,OGLE-2019-BLG-1492L,6.79,0.501381164937991,0.2192999999999999,566.6,2.7000000000000006,5549.0,0.6800000000000002,6.3163,0.26237030641063613
OGLE-2023-BLG-0836L b,OGLE-2023-BLG-0836L,12.9,1.515127232962859,0.3515,633.4100000000001,3.7,5549.0,0.71,6.818299999999999,0.22939392434809183
OGLE-TR-10 b,OGLE-TR-10,14.011,0.3364722366212129,0.0,1702.0,0.0434,5950.0,1.14,3.1,0.21996840168563309
OGLE-TR-111 b,OGLE-TR-111,11.421971,0.5007752879124893,0.0,1019.0,0.0473,5040.0,0.8200000000000001,8.8,0.2380491356146477
OGLE-TR-113 b,OGLE-TR-113,12.251,0.7884573603642702,0.0,1342.0,0.02289,4790.0,0.779,13.2,0.18643761015158386
OGLE-TR-182 b,OGLE-TR-182,12.666,0.3435897043900769,0.0,1550.0,0.051,5924.0,1.14,4.3,0.2209957538891844
OGLE-TR-211 b,OGLE-TR-211,15.244,0.3506568716131693,0.0,1686.0,0.051,6325.0,1.33,2.6,0.2163847994986587
OGLE-TR-56 b,OGLE-TR-56,15.278,0.5187937934151676,0.0,2212.0,0.02383,6050.0,1.228,3.0,0.21721628737014576
OGLE2-TR-L9 b,OGLE2-TR-L9,18.046,0.8109302162163288,0.09749,2034.0,0.0308,6933.0,1.5200000000000002,1.0,0.16735352207345172
PH1 b,PH1,6.18,1.269760544863939,0.0702,481.0,0.6520000000000001,6407.0,1.528,2.0,0.36458305203079366
PH2 b,PH2,9.33708092,0.4574248470388754,0.215,295.1,0.833,5734.0,0.966,4.1,0.6441008103859215
POTS-1 b,POTS-1,10.548,1.4906543764441331,0.02853,1163.855,0.03734,4400.0,0.6950000000000001,7.444000000000001,0.22670257026933427
PSR B1257+12 c,PSR B1257+12,1.91,1.47932922708708,0.0186,519.1,0.36,5549.0,1.4,3.0,0.5095654102594995
PSR B1257+12 d,PSR B1257+12,1.8,1.541159071680806,0.0264,463.9,0.4600000000000001,5549.0,1.4,3.0,0.5623292372015192
PSR J2322-2650 b,PSR J2322-2650,13.9,1.043804052173115,0.0017,1801.0,0.0102,5549.0,1.4,2.47,0.21910900617606371
Pr0201 b,Pr0201,14.2,0.2844267797311083,0.0,1313.02,0.06,6174.0,1.2400000000000002,0.976,0.20199947084811595
Pr0211 b,Pr0211,13.4,0.8586616190375187,0.011,1369.519,0.03176,5300.0,0.9350000000000002,0.578,0.1942919159205285
Qatar-1 b,Qatar-1,12.811887,0.7304429653036423,0.0,1418.0,0.02332,5013.0,0.8379999999999999,1.19,0.20546566513729606
Qatar-10 b,Qatar-10,17.295487,0.2215422699472359,0.0,1955.0,0.0286,6124.0,1.156,3.2,0.2168993406654754
Qatar-2 b,Qatar-2,14.056,0.945072533299607,0.0,1344.0,0.02153,4645.0,0.7429999999999999,5.0,0.219809829090536
Qatar-3 b,Qatar-3,12.285064,1.6094379124341005,0.0,1681.0,0.03783,6007.0,1.145,0.31,0.18504701543905255
Qatar-4 b,Qatar-4,12.722215,1.8082887711792648,0.0,1385.0,0.02803,5215.0,0.8960000000000001,0.17,0.18706445188252413
Qatar-5 b,Qatar-5,12.408363,1.599387576580599,0.0,1415.0,0.04127,5747.0,1.128,0.53,0.1938291226704363
Qatar-6 b,Qatar-6,11.903958,0.5259112611840315,0.0,1006.0,0.0423,5052.0,0.822,1.02,0.2258684415720854
Qatar-7 b,Qatar-7,19.0553,0.406797553341943,0.0,2053.0,0.0352,6387.0,1.4090000000000005,1.69,0.20742329546307992
Qatar-8 b,Qatar-8,14.403565,0.1955667835439752,0.0,1457.0,0.0474,5738.0,1.029,8.3,0.22055856729624973
Qatar-9 b,Qatar-9,11.309881,0.8878912573524571,0.0,1134.0,0.0234,4309.0,0.719,7.5,0.22440098548524995
Ross 128 b,Ross 128,1.11,1.891604804197771,0.116,301.0,0.0496,3192.0,0.168,5.0,0.7934194796742602
Ross 176 b,Ross 176,1.84,1.615419984111648,0.25,682.0,0.0464,4041.0,0.577,3.0,0.4008445415476003
Ross 508 b,Ross 508,1.83,1.5238800240724537,0.33,312.29,0.05366,3071.0,0.1773999999999999,6.072000000000001,0.7169205618620876
SWEEPS-11 b,SWEEPS-11,12.666,2.234306252240751,0.0130099999999999,1735.997,0.03,5549.0,1.1,5.2262200000000005,0.21888431249709045
SWEEPS-4 b,SWEEPS-4,9.079,2.28949985344539,0.0613,1125.848,0.055,5549.0,1.2400000000000002,5.016399999999999,0.22447224734577928
TAP 26 b,TAP 26,13.5,0.7793248768009976,0.18646,1010.737,0.0968,4620.0,1.04,0.017,0.17589810679714657
TCP J05074264+2447555 b,TCP J05074264+2447555,4.72,0.7178397931503169,0.30776,883.5799999999999,0.94,5805.0,0.586,10.052,0.35956346930048033
TIC 139270665 b,TIC 139270665,7.22979255,1.1410330045520618,0.105,703.0,0.163,5844.0,1.035,3.4,0.2864132027628804
TIC 139270665 c,TIC 139270665,12.9,1.6054298910365616,0.566,200.0,2.0,5844.0,1.035,3.4,0.5107281431354703
TIC 172900988 b,TIC 172900988 Aa,11.25,1.534714366238164,0.0271,567.38,0.90281,6050.0,1.2383999999999995,3.1,0.37342762604624524
TIC 237913194 b,TIC 237913194,12.520453,1.0462658082959004,0.575,974.0,0.1207,5788.0,1.026,5.7,0.18545714938685684
TIC 257060897 b,TIC 257060897,17.26183028,0.1947440767925117,0.039,1775.0,0.04922,5993.0,1.187,5.6,0.21106830470222182
TIC 279401253 b,TIC 279401253,11.2089807,2.15292431843964,0.448,488.9,0.369,5951.0,1.13,1.2,0.295853766818403
TIC 279401253 c,TIC 279401253,12.6,2.079441541679836,0.254,540.1,0.591,5951.0,1.13,1.2,0.36221637348503205
TIC 365102760 b,TIC 365102760,6.21,0.3625576070968879,0.406,1446.38,0.0622,4900.0,1.17,6.3,0.16634268729970406
TIC 434398831 b,TIC 434398831,3.51,0.9321640810304452,0.04,1250.0,0.04641,5638.0,0.992,0.061,0.21114362599350567
TIC 434398831 c,TIC 434398831,5.63,0.6048622656923737,0.013,1050.0,0.06572,5638.0,0.992,0.061,0.21006206417660372
TIC 46432937 b,TIC 46432937,13.31626907,1.2149127443642704,0.009,872.0,0.02065,3572.0,0.563,7.4,0.2424042002100738
TIC 4672985 b,TIC 4672985,11.5004142,2.747270914255491,0.018,517.2,0.33,5757.0,1.01,7.71,0.35538893911482883
TIC 88785435 b,TIC 88785435,5.03,0.674473915294324,0.131,635.0,0.08432,3998.0,0.724,0.016,0.25531512034433046
TOI-1011 b,TOI-1011,1.45,2.113842968397168,0.0,1364.0,0.102,5475.0,0.91,6.284999999999999,0.43151386348574683
TOI-1052 b,TOI-1052,2.87,1.5953389880545987,0.18,1135.0,0.09103,6146.0,1.204,2.3,0.2806146024443938
TOI-1052 c,TOI-1052,6.48,0.5265021031509982,0.237,719.0,0.2263,6146.0,1.204,2.3,0.25991426478861096
TOI-1054.01,TOI-1054,2.43432,1.247032293786383,0.0,853.0,0.102,6122.0,1.14,3.339,0.33544256296002817
TOI-1062 b,TOI-1062,2.265,1.766441661243765,0.177,1077.0,0.052,5328.0,0.94,2.5,0.33694993941026863
TOI-1062 c,TOI-1062,3.1,1.0296194171811583,0.14,859.0,0.08,5328.0,0.94,2.5,0.28122254953822196
TOI-1064 b,TOI-1064,2.587,1.6678237948483927,0.047,784.0,0.0615199999999999,4734.0,0.748,9.4,0.35708495845445815
TOI-1064 c,TOI-1064,2.651,0.5720558033717627,0.088,634.0,0.09429,4734.0,0.748,9.4,0.320217889718857
TOI-1075 b,TOI-1075,1.791,2.334083760053417,0.0,1323.0,0.01159,3875.0,0.604,6.0,0.3863198800866036
TOI-1107 b,TOI-1107,14.57167491,1.0612565021243408,0.025,1728.0,0.0561,6311.0,1.35,2.6,0.2105353391077453
TOI-1117 b,TOI-1117,2.46,1.4586150226995167,0.0,1538.0,0.033,5635.0,0.97,4.42,0.3092981520266071
TOI-1117 c,TOI-1117,2.91,1.085189268335969,0.0,1210.0,0.0534,5635.0,0.97,4.42,0.27689719092478626
TOI-1117 d,TOI-1117,3.27,0.9858167945227652,0.0,978.0,0.0817,5635.0,0.97,4.42,0.28959979758368964
TOI-1130 b,TOI-1130,3.66,1.172482137234565,0.052162,825.0,0.0453,4360.0,0.745,5.4,0.29716278321739004
TOI-1130 c,TOI-1130,13.0,0.6026982656373852,0.0398,650.0,0.0731,4360.0,0.745,5.4,0.3006585713693724
TOI-1135 b,TOI-1135,9.34085,0.3435897043900769,0.0,1074.28,0.082337403,5962.7,1.1560389999999998,0.562,0.209078000080048
TOI-1136 b,TOI-1136,1.9,1.33500106673234,0.027,1216.0,0.05106,5770.0,1.022,0.7,0.31841997782439085
TOI-1136 c,TOI-1136,2.879,0.8960880245566356,0.11,1062.0,0.0669,5770.0,1.022,0.7,0.22906974595246954
TOI-1136 d,TOI-1136,4.627,1.0331844833456545,0.042,843.0,0.1062,5770.0,1.022,0.7,0.2674071364058827
TOI-1136 e,TOI-1136,2.639,1.0331844833456545,0.0425,737.0,0.14,5770.0,1.022,0.7,0.3086532279152914
TOI-1136 f,TOI-1136,3.73591482,0.636576829071551,0.001,658.0,0.174,5770.0,1.022,0.7,0.30390290162325534
TOI-1136 g,TOI-1136,2.53,1.0647107369924282,0.04,574.0,0.2289999999999999,5770.0,1.022,0.7,0.3609225214657349
TOI-1173 b,TOI-1173,9.19,0.178146185383474,0.023,868.0,0.0696,5350.0,0.911,8.7,0.2559289723992063
TOI-1174 b,TOI-1174,2.562,2.4849066497880004,0.0,713.83,0.07994,5030.0,0.8500000000000001,2.7,0.4143015761773524
TOI-1180 b,TOI-1180,3.072,1.075002423028976,0.0,638.18,0.080799,4738.0,0.75,5.0,0.3490582705485023
TOI-1181 b,TOI-1181,17.02644168,0.3987761199573678,0.011,1942.12,0.0364,6054.0,1.467,2.7,0.21514748913649917
TOI-1184 b,TOI-1184,2.39,1.289232648276759,0.0,715.47,0.056027,4534.0,0.71,5.3,0.3660096279388883
TOI-1194 b,TOI-1194,8.71664516,0.688134638736401,0.0,1264.29,0.034,5394.0,0.9835,4.9,0.22728221347198085
TOI-1199 b,TOI-1199,10.5140239,0.3060130291365043,0.03,1486.0,0.04988,5710.0,1.23,4.2,0.21645012221874915
TOI-1201 b,TOI-1201,2.415,1.2383742310432684,0.0,703.0,0.0287,3476.0,0.512,3.719,0.3510691129512462
TOI-1203 b,TOI-1203,1.52,1.8687205103641835,0.067,1361.2,0.04869,5737.0,0.886,12.5,0.37654402628677175
TOI-1203 c,TOI-1203,2.2,1.3402504226184837,0.092,919.2,0.102,5737.0,0.886,12.5,0.3061494894176343
TOI-1203 e,TOI-1203,7.31,0.4649910874221912,0.152,517.692,0.102,5737.0,0.886,12.5,0.2720093303129518
TOI-1203.01,TOI-1203,2.918,0.9669838461896731,0.032,743.6,0.1632,5737.0,0.886,12.5,0.29262957619820246
TOI-122 b,TOI-122,2.72,1.144222799920162,0.0,471.0,0.0392,3403.0,0.312,2.0,0.40244045555611413
TOI-1221 b,TOI-1221,2.91,1.269760544863939,0.21,440.0,0.387,5592.0,0.9300000000000002,10.0,0.4013667114355677
TOI-1224 b,TOI-1224,2.104,1.3862943611198906,0.2166,541.0,0.0354999999999999,3326.0,0.4,0.21,0.357041530816465
TOI-1224 c,TOI-1224,2.884,1.095273387402595,0.0,303.12,0.102,3326.0,0.4,0.21,0.5831373717386613
TOI-1227 b,TOI-1227,9.57246952,0.3485419607085434,0.2746909999999999,243.77,0.0886,3072.0,0.1699999999999999,0.011,0.5803830807788194
TOI-1230.01,TOI-1230,3.23968384,0.9969486348916092,0.01,688.61,0.102,5696.0,1.14,4.706999999999999,0.3264375954168298
TOI-1231 b,TOI-1231,3.65,1.007957920399979,0.087,329.6,0.1288,3553.0,0.485,3.5510000000000006,0.5451415537659169
TOI-1233.01,HD 108236,2.539,1.205970806988609,0.055,708.0,0.1074,5660.0,0.8690000000000001,6.7,0.3503749429528157
TOI-1235 b,TOI-1235,1.69,2.110213200346589,0.049,775.0,0.03845,3997.0,0.63,5.3,0.4462677413557383
TOI-1238 b,TOI-1238,1.21,2.541601993464546,0.25,1133.0,0.0139,4089.0,0.5900000000000001,0.8,0.35560689921569383
TOI-1238 c,TOI-1238,2.11,1.7749523509116738,0.15,695.0,0.037,4089.0,0.5900000000000001,0.8,0.37614260522979664
TOI-1243 b,TOI-1243,2.33,1.4586150226995167,0.05462,450.0,0.102,3515.0,0.515,4.798000000000001,0.4972781324979924
TOI-1244 b,TOI-1244,2.467,1.297463147413275,0.0,714.86,0.060694,4599.0,0.73,5.9,0.3626710720724723
TOI-1246 b,TOI-1246,3.01,0.9669838461896731,0.0397,955.0,0.049,5151.0,0.87,6.3,0.277964162281608
TOI-1246 c,TOI-1246,2.45109846,1.47932922708708,0.0,862.49,0.061,5213.0,0.8889000000000001,6.3,0.3529673946551812
TOI-1246 d,TOI-1246,3.43139739,0.5481214085096876,0.0,587.77,0.132,5213.0,0.8889000000000001,6.3,0.3421435161191368
TOI-1246 e,TOI-1246,3.5141875,1.0402767116551463,0.0,463.98,0.212,5213.0,0.8889000000000001,6.3,0.4030458085108412
TOI-1248 b,TOI-1248,6.8084859,0.3852624007906449,0.0,952.09,0.051,5205.0,0.9042,5.5,0.25337466819963306
TOI-1249 b,TOI-1249,3.2710301,1.043804052173115,0.0,726.89,0.109,5497.0,1.0062,4.0,0.3288050400939846
TOI-125 b,TOI-125,2.726,1.2725655957915476,0.194,1037.0,0.05186,5320.0,0.8590000000000001,6.8,0.270520701565638
TOI-125 c,TOI-125,2.759,1.0043016091968684,0.066,827.8,0.0814,5320.0,0.8590000000000001,6.8,0.304970358306746
TOI-125 d,TOI-125,2.93,1.3812818192963463,0.168,638.1,0.137,5320.0,0.8590000000000001,6.8,0.3516819748440472
TOI-1259 A b,TOI-1259 A,11.45557828,0.4140944348062189,0.0,963.0,0.0407,4775.0,0.744,4.8,0.2478673695703296
TOI-1260 b,TOI-1260,2.41,1.4701758451005928,0.0,871.0,0.0367,4227.0,0.679,6.7,0.3440227677807744
TOI-1260 c,TOI-1260,2.76,1.4929040961781488,0.0,651.0,0.0657,4227.0,0.679,6.7,0.37808888704639015
TOI-1260 d,TOI-1260,3.12,1.144222799920162,0.0,499.0,0.1116,4227.0,0.679,6.7,0.3970893222586503
TOI-1266 b,TOI-1266,2.52,0.9321640810304452,0.039,415.0,0.073,3563.0,0.437,4.6,0.4336448643560613
TOI-1266 c,TOI-1266,1.98,1.1786549963416462,0.071,346.0,0.105,3563.0,0.437,4.6,0.5632008387353791
TOI-1266 d,TOI-1266,1.74,1.5769147207285403,0.087,288.0,0.1513,3563.0,0.437,4.6,0.8171303577080418
TOI-1268 b,TOI-1268,9.1,0.5364933705145685,0.105,918.9,0.0711,5300.0,0.96,0.245,0.2054912164352813
TOI-1269 b,TOI-1269,2.40144286,1.2612978709452054,0.0,1004.9,0.0496,5499.0,0.9027,3.1,0.3208957525678508
TOI-1272 b,TOI-1272,4.13204907,1.128171090909654,0.35,975.0,0.0417,5065.0,0.8772000000000001,1.1,0.21742301321609991
TOI-1272 c,TOI-1272,4.95,0.6846108495376589,0.12,697.0,0.079,5065.0,0.8772000000000001,1.1,0.2735192100697736
TOI-1273 b,TOI-1273,11.09689089,0.2468600779315258,0.055,1211.0,0.0548999999999999,5690.0,1.06,3.1,0.2197630265652733
TOI-1279 b,TOI-1279,2.66146528,1.3987168811184478,0.0,759.0,0.085,5457.0,0.8784,4.2,0.3568733862611909
TOI-128.01,TOI-128,2.21898,1.33500106673234,0.0857999999999999,1344.51,0.05381019,6086.0,0.851969,5.138,0.2997594363651054
TOI-1288 b,TOI-1288,4.96846551,1.0885619528146082,0.0,1203.44,0.0374,5388.0,0.9552,6.5,0.25891617735418687
TOI-1288 c,TOI-1288,11.1,0.2956502421009578,0.0,368.8,1.07,5388.0,0.9552,6.5,0.6693506840055564
TOI-1294 b,TOI-1294,10.12369881,0.2926696139628199,0.0,1392.74,0.051,5718.0,1.1578,6.2,0.22316921302361736
TOI-1294 c,TOI-1294,14.3,0.2437301849225981,0.0,615.21,0.61,5718.0,1.1578,6.2,0.3672845440004523
TOI-1295 b,TOI-1295,15.69257298,0.5007752879124893,0.024,2360.0,0.047,6280.0,1.3799999999999997,2.0,0.21078465873047625
TOI-1296 b,TOI-1296,14.11645916,0.173953307123438,0.0,1414.84,0.051,5567.0,1.1576,7.1,0.22311033782652914
TOI-1298 b,TOI-1298,9.65807033,0.4700036292457356,0.0,1278.0,0.057,5752.0,1.2187,4.3,0.2261689210913727
TOI-1301.01,TOI-1301,2.477,1.229640551074514,0.007,737.36,0.059866,4820.0,0.77,4.3950000000000005,0.3541397580025757
TOI-132 b,TOI-132,3.42,1.4060969884160703,0.059,1395.0,0.026,5397.0,0.97,6.34,0.2692645438230424
TOI-1333 b,TOI-1333,15.647764,0.7323678937132266,0.073,1679.0,0.0626,6274.0,1.464,2.33,0.20250958449153114
TOI-1338 b,TOI-1338 A,7.661,0.4446858212614457,0.0331,254.65,0.4607,5723.2,1.0936,4.4,0.5078612808217255
TOI-1338 c,TOI-1338 A,10.3,0.3213585988111648,0.037,379.82,0.7940000000000002,5723.2,1.0936,4.4,0.4393497735578328
TOI-1346 b,TOI-1346,2.39,1.264126727145683,0.1677,1324.0,0.102,5099.0,0.8200000000000001,5.157000000000001,0.2880234103898308
TOI-1346 c,TOI-1346,2.23,1.3270750014599193,0.0829999999999999,928.0,0.102,5099.0,0.8200000000000001,5.42,0.343857800213448
TOI-1347 b,TOI-1347,1.8,2.388762789235098,0.0,1400.0,0.0171,5464.0,0.913,1.4,0.3880014816431482
TOI-1347 c,TOI-1347,1.6,1.62924053973028,0.0,1000.0,0.0546,5464.0,0.913,1.4,0.4011390000547993
TOI-1386 b,TOI-1386,6.2163865,0.712949807856125,0.0,615.03,0.173,5735.0,1.0363,3.2,0.3270513847877773
TOI-1386 c,TOI-1386,10.3,0.3206331725914668,0.38,327.4,0.75,5735.0,1.0363,3.2,0.5132314889807721
TOI-139 b,TOI-139,2.4566,1.2383742310432684,0.0253,561.17,0.102,4570.0,0.69,4.4005,0.4022926409373991
TOI-1408 c,TOI-1408,2.22,1.5686159179138452,0.1353,1864.0,0.03587,6117.0,1.312,2.7,0.30446511627975004
TOI-1410 c,TOI-1410,5.63,0.6048622656923737,0.0,425.61500000000007,0.239,4635.0,0.7941,6.6,0.42650752692651434
TOI-1410.01,TOI-1410,3.10083009,1.1939224684724346,0.0,1236.7,0.0207,4635.0,0.7941,6.6,0.26767468045107184
TOI-1411 b,TOI-1411,1.19880592,1.9960599327407849,0.0,976.4,0.02122,4115.0,0.6045,9.6,0.423859228279269
TOI-1416 b,TOI-1416,1.62,1.7047480922384253,0.0,1517.0,0.019,4884.0,0.798,6.9,0.3906721193261148
TOI-1420 b,TOI-1420,11.89,0.0788111804242897,0.17,957.0,0.071,5510.0,0.987,10.7,0.2066289322992183
TOI-1422 b,TOI-1422,3.83,0.6575200029167942,0.2,870.0,0.107,5840.0,0.9903,4.6,0.24995948734252002
TOI-1422 c,TOI-1422,2.61,1.667706820558076,0.2,628.0,0.205,5840.0,0.9903,4.6,0.3837126586788453
TOI-1431 b,TOI-1431,16.70138124,0.7747271675523681,0.0022,2370.0,0.046,7690.0,1.9,0.29,0.154738188684727
TOI-1437 b,TOI-1437,2.24,1.5912739418064292,0.17,794.23,0.14,6008.0,1.1,6.7,0.35941812937970685
TOI-1438 b,TOI-1438,3.04,1.0296194171811583,0.0,971.0,0.0553,5230.0,0.876,2.2,0.2881819752304541
TOI-1438 c,TOI-1438,2.75,1.3609765531356006,0.0,794.0,0.083,5230.0,0.876,2.2,0.3454556973281154
TOI-1439 b,TOI-1439,4.2427861,1.324418957401803,0.157,748.4,0.192,5841.0,1.2313000000000005,4.6,0.31021452260122967
TOI-1442 b,TOI-1442,1.17,1.927164106234258,0.069466,1072.0,0.0071,3330.0,0.2899999999999999,4.470000000000001,0.3998661907646252
TOI-1443 b,TOI-1443,2.30381001,2.70805020110221,0.0,520.66,0.147,5224.0,0.7662999999999999,7.4,0.48422376709997933
TOI-1444 b,TOI-1444,1.41792246,2.0592388343623163,0.0,2130.02,0.0116,5460.0,0.9513,3.8,0.41824390283931967
TOI-1448 b,TOI-1448,2.749,1.269760544863939,0.36,426.0,0.0567,3412.0,0.3719999999999999,2.9780100000000003,0.38824395374817355
TOI-1450 A b,TOI-1450 A,1.13,1.7561322915849038,0.0112,722.0,0.102,3437.0,0.48,4.994999999999999,0.5746149571690095
TOI-1450 A c,TOI-1450 A,1.13,1.9198594718553708,0.0109,533.0,0.102,3437.0,0.48,5.442,0.6226902433812995
TOI-1451 b,TOI-1451,2.61143902,1.7351891177396608,0.0,723.33,0.127,5801.0,1.0022,4.0,0.39554331210050203
TOI-1452 b,TOI-1452,1.672,1.88706964903238,0.0,326.0,0.061,3185.0,0.249,6.037999999999999,0.7238382015899401
TOI-1453 b,TOI-1453,1.173,2.22086384402462,0.0,944.2,0.102,4975.0,0.7149999999999999,12.0,0.43962784540830446
TOI-1453 c,TOI-1453,2.224,0.905082149754768,0.0,819.8,0.102,4975.0,0.7149999999999999,12.0,0.3276208218039529
TOI-1467 b,TOI-1467,1.92,2.4849066497880004,0.0,506.07,0.050748,3834.0,0.489,7.2,0.504706546300218
TOI-1468 b,TOI-1468,1.401,1.9600947840472696,0.0099,683.5,0.02107,3376.0,0.3527,6.784999999999999,0.4791929757138262
TOI-1468 c,TOI-1468,2.126,1.1969481893889715,0.111,338.1,0.08608,3376.0,0.3527,6.495,0.5685873262910958
TOI-1470 b,TOI-1470,2.18,1.5810384379124025,0.3,734.0,0.0285,3709.0,0.471,1.3,0.33136736872137784
TOI-1470 c,TOI-1470,2.47,1.297463147413275,0.5,373.0,0.106,3709.0,0.471,1.3,0.4239578034316452
TOI-1472 b,TOI-1472,4.058,0.9122827104766162,0.041,891.0,0.064,5100.0,0.87,3.1,0.28111312231399366
TOI-1472 c,TOI-1472,3.334,1.420695787837223,0.172,662.0,0.116,5100.0,0.87,3.1,0.3408298483579721
TOI-1478 b,TOI-1478,11.99360935,0.6312717768418579,0.055,918.0,0.0818,5597.0,0.9469999999999998,9.1,0.24029670941968967
TOI-150.01,TOI-150,14.067295,0.9858167945227652,0.262,1404.5,0.07037,6255.0,1.351,2.346,0.178470113859175
TOI-1516 b,TOI-1516,15.24421375,0.9400072584914712,0.1266,1839.0,0.102,6520.0,1.14,4.82,0.1939652983886307
TOI-157 b,TOI-157,14.414774,0.5223588595796638,0.0,1588.0,0.03138,5404.0,0.948,12.82,0.18941718429149973
TOI-1601 b,TOI-1601,14.19902343,0.5538851132264376,0.0,1493.97,0.069,5982.0,1.5055,2.4,0.21997362152361105
TOI-163 b,TOI-163,16.690201,0.3987761199573678,0.0,1669.0,0.058,6495.0,1.4352,1.823,0.2096921303979368
TOI-1630.01,TOI-1630,2.417,1.252762968495368,0.0,584.0,0.101151,5504.0,0.95,1.985,0.39535174537193296
TOI-1634 b,TOI-1634,1.773,2.151762203259462,0.0,924.0,0.01545,3472.0,0.451,4.6315,0.4143494625434768
TOI-1634 c,TOI-1634,2.839553935,1.269760544863939,0.0,336.88,0.102,3472.0,0.451,1.306,0.5231608694348043
TOI-1648 b,TOI-1648,2.54,1.249901736214336,0.178,799.0,0.0694,4850.0,0.83,5.7,0.31255094516412685
TOI-1659.01,TOI-1659,2.255,1.3190856114264409,0.0168,1031.14,0.065757,5977.0,1.1,1.3241999999999998,0.313509608501659
TOI-1669 b,TOI-1669,14.1,0.3177261938001576,0.0,676.3,1.27,5497.0,0.9867,7.7,0.6216759035433443
TOI-1669 c,TOI-1669,2.2963977,1.9459101490553128,0.0,1285.16,0.0376,5497.0,0.9867,7.7,0.3627955678507337
TOI-1670 c,TOI-1670,11.06326395,0.5933268452777344,0.09,684.0,0.249,6170.0,1.21,2.53,0.2858793511692226
TOI-1680 b,TOI-1680,1.466,1.7578579175523736,0.1222,404.0,0.03144,3225.0,0.1798,4.9977,0.5585169713193131
TOI-1683.01,TOI-1683,2.6382,1.172482137234565,0.10216,929.25,0.036507593,4402.0,0.6946610000000001,6.0815,0.2861743878528287
TOI-1685 b,TOI-1685,1.421,1.840549633397487,0.0,1000.0,0.01164,3470.0,0.466,1.4,0.4055090474932034
TOI-169 b,TOI-169,12.172974,0.5653138090500605,0.0,1715.0,0.03524,5880.0,1.1470000000000002,4.7,0.21964678859339015
TOI-1691 b,TOI-1691,3.66,1.015230679729059,0.0,703.49,0.129365,5759.0,1.03,6.6,0.33103330745330856
TOI-1693 b,TOI-1693,1.41,1.7984040119467235,0.0024,764.0,0.0226,3499.0,0.49,5.974,0.4546614799544671
TOI-1694 b,TOI-1694,5.3422266,0.7561219797213337,0.0,943.19,0.045,5058.0,0.853,4.3,0.26586215674304225
TOI-1694 c,TOI-1694,13.8,0.483043242753539,0.0,650.52,0.1,5058.0,0.853,4.3,0.31146750285822944
TOI-1695 b,TOI-1695,1.9,1.791759469228055,0.097,698.0,0.033548,3690.0,0.513,3.58,0.42553503613195287
TOI-1696 b,TOI-1696,3.09,2.3456445824544927,0.0,489.0,0.0229,3185.0,0.255,7.1,0.43639121364343475
TOI-1710 b,TOI-1710,5.20315158,0.6259384308664953,0.0,602.99,0.166,5684.0,1.0258,1.5,0.3257411855982279
TOI-1716.01,TOI-1716,3.143,1.0188473201992472,0.0332,959.0,0.080496,5879.0,1.07,5.4,0.2784387677069947
TOI-172 b,TOI-172,10.816685,2.143589361503588,0.3806,1198.0,0.0914,5645.0,1.128,7.4,0.17767239593347872
TOI-1723 b,TOI-1723,3.435,0.9555114450274363,0.0,782.98,0.113496,5777.0,1.04,4.8,0.31069740477480856
TOI-1728 b,TOI-1728,5.05,0.76080582903376,0.057,767.0,0.0391,3980.0,0.646,7.1,0.2768413382638522
TOI-1736 b,TOI-1736,3.18175535,1.128171090909654,0.0,1099.79,0.073,5636.0,1.0373,9.2,0.26925188526703403
TOI-1736 c,TOI-1736,12.5,2.1838015570040787,0.3685,249.0,1.37,5636.0,1.0373,9.2,0.6868177190774356
TOI-1739 b,TOI-1739,1.946,1.463255402256019,0.0102,755.55,0.073872,4814.0,0.78,6.3,0.40953499789721964
TOI-1742 b,TOI-1742,2.36507598,1.6094379124341005,0.3,694.09,0.1539999999999999,5815.0,1.0861,3.9,0.35912592396054793
TOI-1743 b,TOI-1743,1.83,1.5260563034950494,0.046673,485.0,0.03589,3277.0,0.3389999999999999,9.7,0.47082861667052517
TOI-1744.01,TOI-1744,2.68,1.1568811967920856,0.0,598.0,0.164086,6179.0,1.18,2.228,0.36812625491799655
TOI-1749 b,TOI-1749,1.39,1.269760544863939,0.14,831.0,0.0291,3985.0,0.58,0.8,0.3552116368320996
TOI-1749 c,TOI-1749,2.12,1.269760544863939,0.019,673.0,0.0443,3985.0,0.58,0.8,0.3628744136046717
TOI-1749 d,TOI-1749,2.52,1.269760544863939,0.062,533.0,0.0707,3985.0,0.58,0.8,0.3692300376373741
TOI-1751 b,TOI-1751,2.9507845,1.635105659182678,0.327,651.64,0.2149999999999999,5970.0,0.9382,9.0,0.3362298324587043
TOI-1753 b,TOI-1753,2.47852533,1.9387416595767009,0.0,1005.43,0.059,5621.0,0.9483,5.9,0.37003987077431627
TOI-1758 b,TOI-1758,3.62,0.6043159668533296,0.0,551.44,0.141409,5169.0,0.8800000000000001,7.5,0.3546521363645585
TOI-1759 b,TOI-1759,3.14,1.068153081183401,0.0,443.0,0.1177,4065.0,0.606,5.0,0.41901603623608585
TOI-1768.01,TOI-1768,3.453,0.9439058989071286,0.0015,1566.0,0.076381,5994.0,1.1,3.157,0.2520445052456808
TOI-1772.01,TOI-1772,2.905,1.0885619528146082,0.0,877.67,0.078375,5583.0,0.99,4.439,0.30673598207768205
TOI-1774.01,TOI-1774,2.78,1.1537315878891892,0.05,824.0,0.102,5746.0,0.991,7.4,0.3128352503067368
TOI-1775 b,TOI-1775,8.04728896,0.6981347220709844,0.0,707.89,0.08,5284.0,0.9218,0.8,0.27217513496791035
TOI-1776 b,TOI-1776,1.21612741,1.635105659182678,0.0,1269.21,0.0378,5785.0,0.9196,5.1,0.40059178366021014
TOI-1777.01,TOI-1777,2.246,1.3217558399823195,0.0,580.0,0.119466,5859.0,1.06,2.19,0.409361838948188
TOI-178 b,TOI-178,1.2,1.4213624737653248,0.036064,1040.0,0.02607,4316.0,0.647,6.0,0.3817163963102685
TOI-178 c,TOI-178,1.754,1.757313976539832,0.00032,873.0,0.037,4316.0,0.647,6.0,0.42368273637796544
TOI-178 d,TOI-178,2.695,0.9006116550457741,0.0068,690.0,0.0592,4316.0,0.647,6.0,0.3337061661245435
TOI-178 e,TOI-178,2.301,0.9487222969821266,0.00038,600.0,0.0783,4316.0,0.647,6.0,0.3844219909237342
TOI-178 f,TOI-178,2.417,1.1682857285158683,0.00045,521.0,0.1039,4316.0,0.647,6.0,0.41473696805858973
TOI-178 g,TOI-178,2.939,0.672622482633503,0.00043,470.0,0.1275,4316.0,0.647,6.0,0.39232100992197116
TOI-1782.01,TOI-1782,2.368,1.2725655957915476,0.0248,697.84,0.05024,4336.0,0.6800000000000002,4.42,0.3629171969160442
TOI-1782.02,TOI-1782,1.839,1.5195132049061133,0.0573,974.95,0.025739,4336.0,0.6800000000000002,8.547,0.36387950880909337
TOI-1789 b,TOI-1789,16.14093221,0.2468600779315258,0.0424999999999999,1927.0,0.04882,5991.0,1.507,2.73,0.20997320433221128
TOI-1794 b,TOI-1794,3.29701268,0.8372475245337022,0.0,992.91,0.082,5631.0,0.9698,10.8,0.2540352281320778
TOI-1798.01,TOI-1798,2.448,1.2837077723447896,0.0,734.31,0.074984,5165.0,0.87,2.6,0.36440902001185954
TOI-1798.02,TOI-1798,1.464,2.498973906999436,0.0,1935.83,0.010789,5165.0,0.87,2.6,0.4162727806322349
TOI-1799 b,TOI-1799,1.642,2.1412419425852827,0.0,922.72,0.072502,5690.0,1.01,5.1,0.44537640550012586
TOI-1801 b,TOI-1801,2.079,1.5477752520419934,0.0,493.7,0.075,3863.0,0.556,0.7,0.444478173023405
TOI-1803 b,TOI-1803,2.99,1.1475008606937425,0.0,747.0,0.06,4687.0,0.756,1.4,0.3174572957578944
TOI-1803 c,TOI-1803,4.29,0.3499770631309465,0.0,588.0,0.097,4687.0,0.756,1.4,0.3216781219930357
TOI-1806.01,TOI-1806,3.4095367,0.9516578757114464,0.169033,337.47,0.087735044,3272.0,0.392935,3.1411,0.49863579237676314
TOI-1807 b,TOI-1807,1.49681583,1.6054298910365616,0.0,1694.1,0.0122,4914.0,0.8048,2.1,0.38601566942184495
TOI-181 b,TOI-181,6.9559,0.5631523839437581,0.1543,895.1,0.0539,4994.0,0.822,5.4,0.23622696356045297
TOI-1811 b,TOI-1811,11.14172682,0.8020015854720274,0.052,962.2,0.04389,4766.0,0.817,5.9,0.23835367793247741
TOI-1820 b,TOI-1820,12.778238,1.0986122886681096,0.043,1375.0,0.061,5734.0,1.04,11.0,0.19611891016641358
TOI-1823 b,TOI-1823,7.5406241,0.6205764877251099,0.0,423.63,0.212,4927.0,0.8413999999999999,6.3,0.38709187483532925
TOI-1824 b,TOI-1824,2.7438269,1.6563214983329508,0.0,528.67,0.151,5165.0,0.8801,2.5,0.43449930455307
TOI-1836 b,TOI-1836,8.00321222,0.3435897043900769,0.0,966.0,0.1597,6380.0,1.307,6.6,0.24612469608172424
TOI-1836 c,TOI-1836,2.59987579,1.3862943611198906,0.0,2007.6,0.03089,6237.0,1.2518,3.2,0.28756402771114886
TOI-1842 b,TOI-1842,12.3485023,0.2311117209633866,0.276,1199.55,0.1,6039.0,1.4642999999999995,2.5,0.18527648642672293
TOI-1846 b,TOI-1846,1.792,1.547562508716013,0.05835,568.1,0.03646,3568.0,0.418,7.2,0.45288065670338873
TOI-1853 b,TOI-1853,3.46,2.3739750890807185,0.03,1479.0,0.0213,4985.0,0.8370000000000001,4.628,0.31545697350992974
TOI-1855 b,TOI-1855,18.49481816,0.2700271372130601,0.033,1701.0,0.02398,5359.0,0.987,8.2,0.21307132128680525
TOI-1859 b,TOI-1859,9.75181321,0.3407487933884732,0.57,615.0,0.337,6341.0,1.287,1.41,0.2392080307354319
TOI-1860 b,TOI-1860,1.31,1.8794650496471603,0.086,1885.0,0.0204,5752.0,0.99,0.133,0.36674188089034815
TOI-1883 b,TOI-1883,5.65,0.6037693694087286,0.0844999999999999,524.92,0.0468,3477.0,0.492,8.263,0.3196700313464138
TOI-1898 b,TOI-1898,9.39553231,0.6151856390902335,0.485,674.54,0.269,6241.0,1.2484,3.1,0.23927704035465075
TOI-1899 b,TOI-1899,11.09689089,0.6151856390902335,0.044,378.0,0.1525,3926.0,0.632,7.1,0.41224354646037525
TOI-1937 A b,TOI-1937 A,13.97759893,0.8241754429663495,0.0,2097.0,0.01932,5814.0,1.072,3.6,0.219101787560134
TOI-198 b,TOI-198,1.44,1.776645831418007,0.02256,368.0,0.1,3650.0,0.467,5.3,0.601785620624392
TOI-199 b,TOI-199,9.07927437,0.3343270802748248,0.09,358.0,0.4254,5255.0,0.9360000000000002,0.8,0.43756117483884815
TOI-199 c,TOI-199,11.4,0.2851789422336624,0.096,448.9,0.8069999999999999,5255.0,0.9360000000000002,0.8,0.6107697370002261
TOI-2000 b,TOI-2000,2.7,1.4036429994545037,0.0,1488.0,0.04271,5611.0,1.082,5.3,0.2922382979526823
TOI-2000 c,TOI-2000,8.14,0.6037693694087286,0.063,1038.0,0.0878,5611.0,1.082,5.3,0.233154754971526
TOI-201 b,TOI-201,11.82547464,0.5031965966014996,0.318,759.0,0.3026,6394.0,1.316,0.87,0.2207159573179685
TOI-2010 b,TOI-2010,11.81426566,0.8586616190375187,0.212,400.2,0.5516,5929.0,1.112,1.9,0.38750151922867887
TOI-2015 b,TOI-2015,3.309,0.8754687373538999,0.0789,530.9,0.029322,3297.0,0.3040999999999999,5.5,0.32131220668154886
TOI-2015 c,TOI-2015,2.93,1.0818051703517284,0.00033,448.0,0.041232,3297.0,0.3040999999999999,5.5,0.37416735375045246
TOI-2018 b,TOI-2018,2.268,1.673351238177753,0.0,576.34,0.102,4174.0,0.57,3.9215,0.4603705628766931
TOI-2019 b,TOI-2019,5.33275337,0.8109302162163288,0.0,917.46,0.128,5626.0,1.1832,6.4,0.2726910819439649
TOI-2025 b,TOI-2025,11.89272852,1.556037135706985,0.394,1166.0,0.0892,5977.0,1.199,4.5,0.1765680114196124
TOI-2031 A b,TOI-2031 A,14.20177855,0.3987761199573678,0.076,1358.0,0.066,6490.0,1.174,2.0,0.20308992358196903
TOI-2046 b,TOI-2046,16.14093221,0.6703901934373291,0.1064799999999999,1828.82,0.102,6250.0,1.13,0.45,0.17065809171657415
TOI-2048 b,TOI-2048,2.61,1.181727195378616,0.13,646.0,0.102,5185.0,0.83,0.3,0.31427264635089136
TOI-206 b,TOI-206,1.3,1.88706964903238,0.0133759999999999,910.0,0.0112,3383.0,0.35,4.636,0.4324242072556707
TOI-2068 b,TOI-2068,1.821,1.5282278570085572,0.0694,520.62,0.0632,3710.0,0.559,7.0,0.46618845959706623
TOI-2076 b,TOI-2076,2.39,1.62924053973028,0.0,738.0,0.0682,5201.0,0.883,0.338,0.3601792313289016
TOI-2076 c,TOI-2076,3.69441587,1.9459101490553128,0.0,543.16,0.142,5192.0,0.8556999999999999,2.7,0.4414147293272896
TOI-2076 d,TOI-2076,3.43087751,1.6094379124341005,0.0,457.68,0.199,5192.0,0.8556999999999999,2.7,0.4451281539011337
TOI-2076 e,TOI-2076,1.355,1.840549633397487,0.043,1138.0,0.0385,5192.0,0.8556999999999999,0.21,0.38622881700924483
TOI-2081 b,TOI-2081,2.04,1.415853163361435,0.1113,488.0,0.0752,3800.0,0.54,2.482,0.4527373254490297
TOI-2084 b,TOI-2084,2.47,1.2325602611778486,0.13587,527.0,0.05006,3551.0,0.4529999999999999,7.5,0.3779936609872124
TOI-2088 b,TOI-2088,3.6831179,1.0986122886681096,0.0,300.33,0.472,5081.0,0.9027,4.5,0.6389814609206088
TOI-2093 b,TOI-2093,3.25,0.9932517730102834,0.0,535.0,0.097,4426.0,0.745,6.6,0.368425084555218
TOI-2093 c,TOI-2093,2.3,2.079441541679836,0.0,329.0,0.257,4426.0,0.745,6.6,0.6372499115037713
TOI-2095 b,TOI-2095,1.25,1.269760544863939,0.0,347.0,0.101,3759.0,0.44,1.0,0.5628654511335882
TOI-2095 c,TOI-2095,1.33,1.269760544863939,0.0,297.0,0.137,3759.0,0.44,1.0,0.7230547022491266
TOI-2096 b,TOI-2096,1.243,1.9387416595767009,0.15,445.0,0.025,3300.0,0.231,4.0,0.5253505822431035
TOI-2096 c,TOI-2096,1.914,1.47932922708708,0.1,349.0,0.04,3300.0,0.231,4.0,0.5304600189383909
TOI-2107 b,TOI-2107,13.57407563,0.4555243079809012,0.033,1397.0,0.03515,5627.0,0.961,4.0,0.21758744629244517
TOI-2120 b,TOI-2120,2.122,1.269760544863939,0.32,384.0,0.0377,3131.0,0.211,3.645000000000001,0.46097947569022646
TOI-2128 b,TOI-2128,2.08874836,1.3029127521808397,0.0,780.53,0.127,5968.0,1.0251,4.7,0.3816315746458697
TOI-2133 b,TOI-2133,2.37,1.269760544863939,0.048,798.0,0.041,4250.0,0.644,6.221000000000001,0.33596633254011
TOI-2134 b,TOI-2134,2.69,1.282876401921402,0.06,666.0,0.078,4580.0,0.744,3.8,0.35569415821431216
TOI-2136 b,TOI-2136,2.19,1.4678743481123135,0.0,395.0,0.057,3342.0,0.3399999999999999,4.6,0.5105690509689184
TOI-2141 b,TOI-2141,3.147,1.5129270120532563,0.21,728.0,0.1322,5635.0,0.8960000000000001,9.0,0.32180302502727215
TOI-2141 c,TOI-2141,2.35,1.2809338454620645,0.0548999999999999,1095.0,0.0585,5635.0,0.8960000000000001,9.0,0.3004263206814934
TOI-2141 d,TOI-2141,3.97,0.8372475245337022,0.11273,491.4,0.2906,5635.0,0.8960000000000001,9.0,0.36433830390496563
TOI-2145 b,TOI-2145,12.24020692,1.8468787684491343,0.214,1484.0,0.1117,6206.0,1.7099999999999995,1.6,0.17359818053571974
TOI-2152 A b,TOI-2152,14.35870428,0.982078472412158,0.057,1802.0,0.05064,6630.0,1.516,0.83,0.17637939842360648
TOI-2154 b,TOI-2154,16.28664896,0.3148107398400335,0.117,1580.0,0.0513,6280.0,1.233,2.9,0.1957841184715024
TOI-2158 b,TOI-2158,10.76062147,0.76080582903376,0.07,1188.0,0.075,5673.0,1.12,8.0,0.21866387620857577
TOI-216.01,TOI-216,10.1,0.5653138090500605,0.0046,497.0,0.2069,5026.0,0.77,6.197,0.3718932622444501
TOI-216.02,TOI-216,8.0,0.2926696139628199,0.16,628.0,0.1293,5026.0,0.77,4.117,0.29655569109195457
TOI-2169 A b,TOI-2169 A,12.50922246,0.6523251860396903,0.045,1364.0,0.0896,6270.0,1.4199999999999997,2.51,0.21131917374065268
TOI-2180 b,TOI-2180,11.32107051,1.463255402256019,0.3683,348.0,0.8279999999999998,5695.0,1.111,8.1,0.39382302459261387
TOI-2184 b,TOI-2184,11.39953337,0.5653138090500605,0.08,1676.05,0.102,5966.0,1.53,2.3,0.20461737335638053
TOI-2193 A b,TOI-2193 A,19.83989584,0.0582689081239757,0.0,1763.0,0.03319,5966.0,1.082,5.5,0.21883475841740663
TOI-2194 b,TOI-2194,1.9892,1.4398351280479205,0.006,590.88,0.102,4756.0,0.74,3.878,0.4486706609695502
TOI-2196 b,TOI-2196,3.51,1.4609379041156565,0.0,1860.0,0.02234,5634.0,1.032,4.5,0.28103478324852427
TOI-220 b,TOI-220,3.03,1.316408233655724,0.032,805.0,0.08911,5298.0,0.825,10.1,0.31328549385549154
TOI-2202 b,TOI-2202,10.95117414,0.7884573603642702,0.022,652.07,0.09564,5169.0,0.841,6.4,0.3061906547456521
TOI-2202 c,TOI-2202,13.4,0.2374408560150342,0.0622,636.9110000000001,0.15544,5144.0,0.823,7.48,0.3167997804141771
TOI-2207 b,TOI-2207,11.1529358,0.5877866649021191,0.174,1259.0,0.0853999999999999,6101.0,1.296,3.3,0.1957769448298285
TOI-2211.01,TOI-2211,1.561,1.6900958154515549,0.0,1056.92,0.04011,5253.0,0.9,3.401,0.4135347368867651
TOI-2236 b,TOI-2236,14.36991326,0.6575200029167942,0.0,1688.0,0.05009,6248.0,1.343,2.52,0.21634877188998852
TOI-2257 b,TOI-2257,2.194,1.3454723665996355,0.496,256.0,0.1449999999999999,3430.0,0.328,2.854,0.8057027706828837
TOI-2266 b,TOI-2266,1.54,1.7047480922384253,0.0002,550.0,0.02,3200.0,0.23,0.3,0.4590919197073463
TOI-2274 b,TOI-2274,2.45,1.2383742310432684,0.0527,771.46,0.05,3943.0,0.612,4.717,0.3357292208367514
TOI-2285 b,TOI-2285,1.77,1.269760544863939,0.3,358.0,0.1363,3491.0,0.454,3.839,0.6042494593552399
TOI-2295 b,TOI-2295,16.47720163,0.2926696139628199,0.334,747.0,0.1992,5730.0,1.168,10.5,0.2261150621176598
TOI-2295 c,TOI-2295,12.8,1.7351891177396608,0.194,234.9,2.018,5730.0,1.168,10.5,0.737451809488141
TOI-2322 b,TOI-2322,0.994,2.6210388241125804,0.0,603.1,0.0924,4664.0,0.703,3.9,0.5158893430669601
TOI-2322 c,TOI-2322,1.874,2.753023566744941,0.0,496.8,0.1362,4664.0,0.703,3.9,0.5350453924738571
TOI-2328 b,TOI-2328,9.97599282,0.2546422183735807,0.057,842.0,0.127,5525.0,0.95,4.0,0.267267965873957
TOI-2337 b,TOI-2337,10.08808263,1.3137236682850553,0.019,1272.46,0.102,4780.0,1.325,4.9,0.2194756479724672
TOI-2345 b,TOI-2345,1.504,1.8931119634883424,0.0749,1478.0,0.01705,4687.0,0.727,6.3,0.3992305742909522
TOI-2345 c,TOI-2345,2.451,1.3110318766193438,0.0584999999999999,544.0,0.1257,4687.0,0.727,6.3,0.40798396479009624
TOI-2346 b,TOI-2346,16.11851425,0.418710334858185,0.086,1689.0,0.0473,6480.0,1.271,1.9,0.19553846357209245
TOI-2364 b,TOI-2364,8.60849718,0.4762341789963716,0.0,1091.0,0.04871,5306.0,0.954,3.5,0.23838420150285472
TOI-2368 b,TOI-2368,10.83908434,0.6312717768418579,0.061,1000.0,0.05649,5360.0,0.8969999999999999,4.2,0.23628007831026965
TOI-237 b,TOI-237,1.44,1.776645831418007,0.0,388.0,0.0341,3212.0,0.179,4.5,0.6020631012109661
TOI-2373 b,TOI-2373,10.42435205,2.734367509419584,0.112,860.0,0.112,5651.0,1.041,5.9,0.2486614091161513
TOI-2374 b,TOI-2374,6.81,0.6830968447064438,0.13,885.0,0.0471,4802.0,0.75,4.1,0.2390181174313214
TOI-2379 b,TOI-2379,11.72459381,1.9754689512968573,0.342,624.0,0.0526299999999999,3707.0,0.645,10.4,0.23693832598319947
TOI-238 b,TOI-238,1.559,2.0541237336955462,0.18,1378.0,0.0212,5059.0,0.7809999999999999,7.9,0.38557860432374075
TOI-238 c,TOI-238,2.18,1.0402767116551463,0.36,696.0,0.0749,5059.0,0.79,4.3,0.32563608594538457
TOI-2382 b,TOI-2382,12.25141591,0.5187937934151676,0.18,1426.0,0.059,6033.0,1.26,3.1,0.19088937776277048
TOI-2384 b,TOI-2384,11.48920522,1.181727195378616,0.0,889.7,0.02793,3943.0,0.635,9.4,0.2380871921616691
TOI-2406 b,TOI-2406,2.86,1.269760544863939,0.17,449.0,0.02267,3100.0,0.166,4.248,0.3891883619702811
TOI-2407 b,TOI-2407,4.26,0.7839015438284094,0.08,705.0,0.033,3530.0,0.548,4.05861,0.28543807776152846
TOI-2411 b,TOI-2411,1.68,1.6114359150967734,0.1493,1355.0,0.0144,4099.0,0.65,4.6005,0.3439268453725457
TOI-2416 b,TOI-2416,9.86390302,1.8562979903656265,0.32,1080.0,0.0831,5808.0,1.118,4.9,0.19150772332254784
TOI-2420 b,TOI-2420,15.02003414,0.3900130035492427,0.055,1571.6,0.0684,5707.0,1.158,5.3,0.21094052951522518
TOI-2421 b,TOI-2421,10.36830715,0.418710334858185,0.0,1534.0,0.0543,5607.0,1.131,7.5,0.22200544863000218
TOI-2427 b,TOI-2427,1.8,1.541159071680806,0.098032,1117.0,0.0202,4072.0,0.64,4.5485,0.3479645139909942
TOI-244 b,TOI-244,1.52,1.6486586255873816,0.0593,458.0,0.0559,3433.0,0.428,7.0,0.5226350627820504
TOI-2443 b,TOI-2443,2.363,1.0986122886681096,0.301,519.0,0.105,4375.0,0.642,7.5,0.3709730246031187
TOI-2445 b,TOI-2445,1.25,1.9329696377795784,0.016866,1060.0,0.0064,3333.0,0.25,4.279000000000001,0.4121327573007108
TOI-2447 b,TOI-2447,9.60609646,0.5732368838873878,0.17,414.0,0.347,5730.0,1.034,2.1,0.3532096118060847
TOI-2449 b,TOI-2449,11.24,0.620038708739307,0.098,400.0,0.45,6021.0,1.079,2.5,0.37620826778248423
TOI-2458 b,TOI-2458,2.83,1.4422019930581866,0.087,1509.4,0.0482,6005.0,1.05,5.7,0.2718585854791581
TOI-2458 c,TOI-2458,3.18,1.01160091167848,0.29,848.6470000000002,0.129,6005.0,1.05,5.7,0.2567554619268762
TOI-2459 b,TOI-2459,2.9531,1.075002423028976,0.0264,445.01,0.102,4195.0,0.6599999999999999,5.182,0.3930759201303059
TOI-2485 b,TOI-2485,12.1393261,1.2119409739751128,0.0341,1134.0,0.1093,6016.4,1.163,6.0,0.22630690985095714
TOI-2497 b,TOI-2497,11.14172682,1.9600947840472696,0.195,1595.0,0.1166,7360.0,1.859,1.0,0.1442407418689248
TOI-2498 b,TOI-2498,6.06,0.6205764877251099,0.089,1443.0,0.0491,5905.0,1.12,3.6,0.2115018128616893
TOI-251 b,TOI-251,2.74,1.269760544863939,0.0,1041.19,0.05741,5875.0,1.036,0.18,0.2633229270452229
TOI-2524 b,TOI-2524,11.2089807,0.5822156198526637,0.0,1100.0,0.073,5831.0,1.007,6.7,0.2368773060972657
TOI-2525 b,TOI-2525,8.67575106,0.2029408439966903,0.17,512.97,0.1511,5096.0,0.8489999999999999,3.99,0.32243418967707776
TOI-2525 c,TOI-2525,10.13291855,0.7466879474879752,0.157,399.96,0.249,5096.0,0.8489999999999999,3.99,0.376846787230607
TOI-2529 b,TOI-2529,11.54525012,1.297463147413275,0.021,636.0,0.3269999999999999,5802.0,1.11,7.23,0.31549786935114843
TOI-2537 b,TOI-2537,11.25381662,0.9555114450274363,0.364,338.0,0.3714999999999999,4870.0,0.7710000000000001,1.1,0.4489803803117065
TOI-2537 c,TOI-2537,12.7,1.9685099809725544,0.287,123.1,2.78,4870.0,0.7710000000000001,1.1,0.25333539514095377
TOI-2545 b,TOI-2545,2.75,1.1346227261911428,0.0259,1022.99,0.102,5846.29,1.055,6.960000000000001,0.2897610514054288
TOI-2567 b,TOI-2567,10.92875618,0.2382291887322506,0.0,1352.0,0.0672,5611.0,1.13,7.6,0.22503617906471263
TOI-257 b,TOI-257,7.16253867,0.5007752879124893,0.0,1027.0,0.1528,6095.0,1.407,3.015,0.24309523904520375
TOI-2570 b,TOI-2570,13.64132951,0.4466070514393395,0.0,1431.0,0.04145,5771.0,1.063,4.4,0.22283524344775296
TOI-2583 A b,TOI-2583 A,14.4595851,0.1345308929576061,0.0,1456.0,0.0571,5936.0,1.215,4.4,0.22141995146965326
TOI-2587 A b,TOI-2587 A,12.07207221,0.1955667835439752,0.0,1445.0,0.0635,5760.0,1.15,6.7,0.22263330107287288
TOI-2589 b,TOI-2589,12.10569916,1.4929040961781488,0.522,592.0,0.3,5579.0,0.9300000000000002,11.0,0.2639960774446236
TOI-261.01,TOI-261,3.0449863,1.0473189942805592,0.1674999999999999,1722.49,0.034792189,5890.3,0.496728,9.988,0.21587388947095304
TOI-261.02,TOI-261,3.34822227,0.9707789171582246,0.0293,1007.53,0.102,5890.3,1.069,6.757,0.27118817369856424
TOI-262 b,TOI-262,2.07,1.4011829736136412,0.0,584.0,0.163,5310.0,0.913,0.8,0.4218932493749406
TOI-2641 b,TOI-2641,18.10250383,0.0880108773227133,0.18,1387.0,0.0607,6100.0,1.16,10.8,0.17243103577923863
TOI-2669 b,TOI-2669,19.72780603,0.1301506844650451,0.09,1226.0,0.102,4800.0,1.19,5.9,0.20760823098080483
TOI-269 b,TOI-269,2.77,1.1878434223960523,0.425,531.0,0.0345,3514.0,0.3916999999999999,2.662,0.31763376350064376
TOI-270 b,TOI-270,1.28,1.587192303486781,0.0167,600.0,0.03197,3506.0,0.386,5.862,0.47726412553290687
TOI-270 c,TOI-270,2.33,1.308332819650179,0.0044,489.0,0.04526,3506.0,0.386,3.791,0.43016828356182824
TOI-270 d,TOI-270,2.0,1.3609765531356006,0.0066,383.0,0.0721,3506.0,0.386,5.7410000000000005,0.52654073319357
TOI-2714 b,TOI-2714,13.72,0.3987761199573678,0.164,1603.0,0.036,5665.0,1.07,5.5,0.19330253312960805
TOI-2719 b,TOI-2719,5.98,0.5698489642154517,0.1618,1710.0,0.102,5762.0,1.02,7.959999999999999,0.20194375900679906
TOI-2768 b,TOI-2768,2.63,1.175573329804238,0.1519999999999999,855.0,0.027,4008.0,0.63,4.492,0.2825847969147102
TOI-277 b,TOI-277,2.65,1.169381359556317,0.1286,587.92,0.0269,4031.0,0.16,4.3867,0.3381584457088788
TOI-2796 b,TOI-2796,17.26183028,0.1397619423751586,0.0,1205.0,0.0569,5764.0,1.063,4.0,0.23017718769322998
TOI-2803 A b,TOI-2803 A,18.11371281,0.2523139286139896,0.0,1893.0,0.03185,6280.0,1.118,3.7,0.21529222383010968
TOI-2818 b,TOI-2818,15.27784069,0.2926696139628199,0.0,1376.0,0.0493,5721.0,0.977,9.5,0.21413633682075284
TOI-283 b,TOI-283,2.34,1.3376291891386096,0.0,661.0,0.123,5213.0,0.8,10.4,0.38151438167413515
TOI-2842 b,TOI-2842,12.84549188,0.2654364635044612,0.0,1471.0,0.0475,5910.0,1.1349999999999998,4.7,0.22139278777853647
TOI-286 b,TOI-286,1.42,2.2648832258100344,0.0,979.0,0.0503,5152.0,0.8319999999999999,4.51,0.4480311926665291
TOI-286 c,TOI-286,1.88,1.4085449700547104,0.0,475.0,0.213,5152.0,0.8319999999999999,3.45,0.5038250010915164
TOI-2876 b,TOI-2876,9.6397234,0.2851789422336624,0.13,929.0,0.0654,5271.0,0.939,3.8,0.23413399664916337
TOI-2886 b,TOI-2886,18.6405349,0.3199072197465178,0.11,1978.0,0.02871,6240.0,1.229,1.7,0.1898406202145485
TOI-2969 b,TOI-2969,12.32987877,0.7419373447293773,0.0,1186.0,0.0261,4738.0,0.71,7.766999999999999,0.22660953232081094
TOI-2977 b,TOI-2977,13.15934334,0.8241754429663495,0.0,1544.0,0.03386,5691.0,0.9360000000000002,9.8,0.2096853581360894
TOI-2981 b,TOI-2981,13.4,0.9001613499442714,0.035,1358.0,0.048,5940.0,1.03,4.5,0.21656712113476545
TOI-2986 b,TOI-2986,9.292245,0.5068176023684519,0.14,1622.0,0.04489,5906.0,1.122,6.3,0.19555718933751606
TOI-2989 b,TOI-2989,12.55405838,1.308332819650179,0.0,1001.0,0.0384,4672.0,0.77,4.675000000000001,0.2435506915571633
TOI-2992 b,TOI-2992,13.75341932,1.172482137234565,0.089,1726.0,0.0434,6000.0,1.21,4.6,0.20239403206143747
TOI-3023 b,TOI-3023,16.43236571,0.2191355299166709,0.0,1596.0,0.0505,5760.0,1.12,7.0,0.22096944181428724
TOI-3071 b,TOI-3071,7.16,0.7030975114131134,0.09,2155.0,0.0249,6177.0,1.29,0.95,0.1804384827797093
TOI-3082 b,TOI-3082,3.6621,0.8960880245566356,0.1617,1032.78,0.102,4263.0,0.6639999999999999,7.362999999999999,0.26211436864662896
TOI-3135 b,TOI-3135,13.65253849,0.5306282510621704,0.24,1292.0,0.04756,5890.0,1.044,1.8,0.18353929446281483
TOI-3160 A b,TOI-3160 A,13.7646283,0.5822156198526637,0.18,1539.0,0.0505,6190.0,1.088,5.5,0.18780908871606672
TOI-3235 b,TOI-3235,11.39953337,0.5766133643039938,0.029,604.0,0.02709,3388.8,0.3939,6.289,0.2990450158372827
TOI-3261 b,TOI-3261,3.82,1.3862943611198906,0.0,1722.0,0.01714,5068.0,0.861,6.5,0.27385587077522616
TOI-3288 b,TOI-3288,11.2089807,1.2809338454620645,0.0,1059.0,0.0215,3933.0,0.64,8.290000000000001,0.22234414792425425
TOI-329 b,TOI-329,4.94057819,1.043804052173115,0.39,1213.02,0.0638,5614.0,1.0678,8.7,0.1979962843469512
TOI-332 b,TOI-332,3.2,2.360854001118021,0.0,1871.0,0.0159,5251.0,0.8800000000000001,5.0,0.3222244900995054
TOI-3321 b,TOI-3321,15.55806521,0.2271355725837472,0.054,1616.0,0.047,5850.0,1.041,8.1,0.20944351688238927
TOI-333 b,TOI-333,4.26,0.8837675401685949,0.0,1445.0,0.049,6241.0,1.2,1.0,0.2241608111307151
TOI-3331 A b,TOI-3331 A,12.97999965,1.0367368849500225,0.0,1488.0,0.03144,5609.0,1.016,2.1,0.2225277594901627
TOI-3353.01,TOI-3353,2.6667555,1.1631508098056809,0.00809,1264.36,0.060118218,6365.0,1.332089,1.6,0.2684595103565934
TOI-3364 b,TOI-3364,12.22899794,0.9555114450274363,0.0,1264.0,0.0675,5706.0,1.186,5.4,0.22767988904125291
TOI-3464 b,TOI-3464,13.7646283,0.6043159668533296,0.25,1693.0,0.0515,6370.0,1.3630000000000002,2.1,0.17547160790603428
TOI-3474 b,TOI-3474,14.67255574,0.2904282981198061,0.13,1451.0,0.0502,6020.0,1.121,4.7,0.19792712206559138
TOI-3486 b,TOI-3486,10.5700688,0.3784364357202451,0.078,1190.0,0.03138,4930.0,0.8370000000000001,5.8,0.21438369260357237
TOI-3493 b,TOI-3493,3.22,0.904218150639886,0.0289999999999999,1102.0,0.102,5844.0,1.023,7.3,0.2619469592386591
TOI-3523 A b,TOI-3523 A,15.9727975,0.461845441544272,0.047,1984.0,0.03559,6450.0,1.131,4.3,0.20391873562309654
TOI-3568 b,TOI-3568,5.3,0.6830968447064438,0.035,899.0,0.0485,4969.0,0.78,6.1,0.2586094902584654
TOI-3593 b,TOI-3593,11.02963701,1.1969481893889715,0.105,1170.0,0.0481,5550.0,1.015,1.8,0.20984026406526743
TOI-3629 b,TOI-3629,8.29464572,0.5877866649021191,0.05,690.0,0.043,3870.0,0.63,7.0,0.27790644030539763
TOI-3682 b,TOI-3682,12.80065596,0.1663615372152252,0.22,1657.0,0.048,5703.0,1.32,4.2,0.18523983813082112
TOI-3688 A b,TOI-3688 A,13.08088048,0.5653138090500605,0.0,1534.0,0.0456,5950.0,1.199,3.3,0.22034948492645018
TOI-3693 b,TOI-3693,12.59889431,0.636576829071551,0.0,801.0,0.0813,5321.0,0.867,3.0,0.27992573364572204
TOI-3714 b,TOI-3714,11.32107051,0.6151856390902335,0.03,750.0,0.027,3660.0,0.53,2.9,0.2641399473077334
TOI-375 b,TOI-375,10.77183045,0.7114781372446687,0.087,1373.0,0.099,5259.9,1.441,2.94,0.2081869078162098
TOI-375 c,TOI-375,13.4,0.9282193027394288,0.21286,596.0,0.524,5259.9,1.441,2.94,0.2971091338738099
TOI-375 d,TOI-375,13.6,0.6795552270404783,0.1428,434.0,0.984,5259.9,1.441,2.94,0.3750681783872406
TOI-3757 b,TOI-3757,12.0,0.2390169004704999,0.14,759.0,0.03845,3913.0,0.64,7.1,0.2471461033437333
TOI-3785 b,TOI-3785,5.14,0.4762341789963716,0.11,582.0,0.043,3576.0,0.52,8.0,0.30201237049471413
TOI-3807 b,TOI-3807,18.49481816,0.2538667239570503,0.0,1646.0,0.0421,5772.0,1.181,5.6,0.2206104752906735
TOI-3819 b,TOI-3819,13.13692538,0.6151856390902335,0.0,1633.0,0.04611,5859.0,1.2419999999999998,4.5,0.22020478388245296
TOI-3837 b,TOI-3837,10.87271128,0.598836501088704,0.221,1178.0,0.099,5905.0,0.89,11.2,0.1762708220839534
TOI-3856 b,TOI-3856,13.59649359,0.3155404005801773,0.083,1544.0,0.0325,5622.0,1.096,2.6,0.20658279139423166
TOI-3877 b,TOI-3877,11.67975789,0.29416103854949,0.22,1445.0,0.0529,5731.0,1.16,5.9,0.18718268315012263
TOI-3884 b,TOI-3884,6.43,0.5128236264286637,0.06,441.0,0.0361,3180.0,0.298,8.200000000000001,0.35292572546242174
TOI-3894 b,TOI-3894,15.27784069,0.3364722366212129,0.05,1531.0,0.05354,6000.0,1.138,5.7,0.21046334254920937
TOI-3912 b,TOI-3912,14.28024141,0.217527812528574,0.0,1512.0,0.0463,5725.0,1.088,7.5,0.22188936355758165
TOI-3919 b,TOI-3919,12.31866979,1.5325568680981427,0.259,1198.0,0.0795,6100.0,1.208,3.1,0.18766377587195032
TOI-3976 A b,TOI-3976 A,12.27383387,0.1527210870176639,0.0,1295.0,0.0743,5975.0,1.254,3.8,0.22492820901659502
TOI-3980 b,TOI-3980,14.4595851,0.2231435513142097,0.16,1621.0,0.0494,5840.0,1.2400000000000002,4.7,0.19302374518407706
TOI-3984 A b,TOI-3984 A,7.9,0.3987761199573678,0.23,563.0,0.041,3476.0,0.49,2.9,0.28363403853824476
TOI-4010 b,TOI-4010,3.02,1.1631508098056809,0.03,1441.0,0.0229,4960.0,0.8800000000000001,6.1,0.2596951204433102
TOI-4010 c,TOI-4010,5.93,0.4054651081081644,0.03,907.0,0.058,4960.0,0.8800000000000001,6.1,0.25622925667766805
TOI-4010 d,TOI-4010,6.18,0.6418538861723948,0.07,650.0,0.1129999999999999,4960.0,0.8800000000000001,6.1,0.30591266400848977
TOI-4010 e,TOI-4010,13.3,0.9631743177730056,0.26,174.0,1.5700000000000005,4960.0,0.8800000000000001,6.1,0.3392039471512549
TOI-406 c,TOI-406,1.32,1.7749523509116738,0.032,584.0,0.0322,3392.0,0.408,5.747999999999999,0.49439670318542556
TOI-406.01,TOI-406,2.08,1.62924053973028,0.056,368.0,0.0809,3392.0,0.408,5.112699999999999,0.5537513918501079
TOI-4087 b,TOI-4087,13.04725353,0.4510756193602167,0.0,1458.0,0.04469,6060.0,1.178,0.8,0.1963586711316536
TOI-411 b,HD 22946,1.362,2.993730270883318,0.126,1241.0,0.05727,6169.0,1.098,2.5,0.40205031443196176
TOI-411 c,HD 22946,2.328,1.423108334242607,0.16,931.0,0.1017,6169.0,1.098,2.5,0.3161256598618153
TOI-4137 b,TOI-4137,13.57407563,0.6981347220709844,0.0,1570.0,0.05222,6202.0,1.3130000000000002,2.1,0.2176374649956687
TOI-4145 A b,TOI-4145 A,13.30506009,0.2776317365982795,0.0,1074.0,0.04823,5281.0,0.905,4.7,0.23970353493287488
TOI-4153 b,TOI-4153,16.11851425,0.3900130035492427,0.039,1669.0,0.06311,6860.0,1.572,0.4,0.16741612582679616
TOI-4155 b,TOI-4155,3.21,1.0043016091968684,0.0659999999999999,1255.0,0.102,5724.0,1.16,2.2161,0.25429199732261176
TOI-4184 b,TOI-4184,2.43,1.247032293786383,0.047033,412.0,0.0336,3238.0,0.2109,6.7,0.45185907871146824
TOI-4201 b,TOI-4201,13.67495645,1.0367368849500225,0.041,725.0,0.04,3794.0,0.61,1.4,0.25791609732532583
TOI-421 b,TOI-421,2.64,1.1118700153400058,0.13,922.0,0.0554,5291.0,0.833,10.9,0.26718652848675206
TOI-421 c,TOI-421,5.09,0.4637069718412866,0.19,635.0,0.117,5291.0,0.833,10.9,0.2726293373422667
TOI-4214 b,TOI-4214,10.68215861,0.5538851132264376,0.17,1642.0,0.05018,6370.0,1.382,1.1,0.16826457098090603
TOI-4308 b,TOI-4308,2.4189,1.252762968495368,0.0,763.05,0.102,5243.0,0.9,1.3299999999999998,0.35070693471668746
TOI-431 b,TOI-431,1.28,2.19722457733622,0.0,1862.0,0.0113,4850.0,0.78,4.7975,0.41673899846703605
TOI-431 c,TOI-431,1.49,1.7404661748405044,0.0,867.0,0.052,4850.0,0.78,5.024,0.445268043550495
TOI-431 d,TOI-431,3.29,0.8586616190375187,0.0,633.0,0.098,4850.0,0.78,5.1770000000000005,0.3432329717094861
TOI-4329 b,TOI-4329,16.81347105,0.1527210870176639,0.068,2027.12,0.102,6000.0,1.538,2.39,0.20683920854213084
TOI-4336 A b,TOI-4336 A,2.137,1.0543120297715298,0.0,309.4,0.0849,3307.0,0.3059999999999999,6.7,0.6827799411331424
TOI-4336 A c,TOI-4336 A,1.251,1.6770965609079151,0.0,399.5,0.05092,3307.0,0.3059999999999999,6.7,0.5786493215248821
TOI-4342 b,TOI-4342,2.329,1.430311246536665,0.0,639.0,0.0519,3866.0,0.587,3.5029999999999992,0.3932612663563859
TOI-4342 c,TOI-4342,2.349,1.1019400787607845,0.0,514.0,0.0804,3866.0,0.587,4.788,0.4120043314401689
TOI-4364 b,TOI-4364,2.01,1.430311246536665,0.29,488.0,0.04753,3528.0,0.487,0.71,0.3850257155022779
TOI-4377 b,TOI-4377,15.10970598,0.6318035503188933,0.045,1162.08,0.0579,4974.0,1.36,3.88,0.21896133960009817
TOI-4379 b,TOI-4379,16.69017226,0.3492474281099357,0.018,1869.38,0.102,6020.0,1.372,4.51,0.21706950299008426
TOI-4406 b,TOI-4406,11.2089807,0.3162695293036934,0.15,904.0,0.201,6219.0,1.19,2.9,0.23573934275063732
TOI-4438 b,TOI-4438,2.52,1.0473189942805592,0.14,435.0,0.0534,3422.0,0.368,5.1,0.40629793478816895
TOI-444 b,TOI-444,2.77,1.128171090909654,0.014,609.0,0.133,5225.0,0.96,0.57,0.3462463058127587
TOI-4443.01,TOI-4443,1.7193265,1.587192303486781,0.0,1638.82,0.029962645,5834.0,1.049133,3.224,0.3744872652864668
TOI-4463 A b,TOI-4463 A,13.26022417,0.4668737362368079,0.0,1395.0,0.04036,5640.0,1.056,4.1,0.22399307974905122
TOI-4465 b,TOI-4465,14.01122587,1.5539252025038417,0.24,427.0,0.4159999999999999,5545.0,0.9300000000000002,6.259,0.37496260022768374
TOI-4479 b,TOI-4479,2.82,1.11514159061932,0.16429,861.0,0.0164,3400.0,0.4519999999999999,3.188,0.2622564515094984
TOI-4487 A b,TOI-4487 A,14.60530185,0.5306282510621704,0.083,1639.0,0.05448,6206.0,1.378,2.45,0.20180311609630974
TOI-4495 b,TOI-4495,2.483,1.3110318766193438,0.078,1735.0,0.03957,6210.0,1.247,1.9,0.2733244015413359
TOI-4495 c,TOI-4495,4.03,1.0647107369924282,0.023,1365.0,0.06323,6210.0,1.247,1.9,0.24861886615282594
TOI-4504 b,TOI-4504,2.691,1.1537315878891892,0.0,1234.03,0.03392,5315.0,0.89,10.0,0.26820938023486784
TOI-4504 c,TOI-4504,11.09689089,1.75958057086382,0.032,182.8,0.3569,5315.0,0.89,10.0,0.4459555560011604
TOI-4504 d,TOI-4504,13.6,0.6851150088626811,0.0445,538.3,0.2219,5315.0,0.89,10.0,0.3322440138703388
TOI-4507 b,TOI-4507,8.2,0.1823215567939545,0.09,562.01,0.456,6260.0,1.11,0.7,0.32634477649733956
TOI-451 b,TOI-451,1.91,1.4816045409242156,0.0,1491.0,0.0283,5550.0,0.95,0.12,0.31511679192390485
TOI-451 c,TOI-451,3.1,1.0331844833456545,0.0,875.0,0.0823,5550.0,0.95,0.12,0.26520047043235145
TOI-451 d,TOI-451,4.07,0.8197798314933114,0.0,722.0,0.1208,5550.0,0.95,0.12,0.2835334976569793
TOI-4515 b,TOI-4515,12.17,1.078749659571858,0.461,705.0,0.118,5433.0,0.949,1.2,0.22562704592737326
TOI-4527.01,TOI-4527,0.9086617,1.80005827204275,0.043,1362.93,0.008332353,3702.0,0.483901,5.095,0.37333278190362057
TOI-4529 b,TOI-4529,1.77,1.7578579175523736,0.0533,511.0,0.102,3697.0,0.482,6.36,0.5577111029462011
TOI-4551 b,TOI-4551,11.85910158,1.007957920399979,0.101,1655.0,0.0994,4896.0,1.31,4.92,0.20084334451060873
TOI-4559 b,TOI-4559,1.415,1.7950872593207297,0.030786,554.16,0.0359,3558.0,0.392,7.0,0.5069400569322844
TOI-4582 b,TOI-4582,10.53644186,0.5827741230785748,0.51,614.66,0.102,5190.0,1.34,4.0521,0.2416980190879094
TOI-4600 b,TOI-4600,6.8,1.269760544863939,0.25,347.0,0.349,5170.0,0.89,2.3,0.42302383028479
TOI-4600 c,TOI-4600,9.42,1.269760544863939,0.21,191.0,1.152,5170.0,0.89,2.3,0.586935809543837
TOI-4602.01,TOI-4602,2.550449,1.2029723039923526,0.0,1380.27,0.05099712,6011.9,1.116795,3.28,0.2847841098390153
TOI-4603 b,TOI-4603,11.67975789,2.714694743820879,0.325,1677.0,0.0888,6264.0,1.765,1.64,0.1585728400605362
TOI-4633 c,TOI-4633,3.2,1.269760544863939,0.117,268.57,0.847,5800.0,1.1,1.3,0.6042905552694644
TOI-4638.01,TOI-4638,2.933,1.0784095813505905,0.0,779.83,0.093013,5700.0,1.02,1.4336,0.3121817024643084
TOI-4641 b,TOI-4641,8.18255591,1.269760544863939,0.074,950.11,0.173,6560.0,1.41,2.69,0.23187499414077273
TOI-4666 b,TOI-4666,12.44196858,0.494696241836107,0.0,713.0,0.0333,3512.0,0.58,6.853,0.2744484875815399
TOI-469.01,TOI-469,3.41,0.832909122935104,0.0,716.0,0.111,5289.0,0.901,11.2,0.29965626047980587
TOI-470 b,TOI-470,4.34,0.7747271675523681,0.057,660.0,0.119,5190.0,0.87,1.4,0.31109854808262594
TOI-4734 b,TOI-4734,10.9175472,0.2311117209633866,0.12,1468.0,0.074,6070.0,1.391,3.2,0.19878915162109917
TOI-4773 b,TOI-4773,15.22179579,1.289232648276759,0.024,2255.0,0.03216,6740.0,1.452,1.07,0.18489277064868584
TOI-4791 b,TOI-4791,12.44196858,1.128171090909654,0.0,1472.0,0.0555,6058.0,1.2419999999999998,3.3,0.22017797300756445
TOI-4794 b,TOI-4794,14.35870428,0.4510756193602167,0.1,1673.0,0.0492,6390.0,1.25,2.7,0.19652221180098567
TOI-480 b,TOI-480,2.85372018,1.776645831418007,0.0,1198.94,0.077,6174.0,1.2793,2.7,0.32404118932773673
TOI-481 b,TOI-481,11.09691,1.085189268335969,0.153,1370.0,0.097,5735.0,1.14,6.7,0.1996144734312392
TOI-4860 b,TOI-4860,8.7,0.5596157879354227,0.008,694.0,0.01808,3260.0,0.3399999999999999,4.5,0.274861960324407
TOI-4914 b,TOI-4914,12.87,0.4637340162321401,0.408,894.0,0.098,5805.0,1.03,5.3,0.20637221240291959
TOI-4940 b,TOI-4940,6.61,1.269760544863939,0.0820999999999999,643.0,0.165,5504.0,1.012,9.8,0.29687454768431465
TOI-4961 b,TOI-4961,12.34108775,0.982078472412158,0.182,919.0,0.0726,5380.0,0.912,8.0,0.22832462702369788
TOI-4994 b,TOI-4994,8.54124329,0.5766133643039938,0.319,717.6,0.1515,5640.0,1.005,6.3,0.25168696849401717
TOI-500 b,TOI-500,1.166,1.7732559976634952,0.063,1617.0,0.01189,4440.0,0.74,5.0,0.38740983641165705
TOI-500 c,TOI-500,2.09,1.3937663759585917,0.072,648.801,0.102,4440.0,0.74,5.0,0.4097083153121052
TOI-500 d,TOI-500,6.35,0.5370779949100564,0.016,540.556,0.102,4440.0,0.74,5.0,0.3357559992924687
TOI-500 e,TOI-500,3.99,0.832909122935104,0.073,393.4,0.102,4440.0,0.74,5.0,0.3660497562287668
TOI-5005 b,TOI-5005,6.25,0.5538851132264376,0.0186,1040.0,0.06614,5749.0,0.97,2.2,0.24307463515317507
TOI-5027 b,TOI-5027,10.76062147,1.3711807233098423,0.385,1056.0,0.0929999999999999,5909.0,1.02,0.4,0.15767699599363466
TOI-5076 b,TOI-5076,3.48935569,1.1249295969854831,0.0,550.0,0.1481,4780.0,0.7889999999999999,8.4,0.3787182936267201
TOI-5082.01,TOI-5082,2.54811,1.2029723039923526,0.0,1164.91,0.051204842,5670.0,0.99665,1.9265,0.2940508624820122
TOI-5108 b,TOI-5108,6.6,0.4700036292457356,0.1253,1180.0,0.073,5808.0,1.1,5.8,0.2113702215832188
TOI-512 b,TOI-512,1.54,1.8906825087274528,0.02,1009.0,0.102,5277.0,0.74,8.235,0.4426019706486443
TOI-5126 b,TOI-5126,4.74,0.712949807856125,0.0,1442.0,0.06519,6150.0,1.2400000000000002,0.8,0.2132890893599696
TOI-5126 c,TOI-5126,3.86,0.8586616190375187,0.0,971.0,0.1439,6150.0,1.2400000000000002,0.8,0.2510763354796865
TOI-5143 c,TOI-5143,16.25302201,1.269760544863939,0.0647,904.48,0.05602,5183.0,0.864,7.4,0.24634841850540173
TOI-5153 b,TOI-5153,11.88151954,1.47932922708708,0.091,906.0,0.158,6300.0,1.2400000000000002,5.4,0.23887016802438962
TOI-5174 b,TOI-5174,5.351,0.6360475885193725,0.2021,808.37,0.102,5643.77,1.0,6.604000000000001,0.25346473394644314
TOI-5181 A b,TOI-5181 A,13.34989601,0.5653138090500605,0.15,1585.0,0.0522,6060.0,1.25,4.1,0.19304726700854447
TOI-519 b,TOI-519,11.54525012,0.4446858212614457,0.33,687.0,0.0159,3322.0,0.3350000000000001,5.4,0.22804931628329422
TOI-5205 b,TOI-5205,11.6,0.7929925155296614,0.02,737.0,0.0199,3430.0,0.392,6.539999999999999,0.2658537392729716
TOI-521 b,TOI-521,1.98,1.5686159179138452,0.0,794.0,0.0195,3544.0,0.4199999999999999,0.8,0.3660955315163342
TOI-5210 b,TOI-5210,10.72699453,0.3104215594212703,0.066,1286.0,0.0557,5723.0,1.105,5.3,0.21438898210066637
TOI-5218 b,TOI-5218,9.86,1.269760544863939,0.0,783.0,0.0469,4230.0,0.739,6.7,0.27128784006020745
TOI-5232 b,TOI-5232,12.778238,1.085189268335969,0.035,1772.0,0.05593,6500.0,1.3889999999999998,2.37,0.20595592439244137
TOI-5238 b,TOI-5238,5.22,0.6502396795486688,0.2518,1042.0,0.102,5631.0,1.0,5.539000000000001,0.21926809726836413
TOI-5261 b,TOI-5261,11.60129502,2.631888840136646,0.1585,1244.0,0.05134,5790.0,1.037,4.2,0.2009910301357981
TOI-5293 A b,TOI-5293 A,11.9,0.4446858212614457,0.38,675.0,0.034,3586.0,0.54,2.9,0.2335399767163821
TOI-530 b,TOI-530,9.30345398,0.6575200029167942,0.0,565.0,0.052,3659.0,0.53,5.162,0.31967550500052533
TOI-5300 b,TOI-5300,9.86390302,0.7419373447293773,0.0,1043.0,0.0295,4610.0,0.67,7.301,0.23667148738310484
TOI-5301 b,TOI-5301,13.09208946,1.355835153635182,0.33,1648.0,0.073,6240.0,1.483,2.43,0.1683423662689282
TOI-5319 b,TOI-5319,2.83,1.1118575154181305,0.201,695.0,0.0506,3580.0,0.5,3.3300000000000005,0.314050237091108
TOI-532 b,TOI-532,5.82,1.000631880307906,0.0,867.0,0.0296,3927.0,0.639,7.1,0.265772150814919
TOI-5322 b,TOI-5322,16.6117094,0.1988508587451652,0.055,1350.0,0.0604,5692.0,0.998,9.7,0.2031312600670555
TOI-5340 b,TOI-5340,15.07607904,0.3576744442718158,0.13,1566.0,0.0628,5990.0,1.35,3.5,0.19684603528339528
TOI-5344 b,TOI-5344,10.60369574,0.4725005094443227,0.054,689.0,0.04041,3747.0,0.612,10.9,0.25672908857365007
TOI-5349 b,TOI-5349,10.2,0.5068176023684519,0.03,719.0,0.0369,3751.0,0.61,9.0,0.26599044094453245
TOI-5350 b,TOI-5350,12.41955062,1.9501867058225737,0.0165,1195.0,0.0796,6220.0,1.167,3.1,0.2237246428586703
TOI-5386 A b,TOI-5386 A,14.70618268,0.2374408560150342,0.072,1488.0,0.04856,6094.0,1.165,3.4,0.20620390235305142
TOI-5388.01,TOI-5388,0.99,2.5572273113676265,0.105686,488.0,0.024335855,3440.0,0.2919999999999999,4.627,0.4997891180267465
TOI-5398 b,TOI-5398,10.3,0.2546422183735807,0.13,947.0,0.098,6000.0,1.146,0.65,0.20270982155161765
TOI-5398 c,TOI-5398,3.52,0.9162907318741552,0.14,1242.0,0.057,6000.0,1.146,0.65,0.20323371222279074
TOI-540 b,TOI-540,0.903,1.7967470107390942,0.0,611.0,0.01223,3216.0,0.159,1.1,0.4587136911952559
TOI-544 b,TOI-544,2.018,1.075002423028976,0.0,999.0,0.0225,4169.0,0.631,9.0,0.3209760496692782
TOI-544 c,TOI-544,4.92,0.6891391591624065,0.32,437.426,0.102,4169.0,0.631,9.0,0.3189218875243594
TOI-5489 b,TOI-5489,1.4,1.8066480817218056,0.0365,624.0,0.102,3547.0,0.41,6.916,0.6087362966269148
TOI-5489 c,TOI-5489,1.28,1.9035989509835904,0.0389999999999999,536.0,0.102,3547.0,0.41,6.4510000000000005,0.6328561501686557
TOI-5542 b,TOI-5542,11.30986153,0.9555114450274363,0.018,441.0,0.332,5700.0,0.89,10.8,0.3178674835421655
TOI-5573 b,TOI-5573,9.75,0.5074198306311578,0.072,528.0,0.0712,3790.0,0.619,9.7,0.31005004541784326
TOI-558 b,TOI-558,12.17295304,1.5040773967762742,0.298,1061.0,0.1291,6466.0,1.3490000000000002,1.79,0.18476287608046094
TOI-559 b,TOI-559,12.22899794,1.908059924924216,0.151,1180.0,0.0723,5925.0,1.026,6.8,0.20455561549822565
TOI-5592 b,TOI-5592,17.14974047,0.1988508587451652,0.062,1789.0,0.03935,6237.0,1.194,3.6,0.20442619383316935
TOI-5616 b,TOI-5616,10.78,1.269760544863939,0.0,939.0,0.0272,3996.0,0.6660000000000001,7.2,0.23990594874853627
TOI-5634 A b,TOI-5634 A,10.42,1.269760544863939,0.0,837.0,0.0272,3896.0,0.556,7.4,0.25608287938369695
TOI-564 b,TOI-564,11.43318,0.9932517730102834,0.072,1714.0,0.02734,5640.0,0.998,7.3,0.20732516164863607
TOI-5678 b,TOI-5678,4.91,0.6564831961883539,0.14,513.0,0.249,5485.0,0.905,8.5,0.34645266659568874
TOI-5688 A b,TOI-5688 A,10.3,0.4762341789963716,0.128,742.0,0.03379,3713.0,0.6000000000000001,7.2,0.24999627736198748
TOI-5704 b,TOI-5704,3.2274,1.000631880307906,0.0365,949.07,0.102,4590.0,0.73,7.614,0.2918944085091115
TOI-5713 b,TOI-5713,1.77,1.55814461804655,0.24,347.2,0.06008,3225.0,0.2653,4.5,0.5741881142564035
TOI-5716 b,TOI-5716,0.96,1.827769906751088,0.0601,400.0,0.102,3436.0,0.19,3.15,0.8136228885368187
TOI-5720 b,TOI-5720,1.09,1.269760544863939,0.060426,708.0,0.018288,3325.0,0.383,5.0,0.4044846101628159
TOI-5726.01,TOI-5726,2.554,1.2029723039923526,0.0,1093.03,0.062186,5874.0,1.06,3.688,0.2985160880743859
TOI-5728 b,TOI-5728,1.31,1.8794650496471603,0.0273,382.0,0.102,3419.0,0.36,6.339699999999999,0.6979459747300774
TOI-5734 b,TOI-5734,2.76,1.1314021114911006,0.0632,788.0,0.0607,4790.0,0.736,6.058,0.31762472242478407
TOI-5736 b,TOI-5736,1.56,1.6882490928583902,0.098,1311.0,0.102,3949.0,0.57,3.895,0.42126743637352176
TOI-5786 b,TOI-5786,8.54,0.494696241836107,0.14493,1040.0,0.114,6235.0,1.23,2.5,0.2139469753894439
TOI-5788 b,TOI-5788,1.528,1.907193228976987,0.061,910.0,0.064,5615.0,0.87,5.72,0.44163273654521623
TOI-5788 c,TOI-5788,2.272,1.3943838031771765,0.046,667.0,0.1197,5615.0,0.87,5.72,0.3915280311390739
TOI-5789 b,TOI-5789,1.26,1.9198594718553708,0.0,1201.0,0.03608,5185.0,0.821,9.4,0.42053132390102127
TOI-5789 c,TOI-5789,2.86,0.7701082216960736,0.067,718.0,0.1009,5185.0,0.821,9.4,0.3050913764221428
TOI-5789 d,TOI-5789,1.91,1.4770487243883548,0.096,545.0,0.1756,5185.0,0.821,9.4,0.45035867642579974
TOI-5789 e,TOI-5789,3.43,0.947789398933526,0.071,424.0,0.2901,5185.0,0.821,9.4,0.4115218444619777
TOI-5795 b,TOI-5795,5.62,0.5481214085096876,0.25,1136.78,0.064,5715.0,0.901,10.2,0.18801652904232458
TOI-5799 b,TOI-5799,1.733,1.578978704949392,0.0942699999999999,505.0,0.0348,3452.0,0.325,9.6,0.4611653334339085
TOI-5799 c,TOI-5799,1.76,1.5644405465033646,0.0832,337.0,0.0782,3452.0,0.325,9.6,0.609923590468601
TOI-5800 b,TOI-5800,2.46,1.4951487660319729,0.3,1108.0,0.0344,4850.0,0.7779999999999999,8.1,0.27583442154288434
TOI-5803 b,TOI-5803,3.2732,0.9858167945227652,0.0,678.87,0.102,5134.0,0.87,1.719,0.334436036557544
TOI-5817 b,TOI-5817,3.08,1.075002423028976,0.2,950.0,0.1223,5770.0,0.97,9.7,0.24840744436221862
TOI-5938 b,TOI-5938,3.82,0.8671004876833832,0.0356999999999999,1077.0,0.0308,4650.0,0.744,7.077000000000001,0.2525433677255988
TOI-6000 b,TOI-6000,0.94,1.8164520818184269,0.0411,1120.0,0.102,3419.0,0.37,5.619,0.5728400024627158
TOI-6002 b,TOI-6002,1.65,1.631199404215613,0.15,321.4,0.05722,3229.0,0.2101,6.35,0.6912355328779756
TOI-6008 b,TOI-6008,1.03,1.269760544863939,0.06567,707.0,0.010777,3075.0,0.23,3.0,0.3996917234998952
TOI-6016 b,TOI-6016,13.67495645,0.5933268452777344,0.0,1890.0,0.055,6110.0,1.31,0.3,0.18415955597741562
TOI-6029 b,TOI-6029,14.39233122,0.6719235441083187,0.091,1484.0,0.102,6223.0,1.548,2.31,0.20169722268020202
TOI-6034 b,TOI-6034,11.92,0.598836501088704,0.04,714.0,0.02949,3635.0,0.514,7.8,0.27010154648280577
TOI-6038 A b,TOI-6038 A,6.41,0.9631743177730056,0.0803,1439.0,0.069,6110.0,1.291,3.65,0.2134176662663844
TOI-6041 b,TOI-6041,4.55,1.0260415958332745,0.1875,605.6,0.1651,5445.0,0.8850000000000001,7.9,0.3283091077626158
TOI-6041 c,TOI-6041,10.5,0.3148107398400335,0.19421,403.5,0.3721,5445.0,0.8850000000000001,7.9,0.39043242444083004
TOI-6054.01,TOI-6054,2.64,1.547562508716013,0.164,1360.0,0.0763,6047.0,1.1069999999999998,6.0,0.27757473279195527
TOI-6054.02,TOI-6054,2.82,1.1786549963416462,0.332,1143.0,0.1079,6047.0,1.1069999999999998,6.0,0.23376746822997616
TOI-6086 b,TOI-6086,1.18,1.9300710850255671,0.0279259999999999,634.0,0.01541,3200.0,0.254,2.0,0.48653707734529855
TOI-6109 b,TOI-6109,4.8704,0.6931471805599453,0.0876,700.0,0.0599,5660.0,1.03,0.075,0.25226940608640547
TOI-6109 c,TOI-6109,4.8326,0.6981347220709844,0.1131,786.0,0.0786,5660.0,1.03,0.075,0.23509043964929938
TOI-6130 b,TOI-6130,14.3474953,0.494696241836107,0.036,1750.0,0.036,6110.0,1.31,0.3,0.17627648837571835
TOI-615 b,TOI-615,18.97680433,0.0806579030174544,0.39,1666.0,0.0678,6850.0,1.449,1.7,0.14767011160012156
TOI-620 b,TOI-620,3.76,0.8796267475025636,0.22,603.6,0.04825,3708.0,0.577,7.2,0.29969027822488686
TOI-622 b,TOI-622,9.2362001,0.4101209196443584,0.42,1388.0,0.0708,6400.0,1.3130000000000002,0.9,0.1389922554220821
TOI-6223 b,TOI-6223,5.07,0.6693666518945418,0.0822199999999999,714.0,0.04018,3895.0,0.5819999999999999,9.8,0.26784091457599296
TOI-6255 b,TOI-6255,1.079,1.9878743481543453,0.0,1256.46,0.102,3421.0,0.353,7.85,0.5943897189902689
TOI-628 b,TOI-628,11.88154,2.0255131996542803,0.072,1586.0,0.0486,6250.0,1.311,1.28,0.18914721242230115
TOI-6303 b,TOI-6303,11.59,2.2844211223663744,0.02,541.0,0.0761,3977.0,0.644,6.4,0.3307607552408522
TOI-6324 b,TOI-6324,1.059,1.8578592709325787,0.0,1216.0,0.102,3247.0,0.269,2.817,0.6746496461480451
TOI-6330 b,TOI-6330,10.89,2.6789646202071133,0.34,495.0,0.05763,3539.0,0.531,7.6,0.29287293046145113
TOI-6383 A b,TOI-6383 A,11.29,0.8153648132841945,0.05,745.0,0.02292,3444.0,0.4580000000000001,6.58,0.25690052688636367
TOI-640 b,TOI-640,19.2794468,0.1292723357041391,0.013,1816.0,0.06608,6460.0,1.536,1.99,0.2101807457606012
TOI-6420 b,TOI-6420,11.93756445,2.2407096892759584,0.078,1213.0,0.0753,6020.0,1.165,4.4,0.21358852570254042
TOI-6448 b,TOI-6448,8.47398941,0.3974329364109001,0.2,745.0,0.131,5910.0,1.03,0.034,0.21851074592673075
TOI-6478 b,TOI-6478,4.6,0.7323678937132266,0.1609999999999999,204.4,0.1136,3230.0,0.23,6.0,0.6965846078462858
TOI-654.01,TOI-654,2.378,1.5238800240724537,0.0,794.0,0.01944,3521.0,0.4189999999999999,2.73,0.354249393801519
TOI-663 b,TOI-663,2.27,1.1216775615991057,0.1639999999999999,674.0,0.0295,3681.0,0.514,2.5035,0.3331436183944417
TOI-663 c,TOI-663,2.26,1.0043016091968684,0.1152,553.0,0.0437,3681.0,0.514,3.755500000000001,0.36798081695213963
TOI-663 d,TOI-663,1.92,1.6094379124341005,0.0522399999999999,482.0,0.0576,3681.0,0.514,3.712,0.4723693960499676
TOI-6651 b,TOI-6651,5.09,1.258460989610006,0.091,1493.0,0.0633,5940.0,1.323,3.71,0.23936140147656249
TOI-669 b,TOI-669,2.58606487,1.42791603581071,0.0,1124.85,0.048,5597.0,0.9245,7.9,0.31085438749472716
TOI-6692 b,TOI-6692,11.67975789,0.5187937934151676,0.537,467.0,0.512,5890.0,1.0469999999999997,7.8,0.31472426551454463
TOI-6695 b,TOI-6695,9.52763359,0.3435897043900769,0.04,599.0,0.4019999999999999,6400.0,1.338,2.1,0.3170156982908815
TOI-6695 c,TOI-6695,13.6,0.6981347220709844,0.022,415.0,0.8379999999999999,6400.0,1.338,2.1,0.40292614301179364
TOI-672 b,TOI-672,5.2604,0.6471032420585385,0.1691,676.15,0.102,3765.0,0.5399,5.1761,0.3385498567450576
TOI-674 b,TOI-674,5.25,0.6471032420585385,0.0,635.0,0.025,3514.0,0.4199999999999999,8.598,0.3002350592722556
TOI-677 b,TOI-677,13.11450742,0.6703901934373291,0.46,1252.0,0.1041,6295.0,1.181,2.92,0.1655609351768444
TOI-682.01,TOI-682,3.74186,0.8837675401685949,0.1974999999999999,1090.0,0.102,5085.0,0.8500000000000001,6.8601,0.2370334725098948
TOI-6894 b,TOI-6894,9.5836785,0.288181947493432,0.029,417.9,0.02604,3007.0,0.207,4.719100000000001,0.3709129601242955
TOI-700 b,TOI-700,0.914,1.803358605071407,0.075,417.0,0.0677,3459.0,0.415,1.5,0.5426976950182841
TOI-700 c,TOI-700,2.6,1.184789984909162,0.068,356.0,0.0929,3459.0,0.415,1.5,0.4857222907082953
TOI-700 d,TOI-700,1.073,1.8809906029559973,0.042,268.8,0.1633,3459.0,0.415,1.5,0.9184045267050994
TOI-700 e,TOI-700,0.953,1.8229350866965048,0.059,272.9,0.134,3459.0,0.415,1.5,0.8381340500883684
TOI-7009 b,TOI-7009,3.71,0.8878912573524571,0.0918,872.0,0.0287,4080.0,0.583,5.8100000000000005,0.2591698885462457
TOI-7041 b,TOI-7041,11.43316031,0.3513608491149635,0.04,882.37,0.102,4700.0,1.07,10.3,0.2299548339188277
TOI-712 b,TOI-712,2.049,1.410986973710262,0.54,650.0,0.07928,4622.0,0.732,0.83,0.33339456460985056
TOI-712 c,TOI-712,2.701,1.1505720275988207,0.089,369.9,0.2447,4622.0,0.732,0.83,0.46201945342730716
TOI-712 d,TOI-712,2.474,1.229640551074514,0.073,313.6,0.3405,4622.0,0.732,0.83,0.6353574638765906
TOI-7149 b,TOI-7149,13.2,0.4252677354043441,0.078,593.0,0.02603,3363.0,0.344,7.8,0.29597998422543603
TOI-715 b,TOI-715,1.55,1.6974487897568138,0.039867,234.0,0.083,3075.0,0.225,6.2,0.9201516191764912
TOI-7166 b,TOI-7166,2.01,1.430311246536665,0.0,249.0,0.06191,3099.0,0.19,4.0,0.8238062054965443
TOI-733 b,TOI-733,1.992,1.6054298910365616,0.046,1055.8,0.0618,5585.0,0.9559999999999998,4.4,0.3664522355353266
TOI-7384 b,TOI-7384,3.56,0.9202827531436926,0.4,378.0,0.0439,3185.0,0.318,4.629,0.3632782655568518
TOI-7510 b,TOI-7510,7.31,0.2271355725837472,0.0572,878.0,0.1019,5720.0,1.063,4.4,0.2548360273775195
TOI-7510 c,TOI-7510,10.81,0.4529846240761407,0.0091,702.0,0.1595,5720.0,1.063,4.4,0.3005995994803063
TOI-7510 d,TOI-7510,10.52,0.636576829071551,0.04,542.4,0.2672,5720.0,1.063,4.4,0.3420252618971144
TOI-756 b,TOI-756,2.81,1.229640551074514,0.0,934.0,0.018,3657.0,0.505,3.2,0.2892250104192754
TOI-756 c,TOI-756,13.0,1.4398351280479205,0.445,194.0,0.4389999999999999,3657.0,0.505,3.2,0.40583420840866496
TOI-757 b,TOI-757,2.5,1.5260563034950494,0.39,641.0,0.122,5278.0,0.8,7.5,0.35267613180298557
TOI-762 A b,TOI-762 A,8.33948164,0.5653138090500605,0.083,555.4,0.03418,3266.0,0.442,9.3,0.29494195623304764
TOI-763 b,TOI-763,2.28,1.706564623164823,0.04,1038.0,0.06,5450.0,0.917,4.684,0.35531030046140455
TOI-763 c,TOI-763,2.63,1.3402504226184837,0.04,800.0,0.1011,5450.0,0.917,4.697000000000001,0.3402800340738495
TOI-771 b,TOI-771,1.36,1.8562979903656265,0.055,543.0,0.0208,3370.0,0.22,6.7,0.5116788551504915
TOI-771 c,TOI-771,1.5,1.7351891177396608,0.065,365.0,0.046,3370.0,0.22,6.7,0.6043689568376829
TOI-776 b,TOI-776,1.798,1.7578579175523736,0.052,520.0,0.0653,3725.0,0.542,6.1,0.49493305707225477
TOI-776 c,TOI-776,2.047,1.6863989535702286,0.089,420.0,0.1001,3725.0,0.542,6.1,0.5139132189642422
TOI-778 b,TOI-778,15.4,0.832909122935104,0.21,1561.0,0.06,6643.0,1.4,1.95,0.1758583177106986
TOI-782 b,TOI-782,2.734,1.269760544863939,0.19,435.0,0.0578,3370.0,0.397,3.08101,0.4020401634666349
TOI-784 b,HD 307842,1.93,2.128231705849268,0.0,1256.0,0.038,5558.0,0.91,5.602,0.3948645314250433
TOI-813 b,TOI-813,6.71,0.5080216964332565,0.0,610.0,0.423,5907.0,1.32,3.73,0.32873824432261145
TOI-815 b,TOI-815,2.94,0.9707789171582246,0.2,686.0,0.0903,4869.0,0.776,0.2,0.2702378218838386
TOI-815 c,TOI-815,2.62,2.1041341542702074,0.22,469.0,0.1929999999999999,4869.0,0.776,0.2,0.4211467811958389
TOI-824 b,TOI-824,2.926,1.615419984111648,0.01,1253.0,0.02177,4600.0,0.71,7.5,0.2998021326587763
TOI-833 b,TOI-833,1.27,1.912501086924184,0.0361,1118.0,0.0171,3920.0,0.61,6.175,0.4122710550869359
TOI-836 b,TOI-836,1.704,1.7950872593207297,0.053,871.0,0.0422,4552.0,0.678,5.4,0.4266078203423483
TOI-836.01,TOI-836,2.587,1.4011829736136412,0.078,665.0,0.075,4552.0,0.678,5.4,0.36857139979131326
TOI-837 b,TOI-837,9.16894621,0.636576829071551,0.0,995.3,0.0888,5995.0,1.142,0.035,0.20695953269622464
TOI-849 b,TOI-849,3.64,1.88706964903238,0.0,1932.0,0.0155,5257.0,0.97,6.7,0.32004284939492894
TOI-858 B b,TOI-858 B,14.06727078,0.5247285289349821,0.15,1529.0,0.04435,5842.0,1.081,6.8,0.19521821140856183
TOI-871 b,TOI-871,1.664,1.623340817603092,0.0693,621.0,0.1054,4929.0,0.758,5.9,0.4701837520444233
TOI-880 c,TOI-880,4.95,0.6846108495376589,0.0364,805.0,0.0635,5050.0,0.87,5.2,0.2835714313397286
TOI-880.02,TOI-880,2.19,1.3454723665996355,0.051,1085.0,0.0349,5050.0,0.87,5.2,0.32302429133620497
TOI-892 b,TOI-892,11.99363,0.6739643611431714,0.125,1397.0,0.092,6261.0,1.2800000000000002,2.2,0.19877946545340797
TOI-904 b,TOI-904,2.426,1.249901736214336,0.1871,429.43,0.056,3770.2,0.557,1.5,0.3762328023556306
TOI-904 c,TOI-904,2.167,1.355835153635182,0.2972,217.26,0.312,3770.2,0.557,1.5,0.7950829616992315
TOI-905 b,TOI-905,13.125739,0.4154154389613325,0.024,1192.0,0.04666,5570.0,0.968,3.4,0.22677884626916855
TOI-907.01,TOI-907,9.6158851,0.346422567474381,0.0091,1846.6,0.055225481,6272.0,1.069357,3.9872,0.21373845677882136
TOI-908 b,TOI-908,3.186,1.3196202278518978,0.132,1317.0,0.041657,5626.0,0.95,4.6,0.25513214632603126
TOI-912 b,TOI-912,1.93,1.6094379124341005,0.58,551.0,0.041,3572.0,0.418,0.8,0.3712616305961385
TOI-913 b,TOI-913,2.4528,1.2383742310432684,0.0,712.01,0.102,4969.0,0.8200000000000001,4.471,0.3732861107367306
TOI-942 b,TOI-942,3.89,1.269760544863939,0.34,1120.0,0.04866,4969.0,0.822,0.053,0.19336469190194727
TOI-942 c,TOI-942,4.67,1.269760544863939,0.32,884.79,0.08598,4969.0,0.822,0.053,0.22174147937444086
TOI-954 b,TOI-954,9.550068,0.300104592450338,0.14,1526.0,0.04963,5710.0,1.201,6.14,0.19678885269177354
TOI-969 b,TOI-969,2.765,1.205970806988609,0.0464,941.0,0.02636,4435.0,0.734,2.03,0.2885266826315476
TYC 2187-512-1 b,TYC 2187-512-1,12.5,0.258510695151501,0.05,341.2,1.22,3734.0,0.4979999999999999,3.066,0.31038973292666616
TrES-1 b,TrES-1,12.66617,0.5376622777195503,0.0,1140.0,0.03925,5230.0,1.04,3.7,0.2337258369292064
TrES-2 b,TrES-2,15.24424,0.6333971761541713,0.0,1466.0,0.03568,5850.0,1.36,3.55,0.22167563248348957
TrES-3 b,TrES-3,14.975,0.6901426715396466,0.0,1638.0,0.02282,5650.0,0.9280000000000002,0.9,0.19909860553719907
TrES-4 b,TrES-4,18.04649,0.0944006754214843,0.0,1778.0,0.05084,6200.0,1.08,2.2,0.21632283611078204
TrES-5 b,TrES-5,13.383546,0.8372475245337022,0.0,1480.0,0.02459,5171.0,0.901,7.4,0.22189593114222106
UKIRT-2017-BLG-001L b,UKIRT-2017-BLG-001L,13.7,0.6259384308664953,0.27944,557.0,4.18,5549.0,0.81,7.6923,0.25116419246420096
UZ For c,UZ For,2.839553935,1.269760544863939,0.05,63.04,2.8,5286.9,0.7,6.519,0.35871750760315474
V1298 Tau b,V1298 Tau,9.41,0.0861776962410523,0.0079,666.0,0.1685,4970.0,1.1,0.02,0.2682135460698878
V1298 Tau c,V1298 Tau,5.08,0.1823215567939545,0.0094,953.0,0.0824,4970.0,1.1,0.02,0.21282187576155487
V1298 Tau d,V1298 Tau,6.53,0.1133286853070031,0.0087,831.0,0.1081,4970.0,1.1,0.02,0.23081581457751366
V1298 Tau e,V1298 Tau,10.17,0.0769610411361283,0.0124,527.0,0.2689,4970.0,1.1,0.02,0.31055239922973604
V830 Tau b,V830 Tau,14.0,0.3688011237365728,0.0,1455.429,0.057,4250.0,1.0,0.0022,0.17289705024895627
WASP-1 b,WASP-1,16.623,0.2986220124901153,0.0,1812.0,0.03889,6110.0,1.2400000000000002,3.4,0.2173726705390178
WASP-10 b,WASP-10,12.106,1.6370530794670737,0.0473,1370.0,0.0378099999999999,4675.0,0.75,7.0,0.21396832428667462
WASP-100 b,WASP-100,14.90797,0.4252677354043441,0.0,2190.0,0.04574,6900.0,0.77,1.57,0.19735994166780016
WASP-101 b,WASP-101,16.02887,0.2151113796169455,0.0,1560.0,0.05057,6380.0,1.41,1.14,0.19828031898306878
WASP-102 b,WASP-102,14.90794433,0.2776317365982795,0.0,1671.0,0.041,5990.0,1.08,0.67,0.192385633800574
WASP-104 b,WASP-104,12.745,0.7294791098073357,0.0,1516.0,0.02918,5475.0,1.076,3.0,0.22253878030040075
WASP-105 b,WASP-105,10.76064,1.2947271675944,0.0,900.0,0.075,5070.0,0.89,4.6505,0.25828854005922086
WASP-106 b,WASP-106,12.10569916,1.0508216248317612,0.023,1140.0,0.0900999999999999,6002.0,1.175,2.5,0.22768840853219863
WASP-107 b,WASP-107,10.53646,0.1257512053055603,0.06,736.0,0.055,4425.0,0.6829999999999999,3.4,0.2753230575146838
WASP-107 c,WASP-107,13.2,0.2429461786103894,0.28,344.59000000000003,0.102,4425.0,0.6829999999999999,3.4,0.3385115343606275
WASP-108 b,WASP-108,15.13212395,0.3903047686999992,0.0,1589.0,0.102,6783.0,1.167,4.64,0.21337575425963629
WASP-11 b,WASP-11,12.44199,0.4898062565419153,0.0,992.0,0.0435,4800.0,1.4199999999999997,7.6,0.2411342485827517
WASP-110 b,WASP-110,13.19297028,0.3339927366287319,0.0,1158.0,0.102,5392.0,0.8139999999999998,11.0,0.22218680448646935
WASP-113 b,WASP-113,15.793481,0.2053868297249507,0.0,1496.0,0.05885,5890.0,1.318,6.2,0.22100294263585957
WASP-114 b,WASP-114,15.008851,0.6780335427498971,0.012,2043.0,0.02851,5940.0,1.289,4.3,0.21607619024496255
WASP-116 b,WASP-116,13.67495645,0.3576744442718158,0.0,1414.0,0.065,6250.0,1.25,1.7,0.2128931530419848
WASP-117 b,WASP-117,11.88154,0.2960221967267823,0.3,1001.0,0.09459,6040.0,1.29,4.6,0.19928764157966125
WASP-118 b,WASP-118,16.14096,0.2094502241822072,0.0,1729.0,0.05453,6410.0,1.32,1.17,0.19749372796232711
WASP-119 b,WASP-119,15.6926,0.5306282510621704,0.058,1600.0,0.0363,5650.0,1.02,8.0,0.21068047298734188
WASP-120 b,WASP-120,15.58048317,1.204204877394898,0.057,1749.0,0.0514,6450.0,1.393,0.7,0.17657652993114326
WASP-123 b,WASP-123,15.13212395,0.3992411125027164,0.0,1500.0,0.04263,5740.0,1.166,6.9,0.22206296874508608
WASP-124 b,WASP-124,13.89916,0.3576744442718158,0.017,1400.0,0.0449,6050.0,1.07,2.1,0.21795334798300733
WASP-126 b,WASP-126,10.51358773,0.3435897043900769,0.18,1480.0,0.0449,5800.0,1.12,6.4,0.19190502286157132
WASP-126 c,WASP-126,9.38,0.3555743384946994,0.05,967.33,0.102,5800.0,1.12,6.4,0.2420056569908475
WASP-127 b,WASP-127,14.694999,0.0925791812930932,0.0,1400.0,0.0484,5620.0,0.95,11.41,0.20079183948824875
WASP-129 b,WASP-129,10.42437,0.9555114450274363,0.096,1100.0,0.0628,5900.0,1.0,1.0,0.1980877542430723
WASP-13 b,WASP-13,13.67498,0.2004888607494035,0.0,1531.0,0.05362,5950.0,0.7199999999999999,5.0,0.22032436813735046
WASP-130 b,WASP-130,9.97601,1.205970806988609,0.0,833.0,0.1012,5625.0,1.04,2.0,0.27290897333547803
WASP-131 b,WASP-131,13.74221034,0.1792142340632317,0.0,1460.0,0.0608,5990.0,1.06,7.0,0.22062681619421826
WASP-132 b,WASP-132,10.09929161,0.5481214085096876,0.0163,682.0,0.0674,4686.0,0.7889999999999999,7.2,0.2942647852566649
WASP-132 c,WASP-132,1.841,1.867176108512809,0.0,1329.0,0.01833,4686.0,0.7889999999999999,7.2,0.3929826176394179
WASP-132 d,WASP-132,12.8,1.667706820558076,0.12,107.0,2.7100000000000004,4686.0,0.7889999999999999,7.2,0.2899161573162855
WASP-133 b,WASP-133,13.56289,0.6312717768418579,0.17,1790.0,0.0345,5700.0,1.16,6.8,0.19146345977977663
WASP-135 b,WASP-135,14.5717,0.7701082216960736,0.0,1403.66,0.0243,5675.0,0.98,0.6,0.19533933704003845
WASP-136 b,WASP-136,16.81347105,0.4596546376879476,0.0,1630.0,0.0660999999999999,6250.0,1.41,3.62,0.21632481037003728
WASP-138 b,WASP-138,12.21781,0.7884573603642702,0.0835999999999999,1590.0,0.0494,6272.0,1.22,3.44,0.20119791297115108
WASP-139 b,WASP-139,8.9672,0.2700271372130601,0.0,910.0,0.062,5310.0,0.9200000000000002,0.5,0.22994216212642166
WASP-14 b,WASP-14,15.46842,1.1786549963416462,0.09,1872.0,0.037,6475.0,1.62,0.75,0.17015733835745483
WASP-140 b,WASP-140,14.23540549,0.9470817842922428,0.047,1270.0,0.0322999999999999,5300.0,0.9,0.5,0.18821600542825606
WASP-141 b,WASP-141,13.56289,1.091923300517313,0.0,1540.0,0.0469,5900.0,1.25,5.0,0.22065243756254493
WASP-142 b,WASP-142,17.14977,0.2700271372130601,0.0,2000.0,0.0347,6010.0,1.33,2.0,0.21786993626849557
WASP-144 b,WASP-144,9.52765,0.6678293725756554,0.0,1260.0,0.0316,5200.0,0.81,8.71,0.22152761471495558
WASP-145 A b,WASP-145 A,10.0881,0.9555114450274363,0.0,1200.0,0.0261,4900.0,0.76,6.99,0.22834793992470304
WASP-147 b,WASP-147,12.498035,0.233489843368354,0.0,1404.0,0.0548999999999999,5702.0,1.044,8.47,0.22050126553225463
WASP-148 b,WASP-148,8.47398941,0.6048622656923737,0.208,940.0,0.08215,5555.0,0.954,3.6,0.22297423018599524
WASP-148 c,WASP-148,13.9,0.2271355725837472,0.1809,590.0,0.2044,5555.0,0.954,3.6,0.3067655829851602
WASP-149 b,WASP-149,15.24421375,0.3987761199573678,0.0,1855.0,0.024,5750.0,1.05,0.6,0.19192097862760632
WASP-15 b,WASP-15,15.80469,0.233489843368354,0.0,1676.0,0.05165,6300.0,1.18,2.4,0.21595307338695202
WASP-150 b,WASP-150,11.99363,2.255493485460195,0.3775,1460.0,0.0694,6218.0,1.394,2.95,0.16570297856474436
WASP-151 b,WASP-151,13.30506009,0.2236642157449573,0.0,1312.0,0.055,5871.0,1.081,5.5,0.22526662034113026
WASP-153 b,WASP-153,17.37395,0.1397619423751586,0.009,1700.0,0.048,5914.0,1.336,4.0,0.21783154789220552
WASP-154 b,WASP-154,10.76062147,0.6312717768418579,0.0,994.0,0.044,4774.0,0.8,7.367999999999999,0.2442258551843726
WASP-155 b,WASP-155,13.45077684,0.4824261492442927,0.0,1468.0,0.043,5660.0,1.09,1.7,0.21673039701666713
WASP-156 b,WASP-156,6.02802815,0.7178397931503169,0.0,934.5,0.0458,4987.0,0.8711999999999999,5.6,0.26040360500793197
WASP-157 b,WASP-157,11.19,0.494696241836107,0.0,1193.0,0.0499,5772.0,1.06,1.6,0.2219082412945021
WASP-158 b,WASP-158,11.99363,1.410986973710262,0.0,1590.0,0.0517,6350.0,1.3799999999999997,1.93,0.21419555558109052
WASP-159 b,WASP-159,15.46842,0.2468600779315258,0.0,1850.0,0.0538,6120.0,1.41,3.4,0.21736437043269108
WASP-16 b,WASP-16,13.67498,0.4523486940070148,0.0,1389.0,0.0415,5700.0,1.7800000000000002,8.6,0.21721987789031588
WASP-160 B b,WASP-160 B,12.21781,0.2499802052677694,0.0,1119.0,0.0452,5298.0,0.87,9.75,0.22465512465890375
WASP-161 b,WASP-161,12.811887,1.1631508098056809,0.14226,1557.0,0.0673,6400.0,1.3899999999999997,2.099,0.1905398842166268
WASP-162 b,WASP-162,11.209,2.066862759472976,0.434,910.0,0.0871,5300.0,0.95,12.97,0.16754994690351943
WASP-163 b,WASP-163,13.473218,0.8837675401685949,0.017653,1638.0,0.0266,5500.0,0.97,6.67,0.21784364450532015
WASP-164 b,WASP-164,12.643752,1.085189268335969,0.0,1610.0,0.02818,5806.0,0.946,4.08,0.2207067919005906
WASP-165 b,WASP-165,14.12334,0.3646431135879092,0.0,1624.0,0.04823,5599.0,1.248,4.77,0.2213060805252452
WASP-166 b,WASP-166,7.06167,0.4317824164255378,0.0,1270.0,0.0641,6050.0,1.19,2.1,0.22625655878920548
WASP-167 b,WASP-167,17.71022,1.269760544863939,0.012564,2329.0,0.0365,7000.0,1.5900000000000003,1.29,0.18623908817207363
WASP-168 b,WASP-168,16.8135,0.1484200051182732,0.0,1340.0,0.0519,6000.0,1.08,3.96,0.22335231178206716
WASP-169 b,WASP-169,14.616536,0.2851789422336624,0.0,1604.0,0.0681,6110.0,1.3370000000000002,3.802,0.21810137587052206
WASP-17 b,WASP-17,20.96083,0.0788111804242897,0.0,1755.0,0.0515,6550.0,2.28,2.65,0.20428559651941308
WASP-170 b,WASP-170,12.285064,0.9555114450274363,0.0079,1422.0,0.0337,5600.0,0.9300000000000002,6.106000000000001,0.2219918902038524
WASP-171 b,WASP-171,10.98482,0.9162907318741552,0.0,1642.0,0.0504,5965.0,1.171,5.908,0.2188996212834483
WASP-172 b,WASP-172,17.59813,0.1484200051182732,0.0,1740.0,0.0694,6900.0,1.49,1.79,0.20230966566384034
WASP-173 A b,WASP-173 A,13.4508,1.3454723665996355,0.0,1880.0,0.0248,5800.0,1.05,6.78,0.21964568836752552
WASP-174 b,WASP-174,16.10730527,0.126632650933366,0.0,1528.0,0.05503,6399.0,1.2400000000000002,2.2,0.21560779737532731
WASP-175 b,WASP-175,13.540472,0.5538851132264376,0.0,1571.0,0.04403,6229.0,1.212,1.745,0.21097955885321795
WASP-176 b,WASP-176,16.869545,0.2700271372130601,0.0,1721.0,0.0535,5941.0,1.345,4.81,0.2192059734091955
WASP-177 b,WASP-177,17.71022,0.1587116911548208,0.0678999999999999,1142.0,0.03957,5017.0,0.876,9.7,0.20902705653368692
WASP-18 c,WASP-18,8.58,0.3920420877760237,0.015,1593.67,0.035,6400.0,1.22,1.0,0.1913864989000883
WASP-180 A b,WASP-180 A,13.89916,0.4762341789963716,0.0,1540.0,0.048,6600.0,1.3,1.2,0.1966881058860945
WASP-181 b,WASP-181,13.271456,0.2126890934103508,0.084,1186.0,0.05427,5839.0,1.04,2.5,0.21499038260144665
WASP-182 b,WASP-182,9.52765,0.2761154360803154,0.0,1479.0,0.0451,5638.0,1.076,5.952,0.2228048493617346
WASP-184 b,WASP-184,14.90797,0.2776317365982795,0.0,1480.0,0.0627,6000.0,1.23,4.7,0.22055955350750278
WASP-185 b,WASP-185,14.01125,0.5068176023684519,0.24,1160.0,0.0904,5900.0,1.12,6.6,0.19378198010468178
WASP-186 b,WASP-186,12.44199,1.5729813754234852,0.33,1378.4,0.06,6361.0,1.22,3.1,0.16946516651453558
WASP-187 b,WASP-187,18.38276,0.2021241840901342,0.0,1760.0,0.0653,6150.0,1.54,2.55,0.21642677031922183
WASP-188 b,WASP-188,14.81827249,0.5766133643039938,0.0,1666.0,0.072,6850.0,1.5,1.514,0.1983503121433326
WASP-19 b,WASP-19,15.86070769,0.4094571293777018,0.0126,2113.0,0.01652,5616.0,0.965,6.4,0.21733749596140872
WASP-190 b,WASP-190,12.89035,0.596085467716814,0.0,1500.0,0.0663,6400.0,1.35,1.9223,0.213918791262884
WASP-192 b,WASP-192,13.78707,0.9631743177730056,0.0,1620.0,0.0408,5910.0,1.09,5.7,0.21994190630462354
WASP-193 b,WASP-193,14.78464554,0.0582689081239757,0.081,1250.0,0.0668,6080.0,1.018,6.8,0.21078581292628412
WASP-194 b,WASP-194,15.47960235,0.4382549309311553,0.0,1693.0,0.047,6405.0,1.29,0.75,0.18934852494745152
WASP-195 b,WASP-195,10.31226224,0.1484200051182732,0.0,1522.0,0.063,6300.0,1.3,0.6,0.18896403025142888
WASP-197 b,WASP-197,14.44837612,0.5538851132264376,0.0,1665.0,0.065,6050.0,1.36,2.6,0.21843824072965584
WASP-2 b,WASP-2,12.116929,0.6491952930307625,0.0054,1311.0,0.03144,5180.0,0.895,8.2,0.22304698227523967
WASP-20 b,WASP-20,15.46839337,0.1453904205579088,0.0,1362.0,0.05999,5940.0,1.2,7.0,0.22359761117022126
WASP-21 b,WASP-21,11.99,0.2776317365982795,0.0,1333.0,0.052,5800.0,1.01,12.0,0.19755804631541463
WASP-22 b,WASP-22,13.78707,0.3674170404706345,0.02,1502.0,0.047,6000.0,1.46,3.0,0.21648191017972468
WASP-23 b,WASP-23,10.783,0.7747271675523681,0.062,1076.55,0.0376,5150.0,0.78,6.2,0.22624503349636604
WASP-24 b,WASP-24,15.46842,0.4836599556932212,0.0,1772.0,0.03651,6075.0,1.4300000000000002,3.8,0.21788169556659057
WASP-25 b,WASP-25,13.80946422,0.3358899242531274,0.0,1217.0,0.0473,5697.0,0.962,1.9,0.2281734706002937
WASP-26 b,WASP-26,13.56289,0.5323914016805512,0.0,1650.0,0.04,6034.0,0.86,6.0,0.21879880411869
WASP-28 b,WASP-28,13.66374747,0.5014798881083082,0.0,1456.0,0.0442,6084.0,0.993,5.5,0.22021873212176984
WASP-29 b,WASP-29,8.63093,0.5007752879124893,0.03,970.0,0.0457,4800.0,0.77,14.0,0.20200202832907405
WASP-3 b,WASP-3,15.91678,0.636576829071551,0.0,2020.0,0.0315,6400.0,1.62,2.1,0.21231566852033085
WASP-31 b,WASP-31,17.363,0.1587116911548208,0.0,1423.7,0.04659,6302.0,1.163,1.0,0.19766261191018836
WASP-32 b,WASP-32,10.76064,1.4445632692438664,0.0,1388.0,0.0394,6140.0,0.7199999999999999,2.22,0.22001363231270343
WASP-34 b,WASP-34,11.209,0.3450071390710503,0.04,1250.0,0.0524,5700.0,0.96,7.8,0.2206368723440634
WASP-35 b,WASP-35,14.5717,0.3206331725914668,0.0,1338.29,0.04317,5990.0,1.05,5.0,0.22281559984814797
WASP-36 b,WASP-36,14.874343,0.8153648132841945,0.0,1733.0,0.02677,5959.0,1.081,1.4,0.20709225999188444
WASP-37 b,WASP-37,13.002,0.9282193027394288,0.0,1232.5,0.0446,5800.0,0.925,11.0,0.2080992815592197
WASP-38 b,WASP-38,13.78707,1.1939224684724346,0.03,1250.0,0.07522,6180.0,1.7600000000000002,3.29,0.21581495554912195
WASP-39 b,WASP-39,14.336311,0.1544363533044189,0.0,1166.0,0.04828,5485.0,0.913,8.5,0.22961110256523054
WASP-4 b,WASP-4,15.12091496,0.4990671632311341,0.0053,1653.0,0.02261,5436.0,0.899,7.0,0.22006903704937367
WASP-41 b,WASP-41,12.3299,0.555033878430311,0.0,1244.0,0.04022,5545.0,0.81,1.2,0.21290259233558378
WASP-41 c,WASP-41,13.1,1.244154593958768,0.294,241.0,1.07,5545.0,0.9300000000000002,1.2,0.7352047489575787
WASP-42 b,WASP-42,12.576498,0.3811724155391198,0.062,1021.0,0.0561,5315.0,0.9509999999999998,4.4,0.2347194576682926
WASP-43 b,WASP-43,10.424,1.370926883988769,0.0,1426.7,0.0142,4400.0,0.58,7.0,0.21400229332754447
WASP-44 b,WASP-44,12.3299,0.5938791789012764,0.0,1337.0,0.03453,5420.0,0.9350000000000002,10.3,0.21018372858309536
WASP-45 b,WASP-45,10.603714,0.8829407521926009,0.0,1153.0,0.03963,5150.0,0.8500000000000001,12.7,0.2014953726034589
WASP-46 b,WASP-46,13.159366,0.9030028375472196,0.0,1636.0,0.02335,5600.0,0.8279999999999998,9.6,0.21033445533801964
WASP-47 b,WASP-47,12.86,0.6896410412306576,0.0006,1275.0,0.052,5565.0,1.058,6.5,0.22770197731306283
WASP-47 c,WASP-47,2.839553935,1.269760544863939,0.264,247.0,1.393,5565.0,1.058,6.5,0.8124016804636753
WASP-47 d,WASP-47,3.65,1.0296194171811583,0.001,885.0,0.085,5565.0,1.058,6.5,0.2953144311952173
WASP-47 e,WASP-47,1.83,1.986503546020567,0.0,1992.0,0.01673,5565.0,1.058,6.5,0.3948852341522374
WASP-48 b,WASP-48,16.8135,0.3471295310952009,0.0,2035.0,0.03444,5920.0,0.8800000000000001,7.9,0.21843754166751045
WASP-49 b,WASP-49,12.44199,0.2530906276821618,0.0,1400.0,0.0379,5600.0,0.9200000000000002,11.9,0.19804650880646035
WASP-5 b,WASP-5,12.184,0.9707789171582246,0.038,1706.0,0.0267,5700.0,0.96,5.4,0.2131024517063559
WASP-50 b,WASP-50,13.069694,0.8437200390393196,0.009,1394.84,0.0293,5400.0,0.8920000000000001,7.0,0.2220061175665786
WASP-52 b,WASP-52,14.24,0.2546422183735807,0.0,1315.0,0.0272,5000.0,0.87,0.4,0.19168270493454337
WASP-53 b,WASP-53,12.038466,1.1878434223960523,0.03,1053.0,0.04101,4953.0,0.839,3.746,0.23374597464776753
WASP-54 b,WASP-54,17.71022,0.1544363533044189,0.07,1759.0,0.04988,6100.0,1.08,6.9,0.20466115908786153
WASP-55 b,WASP-55,14.72860064,0.2942795114120782,0.0,1342.0,0.0558,6096.0,1.071,3.05,0.22271499168914288
WASP-56 b,WASP-56,10.53646,0.4593217808988751,0.0,1216.0,0.05614,5600.0,0.71,6.2,0.2298806665615455
WASP-57 b,WASP-57,11.76945,0.5265021031509982,0.0,1338.0,0.03769,5600.0,0.886,2.6,0.224939572002322
WASP-58 b,WASP-58,16.02887,0.371563556432483,0.0,1270.0,0.0562,5800.0,1.06,12.8,0.19488835029460355
WASP-59 b,WASP-59,8.687,1.2237754316221157,0.1,670.0,0.0697,4650.0,0.719,0.5,0.2575164005766699
WASP-6 b,WASP-6,12.5428494,0.3648500366223059,0.054,1167.0,0.04217,5438.0,0.8539999999999999,3.2,0.22296949732060617
WASP-60 b,WASP-60,9.86392,0.3206331725914668,0.0,1479.0,0.05548,5900.0,1.19,1.7,0.2155237015883541
WASP-61 b,WASP-61,15.80469,0.8850064418343887,0.0,1624.4,0.0521,6250.0,1.82,2.7,0.2137209411296202
WASP-62 b,WASP-62,14.79588,0.2326977641190214,0.0,1475.3,0.0571,6230.0,1.11,2.6,0.2185949115682007
WASP-63 b,WASP-63,15.80469,0.1595645696713384,0.0,1469.91,0.0574,5550.0,1.2800000000000002,8.3,0.22069776988309428
WASP-64 b,WASP-64,14.247,0.6004834956965259,0.0,1689.0,0.02648,5400.0,1.004,1.2,0.20493787767249605
WASP-65 b,WASP-65,12.464,0.9162907318741552,0.0,1480.0,0.0334,5600.0,0.9300000000000002,8.0,0.22227151147900598
WASP-66 b,WASP-66,15.6926,0.7626732432085555,0.0,1569.7,0.0546,6600.0,1.33,3.7,0.2118710234887347
WASP-67 b,WASP-67,12.89035,0.3278638620846127,0.0,1003.0,0.05179,5200.0,0.91,12.6,0.21564863880392532
WASP-68 b,WASP-68,14.79588,0.5098251234324072,0.0,1490.0,0.06206,5910.0,1.49,5.7,0.2211217984158083
WASP-69 b,WASP-69,11.21,0.2554171118645054,0.0,971.0,0.0453,4792.0,0.83,1.8,0.24299183071230143
WASP-7 b,WASP-7,14.90797,0.4382549309311553,0.034,1487.0,0.0617,6400.0,1.276,2.4,0.20931479385761106
WASP-70 A b,WASP-70 A,13.047,0.4047982191204606,0.0,1387.0,0.04853,5763.0,1.106,9.5,0.2137218811584066
WASP-71 b,WASP-71,13.22662,0.7419373447293773,0.0,2016.1,0.046,6050.0,0.76,3.0,0.21749415554796142
WASP-74 b,WASP-74,15.24424,0.3145917377586384,0.0,1865.0,0.03443,5990.0,0.98,3.49,0.21829154740909723
WASP-75 b,WASP-75,14.235,0.5247285289349821,0.0,1710.0,0.0375,6100.0,1.14,3.5,0.2178485661716862
WASP-76 b,WASP-76,20.78145022,0.1570037488096646,0.0,2228.0,0.033,6329.0,1.4579999999999995,1.816,0.21043738166058013
WASP-77 A b,WASP-77 A,13.56,0.8458682675776092,0.01353,1674.0,0.023233633,5617.0,0.903,6.2,0.2182456058349399
WASP-79 b,WASP-79,17.14974047,0.1222176327242492,0.0,1716.2,0.0519,6600.0,1.3899999999999997,1.4,0.19927754117940538
WASP-8 b,WASP-8,12.66617,1.1314021114911006,0.31,1059.0,0.0801,5600.0,1.34,3.0,0.19705740654231735
WASP-80 b,WASP-80,11.197791,0.5405785819153385,0.002,825.0,0.0344,4143.0,0.577,7.0,0.26156374069404154
WASP-81 b,WASP-81,16.017661,0.2866815721181974,0.066,1623.0,0.03908,5870.0,1.08,5.884,0.20783194535475305
WASP-82 b,WASP-82,18.15858,0.3030631744900832,0.0,2190.0,0.0447,6480.0,1.48,2.0657,0.21230505882839967
WASP-83 b,WASP-83,11.65736,0.300104592450338,0.0,1120.0,0.059,5510.0,1.11,5.0,0.23633397947762372
WASP-84 b,WASP-84,10.72,0.6830968447064438,0.0,732.0,0.0778,5280.0,0.853,2.1,0.2909760035417148
WASP-84 c,WASP-84,1.95,2.501435951739211,0.0297,1329.0,0.02359,5280.0,0.853,2.1,0.38366926438983545
WASP-85 A b,WASP-85 A,13.89916,0.6312717768418579,0.0,1452.0,0.039,6112.0,1.09,2.804,0.22047977998571866
WASP-87 b,WASP-87,15.524465,0.7030975114131134,0.0,2049.54,0.02946,6450.0,1.204,1.999,0.21252815846203574
WASP-88 b,WASP-88,16.36514,0.1319050708799385,0.0,1772.0,0.06431,6430.0,0.94,3.0,0.21399749995343129
WASP-89 b,WASP-89,11.65736,2.079441541679836,0.193,1120.0,0.0427,5130.0,0.9200000000000002,1.3,0.18921018822920865
WASP-90 b,WASP-90,18.27067,0.1764711431157789,0.0,1840.0,0.0562,6430.0,1.5499999999999998,4.4,0.21338297551442675
WASP-91 b,WASP-91,11.54527,0.9516578757114464,0.0,1160.0,0.037,4920.0,0.8400000000000001,6.7186,0.23054615102788062
WASP-92 b,WASP-92,16.376349,0.297137231222536,0.0,1871.0,0.0348,6280.0,1.19,2.29,0.21563804297759942
WASP-93 b,WASP-93,17.900773,0.3913661837286627,0.0,1942.0,0.04211,6700.0,1.334,0.7,0.18330042144058983
WASP-94 A b,WASP-94 A,17.71022,0.1115413747329074,0.0,1604.0,0.055,6170.0,1.6699999999999997,2.7,0.21606554341520348
WASP-94 B b,WASP-94 B,14.1,0.3257001396393018,0.0,1884.9,0.0335,6040.0,1.2400000000000002,4.0,0.21790972132886194
WASP-95 b,WASP-95,13.78707,0.6097655716208943,0.0,1570.0,0.03416,5830.0,1.46,2.4,0.22049247010102493
WASP-96 b,WASP-96,13.45,0.3148107398400335,0.0,1285.0,0.0453,5540.0,1.06,8.0,0.22690676218396694
WASP-97 b,WASP-97,12.77826,0.7929925155296614,0.0,1555.0,0.03303,5640.0,1.18,4.8,0.22158676389982931
WASP-98 b,WASP-98,12.823096,0.5675839575845996,0.0,1171.0,0.03762,5473.0,0.8090000000000002,2.7,0.23276393305066512
WASP-99 b,WASP-99,11.43318,1.332366019094335,0.0,1480.0,0.0717,6150.0,1.21,3.0,0.21943593031851005
WTS-1 b,WTS-1,16.7,0.959350221334602,0.1,1500.0,0.047,6250.0,1.2,2.55,0.20042206946711055
WTS-2 b,WTS-2,15.277867,0.4317824164255378,0.0,2000.0,0.01855,5000.0,0.8200000000000001,0.6,0.19055194721541252
Wendelstein-1 b,Wendelstein-1,11.5609626,0.5423242908253616,0.012,2198.0,0.0282,4251.0,0.65,7.401999999999999,0.21239286261518509
Wolf 1061 b,Wolf 1061,1.21,1.9344157696295785,0.15,440.843,0.0375,3342.0,0.294,5.433,0.5369309154671521
Wolf 1061 c,Wolf 1061,1.66,1.62924053973028,0.11,291.4,0.089,3342.0,0.294,4.956,0.7972688524322731
Wolf 1061 d,Wolf 1061,2.69,1.1537315878891892,0.55,144.64,0.4699999999999999,3342.0,0.294,2.2461,0.2811370031846094
Wolf 1069 b,Wolf 1069,1.08,1.871802176901592,0.0525,250.1,0.0672,3158.0,0.167,3.71101,0.9533322349216101
Wolf 327 b,Wolf 327,1.24,2.10900034392138,0.0,996.0,0.01,3542.0,0.405,4.1,0.42374005240295054
Wolf 503 b,Wolf 503,2.043,1.366091653802371,0.41,790.0,0.05706,4716.0,0.688,11.0,0.311371634313999
XO-1 b,XO-1,12.77826,0.494696241836107,0.0,1210.0,0.0488,5750.0,0.8800000000000001,0.9,0.20807323475950187
XO-2 N b,XO-2 N,11.130537,0.5394130806179032,0.028,1328.0,0.0368,5340.0,0.971,7.8,0.2198486985334469
XO-2 S b,XO-2 S,10.9,0.3008450589780618,0.18,692.0,0.13,5399.0,0.98,7.1,0.2733059615546674
XO-2 S c,XO-2 S,13.6,0.6683420616409741,0.1528,573.3610000000001,0.4756,5399.0,0.982,7.1,0.39395455211388775
XO-4 b,XO-4,14.01125,0.6043159668533296,0.0,1630.0,0.05524,6397.0,1.1,2.1,0.2148594729259323
XO-5 b,XO-5,12.78,0.7227059828014898,0.0,1230.0,0.0515,5430.0,1.04,8.5,0.2265564927500782
XO-6 b,XO-6,23.20263,0.4824261492442927,0.0,1577.0,0.0815,6720.0,1.4700000000000002,1.88,0.20927736422207133
XO-7 b,XO-7,15.389957,0.2926696139628199,0.038,1743.0,0.04421,6250.0,1.4050000000000002,1.18,0.1925062737758062
YZ Cet b,YZ Cet,0.913,1.80005827204275,0.06,471.2,0.01634,3151.0,0.142,3.8,0.5177017897158196
YZ Cet c,YZ Cet,1.05,1.8578592709325787,0.0,410.3,0.02156,3151.0,0.142,3.8,0.5811239515397539
YZ Cet d,YZ Cet,1.03,1.8687205103641835,0.07,356.7,0.02851,3151.0,0.142,3.8,0.6225204713275276
bet Pic c,bet Pic,12.5,2.309560706730471,0.314,1250.0,2.6800000000000006,8038.68,1.7949999999999997,0.0165,0.3463932916061373
eps Eri b,eps Eri,14.1,0.3442986728706769,0.07,526.22,3.53,5020.38,0.8200000000000001,0.6,0.2562714747751596
gam Cep b,gam Cep,12.7,1.891604804197771,0.15,578.1659999999999,2.13,4775.0,1.27,5.7,0.4143111588944719
kap CrB b,kap CrB,13.4,0.8544153281560676,0.04,187.51,2.5,4840.0,1.33,3.42,0.5715784448778826
nu Oct A b,nu Oct A,13.3,0.9669838461896731,0.195,632.2,1.2400000000000002,4910.0,1.5700000000000005,2.7,0.31419066018221575
pi Men c,HD 39091,2.0189,1.33500106673234,0.0,1169.8,0.06839,5998.0,1.07,2.98,0.3405405981464474
pi Men d,HD 39091,3.72,0.8878912573524571,0.22,496.2,0.506,5998.0,1.07,3.92,0.3829767330053282
psi1 Dra B b,psi1 Dra B,13.5,0.7371640659767197,0.4,646.0,4.43,6212.0,1.19,3.3,0.22020622585992028
rho CrB b,rho CrB,13.7,0.555033878430311,0.038,614.0,0.2245,5817.0,0.95,10.2,0.29786058470950516
rho CrB c,rho CrB,5.78,0.5888971591861462,0.096,448.1,0.4206,5817.0,0.95,10.2,0.3488211592163506
rho CrB d,rho CrB,4.94,0.6856189141391538,0.0,453.34,0.8270000000000001,5817.0,0.95,10.2,0.46184432723073543
rho CrB e,rho CrB,1.77,1.5602476682433286,0.126,970.42,0.1061,5817.0,0.95,10.2,0.36148360001820984
tau Boo b,tau Boo,12.8,1.7833912195575383,0.011,1595.4,0.049,6466.27,1.32,2.0,0.2116292992087258
tau Cet e,tau Cet,1.81,1.534714366238164,0.18,336.9,0.538,5310.0,0.7829999999999999,12.12,0.6429571068730783
tau Cet f,tau Cet,1.81,1.534714366238164,0.16,314.92,1.334,5310.0,0.7829999999999999,12.12,0.6706546154034017
tau Cet g,tau Cet,1.18,1.9242486522741336,0.06,633.3,0.133,5310.0,0.7829999999999999,12.12,0.47995506713128566
tau Cet h,tau Cet,1.19,1.9416152247724323,0.23,466.35,0.243,5310.0,0.7829999999999999,12.12,0.5138130430103439
ups And b,ups And,14.0,0.3632532592988549,0.0215,1444.4,0.05922166,6156.77,1.3,5.0,0.21494163884116008
ups And d,ups And,12.5,2.3194422100604686,0.2987,580.5,2.51329,6156.77,1.3,5.0,0.5887926438305966
