pl_name,hostname,pl_rade,pl_bmasse,pl_dens,pl_orbeccen,pl_eqt,pl_insol,pl_orbper,pl_orbsmax,st_teff,st_lum,st_rad,st_mass,st_age
11 Com b,11 Com,12.2,4914.89848585,14.9,0.238,,,323.21,1.178,4874.0,1.97823,13.76,2.09,
11 UMi b,11 UMi,12.3,4684.8142,13.8,0.08,,,516.21997,1.53,4213.0,2.42951,29.79,2.78,1.56
14 And b,14 And,13.1,1131.15130051,2.76,0.0,,,186.76,0.775,4888.0,1.83992,11.55,1.78,4.5
14 Her b,14 Her,12.6,2559.47216157,7.03,0.373,,,1765.0389,2.774,5338.0,-0.15273,0.93,0.91,3.9
16 Cyg B b,16 Cyg B,13.5,565.7374,1.26,0.68,,,798.5,1.66,5750.0,0.09729,1.13,1.08,7.4
17 Sco b,17 Sco,12.9,1373.01871824,3.51,0.06,,,578.38,1.45,4157.0,2.25435,25.92,1.22,5.13
18 Del b,18 Del,12.5,2926.24614325,8.23,0.024,,,982.85,2.476,4980.0,1.63367,8.8,2.1,1.1
1RXS J160929.1-210524 b,1RXS J160929.1-210524,18.647,3000.0,2.54,,1700.0,,,330.0,4060.0,-0.37,1.31316,0.85,0.005
24 Boo b,24 Boo,13.9,280.64248338,0.574,0.032,,,30.33,0.194,4816.0,1.87691,12.19,1.05,6.92
24 Sex b,24 Sex,13.4,632.46,1.44,0.09,,,452.8,1.333,5098.0,1.164,4.9,1.54,2.7
24 Sex c,24 Sex,13.9,273.32,0.559,0.29,,,883.0,2.08,5098.0,1.164,4.9,1.54,2.7
2M0437 b,2MASS J04372171+2651014,13.0,1271.313628,3.18,,1450.0,,,118.0,3100.0,-1.16368,0.84,0.17,0.0025
2MASS J01033563-5515561 AB b,2MASS J01033563-5515561 A,12.3,4131.79,12.2,,,,,84.0,,,,0.19,0.03
2MASS J01225093-2439505 b,2MASS J01225093-2439505,11.209,7786.5,30.4,,1600.0,,,52.0,3530.0,-1.72,0.36645,0.4,0.12
2MASS J02192210-3925225 b,2MASS J02192210-3925225,16.14096,4417.837,5.77,,,,,156.0,3064.0,-2.23,0.281,0.108,0.035
2MASS J0249-0557 c,2MASS J0249-0557 A,12.4,3686.8095212,10.6,,,,,1950.0,2859.0,-2.59,0.315959,0.046,0.022
2MASS J03590986+2009361 b,2MASS J03590986+2009361,12.2,5720.911326,17.3,,2369.0,,,572.0,2943.0,-2.24602,0.289776,0.264996,
2MASS J04414489+2301513 b,2MASS J04414489+2301513,12.6,2383.6,6.55,,,,,15.0,2936.0,-2.44363,0.231916,0.019,0.001
2MASS J11011926-7732383 b,2MASS J11011926-7732383,11.9,8899.195396,29.0,,2677.0,,,266.0,,,,,
2MASS J11550485-7919108 b,2MASS J11550485-7919108,12.1,6356.56814,19.7,,2506.0,,,587.0,3021.0,-1.56774,0.600455,0.58846,
2MASS J12073346-3932539 b,2MASS J12073346-3932539,12.9,1589.15,4.07,,1250.0,,,55.0,2825.0,-2.56086,0.21887,0.024,0.008
2MASS J19383260+4603591 b,2MASS J19383260+4603591,13.4,603.877,1.38,0.33,,,406.0,0.92,29564.0,1.45,0.203,0.48,
2MASS J21252752-8138278 b,2MASS J21252752-8138278,12.4,3813.940884,11.0,,1616.0,,,7493.0,3592.0,-1.16815,0.672832,0.643977,
2MASS J22362452+4751425 b,2MASS J22362452+4751425,12.3,3972.875,11.7,,,,,230.0,4045.0,-1.02143,0.641152,0.6,0.12
2MASS J22501512+2325342 b,2MASS J22501512+2325342,11.9,9534.85221,31.1,,1600.0,,,518.0,3352.0,-1.66196,0.437589,0.433173,0.15
4 UMa b,4 UMa,12.6,2511.48007211,6.9,0.453,,,270.27,0.877,4415.0,2.06236,18.11,1.234,4.604
47 UMa b,47 UMa,13.2,804.08,1.92,0.032,,,1078.0,2.1,5872.0,0.1978,1.21334,1.06,6.48
47 UMa c,47 UMa,14.2,171.621,0.329,0.098,,,2391.0,3.6,5872.0,0.1978,1.21334,1.06,6.48
47 UMa d,47 UMa,13.5,521.22,1.16,0.16,,,14002.0,11.6,5872.0,0.1978,1.21334,1.06,6.48
51 Eri b,51 Eri,,3464.3296363,,0.57,807.0,,9100.0,10.4,7422.0,0.7574,1.45,1.75,0.0232
51 Peg b,51 Peg,14.3,146.2018,0.275,0.013,,,4.230785,0.0527,5758.0,0.13631,1.17561,1.03,10.0
55 Cnc B b,55 Cnc B,1.69,3.5,3.98,0.0,,,6.7994,0.044,3286.0,-2.10811,0.274,0.26,10.0
55 Cnc B c,55 Cnc B,2.16,5.3,2.89,0.0,,,33.747,0.13,3286.0,-2.10811,0.274,0.26,10.0
55 Cnc b,55 Cnc,13.9,263.9785,0.54,0.0029,700.0,,14.651552,0.118,5198.0,-0.19695,0.98,1.015,10.0
55 Cnc c,55 Cnc,8.51,54.4738,0.486,0.088,,,44.3936,0.247,5198.0,-0.19695,0.98,1.015,10.0
55 Cnc d,55 Cnc,13.0,1232.493,3.08,0.0913,,,4799.0,5.6,5198.0,-0.19695,0.98,1.015,10.0
55 Cnc e,55 Cnc,1.875,7.99,6.66,0.05,1958.0,2657.8322,0.7365474,0.01544,5172.0,-0.19695,0.943,0.905,5.5
55 Cnc f,55 Cnc,7.59,44.812,0.563,0.063,,,260.58,0.802,5198.0,-0.19695,0.98,1.015,10.0
6 Lyn b,6 Lyn,13.4,597.83523357,1.37,0.042,,,919.86,2.028,4941.0,1.1186,4.94,1.32,2.353
61 Vir b,61 Vir,2.11,5.1,2.98,0.12,,,4.215,0.050201,5577.0,-0.095,0.963,0.942,8.96
61 Vir c,61 Vir,4.46,18.2,1.13,0.14,,,38.021,0.2175,5577.0,-0.095,0.963,0.942,8.96
61 Vir d,61 Vir,5.11,22.9,0.943,0.35,,,123.01,0.476,5577.0,-0.095,0.963,0.942,8.96
7 CMa b,7 CMa,13.4,587.9855,1.34,0.06,,,735.1,1.758,4826.0,1.06258,4.87,1.34,4.3
7 CMa c,7 CMa,13.9,276.5121,0.566,0.08,,,996.0,2.153,4826.0,1.06258,4.87,1.34,4.3
70 Vir b,70 Vir,12.6,2380.45,6.54,0.3988,,,116.688,0.481,5495.0,0.4513,1.89,1.09,7.77
75 Cet b,75 Cet,13.3,787.89662095,1.84,0.093,,,696.62,1.912,4809.0,1.7145,10.38,1.92,
75 Cet c,75 Cet,13.9,289.85950718,0.593,0.023,,,2051.62,3.929,4809.0,1.7145,10.38,1.92,
8 UMi b,8 UMi,13.5,524.41687155,1.17,0.062,,,93.31,0.462,4847.0,1.72346,10.73,1.51,1.7
81 Cet b,81 Cet,13.1,1051.05854195,2.57,0.037,,,1005.57,2.104,4734.0,1.76027,11.21,1.23,
91 Aqr b,91 Aqr,13.1,1017.0,2.49,0.027,,,181.4,0.7,4665.0,1.69239,11.0,1.4,3.56
AB Aur b,AB Aur,12.5,2860.455663,8.05,0.4,,,,93.9,9770.0,1.77085,2.95887,2.4,0.003
AB Pic b,AB Pic,12.3,4290.5,12.7,,,,,260.0,5285.0,-0.22631,0.999394,0.9,0.03
AF Lep b,AF Lep,13.0,1147.36054927,2.87,0.015,1400.0,,8905.0,8.996,6140.0,0.29,1.25,1.218,0.024
AT2021ueyL b,AT2021ueyL,13.6,425.89006538,0.93,,,,4168.69,4.01,3680.0,,,0.49,
AU Mic b,AU Mic,3.95677019,20.12,1.32,0.00577,600.0,21.2,8.46308,0.0649,3678.0,-1.0381,0.744,0.51,0.0201
AU Mic c,AU Mic,2.52202066,9.6,1.22,0.00338,459.0,7.3,18.85969,0.1108,3678.0,-1.0381,0.744,0.51,0.0201
AU Mic d,AU Mic,1.02,1.053,5.45,0.00305,,,12.73596,,3678.0,-1.0381,0.744,0.51,0.0201
AU Mic e,AU Mic,4.87,21.1,1.0,,,,33.11,,3665.0,-0.99,0.82,0.6,0.0185
BD+03 2562 b,BD+03 2562,12.7,2034.112,5.46,0.2,,,481.9,1.3,4095.0,2.7,32.35,1.14,5.2
BD+05 4868 A b,BD+05 4868 A,,6.2,,,1820.0,,1.271869,0.0208,4596.0,-0.7167,0.69,0.7,11.1
BD+14 4559 b,BD+14 4559,13.8,330.5432,0.691,0.29,,,268.94,0.78,4864.0,-0.32,0.86,0.49,
BD+15 2375 b,BD+15 2375,13.8,337.21763,0.705,0.001,,,153.22,0.576,4649.0,1.57,8.95,1.08,7.41
BD+15 2940 b,BD+15 2940,13.7,352.78,0.754,0.26,,,137.48,0.539,4796.0,2.01,14.7,1.1,7.1
BD+20 2457 b,BD+20 2457,12.1,6807.63,21.1,0.15,,,379.63,1.45,4137.0,3.17,49.0,2.8,
BD+20 2457 c,BD+20 2457,12.4,3963.17,11.4,0.18,,,621.99,2.01,4137.0,3.17,49.0,2.8,
BD+20 274 b,BD+20 274,13.0,1334.886,3.34,0.21,,,578.2,1.3,4296.0,1.96,17.3,0.8,
BD+20 594 b,BD+20 594,2.57807,22.2481,7.89,0.0,546.0,,41.6855,0.241,5766.0,-0.05552,1.08,1.67,3.34
BD+37 3172 b,BD+37 3172,12.4,3368.9811142,9.71,0.59,,,1887.76,4.65,4500.0,2.84,50.24,3.75,
BD+42 2315 b,BD+42 2315,14.2,174.80562385,0.335,0.73,,,123.05,0.54,4500.0,1.99,17.85,1.38,
BD+45 564 b,BD+45 564,13.6,432.24663352,0.944,0.12,,,307.88,0.83,5004.0,-0.39918,0.813064,0.81,
BD+48 738 b,BD+48 738,13.9,289.2253,0.592,0.2,,,392.6,1.0,4414.0,1.69,11.0,0.74,
BD+48 740 b,BD+48 740,13.5,540.311,1.21,0.76,,,733.0,1.7,4534.0,1.64,10.33,1.09,
BD+49 828 b,BD+49 828,13.5,508.5,1.14,0.35,,,2590.0,4.2,4943.0,1.47,7.6,1.52,2.34
BD+55 362 b,BD+55 362,14.0,228.83645304,0.458,0.27,,,265.59,0.78,5012.0,-0.31295,0.896193,0.909,
BD+60 1417 b,BD+60 1417,14.68376472,4767.426105,8.27,,1303.0,,,1662.0,4993.0,0.35595,0.797,1.0,0.1
BD+63 1405 b,BD+63 1405,12.4,3305.4154328,9.53,0.88,,,1198.48,2.06,5000.0,-0.41295,0.804724,0.816,
BD-06 1339 b,BD-06 1339,,1523.03372634,,0.0,,,3.8728,0.0428,4324.0,-1.022,0.686355,0.7,4.4
BD-06 1339 c,BD-06 1339,8.38,53.0,0.495,0.31,,,125.94,0.435,4324.0,-1.022,0.686355,0.7,4.4
BD-08 2823 b,BD-08 2823,,2948.49413174,,0.15,,,5.6,0.06,4816.0,-0.62597,0.71,0.5,4.5
BD-08 2823 c,BD-08 2823,12.5,104.0,0.293,0.19,,,237.6,0.68,4746.0,-0.62597,0.71,0.74,4.5
BD-10 3166 b,BD-10 3166,14.1,187.5197,0.368,0.02,,,3.48777,0.04,5393.0,-0.1912,0.91,1.47,0.25
BD-11 4672 b,BD-11 4672,14.1,206.5895,0.405,0.05,,,1634.0,2.36,4550.0,-0.8041,0.639,0.651,7.4
BD-11 4672 c,BD-11 4672,4.04,15.37,1.28,0.4,,,74.2,0.3,4550.0,-0.8041,0.639,0.651,7.4
BD-13 2130 b,BD-13 2130,12.5,3108.3774,8.75,0.21,,,714.29999,1.66,4545.0,2.04268,19.17,2.12,0.74
BD-14 3065 b,BD-14 3065 A,21.59,3932.0,2.15,0.066,2001.0,646.761,4.2889731,0.0656,6935.0,1.06,2.35,1.41,2.24
BD-17 63 b,BD-17 63,12.8,1639.99458012,4.3,0.5439,,,655.57,1.34,4714.0,-0.678,0.74,0.741,4.3
BD-210397 b,BD-210397,14.0,214.0,0.429,0.1,,0.02,1891.0,2.63,4051.0,-0.86967,0.747,0.679,6.2
BD-210397 c,BD-210397,12.9,1525.5763536,3.91,0.43,,0.0039,6240.0,5.9,4051.0,-0.86967,0.747,0.69,4.0
BEBOP-3 b,BEBOP-3,14.2,177.34825111,0.34,0.247,,,547.0,1.444,6033.0,0.38321,1.414,1.083,
BEBOP-4 AB b,BEBOP-4 A,,8358.8871041,,0.428,,,1823.5,3.634,5701.43,0.85933,2.75645,1.507,
Barnard b,Barnard's star,0.72,0.299,4.4,0.03,438.0,6.76,3.1542,0.0229,3195.0,-2.44977,0.185,0.162,
Barnard c,Barnard's star,0.743,0.335,4.49,0.08,400.0,,4.1244,0.0274,3195.0,-2.44977,0.185,0.162,
Barnard d,Barnard's star,0.694,0.263,4.32,0.04,483.0,,2.3402,0.0188,3195.0,-2.44977,0.185,0.162,
Barnard e,Barnard's star,0.637,0.193,4.1,0.04,340.0,,6.7392,0.0381,3195.0,-2.44977,0.185,0.162,
CD Cet b,CD Cet,1.82,3.95,3.6,,464.0,8.6,2.2907,0.0185,3130.0,-2.53254,0.175,0.161,3.0
CD-35 2722 b,CD-35 2722,17.37392009,9375.9380065,9.82,,1800.0,,,67.0,3689.0,-1.26481,0.558549,0.4,0.1
CFBDSIR J145829+101343 b,CFBDSIR J145829+101343,12.4,3337.1,9.62,,370.0,,10037.5,2.6,580.5,,,0.021,
CFHTWIR-Oph 98 b,CFHTWIR-Oph 98 A,20.8487041,2479.0615746,1.5,,1800.0,,8040000.0,200.0,2320.0,-2.85,0.245,0.0147,0.003
CHXR 73 b,CHXR 73,12.3,3994.486,11.8,,,,,210.0,3099.0,,,0.35,0.002
CI Tau c,CI Tau,13.0,1144.1822652,2.86,0.58,,,25.2,0.17,3807.0,-0.25458,1.880857,0.9,0.0025
COCONUTS-2 b,COCONUTS-2 A,12.44196858,2542.627256,7.25,,434.0,,402000000.0,7506.0,3406.0,-1.732,0.388,0.37,0.475
CT Cha b,CT Cha,24.66,5403.0,1.98,,2600.0,,,440.0,4403.0,-0.10177,1.679694,,0.002
CoRoT-1 b,CoRoT-1,16.7,327.35,0.38,0.0,1898.0,2852.63,1.5089557,0.02752,5950.0,0.29793,1.11,0.95,1.6
CoRoT-10 b,CoRoT-10,10.87,874.0,3.7,0.53,600.0,16.1089,13.2406,0.1055,5075.0,-0.72608,0.79,0.89,3.0
CoRoT-11 b,CoRoT-11,16.03,740.51,0.99,0.0,1657.0,1890.649,2.99433,0.0436,6440.0,0.37753,1.37,1.27,2.0
CoRoT-12 b,CoRoT-12,16.14,291.438,0.411,0.07,1442.0,661.1334,2.828042,0.04016,5675.0,0.07,1.116,1.078,6.3
CoRoT-13 b,CoRoT-13,9.92,415.704,2.34,0.0,1700.0,546.5339,4.03519,0.051,5945.0,0.07314,1.01,1.09,1.635
CoRoT-14 b,CoRoT-14,12.22,2415.4,7.3,0.0,1952.0,,1.51214,0.027,6035.0,0.11884,1.21,1.13,4.2
CoRoT-16 b,CoRoT-16,13.11,170.032,0.44,0.33,,,5.35227,0.0618,5650.0,-0.43496,1.19,1.098,6.73
CoRoT-17 b,CoRoT-17,11.43,772.29,2.82,0.0,1626.0,,3.7681,0.0461,5740.0,0.13421,1.59,1.04,10.7
CoRoT-18 b,CoRoT-18,14.68,1102.82,2.2,0.08,1550.0,823.7009,1.9000693,0.0295,5440.0,-0.17,1.0,0.95,0.6
CoRoT-19 b,CoRoT-19,14.46,352.78,0.71,0.047,2000.0,1103.809,3.89713,0.0518,6090.0,0.544,1.65,1.21,5.0
CoRoT-2 b,CoRoT-2,16.432,1102.82,1.47,0.0143,1521.0,932.9076,1.7429935,0.02798,5625.0,-0.13055,0.906,0.96,2.7
CoRoT-20 b,CoRoT-20,9.41556,1366.669,8.87,0.59,1024.0,180.8704,9.24285,0.09,5880.0,0.17,1.02,1.14,0.1
CoRoT-20 c,CoRoT-20,12.2,5403.11,16.4,0.6,,,1675.0,2.9,5880.0,0.17,1.02,1.14,0.1
CoRoT-21 b,CoRoT-21,14.5717,718.2958,1.36,0.0,,,2.72474,0.0417,6200.0,0.705,1.95,1.29,4.1
CoRoT-22 b,CoRoT-22,4.88,12.2,0.249,0.077,885.0,,9.75598,0.092,5939.0,0.01352,1.136,1.099,3.3
CoRoT-23 b,CoRoT-23,11.77,889.9,3.0,0.16,1660.0,,3.6313,0.048,5900.0,0.08678,1.61,1.14,7.2
CoRoT-24 b,CoRoT-24,3.7,5.7,0.9,0.0,1070.0,,5.1134,0.056,4950.0,-0.60148,0.86,0.91,11.0
CoRoT-24 c,CoRoT-24,5.0,28.0,1.3,0.0,850.0,,11.759,0.098,4950.0,-0.60148,0.86,0.91,11.0
CoRoT-25 b,CoRoT-25,12.11,85.81,0.15,0.0,1330.0,,4.86069,0.0578,6040.0,0.14101,1.19,1.09,4.5
CoRoT-26 b,CoRoT-26,14.12,165.26,0.28,0.0,1600.0,,4.20474,0.0526,5590.0,0.451,1.79,1.09,8.6
CoRoT-27 b,CoRoT-27,11.287,3302.11,12.6,0.065,1500.0,,3.57532,0.0476,5900.0,-0.16641,1.08,1.05,4.21
CoRoT-28 b,CoRoT-28,10.704595,153.82972,0.69,0.047,,,5.20851,0.0603,5150.0,0.38849,1.78,1.01,12.0
CoRoT-29 b,CoRoT-29,10.0881,270.1555,1.45,0.082,,,2.85057,0.0386,5260.0,-0.09414,0.9,0.97,4.5
CoRoT-3 b,CoRoT-3,11.32,6883.91,26.4,0.0,1695.0,,4.2568,0.05783,6740.0,0.39086,1.56,1.37,2.2
CoRoT-30 b,CoRoT-30,11.309881,921.707,3.45,0.007,,,9.06005,0.0844,5650.0,-0.19653,0.91,0.98,3.0
CoRoT-31 b,CoRoT-31,16.36514,266.9772,0.33,0.02,,,4.62941,0.0586,5700.0,0.39778,2.15,1.25,4.7
CoRoT-32 b,CoRoT-32,6.38913,47.6745,1.1,,938.0,132.26,6.71837,0.071,5970.0,-0.1549,0.79,1.08,
CoRoT-35 b,CoRoT-35,18.83108758,349.6112477,0.29,0.0,1747.0,,3.22748,0.0429,6390.0,0.36247,1.65,1.01,6.1
CoRoT-36 b,CoRoT-36,15.80466279,216.12331676,0.25,0.0,1567.0,,5.616531,0.066,6730.0,0.81257,1.52,1.32,2.1
CoRoT-4 b,CoRoT-4,13.34,228.83,0.525,0.0,1074.0,203.9517,9.20205,0.09,6190.0,0.18482,1.17,1.16,1.0
CoRoT-5 b,CoRoT-5,15.558,148.42,0.217,0.09,1438.0,786.2949,4.0378962,0.04947,6100.0,0.18,1.186,1.0,6.9
CoRoT-6 b,CoRoT-6,13.068,940.74,2.32,0.1,1017.0,,8.886593,0.0855,6090.0,0.02573,1.025,1.05,2.5
CoRoT-7 b,CoRoT-7,1.68135,4.07660518,9.355,0.0,1756.0,,0.85359163,0.017016,5275.0,-0.28938,0.83,0.82,1.8
CoRoT-7 c,CoRoT-7,2.83,8.4,2.04,0.0,,,3.698,0.046,5256.0,-0.28938,0.864273,0.899,1.8
CoRoT-7 d,CoRoT-7,4.31,17.142,1.18,,,,8.966,,5250.0,-0.28938,0.8389,0.915,1.8
CoRoT-8 b,CoRoT-8,6.39,69.92,1.6,0.0,870.0,,6.21229,0.063,5080.0,-0.4,0.77,0.88,3.0
CoRoT-9 b,CoRoT-9,11.948794,266.9772,0.86,0.133,420.0,,95.272656,0.4021,5625.0,-0.25426,0.96,0.96,6.0
DE CVn b,DE CVn,12.4,3823.27330161,11.0,0.0,,,4098.1,5.75,3579.0,-1.57398,0.424754,0.51,
DENIS-P J082303.1-491201 b,DENIS-P J082303.1-491201,11.9,9057.77,29.5,0.345,,,246.36,0.36,,,,0.075,1.0
DH Tau b,DH Tau,30.2643,3496.0,0.693,,2200.0,,,330.0,4371.0,-0.21153,0.27,0.33,0.001
DMPP-1 b,DMPP-1,5.29,24.27,0.901,0.083,877.0,,18.57,0.1462,6196.0,0.31955,1.26,1.21,2.01
DMPP-1 c,DMPP-1,3.06,9.6,1.84,0.057,1239.0,,6.584,0.0733,6196.0,0.31955,1.26,1.21,2.01
DMPP-1 d,DMPP-1,1.65,3.35,4.1,0.07,1632.0,,2.882,0.0422,6196.0,0.31955,1.26,1.21,2.01
DMPP-1 e,DMPP-1,1.86,4.13,3.53,0.07,1314.0,,5.516,0.0651,6196.0,0.31955,1.26,1.21,2.01
DMPP-2 b,DMPP-2,14.3,138.89171,0.261,0.078,1000.0,,5.2072,0.0664,6500.0,0.1038,1.78,1.44,2.0
DMPP-3 A b,DMPP-3 A,1.41,2.58,5.06,0.14,854.0,,6.6732,0.0662,5138.0,-0.29268,0.91,0.87,10.9
DMPP-4 b,DMPP-4,3.53,12.2,1.52,0.063,,,3.4982,0.04853,6400.0,0.45939,1.38,1.25,2.15
DP Leo b,DP Leo,12.7,1995.88832,5.35,0.39,,,10220.0,8.19,13500.0,-2.4,0.0115,0.69,
DS Tuc A b,DS Tuc A,5.7,413.179,,0.0,850.0,115.8276,8.138268,,5428.0,-0.13966,0.964,1.01,0.045
EPIC 201170410.02,EPIC 201170410,1.047,1.15,5.51,0.0,,,6.7987,0.0349,3648.0,-1.9,0.282,0.287,
EPIC 201238110 b,EPIC 201238110,1.87,4.16,3.5,,,,28.1656,,3587.0,-1.50834,0.374,0.41,
EPIC 201427007 b,EPIC 201427007,1.5,2.86,4.66,,,,0.72091,,5633.0,-0.04875,0.94,0.93,
EPIC 201497682 b,EPIC 201497682,0.692,0.26,4.31,,,,2.13174,,4991.0,-0.76627,0.554,0.78,
EPIC 201595106 b,EPIC 201595106,1.565,7.67,11.1,0.0,2038.0,2852.0,0.87724,0.0177,5679.0,-0.04915,0.98,0.958,6.0
EPIC 201615463 c,K2-166,1.22,1.98,5.99,,,,3.80464,,5960.0,0.45848,1.61,1.073,
EPIC 201754305 d,K2-16,1.03,1.08,5.43,,,,2.71578,,4761.0,-0.76082,0.544,0.67,
EPIC 201757695.02,EPIC 201757695,0.90819,0.688,5.05,0.0,,,2.0478,0.0296,4520.0,-0.36351,0.655,0.727,
EPIC 201833600 c,K2-50,1.0,0.972,5.34,,,,3.96151,,4326.0,-0.87356,0.634,0.611,
EPIC 201841433 b,EPIC 201841433,1.04,1.12,5.47,,,,4.1698,0.035,5053.0,-0.63455,0.628461,0.802,
EPIC 205950854 c,K2-168,1.31,2.27,5.55,,960.6,,8.050722,,5502.7,-0.17649,0.83,0.877,
EPIC 206024342 b,EPIC 206024342,1.7,3.53,3.95,,,,4.50756,,5724.0,-0.16992,0.823,0.928,
EPIC 206024342 c,EPIC 206024342,1.4,2.54,5.09,,,,0.911724,,5724.0,-0.16992,1.1,0.928,
EPIC 206024342 d,EPIC 206024342,2.6,7.27,2.27,,,,14.647531,,5724.0,-0.16992,1.1,0.928,
EPIC 206032309 b,EPIC 206032309,1.01,1.01,5.39,,,,2.87814,,3489.0,-1.73006,0.37344,0.221,
EPIC 206042996 b,EPIC 206042996,1.7,3.53,3.95,,,,5.2986,,4114.0,-0.97996,0.5,0.565,
EPIC 206042996 c,EPIC 206042996,1.2,1.87,5.95,,,,0.354884,,4114.0,-0.97996,0.5,0.565,
EPIC 206215704 b,EPIC 206215704,1.0,0.972,5.34,,,,2.255436,,3297.0,-2.08843,0.25,0.407,
EPIC 206317286 b,EPIC 206317286,0.96,0.84,5.22,,,,1.58252,,4752.0,-0.59336,0.669,0.711,
EPIC 206317286 c,EPIC 206317286,2.094,5.03,3.01,,,,17.515472,,4752.0,-0.59336,0.758,0.832,
EPIC 211822797 b,EPIC 211822797,1.92,4.35,3.38,0.06,431.0,3.5,21.1701963,0.1195,4057.0,-1.15304,0.58,0.62,0.79
EPIC 211945201 b,EPIC 211945201,5.76,11.0,0.33,0.0,817.0,101.0,19.49221,0.1493,6069.0,0.37334,1.39,1.17,3.99
EPIC 212297394 b,EPIC 212297394,1.48,2.79,4.73,,1149.0,,2.289363,,5171.0,-0.46654,0.8,0.83,
EPIC 212297394 c,EPIC 212297394,2.27,5.77,2.71,,866.0,,5.213965,,5171.0,-0.46654,0.8,0.83,
EPIC 212424622 b,EPIC 212424622,2.17,5.35,2.88,,,,18.0983,,5782.33,0.17917,1.2247,1.106,
EPIC 212499991 b,EPIC 212499991,1.6,3.19,4.28,,,,34.885,,4982.79,-0.4966,0.757541,0.912,
EPIC 212587672 b,EPIC 212587672,1.26,2.13,5.85,,756.0,,15.28078,,6004.0,0.03848,0.98,0.99,
EPIC 212587672 c,EPIC 212587672,2.32,5.99,2.64,,658.0,,23.228555,,6004.0,0.03848,0.98,0.99,
EPIC 212624936 b,EPIC 212624936,1.2,1.87,5.95,,,,0.578657,,5765.0,-0.12371,0.93,1.0,
EPIC 212624936 c,EPIC 212624936,2.3,5.9,2.66,,,,11.811437,,5765.0,-0.12371,0.93,1.0,
EPIC 212737443 b,EPIC 212737443,2.586,7.2,2.29,0.2,536.0,,13.603,0.098,4684.0,-0.75057,0.673,0.69,
EPIC 212737443 c,EPIC 212737443,2.69,7.7,2.17,0.2,316.0,,65.55,0.28,4684.0,-0.75057,0.673,0.69,
EPIC 220492298 b,EPIC 220492298,0.99,0.937,5.31,,,,0.762406,,5620.0,-0.0088,0.89,0.95,
EPIC 220554210 c,K2-282,1.6,3.19,4.28,,,,0.70531,,5499.0,-0.21463,1.0,0.94,
EPIC 220674823 b,EPIC 220674823,1.676,7.8,9.09,0.0,2299.0,4656.0,0.5713127,0.01314,5578.0,-0.11919,0.99,0.913,7.5
EPIC 220674823 c,EPIC 220674823,2.84,7.32,1.72,0.17,804.0,70.0,13.33989,0.1073,5578.0,-0.11919,0.99,0.913,7.5
EPIC 228836835 b,EPIC 228836835,1.1,1.37,5.66,,932.0,,0.728113,,3782.0,-1.61153,0.32,0.418179,
EPIC 229004835 b,EPIC 229004835,2.332,10.4,4.49,0.23,804.0,69.7,16.141132,0.1237,5868.0,0.02989,0.999,0.97,4.9
EPIC 246851721 b,EPIC 246851721,11.780659,953.49,3.1,,1401.0,642.0,6.180235,0.07229,6202.0,0.52634,1.586,1.317,3.02
EPIC 248847494 b,EPIC 248847494,12.44199,4131.79,,0.0,183.0,0.19,3650.0,4.5,4898.0,0.54805,2.7,0.9,
EPIC 249893012 b,EPIC 249893012,1.95,8.75,6.39,0.06,1616.0,1037.0,3.5951,0.047,5430.0,0.35568,1.71,1.05,9.0
EPIC 249893012 c,EPIC 249893012,3.67,14.67,1.62,0.07,990.0,160.0,15.624,0.13,5430.0,0.35568,1.71,1.05,9.0
EPIC 249893012 d,EPIC 249893012,3.94,10.18,0.91,0.15,752.0,53.0,35.747,0.22,5430.0,0.35568,1.71,1.05,9.0
FU Tau b,FU Tau,12.2,5085.28,15.4,,2375.0,,,800.0,2838.0,-0.69897,,0.05,0.001
G 192-15 b,G 192-15,1.02,1.03,5.33,0.0,453.6,7.06,2.27476,0.01723,2999.0,-2.67285,0.170718,0.132,
G 192-15 c,G 192-15,3.87,14.3,1.36,0.676,55.9,0.0016,1219.0,1.137,2999.0,-2.67285,0.170718,0.132,
G 196-3 b,G 196-3,12.0,8263.538582,26.3,,1670.0,,,350.0,3517.0,-1.42456,0.522432,0.519782,
G 261-6 b,G 261-6,1.1,1.37,5.66,0.0,322.3,1.8,5.4536,0.02971,2907.0,-2.82122,0.153162,0.118,
G 264-012 b,G 264-012,1.39,2.5,5.12,,587.0,20.5,2.30538,0.02279,3326.0,-1.97224,0.305,0.297,
G 264-012 c,G 264-012,1.76,3.75,3.78,,387.0,3.87,8.0518,0.0525,3326.0,-1.97224,0.305,0.297,
G 268-110 b,G 268-110,1.13,1.52,5.79,0.0,534.0,13.57,1.43263,0.01283,,-2.63971,0.177,0.137,
G 9-40 b,G 9-40,1.9,4.0,3.2,0.0,440.6,6.27,5.7459982,0.0418,3395.0,-1.96019,0.3026,0.2952,9.9
GJ 1002 b,GJ 1002,1.03,1.08,5.43,,230.9,0.67,10.3465,0.0457,3024.0,-2.85201,0.137,0.12,
GJ 1002 c,GJ 1002,1.1,1.36,5.61,,181.7,0.257,21.202,0.0738,3024.0,-2.85201,0.137,0.12,
GJ 1061 b,GJ 1061,1.1,1.37,5.66,0.31,,3.8,3.204,0.021,2953.0,-2.76955,0.156,0.12,7.0
GJ 1061 c,GJ 1061,1.18,1.74,5.82,0.29,,1.4,6.689,0.035,2953.0,-2.76955,0.156,0.12,7.0
GJ 1061 d,GJ 1061,1.16,1.64,5.77,0.53,,0.6,13.031,0.054,2953.0,-2.76955,0.156,0.12,7.0
GJ 1132 b,GJ 1132,1.19151465,1.83704819,5.97,0.0118,583.8,19.3,1.62892911,0.0157,3229.0,-2.32148,0.2211,0.1945,5.0
GJ 1132 c,GJ 1132,1.43,2.64,4.96,0.27,300.0,,8.929,0.0476,3270.0,-2.35853,0.2105,0.181,5.0
GJ 1148 b,GJ 1148,11.9,96.7,0.315,0.38,,,41.38,0.166,3287.0,-1.86908,0.358519,0.344045,
GJ 1148 c,GJ 1148,9.71,68.06,0.409,0.342,,,532.58,0.912,3287.0,-1.86908,0.358519,0.344045,
GJ 1151 c,GJ 1151,3.25,10.62,1.7,,,,389.7,0.5714,3280.0,-2.47952,0.1781,0.1639,
GJ 1214 b,GJ 1214,2.733,8.41,2.26,0.0062,567.0,17.2,1.580404531,0.01505,3101.0,-2.40894,0.2162,0.182,3.0
GJ 1252 b,GJ 1252,1.193,1.32,4.2,0.0,1089.0,233.0,0.5182331,0.00915,3458.0,-1.70774,0.391,0.381,3.9
GJ 1265 b,GJ 1265,2.63,7.4,2.24,0.04,,,3.6511,0.026,3236.0,-2.4389,0.192,0.178,
GJ 1289 b,GJ 1289,2.38,6.27,2.56,0.0,150.0,,111.74,0.27,3296.0,-2.25995,0.245012,0.21,
GJ 143 b,GJ 143,2.61,22.7,7.0,0.188,422.0,10.8612,35.61253,0.1915,4640.0,-0.6862,0.695,0.73,3.8
GJ 15 A b,GJ 15 A,1.55,3.03,4.47,0.094,550.0,,11.4407,0.072,3607.0,-1.655,0.38,0.38,
GJ 15 A c,GJ 15 A,6.67,36.0,0.667,0.27,,,7600.0,5.4,3607.0,-1.655,0.38,0.38,
GJ 160.2 b,GJ 160.2,3.17,10.2,1.76,0.06,,,5.2354,0.053,4347.0,-0.79588,0.655173,0.69,
GJ 163 b,GJ 163,3.25,10.6,1.7,0.073,,,8.63182,0.0607,3500.0,-1.708,0.409738,0.4,6.0
GJ 163 c,GJ 163,2.5,6.8,2.39,0.099,,,25.63058,0.1254,3500.0,-1.708,0.409738,0.4,6.0
GJ 163 d,GJ 163,5.92,29.4,0.779,0.373,,,603.95116,1.0304,3500.0,-1.708,0.409738,0.4,6.0
GJ 179 b,GJ 179,13.8,301.93698665,0.631,0.21,,,2288.0,2.41,3370.0,-1.796,0.38,0.357,
GJ 180 b,GJ 180,2.43,6.49,2.49,0.07,,,17.133,0.092,3371.0,-1.88606,0.413049,0.43,
GJ 180 c,GJ 180,2.41,6.4,2.51,0.09,,,24.329,0.129,3371.0,-1.88606,0.413049,0.43,
GJ 180 d,GJ 180,2.66,7.56,2.21,0.14,,,106.3,0.309,3371.0,-1.88606,0.413049,0.43,
GJ 2030 b,GJ 2030,2.03,4.76742611,3.13,0.239,,,2.38129,0.034,5485.0,0.6123,2.24104,0.96,
GJ 2030 c,GJ 2030,12.3,4069.15709482,12.0,0.041,,,25533.11353,16.761,5485.0,0.6123,2.24104,0.96,
GJ 2056 b,GJ 2056,4.17,16.2,1.23,0.72,,,69.971,0.283,4069.95,-0.90505,0.709495,0.62,
GJ 2126 b,GJ 2126,13.6,413.1769291,0.903,0.85,,,272.7,0.71,4159.0,-0.84527,0.728,0.65,
GJ 229 A c,GJ 229,2.87,8.58136699,1.99,0.366,,,121.93268,0.384,3564.0,-1.55284,0.46,0.509,0.4
GJ 229 b,GJ 229,3.97,14.93793513,1.31,0.404,,,579.47495,1.086,3564.0,-1.55284,0.46,0.509,0.4
GJ 238 b,GJ 238,0.566,0.126,3.82,,758.0,107.262,1.7446999,0.02123,3485.0,-1.61618,0.4314,0.4193,
GJ 251 b,GJ 251,1.79,3.85,3.69,0.0,336.0,2.37,14.237,0.0808,3342.0,-1.80967,0.36,0.35,6.8
GJ 251 c,GJ 251,1.8,3.88,3.66,0.0,216.0,0.404,53.647,0.196,3342.0,-1.80967,0.36,0.35,6.8
GJ 27.1 b,GJ 27.1,3.66,13.0,1.46,0.08,,,15.819,0.101,3542.0,-1.58503,0.518887,0.53,
GJ 273 b,GJ 273,1.51,2.89,4.61,0.1,,1.06,18.6498,0.091101,3382.0,-2.05552,0.293,0.29,
GJ 273 c,GJ 273,1.06,1.18,5.44,0.17,,6.66,4.7234,0.036467,3382.0,-2.05552,0.293,0.29,
GJ 3021 b,GJ 3021,13.1,1071.04,2.62,0.511,350.0,,133.71,0.49,5540.0,-0.18,0.9,0.9,0.37
GJ 3082 b,GJ 3082,2.79,8.2,2.07,0.22,,,11.949,0.079,3910.0,-1.46273,0.465216,0.47,
GJ 3090 b,GJ 3090,2.18,4.52,2.4,0.25,723.0,45.4,2.85310198,0.0316,3707.0,-1.34199,0.516,0.519,
GJ 3090 c,GJ 3090,3.14,10.0,1.77,0.0,407.2,4.58,15.9407,0.0997,3707.0,-1.34199,0.516,0.519,
GJ 3138 b,GJ 3138,1.18,1.78,5.95,0.19,,118.1,1.22003,0.0197,3717.0,-1.34679,0.5,0.681,
GJ 3138 c,GJ 3138,1.88,4.18,3.46,0.11,,13.9,5.974,0.057,3717.0,-1.34679,0.5,0.681,
GJ 3138 d,GJ 3138,3.23,10.5,1.71,0.32,,0.1,257.8,0.698,3717.0,-1.34679,0.5,0.681,
GJ 317 b,GJ 317,13.3,794.5,1.86,0.0826,,,695.69,1.138,3496.0,-1.68663,0.403,0.402,5.0
GJ 317 c,GJ 317,13.6,454.49462201,0.993,0.217,,,6500.0,5.04,3496.0,-1.68663,0.403,0.402,5.0
GJ 3222 b,GJ 3222,3.4,11.44182265,1.6,0.929,,,10.66669,0.091,5257.46,-0.252,0.931389,0.89,
GJ 328 b,GJ 328,13.3,797.74930157,1.86,0.227,,,3771.0,4.11,3897.0,-1.08,0.63,0.65,
GJ 328 c,GJ 328,4.91,21.4,0.993,,,,241.8,0.657,3897.0,-1.08,0.63,0.65,
GJ 3293 b,GJ 3293,5.19,23.54,0.925,0.06,,1.07,30.5987,0.14339,3466.0,-1.65758,0.404,0.42,
GJ 3293 c,GJ 3293,4.87,21.09,1.0,0.11,,0.17,122.6196,0.36175,3466.0,-1.65758,0.404,0.42,
GJ 3293 d,GJ 3293,2.67,7.6,2.19,0.12,,0.59,48.1345,0.19394,3466.0,-1.65758,0.404,0.42,
GJ 3293 e,GJ 3293,1.63,3.28,4.16,0.21,,3.34,13.2543,0.08208,3466.0,-1.65758,0.404,0.42,
GJ 3323 b,GJ 3323,1.23,2.02,5.96,0.23,,2.58,5.3636,0.03282,3159.0,-2.56864,0.119,0.164,
GJ 3323 c,GJ 3323,1.32,2.31,5.52,0.17,,0.17,40.54,0.1264,3159.0,-2.56864,0.119,0.164,
GJ 3341 b,GJ 3341,2.46,6.6,2.44,0.31,,,14.207,0.089,3526.0,-1.538,0.439,0.47,
GJ 338 B b,GJ 338 B,3.25,10.6,1.7,0.109,391.0,,24.422,0.142,4014.0,-1.10127,0.58,0.64,4.0
GJ 341 b,GJ 341,0.88,4.0,,0.0,629.0,13.8,7.57686,,3770.0,-1.31072,0.5066,0.48,
GJ 3470 b,GJ 3470,4.57,13.9,0.8,0.017,593.5,29.6584,3.3366496,0.0355,3600.0,-1.5376,0.547,0.539,1.65
GJ 3473 b,GJ 3473,1.264,1.86,5.03,0.0,773.0,59.4,1.1980035,0.01589,3347.0,-1.82391,0.364,0.36,
GJ 3473 c,GJ 3473,2.63,7.41,2.24,0.0,329.1,1.95,15.509,0.0876,3347.0,-1.82391,0.364,0.36,
GJ 3512 b,GJ 3512,14.3,146.51889563,0.275,0.4279,,,203.109,0.3376,3141.0,-2.8041,0.139,0.123,5.5
GJ 3512 c,GJ 3512,14.3,143.97626837,0.271,0.089,,,2354.0,1.731,3141.0,-2.8041,0.139,0.123,5.5
GJ 357 b,GJ 357,1.2,1.84,5.6,,518.0,12.6,3.9306,0.036,3505.0,-1.79833,0.337,0.342,
GJ 357 c,GJ 357,1.66,3.4,4.08,,401.2,4.45,9.1247,0.061,3505.0,-1.79833,0.337,0.342,
GJ 357 d,GJ 357,2.34,6.1,2.62,,219.6,0.38,55.661,0.204,3505.0,-1.79833,0.337,0.342,
GJ 3634 b,GJ 3634,2.83,8.4,2.04,0.08,,,2.64561,0.0287,3517.0,-1.699,0.43,0.45,5.0
GJ 367 b,GJ 367,0.699,0.633,10.2,0.06,1365.0,579.0,0.3219225,0.00709,3522.0,-1.5391,0.458,0.455,
GJ 367 c,GJ 367,1.86,4.13,3.53,0.09,,,11.5301,,3522.0,-1.5391,0.458,0.455,
GJ 367 d,GJ 367,2.33,6.03,2.62,0.14,,,34.369,,3522.0,-1.5391,0.458,0.455,
GJ 3779 b,GJ 3779,2.75,8.0,2.11,0.07,,,3.0232,0.026,3324.0,-2.06198,0.281,0.27,
GJ 3929 b,GJ 3929,1.09,1.75,7.3,0.0,568.0,17.3,2.616235,0.0252,3384.0,-1.96257,0.32,0.313,7.1
GJ 3929 c,GJ 3929,2.26,5.71,2.72,0.0,317.0,1.68,15.04,0.081,3384.0,-1.96257,0.32,0.313,7.1
GJ 393 b,GJ 393,1.17,1.71,5.87,,485.0,9.21,7.02679,0.05402,3579.0,-1.57073,0.426,0.426,
GJ 3942 b,GJ 3942,2.57,7.14,2.31,0.121,590.0,,6.905,0.0608,3867.0,-1.12,0.61,0.63,
GJ 3988 b,GJ 3988,1.74,3.69,3.85,0.0,348.0,2.45,6.9442,0.0405,3273.0,-2.39513,0.19734,0.1842,
GJ 3998 b,GJ 3998,1.39,2.5,5.12,0.0,,48.0,2.65033,0.03,3726.0,-1.358,0.5,0.52,8.38
GJ 3998 c,GJ 3998,2.5,6.82,2.4,0.0,,5.4,13.727,0.09,3726.0,-1.358,0.5,0.52,8.38
GJ 3998 d,GJ 3998,2.34,6.07,2.6,0.0,,1.2,41.78,0.189,3726.0,-1.358,0.5,0.52,8.38
GJ 411 b,GJ 411,1.45,2.69,4.85,0.063,349.83,3.13,12.9394,0.07879,3719.0,-1.70997,0.3685,0.3899,8.047
GJ 414 A b,GJ 414 A,2.63,7.6,2.3,0.45,308.6,,50.8,0.2324,4120.0,-0.92445,0.68,0.65,12.4
GJ 414 A c,GJ 414 A,8.4,53.83,0.499,0.105,124.7,,749.83,1.4,4120.0,-0.92445,0.68,0.65,12.4
GJ 422 b,GJ 422,3.33,11.07,1.65,0.11,,,20.129,0.111,3323.0,-1.95861,0.370328,0.35,
GJ 4274 b,GJ 4274,1.53,2.97,4.56,,,14.7,1.6339,0.0153,3228.0,-2.46218,0.19,0.18,0.12
GJ 4274 c,GJ 4274,2.83,8.39,2.03,,,0.1,69.57,0.186,3228.0,-2.46218,0.19,0.18,0.12
GJ 4276 b,GJ 4276,4.22,16.57,1.21,0.37,,,13.352,0.082,3387.0,-1.70553,0.407,0.406,6.9
GJ 433 b,GJ 433,2.33,6.043,2.63,0.04,,,7.3705,0.062,3461.0,-1.69897,0.5,0.48,
GJ 433 c,GJ 433,6.27,32.422,0.723,0.12,,,5094.105,4.819,3461.0,-1.69897,0.5,0.48,
GJ 433 d,GJ 433,2.14,5.223,2.93,0.07,,,36.059,0.178,3461.0,-1.69897,0.5,0.48,
GJ 436 b,GJ 436,4.17,22.1,1.8,0.13827,686.0,29.4322,2.64388312,0.0291,3586.11,-1.585,0.455,0.47,6.0
GJ 463 b,GJ 463,13.1,1080.6165838,2.64,0.146,,,3459.0,3.53,3563.0,-1.52293,0.483,0.486,
GJ 480 b,GJ 480,3.69,13.2,1.44,0.1,,,9.567,0.068,3381.0,-1.61155,0.455815,0.45,
GJ 486 b,GJ 486,1.289,2.77,6.66,0.00086,696.3,39.2,1.46712127,0.01714,3317.0,-1.93892,0.3243,0.312,4.0
GJ 504 b,GJ 504,12.10569916,1271.3,3.94,,510.0,,,43.5,6234.0,0.332,1.26,1.22,0.16
GJ 508.2 b,GJ 508.2,,587.98255295,,0.27,,,5300.0,4.85,3720.0,-1.222,0.53,0.54,
GJ 514 b,GJ 514,2.13,5.2,2.96,0.45,202.0,0.28,140.43,0.422,3728.0,-1.36653,0.5,0.51,0.8
GJ 536 b,GJ 536,2.41,6.37,2.5,0.0,451.0,9.9,8.70874,0.0668,3641.0,-1.35291,0.529,0.528,4.2
GJ 536 c,GJ 536,2.3,5.89,2.66,0.0,290.5,1.692,32.761,0.1617,3641.0,-1.35291,0.529,0.528,4.2
GJ 581 b,GJ 581,4.79,20.5,1.02,0.0342,,,5.3686,0.0399,3500.0,-1.90781,0.302,0.295,4.3
GJ 581 c,GJ 581,2.5,6.81,2.39,0.032,,,12.9211,0.0718,3500.0,-1.90781,0.302,0.295,4.3
GJ 581 e,GJ 581,1.38,2.48,5.19,0.012,,,3.1481,0.02799,3500.0,-1.90781,0.302,0.295,4.3
GJ 625 b,GJ 625,1.49,2.82,4.68,0.13,,,14.628,0.078361,3499.0,-1.894,0.31,0.3,
GJ 649 b,GJ 649,10.8,81.99972901,0.358,0.083,,,600.1,1.112,3734.0,-1.361,0.5,0.51,0.44
GJ 667 C b,GJ 667 C,2.25,5.68,2.74,0.2,,,7.203,0.050431,3350.0,-1.863,,0.33,2.0
GJ 667 C c,GJ 667 C,1.77,3.8,3.77,0.02,,,28.14,0.125,3350.0,-1.863,,0.33,2.0
GJ 667 C e,GJ 667 C,1.45,2.7,4.87,0.02,,,62.24,0.213,3350.0,-1.863,,0.33,2.0
GJ 667 C f,GJ 667 C,1.45,2.7,4.87,0.03,,,39.026,0.156,3350.0,-1.863,,0.33,2.0
GJ 667 C g,GJ 667 C,1.99,4.6,3.21,0.08,,,256.2,0.549,3350.0,-1.863,,0.33,2.0
GJ 674 b,GJ 674,3.33,11.09,1.65,0.2,,,4.6938,0.039,3600.0,-1.796,0.36463,0.35,0.55
GJ 676 A b,GJ 676 A,12.8,1840.86213334,4.82,0.319,,,1051.44521,1.735,3734.0,-1.04251,0.69,0.626,
GJ 676 A c,GJ 676 A,12.3,4288.14086724,12.7,0.295,,,13921.42302,9.726,3734.0,-1.04251,0.69,0.626,
GJ 676 A d,GJ 676 A,1.78,3.81394088,3.72,0.192,,,3.60076,0.039,3734.0,-1.04251,0.69,0.626,
GJ 676 A e,GJ 676 A,2.47,6.67439655,2.43,0.152,,,35.47358,0.181,3734.0,-1.04251,0.69,0.626,
GJ 680 b,GJ 680,12.0,7977.4930157,25.4,0.381,,,17281.66514,10.138,3563.0,-1.51379,0.45933,0.456,
GJ 682 b,GJ 682,1.93,4.4,3.36,0.08,,,17.478,0.08,3028.0,-2.69897,0.298255,0.27,
GJ 682 c,GJ 682,2.89,8.7,1.98,0.1,,,57.32,0.176,3028.0,-2.69897,0.298255,0.27,
GJ 685 b,GJ 685,2.95,9.0,1.93,0.0,,,24.16,0.1344,3816.0,-1.253,0.54,0.55,
GJ 687 b,GJ 687,4.32,17.2,1.17,0.17,,,38.142,0.163,3413.0,-1.672,0.4183,0.4,
GJ 687 c,GJ 687,4.14,16.0,1.24,0.4,,,727.562,1.165,3413.0,-1.672,0.4183,0.4,
GJ 720 A b,GJ 720 A,3.77,13.64,1.4,0.12,401.0,,19.466,0.119,3837.0,-1.217,0.56,0.57,
GJ 724 b,GJ 724,3.27,10.75,1.69,0.577,611.0,23.32,5.101284,0.04685,3799.0,-1.2909,0.52226,0.5271,
GJ 740 b,GJ 740,1.53,2.96,4.54,0.24,829.0,79.0,2.37756,0.029,3913.0,-1.206,0.56,0.58,
GJ 806 b,GJ 806,1.331,1.9,4.4,,940.0,130.0,0.9263237,0.01406,3600.0,-1.58528,0.4144,0.413,5.0
GJ 806 c,GJ 806,2.28,5.8,2.69,,490.0,9.5,6.64064,0.0523,3600.0,-1.58528,0.4144,0.413,5.0
GJ 832 b,GJ 832,13.8,314.65012293,0.658,0.05,,,3853.0,3.7,3472.0,-1.585,0.441557,0.45,8.1
GJ 849 b,GJ 849,13.9,283.82076745,0.581,0.029,,,1925.31,2.32,3467.0,-1.59,0.45,0.45,3.0
GJ 849 c,GJ 849,13.8,314.65012293,0.658,0.092,,,5990.0,4.95,3467.0,-1.59,0.45,0.45,3.0
GJ 86 b,GJ 86,12.9,1404.8086,3.6,0.04,,,15.76491,0.11,5182.0,-0.38952,0.77,0.93,11.3
GJ 876 b,GJ 876,13.3,723.2235,1.69,0.0324,,,61.1166,0.208317,3293.74,-1.90658,0.3,0.32,1.0
GJ 876 c,GJ 876,14.0,226.9846,0.455,0.25591,,,30.0881,0.12959,3293.74,-1.90658,0.3,0.32,1.0
GJ 876 d,GJ 876,2.51,6.83,2.37,0.207,,,1.93778,0.02080665,3293.74,-1.90658,0.3,0.32,1.0
GJ 876 e,GJ 876,3.92,14.6,1.33,0.055,,,124.26,0.3343,3293.74,-1.90658,0.3,0.32,1.0
GJ 887 b,GJ 887,1.8,3.9,3.67,0.14,426.0,7.8,9.2619,0.0683,3688.0,-1.43415,0.468,0.495,2.9
GJ 887 c,GJ 887,2.43,6.5,2.49,0.17,320.0,2.5,21.784,0.121,3688.0,-1.43415,0.468,0.495,2.9
GJ 887 d,GJ 887,2.34,6.1,2.62,,241.0,0.81,50.77,0.212,3688.0,-1.43415,0.468,0.495,2.9
GJ 887 e,GJ 887,1.12,1.46,5.71,,544.0,20.9,4.4249,0.0417,3688.0,-1.43415,0.468,0.495,2.9
GJ 896 A b,GJ 896 A,13.3,718.29219982,1.68,0.35,,,284.39,0.63965,3345.0,-1.75523,0.394682,0.43599,
GJ 900 b,GJ 900 A,12.4,3496.112477,10.1,,,,,12000.0,3976.0,-0.921,0.716187,1.08,0.2
GJ 9066 c,GJ 9066,9.6,66.74396547,0.415,0.46,,,771.36,0.88,3154.0,-2.59517,0.164,0.15,
GJ 9404 b,GJ 9404,3.48,11.9,1.55,0.49,,,13.4586,0.0943,3811.0,-1.0,0.626041,0.62,
GJ 96 b,GJ 96,4.67,19.66,1.06,0.44,,,73.94,0.291,3785.0,-1.05159,0.580612,0.6,
GJ 9689 b,GJ 9689,3.07,9.65,1.83,0.29,453.04,,18.27,0.1139,3836.0,-1.2,0.57,0.59,8.9
GJ 9714 b,GJ 9714,12.5,2988.54051102,8.41,0.155,,,19240.75467,12.319,4263.0,-0.88386,0.662662,0.67,
GJ 9773 b,GJ 9773,14.2,172.580825,0.331,0.218,,,2965.0,2.921,3528.0,-1.73666,0.362,0.358,
GJ 9827 b,GJ 9827,1.44,4.28,7.858,0.0,1035.01,318.0,1.208974,0.0189,4236.0,-1.00436,0.58,0.62,5.465
GJ 9827 c,GJ 9827,1.13,1.86,7.142,0.0,715.94,73.0,3.648103,0.0395,4236.0,-1.00436,0.58,0.62,5.465
GJ 9827 d,GJ 9827,1.98,3.02,2.51,0.0,675.0,34.9,6.20183,0.053,4236.0,-1.00436,0.58,0.62,5.465
GPX-1 b,GPX-1,16.47720163,6261.2196179,8.222423,0.0,2300.0,4650.0,1.744579,0.0338,7000.0,0.72673,1.56,1.68,0.27
GQ Lup b,GQ Lup,33.6,6356.0,0.921,,2650.0,,,100.0,4360.0,-0.07239,1.94153,0.7,0.001
GSC 06214-00210 b,GSC 06214-00210,20.1762,5000.0,3.35,,2300.0,,,320.0,4200.0,-0.42,0.90484,0.9,0.005
GU Psc b,GU Psc,14.179,3591.3,6.92,,1050.0,,,2000.0,4031.81,-1.60189,0.450458,0.325,0.1
Gaia-1 b,Gaia-1,13.77583728,533.95172376,1.12,,1159.07,426.5351,3.052524,0.04047,5470.0,-0.1588,0.952,0.949,
Gaia-2 b,Gaia-2,14.81827249,259.66580852,0.439,,1213.23,512.0235,3.6915224,0.0467,5720.0,0.0574,1.064,1.0,
Gaia-4 b,Gaia-4,12.4,3750.3752026,10.8,0.338,,,571.3,,4034.0,-0.99957,0.624,0.644,6.8
Gaia-5 b,Gaia-5,12.1,6633.07885409,20.6,0.6423,,,358.62,,3447.0,-1.82594,0.345,0.339,8.2
Gaia22dkvL b,Gaia22dkvL,14.1,187.83658854,0.368,,,,,1.4,,,,1.145,
Gl 378 b,Gl 378,3.66,13.02,1.46,0.109,830.0,,3.822,0.039435,3879.0,-1.22185,0.56,0.56,
Gl 410 b,Gl 410,2.83,8.4,2.04,,,,6.02,0.0531,3842.0,-1.239,0.543,0.55,0.48
Gl 49 b,Gl 49,2.24,5.63,2.75,0.363,,,13.8508,0.0905,3805.0,-1.30645,0.511,0.515,
Gl 686 b,Gl 686,2.46,6.624,2.45,0.05,379.0,,15.53,0.091,3656.0,-1.53,0.427,0.426,
Gl 725 A b,Gl 725 A,1.48,2.78,4.71,0.0,,,11.2201,0.068,3433.0,-1.809,0.351,0.33,6.2
Gliese 12 b,Gliese 12,0.958,3.87,,0.5,314.6,1.62,12.761408,0.0668,3296.0,-2.13787,0.2617,0.2414,7.0
HAT-P-1 b,HAT-P-1,14.784671,166.86075,0.282,0.0,1322.0,259.687,4.46529976,0.05561,5980.0,0.22463,1.174,1.151,3.6
HAT-P-11 b,HAT-P-11,4.36,25.0,1.172,0.251,838.0,100.77,4.888,0.05258,4653.0,-0.56702,0.683,0.811,2.69
HAT-P-11 c,HAT-P-11,13.2,851.78013076,2.04,0.652,,,3361.0,4.1,4653.0,-0.56702,0.683,0.811,2.69
HAT-P-12 b,HAT-P-12,10.749,67.059,0.3192,0.0,963.0,118.075,3.2130598,0.0384,4650.0,-0.678,0.701,0.733,2.5
HAT-P-13 b,HAT-P-13,14.258,270.462,0.340833,0.0133,1740.0,1978.5245,2.91625,0.04383,5653.0,0.346,1.756,1.32,5.0
HAT-P-13 c,HAT-P-13,12.3,4538.421,13.4,0.6616,340.0,,446.27,1.258,5653.0,0.346,1.756,1.32,5.0
HAT-P-14 b,HAT-P-14,15.91678,1093.3352,1.56,0.11,1624.0,1038.78,4.62767,0.0596,6600.0,0.64412,1.82,2.65,1.6
HAT-P-15 b,HAT-P-15,11.88154,616.5902,1.96,0.19,904.0,79.7578,10.8635,0.0965,5568.0,0.03019,1.07,1.0,6.8
HAT-P-16 b,HAT-P-16,14.68376472,1341.56043,2.479989,0.0462,1566.0,1597.59,2.77596727,0.0413,6140.0,0.29447,1.158,1.218,0.5
HAT-P-17 b,HAT-P-17,11.76945,184.3414,0.44,0.35,800.0,110.512,10.33852,0.0892,5246.0,-0.28893,0.87,0.99,7.0
HAT-P-17 c,HAT-P-17,13.1,1080.6,2.64,0.39,,,5584.0,5.6,5336.96,-0.28893,0.838682,0.92,7.0
HAT-P-18 b,HAT-P-18,11.153,62.61,0.25,0.084,852.0,82.2407,5.508023,0.0559,4803.0,-0.569,0.749,0.77,12.4
HAT-P-19 b,HAT-P-19,11.29865255,88.03846874,0.335,0.07,981.2,154.0,4.00878322,0.04599,4962.0,-0.48545,0.773,0.807,7.2
HAT-P-2 b,HAT-P-2,10.659759,2866.81223114,7.29,0.5172,1540.0,588.518,5.6335158,0.06814,6380.0,0.53,1.39,1.33,1.44
HAT-P-2 c,HAT-P-2,12.4,3400.7639549,9.8,0.37,,,8500.0,,6412.0,0.577,1.416,1.33,1.44
HAT-P-20 b,HAT-P-20,9.718,2302.899,13.78,0.015,970.0,85.1168,2.875317,0.0361,4595.0,-0.721,0.694,0.756,6.7
HAT-P-21 b,HAT-P-21,12.44199,1547.8321,3.633781,0.23,1367.0,459.542,4.12448,0.05037,5588.0,0.18184,1.21,1.24,10.2
HAT-P-22 b,HAT-P-22,12.89035,785.0401,2.14,0.02,1463.0,325.569,3.21222,0.0414,5302.0,-0.114,1.11,1.13,12.4
HAT-P-23 b,HAT-P-23,15.334,664.237,1.01,0.106,2056.0,2796.2342,1.212884,0.0232,5905.0,0.199,1.203,1.13,4.0
HAT-P-24 b,HAT-P-24,14.5717,238.3725,0.44,0.07,1637.0,1294.929,3.35524,0.04651,6373.0,0.408,1.38,1.37,2.8
HAT-P-25 b,HAT-P-25,12.722215,180.84527,0.483,0.023,1182.0,325.0,3.65281514,0.0466,5519.0,-0.15181,0.919,1.012,3.2
HAT-P-26 b,HAT-P-26,7.06167,22.2481,0.258608,0.12,1080.0,185.0743,4.23452,0.04748,5079.0,-0.35928,0.87,1.12,9.0
HAT-P-27 b,HAT-P-27,11.43,197.05,0.76,0.0,1091.99,336.0384,3.039577,0.04,5316.0,-0.26926,0.864673,0.916,4.4
HAT-P-28 b,HAT-P-28,13.585,198.953,0.44,0.051,1384.0,554.7122,3.257215,0.0434,5680.0,0.053,1.103,1.025,6.1
HAT-P-29 b,HAT-P-29,13.11453,279.6904,0.710842,0.09,1281.0,433.0,5.72319,0.0667,6087.0,0.31175,1.3,1.45,2.2
HAT-P-3 b,HAT-P-3,10.53646,206.5895,0.855,0.0,1189.0,176.587,2.8997,0.03866,5185.0,-0.36,0.87,1.06,1.6
HAT-P-30 b,HAT-P-30,16.14096,263.7989,0.309,0.04,1630.0,1467.9573,2.8106,0.0419,6304.0,0.312,1.31,1.55,1.0
HAT-P-31 b,HAT-P-31,12.21781,721.4741,2.18,0.25,1450.0,746.9025,5.00542,0.061,6065.0,0.43315,1.39,1.31,3.17
HAT-P-32 b,HAT-P-32,22.19382,216.1244,0.108,0.159,1835.7,1841.0,2.1500082,0.03397,6001.0,0.33806,1.367,1.132,2.7
HAT-P-33 b,HAT-P-33,20.73665,292.4036,0.2,0.0,1782.0,1701.38,3.47447,0.04995,6446.0,0.618,1.79,1.82,2.3
HAT-P-34 b,HAT-P-34,13.417173,1058.3739,2.5,0.432,1520.0,433.78,5.452654,0.06774,6442.0,0.6003,1.53,1.392,1.7
HAT-P-35 b,HAT-P-35,14.930388,335.62848,0.55,0.02,1581.0,999.6688,3.646706,0.04978,6096.0,0.38307,1.435,1.236,3.5
HAT-P-36 b,HAT-P-36,14.313893,587.413406,1.175,0.063,1780.97,1821.0,1.32734683,0.0241,5620.0,0.02243,1.041,1.03,6.6
HAT-P-37 b,HAT-P-37,13.204,371.528,0.89,0.058,1271.0,412.3914,2.797436,0.0379,5500.0,-0.208,0.877,0.929,3.6
HAT-P-38 b,HAT-P-38,9.247,84.857,0.59,0.067,1082.0,243.0337,4.640382,0.0523,5330.0,-0.208,0.923,0.886,10.1
HAT-P-39 b,HAT-P-39,17.609,190.372,0.19,0.0,1752.0,1915.6934,3.54387,0.0509,6430.0,0.607,1.625,1.404,2.0
HAT-P-4 b,HAT-P-4,14.28,213.255,0.403,0.0,1686.0,1438.0,3.056536,0.04438,5860.0,0.431,1.596,1.248,3.9
HAT-P-40 b,HAT-P-40,17.03768,152.5584,0.15,0.0,1770.0,1747.4151,4.45724,0.0608,6080.0,0.778,1.94,1.03,2.7
HAT-P-41 b,HAT-P-41,22.97845,378.2177,0.204,0.0,1941.0,2485.0721,2.69405,0.04258,6390.0,0.628,2.05,2.56,2.2
HAT-P-42 b,HAT-P-42,14.348,331.801,0.61,0.0,1428.0,684.0973,4.641878,0.0575,5743.0,0.356,1.53,1.178,5.2
HAT-P-43 b,HAT-P-43,13.63,210.395,0.39,0.0,1353.0,521.877,3.3326414,0.0444,5693.0,0.05986,1.08,1.03,5.7
HAT-P-44 b,HAT-P-44,13.922,111.871,0.23,0.044,1108.0,185.119,4.301219,0.0507,5295.0,-0.194,0.949,0.942,7.5
HAT-P-44 c,HAT-P-44,13.0,1271.3,3.18,0.494,,,872.2,1.752,5295.0,-0.194,0.949,0.942,7.5
HAT-P-45 b,HAT-P-45,15.984,283.492,0.38,0.049,1652.0,1052.239,3.128992,0.0452,6330.0,0.4,1.319,1.259,2.0
HAT-P-46 b,HAT-P-46,14.392,156.684,0.28,0.123,1458.0,1405.4798,4.463129,0.0577,6120.0,0.391,1.396,1.284,2.5
HAT-P-49 b,HAT-P-49,17.82231,699.226,0.75,0.0,2131.0,4392.03,2.69155,0.04378,6820.0,0.814,2.06,2.22,1.5
HAT-P-5 b,HAT-P-5,13.56289,311.4734,0.668403,0.0,1517.0,850.6754,2.78849,0.04073,5960.0,0.187,1.12,1.04,2.6
HAT-P-50 b,HAT-P-50,14.437192,429.0705,0.78,0.115,1862.0,2108.4362,3.1220109,0.0453,6280.0,0.60314,1.698,1.273,3.37
HAT-P-51 b,HAT-P-51,13.50682174,97.57332095,0.218,0.07,1168.2,310.0,4.21802091,0.05042,5453.0,-0.10237,0.995,0.961,8.1
HAT-P-52 b,HAT-P-52,11.309881,259.98494,0.98,0.047,1218.0,227.759,2.7535953,0.03694,5131.0,-0.30452,0.893,0.887,9.4
HAT-P-53 b,HAT-P-53,14.773462,471.65972,0.8,0.134,1778.0,1400.0226,1.9616241,0.03159,5956.0,0.21748,1.209,1.093,4.67
HAT-P-54 b,HAT-P-54,10.581296,241.5508,1.118,0.074,818.0,88.6713,3.799847,0.04117,4390.0,-0.9017,0.617,0.645,3.9
HAT-P-55 b,HAT-P-55,14.84069045,189.42573057,0.318,0.17,1367.0,583.0,3.5852313,0.04628,5804.0,0.09656,1.105,1.028,5.3
HAT-P-56 b,HAT-P-56,16.92559,734.1873,0.75,0.29,1840.0,3515.0,2.79083,0.0423,6566.0,0.55274,1.47,1.42,2.01
HAT-P-57 b,HAT-P-57,19.50366,448.1403,0.332,0.0,2200.0,2726.6328,2.4653,0.0406,6330.0,0.80618,1.85,2.77,1.0
HAT-P-58 b,HAT-P-58,14.93036229,118.2321674,0.194,0.073,1622.0,1146.0,4.0138379,0.04994,6078.0,0.45637,1.53,1.031,7.11
HAT-P-59 b,HAT-P-59,12.58768533,489.45574678,1.347,0.03,1277.8,441.4,4.1419771,0.05064,5678.0,0.05385,1.1038,1.008,7.3
HAT-P-6 b,HAT-P-6,16.58932,419.5356,0.558,0.0,1675.0,1099.44,3.85298,0.05239,6570.0,0.55267,1.62,1.79,2.3
HAT-P-60 b,HAT-P-60,18.28184752,182.43350562,0.164,0.25,1772.0,1634.0,4.7947813,0.06277,6212.0,0.80889,2.197,1.435,2.765
HAT-P-61 b,HAT-P-61,10.07687365,335.9446262,1.8,0.113,1505.0,849.5,1.90231289,0.0301,5587.0,-0.1152,0.938,1.004,2.6
HAT-P-62 b,HAT-P-62,12.02723629,241.86741773,0.77,0.101,1512.0,867.2,2.6453235,0.03772,5629.0,0.09061,1.17,1.023,8.1
HAT-P-63 b,HAT-P-63,12.5428494,195.1466419,0.54,0.069,1237.0,387.4,3.377728,0.04294,5400.0,-0.1463,0.9661,0.925,9.0
HAT-P-64 b,HAT-P-64,19.08889413,184.34047606,0.144,0.101,1766.0,1611.0,4.007232,0.05387,6457.0,0.66839,1.735,1.298,2.88
HAT-P-65 b,HAT-P-65,18.05766791,176.07693748,0.164,0.304,1818.0,1821.0,2.60544751,0.04042,5872.0,0.47276,1.666,1.297,3.9
HAT-P-66 b,HAT-P-66,17.82231,248.86089,0.242,0.09,1896.0,1939.51,2.972086,0.04363,6002.0,0.6149,1.881,1.255,4.66
HAT-P-67 b,HAT-P-67,23.9872187,143.02278315,0.061,0.0,1903.0,2029.17,4.8101069,0.06505,6640.0,1.07773,2.62,1.73,1.46
HAT-P-68 b,HAT-P-68,12.016048,230.10892,0.727,0.041,1027.8,184.8,2.29840551,0.02996,4508.0,-0.77911,0.6701,0.6785,11.1
HAT-P-69 b,HAT-P-69,18.786284,1137.8314,1.02,0.0,1930.0,2320.18,4.7869491,0.06555,7394.0,1.0,1.926,1.648,1.27
HAT-P-7 b,HAT-P-7,16.92559,584.8072,0.712,0.0,2733.0,4353.408,2.20474,0.03809,6389.0,0.8142,2.0,1.56,1.78
HAT-P-70 b,HAT-P-70,20.96083,2154.8874,1.54,0.0,2562.0,5405.6,2.74432452,0.04739,8450.0,1.22272,1.858,1.89,0.6
HAT-P-8 b,HAT-P-8,15.6926,406.8224,0.685644,0.0,1713.0,1519.9645,3.07634,0.04496,6200.0,0.519,1.57,1.27,3.4
HAT-P-9 b,HAT-P-9,15.614137,238.05467,0.342,0.084,1540.0,931.0,3.92281072,0.05287,6350.0,0.4183,1.338,1.281,1.6
HATS-1 b,HATS-1,14.594,589.55,1.03,0.12,1359.0,489.9461,3.446459,0.0444,5870.0,0.04139,1.038,0.986,6.0
HATS-10 b,HATS-10,10.861521,167.17858,0.7,0.501,1407.0,836.8558,3.312846,0.04491,5880.0,0.117,1.105,1.101,3.3
HATS-11 b,HATS-11,18.03,263.7989,0.315,0.34,1596.0,1027.296,3.619188,0.0507,6563.0,0.40312,1.54,1.33,7.7
HATS-12 b,HATS-12,7.76,759.6137,1.12,0.085,1446.0,566.4817,3.142702,0.0441,6357.0,0.86332,1.17,1.16,2.36
HATS-13 b,HATS-13,13.585308,172.58169,0.377,0.181,1244.0,315.9878,3.0440499,0.04057,5523.0,-0.32121,0.887,0.962,2.5
HATS-14 b,HATS-14,11.646151,340.39593,1.191,0.142,1276.0,505.884,2.7667641,0.03815,5346.0,-0.17274,0.933,0.967,4.9
HATS-15 b,HATS-15,12.385945,689.6911,1.97,0.126,1505.0,2201.3363,1.74748753,0.02712,5311.0,-0.20412,0.922,0.871,11.0
HATS-16 b,HATS-16,14.5717,1039.3041,1.86,0.0,1592.0,994.8095,2.686502,0.03744,5738.0,0.17319,1.238,0.97,9.5
HATS-17 b,HATS-17,8.709393,425.25654,3.5,0.029,814.0,72.7,16.254611,0.1308,5846.0,0.09342,1.091,1.131,2.1
HATS-18 b,HATS-18,14.896761,629.144485,1.1169,0.166,2069.48,2990.0,0.83784,0.0174,5600.0,-0.03152,1.02,1.037,4.2
HATS-2 b,HATS-2,12.57647635,435.42491759,1.20684,0.0,1550.0,950.0563,1.35413379,0.02317,5227.0,-0.268,0.876,0.904,7.2
HATS-22 b,HATS-22,10.682177,870.8542,3.89,0.079,858.0,111.299,4.7228124,0.05025,4803.0,-0.64589,0.689,0.759,
HATS-23 b,HATS-23,20.84874,467.2101,0.29,0.114,1654.0,,2.1605156,0.03397,5780.0,0.15534,1.199,1.121,4.2
HATS-24 b,HATS-24,15.636555,718.2958,1.03,0.0,2166.0,2706.9606,1.3484978,0.0238,6125.0,0.19,1.12,1.07,3.7
HATS-25 b,HATS-25,14.12334,194.82979,0.38,0.176,1277.0,454.8721,4.2986432,0.05163,5715.0,0.06819,1.107,0.994,7.5
HATS-26 b,HATS-26,19.61575,206.5895,0.153,0.245,1918.0,2236.5716,3.3023881,0.04735,6071.0,0.70415,2.04,1.299,4.04
HATS-27 b,HATS-27,16.8135,168.4499,0.18,0.581,1659.0,1342.5733,4.637038,0.0611,6438.0,0.66932,1.74,1.415,2.3
HATS-28 b,HATS-28,13.383546,213.58176,0.48,0.202,1253.0,,3.1810781,0.04131,5498.0,-0.15739,0.922,0.929,6.2
HATS-29 b,HATS-29,14.022459,207.54299,0.411,0.158,1212.0,356.0,4.6058749,0.05475,5670.0,0.02938,1.073,1.032,5.5
HATS-3 b,HATS-3,15.48,340.382,0.51,0.0,1648.0,1212.0044,3.547851,0.0485,6351.0,0.456,1.404,1.209,3.2
HATS-30 b,HATS-30,13.170575,224.38798,0.543,0.096,1414.0,718.9097,3.1743516,0.04354,5943.0,0.09691,1.061,1.093,2.3
HATS-31 b,HATS-31,18.38276,279.6904,0.243,0.233,1823.0,1619.406,3.37796,0.0478,6050.0,0.61909,1.87,1.275,4.3
HATS-32 b,HATS-32,14.000041,292.4036,0.58,0.471,1437.0,614.5934,2.8126548,0.04024,5700.0,0.0569,1.097,1.099,3.5
HATS-33 b,HATS-33,13.78707,378.85336,0.79,0.08,1429.0,757.1284,2.5495551,0.03727,5659.0,-0.01773,1.022,1.062,3.0
HATS-34 b,HATS-34,16.02887,299.07803,0.4,0.108,1445.0,691.8428,2.1061607,0.03166,5380.0,-0.14026,0.98,0.955,7.7
HATS-35 b,HATS-35,16.409976,388.38826,0.484,0.306,2037.0,2440.7,1.8209993,0.03199,6300.0,0.46538,1.433,1.317,2.13
HATS-36 b,HATS-36,12.92,1022.14128,2.12,0.105,1203.0,561.0,4.175186,0.0523,5950.0,0.21484,1.1,1.1,0.62
HATS-37 A b,HATS-37 A,6.792654,31.46517,0.55,0.0,1085.0,229.7,4.3315366,0.04913,5326.0,-0.25571,0.877,0.843,11.46
HATS-38 b,HATS-38,6.882326,23.51942,0.403,0.0,1294.0,464.7,4.375021,0.05036,5732.0,0.07151,1.105,0.89,11.89
HATS-39 b,HATS-39,17.59813,200.2329,0.202,0.275,1645.0,1547.1014,4.5776348,0.06007,6572.0,0.64048,1.621,1.379,2.06
HATS-4 b,HATS-4,11.433,420.471,1.55,0.013,1315.0,558.828,2.516729,0.0362,5403.0,-0.187,0.925,1.001,2.1
HATS-40 b,HATS-40,17.71022,505.3497,0.49,0.312,2101.0,3163.3762,3.2642736,0.04997,6460.0,0.90309,2.26,1.561,2.07
HATS-41 b,HATS-41,14.90797,3082.951,5.1,0.38,1710.0,1300.3125,4.193649,0.0583,6424.0,0.65321,1.71,1.496,1.34
HATS-42 b,HATS-42,15.6926,597.5204,0.83,0.229,1856.0,1637.2058,2.292102,0.03689,6060.0,0.42488,1.48,1.273,3.26
HATS-43 b,HATS-43,13.22662,82.95363,0.191,0.173,1003.0,192.2328,4.3888497,0.04944,5099.0,-0.39794,0.812,0.837,8.6
HATS-44 b,HATS-44,11.960003,177.9848,0.56,0.279,1161.0,306.417,2.7439004,0.03649,5080.0,-0.39794,0.847,0.86,9.7
HATS-45 b,HATS-45,14.414774,222.481,0.41,0.24,1518.0,811.3504,4.1876244,0.05511,6450.0,0.42488,1.315,1.272,1.52
HATS-46 b,HATS-46,10.121727,54.98459,0.28,0.559,1054.0,209.7699,4.7423729,0.05367,5495.0,-0.22988,0.853,0.917,3.0
HATS-47 b,HATS-47,12.520453,117.27927,0.331,0.088,852.9,87.73,3.9228038,0.04269,4512.0,-0.79615,0.6564,0.674,8.1
HATS-48 A b,HATS-48 A,8.9672,77.23269,0.589,0.162,954.6,137.6,3.1316666,0.03769,4546.0,-0.70885,0.7152,0.7279,11.97
HATS-49 b,HATS-49,8.574885,112.19399,0.986,0.071,834.8,80.45,4.1480467,0.04515,4405.0,-0.78489,0.6977,0.7133,10.5
HATS-5 b,HATS-5,10.223,75.323,0.39,0.019,1025.0,183.2395,4.763387,0.0542,5304.0,-0.268,0.871,0.936,3.6
HATS-50 b,HATS-50,12.66617,123.9537,0.33,0.516,1275.39,625.3023,3.8297015,0.05046,5990.0,0.14301,1.117,1.168,1.2
HATS-51 b,HATS-51,15.80469,244.09344,0.34,0.33,1553.0,740.2246,3.3488702,0.04639,5758.0,0.30963,1.44,1.187,4.74
HATS-52 b,HATS-52,15.490838,711.9392,1.06,0.246,1834.0,1310.22,1.36665436,0.02498,6010.0,0.06819,1.046,1.111,1.2
HATS-53 b,HATS-53,15.02006,189.10885,0.303,0.33,1312.0,471.61,3.8537768,0.04753,5644.0,0.04532,1.101,0.964,9.0
HATS-54 b,HATS-54,11.37711541,239.32479047,0.77,0.0,1429.0,476.965,2.5441765,0.037,5621.0,0.11461,1.23,1.05,7.96
HATS-55 b,HATS-55,14.022459,292.72143,0.587,0.092,1367.0,355.909,4.2042001,0.05412,6214.0,0.22891,1.126,1.1955,0.4
HATS-56 b,HATS-56,18.920792,191.33366,0.155,0.019,1902.0,1080.87,4.324799,0.06043,6536.0,0.89763,2.201,1.573,1.894
HATS-57 b,HATS-57,12.767051,1000.21101,2.65,0.028,1413.4,570.233,2.350621,0.03493,5587.0,-0.0942,0.96,1.026,2.5
HATS-58 A b,HATS-58 A,12.273855,327.3649,0.96,0.168,1721.0,382.7103,4.2180896,0.05798,7175.0,0.68931,1.433,1.461,0.31
HATS-59 b,HATS-59,12.621334,256.17098,0.7,0.129,1128.0,269.0,5.416081,0.06112,5670.0,-0.00436,1.036,1.038,4.3
HATS-59 c,HATS-59,12.3,4036.441,11.9,0.083,175.9,0.159,1422.0,2.504,5670.0,-0.00436,1.036,1.038,4.3
HATS-6 b,HATS-6,11.186582,101.38777,0.399,0.0,712.8,47.3315,3.3252725,0.03623,3724.0,-1.09983,0.57,0.574,8.1
HATS-60 b,HATS-60,12.923977,210.40346,0.537,0.191,1528.0,903.9,3.560829,0.04708,5688.0,0.30016,1.46,1.097,7.55
HATS-61 b,HATS-61,13.394755,1080.622,2.47,0.092,1226.1,374.2,7.817953,0.07908,5542.0,0.36922,1.664,1.076,8.9
HATS-62 b,HATS-62,11.825495,56.89157,0.076,0.298,1237.0,387.4,3.2768837,0.04163,5416.0,-0.17328,0.933,0.896,9.55
HATS-63 b,HATS-63,13.529263,305.1168,0.67,0.136,1398.3,634.1,3.0566527,0.04026,5627.0,0.01199,1.07,0.931,10.3
HATS-64 b,HATS-64,18.819911,305.1168,0.245,0.151,1793.0,1711.0,4.908897,0.06562,6554.0,0.86747,2.113,1.564,1.861
HATS-65 b,HATS-65,16.824709,260.93843,0.3,0.062,1634.0,1178.0,3.105161,0.04497,6277.0,0.37658,1.31,1.257,1.78
HATS-66 b,HATS-66,15.815899,1694.0339,2.34,0.064,1998.0,2637.0,3.1414391,0.04714,6626.0,0.76716,1.841,1.411,2.17
HATS-67 b,HATS-67,18.887165,460.8535,0.374,0.057,2193.0,3821.0,1.6091788,0.03032,6594.0,0.54654,1.441,1.435,0.51
HATS-68 b,HATS-68,13.809488,410.0007,0.856,0.036,1741.0,1521.0,3.5862202,0.05071,6147.0,0.59218,1.748,1.351,3.02
HATS-69 b,HATS-69,10.592505,183.38791,0.46,0.519,1295.7,466.6,2.2252577,0.03211,5137.0,-0.31758,0.8785,0.892,8.0
HATS-7 b,HATS-7,6.310667,38.1396,0.83,0.17,1084.0,211.6178,3.185315,0.04012,4985.0,-0.43415,0.815,0.849,7.8
HATS-70 b,HATS-70,15.513256,4100.007,6.64,0.18,2730.0,9110.0,1.8882378,0.03632,7930.0,1.07918,1.881,1.78,0.81
HATS-71 b,HATS-71,11.478016,117.5971,0.42,0.0,586.8,18.0832,3.7955202,0.03745,3405.0,-1.55988,0.4783,0.4861,3.2
HATS-72 b,HATS-72,8.0973816,39.855882,0.411,0.013,739.3,49.58,7.3279474,0.066517,4656.1,-0.65896,0.7214,0.7311,12.17
HATS-74 A b,HATS-74 A,11.56766808,464.02947422,1.64,0.044,895.1,106.9,1.73185606,0.02384,3776.9,-1.2161,0.5758,0.601,11.0
HATS-75 b,HATS-75,9.90873894,156.05374784,0.878,0.064,772.3,59.26,2.7886556,0.032742,3790.4,-1.19661,0.5848,0.6017,14.9
HATS-76 b,HATS-76,12.09449018,835.570882,2.58,0.062,939.8,129.8,1.9416423,0.02658,4016.0,-1.0381,0.6259,0.662,4.6
HATS-77 b,HATS-77,13.05846252,436.69623122,1.077,0.045,828.3,78.37,3.0876262,0.03607,4071.0,-0.99183,0.6428,0.655,12.1
HATS-8 b,HATS-8,9.785457,43.86054,0.259,0.376,1324.0,510.8195,3.583893,0.04667,5679.0,-0.0252,1.086,1.056,5.1
HATS-9 b,HATS-9,13.85,266.02371,0.626,0.075,1746.0,2292.0839,1.915291,0.0312,5599.0,0.3118,1.56,1.1,10.8
HD 100546 b,HD 100546,77.3421,2701.5414595,0.0321,,,,,53.0,10500.0,1.5,1.85288,2.4,0.0055
HD 100655 b,HD 100655,13.5,511.7063,1.14,0.09,,,157.57001,0.68,4891.0,1.63347,10.06,2.28,1.309
HD 100777 b,HD 100777,13.7,390.92894061,0.835,0.38,,,383.0,1.06,5533.0,0.02119,1.04,1.08,5.7
HD 101581 b,HIP 56998,0.956,0.827,5.2,,834.0,80.0,4.46569,0.046,4675.0,-0.78186,0.63,0.653,6.88
HD 101581 c,HIP 56998,0.99,0.937,5.31,,747.0,52.0,6.20401,0.0573,4675.0,-0.78186,0.63,0.653,6.88
HD 10180 c,HD 10180,,2741.58783878,,0.073,,,5.75969,0.06412,5911.0,0.17319,1.109,1.06,4.3
HD 10180 d,HD 10180,,3295.88058059,,0.131,,,16.357,0.12859,5911.0,0.17319,1.109,1.06,4.3
HD 10180 e,HD 10180,5.39,25.1,0.881,0.051,,,49.748,0.2699,5911.0,0.17319,1.109,1.06,4.3
HD 10180 f,HD 10180,5.24,23.9,0.913,0.119,,,122.744,0.4929,5911.0,0.17319,1.109,1.06,4.3
HD 10180 g,HD 10180,,3375.33768234,,0.263,,,604.67,1.427,5911.0,0.17319,1.109,1.06,4.3
HD 10180 h,HD 10180,9.4,64.4,0.426,0.095,,,2205.0,3.381,5911.0,0.17319,1.109,1.06,4.3
HD 101930 b,HD 101930,10.6,79.4575,0.367,0.11,,,70.46,0.3,5108.0,-0.3098,0.86,0.57,1.0
HD 102117 b,HD 102117,8.47,54.0311,0.489,0.12,,,20.8133,0.15,5655.0,0.15737,1.23,1.06,10.0
HD 102195 b,HD 102195,14.2,130.3103,0.25,0.0,,,4.11377,0.05,5301.0,-0.33442,0.82,0.76,2.4
HD 102272 b,HD 102272,12.9,1570.0802,4.02,0.05,,,127.58,0.51,4790.0,1.66167,10.3,1.45,
HD 102329 b,HD 102329,12.6,2593.4928,7.12,0.21,,,778.09998,1.81,4745.0,1.29226,9.82,3.21,1.6
HD 102329 c,HD 102329,13.5,483.1016,1.08,0.209,,,1123.0,,4830.0,1.29226,6.3,1.3,1.6
HD 102365 b,HD 102365,4.14,16.0,1.24,0.34,,,122.1,0.46,5630.0,-0.05665,0.95138,0.85,9.0
HD 102843 b,HD 102843,13.1,113.9,0.278,0.11,,,3090.942,4.074,5436.0,-0.13814,0.961488,0.95,
HD 102888 b,HD 102888,12.8,1808.44363583,4.74,0.11,,,252.06,1.05,4990.0,1.61584,8.6,2.42,
HD 102956 b,HD 102956,13.8,305.1168,0.638,0.037,,,6.4947,0.0807,4985.0,1.06446,4.55,1.66,2.3
HD 103197 b,HD 103197,5.83,28.6047,0.793,0.0,,,47.84,0.25,5250.0,-0.3279,0.88,0.8,9.1
HD 103720 b,HD 103720,14.1,197.046,0.386,0.086,,,4.5557,0.0498,5017.0,-0.45834,0.73,0.794,3.8
HD 103774 b,HD 103774,13.3,116.0,0.271,0.09,,,5.8881,0.07,6489.0,0.544,1.581047,1.335,1.05
HD 103891 b,HD 103891,13.2,918.52409623,2.19,0.31,,,1919.0,3.27,6072.0,0.78604,2.22,1.28,3.68
HD 103949 b,HD 103949,3.35,11.2,1.64,0.19,,,120.878,0.439,4792.0,-0.56946,0.753113,0.77,
HD 104067 b,HD 104067,9.2,62.1,0.438,0.123,,,55.851,0.2674,4952.0,-0.51256,0.78,0.82,4.33
HD 104067 c,HD 104067,3.69,13.2,1.44,0.29,,,13.8992,0.1058,4952.0,-0.51256,0.78,0.82,4.33
HD 10442 b,HD 10442,13.6,472.61321,1.03,0.132,,,1032.3,2.01,4912.0,0.31,1.97,1.01,10.65
HD 104985 b,HD 104985,12.8,1766.80811451,4.63,0.047,,,199.68,0.715,4738.0,1.76989,11.12,1.22,
HD 105618 b,HD 105618,5.44,25.42627256,0.868,0.455,,,10.02245,0.091,5671.0,0.17967,1.27399,1.01,
HD 105618 c,HD 105618,11.9,8419.59232984,27.5,0.126,,,77114.07158,35.731,5671.0,0.17967,1.27399,1.01,
HD 105779 b,HD 105779,14.1,203.41018048,0.399,0.0,,,2412.0,3.38,5792.0,-0.10791,0.94,0.89,7.54
HD 106252 b,HD 106252,12.5,3178.28407,8.94,0.48,,,1535.0,2.655,5874.0,0.1232,1.05,1.05,3.0
HD 106270 b,HD 106270,12.4,3623.2438398,10.4,0.185,,,1888.0,3.34,5509.0,0.75587,2.66,1.39,4.3
HD 106315 b,HD 106315,2.44,12.6,4.7,0.093,1153.0,277.0,9.55237,0.0907,6327.0,0.39454,1.296,1.091,4.48
HD 106315 c,HD 106315,4.35,15.2,1.01,0.22,886.0,97.0,21.05704,0.1536,6327.0,0.39454,1.296,1.091,4.48
HD 10647 b,HD 10647,13.8,298.75,0.625,0.15,,,989.2,2.015,6218.0,0.149,1.1,1.11,1.4
HD 106515 A b,HD 106515 A,12.1,6006.9568923,18.6,0.571,,,3626.0,4.48,5362.0,-0.16368,0.91,0.89,8.2
HD 106906 b,HD 106906,12.4,3496.0,10.1,,1800.0,,,650.0,6516.0,0.75,2.12351,1.5,0.013
HD 10697 b,HD 10697,12.8,1825.2885414,4.78,0.104,,,1075.3799,2.051,5641.0,0.47665,1.863076,0.99,6.98
HD 107148 b,HD 107148,9.6,66.741,0.415,0.05,,,48.056,0.269,5797.0,0.12081,1.169193,1.12,5.6
HD 107148 c,HD 107148,4.7,19.89605828,1.05,0.34,,,18.3267,0.1407,5752.92,0.12081,1.169193,1.105215,5.6
HD 108147 b,HD 108147,10.9,82.95,0.352,0.53,890.0,,10.8985,0.102,6255.73,0.30297,1.20664,1.22,3.2
HD 108202 b,HD 108202,13.1,953.485221,2.33,0.52,,,2990.0,3.7,4556.03,-0.76721,0.66355,0.74,6.5
HD 108236 b,HD 108236,1.615,3.24,4.23,0.045,1099.0,312.1807,3.795963,0.04527,5660.0,-0.14997,0.877,0.869,6.7
HD 108236 c,HD 108236,2.071,4.94,3.06,0.034,932.0,162.1675,6.203449,0.062,5660.0,-0.14997,0.877,0.869,6.7
HD 108236 e,HD 108236,3.083,9.71,1.82,0.058,636.0,35.0031,19.590025,0.1367,5660.0,-0.14997,0.877,0.869,6.7
HD 108236 f,HD 108236,2.017,4.72,3.16,0.051,,,29.54115,0.1758,5660.0,-0.14997,0.877,0.869,6.7
HD 108341 b,HD 108341,13.3,715.11391575,1.67,0.85,,,1129.0,2.0,5122.0,-0.37001,0.79,0.843,4.9
HD 108863 b,HD 108863,13.3,767.24162,1.79,0.032,,,437.7,1.32,4878.0,1.22531,5.74,1.59,1.8
HD 108874 b,HD 108874,13.6,451.3186,0.986,0.13,,,394.48123,1.04,5600.0,-0.00072,1.05,1.1,8.0
HD 108874 c,HD 108874,13.8,314.64,0.658,0.239,,,1624.0,2.659,5551.0,-0.00072,1.05,0.95,8.0
HD 109246 b,HD 109246,13.9,273.3338,0.559,0.12,,,68.27,0.33,5844.0,0.10028,1.07,1.2,
HD 109271 b,HD 109271,4.31,17.162,1.18,0.25,,,7.8543,0.079,5783.0,0.301,1.294595,1.047,7.3
HD 109271 c,HD 109271,5.27,24.154,0.907,0.15,,,30.93,0.196,5783.0,0.301,1.294595,1.047,7.3
HD 109286 b,HD 109286,13.2,950.30693693,2.27,0.338,259.4,0.709,520.1,1.259,5694.0,-0.08393,1.089,0.98,
HD 109749 b,HD 109749,11.1,85.8141,0.345,0.0,,,5.239891,0.0615,5824.0,0.19,1.22,1.13,3.3
HD 10975 b,HD 10975,14.3,143.02278315,0.269,0.442,,,283.8,0.95,4840.0,1.78986,11.16,1.41,
HD 109833 b,HD 109833,2.888,8.69,1.98,0.18,786.0,63.4589,9.188526,,5881.0,0.07188,1.0,1.08,0.027
HD 109833 c,HD 109833,2.59,7.22,2.28,0.3,756.7,77.4842,13.900148,,5881.0,0.07188,1.0,1.08,0.027
HD 109988 b,HD 109988,12.1,6935.33366915,21.5,0.056,,,17132.15854,12.518,5185.97,-0.30725,0.869694,0.88,
HD 110014 b,HD 110014,12.4,3524.59,10.2,0.462,,,835.477,2.14,4445.0,2.30408,20.9,2.17,0.95
HD 110067 b,HD 110067,2.2,5.69,2.94,,800.0,,9.113678,0.0793,5266.0,-0.36224,0.788,0.798,8.1
HD 110067 c,HD 110067,2.388,6.3,,,699.0,,13.673694,0.1039,5266.0,-0.36224,0.788,0.798,8.1
HD 110067 d,HD 110067,2.852,8.52,2.02,,602.0,,20.519617,0.1362,5266.0,-0.36224,0.788,0.798,8.1
HD 110067 e,HD 110067,1.94,3.9,,,533.0,,30.793091,0.1785,5266.0,-0.36224,0.788,0.798,8.1
HD 110067 f,HD 110067,2.601,5.04,1.57,,489.0,,41.05854,0.2163,5266.0,-0.36224,0.788,0.798,8.1
HD 110067 g,HD 110067,2.607,8.4,,,440.0,,54.76992,0.2621,5266.0,-0.36224,0.788,0.798,8.1
HD 110082 b,HD 110082,3.2,10.3,1.73,0.2,957.2,198.3948,10.18271,0.113,6200.0,0.28103,1.19,1.21,0.25
HD 110113 b,HD 110113,2.05,4.55,2.9,0.093,1371.0,735.49,2.541,0.035,5732.0,-0.03235,0.968,0.997,4.0
HD 110113 c,HD 110113,2.11384817,10.5,6.11,0.045,990.0,199.9,6.744,0.068,5732.0,-0.03235,0.968,0.997,4.0
HD 110537 b,HD 110537,11.9,8612.83200129,28.1,0.401,,,24469.67342,16.714,5718.0,0.11726,1.16626,1.02,
HD 11112 b,HD 11112,12.6,2598.56505563,7.14,0.285,,,17244.90764,13.38,5905.64,0.37657,1.47368,1.07,
HD 111232 b,HD 111232,12.6,2531.50326176,6.95,0.214,,,1169.13202,2.148,5512.0,-0.161,0.9,0.96,5.2
HD 111232 c,HD 111232,12.2,5740.93451564,17.4,0.558,,,26472.44623,17.25,5512.0,-0.161,0.9,0.96,5.2
HD 111591 b,HD 111591,12.9,1398.452,3.58,0.26,,,1056.4,2.5,4884.0,1.58058,8.03,1.94,1.41
HD 111998 b,HD 111998,12.9,1525.5763536,3.91,0.13,,,810.0,1.91,6557.0,0.51231,1.45,1.4,1.7
HD 112300 b,HD 112300,12.2,5031.22368281,15.2,0.36,,,466.63,1.33,3657.0,2.70121,65.8,1.4,
HD 112570 b,HD 112570,13.1,1086.97315194,2.66,0.2,,,2615.0,3.9,4750.0,1.6466,9.85,1.15,5.45
HD 112640 b,HD 112640,12.9,1589.15,4.07,0.24,,,613.2,1.7,4155.0,2.45255,39.0,1.8,1.6
HD 113337 b,HD 113337,13.1,1035.80277841,2.53,0.28,,,317.58639,1.022,6774.0,0.63246,1.5,1.41,0.15
HD 113337 c,HD 113337,12.1,6299.67685515,19.5,0.164,,,5429.93477,6.805,6774.0,0.63246,1.5,1.41,0.15
HD 11343 c,HIP 8541,13.9,255.53403923,0.523,0.169,,,228.53731,0.923,4672.0,1.31,6.84,2.009,10.97
HD 113538 b,HD 113538,13.2,114.41,0.273,0.14,,,663.2,1.24,4462.0,-1.04576,0.53,0.585,4.3
HD 113538 c,HD 113538,13.8,295.57,0.618,0.2,,,1818.0,2.44,4462.0,-1.04576,0.53,0.585,4.3
HD 113996 b,HD 113996,12.7,2002.329,5.37,0.28,,,610.2,1.6,4181.0,2.46389,25.11,1.49,3.24
HD 114082 b,HD 114082,11.2089807,2542.627256,9.92,0.395,,,109.75,0.5109,6651.0,0.5832,1.49,1.47,0.015
HD 114386 b,HD 114386,13.7,362.3262,0.774,0.23,,,937.70001,1.73,4836.0,-0.54,0.76,0.6,1.4
HD 114729 b,HD 114729,13.9,262.20975,0.537,0.079,,,1121.79,2.067,5844.0,0.42095,1.473,0.936,10.116
HD 114783 b,HD 114783,13.7,349.6,0.747,0.144,,,493.7,1.16,5135.0,-0.3725,0.840622,0.853,6.0
HD 114783 c,HD 114783,13.4,603.8739733,1.38,0.05,,,4352.0,5.0,5135.0,-0.3725,0.840622,0.9,6.0
HD 11505 b,HD 11505,12.6,2510.52658689,6.9,0.144,,,32669.22247,20.247,5757.15,0.15075,1.19568,1.03,
HD 11506 b,HD 11506,12.9,1551.00262616,3.97,0.379,,,1617.7,2.885,6123.0,0.33685,1.24,1.22,2.5
HD 11506 c,HD 11506,14.0,127.1313628,0.255,0.228,,,223.92,0.771,6123.0,0.33685,1.24,1.22,2.5
HD 11506 d,HD 11506,12.3,4068.2036096,12.0,0.29,,,26500.0,18.2,6123.0,0.33685,1.24,1.22,2.5
HD 115404 A b,HD 115404 A,6.09,30.82935548,0.75,0.232,,,10.49488,0.088,5019.17,-0.5197,0.727007,0.83,
HD 115404 A c,HD 115404 A,12.5,3279.67133183,9.23,0.211,,,15319.22517,11.364,5019.17,-0.5197,0.727007,0.83,
HD 115954 b,HD 115954,12.6,2685.65003915,7.38,0.487,144.9,0.064,3700.0,5.0,5957.0,0.4809,1.213,1.18,
HD 116029 b,HD 116029,13.6,444.962,0.972,0.0,,,670.0,1.65,4819.0,1.05308,4.89,0.83,2.7
HD 116029 c,HD 116029,13.7,403.6441,0.863,0.038,,,907.0,,4951.0,1.05308,4.6,1.33,2.7
HD 117207 b,HD 117207,13.4,669.34662514,1.53,0.157,,,2621.75,3.787,5732.0,0.06566,1.074,1.053,4.192
HD 11755 b,HD 11755,12.8,1789.3829,4.69,0.19,,,433.70001,1.09,4312.0,2.16933,20.58,0.72,10.2
HD 117618 b,HD 117618,8.59,55.30242,0.479,0.15,,,25.8,0.18,5990.0,0.21304,1.2,1.077,5.6
HD 118203 b,HD 118203,12.778238,680.15279098,1.79,0.3136,1361.0,593.4,6.1349779,0.0713,5742.0,0.6458,2.04,1.27,4.73
HD 118203 c,HD 118203,12.4,3747.19691853,10.8,0.26,146.0,,5103.0,6.28,5742.0,0.6458,2.04,1.27,4.73
HD 11964 b,HD 11964,14.1,198.0,0.388,0.041,,,1945.0,3.16,5303.0,0.45905,2.00971,0.91,7.45
HD 11964 c,HD 11964,5.38,25.0,0.882,0.3,,,37.91,0.229,5303.0,0.45905,2.00971,0.91,7.45
HD 11977 b,HD 11977,12.7,2080.0,5.58,0.4,,,711.0,1.93,4970.0,1.83858,10.09,1.91,1.2
HD 120084 b,HD 120084,12.7,2034.1018048,5.46,0.483,,,2142.0,4.21,4879.0,1.73783,10.37,2.16,1.02
HD 121504 b,HD 121504,13.6,479.9233,1.05,0.03,,,63.33,0.33,6027.0,0.19,1.07,1.62,1.2
HD 12235 b,HD 12235,3.23,10.48833743,1.71,0.376,,,4.36305,0.054,5986.0,0.57468,1.80185,1.1,
HD 12235 c,HD 12235,12.5,3135.69506346,8.82,0.174,,,36336.70679,22.21,5986.0,0.57468,1.80185,1.1,
HD 122562 c,HD 122562,10.1,73.10053361,0.39,0.228,,,84.96276,0.406,4956.0,0.407,2.16627,1.241,
HD 124330 b,HD 124330,14.0,238.37130525,0.477,0.34,,,270.66,0.86,5873.0,0.33766,1.30446,1.15,
HD 12484 b,HD 12484,13.2,947.1334,2.26,0.07,,,58.83,0.297,5920.0,0.02217,1.001848,1.01,
HD 125271 b,HD 125271,12.4,3465.60094993,9.99,0.165,,,14901.99295,10.817,4703.93,-0.60376,0.751364,0.75,
HD 125390 b,HD 125390,11.9,8646.20398403,28.2,0.597,,,1757.39151,3.496,4882.0,1.12354,6.47,1.82,
HD 125595 b,HD 125595,,3531.07360177,,0.0,,,9.6737,0.08,4691.0,-0.61738,0.74,0.29,3.53
HD 125612 b,HD 125612,13.2,945.22168242,2.26,0.446,,,557.69994,1.349,5900.0,0.06,1.07,1.05,1.77
HD 125612 c,HD 125612,4.07,15.57359194,1.27,0.149,,,4.15466,0.051,5900.0,0.06,1.07,1.05,1.77
HD 125612 d,HD 125612,12.7,2281.37230545,6.12,0.115,,,2822.72698,3.982,5900.0,0.06,1.07,1.05,1.77
HD 12648 b,HD 12648,13.4,622.9468,1.42,0.04,,,133.60001,0.54,4835.0,1.75277,11.02,0.67,4.5
HD 126525 b,HD 126525,10.3,75.32571,0.379,0.035,,,960.41,1.837,5638.0,-0.0403,0.979,0.897,9.67
HD 12661 b,HD 12661,13.3,772.3269,1.8,0.38,,,262.70862,0.84,5645.0,0.1327,1.2,1.2,6.39
HD 12661 c,HD 12661,13.2,899.45439181,2.15,0.031,,,1708.0,2.8145,5748.0,0.063,1.11,1.02,6.39
HD 126614 b,HD 126614,12.7,107.74382997,0.289,0.548,,,1257.25303,2.249,5568.0,0.08279,1.369794,0.96,7.2
HD 127506 b,HD 127506,5.67,27.333243,0.824,0.24,,,65.78395,0.287,4595.32,-0.66256,0.735766,0.73,
HD 128311 b,HD 128311,13.5,562.24127,1.26,0.303,,,453.019,1.084,4965.0,-0.5116,0.76,0.828,0.96
HD 128311 c,HD 128311,13.0,1204.25787,3.01,0.159,,,921.538,1.74,4965.0,-0.5116,0.76,0.828,0.96
HD 128356 b,HD 128356,13.9,282.8687,0.579,0.57,,,298.2,0.87,4875.0,-0.4437,0.85,0.65,10.0
HD 128717 b,HD 128717,12.1,6293.0024586,19.5,0.85,,,3420.0,4.85,6210.0,0.322,1.248,1.212,1.4
HD 129445 b,HD 129445,13.3,797.74930157,1.86,0.7,,,1840.0,2.9,5646.0,0.08968,1.175816,0.99,
HD 130322 b,HD 130322,13.7,365.49,0.781,0.029,720.0,,10.70871,0.0925,5387.0,-0.23544,0.85,0.92,0.35
HD 131496 b,HD 131496,13.4,572.094,1.31,0.181,,,896.0,2.01,4846.0,0.99123,4.44,1.34,2.7
HD 13167 b,HD 13167,13.1,1052.0173,2.57,0.563,,,2613.0,4.1,5671.0,0.96025,2.39,1.35,
HD 13189 b,HD 13189,12.4,3480.2385,10.0,0.27,,,471.60001,1.25,4175.0,2.63638,38.41,2.24,
HD 132406 b,HD 132406,12.8,1887.90073758,4.95,0.25,,,908.0,1.98,5766.0,0.25996,1.34,0.973,7.187
HD 132563 b,HD 132563,13.6,473.547,1.03,0.22,,,1544.0,2.62,6289.0,0.37408,1.29577,1.231,2.31
HD 133131 A b,HD 133131 A,13.6,451.3186,0.986,0.33,,,649.0,1.44,5799.0,-0.01658,0.955014,0.95,9.7
HD 133131 A c,HD 133131 A,14.3,133.4886,0.251,0.49,,,3568.0,4.49,5799.0,-0.01658,0.955014,0.95,9.7
HD 133131 B b,HD 133131 B,13.3,794.575,1.86,0.61,,,5769.0,6.15,5805.0,-0.0092,0.989538,0.93,9.7
HD 134060 b,HD 134060,3.16,10.1,1.76,0.45,,,3.2696,0.0444,5966.0,0.15836,1.164285,1.095,5.6
HD 134060 c,HD 134060,5.91,29.29,0.78,0.11,,,1291.5646,2.3928,5966.0,0.15836,1.164285,1.095,5.6
HD 134606 b,HD 134606,2.97,9.09,1.91,0.092,,,12.089,0.1046,5576.0,0.06483,1.158,1.046,7.3
HD 134606 c,HD 134606,3.37,11.31,1.62,0.055,,,58.883,0.3007,5576.0,0.06483,1.158,1.046,7.3
HD 134606 d,HD 134606,7.59,44.8,0.563,0.092,,,966.5,1.941,5576.0,0.06483,1.158,1.046,7.3
HD 134606 e,HD 134606,1.33,2.34,5.47,0.2,,,4.3203,0.0527,5576.0,0.06483,1.158,1.046,7.3
HD 134606 f,HD 134606,2.24,5.63,2.75,0.081,,,26.915,0.1784,5576.0,0.06483,1.158,1.046,7.3
HD 134987 b,HD 134987,13.5,511.7063,1.14,0.23,,,258.17999,0.81,5736.0,0.25527,1.22,1.1,8.4
HD 134987 c,HD 134987,13.9,260.0,0.532,0.12,,,5000.0,5.8,5585.0,0.25527,1.25,1.1,8.4
HD 135344 A b,HD 135344 A,16.25302201,3178.28407,4.07,0.5,1585.0,,,16.5,9540.0,1.22,1.5,2.32,
HD 135625 b,HD 135625,13.3,731.0053361,1.71,0.16,,,4055.0,5.4,6040.64,0.34446,1.35743,1.28,4.4
HD 135694 b,HD 135694,2.857,6.1,2.05,0.0,750.83,71.8,15.923475568,0.124695,5712.0,0.03941,1.08,1.02,9.8
HD 135872 b,HD 135872,12.8,1744.56012602,4.57,0.164,,,2422.32597,4.172,4992.0,0.937,3.93038,1.646,
HD 136118 b,HD 136118,12.3,4164.18778851,12.3,0.344,,,1187.59765,2.327,6097.0,0.56868,1.67754,1.18,
HD 136352 b,HD 136352,1.664,4.72,5.623888,0.0,905.0,111.6,11.57797,0.0964,5664.0,0.0162,1.058,0.87,12.3
HD 136352 c,HD 136352,2.916,11.24,2.497668,0.0,677.0,35.1,27.59221,0.1721,5664.0,0.0162,1.058,0.87,12.3
HD 136352 d,HD 136352,2.562,8.82,2.878108,0.0,431.0,5.74,107.245,0.425,5664.0,0.0162,1.058,0.87,12.3
HD 136418 b,HD 136418,13.3,680.1562,1.59,0.25,,,464.29999,1.29,4989.0,0.83251,3.78,1.48,4.0
HD 136925 b,HD 136925,13.9,266.97586188,0.546,0.103,,,4540.0,5.13,5773.19,0.13441,1.193078,0.875104,
HD 13724 c,HD 13724,8.18,50.85254512,0.511,0.651,,,142.22895,0.534,5835.31,0.05467,1.04198,1.004,
HD 137388 b,HD 137388,9.32,63.566,0.431,0.36,,,330.0,0.89,5181.0,-0.33724,0.88,0.68,6.45
HD 137496 b,HD 137496,1.31,4.04,10.49,0.0,2130.0,,1.62116,0.02732,5799.0,0.36633,1.59,1.04,8.3
HD 137496 c,HD 137496,12.6,2434.56559762,6.69,0.477,370.0,,479.9,1.2163,5799.0,0.36633,1.59,1.04,8.3
HD 13808 b,HD 13808,3.35,11.2,1.64,0.071,,,14.1815,0.10519,5035.0,-0.43455,0.781,0.771,7.2
HD 13808 c,HD 13808,3.13,9.96,1.78,0.156,,,53.753,0.2554,5035.0,-0.43455,0.781,0.771,7.2
HD 13908 b,HD 13908,13.9,274.91,0.562,0.02,,,19.382,0.154,6255.0,0.602,1.67,1.29,2.9
HD 13908 c,HD 13908,12.8,1630.4,4.27,0.12,,,931.0,2.03,6255.0,0.602,1.67,1.29,2.9
HD 13931 b,HD 13931,13.2,889.9195396,2.13,0.02,,,4218.0,5.15,5867.0,0.1959,1.25,1.3,8.4
HD 139357 b,HD 139357,12.1,6315.5682755,19.6,0.099,,,1124.79139,2.949,4700.0,1.82295,11.47,2.69,3.07
HD 1397 b,HD 1397,11.500434,131.89945,0.477,0.251,1228.3,356.0,11.53533,0.1097,5521.0,0.65992,2.336,1.324,4.51
HD 14067 b,HD 14067,12.2,4862.7746271,14.7,0.65,,,2744.0,5.15,4815.0,1.898,12.4,2.4,0.69
HD 140901 b,HD 140901,4.07,15.57359194,1.27,0.472,,,9.02378,0.085,5610.0,-0.10237,0.95,0.99,3.2
HD 140901 c,HD 140901,13.4,572.0911326,1.31,0.77,,,14386.0,11.8,5610.0,-0.10237,0.95,1.06,3.2
HD 141004 b,HD 141004,3.77,13.63483866,1.4,0.16,,,15.5083,0.1238,5885.38,0.346,1.389372,1.051904,6.32
HD 141399 b,HD 141399,14.3,143.34133,0.269,0.04,,,94.44,0.415,5600.0,0.2014,1.387236,1.07,
HD 141399 c,HD 141399,13.6,422.7139,0.923,0.048,,,201.99,0.689,5600.0,0.2014,1.387236,1.07,
HD 141399 d,HD 141399,13.7,375.0394,0.801,0.074,,,1069.8,2.09,5600.0,0.2014,1.387236,1.07,
HD 141399 e,HD 141399,14.1,209.7678,0.411,0.26,,,5000.0,5.0,5600.0,0.2014,1.387236,1.07,
HD 141937 b,HD 141937,11.9,8714.85491994,28.4,0.41,,,653.21997,1.5,5870.0,0.022,1.03,1.09,2.32
HD 142 A d,HD 142,10.9,82.63538582,0.351,0.13,,,108.45299,0.474,6245.0,0.47418,1.47,1.21,3.12
HD 142 b,HD 142,12.7,2256.5816897,6.05,0.158,,,351.43394,1.039,6245.0,0.47418,1.47,1.21,3.12
HD 142 c,HD 142,12.4,3464.64746471,9.99,0.277,,,10159.64279,9.811,6245.0,0.47418,1.47,1.21,3.12
HD 142022 A b,HD 142022 A,12.9,1433.40611557,3.67,0.53,,,1928.0,2.93,5421.0,0.00432,1.04,0.9,7.0
HD 142245 b,HD 142245,13.1,975.7381,2.39,0.0,,,1299.0,2.78,4922.0,1.13033,4.63,3.5,2.3
HD 142415 b,HD 142415,13.5,530.7761,1.19,0.5,,,386.29999,1.06,5940.0,0.06,1.04,1.07,1.1
HD 143105 b,HD 143105,13.7,384.5743,0.822,0.07,,,2.1974,0.0379,6380.0,0.55557,1.647304,1.51,
HD 143361 b,HD 143361,12.9,1382.55357045,3.54,0.197,,,1039.15,1.988,5507.0,-0.09151,0.916,0.968,2.942
HD 143811 AB b,HD 143811 A,15.69257298,1938.7532827,2.76,0.19,1042.0,,117000.0,63.0,6791.0,0.64102,1.68398,1.32,0.018
HD 144899 b,HD 144899,4.77,20.34101805,1.03,0.821,,,40.43914,0.242,6126.0,0.53733,1.64802,1.16,
HD 145377 b,HD 145377,12.8,1913.3366,5.01,0.31,,,103.95,0.45,6014.0,0.19312,1.05,1.2,1.3
HD 145457 b,HD 145457,13.2,888.01256916,2.12,0.111,,,176.13,0.762,4757.0,1.65514,9.9,1.9,2.605
HD 145675 c,14 Her,12.9,1597.08774518,4.09,0.393,,,15732.45889,11.924,5338.0,-0.15273,0.93,0.91,3.9
HD 145934 b,HD 145934,13.4,658.5404593,1.5,0.078,,,2751.53433,4.89,4823.75,1.35455,6.930587,2.058,1.56
HD 1461 b,HD 1461,2.42,6.44,2.5,0.172,,,5.77152,0.0634,5765.0,0.0954,1.152288,1.02,7.12
HD 1461 c,HD 1461,2.23,5.59,2.77,0.305,,,13.5052,0.1117,5765.0,0.0954,1.152288,1.02,7.12
HD 147018 b,HD 147018,13.4,674.0,1.54,0.4686,,,44.236,0.2388,5441.0,-0.14757,0.937948,0.927,6.36
HD 147018 c,HD 147018,12.7,2080.0,5.58,0.133,,,1008.0,1.922,5441.0,-0.14757,0.937948,0.927,6.36
HD 147379 b,HD 147379,4.94,21.6,0.985,0.063,,,86.58,0.3193,4090.0,-1.09691,0.628304,0.58,
HD 147513 b,HD 147513,13.7,385.0,0.823,0.26,,,528.4,1.32,5883.0,-0.01,0.98,1.11,0.3
HD 14787 b,HD 14787,13.7,356.28743,0.761,0.155,,,676.6,1.7,4946.0,1.11506,5.01,1.43,
HD 147873 b,HD 147873,12.8,1633.6462,4.28,0.207,,,116.596,0.522,5972.0,0.77743,2.29,1.38,4.0
HD 147873 c,HD 147873,13.3,731.009,1.71,0.23,,,491.54,1.36,5972.0,0.77743,2.29,1.38,4.0
HD 148156 b,HD 148156,13.9,270.144,0.553,0.52,,,1027.0,2.45,6308.0,0.25042,1.21,1.22,
HD 148164 b,HD 148164,13.7,390.9309,0.835,0.587,,,328.55,0.993,6032.0,0.33,1.34,1.21,2.41
HD 148164 c,HD 148164,12.8,1640.0028,4.3,0.125,,,5062.0,6.15,6032.0,0.33,1.34,1.21,2.41
HD 149026 b,HD 149026,8.29466,120.7754,0.75,0.0,1626.0,1095.91,2.87589,0.04364,6179.0,0.48,1.41,1.42,2.6
HD 149143 b,HD 149143,13.6,422.7139,0.923,0.0167,,,4.07182,0.053,5856.0,0.35,1.44,1.2,4.28
HD 149806 b,HD 149806,12.3,4003.68444298,11.8,0.357,,,16521.52778,12.404,5352.05,-0.2446,0.89,0.93,8.36
HD 150010 b,HD 150010,13.3,762.7881768,1.78,0.2,,,562.0,1.4,4153.0,1.98227,16.2,1.3,4.9
HD 1502 b,HD 1502,13.2,874.0325,2.09,0.031,,,428.5,1.262,4947.0,1.06446,4.67,1.46,2.4
HD 150706 b,HD 150706,13.3,772.32302901,1.8,0.38,,,5894.0,6.7,5961.0,0.03175,0.96,1.17,3.0
HD 151450 b,HD 151450,6.94,38.45723725,0.632,0.496,,,21.89288,0.16,6091.98,0.23147,1.17184,1.14,
HD 151450 c,HD 151450,12.8,1636.18063924,4.29,0.138,,,18144.76236,14.131,6091.98,0.23147,1.17184,1.14,
HD 152079 b,HD 152079,13.2,845.74563,2.02,0.532,,,2918.92,4.187,5907.0,0.10721,1.128,1.147,1.622
HD 152581 b,HD 152581,13.4,594.02427,1.36,0.04,,,686.5,1.66,5027.0,1.17319,5.14,1.3,12.0
HD 152843 b,HD 152843,3.05,9.82,1.9,0.046,1003.11,265.4,11.62071,0.1049,6310.0,0.44992,1.43,1.15,3.97
HD 152843 c,HD 152843,5.94,9.67,0.253,0.074,253.08,133.1,19.502104,0.1482,6310.0,0.44992,1.43,1.15,3.97
HD 15337 b,HD 15337,1.77,6.519,6.458,0.058,1001.0,161.7314,4.7559804,0.05245,5131.0,-0.32606,0.855,0.829,9.6
HD 15337 c,HD 15337,2.526,6.792,2.303,0.096,656.1,29.1782,17.180546,0.1235,5131.0,-0.32606,0.855,0.829,9.6
HD 153557 b,HD 153557,4.77,20.34101805,1.03,0.065,,,7.29903,0.068,4837.0,-0.56249,0.745171,0.79,
HD 153557 c,HD 153557,4.36,17.48056238,1.16,0.511,,,15.27018,0.111,4837.0,-0.56249,0.745171,0.79,
HD 153557 d,HD 153557,11.9,8725.66108578,28.5,0.152,,,40654.64809,21.449,4837.0,-0.56249,0.745171,0.79,
HD 153950 b,HD 153950,13.2,937.5985,2.24,0.34,,,499.39999,1.28,6124.0,0.34635,1.28,1.25,4.3
HD 154088 b,HD 154088,2.46,6.6,2.44,0.344,,,18.56,0.134,5374.0,-0.13077,0.95,0.91,8.0
HD 154345 b,HD 154345,13.7,378.21580433,0.808,0.04,,,3341.55884,4.21,5468.0,-0.21934,0.85,0.71,9.527
HD 154391 b,HD 154391,12.5,2892.2385037,8.14,0.2,,,5163.0,7.46,4909.0,1.58115,8.56,2.07,1.1
HD 154672 b,HD 154672,12.8,1706.7471,4.47,0.61,,,163.94,0.6,5743.0,0.25722,1.32,1.18,8.0
HD 154857 b,HD 154857,13.3,778.6835,1.82,0.46,,,408.60001,1.29,5589.0,0.66269,2.3,1.96,5.64
HD 154857 c,HD 154857,13.2,819.97,1.96,0.06,,,3452.0,5.36,5605.0,0.66269,1.76,1.718,5.64
HD 155193 b,HD 155193,14.0,238.37130525,0.477,0.21,,,352.65,1.04,6239.0,0.6411,1.76439,1.221,
HD 155358 b,HD 155358,13.8,314.6517,0.658,0.17,,,194.3,0.63,5905.0,0.29949,1.38,1.15,10.7
HD 155358 c,HD 155358,13.9,261.0,0.534,0.16,,,391.9,1.02,5900.0,0.29949,1.38,0.92,10.7
HD 155918 b,HD 155918,2.67,7.62788177,2.2,0.194,,,1.87567,0.03,5771.84,0.01635,1.01906,1.03,12.3
HD 155918 c,HD 155918,12.8,1878.04805696,4.92,0.071,,,17202.19446,13.183,5771.84,0.01635,1.01906,1.03,12.3
HD 156098 b,HD 156098,4.12,15.89142035,1.25,0.109,,,21.85849,0.167,6419.19,1.06554,2.75716,1.29,
HD 156098 c,HD 156098,12.8,1661.6069118,4.35,0.391,,,7841.5839,8.415,6419.19,1.06554,2.75716,1.29,
HD 156279 b,HD 156279,12.5,2997.75753482,8.43,0.647,,,133.40355,0.502,5453.0,-0.14596,0.95,0.94,4.1
HD 156279 c,HD 156279,12.5,3098.82696825,8.72,0.261,,,4818.25358,5.486,5453.0,-0.14596,0.95,0.94,4.1
HD 156411 b,HD 156411,14.0,235.18,0.471,0.22,,,842.2,1.88,5900.0,0.731,2.16,1.25,4.28
HD 156668 b,HD 156668,1.87,4.15,3.49,0.0,,,4.6455,0.05,4850.0,0.23,0.72,0.772,8.6
HD 156668 c,HD 156668,6.17,31.49679513,0.737,0.089,,,811.3,1.57,4903.69,-0.54025,0.774528,0.785167,8.6
HD 156846 b,HD 156846,12.4,3391.2461,9.77,0.85,,,359.51001,1.12,6090.0,0.69723,1.9,1.38,2.4
HD 158038 b,HD 158038,13.5,486.2799,1.09,0.29,,,521.0,1.5,4860.0,1.07555,4.5,1.3,2.5
HD 158259 b,HD 158259,1.28228,2.22,6.12,,1462.0,759.183,2.178,,5801.89,0.21233,1.21,1.08,
HD 158259 c,HD 158259,2.23,5.6,2.77,,,,3.432,,5801.89,0.21233,1.21,1.08,
HD 158259 d,HD 158259,2.18,5.41,2.87,,,,5.1980814,,5801.89,0.21233,1.21,1.08,
HD 158259 e,HD 158259,2.34,6.08,2.61,,,,7.951,,5801.89,0.21233,1.21,1.08,
HD 158259 f,HD 158259,2.35,6.14,2.6,,,,12.028,,5801.89,0.21233,1.21,1.08,
HD 158996 b,HD 158996,12.3,4449.62,13.1,0.13,,,820.2,2.1,4069.0,3.01481,50.3,1.8,1.6
HD 15906 b,HD 15906,2.24,5.65,2.76,0.11,668.0,33.14,10.924709,0.09,4757.0,-0.56864,0.762,0.79,
HD 15906 c,HD 15906,2.93,8.91,1.95,0.04,532.0,13.37,21.583298,0.141,4757.0,-0.56864,0.762,0.79,
HD 159243 b,HD 159243,13.7,359.13,0.767,0.02,,,12.62,0.11,6123.0,0.114,1.12,1.125,1.25
HD 159243 c,HD 159243,13.4,603.9,1.38,0.075,,,248.4,0.8,6123.0,0.114,1.12,1.125,1.25
HD 159868 b,HD 159868,13.3,704.94694,1.65,0.024,,,1184.1,2.32,5534.0,0.55574,2.13,1.19,7.57
HD 159868 c,HD 159868,14.0,244.09344,0.489,0.184,,,351.0,1.032,5534.0,0.55574,2.13,1.19,7.57
HD 1605 b,HD 1605,13.8,296.85322,0.621,0.095,,,577.2,1.492,4915.0,0.81,3.49,1.33,4.36
HD 1605 c,HD 1605,13.0,1150.5446,2.88,0.099,,,2149.0,3.584,4915.0,0.81,3.49,1.33,4.36
HD 160691 b,HD 160691,,1366.6621501,,0.0505,,,645.0,1.5,5773.0,0.27848,1.33,1.13,5.7
HD 160691 c,HD 160691,,1398.4449908,,0.039,,,3947.0,4.17,5773.0,0.27848,1.33,1.13,5.7
HD 160691 d,HD 160691,3.23,10.49,1.71,0.0,900.0,,9.6392,0.0952,5773.0,0.27848,1.33,1.13,5.7
HD 160691 e,HD 160691,,2224.798849,,0.0666,,,307.9,0.96,5773.0,0.27848,1.33,1.13,5.7
HD 161178 b,HD 161178,14.1,181.16219199,0.355,0.044,,,279.3,0.85,4786.0,1.75097,10.95,1.06,
HD 16141 b,HD 16141,10.9,82.6358,0.351,0.25,,,75.523,0.36,5757.0,0.36558,1.48,1.11,7.51
HD 16175 b,HD 16175,12.8,1875.1876013,4.91,0.6,,,990.0,2.12,5981.0,0.50786,1.72,1.63,3.3
HD 162020 b,HD 162020,12.5,3127.4472,8.8,0.28,650.0,,8.4282,0.08,4723.0,-0.60206,0.75,0.42,6.0
HD 163607 b,HD 163607,13.9,249.051588,0.51,0.7441,,,75.2203,0.362,5522.0,0.42,1.76,1.12,8.6
HD 163607 c,HD 163607,13.3,699.54383,1.63,0.08,,,1272.0,2.39,5522.0,0.42,1.76,1.12,8.6
HD 16417 b,HD 16417,5.0,22.1,0.972,0.2,,,17.24,0.14,5841.0,0.44317,1.639984,1.2,7.0
HD 164509 b,HD 164509,14.3,140.79869,0.265,0.238,,,280.17,0.87,5859.0,0.12,1.11,1.12,2.32
HD 164595 b,HD 164595,4.16,16.14,1.23,0.088,,,40.0,0.23,5790.0,0.01725,1.023606,0.99,7.12
HD 164604 b,HD 164604,12.3,4195.3349724,12.4,0.479,,,653.9,1.362,4663.0,-0.58503,0.78,0.77,1.6
HD 164604 c,HD 164604,12.5,3019.3698665,8.49,0.196,,,5387.0,5.556,4663.0,-0.58503,0.78,0.77,1.6
HD 164922 b,HD 164922,13.3,116.0,0.271,0.08,159.4,0.1578,1207.0,2.16,5390.0,-0.14874,0.946,0.926,9.58
HD 164922 c,HD 164922,3.66,13.0,1.46,0.12,400.5,6.29,75.74,0.341,5390.0,-0.14874,0.946,0.926,9.58
HD 164922 d,HD 164922,1.83,4.0,3.59,0.12,,,12.458,0.103,5390.0,-0.14874,0.946,0.926,9.58
HD 164922 e,HD 164922,3.23,10.52012027,1.72,0.086,,,41.763,0.2292,5393.43,-0.15304,1.001813,0.921146,9.58
HD 165131 b,HD 165131,12.1,5943.3912109,18.4,0.6708,,,2342.6,3.54,5870.0,0.08329,1.06419,1.06,2.7
HD 165155 b,HD 165155,13.2,918.5287,2.19,0.2,,,434.5,1.13,5426.0,-0.1549,0.95,1.02,11.0
HD 1666 b,HD 1666,12.7,2040.0,5.47,0.63,,,270.0,0.94,6317.0,0.73,1.93,1.5,1.76
HD 166724 b,HD 166724,13.0,1207.7479466,3.02,0.734,,,5144.0,5.42,5127.0,-0.509,0.797485,0.81,4.0
HD 167042 b,HD 167042,13.6,444.00628458,0.97,0.01,,,417.67,1.22,4919.0,1.0569,4.63,1.39,2.2
HD 167677 b,HD 167677,13.2,905.81095995,2.16,0.182,,,1820.0,2.877,5474.0,-0.13215,0.95271,0.96,11.5
HD 167768 b,HD 167768,13.9,270.15414595,0.553,0.149,,,20.6532,0.1512,4851.0,1.66932,9.7,1.08,5.31
HD 168009 b,HD 168009,3.05,9.53485221,1.85,0.12,,,15.1479,0.1192,5778.33,0.14982,1.209505,0.986073,9.68
HD 168443 b,HD 168443,12.6,2424.3950886,6.66,0.53,,,58.11187,0.292,5491.0,0.38246,1.711479,0.98,11.08
HD 168443 c,HD 168443,12.2,5500.33841154,16.6,0.21,,,1753.1096,2.842,5491.0,0.38246,1.711479,0.98,11.08
HD 168746 b,HD 168746,11.1,85.8141,0.345,0.11,900.0,,6.404,0.07,5570.0,0.04139,1.09,1.07,8.0
HD 168863 b,HD 168863,12.7,2154.87659946,5.78,0.187,,,14773.93272,10.961,4905.0,-0.50098,0.777826,0.8,
HD 1690 b,HD 1690,12.5,2793.7257,7.86,0.64,,,533.0,1.36,4374.0,1.51983,21.66,1.86,6.7
HD 16905 b,HD 16905,12.4,3591.4609991,10.4,0.68,,,10256.0,8.8,4866.12,-0.51804,0.77494,0.85,6.1
HD 169142 b,HD 169142,13.1,953.485221,2.33,,,,,37.2,7246.0,0.76845,1.53702,1.85,0.006
HD 169830 b,HD 169830,13.2,804.42369812,1.92,0.294,345.0,,225.67372,0.765,6300.0,0.662,1.935709,1.17,2.2
HD 169830 c,HD 169830,12.6,2437.42605328,6.7,0.246,,,1818.82339,3.075,6300.0,0.662,1.935709,1.17,2.2
HD 170469 b,HD 170469,14.1,209.7678,0.411,0.11,,,1145.0,2.24,5842.0,0.204,1.24,1.1,6.7
HD 17092 b,HD 17092,12.5,3219.6179,9.06,0.17,,,359.89999,1.31,4326.0,1.75563,13.58,6.73,2.6
HD 171028 b,HD 171028,13.2,832.7146,1.99,0.59,,,550.0,1.32,5671.0,0.73291,2.47,1.53,8.59
HD 171238 b,HD 171238,12.5,2796.8899816,7.87,0.358,,,1515.0,2.518,5467.0,-0.20273,1.01,0.92,7.0
HD 17156 b,HD 17156,12.26262489,1036.12060682,3.08,0.6772,888.0,68.8,21.2164294,0.1632,6046.0,0.44091,1.517,1.285,3.3
HD 173416 b,HD 173416,13.4,585.12209729,1.34,0.208,,,322.03,1.158,4683.0,1.892,13.5,2.0,1.73
HD 174205 b,HD 174205,13.0,1334.8793094,3.34,0.4,,,582.0,1.7,4308.0,2.3784,26.6,1.8,1.7
HD 175167 b,HD 175167,12.3,4703.8604236,13.9,0.51,,,1175.0,2.4,5635.0,0.45593,1.75,1.09,
HD 175541 b,HD 175541,14.1,190.06234,0.373,0.11,,,298.43,0.975,5013.0,0.934,4.19,1.39,1.9
HD 175607 b,HD 175607,,2456.1779293,,0.11,,,29.01,,5392.0,-0.27097,0.7,0.71,10.32
HD 17674 b,HD 17674,13.9,276.5121,0.566,0.13,,,623.8,1.42,5904.0,0.20472,1.18,0.98,8.4
HD 176986 b,HD 176986,,1487.75477317,,0.066,767.0,81.7,6.49164,0.062956,4931.0,-0.48017,0.782,0.789,4.3
HD 176986 c,HD 176986,,2097.98531461,,0.111,558.0,22.9,16.8124,0.11873,4931.0,-0.48017,0.782,0.789,4.3
HD 176986 d,HD 176986,2.49,6.76,2.41,,363.0,4.09,61.376,0.28149,4931.0,-0.48017,0.782,0.789,4.3
HD 177565 b,HD 177565,4.0,15.1,1.3,0.0593,,,44.505,0.246,5627.0,-0.05395,0.971489,1.0,6.88
HD 177830 b,HD 177830,13.5,537.1327,1.2,0.1,,,410.10001,1.14,4901.0,0.68502,3.26,1.7,4.4
HD 177830 c,HD 177830,7.87,47.6725,0.537,0.3,,,110.9,0.5137,4949.0,0.68502,2.62,1.47,4.4
HD 178911 B b,HD 178911 B,12.6,2552.1749,7.01,0.11,,,71.484,0.34,5588.0,-0.04317,1.08,1.24,
HD 179079 b,HD 179079,,4195.3349724,,0.049,,,14.479,0.1214,5646.0,0.38,1.63,1.14,6.99
HD 179949 b,HD 179949,13.9,291.12,0.596,0.022,,,3.092514,0.0443,6168.0,0.30146,1.266865,1.21,2.56
HD 180053 b,HD 180053,13.3,697.31902,1.63,0.081,,,213.72,0.843,5131.0,1.09897,4.06,1.75,
HD 18015 b,HD 18015,13.1,1048.8337431,2.56,0.148,,,2278.0,3.87,5603.0,0.9738,3.13,1.49,
HD 180314 b,HD 180314,12.0,7216.92963775,22.9,0.247,,,394.73,1.448,4917.0,1.64345,9.2,2.6,1.295
HD 180617 b,HD 180617,3.53,12.214,1.53,0.101,,,105.911,0.343,3534.0,-1.49,0.481,0.484,
HD 180902 b,HD 180902,13.5,535.54355,1.2,0.107,,,510.9,1.4,4961.0,0.97313,4.16,1.41,2.8
HD 181234 b,HD 181234,12.5,2980.91262925,8.39,0.726,,,7593.40512,7.427,5386.0,-0.09853,1.059423,0.94,6.32
HD 181342 b,HD 181342,13.2,807.2882,1.93,0.022,,,564.1,1.592,4945.0,1.17,4.71,1.69,2.0
HD 18143 b,HD 18143,3.28,10.80616584,1.68,0.224,,,10.2851,0.088,5078.0,-0.31953,0.87,0.85,9.4
HD 18143 c,HD 18143,12.5,3177.64841319,8.94,0.194,,,28982.41764,17.53,5078.0,-0.31953,0.87,0.85,9.4
HD 181433 b,HD 181433,,1708.64551603,,0.4,,,9.3743,0.08,4918.0,-0.45618,0.79,0.63,6.7
HD 181433 c,HD 181433,,2207.00045821,,0.28,,,962.0,1.76,4962.0,-0.511,0.79,0.78,6.7
HD 181433 d,HD 181433,13.2,858.1366989,2.05,0.48,,,2172.0,3.0,4962.0,-0.511,0.79,0.78,6.7
HD 181720 b,HD 181720,14.0,127.132,0.255,0.26,,,956.0,1.85,5736.0,0.288,1.5,1.03,
HD 183263 b,HD 183263,13.1,1103.1824007,2.7,0.383,,,624.87404,1.46,5948.0,0.25025,1.23,1.06,8.13
HD 183263 c,HD 183263,12.5,2958.98246917,8.32,0.051,,,4667.97841,5.585,5948.0,0.25025,1.23,1.06,8.13
HD 183579 b,HD 183579,3.49,20.4,2.65,0.061,752.0,58.1,17.471291,0.1322,5784.0,-0.03386,0.96,0.996,3.1
HD 184010 b,HD 184010,12.1,98.52680617,0.306,0.0,,,286.6,0.94,4971.0,1.11694,4.86,1.35,2.76
HD 184010 c,HD 184010,11.8,95.3485221,0.319,0.0,,,484.3,1.334,4971.0,1.11694,4.86,1.35,2.76
HD 184010 d,HD 184010,14.3,143.02278315,0.269,0.0,,,836.4,1.92,4971.0,1.11694,4.86,1.35,2.76
HD 18438 b,HD 18438,12.1,6674.396547,20.7,0.1,,,803.0,2.1,3860.0,2.96802,88.475,1.84,5.5
HD 185269 b,HD 185269,13.8,321.0083,0.671,0.229,,,6.83776,0.077,5923.0,0.69362,2.0,1.3,4.0
HD 185283 b,HD 185283,13.6,413.1769291,0.903,0.07,,,4060.0,4.6,4848.0,-0.56072,0.743303,0.8,6.0
HD 18599 b,HD 18599,2.6,24.1,7.5,0.34,863.0,145.0,4.1374354,0.048,5145.0,-0.42946,0.767,0.863,0.4
HD 187085 b,HD 187085,13.9,265.70588,0.544,0.251,,,1019.74,2.1,6117.0,2.13,1.27,1.189,2.747
HD 187123 b,HD 187123,14.2,166.218,0.319,0.0103,,,3.0965828,0.0426,5790.0,0.12713,1.15043,1.04,7.4
HD 187123 c,HD 187123,13.2,912.16752809,2.18,0.252,,,3810.0,4.89,5790.0,0.12713,1.15043,1.04,7.4
HD 18742 b,HD 18742,13.1,1080.622,2.64,0.04,,,766.0,1.82,4940.0,1.14301,5.13,1.36,2.3
HD 188015 b,HD 188015,13.6,476.72,1.04,0.137,,,461.2,1.203,5746.0,0.05892,1.125296,1.09,6.61
HD 188641 b,HD 188641,11.9,9333.03117155,30.4,0.034,,,14583.81038,12.027,5897.32,0.61512,1.94492,1.07,
HD 189567 b,HD 189567,2.85,8.5,2.02,0.189,,,14.288,0.111,5726.0,0.32428,1.04,0.83,11.0
HD 189567 c,HD 189567,2.54,7.0,2.35,0.16,,,33.688,0.197,5726.0,0.32428,1.04,0.83,11.0
HD 189733 b,HD 189733,12.66617,359.1479,0.943,0.0,1209.0,356.0,2.21857567,0.03126,5052.0,-0.46119,0.75,0.79,1.4
HD 190007 b,HD 190007,4.06,15.5,1.27,0.136,,,11.724128,0.092,4610.0,-0.68,0.79,0.77,1.0
HD 190228 b,HD 190228,12.9,1598.67688721,4.09,0.559,,,1143.59858,2.406,5360.0,0.697,2.58658,1.415,
HD 190360 b,HD 190360,13.4,572.0911326,1.31,0.34,150.0,,2854.0,3.9,5552.0,0.06647,1.14,1.0,8.5
HD 190360 c,HD 190360,4.59,19.069,1.08,0.237,,,17.111,0.1304,5549.0,0.06647,1.16804,0.98,8.5
HD 190647 b,HD 190647,13.4,630.89255,1.44,0.224,,,1176.45,2.231,5656.0,0.29667,1.376,1.069,7.957
HD 190984 b,HD 190984,13.0,1137.82569706,2.85,0.57,,,4885.0,5.5,5988.0,0.43,1.53,0.91,
HD 191806 b,HD 191806,12.5,2966.61035094,8.35,0.213,,,1603.38923,2.749,6010.0,0.3483,1.40223,1.07,2.9
HD 191939 b,HD 191939,3.41,10.0,1.4,0.031,880.0,100.0,8.8803256,0.0804,5348.0,-0.18709,0.94,0.81,8.7
HD 191939 c,HD 191939,3.195,8.0,1.35,0.034,600.0,21.0,28.579743,0.1752,5348.0,-0.18709,0.94,0.81,8.7
HD 191939 d,HD 191939,2.995,2.8,0.57,0.031,540.0,14.3,38.353037,0.2132,5348.0,-0.18709,0.94,0.81,8.7
HD 191939 e,HD 191939,13.0,112.2,0.281,0.031,390.0,3.9,101.12,0.407,5348.0,-0.18709,0.94,0.81,8.7
HD 191939 f,HD 191939,13.2,915.34581216,2.19,0.0,125.0,,2898.0,3.71,5348.0,-0.18709,0.94,0.81,8.7
HD 191939 g,HD 191939,3.74,13.5,1.42,0.03,278.0,0.99,284.0,0.812,5348.0,-0.18709,0.94,0.81,8.7
HD 192263 b,HD 192263,14.2,177.9848,0.342,0.05,486.0,,24.3556,0.15,4976.0,-0.47,0.74,0.66,2.09
HD 192310 b,HD 192310,4.27,16.9,1.19,0.13,355.0,,74.72,0.32,5166.0,-0.41454,0.857922,0.8,7.81
HD 192310 c,HD 192310,5.25,24.0,0.911,0.32,185.0,,525.8,1.18,5166.0,-0.41454,0.857922,0.8,7.81
HD 192699 b,HD 192699,13.4,666.17168,1.52,0.082,,,340.94,1.063,5041.0,1.009,4.41,1.38,1.8
HD 194490 b,HD 194490,12.4,3561.90295725,10.3,0.251,,,13092.18348,11.116,5861.32,0.1474,1.14911,1.06,
HD 195019 b,HD 195019,13.0,1264.9634,3.16,0.01,,,18.20132,0.14,5751.0,0.3331,1.48,1.21,3.2
HD 196050 b,HD 196050,12.9,1493.7935129,3.82,0.2,,,1392.0,2.65,5879.0,0.26,1.42,1.27,4.3
HD 196067 b,HD 196067,12.4,3623.2438398,10.4,0.56292,,,3413.7,4.71,6072.0,0.549,1.71,1.16,4.2
HD 196067 c,HD 196067,3.21,10.4,1.73,0.235,,,4.601088,,6072.0,0.549,1.71,1.16,4.2
HD 19615 b,HD 19615,12.6,2701.5414595,7.42,0.2,,,402.0,1.1,4263.0,2.51455,32.3,1.1,6.7
HD 196885 A b,HD 196885 A,13.2,819.97,1.96,0.48,,,1333.0,2.37,6254.0,0.38,1.31,1.28,3.12
HD 197037 b,HD 197037,13.9,251.0,0.514,0.22,,,1035.7,2.07,6150.0,0.23857,1.105,1.11,1.9
HD 199509 b,HD 199509,7.43,43.22466335,0.579,0.373,,,99.62167,0.426,5796.02,-0.08419,0.92,1.04,1.6
HD 19994 b,HD 19994,13.6,435.41,0.951,0.063,,,466.2,1.305,6188.0,0.58,1.79647,1.365,2.4
HD 20003 b,HD 20003,3.43,11.66,1.59,0.36,,,11.8482,0.0974,5494.0,-0.14267,0.921637,0.875,
HD 20003 c,HD 20003,3.89,14.44,1.35,0.1,,,33.9239,0.1964,5494.0,-0.14267,0.921637,0.875,
HD 200964 b,HD 200964,13.5,508.21017,1.14,0.087,,,606.3,1.565,4982.0,1.064,4.92,1.39,3.0
HD 200964 c,HD 200964,13.7,385.84562,0.825,0.243,,,852.5,1.96,4982.0,1.064,4.92,1.39,3.0
HD 202206 c,HD 202206,12.2,5689.157,17.2,0.22,,,1260.0,2.41,5766.0,0.03486,1.04,1.07,2.9
HD 202696 b,HD 202696,,634.38868,,0.011,,,517.8,1.566,5040.0,1.36922,6.43,1.91,1.32
HD 202696 c,HD 202696,,592.43512,,0.028,,,946.6,2.342,5040.0,1.36922,6.43,1.91,1.32
HD 202772 A b,HD 202772 A,17.317905,323.23311,0.343,0.038,2132.0,3440.0,3.308958,0.05208,6272.0,0.97128,2.591,1.72,1.7
HD 203030 b,HD 203030,14.4595851,3496.112477,6.35,,1040.0,,,487.1,5603.0,-0.2272,0.856458,0.94,0.1
HD 20329 b,HD 20329,1.72,7.42,8.06,0.0,2141.0,3474.0,0.926118,0.018,5596.0,0.04922,1.13,0.9,11.0
HD 203387 b,HD 203387,13.1,1106.04285636,2.7,0.732,,,512.5352,1.771,5174.32,1.86,10.5852,2.817,
HD 203387 c,HD 203387,12.6,2378.9456264,6.53,0.202,,,2481.07227,5.067,5174.32,1.86,10.5852,2.817,
HD 2039 b,HD 2039,12.7,1999.1507,5.36,0.71,,,1120.0,2.2,5945.0,0.1939,1.19,1.23,6.0
HD 204313 b,HD 204313,12.9,1466.7780983,3.75,0.1,,,2041.11539,3.185,5767.0,0.09981,1.1,1.03,3.38
HD 204313 c,HD 204313,4.31,17.16273398,1.18,0.059,,,34.95875,0.211,5767.0,0.09981,1.1,1.03,3.38
HD 204313 e,HD 204313,12.2,4868.17771002,14.7,0.253,,,7325.64666,7.457,5767.0,0.09981,1.1,1.03,3.38
HD 204941 b,HD 204941,10.1,73.1009,0.39,0.37,,,1733.0,2.55,5026.0,-0.50864,0.78,0.58,6.67
HD 205158 b,HD 205158,13.9,124.58873554,0.255,0.145,,,25.33798,0.177,6133.55,0.65266,1.87741,1.16,
HD 205739 b,HD 205739,13.6,435.41,0.951,0.27,,,279.8,0.896,6176.0,0.36,1.33,1.22,2.84
HD 206255 b,HD 206255,6.47,34.2,0.694,0.23,,,96.045,0.461,5635.0,0.65156,2.221489,1.42,
HD 206610 b,HD 206610,13.4,647.10188,1.48,0.1,,,673.2,1.74,4842.0,1.27646,6.12,1.55,3.0
HD 206893 b,HD 206893,14.01122587,8899.195396,17.8,0.14,1429.2,,9350.0,9.6,6500.0,0.4561,1.31116,1.32,0.155
HD 206893 c,HD 206893,16.36511182,4036.4207689,5.06,0.41,1181.9,,2090.0,3.53,6500.0,0.4561,1.31116,1.32,0.155
HD 207496 b,HD 207496,2.25,6.1,3.17,0.231,743.0,72.9,6.441008,0.0629,4819.0,-0.50858,0.769,0.8,0.52
HD 20781 b,HD 20781,1.21,1.93,5.99,0.1,,,5.3135,0.0529,5256.0,-0.3098,0.833609,0.7,
HD 20781 c,HD 20781,2.17,5.33,2.87,0.09,,,13.8905,0.1004,5256.0,-0.3098,0.833609,0.7,
HD 20781 d,HD 20781,3.25,10.61,1.7,0.11,,,29.158,0.1647,5256.0,-0.3098,0.833609,0.7,
HD 20781 e,HD 20781,3.83,14.03,1.37,0.06,,,85.5073,0.3374,5256.0,-0.3098,0.833609,0.7,
HD 20782 b,HD 20782,13.6,472.83,1.03,0.95,,,597.0643,1.3649,5782.13,0.10674,1.12681,1.04,5.53
HD 207832 b,HD 207832,14.2,177.9848,0.342,0.197,,,160.07,0.586,5726.0,-0.11,0.89,1.05,1.36
HD 207832 c,HD 207832,14.0,232.0159,0.465,0.27,,,1155.7,2.112,5710.0,-0.112,0.901,0.94,1.36
HD 207897 b,HD 207897,2.34302132,14.8,6.29,0.0,581.75,26.5,16.20166,0.117,5106.0,-0.42136,0.7827,0.8208,4.7
HD 20794 b,HD 20794,1.45,2.7,4.87,0.064,660.0,,18.314,0.1257,5368.0,-0.16311,0.93,0.79,5.76
HD 20794 d,HD 20794,2.04,4.8,3.11,0.077,388.0,,89.68,0.3625,5368.0,-0.16311,0.93,0.79,5.76
HD 20794 e,HD 20794,2.03,4.77,3.13,0.29,,,147.02,0.509,5401.0,-0.16311,0.93,0.813,5.76
HD 20794 f,HD 20794,2.28,5.82,2.7,0.45,,,647.6,1.3541,5368.0,-0.16311,0.93,0.79,5.76
HD 208487 b,HD 208487,14.3,146.20106722,0.275,0.37,,,129.36,0.53,6134.0,0.233,1.16,1.15,1.95
HD 208527 b,HD 208527,12.5,3146.4,8.85,0.08,,,875.5,2.1,4035.0,2.86322,51.1,1.6,2.0
HD 20868 b,HD 20868,13.7,397.2875,0.849,0.75,,,380.85001,0.95,4802.0,-0.529,0.76,0.39,4.5
HD 208897 b,HD 208897,13.7,379.48711796,0.811,0.02,,,358.27,1.063,4860.0,1.09,4.98,1.25,
HD 209458 b,HD 209458,15.58051,232.0159,0.362,0.0,1459.0,587.098,3.52474859,0.04707,6091.0,0.23086,1.19,1.23,3.1
HD 210193 b,HD 210193,14.3,153.1,0.288,0.24,,,649.918,1.487,5790.0,0.05578,1.05971,1.04,
HD 210277 b,HD 210277,13.6,410.0007,0.896,0.48,,,442.19,1.13,5538.0,-0.032,1.07,1.01,12.0
HD 210702 b,HD 210702,13.6,481.5100366,1.05,0.071,,,355.5,1.079,4912.0,1.03543,4.54,1.33,2.1
HD 211403 b,HD 211403,12.8,1760.76937478,4.61,0.084,380.0,3.44,223.8,0.768,6273.0,0.36406,1.206,1.2,
HD 211810 b,HD 211810,14.0,212.9461,0.426,0.68,,,1558.0,2.656,5652.0,0.07,1.13,1.03,
HD 211970 b,HD 211970,3.66,13.0,1.46,0.15,,,25.201,0.143,4127.0,-1.06479,0.574175,0.61,
HD 212301 b,HD 212301,14.2,162.0933,0.311,0.0,,,2.24571,0.03,6239.0,0.24304,1.16,1.55,1.0
HD 212771 b,HD 212771,13.3,759.6137,1.77,0.076,,,380.7,1.19,5003.0,1.18752,5.27,1.56,6.0
HD 213240 b,HD 213240,12.8,1655.88600047,4.34,0.42,,,882.70001,1.89,5979.0,0.42935,1.51,1.57,4.6
HD 213472 b,HD 213472,13.1,1112.3994245,2.72,0.53,,,17000.0,13.0,5729.54,0.28533,1.433902,1.048132,
HD 213519 b,HD 213519,2.99,9.2170238,1.89,0.413,,,11.12214,0.099,5840.0,0.0895,1.08287,1.05,
HD 213885 b,HD 213885,1.745,8.83,9.15,0.0,2128.0,1882.94,1.008035,0.02012,5978.0,0.13862,1.1011,1.068,3.8
HD 213885 c,HD 213885,4.71,19.95,1.05,0.0,1265.4,,4.78503,0.056798,5978.0,0.13862,1.1011,1.068,3.8
HD 21411 b,HD 21411,9.52,65.9,0.42,0.4,,,84.288,0.362,5605.0,-0.26595,0.825605,0.89,
HD 214823 b,HD 214823,12.1,5914.78665427,18.3,0.161,,,1854.84424,3.08,6215.0,0.63849,2.04,1.115,2.7
HD 215152 b,HD 215152,,565.41673605,,0.0,,,5.75999,0.057638,4935.0,-0.52254,0.73,0.77,
HD 215152 c,HD 215152,,468.79690033,,0.0,,,7.28243,0.067393,4935.0,-0.52254,0.73,0.77,
HD 215152 d,HD 215152,,770.41605857,,0.0,,,10.86499,0.08799,4935.0,-0.52254,0.73,0.77,
HD 215152 e,HD 215152,,975.41538108,,0.0,,,25.1967,0.15417,4935.0,-0.52254,0.73,0.77,
HD 21520 b,HD 21520,2.697,17.7,1.35,0.0,637.0,25.7431,25.1292,0.1726,5871.0,0.06595,1.044,1.09,5.3
HD 215497 b,HD 215497,,1588.82420659,,0.16,,,3.93404,0.05,5110.0,-0.41,0.85,0.67,5.8
HD 215497 c,HD 215497,13.0,111.23994245,0.278,0.47,,,566.0,1.31,5113.0,-0.41,0.85,0.92,5.8
HD 216435 b,HD 216435,13.7,400.4,0.856,0.07,,,1311.0,2.56,5999.0,0.55689,1.800029,1.3,3.0
HD 216437 b,HD 216437,13.0,1334.8793094,3.34,0.31,,,1359.0,2.57,5909.0,0.35,1.394,1.22,4.9
HD 216520 b,HD 216520,3.18,10.26,1.75,0.09,,,35.45,0.198,5103.0,-0.452,0.76,0.82,6.0
HD 216520 c,HD 216520,3.03,9.44,1.86,0.12,,,154.43,0.528,5103.0,-0.452,0.76,0.82,6.0
HD 216536 b,HD 216536,13.8,333.7215,0.698,0.38,,,148.60001,0.61,4639.0,1.8,9.83,0.81,3.8
HD 216770 b,HD 216770,14.1,181.1631,0.355,0.37,,,118.45,0.46,5399.0,-0.1,0.93,0.74,3.1
HD 21693 b,HD 21693,2.8,8.23,2.06,0.12,,,22.6786,0.1455,5430.0,-0.20761,0.914378,0.8,
HD 21693 c,HD 21693,4.34,17.37,1.17,0.07,,,53.7357,0.2586,5430.0,-0.20761,0.914378,0.8,
HD 217107 b,HD 217107,13.6,413.179,0.903,0.13,,,7.12682,0.08,5622.0,0.09754,1.11,1.0,5.84
HD 217107 c,HD 217107,12.9,1430.2278315,3.66,0.517,,,4270.0,5.32,5575.0,0.09754,1.19931,0.98,5.84
HD 21749 c,GJ 143,0.892,3.7,31.93,,701.0,144.765,7.78993,0.0695,4640.0,-0.6862,0.695,0.73,3.8
HD 217786 b,HD 217786,12.3,4402.55909376,13.0,0.311,,,1301.36009,2.446,5966.0,0.27646,1.27,1.14,7.6
HD 217786 c,HD 217786,2.61,7.31005336,2.26,0.399,,,2.52221,0.038,5966.0,0.27646,1.27,1.14,7.6
HD 217958 b,HD 217958,14.2,166.54208527,0.32,0.156,,,2560.19774,3.758,5930.64,0.29231,1.32619,1.08,
HD 218566 b,HD 218566,9.32,63.566,0.431,0.3,,,225.7,0.69,4730.0,-0.45223,0.85,0.76,8.5
HD 219077 b,HD 219077,12.5,3057.50927534,8.6,0.768,,,5478.68861,5.935,5362.0,0.425,1.91,0.92,8.9
HD 219134 b,HD 219134,1.602,4.74,6.34,0.0,1015.0,176.2,3.092926,0.03876,4699.0,-0.57741,0.778,0.81,11.0
HD 219134 c,HD 219134,1.511,4.36,6.95,0.062,782.0,62.1,6.76458,0.0653,4699.0,-0.57741,0.778,0.81,11.0
HD 219134 d,HD 219134,1.61,16.17,,0.138,410.5,4.72,46.859,0.237,4699.0,-0.57741,0.778,0.81,11.0
HD 219134 f,HD 219134,1.31,7.3,,0.148,522.6,12.38,22.717,0.1463,4699.0,-0.57741,0.778,0.81,11.0
HD 219134 g,HD 219134,3.28,10.80622,1.68,0.0,,,94.2,0.3753,4913.0,-0.50864,0.77,0.794,12.46
HD 219134 h,HD 219134,12.7,108.0622,0.29,0.06,,,2247.0,3.11,4913.0,-0.50864,0.77,0.794,12.46
HD 219139 b,HD 219139,14.0,247.90615746,0.496,0.11,,,275.5,0.94,4831.0,1.79463,11.22,1.46,
HD 219415 b,HD 219415,13.8,317.83,0.665,0.4,,,2093.3,3.2,4820.0,0.62,2.9,1.0,7.233
HD 219666 b,HD 219666,4.898,17.6,0.87,0.05,1076.0,64.2648,6.034468,0.06356,5540.0,-0.0278,1.059,1.02,10.0
HD 219828 b,HD 219828,4.59,19.06970442,1.08,0.091,,,3.83483,0.049,5891.0,0.42,1.56,1.04,5.69
HD 219828 c,HD 219828,12.2,5102.41724598,15.4,0.811,,,4789.87297,5.657,5891.0,0.42,1.56,1.04,5.69
HD 220074 b,HD 220074,12.2,5288.6912,16.0,0.14,,,672.09998,1.6,3787.0,2.89354,54.92,2.2,4.5
HD 220197 b,HD 220197,9.32,63.566,0.431,0.187,,,1728.0,2.729,5683.0,-0.00343,0.98,0.91,10.165
HD 220689 b,HD 220689,13.7,381.3940884,0.815,0.054,,,2266.4,3.396,5921.0,0.093,1.068,1.016,4.586
HD 220773 b,HD 220773,13.6,460.8,1.01,0.51,,,3724.7,4.94,5940.0,0.49796,1.679696,1.16,4.4
HD 220842 b,HD 220842,13.1,1010.6994,2.47,0.404,,,218.47,0.74,5960.0,0.35703,1.41647,1.13,
HD 221287 b,HD 221287,13.1,982.05,2.4,0.08,,,456.1,1.25,6304.0,0.22011,1.13864,1.25,1.3
HD 221416 b,HD 221416,9.17,60.5,0.431,0.115,789.15,91.6542,14.2767,0.1228,5080.0,0.71181,2.943,1.212,4.9
HD 221420 b,HD 221420,12.0,7278.2705203,23.1,0.14,,,10090.0,10.15,5847.0,0.60293,1.947,1.351,3.65
HD 221585 b,HD 221585,13.5,511.7063,1.14,0.123,,,1173.0,2.306,5620.0,0.4216,1.850575,1.19,6.2
HD 222076 b,HD 222076,13.5,495.8148,1.11,0.08,,,871.0,1.83,4806.0,0.92942,4.1,1.07,4.5
HD 222155 b,HD 222155,13.4,581.62598481,1.33,0.16,,,3999.0,5.14,5701.0,0.50892,1.85,1.21,8.2
HD 222237 b,HD 222237,12.8,1649.52943233,4.32,0.56,,,14892.0,10.8,4751.0,-0.66555,0.71,0.76,8.8
HD 222582 b,HD 222582,12.6,2660.2371,7.31,0.73,,,572.38,1.34,5790.0,0.11471,1.13,1.12,10.24
HD 224018 b,HD 224018,0.91,4.1,17.1,0.06,968.0,,10.6413,0.0952,5784.0,0.12385,1.147,1.013,7.0
HD 224018 c,HD 224018,2.42,10.4,4.0,0.02,641.0,,36.57669,0.217,5784.0,0.12385,1.147,1.013,7.0
HD 224018 d,HD 224018,2.4,4.2,1.7,0.04,411.0,,138.0731,0.53,5784.0,0.12385,1.147,1.013,7.0
HD 224538 b,HD 224538,12.7,2075.73732612,5.57,0.476,,,1202.05199,2.375,6097.0,0.46982,1.54,1.23,2.0
HD 224693 b,HD 224693,14.0,222.481,0.446,0.104,,,26.6904,0.191,5894.0,0.61,1.93,1.31,4.12
HD 22496 b,HD 22496,2.22,5.57,2.8,,573.0,26.0,5.09071,0.051,4385.0,-1.17393,0.674,0.684,
HD 22532 b,HD 22532,13.4,673.79622284,1.54,0.03,,,872.6,1.9,5038.0,1.27416,5.69,1.57,
HD 22781 b,HD 22781,12.3,4338.2,12.8,0.8191,,,528.07,1.167,5027.0,-0.47556,0.743475,0.75,4.8
HD 22946 d,HD 22946,2.607,26.57,10.8,,546.0,18.561,47.42489,0.2958,6169.0,0.20919,1.117,1.098,2.5
HD 23079 b,HD 23079,13.2,845.42356262,2.02,0.07348,,,735.74,1.6,5994.0,0.13033,1.08,1.16,2.6
HD 23079 c,HD 23079,2.8,8.26,2.07,0.097,,,5.748913,,5994.0,0.13033,1.08,1.16,2.6
HD 23127 b,HD 23127,13.5,485.32641,1.08,0.406,,,1211.17,2.37,5843.0,0.45175,1.49,1.208,4.508
HD 231701 b,HD 231701,13.7,359.1479,0.768,0.13,,,141.63,0.567,6101.0,0.47,1.53,1.21,3.43
HD 233604 b,HD 233604,12.7,2089.644,5.61,0.05,,,192.0,0.747,4791.0,1.75,10.9,1.5,2.4
HD 233832 b,HD 233832,13.5,565.7374,1.26,0.359,,,2058.0,2.827,4981.0,-0.52273,0.68,0.71,5.417
HD 23472 b,HD 23472,2.0,8.32,6.15,0.072,543.0,16.0,17.667087,0.1162,4684.0,-0.62525,0.71,0.67,
HD 23472 c,HD 23472,1.87,3.41,3.1,0.063,467.0,7.96,29.79749,0.1646,4684.0,-0.62525,0.71,0.67,
HD 23472 d,HD 23472,0.75,0.55,7.5,0.07,909.0,117.0,3.97664,0.04298,4684.0,-0.62525,0.71,0.67,
HD 23472 e,HD 23472,0.818,0.72,7.5,0.07,723.0,46.7,7.90754,0.068,4684.0,-0.62525,0.71,0.67,
HD 23472 f,HD 23472,1.137,0.77,3.0,0.07,630.0,26.3,12.1621839,0.0906,4684.0,-0.62525,0.71,0.67,
HD 235088 b,HD 235088,1.982,4.15,2.922216,0.0,805.0,70.0,7.4341325,0.0706,5075.0,-0.4437,0.772,0.849,0.7
HD 23596 b,HD 23596,12.4,3786.607641,10.9,0.282,,,1535.11912,2.694,6040.0,0.45821,1.53,1.1,5.68
HD 238090 b,HD 238090,2.52,6.89,2.37,0.3,469.6,8.1,13.671,0.0932,3933.0,-1.15366,0.57,0.578,
HD 238914 b,HD 238914,12.8,1906.98,5.0,0.56,,,4100.0,5.7,4769.0,1.85,12.73,1.47,
HD 240210 b,HD 240210,12.8,1655.82,4.34,0.15,,,501.75,1.16,4297.0,1.55,25.456816,0.82,5.085
HD 240237 b,HD 240237,12.2,5050.3187,15.3,0.4,,,745.70001,1.92,3926.0,2.49,71.23,8.76,4.42
HD 24040 b,HD 24040,12.9,1589.142035,4.07,0.04,,,3668.0,4.92,5802.0,0.27569,1.3,1.11,6.68
HD 24040 c,HD 24040,9.35,63.88350981,0.429,0.11,,,515.4,1.3,5776.49,0.27569,1.387296,1.10394,6.68
HD 24064 b,HD 24064,12.3,4096.8287,12.1,0.35,,,535.59998,1.29,4052.0,2.54628,40.0,1.61,9.0
HD 24085 b,HD 24085,3.46,11.8,1.57,0.22,,,2.0455,0.034,6034.0,0.37712,1.412551,1.22,
HD 25015 b,HD 25015,12.5,2884.92845034,8.12,0.341,,,6134.427,6.248,5160.0,-0.38416,0.83,0.86,4.0
HD 25171 b,HD 25171,13.9,290.81445,0.595,0.042,,,1802.29,2.971,6125.0,0.27646,1.23,1.076,4.802
HD 25463 b,HD 25463,2.54535814,8.7,2.87,0.0,1198.46,461.4,7.0491423,0.076,6353.0,0.47276,1.4182,1.251,2.3
HD 25463 c,HD 25463,1.36354953,4.3,9.09,0.0,1585.57,1413.5,3.04405,0.0443,6353.0,0.47276,1.4182,1.251,2.3
HD 25723 b,HD 25723,13.3,794.5710175,1.86,0.04,,,457.01,1.49,4766.0,1.94443,13.76,2.12,0.95
HD 25912 b,HD 25912,6.9,38.13940884,0.638,0.05,,,41.83156,0.242,5920.58,0.04058,0.995896,1.08,
HD 25912 c,HD 25912,12.2,5252.75008249,15.9,0.051,,,26308.65619,17.848,5920.58,0.04058,0.995896,1.08,
HD 260655 b,HD 260655,1.24,2.14,6.2,0.039,709.0,42.2,2.76953,0.02933,3803.0,-1.43997,0.439,0.439,5.0
HD 260655 c,HD 260655,1.533,3.09,4.7,0.038,557.0,16.1,5.70588,0.04749,3803.0,-1.43997,0.439,0.439,5.0
HD 26161 b,HD 26161,11.9,9045.39646322,29.5,0.922,,,10942.29013,10.087,6057.62,0.39304,1.455981,1.12,
HD 2638 b,HD 2638,14.3,133.4886,0.251,0.0,,,3.4442,0.04,5186.0,-0.33,0.94,0.77,3.0
HD 2685 b,HD 2685,16.14096,371.8611,0.486,0.091,2061.0,1436.49,4.12688,0.0568,6801.0,0.66839,1.56,1.43,1.31
HD 27442 b,HD 27442,13.5,495.8,1.11,0.06,,,428.1,1.271,4846.0,0.8509,3.18,1.23,10.0
HD 27631 b,HD 27631,13.5,495.81231492,1.11,0.141,,,2198.14,3.242,5737.0,-0.056,0.923,0.944,4.01
HD 27894 b,HD 27894,14.1,196.73578393,0.386,0.047,,,18.01939,0.125,4875.0,-0.449,0.891767,0.81,3.9
HD 27894 c,HD 27894,8.24,51.48846,0.506,0.015,,,36.07,0.198,4875.0,-0.449,0.891767,0.8,3.9
HD 27894 d,HD 27894,12.7,2063.65984665,5.54,0.343,,,5019.54244,5.362,4875.0,-0.449,0.891767,0.81,3.9
HD 27969 b,HD 27969,12.9,1525.5763536,3.91,0.182,261.0,0.76,654.5,1.552,5966.0,0.5282,1.27,1.16,
HD 28109 b,HD 28109,2.69,6.2,1.8,0.0071,867.0,98.7475,22.891054,0.1357,6189.0,0.43297,1.425,1.227,3.2
HD 28109 c,HD 28109,4.13,9.2,0.7,0.0039,643.0,29.9535,55.99712,0.308,6189.0,0.43297,1.425,1.227,3.2
HD 28109 d,HD 28109,3.11,5.8,1.1,0.0054,561.0,17.3745,84.2899,0.411,6189.0,0.43297,1.425,1.227,3.2
HD 28185 b,HD 28185,12.8,1859.29618095,4.87,0.063,,,385.92,1.034,5602.0,-0.01323,1.048,0.974,8.3
HD 28185 c,HD 28185,12.8,1906.970442,5.0,0.15,,,9090.0,8.5,5602.0,-0.01323,1.048,0.974,8.3
HD 28192 b,HD 28192,12.2,99.7981198,0.302,0.104,,,14.23283,0.118,5919.87,0.10347,1.07094,1.08,
HD 28254 b,HD 28254,13.0,1207.7479466,3.02,0.95,,,1333.0,2.45,5664.0,0.34,1.48,1.1,6.0
HD 284149 AB b,HD 284149 A,12.0,8352.53053596,26.6,,2395.0,,,431.16,6035.0,0.34242,1.36,1.13,0.025
HD 28471 b,HD 28471,1.75,3.72,3.81,0.195,1377.0,,3.1649,0.042,5766.0,0.06167,1.08,0.98,6.56
HD 28471 c,HD 28471,2.26,5.72,2.72,0.088,1066.0,,6.1245,0.065,5766.0,0.06167,1.08,0.98,6.56
HD 28471 d,HD 28471,2.06,4.91,3.09,0.093,945.0,,11.681,0.1,5766.0,0.06167,1.08,0.98,6.56
HD 285507 b,HD 285507,13.8,311.4734,0.651,0.09,,,6.0881,0.06,4503.0,-0.71932,0.69,0.82,0.625
HD 285968 b,HD 285968,2.83,8.4,2.04,0.0,450.0,,8.7836,0.066,3703.49,-1.658,0.478214,0.5,3.62
HD 28678 b,HD 28678,13.5,490.09386,1.09,0.149,,,380.2,1.18,4972.0,1.35984,6.48,1.53,1.8
HD 29021 b,HD 29021,12.9,1420.69297929,3.64,0.453,,,1365.0,2.294,5560.0,-0.18111,0.85,0.86,5.5
HD 290327 b,HD 290327,13.3,772.3269,1.8,0.08,,,2443.0,3.43,5505.0,-0.14,0.95,0.84,
HD 29399 b,HD 29399,13.5,498.99059899,1.11,0.05,,,892.7,1.913,4845.0,1.00173,4.5,1.17,6.2
HD 2952 b,HD 2952,13.9,284.77425267,0.583,0.269,,,312.08,1.117,4853.0,1.76782,10.9,1.91,
HD 29985 b,HD 29985,12.8,1739.47487151,4.56,0.261,,,20608.14049,13.39,4678.0,-0.84623,0.574666,0.75,
HD 30177 b,HD 30177,12.6,2670.71210402,7.34,0.207,,,2514.53422,3.604,5580.0,0.0835,1.019,0.98,2.525
HD 30177 c,HD 30177,12.7,1954.64470305,5.24,0.039,,,12085.45186,10.258,5580.0,0.0835,1.019,0.98,2.525
HD 30562 b,HD 30562,13.6,467.20775829,1.02,0.76,,,1157.0,2.34,5882.0,0.45,1.61,1.12,3.6
HD 30669 b,HD 30669,14.3,149.37,0.281,0.18,,,1684.0,2.69,5400.0,-0.14602,0.91,0.92,4.8
HD 30856 b,HD 30856,13.5,491.68301,1.1,0.061,,,847.0,1.85,4895.0,0.99564,4.4,1.17,3.8
HD 31253 b,HD 31253,14.1,197.0546,0.386,0.3,,,466.0,1.26,6130.0,0.51667,1.75,1.7,3.0
HD 31527 b,HD 31527,3.22,10.47,1.72,0.1,,,16.5535,0.1254,5898.0,0.07918,1.073694,0.96,
HD 31527 c,HD 31527,3.85,14.16,1.36,0.04,,,51.2053,0.2663,5898.0,0.07918,1.073694,0.96,
HD 31527 d,HD 31527,3.46,11.82,1.57,0.24,,,271.6737,0.8098,5898.0,0.07918,1.073694,0.96,
HD 3167 b,HD 3167,1.67,4.97,5.6,0.0,1774.0,1650.0,0.959641,0.01796,5261.0,-0.27003,0.88,0.837,7.8
HD 3167 c,HD 3167,3.0,11.13,2.11,0.06,564.0,16.9,29.8454,0.1776,5261.0,-0.27003,0.88,0.837,7.8
HD 3167 d,HD 3167,1.92,4.33,3.36,0.12,859.5,88.9,8.4112,0.0763,5261.0,-0.27003,0.88,0.837,7.8
HD 3167 e,HD 3167,2.83,8.41,2.04,0.15,374.8,,96.63,0.3885,5261.0,-0.27003,0.88,0.837,7.8
HD 32518 b,HD 32518,13.2,905.49313154,2.16,0.028,,,157.35,0.594,4580.0,1.66577,10.22,1.13,5.83
HD 32963 b,HD 32963,13.4,657.90480249,1.5,0.07,,,2372.0,3.41,5727.0,0.06398,1.111044,0.94,4.99
HD 330075 b,HD 330075,14.3,152.5584,0.287,0.0,990.0,,3.38773,0.04,5000.0,-0.33,0.84,0.47,6.2
HD 331093 b,HD 331093,13.6,476.7426105,1.04,0.59,,,621.62,1.44,5544.0,0.00646,1.1112,1.03,
HD 33142 b,HD 33142,13.7,400.46379282,0.856,0.049,,,330.0,1.074,5025.4,1.00043,4.17,1.52,2.72
HD 33142 c,HD 33142,13.9,282.86728223,0.579,0.081,,,810.2,1.955,5025.4,1.00043,4.17,1.52,2.72
HD 33142 d,HD 33142,9.32,63.5656814,0.431,0.191,,,89.9,0.452,5025.4,1.00043,4.17,1.52,2.72
HD 332231 b,HD 332231,9.07303305,74.1,0.55,0.0,798.3,98.09,18.712024,0.145,6128.0,0.30792,1.266,1.1642,2.9
HD 33283 b,HD 33283,12.5,104.56607,0.294,0.399,,,18.1991,0.1508,5935.0,0.64,1.97,1.38,3.63
HD 33564 b,HD 33564,12.5,2892.1,8.14,0.34,,,388.0,1.1,6250.0,0.53504,1.4367,1.25,3.0
HD 33844 b,HD 33844,13.4,638.8383,1.46,0.15,,,551.40002,1.6,4861.0,1.17,5.39,1.84,2.42
HD 33844 c,HD 33844,13.5,556.2025,1.24,0.13,,,916.0,2.24,4861.0,1.14922,5.29,1.78,1.88
HD 34445 b,HD 34445,13.9,260.6206,0.533,0.27,,,1049.0,2.07,5879.0,0.3032,1.38,1.14,8.5
HD 34445 c,HD 34445,8.42,53.5,0.492,0.036,,,214.67,0.7181,5836.0,0.3032,1.38,1.07,8.5
HD 34445 d,HD 34445,6.07,30.7,0.754,0.027,,,117.87,0.4817,5836.0,0.3032,1.38,1.07,8.5
HD 34445 e,HD 34445,4.26,16.8,1.19,0.09,,,49.175,0.2687,5836.0,0.3032,1.38,1.07,8.5
HD 34445 f,HD 34445,6.88,37.9,0.64,0.031,,,676.8,1.543,5836.0,0.3032,1.38,1.07,8.5
HD 34445 g,HD 34445,13.6,120.6,0.263,0.032,,,5700.0,6.36,5836.0,0.3032,1.38,1.07,8.5
HD 35759 b,HD 35759,13.0,1195.0408,2.99,0.389,,,82.467,0.389,6060.0,0.53724,1.759974,1.15,
HD 35843 b,HD 35843,2.29,5.84,2.67,0.0,,,9.8991,0.088,5666.0,-0.12494,0.897,0.94,2.5
HD 35843 c,HD 35843,2.54,11.32,3.8,0.153,479.0,11.3814,46.9622,0.25,5666.0,-0.12494,0.897,0.94,2.5
HD 360 b,HD 360,14.0,238.37130525,0.477,0.139,,,273.1,0.98,4770.0,1.74162,10.86,1.69,
HD 36384 b,HD 36384,12.7,2097.6674862,5.63,0.2,,,490.0,1.3,3940.0,2.58915,38.4,1.14,0.113
HD 3651 b,HD 3651,10.1,72.46524,0.386,0.645,,,62.25,0.295,5221.0,-0.27415,0.871954,0.799,3.0
HD 37124 b,HD 37124,14.0,214.53525,0.43,0.054,,,154.378,0.53364,5698.64,-0.11224,0.949168,0.85,4.0
HD 37124 c,HD 37124,14.1,207.22516,0.406,0.125,,,885.5,1.71,5698.64,-0.11224,0.949168,0.85,4.0
HD 37124 d,HD 37124,14.0,221.20968,0.443,0.16,,,1862.0,2.807,5698.64,-0.11224,0.949168,0.85,4.0
HD 37605 b,HD 37605,13.2,854.9627,2.04,0.6745,,,55.01292,0.277,5329.0,-0.22,0.91,0.94,5.65
HD 37605 c,HD 37605,13.1,1013.8777,2.48,0.03,,,2720.0,3.74,5329.0,-0.22,0.91,0.94,5.65
HD 3765 b,HD 3765,8.56,54.98431441,0.482,0.298,,,1211.0,2.108,5049.8,-0.41634,0.83061,0.851785,2.0
HD 38283 b,HD 38283,14.0,127.132,0.255,0.41,,,363.20001,1.02,5981.0,0.41069,1.49,1.37,6.2
HD 38529 b,HD 38529,14.1,206.58846455,0.405,0.256,,,14.3099,0.115,5697.0,0.8342,2.857838,0.98,4.5
HD 38529 c,HD 38529,12.5,3299.05886466,9.28,0.357,,,2127.60566,3.226,5697.0,0.8342,2.857838,0.98,4.5
HD 38801 b,HD 38801,12.5,3082.31534,8.67,0.017,,,685.25,1.623,5338.0,0.65896,2.029,1.207,6.072
HD 39091 b,HD 39091,12.3,4481.3805387,13.2,0.642,,,2088.8,3.28,5998.0,0.15957,1.17,1.07,3.92
HD 39194 b,HD 39194,1.83,4.0,3.59,0.207,,,5.6368,0.056,5205.0,-0.40894,0.783742,0.67,10.0
HD 39194 c,HD 39194,2.39,6.3,2.54,0.154,,,14.03,0.103,5205.0,-0.40894,0.783742,0.67,10.0
HD 39194 d,HD 39194,1.83,4.0,3.59,0.333,,,33.91,0.185,5205.0,-0.40894,0.783742,0.67,10.0
HD 39855 b,HD 39855,2.85,8.5,2.02,0.14,,,3.2498,0.041,5576.0,-0.31625,0.744665,0.87,
HD 40307 b,HD 40307,,1188.99607059,,0.2,910.0,,4.3123,0.0468,4956.0,-0.639,0.716684,0.77,4.5
HD 40307 c,HD 40307,,1868.51320475,,0.06,696.0,,9.6184,0.0799,4956.0,-0.639,0.716684,0.77,4.5
HD 40307 d,HD 40307,,1775.3894815,,0.07,541.0,,20.432,0.1321,4956.0,-0.639,0.716684,0.77,4.5
HD 40307 f,HD 40307,2.13,5.2,2.96,0.02,398.0,,51.76,0.247,4956.0,-0.639,0.716684,0.77,4.5
HD 40307 g,HD 40307,2.56,7.1,2.33,0.29,255.0,,197.8,0.6,4956.0,-0.639,0.716684,0.77,4.5
HD 40956 b,HD 40956,13.2,858.141,2.05,0.24,,,578.6,1.4,4869.0,1.66436,8.56,2.0,1.35
HD 40979 b,HD 40979,12.9,1484.2661,3.8,0.25,,,264.14999,0.85,6165.0,0.29056,1.21,1.45,3.56
HD 41004 A b,HD 41004 A,13.2,807.25,1.93,0.74,,,963.0,,5310.0,-0.293,0.85,0.95,0.22
HD 41004 B b,HD 41004 B,12.1,5838.29,18.1,0.081,,,1.3283,,5036.0,-0.20175,1.04137,0.4,
HD 4113 b,HD 4113,13.5,541.26177712,1.21,0.899,,,526.5239,1.28,5688.0,0.086,1.077514,1.008,5.0
HD 42012 b,HD 42012,13.5,508.528,1.14,0.2,,,857.5,1.67,5405.0,-0.26975,0.82,0.83,4.1
HD 4203 b,HD 4203,13.3,708.7609,1.66,0.52,,,431.88,1.17,5596.0,0.29285,1.42,1.25,8.52
HD 4203 c,HD 4203,13.3,689.66,1.61,0.24,,,6700.0,6.95,5582.0,0.29285,1.49795,0.99,8.52
HD 4208 b,HD 4208,13.9,257.4423,0.527,0.042,,,832.97,1.662,5717.0,-0.09961,0.846,0.883,3.813
HD 42618 b,HD 42618,3.89,14.4,1.34,0.19,337.0,3.16,149.61,0.554,5727.0,-0.00877,0.999,1.015,3.72
HD 4308 b,HD 4308,4.12,15.8915,1.25,0.0,,,15.56,0.12,5686.0,-0.004,1.02,0.93,4.3
HD 4313 b,HD 4313,13.4,612.45841,1.4,0.147,,,356.21,1.157,4943.0,1.14922,5.14,1.63,2.0
HD 43197 b,HD 43197,14.2,175.75910907,0.337,0.742,,,308.92072,0.882,5508.0,-0.137,1.0,0.96,
HD 43197 c,HD 43197,12.6,2500.67390628,6.87,0.149,,,9295.9735,8.54,5508.0,-0.137,1.0,0.96,
HD 43691 b,HD 43691,13.2,810.4665,1.94,0.0796,,,36.9987,0.238,6093.0,0.5,1.6,1.32,2.39
HD 44219 b,HD 44219,14.1,184.34047606,0.361,0.41,,,472.0,1.26,5752.0,0.26,1.32,1.2,8.4
HD 45184 b,HD 45184,3.52,12.19,1.54,0.07,,,5.8854,0.0644,5869.0,0.05308,1.075139,1.03,6.8
HD 45184 c,HD 45184,2.91,8.81,1.96,0.07,,,13.1354,0.11,5869.0,0.05308,1.075139,1.03,6.8
HD 45350 b,HD 45350,13.5,568.89,1.27,0.778,,,963.6,1.92,5566.0,0.14065,1.26442,0.98,8.0
HD 45364 b,HD 45364,9.03,60.16491745,0.449,0.067,,,225.79,0.6793,5466.0,-0.19586,0.89,0.82,
HD 45364 c,HD 45364,14.2,174.48779544,0.335,0.019,,,345.43,0.902,5466.0,-0.19586,0.89,0.82,
HD 45652 b,HD 45652,14.3,137.62039,0.259,0.607,,,44.073,0.237,5294.0,-0.2,0.94,0.92,8.4
HD 457 b,HD 457,11.9,8445.3364308,27.5,0.565,,,20324.58153,15.369,6114.04,0.31574,1.28194,1.15,
HD 46375 b,HD 46375,10.0,71.8,0.395,0.063,,,3.023573,0.0398,5285.0,-0.24502,0.914196,0.92,9.0
HD 47186 b,HD 47186,5.02,22.2481,0.966,0.04,,,4.0845,0.05,5657.0,0.04298,1.08,0.96,6.5
HD 47186 c,HD 47186,13.0,111.42,0.279,0.249,,,1353.6,2.395,5657.0,0.04298,1.08,0.96,6.5
HD 4732 b,HD 4732,13.4,631.2072163,1.44,0.266,,,371.74,1.129,4898.0,1.11826,5.03,1.39,1.47
HD 4732 c,HD 4732,13.1,1069.49258955,2.61,0.187,,,3184.2,4.725,4898.0,1.11826,5.03,1.39,1.47
HD 47366 b,HD 47366,13.4,661.71874337,1.51,0.071,,,360.08,1.207,4866.0,1.41664,7.3,1.81,1.61
HD 47366 c,HD 47366,13.5,483.73483545,1.08,0.161,,,677.53,1.84,4866.0,1.41664,7.3,1.81,1.61
HD 47536 b,HD 47536,12.6,2330.0,6.4,0.2,,,712.13,1.93,4380.0,2.24845,23.47,2.1,10.15
HD 4760 b,HD 4760,12.3,4417.837,13.0,0.23,,,434.0,1.14,4076.0,2.93,42.4,1.05,
HD 48265 b,HD 48265,13.5,484.69075,1.08,0.211,,,778.51,1.814,5733.0,0.58433,1.901,1.312,4.201
HD 48948 b,HD 48948,2.06,4.88,3.07,0.055,957.0,138.85,7.34013,0.0652,4593.0,-0.78885,0.679,0.686,11.48
HD 48948 c,HD 48948,2.6,7.27,2.27,0.55,553.0,15.5,38.06,0.1951,4593.0,-0.78885,0.679,0.686,11.48
HD 48948 d,HD 48948,3.24,10.59,1.71,0.055,349.0,2.46,151.92,0.4894,4593.0,-0.78885,0.679,0.686,11.48
HD 4917 b,HD 4917,13.5,513.29545,1.15,0.066,,,400.5,1.167,4802.0,1.45591,5.01,1.32,
HD 49674 b,HD 49674,6.2,31.783,0.733,0.09,,,4.94737,0.06,5602.0,-0.02162,1.02,1.03,3.62
HD 50499 b,HD 50499,13.5,519.96988,1.16,0.266,,,2447.1,3.833,6102.0,0.37632,1.351,1.253,2.391
HD 50499 c,HD 50499,13.2,931.2419,2.22,0.0,,,8619.9,9.02,6099.0,0.37632,1.42,1.31,2.4
HD 50554 b,HD 50554,12.8,1859.29618095,4.87,0.501,,,1293.0,2.353,5987.0,0.143,1.02,1.04,2.16
HD 51608 b,HD 51608,3.62,12.77,1.48,0.09,,,14.0726,0.1059,5358.0,-0.24413,0.916136,0.8,
HD 51608 c,HD 51608,3.87,14.31,1.36,0.14,,,95.9446,0.3809,5358.0,-0.24413,0.916136,0.8,
HD 52265 b,HD 52265,13.7,384.5743,0.822,0.27,405.0,,119.27,0.52,6136.0,0.297,1.32,1.204,3.5
HD 5278 b,HD 5278,2.45,7.8,2.9,0.08,943.0,132.0,14.339156,0.1202,6203.0,0.28035,1.194,1.126,3.0
HD 5278 c,HD 5278,4.49,18.4,1.12,0.07,,,40.87,0.2416,6203.0,0.28035,1.194,1.126,3.0
HD 5319 b,HD 5319,13.5,494.54348,1.1,0.092,,,637.1,1.57,4871.0,0.908,4.06,1.27,3.1
HD 5319 c,HD 5319,13.8,334.67499,0.7,0.183,,,872.2,1.93,4871.0,0.908,4.06,1.27,3.1
HD 55696 b,HD 55696,12.9,1357.12729789,3.47,0.705,,,1827.0,3.18,6012.0,0.43,1.52,1.29,2.64
HD 5583 b,HD 5583,12.8,1837.0574,4.81,0.076,,,139.35,0.53,4830.0,1.61,9.09,1.01,7.41
HD 5608 b,HD 5608,13.7,371.22357938,0.793,0.11,,,768.7,1.79,4807.0,1.15473,5.43,1.29,1.72
HD 564 b,HD 564,12.5,104.88,0.295,0.096,,,492.3,1.2,5902.0,0.01893,1.01,0.961,5.5
HD 56414 b,HD 56414,3.71,13.3,1.43,0.68,1133.0,257.066,29.04992,0.229,8500.0,1.15806,1.751,1.89,0.42
HD 56957 b,HD 56957,12.8,1880.90851263,4.93,0.273,,,5859.08992,6.426,5743.0,0.49108,1.77793,1.03,
HD 5891 b,HD 5891,12.6,2425.0429,6.66,0.07,,,177.11,0.64,4673.0,1.5955,10.64,1.93,1.5
HD 59686 A b,HD 59686 A,12.7,2199.3836,5.9,0.05,,,299.36,1.086,4658.0,1.82166,13.2,1.9,1.73
HD 60292 b,HD 60292,12.7,2065.895,5.54,0.27,,,495.4,1.5,4348.0,2.3941,27.0,1.7,1.8
HD 60532 b,HD 60532,13.8,336.8998,0.704,0.26,,,201.9,0.77,6245.0,1.00089,2.57,1.5,2.8
HD 60532 c,HD 60532,13.3,797.7533,1.86,0.03,,,600.1,1.6,6245.0,1.00089,2.57,1.5,2.8
HD 6061 b,HD 6061,2.42763557,10.0,3.82,0.0,1075.31,339.1,5.2549,0.06,5934.0,0.05538,1.0072,1.0269,2.4
HD 62364 b,HD 62364,12.1,5965.63919939,18.5,0.607,,0.072,5138.0,6.15,6255.0,0.43297,1.401,1.157,3.901
HD 62364 c,HD 62364,12.0,7923.46218651,25.2,0.773,,,74839.94555,36.984,6255.0,0.43297,1.401,1.19,3.901
HD 62509 b,HD 62509,13.3,731.0,1.71,0.02,,,589.64,1.64,4892.63,1.612,8.9,2.0,0.98
HD 62549 b,HD 62549,12.6,2707.58019923,7.44,0.15,,,14306.88519,11.842,5930.46,0.22846,1.23227,1.08,
HD 63433 b,HD 63433,2.14,21.755,12.998,0.24,967.11,145.5707,7.1079475,0.072,5553.0,-0.1261,0.934,0.956,0.414
HD 63433 c,HD 63433,2.692,15.539,4.63,0.21,678.92,35.3582,20.5438281,0.146,5553.0,-0.1261,0.934,0.956,0.414
HD 63433 d,HD 63433,1.073,1.25,5.56,0.16,1040.0,,4.209075,0.0503,5688.0,-0.12494,0.912,0.99,0.414
HD 63454 b,HD 63454,12.31,79.4575,0.234,0.0,,,2.81805,0.04,4812.0,-0.592,0.77,0.42,1.0
HD 63765 b,HD 63765,14.2,168.4499,0.323,0.24,,,358.0,0.94,5449.0,-0.25647,0.83,0.65,4.77
HD 63935 b,HD 63935,2.91575244,10.5,2.32,0.0,825.22,115.6,9.058807,0.083,5513.0,-0.11464,0.9598,0.9406,6.6
HD 63935 c,HD 63935,3.06451296,11.1,2.11,0.0,619.59,36.7,21.4027,0.148,5513.0,-0.11464,0.9598,0.9406,6.6
HD 64114 b,HD 64114,4.41,17.8,1.14,0.12,,,45.791,0.246,5676.0,-0.13735,0.882858,0.95,
HD 64121 b,HD 64121,13.2,813.64072192,1.94,0.11,,,623.0,1.51,5078.0,1.24797,5.44,1.64,
HD 6434 b,HD 6434,14.2,155.7367,0.299,0.17,,,21.998,0.14,5769.0,0.05,1.12,1.1,11.27
HD 65216 b,HD 65216,13.6,411.58985,0.899,0.27,,,577.6,1.301,5612.0,-0.1498,0.88,0.874,4.0
HD 65216 c,HD 65216,13.4,645.1949,1.47,0.17,,,5370.0,5.75,5612.0,-0.1498,0.88,0.874,4.0
HD 66141 b,HD 66141,12.8,1906.9,5.0,0.07,,,480.5,1.2,4323.0,2.24,21.4,1.1,6.84
HD 66428 b,HD 66428,12.4,3478.94974302,10.0,0.471,,,2269.81726,3.395,5716.0,0.09579,1.13,1.01,3.515
HD 66428 c,HD 66428,13.5,560.64930995,1.25,0.207,,,10478.84437,9.408,5716.0,0.09579,1.13,1.01,3.515
HD 67087 b,HD 67087,13.1,973.0,2.38,0.17,,,352.2,1.08,6330.0,0.54,1.55,1.36,1.45
HD 67087 c,HD 67087,12.9,1540.0,3.94,0.76,,,2374.0,3.86,6330.0,0.54,1.55,1.36,1.45
HD 68402 b,HD 68402,12.6,2510.8444153,6.9,0.03,,,1103.0,2.18,5950.0,0.06819,1.02,1.12,2.0
HD 6860 b,HD 6860,11.9,8981.83078182,29.3,0.28,,,663.87,2.03,3802.0,3.22398,86.4,2.49,
HD 68988 b,HD 68988,13.4,626.1251,1.43,0.12,,,6.27711,0.07,5932.0,0.22184,1.19,1.28,6.0
HD 68988 c,HD 68988,12.2,4776.96095721,14.5,0.45,,,16000.0,13.2,5883.41,0.22184,1.255733,1.171665,6.0
HD 69123 b,HD 69123,13.1,982.08977763,2.4,0.19,,,1193.3,2.482,4842.0,1.46997,7.72,1.68,
HD 69830 b,HD 69830,3.17,10.2,1.76,0.1,,,8.667,0.0785,5385.0,-0.22,0.886947,0.86,7.0
HD 69830 c,HD 69830,3.46,11.8,1.57,0.13,,,31.56,0.186,5385.0,-0.22,0.886947,0.86,7.0
HD 69830 d,HD 69830,4.45,18.1,1.13,0.07,,,197.0,0.63,5385.0,-0.22,0.886947,0.86,7.0
HD 70573 b,HD 70573,12.8,1900.0,4.98,0.4,,,851.8,1.76,5737.0,-0.00083,0.976919,1.0,0.102
HD 70642 b,HD 70642,13.0,1239.5307873,3.1,0.175,,,2124.54,3.318,5732.0,0.01204,0.984,1.078,0.919
HD 7199 b,HD 7199,,3639.13526015,,0.19,,,615.0,1.36,5371.0,-0.1549,0.97,0.77,6.79
HD 72490 b,HD 72490,13.5,561.92344,1.26,0.124,,,858.0,1.88,4934.0,1.09107,4.96,1.21,
HD 72659 b,HD 72659,13.2,949.67128012,2.27,0.2393,,,3549.0,4.607,5929.0,0.37397,1.36,1.033,8.0
HD 72659 c,HD 72659,12.1,6165.8710958,19.1,0.114,,,35500.0,21.5,5929.0,0.37397,1.36,1.033,8.0
HD 72892 b,HD 72892,12.8,1737.88572948,4.55,0.419,,,39.44603,0.228,5688.0,0.14613,1.22,1.01,8.0
HD 73256 c,HD 73256,12.2,5085.254512,15.4,0.16,,,2690.0,3.8,5570.0,-0.13198,0.944723,1.0,2.2
HD 73267 b,HD 73267,13.0,1321.53051631,3.31,0.261,,,1257.99159,2.229,5387.0,-0.106,0.909,0.93,8.14
HD 73267 c,HD 73267,12.8,1630.77755632,4.27,0.089,,,17071.78045,12.688,5387.0,-0.106,0.909,0.93,8.14
HD 73344 b,HD 73344,2.884,10.48,2.451,0.03,911.0,111.9729,15.611,0.131,6252.6,0.26184,1.22,1.2,1.15
HD 73344 c,HD 73344,13.5,118.54999581,0.265,0.124,,,65.94,0.3388,6148.0,0.26184,1.22,1.19,1.15
HD 73344 d,HD 73344,13.2,810.46243785,1.94,0.18,,,5823.0,6.7,6148.0,0.26184,1.22,1.19,1.15
HD 73526 b,HD 73526,13.1,978.9164,2.39,0.19,,,188.3,0.65,5601.0,0.33788,1.53,1.14,9.2
HD 73526 c,HD 73526,13.3,715.09,1.67,0.28,,,379.1,1.03,5601.0,0.33788,1.53,1.014,9.2
HD 73534 b,HD 73534,13.7,353.42696,0.755,0.126,,,1750.0,2.99,4917.0,0.522,2.58,1.16,7.04
HD 73583 b,HD 73583,2.79,10.2,2.58,0.09,714.0,43.3,6.398042,0.0604,4511.0,-0.74425,0.65,0.73,0.48
HD 73583 c,HD 73583,2.39,9.7,3.88,0.08,498.0,10.2,18.87974,0.1242,4511.0,-0.74425,0.65,0.73,0.48
HD 74156 b,HD 74156,13.5,532.36258173,1.19,0.636,,,51.63564,0.28,6068.0,0.40075,1.510576,1.1,3.7
HD 74156 c,HD 74156,12.5,2753.98314665,7.75,0.377,,,2448.48726,3.678,6068.0,0.40075,1.510576,1.1,3.7
HD 7449 b,HD 7449,12.6,2597.92939882,7.14,0.752,,,1270.55195,2.438,6024.0,0.10138,0.97,1.196,2.1
HD 74698 b,HD 74698,5.12,23.0,0.942,0.1,,123.0,15.017,0.121,5783.0,0.25285,1.333,1.039,7.847
HD 74698 c,HD 74698,14.0,126.0,0.252,0.2,,0.088,3449.0,4.5,5783.0,0.25285,1.333,1.039,7.847
HD 75289 b,HD 75289,14.2,155.7367,0.299,0.03,1260.0,,3.50927,0.05,6117.0,0.31247,1.23,1.29,5.6
HD 75302 b,HD 75302,12.8,1716.2733978,4.5,0.39,,,4356.0,5.3,5697.46,-0.07549,0.940904,1.06,2.1
HD 75784 b,HD 75784,13.8,317.83,0.665,0.097,,,341.2,1.032,4867.0,0.756,3.4,1.26,4.0
HD 75784 c,HD 75784,12.8,1792.5612,4.7,0.489,,,7900.0,8.4,4867.0,0.756,3.4,1.26,4.0
HD 75898 b,HD 75898,13.2,810.46243785,1.94,0.105,,,422.82,1.2025,6122.0,0.46,1.55,1.295,3.2
HD 75898 c,HD 75898,12.6,2698.36317543,7.41,0.08,,,6717.0,7.39,6122.0,0.46,1.55,1.295,3.2
HD 76700 b,HD 76700,9.6,66.7443,0.415,0.09,,,3.97097,0.05,5644.0,0.25719,1.37,0.99,11.0
HD 76920 b,HD 76920,13.1,994.80291391,2.43,0.8782,,,415.891,1.091,4664.0,1.46982,8.33,1.0,5.2
HD 77338 b,HD 77338,4.12,15.9,1.25,0.09,,,5.7361,0.06,5341.0,-0.2596,0.97,1.37,
HD 77946 b,HD 77946,2.89646124,10.9,2.44,0.211,1128.86,413.1008,6.527363,0.073,6007.0,0.30878,1.3174,1.1973,3.1
HD 79181 b,HD 79181,14.1,203.41018048,0.399,0.259,,,273.1,0.9,4862.0,1.78965,11.06,1.28,
HD 7924 b,HD 7924,,2058.25676373,,0.06,825.9,113.7,5.39792,0.06,5131.0,-0.40636,0.78,0.65,0.88
HD 7924 c,HD 7924,,1762.67634522,,0.098,583.6,28.35,15.299,0.1134,5075.0,-0.40636,0.7821,0.832,0.88
HD 7924 d,HD 7924,,1568.16536014,,0.21,499.0,15.17,24.451,0.1551,5075.0,-0.40636,0.7821,0.832,0.88
HD 79498 b,HD 79498,13.6,425.8922,0.93,0.575,,,1807.0,2.98,5748.0,0.03,1.05,1.08,2.71
HD 80606 b,HD 80606,11.56766808,1323.46926959,5.08,0.93183,405.0,,111.436765,0.4603,5565.0,-0.00237,1.05,1.05,5.9
HD 80653 b,HD 80653,1.613,5.72,7.47,0.0,2463.0,6130.0,0.719573,0.01661,5959.0,0.24,1.22,1.18,2.67
HD 80869 b,HD 80869,12.8,1609.80088146,4.22,0.924,203.2,0.142,1752.92067,2.905,5837.0,0.39977,1.062,1.06,
HD 80883 b,HD 80883,12.8,1748.0562385,4.58,0.203,,,6383.78352,6.462,5177.91,-0.36654,0.814842,0.88,
HD 80913 b,HD 80913,12.0,7505.2000029,23.9,0.313,,,10839.83341,9.95,6013.24,0.50831,1.6542,1.11,
HD 81040 b,HD 81040,12.6,2301.07766668,6.32,0.525,,,1002.7,1.946,5755.0,-0.07676,0.91,0.99,1.79
HD 81688 b,HD 81688,13.5,525.68818518,1.17,0.04,,,183.93,0.648,4797.0,1.78032,11.13,1.07,1.48
HD 81817 b,HD 81817,12.0,7668.5638041,24.4,0.097,,,1021.20159,3.233,4140.0,3.26076,83.8,4.3,0.15
HD 81817 c,HD 81817,12.0,7185.78245386,22.9,0.095,,,622.97802,2.325,4140.0,3.26076,83.8,4.3,0.15
HD 82886 b,HD 82886,13.3,740.5439,1.73,0.07,,,705.0,1.58,4953.0,1.14301,5.26,2.53,7.0
HD 82943 b,HD 82943,13.5,534.25,1.19,0.162,,,441.47,1.18306,5935.0,0.19405,1.1826,1.08,2.35
HD 82943 c,HD 82943,13.4,622.603,1.42,0.3663,,,220.078,0.74345,5935.0,0.19405,1.1826,1.08,2.35
HD 8326 b,HD 8326,9.58,66.6,0.416,0.2,,,158.991,0.533,4914.0,-0.49184,0.783181,0.8,
HD 83443 b,HD 83443,14.1,127.76701961,0.25,0.012,,,2.985628,0.0406,5442.0,-0.10403,0.94,1.0,2.64
HD 83443 c,HD 83443,13.6,476.7426105,1.04,0.76,,,8241.0,8.0,5442.0,-0.10403,0.94,1.0,2.64
HD 8535 b,HD 8535,14.0,216.1244,0.433,0.15,,,1313.0,2.45,6136.0,0.33266,1.19,1.13,
HD 85390 b,HD 85390,6.16,31.46517,0.74,0.5,,,799.52,1.373,5186.0,-0.36653,0.8,0.758,7.2
HD 85426 c,TOI-1774,3.19,10.3,1.74,0.06,640.0,,35.73,,5746.0,0.10143,1.1303,0.991,7.4
HD 8574 b,HD 8574,13.4,645.1949,1.47,0.3,,,227.0,0.76,6064.0,0.37649,1.38,1.34,5.6
HD 86065 b,HD 86065,12.5,2877.30056857,8.1,0.219,,,25775.78859,15.947,4927.56,-0.4902,0.780347,0.81,
HD 86081 b,HD 86081,13.6,470.3884,1.03,0.0119,,,2.1378431,0.0346,5939.0,0.38,1.46,1.21,3.61
HD 86226 b,HD 86226,14.3,143.0235,0.269,0.059,176.0,,1628.0,2.73,5863.0,0.07188,1.053,1.019,4.6
HD 86226 c,HD 86226,2.16,7.25,3.97,0.075,1311.0,647.901,3.98442,0.049,5863.0,0.07188,1.053,1.019,4.6
HD 86264 b,HD 86264,12.5,3117.26101586,8.77,0.821,,,1488.79123,2.763,6210.0,0.66,1.88,1.26,2.24
HD 86728 b,HD 86728,3.03,9.43,1.86,0.067,,,31.1515,0.1916,5610.0,0.13513,1.237,0.967,9.52
HD 8673 b,HD 8673,12.3,4210.59073594,12.4,0.73,,,1644.69097,2.97,6389.05,0.52992,1.50225,1.28,
HD 86950 b,HD 86950,13.0,1144.188,2.86,0.17,,,1270.0,2.72,4805.0,1.55991,8.8,1.66,
HD 87646 b,HD 87646,12.4,3941.092,11.4,0.05,,,13.481,0.117,5770.0,0.95972,1.55,1.12,
HD 87816 b,HD 87816,12.7,2142.16346318,5.75,0.78,,,484.17,1.618,4989.0,1.65514,9.0,2.41,
HD 87816 c,HD 87816,12.4,3877.5065654,11.2,0.19,,,7596.0,10.14,4989.0,1.65514,9.0,2.41,
HD 87883 b,HD 87883,12.7,2005.49724817,5.38,0.72,,,3006.0,3.77,4980.0,-0.47108,0.798557,0.8,7.6
HD 88072 b,HD 88072,12.6,2511.79790052,6.9,0.156,,,18538.79293,13.895,5785.33,0.03137,1.032,1.04,
HD 88133 b,HD 88133,13.8,324.1866,0.678,0.031,,,3.414884,0.0479,5392.0,0.49678,2.2,1.26,5.37
HD 88986 b,HD 88986,2.49,17.2,6.1,0.24,460.0,,146.05,0.58,5861.0,0.3934,1.543,1.25,7.9
HD 89307 b,HD 89307,13.4,642.01338214,1.47,0.2,,,2166.0,3.27,5955.0,0.13131,1.1,1.27,2.31
HD 89345 b,HD 89345,7.39794,34.9613,0.471,0.22,1089.0,275.6427,11.8143,0.1066,5576.0,0.42488,1.747,1.157,7.53
HD 89744 b,HD 89744,12.6,2653.8805,7.29,0.677,,,256.78,0.917,6291.0,0.79579,2.13257,1.86,1.88
HD 89839 b,HD 89839,12.9,1592.32031907,4.08,0.187,,,3441.0,4.761,6314.0,0.37479,1.28588,1.21,1.6
HD 90156 b,HD 90156,4.43,17.98,1.14,0.31,,,49.77,0.25,5599.0,-0.14267,0.920286,0.84,4.4
HD 9174 b,HD 9174,13.7,352.7913,0.754,0.12,,,1179.0,2.2,5577.0,0.38202,1.67,1.03,9.0
HD 92788 b,HD 92788,13.0,1195.0408,2.99,0.35,,,325.803,0.97,5744.0,0.02,1.14,1.15,2.55
HD 92788 c,HD 92788,13.0,1166.4361,2.92,0.46,,,11611.2975,10.5,5744.0,0.02,1.14,1.15,2.55
HD 93083 b,HD 93083,13.4,117.59,0.269,0.14,,,143.58,0.477,4995.0,-0.38722,0.850835,0.7,7.71
HD 93351 b,HD 93351,1.69,3.49611248,3.98,0.549,,,2.45946,0.035,5408.0,-0.19371,0.911435,0.94,
HD 93351 c,HD 93351,12.3,4154.01727949,12.3,0.109,,,14010.2941,11.154,5408.0,-0.19371,0.911435,0.94,
HD 93385 b,HD 93385,1.88,4.2,3.47,0.295,,,7.3426,0.0756,5977.0,0.20683,1.18484,1.04,3.3
HD 93385 c,HD 93385,2.56,7.1,2.33,0.2,,,13.18,0.112,5977.0,0.20683,1.18484,1.04,3.3
HD 93385 d,HD 93385,2.89,8.7,1.98,0.09,,,45.85,0.2565,5977.0,0.20683,1.18484,1.04,3.3
HD 93963 A b,HD 93963 A,1.46954368,2.8,4.81,0.0,1842.23,2898.0,1.0376109,0.02061,5908.0,0.06781,1.0311,1.0844,1.3
HD 93963 A c,HD 93963 A,3.11976057,18.4,3.31,0.0,1212.45,543.8,3.6451389,0.04726,5908.0,0.06781,1.0311,1.0844,1.3
HD 9446 b,HD 9446,14.0,222.472,0.446,0.2,,,30.052,0.189,5793.0,0.04139,1.0,1.0,
HD 9446 c,HD 9446,13.4,578.426,1.32,0.06,,,192.9,0.654,5793.0,0.04139,1.0,1.0,
HD 94771 b,HD 94771,14.2,169.0,0.324,0.39,,0.271,2164.0,3.48,5631.0,0.51587,1.903,1.2,5.733
HD 94834 b,HD 94834,13.7,400.4658,0.856,0.14,,,1576.0,2.74,4798.0,0.99301,4.2,1.11,
HD 94890 b,HD 94890,13.3,676.97450691,1.58,0.22,,,824.61,2.07,4867.0,1.7635,10.71,1.74,
HD 94890 c,HD 94890,12.5,2831.85110637,7.97,0.05,,,2492.19,4.33,4867.0,1.7635,10.71,1.74,
HD 95086 b,HD 95086,12.9,1589.0,4.07,,1000.0,,,55.7,7595.0,0.82124,1.48667,1.6,0.017
HD 95089 b,HD 95089,13.7,400.4658,0.856,0.119,,,464.4,1.36,4918.0,1.13033,5.08,1.54,2.5
HD 95089 c,HD 95089,13.1,1096.5135,2.68,0.284,,,1785.0,3.33,4918.0,1.13033,5.08,1.54,2.5
HD 95127 b,HD 95127,12.4,3378.5329,9.74,0.11,,,482.0,1.28,4218.0,2.28,41.01,3.7,5.5
HD 95338 b,HD 95338,4.27174254,42.9,3.98,0.197,443.0,7.42,55.082694,0.262,5097.0,-0.3098,0.868,0.848,9.5
HD 95544 b,HD 95544,12.8,1913.64483855,5.01,0.049,156.5,0.1,2041.54152,3.166,5722.0,0.47797,1.088,1.01,
HD 95735 c,GJ 411,3.76,13.6,1.41,0.132,,,2946.0,2.94,3719.0,-1.70997,0.3685,0.3899,8.047
HD 95872 b,HD 95872,13.0,1188.6842,2.97,0.06,,,4375.0,5.15,5312.0,-0.24208,0.84,0.7,10.0
HD 96063 b,HD 96063,13.7,403.6441,0.863,0.17,,,362.5,1.11,5020.0,1.1038,4.75,1.37,9.0
HD 96127 b,HD 96127,12.1,6661.7168,20.7,0.3,,,647.29999,1.42,3943.0,2.86,51.1,10.94,4.067
HD 96167 b,HD 96167,14.0,227.88411,0.456,0.685,,,498.04,1.332,5733.0,0.57,1.94,1.27,4.85
HD 96700 b,HD 96700,2.93,8.9,1.94,0.138,,,8.1245,0.0777,5845.0,0.13988,1.16,0.89,8.6
HD 96700 c,HD 96700,1.69,3.5,3.98,0.293,,,19.88,0.141,5845.0,0.13988,1.16,0.89,8.6
HD 96700 d,HD 96700,3.61,12.7,1.48,0.27,,,103.5,0.424,5845.0,0.13988,1.16,0.89,8.6
HD 96992 b,HD 96992,13.7,362.3262,0.774,0.41,,,514.0,1.24,4725.0,1.47,7.43,0.96,
HD 97037 b,HD 97037,12.1,6707.76852973,20.8,0.357,,,6449.08337,6.925,5874.1,0.23365,1.26356,1.06,
HD 97048 b,HD 97048,13.3,794.575,1.86,,,,,130.0,10000.0,1.60206,2.25,2.4,0.003
HD 97658 b,HD 97658,2.12,8.3,4.8,0.05,751.0,41.924,9.4897116,0.0805,5212.0,-0.45469,0.728,0.85,3.9
HD 98219 b,HD 98219,13.4,624.21812,1.43,0.079,,,433.8,1.26,4925.0,1.04922,4.6,1.41,4.0
HD 98649 b,HD 98649,12.5,3082.9355479,8.67,0.852,,,5384.0,5.97,5759.0,-0.01412,1.01,0.97,4.44
HD 98736 b,HD 98736,13.3,740.5439,1.73,0.226,,,968.8,1.864,5271.0,-0.22,0.93,0.92,7.39
HD 99109 b,HD 99109,14.3,139.8452,0.263,0.09,,,439.29999,1.11,5282.0,-0.17178,0.98,0.76,1.0
HD 99283 b,HD 99283,13.8,308.29355479,0.645,0.2,,,310.4,1.08,4886.0,1.80963,11.21,1.76,
HD 99492 b,HD 99492,5.44,25.5,0.87,0.034,,,17.0503,0.12,4929.0,-0.4749,0.822539,0.85,4.8
HD 99492 c,HD 99492,4.42,17.9,1.14,0.063,,,95.233,,4929.0,-0.4749,0.822539,0.85,4.8
HD 99706 b,HD 99706,13.7,390.9309,0.835,0.25,,,841.0,1.98,4862.0,1.18752,5.52,1.46,2.1
HD 99706 c,HD 99706,12.8,1808.4527,4.74,0.411,,,1278.0,,4891.0,1.18752,5.4,1.72,2.1
HIP 105854 b,HIP 105854,12.6,2606.1,7.16,0.02,,,184.2,0.81,4780.0,1.67,10.305119,2.1,
HIP 107772 b,HIP 107772,3.64,12.9,1.47,0.18,,,55.199,0.243,4006.0,-1.16322,0.513922,0.63,
HIP 107773 b,HIP 107773,13.4,629.3034,1.44,0.09,,,144.3,0.72,4945.0,1.87,11.6,2.42,
HIP 109384 b,HIP 109384,13.5,495.8148,1.11,0.549,,,499.48,1.134,5180.0,-0.31878,0.831075,0.78,
HIP 109600 b,HIP 109600,13.2,851.7844,2.04,0.163,,,232.08,0.706,5530.0,-0.07873,0.971958,0.87,
HIP 111909 b,HIP 111909,13.7,384.57237247,0.822,,,,487.08,1.32,4891.0,1.02,4.53,1.28,4.3
HIP 111909 c,HIP 111909,13.9,257.44100967,0.527,,,,893.63,1.97,4891.0,1.02,4.53,1.28,4.3
HIP 113103 b,HIP 113103,1.829,4.0,3.59,0.17,721.0,,7.610303,0.06899,4930.0,-0.57629,0.742,0.761,0.47
HIP 113103 c,HIP 113103,2.4,6.35,2.52,0.17,585.0,180.487,14.245648,0.10479,4930.0,-0.57629,0.742,0.761,0.47
HIP 114933 b,HIP 114933,13.4,616.58710958,1.41,0.21,,,1481.6,2.84,4823.0,1.13988,5.27,1.39,3.4
HIP 116454 b,HIP 116454,2.469,9.7,3.53,0.215,753.2,51.2858,9.1004157,0.0792,5048.0,-0.47314,0.758,0.8,5.5
HIP 12961 b,HIP 12961,13.2,114.4188,0.273,0.17,,,57.435,0.25,3901.0,-1.00302,0.65,0.69,
HIP 14810 b,HIP 14810,13.0,1239.537,3.1,0.14399,,,6.673892,0.0696,5544.0,-0.01,1.07,1.01,5.84
HIP 14810 c,HIP 14810,13.6,416.3573,0.91,0.1566,,,147.747,0.549,5544.0,-0.01,1.07,1.01,5.84
HIP 14810 d,HIP 14810,14.1,187.5197,0.368,0.185,,,981.8,1.94,5544.0,-0.01,1.07,1.01,5.84
HIP 18606 b,HIP 18606,14.0,244.72787339,0.49,,,,674.94,1.61,4860.0,1.06,4.83,1.21,5.29
HIP 19976 b,HIP 19976,4.94,21.61233168,0.985,0.304,,,50.65905,0.234,4316.0,-0.72939,0.772319,0.67,
HIP 21152 b,HIP 21152,12.0,7627.881768,24.3,0.36,1300.0,,22000.0,17.0,6655.0,0.63565,1.59186,1.4,0.65
HIP 29442 c,TOI-469,1.551,4.5,6.3,,1123.0,451.0,3.5379559,0.04518,5289.0,-0.14921,0.98,0.901,11.2
HIP 29442 d,TOI-469,1.538,5.14,11.0,,920.0,203.0,6.429575,0.0673,5289.0,-0.14921,0.98,0.901,11.2
HIP 34222 b,HIP 34222,13.9,263.79757781,0.54,0.305,,,159.986,0.492,4050.0,-1.03267,0.6186,0.62,
HIP 35173 b,HIP 35173,3.61,12.7,1.48,0.16,,,41.516,0.217,4881.0,-0.51439,0.773404,0.79,
HIP 35965 b,HIP 35965,12.6,2589.98368864,7.11,0.138,,,26125.56497,15.898,4836.0,-0.62021,0.697551,0.78,
HIP 38594 b,HIP 38594,2.77,8.1,2.09,0.17,,,60.722,0.256,4086.3,-1.06243,0.626646,0.61,
HIP 38594 c,HIP 38594,7.94,48.4,0.531,0.16,,,3477.768,3.805,4086.3,-1.06243,0.626646,0.61,
HIP 39017 b,HIP 39017,12.0,7500.7504052,23.9,0.55,,,31000.0,22.1,7201.0,0.74788,1.51987,1.52,0.115
HIP 41378 b,HIP 41378,2.595,6.89,2.17,,959.0,140.0,15.57208,,6320.0,0.39646,1.273,1.16,4.279
HIP 41378 c,HIP 41378,2.727,4.4,1.19,,757.0,54.0,31.70603,,6320.0,0.39646,1.273,1.16,4.279
HIP 41378 d,HIP 41378,3.54,4.6,0.56,0.0,367.0,3.01,278.3618,,6320.0,0.39646,1.273,1.16,4.279
HIP 41378 e,HIP 41378,4.92,12.0,0.55,,335.0,2.1,369.0,,6320.0,0.39646,1.273,1.16,4.279
HIP 41378 f,HIP 41378,9.2,12.0,0.09,,294.0,1.24,542.07975,,6320.0,0.39646,1.273,1.16,4.279
HIP 41378 g,HIP 41378,2.54,7.0,2.35,,605.0,22.3,62.06,,6320.0,0.39646,1.273,1.16,4.279
HIP 4845 b,HIP 4845,3.89,14.4,1.34,0.25,,,34.15,0.176,4010.0,-1.0339,0.603999,0.62,
HIP 48714 b,HIP 48714,5.11,22.9,0.943,0.5,,,17.818,0.112,4015.5,-1.15565,0.595456,0.58,
HIP 5158 b,HIP 5158,13.6,451.0,0.985,0.52,,,345.72,0.89,4962.0,-0.95861,0.75,0.78,6.0
HIP 5158 c,HIP 5158,12.2,4780.1632,14.5,0.14,,,9017.76,7.7,4813.0,-0.5608,0.754089,0.78,6.0
HIP 54373 b,HIP 54373,2.87,8.62,2.0,0.2,,,7.76,0.063,4021.0,-1.22239,0.564998,0.57,
HIP 54373 c,HIP 54373,3.57,12.44,1.5,0.2,,,15.144,0.099,4021.0,-1.22239,0.564998,0.57,
HIP 54515 b,HIP 54515,12.2,5625.5628039,17.0,0.42,,,33000.0,24.8,8100.0,1.02101,1.64915,1.9,0.115
HIP 54597 b,HIP 54597,13.3,762.7881768,1.78,0.03,,0.0143,3274.0,4.0,4799.0,-0.68194,0.66,0.8,4.3
HIP 55507 b,HIP 55507,12.6,2585.53409095,7.1,0.362,,,5138.43727,5.062,4171.0,-0.8453,0.723643,0.65,
HIP 56640 b,HIP 56640,12.7,2151.69831539,5.77,0.118,,,2675.57603,4.55,4769.0,1.05,4.93,1.75,9.15
HIP 57274 b,HIP 57274,,3359.44626199,,0.19,,,8.1352,0.07,4510.0,0.19,0.78,0.29,7.87
HIP 57274 c,HIP 57274,14.2,130.0,0.249,0.05,,,32.03,0.178,4640.0,0.19,0.68,0.73,7.87
HIP 57274 d,HIP 57274,14.2,167.4,0.321,0.27,,,431.7,1.01,4640.0,0.19,0.68,0.73,7.87
HIP 5763 b,HIP 5763,14.2,162.09248757,0.311,0.054,,,30.014,0.17,4352.0,-0.73999,0.750378,0.72,
HIP 63242 b,HIP 63242,12.5,2917.56,8.21,0.23,,,124.6,0.565,4830.0,1.63,10.275655,1.54,
HIP 65 A b,HIP 65 A,22.75427,1021.18779,0.48,0.0,1411.0,661.0,0.9809734,0.01782,4590.0,-0.67799,0.7242,0.781,4.1
HIP 65407 b,HIP 65407,14.3,136.03124,0.256,0.14,,,28.125,0.177,5460.0,-0.18603,0.952252,0.93,
HIP 65407 c,HIP 65407,13.9,249.17872,0.51,0.12,,,67.3,0.316,5460.0,-0.18603,0.952252,0.93,
HIP 65426 b,HIP 65426,16.8135,2860.47,3.31,,1500.0,,,92.0,8840.0,1.26895,1.77,1.96,0.014
HIP 65891 b,HIP 65891,12.8,1871.37366042,4.9,0.128,,,1079.55726,2.794,5000.0,1.65,8.93,2.49,
HIP 66074 b,HIP 66074,12.9,1589.142035,4.07,0.948,,,310.9,0.799,4300.0,-0.81816,0.69,0.705,7.9
HIP 67522 b,HIP 67522,9.9872018,71.4,0.394,0.064,1175.0,341.0878,6.9594731,0.0748,5675.0,0.24304,1.38,1.22,0.017
HIP 67522 c,HIP 67522,7.93595834,48.3,0.531,0.077,917.0,,14.334892,0.1228,5675.0,0.24304,1.38,1.22,0.017
HIP 67537 b,HIP 67537,12.3,4309.11754211,12.7,0.586,,,2523.64713,4.807,4985.0,1.61669,8.69,2.316,
HIP 67851 b,HIP 67851,13.7,365.50266805,0.781,0.13,,,89.23,0.42,4840.0,1.16673,5.45,1.28,5.46
HIP 67851 c,HIP 67851,12.7,2204.77565936,5.91,0.3,,,3128.41,4.55,4840.0,1.16673,5.45,1.28,5.46
HIP 70849 b,HIP 70849,12.9,1430.2278315,3.66,0.65,,,3649.0,3.99,4105.0,-1.04817,0.633112,0.65,3.0
HIP 71135 b,HIP 71135,4.55,18.8,1.1,0.21,,,87.19,0.335,4146.0,-0.908,0.681296,0.66,
HIP 74890 b,HIP 74890,13.3,762.792,1.78,0.07,,,822.3,2.1,4850.0,1.21484,5.77,1.74,4.41
HIP 75092 b,HIP 75092,13.5,568.91284853,1.27,0.42,,,926.4,2.02,4891.0,1.01995,4.53,1.28,4.3
HIP 77900 b,HIP 77900,12.1,6674.396547,20.7,,2507.0,,,3319.0,13646.0,,,,
HIP 78530 b,HIP 78530,12.0,7300.0,23.2,,2700.0,,,740.0,10500.0,1.3684,2.10876,2.5,0.005
HIP 79098 AB b,HIP 79098 AB,12.1,6515.515,20.2,,2450.0,,,345.0,9193.75,,,3.75,0.01
HIP 79431 b,HIP 79431,13.4,667.415,1.52,0.29,,,111.7,0.36,3191.0,-1.54921,0.478625,0.49,
HIP 81208 C b,HIP 81208 C,12.3,4703.8604236,13.9,,2050.0,,104100.0,23.04,,,,0.135,0.017
HIP 8152 b,HIP 8152,2.53625843,8.9,2.97,0.0,794.96,88.9,10.751014,0.093,5618.0,-0.0804,0.9603,0.9373,6.0
HIP 8152 c,HIP 8152,2.52442508,10.7,3.63,0.2,650.68,39.9,19.60562,0.139,5618.0,-0.0804,0.9603,0.9373,6.0
HIP 8541 b,HIP 8541,12.6,2451.7283316,6.73,0.36,,,1852.14387,3.729,4672.0,1.31,6.84,2.009,10.97
HIP 86221 b,HIP 86221,14.0,225.65816897,0.452,0.086,,,2.224,0.031,,,,0.79,
HIP 90988 b,HIP 90988,13.4,668.07531151,1.53,0.081,,,455.73816,1.36,4883.0,0.88986,3.94,1.613,4.55
HIP 91258 b,HIP 91258,13.7,346.4347,0.74,0.02,,,5.0505,0.06,5519.0,-0.222,0.89,0.97,2.4
HIP 94235 b,HIP 94235,3.0,379.0,,0.32,1060.0,219.2841,7.713057,0.0787,5991.0,0.13759,1.08,1.094,0.118
HIP 948 b,HIP 948,12.1,6547.2651842,20.3,0.23,,,24955.45756,15.037,4497.0,-0.75782,0.688488,0.71,
HIP 9618 b,HIP 9618,3.82838127,8.3,0.81,0.0,640.88,40.3,20.772858,0.145,5649.0,-0.0716,0.9593,0.942,5.6
HIP 9618 c,HIP 9618,3.42855926,7.0,1.0,0.0,470.31,11.7,52.56363,0.269,5649.0,-0.0716,0.9593,0.942,5.6
HIP 97166 b,HIP 97166,2.4801338,19.1,6.86,0.29,701.66,9.0686,10.288914,0.091,5216.0,-0.32514,0.8418,0.9342,1.2
HIP 97166 c,HIP 97166,2.75,8.0,2.11,0.0,642.0,,16.432,0.124,5216.0,-0.32514,0.8418,0.9342,1.2
HIP 97233 b,HIP 97233,12.1,6098.17364511,18.9,0.63,,,1062.26506,2.491,5020.0,1.204,5.34,1.81,
HIP 99770 b,HIP 99770,12.2,5117.0373527,15.5,0.25,,,18600.0,16.9,8000.0,1.14176,1.93986,1.85,0.264
HN Lib b,HN Lib,2.2,5.46,2.82,0.079,234.4,0.503,36.116,0.1417,3347.0,-1.99542,0.299,0.291,4.4
HN Peg b,HN Peg,11.7768,6991.57,23.5,,,,,773.0,6186.0,0.06024,1.006954,1.08,0.3
HR 2562 b,HR 2562,12.44199,4195.3349724,12.0,,1255.0,,,27.0,6597.0,0.53147,1.334,1.368,0.5
HR 5183 b,HR 5183,13.1,1052.01202717,2.57,0.84,171.0,,27000.0,18.0,5794.0,0.39748,1.53,1.07,7.7
HR 810 b,HR 810,12.7,1970.5361234,5.29,0.14,,,302.79999,0.92,6167.0,0.25309,1.13,1.34,2.72
HR 858 b,HR 858,2.004,3.55,2.44,0.0,1552.0,989.7,3.585287,0.04888,6354.0,0.36361,1.258,1.204,2.0
HR 858 c,HR 858,1.979,3.8,2.9,0.0,1309.0,512.0,5.973865,0.0687,6354.0,0.36361,1.258,1.204,2.0
HR 858 d,HR 858,2.001,7.1,4.9,0.0,1061.0,217.0,11.230511,0.1046,6354.0,0.36361,1.258,1.204,2.0
HR 8799 b,HR 8799,13.0,2000.0,5.0,,1200.0,,170000.0,68.0,7204.58,0.69197,1.49338,1.5,0.06
HR 8799 c,HR 8799,13.0,3000.0,7.5,0.5,1200.0,,69000.0,38.0,7204.58,0.69197,1.49338,1.5,0.06
HR 8799 d,HR 8799,13.0,3000.0,7.5,0.6,1300.0,,37000.0,24.0,7204.58,0.69197,1.49338,1.5,0.06
HR 8799 e,HR 8799,13.11453,3178.3,7.74,0.15,1150.0,,20815.6,16.4,7400.0,0.73347,1.49338,1.51,0.03
HS Psc b,HS Psc,13.6,464.02947422,1.01,0.27,,,3.986,0.0435,4203.0,-0.91364,0.65,0.69,0.133
HU Aqr AB b,HU Aqr,12.8,1875.197,4.91,0.0,,,2390.0,3.6,5952.0,,,0.88,
HU Aqr AB c,HU Aqr,12.9,1430.235,3.66,0.51,,,4368.0,5.4,5952.0,,,0.88,
IC 4651 9122 b,IC 4651 9122,12.7,2002.329,5.37,0.18,,,734.0,2.038,4740.1,1.6359,10.267424,2.1,1.14
IRAS 04125+2902 b,IRAS 04125+2902,10.73820351,80.8,0.359,,854.0,41.4199,8.834978,0.077,4080.0,-0.33161,1.45,0.7,0.0033
ITG 15 b,ITG 15 A,12.1,6674.396547,20.7,,2601.0,,,435.0,,,,,
K2-10 b,K2-10,3.773,25.2,2.36,0.31,649.0,42.1,19.30553,0.137,5533.0,-0.10088,0.956,0.88,
K2-100 b,K2-100,3.88,21.8,2.04,0.0,1841.0,1915.0,1.6739035,0.0301,5945.0,0.24969,1.24,1.15,0.75
K2-101 b,K2-101,2.0,4.66,3.2,0.1,618.0,,14.6762429,0.1124,4927.0,-0.59482,0.76,0.82,0.79
K2-102 b,K2-102,1.3,2.24,5.6,0.1,,,9.915615,,4695.0,-0.65738,0.71,0.77,0.79
K2-104 b,K2-104,1.79,3.86,3.7,0.09,798.0,62.1,1.9741954,0.0242,3712.0,-1.43415,0.48,0.51,0.79
K2-105 b,K2-105,3.4,15.4,2.24,0.0,805.0,100.0,8.26726,0.0796,5373.0,-0.18892,0.905,0.94,0.6
K2-107 b,K2-107,15.98,266.9772,0.35,0.0,1649.0,,3.313959,0.0475,6061.0,0.46446,1.81,1.3,4.25
K2-108 b,K2-108,5.33,59.4,2.22,0.18,1360.0,762.0,4.733999,0.0581,5599.0,0.40539,1.76,1.17,7.8
K2-11 b,K2-11,7.55,44.4,0.567,,734.0,9.84,39.93767,0.2257,5433.0,-0.31039,5.15,1.35,
K2-110 b,K2-110,2.592,15.9,5.02,0.13,638.0,27.7,13.86375,0.10207,5010.0,-0.56708,0.713,0.738,8.0
K2-111 b,K2-111,1.82,5.58,5.0,0.1,1309.0,490.0,5.3518,0.0565,5775.0,0.27875,1.25,0.84,13.5
K2-111 c,K2-111,3.33,11.08,1.65,0.071,,,15.6805,0.11569,5775.0,0.27875,1.25,0.84,13.5
K2-113 b,K2-113,12.14,410.0007,1.97,0.0,1098.0,277.39,5.817685,0.0642,5660.0,0.0086,1.24,1.04,5.9
K2-114 b,K2-114,10.59248676,638.83509807,2.96,0.079,701.4,40.0,11.390931,0.0944,4899.0,-0.4437,0.832,0.863,7.6
K2-115 b,K2-115,11.80305668,321.00669107,1.07,0.063,696.0,20.4393,20.2729914,0.1415,5870.0,-0.10791,0.855,0.918,2.2
K2-116 b,K2-116,0.69,0.257,4.3,0.06,,78.6,4.655411,0.048,4348.35,-0.74639,0.6694,0.694512,
K2-117 b,K2-117,2.03,4.78,3.14,0.06,868.0,145.8,1.2916,0.0189,3778.0,-1.35655,0.51,0.54,
K2-117 c,K2-117,2.06,4.9,3.08,0.15,537.0,21.4,5.444017,0.0492,3778.0,-1.35655,0.51,0.54,
K2-118 b,K2-118,2.54,6.99,2.34,0.2,,4.3,50.92092,0.245,4726.29,-0.56055,0.734626,0.756446,
K2-119 b,K2-119,2.53,6.94,2.35,0.07,666.0,54.9,7.727283,0.0698,4740.0,-0.68533,0.71,0.76,
K2-12 b,K2-12,2.44,5.2,1.6,0.5,1026.0,185.0,8.28246,0.0792,5672.0,0.07181,1.117,0.965,8.9
K2-121 b,K2-121,7.16,51.0,0.7,0.22,716.0,62.5,5.185738,0.0525,4526.0,-0.74531,0.675,0.71,
K2-122 b,K2-122,1.16,1.65,5.81,0.21,769.0,79.9,2.2193023,0.0373,4009.0,-1.10237,0.59,0.63,
K2-123 b,K2-123,2.76,8.05,2.1,0.06,338.0,2.9,30.951524,0.1649,4035.0,-1.14267,0.59,0.62,
K2-124 b,K2-124,2.9,8.75,1.97,0.08,442.0,8.7,6.413651,0.049,3570.0,-1.65919,0.388,0.39,
K2-125 b,K2-125,2.18,5.39,2.86,0.08,,2.0,21.750264,0.121,3654.47,-1.64124,0.402049,0.494727,
K2-126 b,K2-126,1.97,4.54,3.26,0.06,601.0,35.3,7.385655,0.0656,4339.0,-0.87762,0.65,0.69,
K2-127 b,K2-127,8.37,52.9,0.496,0.12,809.0,105.6,3.588163,0.0411,4575.0,-0.25445,0.66,0.72,
K2-128 b,K2-128,1.42,2.6,4.99,0.23,,68.8,5.675819,0.056,4469.51,-0.82159,0.777569,0.711248,
K2-129 b,K2-129,1.04,1.12,5.47,0.13,,4.5,8.239493,0.057,3459.09,-1.82842,0.36001,0.360031,
K2-13 b,K2-13,1.89,4.23,3.44,,511.0,22.8,39.91488,0.2114,5698.0,-0.13534,0.78,0.8,
K2-130 b,K2-130,1.25,2.1,5.91,0.17,,136.4,2.49412,0.032,4356.47,-0.79892,0.744261,0.69563,
K2-131 b,K2-131,1.69,7.9,8.8,0.0,2223.0,4070.0,0.3693038,0.00936,5120.0,-0.47906,0.7595,0.803,5.3
K2-132 b,K2-132,14.5717,155.7367,0.277,0.29,1586.0,293.374,9.1751,0.0916,4840.0,0.94349,3.85,1.08,8.5
K2-133 b,K2-133,1.34,2.36,5.39,,,,3.07133,0.03194,3655.0,-1.47886,0.455,0.461,
K2-133 c,K2-133,1.603,3.2,4.27,,,,4.86784,0.04341,3655.0,-1.47886,0.455,0.461,
K2-133 d,K2-133,2.003,4.67,3.19,,734.0,48.3251,11.02454,0.07487,3655.0,-1.47886,0.455,0.461,
K2-133 e,K2-133,1.73,3.64,3.86,,296.0,1.8,26.5841,0.1346,3655.0,-1.47886,0.455,0.461,
K2-136 b,K2-136,1.014,4.3,24.0,0.14,610.0,33.5,7.9752,0.0707,4500.0,-0.7765,0.677,0.742,0.65
K2-136 c,K2-136,3.0,18.1,3.69,0.047,470.0,11.91,17.30713,0.1185,4500.0,-0.7765,0.677,0.742,0.65
K2-136 d,K2-136,1.565,3.0,4.3,0.071,420.0,7.07,25.575,0.1538,4500.0,-0.7765,0.677,0.742,0.65
K2-137 b,K2-137,0.64,158.915,,0.0,1471.0,,0.179719,0.0058,3697.0,-1.48388,0.29,0.463,
K2-138 b,K2-138,1.51,3.1,4.9,0.048,1157.0,486.0,2.35309,0.03385,5356.3,-0.28654,0.863,0.935,2.8
K2-138 c,K2-138,2.299,6.31,2.8,0.045,1012.0,279.0,3.56004,0.04461,5356.3,-0.28654,0.863,0.935,2.8
K2-138 d,K2-138,2.39,7.92,3.1,0.043,888.0,160.0,5.40479,0.05893,5356.3,-0.28654,0.863,0.935,2.8
K2-138 e,K2-138,3.39,12.97,1.8,0.077,757.0,91.1,8.26146,0.0782,5356.3,-0.28654,0.863,0.935,2.8
K2-138 f,K2-138,2.904,1.63,0.4,0.062,653.0,51.0,12.75758,0.10447,5356.3,-0.28654,0.863,0.935,2.8
K2-138 g,K2-138,3.013,4.32,0.9,0.059,445.0,9.29,41.96797,0.23109,5356.3,-0.28654,0.863,0.935,2.8
K2-139 b,K2-139,9.11,123.00021,0.91,0.12,524.0,,28.380619,0.1796,5370.0,-0.29948,0.88,0.96,1.8
K2-14 b,K2-14,4.81,20.7,1.02,0.14,488.0,8.0,8.36802,0.0627,3789.0,-0.96847,0.45,0.47,
K2-140 b,K2-140,13.56286665,295.58041851,0.66,0.0,962.0,204.0,6.569188,0.068,5585.0,-0.04915,1.06,0.96,9.8
K2-141 b,K2-141,1.51,4.97,7.93,0.0,2103.0,3260.0,0.2803244,0.00747,4570.0,-0.75,0.681,0.708,6.3
K2-141 c,K2-141,7.0,8.0,0.081,0.092,695.0,39.1,7.7485,0.0683,4570.0,-0.75,0.681,0.708,6.3
K2-146 b,K2-146,2.05,5.77,3.69,0.129,534.0,20.7,2.6446,0.0248,3385.0,-1.82391,0.33,0.331,5.0
K2-146 c,K2-146,2.19,7.49,3.92,0.075,,,4.00498,0.0327,3385.0,-1.82391,0.33,0.331,5.0
K2-147 b,K2-147,1.47286006,2.77,4.76,0.38,1077.0,200.1,0.961939,0.01575,3690.0,-1.25181,0.578,0.563,
K2-148 b,K2-148,1.33,2.33,5.44,,,48.8,4.38395,0.0454,4079.0,-0.99568,0.632,0.65,
K2-148 c,K2-148,1.73,3.64,3.86,,,26.5,6.9226,0.0616,4079.0,-0.99568,0.632,0.65,
K2-148 d,K2-148,1.64,3.33,4.15,,,16.8,9.7579,0.0774,4079.0,-0.99568,0.632,0.65,
K2-149 b,K2-149,1.64,3.33,4.15,,,7.0,11.332,0.083,3745.0,-1.3098,0.568,0.595,
K2-15 b,K2-15,2.48,6.71,2.42,,676.0,48.0,11.8104,0.091,5131.0,-0.45314,0.68,0.72,
K2-150 b,K2-150,2.0,4.66,3.2,,,4.9,10.59357,0.0727,3499.0,-1.58503,0.436,0.457,
K2-151 b,K2-151,1.49,2.83,4.7,,566.0,20.8,3.835476,0.0373,3695.0,-1.55284,0.45,0.47,
K2-152 b,K2-152,2.29,5.86,2.68,,337.0,2.9,32.6479,0.1716,4044.0,-1.06048,0.61,0.63,
K2-153 b,K2-153,2.0,4.66,3.2,,497.0,11.8,7.51574,0.0614,3845.0,-1.36653,0.53,0.55,
K2-154 b,K2-154,1.99,4.62,3.22,,715.0,57.5,3.67626,0.0405,4097.0,-1.01773,0.63,0.65,
K2-154 c,K2-154,2.07,4.94,3.06,,552.0,20.5,7.95486,0.0677,4097.0,-1.01773,0.63,0.65,
K2-155 b,K2-155,1.8,3.89,3.67,,708.0,19.9,6.342,0.0562,4258.0,-1.22915,0.58,0.65,
K2-155 c,K2-155,2.6,7.27,2.27,,583.0,7.0,13.85,0.0946,4258.0,-1.22915,0.58,0.65,
K2-155 d,K2-155,1.9,4.27,3.42,,381.0,1.67,40.718,0.1937,4258.0,-1.22915,0.58,0.65,
K2-156 b,K2-156,1.1,1.37,5.66,,1347.0,,0.813143,0.0149,4460.0,-0.83803,0.62,0.66,
K2-157 b,K2-157,0.935,1.14,7.7,,2432.0,6660.0,0.3652575,0.00962,5334.0,-0.2102,0.86,0.89,8.8
K2-157 c,K2-157,6.08,30.8,0.753,0.2,587.0,22.65,25.942,0.165,5334.0,-0.2102,0.86,0.89,8.8
K2-157 d,K2-157,5.16,23.3,0.932,0.5,429.1,6.46,66.5,0.309,5334.0,-0.2102,0.86,0.89,8.8
K2-158 b,K2-158,2.64,7.46,2.23,,794.0,,10.06049,0.0887,5503.0,-0.16298,0.95,0.92,
K2-158 c,K2-158,1.28,2.18,5.71,,948.0,,5.90279,0.0622,5503.0,-0.16298,0.95,0.92,
K2-159 b,K2-159,2.26,5.73,2.73,,684.0,,12.42205,0.1013,5425.0,-0.29599,0.83,0.9,
K2-16 b,K2-16,2.02,4.74,3.16,,658.0,44.5,7.6188,0.0667,4742.0,-0.76082,0.66,0.68,
K2-16 c,K2-16,2.54,6.99,2.34,,485.0,13.1,19.07863,0.1229,4742.0,-0.76082,0.66,0.68,
K2-160 b,K2-160,3.17824034,10.2,1.75,,,,3.705871,,5649.0,-0.13676,0.913754,0.982829,
K2-161 b,K2-161,6.11721229,31.1,0.747,,,,9.283188,,4972.0,0.91922,2.568173,0.986876,
K2-162 b,K2-162,1.44,2.67,4.91,,631.0,,9.45889,0.0795,4842.0,-0.65691,0.69,0.75,
K2-163 b,K2-163,2.46610713,6.65,2.44,,,,6.673117,,4937.0,-0.54141,0.762201,0.826112,
K2-164 b,K2-164,3.24925008,10.6,1.7,,,,17.355066,,5791.0,0.59002,2.196069,1.180894,
K2-165 b,K2-165,1.27443657,2.17,5.76,,,,2.354992,,5185.0,-0.36982,0.803827,0.834847,
K2-165 c,K2-165,1.55409035,3.03,4.44,,,,4.382745,,5185.0,-0.36982,0.803827,0.834847,
K2-165 d,K2-165,2.64809498,7.5,2.22,,629.38,37.0819,14.101361,,5185.0,-0.36982,0.803827,0.834847,
K2-166 b,K2-166,2.19,5.43,2.84,,1140.0,,8.52695,0.0858,5960.0,0.45848,1.61,1.16,
K2-167 b,K2-167,2.36509493,6.5,2.87,0.48,1220.0,317.0,9.978541,0.0932,6310.0,0.50651,1.499,1.084,5.3
K2-168 b,K2-168,1.86,4.12,3.52,,766.35,,15.8523,,5502.7,-0.17649,0.83,0.877,
K2-169 b,K2-169,1.27328671,2.16,5.75,,,,6.380803,,5548.0,-0.16063,0.919053,0.986144,
K2-17 b,K2-17,2.23,5.6,2.77,0.18,487.0,4.91,17.96753,0.119,4320.0,-0.9966,0.66,0.71,
K2-170 b,K2-170,1.41817537,2.6,5.01,,,,7.576544,,5748.0,0.0717,0.981614,0.963657,
K2-170 c,K2-170,1.8017647,3.9,3.66,,,,12.400047,,5748.0,0.0717,0.981614,0.963657,
K2-171 b,K2-171,2.68657205,7.69,2.18,,,,5.628466,,5250.0,0.51583,1.717458,0.891587,
K2-172 b,K2-172,1.66608079,3.42,4.06,,,,14.316941,,5569.0,-0.20215,0.868889,0.934356,
K2-172 c,K2-172,3.20569097,10.4,1.73,,,,29.62682,,5569.0,-0.20215,0.868889,0.934356,
K2-173 b,K2-173,1.60826194,3.22,4.25,,,,5.868699,,5580.0,-0.05981,0.843154,0.881538,
K2-174 b,K2-174,2.6,7.27,2.27,,455.0,10.9555,19.562307,0.126,4455.0,-0.77269,0.676,0.7,
K2-175 b,K2-175,2.03803688,4.81,3.12,,,,9.525988,,5909.0,0.41926,1.420038,1.094693,
K2-176 b,K2-176,1.49090097,2.83,4.69,,,,5.329439,,5428.0,-0.34794,0.86416,0.938545,
K2-177 b,K2-177,2.1162048,5.13,2.97,,,,14.155185,,6063.0,0.34158,1.213565,1.210525,
K2-178 b,K2-178,3.55790985,12.4,1.51,,840.29,117.826,8.747818,,5525.0,-0.28382,0.887267,0.95109,
K2-179 b,K2-179,2.51267885,6.86,2.38,,,,5.172191,,5015.0,-0.52287,0.768067,0.824345,
K2-18 b,K2-18,2.37,8.92,4.11,0.2,284.0,1.005,32.939623,0.1429,3457.0,-1.59688,0.411,0.359,
K2-18 c,K2-18,2.65,7.51,2.22,0.47,363.0,,8.962,0.06,3457.0,-1.59688,0.411,0.359,
K2-180 b,K2-180,2.46597575,11.41003981,4.16,0.075,797.5,48.3,8.865663,0.0756,5365.0,-0.41341,0.719,0.735,7.5
K2-181 b,K2-181,2.69,7.7,2.17,0.4,949.0,192.0,6.8941,0.0706,5528.0,-0.01252,1.06,0.96,5.9
K2-182 b,K2-182,2.71257333,20.97667486,5.7,0.071,965.8,146.9,4.7369696,0.05174,5128.0,-0.41117,0.789,0.823,6.2
K2-183 b,K2-183,1.1,1.37,5.66,,,,0.469285,,5482.0,-0.13179,0.87,0.942219,
K2-183 c,K2-183,2.3,5.9,2.66,,787.0,,10.787992,0.0932,5482.0,-0.13179,0.87,0.942219,
K2-183 d,K2-183,2.3,5.9,2.66,,615.0,,22.620344,0.1527,5482.0,-0.13179,0.87,0.942219,
K2-184 b,K2-184,1.47,2.76,4.77,,533.0,,16.9780102,0.1685,5245.0,-0.39912,0.75,0.84,
K2-185 b,K2-185,1.15,1.6,5.78,,809.0,,10.616384,,5788.0,-0.09029,0.94,0.96,
K2-185 c,K2-185,2.39,6.3,2.54,,477.0,,52.713494,,5788.0,-0.09029,0.94,0.96,
K2-186 b,K2-186,3.17207779,10.2,1.76,,,,41.474219,,5784.0,0.0504,0.98083,1.018617,
K2-187 b,K2-187,1.2,1.87,5.95,,1815.0,,0.77401,0.0164,5438.0,-0.19607,0.83,0.966999,
K2-187 c,K2-187,1.4,2.54,5.09,,1173.0,,2.871512,0.0392,5438.0,-0.19607,0.83,0.966999,
K2-187 d,K2-187,2.4,6.35,2.52,,865.0,,7.149584,0.072,5438.0,-0.19607,0.83,0.966999,
K2-187 e,K2-187,1.9,4.27,3.42,,698.0,,13.606629,0.1106,5438.0,-0.19607,0.83,0.966999,
K2-188 b,K2-188,1.35,2.39,5.34,,1692.0,,1.742169,0.0289,5977.0,0.21087,1.19,1.06,
K2-188 c,K2-188,2.83,8.4,2.04,,1026.0,230.628,7.810253,0.0785,5977.0,0.21087,1.19,1.06,
K2-189 b,K2-189,1.403,2.55,5.07,,1203.0,497.0,2.58812,0.0361,5442.0,-0.21855,0.879,0.85,
K2-189 c,K2-189,2.31,5.95,2.65,,877.0,140.0,6.67932,0.068,5442.0,-0.21855,0.879,0.85,
K2-19 b,K2-19,7.0,32.4,0.52,0.2,779.0,87.0,7.9222,0.074,5322.0,-0.29196,0.82,0.88,8.0
K2-19 c,K2-19,4.1,10.8,0.87,0.21,679.0,51.0,11.8993,0.0971,5322.0,-0.29196,0.82,0.88,8.0
K2-19 d,K2-19,1.11,10.0,40.0,0.0,1142.0,404.0,2.5081,0.0344,5322.0,-0.29196,0.82,0.88,8.0
K2-190 b,K2-190,1.35673729,2.41,5.3,,,,10.098858,,5631.0,-0.06781,0.912206,0.904597,
K2-190 c,K2-190,1.09308317,1.34,5.64,,,,21.574023,,5631.0,-0.06781,0.912206,0.904597,
K2-191 b,K2-191,1.57889322,3.12,4.36,,,,2.858646,,5176.0,-0.34502,0.839696,0.900994,
K2-192 b,K2-192,1.52,2.92,4.57,,939.0,,4.162817,0.049,5222.0,-0.36021,0.81,0.9,
K2-193 b,K2-193,3.95,14.8,1.32,,739.0,,14.786889,0.1184,5817.0,-0.07572,0.98,1.01,
K2-194 b,K2-194,3.64229858,12.9,1.47,,,,39.721386,,5979.0,0.36302,1.281115,1.110086,
K2-195 b,K2-195,3.13,9.96,1.78,,720.0,,15.852975,0.1208,5713.0,-0.01196,0.99,0.94,
K2-195 c,K2-195,2.57581891,7.16,2.3,,,,28.482786,,5712.0,-0.01196,0.906367,0.963364,
K2-196 b,K2-196,3.59970536,12.6,1.48,,,,48.324222,,6045.0,0.64355,1.538801,1.162095,
K2-197 b,K2-197,2.56,7.08,2.32,,848.0,,8.357881,0.0806,5667.0,-0.11379,0.93,1.0,
K2-198 b,K2-198,4.189,16.3,1.22,,715.8,,17.0428683,,5212.9,-0.40084,0.757,0.799,
K2-198 c,K2-198,1.423,2.61,4.98,,1229.9,,3.3596055,,5212.9,-0.40084,0.757,0.799,
K2-198 d,K2-198,2.438,6.52,2.47,,943.2,,7.4500177,,5212.9,-0.40084,0.757,0.799,
K2-199 b,K2-199,1.73,6.9,7.2,0.02,913.0,116.2,3.2253993,0.0382,4491.0,-0.73283,0.682,0.711,5.04
K2-199 c,K2-199,2.85,12.4,2.9,0.03,694.0,38.6,7.3744897,0.0662,4491.0,-0.73283,0.682,0.711,5.04
K2-200 b,K2-200,1.3643987,2.43,5.26,,,,2.849883,,5233.0,-0.4288,0.791736,0.860208,
K2-201 b,K2-201,1.40006712,2.54,5.09,,,,1.05979,,5507.0,-0.27594,0.878161,0.956055,
K2-201 c,K2-201,3.28568401,10.8,1.67,,,,22.779878,,5507.0,-0.27594,0.878161,0.956055,
K2-2016-BLG-0005L b,K2-2016-BLG-0005L,13.7,349.6112477,0.747,,,,4700.0,4.16,,,,0.584,
K2-202 b,K2-202,2.30165603,5.91,2.66,,,,3.405164,,5491.0,-0.33519,0.910685,0.971461,
K2-203 b,K2-203,1.26549392,2.14,5.8,0.23,738.4,,9.6952,0.0824,5026.0,-0.47237,0.765,0.793,6.9
K2-204 b,K2-204,3.17214154,10.2,1.76,0.28,1148.0,,7.055908,0.0738,5783.0,0.19866,1.253,1.076,6.5
K2-205 b,K2-205,1.99552771,4.64,3.21,,,,26.672263,,5890.0,0.19406,1.077574,0.951027,
K2-206 b,K2-206,2.79522879,8.22,2.07,,,,18.294549,,5043.0,-0.43502,0.758046,0.789481,
K2-207 b,K2-207,2.60585269,7.3,2.27,,,,12.48749,,5522.0,-0.17314,0.928158,0.941851,
K2-208 b,K2-208,1.67462172,3.45,4.04,0.37,1122.0,,4.19097,0.04878,5500.0,-0.20135,0.872,0.881,6.1
K2-209 b,K2-209,0.86850263,0.586,4.92,,,,2.080615,,4720.0,-0.58815,0.712365,0.74479,
K2-21 b,K2-21,1.84,4.04,2.7,0.1,500.0,10.0,9.325038,0.076,4222.06,-0.98492,0.646783,0.676023,1.0
K2-21 c,K2-21,2.49,6.76,5.4,0.21,420.0,5.1,15.50192,0.107,4222.06,-0.98492,0.646783,0.676023,1.0
K2-210 b,K2-210,0.86,0.566,4.89,,,,0.57023,,5500.0,-0.24869,0.89,0.911717,
K2-211 b,K2-211,1.33162691,2.33,5.42,0.19,1873.0,,0.669561,0.01419,5117.0,-0.383,0.818,0.851,6.5
K2-212 b,K2-212,2.65,7.51,2.22,,542.0,21.964,9.795647,0.0785,4349.0,-0.90958,0.678,0.622,
K2-213 b,K2-213,1.51398464,2.9,4.59,,,,8.13087,,5794.0,0.24679,1.20424,1.069596,
K2-214 b,K2-214,2.51,6.85,2.38,,1001.0,238.0,8.59656,0.0834,5875.0,0.19579,1.236,1.03,
K2-215 b,K2-215,2.12381238,5.16,2.96,,,,8.269648,,5704.0,-0.02639,0.974398,0.999987,
K2-216 b,K2-216,1.75,8.0,8.2,0.0,1103.0,248.0,2.1748,0.028,4503.0,-0.72125,0.72,0.7,
K2-217 b,K2-217,3.57854073,12.5,1.5,,,,14.074524,,5967.0,0.23239,1.333718,1.102661,
K2-218 b,K2-218,2.56948149,7.13,2.31,,,,8.679885,,5757.0,-0.00284,1.008231,1.047488,
K2-219 b,K2-219,1.34762583,2.38,5.34,,,,3.901287,,5753.0,0.15097,1.189232,1.021545,
K2-219 c,K2-219,1.43839723,2.66,4.91,,,,6.66767,,5753.0,0.15097,1.189232,1.021545,
K2-219 d,K2-219,2.57634456,7.16,2.3,,,,11.137278,,5753.0,0.15097,1.189232,1.021545,
K2-22 b,K2-22,2.3,444.962,,0.19,2100.0,114.0,0.381073,0.009,3879.0,-1.0744,0.58,0.595292,
K2-220 b,K2-220,2.37,6.21,2.56,,761.0,79.7,13.68186,0.1104,5612.0,-0.06106,1.026,0.91,
K2-221 b,K2-221,1.67890272,3.46,4.02,,,,2.399094,,5716.0,-0.06367,0.947599,1.010842,
K2-222 b,K2-222,2.35,8.7,3.68,0.16,871.0,96.0,15.38857,0.1206,5942.0,0.13852,1.115,0.989,7.1
K2-223 b,K2-223,0.89,0.64,4.99,,2271.0,,0.50557,0.0127,5859.0,-0.03543,1.0,1.06,
K2-223 c,K2-223,1.5,2.86,4.66,,1091.0,,4.562546,0.0549,5859.0,-0.03543,1.0,1.06,
K2-224 b,K2-224,1.56,3.05,4.41,,1002.0,,4.47904,0.0516,5620.0,-0.24102,0.84,0.91,
K2-224 c,K2-224,2.41,6.39,2.51,,764.0,,10.09489,0.0886,5620.0,-0.24102,0.84,0.91,
K2-225 b,K2-225,3.60929179,12.7,1.48,0.23,923.0,,15.8723,0.1409,5520.0,0.38202,1.7,1.482,0.0121
K2-226 b,K2-226,1.53899305,2.98,4.49,0.22,1187.0,,3.27109,0.04095,5288.0,-0.25337,0.889,0.856,9.6
K2-227 b,K2-227,1.66551298,3.41,4.06,,,,13.621832,,5673.0,-0.16664,0.890666,0.950811,
K2-228 b,K2-228,1.21,1.92,5.96,,914.0,,2.69828,0.0338,4715.0,-0.84881,0.65,0.71,
K2-229 b,K2-229,1.0,2.55,7.6,0.0,1818.0,2290.0,0.584216,0.0131,5315.0,-0.38869,0.79,0.87,5.4
K2-229 c,K2-229,2.03,7.0,5.1,0.0,750.0,66.0,8.32727,0.0769,5315.0,-0.38869,0.79,0.87,5.4
K2-230 b,K2-230,1.96,4.5,3.28,,1529.0,,2.86041,0.0409,5945.0,0.31741,1.39,1.11,
K2-231 b,K2-231,2.5,6.8,2.39,,,,13.841901,,5695.0,-0.11208,0.95,1.01,3.0
K2-232 b,K2-232,11.209,126.49634,0.405,0.258,1030.0,312.155,11.168454,0.10356,6154.0,0.23805,1.161,1.188,1.43
K2-233 b,K2-233,1.315,2.4,5.7,0.0,1127.0,269.0,2.467583,0.03293,4796.0,-0.52288,0.71,0.79,0.36
K2-233 c,K2-233,1.272,4.6,12.4,0.0,794.0,66.2,7.06024,0.0664,4796.0,-0.52288,0.71,0.79,0.36
K2-233 d,K2-233,2.363,10.3,4.3,0.18,525.0,12.7,24.3681,0.1516,4796.0,-0.52288,0.71,0.79,0.36
K2-237 b,K2-237,16.06246934,434.15360396,0.577,0.03,1759.0,1860.0,2.18053332,0.03552,6180.0,0.3032,1.236,1.256,1.09
K2-238 b,K2-238,14.5717,273.3338,0.56,0.0,1587.0,,3.20466,0.046,5630.0,0.36,1.59,1.19,5.63
K2-239 b,K2-239,1.1,1.37,5.66,,502.0,,5.24,0.0441,3420.0,-1.79588,0.36,0.4,
K2-239 c,K2-239,1.0,0.972,5.34,,427.0,,7.775,0.0576,3420.0,-1.79588,0.36,0.4,
K2-239 d,K2-239,1.1,1.37,5.66,,399.0,,10.115,0.0685,3420.0,-1.79588,0.36,0.4,
K2-24 b,K2-24,5.4,19.0,0.64,0.06,686.0,52.0,20.88977,0.154,5625.0,0.15836,1.16,1.07,5.1
K2-24 c,K2-24,7.5,15.4,0.2,0.07,542.0,20.0,42.3391,0.247,5625.0,0.15836,1.16,1.07,5.1
K2-240 b,K2-240,2.0,4.66,3.2,,586.0,,6.034,0.0513,3810.0,-1.27572,0.54,0.58,
K2-240 c,K2-240,1.8,3.89,3.67,,389.0,,20.523,0.1159,3810.0,-1.27572,0.54,0.58,
K2-241 b,K2-241,2.55,7.04,2.33,,507.0,,26.8199,0.1567,5262.0,-0.44608,0.75,0.71,
K2-242 b,K2-242,2.54,6.99,2.34,,416.0,,6.51389,0.0494,3459.0,-1.808,0.37,0.38,
K2-243 b,K2-243,2.17,5.35,2.88,,1035.0,,11.54182,0.1087,6570.0,0.42675,1.39,1.29,
K2-243 c,K2-243,2.01,4.7,3.18,,801.0,,24.94598,0.1817,6570.0,0.42675,1.39,1.29,
K2-244 b,K2-244,1.75,3.71,3.8,,638.0,,21.06884,0.1418,5677.0,-0.118,0.92,0.86,
K2-245 b,K2-245,4.34,17.4,1.17,,923.0,83.0,11.89307,0.0959,5793.0,0.1719,1.25,0.83,
K2-246 b,K2-246,3.49,12.0,1.55,,977.0,,5.76918,0.0602,5610.0,-0.15088,0.94,0.87,
K2-247 b,K2-247,2.12,5.14,2.96,,979.0,,2.25021,0.0304,4667.0,-0.88154,0.69,0.74,
K2-247 c,K2-247,2.19,5.43,2.84,,688.0,,6.49424,0.0615,4667.0,-0.88154,0.69,0.74,
K2-248 b,K2-248,2.57,7.13,2.31,,886.0,,7.17256,0.0699,5528.0,-0.18938,0.92,0.88,
K2-249 b,K2-249,2.79,8.2,2.07,,1061.0,,12.409,0.1151,6504.0,0.33627,1.57,1.32,
K2-25 b,K2-25,3.44,24.5,3.31,0.428,494.0,9.91,3.48456408,0.0287,3207.0,-2.08831,0.2932,0.2634,0.73
K2-250 b,K2-250,2.71257333,7.81,2.15,0.21,1003.0,,4.01392,0.04606,5003.0,-0.44491,0.797,0.809,8.2
K2-251 b,K2-251,2.35,6.12,2.59,,437.0,,9.30075,0.0694,3717.0,-1.34211,0.49,0.52,
K2-252 b,K2-252,1.74,3.68,3.84,,639.0,,13.81513,0.1041,5152.0,-0.40842,0.82,0.79,
K2-253 b,K2-253,12.67,,,,1238.0,365.8185,4.00167,0.0506,6027.0,-0.07738,1.1,1.08,
K2-254 b,K2-254,1.63,3.29,4.17,,791.0,,4.09639,0.0448,4629.0,-0.82244,0.67,0.71,
K2-254 c,K2-254,2.19,5.43,2.84,,551.0,,12.11839,0.0923,4629.0,-0.82244,0.67,0.71,
K2-255 b,K2-255,2.9,8.75,1.97,,1034.0,,1.96417,0.0274,4676.0,-0.79022,0.69,0.71,
K2-257 b,K2-257,0.83,0.498,4.79,,789.0,,1.60588,0.0216,3725.0,-1.38099,0.5,0.52,
K2-258 b,K2-258,3.0,9.27,1.89,,831.0,,19.0921,0.149,6351.0,0.27219,1.31,1.21,
K2-259 b,K2-259,2.32,5.99,2.64,,795.0,,15.48043,0.1271,6059.0,0.16711,1.13,1.14,
K2-26 b,K2-26,2.67,7.61,2.2,,430.0,5.8,14.5665,0.0962,3785.0,-1.3098,0.52,0.56,1.0
K2-260 b,K2-260,18.41635529,546.66486004,0.48,0.053,2090.0,2520.03,2.62669762,0.04392,6860.0,0.78817,1.755,1.637,0.65
K2-261 b,K2-261,9.26982704,68.96876432,0.473,0.274,1036.0,180.0,11.6334681,0.1086,5490.0,0.35392,1.663,1.107,8.8
K2-263 b,K2-263,2.41,14.9,5.8,0.15,470.0,8.17,50.818947,0.2573,5368.0,-0.25964,0.85,0.88,7.0
K2-264 b,K2-264,2.231,5.61,2.78,0.5,496.0,,5.840002,0.05023,3660.0,-1.48149,0.473,0.496,
K2-264 c,K2-264,2.668,7.6,2.2,0.45,331.0,,19.660302,0.11283,3660.0,-1.48149,0.473,0.496,
K2-265 b,K2-265,1.70824866,7.3418362,7.9,0.16,1366.0,592.0,2.36902,0.03359,5420.0,-0.18243,0.92,0.901,7.8
K2-266 b,K2-266,3.3,11.26782377,1.72,,1515.0,879.5,0.658524,0.01306,4285.0,-0.82333,0.703,0.686,
K2-266 c,K2-266,0.705,0.29013072,4.55,0.042,664.5,32.4,7.814,0.0679,4285.0,-0.82333,0.703,0.686,
K2-266 d,K2-266,2.93,8.9,2.03,0.047,538.3,13.95,14.697,0.1035,4285.0,-0.82333,0.703,0.686,
K2-266 e,K2-266,2.73,14.3,2.21,0.043,490.1,9.581,19.482,0.1249,4285.0,-0.82333,0.703,0.686,
K2-268 b,K2-268,1.5,2.86,4.66,,1136.0,,2.151676,0.0308,5106.0,-0.42942,0.78,0.84,
K2-268 c,K2-268,2.69,7.7,2.17,,696.0,,9.327527,0.0819,5106.0,-0.42942,0.78,0.84,
K2-268 d,K2-268,1.49,2.83,4.7,,888.0,,4.528598,,5106.0,-0.42942,0.78,0.84,
K2-268 e,K2-268,1.33,2.33,5.44,,801.0,,6.131243,,5106.0,-0.42942,0.78,0.84,
K2-268 f,K2-268,2.23,5.6,2.77,,492.0,,26.27057,,5106.0,-0.42942,0.78,0.84,
K2-269 b,K2-269,1.57,3.09,4.39,,1429.0,,4.144965,0.0531,6209.0,0.46786,1.45,1.16,
K2-27 b,K2-27,4.74,30.2,1.71,0.251,836.0,116.0,6.771347,0.06702,5246.0,-0.26971,0.876,0.88,10.3
K2-270 b,K2-270,1.38,2.48,5.19,,1203.0,,1.543069,0.0247,4877.0,-0.51819,0.77,0.85,
K2-270 c,K2-270,2.95,9.01,1.93,,848.0,,4.400028,0.0497,4877.0,-0.51819,0.77,0.85,
K2-271 b,K2-271,7.28,41.8,0.595,,893.0,133.8067,8.562421,0.077,5644.0,-0.04982,0.99,0.83,
K2-272 b,K2-272,3.13,9.96,1.78,,747.0,,14.4536756,0.1007,5397.0,-0.30214,0.83,0.86,
K2-273 b,K2-273,3.05,9.53,1.85,,849.0,,11.7195663,0.0729,5161.0,-0.35279,0.85,0.89,
K2-274 b,K2-274,2.08,4.98,3.04,,655.0,,14.1330314,0.0964,5044.0,-0.50903,0.7,0.79,
K2-275 b,K2-275,2.34,6.08,2.61,,1166.0,161.2476,3.2809626,0.0277,4841.0,-0.59332,0.69,0.77,
K2-275 c,K2-275,2.21,5.52,2.81,,653.0,45.7572,8.4388385,0.0881,4841.0,-0.59332,0.69,0.77,
K2-276 b,K2-276,3.77,13.7,1.4,,583.0,,18.718269,0.1291,5139.0,-0.40538,0.85,0.82,
K2-277 b,K2-277,2.18575124,7.4,4.0,0.52,1049.0,195.0,6.326768,0.0664,5680.0,-0.05061,0.973,0.974,4.9
K2-278 b,K2-278,2.98,9.17,1.9,,1711.0,,3.334966,0.0488,6747.0,0.39867,1.61,1.4,
K2-279 b,K2-279,1.21,1.92,5.96,,879.0,,7.122605,0.067,5558.0,-0.20451,0.86,0.79,
K2-28 b,K2-28,2.32,5.99,2.64,0.0,568.0,30.1,2.260455,0.0214,3214.0,-1.9397,0.288,0.257,
K2-280 b,K2-280,7.5,37.1,0.48,0.35,787.0,69.5,19.89526,0.1461,5500.0,0.13976,1.28,1.03,8.96
K2-281 b,K2-281,8.18,50.9,0.511,,665.0,,8.687721,0.0773,4812.0,-0.64686,0.76,0.82,
K2-282 b,K2-282,2.5,6.8,2.39,,1057.0,,4.169783,0.0499,5499.0,-0.21463,1.0,0.94,
K2-283 b,K2-283,3.52,12.2,1.54,,1186.0,,1.921036,0.0291,5060.0,-0.52364,0.82,0.89,
K2-284 b,K2-284,2.78,8.15,2.08,0.078,653.0,42.6,4.795069,0.04771,4140.0,-1.01323,0.607,0.63,0.12
K2-285 b,K2-285,2.59,9.68,3.07,0.0,1088.9,234.31,3.471745,0.03817,4975.0,-0.42183,0.787,0.83,
K2-285 c,K2-285,3.53,15.68,1.95,0.0,741.4,50.35,7.138048,0.0824,4975.0,-0.42183,0.787,0.83,
K2-285 d,K2-285,2.48,6.5,,0.0,619.9,24.61,10.45582,0.1178,4975.0,-0.42183,0.787,0.83,
K2-285 e,K2-285,1.95,10.7,,0.0,500.9,10.5,14.76289,0.18041,4975.0,-0.42183,0.787,0.83,
K2-286 b,K2-286,2.1,5.06,3.0,,347.0,,27.359,0.1768,3926.0,-1.04576,0.62,0.64,
K2-287 b,K2-287,9.494023,100.11645,0.63,0.478,804.0,,14.893291,0.1206,5695.0,-0.10829,1.07,1.056,4.5
K2-288 B b,K2-288 B,1.9,4.27,3.42,,226.36,,31.393463,0.164,3341.0,-1.93,0.32,0.33,1.0
K2-289 b,K2-289,9.1,61.0,0.445,,753.0,,13.156969,0.107,5529.0,-0.50479,1.025,0.953,
K2-29 b,K2-29,13.33871,232.0159,0.53,0.066,1171.0,293.0,3.2588321,0.04217,5358.0,-0.29533,0.86,0.94,2.6
K2-290 b,K2-290,3.06,10.9,4.1,0.0,1230.0,,9.21165,0.0923,6302.0,0.42035,1.511,1.194,4.0
K2-290 c,K2-290,11.276254,246.00042,1.01,0.0,676.0,,48.36685,0.305,6302.0,0.42035,1.511,1.194,4.0
K2-291 b,K2-291,1.589,6.49,8.84,0.0,1278.0,633.0,2.225177,0.03261,5520.0,-0.16622,0.899,0.934,3.72
K2-292 b,K2-292,2.63,24.5,7.4,0.04,795.0,67.0,16.9841,0.13,5725.0,0.09254,1.09,1.0,6.8
K2-293 b,K2-293,2.45,6.57,2.45,,750.0,,13.1225,,5532.0,-0.18023,0.947,0.958,
K2-294 b,K2-294,1.66,3.39,4.07,,1425.0,,2.50387,,5612.0,0.08751,1.2,0.987,
K2-295 b,K2-295,10.054473,106.47305,0.612,0.0,852.0,97.8595,4.024867,0.0451,4444.0,-0.71623,0.7,0.74,
K2-3 b,K2-3,2.078,5.11,3.11,0.107,501.3,10.5,10.0546535,0.0747,3844.0,-1.23136,0.546,0.549,6.9
K2-3 c,K2-3,1.582,2.68,3.7,0.048,371.8,3.17,24.646729,0.1357,3844.0,-1.23136,0.546,0.549,6.9
K2-3 d,K2-3,1.458,2.2,17.5,0.091,305.2,1.44,44.55603,0.2014,3844.0,-1.23136,0.546,0.549,6.9
K2-30 b,K2-30,11.646151,184.02357,0.64,0.0,1092.0,299.0,4.098503,0.04839,5425.0,-0.25649,0.844,0.9,3.9
K2-308 b,K2-308,9.916,70.6,0.398,,1213.76,512.9234,3.38628,,6100.0,0.283,1.24,1.09,
K2-31 b,K2-31,11.88154,563.83042,0.032,0.0,1688.0,1272.0,1.25785,0.022,5280.0,-0.11028,0.78,0.91,
K2-312 c,HD 80653,12.8,1719.45168187,4.51,0.853,,,921.2,1.961,5959.0,0.24,1.22,1.18,2.67
K2-315 b,K2-315,0.95,0.809,5.18,,460.0,7.45,3.1443189,,3300.0,-2.38722,0.196,0.174,1.0
K2-316 b,K2-316,1.33,2.33,5.44,,841.0,,1.133,0.0147,3436.0,-1.82964,0.379,0.408,
K2-316 c,K2-316,1.83,4.01,3.6,,423.0,,5.26,0.0582,3436.0,-1.82964,0.379,0.408,
K2-317 b,K2-317,2.93,8.91,1.95,,432.0,,6.22,0.0542,3387.0,-1.87068,0.379,0.403,
K2-318 b,K2-318,1.66,3.39,4.07,,456.0,,7.01,0.0911,3851.0,-1.27696,0.552,0.561,
K2-319 b,K2-319,2.79,8.2,2.07,,641.0,,26.68,0.1516,5440.0,-0.23747,0.898,0.954,
K2-32 b,K2-32,5.299,15.0,0.55,0.03,837.0,79.5,8.992,0.0795,5271.0,-0.29607,0.86,0.83,7.9
K2-32 c,K2-32,3.134,8.1,1.43,0.049,634.0,26.2,20.66093,0.13843,5271.0,-0.29607,0.86,0.83,7.9
K2-32 d,K2-32,3.484,6.7,0.87,0.05,550.0,14.8,31.71701,0.18422,5271.0,-0.29607,0.86,0.83,7.9
K2-32 e,K2-32,1.212,2.1,6.3,0.043,1066.0,,4.34934,0.04899,5271.0,-0.29607,0.86,0.83,7.9
K2-320 b,K2-320,2.62,7.37,2.25,,698.0,,1.995,0.0142,3157.0,-2.12527,0.3,0.117,
K2-321 b,K2-321,2.05124347,4.86,3.09,0.44,830.0,68.5516,2.2979749,0.02839,3750.0,-1.20066,0.595,0.578,
K2-322 b,K2-322,1.92,4.35,3.38,,635.0,,8.205,0.0594,4141.0,-1.03905,0.602,0.63,
K2-323 b,K2-323,2.1,5.06,3.0,,318.0,,24.93,0.1275,3710.0,-1.3393,0.549,0.478,
K2-324 b,K2-324,2.43,6.48,2.48,,707.0,,3.262,0.0331,3752.0,-1.33305,0.505,0.517,
K2-325 b,K2-325,2.2,5.48,2.83,,423.0,,6.93,0.0419,3287.0,-2.04801,0.298,0.274,
K2-326 b,K2-326,2.28,5.82,2.7,,1114.0,,1.256,0.0198,3924.0,-0.97833,0.688,0.507,
K2-329 b,K2-329,8.675766,82.6358,0.694,0.0697,650.0,45.7,12.4551225,0.1016,5282.0,-0.32514,0.822,0.901,1.8
K2-33 b,K2-33,5.04,1175.971,,0.0,850.0,,5.424865,0.0409,3540.0,-0.82391,1.05,0.56,0.0093
K2-330 b,K2-330,2.77,8.1,2.09,,969.0,114.929,13.774798,,6232.0,0.47702,1.5,1.23,
K2-331 b,K2-331,1.79,3.86,3.7,,909.0,,9.398977,,5994.0,0.05943,1.06,1.1,
K2-331 c,K2-331,2.72,7.85,2.14,,673.0,,22.996591,,5994.0,0.05943,1.06,1.1,
K2-332 b,K2-332,2.2,5.48,2.83,,266.0,,17.70632,,3315.0,-2.06542,0.28,0.27,
K2-333 b,K2-333,6.18,31.6,0.736,,826.0,102.1266,14.759287,,5880.0,0.16523,1.22,1.06,
K2-334 b,K2-334,5.65,27.2,0.829,,1380.0,832.2294,5.113981,,6502.0,0.51362,1.49,1.36,
K2-335 b,K2-335,2.21,5.52,2.81,,949.0,,12.283211,,6222.0,0.39509,1.33,1.23,
K2-336 b,K2-336,1.22,1.98,5.99,,569.0,,21.194733,,5424.0,-0.34534,0.8,0.86,
K2-337 b,K2-337,2.62,7.37,2.25,,850.0,,16.273563,,5869.0,0.24964,1.32,0.94,
K2-338 b,K2-338,1.03,1.08,5.43,,783.0,,3.850614,,4558.0,-0.83644,0.63,0.66,
K2-339 b,K2-339,1.92,4.35,3.38,,508.0,,19.507428,,4857.0,-0.65173,0.72,0.74,
K2-34 b,K2-34,13.75,539.67534,0.94,0.0,1687.0,963.566,2.9956348,0.0442,6168.0,0.3997,1.42,1.16,2.88
K2-340 b,K2-340,3.36,11.2,1.62,,606.0,,29.740451,,5532.0,-0.00232,1.13,0.93,
K2-341 b,K2-341,3.21,10.4,1.73,,598.0,,36.552551,,5817.0,0.12566,1.16,0.98,
K2-342 b,K2-342,2.03,4.78,3.14,,861.0,,11.561052,,5920.0,0.09264,1.09,1.01,
K2-343 b,K2-343,1.65,3.36,4.11,,653.0,,2.787174,,3804.0,-1.43852,0.46,0.49,
K2-343 c,K2-343,2.02,4.74,3.16,,465.0,,7.676972,,3804.0,-1.43852,0.46,0.49,
K2-344 b,K2-344,1.59,3.15,4.31,,722.0,37.2966,3.35585,,4374.0,-1.22508,0.49,0.51,
K2-345 b,K2-345,2.11,5.1,2.98,,437.0,,10.367437,,3779.0,-1.32045,0.52,0.56,
K2-346 b,K2-346,2.26,5.73,2.73,,450.0,8.8138,26.201446,,4801.0,-0.66264,0.7,0.71,
K2-347 b,K2-347,2.41,6.39,2.51,,640.0,,7.187257,,4599.0,-0.89434,0.63,0.66,
K2-348 b,K2-348,3.26,10.7,1.7,,908.0,133.083,4.688418,,5077.0,-0.38844,0.85,0.83,
K2-348 c,K2-348,2.67,7.61,2.2,,655.0,,12.550171,,5077.0,-0.38844,0.85,0.83,
K2-349 b,K2-349,1.38,2.48,5.19,,518.0,,9.032178,,4385.0,-0.36582,0.49,0.54,
K2-35 b,K2-35,1.32,2.3,5.5,0.13,979.0,211.0,2.399964,0.031,4402.71,-0.71881,0.619575,0.701968,
K2-35 c,K2-35,1.93,4.38,3.35,0.12,766.0,68.0,5.608352,0.055,4402.71,-0.71881,0.619575,0.701968,
K2-350 b,K2-350,1.54,2.99,4.5,,1158.0,,4.163873,,5789.0,-0.01175,1.04,0.98,
K2-350 c,K2-350,2.74,7.95,2.12,,687.0,,19.991944,,5789.0,-0.01175,1.04,0.98,
K2-351 b,K2-351,2.54,6.99,2.34,,934.0,,7.806164,,5769.0,0.02389,1.05,1.02,
K2-352 b,K2-352,1.37,2.45,5.24,,1160.0,,3.665912,,5791.0,-0.06326,0.95,0.98,
K2-352 c,K2-352,1.92,4.35,3.38,,885.0,,8.234885,,5791.0,-0.06326,0.95,0.98,
K2-352 d,K2-352,2.23,5.6,2.77,,727.0,,14.871387,,5791.0,-0.06326,0.95,0.98,
K2-353 b,K2-353,5.55,26.3,0.845,,735.0,33.0649,15.466805,,5698.0,-0.07632,0.99,0.87,
K2-354 b,K2-354,1.56,3.05,4.41,,543.0,,3.793306,,3669.0,-1.6137,0.41,0.43,
K2-355 b,K2-355,2.25,5.69,2.74,,1066.0,,5.7385647,0.0632,5790.0,-0.11465,0.92,0.96,
K2-356 b,K2-356,2.29,5.86,2.68,,624.0,,21.0267366,0.1599,5568.0,-0.24375,0.86,0.9,
K2-357 b,K2-357,3.72,13.4,1.43,,735.0,,16.3488637,0.145,5794.0,-0.06563,1.0,0.98,
K2-358 b,K2-358,2.68,7.65,2.18,,888.0,,11.2510285,0.0863,5650.0,-0.16134,0.91,0.93,
K2-36 b,K2-36,1.43,4.3,8.0,0.093,1328.0,519.0,1.422614,0.02288,4916.0,-0.57,0.718,0.79,1.4
K2-36 c,K2-36,3.2,7.9,1.3,0.089,854.0,89.0,5.340888,0.05528,4916.0,-0.57,0.718,0.79,1.4
K2-360 c,EPIC 201595106,4.02,15.23,1.29,0.11,912.0,115.0,9.79692,0.0883,5679.0,-0.04915,0.98,0.958,6.0
K2-365 b,K2-365,2.906,8.78,1.97,,,,23.448172,,5561.0,-0.01377,1.051,0.823,
K2-366 b,K2-366,2.359,6.16,2.58,,,,15.937039,,5601.0,-0.10862,0.94,0.825,
K2-367 b,K2-367,2.413,6.41,2.51,,,,20.645099,,4348.0,-0.85399,0.625,0.756,
K2-368 b,K2-368,1.332,2.34,5.44,,,,5.025598,,4663.0,-0.69293,0.663,0.746,
K2-368 c,K2-368,1.361,2.42,5.27,,,,9.660186,,4663.0,-0.69293,0.663,0.746,
K2-368 d,K2-368,1.948,4.45,3.31,,,,20.201085,,4663.0,-0.69293,0.663,0.746,
K2-369 b,K2-369,1.313,2.28,5.53,,,,5.761612,,5682.0,-0.12109,0.881,0.735,
K2-37 b,K2-37,1.39,2.51,5.14,,949.0,193.0,4.4434,0.05105,5352.0,-0.40798,0.809,0.84,
K2-37 c,K2-37,2.41,6.39,2.51,,839.0,118.0,6.42966,0.06534,5352.0,-0.40798,0.809,0.84,
K2-37 d,K2-37,2.31,12.5,4.7,,646.0,41.3,14.09229,0.1102,5352.0,-0.40798,0.809,0.84,
K2-370 b,K2-370,3.207,10.4,1.73,,1267.0,428.205,2.14084,,5377.0,-0.12703,0.971,0.984,
K2-371 b,K2-371,13.024,,,,956.83,198.0922,3.114905,,4925.0,-0.51657,0.736,0.958,
K2-372 b,K2-372,2.945,8.98,1.93,,,,9.844077,,5479.0,-0.12154,0.922,0.847,
K2-373 b,K2-373,2.061,4.9,3.08,,,,11.02066,,6138.0,0.43238,1.486,1.158,
K2-374 b,K2-374,1.593,3.16,4.3,,,,4.521953,,5789.0,-0.05943,0.907,0.731,
K2-374 c,K2-374,2.213,5.53,2.8,,,,16.43445,,5789.0,-0.05943,0.907,0.731,
K2-375 b,K2-375,2.243,5.66,2.76,,,,14.453895,,5822.0,0.39626,1.543,1.119,
K2-376 b,K2-376,1.736,3.66,3.84,,,,5.776475,,5937.0,0.18908,1.149,0.908,
K2-377 b,K2-377,1.693,3.51,3.97,,,,12.832235,,4200.0,-0.81809,0.691,0.821,
K2-378 b,K2-378,2.88,8.65,1.99,,,,2.060438,,4823.0,-0.56665,0.732,0.923,
K2-379 b,K2-379,2.181,5.4,2.86,,,,8.777247,,4603.0,-0.6327,0.751,0.856,
K2-38 b,K2-38,1.54,7.3,11.0,0.197,1266.0,426.0,4.01593,0.04994,5731.0,0.03743,1.06,1.03,6.7
K2-38 c,K2-38,2.29,8.3,3.8,0.161,916.0,117.0,10.56103,0.09514,5731.0,0.03743,1.06,1.03,6.7
K2-380 b,K2-380,2.729,7.89,2.13,,,,9.401312,,5911.0,0.20189,1.32,0.993,
K2-381 b,K2-381,1.075,1.26,5.57,,,,7.9389334,,4473.0,-0.73923,0.675,0.754,
K2-381 c,K2-381,2.0,4.66,3.2,,,,16.034656,,4473.0,-0.73923,0.675,0.754,
K2-381 d,K2-381,1.689,3.5,3.99,,,,26.803023,,4473.0,-0.73923,0.675,0.754,
K2-382 b,K2-382,2.072,4.95,3.06,,,,21.700156,,5452.0,-0.27952,0.811,0.922,
K2-383 b,K2-383,1.564,3.07,4.41,,,,1.865962,,5129.0,-0.39685,0.804,1.061,
K2-384 b,K2-384,1.076,1.26,5.56,,,,2.231527,,3623.0,-1.86986,0.348,0.33,
K2-384 c,K2-384,1.191,1.82,5.92,,,,4.194766,,3623.0,-1.86986,0.348,0.33,
K2-384 d,K2-384,1.392,2.52,5.13,,,,6.679582,,3623.0,-1.86986,0.348,0.33,
K2-384 e,K2-384,1.345,2.37,5.35,,,,9.715043,,3623.0,-1.86986,0.348,0.33,
K2-384 f,K2-384,2.222,5.57,2.79,,,,13.62749,,3623.0,-1.86986,0.348,0.33,
K2-385 b,K2-385,1.539,2.98,4.49,,,,2.380867,,4844.0,-0.51852,0.761,0.927,
K2-386 b,K2-386,2.32,5.99,2.64,,,,7.473223,,5749.0,-0.01919,0.97,0.911,
K2-387 b,K2-387,7.322,42.2,0.591,,,,28.735327,,3572.0,-1.23884,0.585,0.57,
K2-388 b,K2-388,3.9,14.5,1.34,,874.0,138.0,6.33932,,5310.0,-0.21167,0.91,0.93,
K2-389 b,K2-389,2.33,6.04,2.62,,932.0,179.0,8.58289,,5773.0,0.10644,1.094,0.99,
K2-389 c,K2-389,2.04,4.82,3.12,,,,20.851337,,5782.0,0.10644,1.084,0.802,
K2-39 b,K2-39,6.27704,28.6047,0.93,0.0,1670.0,1356.0,4.60543,0.05708,4881.0,0.67409,2.97,0.66,6.7
K2-390 b,K2-390,4.662,19.6,1.06,,1119.0,260.965,3.312792,,5558.0,-0.09926,0.966,0.789,
K2-391 b,K2-391,1.371,2.45,5.22,,,,4.622654,,5543.0,0.39142,0.566,0.757,
K2-392 b,K2-392,1.85,4.08,3.54,,,,15.398723,,5726.0,0.04791,1.058,0.841,
K2-393 b,K2-393,2.352,6.13,2.59,,,,10.413181,,5678.0,0.04296,1.071,0.881,
K2-394 b,K2-394,1.692,3.51,3.98,,643.0,28.5068,5.095717,,4938.0,-0.85841,0.631,0.478,
K2-395 b,K2-395,2.597,7.26,2.28,,,,4.803352,,5007.0,-0.41264,0.783,0.952,
K2-395 c,K2-395,3.395,11.4,1.6,,,,8.491282,,5007.0,-0.41264,0.783,0.952,
K2-396 b,K2-396,1.579,3.12,4.35,,,,0.673862,,5236.0,-0.23007,0.92,0.954,
K2-396 c,K2-396,3.124,9.93,1.79,,,,25.76051,,5236.0,-0.23007,0.92,0.954,
K2-397 b,K2-397,2.417,6.42,2.5,,,,3.572326,,5387.0,-0.14497,0.966,0.937,
K2-398 b,K2-398,2.274,5.79,2.71,,,,6.393025,,5946.0,0.25966,1.239,0.945,
K2-398 c,K2-398,5.098,22.8,0.946,,,,18.787839,,5946.0,0.25966,1.239,0.945,
K2-4 b,K2-4,2.1,5.06,3.0,0.08,563.0,15.6,10.003417,0.078,4014.73,-0.91516,0.569359,0.635026,
K2-400 b,K2-400,1.163,1.67,5.83,,,,3.865053,,3578.0,-1.74791,0.382,0.374,
K2-401 b,K2-401,2.262,5.74,2.73,,,,6.293099,,4213.0,-0.8353,0.675,0.87,
K2-402 b,K2-402,2.678,7.65,2.19,,,,17.27474,,5716.0,0.2095,1.28,0.944,
K2-403 b,K2-403,5.333,24.6,0.891,,949.0,134.883,33.589979,,5511.0,-0.17121,0.886,0.784,
K2-404 b,K2-404,2.53,6.94,2.35,,,,13.115365,,3748.0,-1.23901,0.552,0.552,
K2-405 b,K2-405,4.569,18.9,1.09,,969.0,146.577,3.435471,,4927.0,-0.48798,0.765,1.034,
K2-406 b,K2-406,4.602,19.2,1.08,,,,22.549406,,5784.0,-0.05965,0.961,0.798,
K2-407 b,K2-407,1.283,2.19,5.7,,,,4.941907,,5563.0,-0.12724,0.927,0.881,
K2-407 c,K2-407,1.36,2.42,5.29,,,,9.22453,,5563.0,-0.12724,0.927,0.881,
K2-408 b,K2-408,1.677,3.45,4.02,,,,20.978959,,5335.0,-0.33037,0.784,0.813,
K2-409 b,K2-409,2.482,6.72,2.42,,,,1.908084,,5742.0,0.17248,1.228,0.886,
K2-411 b,K2-411,0.9898,0.937,5.31,,,619.038,3.2141,0.0511,5711.0,0.25809,1.375,1.018,
K2-412 b,K2-412,2.116,5.13,2.98,,,243.518,5.9382,0.0586,5590.0,-0.07054,0.977,0.893,
K2-413 b,K2-413,0.7599,0.363,4.55,,,921.755,0.8094,0.0117,4116.0,-0.83322,0.7,0.808,
K2-413 c,K2-413,1.2327,2.05,6.01,,,69.529,5.3301,0.0426,4116.0,-0.83322,0.7,0.808,
K2-414 b,K2-414,1.219,1.98,6.01,,,72.113,4.3696,0.0487,4343.0,-0.70538,0.732,0.814,
K2-414 c,K2-414,1.9287,4.38,3.35,,,56.13,6.669,0.0552,4343.0,-0.70538,0.732,0.814,
K2-415 b,K2-415,1.015,7.5,,,412.4,4.82,4.0179694,0.027,3173.0,-2.45469,0.1965,0.1635,
K2-416 b,K2-416,2.66,1652.7077164,,,447.0,,13.102,0.088,3746.0,-1.27003,0.554,0.548,
K2-417 b,K2-417,3.31,699.2224954,,,558.0,,6.535,0.063,3861.0,-1.20204,0.5776,0.569,
K2-419 A b,K2-419 A,10.55,196.0,0.916,0.042,377.0,3.3,20.35847252,0.1208,3711.0,-1.27654,0.541,0.562,7.4
K2-42 b,K2-42,2.15,5.27,2.91,,,44.1,6.68796,0.0617,4613.0,-0.70324,0.643,0.702,
K2-43 b,K2-43,4.51,18.5,1.11,0.07,939.3,49.0,3.471149,0.03784,3840.6,-1.21241,0.542,0.571,
K2-43 c,K2-43,2.42,6.44,2.5,,1093.7,,2.198884,,3840.6,-1.21241,0.542,0.571,
K2-44 b,K2-44,2.433,6.5,2.48,,1211.0,646.0,5.657,0.06,5912.0,0.42968,1.58,1.15,
K2-45 b,K2-45,6.71,36.4,0.662,0.1,1073.56,100.0,1.7292684,0.0224,4103.0,-0.73994,0.445,0.503,
K2-46 b,K2-46,2.05,4.86,3.1,,889.0,119.0,19.1541,0.13821,6256.0,0.41312,1.29,0.96,
K2-47 b,K2-47,1.89,4.23,3.44,,,10.7,31.6372,0.1779,5054.0,-0.48202,0.76,0.75,
K2-48 b,K2-48,2.24,5.65,2.76,,,15.3,20.5065,0.1344,4899.0,-0.65663,0.73,0.77,
K2-49 b,K2-49,1.93,4.38,3.35,,,59.0,2.77065,0.0309,4175.0,-0.77386,0.45,0.51,
K2-5 b,K2-5,1.91,4.31,3.4,,565.0,24.1,5.73594,0.0532,3930.0,-1.08341,0.57,0.61,
K2-5 c,K2-5,2.26,5.73,2.73,,456.0,10.2,10.93241,0.0818,3930.0,-1.08341,0.57,0.61,
K2-50 b,K2-50,1.59,3.15,4.31,,,18.8,8.7529,0.0705,4326.0,-0.87356,0.546,0.611,
K2-52 b,K2-52,18.0,,,,2004.0,1124.0,3.535055,0.054,7147.0,0.02701,2.192,1.691,
K2-53 b,K2-53,2.6,7.27,2.27,,665.0,52.5,12.20772,0.098,5263.0,-0.5788,0.807,0.851,
K2-54 b,K2-54,2.6116925,7.33,2.26,0.24,560.0,6.1,9.7833,0.0761,3990.0,-1.02228,0.643,0.615,
K2-55 b,K2-55,4.43,44.0,2.8,0.07,900.0,141.3,2.849271,0.03486,4300.0,-0.78432,0.715,0.688,
K2-57 b,K2-57,2.30905002,5.94,2.65,0.25,635.8,24.1,9.0073,0.0752,4413.0,-0.8122,0.671,0.699,6.8
K2-58 b,K2-58,2.68,7.65,2.18,,,118.0,7.05254,0.0692,5413.0,-0.39764,0.86,0.89,
K2-58 c,K2-58,1.62,3.26,4.21,,,462.0,2.53726,0.035,5413.0,-0.39764,0.86,0.89,
K2-58 d,K2-58,1.71,3.57,3.92,,,24.6,22.8827,0.1517,5413.0,-0.39764,0.86,0.89,
K2-59 b,K2-59,2.41,6.39,2.51,,,17.1,20.6921,0.1354,5055.0,-0.66037,0.731,0.774,
K2-59 c,K2-59,2.3,5.9,2.66,,,38.3,11.2954,0.0905,5055.0,-0.66037,0.731,0.774,
K2-6 b,K2-6,2.5,6.8,2.39,,615.0,28.6,30.94191,0.1898,5850.0,-0.12006,0.96,0.97,
K2-60 b,K2-60,7.655747,135.39558,1.7,0.0,1400.0,1212.0,3.00265,0.045,5500.0,0.28233,1.12,0.97,10.0
K2-61 b,K2-61,1.92,4.35,3.38,,1325.0,730.0,2.57336,0.0392,5748.0,-0.01524,0.995,0.97,
K2-62 b,K2-62,2.02,4.74,3.16,,666.0,46.7,6.67199,0.0636,4455.0,-0.72658,0.696,0.67,
K2-62 c,K2-62,1.99,4.62,3.22,,495.0,14.3,16.19697,0.1148,4455.0,-0.72658,0.696,0.67,
K2-63 b,K2-63,3.22,10.5,1.73,,,188.0,20.257,0.1627,6771.0,0.21948,1.63,1.4,
K2-63 c,K2-63,3.9,14.5,1.34,,,139.0,25.4556,0.189,6771.0,0.21948,1.63,1.4,
K2-64 b,K2-64,2.07,4.94,3.06,,,98.0,6.53044,0.0619,5312.0,-0.23421,0.726,0.741,
K2-65 b,K2-65,1.58,3.12,4.35,,,45.0,12.6475,0.1014,5213.0,-0.328,0.84,0.87,
K2-66 b,K2-66,2.49,21.3,7.8,0.0,1372.0,840.0,5.06963,0.05983,5887.0,0.50621,1.67,1.11,
K2-68 b,K2-68,1.58,3.12,4.35,,,41.0,8.05428,0.0708,4746.0,-0.67323,0.675,0.73,
K2-69 b,K2-69,2.32,5.99,2.64,,,17.9,7.06599,0.0591,4127.0,-1.35611,0.491,0.551,
K2-7 b,K2-7,4.03523305,15.3,1.28,0.24,786.0,125.0,28.6781,0.1867,5700.0,0.35025,1.533,1.056,8.6
K2-70 b,K2-70,2.89,8.7,1.98,,,62.0,13.97896,0.1112,5622.0,-0.42935,0.93,0.94,
K2-71 b,K2-71,2.15,5.27,2.91,,,13.4,6.98541,0.0559,4006.0,-1.51871,0.426,0.477,
K2-72 b,K2-72,1.08,1.28,5.58,0.11,,8.5,5.577212,0.04,3360.47,-1.83673,0.330989,0.271365,
K2-72 c,K2-72,1.16,1.65,5.81,0.11,,2.2,15.189034,0.078,3360.47,-1.83673,0.330989,0.271365,
K2-72 d,K2-72,1.01,1.01,5.39,0.11,,5.4,7.760178,0.05,3360.47,-1.83673,0.330989,0.271365,
K2-72 e,K2-72,1.29,2.21,5.66,0.11,,1.2,24.158868,0.106,3360.47,-1.83673,0.330989,0.271365,
K2-73 b,K2-73,2.58,9.2,2.8,,968.0,209.0,7.49556,0.07619,5867.0,0.07609,1.058,1.02,
K2-73 c,K2-73,13.0,1142.0,2.86,,186.1,0.285,1000.0,,5867.0,0.07609,1.058,1.02,
K2-74 b,K2-74,2.31,5.95,2.65,,,59.1,19.5666,0.1402,6060.0,0.05957,0.98,0.96,
K2-75 b,K2-75,2.67,7.61,2.2,,,430.0,7.8142,0.081,5995.0,0.34943,1.56,1.16,
K2-75 c,K2-75,2.77,8.1,2.09,,,138.0,18.311,0.1429,5995.0,0.34943,1.56,1.16,
K2-77 b,K2-77,2.4996027,603.877,,0.29,806.0,58.0,8.2000844,0.0753,5160.0,-0.39686,0.792,0.847,4.7
K2-79 b,K2-79,4.09,9.2,0.73,0.23,1022.0,181.0,10.9947,0.0988,5897.0,0.01823,1.265,1.066,6.5
K2-8 b,K2-8,3.58,12.5,1.5,,631.0,37.7,10.35239,0.0856,4870.0,-0.55319,0.74,0.78,
K2-8 c,K2-8,2.41,6.39,2.51,,801.0,97.8,5.06416,0.0532,4870.0,-0.55319,0.74,0.78,
K2-80 b,K2-80,2.01,4.7,3.18,,,32.5,19.0918,0.135,5441.0,-0.43238,0.87,0.9,
K2-80 c,K2-80,1.47,2.76,4.77,,,166.0,5.605,0.0596,5441.0,-0.43238,0.87,0.9,
K2-80 d,K2-80,2.55211506,7.04,2.33,,,,28.867253,,5377.0,-0.43238,0.841458,0.913111,
K2-81 b,K2-81,1.97,4.54,3.26,0.06,,62.9,6.102325,0.059,4674.13,-0.5689,0.634663,0.745273,
K2-83 b,K2-83,1.244,2.08,5.94,0.07,,41.5,2.74697,0.03014,3910.0,-1.20362,0.424,0.484,
K2-83 c,K2-83,1.483,2.8,4.72,0.06,,7.42,9.99767,0.07131,3910.0,-1.20362,0.424,0.484,
K2-84 b,K2-84,2.41,6.39,2.51,,,178.0,6.4215,0.0665,5652.0,-0.42274,0.93,0.95,
K2-84 c,K2-84,2.03,4.78,3.14,,,25.3,27.86,0.1768,5652.0,-0.42274,0.93,0.95,
K2-85 b,K2-85,1.4,3.2,5.9,0.24,1355.0,800.0,0.68453862616,0.013,4232.0,-0.81171,0.71,0.7,
K2-86 b,K2-86,1.96,4.5,3.28,,,78.0,8.77683,0.077,5482.0,-0.38611,0.76,0.79,
K2-87 b,K2-87,7.6,44.9,0.562,,979.0,85.0,9.726618,0.094,5747.0,-0.09769,1.401,1.164,
K2-88 b,K2-88,1.23,2.04,6.02,0.26,,7.8,4.6122,0.0345,3537.0,-1.54478,0.256,0.258,
K2-89 b,K2-89,0.615,0.17,4.02,0.15,,78.0,1.096026,0.01462,3691.0,-1.32653,0.318,0.347,
K2-9 b,K2-9,2.25,5.69,2.74,,314.0,1.36,18.4498,0.091,3390.0,-1.92082,0.31,0.3,1.0
K2-90 b,K2-90,2.6,7.27,2.27,0.07,502.0,10.2,13.733314,0.096,4484.0,-0.95318,0.619,0.629,
K2-90 c,K2-90,1.3,2.24,5.6,0.19,,80.8,2.900706,0.035,4421.98,-0.95318,0.634754,0.704613,
K2-91 b,K2-91,1.1,1.37,5.66,0.09,,46.0,1.419549,0.0164,3622.0,-1.84126,0.284,0.292,
K2-95 b,K2-95,3.31,11.0,1.67,0.16,474.0,,10.1346454,0.0525,3566.0,-1.63451,0.4,0.41,0.79
K2-97 b,K2-97,13.45077684,174.48779544,0.392,0.207,1566.0,114.149,8.407115,0.0854,4673.0,0.86688,4.14,1.17,7.5
K2-98 b,K2-98,5.06645928,34.00763955,1.4,0.119,1185.0,339.0,10.1367349,0.0986,6260.0,0.50379,1.518,1.246,3.4
K2-99 b,K2-99,11.88151954,276.51071409,0.9,0.22,1184.0,357.0,18.24783,0.153,6069.0,0.89927,2.55,1.44,3.7
K2-99 c,K2-99,12.6,2669.7586188,7.33,0.21,390.0,,522.2,1.43,6069.0,0.89927,2.55,1.44,3.7
KELT-1 b,KELT-1,12.442,8654.15,24.7,0.0099,2361.0,5165.92,1.217514,0.02466,6516.0,0.545,1.471,1.335,
KELT-10 b,KELT-10,15.681391,215.80657,0.308,,1377.0,600.0,4.1662739,0.0525,5948.0,0.21748,1.209,1.112,4.5
KELT-11 b,KELT-11,15.13212395,65.15482343,0.093,0.0,1712.0,1433.0,4.73620865,0.0623,5375.0,0.74429,2.69,1.44,
KELT-12 b,KELT-12,19.95202,301.9385,0.209,0.0,1800.0,1749.0,5.031623,0.06708,6279.0,0.89209,2.37,1.591,2.2
KELT-14 b,KELT-14,19.537287,408.09372,0.322,0.0,1970.0,826.113,1.7100566,0.03005,5720.0,0.27875,1.52,1.239,5.11
KELT-15 b,KELT-15,19.50366,416.3573,0.36,0.0,1642.0,1612.7618,3.32944,0.04613,6003.0,0.41162,1.78,2.06,
KELT-16 b,KELT-16,15.860735,874.0325,1.2,0.0,2453.0,6992.0328,0.9689951,0.02044,6236.0,0.4014,1.36,1.211,3.1
KELT-17 b,KELT-17,17.093725,416.3573,0.46,,2087.0,3331.8707,3.0801716,0.04881,7454.0,0.87564,1.645,1.635,0.65
KELT-18 b,KELT-18,17.59813,375.0394,0.377,0.0,2085.0,3152.0,2.8717518,0.0455,6670.0,0.81291,1.908,1.524,1.9
KELT-19 A b,KELT-19 A,21.40919,1293.5681,0.744,,1935.0,2340.0,4.6117093,0.0637,7500.0,0.97772,1.83,1.62,
KELT-2 A b,KELT-2 A,15.13215,540.311,0.91,0.0,2080.0,3108.45,4.11379,0.05497,6327.0,0.6889,1.93,1.54,3.97
KELT-20 b,KELT-20,19.514869,1074.90106,0.806,0.0,2262.0,4362.5,3.4741085,0.0542,8720.0,1.1038,1.565,1.76,0.6
KELT-21 b,KELT-21,17.777474,1242.7153,1.24,0.0,2051.0,2950.0,3.6127647,0.05224,7598.0,0.90472,1.638,1.458,1.6
KELT-23 A b,KELT-23 A,14.829507,298.12454,0.503,0.0,1561.0,991.183,2.255251,0.03302,5899.0,0.03383,0.996,0.944,6.4
KELT-24 b,KELT-24,12.71098411,1458.83238813,3.9,0.0319,1391.0,624.0,5.55149296,0.0665,6426.0,0.43933,1.338,1.268,1.98
KELT-3 b,KELT-3,17.48604,616.5902,0.75,0.0,1816.0,1704.57,2.70339,0.04123,6304.0,0.62523,1.7,1.96,3.0
KELT-4 A b,KELT-4 A,19.044091,286.68266,0.228,0.0,1823.0,1840.0,2.9895932,0.04317,6206.0,0.53529,1.603,1.201,4.44
KELT-6 b,KELT-6,14.5717,165.2716,0.27,0.22,1313.0,718.188,7.8457,0.07939,6102.0,0.493,1.73,1.42,6.1
KELT-6 c,KELT-6,13.0,1179.1493,2.95,0.21,,,1276.0,2.39,6272.0,0.493,1.529,1.126,4.9
KELT-7 b,KELT-7,17.9344,441.7837,0.442,0.0,2048.0,1775.39,2.73477,0.04415,6768.0,0.758,1.81,1.76,1.3
KELT-8 b,KELT-8,18.15858,209.7678,0.167,0.04,1675.0,983.3098,3.24406,0.0455,5754.0,0.26483,1.46,0.81,5.4
KELT-9 b,KELT-9,21.196219,915.3504,0.53,0.0,4050.0,44900.0,1.4811235,0.03462,10170.0,1.72428,2.362,2.52,0.3
KIC 10001893 b,KIC 10001893,,,,,,,0.2197,,27500.0,1.43069,0.18,0.47,
KIC 10001893 c,KIC 10001893,,,,,,,0.32528,,27500.0,1.43069,0.18,0.47,
KIC 10001893 d,KIC 10001893,,,,,,,0.81161,,27500.0,1.43069,0.18,0.47,
KIC 10068024 b,KIC 10068024,13.4,635.656814,1.45,,,,2.073549,,6118.4,0.496,1.574,1.22,0.56
KIC 10525077 b,KIC 10525077,5.5,25.9,0.855,,,,854.083,,6091.0,0.12899,1.01,1.01,
KIC 3526061 b,KIC 3526061,12.1,5768.58558705,17.9,0.85,,,3552.0,5.14,4829.0,1.21484,5.86,1.42,
KIC 3558849 b,KIC 3558849,6.9,38.1,0.637,,,,1322.3,,6175.0,0.40531,1.01,0.98,
KIC 5437945 b,KIC 5437945,6.4,33.6,0.704,0.0,308.0,2.9,440.7813,1.19671,6340.0,0.64137,1.24,1.07,5.01
KIC 5479689 b,KIC 5479689,14.2,158.9142035,0.305,,,,1.701531,,5459.1,-0.20099,0.894,0.966,
KIC 7917485 b,KIC 7917485,12.4,3750.394,10.8,0.15,,,840.0,,7067.0,0.99564,2.009938,1.63,
KIC 8121913 b,KIC 8121913,13.4,667.4396547,1.52,,,,3.294601,,5975.3,0.73994,2.233,1.456,
KIC 8540376 b,KOI-7892,4.1,15.8,1.26,,,,31.8099,,6474.0,0.2987,1.26,1.04,
KIC 8540376 c,KOI-7892,2.4,6.35,2.52,,,,75.2,,6474.0,0.2987,1.26,1.04,
KIC 9663113 b,KIC 9663113,4.6,19.2,1.08,0.0,264.0,3.356,572.3847,1.55346,6065.0,0.7919,1.03,0.98,2.14
KMT-2016-BLG-0212L b,KMT-2016-BLG-0212L,12.2,5700.0,17.2,,,,,2.2,,,,0.48,
KMT-2016-BLG-1105L b,KMT-2016-BLG-1105L,1.33,2.32,5.42,,,,,2.44,,,,0.41,
KMT-2016-BLG-1107L b,KMT-2016-BLG-1107L,13.1,1043.0,2.55,,,,,0.342,,,,0.087,
KMT-2016-BLG-1397L b,KMT-2016-BLG-1397L,12.7,2200.0,5.9,,,,,5.1,,,,0.45,
KMT-2016-BLG-1820L b,KMT-2016-BLG-1820L,12.9,1450.0,3.71,,,,,1.08,,,,0.039,
KMT-2016-BLG-1836L b,KMT-2016-BLG-1836L,13.3,700.0,1.63,,,,,3.5,,,,0.49,
KMT-2016-BLG-2142L b,KMT-2016-BLG-2142L,12.2,4923.0,14.9,,,,,0.83,,,,0.073,
KMT-2016-BLG-2321L b,KMT-2016-BLG-2321L,13.8,301.93698665,0.631,,,,,3.58,,,,0.73,
KMT-2016-BLG-2364L b,KMT-2016-BLG-2364L,13.0,1250.0,3.13,,,,,2.63,,,,0.5,
KMT-2016-BLG-2397L b,KMT-2016-BLG-2397L,13.2,836.0,2.0,,,,,3.64,,,,0.64,
KMT-2016-BLG-2605L b,KMT-2016-BLG-2605L,14.0,245.0457018,0.491,,,,,0.681,,,,0.064,
KMT-2017-BLG-0165L b,KMT-2017-BLG-0165L,6.45,34.0,0.696,,,,,3.45,,,,0.76,
KMT-2017-BLG-0428L b,KMT-2017-BLG-0428L,2.23,5.59,2.77,,,,,1.81,,,,0.34,
KMT-2017-BLG-0673L b,KMT-2017-BLG-0673L,13.0,1166.43025369,2.92,,,,,2.34,,,,0.63,
KMT-2017-BLG-0849L b,KMT-2017-BLG-0849L,2.41,6.39,2.51,,,,,2.73,,,,0.19,
KMT-2017-BLG-1003L b,KMT-2017-BLG-1003L,2.13,5.19,2.95,,,,,1.38,,,,0.32,
KMT-2017-BLG-1038L b,KMT-2017-BLG-1038L,13.4,640.0,1.46,,,,,1.8,,,,0.37,
KMT-2017-BLG-1057L b,KMT-2017-BLG-1057L,5.19,23.5,0.924,,,,,2.36,,,,0.57,
KMT-2017-BLG-1146L b,KMT-2017-BLG-1146L,14.0,230.0,0.461,,,,,1.6,,,,0.33,
KMT-2017-BLG-1194L b,KMT-2017-BLG-1194L,1.7,3.54,3.96,,,,,1.78,,,,0.41,
KMT-2017-BLG-2197L b,KMT-2017-BLG-2197L,12.5,2809.60311788,7.9,,,,,15.91,,,,0.36,
KMT-2017-BLG-2331L b,KMT-2017-BLG-2331L,14.2,171.0,0.328,,,,,2.14,,,,0.4,
KMT-2017-BLG-2509L b,KMT-2017-BLG-2509L,13.4,664.26137063,1.52,,,,,2.14,,,,0.46,
KMT-2018-BLG-0029L b,KMT-2018-BLG-0029L,2.67,7.59,2.19,,,,,4.27,,,,1.14,
KMT-2018-BLG-0030L b,KMT-2018-BLG-0030L,13.6,460.85119015,1.01,,,,,4.39,,,,0.51,
KMT-2018-BLG-0087L b,KMT-2018-BLG-0087L,10.1,73.10053361,0.39,,,,,0.87,,,,0.1,
KMT-2018-BLG-0247L b,KMT-2018-BLG-0247L,13.4,670.61793877,1.53,,,,,2.46,,,,0.29,
KMT-2018-BLG-0748L b,KMT-2018-BLG-0748L,9.01,60.0,0.451,,,,,0.62,,,,0.087,
KMT-2018-BLG-0885L b,KMT-2018-BLG-0885L,11.9,9217.023803,30.1,,,,,1.07,,,,0.29,
KMT-2018-BLG-1025L b,KMT-2018-BLG-1025L,2.34,6.059,2.6,,,,,1.305,,,,0.219,
KMT-2018-BLG-1292L b,KMT-2018-BLG-1292L,12.9,1400.0,3.58,,,,,6.03,,,,1.09,
KMT-2018-BLG-1743L b,KMT-2018-BLG-1743L,10.5,77.86795971,0.37,,,,,1.449,,,,0.193,
KMT-2018-BLG-1976L b,KMT-2018-BLG-1976L,13.3,705.57906354,1.65,,,,,3.54,,,,0.65,
KMT-2018-BLG-1988L b,KMT-2018-BLG-1988L,2.22,5.56,2.79,,,,,3.09,,,,0.47,
KMT-2018-BLG-1990L b,KMT-2018-BLG-1990L,12.9,111.0,0.284,,,,,0.763,,,,0.094,
KMT-2018-BLG-1996L b,KMT-2018-BLG-1996L,13.7,346.43296363,0.74,,,,,4.27,,,,0.69,
KMT-2018-BLG-2602L b,KMT-2018-BLG-2602L,13.7,365.50266805,0.781,,,,,3.81,,,,0.66,
KMT-2019-BLG-0253L b,KMT-2019-BLG-0253L,2.99,9.2,1.89,,,,,3.1,,,,0.7,
KMT-2019-BLG-0297L b,KMT-2019-BLG-0297L,12.1,6038.739733,18.7,,,,,0.96,,,,0.21,
KMT-2019-BLG-0298L b,KMT-2019-BLG-0298L,13.4,575.26941667,1.31,,,,,5.67,,,,0.7,
KMT-2019-BLG-0335L b,KMT-2019-BLG-0335L,12.1,6674.396547,20.7,,,,,1.64,,,,0.32,
KMT-2019-BLG-0371L b,KMT-2019-BLG-0371L,12.6,2447.2787339,6.72,,,,,0.79,,,,0.09,
KMT-2019-BLG-0414L b,KMT-2019-BLG-0414L,12.9,1452.47581999,3.72,,,,,1.16,,,,0.74,
KMT-2019-BLG-0578L b,KMT-2019-BLG-0578L,13.7,381.3940884,0.815,,,,,2.0,,,,0.28,
KMT-2019-BLG-0842L b,KMT-2019-BLG-0842L,3.19,10.28,1.74,,,,,3.31,,,,0.76,
KMT-2019-BLG-0953L b,KMT-2019-BLG-0953L,4.06,15.5,1.27,,,,,1.1,,,,0.28,
KMT-2019-BLG-1042L b,KMT-2019-BLG-1042L,9.05,60.38739733,0.448,,,,,1.7,,,,0.3,
KMT-2019-BLG-1216L b,KMT-2019-BLG-1216L,5.98,29.87587026,0.768,,,,,2.44,,,,0.39,
KMT-2019-BLG-1339L b,KMT-2019-BLG-1339L,13.7,397.0,0.848,,,,,2.15,,,,0.48,
KMT-2019-BLG-1367L b,KMT-2019-BLG-1367L,1.85,4.08,3.54,,,,,1.7,,,,0.25,
KMT-2019-BLG-1552L b,KMT-2019-BLG-1552L,13.0,1287.20504835,3.22,,,,,2.6,,,,0.79,
KMT-2019-BLG-1715L b,KMT-2019-BLG-1715L,13.2,813.64072192,1.94,,,,,3.32,,,,0.61,
KMT-2019-BLG-1806L b,KMT-2019-BLG-1806L,2.0,4.67,3.21,,,,,3.02,,,,0.74,
KMT-2019-BLG-1953L b,KMT-2019-BLG-1953L,14.1,200.0,0.392,,,,,,,,,0.31,
KMT-2019-BLG-2783L b,KMT-2019-BLG-2783L,13.7,368.68095212,0.788,,,,,1.85,,,,0.34,
KMT-2019-BLG-2974L b,KMT-2019-BLG-2974L,11.4,88.99195396,0.33,,,,,2.0,,,,0.47,
KMT-2020-BLG-0414L b,KMT-2020-BLG-0414L,1.2,1.87,5.95,,,,,2.07,,,,0.49,
KMT-2020-BLG-0414L c,KMT-2020-BLG-0414L,11.9,8581.366989,28.0,,,,,22.3,,,,0.49,
KMT-2021-BLG-0119L b,KMT-2021-BLG-0119L,12.8,1754.41280664,4.6,,,,,2.92,,,,0.56,
KMT-2021-BLG-0171L b,KMT-2021-BLG-0171L,3.35,11.2,1.64,,,,,3.5,5200.0,,,0.78,
KMT-2021-BLG-0192L b,KMT-2021-BLG-0192L,6.56,34.96112477,0.681,,,,,1.62,,,,0.27,
KMT-2021-BLG-0240L b,KMT-2021-BLG-0240L,9.6,66.74396547,0.415,,,,,2.8,,,,0.56,
KMT-2021-BLG-0320L b,KMT-2021-BLG-0320L,6.2,31.7828407,0.733,,,,,1.54,,,,0.32,
KMT-2021-BLG-0322L b,KMT-2021-BLG-0322L,12.7,2034.1018048,5.46,,,,,,,,,0.62,
KMT-2021-BLG-0712L b,KMT-2021-BLG-0712L,6.91,38.19,0.636,,,,,2.22,,,,0.22,
KMT-2021-BLG-0736L b,KMT-2021-BLG-0736L,4.86,21.0,1.01,,,,,4.0,,,,0.6,
KMT-2021-BLG-0748L b,KMT-2021-BLG-0748L,14.3,143.02278315,0.269,,,,,2.43,,,,0.36,
KMT-2021-BLG-0909L b,KMT-2021-BLG-0909L,13.7,400.46379282,0.856,,,,,1.75,,,,0.38,
KMT-2021-BLG-0912L b,KMT-2021-BLG-0912L,1.49,2.81,4.67,,,,,3.14,,,,0.8,
KMT-2021-BLG-1077L b,KMT-2021-BLG-1077L,9.86,69.92224954,0.401,,,,,1.26,,,,0.14,
KMT-2021-BLG-1077L c,KMT-2021-BLG-1077L,10.6,79.45710175,0.367,,,,,0.93,,,,0.14,
KMT-2021-BLG-1105L b,KMT-2021-BLG-1105L,13.6,413.1769291,0.903,,,,,3.54,,,,0.63,
KMT-2021-BLG-1150L b,KMT-2021-BLG-1150L,13.9,279.68899816,0.572,,,,,4.5,,,,0.73,
KMT-2021-BLG-1253L b,KMT-2021-BLG-1253L,4.59,19.05,1.08,,,,,1.52,,,,0.24,
KMT-2021-BLG-1303L b,KMT-2021-BLG-1303L,13.6,120.77479466,0.264,,,,,2.89,,,,0.57,
KMT-2021-BLG-1372L b,KMT-2021-BLG-1372L,9.12,61.27,0.444,,,,,2.37,,,,0.42,
KMT-2021-BLG-1391L b,KMT-2021-BLG-1391L,1.97,4.55,3.27,,,,,2.29,,,,0.37,
KMT-2021-BLG-1547L b,KMT-2021-BLG-1547L,13.6,467.20775829,1.02,,,,,4.5,,,,0.72,
KMT-2021-BLG-1554L b,KMT-2021-BLG-1554L,6.9,38.13940884,0.638,,,,,0.72,,,,0.08,
KMT-2021-BLG-1689L b,KMT-2021-BLG-1689L,7.71,46.0,0.552,,,,,2.5,4570.0,,,0.58,
KMT-2021-BLG-1770L b,KMT-2021-BLG-1770L,12.1,6674.396547,20.7,,,,,0.9,,,,0.13,
KMT-2021-BLG-1898L b,KMT-2021-BLG-1898L,14.0,232.01473711,0.465,,,,,1.9,,,,0.48,
KMT-2021-BLG-2010L b,KMT-2021-BLG-2010L,13.8,340.07639549,0.711,,,,,1.79,,,,0.37,
KMT-2021-BLG-2294L b,KMT-2021-BLG-2294L,5.02,22.24798849,0.966,,,,,1.15,,,,0.14,
KMT-2021-BLG-2478L b,KMT-2021-BLG-2478L,13.9,286.0455663,0.585,,,,,1.85,,,,0.2,
KMT-2021-BLG-2609L b,KMT-2021-BLG-2609L,3.17,10.17050902,1.75,,,,,2.3,,,,0.2,
KMT-2022-BLG-0303L b,KMT-2022-BLG-0303L,14.2,163.04597279,0.313,,,,,4.81,,,,0.368,
KMT-2022-BLG-0371L b,KMT-2022-BLG-0371L,10.9,82.63538582,0.351,,,,,3.02,,,,0.63,
KMT-2022-BLG-0440L b,KMT-2022-BLG-0440L,4.05,15.4,1.27,,,,,1.9,,,,0.53,
KMT-2022-BLG-1013L b,KMT-2022-BLG-1013L,12.1,98.52680617,0.306,,,,,1.38,,,,0.18,
KMT-2022-BLG-1790L b,KMT-2022-BLG-1790L,13.5,549.84314411,1.23,,,,,5.25,,,,0.58,
KMT-2022-BLG-1818L b,KMT-2022-BLG-1818L,13.0,1271.313628,3.18,,,,,2.6,,,,0.79,
KMT-2022-BLG-1818L c,KMT-2022-BLG-1818L,13.2,114.41822652,0.273,,,,,12.6,,,,0.79,
KMT-2022-BLG-2076L b,KMT-2022-BLG-2076L,13.9,279.68899816,0.572,,,,,5.67,,,,0.67,
KMT-2022-BLG-2286L b,KMT-2022-BLG-2286L,12.1,6038.739733,18.7,,,,,2.02,,,,0.2,
KMT-2023-BLG-0119L b,KMT-2023-BLG-0119L,11.0,83.7,0.346,,,,,3.14,,,,0.71,
KMT-2023-BLG-0416L b,KMT-2023-BLG-0416L,3.67,13.03096469,1.45,,,,,2.96,,,,0.63,
KMT-2023-BLG-0469L b,KMT-2023-BLG-0469L,7.04,39.41072247,0.621,,,,,2.31,,,,0.47,
KMT-2023-BLG-0548L b,KMT-2023-BLG-0548L,13.1,1086.97315194,2.66,,,,,6.85,,,,0.72,
KMT-2023-BLG-0735L b,KMT-2023-BLG-0735L,6.97,38.77506565,0.629,,,,,2.96,,,,0.61,
KMT-2023-BLG-0830L b,KMT-2023-BLG-0830L,4.41,17.79839079,1.14,,,,,1.7,,,,0.22,
KMT-2023-BLG-0949L b,KMT-2023-BLG-0949L,12.8,1900.61387386,4.98,,,,,2.03,,,,0.48,
KMT-2023-BLG-1431L b,KMT-2023-BLG-1431L,3.76,13.6,1.41,,,,,3.2,,,,0.57,
KMT-2023-BLG-1454L b,KMT-2023-BLG-1454L,14.1,200.23189641,0.393,,,,,1.18,,,,0.17,
KMT-2023-BLG-1642L b,KMT-2023-BLG-1642L,13.8,343.25467956,0.718,,,,,1.41,,,,0.17,
KMT-2023-BLG-1743L b,KMT-2023-BLG-1743L,12.1,6356.56814,19.7,,,,,1.16,,,,0.11,
KMT-2023-BLG-1866L b,KMT-2023-BLG-1866L,1.43,2.63,4.94,,,,,2.63,,,,0.51,
KMT-2023-BLG-1896L b,KMT-2023-BLG-1896L,4.19,16.35,1.22,,,,,2.86,,,,0.72,
KMT-2023-BLG-2209L b,KMT-2023-BLG-2209L,13.9,254.2627256,0.52,,,,,3.51,,,,0.73,
KMT-2024-BLG-0176L b,KMT-2024-BLG-0176L,14.0,241.54958932,0.484,,,,,1.32,,,,0.103,
KMT-2024-BLG-0349L b,KMT-2024-BLG-0349L,12.4,3769.44490702,10.9,,,,,6.46,,,,0.68,
KMT-2024-BLG-0404L b,KMT-2024-BLG-0404L,11.9,8657.64580668,28.2,,,,,0.85,,,,0.09,
KMT-2024-BLG-0404L c,KMT-2024-BLG-0404L,4.33,17.3,1.17,,,,,,,,,0.09,
KMT-2024-BLG-1005L b,KMT-2024-BLG-1005L,12.1,6674.396547,20.7,,,,,0.78,,,,0.055,
KMT-2024-BLG-1044L b,KMT-2024-BLG-1044L,2.7,7.75,2.16,,,,,,,,,0.069,
KMT-2024-BLG-1209L b,KMT-2024-BLG-1209L,13.2,839.06699448,2.0,,,,,2.51,,,,0.77,
KMT-2024-BLG-1281L b,KMT-2024-BLG-1281L,4.59,19.06970442,1.08,,,,,1.96,,,,0.32,
KMT-2024-BLG-1870L b,KMT-2024-BLG-1870L,13.8,336.89811142,0.704,,,,,3.15,,,,0.67,
KMT-2024-BLG-2059L b,KMT-2024-BLG-2059L,2.54,6.99222495,2.34,,,,,2.55,,,,0.51,
KMT-2024-BLG-2087L b,KMT-2024-BLG-2087L,12.9,1395.26670673,3.57,,,,,3.03,,,,0.48,
KMT-2024-BLG-2242L b,KMT-2024-BLG-2242L,3.82,13.98444991,1.38,,,,,0.89,,,,0.069,
KMT-2025-BLG-1616L b,KMT-2025-BLG-1616L,7.34,42.32,0.588,,,,,1.6,,,,0.26,
KOBE-1 b,KOBE-1,2.91,8.8,1.96,0.0,594.4,20.56,8.5399,0.07006,4135.0,-0.99576,0.619,0.629,
KOBE-1 c,KOBE-1,3.56,12.4,1.51,0.0,392.5,3.91,29.671,0.16071,4135.0,-0.99576,0.619,0.629,
KOI-12 b,KOI-12,13.78707,349.613,0.733,0.34,911.0,196.507,17.855182,0.154,6635.0,0.62645,1.4,1.5,1.45
KOI-1257 b,KOI-1257,10.54,460.83,2.1,0.772,511.0,7.28,86.647661,0.382,5520.0,0.0292,1.13,0.99,9.3
KOI-13 b,KOI-13,16.948008,2949.4624,3.6,0.00064,2550.0,25339.901,1.763588,0.03641,7650.0,0.971,1.74,1.72,1.12
KOI-134 b,KOI-134,12.03844527,346.43296363,1.09,0.16,659.0,45.0,67.1277,0.363,6160.0,0.62325,1.667,1.407,2.4
KOI-134 c,KOI-134,9.86,69.92224954,0.401,0.24,,,33.95,0.2305,6160.0,0.62325,1.667,1.407,2.4
KOI-142 b,KOI-142,3.438,9.5,1.29,0.05561,758.0,68.563,10.91647,0.09586,5466.0,-0.16507,0.897,0.99,1.6
KOI-142 c,KOI-142,14.0,214.1,0.429,0.05724,,,22.26492,0.154121003,5466.0,-0.16507,0.897,0.99,1.6
KOI-1599.01,KOI-1599,1.9,4.6,3.69,0.014,660.0,44.8,20.4415,0.14728,5833.0,0.16196,0.972,1.02,4.7
KOI-1599.02,KOI-1599,1.9,9.0,7.21,0.0114,755.0,76.81,13.6088,0.112293,5833.0,0.16196,0.972,1.02,4.7
KOI-1783.01,KOI-1783,8.86,71.0,0.56,0.0,412.0,5.7,134.4628,0.52661,5922.0,0.21302,1.143,1.076,0.2
KOI-1783.02,KOI-1783,5.44,15.0,0.51,0.0,321.0,2.49,284.215,0.86695,5922.0,0.21302,1.143,1.076,0.2
KOI-1831 d,Kepler-324,1.13,2.23,9.95,0.0,475.0,11.8,34.169,0.19924,5233.0,-0.30825,0.835,0.901,3.39
KOI-1833 d,Kepler-968,2.58,11.02,4.5,0.0,613.0,27.35,7.685,0.0634,4413.0,-0.7626,0.667,0.681,2.14
KOI-1843.03,Kepler-974,0.61,8.0,,,1654.0,,0.1768913,0.005,3584.0,-1.35426,0.45,0.46,4.79
KOI-217 b,KOI-217,12.442,,,0.0,1046.0,272.033,3.90512,0.0477,5545.0,-0.16872,0.86,0.95,1.7
KOI-2513.01,KOI-2513,2.80224517,7310.053361,2000.0,0.36,758.0,78.19,19.00547,0.5,5900.0,0.197,1.2,0.91,8.0
KOI-3503 b,KOI-3503,1.19,9.2,10.0,0.0,785.0,90.2,21.185,0.14247,6001.0,0.30005,1.255,0.858,11.48
KOI-3503 c,KOI-3503,1.21,10.36,10.0,0.0,686.0,52.5,31.828,0.18688,6001.0,0.30005,1.255,0.858,11.48
KOI-351 b,KOI-351,1.31,2.27,5.55,0.0,1062.0,316.442,7.008151,0.074,6080.0,0.26853,1.2,1.2,0.53
KOI-351 c,KOI-351,1.19,1.81,5.9,0.0,987.0,236.315,8.719375,0.089,6080.0,0.26853,1.2,1.2,0.53
KOI-351 d,KOI-351,2.87,8.6,2.0,0.0,520.0,18.168,59.73667,0.32,6080.0,0.26853,1.2,1.2,0.53
KOI-351 e,KOI-351,2.66,7.56,2.21,0.0,450.0,10.228,91.93913,0.42,6080.0,0.26853,1.2,1.2,0.53
KOI-351 f,KOI-351,2.88,8.65,1.99,0.0,407.0,6.796,124.9144,0.48,6080.0,0.26853,1.2,1.2,0.53
KOI-351 g,KOI-351,7.718,15.0,0.272128,0.0292,342.0,3.387,210.73514,0.71704,6031.13,0.26853,1.185,1.242,0.53
KOI-351 h,KOI-351,11.252,203.0,0.911829,0.0276,294.0,1.849,331.60296,0.97062,6031.13,0.26853,1.185,1.242,0.53
KOI-3680 b,KOI-3680,11.09691,613.4119,2.46,0.496,347.0,3.3,141.241671,0.534,5830.0,0.06783,0.96,1.01,3.2
KOI-4777.01,KOI-4777,0.51,99.2,,0.0,1180.0,320.0,0.412,0.008,3515.0,-1.64043,0.4,0.41,4.0
KOI-4978 b,KOI-4978,0.7,0.271,4.34,,,,0.941967,,5050.28,-0.1769,0.966,0.859,1.48
KOI-55 b,KOI-55,0.759,0.44,5.53,,,,0.240104,0.006,27730.0,1.36,0.203,0.496,
KOI-55 c,KOI-55,0.867,0.655,5.52,,,,0.342887,0.0076,27730.0,1.36,0.203,0.496,
KOI-7368 b,KOI-7368,2.22,5.56,2.79,0.0,805.0,99.24,6.8430344,0.0678,5241.0,-0.31552,0.874,0.879,0.036
KOI-7913 b,KOI-7913 A,2.34,6.08,2.61,0.0,432.0,8.27,24.278553,0.1456,4324.0,-0.76792,0.788,0.76,0.036
KOI-94 b,KOI-94,1.71,10.5,10.1,0.25,1486.0,1053.181,3.743208,0.05119,6182.0,0.479,1.52,1.277,3.16
KOI-94 c,KOI-94,4.32,15.6,0.91,0.43,1012.0,268.219,10.423648,0.1013,6182.0,0.479,1.52,1.277,3.16
KOI-94 d,KOI-94,11.27,106.0,0.363,0.022,806.0,97.12,22.342989,0.1684,6182.0,0.479,1.52,1.277,3.16
KOI-94 e,KOI-94,6.56,35.0,0.6,0.019,584.0,29.7,54.32031,0.3046,6182.0,0.479,1.52,1.277,3.16
KOI-984 b,KOI-984,4.3,17.1,1.18,0.12,1022.0,186.31,4.2881785,0.0504,5295.0,-0.324,0.818,0.928,1.3
KOI-984 c,KOI-984,14.1,209.8,0.411,0.38,597.0,,21.512,0.1467,5295.0,-0.324,0.818,0.928,1.3
KOINTREAU-1 b,XEST 17-036,12.4,3368.9811142,9.71,,,,,690.0,3551.0,,,0.26,0.0033
KOINTREAU-3 b,ISO-Oph 96,13.1,1080.6165838,2.64,,,,,342.0,3920.0,-1.18009,0.730795,0.41,0.002
KOINTREAU-4 b,2MASS J16262785-2625152,12.2,4862.7746271,14.7,,,,,182.0,3252.0,,,,0.0113
KPS-1 b,KPS-1,11.54527,346.4347,1.31,0.0,1459.0,729.0,1.706291,0.0269,5165.0,-0.35281,0.907,0.892,
Kapteyn c,Kapteyn,2.54,7.0,2.35,0.23,,,121.54,0.311,3550.0,-1.79289,0.291,0.281,
Kepler-10 b,Kepler-10,1.47,3.24,5.54,0.0,2188.0,3741.78,0.8374907,0.01685,5708.0,0.05467,1.065,0.91,10.6
Kepler-10 c,Kepler-10,2.355,11.29,4.75,0.136,579.0,18.3,45.294301,0.241,5708.0,0.05467,1.065,0.91,10.6
Kepler-10 d,Kepler-10,3.49,12.0,1.55,0.19,387.0,,151.06,0.5379,5708.0,0.05467,1.065,0.91,10.6
Kepler-100 b,Kepler-100,1.34,4.01,12.357908,0.13,1155.0,478.214,6.88734,0.07309,5837.0,0.39445,1.51,1.13,6.92
Kepler-100 c,Kepler-100,2.2,7.05,1.721102,0.02,939.0,208.657,12.8159,0.11061,5825.0,0.39445,1.49,1.08,6.46
Kepler-100 d,Kepler-100,1.61,3.0,2.695922,0.38,670.0,53.981,35.3331,0.21747,5825.0,0.39445,1.49,1.08,6.46
Kepler-100 e,Kepler-100,5.27,24.14271827,0.906,0.026437,,,60.888588,0.312391586,5884.0,0.39445,1.5,1.097,6.92
Kepler-1000 b,Kepler-1000,4.76,20.3,1.03,0.0,473.0,18.0,120.0181272,0.5326,6453.0,0.7147,1.51,1.4,1.26
Kepler-1001 b,Kepler-1001,3.15,10.1,1.78,0.0,693.0,40.853,14.30511983,0.11147,5491.0,-0.27856,0.88,0.9,4.68
Kepler-1001 c,Kepler-1001,1.57799279,3.11,4.35,0.0,804.0,72.4,9.18186,0.08296,5376.0,-0.27856,0.836475,0.93,1.82
Kepler-1002 b,Kepler-1002,1.71,3.57,3.92,0.0,1453.0,981.68,4.336429331,0.0564,6144.0,0.501,1.57,1.22,4.07
Kepler-1003 b,Kepler-1003,1.78,3.82,3.72,0.0,1157.0,814.925,3.554856915,0.04333,6109.0,0.28151,1.17,1.11,3.16
Kepler-1004 b,Kepler-1004,6.28,32.5,0.721,0.0,1661.0,1610.087,5.28789787,0.06791,4972.0,0.71341,3.39,1.11,7.76
Kepler-1005 b,Kepler-1005,1.5,2.86,4.66,0.0,1026.0,301.329,6.49801525,0.06717,5782.0,0.1356,1.06,1.0,6.17
Kepler-1006 b,Kepler-1006,1.54,2.99,4.5,0.0,791.0,153.493,19.76172042,0.1464,5328.0,-0.4,0.74,0.78,4.27
Kepler-1007 b,Kepler-1007,1.44,2.67,4.91,0.0,652.0,42.62,5.185002073,0.048,4587.0,-0.56838,0.7,0.73,4.17
Kepler-1008 b,Kepler-1008,1.28,2.18,5.71,0.0,627.0,35.408,12.43931193,0.09755,5066.0,-0.50671,0.78,0.81,6.76
Kepler-1009 b,Kepler-1009,2.17,5.35,2.88,0.0,403.0,11.561,11.35011917,0.0796,4027.0,-0.98735,0.57,0.59,3.16
Kepler-101 b,Kepler-101,5.77,51.1,1.45,0.086,1513.0,1240.332,3.4876812,0.0474,5667.0,0.42034,1.56,1.17,5.9
Kepler-101 c,Kepler-101,1.25,3.78,10.5,0.0,1413.0,596.069,6.02976,0.0684,5667.0,0.42034,1.56,1.17,5.9
Kepler-1010 b,Kepler-1010,2.32,5.99,2.64,0.0,477.0,10.17,34.2685705,0.193,5253.0,-0.41164,0.82,0.86,4.79
Kepler-1011 b,Kepler-1011,2.87,8.6,2.0,0.0,920.0,108.788,5.753221974,0.0633,5416.0,-0.37597,0.88,0.91,4.47
Kepler-1012 b,Kepler-1012,1.29,2.21,5.66,0.0,934.0,191.811,5.50860439,0.06066,5556.0,-0.19399,0.91,0.95,3.72
Kepler-1013 b,Kepler-1013,2.15,5.27,2.91,0.0,766.0,16.101,18.93054959,0.137,4954.0,-0.53079,0.76,0.81,4.27
Kepler-1014 b,Kepler-1014,2.39,6.3,2.54,0.0,614.0,33.479,16.57110363,0.121,5388.0,-0.3365,0.84,0.88,4.79
Kepler-1015 b,Kepler-1015,3.55,12.3,1.51,0.0,1040.0,172.112,16.00494214,0.1345,6769.0,0.55886,1.81,1.49,1.58
Kepler-1016 b,Kepler-1016,2.18,5.39,2.86,0.0,1540.0,1445.204,1.954524342,0.03044,5821.0,0.12363,1.0,0.99,3.89
Kepler-1016 c,Kepler-1016,3.68,13.1,1.44,0.0,407.0,7.071,105.6551369,0.43519,5821.0,0.12363,1.0,0.99,3.89
Kepler-1017 b,Kepler-1017,1.99,4.62,3.22,0.0,831.0,119.603,7.23400469,0.07196,5473.0,-0.16138,0.87,0.93,2.95
Kepler-1018 b,Kepler-1018,2.58,7.18,2.3,0.0,498.0,12.098,49.1013514,0.253,5518.0,-0.08221,0.88,0.91,4.47
Kepler-1019 b,Kepler-1019,1.46,2.73,4.82,0.0,1164.0,330.249,1.411229847,0.0221,4433.0,-0.80636,0.67,0.7,3.55
Kepler-102 b,Kepler-102,0.46,1.1,62.0,0.1,857.0,90.0,5.286965,0.05521,4909.0,-0.58436,0.724,0.803,1.1
Kepler-102 c,Kepler-102,0.567,1.7,52.0,0.094,777.0,61.0,7.071392,0.06702,4909.0,-0.58436,0.724,0.803,1.1
Kepler-102 d,Kepler-102,1.154,3.0,10.7,0.092,686.0,36.9,10.311767,0.08618,4909.0,-0.58436,0.724,0.803,1.1
Kepler-102 e,Kepler-102,2.17,4.7,2.5,0.089,590.0,20.3,16.1456994,0.1162,4909.0,-0.58436,0.724,0.803,1.1
Kepler-102 f,Kepler-102,0.861,4.3,37.0,0.1,495.0,10.0,27.453592,0.1656,4909.0,-0.58436,0.724,0.803,1.1
Kepler-1020 b,Kepler-1020,2.28,5.82,2.7,0.0,325.0,2.339,96.9151496,0.37594,5227.0,-0.43597,0.8,0.87,3.63
Kepler-1021 b,Kepler-1021,2.33,6.04,2.62,0.0,634.0,50.37,13.47469571,0.1034,5431.0,-0.28836,0.86,0.89,4.68
Kepler-1022 b,Kepler-1022,2.36,6.17,2.58,0.0,512.0,19.258,10.99469878,0.0805,4445.0,-0.85831,0.68,0.71,3.63
Kepler-1023 b,Kepler-1023,2.63,7.41,2.24,0.0,524.0,6.978,62.1387714,0.30284,5494.0,-0.1926,0.89,0.93,4.47
Kepler-1024 b,Kepler-1024,3.91,14.5,1.33,0.0,376.0,5.446,66.4162133,0.3033,5143.0,-0.34993,0.78,0.81,5.25
Kepler-1025 b,Kepler-1025,1.98,4.58,3.24,0.0,1654.0,17.952,37.3229493,0.21607,6089.0,0.28708,1.13,1.09,3.31
Kepler-1026 b,Kepler-1026,2.21,5.52,2.81,0.0,425.0,5.988,36.5156053,0.1977,4948.0,-0.61688,0.75,0.79,4.57
Kepler-1027 b,Kepler-1027,0.89,0.64,4.99,0.0,1268.0,1162.51,1.907805199,0.02911,5436.0,0.01051,0.82,0.91,1.41
Kepler-1028 b,Kepler-1028,1.33,2.33,5.44,0.0,1217.0,519.636,2.51462432,0.0354,5522.0,-0.24485,0.87,0.9,4.68
Kepler-1029 b,Kepler-1029,1.26,2.13,5.85,0.0,790.0,92.16,4.417696479,0.047,5030.0,-0.61975,0.77,0.82,4.07
Kepler-103 b,Kepler-103,3.4857,11.67,1.52,0.171,973.0,150.536,15.9653287,0.133,6047.0,0.42431,1.492,1.212,6.03
Kepler-103 c,Kepler-103,5.4539,58.47,1.98,0.103,434.0,5.97,179.60978,0.6679,6047.0,0.42431,1.492,1.212,6.03
Kepler-1030 b,Kepler-1030,2.48,6.71,2.42,0.0,529.0,16.881,19.32952416,0.1338,4983.0,-0.55288,0.76,0.8,4.37
Kepler-1031 b,Kepler-1031,0.87,0.59,4.92,0.0,2024.0,3973.86,1.22621732,0.0218,6011.0,0.17,1.12,1.09,3.39
Kepler-1032 b,Kepler-1032,1.87,4.16,3.5,0.0,802.0,176.144,3.290117953,0.0361,4647.0,-0.65547,0.71,0.77,1.86
Kepler-1033 b,Kepler-1033,2.51,6.85,2.38,0.0,914.0,159.422,7.56052806,0.0761,5547.0,-0.12579,0.92,0.94,5.01
Kepler-1034 b,Kepler-1034,2.26,5.73,2.73,0.0,675.0,36.787,12.12400943,0.0965,5198.0,-0.43881,0.8,0.83,4.79
Kepler-1035 b,Kepler-1035,1.17,1.71,5.87,0.0,1301.0,1180.064,2.714077555,0.03883,5763.0,0.209,0.97,0.98,4.47
Kepler-1036 b,Kepler-1036,3.01,9.32,1.88,0.0,326.0,2.821,122.8808058,0.47726,5533.0,-0.20151,0.89,0.95,3.24
Kepler-1037 b,Kepler-1037,1.28,2.18,5.71,0.0,1650.0,1015.434,1.063788673,0.0198,5105.0,-0.44752,0.78,0.82,5.13
Kepler-1038 b,Kepler-1038,3.53,12.2,1.52,0.0,285.0,1.512,148.4603382,0.5238,5335.0,-0.362,0.83,0.87,4.27
Kepler-1038 c,Kepler-1038,1.4162338,2.59,5.01,0.0,784.0,89.24,7.127659798,0.0692,5159.0,-0.362,0.821,0.868,14.0
Kepler-1039 b,Kepler-1039,1.46,2.73,4.82,0.0,2080.0,668.128,0.934884242,0.01714,4870.0,-0.64925,0.74,0.79,4.37
Kepler-104 b,Kepler-104,3.1,19.6,4.064848,0.0,852.0,119.907,11.427548,0.094,5711.0,0.08926,1.349,0.818,13.18
Kepler-104 c,Kepler-104,3.13,7.14430805,2.994855,0.0,668.0,45.438,23.668205,0.153,5711.0,0.08926,1.349,0.818,13.18
Kepler-104 d,Kepler-104,3.58,5.54022107,1.668541,0.0,515.0,16.012,51.755394,0.257,5711.0,0.08926,1.349,0.818,13.18
Kepler-1040 b,Kepler-1040,2.08,4.98,3.04,0.0,300.0,2.121,201.1214,0.67249,5694.0,-0.04375,0.96,0.98,4.17
Kepler-1041 b,Kepler-1041,2.94,8.96,1.94,0.0,644.0,117.956,24.7576421,0.1688,5957.0,0.48914,1.08,1.06,3.55
Kepler-1042 b,Kepler-1042,2.19,5.43,2.84,0.0,574.0,25.66,10.13202575,0.0756,4815.0,-0.6,0.72,0.75,4.79
Kepler-1043 b,Kepler-1043,2.55,7.04,2.33,0.0,532.0,21.692,38.5053398,0.2159,5629.0,-0.07309,0.9,0.92,4.47
Kepler-1044 b,Kepler-1044,2.67,7.61,2.2,0.0,1058.0,218.497,6.77408868,0.0741,5985.0,0.03099,1.11,1.08,3.55
Kepler-1045 b,Kepler-1045,2.69,7.7,2.17,0.0,512.0,19.127,26.41045478,0.1616,5301.0,-0.33356,0.82,0.86,4.47
Kepler-1046 b,Kepler-1046,1.71,3.57,3.92,0.0,786.0,101.4,14.37508035,0.11858,5913.0,0.06429,1.04,1.04,3.63
Kepler-1047 b,Kepler-1047,2.09,5.02,3.02,0.0,503.0,28.851,56.1886887,0.29871,5754.0,0.42359,1.13,1.08,4.47
Kepler-1047 c,Kepler-1047,0.99,0.937,5.31,0.0,1309.0,1323.065,3.18897601,0.04413,5754.0,0.42359,1.13,1.08,4.47
Kepler-1048 b,Kepler-1048,1.61,3.22,4.24,0.0,619.0,96.976,6.92101021,0.059,4651.0,-0.40925,0.7,0.75,3.98
Kepler-1049 b,Kepler-1049,0.95,0.809,5.18,0.0,625.0,50.427,3.273460736,0.0349,3864.0,-1.13956,0.49,0.51,3.8
Kepler-105 b,Kepler-105,2.53,10.8,3.68,0.02,1418.0,341.809,5.4122034,0.06016,5933.0,0.09657,1.026,0.991,4.27
Kepler-105 c,Kepler-105,1.44,5.6,10.4,0.02,997.0,236.167,7.12592,0.07229,5933.0,0.09657,1.026,0.991,4.27
Kepler-1050 b,Kepler-1050,1.6,3.19,4.28,0.0,1039.0,62.025,15.3787546,0.12353,6010.0,0.05871,1.13,1.09,3.55
Kepler-1050 c,Kepler-1050,1.48,2.79,4.73,0.0,935.0,40.644,21.1284569,0.15264,6010.0,0.05871,1.13,1.09,3.55
Kepler-1051 b,Kepler-1051,3.4,11.5,1.61,0.0,850.0,87.457,25.96200249,0.18395,6675.0,0.52413,1.73,1.43,1.74
Kepler-1052 b,Kepler-1052,2.93,8.91,1.95,0.0,522.0,20.976,34.8538276,0.20988,5888.0,-0.04685,1.03,1.03,3.55
Kepler-1052 c,Kepler-1052,2.3,5.9,2.66,0.0,302.0,1.96,180.921729,0.6135,5818.0,-0.04685,0.848,0.937,1.2
Kepler-1053 b,Kepler-1053,0.98,0.904,5.28,0.0,953.0,139.818,2.414351654,0.0315,4529.0,-0.89512,0.69,0.74,3.09
Kepler-1054 b,Kepler-1054,2.63,7.41,2.24,0.0,1177.0,760.524,4.30655689,0.05542,6209.0,0.36867,1.34,1.22,2.82
Kepler-1055 b,Kepler-1055,1.23,2.04,6.02,0.0,1304.0,647.256,2.295036233,0.0335,5723.0,-0.14818,0.94,0.98,3.09
Kepler-1056 b,Kepler-1056,3.01,9.32,1.88,0.0,590.0,56.91,27.495606,0.1629,6127.0,0.22658,1.2,1.12,2.95
Kepler-1057 b,Kepler-1057,3.36,11.2,1.62,0.0,724.0,69.213,14.08827448,0.1138,5987.0,-0.0058,1.1,1.07,3.09
Kepler-1058 b,Kepler-1058,2.72,7.85,2.14,0.0,239.0,0.77,110.96546,0.3679,4644.0,-0.31631,0.69,0.73,3.39
Kepler-1059 b,Kepler-1059,1.73,3.64,3.86,0.0,908.0,174.074,3.764191048,0.044,4906.0,-0.52036,0.72,0.75,5.37
Kepler-106 b,Kepler-106,0.82,5.3,,0.0,1021.0,277.216,6.16486,0.06491,5858.0,0.08255,1.04,1.0,4.83
Kepler-106 c,Kepler-106,2.5,10.44,3.28,0.0,785.0,96.905,13.5708,0.10987,5858.0,0.08255,1.04,1.0,4.83
Kepler-106 d,Kepler-106,0.95,8.1,,0.0,649.0,45.357,23.9802,0.16063,5858.0,0.08255,1.04,1.0,4.83
Kepler-106 e,Kepler-106,2.56,11.17,3.1,0.0,531.0,20.294,43.8445,0.24006,5858.0,0.08255,1.04,1.0,4.83
Kepler-1060 b,Kepler-1060,2.38,6.26,2.55,0.0,484.0,17.416,46.8779367,0.2495,5797.0,0.07184,0.99,0.99,4.27
Kepler-1061 b,Kepler-1061,1.98,4.58,3.24,0.0,1332.0,788.501,2.757982666,0.0388,6067.0,0.08762,1.07,1.09,2.14
Kepler-1062 b,Kepler-1062,1.76,3.75,3.78,0.0,583.0,33.76,9.30412078,0.0748,4597.0,-0.6822,0.7,0.75,2.45
Kepler-1063 b,Kepler-1063,1.49,2.83,4.7,0.0,931.0,54.93,14.07971466,0.1176,5945.0,0.166,1.14,1.09,3.39
Kepler-1064 b,Kepler-1064,1.55,3.02,4.46,0.0,570.0,24.87,16.54080322,0.1183,5153.0,-0.401,0.79,0.85,3.89
Kepler-1065 b,Kepler-1065,3.73,13.4,1.42,0.0,1092.0,419.91,3.609308907,0.0455,5635.0,-0.11584,0.93,0.94,4.47
Kepler-1065 c,Kepler-1065,1.6,3.19,4.28,0.0,1256.0,734.619,2.37030743,0.0344,5635.0,-0.11584,0.93,0.94,4.47
Kepler-1066 b,Kepler-1066,2.36,6.17,2.58,0.0,1290.0,710.019,1.931559839,0.0298,5762.0,-0.18995,0.98,0.98,3.8
Kepler-1067 b,Kepler-1067,0.8,0.437,4.69,0.0,1872.0,2761.757,0.762129261,0.0164,5592.0,-0.14725,0.93,0.95,4.79
Kepler-1067 c,Kepler-1067,1.74682428,3.7,3.81,0.0,973.0,190.8,5.425839901,0.06069,5594.0,-0.14725,0.934,0.981,0.81
Kepler-1068 b,Kepler-1068,3.63,12.8,1.47,0.0,702.0,55.933,16.92344113,0.13038,5806.0,-0.02521,1.01,1.01,4.17
Kepler-1069 b,Kepler-1069,1.6,3.19,4.28,0.0,823.0,78.175,23.8990296,0.16587,5722.0,0.37196,0.98,0.99,4.37
Kepler-107 b,Kepler-107,1.536,3.8,5.8,0.1,1592.0,1073.0,3.1800218,0.04544,5854.0,0.36449,1.447,1.238,4.29
Kepler-107 c,Kepler-107,1.597,10.0,13.5,0.08,1378.0,602.0,4.901452,0.06064,5854.0,0.36449,1.447,1.238,4.29
Kepler-107 d,Kepler-107,0.86,7.7,67.0,0.11,1173.0,315.0,7.95839,0.08377,5854.0,0.36449,1.447,1.238,4.29
Kepler-107 e,Kepler-107,2.903,14.1,3.18,0.1,955.0,138.7,14.749143,0.12638,5854.0,0.36449,1.447,1.238,4.29
Kepler-1070 b,Kepler-1070,1.73,3.64,3.86,0.0,1101.0,380.134,6.2216147,0.06753,6261.0,0.28486,1.32,1.21,2.75
Kepler-1071 b,Kepler-1071,2.38,6.26,2.55,0.0,814.0,45.12,6.1799844,0.0629,5215.0,-0.31262,0.81,0.86,4.27
Kepler-1072 b,Kepler-1072,1.58,3.12,4.35,0.0,1849.0,2944.0,1.569066502,0.02742,6199.0,0.36531,1.32,1.2,2.88
Kepler-1073 b,Kepler-1073,2.3,5.9,2.66,0.0,905.0,128.55,8.67888593,0.0805,5792.0,-0.01023,1.0,1.0,3.72
Kepler-1073 c,Kepler-1073,1.64,3.33,4.15,0.0,1169.0,357.082,4.02582254,0.0483,5792.0,-0.01023,1.0,1.0,3.72
Kepler-1073 d,Kepler-1073,1.48770949,2.82,4.71,0.0,1369.0,828.59,2.504760027,0.0352,5509.0,-0.01023,1.116,0.924,3.72
Kepler-1074 b,Kepler-1074,1.25,2.1,5.91,0.0,568.0,27.569,5.94566534,0.0536,4002.0,-1.12071,0.57,0.6,3.55
Kepler-1075 b,Kepler-1075,1.42,2.6,4.99,0.0,818.0,143.968,1.52372816,0.0208,3959.0,-1.11289,0.54,0.56,2.95
Kepler-1076 b,Kepler-1076,0.8,0.437,4.69,0.0,770.0,83.18,6.14727918,0.0611,4868.0,-0.557,0.74,0.79,3.72
Kepler-1077 b,Kepler-1077,2.77,8.1,2.09,0.0,576.0,26.928,34.3511874,0.2101,5816.0,0.00638,1.02,1.02,4.17
Kepler-1078 b,Kepler-1078,1.9,4.27,3.42,0.0,1122.0,373.99,3.00725242,0.0388,5612.0,0.50027,0.92,0.94,4.37
Kepler-1079 b,Kepler-1079,1.63,3.29,4.17,0.0,887.0,195.353,13.24503188,0.1092,5758.0,0.263,1.36,1.08,6.61
Kepler-108 b,Kepler-108,8.65,56.0,0.475,0.22,669.0,47.4,49.183921,0.292,5854.0,0.707,2.192,1.247,3.89
Kepler-108 c,Kepler-108,8.18,50.9,0.511,0.04,426.0,7.8,190.323494,0.721,5854.0,0.707,2.192,1.247,3.89
Kepler-1080 b,Kepler-1080,3.28,10.8,1.68,0.0,548.0,55.45,77.2548396,0.3781,5956.0,0.86064,1.16,1.1,3.89
Kepler-1081 b,Kepler-1081,1.01,1.01,5.39,0.0,972.0,225.216,3.856918547,0.04662,5345.0,-0.30601,0.84,0.88,4.68
Kepler-1082 b,Kepler-1082,1.12,1.46,5.71,0.0,1827.0,2949.557,1.543206604,0.02571,5923.0,0.3142,1.14,1.03,5.75
Kepler-1083 b,Kepler-1083,3.36,11.2,1.62,0.0,448.0,10.148,33.4177993,0.1899,5049.0,-0.47303,0.77,0.81,4.68
Kepler-1084 b,Kepler-1084,1.11,1.41,5.67,0.0,1737.0,1766.593,2.05333679,0.0324,6113.0,0.25259,1.28,1.12,4.07
Kepler-1085 b,Kepler-1085,7.22,41.2,0.602,0.0,313.0,2.055,219.3217528,0.73361,6000.0,0.07867,1.14,1.11,3.39
Kepler-1085 c,Kepler-1085,3.26817741,10.7,1.68,0.0,491.0,11.8,56.7771,0.29798,5816.0,0.07867,1.0783,1.05,1.07
Kepler-1086 b,Kepler-1086,2.44,6.53,2.47,0.0,433.0,9.157,18.78425728,0.1198,4350.0,-0.85997,0.66,0.7,2.88
Kepler-1086 c,Kepler-1086,2.94,8.96,1.94,0.0,211.0,0.519,161.5163345,0.503,4350.0,-0.85997,0.66,0.7,2.88
Kepler-1087 b,Kepler-1087,0.61,0.165,3.99,0.0,2161.0,3496.493,0.693842855,0.01554,5589.0,-0.09746,0.94,0.96,3.55
Kepler-1088 b,Kepler-1088,1.42,2.6,4.99,0.0,667.0,44.887,23.12748644,0.16163,5975.0,0.09007,1.08,1.08,3.02
Kepler-1089 b,Kepler-1089,1.83,4.01,3.6,0.0,584.0,26.266,5.132485618,0.0497,3753.0,-1.29726,0.49,0.52,3.72
Kepler-109 b,Kepler-109,2.49,4.9,1.7,0.11,1276.0,442.0,6.4816307,0.0701,5950.0,0.34654,1.387,1.094,6.2
Kepler-109 c,Kepler-109,2.65,8.2,2.4,0.098,859.0,91.0,21.22265,0.1546,5950.0,0.34654,1.387,1.094,6.2
Kepler-1090 b,Kepler-1090,2.25,5.69,2.74,0.0,297.0,1.825,198.680179,0.63323,5321.0,-0.14595,0.82,0.86,4.37
Kepler-1090 c,Kepler-1090,3.29265785,10.9,1.68,0.0,496.0,13.8,42.42720032,0.22622,5330.0,-0.14595,1.013,0.869,12.59
Kepler-1091 b,Kepler-1091,1.46,2.73,4.82,0.0,1664.0,1740.858,1.434741564,0.0252,5851.0,0.07961,1.03,1.01,3.47
Kepler-1092 b,Kepler-1092,2.07,4.94,3.06,0.0,508.0,17.016,58.6017925,0.2996,5862.0,0.09586,1.0,0.99,3.8
Kepler-1093 b,Kepler-1093,1.95,4.46,3.31,0.0,776.0,98.8,25.0824626,0.17543,6166.0,0.46038,1.2,1.13,2.95
Kepler-1093 c,Kepler-1093,1.96,4.5,3.28,0.0,508.0,18.1,89.722292,0.41037,6166.0,0.46038,1.2,1.13,2.95
Kepler-1094 b,Kepler-1094,3.18,10.2,1.74,0.0,480.0,10.336,78.1000231,0.3625,6112.0,0.17811,1.21,1.14,3.09
Kepler-1095 b,Kepler-1095,1.21,1.92,5.96,0.0,1108.0,356.54,4.27103091,0.0514,5658.0,-0.09285,0.92,0.94,4.47
Kepler-1096 b,Kepler-1096,1.24,2.07,5.97,0.0,794.0,124.866,2.892217506,0.034,4306.0,-0.84044,0.63,0.66,3.8
Kepler-1097 b,Kepler-1097,3.26,10.7,1.7,0.0,267.0,1.3,187.747029,0.5791,5211.0,-0.40444,0.79,0.82,4.9
Kepler-1098 b,Kepler-1098,1.3,2.24,5.6,0.0,1319.0,995.67,2.543072855,0.0358,5794.0,0.15655,0.99,0.99,3.98
Kepler-1099 b,Kepler-1099,2.83,8.4,2.04,0.0,1558.0,766.344,2.168452593,0.0337,5837.0,-0.11906,1.0,1.01,3.63
Kepler-11 b,Kepler-11,1.8,1.9,1.72,0.045,849.0,146.36,10.3039,0.091,5663.0,0.1202,1.065,0.961,8.5
Kepler-11 c,Kepler-11,2.87,2.9,0.66,0.026,786.0,107.224,13.0241,0.107,5663.0,0.1202,1.065,0.961,8.5
Kepler-11 d,Kepler-11,3.12,7.3,1.28,0.004,653.0,51.115,22.6845,0.155,5663.0,0.1202,1.065,0.961,8.5
Kepler-11 e,Kepler-11,4.19,8.0,0.58,0.012,582.0,32.34,31.9996,0.195,5663.0,0.1202,1.065,0.961,8.5
Kepler-11 f,Kepler-11,2.49,2.0,0.69,0.013,513.0,19.53,46.6888,0.25,5663.0,0.1202,1.065,0.961,8.5
Kepler-11 g,Kepler-11,3.33,25.0,4.0,0.15,376.0,5.65,118.3807,0.466,5663.0,0.1202,1.065,0.961,8.5
Kepler-110 b,Kepler-110,1.83,4.01,3.6,0.0,1008.0,153.881,12.691112,0.107,5960.0,0.27598,1.149,0.989,4.47
Kepler-110 c,Kepler-110,2.21,5.52,2.81,0.0,743.0,45.336,31.719775,0.198,5960.0,0.27598,1.149,0.989,4.47
Kepler-1100 b,Kepler-1100,1.75,3.71,3.8,0.0,1000.0,238.508,6.42200058,0.06745,6247.0,0.08792,1.34,1.21,2.69
Kepler-1101 b,Kepler-1101,2.47,6.66,2.43,0.0,393.0,3.577,81.3151059,0.3483,5614.0,-0.35135,0.91,0.94,4.27
Kepler-1102 b,Kepler-1102,2.66,7.56,2.21,0.0,546.0,22.981,51.3285623,0.2731,5724.0,0.13927,0.94,0.96,4.37
Kepler-1103 b,Kepler-1103,2.27,5.77,2.71,0.0,736.0,160.282,19.79191978,0.15336,6092.0,0.52181,1.15,1.11,3.31
Kepler-1104 b,Kepler-1104,1.23,2.04,6.02,0.0,1321.0,813.524,5.03728015,0.06321,6417.0,0.51439,1.41,1.3,2.04
Kepler-1105 b,Kepler-1105,2.01,4.7,3.18,0.0,729.0,47.18,4.421572182,0.0471,4299.0,-0.94508,0.68,0.71,8.71
Kepler-1106 b,Kepler-1106,1.65,3.36,4.11,0.0,2199.0,2399.974,1.252752174,0.0239,6104.0,0.15896,1.17,1.11,3.09
Kepler-1107 b,Kepler-1107,1.34,2.36,5.39,0.0,1897.0,2387.261,0.571038518,0.01285,5268.0,-0.41703,0.82,0.86,4.47
Kepler-1108 b,Kepler-1108,1.46,2.73,4.82,0.0,1063.0,206.414,4.51005748,0.0511,5406.0,-0.25795,0.84,0.88,4.17
Kepler-1109 b,Kepler-1109,2.19,5.43,2.84,0.0,787.0,11.382,37.6467384,0.2466,5893.0,-0.07583,1.06,1.05,3.8
Kepler-111 b,Kepler-111,1.58,3.12,4.35,0.0,1356.0,677.503,3.341815,0.046,5952.0,0.19471,1.157,1.171,2.3
Kepler-111 c,Kepler-111,7.0840758,222.4798849,3.42,0.176,352.2,2.48,224.77833,0.751,5914.0,0.15836,1.145,1.118,3.4
Kepler-1110 b,Kepler-1110,2.66,7.56,2.21,0.0,609.0,43.136,9.69312032,0.0754,4781.0,-0.63653,0.7,0.73,4.79
Kepler-1111 b,Kepler-1111,2.0,4.66,3.2,0.0,938.0,118.52,8.79617863,0.0872,6077.0,-0.0903,1.15,1.1,3.16
Kepler-1112 b,Kepler-1112,3.02,9.38,1.87,0.0,918.0,254.963,14.36267939,0.1239,6496.0,0.54224,1.54,1.34,2.09
Kepler-1113 b,Kepler-1113,2.81,8.3,2.06,0.0,558.0,22.849,42.3004954,0.2415,5931.0,0.07994,1.17,1.12,3.55
Kepler-1114 b,Kepler-1114,1.35,2.39,5.34,0.0,631.0,39.321,14.97435694,0.11056,5374.0,-0.29317,0.83,0.87,4.27
Kepler-1115 b,Kepler-1115,1.7,3.53,3.95,0.0,1381.0,516.101,23.5540725,0.2134,8480.0,1.25385,1.73,1.6,1.12
Kepler-1116 b,Kepler-1116,2.54,6.99,2.34,0.0,488.0,15.793,41.6977827,0.233,5641.0,-0.14676,0.93,0.95,4.9
Kepler-1117 b,Kepler-1117,1.11,1.41,5.67,0.0,938.0,194.976,4.79028459,0.05485,5612.0,-0.22396,0.93,0.95,4.27
Kepler-1118 b,Kepler-1118,2.74,7.95,2.12,0.0,502.0,20.011,38.6715075,0.2079,5688.0,-0.06047,0.97,0.96,4.07
Kepler-1119 b,Kepler-1119,1.92,4.35,3.38,0.0,938.0,182.69,8.3265153,0.0812,6083.0,0.48586,1.17,1.11,3.09
Kepler-112 b,Kepler-112,2.36,6.17,2.58,0.0,809.0,123.818,8.408878,0.076,5544.0,-0.08612,0.841,0.782,12.88
Kepler-112 c,Kepler-112,2.4,6.35,2.52,0.0,538.0,24.255,28.574263,0.172,5544.0,-0.08612,0.841,0.782,12.88
Kepler-1120 b,Kepler-1120,1.38,2.48,5.19,0.0,1027.0,206.874,2.949029052,0.0369,4904.0,-0.58813,0.74,0.78,4.68
Kepler-1121 b,Kepler-1121,1.91,4.31,3.4,0.0,1008.0,205.272,13.15141081,0.11818,6231.0,0.47495,1.59,1.29,3.02
Kepler-1122 b,Kepler-1122,2.04,4.82,3.12,0.0,526.0,23.263,42.1917357,0.2315,5544.0,0.05875,0.89,0.92,4.68
Kepler-1123 b,Kepler-1123,1.67,3.43,4.05,0.0,1061.0,190.016,4.33946454,0.0497,5500.0,-0.29455,0.9,0.93,5.13
Kepler-1124 b,Kepler-1124,1.28,2.18,5.71,0.0,621.0,50.777,2.852348975,0.0305,3658.0,-1.32347,0.34,0.35,3.39
Kepler-1125 b,Kepler-1125,1.84,4.04,3.56,0.0,778.0,41.04,17.6700642,0.1348,5683.0,0.64744,0.94,0.95,4.17
Kepler-1126 b,Kepler-1126,1.73,3.64,3.86,0.0,374.0,4.55,108.593329,0.41251,5798.0,-0.09926,0.93,0.92,5.5
Kepler-1126 c,Kepler-1126,1.45,2.7,4.87,0.0,305.0,2.06,199.66876,0.6193,5678.0,-0.09926,0.921,0.794,12.3
Kepler-1127 b,Kepler-1127,1.96,4.5,3.28,0.0,994.0,160.765,5.12330347,0.0556,5664.0,-0.25911,0.95,0.97,4.37
Kepler-1128 b,Kepler-1128,3.65,12.9,1.46,0.0,424.0,6.451,61.6178167,0.302,5543.0,-0.19585,0.91,0.94,4.57
Kepler-1129 b,Kepler-1129,2.96,9.06,1.92,0.0,737.0,32.265,24.3397804,0.16481,5831.0,-0.0274,1.0,1.0,4.07
Kepler-1129 c,Kepler-1129,2.73,7.9,2.13,0.0,503.0,7.006,76.5369586,0.35367,5831.0,-0.0274,1.0,1.0,4.07
Kepler-113 b,Kepler-113,1.82,11.7,10.73,0.0,775.0,105.333,4.754,0.05123,4725.0,-0.57598,0.69,0.75,6.89
Kepler-113 c,Kepler-113,2.18,8.7,0.308247,0.0,628.0,45.596,8.92507,0.07796,4725.0,-0.57598,0.69,0.75,6.89
Kepler-1130 b,Kepler-1130,0.8,0.437,4.69,0.0,904.0,162.65,5.45298175,0.05963,5403.0,-0.25964,0.81,0.9,1.58
Kepler-1130 c,Kepler-1130,0.79239584,0.422,4.66,0.0,1072.0,316.9,3.266639948,0.04238,5450.0,-0.25964,0.842,0.944,1.58
Kepler-1130 d,Kepler-1130,0.64472273,0.202,4.14,0.0,981.0,221.4,4.272250175,0.05068,5450.0,-0.25964,0.842,0.944,1.58
Kepler-1131 b,Kepler-1131,1.59,3.15,4.31,0.0,1159.0,453.142,3.53232449,0.0459,5851.0,-0.02783,1.04,1.03,4.17
Kepler-1132 b,Kepler-1132,2.35,6.12,2.59,0.0,384.0,4.547,62.8916228,0.2881,5298.0,-0.37811,0.83,0.87,4.57
Kepler-1133 b,Kepler-1133,1.97,4.54,3.26,0.0,703.0,55.758,11.55562343,0.0983,5569.0,-0.20972,0.9,0.93,4.07
Kepler-1134 b,Kepler-1134,2.64,7.46,2.23,0.0,611.0,29.864,17.13263989,0.1242,5281.0,-0.39721,0.81,0.84,4.9
Kepler-1135 b,Kepler-1135,1.85,4.08,3.54,0.0,451.0,25.76,76.957857,0.3436,5656.0,0.43703,0.94,0.96,4.47
Kepler-1136 b,Kepler-1136,1.64,3.33,4.15,0.0,922.0,150.055,2.361724329,0.0299,4512.0,-0.85345,0.68,0.72,3.24
Kepler-1137 b,Kepler-1137,2.2,5.48,2.83,0.0,1020.0,197.846,23.9210791,0.1871,6807.0,0.75429,1.84,1.5,1.58
Kepler-1138 b,Kepler-1138,1.7,3.53,3.95,0.0,1080.0,245.904,3.17060005,0.0415,5582.0,-0.33299,0.92,0.95,4.37
Kepler-1139 b,Kepler-1139,1.19,1.81,5.9,0.0,1693.0,1717.276,0.813166719,0.01664,5550.0,-0.30419,0.91,0.94,4.47
Kepler-114 b,Kepler-114,1.26,1.09,2.53,0.0,586.0,92.535,5.188549,0.053,4605.0,-0.6853,0.667,0.77,2.69
Kepler-114 c,Kepler-114,1.6,2.8,1.18,0.0,507.0,51.623,8.041,0.06482,4660.0,-0.6853,0.54,0.56,2.69
Kepler-114 d,Kepler-114,2.53,3.9,0.22,0.0,446.0,31.016,11.776,0.08358,4660.0,-0.6853,0.54,0.56,2.69
Kepler-1140 b,Kepler-1140,2.77,8.1,2.09,0.0,500.0,13.051,24.0862707,0.1478,4850.0,-0.56584,0.73,0.76,5.01
Kepler-1141 b,Kepler-1141,0.82,0.477,4.75,0.0,1471.0,1146.953,2.344511944,0.03496,5791.0,0.1551,1.07,1.01,6.17
Kepler-1142 b,Kepler-1142,1.47,2.76,4.77,0.0,902.0,147.817,18.3027248,0.1343,5685.0,0.43724,0.96,0.97,5.37
Kepler-1143 b,Kepler-1143,1.67,3.43,4.05,0.0,976.0,173.056,2.888904849,0.0371,5053.0,-0.62275,0.77,0.81,4.79
Kepler-1143 c,Kepler-1143,3.6,12.6,1.48,0.0,234.0,0.568,210.630591,0.6477,5053.0,-0.62275,0.77,0.81,4.79
Kepler-1144 b,Kepler-1144,1.99,4.62,3.22,0.0,811.0,62.061,17.14647302,0.1291,5753.0,0.05604,0.96,0.98,3.98
Kepler-1145 b,Kepler-1145,1.4,2.54,5.09,0.0,958.0,198.43,3.97076766,0.0443,5064.0,-0.49839,0.75,0.79,4.79
Kepler-1146 b,Kepler-1146,1.23,2.04,6.02,0.0,1019.0,227.962,2.352265797,0.0325,4692.0,-0.64244,0.7,0.74,4.9
Kepler-1147 b,Kepler-1147,2.61,7.32,2.26,0.0,872.0,206.563,10.62784997,0.0961,5941.0,0.23534,1.14,1.09,3.8
Kepler-1148 b,Kepler-1148,1.69,3.5,3.98,0.0,1397.0,815.407,1.104463509,0.0188,5054.0,-0.53105,0.77,0.81,4.57
Kepler-1149 b,Kepler-1149,1.44,2.67,4.91,0.0,1128.0,653.831,3.73089898,0.0473,5833.0,0.16546,1.01,1.02,3.98
Kepler-115 b,Kepler-115,1.09,1.32,5.6,0.0,1489.0,1215.757,2.403679,0.036,5979.0,0.22007,1.205,1.042,4.17
Kepler-115 c,Kepler-115,2.6,7.27,2.27,0.0,960.0,209.101,8.990889,0.087,5979.0,0.22007,1.205,1.042,4.17
Kepler-1150 b,Kepler-1150,1.02,1.04,5.39,0.0,1432.0,153.741,2.787868386,0.0382,4754.0,-0.66578,0.72,0.76,4.68
Kepler-1151 b,Kepler-1151,2.22,5.56,2.79,0.0,485.0,4.86,65.6478424,0.3197,5470.0,-0.34196,0.85,0.88,4.37
Kepler-1152 b,Kepler-1152,0.87,0.59,4.92,0.0,806.0,139.601,1.646801908,0.0223,3964.0,-1.09668,0.53,0.55,3.47
Kepler-1153 b,Kepler-1153,1.73,3.64,3.86,0.0,1343.0,761.808,1.755835327,0.0277,5470.0,-0.28448,0.88,0.91,4.57
Kepler-1154 b,Kepler-1154,2.34,6.08,2.61,0.0,1314.0,652.966,5.1856142,0.0631,6327.0,0.45174,1.43,1.26,2.29
Kepler-1154 c,Kepler-1154,2.36,6.17,2.58,0.0,1117.0,339.573,8.45808312,0.0875,6327.0,0.45174,1.43,1.26,2.29
Kepler-1155 b,Kepler-1155,2.03,4.78,3.14,0.0,609.0,32.52,33.469743,0.2006,5842.0,0.0472,1.03,1.03,3.72
Kepler-1156 b,Kepler-1156,1.32,2.3,5.5,0.0,787.0,83.014,11.89520511,0.09704,5778.0,-0.06802,1.0,1.0,4.47
Kepler-1157 b,Kepler-1157,1.09,1.32,5.6,0.0,732.0,95.443,4.45743164,0.0448,4679.0,-0.67539,0.71,0.76,3.39
Kepler-1158 b,Kepler-1158,2.34,6.08,2.61,0.0,1079.0,449.699,13.5396293,0.12643,6203.0,0.84033,1.95,1.41,2.88
Kepler-1159 b,Kepler-1159,2.37,6.21,2.56,0.0,677.0,80.984,22.70816791,0.1603,6217.0,0.29847,1.28,1.19,2.75
Kepler-116 b,Kepler-116,3.42,11.6,1.59,0.0,1251.0,594.451,5.968734,0.069,6142.0,0.42073,1.454,1.198,3.16
Kepler-116 c,Kepler-116,2.3,5.9,2.66,0.0,964.0,208.982,13.07163,0.116,6142.0,0.42073,1.454,1.198,3.16
Kepler-1160 b,Kepler-1160,2.14,5.22,2.93,0.0,839.0,93.308,7.97034958,0.0755,5519.0,-0.34326,0.89,0.92,4.57
Kepler-1161 b,Kepler-1161,2.13,5.18,2.95,0.0,485.0,26.229,10.71252541,0.0784,4253.0,-0.65314,0.57,0.59,3.39
Kepler-1162 b,Kepler-1162,2.21,5.52,2.81,0.0,490.0,12.245,32.5637069,0.19,5390.0,-0.32228,0.84,0.89,4.37
Kepler-1162 c,Kepler-1162,1.81,3.93,3.64,0.0,401.0,6.14,59.284064,0.2832,5225.0,-0.32228,0.859,0.861,0.5
Kepler-1163 b,Kepler-1163,1.03,1.08,5.43,0.0,1211.0,511.757,6.11786898,0.06868,6302.0,0.39636,1.35,1.22,2.88
Kepler-1164 b,Kepler-1164,1.12,1.46,5.71,0.0,936.0,181.205,3.97599768,0.04635,5183.0,-0.39926,0.79,0.85,3.63
Kepler-1165 b,Kepler-1165,1.55,3.02,4.46,0.0,946.0,464.773,9.478522,0.0914,6080.0,0.55152,1.18,1.13,3.24
Kepler-1165 c,Kepler-1165,3.36093385,11.2,1.62,0.0,644.0,40.76,29.96870041,0.1969,6249.0,0.55152,1.076,1.13,0.3
Kepler-1166 b,Kepler-1166,1.69,3.5,3.98,0.0,486.0,14.188,33.2406882,0.1975,5446.0,-0.25594,0.86,0.9,4.9
Kepler-1167 b,Kepler-1167,1.71,3.57,3.92,0.0,1419.0,1039.697,1.003933739,0.0175,4971.0,-0.53589,0.75,0.79,4.27
Kepler-1168 b,Kepler-1168,2.5,6.8,2.39,0.0,379.0,4.107,55.8226539,0.2663,5157.0,-0.5302,0.82,0.87,4.27
Kepler-1169 b,Kepler-1169,0.94,0.779,5.15,0.0,1125.0,348.046,6.11009134,0.06931,6191.0,0.26202,1.23,1.24,1.38
Kepler-117 b,Kepler-117,8.059,29.875,0.3,0.0493,984.0,157.541,18.7959228,0.1445,6150.0,0.53776,1.606,1.129,5.3
Kepler-117 c,Kepler-117,12.341,584.78,1.74,0.0323,704.0,41.863,50.790391,0.2804,6150.0,0.53776,1.606,1.129,5.3
Kepler-1170 b,Kepler-1170,2.41,6.39,2.51,0.0,705.0,69.537,9.98969327,0.088,5069.0,-0.3384,0.76,0.8,4.9
Kepler-1171 b,Kepler-1171,2.56,7.08,2.32,0.0,2700.0,10171.005,1.44259224,0.0284,7044.0,0.86922,1.95,1.58,1.35
Kepler-1172 b,Kepler-1172,3.2,10.3,1.73,0.0,675.0,26.356,26.0204423,0.168,5558.0,-0.16073,0.89,0.92,4.37
Kepler-1173 b,Kepler-1173,0.89,0.64,4.99,0.0,1650.0,1462.098,0.7698536,0.0156,5252.0,-0.43521,0.82,0.86,4.79
Kepler-1174 b,Kepler-1174,1.59,3.15,4.31,0.0,1156.0,641.814,6.89225223,0.0732,5936.0,0.55531,1.04,1.04,3.55
Kepler-1175 b,Kepler-1175,2.99,9.22,1.9,0.0,515.0,12.938,37.94563,0.2181,5453.0,-0.3398,0.86,0.9,4.17
Kepler-1176 b,Kepler-1176,2.45,6.57,2.45,0.0,595.0,26.087,24.1738579,0.1589,5844.0,-0.11691,1.02,1.01,3.8
Kepler-1177 b,Kepler-1177,1.9,4.27,3.42,0.0,377.0,11.862,106.247547,0.4301,5712.0,0.34212,0.97,0.98,4.47
Kepler-1178 b,Kepler-1178,1.07,1.24,5.56,0.0,378.0,23.237,31.80634,0.1596,4990.0,-0.27723,0.75,0.8,4.68
Kepler-1179 b,Kepler-1179,1.32,2.3,5.5,0.0,1137.0,288.57,2.685057492,0.03497,5212.0,-0.44424,0.81,0.84,4.9
Kepler-118 b,Kepler-118,1.96,4.5,3.28,0.0,784.0,79.753,7.518496,0.073,5274.0,-0.37737,1.094,0.811,13.9
Kepler-118 c,Kepler-118,7.68,45.7,0.554,0.0,564.0,21.409,20.17202,0.141,5274.0,-0.37737,1.094,0.811,13.9
Kepler-1180 b,Kepler-1180,1.99,4.62,3.22,0.0,765.0,175.855,16.8601286,0.1246,6077.0,0.41746,1.14,1.09,3.09
Kepler-1181 b,Kepler-1181,1.57,3.09,4.39,0.0,1374.0,831.143,4.89337519,0.0621,6176.0,0.47243,1.3,1.17,3.24
Kepler-1181 c,Kepler-1181,1.83,4.01,3.6,0.0,1124.0,377.25,8.93484887,0.0928,6688.0,0.47243,1.347,1.336,3.24
Kepler-1182 b,Kepler-1182,2.41,6.39,2.51,0.0,796.0,197.882,11.17394617,0.0981,5924.0,0.25605,1.05,1.04,3.39
Kepler-1183 b,Kepler-1183,2.82,8.35,2.05,0.0,555.0,61.663,28.5057189,0.1793,5765.0,0.25466,0.99,1.0,4.27
Kepler-1184 b,Kepler-1184,2.68,7.65,2.18,0.0,529.0,18.039,53.5991044,0.2863,5983.0,0.06532,1.07,1.05,3.55
Kepler-1185 b,Kepler-1185,1.33,2.33,5.44,0.0,355.0,9.31,104.3518976,0.4297,5622.0,0.28187,0.87,0.96,1.55
Kepler-1186 b,Kepler-1186,2.23,5.6,2.77,0.0,724.0,85.385,16.07677615,0.1281,5635.0,0.06369,0.93,0.95,4.47
Kepler-1187 b,Kepler-1187,2.61,7.32,2.26,0.0,701.0,72.957,18.87064068,0.1401,5975.0,0.13585,1.09,1.06,3.39
Kepler-1188 b,Kepler-1188,2.08,4.98,3.04,0.0,775.0,165.573,17.1369543,0.135,5913.0,0.39786,1.06,1.04,4.17
Kepler-1189 b,Kepler-1189,1.77,3.78,3.75,0.0,1158.0,449.936,3.78858982,0.0467,6012.0,0.04086,1.16,1.11,3.39
Kepler-119 b,Kepler-119,3.6,12.6,1.48,0.0,1213.0,745.285,2.422082,0.035,5595.0,-0.0366,0.839,0.918,3.63
Kepler-119 c,Kepler-119,0.92,0.721,5.09,0.0,1016.0,367.322,4.125103,0.049,5595.0,-0.0366,0.839,0.918,3.63
Kepler-1190 b,Kepler-1190,1.33,2.33,5.44,0.0,609.0,24.211,10.45843441,0.0845,4730.0,-0.7272,0.72,0.76,3.98
Kepler-1191 b,Kepler-1191,1.51,2.89,4.61,0.0,952.0,167.184,5.60014851,0.0587,5308.0,-0.22611,0.81,0.85,4.57
Kepler-1192 b,Kepler-1192,2.36,6.17,2.58,0.0,600.0,34.742,25.2034787,0.1693,5438.0,-0.1283,0.83,0.86,4.47
Kepler-1193 b,Kepler-1193,1.32,2.3,5.5,0.0,1453.0,1286.386,2.832652134,0.04004,5908.0,0.35069,1.21,1.08,5.01
Kepler-1194 b,Kepler-1194,1.51,2.89,4.61,0.0,676.0,49.35,16.22371307,0.1212,5590.0,-0.127,0.92,0.94,4.79
Kepler-1195 b,Kepler-1195,2.08,4.98,3.04,0.0,702.0,79.03,8.49642241,0.0726,4965.0,-0.44607,0.71,0.74,4.47
Kepler-1196 b,Kepler-1196,2.23,5.6,2.77,0.0,436.0,8.302,66.1849031,0.3179,5756.0,-0.04702,0.97,0.98,3.98
Kepler-1197 b,Kepler-1197,1.25,2.1,5.91,0.0,1011.0,267.142,2.03231845,0.02869,4708.0,-0.66629,0.72,0.78,2.69
Kepler-1198 b,Kepler-1198,1.47,2.76,4.77,0.0,830.0,108.069,7.6847716,0.0732,5517.0,-0.23165,0.9,0.93,4.68
Kepler-1199 b,Kepler-1199,1.15,1.6,5.78,0.0,931.0,131.7,15.0447198,0.11309,5889.0,0.18707,1.17,0.94,7.76
Kepler-12 b,Kepler-12,19.660586,137.30256,0.11,0.0,1480.0,877.539,4.4379629,0.0553,5947.0,0.44933,1.483,1.166,4.0
Kepler-120 b,Kepler-120,2.15,8.5,4.7,0.0,575.0,42.692,6.312501,0.055,4096.0,-0.67701,0.534,0.654,3.63
Kepler-120 c,Kepler-120,1.53,2.96,4.54,0.0,455.0,16.625,12.794585,0.088,4096.0,-0.67701,0.534,0.654,3.63
Kepler-1200 b,Kepler-1200,1.06,1.2,5.54,0.0,1174.0,544.534,1.118549717,0.0188,4612.0,-0.68923,0.7,0.74,3.02
Kepler-1201 b,Kepler-1201,2.29,5.86,2.68,0.0,789.0,89.431,15.18725932,0.1183,6177.0,0.04424,1.24,1.15,2.95
Kepler-1202 b,Kepler-1202,2.94,8.96,1.94,0.0,547.0,23.876,28.6851324,0.179,5834.0,-0.13389,1.04,1.03,4.17
Kepler-1203 b,Kepler-1203,1.06,1.2,5.54,0.0,1188.0,723.806,0.588000765,0.0114,4105.0,-0.85362,0.61,0.64,3.47
Kepler-1204 b,Kepler-1204,3.05,9.53,1.85,0.0,448.0,7.021,85.7350285,0.3877,5825.0,-0.05771,1.03,1.03,4.27
Kepler-1205 b,Kepler-1205,1.41,2.57,5.04,0.0,1667.0,1038.493,1.078390352,0.0196,5226.0,-0.41829,0.81,0.84,4.9
Kepler-1206 b,Kepler-1206,1.64,3.33,4.15,0.0,1314.0,588.021,1.216997663,0.0201,4877.0,-0.61957,0.75,0.8,3.55
Kepler-1207 b,Kepler-1207,1.62,3.26,4.21,0.0,802.0,352.508,13.68237119,0.1156,5909.0,0.63789,1.06,1.06,3.63
Kepler-1208 b,Kepler-1208,2.32,5.99,2.64,0.0,665.0,37.664,11.08507637,0.0901,5001.0,-0.55349,0.76,0.8,4.47
Kepler-1209 b,Kepler-1209,1.51,2.89,4.61,0.0,755.0,63.246,25.369116,0.17515,6210.0,0.34256,1.38,1.23,3.09
Kepler-121 b,Kepler-121,2.34,6.08,2.61,0.0,997.0,220.489,3.177422,0.039,5311.0,-0.47396,0.701,0.859,0.5
Kepler-121 c,Kepler-121,2.27,5.77,2.71,0.0,425.0,7.296,41.008011,0.216,5311.0,-0.47396,0.701,0.859,0.5
Kepler-1210 b,Kepler-1210,1.7,3.53,3.95,0.0,856.0,152.047,8.07124073,0.0753,5568.0,-0.14879,0.92,0.94,5.13
Kepler-1211 b,Kepler-1211,2.55,7.04,2.33,0.0,840.0,130.9,11.01816836,0.09763,5705.0,0.13445,0.94,0.96,4.17
Kepler-1212 b,Kepler-1212,2.14,5.22,2.93,0.0,795.0,142.096,12.94130146,0.1082,6051.0,0.21104,1.15,1.1,3.24
Kepler-1213 b,Kepler-1213,1.19,1.81,5.9,0.0,1156.0,595.424,5.34982412,0.06026,6050.0,0.39455,1.21,1.14,3.47
Kepler-1214 b,Kepler-1214,2.36,6.17,2.58,0.0,591.0,23.18,18.82634264,0.128,5130.0,-0.41949,0.8,0.85,4.68
Kepler-1215 b,Kepler-1215,1.22,1.98,5.99,0.0,1046.0,253.964,4.76703963,0.0528,5616.0,-0.18176,0.93,0.95,4.79
Kepler-1216 b,Kepler-1216,1.39,2.51,5.14,0.0,1191.0,415.553,4.37034536,0.0519,5743.0,0.0729,0.98,0.99,4.07
Kepler-1217 b,Kepler-1217,1.99,4.62,3.22,0.0,1542.0,1302.948,2.032325072,0.0326,5905.0,0.08509,1.08,1.06,3.8
Kepler-1218 b,Kepler-1218,1.44,2.67,4.91,0.0,684.0,84.83,22.9221266,0.15698,5986.0,0.36296,1.1,1.06,3.8
Kepler-1219 b,Kepler-1219,2.12,5.14,2.96,0.0,1159.0,430.691,16.10467749,0.14146,5944.0,0.92552,1.94,1.25,4.37
Kepler-122 b,Kepler-122,2.34,6.08,2.61,0.0,1159.0,448.102,5.766193,0.064,6050.0,0.26993,1.216,0.982,7.94
Kepler-122 c,Kepler-122,5.87,29.0,0.788,0.0,897.0,160.499,12.465988,0.108,6050.0,0.26993,1.216,0.982,7.94
Kepler-122 d,Kepler-122,2.2,5.48,2.83,0.0,747.0,77.14,21.587475,0.155,6050.0,0.26993,1.216,0.982,7.94
Kepler-122 e,Kepler-122,2.6,27.7,8.66,0.0,618.0,36.299,37.993273,0.227,6050.0,0.26993,1.216,0.982,7.94
Kepler-122 f,Kepler-122,1.75,36.0,36.9,0.0,543.0,21.524,56.268,0.28575,5917.0,0.26993,0.949,1.03,7.94
Kepler-1220 b,Kepler-1220,1.52,2.92,4.57,0.0,899.0,177.842,7.42693741,0.0734,5842.0,0.02481,0.99,1.0,3.63
Kepler-1221 b,Kepler-1221,1.88,4.19,3.47,0.0,632.0,37.81,12.00096042,0.0906,5194.0,-0.355,0.82,0.87,4.57
Kepler-1222 b,Kepler-1222,0.79,0.418,4.66,0.0,1246.0,416.231,1.916944254,0.02801,5239.0,-0.45761,0.8,0.84,4.37
Kepler-1223 b,Kepler-1223,1.22,1.98,5.99,0.0,557.0,20.51,16.301259,0.1186,4870.0,-0.54142,0.75,0.8,3.63
Kepler-1224 b,Kepler-1224,1.33,2.33,5.44,0.0,872.0,132.663,13.32351601,0.11625,6155.0,0.29282,1.22,1.18,2.34
Kepler-1225 b,Kepler-1225,1.82,3.97,3.62,0.0,1453.0,324.282,7.01075434,0.0771,6140.0,0.33289,1.19,1.13,3.02
Kepler-1226 b,Kepler-1226,1.45,2.7,4.87,0.0,809.0,140.376,17.2923453,0.13945,5923.0,0.35947,1.02,1.02,3.72
Kepler-1227 b,Kepler-1227,2.29,5.86,2.68,0.0,369.0,4.179,94.2887577,0.38555,5747.0,-0.15834,0.95,0.97,4.17
Kepler-1228 b,Kepler-1228,1.54,2.99,4.5,0.0,1757.0,1598.664,0.577369579,0.01186,5063.0,-0.5546,0.74,0.78,5.13
Kepler-1229 b,Kepler-1229,1.4,2.54,5.09,0.0,212.0,0.524,86.828989,0.3006,3784.0,-1.533,0.51,0.54,3.72
Kepler-123 b,Kepler-123,2.94,55.3,12.0,0.0,817.0,138.807,17.232366,0.135,6089.0,0.40952,1.264,1.079,5.01
Kepler-123 c,Kepler-123,1.48,2.79,4.73,0.0,706.0,77.399,26.695074,0.181,6089.0,0.40952,1.264,1.079,5.01
Kepler-1230 b,Kepler-1230,2.71,7.8,2.15,0.0,946.0,153.933,9.95661537,0.0921,5961.0,0.09626,1.08,1.06,3.47
Kepler-1231 b,Kepler-1231,1.42,2.6,4.99,0.0,870.0,117.515,10.41725184,0.0914,5778.0,0.02302,1.0,1.01,4.17
Kepler-1232 b,Kepler-1232,1.93,4.38,3.35,0.0,523.0,14.6,26.7839183,0.16545,5471.0,-0.35931,0.89,0.92,4.79
Kepler-1233 b,Kepler-1233,2.6,7.27,2.27,0.0,604.0,30.061,45.1263042,0.263,6198.0,0.22091,1.25,1.16,2.88
Kepler-1234 b,Kepler-1234,2.81,8.3,2.06,0.0,625.0,40.12,11.94014029,0.096,4967.0,-0.45387,0.76,0.8,4.37
Kepler-1235 b,Kepler-1235,0.79,0.418,4.66,0.0,985.0,265.325,4.16055856,0.04836,5541.0,-0.15625,0.9,0.93,4.57
Kepler-1236 b,Kepler-1236,2.14,5.22,2.93,0.0,480.0,13.571,31.0571618,0.1803,5337.0,-0.37915,0.82,0.86,4.07
Kepler-1237 b,Kepler-1237,2.86,8.55,2.01,0.0,366.0,4.042,84.5733226,0.3778,5472.0,-0.25798,0.9,0.94,4.57
Kepler-1238 b,Kepler-1238,1.93,4.38,3.35,0.0,1389.0,1195.201,4.14787559,0.0541,6386.0,0.58441,1.48,1.3,2.14
Kepler-1239 b,Kepler-1239,2.9,8.75,1.97,0.0,1183.0,462.91,5.19104016,0.0625,6564.0,0.44712,1.57,1.4,1.62
Kepler-124 b,Kepler-124,0.73,0.315,4.45,0.0,892.0,198.843,3.410493,0.039,4984.0,-0.46737,0.636,0.706,1.82
Kepler-124 c,Kepler-124,1.75,3.71,3.8,0.0,560.0,30.716,13.821375,0.1,4984.0,-0.46737,0.636,0.706,1.82
Kepler-124 d,Kepler-124,1.11,1.41,5.67,0.0,428.0,10.499,30.950851,0.17,4984.0,-0.46737,0.636,0.706,1.82
Kepler-1240 b,Kepler-1240,1.15,1.6,5.78,0.0,1121.0,539.129,4.8663815,0.05791,5682.0,0.22254,0.96,0.98,4.07
Kepler-1241 b,Kepler-1241,2.63,7.41,2.24,0.0,612.0,31.456,18.5525701,0.1336,5261.0,-0.32438,0.8,0.84,4.68
Kepler-1242 b,Kepler-1242,2.26,5.73,2.73,0.0,639.0,28.998,13.62798432,0.1039,4895.0,-0.51639,0.74,0.77,5.62
Kepler-1243 b,Kepler-1243,1.75,3.71,3.8,0.0,690.0,36.162,16.8320729,0.1256,5667.0,-0.24358,0.94,0.96,4.37
Kepler-1244 b,Kepler-1244,1.35,2.39,5.34,0.0,1839.0,4756.325,3.70428172,0.0502,6680.0,1.03224,1.77,1.46,1.7
Kepler-1245 b,Kepler-1245,1.44,2.67,4.91,0.0,1043.0,194.344,4.35409304,0.0484,5306.0,-0.41093,0.83,0.86,4.57
Kepler-1245 c,Kepler-1245,1.44,2.67,4.91,0.0,1190.0,328.984,2.936584681,0.0372,5306.0,-0.41093,0.83,0.86,4.57
Kepler-1246 b,Kepler-1246,1.36,2.42,5.29,0.0,554.0,26.451,11.32271513,0.0848,4611.0,-0.7266,0.69,0.73,3.89
Kepler-1247 b,Kepler-1247,2.33,6.04,2.62,0.0,676.0,41.472,13.71220213,0.1091,5303.0,-0.34527,0.82,0.86,4.68
Kepler-1248 b,Kepler-1248,1.18,1.76,5.89,0.0,1035.0,271.25,7.46725407,0.0806,6149.0,0.276,1.21,1.21,1.51
Kepler-1249 b,Kepler-1249,2.38,6.26,2.55,0.0,647.0,98.336,24.3347127,0.167,6202.0,0.42782,1.28,1.19,2.82
Kepler-125 b,Kepler-125,2.37,6.21,2.56,0.0,590.0,33.184,4.164389,0.041,3810.0,-1.3279,0.512,0.542101,1.09
Kepler-125 c,Kepler-125,0.74,0.33,4.47,0.0,529.0,16.81,5.774464,0.051,3810.0,-1.3279,0.512,0.542101,1.09
Kepler-1250 b,Kepler-1250,1.92,4.35,3.38,0.0,1431.0,1866.193,2.607543834,0.0393,5717.0,0.34255,0.98,0.99,4.57
Kepler-1251 b,Kepler-1251,1.84,4.04,3.56,0.0,487.0,13.78,45.0904643,0.2478,5545.0,-0.15264,0.89,0.92,4.79
Kepler-1252 b,Kepler-1252,1.67,3.43,4.05,0.0,665.0,57.579,15.0540329,0.1078,5949.0,-0.12958,1.09,1.06,3.89
Kepler-1253 b,Kepler-1253,1.33,2.33,5.44,0.0,501.0,21.624,68.8861915,0.31444,5850.0,0.34479,1.1,0.97,7.08
Kepler-1254 b,Kepler-1254,1.55,3.02,4.46,0.0,660.0,33.978,9.99113313,0.0833,4985.0,-0.57202,0.75,0.78,5.62
Kepler-1254 c,Kepler-1254,1.3,2.24,5.6,0.0,927.0,132.391,3.60084276,0.0422,4985.0,-0.57202,0.75,0.78,5.62
Kepler-1254 d,Kepler-1254,1.31,2.27,5.55,0.0,794.0,71.31,5.72717226,0.0575,4985.0,-0.57202,0.75,0.78,5.62
Kepler-1255 b,Kepler-1255,2.32,5.99,2.64,0.0,694.0,39.671,36.2919336,0.2226,6018.0,0.30726,1.12,1.08,3.55
Kepler-1256 b,Kepler-1256,1.49,2.83,4.7,0.0,933.0,211.549,12.4127754,0.10733,6129.0,0.42833,1.36,1.17,3.72
Kepler-1257 b,Kepler-1257,1.52,2.92,4.57,0.0,1252.0,546.908,2.668313762,0.0376,5502.0,-0.13622,0.87,0.9,4.37
Kepler-1258 b,Kepler-1258,0.86,0.566,4.89,0.0,2335.0,2775.0,0.984940167,0.01824,5839.0,0.09384,0.99,0.99,3.89
Kepler-1259 b,Kepler-1259,1.43,2.63,4.94,0.0,1681.0,2460.582,0.663085258,0.0141,5053.0,-0.33296,0.77,0.8,5.25
Kepler-126 b,Kepler-126,1.52,4.11726105,5.762535,0.07,1009.0,298.088,10.495711,0.099,6239.0,0.452,1.358,1.108,3.39
Kepler-126 c,Kepler-126,1.58,1.27942148,1.695536,0.19,790.0,112.128,21.869741,0.162,6239.0,0.452,1.358,1.108,3.39
Kepler-126 d,Kepler-126,2.5,54.59018723,18.398878,0.02,475.0,14.714,100.283134,0.448,6239.0,0.452,1.358,1.108,3.39
Kepler-1260 b,Kepler-1260,1.77,3.78,3.75,0.0,823.0,171.926,19.1187753,0.1444,5961.0,0.52565,1.08,1.06,3.8
Kepler-1261 b,Kepler-1261,2.26,5.73,2.73,0.0,396.0,4.744,48.4308991,0.239,5006.0,-0.5233,0.77,0.82,4.47
Kepler-1262 b,Kepler-1262,1.82,3.97,3.62,0.0,949.0,142.545,8.67900242,0.083,5771.0,-0.10541,0.98,0.99,4.27
Kepler-1263 b,Kepler-1263,1.14,1.55,5.75,0.0,907.0,144.813,4.55139967,0.0499,5213.0,-0.41402,0.8,0.84,4.9
Kepler-1264 b,Kepler-1264,1.18,1.76,5.89,0.0,1677.0,2367.804,0.968526023,0.01839,5791.0,-0.05475,0.98,0.99,4.17
Kepler-1265 b,Kepler-1265,1.35,2.39,5.34,0.0,732.0,58.15,6.49441289,0.0612,4630.0,-0.70004,0.69,0.71,5.25
Kepler-1266 b,Kepler-1266,2.58,7.18,2.3,0.0,489.0,10.313,28.474748,0.16431,5044.0,-0.52996,0.76,0.8,5.13
Kepler-1266 c,Kepler-1266,1.68023962,3.46,4.01,0.0,881.0,110.4,4.86631012,0.0506,4996.0,-0.52996,0.831,0.791,7.24
Kepler-1267 b,Kepler-1267,3.01,9.32,1.88,0.0,774.0,86.469,13.0313945,0.1057,6096.0,0.0025,1.2,1.15,3.24
Kepler-1268 b,Kepler-1268,2.03,4.78,3.14,0.0,627.0,40.652,40.9903986,0.2383,5904.0,0.34483,1.09,1.06,4.27
Kepler-1269 b,Kepler-1269,1.63,3.29,4.17,0.0,657.0,69.004,37.3331536,0.23611,5998.0,0.5557,1.15,1.1,3.55
Kepler-127 b,Kepler-127,1.4,2.54,5.09,0.47,884.0,159.163,14.435889,0.125,6106.0,0.40651,1.359,1.248,2.69
Kepler-127 c,Kepler-127,2.66,7.56,2.21,0.03,698.0,61.688,29.393195,0.2,6106.0,0.40651,1.359,1.248,2.69
Kepler-127 d,Kepler-127,2.64,7.46,2.23,0.03,590.0,31.519,48.630408,0.28,6106.0,0.40651,1.359,1.248,2.69
Kepler-1270 b,Kepler-1270,3.32,11.0,1.65,0.0,1598.0,1217.395,6.03356196,0.07045,5047.0,0.71321,3.38,1.28,4.37
Kepler-1271 b,Kepler-1271,1.48,2.79,4.73,0.0,1484.0,975.181,3.0255955,0.04233,6143.0,0.21871,1.23,1.13,3.63
Kepler-1272 b,Kepler-1272,2.37,6.21,2.56,0.0,542.0,34.433,51.1309704,0.2705,5926.0,0.37031,1.09,1.06,3.89
Kepler-1273 b,Kepler-1273,2.49,6.76,2.41,0.0,573.0,14.877,28.625653,0.1857,5566.0,-0.3054,0.91,0.94,4.47
Kepler-1274 b,Kepler-1274,1.42,2.6,4.99,0.0,1384.0,975.81,6.98152703,0.08161,6179.0,0.79752,2.17,1.45,2.88
Kepler-1275 b,Kepler-1275,1.48,2.79,4.73,0.0,1368.0,822.484,3.65691115,0.0488,6296.0,0.31503,1.36,1.23,2.51
Kepler-1276 b,Kepler-1276,1.19,1.81,5.9,0.0,886.0,139.77,12.5720095,0.10863,6188.0,0.2204,1.21,1.14,3.09
Kepler-1277 b,Kepler-1277,1.6,3.19,4.28,0.0,496.0,12.11,40.8365012,0.21857,5578.0,-0.19906,0.92,0.94,5.01
Kepler-1278 b,Kepler-1278,1.01,1.01,5.39,0.0,1213.0,1314.67,3.23941344,0.04417,6074.0,0.36593,1.16,1.11,3.31
Kepler-1279 b,Kepler-1279,1.75,3.71,3.8,0.0,738.0,190.851,23.4774101,0.1785,6221.0,0.69281,1.33,1.21,2.82
Kepler-128 b,Kepler-128,1.421,3.79,7.222837,0.0,968.0,227.398,15.0,0.12545,6072.0,0.57542,1.659,1.184,4.07
Kepler-128 c,Kepler-128,1.521,3.38,5.237935,0.037,843.0,130.979,22.8,0.16517,6072.0,0.57542,1.659,1.184,4.07
Kepler-1280 b,Kepler-1280,1.87,4.16,3.5,0.0,757.0,35.293,66.5579057,0.33982,6227.0,0.6788,1.32,1.2,2.82
Kepler-1281 b,Kepler-1281,1.64,3.33,4.15,0.0,1123.0,375.55,3.11602791,0.0415,5353.0,-0.292,0.83,0.87,4.37
Kepler-1282 b,Kepler-1282,1.55,3.02,4.46,0.0,1418.0,672.532,2.131946513,0.0335,5504.0,-0.18287,0.89,0.92,4.57
Kepler-1283 b,Kepler-1283,1.91,4.31,3.4,0.0,764.0,80.34,12.9460978,0.1062,6175.0,0.92675,1.25,1.16,2.88
Kepler-1284 b,Kepler-1284,1.21,1.92,5.96,0.0,1703.0,2190.082,0.664073806,0.0143,5123.0,-0.39518,0.79,0.84,4.47
Kepler-1285 b,Kepler-1285,0.97,0.871,5.24,0.0,874.0,181.591,14.7967458,0.12758,6170.0,0.48088,1.28,1.2,2.75
Kepler-1286 b,Kepler-1286,2.15,5.27,2.91,0.0,888.0,151.77,11.25402929,0.0991,5753.0,0.12822,0.98,1.0,4.17
Kepler-1287 b,Kepler-1287,1.54,2.99,4.5,0.0,796.0,78.156,11.47685909,0.0976,5715.0,-0.09078,0.94,0.96,4.07
Kepler-1288 b,Kepler-1288,1.12,1.46,5.71,0.0,2017.0,1342.5,2.76122421,0.04135,6132.0,0.30207,1.29,1.2,2.88
Kepler-1289 b,Kepler-1289,1.52,2.92,4.57,0.0,1113.0,223.442,7.99019627,0.0785,6080.0,0.16032,1.17,1.1,2.95
Kepler-129 b,Kepler-129,2.4,20.0,8.1,0.01,910.0,158.306,15.79,0.13,5770.0,0.46365,1.653,1.178,6.43
Kepler-129 c,Kepler-129,2.52,43.0,14.8,0.2,525.0,17.554,82.2,0.39,5770.0,0.46365,1.653,1.178,6.43
Kepler-129 d,Kepler-129,12.6,2637.9757781,7.25,0.15,,,2646.0,4.0,5770.0,0.46365,1.653,1.178,6.43
Kepler-1290 b,Kepler-1290,1.42,2.6,4.99,0.0,1098.0,443.221,4.69500134,0.0557,5660.0,0.06899,0.93,0.95,4.07
Kepler-1291 b,Kepler-1291,1.66,3.39,4.07,0.0,739.0,62.823,8.63043276,0.0779,5216.0,-0.46748,0.8,0.84,4.9
Kepler-1292 b,Kepler-1292,1.82,3.97,3.62,0.0,1195.0,521.101,3.27646405,0.0443,5556.0,-0.09051,0.93,0.95,4.68
Kepler-1293 b,Kepler-1293,0.97,0.871,5.24,0.0,1183.0,929.122,5.57654784,0.06763,6241.0,0.60386,1.28,1.18,2.82
Kepler-1294 b,Kepler-1294,3.19,10.3,1.74,0.0,401.0,12.362,115.6862258,0.4684,5776.0,0.42138,0.97,0.99,3.98
Kepler-1295 b,Kepler-1295,1.55,3.02,4.46,0.0,1029.0,279.941,3.81371974,0.0464,5486.0,-0.28279,0.89,0.92,4.68
Kepler-1296 b,Kepler-1296,0.91,0.693,5.05,0.0,1285.0,399.015,8.3839865,0.0896,5359.0,0.48615,0.83,0.87,4.17
Kepler-1297 b,Kepler-1297,0.97,0.871,5.24,0.0,1790.0,2760.593,1.68189002,0.0283,5818.0,0.30193,0.99,0.99,4.17
Kepler-1298 b,Kepler-1298,1.31,2.27,5.55,0.0,1373.0,1003.027,7.12811928,0.0814,6339.0,0.83982,2.0,1.45,2.57
Kepler-1299 b,Kepler-1299,2.98,9.17,1.9,0.0,588.0,45.146,19.9400874,0.1357,5609.0,-0.10621,0.91,0.94,4.37
Kepler-130 b,Kepler-130,1.02,1.04,5.39,0.15,982.0,221.731,8.457458,0.079,5884.0,0.19831,1.127,0.927,5.89
Kepler-130 c,Kepler-130,2.9,8.75,1.97,0.0,683.0,46.011,27.50868,0.178,5879.0,0.155,1.17,1.0,5.89
Kepler-130 d,Kepler-130,1.64,3.33,4.15,0.8,451.0,9.834,87.517905,0.377,5884.0,0.19831,1.127,0.927,5.89
Kepler-1300 b,Kepler-1300,1.37,2.45,5.24,0.0,954.0,149.409,22.2419092,0.16005,6130.0,0.63621,1.79,1.29,3.55
Kepler-1301 b,Kepler-1301,1.4,2.54,5.09,0.0,734.0,76.139,9.08237046,0.0815,5188.0,-0.34618,0.81,0.85,4.9
Kepler-1302 b,Kepler-1302,1.43,2.63,4.94,0.0,778.0,58.344,8.83922659,0.0795,5236.0,-0.46714,0.82,0.86,4.68
Kepler-1303 b,Kepler-1303,1.42,2.6,4.99,0.0,891.0,182.375,7.56127224,0.0751,5771.0,-0.00195,1.0,1.01,4.47
Kepler-1304 b,Kepler-1304,2.29,5.86,2.68,0.0,715.0,61.87,16.1288853,0.1202,5259.0,0.63938,0.81,0.85,4.68
Kepler-1305 b,Kepler-1305,1.88,4.19,3.47,0.0,733.0,103.51,13.5630972,0.1109,5701.0,0.08368,0.96,0.97,4.37
Kepler-1306 b,Kepler-1306,1.91,4.31,3.4,0.0,678.0,52.146,16.29595382,0.123,5727.0,-0.06343,0.97,0.98,4.57
Kepler-1307 b,Kepler-1307,2.47,6.66,2.43,0.0,768.0,41.185,18.01621096,0.1369,5884.0,-0.20496,1.08,1.06,4.07
Kepler-1308 b,Kepler-1308,0.52,0.0933,3.65,0.0,662.0,58.108,2.104338119,0.025,3468.0,-1.50254,0.34,0.35,3.72
Kepler-1309 b,Kepler-1309,2.37,6.21,2.56,0.0,491.0,13.77,28.8432647,0.1679,5235.0,-0.60322,0.8,0.85,4.27
Kepler-131 b,Kepler-131,2.41,16.13,6.0,0.0,718.0,66.122,16.092,0.12789,5685.0,0.02191,1.03,1.02,3.66
Kepler-131 c,Kepler-131,0.84,8.25,77.7,0.0,615.0,35.736,25.5169,0.17391,5685.0,0.02191,1.03,1.02,3.66
Kepler-1310 b,Kepler-1310,1.44,2.67,4.91,0.0,1883.0,2830.91,0.679336272,0.01452,5549.0,-0.19177,0.88,0.91,4.17
Kepler-1311 b,Kepler-1311,1.24,2.07,5.97,0.0,1019.0,296.92,11.1726994,0.10082,5748.0,0.47186,1.4,1.05,7.59
Kepler-1311 c,Kepler-1311,1.22,1.98,5.99,0.0,1671.0,2144.553,2.53573424,0.03753,5748.0,0.47186,1.4,1.05,7.59
Kepler-1311 d,Kepler-1311,9.65837605,67.5,0.412,0.0,391.0,6.0,197.5110016,0.68434,5616.0,0.47186,1.674,1.032,7.59
Kepler-1312 b,Kepler-1312,2.1,5.06,3.0,0.0,978.0,219.117,5.448325286,0.06053,5719.0,-0.09874,0.92,0.99,2.0
Kepler-1312 c,Kepler-1312,1.02732734,1.07,5.42,0.0,1659.0,1770.2,1.116119981,0.02103,5721.0,-0.09874,0.905,0.983,0.89
Kepler-1313 b,Kepler-1313,1.76,3.75,3.78,0.0,1012.0,227.198,3.833091178,0.04619,5453.0,-0.3248,0.85,0.92,2.69
Kepler-1314 b,Kepler-1314,5.11,22.9,0.943,0.0,625.0,36.05,5.424749281,0.0504,4188.0,-1.89109,0.59,0.6,6.03
Kepler-1315 b,Kepler-1315,1.38,2.48,5.19,0.0,1541.0,897.9,0.84338011,0.01617,4861.0,-0.62783,0.75,0.8,3.47
Kepler-1315 c,Kepler-1315,1.84398883,4.06,3.56,0.0,777.0,57.6,6.566060066,0.0635,4818.0,-0.62783,0.856,0.809,1.62
Kepler-1316 b,Kepler-1316,3.54,12.3,1.52,0.0,446.0,10.714,87.9732136,0.39765,5884.0,0.25347,1.12,1.04,5.13
Kepler-1317 b,Kepler-1317,1.56,3.05,4.41,0.0,1796.0,2413.261,0.568874427,0.0128,5144.0,-0.41358,0.79,0.83,4.79
Kepler-1318 b,Kepler-1318,3.11,9.85,1.8,0.0,202.0,0.492,213.257663,0.6085,4598.0,-0.72991,0.7,0.73,4.57
Kepler-1319 b,Kepler-1319,1.34,2.36,5.39,0.33,557.0,38.452,2.886762645,0.0296,3655.0,-1.45739,0.54,0.56,5.37
Kepler-132 b,Kepler-132,1.21,1.92,5.96,0.0,1082.0,284.8,6.178196,0.067,6003.0,0.211,1.178,0.929,4.37
Kepler-132 c,Kepler-132,1.28,2.18,5.71,0.0,1069.0,271.0,6.414914,0.068,6003.0,0.211,1.178,0.929,4.37
Kepler-132 d,Kepler-132,1.55,3.02,4.46,0.0,758.0,68.6,18.010199,0.136,6003.0,0.211,1.178,0.929,4.37
Kepler-132 e,Kepler-132,1.18,1.76,5.89,0.0,414.0,6.1,110.2869374,0.43927,6023.0,0.157,1.1,1.03,4.37
Kepler-1320 b,Kepler-1320,1.7,3.53,3.95,0.0,1389.0,672.113,0.868386528,0.0163,4817.0,-0.72896,0.74,0.8,3.16
Kepler-1321 b,Kepler-1321,4.92,21.5,0.992,0.0,408.0,13.547,11.12830484,0.0781,4094.0,-0.8624,0.53,0.54,4.17
Kepler-1321 c,Kepler-1321,2.4,6.35,2.52,0.0,697.0,115.909,2.226491086,0.0267,4094.0,-0.8624,0.53,0.54,4.17
Kepler-1321 d,Kepler-1321,2.62843782,7.41,2.24,0.0,509.0,15.84,5.720920086,0.0501,3640.0,-0.8624,0.503,0.513,6.26
Kepler-1322 b,Kepler-1322,1.61,3.22,4.24,0.0,1666.0,2651.424,0.962867382,0.0183,5488.0,-0.10053,0.87,0.9,4.47
Kepler-1322 c,Kepler-1322,2.15492527,5.29,2.9,0.0,883.0,144.06,6.459980011,0.0652,5704.0,-0.10053,0.804,0.897,0.4
Kepler-1323 b,Kepler-1323,1.52,2.92,4.57,0.0,2291.0,5067.603,0.929906678,0.01911,6169.0,0.29462,1.4,1.18,3.55
Kepler-1324 b,Kepler-1324,1.51,2.89,4.61,0.0,895.0,98.414,4.115844679,0.0466,4776.0,-0.67302,0.73,0.78,2.88
Kepler-1325 b,Kepler-1325,2.86,8.55,2.01,0.0,564.0,18.153,33.8786838,0.2004,5550.0,-0.13603,0.91,0.93,4.79
Kepler-1326 b,Kepler-1326,4.18,16.3,1.23,0.0,938.0,47.84,42.3514267,0.2743,6725.0,0.52296,1.74,1.45,1.7
Kepler-1327 b,Kepler-1327,1.8,3.89,3.67,0.0,831.0,79.9,14.88801098,0.11151,5885.0,0.0362,1.03,1.02,4.07
Kepler-1328 b,Kepler-1328,0.98,0.904,5.28,0.0,1214.0,545.672,4.52158888,0.052,5780.0,0.2276,0.99,1.0,4.57
Kepler-1329 b,Kepler-1329,2.17,5.35,2.88,0.0,577.0,26.645,9.33646594,0.0747,4500.0,-0.77081,0.69,0.72,5.62
Kepler-133 b,Kepler-133,1.76,3.75,3.78,0.0,1041.0,408.58,8.129976,0.083,5736.0,0.4105,1.425,1.02,6.03
Kepler-133 c,Kepler-133,2.84,8.45,2.03,0.0,663.0,67.161,31.517586,0.204,5736.0,0.4105,1.425,1.02,6.03
Kepler-1330 b,Kepler-1330,1.65,3.36,4.11,0.0,879.0,322.399,10.10769068,0.0889,5608.0,0.42575,0.94,0.97,4.9
Kepler-1331 b,Kepler-1331,1.05,1.16,5.51,0.0,1244.0,547.294,0.789161653,0.0142,4508.0,-0.90934,0.69,0.72,4.17
Kepler-1332 b,Kepler-1332,1.37,2.45,5.24,0.0,728.0,77.559,11.87456832,0.09915,5581.0,-0.13733,0.9,0.95,3.24
Kepler-1333 b,Kepler-1333,2.81,8.3,2.06,0.0,428.0,3.298,109.6471842,0.4382,5628.0,-0.18777,0.92,0.94,4.57
Kepler-1334 b,Kepler-1334,2.29,5.86,2.68,0.0,710.0,78.355,15.64591713,0.1229,5614.0,0.0276,0.91,0.94,4.27
Kepler-1335 b,Kepler-1335,1.45,2.7,4.87,0.0,809.0,80.741,6.26406846,0.0615,4903.0,-0.5555,0.74,0.77,4.9
Kepler-1336 b,Kepler-1336,1.98,4.58,3.24,0.0,793.0,103.72,23.198681,0.15845,5512.0,0.42052,1.3,0.94,12.3
Kepler-1336 c,Kepler-1336,1.71,3.57,3.92,0.0,1260.0,662.713,5.77721211,0.06272,5512.0,0.42052,1.3,0.94,12.3
Kepler-1337 b,Kepler-1337,2.41,6.39,2.51,0.0,437.0,9.183,24.4002549,0.1441,4523.0,-0.74221,0.67,0.7,4.27
Kepler-1338 b,Kepler-1338,0.92,0.721,5.09,0.0,2124.0,4712.111,0.935118057,0.01937,5909.0,0.24719,1.05,1.04,3.8
Kepler-1339 b,Kepler-1339,0.71,0.285,4.38,0.0,1642.0,3094.817,1.341555127,0.02356,5586.0,0.18765,0.93,0.94,5.62
Kepler-134 b,Kepler-134,2.0,4.66,3.2,0.0,1105.0,301.367,5.317429,0.06,5983.0,0.06051,1.176,0.956,3.55
Kepler-134 c,Kepler-134,1.26,2.13,5.85,0.0,892.0,128.086,10.105785,0.092,5983.0,0.06051,1.176,0.956,3.55
Kepler-1340 b,Kepler-1340,1.55,3.02,4.46,0.0,2174.0,4793.001,0.665026916,0.01523,6331.0,0.08683,1.42,1.27,2.4
Kepler-1341 b,Kepler-1341,2.99,9.22,1.9,0.0,241.0,1.141,132.9968322,0.47267,4662.0,-0.63776,0.72,0.79,1.82
Kepler-1342 b,Kepler-1342,1.66,3.39,4.07,0.0,1283.0,559.275,2.215710358,0.0313,5527.0,-0.26092,0.9,0.93,4.37
Kepler-1343 b,Kepler-1343,1.93,4.38,3.35,0.0,1294.0,1021.904,3.35183158,0.0449,5759.0,0.19529,0.93,0.95,3.98
Kepler-1344 b,Kepler-1344,1.84,4.04,3.56,0.0,1219.0,425.169,4.7683049,0.05501,5981.0,0.14599,1.13,1.09,3.63
Kepler-1345 b,Kepler-1345,2.36,6.17,2.58,0.0,693.0,68.469,44.6169557,0.26412,6449.0,0.69266,1.55,1.32,2.24
Kepler-1346 b,Kepler-1346,1.58,3.12,4.35,0.0,1236.0,545.575,3.40165668,0.044,6133.0,-0.00806,1.21,1.14,3.09
Kepler-1347 b,Kepler-1347,1.03,1.08,5.43,0.0,617.0,34.32,14.00947528,0.104,5193.0,-0.388,0.79,0.82,5.62
Kepler-1348 b,Kepler-1348,1.94,4.42,3.33,0.0,636.0,49.665,27.5722742,0.1834,5911.0,0.20429,1.04,1.04,3.72
Kepler-1349 b,Kepler-1349,0.7,0.271,4.34,0.0,1668.0,1862.33,2.12823928,0.03421,6086.0,0.34263,1.28,1.16,2.88
Kepler-135 b,Kepler-135,1.81,3.93,3.64,0.0,1209.0,496.678,6.00253,0.067,6090.0,0.44809,1.275,1.047,2.62
Kepler-135 c,Kepler-135,1.16,1.65,5.81,0.0,975.0,209.967,11.448708,0.103,6090.0,0.44809,1.275,1.047,2.62
Kepler-1350 b,Kepler-1350,2.52,6.9,2.37,0.0,535.0,27.176,4.4968604,0.0413,3827.0,-1.2834,0.53,0.55,4.57
Kepler-1350 c,Kepler-1350,1.73,3.64,3.86,0.0,730.0,94.054,1.766789062,0.0222,3827.0,-1.2834,0.53,0.55,4.57
Kepler-1351 b,Kepler-1351,0.65,0.208,4.16,0.0,1212.0,421.965,0.916140768,0.0156,4439.0,-0.98254,0.67,0.7,4.17
Kepler-1352 b,Kepler-1352,0.89,0.64,4.99,0.0,1701.0,1892.586,1.877882748,0.02883,6118.0,0.263,1.16,1.11,3.16
Kepler-1353 b,Kepler-1353,1.8,3.89,3.67,0.0,491.0,10.767,24.7543966,0.153,4776.0,-0.6146,0.72,0.76,4.68
Kepler-1354 b,Kepler-1354,2.97,9.11,1.91,0.0,466.0,18.86,76.613377,0.3521,6168.0,0.30208,1.24,1.16,2.95
Kepler-1355 b,Kepler-1355,1.46,2.73,4.82,0.0,1448.0,944.873,1.289588112,0.0224,5352.0,-0.32922,0.83,0.88,4.27
Kepler-1356 b,Kepler-1356,1.53,2.96,4.54,0.0,1714.0,1966.057,0.634002937,0.0136,5106.0,-0.4863,0.78,0.82,4.9
Kepler-1357 b,Kepler-1357,1.28,2.18,5.71,0.0,1177.0,449.975,3.0091324,0.041,5597.0,-0.14555,0.9,0.93,4.57
Kepler-1358 b,Kepler-1358,1.12,1.46,5.71,0.0,827.0,98.834,7.06317341,0.0656,5181.0,-0.41347,0.79,0.82,5.13
Kepler-1359 b,Kepler-1359,2.83,8.4,2.04,0.0,369.0,2.451,59.4970952,0.26657,4709.0,-0.7173,0.72,0.78,2.34
Kepler-136 b,Kepler-136,2.05,19.8,12.6,0.0,951.0,257.984,11.5789,0.106,6165.0,0.46678,1.355,1.204,2.75
Kepler-136 c,Kepler-136,1.99,4.62,3.22,0.0,847.0,162.044,16.399235,0.133,6165.0,0.46678,1.355,1.204,2.75
Kepler-1360 b,Kepler-1360,3.4,11.5,1.61,0.0,933.0,82.564,40.5286413,0.2866,6778.0,0.92337,1.83,1.51,1.55
Kepler-1361 b,Kepler-1361,0.86,0.566,4.89,0.0,1061.0,186.069,3.57554956,0.04304,5131.0,-0.43672,0.79,0.83,4.9
Kepler-1362 b,Kepler-1362,2.6,7.27,2.27,0.0,248.0,1.011,136.205626,0.4626,4857.0,-0.60131,0.74,0.8,3.09
Kepler-1363 b,Kepler-1363,1.25,2.1,5.91,0.0,988.0,191.919,2.94194094,0.0363,4839.0,-0.62622,0.72,0.76,4.17
Kepler-1364 b,Kepler-1364,2.15,5.27,2.91,0.0,1299.0,672.06,13.32196237,0.1284,6805.0,0.792,1.79,1.49,1.58
Kepler-1365 b,Kepler-1365,0.92,0.721,5.09,0.0,969.0,456.25,7.69993485,0.07839,5770.0,0.42479,1.05,1.0,6.03
Kepler-1365 c,Kepler-1365,0.8,0.437,4.69,0.0,1137.0,864.037,4.77468005,0.05701,5770.0,0.42479,1.05,1.0,6.03
Kepler-1366 b,Kepler-1366,1.43,2.63,4.94,0.0,783.0,134.981,2.164570968,0.0273,4070.0,-0.99602,0.6,0.62,3.98
Kepler-1367 b,Kepler-1367,0.92,0.721,5.09,0.0,998.0,225.233,1.574090272,0.0236,4106.0,-0.90488,0.6,0.62,3.89
Kepler-1368 b,Kepler-1368,1.65,3.36,4.11,0.0,2085.0,4849.257,0.675649486,0.0153,5906.0,0.05077,1.08,1.07,3.47
Kepler-1369 b,Kepler-1369,2.69,7.7,2.17,0.0,667.0,37.158,25.873148,0.1741,5761.0,-0.01005,0.99,0.99,4.07
Kepler-137 b,Kepler-137,1.47,2.76,4.77,0.0,742.0,86.33,8.436387,0.077,5187.0,-0.29234,0.802,0.85,4.27
Kepler-137 c,Kepler-137,1.88,4.19,3.47,0.0,568.0,29.775,18.735753,0.13,5187.0,-0.29234,0.802,0.85,4.27
Kepler-1370 b,Kepler-1370,1.84,4.04,3.56,0.0,770.0,132.587,20.2641684,0.15763,6202.0,0.45795,1.29,1.19,2.88
Kepler-1370 c,Kepler-1370,1.27,2.15,5.77,0.0,1075.0,503.722,7.44142113,0.08084,6202.0,0.45795,1.29,1.19,2.88
Kepler-1371 b,Kepler-1371,0.73,0.315,4.45,0.0,1015.0,414.765,3.4462039,0.04214,5361.0,-0.19829,0.83,0.87,4.37
Kepler-1371 c,Kepler-1371,0.64,0.196,4.11,0.0,1216.0,853.269,2.00541269,0.02937,5361.0,-0.19829,0.83,0.87,4.37
Kepler-1372 b,Kepler-1372,1.27,2.15,5.77,0.0,1655.0,2176.358,1.311555568,0.024,5677.0,0.0124,0.97,0.98,5.01
Kepler-1373 b,Kepler-1373,1.16,1.65,5.81,0.0,1887.0,8385.9,1.29123275,0.02598,6299.0,0.77358,1.33,1.22,2.51
Kepler-1374 b,Kepler-1374,2.29,5.86,2.68,0.0,737.0,59.789,10.65276707,0.0918,5323.0,-0.36814,0.81,0.85,4.47
Kepler-1375 b,Kepler-1375,1.74,3.68,3.84,0.0,1543.0,2948.362,3.3004192,0.0471,6704.0,0.82249,1.78,1.47,1.66
Kepler-1376 b,Kepler-1376,1.05,1.16,5.51,0.0,1042.0,278.902,5.30880656,0.0598,5659.0,-0.07062,0.97,0.98,4.68
Kepler-1377 b,Kepler-1377,1.25,2.1,5.91,0.0,1873.0,2909.21,0.740928422,0.0153,5218.0,-0.29327,0.82,0.86,5.01
Kepler-1378 b,Kepler-1378,2.2,5.48,2.83,0.0,525.0,14.867,11.95398936,0.0885,4407.0,-0.90346,0.67,0.7,6.46
Kepler-1379 b,Kepler-1379,1.3,2.24,5.6,0.0,1564.0,1600.049,0.881841146,0.0171,5188.0,-0.40329,0.79,0.83,5.01
Kepler-138 b,Kepler-138,0.64,0.07,1.7,0.02,452.0,9.9,10.3134,0.0753,3841.0,-1.25181,0.535,0.535,2.21
Kepler-138 c,Kepler-138,1.51,2.3,3.6,0.017,410.0,6.8,13.7815,0.0913,3841.0,-1.25181,0.535,0.535,2.21
Kepler-138 d,Kepler-138,1.51,2.1,3.6,0.01,345.0,3.4,23.0923,0.1288,3841.0,-1.25181,0.535,0.535,2.21
Kepler-138 e,Kepler-138,0.797,0.43,4.67,0.112,292.0,1.73,38.23,0.1803,3841.0,-1.25181,0.535,0.535,2.21
Kepler-1380 b,Kepler-1380,1.43,2.63,4.94,0.0,786.0,90.1,10.3108245,0.0917,5570.0,0.47259,0.94,0.96,4.79
Kepler-1381 b,Kepler-1381,2.25,5.69,2.74,0.0,649.0,29.701,25.3842686,0.1728,5747.0,-0.11708,0.94,0.96,4.07
Kepler-1382 b,Kepler-1382,1.88,4.19,3.47,0.0,959.0,198.471,16.3583055,0.14023,6161.0,0.57225,1.72,1.36,2.75
Kepler-1383 b,Kepler-1383,1.41,2.57,5.04,0.0,928.0,231.396,13.9093583,0.11397,6370.0,0.56772,1.44,1.26,2.24
Kepler-1384 b,Kepler-1384,1.94,4.42,3.33,0.0,608.0,32.23,15.36262753,0.1126,4919.0,-0.539,0.74,0.78,4.57
Kepler-1385 b,Kepler-1385,0.85,0.543,4.86,0.0,1423.0,1591.477,2.88879862,0.04262,5732.0,0.45032,1.29,1.15,4.37
Kepler-1386 b,Kepler-1386,1.24,2.07,5.97,0.0,1011.0,196.533,6.73972381,0.068,5733.0,0.00882,1.03,1.02,5.01
Kepler-1387 b,Kepler-1387,0.93,0.749,5.12,0.0,1123.0,300.312,2.279526656,0.031,5046.0,-0.56045,0.77,0.82,4.37
Kepler-1388 b,Kepler-1388,2.59,7.22,2.28,0.0,434.0,17.674,12.2854603,0.0882,4098.0,-1.1068,0.61,0.63,4.47
Kepler-1388 c,Kepler-1388,2.26,5.73,2.73,0.0,566.0,51.044,5.53608151,0.0519,4098.0,-1.1068,0.61,0.63,4.47
Kepler-1388 d,Kepler-1388,2.86,8.55,2.01,0.0,363.0,8.66,20.9568158,0.126,4098.0,-1.1068,0.61,0.63,4.47
Kepler-1388 e,Kepler-1388,2.46,6.62,2.44,0.0,299.0,3.97,37.6327084,0.1861,4098.0,-1.1068,0.61,0.63,4.47
Kepler-1389 b,Kepler-1389,1.77,3.78,3.75,0.0,300.0,1.871,99.2530951,0.38249,5078.0,-0.53422,0.74,0.81,2.09
Kepler-139 b,Kepler-139,2.94,7.0,2.169438,0.0,752.0,64.78,15.771044,0.127,5594.0,0.01598,1.3,1.078,5.1
Kepler-139 c,Kepler-139,3.38,13.0,8.702677,0.0,350.0,3.023,157.072878,0.586,5594.0,0.01598,1.3,1.078,5.1
Kepler-139 d,Kepler-139,1.695,2.0,5.270467,0.0,972.0,172.3,7.305699922,0.0755533961,5622.0,0.01598,1.045,1.078,5.1
Kepler-139 e,Kepler-139,13.7,378.0,0.808,0.013121,,,2047.635373,3.23579639,5622.0,0.01598,1.045,1.078,5.1
Kepler-139 f,Kepler-139,6.67,36.0,0.667,,,,355.0,,5630.0,0.01598,1.045,1.078,2.82
Kepler-1390 b,Kepler-1390,1.18,1.76,5.89,0.0,934.0,171.133,6.48021673,0.0662,5753.0,-0.10022,0.98,0.98,4.47
Kepler-1391 b,Kepler-1391,1.68,3.46,4.01,0.0,513.0,33.335,54.4092333,0.30045,5840.0,0.43939,1.1,1.03,5.5
Kepler-1392 b,Kepler-1392,1.96,4.5,3.28,0.0,714.0,61.42,15.1410397,0.1189,5479.0,-0.231,0.85,0.88,4.68
Kepler-1393 b,Kepler-1393,0.8,0.437,4.69,0.0,1249.0,574.37,2.44357812,0.0337,5697.0,0.15136,0.92,0.95,3.47
Kepler-1394 b,Kepler-1394,1.39,2.51,5.14,0.0,1947.0,2023.005,3.93766373,0.05474,6481.0,0.81107,2.55,1.64,1.91
Kepler-1395 b,Kepler-1395,0.8,0.437,4.69,0.0,1311.0,730.531,3.78470649,0.04974,6138.0,0.27693,1.23,1.17,2.88
Kepler-1396 b,Kepler-1396,2.07,4.94,3.06,0.0,786.0,71.816,18.2206421,0.1406,6195.0,0.20377,1.27,1.18,2.75
Kepler-1397 b,Kepler-1397,1.72,3.61,3.9,0.0,551.0,58.103,47.449955,0.25861,6026.0,0.59141,1.12,1.09,3.55
Kepler-1398 b,Kepler-1398,0.9,0.666,5.02,0.0,1510.0,1249.488,2.78815679,0.03909,6126.0,0.31211,1.18,1.13,3.09
Kepler-1398 c,Kepler-1398,1.03,1.08,5.43,0.0,1324.0,738.183,4.13827595,0.05087,6126.0,0.31211,1.18,1.13,3.09
Kepler-1399 b,Kepler-1399,1.25,2.1,5.91,0.0,1610.0,1707.252,1.638653058,0.0276,5735.0,0.00959,0.96,0.97,4.37
Kepler-14 b,Kepler-14,12.733,2669.66,7.1,0.035,1605.0,1029.51,6.790123,0.0771,6395.0,0.799,2.048,1.512,2.2
Kepler-140 b,Kepler-140,1.61,3.22,4.24,0.0,1301.0,848.695,3.25427,0.045,6077.0,0.25061,1.288,1.044,0.88
Kepler-140 c,Kepler-140,1.8,3.89,3.67,0.0,428.0,9.957,91.353282,0.414,6077.0,0.25061,1.288,1.044,0.88
Kepler-1400 b,Kepler-1400,1.62,3.26,4.21,0.0,725.0,44.517,9.06689421,0.0771,5044.0,-0.57763,0.78,0.83,4.57
Kepler-1401 b,Kepler-1401,1.68,3.46,4.01,0.0,808.0,100.91,11.20066445,0.0975,5964.0,0.14,1.1,1.07,3.55
Kepler-1402 b,Kepler-1402,0.76,0.363,4.54,0.0,1789.0,2491.119,2.03387914,0.0322,5416.0,0.44774,0.87,0.9,4.57
Kepler-1403 b,Kepler-1403,2.14,5.22,2.93,0.0,1238.0,699.644,5.19492202,0.064,6060.0,0.37208,1.15,1.11,3.31
Kepler-1404 b,Kepler-1404,2.01,4.7,3.18,0.0,596.0,39.001,15.9314739,0.1143,5261.0,-0.37049,0.8,0.84,4.57
Kepler-1405 b,Kepler-1405,3.96,14.9,1.32,0.0,565.0,33.802,28.2274184,0.1778,5925.0,0.02238,1.07,1.05,3.63
Kepler-1406 b,Kepler-1406,1.1,1.37,5.66,0.0,854.0,125.89,11.62905828,0.0987,5892.0,0.135,1.12,1.05,5.01
Kepler-1407 b,Kepler-1407,2.25,5.69,2.74,0.0,826.0,78.667,20.0711504,0.1502,6010.0,0.27131,1.15,1.1,3.24
Kepler-1408 b,Kepler-1408,0.89,0.64,4.99,0.0,1616.0,1982.268,2.99793191,0.04218,6170.0,0.57889,1.35,1.21,2.57
Kepler-1409 b,Kepler-1409,1.04,1.12,5.47,0.0,1733.0,1552.133,0.764864926,0.01553,5160.0,-0.4219,0.79,0.83,4.79
Kepler-141 b,Kepler-141,0.69,0.257,4.3,0.0,968.0,228.663,3.107675,0.039,4910.0,-0.44625,0.787,0.878,12.39
Kepler-141 c,Kepler-141,1.41,2.57,5.04,0.0,738.0,77.412,7.010606,0.067,4910.0,-0.44625,0.787,0.878,12.39
Kepler-1410 b,Kepler-1410,1.78,3.82,3.72,0.0,290.0,1.06,60.866168,0.2543,4092.0,-1.158,0.6,0.63,4.07
Kepler-1411 b,Kepler-1411,2.82,8.35,2.05,0.0,441.0,8.927,86.1150888,0.4001,5664.0,0.04081,0.92,0.95,4.17
Kepler-1412 b,Kepler-1412,0.83,0.498,4.79,0.0,1397.0,1087.781,3.6146051,0.04608,5880.0,0.38332,1.27,1.06,6.31
Kepler-1413 b,Kepler-1413,1.82,3.97,3.62,0.0,661.0,42.825,13.1829642,0.1066,5196.0,-0.39085,0.8,0.84,4.68
Kepler-1414 b,Kepler-1414,1.23,2.04,6.02,0.0,1033.0,209.464,3.51576315,0.0426,4951.0,-0.46384,0.75,0.8,4.68
Kepler-1415 b,Kepler-1415,1.29,2.21,5.66,0.0,1846.0,2138.079,0.63642408,0.01416,5267.0,-0.29708,0.84,0.89,4.17
Kepler-1416 b,Kepler-1416,0.88,0.615,4.96,0.0,1870.0,2658.55,1.49514952,0.0257,6019.0,0.28393,1.15,1.09,2.95
Kepler-1417 b,Kepler-1417,1.0,0.972,5.34,0.0,695.0,114.332,20.3505213,0.14062,5839.0,0.39458,1.02,1.02,4.07
Kepler-1418 b,Kepler-1418,1.66,3.39,4.07,0.0,419.0,7.29,22.4764425,0.131,4770.0,-0.616,0.72,0.77,3.63
Kepler-1419 b,Kepler-1419,2.86,8.55,2.01,0.0,510.0,21.243,42.5215895,0.2391,5796.0,0.04229,1.01,1.01,4.37
Kepler-142 b,Kepler-142,1.99,4.62,3.22,0.0,1597.0,1247.908,2.024152,0.032,5790.0,0.10706,1.269,0.978,7.59
Kepler-142 c,Kepler-142,2.86,8.55,2.01,0.0,1201.0,399.444,4.761702,0.057,5790.0,0.10706,1.269,0.978,7.59
Kepler-142 d,Kepler-142,2.16,5.31,2.9,0.0,582.0,22.072,41.809118,0.242,5790.0,0.10706,1.269,0.978,7.59
Kepler-1420 b,Kepler-1420,1.28,2.18,5.71,0.0,806.0,131.526,6.69960006,0.0671,5187.0,-0.23199,0.79,0.82,4.9
Kepler-1421 b,Kepler-1421,0.93,0.749,5.12,0.0,1209.0,649.151,6.9131112,0.07576,6335.0,0.59941,1.42,1.25,2.75
Kepler-1422 b,Kepler-1422,2.02,4.74,3.16,0.0,833.0,156.9,18.6051942,0.1499,6194.0,0.44726,1.23,1.15,3.02
Kepler-1423 b,Kepler-1423,1.06,1.2,5.54,0.0,741.0,71.16,23.955378,0.1586,4939.0,-0.52,0.75,0.79,4.68
Kepler-1424 b,Kepler-1424,1.16,1.65,5.81,0.0,629.0,58.6,29.6091744,0.19068,5838.0,0.27098,1.07,1.02,5.25
Kepler-1425 b,Kepler-1425,0.94,0.779,5.15,0.0,676.0,216.405,14.4541302,0.11435,5718.0,0.39762,0.95,0.97,4.07
Kepler-1426 b,Kepler-1426,1.56,3.05,4.41,0.0,797.0,95.22,14.2563227,0.1187,5831.0,0.0355,1.02,1.02,4.07
Kepler-1427 b,Kepler-1427,1.1,1.37,5.66,0.0,1844.0,2730.51,0.968972376,0.0197,5793.0,0.0156,1.01,1.01,4.07
Kepler-1428 b,Kepler-1428,1.64,3.33,4.15,0.0,1049.0,817.579,10.67607169,0.11051,6184.0,0.94388,1.36,1.28,2.04
Kepler-1429 b,Kepler-1429,1.29,2.21,5.66,0.0,1199.0,551.156,4.48487493,0.055,5902.0,0.13795,1.07,1.05,4.17
Kepler-143 b,Kepler-143,2.41,6.39,2.51,0.0,838.0,118.334,16.007583,0.127,5848.0,0.29363,1.359,0.982,9.33
Kepler-143 c,Kepler-143,3.37,11.3,1.62,0.0,703.0,58.7,27.082511,0.181,5848.0,0.29363,1.359,0.982,9.33
Kepler-1430 b,Kepler-1430,1.18,1.76,5.89,0.0,969.0,208.54,2.46050993,0.0304,4796.0,-0.81553,0.72,0.77,2.09
Kepler-1431 b,Kepler-1431,1.47,2.76,4.77,0.0,1064.0,469.819,5.86601526,0.0648,5806.0,0.24349,1.03,1.03,4.27
Kepler-1432 b,Kepler-1432,2.22,5.56,2.79,0.0,709.0,119.237,23.9109011,0.1696,6031.0,0.4492,1.13,1.09,3.47
Kepler-1433 b,Kepler-1433,1.56,3.05,4.41,0.0,1226.0,535.42,4.13592271,0.0516,6097.0,0.247,1.19,1.14,3.02
Kepler-1434 b,Kepler-1434,1.11,1.41,5.67,0.0,1320.0,925.289,8.05333618,0.0917,6291.0,0.86244,2.04,1.47,2.57
Kepler-1435 b,Kepler-1435,0.86,0.566,4.89,0.0,1331.0,893.886,4.45343281,0.05456,6356.0,0.4683,1.32,1.21,2.63
Kepler-1436 b,Kepler-1436,1.31,2.27,5.55,0.0,1001.0,772.079,9.705716,0.0907,5972.0,0.80118,1.09,1.06,3.8
Kepler-1437 b,Kepler-1437,1.37,2.45,5.24,0.0,770.0,83.14,10.9295461,0.0951,5557.0,0.31615,0.9,0.93,4.57
Kepler-1438 b,Kepler-1438,0.94,0.779,5.15,0.0,1490.0,561.12,2.31942009,0.0346,5530.0,0.12254,0.96,0.97,5.37
Kepler-1439 b,Kepler-1439,1.46,2.73,4.82,0.0,420.0,9.081,8.07392849,0.0594,3578.0,-1.54394,0.43,0.46,4.07
Kepler-144 b,Kepler-144,1.33,2.33,5.44,0.0,1253.0,426.719,5.885273,0.066,6075.0,0.28203,1.235,1.154,0.94
Kepler-144 c,Kepler-144,1.35,2.39,5.34,0.0,1046.0,207.247,10.104665,0.094,6075.0,0.28203,1.235,1.154,0.94
Kepler-1440 b,Kepler-1440,1.26,2.13,5.85,0.0,597.0,44.728,39.859484,0.23431,5698.0,0.37679,0.96,0.98,4.47
Kepler-1441 b,Kepler-1441,1.31,2.27,5.55,0.0,682.0,33.046,39.4419839,0.2346,5802.0,0.32471,1.0,1.0,3.89
Kepler-1442 b,Kepler-1442,3.93,14.7,1.33,0.0,522.0,25.972,81.4162941,0.40814,6394.0,0.65109,1.44,1.34,1.7
Kepler-1443 b,Kepler-1443,0.97,0.871,5.24,0.0,1602.0,2809.165,2.41811321,0.03783,6289.0,0.56075,1.27,1.19,2.63
Kepler-1444 b,Kepler-1444,2.18,5.39,2.86,0.0,581.0,25.942,33.42035034,0.20906,5810.0,0.02131,1.05,1.03,4.79
Kepler-1445 b,Kepler-1445,0.96,0.84,5.22,0.0,987.0,248.548,10.60052251,0.09587,6150.0,0.33963,1.26,1.13,3.8
Kepler-1446 b,Kepler-1446,0.82,0.477,4.75,0.0,1539.0,1213.333,0.689967832,0.01405,4865.0,-0.65135,0.75,0.81,2.63
Kepler-1447 b,Kepler-1447,2.9,8.75,1.97,0.0,522.0,10.349,56.6747285,0.2836,5722.0,-0.04217,0.95,0.97,4.17
Kepler-1448 b,Kepler-1448,1.61,3.22,4.24,0.0,811.0,86.645,12.27065865,0.1058,5774.0,-0.06927,0.93,0.95,3.55
Kepler-1449 b,Kepler-1449,1.68,3.46,4.01,0.0,867.0,271.885,13.2274528,0.1176,5979.0,0.50864,1.1,1.08,3.47
Kepler-145 b,Kepler-145,2.65,37.1,13.0,0.43,873.0,154.705,22.951,0.17308,6022.0,0.69164,1.85,1.32,3.24
Kepler-145 c,Kepler-145,4.32,79.4,2.58,0.11,709.0,67.193,42.882,0.26244,6022.0,0.69164,1.85,1.32,3.24
Kepler-1450 b,Kepler-1450,1.71,3.57,3.92,0.0,308.0,3.078,54.5094166,0.2401,4524.0,-0.7677,0.68,0.71,4.37
Kepler-1451 b,Kepler-1451,3.35,11.2,1.64,0.0,523.0,18.751,35.622233,0.2101,5782.0,-0.11938,0.99,1.0,4.17
Kepler-1452 b,Kepler-1452,2.7,7.75,2.16,0.0,810.0,73.501,42.913751,0.25764,6101.0,0.72107,2.06,1.41,3.24
Kepler-1453 b,Kepler-1453,2.67,7.61,2.2,0.0,503.0,11.889,47.1611696,0.262,5665.0,-0.13974,0.94,0.97,4.27
Kepler-1454 b,Kepler-1454,1.88,4.19,3.47,0.0,492.0,9.08,47.0319479,0.2447,5448.0,-0.25509,0.86,0.9,4.57
Kepler-1455 b,Kepler-1455,2.16,5.31,2.9,0.0,298.0,1.533,49.276764,0.2149,4075.0,-1.14066,0.6,0.62,4.17
Kepler-1456 b,Kepler-1456,1.14,1.55,5.75,0.0,433.0,8.234,18.1373829,0.1132,4231.0,-0.957,0.62,0.64,3.72
Kepler-1457 b,Kepler-1457,1.99,4.62,3.22,0.0,478.0,23.468,51.1110243,0.26391,5866.0,0.21547,1.01,1.01,3.72
Kepler-1458 b,Kepler-1458,2.76,8.05,2.1,0.0,493.0,8.293,47.9872764,0.24869,5653.0,-0.24032,0.94,0.96,4.17
Kepler-1459 b,Kepler-1459,1.36,2.42,5.29,0.0,349.0,3.511,62.8691611,0.2829,4828.0,-0.52327,0.74,0.78,3.89
Kepler-146 b,Kepler-146,3.71,13.3,1.43,0.0,639.0,32.89,31.158799,0.2,5948.0,0.14794,1.208,1.079,0.91
Kepler-146 c,Kepler-146,3.13,9.96,1.78,0.0,473.0,9.887,76.732171,0.364,5948.0,0.14794,1.208,1.079,0.91
Kepler-1460 b,Kepler-1460,1.96,4.5,3.28,0.0,391.0,5.469,29.9633247,0.1614,4422.0,-0.84407,0.67,0.7,3.98
Kepler-1461 b,Kepler-1461,2.03,4.78,3.14,0.0,451.0,8.88,29.3494775,0.1715,4919.0,-0.64483,0.74,0.79,3.24
Kepler-1462 b,Kepler-1462,3.82,14.0,1.38,0.0,390.0,4.704,65.6488341,0.3094,5756.0,-0.31369,1.0,1.0,4.07
Kepler-1463 b,Kepler-1463,1.86,4.12,3.52,0.0,619.0,57.634,25.15864,0.1694,5679.0,0.09195,0.95,0.96,4.79
Kepler-1464 b,Kepler-1464,1.66,3.39,4.07,0.0,564.0,89.473,31.7785901,0.20066,5828.0,0.42978,1.01,1.02,3.89
Kepler-1464 c,Kepler-1464,1.0,0.972,5.34,0.0,1023.0,968.555,5.32786292,0.06101,5828.0,0.42978,1.01,1.02,3.89
Kepler-1465 b,Kepler-1465,1.77,3.78,3.75,0.0,668.0,6.246,31.8277111,0.1939,4726.0,-0.65202,0.71,0.75,3.72
Kepler-1466 b,Kepler-1466,1.55,3.02,4.46,0.0,585.0,21.875,31.1750448,0.17981,5884.0,-0.02273,1.02,1.01,3.89
Kepler-1467 b,Kepler-1467,3.3,10.9,1.67,0.0,411.0,7.917,47.0569043,0.2388,5332.0,-0.35052,0.82,0.86,4.37
Kepler-1468 b,Kepler-1468,1.73,3.64,3.86,0.0,1093.0,481.352,8.23984869,0.0817,5893.0,0.53118,1.05,1.04,3.55
Kepler-1468 c,Kepler-1468,1.15,1.6,5.78,0.0,1448.0,1479.567,3.54553021,0.0466,5893.0,0.53118,1.05,1.04,3.55
Kepler-1468 d,Kepler-1468,3.33187146,11.1,1.65,0.0,819.0,52.77,19.59059906,0.1456,5794.0,0.53118,1.496,1.072,3.55
Kepler-1469 b,Kepler-1469,2.8,8.25,2.07,0.0,551.0,24.901,21.8635301,0.1466,5507.0,-0.2739,0.89,0.92,4.47
Kepler-147 b,Kepler-147,1.53,2.96,4.54,0.0,953.0,224.61,12.610584,0.113,6012.0,0.42733,1.468,1.145,5.5
Kepler-147 c,Kepler-147,2.43,6.48,2.48,0.0,689.0,61.287,33.416423,0.216,6012.0,0.42733,1.468,1.145,5.5
Kepler-1470 b,Kepler-1470,1.07,1.24,5.56,0.0,574.0,23.918,16.2950903,0.116,4961.0,-0.48551,0.76,0.8,4.57
Kepler-1471 b,Kepler-1471,1.41,2.57,5.04,0.0,1238.0,314.233,3.63899398,0.0453,5660.0,-0.19895,0.93,0.95,4.57
Kepler-1471 c,Kepler-1471,1.88,4.19,3.47,0.0,841.0,118.5,11.6044881,0.0981,5533.0,-0.19895,1.166,0.934,4.57
Kepler-1472 b,Kepler-1472,1.9,4.27,3.42,0.0,613.0,57.079,38.1312831,0.2322,6159.0,0.42003,1.25,1.16,3.09
Kepler-1473 b,Kepler-1473,1.19,1.81,5.9,0.0,783.0,111.011,14.4273551,0.11606,6046.0,0.19358,1.09,1.09,2.63
Kepler-1474 b,Kepler-1474,2.16,5.31,2.9,0.0,561.0,21.392,36.4333452,0.2108,5870.0,0.0291,1.04,1.04,3.8
Kepler-1475 b,Kepler-1475,2.92,8.85,1.95,0.0,441.0,13.76,82.177374,0.373,6214.0,0.25381,1.28,1.18,2.82
Kepler-1476 b,Kepler-1476,1.67,3.43,4.05,0.0,860.0,75.641,10.35863224,0.0932,5663.0,-0.2429,0.96,0.98,4.57
Kepler-1477 b,Kepler-1477,1.18,1.76,5.89,0.0,674.0,78.163,11.55530021,0.0911,5100.0,-0.19624,0.78,0.81,4.68
Kepler-1478 b,Kepler-1478,1.73,3.64,3.86,0.0,598.0,85.282,26.0840594,0.1681,5904.0,0.30415,1.06,1.04,3.98
Kepler-1479 b,Kepler-1479,1.83,4.01,3.6,0.0,746.0,98.574,14.53261362,0.11341,5796.0,0.14528,0.98,0.99,4.27
Kepler-148 b,Kepler-148,1.8,3.89,3.67,0.0,1284.0,609.017,1.729366,0.028,5272.0,-0.38342,0.851,0.86,11.2
Kepler-148 c,Kepler-148,3.6,12.6,1.48,0.0,957.0,187.197,4.180043,0.05,5272.0,-0.38342,0.851,0.86,11.2
Kepler-148 d,Kepler-148,8.68,56.3,0.473,0.0,413.0,6.532,51.84688575,0.2607,5172.0,-0.38342,0.81,0.86,4.68
Kepler-1480 b,Kepler-1480,1.67,3.43,4.05,0.0,721.0,16.317,22.12679948,0.1525,5156.0,-0.44868,0.81,0.85,4.79
Kepler-1481 b,Kepler-1481,1.23,2.04,6.02,0.0,797.0,71.94,5.94220998,0.059,4908.0,-0.58658,0.75,0.8,3.89
Kepler-1482 b,Kepler-1482,1.01,1.01,5.39,0.0,678.0,86.499,12.25383217,0.09968,5381.0,-0.08288,0.84,0.88,4.47
Kepler-1483 b,Kepler-1483,1.52,2.92,4.57,0.0,1131.0,265.018,9.5085156,0.0958,6337.0,0.39403,1.4,1.25,2.4
Kepler-1484 b,Kepler-1484,2.11,5.1,2.98,0.0,624.0,35.92,30.4549136,0.1939,5730.0,0.79551,0.92,0.94,3.98
Kepler-1485 b,Kepler-1485,1.47,2.76,4.77,0.0,728.0,85.176,19.9157725,0.14732,6087.0,0.28006,1.12,1.11,2.51
Kepler-1486 b,Kepler-1486,2.32,5.99,2.64,0.0,538.0,22.372,54.6495759,0.2846,5965.0,0.31179,1.12,1.08,3.55
Kepler-1487 b,Kepler-1487,2.13,5.18,2.95,0.0,1682.0,323.294,7.31946363,0.0898,6541.0,0.55664,1.63,1.38,1.95
Kepler-1487 c,Kepler-1487,7.97,48.7,0.529,0.0,991.0,227.68,35.8007112,0.2588,5745.0,0.55664,3.955,1.801,1.95
Kepler-1488 b,Kepler-1488,1.86,4.12,3.52,0.0,650.0,73.335,39.8189932,0.24153,5820.0,0.58748,1.31,1.05,6.92
Kepler-1488 c,Kepler-1488,1.65156749,3.37,4.11,0.0,1212.0,760.6,6.158269882,0.06959,5710.0,0.58748,1.524,1.003,5.75
Kepler-1489 b,Kepler-1489,1.77,3.78,3.75,0.0,400.0,11.893,82.294751,0.3679,5655.0,0.19764,0.9,0.93,4.07
Kepler-1489 c,Kepler-1489,0.51,0.087,3.6,,,,0.680741,,5565.53,0.19764,0.957,0.977,4.07
Kepler-149 b,Kepler-149,4.21,16.5,1.22,0.0,540.0,23.64,29.198943,0.184,5381.0,-0.11929,0.953,1.013,14.0
Kepler-149 c,Kepler-149,1.61,3.22,4.24,0.0,436.0,10.084,55.328328,0.281,5381.0,-0.11929,0.953,1.013,14.0
Kepler-149 d,Kepler-149,3.96,14.9,1.32,0.0,306.0,2.446,160.018032,0.571,5381.0,-0.11929,0.953,1.013,14.0
Kepler-1490 b,Kepler-1490,3.04,9.48,1.85,0.0,348.0,3.788,92.4362973,0.3729,5515.0,-0.31879,0.87,0.9,4.57
Kepler-1491 b,Kepler-1491,1.51,2.89,4.61,0.0,821.0,138.108,16.5861762,0.127,5728.0,0.35471,0.99,1.0,4.57
Kepler-1491 c,Kepler-1491,2.44,6.53,2.47,0.0,530.0,18.66,61.569765,0.3045,5626.0,0.35471,1.389,0.991,4.57
Kepler-1492 b,Kepler-1492,1.49,2.83,4.7,0.0,801.0,11.523,16.75255007,0.1262,4712.0,-0.75433,0.72,0.77,2.82
Kepler-1493 b,Kepler-1493,1.41,2.57,5.04,0.0,874.0,137.91,15.0217983,0.1197,5863.0,0.249,1.29,1.06,6.46
Kepler-1494 b,Kepler-1494,3.07,9.64,1.83,0.0,415.0,9.113,91.080482,0.3982,5659.0,0.07901,0.94,0.96,4.37
Kepler-1495 b,Kepler-1495,2.94,8.96,1.94,0.0,443.0,9.1,85.273256,0.3677,5831.0,0.0523,1.04,1.03,4.17
Kepler-1496 b,Kepler-1496,2.22,5.56,2.79,0.0,535.0,18.383,64.6588017,0.3211,6182.0,0.3041,1.27,1.18,2.95
Kepler-1497 b,Kepler-1497,1.66,3.39,4.07,0.0,924.0,172.38,8.74199772,0.0817,5675.0,-0.0734,0.95,0.96,4.27
Kepler-1498 b,Kepler-1498,1.33,2.33,5.44,0.0,564.0,9.86,48.051405,0.2528,5256.0,-0.16563,0.81,0.86,4.17
Kepler-1499 b,Kepler-1499,1.19,1.81,5.9,0.0,409.0,7.371,44.2008,0.23225,5097.0,-0.46443,0.78,0.82,4.68
Kepler-15 b,Kepler-15,10.76,209.76,0.93,0.06,1251.0,430.677,4.942782,0.05714,5515.0,-0.087,0.992,1.018,3.7
Kepler-150 b,Kepler-150,1.25,2.1,5.91,0.0,1131.0,367.262,3.428054,0.044,5560.0,-0.16141,0.939,0.956,1.74
Kepler-150 c,Kepler-150,3.69,13.2,1.44,0.0,876.0,132.091,7.381998,0.073,5560.0,-0.16141,0.939,0.956,1.74
Kepler-150 d,Kepler-150,2.79,8.2,2.07,0.0,734.0,65.142,12.56093,0.104,5560.0,-0.16141,0.939,0.956,1.74
Kepler-150 e,Kepler-150,3.12,9.91,1.79,0.0,544.0,19.671,30.826557,0.189,5560.0,-0.16141,0.939,0.956,1.74
Kepler-150 f,Kepler-150,3.64,12.9,1.47,,,,637.2093,1.24,5528.0,-0.16141,0.905339,0.97,1.74
Kepler-1500 b,Kepler-1500,1.2,1.87,5.95,0.0,928.0,131.818,15.0330105,0.1236,5845.0,0.27456,1.0,1.0,4.07
Kepler-1501 b,Kepler-1501,1.56,3.05,4.41,0.0,787.0,100.001,14.5564533,0.11592,6229.0,0.20231,1.3,1.2,2.75
Kepler-1502 b,Kepler-1502,3.18,10.2,1.74,0.0,608.0,77.324,41.7083629,0.2482,6666.0,0.74202,1.72,1.44,1.7
Kepler-1503 b,Kepler-1503,2.27,5.77,2.71,0.0,321.0,5.636,96.16987,0.3771,5069.0,-0.14398,0.74,0.77,5.13
Kepler-1504 b,Kepler-1504,2.13,5.18,2.95,0.0,485.0,25.17,82.304003,0.3704,5393.0,0.46829,0.81,0.85,4.47
Kepler-1505 b,Kepler-1505,0.93,0.749,5.12,0.0,525.0,36.121,30.8609366,0.18298,5686.0,0.14944,0.86,0.93,1.7
Kepler-1506 b,Kepler-1506,1.32,2.3,5.5,0.0,783.0,235.807,14.0329154,0.1168,5676.0,0.42561,0.93,0.95,3.98
Kepler-1507 b,Kepler-1507,0.84,0.52,4.82,0.0,630.0,30.476,16.0506213,0.11946,5410.0,-0.32427,0.85,0.89,4.57
Kepler-1508 b,Kepler-1508,1.33,2.33,5.44,0.0,967.0,116.145,20.7056504,0.1629,6158.0,0.53713,1.22,1.14,2.69
Kepler-1509 b,Kepler-1509,1.85,4.08,3.54,0.0,667.0,83.081,25.4338197,0.1707,5780.0,0.39912,0.99,1.0,3.98
Kepler-151 b,Kepler-151,3.06,9.59,1.84,0.0,639.0,40.728,15.228958,0.116,5460.0,-0.33413,0.83,0.87,4.6
Kepler-151 c,Kepler-151,2.09,5.02,3.02,0.0,544.0,21.407,24.674612,0.16,5460.0,-0.33413,0.83,0.87,4.6
Kepler-1510 b,Kepler-1510,3.36,11.2,1.62,0.0,537.0,14.036,84.703921,0.4089,6200.0,0.37703,1.28,1.19,2.75
Kepler-1511 b,Kepler-1511,1.68,3.46,4.01,0.0,903.0,228.219,23.2382792,0.1753,6064.0,0.83813,1.29,1.17,3.31
Kepler-1512 b,Kepler-1512,1.18,1.76,5.89,0.0,322.0,1.6,20.35972599,0.13693,4372.0,-1.695,0.67,0.73,1.78
Kepler-1513 b,Kepler-1513,8.594,48.30991786,1.304,0.306,346.0,2.23,160.8842,0.56971,5491.0,-0.12901,0.95,0.943,7.0
Kepler-1513 c,Kepler-1513,11.0,84.54235626,0.349,0.125,,,841.4,,5491.0,-0.12901,0.95,0.943,7.0
Kepler-1514 b,Kepler-1514,12.419572,1678.1424,4.82,0.401,387.9,3.23,217.83184,0.753,6145.0,0.32838,1.289,1.196,2.9
Kepler-1514 c,Kepler-1514,1.1758241,1.74,5.88,0.32,1066.0,193.0,10.514181,0.0997,6145.0,0.32838,1.289,1.196,2.9
Kepler-1515 b,Kepler-1515,9.55,66.2,0.418,0.0,380.0,6.017,214.3114164,0.75235,6511.0,0.56587,1.41,1.3,1.82
Kepler-1516 b,Kepler-1516,1.75,3.71,3.8,0.0,967.0,615.253,7.25931979,0.0718,5904.0,0.44571,1.07,1.04,4.07
Kepler-1517 b,Kepler-1517,9.76,68.7,0.406,0.0,2336.0,1526.983,5.546083665,0.078,7010.0,0.87873,1.95,1.58,1.38
Kepler-1518 b,Kepler-1518,3.05,9.53,1.85,0.0,1351.0,1079.458,5.11177904,0.0593,6846.0,0.69092,1.88,1.54,1.48
Kepler-1518 c,Kepler-1518,2.9,8.75,1.97,0.0,1094.0,338.33,9.6310258,0.0905,6432.0,0.69092,1.345,1.06,1.48
Kepler-1519 b,Kepler-1519,7.06,39.6,0.618,0.0,342.0,3.944,240.7989397,0.7655,5644.0,0.32617,0.91,0.94,3.98
Kepler-152 b,Kepler-152,2.79,8.2,2.07,0.0,551.0,21.084,18.207973,0.124,5088.0,-0.46488,0.724,0.779,2.0
Kepler-152 c,Kepler-152,2.39,6.3,2.54,0.0,326.0,2.57,88.255055,0.356,5088.0,-0.46488,0.724,0.779,2.0
Kepler-1520 b,Kepler-1520,5.77,28.1,0.804,0.0,1437.0,1134.386,0.653553572,0.0129,4677.0,-0.67309,0.71,0.76,4.47
Kepler-1521 b,Kepler-1521,2.5,6.8,2.39,0.0,391.0,5.122,47.14840805,0.23476,5042.0,-0.5691,0.76,0.81,4.47
Kepler-1522 b,Kepler-1522,1.73,3.64,3.86,0.0,1374.0,1513.457,1.847889171,0.0288,5706.0,0.09172,0.93,0.96,3.89
Kepler-1523 b,Kepler-1523,1.58,3.12,4.35,0.0,1676.0,2218.145,0.93875077,0.01867,5708.0,-0.09894,0.96,0.97,4.37
Kepler-1524 b,Kepler-1524,3.54,12.3,1.52,0.0,438.0,8.443,70.9674603,0.3392,6179.0,-0.00637,1.25,1.17,2.88
Kepler-1525 b,Kepler-1525,0.91,0.693,5.05,0.0,1343.0,715.106,2.416601183,0.03557,5748.0,-0.0112,1.04,1.07,2.82
Kepler-1526 b,Kepler-1526,2.43,6.48,2.48,0.0,787.0,99.097,3.908632005,0.0418,4601.0,-0.70671,0.69,0.73,4.68
Kepler-1527 b,Kepler-1527,4.77,20.4,1.03,0.0,450.0,7.813,160.129918,0.6276,6224.0,0.48222,1.32,1.21,2.82
Kepler-1528 b,Kepler-1528,1.46,2.73,4.82,0.0,1549.0,1106.851,1.791110205,0.0296,5857.0,-0.06429,1.03,1.03,3.89
Kepler-1529 b,Kepler-1529,2.1,5.06,3.0,0.0,817.0,115.765,5.33905686,0.0525,5048.0,-0.52049,0.77,0.81,4.79
Kepler-153 b,Kepler-153,2.92,8.85,1.95,0.0,621.0,21.609,18.870227,0.129,5404.0,-0.4463,0.892,0.756,13.8
Kepler-153 c,Kepler-153,2.53,6.94,2.35,0.0,458.0,6.422,46.90232,0.237,5404.0,-0.4463,0.892,0.756,13.8
Kepler-1530 b,Kepler-1530,1.64,3.33,4.15,0.0,1484.0,353.561,2.5904434,0.03553,5477.0,-0.31086,0.88,0.92,4.27
Kepler-1530 c,Kepler-1530,1.65,3.36,4.11,0.0,1167.0,135.179,5.3227406,0.05744,5477.0,-0.31086,0.88,0.92,4.27
Kepler-1530 d,Kepler-1530,3.27870115,10.8,1.68,0.0,972.0,69.2,9.20761013,0.08276,5678.0,-0.31086,1.303,1.015,1.17
Kepler-1531 b,Kepler-1531,1.11,1.41,5.67,0.0,2537.0,4457.2,1.138543376,0.02204,6260.0,0.30365,1.27,1.16,2.82
Kepler-1532 b,Kepler-1532,1.35,2.39,5.34,0.0,1681.0,1705.762,1.093663559,0.0206,5559.0,-0.14116,0.88,0.91,4.27
Kepler-1533 b,Kepler-1533,3.46,11.8,1.57,0.0,330.0,4.786,308.5471,0.93416,6431.0,0.66241,1.51,1.31,2.19
Kepler-1534 b,Kepler-1534,1.89,4.23,3.44,0.0,955.0,196.51,5.71668872,0.0599,5442.0,-0.233,0.86,0.9,4.57
Kepler-1535 b,Kepler-1535,2.55,7.04,2.33,0.0,384.0,5.384,138.9442,0.5329,6021.0,0.16473,1.11,1.08,3.47
Kepler-1536 b,Kepler-1536,3.14,10.0,1.77,0.0,166.0,0.193,364.758031,0.8507,4434.0,-0.8224,0.67,0.71,2.95
Kepler-1537 b,Kepler-1537,1.18,1.76,5.89,0.0,1800.0,713.168,1.444453798,0.0245,5079.0,-0.42348,0.77,0.81,5.01
Kepler-1538 b,Kepler-1538,2.82,8.35,2.05,0.0,346.0,1.989,175.138819,0.6095,5837.0,-0.08496,1.03,1.03,4.37
Kepler-1539 b,Kepler-1539,2.7,7.75,2.16,0.0,301.0,1.572,133.3036741,0.4765,5176.0,-0.42607,0.8,0.84,4.79
Kepler-154 b,Kepler-154,2.26,5.73,2.73,0.0,561.0,28.11,33.040532,0.198,5690.0,0.03322,1.001,0.933,8.91
Kepler-154 c,Kepler-154,2.95,9.01,1.93,0.0,454.0,12.071,62.303276,0.303,5690.0,0.03322,1.001,0.933,8.91
Kepler-154 d,Kepler-154,3.84,14.1,1.37,0.0,657.0,53.002,20.54981883,0.14354,5769.0,0.03322,0.98,0.98,4.47
Kepler-154 e,Kepler-154,1.5,2.86,4.66,0.0,1140.0,480.405,3.93276465,0.04766,5769.0,0.03322,0.98,0.98,4.47
Kepler-154 f,Kepler-154,1.5,2.86,4.66,0.0,838.0,139.884,9.91935684,0.08832,5769.0,0.03322,0.98,0.98,4.47
Kepler-1540 b,Kepler-1540,2.49,6.76,2.41,0.0,266.0,0.849,125.4131177,0.4426,4540.0,-0.81759,0.69,0.74,2.51
Kepler-1541 b,Kepler-1541,1.16,1.65,5.81,0.0,1048.0,75.56,8.40691199,0.07555,5282.0,-0.33627,0.81,0.86,4.47
Kepler-1542 b,Kepler-1542,0.76,0.363,4.54,0.0,1160.0,518.437,3.95116882,0.04765,5564.0,0.07026,0.99,0.94,8.51
Kepler-1542 c,Kepler-1542,0.65,0.208,4.16,0.0,1287.0,786.082,2.89223021,0.0387,5564.0,0.07026,0.99,0.94,8.51
Kepler-1542 d,Kepler-1542,0.87,0.59,4.92,0.0,1010.0,297.806,5.99273738,0.0629,5564.0,0.07026,0.99,0.94,8.51
Kepler-1542 e,Kepler-1542,0.76,0.363,4.54,0.0,1065.0,369.999,5.10115756,0.05649,5564.0,0.07026,0.99,0.94,8.51
Kepler-1543 b,Kepler-1543,2.71,7.8,2.15,0.0,1774.0,375.651,6.96710269,0.0867,6561.0,0.48688,1.65,1.39,1.91
Kepler-1544 b,Kepler-1544,1.78,3.82,3.72,0.0,269.0,0.833,168.811174,0.54465,4886.0,-0.606,0.74,0.81,2.34
Kepler-1545 b,Kepler-1545,2.7,7.75,2.16,0.0,274.0,1.408,163.692349,0.5442,5201.0,-0.27681,0.8,0.84,4.47
Kepler-1546 b,Kepler-1546,3.13,9.96,1.78,0.0,671.0,36.302,19.5974971,0.1366,5623.0,-0.12963,0.93,0.95,3.72
Kepler-1547 b,Kepler-1547,0.9,0.666,5.02,0.0,3186.0,5760.944,0.692979676,0.01556,6078.0,0.22242,1.18,1.12,3.39
Kepler-1548 b,Kepler-1548,2.64,7.46,2.23,0.0,350.0,1.933,124.828679,0.4679,5706.0,-0.30667,0.97,0.99,4.37
Kepler-1549 b,Kepler-1549,2.57,7.13,2.31,0.0,286.0,1.184,214.886545,0.6687,5324.0,-0.27333,0.84,0.88,4.79
Kepler-155 b,Kepler-155,2.09,5.02,3.02,0.0,614.0,23.5,5.931194,0.056,4508.0,-1.21,0.62,0.635,2.9
Kepler-155 c,Kepler-155,2.24,5.65,2.76,0.0,286.0,1.28,52.661793,0.242,4508.0,-1.21,0.62,0.635,2.9
Kepler-1550 b,Kepler-1550,3.02,9.38,1.87,0.0,348.0,2.305,225.582809,0.7681,5991.0,0.11945,1.11,1.07,3.55
Kepler-1551 b,Kepler-1551,2.66,7.56,2.21,0.0,722.0,60.421,24.4973698,0.1772,6136.0,0.24402,1.22,1.14,2.88
Kepler-1552 b,Kepler-1552,2.47,6.66,2.43,0.0,268.0,1.854,184.771853,0.6011,5202.0,-0.20141,0.78,0.85,3.31
Kepler-1553 b,Kepler-1553,1.15,1.6,5.78,0.0,926.0,166.106,4.24261881,0.0481,5288.0,-0.33811,0.81,0.85,4.57
Kepler-1554 b,Kepler-1554,2.9,8.75,1.97,0.0,288.0,1.014,198.088774,0.59527,5297.0,-0.39312,0.81,0.84,4.68
Kepler-1555 b,Kepler-1555,1.61,3.22,4.24,0.0,959.0,483.262,8.10501635,0.0805,5866.0,0.38933,1.06,1.04,4.37
Kepler-1556 b,Kepler-1556,1.96,4.5,3.28,0.0,797.0,92.138,8.82713457,0.0829,5608.0,-0.23063,0.95,0.97,4.9
Kepler-1557 b,Kepler-1557,1.53,2.96,4.54,0.0,1287.0,645.543,3.74032496,0.049,6099.0,0.11938,1.17,1.11,3.31
Kepler-1558 b,Kepler-1558,0.68,0.244,4.26,0.0,1019.0,189.886,3.50470358,0.04278,5101.0,-0.48006,0.79,0.83,4.9
Kepler-1559 b,Kepler-1559,0.72,0.299,4.4,0.0,1609.0,1620.063,0.971915428,0.01835,5316.0,-0.27638,0.82,0.86,4.27
Kepler-156 b,Kepler-156,2.3,5.9,2.66,0.0,867.0,135.077,4.973456,0.054,5094.0,-0.43985,0.807,0.864,3.39
Kepler-156 c,Kepler-156,2.55,7.04,2.33,0.0,588.0,28.642,15.906801,0.117,5094.0,-0.43985,0.807,0.864,3.39
Kepler-1560 b,Kepler-1560,0.89,0.64,4.99,0.0,1269.0,593.919,3.03195744,0.04175,5815.0,-0.03447,1.02,1.02,4.17
Kepler-1561 b,Kepler-1561,1.09,1.32,5.6,0.0,1682.0,2364.807,1.005207007,0.0194,5957.0,-0.02044,1.11,1.07,3.39
Kepler-1562 b,Kepler-1562,3.55,12.3,1.51,0.0,554.0,31.768,64.2737752,0.3308,5760.0,0.49073,1.05,1.02,4.79
Kepler-1563 b,Kepler-1563,0.75,0.347,4.52,0.0,1134.0,390.57,3.43276598,0.0442,5765.0,-0.0102,0.99,1.0,4.07
Kepler-1564 b,Kepler-1564,1.47,2.76,4.77,0.0,635.0,41.514,18.0540381,0.1327,5528.0,-0.13536,0.9,0.93,4.57
Kepler-1565 b,Kepler-1565,1.19,1.81,5.9,0.0,1234.0,510.566,1.538188437,0.0241,4940.0,-0.56447,0.73,0.76,5.62
Kepler-1566 b,Kepler-1566,0.79,0.418,4.66,0.0,1871.0,2340.984,0.539915238,0.01198,5254.0,-0.43675,0.81,0.84,5.01
Kepler-1567 b,Kepler-1567,2.73,7.9,2.13,0.0,330.0,2.723,153.979578,0.552,5655.0,-0.12183,0.93,0.95,4.17
Kepler-1568 b,Kepler-1568,1.3,2.24,5.6,0.0,729.0,72.568,20.925392,0.15157,5956.0,0.25777,1.19,1.09,4.57
Kepler-1569 b,Kepler-1569,1.68,3.46,4.01,0.0,1222.0,495.652,5.79180156,0.06669,6319.0,0.33545,1.4,1.25,2.45
Kepler-157 b,Kepler-157,1.32,2.3,5.5,0.0,1546.0,1572.309,1.732342,0.028,5774.0,0.09117,1.044,0.95,7.59
Kepler-157 c,Kepler-157,2.24,5.65,2.76,0.0,779.0,101.754,13.5405,0.11,5774.0,0.09117,1.044,0.95,7.59
Kepler-157 d,Kepler-157,1.46,2.73,4.82,0.0,969.0,244.058,7.02573474,0.0706,5866.0,0.09117,1.03,1.02,4.07
Kepler-1570 b,Kepler-1570,1.07,1.24,5.56,0.0,836.0,76.457,26.548955,0.16699,5550.0,0.41425,0.89,0.92,4.17
Kepler-1571 b,Kepler-1571,1.52,2.92,4.57,0.0,1476.0,757.132,3.38555488,0.04287,6297.0,0.194,1.39,1.23,2.34
Kepler-1572 b,Kepler-1572,0.94,0.779,5.15,0.0,1293.0,583.523,5.49548621,0.05838,5618.0,0.37265,0.95,0.97,4.79
Kepler-1573 b,Kepler-1573,1.2,1.87,5.95,0.0,1379.0,1343.114,2.6157554,0.0364,5808.0,0.16867,1.0,1.01,4.07
Kepler-1574 b,Kepler-1574,1.29,2.21,5.66,0.0,1003.0,289.778,6.9424334,0.0743,5892.0,0.15604,1.08,1.06,3.8
Kepler-1575 b,Kepler-1575,1.31,2.27,5.55,0.0,1312.0,803.679,2.55314213,0.0366,5667.0,-0.03716,0.92,0.95,4.17
Kepler-1576 b,Kepler-1576,1.04,1.12,5.47,0.0,1059.0,156.608,6.98471973,0.07211,5876.0,-0.06329,1.06,1.05,4.07
Kepler-1577 b,Kepler-1577,1.13,1.51,5.75,0.0,1125.0,57.751,6.30560247,0.0657,4862.0,-0.60727,0.74,0.78,4.27
Kepler-1578 b,Kepler-1578,1.04,1.12,5.47,0.0,1700.0,1486.438,1.450886907,0.0252,5545.0,-0.16523,0.86,0.9,4.27
Kepler-1579 b,Kepler-1579,0.84,0.52,4.82,0.0,1139.0,396.64,0.849907889,0.014,4584.0,-0.94024,0.7,0.75,2.24
Kepler-158 b,Kepler-158,2.12,5.14,2.96,0.0,500.0,13.634,16.709184,0.111,4623.0,-0.75667,0.624,0.655,13.9
Kepler-158 c,Kepler-158,1.9,4.27,3.42,0.0,418.0,6.677,28.551383,0.158,4623.0,-0.75667,0.624,0.655,13.9
Kepler-158 d,Kepler-158,0.43,0.0472,3.26,,,,0.645088,,4895.97,-0.75667,0.668,0.656,13.9
Kepler-1580 b,Kepler-1580,2.11,5.1,2.98,0.0,733.0,83.088,56.6449279,0.33571,6228.0,0.92628,2.15,1.47,2.75
Kepler-1581 b,Kepler-1581,0.8,0.437,4.69,0.0,1108.0,470.862,6.28385491,0.06865,6022.0,0.39085,1.23,1.12,4.17
Kepler-1582 b,Kepler-1582,1.49,2.83,4.7,0.0,354.0,2.5,4.83817712,0.0316,3208.0,-2.38864,0.3,0.28,7.76
Kepler-1583 b,Kepler-1583,0.6,0.156,3.97,0.0,788.0,124.307,9.32807355,0.08307,5645.0,-0.01774,0.91,0.94,4.27
Kepler-1584 b,Kepler-1584,1.61,3.22,4.24,0.0,886.0,162.544,13.3997099,0.1168,6069.0,0.25226,1.13,1.1,3.31
Kepler-1585 b,Kepler-1585,1.79,3.86,3.7,0.0,1064.0,182.941,3.5827463,0.0445,5538.0,-0.43354,0.91,0.94,4.37
Kepler-1586 b,Kepler-1586,1.52,2.92,4.57,0.0,1013.0,105.771,15.6049212,0.12208,6681.0,0.18311,1.75,1.45,1.7
Kepler-1587 b,Kepler-1587,1.33,2.33,5.44,0.0,981.0,254.701,9.4060467,0.08747,5933.0,0.32586,1.22,1.08,5.01
Kepler-1588 b,Kepler-1588,0.76,0.363,4.54,0.0,925.0,359.79,7.84931739,0.07419,5817.0,0.3203,0.99,0.96,5.5
Kepler-1589 b,Kepler-1589,1.09,1.32,5.6,0.0,2102.0,5228.785,0.991665274,0.0205,6166.0,0.32934,1.25,1.18,2.75
Kepler-159 b,Kepler-159,2.38,6.26,2.55,0.0,447.0,33.463,10.139623,0.082,4625.0,-0.75443,0.663,0.628,2.51
Kepler-159 c,Kepler-159,3.41,11.5,1.59,0.0,275.0,4.791,43.595792,0.218,4625.0,-0.75443,0.663,0.628,2.51
Kepler-1590 b,Kepler-1590,1.14,1.55,5.75,0.0,1020.0,171.478,7.61760804,0.07116,6053.0,0.06336,1.16,1.11,3.39
Kepler-1591 b,Kepler-1591,1.27,2.15,5.77,0.0,892.0,439.434,8.18504949,0.0794,6082.0,0.43389,1.16,1.1,3.24
Kepler-1592 b,Kepler-1592,1.54,2.99,4.5,0.0,1202.0,1918.34,3.05710069,0.04,6213.0,0.50716,1.28,1.18,2.69
Kepler-1593 b,Kepler-1593,3.17,10.2,1.76,0.0,260.0,0.889,174.509835,0.55494,4995.0,-0.652,0.77,0.81,3.63
Kepler-1594 b,Kepler-1594,1.06,1.2,5.54,0.0,1360.0,672.414,2.71603809,0.0396,5946.0,-0.00032,1.08,1.06,3.89
Kepler-1595 b,Kepler-1595,1.23,2.04,6.02,0.0,980.0,185.568,4.56380468,0.051,5203.0,-0.36327,0.8,0.84,4.68
Kepler-1596 b,Kepler-1596,1.9,4.27,3.42,0.0,471.0,33.378,66.373379,0.3237,5706.0,0.43061,0.92,0.95,3.89
Kepler-1597 b,Kepler-1597,1.06,1.2,5.54,0.0,1497.0,1431.311,2.94654179,0.04136,6377.0,0.43429,1.39,1.25,2.4
Kepler-1598 b,Kepler-1598,0.95,0.809,5.18,0.0,1236.0,308.46,4.34195123,0.05207,5940.0,-0.03931,1.09,1.07,3.8
Kepler-1599 b,Kepler-1599,1.62,3.26,4.21,0.0,407.0,8.196,122.363553,0.4823,5767.0,0.24119,0.99,0.99,4.27
Kepler-16 b,Kepler-16,8.4493,105.833,0.964,0.0069,,,228.776,0.7048,4450.0,-0.90301,0.6489,0.6897,3.8
Kepler-160 b,Kepler-160,1.715,3.59,3.91,0.0,1134.0,396.619,4.309397,0.05511,5471.0,0.00432,1.118,1.003,6.03
Kepler-160 c,Kepler-160,3.76,13.6,1.41,0.0,771.0,84.848,13.699429,0.1192,5471.0,0.00432,1.118,1.003,6.03
Kepler-160 d,Kepler-160,,100.0,,,,,30.0,0.17,5471.0,0.00432,1.118,1.003,6.03
Kepler-1600 b,Kepler-1600,3.13,9.96,1.78,0.0,209.0,0.4,386.370548,0.98141,5214.0,-0.33945,0.82,0.86,4.68
Kepler-1600 c,Kepler-1600,1.94206512,4.43,3.32,0.0,786.0,84.7,7.298049927,0.06961,5119.0,-0.33945,0.834,0.818,6.92
Kepler-1601 b,Kepler-1601,0.82,0.477,4.75,0.0,1507.0,999.752,2.20921951,0.03281,5869.0,0.08501,1.07,1.04,4.27
Kepler-1602 b,Kepler-1602,1.34,2.36,5.39,0.0,1159.0,124.507,11.17931605,0.09744,6296.0,0.20142,1.36,1.22,2.51
Kepler-1603 b,Kepler-1603,1.29,2.21,5.66,0.0,1522.0,1269.46,2.27163926,0.0351,6241.0,0.7055,1.31,1.21,2.82
Kepler-1604 b,Kepler-1604,1.41,2.57,5.04,0.0,2023.0,1391.4,0.683684256,0.01406,4976.0,-0.52707,0.76,0.81,4.17
Kepler-1605 b,Kepler-1605,1.08,1.28,5.58,0.0,528.0,16.734,85.7565495,0.36567,5280.0,0.42869,0.82,0.86,4.68
Kepler-1606 b,Kepler-1606,2.07,4.94,3.06,0.0,324.0,1.29,196.435224,0.6421,5422.0,-0.171,0.86,0.9,4.27
Kepler-1607 b,Kepler-1607,0.92,0.721,5.09,0.0,913.0,449.632,13.6473676,0.11978,6116.0,0.70881,1.21,1.14,3.16
Kepler-1608 b,Kepler-1608,1.73,3.64,3.86,0.0,612.0,33.22,16.4735686,0.1126,4992.0,-0.537,0.72,0.75,5.13
Kepler-1609 b,Kepler-1609,2.22,5.56,2.79,0.0,429.0,12.975,114.34219,0.4679,6132.0,0.48383,1.27,1.18,3.02
Kepler-161 b,Kepler-161,2.12,2.63,0.45,0.0,868.0,123.4,4.921355,0.054,5078.0,-0.44679,0.806,0.853,0.91
Kepler-161 c,Kepler-161,2.05,3.61,1.31,0.0,769.0,76.201,7.06424,0.068,5078.0,-0.44679,0.806,0.853,0.91
Kepler-1610 b,Kepler-1610,1.61,3.22,4.24,0.0,750.0,56.212,8.70181574,0.0777,5383.0,-0.48291,0.87,0.91,4.68
Kepler-1610 c,Kepler-1610,2.09,5.02,3.02,0.0,433.0,8.34,44.9851885,0.2323,5295.0,-0.48291,0.8,0.825,4.68
Kepler-1611 b,Kepler-1611,0.81,0.457,4.73,0.0,1243.0,146.22,5.1762429,0.0586,5605.0,-0.113,0.93,0.94,5.01
Kepler-1612 b,Kepler-1612,1.03,1.08,5.43,0.0,1030.0,269.248,3.91795101,0.0482,5643.0,-0.18821,0.94,0.96,4.57
Kepler-1613 b,Kepler-1613,2.08,4.98,3.04,0.0,1926.0,6797.623,1.5184299,0.02755,6005.0,0.63777,1.12,1.08,3.55
Kepler-1614 b,Kepler-1614,1.49,2.83,4.7,0.0,981.0,276.373,3.9466141,0.0471,5121.0,-0.27096,0.76,0.79,5.5
Kepler-1615 b,Kepler-1615,2.06,4.9,3.08,0.0,658.0,31.171,47.3126192,0.2788,5865.0,0.38923,1.05,1.04,3.89
Kepler-1616 b,Kepler-1616,1.02,1.04,5.39,0.0,1337.0,724.861,6.76284377,0.07318,6266.0,0.63778,1.34,1.21,2.75
Kepler-1617 b,Kepler-1617,1.2,1.87,5.95,0.0,736.0,64.689,27.4785572,0.17707,6167.0,0.34078,1.22,1.15,3.02
Kepler-1618 b,Kepler-1618,1.26,2.13,5.85,0.0,1267.0,903.908,6.10826019,0.07109,6620.0,0.69003,1.65,1.41,1.78
Kepler-1619 b,Kepler-1619,0.76,0.363,4.54,0.0,797.0,74.635,23.6225913,0.15413,5852.0,0.32575,1.0,1.0,4.27
Kepler-162 b,Kepler-162,1.26,2.13,5.85,0.0,961.0,305.946,6.919798,0.069,5816.0,0.1554,0.958,1.053,4.57
Kepler-162 c,Kepler-162,3.03,9.43,1.86,0.0,681.0,77.052,19.446355,0.137,5816.0,0.1554,0.958,1.053,4.57
Kepler-1620 b,Kepler-1620,1.61,3.22,4.24,0.0,428.0,7.92,101.951829,0.4322,6157.0,0.293,1.23,1.15,3.02
Kepler-1621 b,Kepler-1621,2.16,5.31,2.9,0.0,469.0,14.055,92.263714,0.4204,6158.0,0.47822,1.24,1.15,2.69
Kepler-1622 b,Kepler-1622,1.47,2.76,4.77,0.0,922.0,236.005,10.8118737,0.10136,6436.0,0.37304,1.5,1.31,2.19
Kepler-1623 b,Kepler-1623,1.31,2.27,5.55,0.0,1000.0,243.08,4.36128348,0.0518,5772.0,-0.17154,1.0,1.0,4.27
Kepler-1624 b,Kepler-1624,5.7,27.6,0.819,0.0,540.0,6.01,3.290304518,0.0327,3636.0,-1.32262,0.47,0.5,4.47
Kepler-1625 b,Kepler-1625,6.06,30.6,0.756,0.0,350.0,3.3,287.378949,0.87762,5677.0,0.43696,0.94,0.96,4.37
Kepler-1626 b,Kepler-1626,2.02,4.74,3.16,0.0,1352.0,1328.654,4.13962966,0.0537,6826.0,0.61079,1.85,1.51,1.55
Kepler-1627 b,Kepler-1627,3.69,13.2,1.44,0.0,794.0,143.12,7.20283653,0.0643,5445.0,-0.30321,0.84,0.87,4.68
Kepler-1628 b,Kepler-1628,6.43,33.8,0.699,0.0,240.0,0.79,76.378033,0.2952,3724.0,-1.33,0.52,0.55,5.13
Kepler-1629 b,Kepler-1629,0.77,0.381,4.59,0.0,1081.0,315.457,3.87595807,0.0485,5776.0,-0.13437,1.01,1.01,4.27
Kepler-163 b,Kepler-163,1.05,1.16,5.51,0.0,906.0,115.612,7.810937,0.078,5776.0,-0.13799,0.917,0.882,4.27
Kepler-163 c,Kepler-163,2.26,5.73,2.73,0.0,648.0,30.238,21.347262,0.152,5776.0,-0.13799,0.917,0.882,4.27
Kepler-1630 b,Kepler-1630,2.19,5.43,2.84,0.0,182.0,0.26,509.997402,1.1218,4736.0,-0.6464,0.63,0.66,5.01
Kepler-1631 b,Kepler-1631,1.35,2.39,5.34,0.0,1122.0,446.918,4.09513932,0.0511,5679.0,0.00722,0.95,0.97,4.17
Kepler-1632 b,Kepler-1632,2.47,6.66,2.43,0.0,369.0,6.062,448.303558,0.6762,6137.0,0.40631,1.19,1.12,3.09
Kepler-1633 b,Kepler-1633,1.58,3.12,4.35,0.0,925.0,26.258,186.404271,0.3875,6256.0,0.64606,1.32,1.2,2.82
Kepler-1634 b,Kepler-1634,3.19,10.3,1.74,0.0,282.0,0.544,374.876239,1.0525,5474.0,-0.26507,0.89,0.92,4.47
Kepler-1635 b,Kepler-1635,3.64,12.9,1.47,0.0,200.0,0.4,469.63111,1.12664,5347.0,-0.27981,0.85,0.89,4.9
Kepler-1636 b,Kepler-1636,3.23,10.5,1.71,0.0,248.0,1.217,425.47785,1.12191,5797.0,0.23674,1.02,1.01,3.98
Kepler-1637 b,Kepler-1637,0.89,0.64,4.99,0.0,1093.0,337.78,6.10960324,0.0596,5789.0,0.0229,1.02,1.02,4.17
Kepler-1638 b,Kepler-1638,1.87,4.16,3.5,0.0,304.0,2.76,259.33683,0.745,5710.0,-0.114,0.95,0.97,4.37
Kepler-1639 b,Kepler-1639,2.58,7.18,2.3,0.0,1003.0,187.848,9.878482,0.0932,6150.0,0.14514,1.18,1.12,3.16
Kepler-164 b,Kepler-164,1.41,2.57,5.04,0.0,1141.0,370.922,5.03503,0.058,5888.0,0.11291,1.148,1.036,0.62
Kepler-164 c,Kepler-164,2.73,7.9,2.13,0.0,881.0,131.487,10.945723,0.097,5888.0,0.11291,1.148,1.036,0.62
Kepler-164 d,Kepler-164,2.45,6.57,2.45,0.0,637.0,35.89,28.986769,0.187,5888.0,0.11291,1.148,1.036,0.62
Kepler-164 e,Kepler-164,4.24,16.7,1.2,0.0,429.0,7.99,94.886902,0.4025,5888.0,0.11291,1.097,0.966,0.62
Kepler-1640 b,Kepler-1640,4.82,20.7,1.02,0.0,1228.0,537.4,7.5844126,0.0836,6324.0,0.47,1.43,1.27,2.4
Kepler-1641 b,Kepler-1641,3.11,9.85,1.8,0.0,908.0,82.828,19.672266,0.1473,6152.0,0.13083,1.19,1.12,3.02
Kepler-1641 c,Kepler-1641,2.95,9.01,1.93,0.0,767.0,42.145,32.657212,0.2065,6152.0,0.13083,1.19,1.12,3.02
Kepler-1642 b,Kepler-1642,3.2,10.3,1.73,0.0,895.0,39.915,12.2057513,0.1016,5355.0,-0.40452,0.84,0.88,4.47
Kepler-1642 c,Kepler-1642,2.66,7.56,2.21,0.0,1095.0,89.632,6.6513802,0.0678,5355.0,-0.40452,0.84,0.88,4.47
Kepler-1643 b,Kepler-1643,2.32,5.99,2.64,0.0,799.0,137.753,5.342657,0.0531,4916.0,-0.47156,0.855,0.845,0.046
Kepler-1644 b,Kepler-1644,1.88,4.19,3.47,0.0,606.0,31.86,21.0907758,0.142,5499.0,-0.215,0.86,0.89,4.27
Kepler-1645 b,Kepler-1645,1.78,3.82,3.72,0.0,754.0,138.538,16.1779561,0.1285,5812.0,0.33586,1.02,1.02,4.17
Kepler-1646 b,Kepler-1646,1.23,2.04,6.02,0.0,365.0,4.2,4.48558383,0.0295,3299.0,-1.77984,0.26,0.24,4.68
Kepler-1647 b,Kepler-1647,11.8739,483.0,1.59,0.0581,,,1107.5923,2.7205,6210.0,0.64425,1.7903,1.2207,4.4
Kepler-1649 b,Kepler-1649,1.017,1.03,5.38,0.0,307.0,2.208,8.689099,0.0514,3240.0,-2.28735,0.2317,0.1977,
Kepler-1649 c,Kepler-1649,1.06,1.2,5.54,0.0,234.0,0.75,19.53527,0.0649,3240.0,-2.28735,0.2317,0.1977,
Kepler-165 b,Kepler-165,2.32,5.99,2.64,0.0,716.0,59.799,8.180848,0.072,5211.0,-0.4723,0.77,0.746,10.5
Kepler-165 c,Kepler-165,2.23,5.6,2.77,0.0,581.0,25.931,15.31299,0.11,5211.0,-0.4723,0.77,0.746,10.5
Kepler-1650 b,Kepler-1650,0.96,0.84,5.22,0.01,602.0,54.562,1.53818001,0.0167,3410.0,-1.871,0.334,0.326,3.82
Kepler-1651 b,Kepler-1651,1.84,4.04,3.56,0.13,393.0,5.65,9.87863917,0.0692,3713.0,-1.368,0.503,0.522,
Kepler-1652 b,Kepler-1652,1.6,3.19,4.28,0.0,268.0,0.81,38.09722,0.1654,3638.0,-1.638,0.382,0.404,3.2
Kepler-1653 b,Kepler-1653,2.17,5.35,2.88,0.0,284.0,0.98,140.2524,0.4706,4807.0,-0.636,0.693,0.719,7.7
Kepler-1654 b,Kepler-1654,9.180171,158.915,1.2,0.26,206.0,0.3,1047.8356,2.026,5597.0,0.08991,1.179,1.011,5.0
Kepler-1655 b,Kepler-1655,2.213,5.4,2.72,0.19,938.0,129.1,11.8728787,0.1029,6148.0,0.14315,1.03,1.03,2.56
Kepler-1656 b,Kepler-1656,4.574,47.8,2.13,0.838,651.0,24.6,31.562,0.1974,5569.0,0.02083,1.1,1.03,6.31
Kepler-1656 c,Kepler-1656,14.0,126.4,0.253,0.527,,,1919.0,3.053,5569.0,0.02083,1.1,1.03,6.31
Kepler-166 b,Kepler-166,2.27,5.77,2.71,0.0,772.0,77.543,7.650254,0.072,5413.0,-0.38508,0.742,0.811,5.01
Kepler-166 c,Kepler-166,2.38,6.26,2.55,0.0,468.0,10.507,34.260281,0.195,5413.0,-0.38508,0.742,0.811,5.01
Kepler-166 d,Kepler-166,1.73,3.64,3.86,0.0,1313.0,651.409,1.554003928,0.02449,5350.0,-0.38508,0.83,0.88,4.47
Kepler-1660 AB b,Kepler-1660 A,12.9,1586.59940774,4.06,0.05541,,,239.5044,0.8,6305.24,0.66823,1.491,1.1366,
Kepler-1661 b,Kepler-1661,3.87,17.0,1.6,0.057,243.0,0.88,175.06,0.633,5100.0,-0.51299,0.762,0.841,2.0
Kepler-1663 b,Kepler-1663,3.30395896,10.9,1.66,0.0,362.0,4.07,17.6046,0.1072,3844.0,-1.10944,0.62859,0.610816,0.0
Kepler-1664 b,Kepler-1664,3.03320653,9.45,1.86,0.0,776.0,85.46,14.3868,0.1137,5735.81,0.0501,1.072,0.944,8.2
Kepler-1665 b,Kepler-1665,2.83910787,8.44,2.03,0.0,906.0,40.4,11.9548,0.096,5049.84,-0.45048,0.777785,0.842,13.9
Kepler-1666 b,Kepler-1666,2.88273782,8.66,1.99,0.0,672.0,48.23,25.8476,0.1761,6293.0,0.26839,1.14586,1.23,0.41
Kepler-1666 c,Kepler-1666,3.23564749,10.5,1.7,0.0,578.0,26.34,40.7157,0.2383,6293.0,0.26839,1.14586,1.23,0.41
Kepler-1667 b,Kepler-1667,2.98385261,9.19,1.9,0.0,655.0,9.3,83.5781,0.35905,5941.54,0.12316,1.08751,1.09,4.7
Kepler-1668 b,Kepler-1668,4.34764405,17.4,1.16,0.0,721.0,63.79,15.434,0.124,5542.0,-0.05567,1.01738,0.98,
Kepler-1669 b,Kepler-1669,2.78043818,8.15,2.08,0.0,530.0,18.66,9.51216,0.0745,4303.0,-0.80265,0.714145,0.67,13.9
Kepler-1669 c,Kepler-1669,1.90120972,4.27,3.41,0.0,958.0,199.28,1.609320045,0.0228,4224.0,-0.80265,0.603,0.609,13.9
Kepler-1669 d,Kepler-1669,1.22,1.98,5.99,0.0,669.0,47.3,4.72941177,0.0468,4224.0,-0.80265,0.603,0.609,13.9
Kepler-167 b,Kepler-167,1.718,3.6,3.9,0.0,918.0,122.502,4.3931539,0.04825,4884.0,-0.5391,0.749,0.777,7.1
Kepler-167 c,Kepler-167,1.674,3.44,4.03,0.0,771.0,61.175,7.406106,0.0684,4884.0,-0.5391,0.749,0.777,7.1
Kepler-167 d,Kepler-167,1.238,2.06,5.97,0.0,538.0,14.489,21.80379,0.1404,4884.0,-0.5391,0.749,0.777,7.1
Kepler-167 e,Kepler-167,10.16,321.00669107,1.68,0.29,134.4,0.1,1071.23205,1.883,4884.0,-0.5391,0.749,0.777,7.1
Kepler-1670 b,Kepler-1670,3.3564801,11.2,1.63,0.0,731.0,67.67,20.4998,0.1528,5838.0,0.3828,1.51889,1.05,0.3
Kepler-1671 b,Kepler-1671,1.32557381,2.32,5.47,0.0,962.0,205.0,4.16787,0.04946,5135.55,-0.26621,0.929771,0.866,2.24
Kepler-1672 b,Kepler-1672,2.97022762,9.11,1.91,0.0,423.0,4.4,150.878,0.55374,6131.95,0.17867,1.08841,1.16,4.19
Kepler-1673 b,Kepler-1673,2.9355194,8.93,1.94,0.0,611.0,30.5,33.7888,0.21363,6014.95,0.17906,1.13166,1.11,1.62
Kepler-1674 b,Kepler-1674,3.2057749,10.4,1.73,0.0,417.0,7.13,62.5611,0.3017,5473.91,-0.20584,0.877273,0.96,0.5
Kepler-1675 b,Kepler-1675,3.12483349,9.93,1.79,0.0,465.0,11.8,63.0382,0.32185,5853.19,0.12938,1.12865,1.06,1.7
Kepler-1676 b,Kepler-1676,3.3769596,11.3,1.61,0.0,782.0,33.45,29.9221,0.1954,5878.3,0.0835,1.06066,1.07,0.3
Kepler-1677 b,Kepler-1677,2.70216183,7.76,2.16,0.0,712.0,59.4,22.064,0.1599,6013.72,0.2648,1.24959,1.11,2.29
Kepler-1678 b,Kepler-1678,3.30422249,10.9,1.66,0.0,329.0,2.78,147.974,0.5302,5754.0,-0.16208,0.834976,1.03,0.3
Kepler-1679 b,Kepler-1679,2.0692036,4.93,3.06,0.0,813.0,103.3,9.75376,0.0892,5501.0,-0.20132,0.873196,0.96,0.4
Kepler-168 b,Kepler-168,1.46,2.73,4.82,0.0,1240.0,725.064,4.425391,0.056,6282.0,0.36071,1.107,1.113,2.29
Kepler-168 c,Kepler-168,2.69,7.7,2.17,0.0,862.0,169.002,13.193242,0.116,6282.0,0.36071,1.107,1.113,2.29
Kepler-1680 b,Kepler-1680,1.35954736,2.42,5.29,0.0,771.0,49.0,8.77424,0.07642,5021.0,-0.52356,0.723259,0.834,13.8
Kepler-1681 b,Kepler-1681,2.55321772,7.05,2.33,0.0,442.0,5.33,69.8956,0.32,5756.4,-0.2933,0.759,0.893,3.3
Kepler-1682 b,Kepler-1682,2.88940836,8.7,1.98,0.0,694.0,54.74,14.8334,0.1134,5619.12,-0.1957,0.842301,0.99,5.7
Kepler-1683 b,Kepler-1683,1.87477762,4.17,3.48,0.0,669.0,47.32,15.0337,0.1182,5429.0,-0.19763,0.900327,0.95,13.6
Kepler-1684 b,Kepler-1684,2.87084792,8.6,2.0,0.0,347.0,3.42,47.7055,0.2253,4706.54,-0.70657,0.666755,0.75,
Kepler-1685 b,Kepler-1685,2.57673985,7.16,2.3,0.0,625.0,36.01,20.4905,0.1485,5484.0,-0.24507,0.835451,0.96,
Kepler-1686 b,Kepler-1686,1.42553017,2.62,4.97,0.0,913.0,167.2,9.30987,0.08827,5714.96,0.14075,1.19951,1.02,4.37
Kepler-1687 b,Kepler-1687,1.65623882,3.38,4.09,0.0,598.0,30.22,5.77954,0.0532,4132.0,-0.85865,0.726119,0.65,3.73
Kepler-1688 b,Kepler-1688,1.26174569,2.13,5.83,0.0,772.0,84.01,5.62012,0.0577,4632.11,-0.636,0.746,0.814,14.0
Kepler-1689 b,Kepler-1689,0.94678642,0.799,5.17,0.0,879.0,149.3,8.483,0.0784,5731.43,-0.01555,0.996208,1.023,2.5
Kepler-169 b,Kepler-169,1.13,1.51,5.75,0.0,962.0,195.221,3.250619,0.04,4997.0,-0.49611,0.763,0.825,0.79
Kepler-169 c,Kepler-169,1.21,1.92,5.96,0.0,776.0,82.853,6.195469,0.062,4997.0,-0.49611,0.763,0.825,0.79
Kepler-169 d,Kepler-169,1.25,2.1,5.91,0.0,702.0,55.53,8.348125,0.075,4997.0,-0.49611,0.763,0.825,0.79
Kepler-169 e,Kepler-169,2.2,5.48,2.83,0.0,595.0,28.548,13.767102,0.105,4997.0,-0.49611,0.763,0.825,0.79
Kepler-169 f,Kepler-169,2.58,7.18,2.3,0.0,321.0,2.439,87.090195,0.359,4997.0,-0.49611,0.763,0.825,0.79
Kepler-1690 b,Kepler-1690,2.81109223,8.3,2.05,0.0,267.0,1.2,234.636,0.7097,5404.0,-0.24308,0.862346,0.94,8.5
Kepler-1691 b,Kepler-1691,1.83470985,4.02,3.58,0.0,1283.0,641.53,3.8482,0.0495,6000.0,0.17462,1.13152,1.11,0.61
Kepler-1692 b,Kepler-1692,1.11177184,1.42,5.68,0.0,897.0,153.48,5.95966,0.0646,5146.0,-0.32425,0.866139,0.87,6.1
Kepler-1693 b,Kepler-1693,1.28938413,2.21,5.67,0.0,807.0,100.37,12.0999,0.1011,5432.34,-0.21808,0.878295,0.95,0.8
Kepler-1693 c,Kepler-1693,0.97698289,0.894,5.27,0.0,1059.0,296.73,5.363709927,0.0588,5553.0,-0.21808,1.098,0.941,0.8
Kepler-1694 b,Kepler-1694,1.17986031,1.76,5.89,0.0,956.0,197.66,3.89526,0.0449,4954.0,-0.50811,0.756284,0.82,0.7
Kepler-1695 b,Kepler-1695,1.11948901,1.46,5.72,0.0,957.0,198.57,4.7329,0.0529,5473.19,-0.10357,0.987155,0.96,0.5
Kepler-1696 b,Kepler-1696,2.80982017,8.29,2.05,0.0,454.0,10.04,65.9409,0.3244,5712.0,0.13884,1.19811,1.02,
Kepler-1697 b,Kepler-1697,1.25954761,2.12,5.83,0.0,630.0,37.3,33.4969,0.2008,4681.53,-0.58813,0.772344,0.747,
Kepler-1698 b,Kepler-1698,1.07315686,1.25,5.56,0.0,1351.0,697.6,1.2107,0.02065,4975.03,-0.51767,0.741698,0.822,1.66
Kepler-1699 b,Kepler-1699,1.56671124,3.08,4.4,0.0,1010.0,245.65,3.49082,0.0418,5575.53,-0.339,0.725,0.81,
Kepler-17 b,Kepler-17,14.68,778.65,1.35,0.011,1570.0,1481.766,1.4857108,0.02591,5781.0,0.01164,1.01034,1.04,1.8
Kepler-170 b,Kepler-170,3.2,82.6,13.9,0.0,899.0,136.522,7.930592,0.08,5679.0,-0.05453,1.035,1.066,1.58
Kepler-170 c,Kepler-170,2.86,8.55,2.01,0.0,702.0,50.682,16.665863,0.131,5679.0,-0.05453,1.035,1.066,1.58
Kepler-1700 b,Kepler-1700,2.90129941,8.76,1.97,0.0,329.0,2.2,234.239,0.76094,6031.0,0.15405,1.0937,1.12,2.75
Kepler-1701 b,Kepler-1701,2.22186207,5.57,2.79,0.0,273.0,1.3,169.134,0.5738,5146.0,-0.35064,0.840217,0.87,1.29
Kepler-1702 b,Kepler-1702,1.60190793,3.2,4.28,0.0,555.0,22.4,18.5012,0.1275,5093.0,-0.49585,0.725742,0.85,
Kepler-1704 b,Kepler-1704,11.94877343,1322.16617312,4.07,0.92,253.8,0.342,988.88112,2.027,5746.0,0.45179,1.697,1.132,7.4
Kepler-1705 b,Kepler-1705,2.03,4.47,2.977353,0.033,789.0,91.74,9.03502,0.08,6312.0,0.35411,1.259,1.139,2.59
Kepler-1705 c,Kepler-1705,2.05,5.42,3.528714,0.028,,,11.28,,6312.0,0.35411,1.259,1.139,2.59
Kepler-1708 b,Kepler-1708,9.96,1462.0106722,,0.4,,0.561,737.1131,1.64,6157.0,0.182,1.117,1.088,3.16
Kepler-1709 b,Kepler-1709,3.12424875,9.93,1.79,0.0,472.0,11.7,65.70459747,0.32704,5918.0,0.11547,1.043,1.003,2.34
Kepler-171 b,Kepler-171,2.34,6.08,2.61,0.0,1053.0,304.178,4.166972,0.05,5642.0,-0.07917,0.839,0.978,2.4
Kepler-171 c,Kepler-171,2.56,7.08,2.32,0.0,752.0,78.905,11.463462,0.098,5642.0,-0.07917,0.839,0.978,2.4
Kepler-171 d,Kepler-171,1.89,4.23,3.44,0.0,497.0,15.103,39.595519,0.223,5642.0,-0.07917,0.839,0.978,2.4
Kepler-1710 b,Kepler-1710,3.19744103,3.49494179,1.11225,0.0,694.0,48.9,14.91110039,0.11583,5650.0,-0.14261,0.899,0.932,2.69
Kepler-1711 b,Kepler-1711,1.923,4.36,3.37,0.0,669.0,47.39,21.06080055,0.1463,5706.0,0.00966,1.034,0.94,6.6
Kepler-1712 b,Kepler-1712,2.28372556,5.83,2.69,0.0,391.0,5.52,13.81499958,0.0903,3732.0,-1.17916,0.509,0.515,1.03
Kepler-1713 b,Kepler-1713,1.71673535,3.59,3.9,0.0,900.0,144.3,18.01160049,0.14185,6477.0,0.48598,1.459,1.3,3.72
Kepler-1714 b,Kepler-1714,3.26437302,10.7,1.69,0.0,1211.0,504.3,10.27530003,0.10549,6150.0,0.76008,2.086,1.448,2.29
Kepler-1715 b,Kepler-1715,4.14042267,16.0,1.24,0.0,646.0,53.0,35.59730148,0.22429,6212.0,0.41691,1.209,1.082,3.47
Kepler-1716 b,Kepler-1716,2.4247685,6.46,2.49,0.0,408.0,6.3,35.58100128,0.18836,4894.0,-0.62363,0.684,0.753,7.9
Kepler-1717 b,Kepler-1717,2.98929758,9.21,1.89,0.0,780.0,87.69,30.65279961,0.2014,6200.0,0.59298,1.64,1.158,0.33
Kepler-1718 b,Kepler-1718,2.5685207,7.12,2.31,0.0,345.0,3.7,135.1880035,0.48418,5731.0,-0.0399,0.906,0.846,10.72
Kepler-1719 b,Kepler-1719,3.95000623,14.8,1.32,0.0,1287.0,686.9,6.149559975,0.06868,5687.0,0.52557,1.775,1.08,6.61
Kepler-172 b,Kepler-172,2.35,6.12,2.59,0.0,1256.0,639.476,2.940309,0.04,5526.0,-0.03187,1.085,1.081,2.69
Kepler-172 c,Kepler-172,2.86,8.55,2.01,0.0,970.0,227.225,6.388996,0.068,5526.0,-0.03187,1.085,1.081,2.69
Kepler-172 d,Kepler-172,2.25,5.69,2.74,0.0,736.0,75.29,14.627119,0.118,5526.0,-0.03187,1.085,1.081,2.69
Kepler-172 e,Kepler-172,2.76,8.05,2.1,0.0,550.0,23.431,35.118736,0.211,5526.0,-0.03187,1.085,1.081,2.69
Kepler-1720 b,Kepler-1720,3.21585295,10.4,1.72,0.0,697.0,55.86,12.70639992,0.1043,5573.0,-0.33619,0.839,0.939,0.5
Kepler-1721 b,Kepler-1721,3.11856756,9.9,1.79,0.0,924.0,172.6,4.592380047,0.0519,5351.0,-0.40675,0.796,0.89,0.7
Kepler-1722 b,Kepler-1722,2.86719266,8.58,2.0,0.0,753.0,76.14,9.178569794,0.0819,5506.0,-0.16963,0.788,0.876,1.4
Kepler-1723 b,Kepler-1723,2.88046569,8.65,1.99,0.0,568.0,24.54,39.75289917,0.2249,6072.0,0.03393,1.01,0.96,3.3
Kepler-1724 b,Kepler-1724,2.83677238,8.43,2.03,0.0,999.0,234.98,6.45442009,0.0683,6092.0,0.05537,0.943,1.016,0.3
Kepler-1725 b,Kepler-1725,2.8125177,8.31,2.05,0.0,767.0,84.1,16.71990013,0.13263,6020.0,0.19852,1.085,1.049,0.89
Kepler-1726 b,Kepler-1726,2.50861954,6.84,2.38,0.0,582.0,24.0,18.39629936,0.12794,5316.0,-0.36975,0.804,0.876,2.51
Kepler-1727 b,Kepler-1727,3.17321625,10.2,1.75,0.0,757.0,77.75,9.029299736,0.0796,5349.0,-0.25065,0.82,0.824,9.7
Kepler-1728 b,Kepler-1728,2.95501875,9.04,1.93,0.0,886.0,145.48,4.782999992,0.0535,5170.0,-0.41612,0.807,0.891,12.8
Kepler-1729 b,Kepler-1729,3.89404186,14.4,1.34,0.0,595.0,29.68,4.220970154,0.0418,3837.0,-0.66329,0.517,0.544,1.2
Kepler-173 b,Kepler-173,1.29,2.21,5.66,0.0,1179.0,599.495,4.263742,0.048,6031.0,0.07365,0.949,1.067,3.3
Kepler-173 c,Kepler-173,2.43,6.48,2.48,0.0,956.0,258.418,8.005777,0.074,6031.0,0.07365,0.949,1.067,3.3
Kepler-1730 b,Kepler-1730,4.48524519,18.4,1.12,0.0,833.0,113.75,13.81019974,0.1131,5942.0,0.07455,1.142,1.009,7.4
Kepler-1731 b,Kepler-1731,2.93295657,8.92,1.94,0.0,486.0,13.3,21.76129913,0.1399,4859.0,-0.59961,0.72,0.781,2.14
Kepler-1732 b,Kepler-1732,4.09903273,15.7,1.25,0.0,699.0,27.05,32.31240082,0.2015,5821.0,0.29575,1.494,1.043,2.0
Kepler-1733 b,Kepler-1733,3.63582354,12.8,1.46,0.0,1021.0,257.11,9.229579926,0.0933,6320.0,0.42985,1.252,1.273,0.2
Kepler-1734 b,Kepler-1734,3.08851092,9.74,1.82,0.0,985.0,222.91,6.796850204,0.0714,6061.0,0.14406,0.97,1.05,0.3
Kepler-1735 b,Kepler-1735,1.19429134,1.84,5.94,0.0,502.0,15.01,7.71792984,0.0621,3975.0,-1.19302,0.509,0.535,8.17
Kepler-1736 b,Kepler-1736,3.8765856,14.3,1.35,0.0,566.0,24.27,37.81029892,0.2188,6085.0,0.40206,0.973,0.976,1.7
Kepler-1737 b,Kepler-1737,5.395,25.1,0.878,0.0,383.0,5.09,64.61750031,0.297,5043.0,-0.344,0.881,0.834,13.7
Kepler-1738 b,Kepler-1738,2.82472883,8.37,2.04,0.0,957.0,198.67,7.674630165,0.0781,6063.0,-0.00542,1.001,1.079,0.3
Kepler-1739 b,Kepler-1739,2.43056832,6.48,2.48,0.0,839.0,117.5,7.343709946,0.0697,5757.0,-0.14011,0.762,0.865,0.4
Kepler-174 b,Kepler-174,1.96,4.5,3.28,0.0,553.0,24.418,13.98179,0.1,4880.0,-0.5704,0.622,0.602,4.9
Kepler-174 c,Kepler-174,1.49,2.83,4.7,0.0,377.0,5.296,44.000529,0.214,4880.0,-0.5704,0.622,0.602,4.9
Kepler-174 d,Kepler-174,2.19,5.43,2.84,0.0,212.0,0.53,247.35373,0.677,4880.0,-0.5704,0.622,0.602,4.9
Kepler-1740 b,Kepler-1740,3.32321414,11.0,1.65,0.0,858.0,127.95,8.172400475,0.0779,5705.0,-0.07942,0.905,0.943,
Kepler-1741 b,Kepler-1741,1.273,2.16,5.75,0.0,615.0,33.79,2.757590055,0.0296,3683.0,-1.24232,0.424,0.454,13.4
Kepler-1742 b,Kepler-1742,2.1782413,5.38,2.86,0.0,462.0,10.73,49.47819901,0.2587,5776.0,-0.18376,0.849,0.939,0.5
Kepler-1743 b,Kepler-1743,1.59887007,3.18,4.28,0.0,1144.0,515.0,7.649710178,0.084,5855.0,0.59938,1.613,1.266,3.72
Kepler-1744 b,Kepler-1744,3.76754004,13.6,1.4,0.0,532.0,21.0,37.10110092,0.20945,5986.0,-0.09777,0.85,0.886,7.76
Kepler-1745 b,Kepler-1745,1.92872921,4.38,3.35,0.0,1449.0,1044.49,3.016190052,0.0408,5611.0,0.00651,1.4,0.995,2.1
Kepler-1746 b,Kepler-1746,8.93504475,59.1,0.455,0.0,310.0,3.4,321.2120056,0.94082,6018.0,0.496,1.286,1.09,5.75
Kepler-1747 b,Kepler-1747,4.26508,16.8,1.19,0.0,875.0,138.33,6.230319977,0.066,5477.0,-0.20529,0.865,0.983,0.7
Kepler-1748 b,Kepler-1748,2.71275017,7.81,2.15,0.0,955.0,196.33,5.823520184,0.0615,5774.0,-0.34954,0.864,0.916,
Kepler-1749 b,Kepler-1749,1.61301783,3.23,4.23,0.0,420.0,7.34,14.53409958,0.0956,3957.0,-0.94989,0.553,0.551,3.72
Kepler-175 b,Kepler-175,2.56,7.08,2.32,0.0,827.0,129.639,11.903515,0.105,6064.0,0.19402,1.01,0.969,3.39
Kepler-175 c,Kepler-175,3.1,9.8,1.81,0.0,583.0,31.95,34.035257,0.213,6064.0,0.19402,1.01,0.969,3.39
Kepler-1750 b,Kepler-1750,6.00434637,30.1,0.764,0.0,298.0,1.85,205.9120026,0.6785,5644.0,0.06117,0.969,0.981,0.5
Kepler-1751 b,Kepler-1751,1.82417378,3.98,3.6,0.0,984.0,221.46,7.017310143,0.0712,6052.0,0.03608,0.967,0.974,1.9
Kepler-1752 b,Kepler-1752,4.54060463,18.7,1.1,0.0,419.0,7.29,56.35850143,0.2698,5446.0,-0.39819,0.821,0.824,7.2
Kepler-1753 b,Kepler-1753,2.22678077,5.59,2.78,0.0,583.0,27.41,16.00460052,0.1179,5180.0,-0.55992,0.769,0.86,6.2
Kepler-1754 b,Kepler-1754,2.43996509,6.53,2.47,0.0,672.0,48.2,8.195949554,0.0718,4723.0,-0.61192,0.747,0.734,
Kepler-1755 b,Kepler-1755,5.91688317,29.4,0.78,0.0,631.0,37.43,24.81209946,0.1668,6086.0,0.27353,0.921,1.003,0.3
Kepler-1756 b,Kepler-1756,1.47199944,2.77,4.77,0.0,1093.0,338.4,2.355750084,0.0319,4915.0,-0.459,0.812,0.781,13.7
Kepler-1757 b,Kepler-1757,2.94660251,8.99,1.93,0.0,549.0,21.5,19.65640068,0.1335,5288.0,-0.36941,0.74,0.828,0.7
Kepler-1758 b,Kepler-1758,2.57059831,7.13,2.31,0.0,1028.0,93.64,9.977210045,0.0919,5557.0,0.48544,1.616,1.035,0.4
Kepler-1759 b,Kepler-1759,0.9037791,0.676,5.03,0.0,954.0,195.7,3.720230103,0.0429,5017.0,-0.56331,0.797,0.76,13.8
Kepler-176 b,Kepler-176,1.43,290.537,179.0,0.0,841.0,123.802,5.433074,0.058,5232.0,-0.40427,0.891,0.86,2.45
Kepler-176 c,Kepler-176,2.6,1.33,0.487,0.0,633.0,39.631,12.759712,0.102,5232.0,-0.40427,0.891,0.86,2.45
Kepler-176 d,Kepler-176,2.51,1.72,0.6,0.0,501.0,15.536,25.751974,0.163,5232.0,-0.40427,0.891,0.86,2.45
Kepler-176 e,Kepler-176,1.45,0.52075,0.041,0.0,398.0,6.22,51.16579,0.25654,5295.0,-0.40427,0.83,0.87,4.68
Kepler-1760 b,Kepler-1760,2.28995546,5.86,2.68,0.0,480.0,12.56,38.3260994,0.2084,5229.0,-0.26,0.903,0.821,0.6
Kepler-1761 b,Kepler-1761,1.39109603,2.51,5.12,0.0,613.0,33.34,4.043540001,0.0413,3871.0,-1.1701,0.532,0.573,3.9
Kepler-1762 b,Kepler-1762,2.76022913,8.05,2.1,0.0,714.0,61.49,29.53910065,0.204,6572.0,0.33126,1.238,1.298,0.28
Kepler-1763 b,Kepler-1763,1.14651332,1.59,5.8,0.0,1822.0,2597.27,1.480280042,0.0257,5897.0,0.27421,1.259,1.026,5.4
Kepler-1764 b,Kepler-1764,4.55527871,18.8,1.09,0.0,511.0,16.17,70.46829987,0.3512,6461.0,0.41465,1.131,1.162,0.24
Kepler-1765 b,Kepler-1765,2.49508857,6.78,2.4,0.0,855.0,126.48,10.41889954,0.0917,5692.0,-0.136,1.064,0.946,11.9
Kepler-1766 b,Kepler-1766,2.27904508,5.81,2.7,0.0,406.0,7.8,105.0149994,0.4161,5868.0,0.17488,1.042,0.915,12.02
Kepler-1767 b,Kepler-1767,3.01299077,9.34,1.88,0.0,393.0,5.66,59.65829849,0.2873,5243.0,-0.50273,0.831,0.887,0.6
Kepler-1768 b,Kepler-1768,2.23346338,5.62,2.77,0.0,933.0,179.16,15.13589954,0.1286,6050.0,0.28665,1.572,1.24,
Kepler-1769 b,Kepler-1769,4.465,18.2,1.12,0.0,483.0,8.9,89.1934967,0.40598,6071.0,0.21523,1.295,1.061,1.02
Kepler-177 b,Kepler-177,3.5,5.84,0.75,0.0,549.0,30.4,36.8601,0.21101,5732.0,0.24,1.324,0.921,11.75
Kepler-177 c,Kepler-177,8.73,14.7,0.121,0.0,497.0,25.4,49.40926,0.25655,5732.0,0.24,1.324,0.921,11.75
Kepler-1770 b,Kepler-1770,2.84141754,8.45,2.02,0.0,699.0,56.43,16.84189987,0.1261,5602.0,-0.2091,1.009,0.941,12.3
Kepler-1771 b,Kepler-1771,4.05537256,15.5,1.28,0.0,391.0,5.51,88.64399719,0.3815,5661.0,-0.0924,0.934,0.941,0.8
Kepler-1772 b,Kepler-1772,2.68609988,7.68,2.18,0.0,1155.0,1485.0,3.215090036,0.04391,5541.0,0.47201,0.934,0.942,7.94
Kepler-1773 b,Kepler-1773,3.50469499,12.1,1.54,0.0,623.0,39.2,40.80970001,0.24831,6183.0,0.40462,1.3,1.241,2.91
Kepler-1774 b,Kepler-1774,3.18179549,10.2,1.74,0.0,522.0,16.4,59.77080154,0.29496,6214.0,0.19049,1.122,1.101,2.5
Kepler-1775 b,Kepler-1775,3.64762153,12.9,1.46,0.0,522.0,9.9,85.65399933,0.39565,5818.0,0.24607,1.647,1.149,2.57
Kepler-1776 b,Kepler-1776,2.61157023,7.33,2.26,0.0,603.0,29.9,35.01190186,0.2093,5872.0,0.16391,1.153,1.041,0.6
Kepler-1777 b,Kepler-1777,2.13189678,5.19,2.94,0.0,819.0,71.3,12.18420029,0.10301,5771.0,-0.03321,1.068,0.984,0.46
Kepler-1778 b,Kepler-1778,3.01665969,9.36,1.87,0.0,942.0,186.14,10.08740044,0.0956,6310.0,0.0978,1.095,1.143,0.3
Kepler-1779 b,Kepler-1779,3.03295685,9.44,1.86,0.0,730.0,67.34,16.34359932,0.1264,5730.0,-0.04999,1.056,1.008,0.6
Kepler-178 b,Kepler-178,2.9,8.75,1.97,0.0,846.0,84.571,9.576694,0.085,5676.0,-0.20778,1.066,0.852,9.12
Kepler-178 c,Kepler-178,2.88,8.65,1.99,0.0,656.0,30.546,20.552802,0.142,5676.0,-0.20778,1.066,0.852,9.12
Kepler-178 d,Kepler-178,3.95,14.8,1.32,0.0,392.0,3.874,96.678988,0.397,5676.0,-0.20778,1.066,0.852,9.12
Kepler-1780 b,Kepler-1780,3.60600667,12.7,1.49,0.0,340.0,3.14,109.4449997,0.4276,5403.0,-0.2166,0.868,0.868,0.6
Kepler-1781 b,Kepler-1781,2.38091029,6.26,2.55,0.0,1003.0,239.11,4.88752985,0.0574,5568.0,-0.36088,0.957,1.053,0.9
Kepler-1782 b,Kepler-1782,2.22927435,5.6,2.78,0.0,773.0,86.0,5.756229877,0.05825,4931.0,-0.55623,0.734,0.794,2.88
Kepler-1783 b,Kepler-1783,1.31946731,2.3,5.5,0.0,1088.0,65.5,8.277440071,0.07595,5129.0,-0.45102,1.781,0.887,1.15
Kepler-1784 b,Kepler-1784,2.79936489,8.24,2.06,0.0,724.0,64.8,13.59049988,0.1072,5442.0,-0.12103,0.974,0.887,13.8
Kepler-1785 b,Kepler-1785,2.70422447,7.77,2.16,0.0,666.0,47.3,19.58550072,0.13917,5618.0,0.00308,0.996,0.911,0.3
Kepler-1786 b,Kepler-1786,3.16305828,10.1,1.75,0.0,501.0,10.7,78.5460968,0.35722,5808.0,0.15863,1.397,1.058,7.76
Kepler-1787 b,Kepler-1787,2.31898181,5.99,2.64,0.0,540.0,20.04,39.31370163,0.227,6060.0,-0.0984,0.925,1.008,0.3
Kepler-1788 b,Kepler-1788,2.37850461,6.25,2.55,0.0,956.0,197.81,2.800120115,0.0343,4786.0,-0.61055,0.704,0.686,13.8
Kepler-1789 b,Kepler-1789,2.83137505,8.4,2.03,0.0,380.0,4.91,80.23190308,0.3543,5436.0,-0.23129,0.888,0.92,4.5
Kepler-179 b,Kepler-179,1.64,3.33,4.15,0.0,1075.0,360.262,2.735926,0.036,5302.0,-0.27765,0.759,0.893,1.74
Kepler-179 c,Kepler-179,2.0,4.66,3.2,0.0,810.0,115.983,6.40013,0.064,5302.0,-0.27765,0.759,0.893,1.74
Kepler-1790 b,Kepler-1790,3.1446145,10.0,1.77,0.0,682.0,49.2,31.58889961,0.20989,5866.0,0.38334,1.367,1.02,2.88
Kepler-1791 b,Kepler-1791,3.12103321,9.91,1.79,0.0,1021.0,257.14,7.720860004,0.0761,5887.0,0.176,1.177,0.985,3.73
Kepler-1792 b,Kepler-1792,2.51990972,6.89,2.37,0.0,1047.0,283.78,4.1957798,0.0488,5229.0,-0.50826,1.005,0.878,
Kepler-1793 b,Kepler-1793,3.79037518,13.8,1.39,0.0,713.0,61.24,8.779999733,0.0787,5191.0,-0.23389,0.764,0.85,3.6
Kepler-1794 b,Kepler-1794,1.79426276,3.87,3.68,0.0,703.0,57.59,9.762980461,0.0821,5052.0,-0.6106,0.816,0.773,14.0
Kepler-1795 b,Kepler-1795,1.66301611,3.4,4.06,0.0,520.0,17.3,13.36019993,0.1002,4500.0,-0.757,0.688,0.768,5.8
Kepler-1796 b,Kepler-1796,2.75047868,8.0,2.11,0.0,598.0,30.3,29.4557991,0.1879,6036.0,0.11795,0.949,1.018,0.4
Kepler-1797 b,Kepler-1797,3.05774442,9.58,1.84,0.0,684.0,51.68,23.3593998,0.1637,6244.0,0.06183,1.009,1.069,0.4
Kepler-1798 b,Kepler-1798,2.30911251,5.94,2.65,0.0,408.0,6.52,16.85589981,0.1082,3967.0,-0.95681,0.587,0.593,4.36
Kepler-1799 b,Kepler-1799,4.12801189,15.9,1.24,0.0,770.0,83.04,11.9296999,0.1028,5831.0,0.31428,0.921,1.016,0.5
Kepler-18 b,Kepler-18,2.0,6.9,4.9,0.0,1165.0,355.735,3.504725,0.0447,5345.0,-0.031,1.108,0.972,10.0
Kepler-18 c,Kepler-18,5.49,17.3,0.59,0.0,899.0,126.081,7.64159,0.0752,5345.0,-0.031,1.108,0.972,10.0
Kepler-18 d,Kepler-18,6.98,16.4,0.27,0.0,720.0,51.922,14.85888,0.1172,5345.0,-0.031,1.108,0.972,10.0
Kepler-180 b,Kepler-180,1.5,2.86,4.66,0.0,781.0,72.119,13.817124,0.109,5731.0,-0.13204,1.063,0.95,9.7
Kepler-180 c,Kepler-180,3.01,9.32,1.88,0.0,540.0,16.423,41.885775,0.229,5731.0,-0.13204,1.063,0.95,9.7
Kepler-1800 b,Kepler-1800,0.99679734,0.961,5.33,0.0,1533.0,242.0,4.562029839,0.05098,5343.0,-0.18759,2.506,1.33,11.75
Kepler-1801 b,Kepler-1801,2.70926154,7.8,2.16,0.0,829.0,111.52,10.44089985,0.0915,5738.0,-0.22269,0.981,0.936,8.1
Kepler-1801 c,Kepler-1801,2.91,8.8,1.96,0.0,371.0,4.47,116.583183,0.4572,5738.0,-0.22269,0.981,0.936,8.1
Kepler-1802 b,Kepler-1802,1.671,3.43,4.04,0.0,581.0,26.91,15.45020008,0.0662,4245.0,-0.925,0.637,0.649,13.9
Kepler-1802 c,Kepler-1802,2.322,6.0,2.63,0.0,357.0,3.86,33.13610077,0.1748,4245.0,-0.925,0.637,0.649,13.9
Kepler-1804 b,Kepler-1804,1.59615726,3.18,4.3,0.0,913.0,164.61,12.28849983,0.1017,5109.0,-0.51152,1.671,0.929,14.0
Kepler-1805 b,Kepler-1805,1.54502915,3.0,4.47,0.0,479.0,12.48,8.847940445,0.0699,3867.0,-1.17695,0.552,0.581,1.65
Kepler-1806 b,Kepler-1806,2.35560189,6.15,2.59,0.0,729.0,66.89,9.033320427,0.0813,5311.0,-0.43504,0.788,0.884,0.6
Kepler-1807 b,Kepler-1807,2.70393215,7.77,2.16,0.0,1108.0,356.24,10.86060047,0.0988,6455.0,0.60255,1.496,1.087,2.95
Kepler-1808 b,Kepler-1808,3.02511302,9.4,1.87,0.0,601.0,30.94,23.3404007,0.1467,5530.0,-0.06242,0.892,0.773,12.1
Kepler-1809 b,Kepler-1809,1.513,2.9,4.6,0.0,877.0,158.2,3.7572999,0.04444,4901.0,-0.47061,0.716,0.807,1.55
Kepler-181 b,Kepler-181,1.27,2.15,5.77,0.0,1041.0,255.584,3.137873,0.04,5333.0,-0.37878,0.749,0.81,6.46
Kepler-181 c,Kepler-181,1.99,4.62,3.22,0.0,937.0,168.188,4.302149,0.049,5333.0,-0.37878,0.749,0.81,6.46
Kepler-1810 b,Kepler-1810,3.91815325,14.6,1.33,0.0,380.0,4.91,101.1330032,0.4137,5492.0,-0.15834,1.016,0.921,4.5
Kepler-1811 b,Kepler-1811,3.84829873,14.1,1.36,0.0,455.0,10.11,76.42230225,0.3462,5561.0,0.1541,1.19,0.946,0.4
Kepler-1812 b,Kepler-1812,2.3249424,6.01,2.63,0.0,1034.0,270.34,7.165219784,0.0765,6174.0,0.27988,1.103,1.162,1.0
Kepler-1813 b,Kepler-1813,1.413,2.58,5.03,0.0,1059.0,298.2,2.818160057,0.0364,5167.0,-0.4,0.787,0.812,2.3
Kepler-1814 b,Kepler-1814,2.36961357,6.21,2.56,0.0,1022.0,216.9,2.935359955,0.03765,4922.0,-0.50574,0.823,0.79,2.82
Kepler-1814 c,Kepler-1814,1.76,3.75,3.78,0.0,1711.0,2011.27,0.626281766,0.0133,4922.0,-0.50574,0.823,0.79,2.82
Kepler-1815 b,Kepler-1815,2.7489262,7.99,2.11,0.0,763.0,80.01,12.19139957,0.0984,5516.0,-0.03006,0.967,0.856,13.5
Kepler-1816 b,Kepler-1816,1.9679397,4.53,3.27,0.0,310.0,2.0,91.50099945,0.35647,5051.0,-0.53145,0.706,0.786,0.7
Kepler-1817 b,Kepler-1817,2.27349126,5.79,2.71,0.0,463.0,10.85,44.29919815,0.2348,5316.0,-0.38044,0.915,0.878,0.4
Kepler-1818 b,Kepler-1818,1.71360684,3.58,3.91,0.0,1209.0,504.23,4.644909859,0.055,6047.0,0.261,1.129,1.021,5.4
Kepler-1819 b,Kepler-1819,3.90351256,14.5,1.34,0.0,760.0,78.99,16.48690033,0.1337,6090.0,0.0865,1.071,1.173,0.4
Kepler-182 b,Kepler-182,2.58,7.18,2.3,0.0,935.0,239.787,9.825792,0.096,6250.0,0.34366,1.146,1.114,5.25
Kepler-182 c,Kepler-182,3.43,11.6,1.58,0.0,729.0,88.852,20.684342,0.157,6250.0,0.34366,1.146,1.114,5.25
Kepler-1820 b,Kepler-1820,3.11883067,9.9,1.79,0.0,561.0,23.41,31.03249931,0.1964,5841.0,-0.02202,0.931,1.047,0.4
Kepler-1821 b,Kepler-1821,2.59248115,7.24,2.28,0.0,644.0,40.61,16.45809937,0.1244,5475.0,-0.12374,0.884,0.946,0.4
Kepler-1822 b,Kepler-1822,2.64755943,7.5,2.22,0.0,507.0,15.65,22.13339996,0.1416,5165.0,-0.28559,0.702,0.782,0.8
Kepler-1823 b,Kepler-1823,2.0861268,5.0,3.03,0.0,718.0,78.0,21.10339928,0.15332,6000.0,0.28744,1.126,1.068,1.88
Kepler-1824 b,Kepler-1824,2.38127597,6.26,2.55,0.0,421.0,7.45,95.61100006,0.4267,6002.0,0.171,1.081,1.135,0.33
Kepler-1825 b,Kepler-1825,1.42200732,2.61,4.99,0.0,1520.0,1264.7,1.025869966,0.0187,5123.0,-0.53158,0.847,0.828,14.0
Kepler-1826 b,Kepler-1826,1.47519116,2.78,4.76,0.0,806.0,99.32,1.615360022,0.0213,3821.0,-1.12218,0.486,0.49,5.62
Kepler-1827 b,Kepler-1827,1.85644292,4.1,3.52,0.0,1329.0,1113.4,3.700619936,0.04647,5423.0,0.187,1.404,0.915,10.96
Kepler-1828 b,Kepler-1828,2.11598626,5.13,2.98,0.0,799.0,96.27,10.2737999,0.0924,5806.0,-0.11128,0.899,0.996,0.4
Kepler-1829 b,Kepler-1829,2.47887001,6.71,2.42,0.0,860.0,129.37,5.186719894,0.0559,5230.0,-0.39395,0.777,0.873,4.4
Kepler-183 b,Kepler-183,2.06,4.9,3.08,0.0,1088.0,281.845,5.687945,0.064,5888.0,0.026,0.958,0.99,5.62
Kepler-183 c,Kepler-183,2.27,35.7,16.8,0.0,857.0,108.717,11.637071,0.103,5888.0,0.026,0.958,0.99,5.62
Kepler-1830 b,Kepler-1830,3.32992941,11.1,1.65,0.0,681.0,35.8,56.49330139,0.31769,6160.0,0.63129,2.046,1.443,2.4
Kepler-1831 b,Kepler-1831,1.97019818,4.54,3.26,0.0,1051.0,288.69,5.78387022,0.0655,6063.0,-0.0455,1.012,1.117,0.3
Kepler-1832 b,Kepler-1832,1.22719556,2.02,6.01,0.0,1022.0,257.32,3.138789892,0.037,5242.0,-0.33658,0.722,0.684,14.0
Kepler-1833 b,Kepler-1833,1.30027362,2.24,5.6,0.0,1177.0,439.2,6.892129898,0.07545,6164.0,0.4374,1.446,1.286,3.89
Kepler-1834 b,Kepler-1834,1.4593834,2.73,4.83,0.0,848.0,105.2,4.603010178,0.04911,4821.0,-0.57662,0.788,0.765,12.2
Kepler-1834 c,Kepler-1834,1.22,1.98,5.99,0.0,1541.0,1334.22,0.766691517,0.015,4821.0,-0.57662,0.788,0.765,12.2
Kepler-1835 b,Kepler-1835,3.53387773,12.2,1.52,0.0,808.0,100.96,11.96409988,0.0997,5903.0,0.07829,0.961,0.922,4.8
Kepler-1836 b,Kepler-1836,2.55303229,7.05,2.33,0.0,1093.0,338.15,5.254169941,0.0602,6123.0,0.01616,0.987,1.053,
Kepler-1837 b,Kepler-1837,2.06673842,4.92,3.06,0.0,1012.0,247.83,5.906089783,0.065,5966.0,-0.06826,0.961,1.049,0.5
Kepler-1838 b,Kepler-1838,1.66049425,3.4,4.08,0.0,1097.0,271.6,12.14680004,0.11082,5877.0,0.53674,1.963,1.187,4.47
Kepler-1839 b,Kepler-1839,1.9493759,4.46,3.31,0.0,1049.0,286.32,5.056759834,0.0583,5926.0,0.19174,0.939,1.03,0.4
Kepler-184 b,Kepler-184,2.36,6.17,2.58,0.0,780.0,70.361,10.687576,0.092,5788.0,-0.22509,0.873,0.872,2.95
Kepler-184 c,Kepler-184,1.97,8.8,6.32,0.0,630.0,29.875,20.303005,0.141,5788.0,-0.22509,0.873,0.872,2.95
Kepler-184 d,Kepler-184,2.49,6.76,2.41,0.0,559.0,18.557,29.022358,0.179,5788.0,-0.22509,0.873,0.872,2.95
Kepler-1840 b,Kepler-1840,2.77771129,8.13,2.08,0.0,284.0,1.3,131.1900024,0.46206,4898.0,-0.58706,0.803,0.774,14.0
Kepler-1841 b,Kepler-1841,1.48912557,2.82,4.69,0.0,542.0,20.35,25.88599968,0.1606,5190.0,-0.27843,0.899,0.823,11.6
Kepler-1842 b,Kepler-1842,2.35388681,6.14,2.59,0.0,822.0,108.07,14.02639961,0.116,5970.0,-0.02604,1.131,1.057,7.0
Kepler-1843 b,Kepler-1843,2.70909809,7.8,2.16,0.0,772.0,111.8,25.54339981,0.17871,5422.0,0.394,1.782,1.02,6.17
Kepler-1844 b,Kepler-1844,3.03648191,9.46,1.86,0.0,1074.0,314.25,3.924510002,0.0478,5776.0,0.22606,0.849,0.939,
Kepler-1845 b,Kepler-1845,2.43836702,6.52,2.47,0.0,584.0,27.47,11.60649967,0.0885,4703.0,-0.57817,0.701,0.686,1.0
Kepler-1846 b,Kepler-1846,1.76378826,3.76,3.77,0.0,552.0,24.5,14.82009983,0.11054,4825.0,-0.53047,0.732,0.785,14.0
Kepler-1847 b,Kepler-1847,2.74516914,7.97,2.12,0.0,843.0,119.44,11.12969971,0.0989,6122.0,0.09941,0.964,1.041,0.4
Kepler-1848 b,Kepler-1848,1.4088539,2.57,5.05,0.0,774.0,94.3,5.604020119,0.05835,4847.0,-0.51304,0.737,0.756,1.82
Kepler-1849 b,Kepler-1849,2.38685349,6.29,2.54,0.0,355.0,3.76,57.29290009,0.2597,4806.0,-0.66231,0.729,0.709,13.5
Kepler-185 b,Kepler-185,1.17,1.71,5.87,0.0,1237.0,475.507,1.6329,0.026,5208.0,-0.50448,0.806,0.763,11.9
Kepler-185 c,Kepler-185,2.02,4.74,3.16,0.0,530.0,16.029,20.729042,0.139,5208.0,-0.50448,0.806,0.763,11.9
Kepler-1850 b,Kepler-1850,0.72909663,0.313,4.44,0.0,1008.0,245.15,1.385800004,0.0206,4239.0,-0.81005,0.6,0.611,13.8
Kepler-1851 b,Kepler-1851,3.90012032,14.5,1.34,0.0,776.0,85.78,12.02289963,0.1016,5982.0,0.06007,0.879,0.967,0.3
Kepler-1852 b,Kepler-1852,1.88610592,4.22,3.46,0.0,760.0,79.1,7.970940113,0.0762,5237.0,-0.43168,0.826,0.927,8.6
Kepler-1853 b,Kepler-1853,1.51862272,2.92,4.58,0.0,386.0,5.23,48.88819885,0.2395,4821.0,-0.56217,0.788,0.765,14.0
Kepler-1854 b,Kepler-1854,2.58746104,7.21,2.29,0.0,420.0,7.33,39.83110046,0.20894,5026.0,-0.479,0.759,0.8,12.88
Kepler-1855 b,Kepler-1855,1.216205,1.96,5.99,0.0,849.0,86.97,0.727330983,0.0115,3460.0,-1.2949,0.356,0.385,5.85
Kepler-1856 b,Kepler-1856,1.73447868,3.66,3.85,0.0,1344.0,772.73,1.302000046,0.0215,4948.0,-0.33065,0.816,0.782,10.9
Kepler-1857 b,Kepler-1857,1.96065412,4.5,3.28,0.0,946.0,217.4,8.94340992,0.08308,6074.0,0.2052,1.005,0.873,7.94
Kepler-1858 b,Kepler-1858,2.42168247,6.44,2.49,0.0,330.0,2.79,88.07160187,0.3575,4939.0,-0.45269,0.819,0.785,0.7
Kepler-1859 b,Kepler-1859,1.58313575,3.13,4.33,0.0,1455.0,1056.15,2.729599953,0.0394,5887.0,0.15429,1.235,1.09,2.5
Kepler-1859 c,Kepler-1859,1.66,3.39,4.07,0.0,1327.0,732.82,3.59645081,0.0473,5887.0,0.15429,1.235,1.09,2.5
Kepler-186 b,Kepler-186,1.07,1.24,5.56,0.0,571.0,37.372,3.8867907,0.0343,3788.0,-1.385,0.472,0.478,4.0
Kepler-186 c,Kepler-186,1.25,2.1,5.91,0.0,464.0,13.98,7.267302,0.0451,3788.0,-1.385,0.472,0.478,4.0
Kepler-186 d,Kepler-186,1.4,2.54,5.09,0.0,379.0,7.204,13.342996,0.0781,3788.0,-1.385,0.472,0.478,4.0
Kepler-186 e,Kepler-186,1.27,2.15,5.77,0.0,319.0,3.608,22.407704,0.11,3788.0,-1.385,0.472,0.478,4.0
Kepler-186 f,Kepler-186,1.17,1.71,5.87,0.04,177.0,0.3,129.9441,0.432,3755.0,-1.26,0.523,0.544,4.0
Kepler-1860 b,Kepler-1860,1.13863767,1.55,5.77,0.0,697.0,56.3,12.73719978,0.10625,5420.0,-0.18091,0.868,0.874,1.55
Kepler-1861 b,Kepler-1861,2.20677414,5.5,2.81,0.0,617.0,31.5,40.0306015,0.24082,5855.0,0.30017,1.373,1.161,4.57
Kepler-1862 b,Kepler-1862,2.203,5.49,2.82,0.0,645.0,41.04,16.05730057,0.1199,5644.0,-0.21515,0.806,0.9,0.4
Kepler-1863 b,Kepler-1863,2.26309256,5.74,2.72,0.0,508.0,41.5,44.99760056,0.23678,5871.0,0.40952,0.983,1.097,12.02
Kepler-1864 b,Kepler-1864,0.75408365,0.353,4.52,0.0,1156.0,427.6,3.881510019,0.049,5854.0,0.03004,0.979,1.03,1.62
Kepler-1865 b,Kepler-1865,1.57686072,3.11,4.36,0.0,1203.0,495.14,2.524009943,0.0344,5420.0,-0.32913,0.871,0.849,11.6
Kepler-1866 b,Kepler-1866,2.08215108,4.99,3.04,0.0,834.0,114.36,11.66009998,0.1016,5791.0,0.14386,1.083,1.03,0.3
Kepler-1867 b,Kepler-1867,1.15985997,1.65,5.81,0.0,768.0,82.32,9.887359619,0.0872,5693.0,0.21949,0.816,0.911,0.5
Kepler-1868 b,Kepler-1868,3.14950109,10.1,1.78,0.0,215.0,0.5,211.0339966,0.62348,4658.0,-0.66249,0.686,0.743,14.0
Kepler-1869 b,Kepler-1869,1.11955354,1.46,5.72,0.0,865.0,138.5,8.167360306,0.07976,5808.0,-0.05012,0.902,0.987,1.29
Kepler-1869 c,Kepler-1869,0.74,0.33,4.47,0.0,1455.0,1056.84,1.716828304,0.028,5808.0,-0.05012,0.902,0.987,1.29
Kepler-187 b,Kepler-187,1.41,2.57,5.04,0.0,1244.0,902.239,4.938864,0.059,6105.0,0.49267,1.287,1.081,6.46
Kepler-187 c,Kepler-187,2.67,7.61,2.2,0.0,963.0,324.134,10.640263,0.099,6105.0,0.49267,1.287,1.081,6.46
Kepler-1870 b,Kepler-1870,2.10143764,5.07,3.0,0.0,1046.0,287.6,3.606940031,0.0452,5508.0,-0.22577,0.84,0.955,0.79
Kepler-1871 b,Kepler-1871,2.42172881,6.44,2.49,0.0,1403.0,917.15,1.952700019,0.0308,5741.0,0.00294,0.946,1.02,5.7
Kepler-1872 b,Kepler-1872,2.38421141,6.28,2.55,0.0,1005.0,241.25,3.825910091,0.0465,5223.0,-0.50562,0.885,0.913,
Kepler-1873 b,Kepler-1873,1.62573811,3.28,4.19,0.0,1787.0,2412.15,0.558842003,0.0128,5151.0,-0.40951,0.792,0.903,1.0
Kepler-1874 b,Kepler-1874,2.21110724,5.52,2.81,0.0,356.0,3.79,56.57320023,0.2633,4701.0,-0.577,0.775,0.758,13.8
Kepler-1875 b,Kepler-1875,3.22686692,10.5,1.72,0.0,559.0,23.05,34.45859909,0.2039,6161.0,0.4066,0.862,0.95,0.3
Kepler-1876 b,Kepler-1876,0.853,2.4,19.0,0.098,1299.0,475.0,6.99205,0.0758,6104.0,0.42894,1.477,1.187,4.4
Kepler-1877 b,Kepler-1877,0.624086,0.179,4.05,0.0,1278.0,691.1,2.377569914,0.03472,5615.0,-0.07722,0.936,1.022,4.9
Kepler-1878 b,Kepler-1878,2.92019781,8.86,1.96,0.0,1063.0,302.6,4.445879936,0.0521,5918.0,0.18689,0.865,0.956,
Kepler-1879 b,Kepler-1879,2.06512018,4.92,3.07,0.0,987.0,242.6,10.61340046,0.0957,5865.0,0.38444,1.388,1.023,7.94
Kepler-188 b,Kepler-188,1.68,3.46,4.01,0.0,1463.0,1069.235,2.061897,0.032,6021.0,0.03447,1.141,1.021,5.8
Kepler-188 c,Kepler-188,3.19,10.3,1.74,0.0,1025.0,257.348,5.996553,0.066,6021.0,0.03447,1.141,1.021,5.8
Kepler-1880 b,Kepler-1880,2.11686218,5.13,2.97,0.0,606.0,31.73,6.309219837,0.054,4380.0,-0.76168,0.53,0.524,13.6
Kepler-1881 b,Kepler-1881,2.98104391,9.17,1.9,0.0,289.0,1.5,159.3939972,0.53325,5135.0,-0.3067,0.874,0.812,0.9
Kepler-1882 b,Kepler-1882,1.48674404,2.81,4.7,0.0,894.0,122.1,13.78730011,0.11636,5691.0,0.23674,1.458,1.068,6.61
Kepler-1883 b,Kepler-1883,3.25107395,10.6,1.7,0.0,416.0,7.08,103.427002,0.4438,6208.0,-0.01559,1.024,1.086,
Kepler-1884 b,Kepler-1884,1.81406781,3.95,3.64,0.0,864.0,131.92,8.988320351,0.0845,5984.0,0.27711,0.906,0.993,0.3
Kepler-1885 b,Kepler-1885,1.51110555,2.89,4.6,0.0,1205.0,499.07,2.522559881,0.036,5591.0,-0.17642,0.86,0.977,0.9
Kepler-1886 b,Kepler-1886,2.58158428,7.18,2.29,0.0,580.0,26.68,24.2758007,0.16,5745.0,-0.16101,0.837,0.928,
Kepler-1887 b,Kepler-1887,2.92454357,8.88,1.95,0.0,625.0,36.14,19.94750023,0.1421,5749.0,-0.18953,0.864,0.961,0.5
Kepler-1888 b,Kepler-1888,1.32578716,2.32,5.47,0.0,886.0,145.67,11.39169979,0.0956,5557.0,0.37424,1.249,0.897,11.3
Kepler-1889 b,Kepler-1889,2.94360686,8.98,1.93,0.0,493.0,14.0,37.30369949,0.2082,5646.0,0.21977,0.817,0.864,
Kepler-189 b,Kepler-189,1.21,1.92,5.96,0.0,678.0,45.389,10.399931,0.088,5235.0,-0.44774,0.75,0.803,3.98
Kepler-189 c,Kepler-189,2.38,22.7,9.25,0.0,544.0,18.811,20.134866,0.137,5235.0,-0.44774,0.75,0.803,3.98
Kepler-1890 b,Kepler-1890,0.86867375,0.587,4.92,0.0,1328.0,493.0,4.820590019,0.05712,6046.0,0.26655,1.396,1.024,2.65
Kepler-1891 b,Kepler-1891,1.52139156,2.93,4.57,0.0,1017.0,253.28,4.02229023,0.0473,5516.0,-0.23134,0.827,0.873,3.7
Kepler-1892 b,Kepler-1892,1.83707938,4.03,3.57,0.0,822.0,108.04,6.331230164,0.0633,5383.0,-0.30112,0.759,0.851,0.5
Kepler-1893 b,Kepler-1893,1.70557445,3.55,3.93,0.0,1194.0,478.98,4.179369926,0.0504,5633.0,0.15984,1.162,0.973,13.9
Kepler-1894 b,Kepler-1894,1.20117759,1.87,5.93,0.0,1231.0,544.05,2.762660027,0.0385,5772.0,-0.26976,0.901,0.999,0.5
Kepler-1894 c,Kepler-1894,1.21,1.92,5.96,0.0,1007.0,243.06,5.05368985,0.0576,5772.0,-0.26976,0.901,0.999,0.5
Kepler-1895 b,Kepler-1895,2.11934728,5.14,2.97,0.0,789.0,91.45,6.070290089,0.0615,5076.0,-0.22959,0.763,0.86,1.2
Kepler-1896 b,Kepler-1896,3.09935997,9.8,1.81,0.0,536.0,19.5,44.87020111,0.2529,6122.0,0.17382,0.996,1.07,
Kepler-1897 b,Kepler-1897,2.81407954,8.32,2.05,0.0,505.0,15.43,24.22030067,0.1546,5165.0,-0.38987,0.761,0.859,4.2
Kepler-1898 b,Kepler-1898,0.93353523,0.76,5.13,0.0,1167.0,204.6,4.765620232,0.05063,5702.0,-0.23539,1.125,0.837,13.18
Kepler-1899 b,Kepler-1899,1.55098292,3.02,4.45,0.0,851.0,124.3,4.095779896,0.0457,4791.0,-0.67239,0.742,0.759,13.9
Kepler-19 b,Kepler-19,2.209,6.1,3.1,0.41,851.0,87.6,9.28699,0.0846,5541.0,-0.16056,0.859,0.936,1.9
Kepler-19 c,Kepler-19,3.68,13.1,1.44,0.21,,,28.731,0.1765736996,5544.0,-0.16056,0.859,0.936,1.9
Kepler-19 d,Kepler-19,5.06,22.5,0.954,0.05,,,62.95,,5544.0,-0.16056,0.859,0.936,1.9
Kepler-190 b,Kepler-190,1.56,3.05,4.41,0.0,1166.0,417.238,2.019999,0.03,5106.0,-0.44055,0.795,0.834,1.48
Kepler-190 c,Kepler-190,1.46,2.73,4.82,0.0,948.0,181.699,3.763024,0.045,5106.0,-0.44055,0.795,0.834,1.48
Kepler-1900 b,Kepler-1900,1.62314676,3.27,4.2,0.0,1356.0,798.35,2.986229897,0.042,6173.0,0.21994,1.041,1.104,0.4
Kepler-1901 b,Kepler-1901,1.47418907,2.77,4.75,0.0,1132.0,389.41,3.484129906,0.0453,5696.0,-0.00315,0.921,1.022,0.7
Kepler-1902 b,Kepler-1902,1.17563613,1.74,5.88,0.0,601.0,30.84,3.822220087,0.0385,3729.0,-1.11736,0.514,0.52,
Kepler-1903 b,Kepler-1903,2.28642395,5.85,2.69,0.0,769.0,82.56,17.0678997,0.1321,6347.0,0.29209,0.996,1.053,0.23
Kepler-1904 b,Kepler-1904,1.3904994,2.51,5.13,0.0,567.0,24.38,4.577020168,0.0436,3805.0,-1.29761,0.497,0.526,5.83
Kepler-1905 b,Kepler-1905,1.4460734,2.69,4.89,0.0,1212.0,508.75,3.42392993,0.0451,5788.0,-0.02528,1.015,1.038,0.3
Kepler-1906 b,Kepler-1906,2.77615754,8.13,2.09,0.0,901.0,155.72,7.362689972,0.0738,5868.0,0.24215,0.894,0.987,0.5
Kepler-1907 b,Kepler-1907,0.86973029,0.589,4.92,0.0,856.0,75.0,5.652450085,0.05444,5159.0,-0.62479,0.8,0.752,14.0
Kepler-1907 c,Kepler-1907,1.15547044,1.63,5.81,0.0,620.0,20.6,14.86390018,0.10371,5159.0,-0.62479,0.8,0.752,14.0
Kepler-1909 b,Kepler-1909,1.09217411,1.33,5.61,0.0,1031.0,266.01,2.391609907,0.0306,4935.0,-0.57623,0.685,0.663,13.9
Kepler-191 b,Kepler-191,1.34,2.36,5.39,0.0,722.0,50.2,9.939632,0.087,5282.0,-0.4145,0.789,0.857,1.0
Kepler-191 c,Kepler-191,1.86,4.12,3.52,0.0,596.0,23.2,17.738506,0.128,5282.0,-0.4145,0.789,0.857,1.0
Kepler-191 d,Kepler-191,2.28,5.82,2.7,0.0,857.0,99.6,5.945041017,0.06104,5215.0,-0.4145,0.8,0.84,4.9
Kepler-1910 b,Kepler-1910,1.184,1.78,5.89,0.0,645.0,40.88,5.688769817,0.0536,4234.0,-0.927,0.639,0.636,13.9
Kepler-1911 b,Kepler-1911,1.011,1.01,5.37,0.0,987.0,223.93,5.990799904,0.0636,5721.0,-0.07794,0.972,0.954,
Kepler-1912 b,Kepler-1912,1.35670508,2.41,5.3,0.0,976.0,201.8,6.059219837,0.06489,5734.0,-0.04936,0.962,0.977,2.24
Kepler-1913 b,Kepler-1913,1.51852059,2.92,4.58,0.0,818.0,105.7,14.1960001,0.1209,6214.0,-0.05481,1.076,1.169,
Kepler-1914 b,Kepler-1914,2.9429803,8.97,1.93,0.0,585.0,27.66,30.82789993,0.1954,5982.0,0.07728,0.96,1.047,
Kepler-1915 b,Kepler-1915,3.21798413,10.4,1.71,0.0,809.0,101.05,13.83539963,0.114,6020.0,0.06133,1.057,1.03,
Kepler-1916 b,Kepler-1916,2.61757235,7.35,2.25,0.0,635.0,38.54,31.25429916,0.2053,6246.0,0.21407,1.092,1.18,
Kepler-1917 b,Kepler-1917,1.88971288,4.23,3.44,0.0,675.0,48.99,12.90240002,0.103,5530.0,-0.29551,0.788,0.882,
Kepler-1918 b,Kepler-1918,2.29763023,5.89,2.67,0.0,497.0,14.43,47.0564003,0.2524,5889.0,-0.3081,0.924,0.967,
Kepler-1919 b,Kepler-1919,2.62390658,7.38,2.24,0.0,479.0,12.46,37.88660049,0.2107,5513.0,-0.27362,0.818,0.868,
Kepler-192 b,Kepler-192,2.74,7.95,2.12,0.0,803.0,105.297,9.926746,0.09,5479.0,-0.09429,1.007,1.028,2.95
Kepler-192 c,Kepler-192,2.79,8.2,2.07,0.0,623.0,38.216,21.2234,0.15,5479.0,-0.09429,1.007,1.028,2.95
Kepler-192 d,Kepler-192,1.02,1.04,5.39,0.0,926.0,186.076,6.47027579,0.0686,5487.0,-0.09429,0.94,0.94,6.76
Kepler-1920 b,Kepler-1920,2.95415848,9.03,1.92,0.0,660.0,44.87,30.2541008,0.2043,6277.0,0.10034,1.161,1.239,
Kepler-1921 b,Kepler-1921,2.89459458,8.72,1.98,0.0,967.0,216.2,20.03479958,0.15865,6120.0,0.80624,2.0,1.251,3.39
Kepler-1921 c,Kepler-1921,1.41,2.57,5.04,0.0,1791.0,2436.47,3.15722086,0.0454,6120.0,0.80624,2.0,1.251,3.39
Kepler-1922 b,Kepler-1922,2.29064904,5.86,2.68,0.0,740.0,71.11,13.22259998,0.1077,5931.0,0.15221,0.863,0.953,
Kepler-1923 b,Kepler-1923,1.95958179,4.5,3.29,0.0,553.0,8.63,52.60969925,0.2846,5881.0,0.257,1.294,1.109,
Kepler-1924 b,Kepler-1924,2.65446572,7.53,2.21,0.0,821.0,107.44,15.33170033,0.1216,5726.0,0.45229,1.285,1.018,
Kepler-1925 b,Kepler-1925,3.00177922,9.28,1.89,0.0,531.0,18.74,46.71640015,0.2588,5856.0,0.36494,1.092,1.057,
Kepler-1926 b,Kepler-1926,2.31495961,5.97,2.64,0.0,451.0,9.8,42.87770081,0.2197,5256.0,-0.64728,0.832,0.768,
Kepler-1927 b,Kepler-1927,3.40627075,11.5,1.6,0.0,677.0,34.7,73.75039673,0.38733,6056.0,0.77402,2.481,1.408,2.88
Kepler-1928 b,Kepler-1928,1.992,4.63,3.22,0.43,621.0,37.8,19.57783,0.194,5720.0,-0.09151,0.92,1.01,0.105
Kepler-1929 b,Kepler-1929,3.07250761,9.65,1.83,0.0,566.0,37.2,59.36249924,0.30883,5786.0,0.5928,1.471,1.006,6.92
Kepler-193 b,Kepler-193,2.39,6.3,2.54,0.0,979.0,117.303,11.38848,0.106,6335.0,0.09956,1.147,1.051,0.3
Kepler-193 c,Kepler-193,2.75,8.0,2.11,0.0,595.0,16.026,50.697494,0.286,6335.0,0.09956,1.147,1.051,0.3
Kepler-1930 b,Kepler-1930,1.52955541,2.95,4.53,0.0,643.0,31.6,13.02680016,0.10233,5083.0,-0.50545,0.844,0.844,0.62
Kepler-1931 b,Kepler-1931,2.65323514,7.53,2.22,0.0,619.0,51.7,38.5760994,0.23329,6167.0,0.4741,1.221,1.174,4.57
Kepler-1932 b,Kepler-1932,1.51482218,2.91,4.6,0.0,1891.0,2799.9,0.524177015,0.0123,5278.0,-0.35191,0.815,0.911,1.45
Kepler-1933 b,Kepler-1933,1.17984089,1.76,5.89,0.0,1058.0,250.5,4.943290234,0.05605,5661.0,-0.11595,1.008,0.964,1.86
Kepler-1934 b,Kepler-1934,0.91307734,0.702,5.07,0.0,1700.0,1835.6,1.419759989,0.02466,5925.0,0.1085,1.035,0.968,3.16
Kepler-1935 b,Kepler-1935,2.50271696,6.82,2.39,0.0,1083.0,324.78,3.951400042,0.0463,5570.0,0.16401,0.899,0.845,
Kepler-1936 b,Kepler-1936,3.16615594,10.2,1.77,0.0,524.0,9.4,126.5569992,0.52662,6501.0,0.45627,1.854,1.419,2.57
Kepler-1937 b,Kepler-1937,3.0229133,9.39,1.87,0.0,1014.0,163.1,9.688599586,0.0915,6457.0,0.20922,1.196,1.19,2.45
Kepler-1938 b,Kepler-1938,1.82828927,4.0,3.6,0.0,527.0,18.25,13.06260014,0.0938,4522.0,-0.64954,0.655,0.646,
Kepler-1939 b,Kepler-1939,1.16480773,1.68,5.84,0.0,816.0,104.74,2.790659904,0.0334,4353.0,-0.80789,0.603,0.648,
Kepler-194 b,Kepler-194,1.51,2.89,4.61,0.0,1648.0,953.173,2.092281,0.032,6089.0,0.0427,1.025,0.94,2.5
Kepler-194 c,Kepler-194,2.59,7.22,2.28,0.0,815.0,56.955,17.308032,0.131,6089.0,0.0427,1.025,0.94,2.5
Kepler-194 d,Kepler-194,2.4,6.35,2.52,0.0,562.0,12.863,52.814973,0.275,6089.0,0.0427,1.025,0.94,2.5
Kepler-1940 b,Kepler-1940,1.54732469,3.01,4.46,0.0,885.0,145.23,4.950610161,0.0525,5431.0,-0.37735,0.717,0.802,
Kepler-1941 b,Kepler-1941,2.64976949,7.51,2.22,0.0,666.0,46.53,31.33510017,0.2054,6404.0,0.43611,1.142,1.175,
Kepler-1942 b,Kepler-1942,2.1170287,5.13,2.97,0.0,1012.0,247.34,4.626049995,0.0516,5834.0,-0.07518,0.797,0.852,
Kepler-1943 b,Kepler-1943,1.54869189,3.02,4.47,0.0,1098.0,724.2,4.850180149,0.05975,6032.0,0.44535,0.973,1.055,5.25
Kepler-1944 b,Kepler-1944,2.75971163,8.05,2.1,0.0,801.0,97.62,9.842579842,0.0918,5585.0,-0.08284,0.972,1.064,
Kepler-1945 b,Kepler-1945,1.289,2.21,5.67,0.0,808.0,100.72,6.080039978,0.0597,4991.0,-0.441,0.804,0.767,
Kepler-1946 b,Kepler-1946,2.48812698,6.75,2.41,0.0,1143.0,403.53,3.035190105,0.0394,5505.0,-0.27885,0.873,0.887,
Kepler-1947 b,Kepler-1947,1.0101666,1.01,5.38,0.0,1298.0,229.4,6.963630199,0.07375,6040.0,0.11057,1.686,0.984,0.98
Kepler-1948 b,Kepler-1948,1.03283226,1.09,5.44,0.0,399.0,5.98,15.57129955,0.1022,3872.0,-0.8617,0.557,0.585,
Kepler-1949 b,Kepler-1949,2.21964541,5.56,2.79,0.0,1709.0,2016.25,2.208280087,0.0352,6028.0,0.7131,1.454,1.194,
Kepler-195 b,Kepler-195,2.03,4.78,3.14,0.0,751.0,74.148,8.307872,0.077,5329.0,-0.36708,0.775,0.867,2.19
Kepler-195 c,Kepler-195,1.55,3.02,4.46,0.0,469.0,11.281,34.096863,0.197,5329.0,-0.36708,0.775,0.867,2.19
Kepler-1950 b,Kepler-1950,1.52696349,2.95,4.55,0.0,752.0,75.83,10.77690029,0.0871,5455.0,-0.22345,0.852,0.759,
Kepler-1951 b,Kepler-1951,2.32107188,6.0,2.64,0.0,728.0,66.27,20.65780067,0.1435,5468.0,0.50112,1.306,0.923,
Kepler-1952 b,Kepler-1952,1.23923346,2.07,5.98,0.0,725.0,65.27,27.21080017,0.1724,5973.0,0.291,1.305,0.922,
Kepler-1953 b,Kepler-1953,1.28574667,2.2,5.69,0.0,731.0,67.62,6.245659828,0.0607,4858.0,-0.62962,0.707,0.786,
Kepler-1954 b,Kepler-1954,1.80235934,3.9,3.66,0.0,949.0,192.09,5.883430004,0.0625,5840.0,0.04503,0.849,0.942,
Kepler-1955 b,Kepler-1955,1.16654878,1.69,5.85,0.0,853.0,114.3,14.26519966,0.11959,5825.0,0.22965,1.291,1.049,4.37
Kepler-1956 b,Kepler-1956,1.08940238,1.32,5.61,0.0,674.0,48.82,5.943719864,0.0563,4391.0,-1.04512,0.682,0.671,
Kepler-1957 b,Kepler-1957,0.94374867,0.79,5.16,0.0,1099.0,345.07,2.186619997,0.0299,4904.0,-0.60069,0.772,0.745,
Kepler-1958 b,Kepler-1958,2.05124311,4.86,3.09,0.0,806.0,99.6,9.328619957,0.0856,5749.0,-0.00092,0.864,0.961,
Kepler-1959 b,Kepler-1959,1.14315727,1.57,5.78,0.0,811.0,102.25,6.38669014,0.0617,5071.0,-0.47365,0.811,0.768,
Kepler-196 b,Kepler-196,1.9,4.27,3.42,0.0,536.0,20.735,20.739886,0.138,5128.0,-0.39257,0.782,0.839,3.09
Kepler-196 c,Kepler-196,2.24,5.65,2.76,0.0,407.0,6.88,47.427737,0.24,5128.0,-0.39257,0.782,0.839,3.09
Kepler-196 d,Kepler-196,2.66065673,7.56,2.21,0.0,297.0,1.8,122.0800018,0.4545,5132.0,-0.39257,0.77,0.805,3.09
Kepler-1960 b,Kepler-1960,1.30749704,2.26,5.56,0.0,1547.0,1352.14,2.297940016,0.0354,6371.0,0.27069,1.072,1.117,
Kepler-1961 b,Kepler-1961,1.6187808,3.25,4.21,0.0,866.0,132.98,5.604710102,0.0588,5401.0,-0.27557,0.777,0.871,
Kepler-1962 b,Kepler-1962,1.21463929,1.95,5.98,0.0,901.0,155.95,7.991459846,0.0783,5700.0,-0.12198,1.006,1.003,
Kepler-1963 b,Kepler-1963,0.74437023,0.337,4.49,0.0,1448.0,612.3,1.962260008,0.02915,5726.0,-0.2592,0.979,0.915,4.07
Kepler-1964 b,Kepler-1964,1.7810587,3.83,3.73,0.0,986.0,223.8,2.440829992,0.0322,4803.0,-0.631,0.698,0.752,
Kepler-1965 b,Kepler-1965,1.35415138,2.4,5.31,0.0,492.0,13.8,41.86869812,0.22971,5852.0,-0.07602,0.837,0.928,4.57
Kepler-1966 b,Kepler-1966,1.10479327,1.39,5.66,0.0,733.0,68.28,8.617429733,0.0763,5009.0,-0.56655,0.84,0.797,
Kepler-1967 b,Kepler-1967,0.73022577,0.315,4.45,0.0,1086.0,57.1,7.281690121,0.06686,4970.0,-0.56664,1.806,0.996,6.92
Kepler-1968 b,Kepler-1968,1.50004034,2.86,4.66,0.0,744.0,72.16,7.281099796,0.0696,5008.0,-0.64972,0.788,0.844,
Kepler-1969 b,Kepler-1969,1.68161001,3.47,4.01,0.0,999.0,235.89,6.647520065,0.0717,6046.0,-0.1809,1.007,1.111,
Kepler-197 b,Kepler-197,1.02,1.04,5.39,0.02,1142.0,431.256,5.599308,0.06,6004.0,0.22187,1.12,0.857,5.37
Kepler-197 c,Kepler-197,1.23,5.3,15.7,0.08,930.0,189.965,10.349695,0.09,6004.0,0.22187,1.12,0.857,5.37
Kepler-197 d,Kepler-197,1.22,1.98,5.99,0.03,810.0,109.091,15.677563,0.119,6004.0,0.22187,1.12,0.857,5.37
Kepler-197 e,Kepler-197,0.91,0.693,5.05,0.38,691.0,57.941,25.209715,0.164,6004.0,0.22187,1.12,0.857,5.37
Kepler-1972 b,Kepler-1972,0.802,2.02,22.2,0.067,1084.0,341.3,7.54425,0.08006,5818.0,0.29447,1.384,1.12,7.4
Kepler-1972 c,Kepler-1972,0.868,2.11,18.4,0.043,1215.0,198.4,11.3295,0.10493,5818.0,0.29447,1.384,1.12,7.4
Kepler-1976 b,Kepler-1976,12.21,,,0.0,1103.0,349.4,4.959319244,0.0565,5712.0,0.04119,1.082,0.976,0.3
Kepler-1977 b,Kepler-1977,1.66,3.39,4.07,0.0,798.0,95.61,4.53702121,0.0486,4805.0,-0.69414,0.688,0.769,1.3
Kepler-1978 b,Kepler-1978,2.67,7.61,2.2,0.0,676.0,49.3,10.84969477,0.0914,5251.0,-0.29793,0.778,0.869,0.6
Kepler-1979 b,Kepler-1979,29.33,,,0.0,683.0,51.32,18.5084526,0.1383,5942.0,-0.09382,0.938,1.028,0.4
Kepler-198 b,Kepler-198,2.82,8.35,2.05,0.0,655.0,44.549,17.790037,0.131,5574.0,-0.1089,0.94,0.995,0.51
Kepler-198 c,Kepler-198,2.47,6.66,2.43,0.0,465.0,11.354,49.567416,0.259,5574.0,-0.1089,0.94,0.995,0.51
Kepler-198 d,Kepler-198,1.53,2.96,4.54,0.0,1562.0,1444.516,1.31184443,0.02342,5636.0,-0.1089,0.93,0.97,3.72
Kepler-1980 b,Kepler-1980,2.21,5.52,2.81,0.0,564.0,23.95,33.0257179,0.2049,5819.0,0.22397,0.99,1.049,
Kepler-1981 b,Kepler-1981,9.23,62.5,0.437,0.0,390.0,5.45,453.54212,1.3292,5874.0,0.24356,3.006,1.519,
Kepler-1982 b,Kepler-1982,0.77,0.381,4.59,0.0,1282.0,638.38,3.82315697,0.0511,6202.0,0.37137,1.122,1.213,2.63
Kepler-1983 b,Kepler-1983,2.33,6.04,2.62,0.0,807.0,100.13,7.32851947,0.0689,5135.0,-0.48076,0.874,0.812,13.7
Kepler-1984 b,Kepler-1984,6.81,37.3,0.649,0.0,675.0,48.82,1.992812339,0.0238,3638.0,-1.55,0.42,0.45,13.8
Kepler-1985 b,Kepler-1985,2.27,5.77,2.71,0.0,1129.0,382.68,3.42064689,0.0426,5370.0,-0.155,0.966,0.877,
Kepler-1986 b,Kepler-1986,1.89,4.23,3.44,0.0,579.0,26.62,19.5489666,0.1307,5549.0,-0.41148,0.732,0.776,
Kepler-1987 b,Kepler-1987,1.23,2.04,6.02,0.0,997.0,233.38,2.345863002,0.0318,4769.0,-0.61631,0.714,0.799,
Kepler-1987 c,Kepler-1987,1.33,2.33,5.44,0.0,860.0,129.44,3.64830183,0.0427,4769.0,-0.61631,0.714,0.799,
Kepler-1987 d,Kepler-1987,2.66,7.56,2.21,0.0,744.0,72.38,5.644914154,0.0571,4769.0,-0.61631,0.714,0.799,
Kepler-1987 e,Kepler-1987,1.92,4.35,3.38,0.0,643.0,40.33,8.74292005,0.0765,4769.0,-0.61631,0.714,0.799,
Kepler-1988 b,Kepler-1988,1.53,2.96,4.54,0.0,1105.0,351.79,11.49500229,0.1038,6033.0,0.582,1.788,1.127,
Kepler-1989 b,Kepler-1989,4.62,19.3,1.08,0.0,904.0,157.97,10.161023528,0.0918,6032.0,0.27935,1.06,0.999,
Kepler-199 b,Kepler-199,3.11,9.85,1.8,0.0,595.0,31.679,23.637604,0.158,5644.0,-0.09685,0.967,0.96,1.45
Kepler-199 c,Kepler-199,3.25,10.6,1.7,0.0,420.0,7.885,67.093408,0.316,5644.0,-0.09685,0.967,0.96,1.45
Kepler-1990 b,Kepler-1990,3.27,10.7,1.68,0.0,1554.0,1372.87,1.73513619,0.0286,5751.0,0.11702,1.071,1.028,2.5
Kepler-1990 c,Kepler-1990,0.98,0.904,5.28,0.0,1170.0,442.08,4.06844957,0.0504,5751.0,0.11702,1.071,1.028,2.5
Kepler-1991 b,Kepler-1991,1.47,2.76,4.77,0.0,760.0,78.79,13.26079792,0.1065,5478.0,-0.1085,1.053,0.914,6.76
Kepler-1991 c,Kepler-1991,2.57,7.13,2.31,0.0,634.0,38.27,22.79020351,0.1528,5478.0,-0.1085,1.053,0.914,6.76
Kepler-1992 b,Kepler-1992,0.91,0.693,5.05,0.0,637.0,38.99,15.6112238,0.1169,5383.0,-0.00858,0.842,0.874,13.49
Kepler-1993 b,Kepler-1993,4.15,16.1,1.24,0.0,903.0,157.45,26.6565737,0.1943,5159.0,0.778,3.062,1.373,4.68
Kepler-1994 b,Kepler-1994,0.51,0.087,3.6,0.0,1032.0,268.27,4.61225043,0.053,5495.0,-0.04165,0.961,0.932,5.01
Kepler-1995 b,Kepler-1995,4.28,16.9,1.18,0.0,375.0,4.66,73.7578875,0.3259,5029.0,-0.55559,0.93,0.847,2.04
Kepler-1996 b,Kepler-1996,2.26,5.73,2.73,0.0,392.0,5.61,32.376183,0.1789,4580.0,-0.65721,0.675,0.748,14.0
Kepler-1996 c,Kepler-1996,2.81,8.3,2.06,0.0,276.0,1.38,92.7297248,0.3608,4580.0,-0.65721,0.675,0.748,14.0
Kepler-1997 b,Kepler-1997,2.28,5.82,2.7,0.0,660.0,44.86,26.7575866,0.1815,6215.0,0.13162,1.052,1.111,
Kepler-1998 b,Kepler-1998,0.6,0.156,3.97,0.0,1187.0,468.31,3.03267135,0.0405,5640.0,-0.0658,0.921,0.962,4.27
Kepler-1999 b,Kepler-1999,3.29,10.8,1.67,0.0,577.0,26.17,8.7396758,0.0713,4406.0,-0.77323,0.628,0.632,
Kepler-20 b,Kepler-20,1.773,9.7,9.4,0.083,1187.0,331.0,3.6961049,0.04565,5495.0,-0.16451,0.9164,0.929,5.6
Kepler-20 c,Kepler-20,2.894,11.1,2.51,0.076,828.0,78.7,10.8540774,0.0936,5495.0,-0.16451,0.9164,0.929,5.6
Kepler-20 d,Kepler-20,2.606,13.4,4.1,0.082,430.0,5.71,77.611455,0.3474,5495.0,-0.16451,0.9164,0.929,5.6
Kepler-20 e,Kepler-20,0.821,0.76,7.5,0.092,1004.0,169.8,6.0984882,0.0637,5495.0,-0.16451,0.9164,0.929,5.6
Kepler-20 f,Kepler-20,0.952,1.4,8.4,0.094,681.0,35.9,19.578328,0.1387,5495.0,-0.16451,0.9164,0.929,5.6
Kepler-20 g,Kepler-20,4.71,19.96,1.05,0.15,524.0,,34.94,0.2055,5495.0,-0.16451,0.9639,0.948,7.6
Kepler-200 b,Kepler-200,2.13,5.18,2.95,0.0,854.0,159.069,8.594805,0.08,5678.0,0.00778,0.944,0.972,6.3
Kepler-200 c,Kepler-200,1.59,3.15,4.31,0.0,806.0,126.361,10.222157,0.09,5678.0,0.00778,0.944,0.972,6.3
Kepler-2000 b,Kepler-2000,2.73,7.9,2.13,0.0,530.0,18.73,6.383159135,0.0562,3757.0,-1.05272,0.576,0.581,6.0
Kepler-2000 c,Kepler-2000,1.57,3.09,4.39,0.0,359.0,3.92,20.6180348,0.1228,3757.0,-1.05272,0.576,0.581,6.0
Kepler-2001 b,Kepler-2001,1.04,1.12,5.47,0.0,1402.0,911.28,1.090011003,0.0197,5081.0,-0.54627,0.77,0.864,4.0
Kepler-2001 c,Kepler-2001,1.82,3.97,3.62,0.0,597.0,30.1,14.092583189,0.1084,5081.0,-0.54627,0.77,0.864,4.0
Kepler-201 b,Kepler-201,2.46,6.62,2.44,0.0,683.0,64.549,25.672083,0.175,6065.0,0.34816,1.229,1.098,4.07
Kepler-201 c,Kepler-201,2.85,8.5,2.02,0.0,378.0,6.033,151.884058,0.573,6065.0,0.34816,1.229,1.098,4.07
Kepler-202 b,Kepler-202,1.63,3.29,4.17,0.0,802.0,108.504,4.069427,0.045,4668.0,-0.63817,0.667,0.683,3.24
Kepler-202 c,Kepler-202,1.85,4.08,3.54,0.0,505.0,17.07,16.282493,0.113,4668.0,-0.63817,0.667,0.683,3.24
Kepler-203 b,Kepler-203,2.57,7.13,2.31,0.0,1308.0,668.215,3.162697,0.043,5821.0,0.0937,1.114,1.06,1.78
Kepler-203 c,Kepler-203,2.47,749.9,273.0,0.0,1096.0,329.788,5.370647,0.061,5821.0,0.0937,1.114,1.06,1.78
Kepler-203 d,Kepler-203,1.44,33.9,62.4,0.0,855.0,121.816,11.32972,0.1,5821.0,0.0937,1.114,1.06,1.78
Kepler-204 b,Kepler-204,2.53,6.94,2.35,0.0,828.0,79.703,14.400974,0.117,5812.0,0.02981,1.238,1.038,1.41
Kepler-204 c,Kepler-204,1.79,3.86,3.7,0.0,683.0,36.886,25.660593,0.173,5812.0,0.02981,1.238,1.038,1.41
Kepler-205 b,Kepler-205,1.51,2.89,4.61,0.0,757.0,102.562,2.75564,0.032,4321.0,-0.95618,0.546,0.592,4.42
Kepler-205 c,Kepler-205,1.64,3.33,4.15,0.0,389.0,7.14,20.306546,0.122,4321.0,-0.95618,0.546,0.592,4.42
Kepler-206 b,Kepler-206,1.2,1.87,5.95,0.0,983.0,192.273,7.781987,0.078,5764.0,0.08357,1.185,0.957,8.32
Kepler-206 c,Kepler-206,1.77,3.78,3.75,0.0,825.0,95.51,13.137471,0.111,5764.0,0.08357,1.185,0.957,8.32
Kepler-206 d,Kepler-206,1.19,1.81,5.9,0.0,681.0,44.17,23.44281,0.163,5764.0,0.08357,1.185,0.957,8.32
Kepler-207 b,Kepler-207,1.57,3.09,4.39,0.0,1930.0,4097.318,1.611865,0.029,5920.0,0.5343,1.588,1.313,3.63
Kepler-207 c,Kepler-207,1.5,2.86,4.66,0.0,1556.0,1742.715,3.071571,0.044,5920.0,0.5343,1.588,1.313,3.63
Kepler-207 d,Kepler-207,3.31,11.0,1.67,0.0,1254.0,732.604,5.868075,0.068,5920.0,0.5343,1.588,1.313,3.63
Kepler-208 b,Kepler-208,1.63,3.29,4.17,0.0,1379.0,639.576,4.22864,0.054,6092.0,0.30912,1.314,1.082,4.68
Kepler-208 c,Kepler-208,1.39,2.51,5.14,0.0,1141.0,300.165,7.466623,0.079,6092.0,0.30912,1.314,1.082,4.68
Kepler-208 d,Kepler-208,1.2,1.87,5.95,0.0,999.0,176.283,11.131786,0.103,6092.0,0.30912,1.314,1.082,4.68
Kepler-208 e,Kepler-208,1.48,2.79,4.73,0.0,880.0,106.345,16.259458,0.132,6092.0,0.30912,1.314,1.082,4.68
Kepler-209 b,Kepler-209,2.26,5.73,2.73,0.0,668.0,48.662,16.087845,0.122,5513.0,-0.12879,0.935,0.971,1.95
Kepler-209 c,Kepler-209,3.1,9.8,1.81,0.0,486.0,13.637,41.749882,0.231,5513.0,-0.12879,0.935,0.971,1.95
Kepler-21 b,Kepler-21,1.639,7.5,9.3,0.0,2015.0,2749.0,2.7858212,0.0434,6305.0,0.715,1.902,1.408,2.84
Kepler-210 b,Kepler-210,2.94,8.96,1.94,0.0,737.0,122.139,2.453234,0.032,4559.0,-0.79874,0.65,0.77,1.78
Kepler-210 c,Kepler-210,3.62,12.8,1.48,0.0,497.0,25.44,7.972513,0.07,4559.0,-0.79874,0.65,0.77,1.78
Kepler-211 b,Kepler-211,1.26,2.13,5.85,0.0,954.0,158.188,4.138575,0.048,5123.0,-0.4133,0.816,0.867,1.55
Kepler-211 c,Kepler-211,1.29,18.3,46.8,0.0,841.0,95.436,6.04045,0.062,5123.0,-0.4133,0.816,0.867,1.55
Kepler-212 b,Kepler-212,1.09,1.32,5.6,0.0,830.0,133.866,16.257582,0.133,5852.0,0.38347,1.455,1.166,5.13
Kepler-212 c,Kepler-212,2.74,7.95,2.12,0.0,664.0,54.662,31.805174,0.207,5852.0,0.38347,1.455,1.166,5.13
Kepler-213 b,Kepler-213,1.62,3.26,4.21,0.0,1326.0,833.469,2.46236,0.036,5696.0,0.082,1.195,1.07,1.62
Kepler-213 c,Kepler-213,2.34,6.08,2.61,0.0,1060.0,339.536,4.822962,0.057,5696.0,0.082,1.195,1.07,1.62
Kepler-214 b,Kepler-214,2.61,7.32,2.26,0.0,758.0,196.402,15.660544,0.13,6169.0,0.5108,1.352,1.11,1.58
Kepler-214 c,Kepler-214,2.13,5.18,2.95,0.0,619.0,87.244,28.7798,0.194,6169.0,0.5108,1.352,1.11,1.58
Kepler-215 b,Kepler-215,1.62,3.26,4.21,0.0,784.0,105.073,9.360672,0.084,5739.0,-0.1172,1.027,0.788,1.62
Kepler-215 c,Kepler-215,1.77,3.78,3.75,0.0,675.0,57.694,14.667108,0.113,5739.0,-0.1172,1.027,0.788,1.62
Kepler-215 d,Kepler-215,2.39,23.6,9.5,0.0,527.0,21.404,30.864423,0.185,5739.0,-0.1172,1.027,0.788,1.62
Kepler-215 e,Kepler-215,1.75,3.71,3.8,0.0,405.0,7.444,68.16101,0.314,5739.0,-0.1172,1.027,0.788,1.62
Kepler-216 b,Kepler-216,2.35,6.12,2.59,0.0,1069.0,540.034,7.693641,0.079,6091.0,0.51836,1.26,1.126,0.28
Kepler-216 c,Kepler-216,3.04,9.48,1.85,0.0,814.0,182.057,17.406669,0.136,6091.0,0.51836,1.26,1.126,0.28
Kepler-217 b,Kepler-217,2.23,5.6,2.77,0.0,1413.0,1366.477,5.374943,0.065,6171.0,0.75356,1.799,1.342,2.4
Kepler-217 c,Kepler-217,1.85,4.08,3.54,0.0,1208.0,730.808,8.586004,0.089,6171.0,0.75356,1.799,1.342,2.4
Kepler-217 d,Kepler-217,1.32,2.3,5.5,0.0,1574.0,2099.752,3.88689525,0.0534,6341.0,0.75356,1.76,1.37,2.63
Kepler-218 b,Kepler-218,1.48,2.79,4.73,0.0,1156.0,460.656,3.619337,0.046,5502.0,0.00935,1.063,1.019,3.02
Kepler-218 c,Kepler-218,3.14,10.0,1.77,0.0,500.0,16.147,44.699576,0.248,5502.0,0.00935,1.063,1.019,3.02
Kepler-218 d,Kepler-218,2.66,7.56,2.21,0.0,356.0,4.118,124.5244647,0.49884,5542.0,0.00935,1.02,1.01,5.62
Kepler-219 b,Kepler-219,2.95,9.01,1.93,0.0,1307.0,456.732,4.585512,0.057,5786.0,0.2139,1.491,1.164,4.0
Kepler-219 c,Kepler-219,3.58,12.5,1.5,0.0,766.0,54.105,22.714613,0.165,5786.0,0.2139,1.491,1.164,4.0
Kepler-219 d,Kepler-219,2.81,19.1,4.73,0.0,598.0,20.01,47.903645,0.272,5786.0,0.2139,1.491,1.164,4.0
Kepler-22 b,Kepler-22,2.1,9.1,5.2,0.72,279.0,1.013,289.863876,0.812,5596.0,-0.19024,0.869,0.857,7.0
Kepler-220 b,Kepler-220,0.81,0.457,4.73,0.0,759.0,105.001,4.159807,0.046,4632.0,-0.67594,0.666,0.729,6.0
Kepler-220 c,Kepler-220,1.57,3.09,4.39,0.0,586.0,37.321,9.034199,0.076,4632.0,-0.67594,0.666,0.729,6.0
Kepler-220 d,Kepler-220,0.98,0.904,5.28,0.0,401.0,8.208,28.122397,0.163,4632.0,-0.67594,0.666,0.729,6.0
Kepler-220 e,Kepler-220,1.33,2.33,5.44,0.0,341.0,4.274,45.902733,0.226,4632.0,-0.67594,0.666,0.729,6.0
Kepler-221 b,Kepler-221,1.71,5.95575,0.19,0.0,1090.0,308.885,2.795906,0.037,5243.0,-0.40429,0.821,0.854,1.78
Kepler-221 c,Kepler-221,2.93,9.3,1.94,0.0,860.0,119.836,5.690586,0.059,5243.0,-0.40429,0.821,0.854,1.78
Kepler-221 d,Kepler-221,2.73,3.61,0.9,0.0,712.0,56.293,10.04156,0.087,5243.0,-0.40429,0.821,0.854,1.78
Kepler-221 e,Kepler-221,2.63,7.86706,0.57,0.0,582.0,25.156,18.369917,0.13,5243.0,-0.40429,0.821,0.854,1.78
Kepler-222 b,Kepler-222,3.16,10.1,1.76,0.0,1004.0,206.769,3.936981,0.048,5433.0,-0.33784,0.869,0.933,1.17
Kepler-222 c,Kepler-222,4.64,19.4,1.07,0.0,734.0,59.076,10.08881,0.091,5433.0,-0.33784,0.869,0.933,1.17
Kepler-222 d,Kepler-222,3.69,13.2,1.44,0.0,522.0,15.087,28.081912,0.18,5433.0,-0.33784,0.869,0.933,1.17
Kepler-223 b,Kepler-223,2.99,7.4,1.54,0.078,1042.0,444.053,7.38449,0.07525,5803.0,0.37128,1.72,1.125,8.91
Kepler-223 c,Kepler-223,3.44,5.1,0.71,0.15,947.0,302.474,9.84564,0.09117,5803.0,0.37128,1.72,1.125,8.91
Kepler-223 d,Kepler-223,5.24,8.0,0.31,0.037,827.0,175.951,14.78869,0.11956,5803.0,0.37128,1.72,1.125,8.91
Kepler-223 e,Kepler-223,4.6,4.8,0.28,0.051,751.0,119.882,19.72567,0.14481,5803.0,0.37128,1.72,1.125,8.91
Kepler-224 b,Kepler-224,1.39,2.51,5.14,0.0,937.0,201.489,3.132924,0.038,5018.0,-0.51445,0.676,0.777,2.29
Kepler-224 c,Kepler-224,3.12,9.91,1.79,0.0,758.0,86.332,5.925003,0.058,5018.0,-0.51445,0.676,0.777,2.29
Kepler-224 d,Kepler-224,2.3,5.9,2.66,0.0,610.0,36.293,11.349393,0.089,5018.0,-0.51445,0.676,0.777,2.29
Kepler-224 e,Kepler-224,1.97,4.54,3.26,0.0,517.0,18.732,18.643577,0.124,5018.0,-0.51445,0.676,0.777,2.29
Kepler-225 b,Kepler-225,1.2,1.87,5.95,0.0,579.0,38.883,6.738975,0.056,3682.0,-0.99568,0.48,0.593,2.88
Kepler-225 c,Kepler-225,1.84,4.04,3.56,0.0,412.0,9.903,18.794234,0.111,3682.0,-0.99568,0.48,0.593,2.88
Kepler-226 b,Kepler-226,1.55,24.0,35.4,0.0,1018.0,270.402,3.940997,0.047,5571.0,-0.23921,0.802,0.904,4.17
Kepler-226 c,Kepler-226,2.27,45.2,21.2,0.0,919.0,180.513,5.349555,0.058,5571.0,-0.23921,0.802,0.904,4.17
Kepler-226 d,Kepler-226,1.22,1.98,5.99,0.0,800.0,103.645,8.109044,0.076,5571.0,-0.23921,0.802,0.904,4.17
Kepler-227 b,Kepler-227,3.11,9.85,1.8,0.0,793.0,104.641,9.488015,0.09,5854.0,-0.12113,1.091,0.954,3.98
Kepler-227 c,Kepler-227,3.04,9.48,1.85,0.0,443.0,10.186,54.418694,0.29,5854.0,-0.12113,1.091,0.954,3.98
Kepler-228 b,Kepler-228,1.53,2.96,4.54,0.0,1360.0,863.776,2.566546,0.038,6043.0,0.11115,1.014,1.006,6.76
Kepler-228 c,Kepler-228,2.7,7.75,2.16,0.0,1160.0,457.318,4.134444,0.052,6043.0,0.11115,1.014,1.006,6.76
Kepler-228 d,Kepler-228,4.04,15.4,1.28,0.0,835.0,122.778,11.094286,0.101,6043.0,0.11115,1.014,1.006,6.76
Kepler-229 b,Kepler-229,2.2,5.48,2.83,0.0,823.0,76.217,6.252972,0.062,5120.0,-0.53795,0.728,0.808,2.04
Kepler-229 c,Kepler-229,4.92,21.5,0.992,0.0,600.0,21.637,16.068638,0.117,5120.0,-0.53795,0.728,0.808,2.04
Kepler-229 d,Kepler-229,3.85,14.2,1.37,0.0,439.0,6.162,41.194912,0.22,5120.0,-0.53795,0.728,0.808,2.04
Kepler-23 b,Kepler-23,1.638,2.56,3.18687,0.017,1157.0,446.107,7.1,0.07212,5828.0,0.39783,1.548,1.078,9.12
Kepler-23 c,Kepler-23,3.005,7.81,1.576894,0.021,1008.0,257.39,10.74,0.09501,5828.0,0.39783,1.548,1.078,9.12
Kepler-23 d,Kepler-23,2.206,4.44,2.260583,0.01,896.0,161.038,15.27,0.12012,5828.0,0.39783,1.548,1.078,9.12
Kepler-230 b,Kepler-230,4.26,16.8,1.19,0.0,506.0,11.816,32.625555,0.191,5588.0,-0.36784,0.817,0.784,1.8
Kepler-230 c,Kepler-230,2.04,4.82,3.12,0.0,359.0,2.976,91.773242,0.38,5588.0,-0.36784,0.817,0.784,1.8
Kepler-231 b,Kepler-231,1.73,35.4,13.8,0.0,488.0,14.879,10.065275,0.074,3767.0,-1.03621,0.49,0.58,3.15
Kepler-231 c,Kepler-231,1.93,24.1,0.97,0.0,393.0,6.267,19.271566,0.114,3767.0,-1.03621,0.49,0.58,3.15
Kepler-232 b,Kepler-232,3.08,9.69,1.82,0.0,1104.0,410.583,4.431222,0.054,5847.0,0.05183,0.968,0.97,1.4
Kepler-232 c,Kepler-232,3.83,14.0,1.37,0.0,806.0,116.524,11.379349,0.101,5847.0,0.05183,0.968,0.97,1.4
Kepler-233 b,Kepler-233,2.43,6.48,2.48,0.0,751.0,85.131,8.472382,0.077,5360.0,-0.32754,0.758,0.855,0.6
Kepler-233 c,Kepler-233,2.71,7.8,2.15,0.0,390.0,6.195,60.418955,0.287,5360.0,-0.32754,0.758,0.855,0.6
Kepler-234 b,Kepler-234,3.7,13.2,1.43,0.0,1420.0,1007.716,2.711506,0.04,6224.0,0.23955,1.113,1.129,2.88
Kepler-234 c,Kepler-234,3.51,12.1,1.54,0.0,1025.0,273.304,7.21205,0.077,6224.0,0.23955,1.113,1.129,2.88
Kepler-235 b,Kepler-235,2.23,5.6,2.77,0.0,731.0,44.0,3.340222,0.037,4255.0,-1.10237,0.554,0.581,6.0
Kepler-235 c,Kepler-235,1.28,2.18,5.71,0.0,555.0,14.2,7.824904,0.065,4255.0,-1.10237,0.554,0.581,6.0
Kepler-235 d,Kepler-235,2.05,4.86,3.1,0.0,401.0,4.03,20.060548,0.122,4255.0,-1.10237,0.554,0.581,6.0
Kepler-235 e,Kepler-235,2.22,5.56,2.79,0.0,306.0,1.33,46.183669,0.213,4255.0,-1.10237,0.554,0.581,6.0
Kepler-236 b,Kepler-236,1.57,3.09,4.39,0.0,469.0,15.632,8.295611,0.065,3750.0,-1.22915,0.51,0.596005,0.91
Kepler-236 c,Kepler-236,2.0,4.66,3.2,0.0,329.0,3.802,23.968127,0.132,3750.0,-1.22915,0.51,0.596005,0.91
Kepler-237 b,Kepler-237,1.41,2.57,5.04,0.0,823.0,124.961,4.715106,0.05,4861.0,-0.47742,0.725,0.696,3.02
Kepler-237 c,Kepler-237,2.08,4.98,3.04,0.0,687.0,60.642,8.103636,0.071,4861.0,-0.47742,0.725,0.696,3.02
Kepler-238 b,Kepler-238,1.73,3305.02,526.0,0.0,1642.0,2500.588,2.090876,0.034,5751.0,0.43048,1.43,1.229,4.79
Kepler-238 c,Kepler-238,2.39,152.522,3.2,0.0,1146.0,592.298,6.155557,0.069,5751.0,0.43048,1.43,1.229,4.79
Kepler-238 d,Kepler-238,3.07,23.1,2.95,0.0,888.0,213.48,13.233549,0.115,5751.0,0.43048,1.43,1.229,4.79
Kepler-238 e,Kepler-238,5.6,169.7,0.54,0.0,731.0,98.461,23.654,0.17286,5800.0,0.43048,0.96,1.06,4.79
Kepler-238 f,Kepler-238,2.0,13.5,1.7,0.0,568.0,35.869,50.447,0.28635,5800.0,0.43048,0.96,1.06,4.79
Kepler-239 b,Kepler-239,2.33,6.04,2.62,0.0,616.0,34.746,11.763051,0.095,4914.0,-0.47489,0.763,0.757,3.31
Kepler-239 c,Kepler-239,2.51,6.85,2.38,0.0,366.0,4.315,56.228098,0.268,4914.0,-0.47489,0.763,0.757,3.31
Kepler-24 b,Kepler-24,2.348,11.14,4.686574,0.023,1050.0,252.246,8.14,0.08045,6028.0,0.064,1.099,1.06,3.02
Kepler-24 c,Kepler-24,2.514,9.99,3.418442,0.014,915.0,144.827,12.33,0.10612,6028.0,0.064,1.099,1.06,3.02
Kepler-24 d,Kepler-24,1.67,293.959,152.0,0.0,1305.0,601.895,4.244384,0.051,5897.0,0.064,1.289,1.046,3.02
Kepler-24 e,Kepler-24,2.78,26.2118,0.31,0.0,792.0,81.506,18.998355,0.138,5897.0,0.064,1.289,1.046,3.02
Kepler-240 b,Kepler-240,1.37,2.45,5.24,0.0,864.0,142.736,4.144495,0.048,4985.0,-0.52355,0.739,0.868,1.91
Kepler-240 c,Kepler-240,2.2,102.3,52.8,0.0,696.0,59.838,7.953528,0.074,4985.0,-0.52355,0.739,0.868,1.91
Kepler-241 b,Kepler-241,2.33,6.04,2.62,0.0,562.0,23.6,12.718092,0.094,4699.0,-0.60729,0.668,0.671,13.9
Kepler-241 c,Kepler-241,2.57,7.13,2.31,0.0,397.0,5.88,36.065978,0.189,4699.0,-0.60729,0.668,0.671,13.9
Kepler-242 b,Kepler-242,2.61,7.32,2.26,0.0,742.0,43.768,8.20395,0.075,5020.0,-0.61267,0.85,0.748,2.69
Kepler-242 c,Kepler-242,2.0,4.66,3.2,0.0,613.0,20.498,14.496481,0.109,5020.0,-0.61267,0.85,0.748,2.69
Kepler-243 b,Kepler-243,2.45,6.57,2.45,0.0,850.0,115.505,5.715442,0.062,5228.0,-0.37337,0.842,0.904,1.86
Kepler-243 c,Kepler-243,1.99,4.62,3.22,0.0,559.0,21.72,20.026218,0.142,5228.0,-0.37337,0.842,0.904,1.86
Kepler-244 b,Kepler-244,2.76,8.05,2.1,0.0,1038.0,242.471,4.311792,0.05,5554.0,-0.25619,0.803,0.933,2.4
Kepler-244 c,Kepler-244,2.05,4.86,3.1,0.0,791.0,81.574,9.767292,0.087,5554.0,-0.25619,0.803,0.933,2.4
Kepler-244 d,Kepler-244,2.31,15.2,6.78,0.0,622.0,31.267,20.050401,0.14,5554.0,-0.25619,0.803,0.933,2.4
Kepler-245 b,Kepler-245,2.57,146.78,0.12,0.0,753.0,77.749,7.49019,0.071,5100.0,-0.39579,0.795,0.856,3.63
Kepler-245 c,Kepler-245,2.18,26.7,9.4,0.0,568.0,25.152,17.460812,0.124,5100.0,-0.39579,0.795,0.856,3.63
Kepler-245 d,Kepler-245,3.03,21.6,0.0111,0.0,445.0,9.492,36.277108,0.202,5100.0,-0.39579,0.795,0.856,3.63
Kepler-245 e,Kepler-245,1.75,1806.36,902.0,0.0,998.0,240.151,3.219821056,0.04053,5174.0,-0.39579,0.8,0.86,3.63
Kepler-246 b,Kepler-246,2.34,6.08,2.61,0.0,896.0,141.613,4.60182,0.052,5206.0,-0.41338,0.831,0.853,1.26
Kepler-246 c,Kepler-246,1.5,2.86,4.66,0.0,667.0,43.208,11.187161,0.095,5206.0,-0.41338,0.831,0.853,1.26
Kepler-247 b,Kepler-247,1.64,3.33,4.15,0.0,970.0,216.111,3.33616,0.042,5100.0,-0.42165,0.768,0.887,2.14
Kepler-247 c,Kepler-247,4.09,15.7,1.26,0.0,686.0,53.899,9.439452,0.084,5100.0,-0.42165,0.768,0.887,2.14
Kepler-247 d,Kepler-247,3.94,14.7,1.32,0.0,530.0,19.21,20.477912,0.14,5100.0,-0.42165,0.768,0.887,2.14
Kepler-248 b,Kepler-248,3.02,9.38,1.87,0.0,819.0,79.311,6.308205,0.066,5190.0,-0.41834,0.831,0.838,2.34
Kepler-248 c,Kepler-248,4.07,15.6,1.27,0.0,598.0,22.459,16.239494,0.123,5190.0,-0.41834,0.831,0.838,2.34
Kepler-249 b,Kepler-249,1.09,1.32,5.6,0.0,554.0,24.26,3.306539,0.035,3568.0,-1.49485,0.482,0.510238,3.86
Kepler-249 c,Kepler-249,1.51,2.89,4.61,0.0,429.0,12.529,7.113702,0.058,3568.0,-1.49485,0.482,0.510238,3.86
Kepler-249 d,Kepler-249,1.57,3.09,4.39,0.0,332.0,4.474,15.368459,0.097,3568.0,-1.49485,0.482,0.510238,3.86
Kepler-25 b,Kepler-25,2.748,8.7,2.32,0.0029,1185.0,542.96,6.238297,0.0695,6354.0,0.4216,1.316,1.165,2.75
Kepler-25 c,Kepler-25,5.217,15.2,0.588,0.0061,934.0,210.172,12.7207,0.1117,6354.0,0.4216,1.316,1.165,2.75
Kepler-25 d,Kepler-25,10.0,71.9,0.395,0.13,,,122.4,0.4164221832,6354.0,0.4216,1.316,1.165,2.75
Kepler-250 b,Kepler-250,1.13,1.51,5.75,0.0,938.0,148.103,4.148141,0.048,5160.0,-0.45709,0.805,0.806,13.2
Kepler-250 c,Kepler-250,2.28,5.82,2.7,0.0,782.0,71.499,7.156804,0.069,5160.0,-0.45709,0.805,0.806,13.2
Kepler-250 d,Kepler-250,2.18,5.39,2.86,0.0,579.0,21.463,17.648312,0.127,5160.0,-0.45709,0.805,0.806,13.2
Kepler-251 b,Kepler-251,1.33,2.33,5.44,0.0,990.0,203.169,4.790936,0.053,5526.0,-0.17197,0.89,0.891,2.0
Kepler-251 c,Kepler-251,2.77,8.1,2.09,0.0,655.0,38.953,16.514043,0.122,5526.0,-0.17197,0.89,0.891,2.0
Kepler-251 d,Kepler-251,2.77,8.1,2.09,0.0,536.0,17.477,30.133001,0.182,5526.0,-0.17197,0.89,0.891,2.0
Kepler-251 e,Kepler-251,2.77,8.1,2.09,0.0,360.0,3.548,99.640161,0.404,5526.0,-0.17197,0.89,0.891,2.0
Kepler-252 b,Kepler-252,1.23,2.04,6.02,0.0,587.0,39.264,6.668391,0.058,4208.0,-0.78566,0.549,0.61,13.9
Kepler-252 c,Kepler-252,2.15,5.27,2.91,0.0,499.0,20.507,10.848463,0.08,4208.0,-0.78566,0.549,0.61,13.9
Kepler-253 b,Kepler-253,1.63,3.29,4.17,0.0,949.0,194.346,3.783986,0.046,5208.0,-0.38741,0.786,0.86,3.72
Kepler-253 c,Kepler-253,2.65,7.51,2.22,0.0,680.0,51.273,10.281951,0.089,5208.0,-0.38741,0.786,0.86,3.72
Kepler-253 d,Kepler-253,3.17,10.2,1.76,0.0,563.0,24.084,18.119869,0.13,5208.0,-0.38741,0.786,0.86,3.72
Kepler-254 b,Kepler-254,3.87,14.3,1.36,0.0,1013.0,184.341,5.826662,0.064,5957.0,-0.12491,0.91,0.849,0.3
Kepler-254 c,Kepler-254,2.15,3.2,1.77,0.0,787.0,67.225,12.412183,0.105,5957.0,-0.12491,0.91,0.849,0.3
Kepler-254 d,Kepler-254,2.5,6.8,2.39,0.0,686.0,38.844,18.746477,0.139,5957.0,-0.12491,0.91,0.849,0.3
Kepler-255 b,Kepler-255,1.55,3.02,4.46,0.0,971.0,174.395,5.714606,0.063,5573.0,-0.18311,0.933,0.867,2.4
Kepler-255 c,Kepler-255,2.99,9.22,1.9,0.0,807.0,83.264,9.946047,0.092,5573.0,-0.18311,0.933,0.867,2.4
Kepler-255 d,Kepler-255,1.32,2.3,5.5,0.0,1710.0,1686.09,1.045622658,0.0192,5431.0,-0.18311,0.86,0.9,4.37
Kepler-256 b,Kepler-256,1.59,3.15,4.31,0.0,1681.0,1225.934,1.620493,0.027,5551.0,-0.0591,1.301,1.037,1.82
Kepler-256 c,Kepler-256,2.15,5.27,2.91,0.0,1315.0,457.066,3.38802,0.045,5551.0,-0.0591,1.301,1.037,1.82
Kepler-256 d,Kepler-256,2.48,6.71,2.42,0.0,1097.0,221.1,5.839172,0.064,5551.0,-0.0591,1.301,1.037,1.82
Kepler-256 e,Kepler-256,2.35,6.12,2.59,0.0,897.0,98.9,10.681572,0.096,5551.0,-0.0591,1.301,1.037,1.82
Kepler-257 b,Kepler-257,2.61,7.32,2.26,0.0,1237.0,343.6,2.382667,0.034,5180.0,-0.37756,1.037,0.916,1.48
Kepler-257 c,Kepler-257,5.41,25.2,0.875,0.0,881.0,88.6,6.581484,0.066,5180.0,-0.37756,1.037,0.916,1.48
Kepler-257 d,Kepler-257,4.95,21.7,0.983,0.0,567.0,15.2,24.664551,0.16,5180.0,-0.37756,1.037,0.916,1.48
Kepler-258 b,Kepler-258,4.06,15.5,1.27,0.0,642.0,27.791,13.19722,0.103,4942.0,-0.57541,0.915,0.82,13.7
Kepler-258 c,Kepler-258,3.61,12.7,1.48,0.0,470.0,7.985,33.653079,0.193,4942.0,-0.57541,0.915,0.82,13.7
Kepler-259 b,Kepler-259,2.8,8.25,2.07,0.0,879.0,113.451,8.115317,0.079,5938.0,-0.15271,0.898,0.867,0.4
Kepler-259 c,Kepler-259,2.7,7.75,2.16,0.0,530.0,15.054,36.924931,0.217,5938.0,-0.15271,0.898,0.867,0.4
Kepler-26 b,Kepler-26,2.78,5.12,1.26,0.021,431.0,7.6,12.28,0.08551,3914.0,-1.06048,0.512,0.544,2.95
Kepler-26 c,Kepler-26,2.72,6.2,1.61,0.013,385.0,4.82,17.2559,0.10725,3914.0,-1.06048,0.512,0.544,2.95
Kepler-26 d,Kepler-26,1.07,1.24,5.56,0.0,652.0,31.79,3.543919,0.039,4486.0,-1.06048,0.571,0.593,2.95
Kepler-26 e,Kepler-26,2.41,6.39,2.51,0.0,276.0,1.753,46.827915,0.22,4486.0,-1.06048,0.571,0.593,2.95
Kepler-260 b,Kepler-260,2.01,4.7,3.18,0.0,782.0,132.134,8.187399,0.075,5250.0,-0.09198,0.862,1.013,1.15
Kepler-260 c,Kepler-260,1.74,3.68,3.84,0.0,372.0,6.775,76.050178,0.332,5250.0,-0.09198,0.862,1.013,1.15
Kepler-261 b,Kepler-261,2.18,5.39,2.86,0.0,672.0,45.779,10.381227,0.088,5098.0,-0.471,0.794,0.834,0.87
Kepler-261 c,Kepler-261,2.0,4.66,3.2,0.0,505.0,14.512,24.570858,0.156,5098.0,-0.471,0.794,0.834,0.87
Kepler-262 b,Kepler-262,1.36,2.42,5.29,0.0,734.0,50.169,13.060855,0.108,5841.0,-0.13988,0.881,0.816,3.55
Kepler-262 c,Kepler-262,1.64,3.33,4.15,0.0,618.0,25.26,21.853722,0.152,5841.0,-0.13988,0.881,0.816,3.55
Kepler-263 b,Kepler-263,2.67,7.61,2.2,0.0,548.0,24.308,16.568087,0.12,5265.0,-0.45614,0.785,0.793,2.24
Kepler-263 c,Kepler-263,2.47,6.66,2.43,0.0,386.0,5.994,47.332773,0.242,5265.0,-0.45614,0.785,0.793,2.24
Kepler-264 b,Kepler-264,3.33,11.1,1.65,0.0,772.0,79.478,40.806231,0.249,6158.0,0.68915,1.55,1.426,2.45
Kepler-264 c,Kepler-264,2.83,8.4,2.04,0.0,511.0,15.347,140.101261,0.566,6158.0,0.68915,1.55,1.426,2.45
Kepler-265 b,Kepler-265,1.86,4.12,3.52,0.0,1022.0,220.328,6.846262,0.069,5835.0,0.00548,1.103,0.97,0.28
Kepler-265 c,Kepler-265,2.63,7.41,2.24,0.0,755.0,65.359,17.028937,0.127,5835.0,0.00548,1.103,0.97,0.28
Kepler-265 d,Kepler-265,2.49,6.76,2.41,0.0,554.0,18.941,43.130617,0.236,5835.0,0.00548,1.103,0.97,0.28
Kepler-265 e,Kepler-265,2.59,7.22,2.28,0.0,476.0,10.354,67.831024,0.319,5835.0,0.00548,1.103,0.97,0.28
Kepler-266 b,Kepler-266,2.48,6.71,2.42,0.0,1066.0,230.403,6.61833,0.071,5885.0,0.01163,1.028,0.947,4.79
Kepler-266 c,Kepler-266,3.89,14.4,1.34,0.0,421.0,5.592,107.723601,0.457,5885.0,0.01163,1.028,0.947,4.79
Kepler-267 b,Kepler-267,1.98,37.9,26.8,0.0,615.0,45.843,3.353728,0.037,4258.0,-1.22915,0.555,0.541571,3.06
Kepler-267 c,Kepler-267,2.13,5.18,2.95,0.0,484.0,17.583,6.87745,0.06,4258.0,-1.22915,0.555,0.541571,3.06
Kepler-267 d,Kepler-267,2.27,5.77,2.71,0.0,301.0,2.647,28.464515,0.154,4258.0,-1.22915,0.555,0.541571,3.06
Kepler-268 b,Kepler-268,2.55,7.04,2.33,0.0,695.0,64.933,25.934138,0.18,6081.0,0.31808,1.274,1.109,1.71
Kepler-268 c,Kepler-268,3.38,11.4,1.62,0.0,471.0,13.662,83.446393,0.391,6081.0,0.31808,1.274,1.109,1.71
Kepler-269 b,Kepler-269,2.47,6.66,2.43,0.0,1007.0,604.9,5.326718,0.061,5847.0,0.36836,0.959,0.92,6.46
Kepler-269 c,Kepler-269,1.69,3.5,3.98,0.0,875.0,342.6,8.127899,0.081,5847.0,0.36836,0.959,0.92,6.46
Kepler-27 b,Kepler-27,4.0,2895.31,,0.0,610.0,28.681,15.3348,0.118,5400.0,-0.32941,0.59,0.65,1.62
Kepler-27 c,Kepler-27,4.9,4385.87,,0.0,481.0,11.067,31.3309,0.191,5400.0,-0.32941,0.59,0.65,1.62
Kepler-27 d,Kepler-27,2.7061946,7.78,2.16,0.0,810.0,88.2,6.546289921,0.06578,5251.0,-0.32941,0.817,0.926,1.62
Kepler-270 b,Kepler-270,2.01,4.7,3.18,0.0,984.0,178.362,11.476094,0.107,6067.0,0.31211,1.461,1.17,2.73
Kepler-270 c,Kepler-270,1.77,3.78,3.75,0.0,756.0,62.241,25.262887,0.18,6067.0,0.31211,1.461,1.17,2.73
Kepler-271 b,Kepler-271,1.23,2.04,6.02,0.0,759.0,75.957,10.43547805,0.08784,5555.0,-0.25319,0.87,0.9,4.57
Kepler-271 c,Kepler-271,0.95,0.809,5.18,0.0,850.0,119.631,7.41086267,0.06993,5555.0,-0.25319,0.87,0.9,4.57
Kepler-271 d,Kepler-271,0.66,0.219,4.19,0.0,954.0,189.343,5.24972541,0.05554,5555.0,-0.25319,0.87,0.9,4.57
Kepler-272 b,Kepler-272,1.43,78.0,147.0,0.0,1200.0,801.741,2.971353,0.038,5297.0,0.06634,0.929,0.91,13.18
Kepler-272 c,Kepler-272,1.79,97.8,93.7,0.0,947.0,310.76,6.057342,0.061,5297.0,0.06634,0.929,0.91,13.18
Kepler-272 d,Kepler-272,2.25,5.69,2.74,0.0,777.0,141.135,10.937304,0.091,5297.0,0.06634,0.929,0.91,13.18
Kepler-273 b,Kepler-273,1.5,2.86,4.66,0.0,1209.0,285.636,2.936532,0.037,5626.0,-0.34099,0.815,0.756,10.47
Kepler-273 c,Kepler-273,1.98,4.58,3.24,0.0,865.0,74.887,8.014927,0.073,5626.0,-0.34099,0.815,0.756,10.47
Kepler-274 b,Kepler-274,1.54,2.99,4.5,0.0,961.0,147.812,11.634788,0.101,6023.0,0.2013,1.007,0.883,12.88
Kepler-274 c,Kepler-274,1.84,4.04,3.56,0.0,678.0,36.518,33.197861,0.204,6023.0,0.2013,1.007,0.883,12.88
Kepler-275 b,Kepler-275,2.34,6.08,2.61,0.0,1015.0,266.3,10.300682,0.098,6165.0,0.44934,1.383,1.189,3.39
Kepler-275 c,Kepler-275,3.38,11.4,1.62,0.0,875.0,146.5,16.088134,0.132,6165.0,0.44934,1.383,1.189,3.39
Kepler-275 d,Kepler-275,3.33,11.1,1.65,0.0,671.0,50.7,35.676062,0.224,6165.0,0.44934,1.383,1.189,3.39
Kepler-276 b,Kepler-276,2.87,731.209,73.0,0.0,739.0,58.586,14.12841,0.119,6105.0,-0.08948,1.046,0.845,0.4
Kepler-276 c,Kepler-276,2.9,16.6,0.89,0.0,563.0,19.793,31.884,0.18619,5693.0,-0.08948,1.03,1.1,0.4
Kepler-276 d,Kepler-276,2.8,16.3,0.76,0.0,489.0,11.274,48.648,0.24666,5693.0,-0.08948,1.03,1.1,0.4
Kepler-277 b,Kepler-277,2.92,87.3,9.2,0.0,964.0,198.245,17.324,0.14168,5946.0,0.56791,1.69,1.12,3.89
Kepler-277 c,Kepler-277,3.36,64.2,7.8,0.0,778.0,83.898,33.006,0.21781,5946.0,0.56791,1.69,1.12,3.89
Kepler-278 b,Kepler-278,3.955,56.0,5.0,0.696,586.0,110.0,30.1556,0.202,4965.0,0.64933,2.861,1.227,5.761
Kepler-278 c,Kepler-278,3.268,34.9,5.5,0.616,492.0,54.3,51.111,0.287,4965.0,0.64933,2.861,1.227,5.761
Kepler-279 b,Kepler-279,3.62,4180.93,165.0,0.0,1104.0,249.021,12.309681,0.112,6363.0,0.5188,1.746,1.2,0.22
Kepler-279 c,Kepler-279,4.3,49.4,0.3,0.0,774.0,60.157,35.736,0.2236,6689.45,0.5188,1.07,1.1,0.22
Kepler-279 d,Kepler-279,3.1,37.5,0.3,0.0,574.0,35.739,54.414,0.2901,6689.45,0.5188,1.07,1.1,0.22
Kepler-279 e,Kepler-279,4.13,56.0,7.3,0.0,552.0,21.96,98.3531,0.439,6689.45,0.5188,1.43,1.164,0.22
Kepler-28 b,Kepler-28,1.959,1.63,1.185427,0.0,585.0,62.577,5.91,0.05687,4499.3,-0.74494,0.664,0.684,1.91
Kepler-28 c,Kepler-28,1.857,2.06,1.764357,0.017,509.0,35.898,8.99,0.07519,4499.3,-0.74494,0.664,0.684,1.91
Kepler-280 b,Kepler-280,1.45,2.7,4.87,0.0,1425.0,821.894,2.139542,0.032,5744.0,-0.06437,0.886,0.962,5.62
Kepler-280 c,Kepler-280,2.01,4.7,3.18,0.0,1088.0,279.085,4.807091,0.056,5744.0,-0.06437,0.886,0.962,5.62
Kepler-281 b,Kepler-281,2.82,324.0,52.0,0.0,694.0,118.246,14.646008,0.117,5723.0,0.14638,0.899,0.95,0.6
Kepler-281 c,Kepler-281,5.31,161.124,0.0051,0.0,513.0,35.203,36.337373,0.215,5723.0,0.14638,0.899,0.95,0.6
Kepler-281 d,Kepler-281,5.93747806,654.0,12.3,0.0,321.0,2.51,148.2720032,0.5456,5717.0,0.14638,0.884,0.984,0.6
Kepler-282 b,Kepler-282,1.01,1.01,5.39,0.0,817.0,195.935,9.220524,0.082,5602.0,0.10587,0.904,0.86,12.88
Kepler-282 c,Kepler-282,1.2,1.87,5.95,0.0,717.0,116.117,13.638723,0.106,5602.0,0.10587,0.904,0.86,12.88
Kepler-282 d,Kepler-282,2.46,61.0,22.5,0.0,588.0,52.348,24.806,0.15837,5656.0,0.10587,0.89,0.97,12.88
Kepler-282 e,Kepler-282,3.1,56.2,10.4,0.0,484.0,24.114,44.347,0.23332,5656.0,0.10587,0.89,0.97,12.88
Kepler-283 b,Kepler-283,2.13,5.18,2.95,0.0,488.0,16.26,11.008151,0.082,4351.0,-0.98297,0.566,0.596,3.09
Kepler-283 c,Kepler-283,1.82,3.97,3.62,0.0,240.0,0.949,92.743711,0.341,4351.0,-0.98297,0.566,0.596,3.09
Kepler-284 b,Kepler-284,2.24,5.65,2.76,0.0,686.0,38.366,12.699149,0.104,5615.0,-0.34097,0.814,0.766,0.5
Kepler-284 c,Kepler-284,2.61,7.32,2.26,0.0,478.0,9.042,37.514456,0.213,5615.0,-0.34097,0.814,0.766,0.5
Kepler-285 b,Kepler-285,1.34,2.36,5.39,0.0,1131.0,428.407,2.633867,0.036,5411.0,-0.27923,0.808,0.915,2.88
Kepler-285 c,Kepler-285,1.12,1.46,5.71,0.0,851.0,137.068,6.186676,0.064,5411.0,-0.27923,0.808,0.915,2.88
Kepler-286 b,Kepler-286,1.24,2.07,5.97,0.0,1367.0,850.1,1.796302,0.027,5580.0,-0.11623,0.863,0.83,2.75
Kepler-286 c,Kepler-286,1.37,2.45,5.24,0.0,1098.0,353.0,3.468095,0.042,5580.0,-0.11623,0.863,0.83,2.75
Kepler-286 d,Kepler-286,1.33,2.33,5.44,0.0,919.0,173.9,5.914323,0.061,5580.0,-0.11623,0.863,0.83,2.75
Kepler-286 e,Kepler-286,1.77,3.78,3.75,0.0,539.0,20.6,29.221289,0.176,5580.0,-0.11623,0.863,0.83,2.75
Kepler-287 b,Kepler-287,2.33,83.0,27.3,0.0,667.0,35.75,20.342199,0.145,5806.0,-0.13438,1.032,0.963,2.88
Kepler-287 c,Kepler-287,3.26,66.0,15.4,0.0,513.0,12.457,44.851896,0.246,5806.0,-0.13438,1.032,0.963,2.88
Kepler-288 b,Kepler-288,1.67,3.43,4.05,0.0,1197.0,247.301,6.097326,0.065,5918.0,0.05605,1.091,0.842,12.3
Kepler-288 c,Kepler-288,2.85,8.5,2.02,0.0,815.0,53.148,19.305772,0.14,5918.0,0.05605,1.091,0.842,12.3
Kepler-288 d,Kepler-288,2.67,7.61,2.2,0.0,570.0,12.659,56.633742,0.287,5918.0,0.05605,1.091,0.842,12.3
Kepler-289 b,Kepler-289,2.49,3.7,1.45,0.0,607.0,27.371,34.5383,0.21183,5990.0,0.061,1.0,1.08,0.65
Kepler-289 c,Kepler-289,11.23,157.18,0.66,0.0,394.0,4.882,125.8723,0.50155,5990.0,0.061,1.0,1.08,0.65
Kepler-289 d,Kepler-289,3.03,5.33,1.14,,,,66.0282,0.33,5990.0,0.061,1.0,1.08,0.65
Kepler-289 e,Kepler-289,2.94,17.4,2.92,0.0,286.0,1.58,330.0716,0.9342,5990.0,0.061,0.985,1.061,0.65
Kepler-29 b,Kepler-29,2.55,5.0,1.65,0.0,777.0,55.9,10.33974,0.08482,5378.0,-0.29687,0.732,0.761,0.3
Kepler-29 c,Kepler-29,2.34,4.5,1.91,0.0,715.0,34.4,13.28613,0.10027,5378.0,-0.29687,0.732,0.761,0.3
Kepler-290 b,Kepler-290,2.25,5.69,2.74,0.0,594.0,22.637,14.589347,0.11,5147.0,-0.58591,0.743,0.756,1.1
Kepler-290 c,Kepler-290,2.7,7.75,2.16,0.0,437.0,6.596,36.77031,0.205,5147.0,-0.58591,0.743,0.756,1.1
Kepler-290 d,Kepler-290,0.86,0.566,4.89,0.0,1589.0,1503.79,0.764017553,0.0154,5142.0,-0.58591,0.755,0.84,1.1
Kepler-291 b,Kepler-291,2.16,5.31,2.9,0.0,1212.0,627.374,3.546511,0.047,6002.0,0.07135,1.016,1.023,7.76
Kepler-291 c,Kepler-291,1.88,4.19,3.47,0.0,1035.0,332.737,5.700786,0.065,6002.0,0.07135,1.016,1.023,7.76
Kepler-292 b,Kepler-292,1.32,2.3,5.5,0.0,1130.0,394.301,2.580827,0.035,5299.0,-0.33691,0.826,0.865,5.13
Kepler-292 c,Kepler-292,1.47,2.76,4.77,0.0,1001.0,242.416,3.715335,0.045,5299.0,-0.33691,0.826,0.865,5.13
Kepler-292 d,Kepler-292,2.23,5.6,2.77,0.0,808.0,103.005,7.055679,0.068,5299.0,-0.33691,0.826,0.865,5.13
Kepler-292 e,Kepler-292,2.67,7.61,2.2,0.0,678.0,50.924,11.97901,0.097,5299.0,-0.33691,0.826,0.865,5.13
Kepler-292 f,Kepler-292,2.35,6.12,2.59,0.0,563.0,24.325,20.834237,0.141,5299.0,-0.33691,0.826,0.865,5.13
Kepler-293 b,Kepler-293,3.07,9.64,1.83,0.0,657.0,28.944,19.254196,0.144,5804.0,-0.23265,0.957,0.934,1.32
Kepler-293 c,Kepler-293,3.83,14.0,1.37,0.0,466.0,7.287,54.155743,0.286,5804.0,-0.23265,0.957,0.934,1.32
Kepler-294 b,Kepler-294,1.77,3.78,3.75,0.0,1087.0,329.801,3.701212,0.048,5913.0,-0.14755,0.976,0.947,3.98
Kepler-294 c,Kepler-294,2.71,7.8,2.15,0.0,895.0,151.491,6.6264,0.071,5913.0,-0.14755,0.976,0.947,3.98
Kepler-295 b,Kepler-295,1.22,1.98,5.99,0.0,741.0,287.5,12.645164,0.099,5603.0,0.62949,0.898,0.89,6.46
Kepler-295 c,Kepler-295,1.17,1.71,5.87,0.0,621.0,141.4,21.526258,0.142,5603.0,0.62949,0.898,0.89,6.46
Kepler-295 d,Kepler-295,1.36,2.42,5.29,0.0,533.0,104.962,33.884054,0.192,5603.0,0.62949,0.898,0.89,6.46
Kepler-296 b,Kepler-296,1.61,3.22,3.0,0.33,495.0,6.5,10.864384,0.079,3740.0,-1.50864,0.48,0.498,4.2
Kepler-296 c,Kepler-296,2.0,4.66,1.2,0.33,606.0,14.8,5.8416366,0.0521,3740.0,-1.50864,0.48,0.498,4.2
Kepler-296 d,Kepler-296,2.09,5.02,1.9,0.33,403.0,2.9,19.850291,0.118,3740.0,-1.50864,0.48,0.498,4.2
Kepler-296 e,Kepler-296,1.53,2.96,4.1,0.33,337.0,1.41,34.14211,0.169,3740.0,-1.50864,0.48,0.498,4.2
Kepler-296 f,Kepler-296,1.8,3.89,3.2,0.33,274.0,0.62,63.33627,0.255,3740.0,-1.50864,0.48,0.498,4.2
Kepler-297 b,Kepler-297,2.87,48.5,11.3,0.0,509.0,16.464,38.871826,0.217,5619.0,-0.09608,0.915,0.927,1.9
Kepler-297 c,Kepler-297,6.54,42.1,0.827,0.0,409.0,6.86,74.920137,0.336,5619.0,-0.09608,0.915,0.927,1.9
Kepler-297 d,Kepler-297,32.6,,,0.0,325.0,2.62,150.0189511,0.523,5618.0,-0.09608,0.897,0.846,1.9
Kepler-298 b,Kepler-298,1.96,4.5,3.28,0.0,540.0,24.707,10.475464,0.08,4465.0,-0.73284,0.582,0.66,2.4
Kepler-298 c,Kepler-298,1.93,4.38,3.35,0.0,416.0,8.696,22.92881,0.136,4465.0,-0.73284,0.582,0.66,2.4
Kepler-298 d,Kepler-298,2.5,6.8,2.39,0.0,277.0,1.715,77.473633,0.305,4465.0,-0.73284,0.582,0.66,2.4
Kepler-299 b,Kepler-299,1.32,2.3,5.5,0.0,1258.0,622.067,2.927128,0.04,5617.0,-0.04352,1.032,1.004,3.24
Kepler-299 c,Kepler-299,2.65,7.51,2.22,0.0,946.0,198.554,6.885875,0.07,5617.0,-0.04352,1.032,1.004,3.24
Kepler-299 d,Kepler-299,1.86,4.12,3.52,0.0,729.0,69.96,15.054786,0.118,5617.0,-0.04352,1.032,1.004,3.24
Kepler-299 e,Kepler-299,1.87,4.16,3.5,0.0,534.0,20.174,38.285489,0.22,5617.0,-0.04352,1.032,1.004,3.24
Kepler-30 b,Kepler-30,3.9,11.3,1.02,0.042,524.0,16.379,29.33434,0.18,5498.0,-0.23658,0.95,0.99,2.0
Kepler-30 c,Kepler-30,12.3,640.0,1.88,0.0111,411.0,6.217,60.323105,0.3,5498.0,-0.23658,0.95,0.99,2.0
Kepler-30 d,Kepler-30,8.8,23.1,0.19,0.022,308.0,1.962,143.34394,0.5,5498.0,-0.23658,0.95,0.99,2.0
Kepler-300 b,Kepler-300,1.67,3.43,4.05,0.0,812.0,265.186,10.446347,0.094,5986.0,0.33994,0.9,1.07,3.63
Kepler-300 c,Kepler-300,2.25,5.69,2.74,0.0,516.0,43.248,40.714955,0.232,5986.0,0.33994,0.9,1.07,3.63
Kepler-301 b,Kepler-301,1.35,2.39,5.34,0.0,1278.0,665.437,2.508553,0.036,5815.0,-0.07963,0.9,1.022,1.45
Kepler-301 c,Kepler-301,1.35,2.39,5.34,0.0,989.0,238.481,5.419026,0.06,5815.0,-0.07963,0.9,1.022,1.45
Kepler-301 d,Kepler-301,1.75,3.71,3.8,0.0,725.0,68.931,13.751243,0.112,5815.0,-0.07963,0.9,1.022,1.45
Kepler-302 b,Kepler-302,4.06,15.5,1.27,0.0,634.0,31.247,30.184104,0.193,5740.0,0.04949,1.22,1.021,4.47
Kepler-302 c,Kepler-302,12.45,,,0.0,392.0,4.585,127.282184,0.503,5740.0,0.04949,1.22,1.021,4.47
Kepler-303 b,Kepler-303,0.89,0.64,4.99,0.0,802.0,145.436,1.937055,0.024,3944.0,-1.0655,0.485,0.575,7.71
Kepler-303 c,Kepler-303,1.14,1.55,5.75,0.0,521.0,25.851,7.061149,0.057,3944.0,-1.0655,0.485,0.575,7.71
Kepler-304 b,Kepler-304,2.86,8.55,2.01,0.0,875.0,139.146,3.295709,0.039,4731.0,-0.6616,0.687,0.737,2.09
Kepler-304 c,Kepler-304,2.17,5.35,2.88,0.0,746.0,73.598,5.315946,0.054,4731.0,-0.6616,0.687,0.737,2.09
Kepler-304 d,Kepler-304,2.75,8.0,2.11,0.0,611.0,33.16,9.653471,0.08,4731.0,-0.6616,0.687,0.737,2.09
Kepler-304 e,Kepler-304,1.2,1.87,5.95,0.0,1137.0,397.254,1.499146953,0.02317,4817.0,-0.6616,0.73,0.8,2.09
Kepler-305 b,Kepler-305,3.6,10.5,1.24,0.005,836.0,112.914,5.487,0.05746,5080.0,-0.42318,0.8,0.76,4.37
Kepler-305 c,Kepler-305,3.3,6.0,0.917,0.0,728.0,65.1,8.291,0.07568,5080.0,-0.42318,0.8,0.76,4.37
Kepler-305 d,Kepler-305,2.76,6.2,1.63203,0.0,576.0,25.523,16.74,0.12091,5090.0,-0.42318,0.792,0.827,4.37
Kepler-305 e,Kepler-305,1.7938153,3.87,3.68,0.0,1000.0,220.4,3.20538,0.04017,4974.0,-0.42318,0.827279,0.82,4.37
Kepler-306 b,Kepler-306,1.52,2.92,4.57,0.0,830.0,127.255,4.646186,0.05,4954.0,-0.4693,0.719,0.75,2.63
Kepler-306 c,Kepler-306,2.35,6.12,2.59,0.0,716.0,70.449,7.240193,0.067,4954.0,-0.4693,0.719,0.75,2.63
Kepler-306 d,Kepler-306,2.47,6.66,2.43,0.0,535.0,21.983,17.326644,0.12,4954.0,-0.4693,0.719,0.75,2.63
Kepler-306 e,Kepler-306,2.27,5.77,2.71,0.0,390.0,6.185,44.840975,0.227,4954.0,-0.4693,0.719,0.75,2.63
Kepler-307 b,Kepler-307,2.43,7.44,2.62,0.0,797.0,59.7,10.4208,0.09359,5367.0,-0.12151,0.814,0.907,0.95
Kepler-307 c,Kepler-307,2.2,3.64,1.74,0.0,739.0,44.0,13.0729,0.10896,5367.0,-0.12151,0.814,0.907,0.95
Kepler-308 b,Kepler-308,2.12,5.14,2.96,0.0,833.0,108.64,9.694928,0.09,5895.0,-0.11567,0.941,0.92,0.5
Kepler-308 c,Kepler-308,2.16,5.31,2.9,0.0,714.0,58.679,15.38231,0.123,5895.0,-0.11567,0.941,0.92,0.5
Kepler-309 b,Kepler-309,1.56,3.05,4.41,0.0,531.0,99.493,5.923653,0.059,4713.0,-0.574,0.721,0.816,3.02
Kepler-309 c,Kepler-309,2.51,6.85,2.38,0.0,204.0,2.142,105.356383,0.401,4713.0,-0.574,0.721,0.816,3.02
Kepler-31 b,Kepler-31,5.5,36.7418,0.78,0.0,781.0,91.474,20.8613,0.16,6340.0,0.30134,1.22,1.21,0.28
Kepler-31 c,Kepler-31,5.3,1493.7,0.73,0.0,615.0,35.254,42.6318,0.26,6340.0,0.30134,1.22,1.21,0.28
Kepler-31 d,Kepler-31,3.9,2161.244,0.077,0.0,484.0,11.8,87.6451,0.4,6340.0,0.30134,1.22,1.21,0.28
Kepler-310 b,Kepler-310,1.19,1.81,5.9,0.0,665.0,45.97,13.930698,0.111,5797.0,-0.23934,0.876,0.854,1.9
Kepler-310 c,Kepler-310,3.38,11.4,1.62,0.0,417.0,7.109,56.47542,0.281,5797.0,-0.23934,0.876,0.854,1.9
Kepler-310 d,Kepler-310,2.47,7.0,3.3,0.0,353.0,3.664,92.876125,0.392,5797.0,-0.23934,0.876,0.854,1.9
Kepler-311 b,Kepler-311,1.7,3.53,3.95,0.0,960.0,201.362,9.176092,0.087,5905.0,0.19328,1.188,0.994,1.95
Kepler-311 c,Kepler-311,1.43,2.63,4.94,0.0,744.0,72.456,19.738286,0.145,5905.0,0.19328,1.188,0.994,1.95
Kepler-311 d,Kepler-311,2.05,4.86,3.1,0.0,327.0,2.71,232.040326,0.7326,5903.0,0.19328,1.156,0.974,1.95
Kepler-312 b,Kepler-312,1.29,2.21,5.66,0.0,1685.0,4124.022,1.772419,0.031,6115.0,0.59751,1.467,1.314,2.88
Kepler-312 c,Kepler-312,3.15,10.1,1.78,0.0,754.0,165.824,19.747412,0.153,6115.0,0.59751,1.467,1.314,2.88
Kepler-313 b,Kepler-313,2.53,6.94,2.35,0.0,883.0,142.4,14.970418,0.125,5727.0,0.31196,1.536,1.114,7.08
Kepler-313 c,Kepler-313,2.57,7.13,2.31,0.0,683.0,51.1,32.273273,0.208,5727.0,0.31196,1.536,1.114,7.08
Kepler-314 b,Kepler-314,0.83,0.498,4.79,0.0,1195.0,488.674,2.461069,0.035,5378.0,-0.22569,0.95,0.99,0.98
Kepler-314 c,Kepler-314,2.9,8.75,1.97,0.0,890.0,149.977,5.960392,0.064,5378.0,-0.22569,0.95,0.99,0.98
Kepler-315 b,Kepler-315,3.77,13.7,1.4,0.0,409.0,6.674,96.101141,0.402,5796.0,0.00383,1.037,0.831,12.3
Kepler-315 c,Kepler-315,4.15,16.1,1.24,0.0,291.0,1.722,265.469335,0.791,5796.0,0.00383,1.037,0.831,12.3
Kepler-316 b,Kepler-316,1.06,1.2,5.54,0.0,837.0,164.776,2.240508,0.027,4204.0,-0.93554,0.52,0.587,3.31
Kepler-316 c,Kepler-316,1.16,1.65,5.81,0.0,577.0,37.377,6.827766,0.058,4204.0,-0.93554,0.52,0.587,3.31
Kepler-317 b,Kepler-317,2.09,109.8,66.1,0.0,976.0,151.652,5.524242,0.061,5497.0,-0.2078,0.941,0.865,3.72
Kepler-317 c,Kepler-317,1.72,3.61,3.9,0.0,837.0,81.761,8.77501,0.083,5497.0,-0.2078,0.941,0.865,3.72
Kepler-318 b,Kepler-318,4.71,19.9,1.05,0.0,1039.0,333.149,4.662715,0.056,5746.0,0.00394,1.189,1.073,0.95
Kepler-318 c,Kepler-318,3.68,13.1,1.44,0.0,762.0,96.513,11.815007,0.105,5746.0,0.00394,1.189,1.073,0.95
Kepler-319 b,Kepler-319,1.63,3.29,4.17,0.0,1023.0,253.665,4.362705,0.051,5526.0,-0.18116,0.903,0.933,1.07
Kepler-319 c,Kepler-319,2.63,7.41,2.24,0.0,876.0,136.343,6.941357,0.069,5526.0,-0.18116,0.903,0.933,1.07
Kepler-319 d,Kepler-319,2.29,5.86,2.68,0.0,528.0,17.962,31.781925,0.191,5526.0,-0.18116,0.903,0.933,1.07
Kepler-32 b,Kepler-32,2.2,1303.0,0.46,0.0,514.0,22.025,5.90124,0.05,3900.0,-1.29243,0.53,0.58,5.6
Kepler-32 c,Kepler-32,2.0,158.9,0.33,0.0,451.0,10.68,8.7522,0.09,3900.0,-1.29243,0.53,0.58,5.6
Kepler-32 d,Kepler-32,2.7,39.9089,0.52,0.0,328.0,3.631,22.7802,0.13,3900.0,-1.29243,0.53,0.58,5.6
Kepler-32 e,Kepler-32,1.5,4.08181,0.091,0.0,652.0,56.649,2.896,0.033,3900.0,-1.29243,0.53,0.58,5.6
Kepler-32 f,Kepler-32,0.82,969.228,1.5,0.0,1026.0,349.645,0.74296,0.013,3900.0,-1.29243,0.53,0.58,5.6
Kepler-320 b,Kepler-320,1.14,1.55,5.75,0.0,1292.0,280.559,8.371554,0.085,6435.0,0.37419,1.108,1.072,2.14
Kepler-320 c,Kepler-320,1.37,2.45,5.24,0.0,1002.0,101.619,17.934937,0.142,6435.0,0.37419,1.108,1.072,2.14
Kepler-321 b,Kepler-321,1.77,3.78,3.75,0.0,1042.0,296.155,4.915379,0.057,5740.0,-0.00798,1.194,1.024,2.09
Kepler-321 c,Kepler-321,2.32,5.99,2.64,0.0,752.0,80.103,13.093921,0.11,5740.0,-0.00798,1.194,1.024,2.09
Kepler-322 b,Kepler-322,1.01,1.01,5.39,0.0,1373.0,735.179,1.653888,0.027,5388.0,-0.28786,0.89,0.908,1.1
Kepler-322 c,Kepler-322,1.67,3.43,4.05,0.0,996.0,203.406,4.337234,0.051,5388.0,-0.28786,0.89,0.908,1.1
Kepler-323 b,Kepler-323,1.381,3.9,8.2,0.095,1838.0,1900.0,1.678328,0.02778,6004.0,0.15091,1.12,1.015,5.4
Kepler-323 c,Kepler-323,1.57,6.8,9.6,0.095,1431.0,700.0,3.5538229,0.0458,6004.0,0.15091,1.12,1.015,5.4
Kepler-324 b,Kepler-324,1.14,2414.4,3.0,0.0,935.0,194.34,4.385315,0.05,5194.0,-0.30825,0.84,0.901,3.39
Kepler-324 c,Kepler-324,3.15,6.2,1.73,0.0,410.0,7.233,51.805612,0.26,5194.0,-0.30825,0.84,0.901,3.39
Kepler-324 e,Kepler-324,2.03862444,235.014,0.16,0.0,635.0,38.9,13.97939968,0.10972,5191.0,-0.30825,0.826,0.844,3.39
Kepler-325 b,Kepler-325,2.91,8.8,1.96,0.0,1017.0,210.554,4.544439,0.053,5752.0,-0.25468,1.003,0.914,0.93
Kepler-325 c,Kepler-325,2.54,6.99,2.34,0.0,721.0,53.044,12.762172,0.105,5752.0,-0.25468,1.003,0.914,0.93
Kepler-325 d,Kepler-325,2.79,8.2,2.07,0.0,498.0,12.083,38.715185,0.22,5752.0,-0.25468,1.003,0.914,0.93
Kepler-326 b,Kepler-326,1.52,44.6,69.8,0.0,1127.0,783.449,2.248329,0.032,5105.0,-0.15657,0.801,0.91,13.18
Kepler-326 c,Kepler-326,1.4,17.4,34.8,0.0,889.0,303.62,4.580358,0.051,5105.0,-0.15657,0.801,0.91,13.18
Kepler-326 d,Kepler-326,1.21,6.9,21.4,0.0,781.0,180.644,6.766888,0.066,5105.0,-0.15657,0.801,0.91,13.18
Kepler-327 b,Kepler-327,1.11,1.41,5.67,0.0,682.0,73.056,2.549575,0.029,3799.0,-1.25964,0.492,0.591913,3.28
Kepler-327 c,Kepler-327,1.03,20.3,102.0,0.0,537.0,28.272,5.212333,0.047,3799.0,-1.25964,0.492,0.591913,3.28
Kepler-327 d,Kepler-327,1.73,3.64,3.86,0.0,387.0,7.59,13.969457,0.09,3799.0,-1.25964,0.492,0.591913,3.28
Kepler-328 b,Kepler-328,2.3,28.5,7.8,0.0,602.0,57.079,34.921,0.2199,6064.0,0.44013,1.06,1.15,2.57
Kepler-328 c,Kepler-328,5.4,39.4,0.6,0.0,475.0,22.025,71.312,0.354,6064.0,0.44013,1.06,1.15,2.57
Kepler-329 b,Kepler-329,1.4,2.54,5.09,0.0,547.0,40.689,7.416397,0.061,4257.0,-0.97062,0.523,0.602,3.47
Kepler-329 c,Kepler-329,1.93,4.38,3.35,0.0,402.0,11.869,18.684737,0.113,4257.0,-0.97062,0.523,0.602,3.47
Kepler-33 b,Kepler-33,1.74,3.68,3.84,0.0,1336.0,744.011,5.66793,0.0677,5904.0,0.556,1.82,1.291,4.27
Kepler-33 c,Kepler-33,3.2,0.39,0.13,0.0,1009.0,241.759,13.17562,0.1189,5904.0,0.556,1.82,1.291,4.27
Kepler-33 d,Kepler-33,5.35,3.91,0.25,0.0,853.0,123.691,21.77596,0.1662,5904.0,0.556,1.82,1.291,4.27
Kepler-33 e,Kepler-33,4.02,5.57,0.8,0.0,752.0,74.72,31.7844,0.2138,5904.0,0.556,1.82,1.291,4.27
Kepler-33 f,Kepler-33,4.46,9.6,0.9,0.0,691.0,53.183,41.02902,0.2535,5904.0,0.556,1.82,1.291,4.27
Kepler-330 b,Kepler-330,1.35,2.39,5.34,0.0,714.0,66.578,8.25978,0.075,5117.0,-0.44191,0.722,0.848,3.47
Kepler-330 c,Kepler-330,1.95,4.46,3.31,0.0,573.0,27.676,15.955387,0.116,5117.0,-0.44191,0.722,0.848,3.47
Kepler-331 b,Kepler-331,1.82,3.97,3.62,0.0,540.0,35.984,8.457496,0.065,4347.0,-0.78358,0.492,0.653,1.2
Kepler-331 c,Kepler-331,1.84,4.04,3.56,0.0,425.0,13.888,17.28111,0.105,4347.0,-0.78358,0.492,0.653,1.2
Kepler-331 d,Kepler-331,1.64,3.33,4.15,0.0,346.0,6.065,32.134328,0.159,4347.0,-0.78358,0.492,0.653,1.2
Kepler-332 b,Kepler-332,1.17,1.71,5.87,0.0,703.0,53.712,7.626324,0.07,4955.0,-0.5837,0.72,0.743,2.82
Kepler-332 c,Kepler-332,1.09,1.32,5.6,0.0,550.0,19.986,15.995622,0.114,4955.0,-0.5837,0.72,0.743,2.82
Kepler-332 d,Kepler-332,1.18,1.76,5.89,0.0,427.0,7.253,34.21154,0.189,4955.0,-0.5837,0.72,0.743,2.82
Kepler-333 b,Kepler-333,1.32,28.2,67.4,0.0,480.0,16.819,12.551158,0.087,4259.0,-0.92812,0.534,0.601,3.24
Kepler-333 c,Kepler-333,1.11,1.41,5.67,0.0,386.0,7.049,24.08821,0.135,4259.0,-0.92812,0.534,0.601,3.24
Kepler-334 b,Kepler-334,1.12,1.46,5.71,0.0,1090.0,300.982,5.470319,0.061,5828.0,0.05556,1.068,1.022,2.75
Kepler-334 c,Kepler-334,1.43,2.63,4.94,0.0,822.0,97.21,12.758005,0.107,5828.0,0.05556,1.068,1.022,2.75
Kepler-334 d,Kepler-334,1.41,2.57,5.04,0.0,656.0,39.475,25.09849,0.168,5828.0,0.05556,1.068,1.022,2.75
Kepler-335 b,Kepler-335,3.39,11.4,1.61,0.0,1290.0,721.124,6.562331,0.075,5877.0,0.57766,1.854,1.367,3.09
Kepler-335 c,Kepler-335,3.07,9.64,1.83,0.0,592.0,32.035,67.844469,0.356,5877.0,0.57766,1.854,1.367,3.09
Kepler-336 b,Kepler-336,1.02,1.04,5.39,0.0,1625.0,1652.5,2.024823,0.033,5867.0,0.26,1.304,1.09,4.9
Kepler-336 c,Kepler-336,2.1,5.06,3.0,0.0,967.0,206.91,9.600001,0.092,5867.0,0.26,1.304,1.09,4.9
Kepler-336 d,Kepler-336,2.37,6.21,2.56,0.0,749.0,74.36,20.678772,0.154,5867.0,0.26,1.304,1.09,4.9
Kepler-337 b,Kepler-337,1.54,2.99,4.5,0.0,1458.0,1589.012,3.292781,0.045,5684.0,0.48057,1.761,1.081,7.94
Kepler-337 c,Kepler-337,2.05,4.86,3.1,0.0,1017.0,376.21,9.693201,0.093,5684.0,0.48057,1.761,1.081,7.94
Kepler-338 b,Kepler-338,2.44,30.6,11.6,0.04,1005.0,256.606,13.726976,0.117,5923.0,0.5857,1.735,1.105,6.46
Kepler-338 c,Kepler-338,2.34,6.08,2.61,0.03,831.0,119.648,24.310856,0.172,5923.0,0.5857,1.735,1.105,6.46
Kepler-338 d,Kepler-338,3.0,9.27,1.89,0.03,680.0,53.556,44.431014,0.257,5923.0,0.5857,1.735,1.105,6.46
Kepler-338 e,Kepler-338,1.56,8.5,12.3,0.05,1143.0,428.524,9.341,0.08979,5999.0,0.5857,1.735,1.14,6.46
Kepler-339 b,Kepler-339,1.42,2.6,4.99,0.0,1023.0,159.945,4.977656,0.055,5631.0,-0.31322,0.802,0.87,0.98
Kepler-339 c,Kepler-339,1.15,7.3,26.4,0.0,914.0,101.841,6.988055,0.069,5631.0,-0.31322,0.802,0.87,0.98
Kepler-339 d,Kepler-339,1.17,14.7,50.4,0.0,796.0,58.651,10.558345,0.091,5631.0,-0.31322,0.802,0.87,0.98
Kepler-34 b,Kepler-34,8.564,69.92,0.613,0.182,,,288.822,1.0896,5913.0,0.173,1.1618,1.0479,
Kepler-340 b,Kepler-340,2.53,6.94,2.35,0.0,1092.0,274.318,14.844387,0.134,6620.0,0.86749,1.85,1.65,1.29
Kepler-340 c,Kepler-340,3.37,11.3,1.62,0.0,946.0,154.653,22.824669,0.178,6620.0,0.86749,1.85,1.65,1.29
Kepler-341 b,Kepler-341,1.18,1.76,5.89,0.0,1085.0,422.097,5.195528,0.06,6012.0,0.12721,1.024,0.976,9.12
Kepler-341 c,Kepler-341,1.7,3.53,3.95,0.0,940.0,237.43,8.01041,0.08,6012.0,0.12721,1.024,0.976,9.12
Kepler-341 d,Kepler-341,1.85,4.08,3.54,0.0,622.0,45.423,27.666313,0.182,6012.0,0.12721,1.024,0.976,9.12
Kepler-341 e,Kepler-341,1.99,4.62,3.22,0.0,539.0,25.667,42.473269,0.242,6012.0,0.12721,1.024,0.976,9.12
Kepler-342 b,Kepler-342,2.25,5.69,2.74,0.0,905.0,160.261,15.170318,0.128,6175.0,0.45345,1.472,1.213,2.82
Kepler-342 c,Kepler-342,1.96,4.5,3.28,0.0,754.0,77.29,26.234138,0.185,6175.0,0.45345,1.472,1.213,2.82
Kepler-342 d,Kepler-342,2.49,6.76,2.41,0.0,658.0,44.828,39.459357,0.242,6175.0,0.45345,1.472,1.213,2.82
Kepler-342 e,Kepler-342,0.88,0.615,4.96,0.0,1897.0,3111.322,1.644224613,0.02909,6366.0,0.45345,1.34,1.26,2.04
Kepler-343 b,Kepler-343,2.41,6.39,2.51,0.0,1024.0,206.072,8.96855,0.088,5807.0,0.2162,1.433,1.055,6.46
Kepler-343 c,Kepler-343,2.02,4.74,3.16,0.0,746.0,57.932,23.22182,0.167,5807.0,0.2162,1.433,1.055,6.46
Kepler-344 b,Kepler-344,2.61,7.32,2.26,0.0,643.0,27.327,21.963945,0.153,5774.0,-0.18481,0.976,0.931,2.51
Kepler-344 c,Kepler-344,2.95,9.01,1.93,0.0,360.0,2.673,125.596809,0.488,5774.0,-0.18481,0.976,0.931,2.51
Kepler-345 b,Kepler-345,0.74,0.48,4.8,0.0,622.0,35.37,7.415563,0.066,4504.0,-0.49534,0.623,0.61,2.75
Kepler-345 c,Kepler-345,1.2,2.2,1.22,0.0,575.0,25.83,9.387427,0.077,4504.0,-0.49534,0.623,0.61,2.75
Kepler-346 b,Kepler-346,2.66,7.56,2.21,0.0,1008.0,134.357,6.511127,0.071,6033.0,-0.15256,1.021,0.943,2.4
Kepler-346 c,Kepler-346,3.07,9.64,1.83,0.0,654.0,23.812,23.851549,0.168,6033.0,-0.15256,1.021,0.943,2.4
Kepler-347 b,Kepler-347,1.97,4.54,3.26,0.0,908.0,180.549,12.79836,0.11,6088.0,0.34232,1.005,0.922,11.75
Kepler-347 c,Kepler-347,1.75,3.71,3.8,0.0,705.0,65.707,27.320871,0.183,6088.0,0.34232,1.005,0.922,11.75
Kepler-347 d,Kepler-347,3.04,9.48,1.85,0.0,482.0,12.75,85.517344,0.3802,5592.0,0.34232,1.451,1.0,11.75
Kepler-348 b,Kepler-348,1.52,2.92,4.57,0.0,1196.0,438.942,7.05677,0.076,6177.0,0.4331,1.359,1.189,2.29
Kepler-348 c,Kepler-348,1.33,2.33,5.44,0.0,888.0,133.259,17.265427,0.138,6177.0,0.4331,1.359,1.189,2.29
Kepler-349 b,Kepler-349,1.9,94.5,75.7,0.0,972.0,248.274,5.929778,0.065,5956.0,-0.0073,0.927,1.083,0.55
Kepler-349 c,Kepler-349,1.96,4.5,3.28,0.0,763.0,94.491,12.247629,0.105,5956.0,-0.0073,0.927,1.083,0.55
Kepler-35 b,Kepler-35,8.16,40.363,0.41,0.042,,,131.458,0.60347,5606.0,-0.027,1.0284,0.8877,
Kepler-350 b,Kepler-350,1.85,16.9,4.9,0.0,1037.0,257.721,11.189562,0.104,6186.0,0.42842,1.534,1.19,4.0
Kepler-350 c,Kepler-350,3.1,6.1,0.35,0.0,888.0,138.415,17.849,0.1385,6492.3,0.42842,1.25,1.0,4.0
Kepler-350 d,Kepler-350,2.8,14.9,2.69,0.0,782.0,83.237,26.136,0.1786,6492.3,0.42842,1.25,1.0,4.0
Kepler-351 b,Kepler-351,3.06,4.8,0.921,0.0,498.0,11.983,37.054919,0.214,5643.0,-0.38644,0.854,0.81,2.9
Kepler-351 c,Kepler-351,3.19,11.1,1.88,0.0,431.0,6.712,57.24809,0.287,5643.0,-0.38644,0.854,0.81,2.9
Kepler-351 d,Kepler-351,2.72,7.85,2.14,0.0,318.0,1.989,142.544247,0.5177,5225.0,-0.38644,0.78,0.81,4.9
Kepler-352 b,Kepler-352,0.86,0.566,4.89,0.0,694.0,50.389,10.05537,0.085,5212.0,-0.43235,0.781,0.798,1.7
Kepler-352 c,Kepler-352,1.24,2.07,5.97,0.0,591.0,26.373,16.332995,0.118,5212.0,-0.43235,0.781,0.798,1.7
Kepler-352 d,Kepler-352,0.80628032,0.449,4.71,0.0,788.0,81.3,6.887279987,0.06574,5208.0,-0.43235,0.772,0.796,1.7
Kepler-353 b,Kepler-353,0.89,0.64,4.99,0.0,534.0,27.189,5.795278,0.051,3903.0,-1.18709,0.504,0.553,4.59
Kepler-353 c,Kepler-353,1.38,2.48,5.19,0.0,472.0,16.561,8.410894,0.065,3903.0,-1.18709,0.504,0.553,4.59
Kepler-354 b,Kepler-354,1.84,4.04,3.56,0.0,741.0,64.845,5.47666,0.054,4648.0,-0.71394,0.674,0.652,13.8
Kepler-354 c,Kepler-354,1.31,2.27,5.55,0.0,508.0,14.404,16.934402,0.115,4648.0,-0.71394,0.674,0.652,13.8
Kepler-354 d,Kepler-354,1.24,2.07,5.97,0.0,451.0,8.949,24.209842,0.146,4648.0,-0.71394,0.674,0.652,13.8
Kepler-355 b,Kepler-355,1.46,2.73,4.82,0.0,840.0,154.803,11.03189,0.102,6184.0,0.19516,1.066,0.933,10.0
Kepler-355 c,Kepler-355,2.71,7.8,2.15,0.0,633.0,49.973,25.762294,0.179,6184.0,0.19516,1.066,0.933,10.0
Kepler-356 b,Kepler-356,1.57,3.09,4.39,0.0,1294.0,844.979,4.612696,0.057,6133.0,0.46128,1.335,1.163,4.17
Kepler-356 c,Kepler-356,1.81,3.93,3.64,0.0,913.0,209.368,13.121632,0.115,6133.0,0.46128,1.335,1.163,4.17
Kepler-357 b,Kepler-357,1.84,4.04,3.56,0.0,793.0,69.57,6.475434,0.063,5036.0,-0.55635,0.834,0.794,2.14
Kepler-357 c,Kepler-357,2.67,7.61,2.2,0.0,576.0,19.404,16.85837,0.12,5036.0,-0.55635,0.834,0.794,2.14
Kepler-357 d,Kepler-357,3.43,11.6,1.58,0.0,402.0,4.619,49.499875,0.246,5036.0,-0.55635,0.834,0.794,2.14
Kepler-358 b,Kepler-358,2.72,7.85,2.14,0.0,554.0,21.805,34.060467,0.21,5908.0,-0.13809,0.954,0.94,0.4
Kepler-358 c,Kepler-358,2.85,8.5,2.02,0.0,411.0,6.599,83.488369,0.381,5908.0,-0.13809,0.954,0.94,0.4
Kepler-359 b,Kepler-359,3.53,12.2,1.52,0.0,671.0,23.9,25.563222,0.178,6248.0,-0.09657,1.086,0.827,3.02
Kepler-359 c,Kepler-359,4.3,2.9,0.1,0.0,512.0,8.1,57.68802,0.307,6248.0,-0.09657,1.086,0.827,3.02
Kepler-359 d,Kepler-359,4.01,2.7,0.1,0.0,464.0,5.5,77.095691,0.372,6248.0,-0.09657,1.086,0.827,3.02
Kepler-36 b,Kepler-36,1.498,3.83,6.26,0.0,978.0,247.0,13.86825,0.11419,5979.0,0.51005,1.634,1.034,7.41
Kepler-36 c,Kepler-36,3.679,7.13,0.787,0.0,928.0,191.0,16.21865,0.12692,5979.0,0.51005,1.634,1.034,7.41
Kepler-360 b,Kepler-360,1.65,3.36,4.11,0.0,1116.0,415.434,3.289672,0.044,6053.0,-0.13236,1.058,0.994,1.41
Kepler-360 c,Kepler-360,2.1,5.06,3.0,0.0,860.0,146.5,7.186434,0.075,6053.0,-0.13236,1.058,0.994,1.41
Kepler-361 b,Kepler-361,1.45,2.7,4.87,0.0,1060.0,411.905,8.486616,0.086,6169.0,0.45876,1.343,1.191,3.89
Kepler-361 c,Kepler-361,2.52,6.9,2.37,0.0,568.0,33.948,55.188023,0.3,6169.0,0.45876,1.343,1.191,3.89
Kepler-362 b,Kepler-362,0.88,0.615,4.96,0.0,838.0,207.336,10.327186,0.087,5788.0,0.20872,0.722,0.904,12.88
Kepler-362 c,Kepler-362,1.45,2.7,4.87,0.0,543.0,36.667,37.866281,0.207,5788.0,0.20872,0.722,0.904,12.88
Kepler-363 b,Kepler-363,1.16,1.65,5.81,0.0,1347.0,1000.243,3.614568,0.048,5593.0,0.36465,1.485,1.226,5.5
Kepler-363 c,Kepler-363,1.69,66.4,75.6,0.0,1054.0,376.29,7.542427,0.079,5593.0,0.36465,1.485,1.226,5.5
Kepler-363 d,Kepler-363,2.05,4.86,3.1,0.0,905.0,203.761,11.932125,0.107,5593.0,0.36465,1.485,1.226,5.5
Kepler-364 b,Kepler-364,1.55,3.02,4.46,0.0,753.0,68.71,25.745718,0.178,6108.0,0.35128,1.284,1.076,0.63
Kepler-364 c,Kepler-364,2.15,5.27,2.91,0.0,568.0,22.234,59.980627,0.312,6108.0,0.35128,1.284,1.076,0.63
Kepler-365 b,Kepler-365,2.04,4.82,3.12,0.0,865.0,132.15,10.664903,0.098,6012.0,0.112,1.048,1.02,4.0
Kepler-365 c,Kepler-365,1.64,3.33,4.15,0.0,729.0,66.87,17.784129,0.137,6012.0,0.112,1.048,1.02,4.0
Kepler-366 b,Kepler-366,1.46,2.73,4.82,0.0,1326.0,1873.311,3.281959,0.045,6209.0,0.57277,1.048,1.088,6.61
Kepler-366 c,Kepler-366,1.79,3.86,3.7,0.0,848.0,286.6,12.51616,0.11,6209.0,0.57277,1.048,1.088,6.61
Kepler-367 b,Kepler-367,1.3,2.24,5.6,0.0,401.0,5.985,37.815724,0.201,4710.0,-0.61671,0.695,0.768,2.29
Kepler-367 c,Kepler-367,1.2,1.87,5.95,0.0,357.0,3.761,53.578637,0.253,4710.0,-0.61671,0.695,0.768,2.29
Kepler-368 b,Kepler-368,3.26,10.7,1.7,0.0,800.0,107.58,26.84768,0.186,5502.0,0.56235,2.019,1.165,6.46
Kepler-368 c,Kepler-368,3.88,14.3,1.35,0.0,575.0,28.681,72.379334,0.36,5502.0,0.56235,2.019,1.165,6.46
Kepler-369 b,Kepler-369,1.13,1.51,5.75,0.0,687.0,40.295,2.732756,0.03,3591.0,-1.42022,0.471,0.5,4.17
Kepler-369 c,Kepler-369,1.41,2.57,5.04,0.0,391.0,4.21,14.871572,0.094,3591.0,-1.42022,0.471,0.5,4.17
Kepler-37 b,Kepler-37,0.3098,0.79,140.0,0.098,718.0,44.5,13.36702,0.1019,5357.0,-0.32187,0.789,0.79,7.6
Kepler-37 c,Kepler-37,0.755,1.3,15.0,0.099,615.0,23.9,21.301848,0.139,5357.0,-0.32187,0.789,0.79,7.6
Kepler-37 d,Kepler-37,2.03,2.0,1.3,0.1,499.0,10.39,39.7922622,0.2109,5357.0,-0.32187,0.789,0.79,7.6
Kepler-37 e,Kepler-37,0.37,8.1,879.0,0.0,401.0,,51.196,0.25,5288.0,-0.32187,0.772,0.8,3.8
Kepler-370 b,Kepler-370,1.59,3.15,4.31,0.0,1040.0,361.514,4.57953,0.054,5852.0,0.00609,0.9,0.982,6.03
Kepler-370 c,Kepler-370,1.91,4.31,3.4,0.0,647.0,54.197,19.02293,0.14,5852.0,0.00609,0.9,0.982,6.03
Kepler-371 b,Kepler-371,1.89,4.23,3.44,0.0,554.0,41.737,34.763278,0.2,5666.0,0.24392,0.992,0.876,12.88
Kepler-371 c,Kepler-371,1.78,3.82,3.72,0.0,443.0,17.063,67.968015,0.313,5666.0,0.24392,0.992,0.876,12.88
Kepler-372 b,Kepler-372,1.36,2.42,5.29,0.0,1081.0,384.627,6.849692,0.075,6509.0,0.32073,1.137,1.202,2.349
Kepler-372 c,Kepler-372,2.09,5.02,3.02,0.0,755.0,91.881,20.053763,0.154,6509.0,0.32073,1.137,1.202,2.349
Kepler-372 d,Kepler-372,1.69,3.5,3.98,0.0,660.0,53.471,30.092568,0.201,6509.0,0.32073,1.137,1.202,2.349
Kepler-373 b,Kepler-373,1.36,2.42,5.29,0.0,1054.0,453.872,5.535309,0.06,5787.0,0.21244,0.845,0.981,10.96
Kepler-373 c,Kepler-373,1.24,2.07,5.97,0.0,729.0,103.756,16.725948,0.126,5787.0,0.21244,0.845,0.981,10.96
Kepler-374 b,Kepler-374,1.03,1.08,5.43,0.0,1761.0,2014.661,1.897806,0.029,5977.0,0.27435,0.911,1.033,8.51
Kepler-374 c,Kepler-374,1.1,1.37,5.66,0.0,1467.0,966.591,3.282807,0.042,5977.0,0.27435,0.911,1.033,8.51
Kepler-374 d,Kepler-374,1.31,2.27,5.55,0.0,1272.0,548.099,5.028219,0.056,5977.0,0.27435,0.911,1.033,8.51
Kepler-375 b,Kepler-375,1.45,2.7,4.87,0.0,851.0,64.444,12.125934,0.101,5826.0,-0.16278,0.837,0.891,0.4
Kepler-375 c,Kepler-375,2.65,7.51,2.22,0.0,720.0,33.152,19.986326,0.141,5826.0,-0.16278,0.837,0.891,0.4
Kepler-376 b,Kepler-376,1.07,1.24,5.56,0.0,1242.0,689.912,4.920199,0.057,5900.0,0.35663,1.175,0.968,1.91
Kepler-376 c,Kepler-376,1.79,3.86,3.7,0.0,873.0,168.29,14.172327,0.115,5900.0,0.35663,1.175,0.968,1.91
Kepler-377 b,Kepler-377,1.39,2.51,5.14,0.0,875.0,139.112,12.509529,0.109,5949.0,0.21756,1.224,1.043,5.5
Kepler-377 c,Kepler-377,2.06,4.9,3.08,0.0,677.0,49.855,27.014976,0.182,5949.0,0.21756,1.224,1.043,5.5
Kepler-378 b,Kepler-378,0.75,0.347,4.52,0.0,503.0,17.819,16.092361,0.112,4661.0,-0.65539,0.671,0.78,3.24
Kepler-378 c,Kepler-378,0.7,0.271,4.34,0.0,414.0,8.166,28.906009,0.166,4661.0,-0.65539,0.671,0.78,3.24
Kepler-379 b,Kepler-379,1.66,3.39,4.07,0.0,775.0,90.346,20.09838,0.152,6054.0,0.27953,1.306,1.125,2.24
Kepler-379 c,Kepler-379,2.29,5.86,2.68,0.0,530.0,19.793,62.784697,0.326,6054.0,0.27953,1.306,1.125,2.24
Kepler-38 b,Kepler-38,4.3,122.0,,0.032,475.0,,105.599,0.4632,5623.0,0.49161,1.752,0.941,10.0
Kepler-380 b,Kepler-380,1.19,1.81,5.9,0.0,1317.0,808.093,3.930821,0.05,6045.0,0.2776,1.224,0.99,4.43
Kepler-380 c,Kepler-380,1.27,2.15,5.77,0.0,1056.0,333.565,7.630004,0.078,6045.0,0.2776,1.224,0.99,4.43
Kepler-381 b,Kepler-381,0.99,0.937,5.31,0.0,1576.0,716.085,5.629021,0.066,6152.0,0.5139,1.568,1.144,2.57
Kepler-381 c,Kepler-381,1.12,1.46,5.71,0.0,1180.0,225.331,13.391635,0.117,6152.0,0.5139,1.568,1.144,2.57
Kepler-381 d,Kepler-381,1.0667865,1.23,5.57,0.0,1387.0,436.7,8.256299973,0.08364,6197.0,0.5139,2.188,1.198,2.57
Kepler-382 b,Kepler-382,1.32,2.3,5.5,0.0,1166.0,381.465,5.262155,0.055,5600.0,0.14553,0.945,1.002,7.08
Kepler-382 c,Kepler-382,1.59,3.15,4.31,0.0,882.0,124.743,12.162701,0.097,5600.0,0.14553,0.945,1.002,7.08
Kepler-383 b,Kepler-383,1.32,2.3,5.5,0.0,545.0,20.91,12.904532,0.095,4710.0,-0.698,0.672,0.669,13.9
Kepler-383 c,Kepler-383,1.24,2.07,5.97,0.0,406.0,6.44,31.200751,0.172,4710.0,-0.698,0.672,0.669,13.9
Kepler-384 b,Kepler-384,1.12,1.46,5.71,0.0,670.0,101.549,22.597053,0.148,5577.0,0.39588,0.882,0.882,12.88
Kepler-384 c,Kepler-384,1.13,1.51,5.75,0.0,531.0,40.099,45.348269,0.236,5577.0,0.39588,0.882,0.882,12.88
Kepler-385 b,Kepler-385,2.73,12.8,3.46,0.0,951.0,143.919,10.043686,0.097,6326.0,0.14374,1.126,0.992,3.31
Kepler-385 c,Kepler-385,3.04,13.2,2.58,0.0,829.0,83.155,15.163161,0.127,6326.0,0.14374,1.126,0.992,3.31
Kepler-385 d,Kepler-385,2.6186448,7.36,2.25,0.0,535.0,15.0,56.4159,0.2872,5829.0,0.14374,1.157,1.05,3.31
Kepler-386 b,Kepler-386,1.39,2.51,5.14,0.0,651.0,43.262,12.31043,0.096,5178.0,-0.40199,0.767,0.825,9.9
Kepler-386 c,Kepler-386,1.58,3.12,4.35,0.0,513.0,16.657,25.193458,0.155,5178.0,-0.40199,0.767,0.825,9.9
Kepler-387 b,Kepler-387,1.03,1.08,5.43,0.0,994.0,304.081,6.791636,0.068,5774.0,0.13738,1.046,0.85,1.01
Kepler-387 c,Kepler-387,0.89,0.64,4.99,0.0,826.0,144.963,11.837549,0.098,5774.0,0.13738,1.046,0.85,1.01
Kepler-388 b,Kepler-388,0.81,0.457,4.73,0.0,830.0,112.21,3.173315,0.036,4498.0,-0.43932,0.586,0.635,13.9
Kepler-388 c,Kepler-388,0.86,0.566,4.89,0.0,515.0,16.64,13.297004,0.093,4498.0,-0.43932,0.586,0.635,13.9
Kepler-389 b,Kepler-389,1.51,2.89,4.61,0.0,1047.0,167.058,3.244107,0.041,5376.0,-0.51588,0.792,0.765,1.86
Kepler-389 c,Kepler-389,1.46,2.73,4.82,0.0,636.0,22.735,14.51143,0.11,5376.0,-0.51588,0.792,0.765,1.86
Kepler-39 b,Kepler-39,13.9,6388.1,13.0,0.112,897.0,90.22,21.08721,0.164,6350.0,0.34593,1.4,1.29,2.1
Kepler-390 b,Kepler-390,0.82,0.477,4.75,0.0,786.0,99.972,6.738088,0.065,5166.0,-0.352,0.776,0.787,3.24
Kepler-390 c,Kepler-390,0.79,0.418,4.66,0.0,630.0,41.351,13.060022,0.101,5166.0,-0.352,0.776,0.787,3.24
Kepler-391 b,Kepler-391,2.5,1100.0,380.0,0.46,930.0,690.0,7.4175,0.083,5038.0,0.66276,2.879,1.27,4.365
Kepler-391 c,Kepler-391,2.88,450.0,400.0,0.27,662.0,179.0,20.501,0.164,5038.0,0.66276,2.879,1.27,4.365
Kepler-392 b,Kepler-392,1.0,0.972,5.34,0.0,1125.0,450.654,5.341853,0.059,5938.0,0.19453,1.129,0.874,2.97
Kepler-392 c,Kepler-392,1.1,1.37,5.66,0.0,901.0,185.098,10.423118,0.093,5938.0,0.19453,1.129,0.874,2.97
Kepler-393 b,Kepler-393,1.29,2.21,5.66,0.0,1052.0,429.813,9.182417,0.091,6189.0,0.52394,1.382,1.256,2.82
Kepler-393 c,Kepler-393,1.33,2.33,5.44,0.0,901.0,231.213,14.613612,0.124,6189.0,0.52394,1.382,1.256,2.82
Kepler-394 b,Kepler-394,1.6,3.19,4.28,0.0,1035.0,164.78,8.005013,0.083,6402.0,0.05347,1.132,0.87,0.25
Kepler-394 c,Kepler-394,1.66,3.39,4.07,0.0,901.0,94.528,12.130686,0.11,6402.0,0.05347,1.132,0.87,0.25
Kepler-394 d,Kepler-394,1.50066814,2.86,4.65,0.0,1165.0,302.0,5.613580227,0.05904,6398.0,0.05347,1.101,1.141,0.25
Kepler-395 b,Kepler-395,1.03,1.08,5.43,0.0,576.0,17.8,7.054346,0.061,4262.0,-1.194,0.556,0.622827,1.6
Kepler-395 c,Kepler-395,1.32,2.3,5.5,0.0,341.0,2.11,34.989262,0.177,4262.0,-1.194,0.556,0.622827,1.6
Kepler-396 b,Kepler-396,3.5,75.5,9.68,0.0,496.0,13.731,42.994,0.24067,5656.0,-0.13461,1.06,0.85,0.62
Kepler-396 c,Kepler-396,5.3,17.9,0.661,0.0,390.0,5.244,88.505,0.38946,5656.0,-0.13461,1.06,0.85,0.62
Kepler-397 b,Kepler-397,2.46,6.62,2.44,0.0,539.0,20.01,22.250949,0.144,5307.0,-0.376,0.767,0.844,5.25
Kepler-397 c,Kepler-397,6.18,31.6,0.736,0.0,295.0,1.8,135.498527,0.48,5307.0,-0.376,0.767,0.844,5.25
Kepler-398 b,Kepler-398,0.93,0.749,5.12,0.0,755.0,81.287,4.081423,0.044,4493.0,-0.81101,0.613,0.649,2.34
Kepler-398 c,Kepler-398,1.01,1.01,5.39,0.0,536.0,20.556,11.419412,0.087,4493.0,-0.81101,0.613,0.649,2.34
Kepler-398 d,Kepler-398,0.88,0.615,4.96,0.0,636.0,40.831,6.83437001,0.0618,4557.0,-0.81101,0.67,0.72,2.34
Kepler-399 b,Kepler-399,0.96,0.84,5.22,0.0,773.0,35.63,14.425281,0.103,5502.0,-0.418,0.68,0.902,3.98
Kepler-399 c,Kepler-399,1.43,2.63,4.94,0.0,630.0,15.69,26.67569,0.155,5502.0,-0.418,0.68,0.902,3.98
Kepler-399 d,Kepler-399,1.89,4.23,3.44,0.0,486.0,5.57,58.034616,0.261,5502.0,-0.418,0.68,0.902,3.98
Kepler-4 b,Kepler-4,4.002,24.472,1.91,0.0,1650.0,1245.431,3.21346,0.0456,5857.0,0.354,1.487,1.223,4.5
Kepler-40 b,Kepler-40,13.11,699.2,1.68,0.0,1620.0,1187.965,6.87349,0.08,6510.0,0.81889,2.13,1.48,2.8
Kepler-400 b,Kepler-400,1.65,3.36,4.11,0.0,939.0,183.39,9.024389,0.087,5886.0,0.152,1.145,1.08,3.63
Kepler-400 c,Kepler-400,1.49,2.83,4.7,0.0,755.0,76.86,17.340824,0.134,5886.0,0.152,1.145,1.08,3.63
Kepler-401 b,Kepler-401,1.71,3.57,3.92,0.0,889.0,254.25,14.383035,0.122,6117.0,0.56611,1.333,1.173,3.55
Kepler-401 c,Kepler-401,2.15,5.27,2.91,0.0,598.0,51.996,47.318218,0.269,6117.0,0.56611,1.333,1.173,3.55
Kepler-401 d,Kepler-401,2.27,5.77,2.71,0.0,380.0,8.485,184.256405,0.66886,6184.0,0.56611,1.29,1.17,3.39
Kepler-402 b,Kepler-402,1.22,1.98,5.99,0.0,1311.0,619.844,4.028751,0.051,6090.0,0.2035,1.264,1.072,1.4
Kepler-402 c,Kepler-402,1.56,3.05,4.41,0.0,1140.0,353.973,6.124821,0.068,6090.0,0.2035,1.264,1.072,1.4
Kepler-402 d,Kepler-402,1.38,2.48,5.19,0.0,1006.0,214.277,8.921099,0.087,6090.0,0.2035,1.264,1.072,1.4
Kepler-402 e,Kepler-402,1.46,2.73,4.82,0.0,931.0,157.481,11.242861,0.102,6090.0,0.2035,1.264,1.072,1.4
Kepler-403 b,Kepler-403,1.25,2.1,5.91,0.0,1194.0,689.457,7.031462,0.076,6090.0,0.64405,1.329,1.299,3.09
Kepler-403 c,Kepler-403,1.75,3.71,3.8,0.0,604.0,45.154,54.280749,0.297,6090.0,0.64405,1.329,1.299,3.09
Kepler-403 d,Kepler-403,1.42,2.6,4.99,0.0,958.0,285.295,13.61159129,0.12178,6209.0,0.64405,1.45,1.25,3.09
Kepler-404 b,Kepler-404,1.27,2.15,5.77,0.0,730.0,44.534,11.829851,0.102,5654.0,-0.33704,0.884,0.86,1.35
Kepler-404 c,Kepler-404,1.72,3.61,3.9,0.0,678.0,33.153,14.751166,0.118,5654.0,-0.33704,0.884,0.86,1.35
Kepler-405 b,Kepler-405,2.08,4.98,3.04,0.0,785.0,55.623,10.613839,0.095,5818.0,-0.33143,0.893,0.873,2.09
Kepler-405 c,Kepler-405,4.66,19.6,1.06,0.0,557.0,14.086,29.726682,0.188,5818.0,-0.33143,0.893,0.873,2.09
Kepler-406 b,Kepler-406,1.43,6.35,11.82,0.0,1302.0,826.933,2.42629,0.03599,5538.0,0.0482,1.07,1.07,5.84
Kepler-406 c,Kepler-406,0.85,2.71,24.39,0.0,1050.0,349.769,4.62332,0.05531,5538.0,0.0482,1.07,1.07,5.84
Kepler-407 b,Kepler-407,1.19,1.93,5.876579,0.0,1983.0,4102.008,0.6693124,0.01531,5487.0,-0.10791,1.04,0.99,2.88
Kepler-407 c,Kepler-407,12.3,4000.0,11.8,0.221479,,,3000.0,3.27090369,5476.0,-0.03934,1.01,1.0,7.47
Kepler-408 b,Kepler-408,0.82,5.0,,0.0,1561.0,1503.581,2.46502,0.03592,6104.0,0.28298,1.23,1.08,6.68
Kepler-409 b,Kepler-409,1.199,6.0,19.0,0.69,438.0,6.15,68.9583216,0.3192,5421.0,-0.20201,0.897,0.913,5.8
Kepler-41 b,Kepler-41,14.46,177.98,0.33,0.0,1790.0,2036.749,1.8555582,0.03101,5750.0,0.26161,1.29,1.15,4.4
Kepler-410 A b,Kepler-410 A,2.838,8.44,2.03,0.17,866.0,159.5,17.833648,0.1226,6273.0,0.435,1.352,1.214,2.76
Kepler-411 b,Kepler-411,2.401,25.6,10.3,0.146,1138.0,201.3,3.005156,0.0375,4974.0,-0.57899,0.82,0.87,0.212
Kepler-411 c,Kepler-411,4.421,26.4,1.7,0.108,838.0,56.0,7.834435,0.0739,4974.0,-0.57899,0.82,0.87,0.212
Kepler-411 d,Kepler-411,3.319,15.2,2.3,0.128,410.0,3.9,58.02035,0.279,4974.0,-0.57899,0.82,0.87,0.212
Kepler-411 e,Kepler-411,3.28,10.8,1.68,0.016,503.0,,31.509728,0.186,4974.0,-0.57899,0.82,0.87,0.212
Kepler-412 b,Kepler-412,15.031269,299.07803,0.52,0.0038,1850.0,2144.307,1.7208604,0.02897,5750.0,0.26854,1.287,1.167,5.37
Kepler-413 b,Kepler-413,4.347,67.0,3.2,0.1181,,,66.262,0.3553,4700.0,-0.42994,0.7761,0.82,
Kepler-414 b,Kepler-414,1.71,3.5,3.85,0.0,1024.0,241.171,4.7,0.0543,5536.0,-0.16917,0.946,0.89,1.55
Kepler-414 c,Kepler-414,3.01,29.9,6.02,0.0,890.0,137.086,7.171,0.07195,5536.0,-0.16917,0.946,0.89,1.55
Kepler-415 b,Kepler-415,1.21,119.9,372.0,0.0,694.0,69.834,4.176,0.0426,4362.0,-0.80504,0.643,0.67,4.9
Kepler-415 c,Kepler-415,2.01,4.7,3.18,0.0,543.0,26.237,8.708,0.0695,4362.0,-0.80504,0.643,0.67,4.9
Kepler-416 b,Kepler-416,2.48,58.2,21.0,0.0,986.0,224.089,6.319,0.0674,5718.0,0.02791,1.075,1.0,2.69
Kepler-416 c,Kepler-416,2.352,6.13,2.59,0.0,791.0,93.072,12.209,0.10454,5718.0,0.02791,1.075,1.0,2.69
Kepler-416 d,Kepler-416,1.61,3.22,4.24,0.0,1253.0,583.25,3.07644709,0.0407,5670.0,0.02791,1.022,0.949,2.69
Kepler-417 b,Kepler-417,2.31,11.0,4.9,0.0,671.0,43.624,12.331,0.1006,5177.0,-0.41061,0.806,0.9,4.9
Kepler-417 c,Kepler-417,2.69,7.7,2.17,0.0,616.0,30.968,15.943,0.1194,5177.0,-0.41061,0.806,0.9,4.9
Kepler-418 b,Kepler-418,13.45,349.6112477,,0.2,434.0,8.877,86.67856,0.39249,5820.0,0.11114,1.09,0.98,7.0
Kepler-418 c,Kepler-418,5.22108654,23.7,0.915,0.0,835.0,107.6,12.21829987,0.10632,5822.0,0.11114,1.081,0.957,2.1
Kepler-419 b,Kepler-419,10.8,794.5,3.5,0.833,613.0,37.416,69.7546,0.37,6430.0,0.7268,1.74,1.39,2.14
Kepler-419 c,Kepler-419,12.6,2320.1,6.37,0.184,,,675.47,1.68,6430.0,0.7268,1.74,1.39,2.14
Kepler-42 b,Kepler-42,0.78,0.705944,0.15,0.04,519.0,22.388,1.2137672,0.0116,3068.0,-2.62,0.17,0.13,4.5
Kepler-42 c,Kepler-42,0.73,60.337,98.0,0.0,720.0,82.125,0.45328509,0.006,3068.0,-2.62,0.17,0.13,4.5
Kepler-42 d,Kepler-42,0.57,0.357785,0.55,0.02,450.0,12.538,1.865169,0.0154,3068.0,-2.62,0.17,0.13,4.5
Kepler-421 b,Kepler-421,4.16,16.1,1.23,0.041,185.0,0.2,704.1984,1.219,5308.0,-0.398,0.757,0.794,4.0
Kepler-422 b,Kepler-422,12.89,136.66,0.38,0.0,1028.0,264.983,7.8914483,0.082,5972.0,0.24,1.24,1.15,3.4
Kepler-423 b,Kepler-423,13.361,189.101,0.459,0.019,1605.0,649.148,2.6843285,0.03585,5560.0,-0.018,0.95,0.85,11.0
Kepler-424 b,Kepler-424,9.98,327.35,1.94,0.0,1116.0,470.754,3.3118644,0.044,5460.0,-0.15,0.94,1.01,4.9
Kepler-424 c,Kepler-424,12.7,2215.18,5.94,,,,223.3,0.73,5460.0,-0.15,0.94,1.01,4.9
Kepler-425 b,Kepler-425,10.962,79.45,0.27,0.33,1070.0,229.036,3.79701816,0.0464,5170.0,-0.323,0.86,0.93,5.0
Kepler-426 b,Kepler-426,12.22,108.06,0.26,0.18,1300.0,410.723,3.21751883,0.0414,5725.0,-0.089,0.92,0.91,6.0
Kepler-427 b,Kepler-427,13.79,92.17,0.16,0.57,1100.0,208.721,10.290994,0.091,5800.0,0.29,1.35,0.96,7.0
Kepler-428 b,Kepler-428,12.11,403.63,1.02,0.22,1070.0,195.088,3.52563254,0.0433,5150.0,-0.39,0.8,0.87,5.0
Kepler-43 b,Kepler-43,13.663771,1026.5909,5.0,0.017,1620.0,1138.115,3.0240949,0.046,6041.0,0.326,1.42,1.32,0.69
Kepler-430 b,Kepler-430,3.25,10.6,1.7,0.0,667.0,40.844,35.968,0.2244,5884.0,0.31207,1.485,1.166,4.68
Kepler-430 c,Kepler-430,1.75,3.71,3.8,0.0,458.0,9.096,110.979,0.4757,5884.0,0.31207,1.485,1.166,4.68
Kepler-431 b,Kepler-431,0.764,0.37,4.56,0.0,1032.0,577.545,6.803,0.0719,6004.0,0.49839,1.092,1.071,4.34
Kepler-431 c,Kepler-431,0.668,0.229,4.22,0.0,951.0,415.545,8.703,0.0847,6004.0,0.49839,1.092,1.071,4.34
Kepler-431 d,Kepler-431,1.11,1.41,5.67,0.0,856.0,272.838,11.922,0.1045,6004.0,0.49839,1.092,1.071,4.34
Kepler-432 b,Kepler-432,12.834305,1719.4603,4.46,0.5134,812.0,97.846,52.501129,0.301,4995.0,0.92561,4.06,1.32,4.2
Kepler-432 c,Kepler-432,13.3,772.3269,1.8,0.498,,,406.2,,4995.0,0.92561,4.06,1.32,4.2
Kepler-433 b,Kepler-433,16.25,896.24,1.13,0.119,1776.0,1682.66,5.33408384,0.0679,6360.0,0.88,2.26,1.46,2.67
Kepler-434 b,Kepler-434,12.67,908.96,2.4,0.131,1000.0,158.285,12.8747099,0.1143,5977.0,0.33,1.38,1.198,4.0
Kepler-435 b,Kepler-435,22.31,266.97,0.131,0.114,1729.0,677.917,8.6001536,0.0948,6161.0,1.129,3.21,1.538,2.25
Kepler-436 b,Kepler-436,2.73,7.9,2.13,0.19,322.0,1.69,64.00205,0.339,4651.0,-0.701,0.697,0.729,3.0
Kepler-436 c,Kepler-436,2.33,6.04,2.62,0.0,503.0,14.52,16.79713874,0.11452,4685.0,-0.701,0.71,0.75,4.07
Kepler-437 b,Kepler-437,2.14,5.22,2.93,0.02,308.0,2.15,66.65062,0.288,4551.0,-0.762,0.68,0.707,2.9
Kepler-438 b,Kepler-438,1.12,1.46,5.71,0.03,288.0,1.4,35.23319,0.166,3748.0,-1.357,0.52,0.544,4.4
Kepler-439 b,Kepler-439,2.24,5.65,2.76,0.03,291.0,1.83,178.1396,0.563,5431.0,-0.236,0.866,0.884,7.2
Kepler-44 b,Kepler-44,12.22,317.82,0.93,0.066,1544.0,1109.223,3.2467293,0.0446,5800.0,0.34743,1.35,1.12,5.8
Kepler-440 b,Kepler-440,1.86,4.12,3.52,0.34,229.0,1.2,101.11141,0.242,4134.0,-1.102,0.559,0.575,1.3
Kepler-441 b,Kepler-441,1.64,3.33,4.15,0.1,189.0,0.21,207.2482,0.64,4340.0,-1.051,0.55,0.572,1.9
Kepler-442 b,Kepler-442,1.34,2.36,5.39,0.04,241.0,0.66,112.3053,0.409,4402.0,-0.932,0.598,0.609,2.9
Kepler-443 b,Kepler-443,2.33,6.04,2.62,0.11,233.0,0.86,177.6693,0.495,4723.0,-0.664,0.706,0.738,3.2
Kepler-444 b,Kepler-444,0.403,0.0374,3.14,0.16,938.0,225.735,3.6001053,0.04178,5046.0,-0.42455,0.752,0.758,11.23
Kepler-444 c,Kepler-444,0.497,0.0793,3.55,0.31,868.0,165.73,4.5458841,0.04881,5046.0,-0.42455,0.752,0.758,11.23
Kepler-444 d,Kepler-444,0.53,0.2,7.9,0.18,783.0,109.638,6.189392,0.06,5046.0,-0.42455,0.752,0.758,11.23
Kepler-444 e,Kepler-444,0.546,0.1,4.8,0.1,727.0,81.344,7.743493,0.0696,5046.0,-0.42455,0.752,0.758,11.23
Kepler-444 f,Kepler-444,0.741,0.332,4.48,0.29,673.0,59.915,9.740486,0.0811,5046.0,-0.42455,0.752,0.758,11.23
Kepler-445 b,Kepler-445,1.58,3.12,4.35,0.0,401.0,17.657,2.984151,0.0217,3157.0,-2.09994,0.21,0.18,6.61
Kepler-445 c,Kepler-445,2.51,6.85,2.38,0.0,341.0,9.177,4.871229,0.0301,3157.0,-2.09994,0.21,0.18,6.61
Kepler-445 d,Kepler-445,1.25,2.1,5.91,0.0,305.0,4.314,8.15275,0.0439,3157.0,-2.09994,0.21,0.18,6.61
Kepler-446 b,Kepler-446,1.5,2.86,4.66,0.0,648.0,16.213,1.565409,0.0182,3359.0,-2.24766,0.24,0.22,3.72
Kepler-446 c,Kepler-446,1.11,1.41,5.67,0.0,520.0,6.705,3.036179,0.0283,3359.0,-2.24766,0.24,0.22,3.72
Kepler-446 d,Kepler-446,1.35,2.39,5.34,0.0,436.0,3.307,5.148921,0.0403,3359.0,-2.24766,0.24,0.22,3.72
Kepler-447 b,Kepler-447,18.49,435.41,0.4,0.123,882.0,119.039,7.79430132,0.0769,5493.0,-0.19007,1.05,1.0,1.62
Kepler-448 c,KOI-12,12.0,6992.26,22.2,0.65,,,2500.0,4.2,6635.0,0.62645,1.4,1.5,1.45
Kepler-449 b,Kepler-449,2.056,4.88,3.09,0.03,917.0,167.41,12.58242,0.1027,5649.18,0.296,1.467,1.02,9.77
Kepler-449 c,Kepler-449,2.764,8.07,2.1,0.05,661.0,45.09,33.6727,0.1979,5649.18,0.296,1.467,1.02,9.77
Kepler-45 b,Kepler-45,10.76,160.497,0.8,0.11,1000.0,68.37,2.455239,0.03,3820.0,-1.27572,0.55,0.59,0.5
Kepler-450 b,Kepler-450,6.14,19.4,0.75,0.02,769.0,94.325,28.454851,0.20092,6197.21,0.55403,1.64162,1.19,2.57
Kepler-450 c,Kepler-450,2.62,12.5,8.8,0.02,944.0,213.731,15.413135,0.13351,6197.21,0.55403,1.64162,1.19,2.57
Kepler-450 d,Kepler-450,0.837,17.6,77.0,0.14,1199.0,557.205,7.51464,0.0827,6197.21,0.55403,1.64162,1.19,2.57
Kepler-451 c,2MASS J19383260+4603591,13.5,511.70373527,1.14,0.29,,,1460.0,,29564.0,1.45,0.203,0.48,
Kepler-451 d,2MASS J19383260+4603591,13.5,559.37799632,1.25,0.0,,,43.0,,29564.0,1.45,0.203,0.48,
Kepler-452 b,Kepler-452,1.63,3.29,4.17,0.0,265.0,1.1,384.843,1.046,5757.0,0.08448,1.11,1.037,6.0
Kepler-453 b,Kepler-453,6.204,16.0,,0.0359,,,240.503,0.7903,5527.0,-0.2205,0.833,0.944,2.49
Kepler-454 b,Kepler-454,2.37,5.4,2.23,0.32,916.0,117.7,10.5737534,0.09528,5687.0,0.05259,1.066,1.03,5.25
Kepler-454 c,Kepler-454,12.9,1433.40611557,3.67,0.0053,,,524.19,1.287,5687.0,0.05259,1.066,1.03,5.25
Kepler-454 d,Kepler-454,13.3,734.18362017,1.71,0.089,,,4073.0,5.1,5687.0,0.05259,1.066,1.03,5.25
Kepler-457 d,KOI-7892,2.98467257,9.19,1.9,0.0,1008.0,244.47,10.6906004,0.0996,6474.0,0.2987,1.242,1.148,
Kepler-458 c,KIC 9663113,4.2,16.4,1.22,0.0,798.0,279.787,20.74028413,0.17012,6117.21,0.7919,2.21562,1.15,2.14
Kepler-46 b,Kepler-46,9.057,1907.0,14.0,0.01,543.0,10.9,33.60134,0.1968,5155.0,-0.255,0.938,0.902,9.7
Kepler-46 c,Kepler-46,13.5,119.499,0.267,0.0146,455.0,,57.011,0.2799,5155.0,-0.255,0.938,0.902,9.7
Kepler-46 d,Kepler-46,1.64,3.33,4.15,0.0,845.0,92.346,6.766589,0.067,5309.0,-0.255,0.79,0.883,2.34
Kepler-460 c,KIC 5437945,5.52,26.1,0.853,0.0,389.0,7.4,220.1303357,0.75318,6146.0,0.64137,1.26,1.17,3.16
Kepler-461 b,Kepler-461,2.58,7.18,2.3,0.0,886.0,254.906,8.313783059,0.07895,5634.0,0.24622,0.91,0.98,2.51
Kepler-462 b,Kepler-462,3.0,53.9,9.3,0.042,611.0,31.269,84.6866,0.4172,7500.0,0.92588,1.57,1.59,0.5
Kepler-462 c,Kepler-462,4.0,6.0,0.4,0.11,453.0,9.97,207.62,0.7584,7500.0,0.92588,1.57,1.59,0.5
Kepler-463 b,Kepler-463,3.05,9.53,1.85,0.0,880.0,166.039,8.981016833,0.07925,5661.0,0.07904,0.9,0.87,7.41
Kepler-464 b,Kepler-464,3.3,10.9,1.67,0.0,1163.0,495.005,7.256965224,0.07931,5933.0,0.48379,1.59,1.21,4.9
Kepler-465 b,Kepler-465,2.95,9.01,1.93,0.0,996.0,227.82,9.940672466,0.09195,6310.0,0.33805,1.29,1.23,2.19
Kepler-466 b,Kepler-466,2.85,8.5,2.02,0.0,503.0,12.5,51.07926307,0.26769,5927.0,-0.06719,1.05,1.04,3.47
Kepler-466 c,Kepler-466,1.25,2.1,5.91,0.0,1206.0,410.4,3.709213846,0.04658,5927.0,-0.06719,1.05,1.04,3.47
Kepler-467 b,Kepler-467,2.25,5.69,2.74,0.0,712.0,72.749,24.99324193,0.16848,5809.0,0.32254,1.37,1.05,8.13
Kepler-468 b,Kepler-468,13.34,,,0.0,484.0,11.241,38.478757067,0.2213,5498.0,-0.28606,0.87,0.96,2.0
Kepler-47 b,Kepler-47,3.05,2.07,0.4,0.021,,,49.4643,0.2877,5636.0,-0.076,0.936,0.957,
Kepler-47 c,Kepler-47,4.65,3.17,0.17,0.044,,,303.227,0.9638,5636.0,-0.076,0.936,0.957,
Kepler-47 d,Kepler-47,7.04,19.02,0.3,0.024,,,187.366,0.6992,5636.0,-0.076,0.936,0.957,
Kepler-471 b,Kepler-471,14.96,,,0.0,1308.0,1146.878,5.014234575,0.0626,6733.0,0.71017,1.8,1.49,1.58
Kepler-472 b,Kepler-472,3.22,10.5,1.73,0.0,876.0,139.236,4.176255514,0.04823,4996.0,-0.51255,0.78,0.85,2.69
Kepler-473 b,Kepler-473,4.08,15.6,1.26,0.0,879.0,243.376,14.55731705,0.12048,5816.0,0.5248,1.34,1.06,6.92
Kepler-474 b,Kepler-474,3.06,9.59,1.84,0.0,1115.0,671.064,5.660672935,0.06092,5785.0,0.41682,1.08,0.99,6.76
Kepler-475 b,Kepler-475,2.49,6.76,2.41,0.0,980.0,215.462,3.105508189,0.03989,5009.0,-0.46424,0.79,0.86,2.69
Kepler-476 b,Kepler-476,3.08,9.69,1.82,0.0,807.0,100.09,14.00640607,0.1126,5837.0,0.0949,1.09,1.03,5.37
Kepler-477 b,Kepler-477,2.07,4.94,3.06,0.0,649.0,38.71,11.11990653,0.0911,5240.0,-0.372,0.79,0.87,2.09
Kepler-478 b,Kepler-478,2.71,7.8,2.15,0.0,640.0,39.56,13.2217576,0.1032,5210.0,-0.371,0.8,0.85,4.9
Kepler-479 b,Kepler-479,2.12,5.14,2.96,0.0,649.0,37.753,12.49341307,0.09636,5247.0,-0.40903,0.81,0.86,4.27
Kepler-48 b,Kepler-48,1.88,3.94,3.23,0.0,932.0,173.12,4.778,0.05394,5194.0,-0.28926,0.89,0.88,3.14
Kepler-48 c,Kepler-48,2.71,14.61,4.01,0.0,736.0,67.593,9.67395,0.08633,5194.0,-0.28926,0.89,0.88,3.14
Kepler-48 d,Kepler-48,2.04,7.93,5.08,0.0,448.0,9.292,42.8961,0.23302,5194.0,-0.28926,0.89,0.88,3.14
Kepler-48 e,Kepler-48,13.4,657.0,1.5,0.003142,,,982.0,1.898274748,5194.0,-0.28926,0.89,0.88,3.14
Kepler-48 f,Kepler-48,13.8,298.5809968,0.624,0.015283,,,5219.681854,5.719187877,5190.0,-0.28926,0.836,0.916,2.69
Kepler-480 b,Kepler-480,2.78,8.15,2.08,0.0,1312.0,764.078,4.919583795,0.06024,6322.0,0.47779,1.34,1.25,2.34
Kepler-481 b,Kepler-481,2.5,6.8,2.39,0.0,899.0,183.842,10.06082567,0.08926,5802.0,0.20725,1.09,1.01,6.17
Kepler-482 b,Kepler-482,2.36,6.17,2.58,0.0,352.0,4.436,56.35418576,0.25787,4871.0,-0.53864,0.72,0.75,6.03
Kepler-483 b,Kepler-483,3.21,10.4,1.73,0.0,755.0,61.495,30.229104,0.19471,6346.0,0.43879,1.47,1.28,2.63
Kepler-484 b,Kepler-484,2.28,5.82,2.7,0.0,766.0,90.629,10.045569313,0.09036,5668.0,-0.13505,0.87,0.96,1.48
Kepler-485 b,Kepler-485,14.41,,,0.0,1243.0,622.014,3.243259796,0.04401,5958.0,0.07908,1.09,1.07,3.72
Kepler-487 b,Kepler-487,11.42,,,0.0,662.0,51.492,15.358768403,0.11819,5444.0,-0.17269,0.88,0.91,5.62
Kepler-487 c,Kepler-487,2.68,7.65,2.18,0.0,487.0,15.038,38.6519976,0.21864,5444.0,-0.17269,0.88,0.91,5.62
Kepler-487 d,Kepler-487,2.77513568,8.12,2.09,0.0,1226.0,550.8,2.418390036,0.03445,5422.0,-0.17269,0.887,0.874,4.68
Kepler-489 b,Kepler-489,7.72,46.1,0.551,0.0,538.0,20.618,17.276296119,0.12109,5014.0,-0.51802,0.76,0.82,3.31
Kepler-49 b,Kepler-49,2.579,9.77,3.082111,0.0,509.0,21.481,7.2,0.05929,4095.6,-1.13077,0.618,0.607,2.88
Kepler-49 c,Kepler-49,2.444,8.38,3.109679,0.008,443.0,12.341,10.91,0.07821,4095.6,-1.13077,0.618,0.607,2.88
Kepler-49 d,Kepler-49,1.6,235.982,20.0,0.0,717.0,64.39,2.576549,0.031,4252.0,-1.13077,0.559,0.549,2.88
Kepler-49 e,Kepler-49,1.56,1.03815,0.046,0.0,371.0,6.063,18.596108,0.116,4252.0,-1.13077,0.559,0.549,2.88
Kepler-490 b,Kepler-490,11.65,,,0.0,1597.0,1059.522,3.268695154,0.0453,6045.0,0.36497,1.12,1.08,3.47
Kepler-491 b,Kepler-491,8.92,59.0,0.457,0.0,1111.0,312.514,4.225384512,0.05191,5582.0,-0.05683,1.03,1.04,4.47
Kepler-493 b,Kepler-493,15.13,,,0.0,1438.0,1414.329,3.003876581,0.0439,6457.0,0.43813,1.54,1.36,2.0
Kepler-495 b,Kepler-495,5.23,23.8,0.914,0.0,1200.0,310.021,3.413036221,0.0427,5346.0,-0.2375,0.83,0.86,4.37
Kepler-495 c,Kepler-495,1.21936414,1.98,6.0,0.0,1000.0,108.13,5.896609783,0.0614,5392.0,-0.2375,1.087,0.888,0.6
Kepler-496 b,Kepler-496,2.32,5.99,2.64,0.0,747.0,62.926,8.30864937,0.0747,5293.0,-0.41551,0.82,0.86,4.57
Kepler-497 b,Kepler-497,6.04,30.4,0.758,0.0,1210.0,1129.272,3.573203671,0.0457,5834.0,0.25216,1.11,1.09,3.55
Kepler-498 b,Kepler-498,3.03,9.43,1.86,0.0,931.0,202.775,9.61375356,0.0897,5744.0,0.17242,0.96,0.98,3.89
Kepler-499 b,Kepler-499,2.17,5.35,2.88,0.0,844.0,148.456,5.632528453,0.0598,5312.0,-0.27919,0.83,0.87,4.57
Kepler-5 b,Kepler-5,15.984034,670.93913,0.4,0.0,1750.0,1822.758,3.5484657,0.0538,6297.0,0.65242,1.793,1.374,2.88
Kepler-50 b,Kepler-50,1.71,8.9,6.04982,0.0,1196.0,494.705,7.81254,0.077,6225.0,0.53582,1.58,1.24,3.8
Kepler-50 c,Kepler-50,2.17,8.2,9.249213,0.0,1125.0,388.444,9.37647,0.087,6225.0,0.53582,1.58,1.24,3.8
Kepler-500 b,Kepler-500,2.58,7.18,2.3,0.0,909.0,193.68,8.508324398,0.08361,5813.0,0.11615,1.03,1.02,4.37
Kepler-501 b,Kepler-501,4.3,17.1,1.18,0.0,1125.0,324.856,5.640677572,0.0627,5904.0,0.21635,1.04,1.03,3.31
Kepler-501 c,Kepler-501,1.68119739,3.47,4.01,0.0,1304.0,683.84,3.622760057,0.0467,5794.0,0.21635,1.216,1.032,0.3
Kepler-502 b,Kepler-502,4.77,20.4,1.03,0.0,1217.0,859.509,4.28686431,0.0535,6125.0,0.34908,1.22,1.15,3.09
Kepler-504 b,Kepler-504,1.59,3.15,4.31,0.0,374.0,5.991,9.549275422,0.0646,3519.0,-1.57681,0.33,0.33,4.17
Kepler-505 b,Kepler-505,2.6,7.27,2.27,0.0,314.0,3.641,27.52197994,0.1445,3931.0,-1.07864,0.53,0.55,3.16
Kepler-506 b,Kepler-506,2.73,7.9,2.13,0.0,1080.0,330.547,6.8834055,0.07437,6236.0,0.28755,1.19,1.19,1.74
Kepler-507 b,Kepler-507,1.3,5.69692195,14.828486,0.0,1407.0,877.327,3.568096926,0.04781,6113.0,0.32648,1.32,1.16,3.8
Kepler-508 b,Kepler-508,1.64,3.33,4.15,0.0,710.0,60.372,25.30889748,0.17274,6025.0,0.28949,1.25,1.16,3.55
Kepler-509 b,Kepler-509,2.49,6.76,2.41,0.0,584.0,28.481,41.74600392,0.23702,6060.0,0.23291,1.2,1.1,4.27
Kepler-51 b,Kepler-51,7.1,2.1,0.03,0.04,543.0,10.119,45.154,0.2514,6018.0,-0.1417,0.94,1.04,0.3
Kepler-51 c,Kepler-51,9.0,4.0,0.03,0.014,439.0,4.331,85.312,0.384,6018.0,-0.1417,0.94,1.04,0.3
Kepler-51 d,Kepler-51,9.7,7.6,0.046,0.008,381.0,2.466,130.194,0.509,6018.0,-0.1417,0.94,1.04,0.3
Kepler-51 e,Kepler-51,2.18,5.4,2.86,0.02,,,264.284,,5674.0,-0.1417,0.87,0.96,0.7
Kepler-510 b,Kepler-510,2.47,6.66,2.43,0.0,797.0,114.389,19.55659418,0.1352,5746.0,0.33243,1.41,0.91,10.47
Kepler-511 b,Kepler-511,6.35,33.1,0.71,0.0,332.0,4.208,296.637865,0.85672,5770.0,0.49754,1.2,1.0,7.94
Kepler-511 c,Kepler-511,4.20964327,16.5,1.22,0.0,742.0,101.6,26.62949944,0.17177,5866.0,0.49754,1.417,0.958,9.12
Kepler-512 b,Kepler-512,2.69,7.7,2.17,0.0,652.0,32.329,34.43587975,0.21395,5997.0,0.21625,1.3,1.17,3.72
Kepler-513 b,Kepler-513,2.2,5.48,2.83,0.0,623.0,36.527,28.86235584,0.1779,5849.0,0.07874,1.06,1.02,5.5
Kepler-514 b,Kepler-514,1.72,3.61,3.9,0.0,1248.0,506.412,5.65179605,0.06559,6106.0,0.35265,1.44,1.28,2.69
Kepler-515 b,Kepler-515,1.46,2.73,4.82,0.0,564.0,47.97,19.96371318,0.1333,5293.0,-0.312,0.83,0.9,3.39
Kepler-516 b,Kepler-516,5.74,27.9,0.811,0.0,1095.0,174.58,24.85462415,0.1992,7099.0,0.79832,2.02,1.62,1.32
Kepler-517 b,Kepler-517,2.67,7.61,2.2,0.0,467.0,10.555,60.92832271,0.28682,5690.0,-0.01857,0.98,0.95,6.31
Kepler-518 b,Kepler-518,2.11,5.1,2.98,0.0,839.0,133.317,8.512035877,0.07996,5842.0,-0.04002,0.88,0.96,1.35
Kepler-519 b,Kepler-519,2.1,5.06,3.0,0.0,532.0,19.87,24.3078946,0.15932,5260.0,-0.33467,0.8,0.89,1.91
Kepler-52 b,Kepler-52,2.1,135.0,3.35,0.0,553.0,22.72,7.8773565,0.0637,4075.0,-0.99568,0.52,0.54,1.01
Kepler-52 c,Kepler-52,1.84,45.4,20.0,0.012,433.0,8.55,16.3850021,0.10379,4075.0,-0.99568,0.52,0.54,1.01
Kepler-52 d,Kepler-52,1.95,88.8775,18.0,0.0,332.0,2.945,36.445171,0.182,4263.0,-0.99568,0.556,0.577,1.01
Kepler-520 b,Kepler-520,1.66,3.39,4.07,0.0,711.0,59.77,19.67416124,0.14628,6112.0,0.51032,1.09,1.1,2.04
Kepler-520 c,Kepler-520,1.07,1.24,5.56,0.0,1107.0,351.69,5.21104261,0.06035,6112.0,0.51032,1.09,1.1,2.04
Kepler-521 b,Kepler-521,3.18,10.2,1.74,0.0,803.0,160.612,22.20813214,0.17116,6406.0,0.67119,1.46,1.34,1.78
Kepler-522 b,Kepler-522,6.91,38.2,0.636,0.0,761.0,63.855,38.58422849,0.25029,6392.0,0.65452,1.98,1.54,1.7
Kepler-523 b,Kepler-523,1.96,4.5,3.28,0.0,884.0,149.135,5.835983111,0.06159,5515.0,-0.27953,0.86,0.93,2.45
Kepler-524 b,Kepler-524,1.91,4.31,3.4,0.0,974.0,434.237,7.97419807,0.07955,6014.0,0.43947,1.1,1.09,3.02
Kepler-524 c,Kepler-524,0.96,0.84,5.22,0.0,1574.0,2959.338,1.88897906,0.03046,6014.0,0.43947,1.1,1.09,3.02
Kepler-525 b,Kepler-525,2.63,7.41,2.24,0.0,832.0,176.232,18.68404933,0.14386,5573.0,0.525,1.15,0.95,10.47
Kepler-526 b,Kepler-526,1.99,4.62,3.22,0.0,1099.0,584.354,5.458498316,0.06518,5894.0,0.35055,1.14,1.15,2.14
Kepler-527 b,Kepler-527,2.84,8.45,2.03,0.0,1157.0,147.046,13.28535633,0.11646,6388.0,0.32269,1.45,1.28,2.4
Kepler-528 b,Kepler-528,2.08,4.98,3.04,0.0,708.0,68.971,19.78297415,0.14219,5807.0,0.15784,1.06,1.01,5.5
Kepler-529 b,Kepler-529,1.86,4.12,3.52,0.0,1662.0,1808.41,1.980357663,0.0309,6087.0,0.207,1.14,1.07,3.98
Kepler-529 c,Kepler-529,2.0,4.66,3.2,0.0,891.0,149.42,12.8345022,0.1075,6087.0,0.207,1.14,1.07,3.98
Kepler-529 d,Kepler-529,2.79502603,8.22,2.07,0.0,633.0,37.92,35.86619949,0.2134,6078.0,0.241,1.189,1.005,0.2
Kepler-53 b,Kepler-53,2.89,111.0,1.18,0.0,701.0,60.997,18.6489525,0.1361,5858.0,0.03558,0.89,0.98,0.3
Kepler-53 c,Kepler-53,3.17,36.0,0.92,0.0,550.0,23.176,38.5583038,0.22091,5858.0,0.03558,0.89,0.98,0.3
Kepler-53 d,Kepler-53,2.12,37.1907,1.4,0.0,870.0,144.852,9.751962,0.091,6085.0,0.03558,0.958,0.966,0.3
Kepler-530 b,Kepler-530,3.01,9.32,1.88,0.0,488.0,14.238,39.30941904,0.21491,5697.0,-0.13247,0.89,0.97,1.78
Kepler-531 b,Kepler-531,2.78,8.15,2.08,0.0,453.0,10.007,29.88485741,0.17446,4893.0,-0.55216,0.75,0.78,7.76
Kepler-532 b,Kepler-532,2.57,7.13,2.31,0.0,620.0,34.089,12.92491623,0.10151,5192.0,-0.45789,0.79,0.87,2.0
Kepler-533 b,Kepler-533,3.38,11.4,1.62,0.0,423.0,8.769,28.51120525,0.16704,4758.0,-0.62007,0.72,0.78,3.24
Kepler-534 b,Kepler-534,2.24,5.65,2.76,0.0,721.0,63.95,15.95994513,0.1272,5884.0,0.14739,0.98,1.05,1.58
Kepler-534 c,Kepler-534,1.227,2.02,6.01,0.0,933.0,178.68,7.378689766,0.0761,5936.0,0.14739,0.965,1.075,1.58
Kepler-535 b,Kepler-535,2.36,6.17,2.58,0.0,1247.0,601.891,4.903321551,0.06011,6123.0,0.3406,1.27,1.18,3.24
Kepler-536 b,Kepler-536,3.1,9.8,1.81,0.0,1877.0,892.812,1.827082299,0.02835,5524.0,-0.21446,0.89,0.92,4.79
Kepler-537 b,Kepler-537,1.41,2.57,5.04,0.0,1181.0,442.522,3.247555219,0.04317,5763.0,-0.03874,0.99,1.07,1.45
Kepler-538 b,Kepler-538,2.215,12.9,6.5,0.21,417.0,5.07,81.73778,0.3554,5534.0,-0.17887,0.8717,0.892,5.3
Kepler-539 b,Kepler-539,8.373123,308.2951,2.9,0.39,387.6,3.681,125.63243,0.4988,5820.0,-0.06048,0.952,1.048,0.91
Kepler-539 c,Kepler-539,13.3,762.792,1.78,0.5,253.0,,1000.0,2.42,5820.0,-0.06048,0.952,1.048,0.91
Kepler-54 b,Kepler-54,2.1,0.98,0.76,0.022,453.0,12.357,8.0109434,0.0619,3705.0,-1.30103,0.5,0.51,4.83
Kepler-54 c,Kepler-54,1.23,0.7,2.376368,0.0,395.0,3.07,12.0717249,0.0809,3705.0,-1.30103,0.5,0.51,4.83
Kepler-54 d,Kepler-54,1.53,12.0946,9.2,0.0,328.0,3.425,20.995694,0.126,4252.0,-1.30103,0.554,0.518,4.83
Kepler-540 b,Kepler-540,2.71,7.8,2.15,0.0,355.0,4.525,172.7049784,0.58822,5946.0,0.20658,1.08,1.02,4.9
Kepler-541 b,Kepler-541,3.36,11.2,1.62,0.0,1673.0,1452.904,5.08005848,0.06447,6166.0,0.75505,2.06,1.41,3.09
Kepler-542 b,Kepler-542,1.57,3.09,4.39,0.0,698.0,61.573,13.14497566,0.10703,5526.0,-0.12185,0.9,0.93,4.57
Kepler-543 b,Kepler-543,2.5,6.8,2.39,0.0,521.0,23.081,13.89961966,0.1023,4671.0,-0.64251,0.67,0.7,5.75
Kepler-544 b,Kepler-544,2.12,5.14,2.96,0.0,748.0,126.031,21.41616926,0.15482,6206.0,0.52864,1.22,1.16,2.63
Kepler-545 b,Kepler-545,2.69,7.7,2.17,0.0,806.0,101.143,13.24934059,0.11248,5882.0,0.10684,1.07,1.04,4.47
Kepler-546 b,Kepler-546,7.0,39.1,0.626,0.0,1258.0,690.13,4.147020258,0.0502,5967.0,0.27057,1.15,1.11,3.31
Kepler-547 b,Kepler-547,4.0,15.1,1.3,0.0,768.0,87.713,6.010384289,0.058,4828.0,-0.55508,0.73,0.78,2.88
Kepler-548 b,Kepler-548,11.99,,,0.0,1017.0,237.035,4.454194338,0.0495,5535.0,-0.2012,0.9,0.93,4.37
Kepler-549 b,Kepler-549,2.57,11.0,1.9,0.0,487.0,9.549,42.9495649,0.23236,5360.0,-0.30618,0.84,0.88,4.57
Kepler-549 c,Kepler-549,2.93,8.91,1.95,0.0,349.0,2.51,117.040498,0.45332,5360.0,-0.30618,0.84,0.88,4.57
Kepler-549 d,Kepler-549,4.2,16.4,1.22,0.0,586.0,27.93,24.61480613,0.1575,5312.0,-0.30618,0.986,0.859,1.66
Kepler-55 b,Kepler-55,2.43,43.0,16.5,0.0,400.0,6.642,27.9481449,0.1593,4362.0,-0.76324,0.58,0.62,2.34
Kepler-55 c,Kepler-55,2.21,69.8,35.5,0.0,349.0,3.84,42.1516418,0.2095,4362.0,-0.76324,0.58,0.62,2.34
Kepler-55 d,Kepler-55,1.59,3.15,4.31,0.0,931.0,195.005,2.211099,0.029,4503.0,-0.76324,0.619,0.631,2.34
Kepler-55 e,Kepler-55,1.55,3.02,4.46,0.0,728.0,73.157,4.617534,0.048,4503.0,-0.76324,0.619,0.631,2.34
Kepler-55 f,Kepler-55,1.59,3.15,4.31,0.0,559.0,25.438,10.198545,0.081,4503.0,-0.76324,0.619,0.631,2.34
Kepler-550 b,Kepler-550,4.42,17.9,1.14,0.0,760.0,77.258,8.600104109,0.0747,5322.0,-0.38383,0.83,0.87,4.68
Kepler-551 b,Kepler-551,2.73,7.9,2.13,0.0,483.0,14.386,12.3764661,0.0893,4286.0,-0.89514,0.63,0.65,3.8
Kepler-552 b,Kepler-552,3.95,14.8,1.32,0.0,1103.0,358.994,5.263415765,0.0612,5863.0,0.06292,1.04,1.03,3.89
Kepler-553 b,Kepler-553,4.74139884,116.00736855,,0.0,1089.0,235.0,4.030467,0.04766,5191.0,-0.27084,0.902,0.889,8.8
Kepler-553 c,Kepler-553,11.57887706,2129.4503269,7.53,0.346,251.0,0.589,328.24017,0.898,5191.0,-0.27084,0.902,0.889,8.8
Kepler-554 b,Kepler-554,4.29,17.0,1.18,0.0,1346.0,877.945,1.902208556,0.03022,5447.0,-0.11758,0.92,0.93,5.62
Kepler-555 b,Kepler-555,2.83,8.4,2.04,0.0,664.0,129.374,16.21775407,0.1201,5894.0,0.26392,1.04,1.03,3.89
Kepler-556 b,Kepler-556,2.24,5.65,2.76,0.0,766.0,81.641,11.72292176,0.09833,5740.0,-0.04785,0.98,1.0,4.17
Kepler-557 b,Kepler-557,2.67,7.61,2.2,0.0,1281.0,2885.663,3.705989551,0.0469,6068.0,0.72814,1.16,1.11,3.24
Kepler-558 b,Kepler-558,2.37,6.21,2.56,0.0,498.0,15.227,29.00790538,0.1759,5242.0,-0.38422,0.81,0.85,4.47
Kepler-559 b,Kepler-559,3.61,12.7,1.48,0.0,706.0,42.543,17.58752333,0.1277,5630.0,-0.12141,0.95,0.96,4.37
Kepler-56 b,Kepler-56,6.51,22.1,0.442,0.04,1378.0,819.245,10.5016,0.1028,4840.0,0.90455,4.23,1.32,3.5
Kepler-56 c,Kepler-56,9.8,181.0,1.06,0.0,1087.0,317.206,21.40239,0.1652,4840.0,0.90455,4.23,1.32,3.5
Kepler-56 d,Kepler-56,12.8,1784.0,4.67,0.2,,,1002.0,2.16,4819.44,0.90455,4.21799,1.29,4.37
Kepler-560 b,Kepler-560,1.72,3.61,3.9,0.17,298.0,2.46,18.47764449,0.0899,3556.0,-1.717,0.33,0.34,4.07
Kepler-561 b,Kepler-561,6.96,38.7,0.631,0.0,446.0,7.565,58.3620495,0.29256,5646.0,-0.17974,0.94,0.96,4.27
Kepler-561 c,Kepler-561,2.68,7.65,2.18,0.0,989.0,183.166,5.350161983,0.05947,5646.0,-0.17974,0.94,0.96,4.27
Kepler-562 b,Kepler-562,5.21,23.7,0.921,0.0,658.0,67.435,18.009314436,0.1333,5575.0,0.01578,0.9,0.93,4.57
Kepler-563 b,Kepler-563,3.09,9.75,1.82,0.0,546.0,18.738,22.18432708,0.1418,5066.0,-0.44389,0.77,0.8,5.37
Kepler-564 b,Kepler-564,4.63,19.4,1.07,0.0,1129.0,389.404,3.750832285,0.0484,5626.0,-0.06437,0.92,0.95,4.27
Kepler-565 b,Kepler-565,3.64,12.9,1.47,0.0,1063.0,301.46,4.243747226,0.0501,5735.0,-0.0551,0.95,0.98,4.07
Kepler-566 b,Kepler-566,2.15,5.27,2.91,0.0,526.0,16.879,18.42794624,0.1247,5132.0,-0.52379,0.79,0.83,4.57
Kepler-567 b,Kepler-567,2.25,5.69,2.74,0.0,611.0,26.137,16.54297375,0.1229,5148.0,-0.40926,0.79,0.84,4.68
Kepler-568 b,Kepler-568,2.26,5.73,2.73,0.0,429.0,8.37,11.02347475,0.0794,3768.0,-1.33039,0.53,0.55,5.89
Kepler-569 b,Kepler-569,3.16,10.1,1.76,0.0,526.0,19.314,34.18890521,0.19784,5616.0,-0.10661,0.93,0.95,4.9
Kepler-57 b,Kepler-57,3.135,25.06,4.466029,0.0162,850.0,124.349,5.72,0.05988,5187.9,-0.34241,0.826,0.859,3.31
Kepler-57 c,Kepler-57,2.196,6.86,3.528714,0.0725,671.0,48.574,11.6,0.09588,5187.9,-0.34241,0.826,0.859,3.31
Kepler-570 b,Kepler-570,2.45,6.57,2.45,0.0,1009.0,214.04,4.301662003,0.0497,5496.0,-0.29611,0.9,0.93,5.01
Kepler-571 b,Kepler-571,2.64,7.46,2.23,0.0,978.0,219.036,4.798599388,0.0546,5527.0,-0.22253,0.9,0.93,4.68
Kepler-572 b,Kepler-572,2.58,7.18,2.3,0.0,553.0,26.889,17.20523483,0.1192,5212.0,-0.43426,0.79,0.83,4.68
Kepler-573 b,Kepler-573,2.79,8.2,2.07,0.0,646.0,46.44,22.18329658,0.14527,5746.0,0.0286,1.02,0.99,5.89
Kepler-574 b,Kepler-574,2.39,6.3,2.54,0.0,858.0,120.47,7.65880414,0.0723,5612.0,-0.21429,0.91,0.95,4.17
Kepler-575 b,Kepler-575,2.39,6.3,2.54,0.0,803.0,141.987,9.37891944,0.0788,5710.0,-0.08379,0.95,0.97,3.98
Kepler-576 b,Kepler-576,3.27,10.7,1.68,0.0,541.0,16.817,29.91136794,0.179,5672.0,-0.21068,0.97,0.99,4.47
Kepler-577 b,Kepler-577,2.55,7.04,2.33,0.0,314.0,5.688,25.69578251,0.1348,4984.0,-0.555,0.73,0.78,3.8
Kepler-578 b,Kepler-578,2.0,4.66,3.2,0.0,1774.0,496.898,1.616883696,0.0266,5334.0,-0.3369,0.83,0.87,4.68
Kepler-579 b,Kepler-579,2.0,4.66,3.2,0.0,730.0,60.609,9.66857723,0.0854,5636.0,-0.31094,0.96,0.99,4.07
Kepler-58 b,Kepler-58,2.78,35.5,10.1,0.04,920.0,112.992,10.2184954,0.09291,5843.0,-0.00422,1.03,0.95,2.14
Kepler-58 c,Kepler-58,2.86,53.0,10.0,0.0,799.0,64.389,15.5741568,0.12307,5843.0,-0.00422,1.03,0.95,2.14
Kepler-58 d,Kepler-58,2.94,245.343,0.53,0.0,583.0,18.244,40.101371,0.236,6099.0,-0.00422,1.127,1.024,2.14
Kepler-58 e,Kepler-58,1.61,597.796,131.0,0.0,1212.0,511.6,4.45814897,0.0533,6100.0,-0.00422,1.083,1.017,2.14
Kepler-580 b,Kepler-580,2.57,7.13,2.31,0.0,558.0,24.063,8.222419656,0.0683,4298.0,-0.89626,0.64,0.67,3.47
Kepler-581 b,Kepler-581,2.63,7.41,2.24,0.0,521.0,12.39,40.6069821,0.2259,5772.0,-0.16946,1.0,1.0,4.07
Kepler-582 b,Kepler-582,3.68,13.1,1.44,0.0,603.0,25.056,18.49235668,0.1254,5564.0,-0.41418,0.91,0.93,4.47
Kepler-583 b,Kepler-583,2.28,5.82,2.7,0.0,1017.0,178.699,6.5100253,0.0689,5523.0,-0.10059,0.91,0.94,4.47
Kepler-584 b,Kepler-584,4.21,16.5,1.22,0.0,664.0,76.339,35.1810304,0.2281,6195.0,0.52004,1.24,1.17,2.88
Kepler-585 b,Kepler-585,2.83,8.4,2.04,0.0,1178.0,489.149,2.752359753,0.03841,5593.0,-0.16334,0.93,0.96,3.63
Kepler-586 b,Kepler-586,2.79,8.2,2.07,0.0,1365.0,705.051,2.104722184,0.0331,5575.0,-0.14099,0.92,0.94,4.17
Kepler-587 b,Kepler-587,2.23,5.6,2.77,0.0,764.0,70.965,10.94027841,0.0952,5549.0,-0.23792,0.89,0.92,4.79
Kepler-588 b,Kepler-588,2.63,7.41,2.24,0.0,1176.0,718.075,4.221625357,0.052,5835.0,0.20713,1.0,1.01,4.07
Kepler-589 b,Kepler-589,2.27,5.77,2.71,0.0,656.0,32.142,16.54964934,0.1196,5296.0,-0.34669,0.83,0.88,4.47
Kepler-589 c,Kepler-589,1.11727238,1.45,5.71,0.0,1098.0,344.61,3.52466011,0.0426,5372.0,-0.34669,0.916,0.832,14.0
Kepler-59 b,Kepler-59,1.1,4.1,8.7,0.0,864.0,187.51,11.8681707,0.09943,6074.0,0.32374,0.94,1.04,0.26
Kepler-59 c,Kepler-59,1.98,3.81,1.62,0.0,752.0,107.741,17.9801235,0.13114,6074.0,0.32374,0.94,1.04,0.26
Kepler-590 b,Kepler-590,4.02,15.2,1.29,0.0,1056.0,782.415,5.85296257,0.0647,6000.0,0.47712,1.15,1.1,3.55
Kepler-591 b,Kepler-591,3.39,11.4,1.61,0.0,436.0,5.615,81.1694299,0.3554,5677.0,-0.078,0.94,0.97,4.17
Kepler-592 b,Kepler-592,2.39,6.3,2.54,0.0,1367.0,935.827,2.820192408,0.0397,5913.0,0.18506,1.04,1.04,3.89
Kepler-593 b,Kepler-593,2.87,8.6,2.0,0.0,706.0,61.02,21.21708973,0.1508,5967.0,0.07929,1.1,1.08,3.63
Kepler-594 b,Kepler-594,2.18,5.39,2.86,0.0,678.0,59.396,13.64618192,0.1089,5485.0,-0.19321,0.87,0.91,4.27
Kepler-595 b,Kepler-595,3.708,17.4,1.23,0.0,535.0,17.382,25.3029092,0.1582,5138.5,-0.34768,0.821,0.93,2.7
Kepler-595 c,Kepler-595,1.009,3.3,6.9,0.0,679.0,50.23,12.38602,0.0983,5138.5,-0.34768,0.821,0.93,2.7
Kepler-596 b,Kepler-596,3.46,11.8,1.57,0.0,725.0,82.302,21.30022655,0.15161,6267.0,0.31445,1.32,1.21,2.69
Kepler-597 b,Kepler-597,2.37,6.21,2.56,0.0,743.0,76.375,13.02365861,0.10916,5683.0,-0.0334,0.95,0.97,4.27
Kepler-598 b,Kepler-598,1.5,2.86,4.66,0.0,1050.0,265.407,3.70175428,0.04487,5307.0,-0.25753,0.86,0.87,7.59
Kepler-598 c,Kepler-598,3.02420941,9.4,1.87,0.0,367.0,3.7,86.4945,0.36672,5245.0,-0.25753,0.900316,0.9,12.3
Kepler-599 b,Kepler-599,2.84,8.45,2.03,0.0,623.0,24.467,15.65562652,0.1128,5127.0,-0.52232,0.79,0.83,5.01
Kepler-6 b,Kepler-6,14.616536,212.31044,0.4,0.0,1460.0,792.218,3.2346996,0.04852,5647.0,0.18916,1.391,1.209,3.8
Kepler-60 b,Kepler-60,1.71,4.19,4.62,0.0,1102.0,318.0,7.1334,0.07255,5905.0,0.36906,1.257,1.041,8.91
Kepler-60 c,Kepler-60,1.9,3.85,3.06,0.039,1023.0,236.0,8.9187,0.08422,5905.0,0.36906,1.257,1.041,8.91
Kepler-60 d,Kepler-60,1.99,4.16,2.91,0.002,929.0,161.0,11.8981,0.10203,5905.0,0.36906,1.257,1.041,8.91
Kepler-600 b,Kepler-600,2.9,8.75,1.97,0.0,528.0,20.182,23.67517607,0.1536,5279.0,-0.33922,0.81,0.84,4.57
Kepler-601 b,Kepler-601,1.9,4.27,3.42,0.0,833.0,110.619,5.378868441,0.05494,5160.0,-0.42817,0.79,0.85,4.07
Kepler-602 b,Kepler-602,2.09,5.02,3.02,0.0,852.0,128.783,15.28469497,0.1224,6062.0,0.32624,1.13,1.08,3.16
Kepler-603 b,Kepler-603,2.65,7.51,2.22,0.0,731.0,97.8,21.05358596,0.16052,5808.0,0.39156,1.01,1.01,4.37
Kepler-603 c,Kepler-603,6.5,34.5,0.69,0.0,401.0,8.8,127.9075774,0.53439,5808.0,0.39156,1.01,1.01,4.37
Kepler-603 d,Kepler-603,1.32,2.3,5.5,0.0,1098.0,497.4,6.2171292,0.07117,5808.0,0.39156,1.01,1.01,4.37
Kepler-604 b,Kepler-604,2.59,7.22,2.28,0.0,637.0,46.982,25.85501786,0.1735,5890.0,0.09179,1.03,1.02,3.72
Kepler-605 b,Kepler-605,1.44,2.67,4.91,0.0,1133.0,316.718,3.383538066,0.04244,5462.0,-0.24849,0.88,0.91,4.47
Kepler-605 c,Kepler-605,0.86,0.566,4.89,0.0,1278.0,513.03,2.358951515,0.03336,5462.0,-0.24849,0.88,0.91,4.47
Kepler-606 b,Kepler-606,3.31,11.0,1.67,0.0,683.0,71.843,24.31575992,0.17,6161.0,0.25434,1.22,1.13,2.88
Kepler-607 b,Kepler-607,0.87,0.59,4.92,0.0,1874.0,2302.613,0.638163204,0.0137,5196.0,-0.38192,0.8,0.84,4.9
Kepler-607 c,Kepler-607,2.76001201,8.05,2.1,0.0,473.0,8.8,39.67679977,0.21507,5244.0,-0.38192,0.888,0.808,7.76
Kepler-608 b,Kepler-608,3.64,12.9,1.47,0.0,1069.0,270.162,6.412515037,0.0685,5820.0,0.04113,1.01,1.0,3.8
Kepler-609 b,Kepler-609,3.35,11.2,1.64,0.0,932.0,258.059,6.521210666,0.0682,5971.0,0.06548,1.14,1.09,3.72
Kepler-61 b,Kepler-61,2.15,5.27,2.91,0.25,273.0,1.69,59.87756,0.24861,4017.0,-0.97062,0.62,0.635,1.0
Kepler-610 b,Kepler-610,4.19,16.3,1.22,0.0,888.0,139.072,6.996926554,0.0719,5943.0,-0.11034,1.13,1.1,3.55
Kepler-610 c,Kepler-610,3.3,10.9,1.67,0.0,318.0,2.297,151.86392,0.5594,5943.0,-0.11034,1.13,1.1,3.55
Kepler-611 b,Kepler-611,1.65,3.36,4.11,0.0,1513.0,1825.301,2.437033302,0.0351,5761.0,0.38338,1.01,1.01,4.47
Kepler-612 b,Kepler-612,2.84,8.45,2.03,0.0,1046.0,997.089,3.722156413,0.0452,5693.0,0.30512,0.96,0.98,4.47
Kepler-613 b,Kepler-613,2.29,5.86,2.68,0.0,713.0,66.269,15.77979614,0.1232,5723.0,-0.05698,0.96,0.98,4.27
Kepler-614 b,Kepler-614,2.39,6.3,2.54,0.0,641.0,37.2,14.03491514,0.1027,5268.0,-0.41844,0.81,0.85,4.79
Kepler-615 b,Kepler-615,1.74,3.68,3.84,0.0,620.0,19.18,10.35584657,0.085,4655.0,-0.695,0.69,0.73,3.72
Kepler-616 b,Kepler-616,2.43,6.48,2.48,0.0,860.0,129.18,9.99761851,0.0927,5753.0,-0.11149,0.97,0.98,3.89
Kepler-616 c,Kepler-616,3.41,11.5,1.59,0.0,413.0,6.86,90.4113556,0.4024,5753.0,-0.11149,0.97,0.98,3.89
Kepler-616 d,Kepler-616,2.653,7.52,2.21,0.0,499.0,14.69,51.06740189,0.2749,6004.0,-0.11149,0.977,1.061,0.4
Kepler-617 b,Kepler-617,1.32,2.3,5.5,0.0,750.0,100.295,1.682696148,0.0219,3712.0,-1.30507,0.48,0.51,3.98
Kepler-618 b,Kepler-618,2.6,7.27,2.27,0.0,1296.0,677.569,3.595769645,0.0449,5860.0,0.1732,1.08,1.05,4.27
Kepler-619 b,Kepler-619,3.16,10.1,1.76,0.0,1073.0,224.146,5.404272197,0.06014,5980.0,-0.04002,1.11,1.09,3.47
Kepler-619 c,Kepler-619,1.69,3.5,3.98,0.0,1767.0,1652.907,1.208465026,0.02216,5980.0,-0.04002,1.11,1.09,3.47
Kepler-619 d,Kepler-619,4.17,16.2,1.23,0.0,830.0,112.07,11.67894236,0.1021,6122.0,-0.04002,0.964,1.041,0.78
Kepler-62 b,Kepler-62,1.31,9.0,,0.0,750.0,80.326,5.714932,0.0553,4925.0,-0.678,0.64,0.69,7.0
Kepler-62 c,Kepler-62,0.54,4.0,,0.0,578.0,28.489,12.4417,0.0929,4925.0,-0.678,0.64,0.69,7.0
Kepler-62 d,Kepler-62,1.95,14.0,,0.0,510.0,17.21,18.16406,0.12,4925.0,-0.678,0.64,0.69,7.0
Kepler-62 e,Kepler-62,1.61,36.0,,0.0,270.0,1.352,122.3874,0.427,4925.0,-0.678,0.64,0.69,7.0
Kepler-62 f,Kepler-62,1.41,35.0,,0.0,208.0,0.5,267.291,0.718,4925.0,-0.678,0.64,0.69,7.0
Kepler-620 b,Kepler-620,3.32,11.0,1.65,0.0,849.0,219.051,12.91375431,0.1053,6155.0,0.34079,1.22,1.15,3.02
Kepler-621 b,Kepler-621,2.3,5.9,2.66,0.0,737.0,69.56,2.628113746,0.031,4521.0,-0.759,0.68,0.72,3.63
Kepler-622 b,Kepler-622,2.13,5.18,2.95,0.0,446.0,12.486,14.28226676,0.0978,4201.0,-0.86159,0.61,0.64,3.47
Kepler-623 b,Kepler-623,3.01,9.32,1.88,0.0,825.0,77.098,9.07097734,0.0854,5443.0,-0.31821,0.86,0.9,4.47
Kepler-624 b,Kepler-624,2.31,5.95,2.65,0.0,852.0,130.757,14.58649607,0.11638,6117.0,0.29097,1.18,1.1,3.72
Kepler-625 b,Kepler-625,1.99,4.62,3.22,0.0,852.0,407.833,7.75192492,0.08137,5789.0,0.40647,0.96,1.04,1.51
Kepler-625 c,Kepler-625,1.05,1.16,5.51,0.0,1048.0,932.132,4.1653651,0.05379,5789.0,0.40647,0.96,1.04,1.51
Kepler-626 b,Kepler-626,2.29,5.86,2.68,0.0,784.0,69.795,14.48585199,0.10913,5813.0,-0.04194,1.05,1.01,5.37
Kepler-627 b,Kepler-627,3.73,13.4,1.42,0.0,685.0,39.303,40.6994443,0.22661,6424.0,0.38539,1.49,1.3,2.24
Kepler-629 b,Kepler-629,1.38,2.48,5.19,0.0,816.0,103.147,7.2385854,0.07107,5444.0,-0.28344,0.84,0.93,1.91
Kepler-63 b,Kepler-63,6.11,120.0,3.0,0.45,791.0,100.371,9.4341505,0.08,5576.0,-0.157,0.901,0.984,0.21
Kepler-630 b,Kepler-630,3.18,10.2,1.74,0.0,343.0,5.568,161.4743937,0.56201,5829.0,0.30233,1.04,1.02,4.47
Kepler-631 b,Kepler-631,2.9,8.75,1.97,0.0,828.0,94.137,17.97979059,0.14017,6185.0,0.38915,1.33,1.24,2.51
Kepler-632 b,Kepler-632,2.21,5.52,2.81,0.0,500.0,14.72,30.99660733,0.1885,5322.0,-0.292,0.84,0.91,3.02
Kepler-633 b,Kepler-633,1.63,3.29,4.17,0.0,1021.0,454.5,8.50340718,0.08185,5899.0,0.16,1.15,1.02,6.03
Kepler-633 c,Kepler-633,2.296,5.89,2.67,0.0,725.0,115.4,23.78319931,0.16246,5877.0,0.236,1.265,0.997,8.13
Kepler-634 b,Kepler-634,1.89,4.23,3.44,0.0,1309.0,808.844,5.16950177,0.05765,6075.0,0.42075,1.24,1.03,5.37
Kepler-635 b,Kepler-635,2.64,7.46,2.23,0.0,802.0,193.927,23.44971004,0.18332,6174.0,0.73514,1.51,1.33,2.34
Kepler-636 b,Kepler-636,4.45,18.1,1.13,0.0,614.0,67.509,16.080661147,0.1185,5203.0,-0.374,0.8,0.85,5.01
Kepler-637 b,Kepler-637,4.75,20.2,1.04,0.0,1002.0,63.805,23.20584623,0.16619,6096.0,0.38249,2.56,1.64,2.19
Kepler-638 b,Kepler-638,1.83,4.01,3.6,0.0,1111.0,872.567,6.07972888,0.06695,5382.0,0.53162,0.93,0.88,11.75
Kepler-639 b,Kepler-639,2.38,6.26,2.55,0.0,957.0,295.826,10.21420496,0.09358,5896.0,0.48255,1.29,1.14,4.37
Kepler-640 b,Kepler-640,2.56,7.08,2.32,0.0,609.0,35.062,22.24813967,0.15418,5653.0,-0.02367,0.94,1.01,2.09
Kepler-641 b,Kepler-641,1.85,4.08,3.54,0.0,926.0,311.788,9.48961571,0.0895,5713.0,0.39002,1.13,1.02,7.08
Kepler-642 b,Kepler-642,2.9,8.75,1.97,0.0,1810.0,719.373,4.41745855,0.05631,6570.0,0.39758,1.66,1.4,1.95
Kepler-643 b,Kepler-643,10.16,321.0083,1.68,0.37,963.0,211.711,16.33889626,0.13485,4908.0,0.47818,2.52,1.0,12.02
Kepler-644 b,Kepler-644,3.15,10.1,1.78,0.0,1655.0,2381.77,3.173917103,0.04641,6747.0,0.71041,1.81,1.49,1.62
Kepler-645 b,Kepler-645,2.1,5.06,3.0,0.0,1730.0,1364.762,3.275822621,0.04541,6170.0,0.45106,1.21,1.13,2.95
Kepler-646 b,Kepler-646,1.99,4.62,3.22,0.0,632.0,38.229,15.87364565,0.11251,5634.0,-0.25878,0.91,0.93,4.57
Kepler-647 b,Kepler-647,1.17,1.71,5.87,0.0,788.0,162.794,16.2254649,0.12237,6020.0,0.41834,1.07,1.03,4.27
Kepler-647 c,Kepler-647,4.00135002,15.1,1.3,0.0,644.0,69.0,29.6663,0.18291,5906.74,0.41834,1.54571,1.07,2.75
Kepler-648 b,Kepler-648,3.22,10.5,1.73,0.0,674.0,47.336,17.4211749,0.13324,5741.0,-0.05328,0.98,1.05,1.82
Kepler-649 b,Kepler-649,2.26,5.73,2.73,0.0,564.0,25.147,29.90722674,0.17522,5871.0,-0.0439,0.94,0.97,2.95
Kepler-65 b,Kepler-65,1.42,2.4,4.4,0.028,1740.0,2316.095,2.15491,0.035,6211.0,0.4674,1.41,1.25,2.9
Kepler-65 c,Kepler-65,2.58,5.4,1.64,0.02,1246.0,609.992,5.859944,0.068,6211.0,0.4674,1.41,1.25,2.9
Kepler-65 d,Kepler-65,1.52,4.14,5.7,0.014,1117.0,394.549,8.13123,0.084,6211.0,0.4674,1.41,1.25,2.9
Kepler-65 e,Kepler-65,13.9,260.0,0.532,0.283,,,258.8,0.8539307544,6220.0,0.4674,1.437,1.248,3.31
Kepler-650 b,Kepler-650,2.96,9.06,1.92,0.0,1507.0,1218.88,3.032145588,0.0421,5849.0,0.284,1.35,1.08,6.46
Kepler-651 b,Kepler-651,2.37,6.21,2.56,0.0,574.0,27.223,21.38521506,0.14078,5522.0,-0.25322,0.87,0.92,3.55
Kepler-652 b,Kepler-652,2.49,6.76,2.41,0.0,974.0,211.884,4.182002531,0.04958,5490.0,-0.27008,0.88,0.97,1.48
Kepler-653 b,Kepler-653,1.95,4.46,3.31,0.0,819.0,90.384,14.70748976,0.11945,5665.0,0.11872,1.19,1.02,7.76
Kepler-653 c,Kepler-653,0.78,0.399,4.62,0.0,2078.0,3743.275,0.900376476,0.01855,5665.0,0.11872,1.19,1.02,7.76
Kepler-654 b,Kepler-654,2.07,4.94,3.06,0.0,831.0,229.311,13.72465129,0.11664,5865.0,0.4622,1.11,1.04,5.37
Kepler-655 b,Kepler-655,2.71,7.8,2.15,0.0,588.0,28.767,46.4063358,0.25697,6170.0,0.32385,1.24,1.15,3.39
Kepler-656 b,Kepler-656,3.12,9.91,1.79,0.0,1569.0,924.374,1.260259094,0.02231,5281.0,-0.29864,0.82,0.86,4.37
Kepler-656 c,Kepler-656,1.41,2.57,5.04,0.0,975.0,213.25,5.25449393,0.0602,5550.0,-0.29864,0.954,1.05,2.4
Kepler-657 b,Kepler-657,3.52,12.2,1.54,0.0,616.0,62.2,24.54350418,0.17337,5808.0,0.27898,1.01,1.01,4.17
Kepler-658 b,Kepler-658,1.63,3.29,4.17,0.0,871.0,223.745,1.287076762,0.0188,4103.0,-0.89922,0.6,0.63,3.09
Kepler-659 b,Kepler-659,2.5,6.8,2.39,0.0,513.0,21.309,17.671796,0.1204,4870.0,-0.52596,0.74,0.79,3.24
Kepler-66 b,Kepler-66,2.8,8.25,2.07,0.0,699.0,62.845,17.815815,0.1352,5962.0,0.05113,0.966,1.038,1.0
Kepler-660 b,Kepler-660,2.57,7.13,2.31,0.0,649.0,44.09,9.27358194,0.0759,4779.0,-0.62564,0.71,0.75,4.57
Kepler-661 b,Kepler-661,3.07,9.64,1.83,0.0,678.0,45.528,6.029301321,0.0585,4483.0,-0.81411,0.67,0.7,4.27
Kepler-662 b,Kepler-662,2.18,5.39,2.86,0.0,530.0,23.824,21.67697486,0.1408,4897.0,-0.35557,0.74,0.79,3.63
Kepler-663 b,Kepler-663,2.6,7.27,2.27,0.0,917.0,167.979,4.99678284,0.0559,5264.0,-0.31305,0.82,0.86,4.57
Kepler-664 b,Kepler-664,2.66,7.56,2.21,0.0,1406.0,652.435,2.525593315,0.0374,5754.0,-0.11113,1.02,1.01,4.68
Kepler-665 b,Kepler-665,2.6,7.27,2.27,0.0,593.0,20.719,16.01310205,0.1148,4913.0,-0.59538,0.74,0.79,4.68
Kepler-666 b,Kepler-666,2.4,6.35,2.52,0.0,1133.0,575.644,4.49876092,0.0542,5887.0,0.18164,1.05,1.03,3.8
Kepler-667 b,Kepler-667,4.73,20.1,1.04,0.0,516.0,71.817,41.43962808,0.2288,5327.0,0.55691,0.87,0.91,4.68
Kepler-668 b,Kepler-668,2.7,7.75,2.16,0.0,790.0,77.619,8.35390639,0.0768,5352.0,-0.39647,0.82,0.87,3.89
Kepler-669 b,Kepler-669,4.83,20.8,1.01,0.0,1243.0,826.765,4.125546869,0.0529,6038.0,0.35828,1.2,1.15,3.16
Kepler-67 b,Kepler-67,2.94,8.96,1.94,0.0,602.0,30.6,15.7259,0.1171,5331.0,-0.37633,0.778,0.865,1.0
Kepler-670 b,Kepler-670,13.18,,,0.0,1219.0,528.223,2.816504852,0.0383,5709.0,-0.1003,0.99,0.99,4.79
Kepler-671 b,Kepler-671,2.69,7.7,2.17,0.0,1012.0,331.438,4.280958588,0.0503,5624.0,-0.08086,0.95,0.97,4.47
Kepler-672 b,Kepler-672,2.5,6.8,2.39,0.0,529.0,16.36,38.3774623,0.2163,5627.0,-0.11219,0.92,0.95,4.07
Kepler-673 b,Kepler-673,6.54,34.8,0.684,0.0,1023.0,253.456,3.728731093,0.0455,5355.0,-0.34402,0.84,0.88,4.47
Kepler-674 b,Kepler-674,1.69,3.5,3.98,0.0,822.0,146.511,2.243381847,0.028,4192.0,-0.90665,0.57,0.6,3.31
Kepler-675 b,Kepler-675,2.44,6.53,2.47,0.0,1070.0,308.547,2.33743801,0.0325,4945.0,-0.50669,0.75,0.79,4.68
Kepler-676 b,Kepler-676,3.04,9.48,1.85,0.0,396.0,8.241,11.59822172,0.0798,3701.0,-1.29468,0.49,0.51,4.27
Kepler-677 b,Kepler-677,5.38,25.0,0.882,0.0,1015.0,683.274,6.57531678,0.067,5723.0,0.38964,0.99,1.0,4.57
Kepler-678 b,Kepler-678,5.14,23.1,0.935,0.0,833.0,113.64,7.27503724,0.0732,5520.0,0.44927,0.91,0.94,4.47
Kepler-679 b,Kepler-679,3.01,9.32,1.88,0.0,677.0,56.002,12.39358604,0.0983,5403.0,-0.34758,0.84,0.87,4.47
Kepler-68 b,Kepler-68,2.357,8.03,3.37,0.09,1275.0,441.0,5.39875259,0.06135,5847.0,0.23106,1.2564,1.057,6.84
Kepler-68 c,Kepler-68,0.979,1.3,7.5,0.099,1052.0,204.0,9.605027,0.09008,5847.0,0.23106,1.2564,1.057,6.84
Kepler-68 d,Kepler-68,13.9,267.0,0.546,0.102,,,632.62,1.469,5847.0,0.23106,1.2564,1.057,6.84
Kepler-68 e,Kepler-68,11.2,86.4493267,0.338,0.33,,,3455.0,4.6,5847.0,0.23106,1.2564,1.057,6.84
Kepler-680 b,Kepler-680,2.42,6.44,2.5,0.0,1147.0,706.62,3.689926291,0.0469,5890.0,0.19729,1.11,1.08,3.72
Kepler-681 b,Kepler-681,3.08,9.69,1.82,0.0,489.0,14.151,26.39435646,0.1635,5021.0,-0.45672,0.76,0.8,5.01
Kepler-682 b,Kepler-682,7.37,42.6,0.585,0.0,753.0,306.102,12.611906672,0.1058,5559.0,0.47994,0.89,0.92,3.98
Kepler-683 b,Kepler-683,1.97,4.54,3.26,0.0,1332.0,702.281,2.539183179,0.0355,5703.0,-0.04054,0.95,0.96,4.37
Kepler-684 b,Kepler-684,3.36,11.2,1.62,0.0,812.0,102.87,6.770302008,0.064,5493.0,0.20867,0.86,0.89,4.37
Kepler-685 b,Kepler-685,10.58,78.8,0.366,0.0,1579.0,1137.124,1.6255222,0.0265,5963.0,-0.05138,1.16,1.11,3.39
Kepler-686 b,Kepler-686,12.15,,,0.0,1539.0,2132.903,1.594745463,0.0258,5649.0,0.10792,0.92,0.94,4.47
Kepler-687 b,Kepler-687,3.52,12.2,1.54,0.0,518.0,15.648,20.50586978,0.1326,4841.0,-0.56669,0.73,0.77,5.5
Kepler-688 b,Kepler-688,9.76,68.7,0.406,0.0,1005.0,458.912,3.895936844,0.046,5715.0,-0.02364,0.96,0.98,4.27
Kepler-689 b,Kepler-689,2.89,8.7,1.98,0.0,536.0,35.337,22.36656079,0.1449,5518.0,-0.15327,0.88,0.91,4.57
Kepler-69 b,Kepler-69,2.24,5.65,2.76,0.16,779.0,123.517,13.722341,0.094,5638.0,-0.097,0.93,0.81,13.18
Kepler-69 c,Kepler-69,1.71,3.57,3.92,0.14,299.0,2.687,242.4613,0.64,5638.0,-0.097,0.93,0.81,13.18
Kepler-690 b,Kepler-690,5.95,29.6,0.772,0.0,964.0,225.701,7.748094374,0.081,5913.0,0.14056,1.16,1.11,3.55
Kepler-691 b,Kepler-691,2.09,5.02,3.02,0.0,460.0,12.995,8.114379,0.0649,3715.0,-1.30464,0.5,0.53,3.98
Kepler-692 b,Kepler-692,3.11,9.85,1.8,0.0,639.0,28.504,21.81293494,0.1495,5440.0,-0.23346,0.86,0.9,4.68
Kepler-693 b,Kepler-693,10.18,73.8,0.384,0.0,600.0,31.641,15.37563332,0.1121,4881.0,-0.42704,0.72,0.76,4.47
Kepler-694 b,Kepler-694,2.8,8.25,2.07,0.0,914.0,206.438,6.365841612,0.0659,5700.0,-0.07753,0.95,0.97,4.07
Kepler-695 b,Kepler-695,9.21,62.3,0.438,0.0,1021.0,499.064,3.040330424,0.0374,5181.0,-0.15936,0.8,0.84,4.47
Kepler-696 b,Kepler-696,6.14,31.3,0.743,0.0,1234.0,607.525,4.190425575,0.0535,5903.0,0.15095,1.08,1.06,3.98
Kepler-697 b,Kepler-697,4.13,16.0,1.25,0.0,1151.0,472.236,3.709870645,0.0471,5513.0,-0.02543,0.88,0.92,4.37
Kepler-698 b,Kepler-698,3.68,13.1,1.44,0.0,727.0,172.557,16.32976218,0.1255,5612.0,0.38841,0.91,0.94,4.27
Kepler-7 b,Kepler-7,18.180998,140.16303,0.14,0.0,1630.0,1375.11,4.8854892,0.06067,5933.0,0.69639,1.966,1.359,2.9
Kepler-700 b,Kepler-700,5.99,30.0,0.767,0.0,452.0,12.071,80.8720639,0.3577,5692.0,0.22961,0.96,0.98,4.37
Kepler-701 b,Kepler-701,2.84,8.45,2.03,0.0,777.0,75.623,10.35533177,0.0895,5343.0,-0.27626,0.84,0.88,4.47
Kepler-702 b,Kepler-702,9.17,61.8,0.44,0.0,713.0,88.906,10.526294063,0.088,5419.0,-0.15908,0.86,0.9,4.47
Kepler-703 b,Kepler-703,8.2,51.1,0.509,0.0,1038.0,373.108,4.583521756,0.0535,6185.0,0.06672,1.27,1.18,2.69
Kepler-704 b,Kepler-704,2.61,7.32,2.26,0.0,1121.0,514.124,3.76182115,0.047,5616.0,0.03582,0.96,0.97,5.13
Kepler-705 b,Kepler-705,2.11,5.1,2.98,0.0,265.0,0.729,56.0560538,0.232,3722.0,-1.385,0.51,0.53,3.89
Kepler-707 b,Kepler-707,1.33,2.33,5.44,0.0,1160.0,336.673,2.237492751,0.0325,5099.0,-0.5014,0.76,0.8,4.9
Kepler-708 b,Kepler-708,2.93,8.91,1.95,0.0,1221.0,684.765,3.167891938,0.0426,5692.0,0.03695,0.96,0.97,4.37
Kepler-709 b,Kepler-709,2.92,8.85,1.95,0.0,613.0,28.216,16.08524954,0.1173,5071.0,-0.48148,0.77,0.8,4.9
Kepler-710 b,Kepler-710,1.88,4.19,3.47,0.0,1174.0,710.872,4.347285527,0.0524,5611.0,0.26474,0.91,0.94,4.17
Kepler-711 b,Kepler-711,3.41,11.5,1.59,0.0,487.0,15.569,23.58914398,0.1429,5222.0,-0.49939,0.8,0.84,4.37
Kepler-712 b,Kepler-712,3.41,11.5,1.59,0.0,521.0,15.801,21.02247699,0.13615,5148.0,-0.48393,0.78,0.84,3.31
Kepler-712 c,Kepler-712,4.85,21.0,1.01,0.0,236.0,0.662,226.89047,0.66479,5148.0,-0.48393,0.78,0.84,3.31
Kepler-713 b,Kepler-713,2.48,6.71,2.42,0.0,905.0,228.283,7.411141,0.0748,5785.0,0.08457,0.99,0.98,3.8
Kepler-714 b,Kepler-714,9.67,67.6,0.411,0.0,986.0,484.006,8.098887986,0.0832,5995.0,0.4599,1.12,1.09,3.55
Kepler-715 b,Kepler-715,3.75,13.5,1.41,0.0,876.0,181.408,10.00652995,0.0933,5871.0,0.16457,1.04,1.04,3.98
Kepler-716 b,Kepler-716,2.9,8.75,1.97,0.0,720.0,42.493,10.37168453,0.08628,5099.0,-0.50424,0.78,0.83,4.57
Kepler-716 c,Kepler-716,1.39281536,2.52,5.12,0.0,992.0,151.8,3.96999,0.04548,5012.0,-0.50424,0.742183,0.83,2.75
Kepler-717 b,Kepler-717,2.42,6.44,2.5,0.0,1139.0,398.0,4.40840023,0.052,5485.0,0.60439,0.85,0.88,4.37
Kepler-718 b,Kepler-718,16.56,,,0.0,1497.0,1324.2,2.052349905,0.0322,6191.0,0.13394,1.3,1.18,2.57
Kepler-719 b,Kepler-719,8.52,54.5,0.484,0.0,998.0,234.28,5.007317779,0.0556,5777.0,0.44767,0.98,0.99,3.98
Kepler-720 b,Kepler-720,8.41,53.4,0.493,0.0,1162.0,384.561,4.708326542,0.0539,5618.0,0.03222,0.92,0.95,3.63
Kepler-721 b,Kepler-721,2.64,7.46,2.23,0.0,850.0,138.751,5.392025388,0.0583,5075.0,-0.3619,0.78,0.82,4.9
Kepler-722 b,Kepler-722,2.63,7.41,2.24,0.0,1182.0,414.601,4.093573252,0.0514,5863.0,-0.03923,1.05,1.03,4.37
Kepler-722 c,Kepler-722,2.82,8.35,2.05,0.0,401.0,5.48,105.144749,0.4471,5863.0,-0.03923,1.05,1.03,4.37
Kepler-723 b,Kepler-723,12.19,,,0.0,1016.0,251.48,4.082275068,0.0479,5539.0,-0.172,0.89,0.92,4.57
Kepler-724 b,Kepler-724,3.29,10.8,1.67,0.0,1155.0,339.401,3.314946338,0.0433,5437.0,-0.22344,0.86,0.9,4.37
Kepler-725 b,Kepler-725,10.8,81.6,0.356,0.231,514.0,12.1,39.64372,0.2238,5395.0,-0.31304,0.88,0.95,1.6
Kepler-725 c,Kepler-725,3.08,9.7,1.82,0.436,268.0,1.4,207.541,0.6744,5395.0,-0.31304,0.88,0.95,1.6
Kepler-726 b,Kepler-726,3.26,10.7,1.7,0.0,543.0,25.296,21.80451088,0.1406,5452.0,-0.31868,0.85,0.88,4.47
Kepler-727 b,Kepler-727,2.53,6.94,2.35,0.0,964.0,176.685,5.154484417,0.0546,5441.0,-0.3172,0.86,0.89,4.79
Kepler-728 b,Kepler-728,3.34,11.1,1.64,0.0,982.0,484.51,5.743477265,0.0625,5660.0,0.22726,0.93,0.95,4.07
Kepler-729 b,Kepler-729,3.58,12.5,1.5,0.0,1273.0,1089.549,3.166353714,0.0432,5633.0,0.26135,0.91,0.94,4.27
Kepler-730 b,Kepler-730,12.3299,,,0.0,1219.0,418.797,6.491682808,0.0694,5620.0,0.23596,1.411,1.047,9.5
Kepler-730 c,Kepler-730,1.56926,3.09,4.39,0.0,1607.0,903.77,2.85188338,0.03997,5620.0,0.23596,1.411,1.047,9.5
Kepler-731 b,Kepler-731,13.88,,,0.0,1212.0,456.703,3.855603551,0.0505,5849.0,0.03524,1.06,1.03,3.8
Kepler-732 b,Kepler-732,2.18,5.39,2.86,0.0,407.0,8.559,9.467814048,0.0691,3631.0,-1.375,0.46,0.49,4.47
Kepler-732 c,Kepler-732,1.27,2.15,5.77,0.0,893.0,199.846,0.893041236,0.0143,3631.0,-1.375,0.46,0.49,4.47
Kepler-733 b,Kepler-733,2.82,8.35,2.05,0.0,595.0,24.507,20.83424726,0.1483,5418.0,-0.29785,0.86,0.9,4.27
Kepler-734 b,Kepler-734,3.56,12.4,1.51,0.0,784.0,89.25,6.104852856,0.0583,5326.0,0.37395,0.78,0.85,2.34
Kepler-735 b,Kepler-735,2.95,9.01,1.93,0.0,657.0,32.679,11.51516988,0.0965,5107.0,-0.51697,0.8,0.85,4.37
Kepler-736 b,Kepler-736,2.93,8.91,1.95,0.0,996.0,233.031,3.60147201,0.0428,5217.0,-0.34984,0.81,0.86,4.27
Kepler-737 b,Kepler-737,1.96,4.5,3.28,0.0,298.0,2.297,28.59915399,0.1422,3813.0,-1.30149,0.48,0.51,3.89
Kepler-738 b,Kepler-738,2.5,6.8,2.39,0.0,530.0,27.644,24.58721573,0.1552,5327.0,-0.21263,0.82,0.86,4.57
Kepler-739 b,Kepler-739,3.32,11.0,1.65,0.0,775.0,115.963,12.53248465,0.1054,5601.0,0.01798,0.9,0.93,4.27
Kepler-74 b,Kepler-74,10.76,200.22,0.88,0.0,1078.0,337.682,7.340711,0.0781,6000.0,0.3321,1.12,1.18,0.8
Kepler-740 b,Kepler-740,4.57,18.9,1.09,0.0,1131.0,432.866,3.584101216,0.0462,5438.0,-0.12268,0.87,0.91,4.79
Kepler-741 b,Kepler-741,2.97,9.11,1.91,0.0,1051.0,461.993,7.03902374,0.0744,6129.0,0.33161,1.24,1.16,3.16
Kepler-742 b,Kepler-742,3.24,10.6,1.71,0.0,690.0,38.101,8.360868238,0.0744,4642.0,-0.69172,0.71,0.76,2.57
Kepler-743 b,Kepler-743,1.21,1.92,5.96,0.0,1101.0,397.252,3.179262921,0.04166,5486.0,-0.17633,0.85,0.94,1.86
Kepler-744 b,Kepler-744,1.62,3.26,4.21,0.0,750.0,62.955,12.06222443,0.09735,5594.0,-0.22215,0.93,0.94,5.13
Kepler-745 b,Kepler-745,2.16,5.31,2.9,0.0,931.0,286.026,9.93143556,0.0915,5849.0,0.37557,1.04,1.04,4.07
Kepler-746 b,Kepler-746,1.11,1.41,5.67,0.0,1156.0,421.61,3.48159251,0.0435,5418.0,-0.172,0.93,0.91,8.71
Kepler-747 b,Kepler-747,5.27,24.1,0.905,0.0,456.0,10.19,35.61760587,0.1916,5096.0,-0.432,0.78,0.82,4.79
Kepler-748 b,Kepler-748,2.52,6.9,2.37,0.0,938.0,439.778,7.40742793,0.0745,5934.0,0.36017,1.1,1.07,3.72
Kepler-749 b,Kepler-749,3.1,9.8,1.81,0.0,454.0,24.631,17.31716585,0.1054,5009.0,-0.49432,0.75,0.79,4.57
Kepler-75 b,Kepler-75,11.77,3209.9,11.0,0.57,767.0,106.484,8.8849116,0.0818,5200.0,-0.21487,0.89,0.91,6.2
Kepler-750 b,Kepler-750,3.07,9.64,1.83,0.0,1163.0,255.74,9.42887179,0.08742,6160.0,0.34371,1.23,1.15,3.09
Kepler-750 c,Kepler-750,1.62,3.26,4.21,0.0,1537.0,778.592,4.08899022,0.05009,6160.0,0.34371,1.23,1.15,3.09
Kepler-751 b,Kepler-751,2.46,6.62,2.44,0.0,679.0,39.01,17.44490636,0.1263,5387.0,-0.26401,0.84,0.87,4.47
Kepler-752 b,Kepler-752,2.81,8.3,2.06,0.0,632.0,45.278,18.82747265,0.1353,5373.0,-0.12488,0.83,0.87,4.07
Kepler-753 b,Kepler-753,1.91,4.31,3.4,0.0,641.0,41.674,5.747725012,0.054,4346.0,-0.86467,0.65,0.68,3.63
Kepler-754 b,Kepler-754,2.01,4.7,3.18,0.0,758.0,216.473,14.5596237,0.116,5935.0,0.41554,1.08,1.06,3.8
Kepler-755 b,Kepler-755,1.76,3.75,3.78,0.0,1331.0,889.888,1.269090374,0.02156,5043.0,-0.45664,0.77,0.82,4.9
Kepler-755 c,Kepler-755,1.26,2.13,5.85,0.0,1016.0,302.574,2.853133644,0.037,5043.0,-0.45664,0.77,0.82,4.9
Kepler-756 b,Kepler-756,1.12,1.46,5.71,0.0,1741.0,2174.33,1.224866322,0.0219,5282.0,-0.358,0.79,0.82,4.47
Kepler-757 b,Kepler-757,1.36,2.42,5.29,0.0,1734.0,3345.453,1.022678821,0.019,6014.0,0.16044,1.13,1.08,3.31
Kepler-758 b,Kepler-758,2.48,6.71,2.42,0.0,1005.0,349.193,12.1097104,0.10754,6228.0,0.56281,1.42,1.16,3.8
Kepler-758 c,Kepler-758,1.69,3.5,3.98,0.0,1372.0,1211.822,4.75793986,0.05768,6228.0,0.56281,1.42,1.16,3.8
Kepler-758 d,Kepler-758,2.12,5.14,2.96,0.0,843.0,173.171,20.4966197,0.1527,6228.0,0.56281,1.42,1.16,3.8
Kepler-758 e,Kepler-758,1.53,2.96,4.54,0.0,1144.0,588.402,8.1934719,0.0829,6228.0,0.56281,1.42,1.16,3.8
Kepler-759 b,Kepler-759,2.27,5.77,2.71,0.0,533.0,19.02,41.805985,0.2329,5860.0,0.061,1.04,1.04,3.89
Kepler-76 b,Kepler-76,15.24424,638.8383,1.1,0.0,2140.0,3583.673,1.5449298,0.0274,6409.0,0.45116,1.32,1.2,0.62
Kepler-760 b,Kepler-760,3.06,9.59,1.84,0.0,748.0,84.406,8.70419416,0.08087,5322.0,-0.27997,0.85,0.89,4.57
Kepler-760 c,Kepler-760,1.48,2.79,4.73,0.0,1139.0,453.648,2.46697439,0.03489,5322.0,-0.27997,0.85,0.89,4.57
Kepler-761 b,Kepler-761,2.03,4.78,3.14,0.0,767.0,95.447,10.12804789,0.0874,5706.0,-0.11728,0.93,0.95,4.07
Kepler-762 b,Kepler-762,12.68,,,0.0,1302.0,1065.734,3.770552098,0.0493,5944.0,0.31816,1.08,1.06,3.8
Kepler-763 b,Kepler-763,1.22,1.98,5.99,0.0,1414.0,974.089,1.19655156,0.0205,5166.0,-0.3339,0.8,0.84,4.79
Kepler-763 c,Kepler-763,1.42,2.6,4.99,0.0,938.0,182.9,4.09667624,0.0466,4999.0,-0.3339,0.843,0.8,2.1
Kepler-763 d,Kepler-763,1.67,3.43,4.05,0.0,804.0,98.81,6.50327035,0.0634,4999.0,-0.3339,0.843,0.8,2.1
Kepler-764 b,Kepler-764,1.64,3.33,4.15,0.0,875.0,160.457,7.33683936,0.0724,5557.0,-0.13604,0.89,0.92,4.17
Kepler-765 b,Kepler-765,2.43,6.48,2.48,0.0,641.0,48.947,27.6655226,0.1754,5901.0,0.14595,1.06,1.05,3.72
Kepler-766 b,Kepler-766,3.39,11.4,1.61,0.0,990.0,227.15,6.10027804,0.066,5992.0,0.45132,1.15,1.1,3.63
Kepler-767 b,Kepler-767,6.64,35.7,0.67,0.0,366.0,9.365,161.5280101,0.5874,5694.0,0.47562,0.94,0.96,4.07
Kepler-768 b,Kepler-768,1.79,3.86,3.7,0.0,618.0,40.589,11.3910025,0.092,5108.0,-0.46575,0.78,0.82,4.57
Kepler-769 b,Kepler-769,2.92,8.85,1.95,0.0,1037.0,241.128,7.42608998,0.0778,6186.0,0.1791,1.28,1.19,2.88
Kepler-769 c,Kepler-769,1.79,3.86,3.7,0.0,803.0,86.761,15.9870174,0.1297,6186.0,0.1791,1.28,1.19,2.88
Kepler-77 b,Kepler-77,10.761,136.661,0.603,0.0,1440.0,432.871,3.57878087,0.04501,5520.0,-0.046,0.99,0.95,7.5
Kepler-770 b,Kepler-770,2.3,5.9,2.66,0.0,1171.0,27.736,18.92540274,0.1694,5598.0,0.05399,0.92,0.94,4.57
Kepler-770 c,Kepler-770,1.2,1.87,5.95,0.0,2740.0,833.588,1.475322314,0.0309,5598.0,0.05399,0.92,0.94,4.57
Kepler-770 d,Kepler-770,1.4,2.54,5.09,0.0,1941.0,209.752,4.15244722,0.0616,5598.0,0.05399,0.92,0.94,4.57
Kepler-771 b,Kepler-771,1.82,3.97,3.62,0.0,890.0,339.296,8.73485836,0.0843,5906.0,0.3549,1.05,1.03,3.72
Kepler-772 b,Kepler-772,1.82,3.97,3.62,0.0,866.0,264.576,12.99207337,0.11153,5714.0,0.47515,1.11,0.98,8.13
Kepler-773 b,Kepler-773,1.43,2.63,4.94,0.0,1160.0,490.707,3.749100061,0.04682,5850.0,0.09508,1.01,1.04,2.82
Kepler-774 b,Kepler-774,3.17,10.2,1.76,0.0,1422.0,451.177,11.0895723,0.1082,6403.0,0.75268,2.42,1.57,2.14
Kepler-775 b,Kepler-775,1.19,1.81,5.9,0.0,1612.0,1496.75,0.974868926,0.01834,5468.0,-0.26699,0.84,0.92,1.86
Kepler-776 b,Kepler-776,1.28,2.18,5.71,0.0,904.0,135.082,4.89718784,0.0523,5071.0,-0.43656,0.78,0.83,4.37
Kepler-777 b,Kepler-777,1.47,2.76,4.77,0.0,569.0,33.953,5.72812599,0.0519,4043.0,-0.96766,0.56,0.58,3.16
Kepler-778 b,Kepler-778,1.68,3.46,4.01,0.0,977.0,216.568,3.75574426,0.0453,5102.0,-0.41318,0.77,0.81,5.25
Kepler-779 b,Kepler-779,0.92,0.721,5.09,0.0,425.0,15.028,7.09714223,0.0533,3804.0,-1.2339,0.44,0.46,3.89
Kepler-78 b,Kepler-78,1.201,1.68,5.33,0.0,2223.0,4070.0,0.35500745,0.00901,5058.0,-0.49785,0.7475,0.779,0.625
Kepler-780 b,Kepler-780,0.89,0.64,4.99,0.0,2099.0,4572.56,0.677375164,0.015,5769.0,0.0169,1.02,1.01,4.9
Kepler-781 b,Kepler-781,2.89,8.7,1.98,0.0,629.0,44.397,13.2140732,0.1019,5162.0,-0.38375,0.78,0.81,4.9
Kepler-782 b,Kepler-782,3.21,10.4,1.73,0.0,350.0,3.987,158.6853308,0.54494,5867.0,0.10995,1.01,0.98,5.25
Kepler-783 b,Kepler-783,0.78,0.399,4.62,0.0,991.0,229.104,4.29264638,0.04958,5521.0,-0.23092,0.89,0.93,3.89
Kepler-783 c,Kepler-783,2.33153725,6.04,2.62,0.0,840.0,113.3,7.05395,0.06903,5411.49,-0.23092,0.872088,0.94,9.7
Kepler-784 b,Kepler-784,1.58,3.12,4.35,0.0,688.0,194.385,31.5922646,0.22111,5674.0,0.85693,1.32,1.0,9.12
Kepler-784 c,Kepler-784,1.55,3.02,4.46,0.0,844.0,119.87,17.157236,0.1309,5676.0,0.85693,1.487,1.016,2.88
Kepler-785 b,Kepler-785,13.02,,,0.0,753.0,163.862,1.973760926,0.025,4739.0,-0.68251,0.71,0.77,2.82
Kepler-786 b,Kepler-786,2.43,6.48,2.48,0.0,348.0,3.658,53.5293487,0.25483,4838.0,-0.58348,0.74,0.81,2.51
Kepler-787 b,Kepler-787,1.28,2.18,5.71,0.0,1115.0,493.553,0.928310498,0.0159,4248.0,-0.89537,0.62,0.65,3.39
Kepler-788 b,Kepler-788,2.55,7.04,2.33,0.0,984.0,357.191,8.39846269,0.0835,6159.0,0.33615,1.23,1.16,3.02
Kepler-789 b,Kepler-789,2.12,5.14,2.96,0.0,1419.0,312.34,8.63847725,0.0951,5870.0,0.49628,1.02,1.01,3.72
Kepler-79 b,Kepler-79,3.47,10.9,1.43,0.015,929.0,205.404,13.4845,0.117,6174.0,0.342,1.302,1.165,3.44
Kepler-79 c,Kepler-79,3.72,5.9,0.62,0.03,734.0,79.765,27.4029,0.187,6174.0,0.342,1.302,1.165,3.44
Kepler-79 d,Kepler-79,7.16,6.0,0.09,0.025,592.0,33.874,52.0902,0.287,6174.0,0.342,1.302,1.165,3.44
Kepler-79 e,Kepler-79,3.49,4.1,0.53,0.012,511.0,18.78,81.0659,0.386,6174.0,0.342,1.302,1.165,3.44
Kepler-790 b,Kepler-790,2.18,5.39,2.86,0.0,634.0,38.274,13.73469807,0.101,5208.0,-0.42384,0.8,0.84,4.9
Kepler-791 b,Kepler-791,3.05,9.53,1.85,0.0,939.0,140.057,14.5539759,0.1256,6383.0,0.40273,1.47,1.3,2.24
Kepler-792 b,Kepler-792,1.96,4.5,3.28,0.0,852.0,176.032,11.30119217,0.0988,5971.0,0.27379,1.12,1.09,3.39
Kepler-793 b,Kepler-793,1.37,2.45,5.24,0.0,1177.0,617.407,4.24153639,0.0491,5745.0,0.11018,0.97,0.98,4.27
Kepler-794 b,Kepler-794,2.11,5.1,2.98,0.0,952.0,299.97,11.13125132,0.10036,5839.0,0.50637,1.38,1.19,4.07
Kepler-795 b,Kepler-795,1.68,3.46,4.01,0.0,580.0,28.9,29.6193421,0.1803,5631.0,-0.02178,0.96,0.94,6.46
Kepler-796 b,Kepler-796,1.3,2.24,5.6,0.0,1109.0,962.264,6.40087618,0.07317,5475.0,0.57234,1.09,0.93,11.75
Kepler-797 b,Kepler-797,2.17,5.35,2.88,0.0,605.0,90.1,27.07237711,0.181,5680.0,0.46974,0.95,0.96,3.89
Kepler-798 b,Kepler-798,2.39,6.3,2.54,0.0,864.0,141.888,13.71933369,0.1174,6224.0,0.22222,1.29,1.19,2.82
Kepler-799 b,Kepler-799,6.88,37.9,0.64,0.0,433.0,6.356,133.4605235,0.5167,5681.0,-0.09,0.93,0.95,3.98
Kepler-799 c,Kepler-799,2.78068551,8.15,2.08,0.0,893.0,150.25,15.19419956,0.1214,5588.0,0.349,1.593,1.031,0.5
Kepler-8 b,Kepler-8,15.871944,187.5197,0.27,0.0,1680.0,1444.881,3.5224991,0.0474,6213.0,0.605,1.486,1.213,3.47
Kepler-80 b,Kepler-80,2.67,6.93,1.38,0.0049,547.0,54.382,7.05246,0.0648,4540.0,-0.76955,0.678,0.73,2.0
Kepler-80 c,Kepler-80,2.74,6.74,1.22,0.0079,495.0,36.482,9.52355,0.0792,4540.0,-0.76955,0.678,0.73,2.0
Kepler-80 d,Kepler-80,1.53,6.75,7.04,0.0041,722.0,164.625,3.07222,0.0372,4540.0,-0.76955,0.678,0.73,2.0
Kepler-80 e,Kepler-80,1.6,4.13,3.75,0.0035,629.0,94.781,4.64489,0.0491,4540.0,-0.76955,0.678,0.73,2.0
Kepler-80 f,Kepler-80,1.21,4459.73,703.0,0.186,1054.0,750.964,0.9867873,0.0175,4540.0,-0.76955,0.678,0.73,2.0
Kepler-80 g,Kepler-80,1.13,0.065,0.31,0.1303,418.0,,14.64558,,4540.0,-0.76955,0.678,0.83,2.0
Kepler-800 b,Kepler-800,2.85,8.5,2.02,0.0,675.0,44.872,14.13176026,0.1106,5315.0,-0.35798,0.82,0.85,4.68
Kepler-801 b,Kepler-801,2.0,4.66,3.2,0.0,419.0,14.442,11.41928253,0.0795,4435.0,-0.79815,0.63,0.67,3.55
Kepler-802 b,Kepler-802,3.54,12.3,1.52,0.0,489.0,13.508,40.0587473,0.2265,5507.0,-0.22563,0.9,0.93,4.68
Kepler-803 b,Kepler-803,3.79,13.8,1.39,0.0,543.0,20.882,50.28638192,0.26721,5919.0,0.24057,1.12,1.05,4.9
Kepler-804 b,Kepler-804,1.94,4.42,3.33,0.0,779.0,83.427,14.37457351,0.11287,5817.0,0.04956,1.05,1.01,5.25
Kepler-804 c,Kepler-804,1.14,1.55,5.75,0.0,890.0,141.839,9.65185017,0.08654,5817.0,0.04956,1.05,1.01,5.25
Kepler-805 b,Kepler-805,2.89,8.7,1.98,0.0,743.0,86.473,30.8638931,0.19852,6112.0,0.5408,1.65,1.19,4.27
Kepler-806 b,Kepler-806,1.14,1.55,5.75,0.0,1089.0,413.603,8.09219642,0.07684,5770.0,0.40655,1.16,0.99,7.76
Kepler-808 b,Kepler-808,1.46,2.73,4.82,0.0,1322.0,1428.3,0.631332353,0.01314,4653.0,-0.6837,0.71,0.76,1.95
Kepler-809 b,Kepler-809,3.01,9.32,1.88,0.0,478.0,13.155,55.63934,0.2901,5734.0,0.00145,0.98,0.99,4.37
Kepler-81 b,Kepler-81,2.42,17.2,6.67,0.0,635.0,39.95,5.955,0.0522,4385.0,-0.88941,0.59,0.64,3.63
Kepler-81 c,Kepler-81,2.37,4.3,1.77,0.0,502.0,15.62,12.04,0.08347,4385.0,-0.88941,0.59,0.64,3.63
Kepler-81 d,Kepler-81,1.21,1.92,5.96,0.0,418.0,7.507,20.837846,0.128,4500.0,-0.88941,0.595,0.648,3.63
Kepler-810 b,Kepler-810,1.93,4.38,3.35,0.0,1105.0,350.597,4.59725385,0.055,5803.0,-0.03156,1.04,1.03,4.17
Kepler-811 b,Kepler-811,2.7,7.75,2.16,0.0,730.0,78.59,23.58447697,0.15911,5747.0,0.32275,1.24,1.01,7.94
Kepler-812 b,Kepler-812,3.55,12.3,1.51,0.0,1163.0,421.917,10.11716531,0.1024,6761.0,0.75193,1.71,1.45,1.66
Kepler-813 b,Kepler-813,2.14,5.22,2.93,0.0,817.0,56.04,19.12947337,0.1439,5743.0,-0.0712,0.93,0.95,3.98
Kepler-814 b,Kepler-814,2.12,5.14,2.96,0.0,1164.0,935.124,6.1469851,0.0695,6162.0,0.66937,1.22,1.15,3.02
Kepler-815 b,Kepler-815,4.11,15.8,1.25,0.0,1374.0,979.136,8.57503552,0.09473,5028.0,0.85698,3.42,1.25,4.9
Kepler-816 b,Kepler-816,10.24,74.5,0.381,0.0,668.0,50.563,10.506825646,0.0895,5286.0,-0.37445,0.85,0.9,4.17
Kepler-817 b,Kepler-817,9.03,60.2,0.449,0.0,1124.0,550.203,3.990106229,0.0493,5861.0,0.08609,1.03,1.03,3.55
Kepler-818 b,Kepler-818,5.11,22.9,0.943,0.0,786.0,100.779,10.035385814,0.0886,5638.0,-0.124,0.92,0.94,3.98
Kepler-819 b,Kepler-819,2.76,8.05,2.1,0.0,485.0,9.913,33.1995648,0.1894,5279.0,-0.39773,0.81,0.86,4.47
Kepler-82 b,Kepler-82,4.07,12.15,0.98,0.0033,562.0,19.558,26.44,0.1683,5401.0,-0.18507,0.898,0.91,1.41
Kepler-82 c,Kepler-82,5.34,13.9,0.494,0.007,450.0,8.035,51.54,0.2626,5401.0,-0.18507,0.898,0.91,1.41
Kepler-82 d,Kepler-82,1.77,885.098,220.0,0.0,1253.0,484.351,2.382961,0.034,5428.0,-0.18507,0.945,0.946,1.41
Kepler-82 e,Kepler-82,2.47,254.02,0.54,0.0,926.0,144.337,5.902206,0.063,5428.0,-0.18507,0.945,0.946,1.41
Kepler-82 f,Kepler-82,4.84,20.9,1.01,0.0014,,,75.732,0.3395,5401.0,-0.18507,0.898,0.91,1.41
Kepler-820 b,Kepler-820,6.09,30.8,0.749,0.0,554.0,16.228,127.8338098,0.56004,6260.0,0.6895,1.36,1.23,2.63
Kepler-821 b,Kepler-821,1.31,2.27,5.55,0.0,1215.0,496.82,1.92279873,0.029,5191.0,-0.36439,0.8,0.84,4.79
Kepler-822 b,Kepler-822,1.77,3.78,3.75,0.0,1239.0,535.188,3.222969273,0.04078,5928.0,-0.00495,1.08,1.06,3.55
Kepler-823 b,Kepler-823,1.57,3.09,4.39,0.0,1277.0,803.353,4.16809082,0.0507,5643.0,0.33549,0.96,0.98,4.47
Kepler-824 b,Kepler-824,1.87,4.16,3.5,0.0,1231.0,454.604,4.51436633,0.055,6035.0,0.12216,1.22,1.15,3.31
Kepler-825 b,Kepler-825,1.53,2.96,4.54,0.0,1270.0,734.464,3.77360059,0.0453,5976.0,0.11956,1.08,1.03,3.55
Kepler-825 c,Kepler-825,1.84,4.04,3.56,0.0,981.0,261.628,8.1818246,0.0759,5976.0,0.11956,1.08,1.03,3.55
Kepler-826 b,Kepler-826,1.25,2.1,5.91,0.0,1305.0,827.221,4.48758907,0.05202,6079.0,0.34865,1.15,1.05,4.37
Kepler-827 b,Kepler-827,5.63,27.0,0.831,0.0,574.0,23.602,51.92927591,0.2742,5602.0,0.23172,0.91,0.93,4.37
Kepler-828 b,Kepler-828,1.51,2.89,4.61,0.0,1848.0,1835.159,0.567857136,0.01228,5039.0,-0.54299,0.77,0.81,4.57
Kepler-829 b,Kepler-829,2.11,5.1,2.98,0.0,857.0,247.47,6.88337562,0.0678,5698.0,0.04004,0.97,0.98,4.68
Kepler-83 b,Kepler-83,2.83,2.94,0.83,0.0,460.0,15.412,9.77,0.07295,4082.0,-1.10237,0.61,0.66,3.09
Kepler-83 c,Kepler-83,2.36,2.03,0.38,0.0,362.0,5.9,20.09,0.11796,4082.0,-1.10237,0.61,0.66,3.09
Kepler-83 d,Kepler-83,1.94,4.1,0.56,0.0,569.0,28.81,5.169796,0.051,4648.0,-1.10237,0.594,0.58,3.09
Kepler-830 b,Kepler-830,1.7,3.53,3.95,0.0,907.0,160.18,11.29695137,0.1033,6037.0,0.169,1.11,1.07,3.47
Kepler-831 b,Kepler-831,1.27,2.15,5.77,0.0,992.0,266.249,5.62153941,0.05984,5732.0,0.01191,0.97,0.99,4.17
Kepler-832 b,Kepler-832,2.06,4.9,3.08,0.0,965.0,256.828,7.1396941,0.075,5596.0,0.07025,0.9,0.92,4.37
Kepler-833 b,Kepler-833,2.02,4.74,3.16,0.0,382.0,8.313,18.7546998,0.1139,4339.0,-0.79309,0.62,0.64,3.72
Kepler-834 b,Kepler-834,2.02,4.74,3.16,0.0,378.0,11.845,13.32388301,0.0862,4554.0,-0.7453,0.66,0.7,2.69
Kepler-835 b,Kepler-835,2.79,8.2,2.07,0.0,921.0,170.33,11.41909375,0.107,5954.0,0.32995,1.11,1.08,3.63
Kepler-836 b,Kepler-836,2.73,7.9,2.13,0.0,869.0,135.797,11.36112327,0.1013,5895.0,0.04883,1.04,1.03,4.27
Kepler-837 b,Kepler-837,2.56,7.08,2.32,0.0,701.0,55.966,16.56059504,0.1144,5403.0,-0.27122,0.81,0.85,3.98
Kepler-838 b,Kepler-838,2.73,7.9,2.13,0.0,777.0,61.089,15.74957994,0.1266,5770.0,-0.09867,0.96,0.98,4.17
Kepler-839 b,Kepler-839,2.57,7.13,2.31,0.0,626.0,46.303,37.8144514,0.2316,6058.0,0.43706,1.31,1.22,2.82
Kepler-84 b,Kepler-84,2.23,40.0,19.8,0.0,985.0,222.19,8.726,0.0827,6039.0,0.39,1.43,1.0,3.98
Kepler-84 c,Kepler-84,2.36,20.2,8.44,0.0,865.0,132.23,12.883,0.1072,6039.0,0.39,1.43,1.0,3.98
Kepler-84 d,Kepler-84,1.38,2.48,5.19,0.0,1254.0,584.24,4.224537,0.052,6031.0,0.212,1.169,1.06,3.98
Kepler-84 e,Kepler-84,2.6,7.27,2.27,0.0,672.0,48.29,27.434389,0.181,6031.0,0.212,1.169,1.06,3.98
Kepler-84 f,Kepler-84,2.2,5.48,2.83,0.0,572.0,25.3,44.552169,0.25,6031.0,0.212,1.169,1.06,3.98
Kepler-841 b,Kepler-841,5.23,23.8,0.914,0.0,416.0,1.648,124.4198398,0.479,5324.0,-0.36224,0.81,0.85,4.47
Kepler-842 b,Kepler-842,1.6,3.19,4.28,0.0,1252.0,588.95,1.21956827,0.0204,4848.0,-0.61238,0.73,0.78,4.37
Kepler-843 b,Kepler-843,2.59,7.22,2.28,0.0,1523.0,890.333,2.053879821,0.0313,5830.0,-0.04723,1.03,1.02,4.17
Kepler-844 b,Kepler-844,1.68,3.46,4.01,0.0,713.0,89.652,2.613020856,0.0298,4128.0,-0.92083,0.57,0.59,3.8
Kepler-845 b,Kepler-845,2.04,4.82,3.12,0.0,1361.0,772.498,0.927859821,0.01668,4913.0,-0.60474,0.75,0.79,4.79
Kepler-846 b,Kepler-846,2.48,6.71,2.42,0.0,624.0,35.276,19.80792185,0.1399,5579.0,-0.21715,0.91,0.94,4.37
Kepler-847 b,Kepler-847,1.18,1.76,5.89,0.0,1054.0,292.31,2.343231895,0.0315,4940.0,-0.5065,0.77,0.83,3.89
Kepler-848 b,Kepler-848,1.7,3.53,3.95,0.0,1086.0,794.778,6.91134416,0.07586,5695.0,0.59369,1.2,1.01,8.32
Kepler-849 b,Kepler-849,8.08167508,298.75870258,3.09,0.078,362.7,2.86,394.62508,1.137,5950.0,0.57287,1.822,1.259,4.7
Kepler-85 b,Kepler-85,1.778,1.84,1.819493,0.02,809.0,107.028,8.3,0.07885,5505.2,-0.2123,0.875,0.928,1.38
Kepler-85 c,Kepler-85,1.978,2.15,1.527272,0.027,706.0,61.929,12.51,0.10363,5505.2,-0.2123,0.875,0.928,1.38
Kepler-85 d,Kepler-85,1.2,8.69679,4.4,0.0,626.0,38.39,17.91323,0.13,5436.0,-0.2123,0.893,0.947,1.38
Kepler-85 e,Kepler-85,1.27,0.6,1.6,0.0,559.0,24.318,25.216751,0.163,5436.0,-0.2123,0.893,0.947,1.38
Kepler-850 b,Kepler-850,1.78,3.82,3.72,0.0,995.0,329.283,7.19303878,0.0744,5932.0,0.17325,1.09,1.06,3.89
Kepler-851 b,Kepler-851,1.68,3.46,4.01,0.0,900.0,103.828,8.50699658,0.0802,5455.0,-0.273,0.85,0.89,4.47
Kepler-852 b,Kepler-852,2.54,6.99,2.34,0.0,565.0,92.131,44.9309804,0.27967,6100.0,0.827,1.16,1.19,1.48
Kepler-853 b,Kepler-853,1.69,3.5,3.98,0.0,1187.0,499.301,7.16892463,0.079,6350.0,0.51032,1.55,1.3,2.69
Kepler-855 b,Kepler-855,8.35,52.7,0.497,0.0,996.0,405.183,7.886631104,0.0762,5835.0,0.33305,1.03,1.03,4.17
Kepler-856 b,Kepler-856,9.3,63.3,0.432,0.0,824.0,153.497,8.027680595,0.0787,5535.0,-0.02166,0.93,0.96,4.27
Kepler-857 b,Kepler-857,6.8,37.2,0.65,0.0,390.0,5.747,85.35129427,0.3751,5773.0,-0.07143,0.99,0.99,4.27
Kepler-858 b,Kepler-858,4.87,21.1,1.0,0.0,399.0,6.338,76.13602028,0.33939,5653.0,-0.1131,0.91,0.96,3.39
Kepler-859 b,Kepler-859,3.09,9.75,1.82,0.0,528.0,14.897,20.38177573,0.13157,5020.0,-0.55638,0.77,0.81,4.57
Kepler-860 b,Kepler-860,3.24,10.6,1.71,0.0,1050.0,233.621,5.101379454,0.058,5836.0,-0.15726,1.06,1.04,4.27
Kepler-861 b,Kepler-861,2.28,5.82,2.7,0.0,966.0,197.29,3.949631375,0.0463,5047.0,-0.42701,0.78,0.82,4.47
Kepler-862 b,Kepler-862,2.21,5.52,2.81,0.0,1097.0,547.293,3.148664534,0.039,5333.0,-0.10252,0.84,0.88,4.79
Kepler-863 b,Kepler-863,2.9,8.75,1.97,0.0,718.0,117.828,15.59461874,0.122,5678.0,0.21514,0.95,0.96,3.8
Kepler-864 b,Kepler-864,2.4,6.35,2.52,0.0,1143.0,464.765,5.83376092,0.0687,5754.0,0.2078,1.0,1.0,4.68
Kepler-864 c,Kepler-864,1.62,3.26,4.21,0.0,1532.0,1305.04,2.42150341,0.0382,6213.0,0.2078,1.195,1.27,0.3
Kepler-865 b,Kepler-865,2.49,6.76,2.41,0.0,694.0,46.362,14.16399294,0.1057,5570.0,-0.29754,0.92,0.93,4.27
Kepler-865 c,Kepler-865,0.89,0.64,4.99,0.0,914.0,164.98,6.20920207,0.061,5440.0,-0.29754,0.885,0.782,4.27
Kepler-866 b,Kepler-866,1.63,3.29,4.17,0.0,996.0,196.127,2.617032536,0.0331,4751.0,-0.70483,0.71,0.75,4.27
Kepler-867 b,Kepler-867,4.64,19.4,1.07,0.0,327.0,2.72,150.242127,0.5375,5541.0,0.11686,0.91,0.92,5.89
Kepler-868 b,Kepler-868,2.05,4.86,3.1,0.0,1047.0,417.034,5.03251791,0.0575,5614.0,0.06838,0.89,0.93,3.89
Kepler-869 b,Kepler-869,3.61,12.7,1.48,0.0,494.0,17.234,40.4287755,0.2244,5664.0,-0.11047,0.95,0.97,4.79
Kepler-87 b,Kepler-87,13.49,324.2,0.729,0.036,478.0,9.203,114.73635,0.481,5600.0,0.32604,1.82,1.1,7.5
Kepler-87 c,Kepler-87,6.14,6.4,0.152,0.039,403.0,4.656,191.2318,0.676,5600.0,0.32604,1.82,1.1,7.5
Kepler-870 b,Kepler-870,2.78,8.15,2.08,0.0,691.0,54.869,21.3587621,0.1539,5857.0,0.04289,1.02,1.01,3.8
Kepler-871 b,Kepler-871,3.74,13.5,1.42,0.0,640.0,79.722,22.0459018,0.1572,5993.0,0.30895,1.14,1.11,3.47
Kepler-872 b,Kepler-872,1.99,4.62,3.22,0.0,1230.0,553.056,2.578855068,0.0362,5902.0,-0.14573,1.08,1.05,4.17
Kepler-873 b,Kepler-873,3.75,13.5,1.41,0.0,749.0,68.015,20.5533844,0.1542,6163.0,0.13449,1.27,1.18,2.95
Kepler-874 b,Kepler-874,3.94,14.7,1.32,0.0,560.0,31.624,40.0686727,0.2234,6020.0,0.13758,1.13,1.09,3.31
Kepler-875 b,Kepler-875,2.9,8.75,1.97,0.0,569.0,41.431,27.5073799,0.1771,5958.0,0.13542,1.11,1.06,3.39
Kepler-876 b,Kepler-876,1.43,2.63,4.94,0.0,923.0,152.746,5.14438011,0.0549,5060.0,-0.33828,0.77,0.81,5.25
Kepler-877 b,Kepler-877,2.12,5.14,2.96,0.0,632.0,37.81,18.45847097,0.1301,5261.0,-0.343,0.81,0.85,4.57
Kepler-878 b,Kepler-878,1.93,4.38,3.35,0.0,501.0,27.009,25.9422033,0.165,5044.0,-0.17433,0.77,0.81,4.57
Kepler-879 b,Kepler-879,2.57,7.13,2.31,0.0,580.0,29.128,33.3855938,0.2012,5792.0,0.0334,1.02,1.02,4.27
Kepler-879 c,Kepler-879,0.4,0.0364,3.13,,,,0.646716,,5456.75,0.0334,1.022,0.974,4.27
Kepler-88 d,KOI-142,13.1,965.14699656,2.36,0.41,,,1403.0,2.466329866,5466.0,-0.16507,0.897,0.99,1.6
Kepler-880 b,Kepler-880,2.66,7.56,2.21,0.0,1622.0,586.169,7.71468975,0.0915,6761.0,0.66603,1.74,1.46,1.66
Kepler-880 c,Kepler-880,2.87,8.6,2.0,0.0,1407.0,926.72,11.8061737,0.1216,6900.0,0.66603,2.599,1.714,1.41
Kepler-881 b,Kepler-881,1.78,3.82,3.72,0.0,1217.0,538.569,4.44448017,0.0552,5961.0,0.11975,1.09,1.06,3.8
Kepler-882 b,Kepler-882,1.23,2.04,6.02,0.0,903.0,259.029,3.989539666,0.04741,5476.0,-0.27313,0.87,0.9,4.57
Kepler-883 b,Kepler-883,1.78,3.82,3.72,0.0,818.0,163.052,12.98495573,0.10288,6116.0,0.29567,1.09,1.06,3.02
Kepler-884 b,Kepler-884,1.23,2.04,6.02,0.0,964.0,139.5,5.69919514,0.06116,5715.0,-0.31335,0.94,1.0,2.45
Kepler-885 b,Kepler-885,2.5,6.8,2.39,0.0,830.0,124.646,18.11472949,0.14403,6187.0,0.41686,1.35,1.21,3.16
Kepler-886 b,Kepler-886,1.52,2.92,4.57,0.0,1111.0,231.432,6.24146367,0.06428,6098.0,0.04165,1.16,1.1,3.39
Kepler-887 b,Kepler-887,1.84,4.04,3.56,0.0,785.0,109.842,20.42228798,0.15431,6194.0,0.44617,1.29,1.19,3.09
Kepler-887 c,Kepler-887,1.13,1.51,5.75,0.0,1089.0,407.977,7.63846023,0.0801,6194.0,0.44617,1.29,1.19,3.09
Kepler-888 b,Kepler-888,1.76,3.75,3.78,0.0,417.0,7.854,70.6979061,0.31481,5875.0,-0.04319,0.9,0.97,1.48
Kepler-889 b,Kepler-889,1.09,1.32,5.6,0.0,1328.0,954.588,3.744439,0.04975,5961.0,0.38344,1.25,1.14,3.98
Kepler-890 b,Kepler-890,8.89,58.6,0.458,0.0,540.0,30.227,52.75875577,0.2944,5954.0,0.32651,1.13,1.09,3.63
Kepler-891 b,Kepler-891,6.41,33.6,0.701,0.0,486.0,44.326,53.44945593,0.2881,5887.0,0.58754,1.07,1.06,3.55
Kepler-892 b,Kepler-892,2.81,8.3,2.06,0.0,556.0,18.196,13.7521072,0.1015,4747.0,-0.73492,0.72,0.75,5.01
Kepler-893 b,Kepler-893,3.03,9.43,1.86,0.0,1034.0,266.271,6.33855761,0.0699,5820.0,0.05966,0.99,1.0,3.8
Kepler-894 b,Kepler-894,2.78,8.15,2.08,0.0,896.0,119.881,9.803224,0.0916,5603.0,-0.12306,0.85,0.87,4.27
Kepler-895 b,Kepler-895,1.54,2.99,4.5,0.0,771.0,106.585,2.806242328,0.0328,4315.0,-0.85369,0.61,0.65,2.63
Kepler-896 b,Kepler-896,2.53,6.94,2.35,0.0,303.0,1.99,144.547396,0.56378,5262.0,0.48148,0.81,0.84,5.01
Kepler-896 c,Kepler-896,3.15,10.1,1.78,0.0,515.0,16.56,29.5422566,0.1792,5510.0,0.48148,0.803,0.877,7.59
Kepler-897 b,Kepler-897,2.39,6.3,2.54,0.0,855.0,354.221,8.0472642,0.077,5839.0,0.28762,1.04,1.03,4.37
Kepler-898 b,Kepler-898,1.49,2.83,4.7,0.0,616.0,37.11,5.8706191,0.0545,4223.0,-0.87506,0.62,0.65,3.98
Kepler-899 b,Kepler-899,2.68,7.65,2.18,0.0,640.0,62.198,19.17891293,0.1392,5595.0,0.04831,0.91,0.93,4.07
Kepler-9 b,Kepler-9,8.29,43.4,0.42,0.0609,661.0,48.229,19.23891,0.143,5774.0,-0.038,0.958,1.022,2.0
Kepler-9 c,Kepler-9,8.08,29.9,0.31,0.06691,523.0,18.903,38.9853,0.227,5774.0,-0.038,0.958,1.022,2.0
Kepler-9 d,Kepler-9,1.64,8.41466053,13.547166,0.0,2026.0,1339.658,1.592851,0.0273,5777.0,-0.038,1.02,1.07,1.0
Kepler-90 i,KOI-351,1.32,2.3,5.5,0.0,709.0,,14.44912,0.1201380843,6015.0,0.26853,1.29,1.12,0.53
Kepler-900 b,Kepler-900,2.08,4.98,3.04,0.0,716.0,54.109,6.9913086,0.0679,4836.0,-0.6084,0.73,0.78,4.57
Kepler-901 b,Kepler-901,1.37,2.45,5.24,0.0,704.0,68.723,3.517494394,0.0378,4184.0,-0.98404,0.57,0.59,3.8
Kepler-902 b,Kepler-902,2.54,6.99,2.34,0.0,556.0,24.875,40.1099547,0.223,5647.0,0.10835,0.93,0.95,4.37
Kepler-903 b,Kepler-903,2.01,4.7,3.18,0.0,842.0,274.845,10.3507721,0.09081,5682.0,0.36464,0.97,0.98,4.79
Kepler-903 c,Kepler-903,2.53,6.94,2.35,0.0,462.0,24.791,62.9228557,0.30249,5682.0,0.36464,0.97,0.98,4.79
Kepler-904 b,Kepler-904,1.77,3.78,3.75,0.0,1332.0,875.419,3.021668632,0.0417,6160.0,0.15444,1.25,1.16,3.02
Kepler-905 b,Kepler-905,1.41,2.57,5.04,0.0,928.0,185.771,5.082746517,0.05689,5461.0,-0.21507,0.86,0.95,1.66
Kepler-906 b,Kepler-906,2.11,5.1,2.98,0.0,537.0,21.987,41.6979976,0.22363,6035.0,0.09641,1.02,1.06,1.86
Kepler-907 b,Kepler-907,1.2,1.87,5.95,0.0,879.0,137.66,15.86621821,0.1225,6106.0,0.378,1.38,1.08,5.37
Kepler-908 b,Kepler-908,1.22,1.98,5.99,0.0,1783.0,3304.101,1.340597468,0.02526,5973.0,0.26406,1.12,1.11,3.02
Kepler-909 b,Kepler-909,1.47,2.76,4.77,0.0,852.0,127.24,13.93290318,0.11873,6154.0,0.273,1.23,1.17,2.88
Kepler-91 b,Kepler-91,15.322703,257.4423,0.4,0.0519,2040.0,3273.324,6.24658,0.0731,4550.0,1.225,6.3,1.31,4.47
Kepler-910 b,Kepler-910,0.82,0.477,4.75,0.0,1752.0,2108.073,2.364369015,0.03752,6230.0,0.49442,1.5,1.26,3.39
Kepler-911 b,Kepler-911,2.6,7.27,2.27,0.0,931.0,198.725,20.310501,0.15594,6112.0,0.70686,1.99,1.34,3.55
Kepler-912 b,Kepler-912,2.8,8.25,2.07,0.0,1218.0,519.95,2.534756273,0.0339,5998.0,0.55177,1.11,1.07,3.16
Kepler-913 b,Kepler-913,2.06,4.9,3.08,0.0,1129.0,58.9,10.29672521,0.1009,4687.0,-0.28163,0.61,0.63,5.62
Kepler-913 c,Kepler-913,3.8580709,14.2,1.36,0.0,1357.0,122.82,5.939119816,0.0699,6068.0,-0.28163,1.797,1.294,5.62
Kepler-914 b,Kepler-914,1.38,2.48,5.19,0.0,1192.0,568.378,4.40966548,0.05454,5877.0,0.24467,1.15,1.1,3.98
Kepler-915 b,Kepler-915,1.5,2.86,4.66,0.0,1319.0,844.751,4.59489604,0.05655,6173.0,0.50553,1.38,1.21,3.39
Kepler-916 b,Kepler-916,1.76,3.75,3.78,0.0,503.0,14.683,32.2968798,0.1885,5248.0,-0.27846,0.81,0.85,4.79
Kepler-917 b,Kepler-917,1.91,4.31,3.4,0.0,991.0,228.11,2.970414375,0.0378,5418.0,0.76372,0.76,0.8,4.17
Kepler-918 b,Kepler-918,1.74,3.68,3.84,0.0,1052.0,258.702,4.85386933,0.0569,6028.0,-0.01801,1.14,1.11,3.24
Kepler-919 b,Kepler-919,2.25,5.69,2.74,0.0,869.0,153.915,11.04603384,0.0981,6113.0,0.16662,1.21,1.15,3.02
Kepler-92 b,Kepler-92,3.51,64.3,2.098071,0.17,975.0,257.776,13.749,0.12232,5883.0,0.55818,1.7,1.21,3.98
Kepler-92 c,Kepler-92,2.6,6.1,4.747125,0.04,781.0,106.207,26.723,0.19054,5883.0,0.55818,1.7,1.21,3.98
Kepler-92 d,Kepler-92,2.067,11.8666806,7.457871,0.07,637.0,46.844,49.3568,0.28682,5904.34,0.55818,1.81719,1.07,3.98
Kepler-920 b,Kepler-920,2.42,6.44,2.5,0.0,907.0,153.138,6.53192704,0.065,5403.0,-0.18293,0.85,0.89,4.37
Kepler-920 c,Kepler-920,3.8,13.8,1.38,0.0,364.0,3.986,100.8274113,0.4029,5403.0,-0.18293,0.85,0.89,4.37
Kepler-921 b,Kepler-921,2.87,8.6,2.0,0.0,492.0,15.007,51.300634,0.2716,5663.0,-0.0296,0.91,0.93,4.27
Kepler-922 b,Kepler-922,1.42,2.6,4.99,0.0,1876.0,2142.634,0.938466832,0.01795,5671.0,-0.13328,0.93,0.95,4.37
Kepler-923 b,Kepler-923,1.38,2.48,5.19,0.0,1104.0,390.636,6.93366476,0.07592,5988.0,0.3325,1.26,1.11,4.68
Kepler-924 b,Kepler-924,3.07,9.64,1.83,0.0,610.0,19.997,61.0370117,0.31318,6167.0,0.31382,1.23,1.14,3.09
Kepler-925 b,Kepler-925,2.34,6.08,2.61,0.0,394.0,5.833,33.8678531,0.1805,4673.0,-0.68406,0.72,0.77,2.57
Kepler-926 b,Kepler-926,2.31,5.95,2.65,0.0,524.0,17.883,52.0688601,0.2739,5806.0,0.17281,1.01,1.01,4.37
Kepler-927 b,Kepler-927,1.72,3.61,3.9,0.0,906.0,129.534,9.1149903,0.0866,5743.0,-0.08583,0.99,0.99,4.37
Kepler-928 b,Kepler-928,1.59,3.15,4.31,0.0,894.0,111.11,3.932461302,0.0444,4700.0,-0.71877,0.7,0.73,4.37
Kepler-929 b,Kepler-929,1.11,1.41,5.67,0.0,2362.0,8159.933,0.921032135,0.01982,5869.0,0.46075,1.02,1.01,3.47
Kepler-93 b,Kepler-93,1.478,4.66,7.93,0.0,1133.0,275.0,4.72673978,0.05343,5669.0,-0.10565,0.919,0.911,6.6
Kepler-93 c,Kepler-93,,954.0,,,,,1460.0,,5669.0,-0.10565,0.92,0.91,5.05
Kepler-930 b,Kepler-930,2.13,5.18,2.95,0.0,561.0,16.851,71.4517775,0.34593,6335.0,0.37758,1.4,1.25,2.34
Kepler-931 b,Kepler-931,1.33,2.33,5.44,0.0,744.0,72.44,8.03755877,0.0719,5241.0,-0.35,0.81,0.86,4.68
Kepler-932 b,Kepler-932,1.37,2.45,5.24,0.0,1276.0,562.217,1.921437396,0.02876,5331.0,-0.32176,0.84,0.87,4.68
Kepler-933 b,Kepler-933,2.46,6.62,2.44,0.0,602.0,61.323,14.20443009,0.1041,5346.0,-0.21081,0.84,0.87,4.68
Kepler-934 b,Kepler-934,2.09,5.02,3.02,0.0,384.0,4.716,55.6738309,0.2658,5001.0,-0.47799,0.77,0.81,4.47
Kepler-935 b,Kepler-935,1.35,2.39,5.34,0.0,879.0,94.607,4.88083852,0.0527,4830.0,-0.63887,0.73,0.78,3.8
Kepler-936 b,Kepler-936,1.45,2.7,4.87,0.0,867.0,133.56,10.56134221,0.0954,5482.0,-0.19,0.89,0.92,4.57
Kepler-937 b,Kepler-937,3.72,13.4,1.43,0.0,495.0,20.627,67.668827,0.3214,6095.0,0.28097,1.22,1.15,3.24
Kepler-937 c,Kepler-937,2.67,7.61,2.2,0.0,377.0,6.93,153.343364,0.5545,6095.0,0.28097,1.22,1.15,3.24
Kepler-938 b,Kepler-938,2.22,5.56,2.79,0.0,544.0,8.57,52.6298417,0.2689,5533.0,-0.174,0.89,0.92,4.27
Kepler-939 b,Kepler-939,1.75,3.71,3.8,0.0,692.0,54.19,14.878296,0.1153,5471.0,0.39065,0.85,0.88,4.47
Kepler-94 b,Kepler-94,3.51,10.84,1.45,0.0,997.0,216.094,2.50806,0.03377,4781.0,-0.61348,0.76,0.81,1.41
Kepler-94 c,Kepler-94,12.5,3126.0,8.79,0.345931,,,820.3,1.596806621,4781.0,-0.61348,0.76,0.81,1.41
Kepler-940 b,Kepler-940,3.34,11.1,1.64,0.0,486.0,10.519,59.6225257,0.3059,5769.0,-0.05668,0.96,0.97,3.63
Kepler-941 b,Kepler-941,3.08,9.69,1.82,0.0,722.0,47.032,17.42395198,0.1311,5539.0,-0.20576,0.86,0.89,4.07
Kepler-942 b,Kepler-942,2.13,5.18,2.95,0.0,379.0,4.957,44.96417488,0.22737,4861.0,-0.58453,0.75,0.81,4.17
Kepler-943 b,Kepler-943,5.93,29.5,0.777,0.0,455.0,10.16,49.7701438,0.2559,5612.0,0.40676,0.91,0.93,4.27
Kepler-944 b,Kepler-944,2.63,7.41,2.24,0.0,459.0,20.174,43.3167737,0.2288,5409.0,-0.07777,0.83,0.86,4.47
Kepler-945 b,Kepler-945,2.63,7.41,2.24,0.0,616.0,31.702,31.0033814,0.2037,5718.0,0.02447,0.97,0.97,4.47
Kepler-946 b,Kepler-946,1.93,4.38,3.35,0.0,857.0,124.072,11.79162572,0.1002,5665.0,0.13422,0.93,0.94,4.17
Kepler-947 b,Kepler-947,2.28,5.82,2.7,0.0,573.0,51.95,26.9644317,0.1773,5508.0,0.14245,0.87,0.9,4.27
Kepler-948 b,Kepler-948,1.85,4.08,3.54,0.0,841.0,126.203,7.76846622,0.0749,5679.0,-0.10938,0.94,0.96,4.17
Kepler-949 b,Kepler-949,2.91,8.8,1.96,0.0,782.0,58.442,8.689307296,0.07739,5403.0,-0.44164,0.86,0.89,4.57
Kepler-949 c,Kepler-949,2.97,9.11,1.91,0.0,582.0,27.2,20.99757968,0.1394,5211.0,-0.44164,0.895,0.817,1.74
Kepler-95 b,Kepler-95,3.42,13.0,1.71,0.0,927.0,178.832,11.5231,0.10232,5699.0,0.28105,1.41,1.08,5.63
Kepler-950 b,Kepler-950,8.98,59.6,0.452,0.0,360.0,3.97,98.7180406,0.3982,5857.0,0.35461,1.02,1.02,3.8
Kepler-951 b,Kepler-951,5.59,26.7,0.84,0.0,340.0,2.472,71.52530845,0.3091,4834.0,-0.64183,0.73,0.77,4.27
Kepler-952 b,Kepler-952,7.65,45.4,0.557,0.0,369.0,5.046,130.3546919,0.5183,5730.0,0.09668,0.99,1.0,4.27
Kepler-953 b,Kepler-953,4.21,16.5,1.22,0.0,410.0,5.84,88.40655258,0.392,5416.0,-0.119,0.99,0.95,8.71
Kepler-953 c,Kepler-953,1.19,1.81,5.9,0.0,873.0,121.04,9.10967112,0.0862,5416.0,-0.119,0.99,0.95,8.71
Kepler-954 b,Kepler-954,2.32,5.99,2.64,0.0,545.0,21.531,16.78176602,0.1202,4990.0,-0.5722,0.76,0.82,3.39
Kepler-955 b,Kepler-955,3.13,9.96,1.78,0.0,664.0,33.091,14.53244172,0.1083,5350.0,-0.4085,0.84,0.89,4.37
Kepler-956 b,Kepler-956,3.0,9.27,1.89,0.0,1056.0,307.058,5.248672631,0.06017,6040.0,0.05208,1.15,1.1,3.47
Kepler-957 b,Kepler-957,5.5,25.9,0.855,0.0,769.0,124.911,5.907413537,0.0559,4963.0,-0.46836,0.75,0.81,2.75
Kepler-958 b,Kepler-958,2.06,4.9,3.08,0.0,749.0,73.59,9.7678805,0.08631,5421.0,-0.28165,0.86,0.91,4.37
Kepler-959 b,Kepler-959,4.38,17.6,1.15,0.0,1912.0,165.868,14.80074836,0.1633,7005.0,0.73752,2.01,1.6,1.35
Kepler-96 b,Kepler-96,2.67,8.46,2.26,0.0,711.0,57.524,16.2385,0.1261,5690.0,-0.05231,1.02,1.0,2.34
Kepler-960 b,Kepler-960,2.29,5.86,2.68,0.0,1391.0,129.223,3.12686223,0.03807,4755.0,-0.6289,0.72,0.77,3.63
Kepler-961 b,Kepler-961,2.55,7.04,2.33,0.0,642.0,40.4,16.87727414,0.12585,5582.0,-0.19378,0.9,0.96,2.82
Kepler-962 b,Kepler-962,1.97,4.54,3.26,0.0,689.0,53.823,12.05707239,0.09874,5478.0,-0.26115,0.86,0.93,2.4
Kepler-963 b,Kepler-963,2.66,7.56,2.21,0.0,802.0,83.494,9.97683705,0.0849,5461.0,-0.22463,0.87,0.91,4.07
Kepler-963 c,Kepler-963,0.6,0.156,3.97,,,,0.919783,,5169.47,-0.22463,0.928,0.821,13.2
Kepler-964 b,Kepler-964,2.12,5.14,2.96,0.0,652.0,43.916,13.5225106,0.1073,5427.0,-0.306,0.84,0.93,1.91
Kepler-965 b,Kepler-965,3.38,11.4,1.62,0.0,393.0,4.98,134.2527298,0.50998,5886.0,0.14794,1.15,1.05,5.5
Kepler-966 b,Kepler-966,4.13,16.0,1.25,0.0,391.0,10.972,99.747622,0.3907,5840.0,0.23291,1.02,1.02,4.07
Kepler-967 b,Kepler-967,2.35,6.12,2.59,0.0,638.0,39.1,13.22713379,0.1027,5178.0,-0.71759,0.8,0.84,5.89
Kepler-967 c,Kepler-967,3.65,12.9,1.46,0.0,258.0,1.05,198.7112502,0.6253,5178.0,-0.71759,0.8,0.84,5.89
Kepler-968 b,Kepler-968,2.0,4.66,3.2,0.0,745.0,103.909,3.692983728,0.0389,4598.0,-0.7626,0.7,0.76,2.14
Kepler-968 c,Kepler-968,1.69,3.5,3.98,0.0,644.0,58.15,5.709404918,0.052,4598.0,-0.7626,0.7,0.76,2.14
Kepler-969 b,Kepler-969,2.07,4.94,3.06,0.0,465.0,10.166,34.1731714,0.19726,5214.0,-0.38876,0.82,0.92,1.51
Kepler-969 c,Kepler-969,0.99,0.937,5.31,0.0,1270.0,564.581,1.682934604,0.0265,5214.0,-0.38876,0.82,0.92,1.51
Kepler-97 b,Kepler-97,1.48,3.51,5.44,0.0,1328.0,767.964,2.58664,0.03563,5779.0,-0.02505,0.98,0.94,8.42
Kepler-97 c,Kepler-97,,344.0,,,,,789.0,,5779.0,-0.02505,0.98,0.94,8.42
Kepler-970 b,Kepler-970,2.609,7.31,2.26,0.34,464.0,11.111,16.736525,0.139,4290.0,-0.77469,0.71,0.67,0.105
Kepler-971 b,Kepler-971,2.13,5.18,2.95,0.0,1087.0,82.766,9.59070716,0.08679,5431.0,-0.29873,0.85,0.88,4.47
Kepler-972 b,Kepler-972,4.65,19.5,1.07,0.0,1060.0,266.514,7.03932553,0.0734,6146.0,0.19129,1.22,1.15,2.82
Kepler-973 b,Kepler-973,1.96,4.5,3.28,0.0,402.0,7.892,49.6077331,0.2489,5213.0,-0.34416,0.78,0.86,2.29
Kepler-974 b,Kepler-974,1.57,3.09,4.39,0.0,577.0,28.511,4.194496514,0.0419,3687.0,-1.35426,0.5,0.52,4.37
Kepler-975 b,Kepler-975,1.48,2.79,4.73,0.0,1599.0,328.698,1.970342457,0.02898,4897.0,-0.51184,0.75,0.8,3.89
Kepler-975 c,Kepler-975,10.69,80.2,0.361,0.0,1168.0,439.8,5.05821338,0.0567,4883.0,-0.51184,1.667,0.951,13.9
Kepler-976 b,Kepler-976,3.96,14.9,1.32,0.0,324.0,2.661,105.9564148,0.4217,5232.0,-0.35971,0.83,0.87,4.68
Kepler-977 b,Kepler-977,2.62,7.37,2.25,0.0,544.0,13.955,26.85328322,0.162,5315.0,-0.47627,0.83,0.87,4.57
Kepler-978 b,Kepler-978,2.99,9.22,1.9,0.0,546.0,20.99,49.6221509,0.2726,6002.0,0.143,1.09,1.07,3.63
Kepler-979 b,Kepler-979,2.72,7.85,2.14,0.0,792.0,77.841,8.0880135,0.0753,5310.0,-0.31956,0.83,0.87,4.57
Kepler-98 b,Kepler-98,1.99,3.55,2.18,0.0,1592.0,1107.389,1.54168,0.02614,5539.0,-0.13324,1.11,0.99,2.79
Kepler-980 b,Kepler-980,2.67,7.61,2.2,0.0,845.0,170.137,11.55102504,0.09993,5935.0,0.2618,1.06,1.05,3.55
Kepler-981 b,Kepler-981,2.31,5.95,2.65,0.0,1103.0,337.471,4.469757736,0.0535,5718.0,-0.08124,0.96,0.98,4.07
Kepler-982 b,Kepler-982,2.25,5.69,2.74,0.0,955.0,185.203,15.7738221,0.1277,6139.0,0.51095,1.29,1.16,3.55
Kepler-983 b,Kepler-983,2.36,6.17,2.58,0.0,485.0,30.997,60.0855082,0.3148,6052.0,0.15,1.08,1.13,1.41
Kepler-984 b,Kepler-984,2.12,5.14,2.96,0.0,484.0,13.991,43.0342272,0.23688,5610.0,-0.10846,0.93,0.96,3.98
Kepler-985 b,Kepler-985,2.98,9.17,1.9,0.0,323.0,2.4,116.331901,0.44664,5434.0,-0.28282,0.85,0.91,3.39
Kepler-986 b,Kepler-986,2.36,6.17,2.58,0.0,465.0,10.857,56.4349938,0.29131,5642.0,-0.04683,0.98,0.96,6.17
Kepler-987 b,Kepler-987,3.26,10.7,1.7,0.0,351.0,3.853,105.3033148,0.4238,5637.0,-0.14468,0.91,0.97,2.45
Kepler-988 b,Kepler-988,2.07,4.94,3.06,0.0,368.0,6.56,17.76080053,0.1085,4005.0,-1.04739,0.53,0.55,3.16
Kepler-989 b,Kepler-989,2.21,5.52,2.81,0.0,805.0,74.35,7.964315352,0.0734,5074.0,-0.42689,0.78,0.82,4.68
Kepler-99 b,Kepler-99,1.48,6.15,10.9,0.0,810.0,108.042,4.60358,0.05071,4782.0,-0.58545,0.73,0.79,1.47
Kepler-990 b,Kepler-990,2.6,7.27,2.27,0.0,903.0,108.3,9.91723428,0.08595,5948.0,-0.05003,1.08,1.05,3.55
Kepler-990 c,Kepler-990,1.53,2.96,4.54,0.0,2386.0,5272.4,0.538354308,0.01232,5948.0,-0.05003,1.08,1.05,3.55
Kepler-991 b,Kepler-991,2.54,6.99,2.34,0.0,260.0,1.371,82.5342519,0.3104,4392.0,-0.83074,0.61,0.64,3.47
Kepler-992 b,Kepler-992,1.62,3.26,4.21,0.0,510.0,15.291,20.16034462,0.13372,4944.0,-0.56959,0.74,0.8,3.02
Kepler-993 b,Kepler-993,2.97,9.11,1.91,0.0,352.0,3.954,22.08557563,0.13,3843.0,-1.22868,0.54,0.57,3.89
Kepler-994 b,Kepler-994,1.6,3.19,4.28,0.0,957.0,243.984,1.151166506,0.0177,3934.0,-1.13919,0.54,0.56,3.24
Kepler-995 b,Kepler-995,2.7,7.75,2.16,0.0,517.0,11.92,28.26731672,0.1701,5206.0,-0.41918,0.8,0.83,5.01
Kepler-996 b,Kepler-996,1.98,4.58,3.24,0.0,1272.0,723.081,3.770590584,0.0474,6014.0,0.24247,1.14,1.09,3.63
Kepler-997 b,Kepler-997,1.36,2.42,5.29,0.0,1709.0,1900.131,2.707306716,0.04022,6150.0,0.49569,1.56,1.22,3.63
Kepler-998 b,Kepler-998,2.32,5.99,2.64,0.0,1020.0,409.917,5.65377733,0.0626,6058.0,0.1929,1.18,1.12,3.31
Kepler-999 b,Kepler-999,2.34,6.08,2.61,0.0,1355.0,740.173,5.991857017,0.06918,6237.0,0.5381,1.65,1.29,3.09
L 168-9 b,L 168-9,1.63,4.07,5.18,0.0,998.0,149.3748,1.40152604,0.0208,3842.0,-1.14086,0.604,0.614,
L 363-38 b,L 363-38,2.0,4.67,3.21,,330.0,,8.781,0.048,3129.0,-1.88606,0.274,0.21,8.07
L 98-59 b,L 98-59,0.837,0.46,4.3,0.031,620.0,24.5,2.253114,0.0223,3415.0,-1.91364,0.3155,0.2923,4.94
L 98-59 c,L 98-59,1.329,2.0,4.7,0.002,526.0,12.7,3.6906764,0.0309,3415.0,-1.91364,0.3155,0.2923,4.94
L 98-59 d,L 98-59,1.627,1.64,2.2,0.006,416.0,4.97,7.450729,0.0494,3415.0,-1.91364,0.3155,0.2923,4.94
L 98-59 e,L 98-59,1.49,2.82,5.2,0.012,347.0,2.4,12.8278,0.0712,3415.0,-1.91364,0.3155,0.2923,4.94
L 98-59 f,L 98-59,1.48,2.8,5.0,0.044,285.0,1.1,23.064,0.1052,3415.0,-1.91364,0.3155,0.2923,4.94
LHS 1140 b,LHS 1140,1.73,5.6,5.9,0.043,226.0,0.43,24.73723,0.0946,3096.0,-2.42022,0.2159,0.1844,5.0
LHS 1140 c,LHS 1140,1.272,1.91,5.1,0.05,422.0,5.3,3.77794,0.027,3096.0,-2.42022,0.2159,0.1844,5.0
LHS 1478 b,LHS 1478,1.242,2.33,6.67,,595.0,23.3722,1.9495378,0.01848,3381.0,-2.14569,0.246,0.236,
LHS 1678 b,LHS 1678,0.685,0.35,6.0,0.033,830.44,94.3,0.8602325,0.01239,3490.0,-1.83863,0.329,0.345,7.0
LHS 1678 c,LHS 1678,0.941,1.4,10.6,0.039,510.9,13.5,3.694284,0.0327,3490.0,-1.83863,0.329,0.345,7.0
LHS 1678 d,LHS 1678,0.981,0.907,5.28,0.036,462.95,9.1,4.9652229,0.04,3490.0,-1.83863,0.329,0.345,7.0
LHS 1815 b,LHS 1815,1.088,1.58,6.7,0.0,617.0,26.3712,3.814334,0.0404,3643.0,-1.38722,0.501,0.502,
LHS 1903 b,LHS 1903,1.382,3.28,6.82,0.015,796.0,66.66,2.1555098,0.02656,3664.0,-1.32451,0.539,0.538,7.08
LHS 1903 c,LHS 1903,2.046,4.55,2.91,0.089,559.0,16.2,6.226185,0.05387,3664.0,-1.32451,0.539,0.538,7.08
LHS 1903 d,LHS 1903,2.5,5.96,2.09,0.112,442.0,6.35,12.566287,0.08604,3664.0,-1.32451,0.539,0.538,7.08
LHS 1903 e,LHS 1903,1.732,5.79,6.1,0.014,333.0,2.05,29.31773,0.15135,3664.0,-1.32451,0.539,0.538,7.08
LHS 3154 b,LHS 3154,3.69,13.15,1.44,0.076,,,3.71778,0.02262,2861.0,-2.72125,0.1405,0.1118,5.0
LHS 3844 b,LHS 3844,1.303,2.25,5.59,,805.0,70.1,0.46292913,0.00622,3036.0,-2.56543,0.189,0.151,
LHS 475 b,LHS 475,0.991,0.941,5.31,0.0,586.0,20.8,2.029088,0.02037,3300.0,-2.06449,0.2789,0.262,
LP 261-75 b,LP 261-75 A,12.1,6674.396547,20.7,,1500.0,,,450.0,3138.0,-2.08618,0.308,0.22,0.15
LP 714-47 b,LP 714-47,4.7,30.8,1.7,0.04,700.0,38.5441,4.052037,0.0417,3950.0,-1.12494,0.584,0.59,
LP 791-18 b,LP 791-18,1.212,1.94,5.99,0.0,564.3,24.14,0.9479981,0.00978,2960.0,-2.63827,0.182,0.139,0.5
LP 791-18 c,LP 791-18,2.488,7.16,2.56,0.0001,324.4,2.637,4.98991,0.02961,2960.0,-2.63827,0.182,0.139,0.5
LP 791-18 d,LP 791-18,1.032,0.91,4.56,0.0011,395.5,5.83,2.75485,0.01992,2960.0,-2.63827,0.182,0.139,0.5
LP 890-9 b,LP 890-9,1.32,13.2,,,396.0,4.09,2.7299025,0.01875,2850.0,-2.84134,0.1556,0.118,7.2
LP 890-9 c,LP 890-9,1.367,25.3,,,272.0,0.906,8.457463,0.03984,2850.0,-2.84134,0.1556,0.118,7.2
LSPM J2116+0234 b,LSPM J2116+0234,3.71,13.3,1.43,0.183,,,14.4399,0.0876,3475.0,-1.69897,0.431,0.43,2.0
LTT 1445 A b,LTT 1445 A,1.34,2.73,6.2,0.18,431.0,5.7,5.3587635,0.0381,3562.0,-2.04591,0.271,0.257,
LTT 1445 A c,LTT 1445 A,1.147,1.54,5.57,0.223,508.0,10.9,3.1239035,0.02661,3340.0,-2.04591,0.265,0.257,
LTT 3780 b,LTT 3780,1.325,2.46,5.8,0.0,903.0,111.0,0.76837931,0.01195,3358.0,-1.78252,0.38,0.381,3.1
LTT 3780 c,LTT 3780,2.39,8.04,3.24,0.024,359.0,2.76,12.252284,0.0757,3358.0,-1.78252,0.38,0.381,3.1
LTT 9779 b,LTT 9779,4.72,29.32,1.536,0.0,1978.0,1013.69,0.792052,0.01679,5443.0,-0.16749,0.949,1.02,2.0
LkCa 15 b,LkCa 15,,,,,,,,14.7,4194.0,-0.19164,1.60711,,0.001
LkCa 15 c,LkCa 15,,,,,,,,18.6,4194.0,-0.19164,1.60711,,0.001
Luhman 16 b,Luhman 16 A,11.9,9344.1551658,30.5,0.344,,,9697.0,3.52,,-4.66,,0.0338,
Lupus-TR-3 b,Lupus-TR-3,9.976,257.431,1.4,0.0,,,3.91405,0.0464,5000.0,-1.46393,0.82,0.87,
M62H b,M62H,,785.03616529,,,,,0.132935028,,,,,1.4,
MASCARA-1 b,MASCARA-1,17.90074218,1175.971,1.5,0.00034,2594.3,38711.5,2.14877381,0.040352,7490.0,1.08279,2.082,1.9,0.8
MASCARA-4 b,MASCARA-4,16.98160576,532.36258173,0.481,0.0,2250.0,4913.69,2.8240932,0.0474,7800.0,1.08743,1.79,1.75,0.8
MOA-2007-BLG-192L b,MOA-2007-BLG-192L,1.63,3.3,4.19,,,,,0.62,,,,0.06,
MOA-2007-BLG-400L b,MOA-2007-BLG-400L,13.5,540.3082919,1.21,,34.0,,,5.9,,,,0.69,
MOA-2008-BLG-310L b,MOA-2008-BLG-310L,5.18,23.4,0.925,,,,,1.1,,,,0.21,
MOA-2008-BLG-379L b,MOA-2008-BLG-379L,13.0,1300.0,3.25,,,,,2.7,,,,0.56,
MOA-2009-BLG-266L b,MOA-2009-BLG-266L,3.21,10.4,1.73,,,,2800.0,3.2,,,,0.56,
MOA-2009-BLG-319L b,MOA-2009-BLG-319L,9.64,67.3,0.413,,,,,2.03,,,,0.524,
MOA-2009-BLG-387L b,MOA-2009-BLG-387L,13.2,830.0,1.98,,,,1980.0,1.8,,,,0.19,
MOA-2010-BLG-073L b,MOA-2010-BLG-073L,12.4,3500.0,10.1,,,,,1.21,,,,0.16,
MOA-2010-BLG-117L b,MOA-2010-BLG-117L,14.2,170.0,0.326,,,,,2.42,,,,0.58,
MOA-2010-BLG-328L b,MOA-2010-BLG-328L,2.99,9.2,1.89,,,,,0.92,,,,0.11,
MOA-2010-BLG-353L b,MOA-2010-BLG-353L,11.1,86.0,0.346,,,,,1.72,,,,0.18,
MOA-2010-BLG-477L b,MOA-2010-BLG-477L,13.6,480.0,1.05,,,,,2.0,5950.0,,,0.67,
MOA-2011-BLG-028L b,MOA-2011-BLG-028L,5.99,30.0,0.767,,,,,4.14,,,,0.75,
MOA-2011-BLG-262L b,MOA-2011-BLG-262L,4.29,17.0,1.18,,,,,0.95,,,,0.11,
MOA-2011-BLG-291L b,MOA-2011-BLG-291L,4.43,18.0,1.14,,,,,0.69,,,,0.15,
MOA-2011-BLG-293L b,MOA-2011-BLG-293L,12.9,1500.0,3.84,,,,3000.0,1.1,,,,0.86,
MOA-2011-BLG-322L b,MOA-2011-BLG-322L,12.4,3690.0,10.6,,,,,4.3,,,,0.39,
MOA-2012-BLG-006L b,MOA-2012-BLG-006L,12.6,2700.0,7.42,,,,,10.2,,,,0.49,
MOA-2012-BLG-505L b,MOA-2012-BLG-505L,2.48,6.7,2.41,,,,,0.9,,,,0.1,
MOA-2013-BLG-220L b,MOA-2013-BLG-220L,13.2,871.0,2.08,,,,,3.03,,,,0.88,
MOA-2013-BLG-605L b,MOA-2013-BLG-605L,1.62,3.24,4.19,,,,,0.93,,,,0.024,
MOA-2015-BLG-337L b,MOA-2015-BLG-337L,6.42,33.7,0.7,,,,,0.24,,,,0.0094,
MOA-2016-BLG-227L b,MOA-2016-BLG-227L,13.2,890.0,2.13,,,,,1.39,,,,0.29,
MOA-2016-BLG-319L b,MOA-2016-BLG-319L,14.1,200.0,0.392,,,,,0.95,,,,0.15,
MOA-2016-BLG-526L b,MOA-2016-BLG-526L,3.97,14.93793513,1.31,,,,,2.07,,,,0.37,
MOA-2019-BLG-008L b,MOA-2019-BLG-008L,12.2,5720.911326,17.3,,,,,,,,,0.9,
MOA-2020-BLG-135L b,MOA-2020-BLG-135L,3.37,11.3,1.62,,,,,1.11,,,,0.23,
MOA-2020-BLG-208L b,MOA-2020-BLG-208L,7.71,46.0,0.552,,,,,2.74,,,,0.43,
MOA-2022-BLG-033L b,MOA-2022-BLG-033L,3.52,12.15,1.53,,,,,2.15,,,,0.51,
MOA-2022-BLG-091L b,MOA-2022-BLG-091L,13.0,1141.00398113,2.85,,,,,3.44,,,,0.75,
MOA-2022-BLG-249L b,MOA-2022-BLG-249L,2.04,4.83,3.13,,,,,1.63,,,,0.18,
MOA-2022-BLG-563L b,MOA-2022-BLG-563L,14.0,127.1313628,0.255,,,,,2.15,,,,0.48,
MOA-bin-1L b,MOA-bin-1L,13.0,1200.0,3.0,,,,,8.3,,,,0.75,
MOA-bin-29 b,MOA-bin-29,14.1,190.0,0.372,,,,,0.48,,,,0.03,
MWC 758 c,MWC 758,,,,,500.0,,,100.0,7314.0,1.01963,2.01446,1.5,0.0035
MXB 1658-298 b,MXB 1658-298,12.0,7532.571,24.0,,,,760.0,1.613,,,,1.98,
NGC 2682 Sand 1429 b,NGC 2682 Sand 1429,13.4,572.0911326,1.31,0.0,683.0,,77.48,0.384,6000.0,0.73989,2.13,1.26,4.3
NGC 2682 Sand 978 b,NGC 2682 Sand 978,13.3,692.8694,1.62,0.16,,,511.21,,4200.0,2.1567,21.017414,1.37,
NGC 2682 YBP 1194 b,NGC 2682 YBP 1194,12.3,101.7056,0.3,0.3,,,6.959,,5780.0,-0.01121,0.99,1.01,4.15
NGC 2682 YBP 1514 b,NGC 2682 YBP 1514,14.0,127.132,0.255,0.28,,,5.118,,5725.0,-0.01797,0.89,0.96,4.15
NGC 2682 YBP 401 b,NGC 2682 YBP 401,14.3,146.2018,0.275,0.15,,,4.087,,6165.0,0.28942,1.215821,1.14,
NGTS-1 b,NGTS-1,14.90797,258.07796,0.42,0.016,790.0,65.3,2.647298,0.0326,3916.0,-1.15326,0.573,0.617,
NGTS-10 b,NGTS-10,13.506845,687.14846,1.43,0.0,1332.0,,0.7668944,0.0143,4600.0,-0.75673,0.697,0.696,10.4
NGTS-11 b,NGTS-11,9.157753,109.33352,0.78,0.13,435.0,9.242,35.45533,0.201,5050.0,-0.39518,0.832,0.862,3.9
NGTS-12 b,NGTS-12,11.747032,66.10864,0.223,0.0,1257.0,416.0,7.532806,0.0757,5690.0,0.33843,1.589,1.021,9.4
NGTS-13 b,NGTS-13,12.800678,1538.2972,4.02,0.086,1605.0,1096.0,4.119027,0.0549,5819.0,0.5172,1.788,1.3,4.23
NGTS-14 A b,NGTS-14 A,4.976796,29.24036,1.395,0.0,1143.0,191.782,3.5357173,0.0403,5187.0,-0.31088,0.842,0.898,5.9
NGTS-15 b,NGTS-15,12.32987877,238.68913366,0.74,0.0,1146.0,425.0,3.27623,0.0441,5600.0,-0.08571,0.954,0.995,3.28
NGTS-16 b,NGTS-16,14.57167491,211.99154747,0.38,0.0,1177.0,480.0,4.84532,0.0523,5550.0,0.11732,1.213,1.002,10.29
NGTS-17 b,NGTS-17,13.89913607,242.82090295,0.5,0.0,1457.0,1160.0,3.24253,0.0391,5650.0,0.2412,1.337,1.025,9.22
NGTS-18 b,NGTS-18,13.56286665,129.99181846,0.28,0.0,1381.0,845.0,3.05125,0.0448,5610.0,0.2703,1.392,1.003,10.84
NGTS-2 b,NGTS-2,17.878355,235.1942,0.226,0.0,1468.0,1085.35,4.511164,0.063,6478.0,0.63077,1.702,1.64,2.17
NGTS-20 b,NGTS-20,11.99360935,947.12865286,3.02,0.432,688.0,6.7645,54.18915,0.313,5980.0,0.64503,1.78,1.47,4.1
NGTS-21 b,NGTS-21,14.90794433,750.07504052,1.25,0.0,1357.0,514.2853,1.5433897,0.0236,4660.0,-0.53854,0.86,0.72,10.02
NGTS-23 b,NGTS-23,14.20177855,194.82881349,0.374,0.0,1327.0,,4.0764326,0.0504,6057.0,0.2833,1.24,1.01,6.39
NGTS-24 b,NGTS-24,13.60770257,165.27077164,0.36,0.0,1499.0,391.83,3.4678796,0.0479,5820.0,0.44592,1.64,1.26,4.77
NGTS-25 b,NGTS-25,11.46678726,203.09235207,0.74,0.0,1101.0,,2.823093,0.0388,5321.0,-0.29158,0.86,0.91,3.49
NGTS-26 b,NGTS-26,14.88552637,92.80589484,0.153,0.0,1331.0,523.0,4.5199279,0.049,5550.0,0.10106,1.16,0.96,11.5
NGTS-27 b,NGTS-27,15.64773706,188.47224535,0.266,0.0,1783.0,1680.0,3.3704181,0.0446,5700.0,0.51375,1.77,1.07,7.9
NGTS-3 A b,NGTS-3 A,16.58932,756.4354,0.31,,1434.44,1000.5679,1.6753728,0.023,5600.0,-0.144,0.93,1.017,
NGTS-30 b,NGTS-30,10.40193409,305.11527072,1.49,0.294,500.0,172.857,98.29838,0.408,5455.0,-0.18738,0.913,0.94,1.1
NGTS-31 b,NGTS-31,18.04645893,355.96781584,0.3,0.0,1410.0,643.0,4.162734,0.064,5710.0,0.443,1.7,0.96,9.97
NGTS-32 b,NGTS-32,15.91675259,181.16219199,0.24,0.0,1750.0,1554.0,3.31211,0.044,5680.0,0.47092,1.85,1.07,8.03
NGTS-33 b,NGTS-33,18.38272835,1153.71711741,0.19,0.0,1991.0,2620.0,2.827972,0.048,7437.0,0.77159,1.47,1.6,0.03
NGTS-34 b,NGTS-34,3.65,19.1,2.16,,624.0,,43.12655,0.257,6134.0,0.37658,1.367,1.266,2.7
NGTS-35 b,NGTS-35,10.9,152.0,0.645,0.192,451.0,9.8437,25.241192,0.16,4717.0,-0.59688,0.753,0.789,1.5
NGTS-4 b,NGTS-4,3.18,20.6,3.45,0.0,1650.0,886.9841,1.3373508,0.019,5143.0,-0.3533,0.84,0.75,
NGTS-5 b,NGTS-5,12.733424,72.78307,0.194,0.0,952.0,101.253,3.3569866,0.0382,4987.0,-0.51087,0.739,0.661,
NGTS-6 b,NGTS-6,14.863134,425.57437,0.711,0.0,1283.9,983.4246,0.882059,0.01677,4730.0,-0.59176,0.754,0.767,9.77
NGTS-8 b,NGTS-8,12.21781,295.5819,0.89,0.01,1345.0,503.0,2.4997,0.035,5241.0,-0.20993,0.98,0.89,12.48
NGTS-9 b,NGTS-9,11.99363,921.707,2.93,0.06,1448.0,729.0,4.43527,0.058,6330.0,0.38944,1.38,1.34,0.96
NN Ser c,NN Ser,12.6,2329.6,6.4,0.089,,,6987.0,5.35,57000.0,,,0.535,
NN Ser d,NN Ser,13.3,724.622,1.69,0.24,,,2880.0,3.39,57000.0,,,0.535,
NSVS 14256825 b,NSVS 14256825,12.3,4497.2945,13.3,0.12,,,3225.0,3.12,40000.0,1.97364,0.188,0.419,
NY Vir b,NY Vir,13.3,730.978,1.71,0.15,,,3160.0,3.3,32780.0,1.37508,0.151,0.459,
NY Vir c,NY Vir,12.8,1760.7782,4.61,0.15,,,8799.0,,32780.0,1.37508,0.151,0.459,
OGLE-2003-BLG-235L b,OGLE-2003-BLG-235L,13.2,830.0,1.98,,,,,4.3,,,,0.63,
OGLE-2005-BLG-071L b,OGLE-2005-BLG-071L,13.0,1200.0,3.0,,55.0,,,3.6,,,,0.46,
OGLE-2005-BLG-169L b,OGLE-2005-BLG-169L,3.84,14.1,1.37,,,,,3.5,,,,0.69,
OGLE-2005-BLG-390L b,OGLE-2005-BLG-390L,2.21,5.5,2.8,,50.0,,3285.0,2.6,,,,0.22,
OGLE-2006-BLG-109L b,OGLE-2006-BLG-109L,14.0,231.0,0.463,,82.0,,1788.5,2.3,,,,0.51,
OGLE-2006-BLG-109L c,OGLE-2006-BLG-109L,11.1,86.0,0.346,0.15,59.0,,4927.5,4.5,,,,0.51,
OGLE-2006-BLG-284L A b,OGLE-2006-BLG-284L A,14.3,144.0,0.271,,,,,2.17,,,,0.35,
OGLE-2007-BLG-349L AB c,OGLE-2007-BLG-349L A,10.7,80.0,0.359,,,,2557.0,2.59,,,,0.41,
OGLE-2007-BLG-368L b,OGLE-2007-BLG-368L,4.72,20.0,1.05,,,,,2.8,,,,0.64,
OGLE-2008-BLG-092L b,OGLE-2008-BLG-092L,8.74,57.0,0.469,,,,,15.0,,,,0.71,
OGLE-2008-BLG-355L b,OGLE-2008-BLG-355L,12.9,1500.0,3.84,,,,,1.7,,,,0.37,
OGLE-2011-BLG-0173L b,OGLE-2011-BLG-0173L,9.01,60.0,0.451,,,,,8.0,,,,0.41,
OGLE-2011-BLG-0251L b,OGLE-2011-BLG-0251L,14.2,170.0,0.326,,,,,2.72,,,,0.26,
OGLE-2011-BLG-0265L b,OGLE-2011-BLG-0265L,13.9,280.0,0.573,,,,,1.89,,,,0.211,
OGLE-2012-BLG-0026L b,OGLE-2012-BLG-0026L,7.72,46.1,0.551,,,,,4.0,,,,1.06,5.0
OGLE-2012-BLG-0026L c,OGLE-2012-BLG-0026L,13.9,270.0,0.552,,,,,4.8,,,,1.06,5.0
OGLE-2012-BLG-0358L b,OGLE-2012-BLG-0358L,13.4,588.0,1.34,,,,,0.87,,,,0.022,
OGLE-2012-BLG-0406L b,OGLE-2012-BLG-0406L,13.2,868.0,2.07,,,,,3.45,,,,0.44,
OGLE-2012-BLG-0563L b,OGLE-2012-BLG-0563L,13.6,120.0,0.262,,,,,0.74,,,,0.34,
OGLE-2012-BLG-0724L b,OGLE-2012-BLG-0724L,14.3,150.0,0.282,,,,,1.6,,,,0.29,
OGLE-2012-BLG-0838L b,OGLE-2012-BLG-0838L,8.39,53.1,0.494,,,,,4.43,,,,0.4,
OGLE-2012-BLG-0950L b,OGLE-2012-BLG-0950L,6.56,35.0,0.681,,,,,2.6,,,,0.57,
OGLE-2013-BLG-0102L b,OGLE-2013-BLG-0102L,12.3,4100.0,12.1,,,,,0.8,,,,0.096,
OGLE-2013-BLG-0132L b,OGLE-2013-BLG-0132L,11.6,92.0,0.324,,,,,3.6,,,,0.54,
OGLE-2013-BLG-0341L B b,OGLE-2013-BLG-0341L B,1.16,1.66,5.84,,,,,0.702,,,,0.1127,
OGLE-2013-BLG-0911L b,OGLE-2013-BLG-0911L,12.5,3020.0,8.5,,,,,0.39,,,,0.29,
OGLE-2013-BLG-1721L b,OGLE-2013-BLG-1721L,14.1,200.0,0.392,,,,,2.6,,,,0.46,
OGLE-2013-BLG-1761L b,OGLE-2013-BLG-1761L,13.2,860.0,2.05,,,,,1.8,,,,0.33,
OGLE-2014-BLG-0124L b,OGLE-2014-BLG-0124L,14.1,206.58846455,0.405,,,,,3.48,,,,0.9,
OGLE-2014-BLG-0221L b,OGLE-2014-BLG-0221L,12.9,1382.55357045,3.54,,,,,3.76,,,,0.69,
OGLE-2014-BLG-0319L b,OGLE-2014-BLG-0319L,14.1,181.16219199,0.355,,,,,3.49,,,,0.52,
OGLE-2014-BLG-0676L b,OGLE-2014-BLG-0676L,13.0,1169.60853776,2.93,,,,,4.53,,,,0.73,
OGLE-2014-BLG-1722L b,OGLE-2014-BLG-1722L,8.59,55.3,0.479,,,,,1.5,,,,0.4,
OGLE-2014-BLG-1722L c,OGLE-2014-BLG-1722L,11.0,83.7,0.346,,,,,1.7,,,,0.4,
OGLE-2014-BLG-1760L b,OGLE-2014-BLG-1760L,14.2,180.0,0.345,,,,,1.75,,,,0.51,
OGLE-2015-BLG-0051L b,OGLE-2015-BLG-0051L,14.0,230.0,0.461,,,,,0.73,,,,0.1,
OGLE-2015-BLG-0954L b,OGLE-2015-BLG-0954L,13.1,1100.0,2.69,,,,,1.6,,,,0.3,
OGLE-2015-BLG-0966L b,OGLE-2015-BLG-0966L,4.86,21.0,1.01,,,,,2.7,,,,0.38,
OGLE-2015-BLG-1609L b,OGLE-2015-BLG-1609L,10.4,76.27881768,0.373,,,,,,,,,0.17,
OGLE-2015-BLG-1649L b,OGLE-2015-BLG-1649L,13.2,807.0,1.93,,,,,2.07,,,,0.34,
OGLE-2015-BLG-1670L b,OGLE-2015-BLG-1670L,4.42,17.9,1.14,,,,,2.62,,,,0.55,
OGLE-2015-BLG-1771L b,OGLE-2015-BLG-1771L,14.3,138.0,0.259,,,,,0.85,,,,0.077,
OGLE-2016-BLG-0007L b,OGLE-2016-BLG-0007L,1.09,1.32,5.6,,,,14200.0,10.1,,,,0.59,
OGLE-2016-BLG-0263L b,OGLE-2016-BLG-0263L,13.0,1300.0,3.25,,,,,5.4,,,,0.13,
OGLE-2016-BLG-0613L AB b,OGLE-2016-BLG-0613L AB,13.0,1330.0,3.33,,,,,6.4,,,,0.72,
OGLE-2016-BLG-1067L b,OGLE-2016-BLG-1067L,14.3,140.0,0.263,,,,,1.7,,,,0.3,
OGLE-2016-BLG-1093L b,OGLE-2016-BLG-1093L,14.0,225.65816897,0.452,,,,,2.13,,,,0.46,
OGLE-2016-BLG-1190L b,OGLE-2016-BLG-1190L,12.3,4253.0,12.6,0.42,,,1220.0,2.17,,,,0.88,
OGLE-2016-BLG-1195L b,OGLE-2016-BLG-1195L,1.11,1.43,5.75,,,,,1.16,,,,0.078,
OGLE-2016-BLG-1227L b,OGLE-2016-BLG-1227L,13.9,250.0,0.512,,,,,3.4,,,,0.1,
OGLE-2016-BLG-1266L b,OGLE-2016-BLG-1266L,12.4,3813.940884,11.0,,,,,0.43,,,,0.015,
OGLE-2016-BLG-1598L b,OGLE-2016-BLG-1598L,13.6,120.77479466,0.264,,,,,2.5,,,,0.55,
OGLE-2016-BLG-1800L b,OGLE-2016-BLG-1800L,13.2,823.17557413,1.97,,,,,1.88,,,,0.41,
OGLE-2017-BLG-0173L b,OGLE-2017-BLG-0173L,1.62,3.269,4.23,,,,,3.913,,,,0.396,
OGLE-2017-BLG-0364L b,OGLE-2017-BLG-0364L,10.3,75.8,0.381,,,,,3.79,,,,0.49,
OGLE-2017-BLG-0373L b,OGLE-2017-BLG-0373L,14.0,127.0,0.254,,,,,2.424,,,,0.248,
OGLE-2017-BLG-0406L b,OGLE-2017-BLG-0406L,14.2,130.0,0.249,,,,,3.5,,,,0.56,
OGLE-2017-BLG-0448L b,OGLE-2017-BLG-0448L,4.08,15.6,1.26,,,,,5.75,,,,0.5,
OGLE-2017-BLG-0482L b,OGLE-2017-BLG-0482L,2.95,9.0,1.93,,,,,1.8,,,,0.2,
OGLE-2017-BLG-0604L b,OGLE-2017-BLG-0604L,14.2,160.0,0.307,,,,,4.06,,,,0.7,
OGLE-2017-BLG-0640L b,OGLE-2017-BLG-0640L,13.5,514.88201934,1.15,,,,,1.14,,,,0.32,
OGLE-2017-BLG-1049L b,OGLE-2017-BLG-1049L,12.8,1760.0,4.61,,,,,3.92,,,,0.55,
OGLE-2017-BLG-1099L b,OGLE-2017-BLG-1099L,13.1,959.84178914,2.35,,,,,2.73,,,,0.45,
OGLE-2017-BLG-1140L b,OGLE-2017-BLG-1140L,13.5,505.0,1.13,,,,,1.02,,,,0.211,
OGLE-2017-BLG-1237L b,OGLE-2017-BLG-1237L,13.0,1207.7479466,3.02,,,,,2.53,,,,0.46,
OGLE-2017-BLG-1275L b,OGLE-2017-BLG-1275L,12.8,1875.1876013,4.91,,,,,2.09,,,,0.63,
OGLE-2017-BLG-1375L b,OGLE-2017-BLG-1375L,12.4,3585.0,10.3,,,,,3.04,,,,0.81,
OGLE-2017-BLG-1434L b,OGLE-2017-BLG-1434L,1.94,4.43,3.33,,,,,1.18,,,,0.234,
OGLE-2017-BLG-1522L b,OGLE-2017-BLG-1522L,14.0,240.0,0.481,,,,,0.59,,,,0.045,
OGLE-2017-BLG-1691L b,OGLE-2017-BLG-1691L,3.92,14.62010672,1.33,,,,,2.41,,,,0.45,
OGLE-2017-BLG-1806L b,OGLE-2017-BLG-1806L,2.15,5.27,2.91,,,,,1.75,,,,0.38,
OGLE-2018-BLG-0298L b,OGLE-2018-BLG-0298L,7.56,44.49597698,0.566,,,,,2.86,,,,0.69,
OGLE-2018-BLG-0383L b,OGLE-2018-BLG-0383L,2.41,6.4,2.51,,,,,1.8,,,,0.1,
OGLE-2018-BLG-0506L b,OGLE-2018-BLG-0506L,4.18,16.3,1.23,,,,,3.0,,,,0.63,
OGLE-2018-BLG-0516L b,OGLE-2018-BLG-0516L,4.73,20.1,1.04,,,,,2.2,,,,0.47,
OGLE-2018-BLG-0532L b,OGLE-2018-BLG-0532L,2.37,6.228,2.57,,,,,1.064,,,,0.195,
OGLE-2018-BLG-0567L b,OGLE-2018-BLG-0567L,12.3,101.70509024,0.3,,,,,2.72,,,,0.25,
OGLE-2018-BLG-0596L b,OGLE-2018-BLG-0596L,3.81,13.93,1.38,,,,,0.97,,,,0.231,
OGLE-2018-BLG-0677L b,OGLE-2018-BLG-0677L,1.82,3.96,3.61,,,,,0.63,,,,0.12,
OGLE-2018-BLG-0740L b,OGLE-2018-BLG-0740L,12.9,1500.0,3.84,0.0,,,5480.0,5.0,5912.0,,,1.0,
OGLE-2018-BLG-0799L b,OGLE-2018-BLG-0799L,10.9,82.63538582,0.351,,,,,1.28,,,,0.093,
OGLE-2018-BLG-0932L b,OGLE-2018-BLG-0932L,13.9,282.86728223,0.579,,,,,1.75,,,,0.72,
OGLE-2018-BLG-0962L b,OGLE-2018-BLG-0962L,13.6,425.89006538,0.93,,,,,3.59,,,,0.54,
OGLE-2018-BLG-0977L b,OGLE-2018-BLG-0977L,2.41,6.4,2.51,,,,,2.0,,,,0.47,
OGLE-2018-BLG-1011L b,OGLE-2018-BLG-1011L,13.5,570.0,1.27,,,,,1.8,,,,0.18,
OGLE-2018-BLG-1011L c,OGLE-2018-BLG-1011L,13.2,890.0,2.13,,,,,0.8,,,,0.18,
OGLE-2018-BLG-1119L b,OGLE-2018-BLG-1119L,13.9,289.22385037,0.592,,,,,4.06,,,,0.48,
OGLE-2018-BLG-1126L b,OGLE-2018-BLG-1126L,4.41,17.79839079,1.14,,,,,3.23,,,,0.69,
OGLE-2018-BLG-1185L b,OGLE-2018-BLG-1185L,2.83,8.4,2.04,,,,,1.54,,,,0.37,
OGLE-2018-BLG-1212L b,OGLE-2018-BLG-1212L,9.32,63.5656814,0.431,,,,,1.68,,,,0.16,
OGLE-2018-BLG-1269L b,OGLE-2018-BLG-1269L,14.1,210.0,0.412,,,,,4.51,,,,1.11,
OGLE-2018-BLG-1367L b,OGLE-2018-BLG-1367L,13.8,301.93698665,0.631,,,,,1.21,,,,0.28,
OGLE-2018-BLG-1428L b,OGLE-2018-BLG-1428L,14.0,240.0,0.481,,,,,3.3,,,,0.43,
OGLE-2018-BLG-1647L b,OGLE-2018-BLG-1647L,13.8,308.29355479,0.645,,,,,1.36,,,,0.092,
OGLE-2018-BLG-1700L b,OGLE-2018-BLG-1700L,12.9,1400.0,3.58,,,,,2.8,,,,0.42,
OGLE-2019-BLG-0249L b,OGLE-2019-BLG-0249L,12.7,2262.93825784,6.07,,,,,1.84,,,,0.91,
OGLE-2019-BLG-0299L b,OGLE-2019-BLG-0299L,12.7,1976.89269154,5.3,,,,,2.8,,,,0.59,
OGLE-2019-BLG-0304L b,OGLE-2019-BLG-0304L,14.2,162.09248757,0.311,,,,,1.23,,,,0.27,
OGLE-2019-BLG-0362L b,OGLE-2019-BLG-0362L,13.1,1036.12060682,2.53,,,,,2.18,,,,0.42,
OGLE-2019-BLG-0468L b,OGLE-2019-BLG-0468L,13.1,1090.15143601,2.66,,,,,3.29,,,,0.92,
OGLE-2019-BLG-0468L c,OGLE-2019-BLG-0468L,12.5,3248.20631954,9.14,,,,,2.77,,,,0.92,
OGLE-2019-BLG-0679L b,OGLE-2019-BLG-0679L,13.1,1061.54687938,2.59,,,,,6.99,,,,0.66,
OGLE-2019-BLG-0954L b,OGLE-2019-BLG-0954L,12.3,4513.1633794,13.3,,,,,2.65,,,,0.8,
OGLE-2019-BLG-0960L b,OGLE-2019-BLG-0960L,1.39,2.5,5.12,,,,,1.9,,,,0.5,
OGLE-2019-BLG-1053L b,OGLE-2019-BLG-1053L,1.38,2.48,5.19,,,,,3.4,,,,0.61,
OGLE-2019-BLG-1180L b,OGLE-2019-BLG-1180L,13.5,555.24622703,1.24,,,,,5.19,,,,0.545,
OGLE-2019-BLG-1470L AB c,OGLE-2019-BLG-1470L A,13.3,699.2224954,1.63,,,,,3.2,,,,0.57,
OGLE-2019-BLG-1492L b,OGLE-2019-BLG-1492L,6.79,37.1,0.651,,,,,2.7,,,,0.68,
OGLE-2023-BLG-0836L b,OGLE-2023-BLG-0836L,12.9,1385.73185452,3.55,,,,,3.7,,,,0.71,
OGLE-TR-10 b,OGLE-TR-10,14.011,197.046,0.4,0.0,1702.0,,3.101278,0.0434,5950.0,0.188,1.17,1.14,3.1
OGLE-TR-111 b,OGLE-TR-111,11.421971,174.799,0.65,0.0,1019.0,,4.0144463,0.0473,5040.0,-0.33862,0.83,0.82,8.8
OGLE-TR-113 b,OGLE-TR-113,12.251,400.449,1.2,0.0,1342.0,528.4147,1.4324752,0.02289,4790.0,-0.529,0.774,0.779,13.2
OGLE-TR-132 b,OGLE-TR-132,13.45,375.02,0.85,0.6,2013.0,,1.689868,0.03035,6210.0,0.371,1.32,1.305,1.2
OGLE-TR-182 b,OGLE-TR-182,12.666,320.995,0.41,0.0,1550.0,,3.9791,0.051,5924.0,0.24059,1.14,1.14,4.3
OGLE-TR-211 b,OGLE-TR-211,15.244,327.351,0.42,0.0,1686.0,,3.67724,0.051,6325.0,0.26657,1.64,1.33,2.6
OGLE-TR-56 b,OGLE-TR-56,15.278,441.77,0.68,0.0,2212.0,,1.2119189,0.02383,6050.0,0.35,1.363,1.228,3.0
OGLE2-TR-L9 b,OGLE2-TR-L9,18.046,1430.175,1.25,,2034.0,4135.3642,2.4855335,0.0308,6933.0,0.51197,1.53,1.52,1.0
Oph 11 b,Oph 11,12.3,4449.62,13.1,,2175.0,,7300000.0,243.0,2375.0,-2.77,0.232692,0.016,5.0
PDS 70 b,PDS 70,30.48848,953.49,0.185,0.19,1204.0,,43500.0,20.0,3972.0,-0.45593,1.26,0.76,0.0054
PDS 70 c,PDS 70,22.86636,635.66,0.292,0.11,995.0,,,34.0,3972.0,-0.45593,1.26,0.76,0.0054
PH1 b,PH1,6.18,169.0,,0.0702,481.0,,138.317,0.652,6407.0,0.66,1.734,1.528,2.0
PH2 b,PH2,9.33708092,87.08498352,0.58,0.215,295.1,1.2,282.52542,0.833,5734.0,-0.05849,0.949,0.966,4.1
POTS-1 b,POTS-1,10.548,734.16,3.44,,,,3.1606296,0.03734,4400.0,-1.0869,0.588,0.695,
PSR B0329+54 b,PSR B0329+54,1.22,1.97,5.96,0.236,,,10140.0,10.26,,,,1.44,
PSR B1257+12 b,PSR B1257+12,0.338,0.02,2.85,0.0,,,25.262,0.19,,,,1.4,3.0
PSR B1257+12 c,PSR B1257+12,1.91,4.3,3.39,0.0186,,,66.5419,0.36,,,,1.4,3.0
PSR B1257+12 d,PSR B1257+12,1.8,3.9,3.67,0.0264,,,98.2114,0.46,,,,1.4,3.0
PSR B1620-26 b,PSR B1620-26,13.3,794.575,1.86,,,,,23.0,,,,1.35,
PSR J1719-1438 b,PSR J1719-1438,,382.8,23.0,0.06,,,0.090706293,0.0044,4500.0,,,1.4,12.5
PSR J2322-2650 b,PSR J2322-2650,13.9,252.643067,1.84,0.0017,,,0.322963997,0.0102,,,,1.4,
PZ Tel b,PZ Tel,11.9,8581.366989,28.0,0.52,,,44000.0,27.0,5169.0,0.00662,1.25646,1.36,0.2
Pr0201 b,Pr0201,14.2,171.6282,0.329,0.0,,,4.4264,0.06,6174.0,0.24469,1.15,1.24,
Pr0211 b,Pr0211,13.4,597.5204,1.36,0.011,,,2.1461,0.03176,5300.0,-0.33603,0.827,0.935,0.578
Pr0211 c,Pr0211,12.6,2475.8957,6.8,0.71,,,4850.0,5.5,5300.0,-0.33603,0.827,0.935,0.578
Proxima Cen b,Proxima Cen,1.02,1.055,5.46,0.0,218.0,0.641,11.18465,0.04848,2900.0,-2.82102,0.141,0.1221,
Proxima Cen d,Proxima Cen,0.692,0.26,4.31,0.0,282.0,1.814,5.12338,0.02881,2900.0,-2.82102,0.141,0.1221,
Qatar-1 b,Qatar-1,12.811887,411.27202,1.076,0.0,1418.0,382.328,1.4200242,0.02332,5013.0,-0.43771,0.803,0.838,1.19
Qatar-10 b,Qatar-10,17.295487,233.92288,0.248,0.0,1955.0,1816.48,1.645321,0.0286,6124.0,0.29951,1.254,1.156,3.2
Qatar-2 b,Qatar-2,14.056,792.635,1.573,0.0,1344.0,,1.33711647,0.02153,4645.0,-0.6832,0.776,0.743,5.0
Qatar-3 b,Qatar-3,12.285064,1369.8473,4.0,0.0,1681.0,1330.0,2.5079204,0.03783,6007.0,0.27875,1.272,1.145,0.31
Qatar-4 b,Qatar-4,12.722215,1938.763,5.1,0.0,1385.0,614.0,1.8053564,0.02803,5215.0,-0.31785,0.849,0.896,0.17
Qatar-5 b,Qatar-5,12.408363,1373.0256,3.95,0.0,1415.0,669.0,2.8792319,0.04127,5747.0,0.05614,1.076,1.128,0.53
Qatar-6 b,Qatar-6,11.903958,212.31044,0.692,0.0,1006.0,174.9015,3.506195,0.0423,5052.0,-0.51428,0.722,0.822,1.02
Qatar-7 b,Qatar-7,19.0553,597.5204,0.502,0.0,2053.0,2886.2922,2.032046,0.0352,6387.0,0.56348,1.564,1.409,1.69
Qatar-8 b,Qatar-8,14.403565,117.91493,0.216,0.0,1457.0,698.148,3.71495,0.0474,5738.0,0.22789,1.315,1.029,8.3
Qatar-9 b,Qatar-9,11.309881,378.2177,1.43,0.0,1134.0,210.669,1.540731,0.0234,4309.0,-0.82102,0.696,0.719,7.5
ROXs 12 b,ROXs 12,12.2,5085.0,15.4,0.83,,,,210.0,3850.0,-0.79013,1.06627,0.87,0.0076
ROXs 42 B b,ROXs 42 B,12.5,2860.0,8.05,0.58,1975.0,,,157.0,3433.0,-0.79156,1.33658,1.0,0.0027
RR Cae b,RR Cae,13.0,1334.886,3.34,0.0,,,4343.5,5.3,3904.0,-2.10762,0.193119,0.44,
Ross 128 b,Ross 128,1.11,1.4,5.63,0.116,301.0,1.38,9.8658,0.0496,3192.0,-2.44129,0.1967,0.168,5.0
Ross 176 b,Ross 176,1.84,4.57,4.03,0.25,682.0,36.2,5.0066338,0.0464,4041.0,-1.10891,0.569,0.577,3.0
Ross 458 c,Ross 458,14.01125,1906.98,3.81,,,,,1100.0,3965.42,-1.29769,0.562566,0.556419,0.5
Ross 508 b,Ross 508,1.83,4.0,3.59,0.33,,,10.77,0.05366,3071.0,-2.44503,0.2113,0.1774,
SPECULOOS-3 b,SPECULOOS-3,0.977,0.894,5.27,,553.0,15.54,0.71912603,0.00733,2800.0,-3.07831,0.123,0.1009,6.6
SR 12 AB c,SR 12 AB,12.3,4131.62,12.2,,,,,,3828.93,-0.62778,1.103075,,0.0021
SWEEPS-11 b,SWEEPS-11,12.666,3082.82,8.34,,,,1.796,0.03,,,1.45,1.1,
SWEEPS-4 b,SWEEPS-4,9.079,1207.7,8.87,,,,4.2,0.055,,,1.18,1.24,
TAP 26 b,TAP 26,13.5,527.5978,1.18,,,,10.79,0.0968,4620.0,-0.25,1.17,1.04,0.017
TCP J05074264+2447555 b,TCP J05074264+2447555,4.72,20.0,1.05,,,,,0.94,5805.0,0.31745,1.42487,0.586,
TIC 139270665 b,TIC 139270665,7.22979255,147.15455244,2.13,0.105,703.0,40.3,23.624,0.163,5844.0,0.03222,1.016,1.035,3.4
TIC 139270665 c,TIC 139270665,12.9,1554.18091023,3.98,0.566,200.0,0.21,1010.0,2.0,5844.0,0.03222,1.016,1.035,3.4
TIC 172900988 b,TIC 172900988 Aa,11.25,942.0,3.64,0.0271,,,200.452,0.90281,6050.0,0.67103,1.3842,1.2384,3.1
TIC 237913194 b,TIC 237913194,12.520453,617.22586,1.847,0.575,974.0,83.3856,15.168865,0.1207,5788.0,0.07773,1.088,1.026,5.7
TIC 241249530 b,TIC 241249530,13.29385111,1582.78546686,3.7,0.9412,,,165.7719,0.641,6166.0,0.40824,1.397,1.271,3.2
TIC 257060897 b,TIC 257060897,17.26183028,201.50321004,0.215,0.039,1775.0,1804.5549,3.66003639,0.04922,5993.0,0.60531,1.863,1.187,5.6
TIC 279401253 b,TIC 279401253,11.2089807,1951.46641898,7.61,0.448,,,76.8,0.369,5951.0,0.09691,1.06,1.13,1.2
TIC 279401253 c,TIC 279401253,12.6,2548.98382414,7.0,0.254,,,155.3,0.591,5951.0,0.09691,1.06,1.13,1.2
TIC 365102760 b,TIC 365102760,6.21,19.2,0.437,0.406,,,4.21285367,0.0622,4900.0,0.707,3.13,1.17,6.3
TIC 393818343 b,TIC 393818343,12.18416202,1379.37528638,4.22,0.6058,805.5,2.28,16.24921,0.1291,5756.0,0.06744,1.086,1.082,3.8
TIC 434398831 b,TIC 434398831,3.51,12.1,1.54,0.04,1250.0,,3.685504,0.04641,5638.0,-0.14351,0.909,0.992,0.061
TIC 434398831 c,TIC 434398831,5.63,27.0,0.831,0.013,1050.0,,6.210291,0.06572,5638.0,-0.14351,0.909,0.992,0.061
TIC 46432937 b,TIC 46432937,13.31626907,1017.0509024,2.37,0.009,872.0,,1.44044527,0.02065,3572.0,-1.3851,0.5299,0.563,7.4
TIC 4672985 b,TIC 4672985,11.5004142,4049.13390518,14.6,0.018,517.2,,69.048,0.33,5757.0,0.11394,1.15,1.01,7.71
TIC 88785435 b,TIC 88785435,5.03,22.3,0.963,0.131,635.0,,10.508843,0.08432,3998.0,-0.69596,0.911,0.724,0.016
TOI-1011 b,TOI-1011,1.45,4.04,7.28,0.0,1364.0,575.597,2.470498,,5475.0,-0.1549,0.92,0.91,
TOI-1052 b,TOI-1052,2.87,16.9,3.93,0.18,1135.0,246.0,9.139703,0.09103,6146.0,0.38373,1.264,1.204,2.3
TOI-1052 c,TOI-1052,6.48,34.3,0.693,0.237,719.0,39.7,35.806,0.2263,6146.0,0.38373,1.264,1.204,2.3
TOI-1054.01,TOI-1054,2.43432,6.5,2.48,,853.0,88.0718,15.5077855,,6122.0,0.23193,1.17,1.14,
TOI-1062 b,TOI-1062,2.265,10.15,4.85,0.177,1077.0,232.0,4.11296,0.052,5328.0,-0.27446,0.84,0.94,2.5
TOI-1062 c,TOI-1062,3.1,9.78,1.8,0.14,859.0,95.0,7.972,0.08,5328.0,-0.27446,0.84,0.94,2.5
TOI-1064 b,TOI-1064,2.587,13.5,4.30062,0.047,784.0,62.9,6.443868,0.06152,4734.0,-0.62342,0.726,0.748,9.4
TOI-1064 c,TOI-1064,2.651,2.5,0.771906,0.088,634.0,26.8,12.226574,0.09429,4734.0,-0.62342,0.726,0.748,9.4
TOI-1075 b,TOI-1075,1.791,9.95,9.32,0.0,1323.0,509.2,0.6047328,0.01159,3875.0,-1.14436,0.581,0.604,6.0
TOI-1107 b,TOI-1107,14.57167491,1064.72516345,1.89,0.025,1728.0,532.0,4.0782387,0.0561,6311.0,0.67117,1.81,1.35,2.6
TOI-1117 b,TOI-1117,2.46,8.9,3.3,0.0,1538.0,928.0,2.22816,0.033,5635.0,-0.4437,1.05,0.97,4.42
TOI-1117 c,TOI-1117,2.91,8.78,1.96,0.0,1210.0,355.0,4.579,0.0534,5635.0,-0.4437,1.05,0.97,4.42
TOI-1117 d,TOI-1117,3.27,10.71,1.68,0.0,978.0,152.0,8.665,0.0817,5635.0,-0.4437,1.05,0.97,4.42
TOI-1130 b,TOI-1130,3.66,19.8,2.23,0.052162,825.0,78.1,4.074554,0.0453,4360.0,-0.85387,0.697,0.745,5.4
TOI-1130 c,TOI-1130,13.0,336.0,0.827042,0.0398,650.0,30.0,8.3501898,0.0731,4360.0,-0.85387,0.697,0.745,5.4
TOI-1135 b,TOI-1135,9.34085,51.42,0.41,0.0,1074.28,254.894,8.0277283,0.082337403,5962.7,0.23096,1.15,1.156039,0.562
TOI-1136 b,TOI-1136,1.9,3.5,2.8,0.027,1216.0,,4.1727,0.05106,5770.0,-0.02687,0.968,1.022,0.7
TOI-1136 c,TOI-1136,2.879,6.32,1.45,0.11,1062.0,232.392,6.2574,0.0669,5770.0,-0.02687,0.968,1.022,0.7
TOI-1136 d,TOI-1136,4.627,8.35,1.81,0.042,843.0,626.362,12.5199,0.1062,5770.0,-0.02687,0.968,1.022,0.7
TOI-1136 e,TOI-1136,2.639,6.07,1.81,0.0425,737.0,48.4771,18.801,0.14,5770.0,-0.02687,0.968,1.022,0.7
TOI-1136 f,TOI-1136,3.73591482,9.7,0.89,0.001,658.0,26.4328,26.321,0.174,5770.0,-0.02687,0.968,1.022,0.7
TOI-1136 g,TOI-1136,2.53,5.6,1.9,0.04,574.0,,39.545,0.229,5770.0,-0.02687,0.968,1.022,0.7
TOI-1173 b,TOI-1173,9.19,27.4,0.195,0.023,868.0,132.0,7.06466,0.0696,5350.0,-0.16877,0.934,0.911,8.7
TOI-1174 b,TOI-1174,2.562,32.0,11.0,0.0,713.83,52.02,8.953487683,0.07994,5030.0,-0.4034,0.76,0.85,2.7
TOI-1180 b,TOI-1180,3.072,10.0,1.93,0.0,638.18,36.97,9.686760378,0.080799,4738.0,-0.57675,0.73,0.75,5.0
TOI-1181 b,TOI-1181,17.02644168,374.71969185,0.49,0.011,1942.12,14140.0,2.103189,0.0364,6054.0,0.64246,1.961,1.467,2.7
TOI-1184 b,TOI-1184,2.39,6.8,2.63,0.0,715.47,57.54,5.748433803,0.056027,4534.0,-0.70115,0.69,0.71,5.3
TOI-1194 b,TOI-1194,8.71664516,120.0,0.99,0.0,1264.29,203.685,2.3106446,0.034,5394.0,-0.1512,0.9608,0.9835,4.9
TOI-1199 b,TOI-1199,10.5140239,75.96098927,0.358,0.03,1486.0,324.114,3.671463,0.04988,5710.0,0.30428,1.45,1.23,4.2
TOI-1201 b,TOI-1201,2.415,6.28,2.45,0.0,703.0,40.6,2.4919863,0.0287,3476.0,-1.46852,0.508,0.512,
TOI-1203 b,TOI-1203,1.52,3.51,5.48,0.067,1361.2,572.2,4.1572888,0.04869,5737.0,0.12977,1.179,0.886,12.5
TOI-1203 c,TOI-1203,2.2,5.46,2.82,0.092,,,13.0766,,5737.0,0.12977,1.179,0.886,12.5
TOI-1203 e,TOI-1203,7.31,42.1,0.592,0.152,,,204.59,,5737.0,0.12977,1.179,0.886,12.5
TOI-1203.01,TOI-1203,2.918,7.39,1.63,0.032,743.6,51.0,25.502672,0.1632,5737.0,0.12977,1.179,0.886,12.5
TOI-122 b,TOI-122,2.72,7.85,2.14,0.0,471.0,8.8,5.07803,0.0392,3403.0,-1.85387,0.334,0.312,2.0
TOI-1221 b,TOI-1221,2.91,1112.3994245,,0.21,440.0,6.06,91.68278,0.387,5592.0,-0.01689,1.031,0.93,10.0
TOI-1224 b,TOI-1224,2.104,5.08,3.0,,541.0,13.9295,4.1782745,0.0355,3326.0,-1.6968,0.404,0.4,0.21
TOI-1224 c,TOI-1224,2.884,8.67,1.99,0.0,303.12,1.9952,17.945466,,3326.0,-1.6968,0.404,0.4,0.21
TOI-1227 b,TOI-1227,9.57246952,66.5,0.417,,243.77,3.21,27.36397,0.0886,3072.0,-2.60033,0.56,0.17,0.011
TOI-1230.01,TOI-1230,3.23968384,10.6,1.71,,688.61,53.1389,25.05713123288,,5696.0,0.21468,1.15281,1.14,
TOI-1231 b,TOI-1231,3.65,15.4,1.74,0.087,329.6,1.93,24.245586,0.1288,3553.0,-1.48678,0.476,0.485,
TOI-1233.01,HD 108236,2.539,6.98,2.34,0.055,708.0,53.8795,14.175685,0.1074,5660.0,-0.14997,0.877,0.869,6.7
TOI-1235 b,TOI-1235,1.69,6.69,7.25,0.049,775.0,60.3,3.444714,0.03845,3997.0,-1.05404,0.619,0.63,5.3
TOI-1238 b,TOI-1238,1.21,3.76,11.7,0.25,1133.0,442.0,0.764597,0.0139,4089.0,-1.08249,0.58,0.59,0.8
TOI-1238 c,TOI-1238,2.11,8.32,4.9,0.15,695.0,63.0,3.294736,0.037,4089.0,-1.08249,0.58,0.59,0.8
TOI-1243 b,TOI-1243,2.33,7.7,3.3,,450.0,17.2664,4.6594779,,3515.0,-1.44551,0.511,0.515,
TOI-1244 b,TOI-1244,2.467,6.6,2.66,0.0,714.86,56.63,6.400316483,0.060694,4599.0,-0.62893,0.721,0.73,5.9
TOI-1246 b,TOI-1246,3.01,8.1,1.63,,955.0,196.0,4.30744,0.049,5151.0,-0.30103,0.86,0.87,6.3
TOI-1246 c,TOI-1246,2.45109846,9.1,3.39,0.0,862.49,129.0,5.904137,0.061,5213.0,-0.30103,0.8649,0.8889,6.3
TOI-1246 d,TOI-1246,3.43139739,5.4,0.73,0.0,587.77,28.0,18.654874,0.132,5213.0,-0.30103,0.8649,0.8889,6.3
TOI-1246 e,TOI-1246,3.5141875,14.5,1.83,0.0,463.98,11.0,37.92548,0.212,5213.0,-0.30103,0.8649,0.8889,6.3
TOI-1248 b,TOI-1248,6.8084859,27.4,0.47,0.0,952.09,202.0739,4.3601561,0.051,5205.0,-0.30016,0.8686,0.9042,5.5
TOI-1249 b,TOI-1249,3.2710301,11.9,1.84,0.0,726.89,48.6058,13.079151,0.109,5497.0,-0.10127,0.9785,1.0062,4.0
TOI-125 b,TOI-125,2.726,9.5,2.57,0.194,1037.0,185.0,4.65382,0.05186,5320.0,-0.28483,0.848,0.859,6.8
TOI-125 c,TOI-125,2.759,6.63,1.73,0.066,827.8,77.59,9.15059,0.0814,5320.0,-0.28483,0.848,0.859,6.8
TOI-125 d,TOI-125,2.93,13.6,2.98,0.168,638.1,26.7,19.98,0.137,5320.0,-0.28483,0.848,0.859,6.8
TOI-1259 A b,TOI-1259 A,11.45557828,140.16232749,0.513,0.0,963.0,153.1389,3.477978,0.0407,4775.0,-0.58996,0.711,0.744,4.8
TOI-1260 b,TOI-1260,2.41,8.56,3.35,0.0,871.0,95.58,3.127463,0.0367,4227.0,-0.88941,0.672,0.679,6.7
TOI-1260 c,TOI-1260,2.76,13.2,3.45,0.0,651.0,29.81,7.493134,0.0657,4227.0,-0.88941,0.672,0.679,6.7
TOI-1260 d,TOI-1260,3.12,11.84,2.14,0.0,499.0,10.32,16.608164,0.1116,4227.0,-0.88941,0.672,0.679,6.7
TOI-1266 b,TOI-1266,2.52,4.46,1.54,0.039,415.0,4.72,10.8945,0.073,3563.0,-1.58021,0.4232,0.437,4.6
TOI-1266 c,TOI-1266,1.98,3.17,2.25,0.071,346.0,2.42,18.8027,0.105,3563.0,-1.58021,0.4232,0.437,4.6
TOI-1266 d,TOI-1266,1.74,3.68,3.84,0.087,288.0,1.3,32.509,0.1513,3563.0,-1.58021,0.4232,0.437,4.6
TOI-1268 b,TOI-1268,9.1,96.4,0.71,0.105,918.9,91.0972,8.1577094,0.0711,5300.0,-0.28785,0.92,0.96,0.245
TOI-1269 b,TOI-1269,2.40144286,6.4,2.53,0.0,1004.9,231.2034,4.2529913,0.0496,5499.0,-0.21968,0.8521,0.9027,3.1
TOI-1272 b,TOI-1272,4.13204907,27.0,2.09,0.35,975.0,120.595,3.31599,0.0417,5065.0,-0.42597,0.7934,0.8772,1.1
TOI-1272 c,TOI-1272,4.95,21.7,0.983,0.12,697.0,,8.6811,0.079,5065.0,-0.42597,0.7934,0.8772,1.1
TOI-1273 b,TOI-1273,11.09689089,70.55790635,0.28,0.055,1211.0,225.013,4.631296,0.0549,5690.0,0.02938,1.06,1.06,3.1
TOI-1278 b,TOI-1278,12.21778896,5879.8255295,18.0,0.013,407.87,6.5402,14.47567,0.095,3799.0,-1.21183,0.573,0.54,
TOI-1279 b,TOI-1279,2.66146528,10.6,3.05,0.0,759.0,74.7359,9.61419,0.085,5457.0,-0.24336,0.8426,0.8784,4.2
TOI-128.01,TOI-128,2.21898,5.56,2.8,,1344.51,182.406,4.9404681,0.05381019,6086.0,0.18874,1.13,0.851969,
TOI-1288 b,TOI-1288,4.96846551,44.1,1.97,0.0,1203.44,1198.41,2.6998279,0.0374,5388.0,-0.1549,0.9583,0.9552,6.5
TOI-1288 c,TOI-1288,11.1,85.7,0.344,0.0,,,416.0,1.07,5388.0,-0.1549,0.9583,0.9552,6.5
TOI-1294 b,TOI-1294,10.12369881,63.9,0.34,0.0,1392.74,311.498,3.915292,0.051,5718.0,0.36847,1.5566,1.1578,6.2
TOI-1294 c,TOI-1294,14.3,147.0,0.276,0.0,,,159.9,0.61,5718.0,0.36847,1.5566,1.1578,6.2
TOI-1295 b,TOI-1295,15.69257298,451.31633794,0.65,0.024,2360.0,1800.0,3.1968838,0.047,6280.0,0.58659,1.7,1.38,2.0
TOI-1296 b,TOI-1296,14.11645916,95.3,0.19,0.0,1414.84,1078.5987,3.9443736,0.051,5567.0,0.40157,1.7031,1.1576,7.1
TOI-1298 b,TOI-1298,9.65807033,99.0,0.6,0.0,1278.0,732.0077,4.537143,0.057,5752.0,0.32056,1.4536,1.2187,4.3
TOI-1301.01,TOI-1301,2.477,6.7,2.42,,737.36,72.55,6.096407209,0.059866,4820.0,-0.59857,0.732,0.77,
TOI-132 b,TOI-132,3.42,22.4,3.08,0.059,1395.0,860.0,2.1097019,0.026,5397.0,-0.22185,0.9,0.97,6.34
TOI-1333 b,TOI-1333,15.647764,753.2571,1.08,0.073,1679.0,1112.85,4.720219,0.0626,6274.0,0.71349,1.925,1.464,2.33
TOI-1338 b,TOI-1338 A,7.661,11.3,0.56,0.0331,254.65,0.9938,95.4001,0.4607,5723.2,0.32898,1.313,1.0936,4.4
TOI-1338 c,TOI-1338 A,10.3,75.4,0.379,0.037,,,215.79,0.794,5723.2,0.32898,1.313,1.0936,4.4
TOI-1346 b,TOI-1346,2.39,6.3,2.54,,1324.0,468.5415,1.7622538,,5099.0,-0.47288,0.78,0.82,
TOI-1346 c,TOI-1346,2.23,5.6,2.77,,928.0,102.6644,5.502558,,5099.0,-0.47288,0.78,0.82,
TOI-1347 b,TOI-1347,1.8,11.1,9.9,0.0,1400.0,1876.1315,0.84742346,0.0171,5464.0,-0.25964,0.83,0.913,1.4
TOI-1347 c,TOI-1347,1.6,6.4,4.1,0.0,1000.0,183.6642,4.841962,0.0546,5464.0,-0.25964,0.83,0.913,1.4
TOI-1386 b,TOI-1386,6.2163865,45.8,1.04,0.0,615.03,34.68,25.8401,0.173,5735.0,0.0103,1.0235,1.0363,3.2
TOI-1386 c,TOI-1386,10.3,75.2,0.378,0.38,327.4,1.771,232.0,0.75,5735.0,0.0103,1.0235,1.0363,3.2
TOI-139 b,TOI-139,2.4566,6.6,2.45,,561.17,22.4219,11.07085,,4570.0,-0.77842,0.7007,0.69,
TOI-1408 b,TOI-1408,25.0,593.0,0.18,0.0023,1293.0,465.179,4.42587,0.05778,6117.0,0.47129,1.53,1.312,2.7
TOI-1408 c,TOI-1408,2.22,7.6,3.8,0.1353,1864.0,2005.35,2.1664,0.03587,6117.0,0.47129,1.53,1.312,2.7
TOI-1410 c,TOI-1410,5.63,27.0,0.831,0.0,,,47.56,0.239,4635.0,-0.6216,0.7558,0.7941,6.6
TOI-1410.01,TOI-1410,3.10083009,12.5,2.3,0.0,1236.7,565.5415,1.21687,0.0207,4635.0,-0.6216,0.7558,0.7941,6.6
TOI-1411 b,TOI-1411,1.19880592,2.0,6.36,0.0,976.4,266.85,1.4520527,0.02122,4115.0,-1.01323,0.614,0.6045,9.6
TOI-1416 b,TOI-1416,1.62,3.48,4.5,0.0,1517.0,883.0,1.0697568,0.019,4884.0,-0.46008,0.793,0.798,6.9
TOI-1420 b,TOI-1420,11.89,25.1,0.082,0.17,957.0,139.0,6.9561063,0.071,5510.0,-0.15181,0.923,0.987,10.7
TOI-1422 b,TOI-1422,3.83,9.5,0.93,0.2,870.0,90.5151,12.99894,0.107,5840.0,0.04766,1.019,0.9903,4.6
TOI-1422 c,TOI-1422,2.61,14.0,4.3,0.2,628.0,,34.5633,0.205,5840.0,0.04766,1.019,0.9903,4.6
TOI-1431 b,TOI-1431,16.70138124,991.62462984,1.17,0.0022,2370.0,5300.0,2.650237,0.046,7690.0,1.06819,1.92,1.9,0.29
TOI-1437 b,TOI-1437,2.24,9.6,3.91,0.17,794.23,82.0,18.840942,0.14,6008.0,0.28466,1.17,1.1,6.7
TOI-1438 b,TOI-1438,3.04,9.4,1.8,0.0,971.0,145.0,5.13967,0.0553,5230.0,-0.34679,0.82,0.876,2.2
TOI-1438 c,TOI-1438,2.75,10.6,2.9,0.0,794.0,65.0,9.428089,0.083,5230.0,-0.34679,0.82,0.876,2.2
TOI-1439 b,TOI-1439,4.2427861,38.5,2.76,0.157,748.4,68.4355,27.644,0.192,5841.0,0.44091,1.6184,1.2313,4.6
TOI-1442 b,TOI-1442,1.17,1.71,5.87,,1072.0,207.0242,0.4090677,0.0071,3330.0,-1.97722,0.31,0.29,
TOI-1443 b,TOI-1443,2.30381001,30.0,14.0,0.0,520.66,16.8576,23.540678,0.147,5224.0,-0.42022,0.7511,0.7663,7.4
TOI-1444 b,TOI-1444,1.41792246,3.58,6.84,0.0,2130.02,5028.6263,0.4702743,0.0116,5460.0,-0.17587,0.9105,0.9513,3.8
TOI-1448 b,TOI-1448,2.749,19.5,,0.36,426.0,5.45,8.112245,0.0567,3412.0,-1.75498,0.38,0.372,
TOI-1450 A b,TOI-1450 A,1.13,1.258,4.79,,722.0,44.9493,2.0439274,,3437.0,-1.56499,0.483,0.48,
TOI-1450 A c,TOI-1450 A,1.13,1.527,5.82,,533.0,,5.0688,,3437.0,-1.56499,0.483,0.48,
TOI-1451 b,TOI-1451,2.61143902,15.2,4.67,0.0,723.33,53.0216,16.537944,0.127,5801.0,0.02449,1.0162,1.0022,4.0
TOI-1452 b,TOI-1452,1.672,4.82,5.6,0.0,326.0,1.8,11.06201,0.061,3185.0,-2.1549,0.275,0.249,
TOI-1453 b,TOI-1453,1.173,2.32,8.215288,0.0,944.2,132.6,4.3135225,,4975.0,-0.57539,0.72,0.715,12.0
TOI-1453 c,TOI-1453,2.224,2.95,1.472135,0.0,819.8,75.3,6.5886982,,4975.0,-0.57539,0.72,0.715,12.0
TOI-1467 b,TOI-1467,1.92,9.0,11.0,0.0,506.07,18.13,5.97114713,0.050748,3834.0,-1.42022,0.491,0.489,7.2
TOI-1468 b,TOI-1468,1.401,3.04,6.1,0.0099,683.5,36.4,1.8805201,0.02107,3376.0,-1.7921,0.3714,0.3527,
TOI-1468 c,TOI-1468,2.126,4.1,2.31,0.111,338.1,2.13,15.532477,0.08608,3376.0,-1.7921,0.3714,0.3527,
TOI-1470 b,TOI-1470,2.18,7.32,3.86,0.3,734.0,46.3,2.527093,0.0285,3709.0,-1.42481,0.469,0.471,1.3
TOI-1470 c,TOI-1470,2.47,7.24,2.66,0.5,373.0,3.35,18.08816,0.106,3709.0,-1.42481,0.469,0.471,1.3
TOI-1472 b,TOI-1472,4.058,18.05,1.49,0.041,891.0,110.0201,6.36338574,0.064,5100.0,-0.35556,0.84,0.87,3.1
TOI-1472 c,TOI-1472,3.334,21.13,3.14,0.172,662.0,,15.5381747,0.116,5100.0,-0.35556,0.84,0.87,3.1
TOI-1478 b,TOI-1478,11.99360935,279.68899816,0.88,0.055,918.0,261.013,10.1802117,0.0818,5597.0,-0.01278,1.048,0.947,9.1
TOI-150.01,TOI-150,14.067295,797.7533,1.68,0.262,1404.5,750.922,5.857487,0.07037,6255.0,0.49651,1.526,1.351,2.346
TOI-1516 b,TOI-1516,15.24421375,1004.33776612,1.56,,1839.0,1899.83,2.056014,,6520.0,0.39065,1.14,1.14,4.82
TOI-1518 b,TOI-1518,21.05046575,581.62598481,0.343,0.01,2546.0,7010.0,1.90261131,0.03712,7299.0,0.98408,1.942,1.88,
TOI-157 b,TOI-157,14.414774,375.0394,0.686,0.0,1588.0,1062.0,2.0845435,0.03138,5404.0,0.01995,1.167,0.948,12.82
TOI-1601 b,TOI-1601,14.19902343,387.0,0.74,0.0,1493.97,1071.42,5.33175,0.069,5982.0,0.74772,2.195,1.5055,2.4
TOI-163 b,TOI-163,16.690201,387.7526,0.49,0.0,1669.0,1489.1126,4.231306,0.058,6495.0,0.63649,1.648,1.4352,1.823
TOI-1630.01,TOI-1630,2.417,6.42,2.5,,584.0,55.58,12.055734733,0.101151,5504.0,-0.26764,0.83,0.95,
TOI-1634 b,TOI-1634,1.773,7.57,7.6,0.0,924.0,121.0,0.9893455,0.01545,3472.0,-1.5784,0.45,0.451,
TOI-1634 c,TOI-1634,,,,0.0,,,103.0,,3472.0,-1.5784,0.45,0.451,
TOI-1648 b,TOI-1648,2.54,7.4,2.49,0.178,799.0,27.4026,7.331602,0.0694,4850.0,-0.45377,0.81,0.83,5.7
TOI-1659.01,TOI-1659,2.255,5.71,2.74,,1031.14,268.44,5.877556328,0.065757,5977.0,0.06555,1.006,1.1,
TOI-1669 b,TOI-1669,14.1,191.0,0.374,0.0,,,500.0,1.27,5497.0,-0.03574,1.0561,0.9867,7.7
TOI-1669 c,TOI-1669,2.2963977,13.0,6.0,0.0,1285.16,342.997,2.6800535,0.0376,5497.0,-0.03574,1.0561,0.9867,7.7
TOI-1670 b,TOI-1670,2.06,41.31769291,8.6,0.59,1062.0,196.694,10.98462,0.103,6170.0,0.40046,1.316,1.21,2.53
TOI-1670 c,TOI-1670,11.06326395,200.23189641,0.81,0.09,684.0,14.5514,40.74976,0.249,6170.0,0.40046,1.316,1.21,2.53
TOI-1680 b,TOI-1680,1.466,2.75,4.8,,404.0,4.41,4.8026345,0.03144,3225.0,-2.36251,0.2106,0.1798,
TOI-1683.01,TOI-1683,2.6382,7.45,2.23,,929.25,163.056,3.0575356,0.036507593,4402.0,-0.78662,0.7,0.694661,
TOI-1685 b,TOI-1685,1.421,3.07,5.3,0.0,1000.0,213.0,0.66913923,0.01164,3470.0,-1.51856,0.462,0.466,1.4
TOI-169 b,TOI-169,12.172974,251.40353,0.76,0.0,1715.0,1443.0,2.2554477,0.03524,5880.0,0.25261,1.288,1.147,4.7
TOI-1691 b,TOI-1691,3.66,14.6,1.76,0.0,703.49,59.13,16.736888935,0.129365,5759.0,-0.03058,1.0,1.03,6.6
TOI-1693 b,TOI-1693,1.41,2.57,5.04,,764.0,57.0208,1.7666957,0.0226,3499.0,-1.55409,0.46,0.49,
TOI-1694 b,TOI-1694,5.3422266,31.3,1.13,0.0,943.19,195.2882,3.770107,0.045,5058.0,-0.41794,0.8036,0.853,4.3
TOI-1694 c,TOI-1694,13.8,297.0,0.621,0.0,,,393.1,0.1,5058.0,-0.41794,0.8036,0.853,4.3
TOI-1695 b,TOI-1695,1.9,6.36,5.0,0.097,698.0,39.0,3.1342791,0.033548,3690.0,-1.3536,0.515,0.513,
TOI-1696 b,TOI-1696,3.09,48.8,9.44,0.0,489.0,13.5,2.500311,0.0229,3185.0,-2.14813,0.2775,0.255,7.1
TOI-1710 b,TOI-1710,5.20315158,22.4,0.87,0.0,602.99,33.0,24.283377,0.166,5684.0,-0.06349,0.9574,1.0258,1.5
TOI-1716.01,TOI-1716,3.143,10.0,1.77,,959.0,254.83,8.082376554,0.080496,5879.0,0.21525,1.24,1.07,5.4
TOI-172 b,TOI-172,10.816685,1722.6386,7.53,0.3806,1198.0,299.0,9.47725,0.0914,5645.0,0.4609,1.777,1.128,7.4
TOI-1723 b,TOI-1723,3.435,10.4,1.6,0.0,782.98,92.36,13.727012643,0.113496,5777.0,0.06446,1.09,1.04,4.8
TOI-1728 b,TOI-1728,5.05,26.78,1.14,0.057,767.0,57.78,3.49151,0.0391,3980.0,-1.05552,0.6243,0.646,7.1
TOI-1736 b,TOI-1736,3.18175535,12.3,2.09,0.0,1099.79,329.6,7.073076,0.073,5636.0,0.27068,1.4286,1.0373,9.2
TOI-1736 c,TOI-1736,12.5,2800.0,7.88,0.3685,249.0,0.9,571.25,1.37,5636.0,0.27068,1.4286,1.0373,9.2
TOI-1739 b,TOI-1739,1.946,4.45,3.32,,755.55,53.91,8.303341406,0.073872,4814.0,-0.52433,0.781,0.78,6.3
TOI-1742 b,TOI-1742,2.36507598,9.7,4.0,0.3,694.09,58.618,21.269084,0.154,5815.0,0.12123,1.131,1.0861,3.9
TOI-1743 b,TOI-1743,1.83,4.01,3.6,,485.0,10.8837,4.266046,0.03589,3277.0,-1.97074,0.338,0.339,9.7
TOI-1744.01,TOI-1744,2.68,7.65,2.18,,598.0,63.31,22.341702927,0.164086,6179.0,0.23178,1.14,1.18,
TOI-1749 b,TOI-1749,1.39,57.0,,0.14,831.0,83.8379,2.38839,0.0291,3985.0,-1.15649,0.55,0.58,0.8
TOI-1749 c,TOI-1749,2.12,14.0,,0.019,673.0,36.1539,4.4929,0.0443,3985.0,-1.15649,0.55,0.58,0.8
TOI-1749 d,TOI-1749,2.52,15.0,,0.062,533.0,14.2074,9.0497,0.0707,3985.0,-1.15649,0.55,0.58,0.8
TOI-1751 b,TOI-1751,2.9507845,19.5,4.13,0.327,651.64,192.521,37.46852,0.215,5970.0,0.29732,1.3137,0.9382,9.0
TOI-1753 b,TOI-1753,2.47852533,16.6,5.95,0.0,1005.43,237.996,5.3846104,0.059,5621.0,-0.06956,0.9715,0.9483,5.9
TOI-1758 b,TOI-1758,3.62,6.9,0.83,0.0,551.44,21.05,20.705074685,0.141409,5169.0,-0.37263,0.81,0.88,7.5
TOI-1759 b,TOI-1759,3.14,10.8,1.91,0.0,443.0,6.39,18.85019,0.1177,4065.0,-1.05715,0.597,0.606,5.0
TOI-1768.01,TOI-1768,3.453,11.8,1.57,,1566.0,240.87,7.337703649,0.076381,5994.0,0.145,1.1,1.1,
TOI-1772.01,TOI-1772,2.905,8.78,1.97,,877.67,140.93,8.054246874,0.078375,5583.0,-0.06194,0.995,0.99,
TOI-1774.01,TOI-1774,2.78,8.5,2.17,0.05,824.0,73.7609,16.70988,,5746.0,0.10143,1.1303,0.991,7.4
TOI-1775 b,TOI-1775,8.04728896,96.0,1.01,0.0,707.89,55.4426,10.2405549,0.08,5284.0,-0.31605,0.8288,0.9218,0.8
TOI-1776 b,TOI-1776,1.21612741,1.4,4.13,0.0,1269.21,560.3349,2.799868,0.0378,5785.0,-0.05306,0.9356,0.9196,5.1
TOI-1777.01,TOI-1777,2.246,5.67,2.75,,580.0,71.34,14.650111974,0.119466,5859.0,0.01189,0.98,1.06,
TOI-178 b,TOI-178,1.2,0.96,3.142761,,1040.0,,1.9145601,0.02607,4316.0,-0.86646,0.662,0.647,6.0
TOI-178 c,TOI-178,1.754,4.64,4.796846,0.00032,873.0,97.6159,3.238486,0.037,4316.0,-0.86646,0.662,0.647,6.0
TOI-178 d,TOI-178,2.695,5.2,1.461108,0.0068,690.0,24.9125,6.557569,0.0592,4316.0,-0.86646,0.662,0.647,6.0
TOI-178 e,TOI-178,2.301,3.48,1.582408,0.00038,600.0,21.8202,9.96318,0.0783,4316.0,-0.86646,0.662,0.647,6.0
TOI-178 f,TOI-178,2.417,5.63,2.216474,0.00045,521.0,0.6071,15.23335,0.1039,4316.0,-0.86646,0.662,0.647,6.0
TOI-178 g,TOI-178,2.939,4.4,0.959369,0.00043,470.0,19.4978,20.71663,0.1275,4316.0,-0.86646,0.662,0.647,6.0
TOI-1782.01,TOI-1782,2.368,6.2,2.57,,697.84,56.25,4.987641028,0.05024,4336.0,-0.84649,0.669,0.68,
TOI-1782.02,TOI-1782,1.839,4.04,3.57,,974.95,214.17,1.829024227,0.025739,4336.0,-0.84649,0.669,0.68,
TOI-1789 b,TOI-1789,16.14093221,222.4798849,0.28,,1927.0,2300.0,3.208664,0.04882,5991.0,0.7364,2.168,1.507,2.73
TOI-1794 b,TOI-1794,3.29701268,8.7,1.31,0.0,992.91,228.913,8.765528,0.082,5631.0,0.19728,1.3162,0.9698,10.8
TOI-1798.01,TOI-1798,2.448,6.5,2.61,0.0,734.31,69.26,8.021522331,0.074984,5165.0,-0.41567,0.78,0.87,2.6
TOI-1798.02,TOI-1798,1.464,5.6,11.17,0.0,1935.83,3345.44,0.437811822,0.010789,5165.0,-0.41567,0.78,0.87,2.6
TOI-1799 b,TOI-1799,1.642,4.0,7.51,0.0,922.72,164.26,7.094570865,0.072502,5690.0,-0.06198,0.957,1.01,5.1
TOI-1801 b,TOI-1801,2.079,5.738,3.701,0.0,493.7,10.7276,10.64387,0.075,3863.0,-1.23003,0.547,0.556,0.7
TOI-1803 b,TOI-1803,2.99,10.32,2.15031,0.0,747.0,58.0,6.293287,0.06,4687.0,-0.65365,0.715,0.756,1.4
TOI-1803 c,TOI-1803,4.29,8.0,0.419035,0.0,588.0,22.0,12.885779,0.097,4687.0,-0.65365,0.715,0.756,1.4
TOI-1806.01,TOI-1806,3.4095367,11.5,1.59,,337.47,2.1473,15.1454693,0.087735044,3272.0,-1.77852,0.401575,0.392935,
TOI-1807 b,TOI-1807,1.49681583,2.44,3.98,0.0,1694.1,1407.22,0.54937097,0.0122,4914.0,-0.53313,0.746,0.8048,2.1
TOI-181 b,TOI-181,6.9559,46.1687,0.7562,0.1543,895.1,102.43,4.532,0.0539,4994.0,-0.52578,0.745,0.822,5.4
TOI-1811 b,TOI-1811,11.14172682,308.9292116,1.23,0.052,962.2,55.9743,3.7130765,0.04389,4766.0,-0.56019,0.769,0.817,5.9
TOI-1820 b,TOI-1820,12.778238,731.0053361,2.0,0.043,1375.0,292.245,4.860674,0.061,5734.0,0.29432,1.51,1.04,11.0
TOI-1823 b,TOI-1823,7.5406241,67.4,0.86,0.0,423.63,9.2972,38.8,0.212,4927.0,-0.46092,0.8049,0.8414,6.3
TOI-1824 b,TOI-1824,2.7438269,16.0,4.24,0.0,528.67,14.6287,22.808533,0.151,5165.0,-0.37263,0.8123,0.8801,2.5
TOI-1836 b,TOI-1836,8.00321222,38.45723725,0.41,0.0,966.0,153.5185,20.380799,0.1597,6380.0,0.5682,1.577,1.307,6.6
TOI-1836 c,TOI-1836,2.59987579,8.0,3.0,0.0,2007.6,2981.98,1.7727471,0.03089,6237.0,0.56984,1.6454,1.2518,3.2
TOI-1842 b,TOI-1842,12.3485023,89.4,0.26,0.276,1199.55,354.639,9.5739181,0.1,6039.0,0.69504,2.032,1.4643,2.5
TOI-1846 b,TOI-1846,1.792,3.87,3.7,,568.1,17.35,3.9306737,0.03646,3568.0,-1.63714,0.397,0.418,7.2
TOI-1853 b,TOI-1853,3.46,73.2,9.74,0.03,1479.0,435.33,1.2436258,0.0213,4985.0,-0.43227,0.808,0.837,
TOI-1855 b,TOI-1855,18.49481816,360.09958513,0.31,0.033,1701.0,852.162,1.36414864,0.02398,5359.0,-0.09474,1.041,0.987,8.2
TOI-1859 b,TOI-1859,9.75181321,68.6,0.406,0.57,615.0,23.786,63.48347,0.337,6341.0,0.47671,1.36,1.287,1.41
TOI-1860 b,TOI-1860,1.31,2.27,5.55,,1885.0,876.703,1.0662107,0.0204,5752.0,-0.09475,0.94,0.99,0.133
TOI-1883 b,TOI-1883,5.65,27.2,0.829,,524.92,17.9436,4.50638,0.0468,3477.0,-1.49377,0.494,0.492,
TOI-1898 b,TOI-1898,9.39553231,129.0,0.85,0.485,674.54,51.0074,45.52234,0.269,6241.0,0.55121,1.6131,1.2484,3.1
TOI-1899 b,TOI-1899,11.09689089,212.94503269,0.85,0.044,378.0,3.4,29.090312,0.1525,3926.0,-1.05685,0.607,0.632,7.1
TOI-1937 A b,TOI-1937 A,13.97759893,638.83509807,1.28,0.0,2097.0,3230.0,0.94667944,0.01932,5814.0,0.0799,1.08,1.072,3.6
TOI-198 b,TOI-198,1.44,2.67,4.91,,368.0,7.4193,10.2152,0.1,3650.0,-1.43315,0.441,0.467,5.3
TOI-199 b,TOI-199,9.07927437,54.03082919,0.397,0.09,358.0,2.7528,104.854,0.4254,5255.0,-0.33819,0.82,0.936,0.8
TOI-199 c,TOI-199,11.4,88.99195396,0.33,0.096,,,273.69,0.807,5255.0,-0.33819,0.82,0.936,0.8
TOI-1994 b,TOI-1994,13.67495645,7024.0077947,15.0,0.341,2290.0,1910.26,4.0337142,0.0613,7700.0,1.22272,2.3,1.86,0.94
TOI-2000 b,TOI-2000,2.7,11.0,3.07,0.0,1488.0,628.0,3.09833,0.04271,5611.0,0.05956,1.134,1.082,5.3
TOI-2000 c,TOI-2000,8.14,81.7,0.829,0.063,1038.0,149.0,9.127055,0.0878,5611.0,0.05956,1.134,1.082,5.3
TOI-2005 b,TOI-2005,11.99360935,2034.1018048,,0.597,1221.39,525.9409,17.305904,0.16,7130.0,0.96237,2.02,1.59,1.6
TOI-201 b,TOI-201,11.82547464,184.34047606,0.654,0.318,759.0,30.2653,52.977946,0.3026,6394.0,0.41497,1.339,1.316,0.87
TOI-201 c,TOI-201,11.13051784,4513.1633794,19.2,0.643,,,2800.0,4.28,6394.0,0.41497,1.339,1.316,0.87
TOI-2010 b,TOI-2010,11.81426566,408.7273314,1.36,0.212,400.2,4.09,141.834025,0.5516,5929.0,0.11361,1.079,1.112,1.9
TOI-2015 b,TOI-2015,3.309,9.2,1.4,0.0789,530.9,13.185,3.348237,0.029322,3297.0,-1.49214,0.3273,0.3041,5.5
TOI-2015 c,TOI-2015,2.93,8.91,1.95,0.00033,448.0,6.68,5.582796,0.041232,3297.0,-1.49214,0.3273,0.3041,5.5
TOI-2018 b,TOI-2018,2.268,9.2,4.33,0.0,576.34,26.0758,7.435583,,4174.0,-1.0,0.62,0.57,
TOI-2019 b,TOI-2019,5.33275337,34.4,1.25,0.0,917.46,126.052,15.3444,0.128,5626.0,0.44075,1.7457,1.1832,6.4
TOI-2025 b,TOI-2025,11.89272852,1144.1822652,3.74,0.394,1166.0,343.7178,8.8720982,0.0892,5977.0,0.38739,1.459,1.199,4.5
TOI-2031 A b,TOI-2031 A,14.20177855,254.2627256,0.49,0.076,1358.0,567.0,5.71548654,0.066,6490.0,0.39094,1.241,1.174,2.0
TOI-2046 b,TOI-2046,16.14093221,731.0053361,0.955,,1828.82,2643.655,1.4971842,,6250.0,0.27967,1.21,1.13,0.45
TOI-2048 b,TOI-2048,2.61,7.32,2.26,0.13,646.0,29.035,13.79019,,5185.0,-0.38722,0.79,0.83,0.3
TOI-206 b,TOI-206,1.3,2.24,5.6,,910.0,117.7582,0.7363104,0.0112,3383.0,-1.83581,0.35,0.35,
TOI-2068 b,TOI-2068,1.821,3.97,3.61,,520.62,12.23,7.768915,0.0632,3710.0,-1.31069,0.535,0.559,7.0
TOI-2076 b,TOI-2076,2.39,16.1,4.1,0.0,738.0,49.4,10.355235,0.0682,5201.0,-0.42285,0.774,0.883,0.338
TOI-2076 c,TOI-2076,3.69441587,55.0,6.0,0.0,543.16,32.7,21.015327,0.142,5192.0,-0.37779,0.796,0.8557,2.7
TOI-2076 d,TOI-2076,3.43087751,29.0,4.0,0.0,457.68,16.5,35.125686,0.199,5192.0,-0.37779,0.796,0.8557,2.7
TOI-2076 e,TOI-2076,1.355,2.4,5.3,,1138.0,,3.0223445,0.0385,5192.0,-0.42285,0.796,0.8557,0.21
TOI-2081 b,TOI-2081,2.04,4.82,3.12,,488.0,8.1,10.50534,0.0752,3800.0,-1.33847,0.534,0.54,
TOI-2084 b,TOI-2084,2.47,6.66,2.43,,527.0,12.8,6.0784247,0.05006,3551.0,-1.49214,0.475,0.453,7.5
TOI-2088 b,TOI-2088,3.6831179,37.0,2.0,0.0,300.33,1.7338,124.72997,0.472,5081.0,-0.36151,0.8481,0.9027,4.5
TOI-2093 b,TOI-2093,3.25,10.6,1.7,0.0,535.0,,12.836,0.097,4426.0,-0.73565,0.729,0.745,6.6
TOI-2093 c,TOI-2093,2.3,15.8,7.0,0.0,329.0,3.0647,53.81149,0.257,4426.0,-0.73565,0.729,0.745,6.6
TOI-2095 b,TOI-2095,1.25,4.1,,0.0,347.0,3.43,17.66484,0.101,3759.0,-1.45892,0.44,0.44,1.0
TOI-2095 c,TOI-2095,1.33,7.4,,0.0,297.0,1.84,28.17232,0.137,3759.0,-1.45892,0.44,0.44,1.0
TOI-2096 b,TOI-2096,1.243,2.08,5.95,0.15,445.0,9.4,3.1190633,0.025,3300.0,-2.22768,0.235,0.231,4.0
TOI-2096 c,TOI-2096,1.914,4.32,3.39,0.1,349.0,3.7,6.38784,0.04,3300.0,-2.22768,0.235,0.231,4.0
TOI-2107 b,TOI-2107,13.57407563,263.79757781,0.577,0.033,1397.0,508.468,2.4545467,0.03515,5627.0,-0.10458,0.932,0.961,4.0
TOI-2109 b,TOI-2109,15.098497,1595.49860314,2.55,,3646.0,14429.0,0.67247414,0.01791,6540.0,0.67302,1.698,1.453,1.77
TOI-2120 b,TOI-2120,2.122,6.8,,0.32,384.0,3.61,5.7998164,0.0377,3131.0,-2.28651,0.245,0.211,
TOI-2128 b,TOI-2128,2.08874836,4.5,2.68,0.0,780.53,86.2315,16.34136,0.127,5968.0,0.15625,1.1174,1.0251,4.7
TOI-2133 b,TOI-2133,2.37,6.21,2.56,,798.0,81.1072,3.8266472,0.041,4250.0,-0.85248,0.62,0.644,
TOI-2134 b,TOI-2134,2.69,9.13,2.607,0.06,666.0,32.0,9.2292005,0.078,4580.0,-0.7167,0.709,0.744,3.8
TOI-2134 c,TOI-2134,7.27,41.89,0.599,0.67,306.0,1.4,95.5,0.371,4580.0,-0.7167,0.709,0.744,3.8
TOI-2136 b,TOI-2136,2.19,6.37,3.34,0.0,395.0,4.0,7.851928,0.057,3342.0,-1.88606,0.34,0.34,4.6
TOI-2141 b,TOI-2141,3.147,20.1,3.54,0.21,728.0,47.3,18.261608,0.1322,5635.0,-0.05,0.95,0.896,9.0
TOI-2141 c,TOI-2141,2.35,6.14,2.6,,1095.0,241.0,5.4624,0.0585,5635.0,-0.05,0.95,0.896,9.0
TOI-2141 d,TOI-2141,3.97,14.9,1.31,,491.4,9.8,60.45,0.2906,5635.0,-0.05,0.95,0.896,9.0
TOI-2145 b,TOI-2145,12.24020692,1805.26535176,5.34,0.214,1484.0,515.939,10.261128,0.1117,6206.0,0.99651,2.75,1.71,1.6
TOI-2152 A b,TOI-2152,14.35870428,899.45439181,1.67,0.057,1802.0,2195.7879,3.3773512,0.05064,6630.0,0.65321,1.612,1.516,0.83
TOI-2154 b,TOI-2154,16.28664896,292.40213444,0.37,0.117,1580.0,1005.8946,3.8240801,0.0513,6280.0,0.43457,1.396,1.233,2.9
TOI-2158 b,TOI-2158,10.76062147,260.61929374,1.14,0.07,1188.0,81.4989,8.60077,0.075,5673.0,0.2308,1.41,1.12,8.0
TOI-216.01,TOI-216,10.1,177.98390792,0.76,0.0046,497.0,10.1,34.525528,0.2069,5026.0,-0.44159,0.748,0.77,
TOI-216.02,TOI-216,8.0,18.75187601,0.34,0.16,628.0,25.9,17.16073,0.1293,5026.0,-0.44159,0.748,0.77,
TOI-2169 A b,TOI-2169 A,12.50922246,329.58805806,0.92,0.045,1364.0,577.0,8.2148282,0.0896,6270.0,0.66558,1.82,1.42,2.51
TOI-2180 b,TOI-2180,11.32107051,875.61726129,3.32,0.3683,348.0,2.71,260.79,0.828,5695.0,0.40552,1.636,1.111,8.1
TOI-2184 b,TOI-2184,11.39953337,206.58846455,0.76,0.08,1676.05,1429.0,6.90683,,5966.0,0.98154,2.9,1.53,2.3
TOI-2193 A b,TOI-2193 A,19.83989584,298.75870258,0.06,0.0,1763.0,1600.0,2.1225735,0.03319,5966.0,0.25018,1.248,1.082,5.5
TOI-2194 b,TOI-2194,1.9892,4.61,3.22,,590.88,14.2526,15.337597,,4756.0,-0.68955,0.6909,0.74,
TOI-2196 b,TOI-2196,3.51,26.0,3.31,0.0,1860.0,2000.0,1.1947268,0.02234,5634.0,-0.00436,1.043,1.032,4.5
TOI-220 b,TOI-220,3.03,13.8,2.73,0.032,805.0,137.7252,10.695264,0.08911,5298.0,-0.26668,0.858,0.825,10.1
TOI-2202 b,TOI-2202,10.95117414,287.31687993,1.2,0.022,652.07,42.7254,11.9126075,0.09564,5169.0,-0.40121,0.808,0.841,6.4
TOI-2202 c,TOI-2202,13.4,117.27868218,0.268,0.0622,,,24.6744,0.15544,5144.0,-0.40121,0.794,0.823,7.48
TOI-2207 b,TOI-2207,11.1529358,203.41018048,0.8,0.174,1259.0,406.0,8.001968,0.0854,6101.0,0.4843,1.564,1.296,3.3
TOI-2211.01,TOI-2211,1.561,3.06,4.42,,1056.92,296.13,3.092686757,0.04011,5253.0,-0.32094,0.834,0.9,
TOI-2236 b,TOI-2236,14.36991326,502.16888306,0.93,0.0,1688.0,1356.0,3.5315902,0.05009,6248.0,0.53275,1.573,1.343,2.52
TOI-2257 b,TOI-2257,2.194,5.45,2.84,0.496,256.0,0.6703,35.189346,0.145,3430.0,-1.86713,0.313,0.328,
TOI-2260 b,TOI-2260,1.62,3.26,4.21,,2609.0,1844.98,0.3524728,0.0097,5534.0,-0.19851,0.94,0.99,0.321
TOI-2266 b,TOI-2266,1.54,2.99,4.5,,550.0,13.0,2.326318,0.02,3200.0,-2.16716,0.24,0.23,0.3
TOI-2274 b,TOI-2274,2.45,6.57,2.45,,771.46,83.7078,2.67963,0.05,3943.0,-1.06233,0.631,0.612,
TOI-2285 b,TOI-2285,1.77,19.5,,0.3,358.0,3.91,13.635109,0.1363,3491.0,-1.54212,0.464,0.454,
TOI-2295 b,TOI-2295,16.47720163,278.09985612,0.34,0.334,747.0,42.0912,30.033302,0.1992,5730.0,0.31387,1.459,1.168,10.5
TOI-2295 c,TOI-2295,12.8,1783.01736327,4.67,0.194,234.9,,966.5,2.018,5730.0,0.31387,1.459,1.168,10.5
TOI-2322 b,TOI-2322,0.994,2.31,12.75,0.0,603.1,22.04,11.30717,0.0924,4664.0,-0.74232,0.662,0.703,3.9
TOI-2322 c,TOI-2322,1.874,18.1,14.69,0.0,496.8,10.15,20.225528,0.1362,4664.0,-0.74232,0.662,0.703,3.9
TOI-2328 b,TOI-2328,9.97599282,50.85254512,0.29,0.057,842.0,20.0982,17.10197,0.127,5525.0,-0.17005,0.9,0.95,4.0
TOI-2337 b,TOI-2337,10.08808263,508.5254512,2.72,0.019,1272.46,619.5809,2.99432,,4780.0,0.689,3.22,1.325,4.9
TOI-2338 b,TOI-2338,11.2089807,1900.61387386,7.42,0.676,799.0,13.8485,22.65398,0.158,5581.0,-0.01323,1.05,0.99,7.0
TOI-2345 b,TOI-2345,1.504,3.49,5.64,,1478.0,791.0,1.0528573,0.01705,4687.0,-0.63639,0.729,0.727,6.3
TOI-2345 c,TOI-2345,2.451,7.27,2.71,,544.0,14.57,21.064302,0.1257,4687.0,-0.63639,0.729,0.727,6.3
TOI-2346 b,TOI-2346,16.11851425,394.10722468,0.52,0.086,1689.0,1360.0,3.3312029,0.0473,6480.0,0.48144,1.38,1.271,1.9
TOI-2364 b,TOI-2364,8.60849718,71.51139158,0.61,0.0,1091.0,237.0,4.0197517,0.04871,5306.0,-0.25181,0.886,0.954,3.5
TOI-2368 b,TOI-2368,10.83908434,206.58846455,0.88,0.061,1000.0,162.7267,5.1750073,0.05649,5360.0,-0.27491,0.846,0.897,4.2
TOI-237 b,TOI-237,1.44,2.67,4.91,0.0,388.0,3.7,5.436098,0.0341,3212.0,-2.38722,0.211,0.179,4.5
TOI-2373 b,TOI-2373,10.42435205,2955.8041851,14.4,0.112,860.0,69.8726,13.33668,0.112,5651.0,0.05115,1.102,1.041,5.9
TOI-2374 b,TOI-2374,6.81,56.64,0.98,0.13,885.0,132.5691,4.31361,0.0471,4802.0,-0.51956,0.69,0.75,4.1
TOI-2379 b,TOI-2379,11.72459381,1830.69162432,6.21,0.342,624.0,25.3,5.4693827,0.05263,3707.0,-1.12907,0.622,0.645,10.4
TOI-238 b,TOI-238,1.559,3.37,6.8,0.18,1378.0,753.1,1.273099,0.0212,5059.0,-0.47083,0.756,0.781,7.9
TOI-238 c,TOI-238,2.18,6.7,1.83,0.36,696.0,58.3,8.465651,0.0749,5059.0,-0.47083,0.733,0.79,4.3
TOI-2382 b,TOI-2382,12.25141591,235.19302118,0.68,0.18,1426.0,689.0,4.6612061,0.059,6033.0,0.37967,1.417,1.26,3.1
TOI-2384 b,TOI-2384,11.48920522,624.85064816,2.26,0.0,889.7,104.3,2.13570304,0.02793,3943.0,-1.11907,0.6113,0.635,9.4
TOI-2406 b,TOI-2406,2.86,15.6,,0.17,449.0,6.69,3.0766891,0.02267,3100.0,-2.46218,0.204,0.166,
TOI-2407 b,TOI-2407,4.26,16.8,1.19,0.08,705.0,41.0,2.702969,0.033,3530.0,-1.34872,0.567,0.548,
TOI-2411 b,TOI-2411,1.68,3.46,4.01,,1355.0,651.9082,0.7826942,0.0144,4099.0,-0.87076,0.68,0.65,
TOI-2416 b,TOI-2416,9.86390302,953.485221,5.4,0.32,1080.0,130.93,8.275479,0.0831,5808.0,0.197,1.236,1.118,4.9
TOI-2420 b,TOI-2420,15.02003414,294.62693329,0.477,0.055,1571.6,1017.0,5.842641,0.0684,5707.0,0.68664,2.369,1.158,5.3
TOI-2421 b,TOI-2421,10.36830715,105.83685953,0.52,0.0,1534.0,923.6,4.3474032,0.0543,5607.0,0.436,1.75,1.131,7.5
TOI-2427 b,TOI-2427,1.8,3.89,3.67,,1117.0,62.7136,1.3060011,0.0202,4072.0,-0.94244,0.65,0.64,
TOI-244 b,TOI-244,1.52,2.68,4.2,,458.0,7.3,7.397225,0.0559,3433.0,-1.64264,0.426,0.428,7.0
TOI-2443 b,TOI-2443,2.363,4.8,2.0,0.301,519.0,13.2931,15.66858,0.105,4375.0,-0.86487,0.631,0.642,7.5
TOI-2445 b,TOI-2445,1.25,2.1,5.91,,1060.0,204.4874,0.3711281,0.0064,3333.0,-2.08408,0.27,0.25,
TOI-2447 b,TOI-2447,9.60609646,124.90656395,0.774,0.17,414.0,44.5933,69.33684,0.347,5730.0,0.04891,1.006,1.034,2.1
TOI-2449 b,TOI-2449,11.24,222.0,0.859,0.098,400.0,362.642,106.14468,0.45,6021.0,0.14808,1.065,1.079,2.5
TOI-2458 b,TOI-2458,2.83,13.31,3.23,0.087,1509.4,865.0,3.73659,0.0482,6005.0,0.34128,1.31,1.05,5.7
TOI-2458 c,TOI-2458,3.18,10.22,1.75,0.29,,,16.553,0.129,6005.0,0.34128,1.31,1.05,5.7
TOI-2459 b,TOI-2459,2.9531,9.03,1.93,,445.01,8.5187,19.104718,,4195.0,-0.89565,0.6751,0.66,
TOI-2485 b,TOI-2485,12.1393261,766.60211768,2.36,0.0341,1134.0,275.6,11.23479,0.1093,6016.4,0.51983,1.72,1.163,6.0
TOI-2497 b,TOI-2497,11.14172682,1531.93292174,6.1,0.195,1595.0,997.8085,10.655669,0.1166,7360.0,1.16732,2.36,1.859,1.0
TOI-2498 b,TOI-2498,6.06,34.62,0.86,0.089,1443.0,790.4759,3.738252,0.0491,5905.0,0.27089,1.26,1.12,3.6
TOI-251 b,TOI-251,2.74,317.83,,0.0,1041.19,277.7462,4.93777,0.05741,5875.0,-0.0804,0.881,1.036,0.18
TOI-2524 b,TOI-2524,11.2089807,203.41018048,0.79,0.0,1100.0,210.609,7.18585,0.073,5831.0,0.11628,1.119,1.007,6.7
TOI-2525 b,TOI-2525,8.67575106,26.69758619,0.225,0.17,512.97,16.3643,23.2856,0.1511,5096.0,-0.44009,0.785,0.849,3.99
TOI-2525 c,TOI-2525,10.13291855,208.8132634,1.11,0.157,399.96,6.0478,49.2519,0.249,5096.0,-0.44009,0.785,0.849,3.99
TOI-2529 b,TOI-2529,11.54525012,743.71847238,2.66,0.021,636.0,70.9731,64.5949,0.327,5802.0,0.46389,1.7,1.11,7.23
TOI-2537 b,TOI-2537,11.25381662,415.40172795,1.6,0.364,338.0,7.4445,94.1022,0.3715,4870.0,-0.52143,0.771,0.771,1.1
TOI-2537 c,TOI-2537,12.7,2297.89938261,6.16,0.287,123.1,,1920.0,2.78,4870.0,-0.52143,0.771,0.771,1.1
TOI-2545 b,TOI-2545,2.75,8.0,2.11,,1022.99,258.8217,7.994037,,5846.29,0.21828,1.25324,1.055,
TOI-2567 b,TOI-2567,10.92875618,63.88350981,0.269,0.0,1352.0,558.0,5.983944,0.0672,5611.0,0.40483,1.686,1.13,7.6
TOI-257 b,TOI-257,7.16253867,43.86032017,0.65,0.0,1027.0,186.0,18.38818,0.1528,6095.0,0.63649,1.867,1.407,
TOI-2570 b,TOI-2570,13.64132951,260.61929374,0.563,0.0,1431.0,699.0,2.9887615,0.04145,5771.0,0.07882,1.095,1.063,4.4
TOI-2580 b,TOI-2580,17.37392009,200.23189641,0.22,0.08,2410.0,1730.0,3.39775,0.048,6120.0,0.61595,1.81,1.33,2.0
TOI-2583 A b,TOI-2583 A,14.4595851,79.45710175,0.144,0.0,1456.0,750.9,4.5207265,0.0571,5936.0,0.38828,1.477,1.215,4.4
TOI-2587 A b,TOI-2587 A,12.07207221,69.28659273,0.216,0.0,1445.0,728.0,5.45664,0.0635,5760.0,0.47129,1.726,1.15,6.7
TOI-2589 b,TOI-2589,12.10569916,1112.3994245,3.45,0.522,592.0,21.7464,61.6277,0.3,5579.0,-0.00436,1.07,0.93,11.0
TOI-260 b,TOI-260,1.71,4.23,4.66,0.0,493.0,10.1838,13.475853,0.0943,4026.0,-1.05899,0.607,0.616,15.9
TOI-261.01,TOI-261,3.0449863,9.51,1.85,,1722.49,874.7956,3.3639254,0.034792189,5890.3,0.24978,1.28018,0.496728,
TOI-261.02,TOI-261,3.34822227,11.2,1.64,,1007.53,243.5261,13.03935862135,,5890.3,0.24978,1.31383,1.069,
TOI-262 b,TOI-262,2.07,4.94,3.06,,584.0,56.9133,11.14529,0.163,5310.0,-0.28987,0.853,0.913,0.8
TOI-2641 b,TOI-2641,18.10250383,122.6817651,0.092,0.18,1387.0,602.0,4.880974,0.0607,6100.0,0.34044,1.336,1.16,10.8
TOI-2669 b,TOI-2669,19.72780603,193.87532827,0.139,0.09,1226.0,375.554,6.2034,,4800.0,0.906,4.1,1.19,5.9
TOI-269 b,TOI-269,2.77,8.8,2.28,0.425,531.0,19.0,3.6977104,0.0345,3514.0,-1.64675,0.398,0.3917,
TOI-270 b,TOI-270,1.28,1.48,3.89,0.0167,600.0,19.9261,3.35992,0.03197,3506.0,-1.7122,0.38,0.386,
TOI-270 c,TOI-270,2.33,6.2,2.7,0.0044,489.0,9.9407,5.66051,0.04526,3506.0,-1.7122,0.38,0.386,
TOI-270 d,TOI-270,2.0,4.2,2.9,0.0066,383.0,3.918,11.38194,0.0721,3506.0,-1.7122,0.38,0.386,
TOI-2714 b,TOI-2714,13.72,228.0,0.49,0.164,1603.0,945.55,2.499387,0.036,5665.0,0.16017,1.25,1.07,5.5
TOI-2719 b,TOI-2719,5.98,29.9,0.768,,1710.0,874.29,3.37594,,5762.0,0.43619,1.69,1.02,
TOI-2768 b,TOI-2768,2.63,7.41,2.24,,855.0,89.0458,1.50801,0.027,4008.0,-0.99801,0.657,0.63,
TOI-277 b,TOI-277,2.65,7.51,2.22,,587.92,28.236,3.994,0.0269,4031.0,-1.3504,0.362,0.16,
TOI-2796 b,TOI-2796,17.26183028,139.84449908,0.15,0.0,1205.0,352.0,4.8084983,0.0569,5764.0,0.05538,1.069,1.063,4.0
TOI-2803 A b,TOI-2803 A,18.11371281,309.88269682,0.287,0.0,1893.0,2150.0,1.96229325,0.03185,6280.0,0.33646,1.245,1.118,3.7
TOI-2818 b,TOI-2818,15.27784069,225.65816897,0.34,0.0,1376.0,598.0,4.039709,0.0493,5721.0,0.16435,1.229,0.977,9.5
TOI-283 b,TOI-283,2.34,6.54,2.81,0.0,661.0,30.4,17.61745,0.123,5213.0,-0.33724,0.85,0.8,10.4
TOI-2842 b,TOI-2842,12.84549188,117.59651059,0.304,0.0,1471.0,781.8,3.5514058,0.0475,5910.0,0.24551,1.265,1.135,4.7
TOI-286 b,TOI-286,1.42,4.53,8.63,0.0,979.0,86.7681,4.5117244,0.0503,5152.0,-0.41364,0.78,0.832,
TOI-286 c,TOI-286,1.88,3.72,3.09,0.0,475.0,22.4437,39.361826,0.213,5152.0,-0.41364,0.78,0.832,
TOI-2876 b,TOI-2876,9.6397234,54.03082919,0.33,0.13,929.0,124.2,6.2996431,0.0654,5271.0,-0.27654,0.873,0.939,3.8
TOI-2886 b,TOI-2886,18.6405349,444.9597698,0.377,0.11,1978.0,2560.0,1.60200105,0.02871,6240.0,0.32222,1.241,1.229,1.7
TOI-2969 b,TOI-2969,12.32987877,368.68095212,1.1,0.0,1186.0,382.0,1.8237146,0.0261,4738.0,-0.58503,0.7,0.71,
TOI-2977 b,TOI-2977,13.15934334,533.95172376,1.28,0.0,1544.0,947.8,2.3505614,0.03386,5691.0,0.03703,1.073,0.936,9.8
TOI-2981 b,TOI-2981,13.4,638.0,1.46,0.035,1358.0,556.616,3.601501,0.048,5940.0,0.11594,1.08,1.03,4.5
TOI-2986 b,TOI-2986,9.292245,96.61983573,0.66,0.14,1622.0,1156.0,3.2783662,0.04489,5906.0,0.36773,1.458,1.122,6.3
TOI-2989 b,TOI-2989,12.55405838,953.485221,2.7,0.0,1001.0,124.0,3.122832,0.0384,4672.0,-0.73755,0.76,0.77,
TOI-2992 b,TOI-2992,13.75341932,1058.36859531,2.23,0.089,1726.0,1484.0,3.007812,0.0434,6000.0,0.4456,1.545,1.21,4.6
TOI-3023 b,TOI-3023,16.43236571,197.05361234,0.245,0.0,1596.0,1084.0,3.9014971,0.0505,5760.0,0.44404,1.668,1.12,7.0
TOI-3071 b,TOI-3071,7.16,68.2,1.02,0.09,2155.0,2579.61,1.266938,0.0249,6177.0,0.41667,1.31,1.29,0.95
TOI-3082 b,TOI-3082,3.6621,13.0,1.45,,1032.78,131.648,1.926907,,4263.0,-0.86121,0.6847,0.664,
TOI-3135 b,TOI-3135,13.65253849,327.36325921,0.7,0.24,1292.0,464.0,3.7065585,0.04756,5890.0,0.02119,0.985,1.044,1.8
TOI-3160 A b,TOI-3160 A,13.7646283,378.21580433,0.79,0.18,1539.0,933.0,3.971281,0.0505,6190.0,0.3784,1.346,1.088,5.5
TOI-3235 b,TOI-3235,11.39953337,211.35589065,0.78,0.029,604.0,13.8883,2.59261842,0.02709,3388.8,-1.78968,0.3697,0.3939,
TOI-3261 b,TOI-3261,3.82,30.3,3.0,0.0,1722.0,1466.0,0.8831331,0.01714,5068.0,-0.36653,0.849,0.861,6.5
TOI-3288 b,TOI-3288,11.2089807,670.61793877,2.6,0.0,1059.0,239.0,1.4338635,0.0215,3933.0,-0.95861,0.67,0.64,
TOI-329 b,TOI-329,4.94057819,40.4,1.84,0.39,1213.02,576.8749,5.70439,0.0638,5614.0,0.3251,1.5326,1.0678,8.7
TOI-332 b,TOI-332,3.2,57.2,9.6,0.0,1871.0,4180.32,0.777038,0.0159,5251.0,-0.22143,0.87,0.88,5.0
TOI-3321 b,TOI-3321,15.55806521,176.07693748,0.255,0.054,1616.0,967.919,3.6525145,0.047,5850.0,0.40483,1.549,1.041,8.1
TOI-333 b,TOI-333,4.26,20.1,1.42,0.0,1445.0,650.4959,3.7852503,0.049,6241.0,0.21559,1.1,1.2,1.0
TOI-3331 A b,TOI-3331 A,12.97999965,721.47048389,1.82,0.0,1488.0,818.5,2.0180231,0.03144,5609.0,-0.09313,0.952,1.016,2.1
TOI-3353.01,TOI-3353,2.6667555,7.59,2.2,,1264.36,313.0426,4.6657965,0.060118218,6365.0,-0.0264,1.0207,1.332089,
TOI-3362 b,TOI-3362,12.80065596,1598.3590588,4.19,0.815,688.0,37.2117,18.09547,0.153,6532.0,0.73878,1.83,1.445,2.14
TOI-3364 b,TOI-3364,12.22899794,530.77343969,1.6,0.0,1264.0,425.0,5.8768918,0.0675,5706.0,0.28556,1.419,1.186,5.4
TOI-3464 b,TOI-3464,13.7646283,397.28550875,0.83,0.25,1693.0,1370.0,3.6515568,0.0515,6370.0,0.55871,1.56,1.363,2.1
TOI-3474 b,TOI-3474,14.67255574,193.87532827,0.337,0.13,1451.0,740.0,3.8795105,0.0502,6020.0,0.26951,1.256,1.121,4.7
TOI-3486 b,TOI-3486,10.5700688,99.16246298,0.46,0.078,1190.0,334.0,2.21778105,0.03138,4930.0,-0.4828,0.788,0.837,5.8
TOI-3493 b,TOI-3493,3.22,8.97,1.47,,1102.0,245.0,8.1594667,,5844.0,0.19294,1.228,1.023,7.3
TOI-3523 A b,TOI-3523 A,15.9727975,435.42491759,0.587,0.047,1984.0,2590.0,2.30458952,0.03559,6450.0,0.51455,1.448,1.131,4.3
TOI-3540 A b,TOI-3540 A,23.53885947,375.03752026,0.065,0.0,1498.0,841.3,3.119999,0.04289,5810.0,0.19005,1.228,1.081,6.0
TOI-3568 b,TOI-3568,5.3,26.4,0.98,0.035,899.0,130.1481,4.417965,0.0485,4969.0,0.33,0.719,0.78,6.1
TOI-3593 b,TOI-3593,11.02963701,565.73456446,2.31,0.105,1170.0,308.0,3.8212867,0.0481,5550.0,-0.14146,0.918,1.015,1.8
TOI-3629 b,TOI-3629,8.29464572,82.63538582,0.8,0.05,690.0,39.0,3.936551,0.043,3870.0,-1.12494,0.6,0.63,7.0
TOI-3682 b,TOI-3682,12.80065596,69.28659273,0.181,0.22,1657.0,1258.0,3.3462406,0.048,5703.0,0.45788,1.735,1.32,4.2
TOI-3688 A b,TOI-3688 A,13.08088048,311.47183886,0.76,0.0,1534.0,924.3,3.246075,0.0456,5950.0,0.2833,1.302,1.199,3.3
TOI-3693 b,TOI-3693,12.59889431,324.18497514,0.89,0.0,801.0,68.6,9.088516,0.0813,5321.0,-0.3439,0.791,0.867,3.0
TOI-3714 b,TOI-3714,11.32107051,222.4798849,0.85,0.03,750.0,54.0,2.154849,0.027,3660.0,-1.40671,0.51,0.53,2.9
TOI-375 b,TOI-375,10.77183045,236.78216321,1.037,0.087,1373.0,593.3,9.45469,0.099,5259.9,0.75997,2.9,1.441,2.94
TOI-375 c,TOI-375,13.4,669.34662514,1.53,,596.0,21.07,115.5,0.524,5259.9,0.75997,2.9,1.441,2.94
TOI-375 d,TOI-375,13.6,445.59542661,0.973,,434.0,5.96,297.9,0.984,5259.9,0.75997,2.9,1.441,2.94
TOI-3757 b,TOI-3757,12.0,85.3,0.27,0.14,759.0,55.4,3.438753,0.03845,3913.0,-1.06048,0.62,0.64,7.1
TOI-3785 b,TOI-3785,5.14,14.95,0.61,0.11,582.0,19.1,4.6747373,0.043,3576.0,-1.43533,0.5,0.52,8.0
TOI-3807 b,TOI-3807,18.49481816,330.54154328,0.289,0.0,1646.0,1230.0,2.8989727,0.0421,5772.0,0.33244,1.468,1.181,5.6
TOI-3819 b,TOI-3819,13.13692538,352.78953177,0.85,0.0,1633.0,1186.0,3.2443141,0.04611,5859.0,0.39967,1.538,1.242,4.5
TOI-3837 b,TOI-3837,10.87271128,187.51876013,0.82,0.221,1178.0,138.065,11.88865,0.099,5905.0,0.19618,1.2,0.89,11.2
TOI-3856 b,TOI-3856,13.59649359,171.62733978,0.371,0.083,1544.0,949.0,2.04360352,0.0325,5622.0,0.00087,1.055,1.096,2.6
TOI-3877 b,TOI-3877,11.67975789,99.7981198,0.342,0.22,1445.0,729.0,4.123596,0.0529,5731.0,0.3075,1.445,1.16,5.9
TOI-3884 b,TOI-3884,6.43,32.59,0.67,0.06,441.0,6.29,4.5445828,0.0361,3180.0,-2.03152,0.302,0.298,
TOI-3894 b,TOI-3894,15.27784069,260.61929374,0.4,0.05,1531.0,546.903,4.33454,0.05354,6000.0,0.41896,1.502,1.138,5.7
TOI-3912 b,TOI-3912,14.28024141,129.03833324,0.243,0.0,1512.0,872.2,3.4936264,0.0463,5725.0,0.27323,1.392,1.088,7.5
TOI-3919 b,TOI-3919,12.31866979,1233.17421916,3.63,0.259,1198.0,184.322,7.433234,0.0795,6100.0,0.33606,1.319,1.208,3.1
TOI-3976 A b,TOI-3976 A,12.27383387,55.61997123,0.165,0.0,1295.0,469.0,6.607662,0.0743,5975.0,0.41296,1.501,1.254,3.8
TOI-3980 b,TOI-3980,14.4595851,187.51876013,0.25,0.16,1621.0,1153.0,3.6089254,0.0494,5840.0,0.44248,1.626,1.24,4.7
TOI-3984 A b,TOI-3984 A,7.9,44.0,0.49,0.23,563.0,16.7,4.353326,0.041,3476.0,-1.57408,0.47,0.49,2.9
TOI-4010 b,TOI-4010,3.02,11.0,2.2,0.03,1441.0,714.0,1.348335,0.0229,4960.0,-0.3996,0.83,0.88,6.1
TOI-4010 c,TOI-4010,5.93,20.31,0.5,0.03,907.0,112.0,5.414654,0.058,4960.0,-0.3996,0.83,0.88,6.1
TOI-4010 d,TOI-4010,6.18,38.15,0.9,0.07,650.0,30.0,14.70886,0.113,4960.0,-0.3996,0.83,0.88,6.1
TOI-4010 e,TOI-4010,13.3,692.0,1.62,0.26,174.0,0.15,762.0,1.57,4960.0,-0.3996,0.83,0.88,6.1
TOI-406 c,TOI-406,1.32,2.08,4.9,0.032,584.0,19.0,3.307441,0.0322,3392.0,-1.71444,0.41,0.408,
TOI-406.01,TOI-406,2.08,6.57,4.1,0.056,368.0,3.0,13.175682,0.0809,3392.0,-1.71444,0.41,0.408,
TOI-4087 b,TOI-4087,13.04725353,232.01473711,0.57,0.0,1458.0,753.9,3.1774835,0.04469,6060.0,0.17609,1.112,1.178,0.8
TOI-411 b,HD 22946,1.362,13.71,18.96,0.126,1241.0,495.139,4.040295,0.05727,6169.0,0.20919,1.117,1.098,2.5
TOI-411 c,HD 22946,2.328,9.72,3.15,0.16,931.0,156.75,9.573083,0.1017,6169.0,0.20919,1.117,1.098,2.5
TOI-4127 b,TOI-4127,12.28504285,731.0053361,2.17,0.7471,605.1,22.3,56.39879,0.3081,6096.0,0.31639,1.293,1.23,4.8
TOI-4137 b,TOI-4137,13.57407563,457.67290608,1.01,0.0,1570.0,1013.0,3.8016122,0.05222,6202.0,0.43933,1.438,1.313,2.1
TOI-4145 A b,TOI-4145 A,13.30506009,136.66621501,0.32,0.0,1074.0,223.0,4.0664428,0.04823,5281.0,-0.28735,0.859,0.905,4.7
TOI-4153 b,TOI-4153,16.11851425,365.50266805,0.477,0.039,1669.0,1212.0072,4.6174141,0.06311,6860.0,0.71349,1.605,1.572,0.4
TOI-4155 b,TOI-4155,3.21,10.4,1.73,,1255.0,586.762,3.320729,,5724.0,0.0658,0.95,1.16,
TOI-4184 b,TOI-4184,2.43,6.48,2.48,,412.0,4.8,4.9019804,0.0336,3238.0,-2.2644,0.2347,0.2109,6.7
TOI-4201 b,TOI-4201,13.67495645,788.21444936,1.82,0.041,725.0,45.2,3.5819194,0.04,3794.0,-1.11919,0.63,0.61,1.4
TOI-421 b,TOI-421,2.64,6.7,2.040038,0.13,922.0,154.57,5.197576,0.0554,5291.0,-0.26777,0.866,0.833,10.9
TOI-421 c,TOI-421,5.09,14.1,0.589957,0.19,635.0,34.32,16.067541,0.117,5291.0,-0.26777,0.866,0.833,10.9
TOI-4214 b,TOI-4214,10.68215861,165.27077164,0.74,0.17,1642.0,1210.0,3.4913885,0.05018,6370.0,0.48287,1.434,1.382,1.1
TOI-4308 b,TOI-4308,2.4189,6.43,2.5,,763.05,55.3616,9.151201,,5243.0,-0.36795,0.7934,0.9,
TOI-431 b,TOI-431,1.28,3.07,8.0,0.0,1862.0,2120.4475,0.490047,0.0113,4850.0,-0.56509,0.731,0.78,
TOI-431 c,TOI-431,1.49,2.83,4.7,0.0,867.0,,4.8494,0.052,4850.0,-0.56509,0.731,0.78,
TOI-431 d,TOI-431,3.29,9.9,1.36,0.0,633.0,28.3588,12.46103,0.098,4850.0,-0.56509,0.731,0.78,
TOI-4329 b,TOI-4329,16.81347105,143.02278315,0.165,0.068,2027.12,3990.5716,2.9223,,6000.0,0.79931,2.31,1.538,2.39
TOI-4336 A b,TOI-4336 A,2.137,3.33,1.87,0.0,309.4,1.53,16.336351,0.0849,3307.0,-1.95861,0.326,0.306,6.7
TOI-4336 A c,TOI-4336 A,1.251,1.55,4.35,0.0,399.5,4.24,7.587266,0.05092,3307.0,-1.95861,0.326,0.306,6.7
TOI-4342 b,TOI-4342,2.329,7.3,3.18,0.0,639.0,27.8,5.5382592,0.0519,3866.0,-1.12494,0.598,0.587,
TOI-4342 c,TOI-4342,2.349,4.8,2.01,0.0,514.0,11.6,10.688662,0.0804,3866.0,-1.12494,0.598,0.587,
TOI-4364 b,TOI-4364,2.01,4.7,3.18,0.29,488.0,13.3328,5.424019,0.04753,3528.0,-1.51215,0.4684,0.487,0.71
TOI-4377 b,TOI-4377,15.10970598,304.1617855,0.881,0.045,1162.08,430.9826,4.378081,0.0579,4974.0,0.82217,3.52,1.36,3.88
TOI-4379 b,TOI-4379,16.69017226,353.74301699,0.418,0.018,1869.38,2886.0903,3.25352,,6020.0,0.63749,1.976,1.372,4.51
TOI-4406 b,TOI-4406,11.2089807,95.3485221,0.372,0.15,904.0,58.0054,30.08364,0.201,6219.0,0.36173,1.29,1.19,2.9
TOI-4438 b,TOI-4438,2.52,5.4,1.85,0.14,435.0,6.0,7.44628,0.0534,3422.0,-1.76802,0.372,0.368,5.1
TOI-444 b,TOI-444,2.77,8.1,2.09,,609.0,23.4694,17.9636,0.133,5225.0,-0.41794,0.779,0.96,0.57
TOI-4443.01,TOI-4443,1.7193265,3.6,3.89,,1638.82,1194.2104,1.8498567,0.029962645,5834.0,0.03349,1.01733,1.049133,
TOI-4463 A b,TOI-4463 A,13.26022417,252.35575516,0.595,0.0,1395.0,633.0,2.8807198,0.04036,5640.0,0.01115,1.062,1.056,4.1
TOI-4465 b,TOI-4465,14.01122587,1872.00931723,3.73,0.24,427.0,130.528,101.94054,0.416,5545.0,-0.07267,1.014,0.93,
TOI-4479 b,TOI-4479,2.82,8.35,2.05,,861.0,92.5,1.1589,0.0164,3400.0,-1.60432,0.451,0.452,
TOI-4487 A b,TOI-4487 A,14.60530185,397.28550875,0.7,0.083,1639.0,1203.0,3.9540709,0.05448,6206.0,0.55267,1.634,1.378,2.45
TOI-4495 b,TOI-4495,2.483,7.7,2.71,0.078,1735.0,1001.28,2.56699,0.03957,6210.0,0.36656,1.309,1.247,1.9
TOI-4495 c,TOI-4495,4.03,23.2,1.9,0.023,1365.0,346.626,5.18553,0.06323,6210.0,0.36656,1.309,1.247,1.9
TOI-4504 b,TOI-4504,2.691,7.71,2.17,0.0,1234.03,548.0544,2.42614,0.03392,5315.0,-0.20761,0.92,0.89,10.0
TOI-4504 c,TOI-4504,11.09689089,1197.32317485,4.81,0.032,182.8,0.2639,82.97213,0.3569,5315.0,-0.20761,0.92,0.89,10.0
TOI-4504 d,TOI-4504,13.6,450.23572136,0.984,0.0445,,,40.5634,0.2219,5315.0,-0.20761,0.92,0.89,10.0
TOI-4507 b,TOI-4507,8.2,20.0,0.2,0.09,562.01,23.5778,104.61611,0.456,6260.0,0.14922,1.04,1.11,0.7
TOI-451 b,TOI-451,1.91,4.31,3.4,0.0,1491.0,695.188,1.858703,0.0283,5550.0,-0.1891,0.879,0.95,0.12
TOI-451 c,TOI-451,3.1,9.8,1.81,0.0,875.0,82.5178,9.192522,0.0823,5550.0,-0.1891,0.879,0.95,0.12
TOI-451 d,TOI-451,4.07,15.6,1.27,0.0,722.0,38.2372,16.364988,0.1208,5550.0,-0.1891,0.879,0.95,0.12
TOI-4515 b,TOI-4515,12.17,637.0,1.941,0.461,705.0,42.2987,15.266446,0.118,5433.0,-0.23582,0.86,0.949,1.2
TOI-4527.01,TOI-4527,0.9086617,0.689,5.05,,1362.93,571.5072,0.3994445,0.008332353,3702.0,-1.39838,0.485948,0.483901,
TOI-4529 b,TOI-4529,1.77,4.9,4.8,,511.0,14.6089,5.879577,,3697.0,-1.41263,0.48,0.482,
TOI-4551 b,TOI-4551,11.85910158,473.56432643,1.74,0.101,1655.0,1247.74,9.95581,0.0994,4896.0,0.80277,3.55,1.31,4.92
TOI-4559 b,TOI-4559,1.415,2.59,5.02,,554.16,15.77,3.965991,0.0359,3558.0,-1.6925,0.374,0.392,7.0
TOI-4562 b,TOI-4562,12.53,732.0,2.06,0.76,318.0,3.2011,225.1064,0.768,6096.0,0.25285,1.152,1.192,0.7
TOI-4562 c,TOI-4562,12.8,1833.86990839,4.81,0.122,,,3990.0,5.219,6096.0,0.25285,1.152,1.192,0.7
TOI-4582 b,TOI-4582,10.53644186,168.44905571,0.791,0.51,614.66,33.7343,31.034,,5190.0,0.612,2.5,1.34,
TOI-4600 b,TOI-4600,6.8,959.84178914,,0.25,347.0,3.3159,82.6869,0.349,5170.0,-0.37675,0.81,0.89,2.3
TOI-4600 c,TOI-4600,9.42,2946.26933289,,0.21,191.0,48.3867,482.8191,1.152,5170.0,-0.37675,0.81,0.89,2.3
TOI-4602.01,TOI-4602,2.550449,7.04,2.33,,1380.27,603.6935,3.9812091,0.05099712,6011.9,0.19715,1.15664,1.116795,
TOI-4603 b,TOI-4603,11.67975789,4096.80816623,14.1,0.325,1677.0,1192.0,7.24599,0.0888,6264.0,1.01703,2.738,1.765,1.64
TOI-4633 c,TOI-4633,3.2,123.0,,0.117,268.57,1.56,271.9445,0.847,5800.0,0.31136,1.05,1.1,1.3
TOI-4638.01,TOI-4638,2.933,8.92,1.94,,779.83,87.81,10.283918787,0.093013,5700.0,-0.11858,0.895,1.02,
TOI-4641 b,TOI-4641,8.18255591,1229.99593509,,0.074,950.11,192.5802,22.09341,0.173,6560.0,0.69461,1.72,1.41,2.69
TOI-4666 b,TOI-4666,12.44196858,222.4798849,0.64,0.0,713.0,54.0,2.9089168,0.0333,3512.0,-1.22185,0.59,0.58,
TOI-469.01,TOI-469,3.41,9.1,1.3,0.0,716.0,74.7,13.6308205,0.111,5289.0,-0.14921,0.98,0.901,11.2
TOI-470 b,TOI-470,4.34,17.4,1.17,,660.0,44.7551,12.19148,0.119,5190.0,-0.35799,0.831,0.87,1.4
TOI-4734 b,TOI-4734,10.9175472,61.65871096,0.26,0.12,1468.0,775.0,6.235633,0.074,6070.0,0.62428,1.857,1.391,3.2
TOI-4773 b,TOI-4773,15.22179579,1687.66884117,2.63,0.024,2255.0,3879.8071,1.7452851,0.03216,6740.0,0.64836,1.55,1.452,1.07
TOI-4791 b,TOI-4791,12.44196858,734.18362017,2.09,0.0,1472.0,783.2,4.28088,0.0555,6058.0,0.38021,1.409,1.242,3.3
TOI-4794 b,TOI-4794,14.35870428,308.29355479,0.57,0.1,1673.0,1310.0,3.5658116,0.0492,6390.0,0.49969,1.451,1.25,2.7
TOI-480 b,TOI-480,2.85372018,20.8,4.91,0.0,1198.94,531.521,6.866196,0.077,6174.0,0.46195,1.4877,1.2793,2.7
TOI-481 b,TOI-481,11.09691,486.2799,1.96,0.153,1370.0,253.126,10.33111,0.097,5735.0,0.43457,1.66,1.14,6.7
TOI-4860 b,TOI-4860,8.7,86.7,0.75,0.008,694.0,42.5,1.5227591,0.01808,3260.0,-1.83565,0.358,0.34,4.5
TOI-4914 b,TOI-4914,12.87,227.0,0.59,0.408,894.0,18.1082,10.60057,0.098,5805.0,0.00903,1.0,1.03,5.3
TOI-4940 b,TOI-4940,6.61,89.0,,,643.0,40.4612,25.867811,0.165,5504.0,0.04766,1.163,1.012,9.8
TOI-4961 b,TOI-4961,12.34108775,572.0911326,1.67,0.182,919.0,115.0,7.479182,0.0726,5380.0,-0.20135,0.912,0.912,8.0
TOI-4994 b,TOI-4994,8.54124329,88.99195396,0.78,0.319,717.6,40.0,21.491984,0.1515,5640.0,0.0086,1.055,1.005,6.3
TOI-500 b,TOI-500,1.166,1.42,4.89,0.063,1617.0,1138.0,0.548177,0.01189,4440.0,-0.70002,0.678,0.74,5.0
TOI-500 c,TOI-500,2.09,5.03,3.03,0.072,,,6.6356,,4440.0,-0.70002,0.678,0.74,5.0
TOI-500 d,TOI-500,6.35,33.12,0.711,0.016,,,26.233,,4440.0,-0.70002,0.678,0.74,5.0
TOI-500 e,TOI-500,3.99,15.05,1.3,0.073,,,61.3,,4440.0,-0.70002,0.678,0.74,5.0
TOI-5005 b,TOI-5005,6.25,32.7,0.74,,1040.0,226.0,6.3085044,0.06614,5749.0,-0.00451,0.93,0.97,2.2
TOI-5027 b,TOI-5027,10.76062147,642.01338214,2.94,0.385,1056.0,190.912,10.24368,0.093,5909.0,-0.03058,0.92,1.02,0.4
TOI-5076 b,TOI-5076,3.48935569,16.14568308,2.08,0.0,550.0,12.8373,23.443162,0.1481,4780.0,-0.47366,0.844,0.789,8.4
TOI-5082.01,TOI-5082,2.54811,7.03,2.33,,1164.91,254.588,4.240122,0.051204842,5670.0,-0.08961,0.93,0.99665,
TOI-5108 b,TOI-5108,6.6,32.0,0.6,,1180.0,122.785,6.753581,0.073,5808.0,0.27505,1.29,1.1,5.8
TOI-5110 b,TOI-5110,11.98240037,921.7023803,2.95,0.745,976.0,15.1027,30.158577,0.2157,6160.0,0.84696,2.333,1.469,4.0
TOI-512 b,TOI-512,1.54,3.57,5.623888,0.02,1009.0,127.0,7.18886,,5277.0,-0.25696,0.89,0.74,8.235
TOI-5126 b,TOI-5126,4.74,20.2,1.04,0.0,1442.0,467.0,5.4588385,0.06519,6150.0,0.29885,1.241,1.24,0.8
TOI-5126 c,TOI-5126,3.86,14.2,1.36,0.0,971.0,96.0,17.8999,0.1439,6150.0,0.29885,1.241,1.24,0.8
TOI-5143 c,TOI-5143,16.25302201,,,,904.48,158.1646,5.2097118,0.05602,5183.0,-0.28635,0.852,0.864,7.4
TOI-5153 b,TOI-5153,11.88151954,1036.12060682,3.39,0.091,906.0,49.5559,20.33003,0.158,6300.0,0.46423,1.4,1.24,5.4
TOI-5174 b,TOI-5174,5.351,24.8,0.889,,808.37,100.9112,12.214286,,5643.77,0.03946,1.09457,1.0,
TOI-5181 A b,TOI-5181 A,13.34989601,330.54154328,0.76,0.15,1585.0,1053.0,3.8922295,0.0522,6060.0,0.45788,1.53,1.25,4.1
TOI-519 b,TOI-519,11.54525012,147.15455244,0.56,0.33,687.0,54.0,1.2652328,0.0159,3322.0,-1.85078,0.35,0.335,5.4
TOI-5205 b,TOI-5205,11.6,343.0,1.21,0.02,737.0,49.0,1.630757,0.0199,3430.0,-1.7122,0.394,0.392,
TOI-521 b,TOI-521,1.98,5.3,3.8,0.0,794.0,66.0,1.54285047,0.0195,3544.0,-1.5986,0.421,0.42,0.8
TOI-5210 b,TOI-5210,10.72699453,81.99972901,0.364,0.066,1286.0,456.0,4.5661061,0.0557,5723.0,0.15229,1.209,1.105,5.3
TOI-5218 b,TOI-5218,9.86,657.0,,0.0,783.0,62.0,4.291452,0.0469,4230.0,-0.82391,0.708,0.739,6.7
TOI-5232 b,TOI-5232,12.778238,743.71847238,1.96,0.035,1772.0,1193.86,4.0966692,0.05593,6500.0,0.71265,1.785,1.389,2.37
TOI-5238 b,TOI-5238,5.22,23.7,0.916,,1042.0,195.925,4.872171,,5631.0,-0.02335,1.02283,1.0,
TOI-5261 b,TOI-5261,11.60129502,3651.84839643,12.9,0.1585,1244.0,159.592,4.1509768,0.05134,5790.0,0.02078,1.021,1.037,4.2
TOI-5293 A b,TOI-5293 A,11.9,170.4,0.56,0.38,675.0,34.6,2.930289,0.034,3586.0,-1.37414,0.52,0.54,2.9
TOI-530 b,TOI-530,9.30345398,127.1313628,0.93,0.0,565.0,14.259,6.387597,0.052,3659.0,-1.3098,0.54,0.53,
TOI-5300 b,TOI-5300,9.86390302,190.6970442,1.1,0.0,1043.0,198.0,2.262196,0.0295,4610.0,-0.76195,0.65,0.67,
TOI-5301 b,TOI-5301,13.09208946,1182.32167404,2.88,0.33,1648.0,429.794,5.858858,0.073,6240.0,0.81624,2.19,1.483,2.43
TOI-5319 b,TOI-5319,2.83,8.4,2.04,,695.0,38.7885,4.07853,0.0506,3580.0,-1.45905,0.485,0.5,
TOI-532 b,TOI-532,5.82,61.5,1.72,0.0,867.0,94.1,2.3266508,0.0296,3927.0,-1.09528,0.612,0.639,7.1
TOI-5322 b,TOI-5322,16.6117094,184.02264765,0.22,0.055,1350.0,554.0,5.4233207,0.0604,5692.0,0.3075,1.462,0.998,9.7
TOI-5340 b,TOI-5340,15.07607904,270.15414595,0.43,0.13,1566.0,1004.0,4.9394392,0.0628,5990.0,0.5955,1.842,1.35,3.5
TOI-5344 b,TOI-5344,10.60369574,130.94530368,0.604,0.054,689.0,38.0,3.792622,0.04041,3747.0,-1.21254,0.588,0.612,10.9
TOI-5349 b,TOI-5349,10.2,127.4,0.66,0.03,719.0,44.5,3.317921,0.0369,3751.0,-1.20066,0.58,0.61,9.0
TOI-5350 b,TOI-5350,12.41955062,2094.48920213,6.03,0.0165,1195.0,321.879,7.581367,0.0796,6220.0,0.33445,1.263,1.167,3.1
TOI-5386 A b,TOI-5386 A,14.70618268,155.10026262,0.268,0.072,1488.0,817.0,3.62156552,0.04856,6094.0,0.28488,1.245,1.165,3.4
TOI-5388.01,TOI-5388,0.99,2.2,11.9,,488.0,3.3023,2.5946748,0.024335855,3440.0,-1.94539,0.3,0.292,
TOI-5398 b,TOI-5398,10.3,58.7,0.29,0.13,947.0,118.413,10.590547,0.098,6000.0,0.11725,1.051,1.146,0.65
TOI-5398 c,TOI-5398,3.52,11.8,1.5,0.14,1242.0,370.603,4.77271,0.057,6000.0,0.11725,1.051,1.146,0.65
TOI-540 b,TOI-540,0.903,0.674,5.03,0.0,611.0,23.4,1.2391491,0.01223,3216.0,-2.46092,0.1895,0.159,1.1
TOI-5422 b,TOI-5422,9.10169233,8899.195396,65.8,0.094,1369.0,580.0,5.377219,0.0619,5820.0,0.35218,1.474,1.066,7.6
TOI-544 b,TOI-544,2.018,2.89,1.93,0.0,999.0,240.195,1.548352,0.0225,4169.0,-0.90049,0.623,0.631,9.0
TOI-544 c,TOI-544,4.92,21.5,0.992,0.32,,,50.089,,4169.0,-0.90049,0.623,0.631,9.0
TOI-5489 b,TOI-5489,1.4,2.54,5.09,,624.0,25.1137,3.15222,,3547.0,-1.60776,0.42,0.41,
TOI-5489 c,TOI-5489,1.28,2.18,5.71,,536.0,13.8663,4.92126,,3547.0,-1.60776,0.42,0.41,
TOI-5542 b,TOI-5542,11.30986153,419.53349724,1.6,0.018,441.0,9.6,75.12375,0.332,5700.0,1.057,1.058,0.89,10.8
TOI-5573 b,TOI-5573,9.75,112.0,0.661,0.072,528.0,12.92,8.79758977,0.0712,3790.0,-1.15927,0.594,0.619,9.7
TOI-558 b,TOI-558,12.17295304,1147.36054927,3.5,0.298,1061.0,248.8554,14.574071,0.1291,6466.0,0.54654,1.496,1.349,1.79
TOI-559 b,TOI-559,12.22899794,1910.14872607,5.74,0.151,1180.0,404.915,6.9839095,0.0723,5925.0,0.22737,1.233,1.026,6.8
TOI-5592 b,TOI-5592,17.14974047,285.72773789,0.22,0.062,1789.0,1712.0,2.6085846,0.03935,6237.0,0.4216,1.393,1.194,3.6
TOI-561 b,TOI-561,1.397,2.02,4.1,0.0,2319.0,4709.0,0.4465697,0.01064,5342.0,-0.28233,0.843,0.806,16.1
TOI-561 c,TOI-561,2.865,5.93,1.3,0.023,802.0,67.5,10.778838,0.0889,5342.0,-0.28233,0.843,0.806,16.1
TOI-561 d,TOI-561,2.615,13.33,4.1,0.111,600.0,21.2,25.71268,0.1587,5342.0,-0.28233,0.843,0.806,16.1
TOI-561 e,TOI-561,2.517,12.4,4.3,0.074,416.0,4.89,77.144,0.33,5342.0,-0.28233,0.843,0.806,16.1
TOI-5616 b,TOI-5616,10.78,624.0,,0.0,939.0,137.0,2.002849,0.0272,3996.0,-0.99268,0.646,0.666,7.2
TOI-5634 A b,TOI-5634 A,10.42,588.0,,0.0,837.0,77.0,2.2035373,0.0272,3896.0,-1.24489,0.54,0.556,7.4
TOI-564 b,TOI-564,11.43318,464.98529,1.7,0.072,1714.0,1423.0,1.651144,0.02734,5640.0,0.03262,1.088,0.998,7.3
TOI-5678 b,TOI-5678,4.91,20.0,0.928,0.14,513.0,3.8369,47.73022,0.249,5485.0,-0.13069,0.938,0.905,8.5
TOI-5688 A b,TOI-5688 A,10.3,124.0,0.61,0.128,742.0,50.3,2.94815527,0.03379,3713.0,-1.22841,0.57,0.6,7.2
TOI-5704 b,TOI-5704,3.2274,10.5,1.72,,949.07,125.0643,3.771116,,4590.0,-0.63927,0.7575,0.73,
TOI-5713 b,TOI-5713,1.77,3.78,3.75,0.24,347.2,2.2554,10.441989,0.06008,3225.0,-2.05849,0.2992,0.2653,4.5
TOI-5716 b,TOI-5716,0.96,0.84,5.22,,400.0,3.4093,6.7663,,3436.0,-2.24692,0.22,0.19,
TOI-5720 b,TOI-5720,1.09,4.3,,,708.0,41.7,1.4344555,0.018288,3325.0,-1.79183,0.383,0.383,5.0
TOI-5726.01,TOI-5726,2.554,7.05,2.33,,1093.03,338.95,5.491125215,0.062186,5874.0,0.11832,1.106,1.06,
TOI-5728 b,TOI-5728,1.31,2.27,5.55,,382.0,3.512,11.49761,,3419.0,-1.74669,0.37,0.36,
TOI-5734 b,TOI-5734,2.76,8.05,2.1,,788.0,56.3778,6.1842161,0.0607,4790.0,-0.69494,0.708,0.736,
TOI-5736 b,TOI-5736,1.56,3.05,4.41,,1311.0,493.4827,0.64899,,3949.0,-1.1332,0.58,0.57,
TOI-5786 b,TOI-5786,8.54,73.0,0.64,,1040.0,374.462,12.779107,0.114,6235.0,0.39733,1.36,1.23,2.5
TOI-5788 b,TOI-5788,1.528,3.72,5.734161,0.061,910.0,175.1,6.340758,0.064,5615.0,-0.14752,0.87,0.87,5.72
TOI-5788 c,TOI-5788,2.272,6.4,3.032489,0.046,667.0,49.8,16.213362,0.1197,5615.0,-0.14752,0.87,0.87,5.72
TOI-5789 b,TOI-5789,1.26,2.12,5.82,0.0,1201.0,,2.76369,0.03608,5185.0,-0.32883,0.833,0.821,9.4
TOI-5789 c,TOI-5789,2.86,5.0,1.16,0.067,718.0,8.7194,12.927748,0.1009,5185.0,-0.32883,0.833,0.821,9.4
TOI-5789 d,TOI-5789,1.91,4.29,3.38,0.096,545.0,,29.65,0.1756,5185.0,-0.32883,0.833,0.821,9.4
TOI-5789 e,TOI-5789,3.43,11.61,1.58,0.071,424.0,,62.98,0.2901,5185.0,-0.32883,0.833,0.821,9.4
TOI-5795 b,TOI-5795,5.62,23.66,0.73,0.25,1136.78,240.6761,6.1406325,0.064,5715.0,0.05308,1.082,0.901,10.2
TOI-5799 b,TOI-5799,1.733,3.65,3.85,,505.0,11.91,4.164507,0.0348,3452.0,-1.82974,0.321,0.325,9.6
TOI-5799 c,TOI-5799,1.76,3.75,3.78,,337.0,,14.010449,0.0782,3452.0,-1.82974,0.321,0.325,9.6
TOI-5800 b,TOI-5800,2.46,9.5,3.46,0.3,1108.0,274.163,2.6278838,0.0344,4850.0,-0.51004,0.773,0.778,8.1
TOI-5803 b,TOI-5803,3.2732,10.7,1.68,,678.87,73.722,5.38305,,5134.0,-0.43899,0.7625,0.87,
TOI-5817 b,TOI-5817,3.08,10.3,1.93,0.2,950.0,126.8632,15.61031,0.1223,5770.0,0.31175,1.427,0.97,9.7
TOI-5882 b,TOI-5882,11.46678726,6995.40323807,25.4,0.0339,1515.0,4792.5,7.148972,0.0804,5920.0,0.75358,2.26,1.334,4.11
TOI-5938 b,TOI-5938,3.82,14.0,1.38,,1077.0,249.273,2.260424,0.0308,4650.0,-0.70991,0.712,0.744,
TOI-6000 b,TOI-6000,0.94,0.779,5.15,,1120.0,258.7482,0.448959,,3419.0,-1.75585,0.38,0.37,
TOI-6002 b,TOI-6002,1.65,3.36,4.11,0.15,321.4,1.6823,10.904821,0.05722,3229.0,-2.23508,0.2432,0.2101,6.35
TOI-6008 b,TOI-6008,1.03,4.0,,,707.0,41.5,0.8574347,0.010777,3075.0,-2.32873,0.242,0.23,3.0
TOI-6016 b,TOI-6016,13.67495645,371.85923619,0.81,0.0,1890.0,940.0,4.023687,0.055,6110.0,0.4609,1.51,1.31,0.3
TOI-6029 b,TOI-6029,14.39233122,519.64944544,0.958,0.091,1484.0,806.794,5.7987,,6223.0,0.79934,2.338,1.548,2.31
TOI-6034 b,TOI-6034,11.92,254.0,0.82,0.04,714.0,43.0,2.576184,0.02949,3635.0,-1.4034,0.489,0.514,7.8
TOI-6038 A b,TOI-6038 A,6.41,78.5,1.62,,1439.0,716.0,5.8267311,0.069,6110.0,0.53275,1.648,1.291,3.65
TOI-6041 b,TOI-6041,4.55,28.9,1.79,,605.6,22.4,26.04945,0.1651,5445.0,-0.21254,0.879,0.885,7.9
TOI-6041 c,TOI-6041,10.5,77.9,0.37,,403.5,4.42,88.0,0.3721,5445.0,-0.21254,0.879,0.885,7.9
TOI-6054.01,TOI-6054,2.64,12.5,3.7,0.164,1360.0,570.0,7.501428,0.0763,6047.0,0.52244,1.662,1.107,6.0
TOI-6054.02,TOI-6054,2.82,9.3,2.25,0.332,1143.0,285.0,12.563636,0.1079,6047.0,0.52244,1.662,1.107,6.0
TOI-6086 b,TOI-6086,1.18,1.76,5.89,,634.0,26.8,1.3888725,0.01541,3200.0,-2.19791,0.259,0.254,2.0
TOI-6109 b,TOI-6109,4.8704,21.1,1.0,,700.0,39.9451,5.690476,0.0599,5660.0,-0.05453,1.021,1.03,0.075
TOI-6109 c,TOI-6109,4.8326,20.8,1.01,,786.0,63.3913,8.538878,0.0786,5660.0,-0.05453,1.021,1.03,0.075
TOI-6130 b,TOI-6130,14.3474953,333.71982735,0.64,0.036,1750.0,1150.0,2.392679,0.036,6110.0,0.4609,1.51,1.31,0.3
TOI-615 b,TOI-615,18.97680433,138.25535705,0.084,0.39,1666.0,1286.0,4.6615983,0.0678,6850.0,0.7679,1.732,1.449,1.7
TOI-620 b,TOI-620,3.76,13.6,1.41,0.22,603.6,20.8,5.0988179,0.04825,3708.0,-1.28819,0.55,0.577,7.2
TOI-622 b,TOI-622,9.2362001,96.30200732,0.507,0.42,1388.0,602.0,6.402513,0.0708,6400.0,0.47407,1.415,1.313,0.9
TOI-6223 b,TOI-6223,5.07,22.6,0.953,,714.0,41.8646,3.855219,0.04018,3895.0,-1.12203,0.576,0.582,9.8
TOI-6255 b,TOI-6255,1.079,1.44,6.3,0.0,1256.46,588.9944,0.23818244,,3421.0,-1.77344,0.37,0.353,
TOI-628 b,TOI-628,11.88154,2011.8639,6.58,0.072,1586.0,1052.9,3.4095675,0.0486,6250.0,0.39445,1.345,1.311,1.28
TOI-6303 b,TOI-6303,11.59,2493.0,8.82,0.02,541.0,14.28,9.485236,0.0761,3977.0,-1.08672,0.609,0.644,6.4
TOI-6324 b,TOI-6324,1.059,1.17,5.41,0.0,1216.0,284.211,0.279221,,3247.0,-1.99802,0.293,0.269,
TOI-6330 b,TOI-6330,10.89,3179.0,13.57,0.34,495.0,9.97,6.8500246,0.05763,3539.0,-1.43168,0.49,0.531,7.6
TOI-6383 A b,TOI-6383 A,11.29,331.0,1.26,0.05,745.0,51.3,1.79058695,0.02292,3444.0,-1.48678,0.457,0.458,
TOI-640 b,TOI-640,19.2794468,181.16219199,0.138,0.013,1816.0,1150.12,5.003777,0.06608,6460.0,0.83442,2.082,1.536,1.99
TOI-6420 b,TOI-6420,11.93756445,2606.1929374,8.4,0.078,1213.0,106.619,6.961508,0.0753,6020.0,0.31175,1.312,1.165,4.4
TOI-6448 b,TOI-6448,8.47398941,54.0,0.488,0.2,745.0,28.1152,14.844261,0.131,5910.0,-0.04191,0.897,1.03,0.034
TOI-6478 b,TOI-6478,4.6,19.2,1.08,,204.4,0.0003,34.005019,0.1136,3230.0,-2.24244,0.234,0.23,6.0
TOI-654.01,TOI-654,2.378,8.71,3.59,0.0,794.0,65.0,1.527561,0.01944,3521.0,-1.60906,0.43,0.419,
TOI-6628 b,TOI-6628,10.98480109,235.19302118,0.98,0.67,833.0,20.0861,18.18424,0.134,5463.0,-0.08778,1.01,0.97,7.5
TOI-663 b,TOI-663,2.27,4.45,2.07,,674.0,49.1,2.598902,0.0295,3681.0,-1.37033,0.512,0.514,
TOI-663 c,TOI-663,2.26,3.65,1.73,,553.0,22.3,4.6955507,0.0437,3681.0,-1.37033,0.512,0.514,
TOI-663 d,TOI-663,1.92,5.2,4.0,,482.0,12.9,7.1027268,0.0576,3681.0,-1.37033,0.512,0.514,
TOI-6651 b,TOI-6651,5.09,61.0,2.52,0.091,1493.0,817.0,5.056973,0.0633,5940.0,0.52244,1.721,1.323,3.71
TOI-669 b,TOI-669,2.58606487,10.0,3.17,0.0,1124.85,388.2,3.945152,0.048,5597.0,-0.06248,0.9882,0.9245,7.9
TOI-6692 b,TOI-6692,11.67975789,197.05361234,0.68,0.537,467.0,182.3533,131.125,0.512,5890.0,0.31806,1.385,1.047,7.8
TOI-6695 b,TOI-6695,9.52763359,66.74396547,0.41,0.04,599.0,85.9385,80.389,0.402,6400.0,0.54033,1.517,1.338,2.1
TOI-6695 c,TOI-6695,13.6,460.85119015,1.01,0.022,415.0,,242.4,0.838,6400.0,0.54033,1.517,1.338,2.1
TOI-6716 b,TOI-6716,0.982,0.911,5.29,0.88,369.0,4.4,4.7185898,0.0319,3110.0,-2.31942,0.231,0.223,
TOI-672 b,TOI-672,5.2604,24.1,0.91,,676.15,33.4742,3.633575,,3765.0,-1.32055,0.5441,0.5399,
TOI-674 b,TOI-674,5.25,23.6,0.91,0.0,635.0,38.4,1.977143,0.025,3514.0,-1.61439,0.42,0.42,
TOI-677 b,TOI-677,13.11450742,392.20025424,0.955,0.46,1252.0,37.6345,11.2365985,0.1041,6295.0,0.31172,1.28,1.181,2.92
TOI-682.01,TOI-682,3.74186,13.5,1.42,,1090.0,234.46,6.8392388,,5085.0,-0.14982,1.08,0.85,
TOI-6894 b,TOI-6894,9.5836785,53.39517238,0.334,0.029,417.9,5.54,3.37077196,0.02604,3007.0,-2.42597,0.2276,0.207,
TOI-700 b,TOI-700,0.914,0.704,5.07,0.075,417.0,4.98,9.977219,0.0677,3459.0,-1.64016,0.421,0.415,1.5
TOI-700 c,TOI-700,2.6,7.27,2.27,0.068,356.0,2.64,16.051137,0.0929,3459.0,-1.64016,0.421,0.415,1.5
TOI-700 d,TOI-700,1.073,1.25,5.56,0.042,268.8,0.85,37.42396,0.1633,3459.0,-1.64016,0.421,0.415,1.5
TOI-700 e,TOI-700,0.953,0.818,5.19,0.059,272.9,1.27,27.80978,0.134,3459.0,-1.64016,0.421,0.415,1.5
TOI-7009 b,TOI-7009,3.71,13.3,1.43,,872.0,42.4124,2.3206612,0.0287,4080.0,-0.88845,0.564,0.583,
TOI-7041 b,TOI-7041,11.43316031,114.41822652,0.421,0.04,882.37,143.259,9.691,,4700.0,0.88081,4.1,1.07,10.3
TOI-712 b,TOI-712,2.049,4.85,3.1,0.54,650.0,22.6,9.531361,0.07928,4622.0,-0.72793,0.674,0.732,0.83
TOI-712 c,TOI-712,2.701,7.76,2.16,0.089,369.9,3.08,51.69906,0.2447,4622.0,-0.72793,0.674,0.732,0.83
TOI-712 d,TOI-712,2.474,6.68,2.42,0.073,313.6,1.6,84.8396,0.3405,4622.0,-0.72793,0.674,0.732,0.83
TOI-7149 b,TOI-7149,13.2,224.0,0.53,0.078,593.0,20.6,2.65206166,0.02603,3363.0,-1.91542,0.351,0.344,7.8
TOI-715 b,TOI-715,1.55,3.02,4.46,,234.0,0.67,19.288004,0.083,3075.0,-2.30899,0.24,0.225,6.2
TOI-7166 b,TOI-7166,2.01,4.7,3.18,0.0,249.0,1.07,12.92063621,0.06191,3099.0,-2.3869,0.222,0.19,4.0
TOI-733 b,TOI-733,1.992,5.72,3.98,0.046,1055.8,207.1,4.884765,0.0618,5585.0,-0.08619,0.949,0.956,4.4
TOI-7384 b,TOI-7384,3.56,12.4,1.51,0.4,378.0,4.9,6.2340258,0.0439,3185.0,-2.02507,0.319,0.318,
TOI-7510 b,TOI-7510,7.31,18.1,0.255,0.0572,878.0,1678.5119,11.530869,0.1019,5720.0,0.01115,1.035,1.063,4.4
TOI-7510 c,TOI-7510,10.81,131.0,0.573,0.0091,702.0,92.4087,22.5687423,0.1595,5720.0,0.01115,1.035,1.063,4.4
TOI-7510 d,TOI-7510,10.52,190.0,0.89,0.04,542.4,20.6036,48.864468,0.2672,5720.0,0.01115,1.035,1.063,4.4
TOI-756 b,TOI-756,2.81,9.83,2.42,0.0,934.0,127.0,1.2392495,0.018,3657.0,-1.38722,0.505,0.505,3.2
TOI-756 c,TOI-756,13.0,1287.20504835,3.22,0.445,194.0,0.24,149.4,0.439,3657.0,-1.38722,0.505,0.505,3.2
TOI-757 b,TOI-757,2.5,10.5,3.6,0.39,641.0,24.3644,17.46819,0.122,5278.0,-0.37675,0.78,0.8,7.5
TOI-762 A b,TOI-762 A,8.33948164,79.77493016,0.76,0.083,555.4,17.0012,3.4716826,0.03418,3266.0,-1.73283,0.425,0.442,9.3
TOI-763 b,TOI-763,2.28,9.79,4.51,0.04,1038.0,182.935,5.6057,0.06,5450.0,-0.15377,0.897,0.917,
TOI-763 c,TOI-763,2.63,9.32,2.82,0.04,800.0,64.3196,12.2737,0.1011,5450.0,-0.15377,0.897,0.917,
TOI-771 b,TOI-771,1.36,2.47,5.4,0.055,543.0,14.0,2.3260155,0.0208,3370.0,-2.20343,0.232,0.22,6.7
TOI-771 c,TOI-771,1.5,2.87,4.67,0.065,365.0,3.0,7.61,0.046,3370.0,-2.20343,0.232,0.22,6.7
TOI-776 b,TOI-776,1.798,5.0,4.8,0.052,520.0,11.5,8.24662,0.0653,3725.0,-1.3098,0.547,0.542,6.1
TOI-776 c,TOI-776,2.047,6.9,4.4,0.089,420.0,4.9,15.665323,0.1001,3725.0,-1.3098,0.547,0.542,6.1
TOI-778 b,TOI-778,15.4,878.0,1.3,0.21,1561.0,734.672,4.633611,0.06,6643.0,0.76042,1.71,1.4,1.95
TOI-782 b,TOI-782,2.734,19.1,,0.19,435.0,5.91,8.0240015,0.0578,3370.0,-1.70246,0.413,0.397,
TOI-784 b,HD 307842,1.93,9.67,7.4,0.0,1256.0,413.894,2.7970365,0.038,5558.0,-0.19034,0.907,0.91,
TOI-813 b,TOI-813,6.71,36.4,0.662,0.0,610.0,23.1,83.8911,0.423,5907.0,0.61906,1.94,1.32,3.73
TOI-815 b,TOI-815,2.94,7.6,1.64,0.2,686.0,36.9,11.197259,0.0903,4869.0,-0.50459,0.77,0.776,0.2
TOI-815 c,TOI-815,2.62,23.5,7.2,0.22,469.0,8.03,34.976145,0.193,4869.0,-0.50459,0.77,0.776,0.2
TOI-824 b,TOI-824,2.926,18.467,4.03,,1253.0,412.0,1.392978,0.02177,4600.0,-0.70997,0.695,0.71,7.5
TOI-833 b,TOI-833,1.27,2.15,5.77,,1118.0,270.0682,1.0418777,0.0171,3920.0,-1.11104,0.6,0.61,
TOI-836 b,TOI-836,1.704,4.53,5.02,0.053,871.0,78.838,3.81673,0.0422,4552.0,-0.85276,0.665,0.678,5.4
TOI-836.01,TOI-836,2.587,9.6,3.06,0.078,665.0,26.707,8.59545,0.075,4552.0,-0.85276,0.665,0.678,5.4
TOI-837 b,TOI-837,9.16894621,120.45696625,0.89,0.0,995.3,164.0,8.3249113,0.0888,5995.0,0.1271,1.052,1.142,0.035
TOI-849 b,TOI-849,3.64,41.8,5.6,0.0,1932.0,2314.06,0.765548,0.0155,5257.0,-0.2184,0.97,0.97,6.7
TOI-858 B b,TOI-858 B,14.06727078,349.6112477,0.69,0.15,1529.0,908.9,3.2797178,0.04435,5842.0,0.25285,1.308,1.081,6.8
TOI-871 b,TOI-871,1.664,3.41,4.07,,621.0,24.78,14.362565,0.1054,4929.0,-0.56004,0.719,0.758,5.9
TOI-880 c,TOI-880,4.95,21.7,0.983,,805.0,73.9967,6.3872703,0.0635,5050.0,-0.44771,0.83,0.87,5.2
TOI-880.02,TOI-880,2.19,5.43,2.84,,1085.0,301.8661,2.57571,0.0349,5050.0,-0.44771,0.83,0.87,5.2
TOI-892 b,TOI-892,11.99363,301.9385,0.962,0.125,1397.0,571.007,10.62656,0.092,6261.0,0.43136,1.39,1.28,2.2
TOI-904 b,TOI-904,2.426,6.46,2.49,,429.43,8.3169,10.8772,0.056,3770.2,-1.29243,0.527,0.557,1.5
TOI-904 c,TOI-904,2.167,5.34,2.88,,217.26,0.5449,83.9997,0.312,3770.2,-1.29243,0.527,0.557,1.5
TOI-905 b,TOI-905,13.125739,211.99261,0.515,0.024,1192.0,337.0,3.739494,0.04666,5570.0,-0.13668,0.918,0.968,3.4
TOI-907.01,TOI-907,9.6158851,67.0,0.414,,1846.6,1729.6714,4.5849129,0.055225481,6272.0,0.75862,2.059789,1.069357,
TOI-908 b,TOI-908,3.186,16.137,2.742,0.132,1317.0,80.884,3.183792,0.041657,5626.0,-0.03953,1.028,0.95,4.6
TOI-912 b,TOI-912,1.93,5.1,4.0,0.58,551.0,15.0,4.6780691,0.041,3572.0,-1.59007,0.419,0.418,0.8
TOI-913 b,TOI-913,2.4528,6.59,2.45,,712.01,35.2422,11.098644,,4969.0,-0.53057,0.7325,0.82,
TOI-942 b,TOI-942,3.89,16.0,,0.34,1120.0,261.858,4.32421,0.04866,4969.0,-0.35853,0.894,0.822,0.053
TOI-942 c,TOI-942,4.67,37.0,,0.32,,,10.156272,0.08598,4969.0,-0.35853,0.894,0.822,0.053
TOI-954 b,TOI-954,9.550068,55.30242,0.35,0.14,1526.0,1393.0,3.6849729,0.04963,5710.0,0.53529,1.892,1.201,6.14
TOI-969 b,TOI-969,2.765,9.1,2.34,,941.0,188.0,1.8237305,0.02636,4435.0,-0.70042,0.671,0.734,2.03
TOI-969 c,TOI-969,12.4,3591.4609991,10.4,0.628,96.4,0.0208,1700.0,2.52,4435.0,-0.70042,0.671,0.734,2.03
TRAPPIST-1 b,TRAPPIST-1,1.116,1.374,5.441939,0.00622,397.6,4.153,1.510826,0.01154,2566.0,-3.25727,0.1192,0.0898,7.6
TRAPPIST-1 c,TRAPPIST-1,1.097,1.308,5.463993,0.00654,339.7,2.214,2.421937,0.0158,2566.0,-3.25727,0.1192,0.0898,7.6
TRAPPIST-1 d,TRAPPIST-1,0.788,0.388,4.366784,0.00837,286.2,1.115,4.049219,0.02227,2566.0,-3.25727,0.1192,0.0898,7.6
TRAPPIST-1 e,TRAPPIST-1,0.92,0.692,4.901605,0.0051,249.7,0.646,6.101013,0.02925,2566.0,-3.25727,0.1192,0.0898,7.6
TRAPPIST-1 f,TRAPPIST-1,1.045,1.039,5.022904,0.01007,217.7,0.373,9.20754,0.03849,2566.0,-3.25727,0.1192,0.0898,7.6
TRAPPIST-1 g,TRAPPIST-1,1.129,1.321,5.055986,0.00208,197.3,0.252,12.352446,0.04683,2566.0,-3.25727,0.1192,0.0898,7.6
TRAPPIST-1 h,TRAPPIST-1,0.755,0.326,4.16278,0.00567,171.7,0.144,18.772866,0.06189,2566.0,-3.25727,0.1192,0.0898,7.6
TYC 0434-04538-1 b,TYC 0434-04538-1,12.7,1938.763,5.2,0.08,,,193.2,0.66,4679.0,1.67,9.99,1.04,
TYC 1422-614-1 b,TYC 1422-614-1,13.3,794.5,1.86,0.06,,,198.4,0.69,4806.0,1.35,6.85,1.15,5.89
TYC 1422-614-1 c,TYC 1422-614-1,12.5,3178.0,8.94,0.048,,,559.3,1.37,4806.0,1.35,6.85,1.15,5.89
TYC 2187-512-1 b,TYC 2187-512-1,12.5,104.88337431,0.295,0.05,,,691.9,1.22,3734.0,-1.38091,0.495,0.498,
TYC 3318-01333-1 b,TYC 3318-01333-1,13.1,1086.9786,2.66,0.098,,,562.0,1.414,4776.0,1.21,5.9,1.19,
TYC 3667-1280-1 b,TYC 3667-1280-1,12.8,1716.282,4.5,0.036,1350.0,,26.468,0.21,5130.0,1.38,6.26,1.87,1.35
TYC 4282-00605-1 b,TYC 4282-00605-1,12.4,3426.2074,9.87,0.28,,,101.54,0.422,4300.0,1.91,16.21,0.97,10.1
TYC 8998-760-1 b,TYC 8998-760-1,12.3,4449.62,13.1,,,,,162.0,4573.0,-0.339,0.953811,1.0,0.0167
TYC 8998-760-1 c,TYC 8998-760-1,12.3299,1906.98,5.59,,1240.0,,,320.0,4573.0,-0.339,0.953811,1.0,0.0167
Teegarden's Star b,Teegarden's Star,1.05,1.16,5.51,0.03,277.0,1.08,4.90634,0.0259,3034.0,-3.14146,0.12,0.097,8.0
Teegarden's Star c,Teegarden's Star,1.02,1.05,5.44,0.04,209.0,0.35,11.416,0.0455,3034.0,-3.14146,0.12,0.097,8.0
Teegarden's Star d,Teegarden's Star,0.954,0.82,5.19,0.07,159.0,0.12,26.13,0.0791,3034.0,-3.14146,0.12,0.097,8.0
TrES-1 b,TrES-1,12.66617,266.9772,0.712,0.0,1140.0,318.4582,3.03007,0.03925,5230.0,-0.30071,0.85,1.04,3.7
TrES-2 b,TrES-2,15.24424,473.5667,0.884,0.0,1466.0,903.864,2.47063,0.03568,5850.0,0.03841,1.12,1.36,3.55
TrES-3 b,TrES-3,14.975,607.03,0.994,0.0,1638.0,1025.5022,1.30618581,0.02282,5650.0,-0.20412,0.829,0.928,0.9
TrES-4 b,TrES-4,18.04649,247.9074,0.099,0.0,1778.0,2276.295,3.55395,0.05084,6200.0,0.72552,1.66,1.08,2.2
TrES-5 b,TrES-5,13.383546,568.9157,1.31,0.0,1480.0,442.993,1.48224686,0.02459,5171.0,-0.34382,0.868,0.901,7.4
UCAC3 113-933 b,UCAC3 113-933,12.1,6674.396547,20.7,,,,,6100.0,3864.0,-1.19385,0.564484,0.61,0.55
UCAC4 328-061594 b,UCAC4 328-061594,12.1,6674.396547,20.7,,,,,19000.0,,,,1.19,0.4
UKIRT-2017-BLG-001L b,UKIRT-2017-BLG-001L,13.7,407.0,0.87,,,,,4.18,,,,0.81,
USco CTIO 108 b,USco CTIO 108,12.3,4449.62,13.1,,,,,670.0,2700.0,-1.95,0.345365,0.06,0.003
USco1556 b,USco1556 A,12.3,4767.45,14.1,,2240.0,,,3500.0,3410.0,-1.09,0.668108,0.33,0.0075
USco1621 b,USco1621 A,12.2,5085.28,15.4,,2270.0,,,2880.0,3460.0,-1.02,0.710071,0.36,0.0075
UZ For b,UZ For,,2002.2,,0.04,,,5840.0,5.9,5286.9,,,0.7,
UZ For c,UZ For,,2447.2,,0.05,,,1916.25,2.8,5286.9,,,0.7,
V0391 Peg b,V0391 Peg,13.1,1017.056,2.49,0.0,,,1170.0,1.7,29300.0,1.43287,0.23,0.5,10.0
V1298 Tau b,V1298 Tau,9.41,13.1,0.09,0.0079,666.0,33.2,24.140006,0.1685,4970.0,-0.02045,1.32,1.1,0.02
V1298 Tau c,V1298 Tau,5.08,4.7,0.2,0.0094,953.0,146.0,8.249164,0.0824,4970.0,-0.02045,1.32,1.1,0.02
V1298 Tau d,V1298 Tau,6.53,6.0,0.12,0.0087,831.0,85.0,12.401394,0.1081,4970.0,-0.02045,1.32,1.1,0.02
V1298 Tau e,V1298 Tau,10.17,15.3,0.08,0.0124,527.0,10.0,48.677714,0.2689,4970.0,-0.02045,1.32,1.1,0.02
V2376 Ori b,V2376 Ori,87.20586985,6356.56814,0.0527,,2100.0,,,71.0,,,,0.45,0.007
V830 Tau b,V830 Tau,14.0,222.481,0.446,0.0,,,4.927,0.057,4250.0,0.08,2.0,1.0,0.0022
VHS J125601.92-125723.9 b,VHS J125601.92-125723.9,13.67495645,5085.254512,10.9,0.68,1194.0,,5800000.0,350.0,2620.0,-3.14,,0.07,0.14
WASP-1 b,WASP-1,16.623,271.415,0.348,0.0,1812.0,2121.5175,2.5199454,0.03889,6110.0,0.44091,1.47,1.24,3.4
WASP-10 b,WASP-10,12.106,1001.12,4.14,0.0473,1370.0,174.0323,3.0927616,0.03781,4675.0,-0.64029,0.698,0.75,7.0
WASP-100 b,WASP-100,14.90797,400.4658,0.53,0.0,2190.0,5502.8822,2.84938,0.04574,6900.0,0.76571,1.57,0.77,1.57
WASP-101 b,WASP-101,16.02887,162.0933,0.24,0.0,1560.0,1089.171,3.58572,0.05057,6380.0,0.42052,1.31,1.41,1.14
WASP-102 b,WASP-102,14.90794433,197.68926915,0.32,0.0,1671.0,1293.0,2.709813,0.041,5990.0,0.35701,1.375,1.08,0.67
WASP-103 b,WASP-103,17.127,473.547,0.55,0.0,2508.0,,0.925542,0.01985,6110.0,0.413,1.436,1.22,4.0
WASP-104 b,WASP-104,12.745,404.263,1.074,0.0,1516.0,867.7365,1.7554137,0.02918,5475.0,-0.18964,0.963,1.076,3.0
WASP-105 b,WASP-105,10.76064,572.094,2.65,0.0,900.0,166.5368,7.87288,0.075,5070.0,-0.02427,0.9,0.89,
WASP-106 b,WASP-106,12.10569916,613.40882551,1.86,0.023,1140.0,327.8307,9.28969,0.0901,6002.0,0.42198,1.47,1.175,2.5
WASP-107 b,WASP-107,10.53646,30.5,0.134,0.06,736.0,51.0,5.7214742,0.055,4425.0,-0.87943,0.67,0.683,3.4
WASP-107 c,WASP-107,13.2,115.0,0.275,0.28,,,1088.0,,4425.0,-0.87943,0.67,0.683,3.4
WASP-108 b,WASP-108,15.13212395,283.50293904,0.477431,0.0,1589.0,1360.1641,2.67555212374,,6783.0,0.31716,1.34415,1.167,4.64
WASP-11 b,WASP-11,12.44199,251.0857,0.632,0.0,992.0,184.988,3.72247,0.0435,4800.0,0.0,0.89,1.42,7.6
WASP-110 b,WASP-110,13.19297028,154.78243421,0.396533,0.0,1158.0,279.0,3.7784022,,5392.0,-0.229,0.853,0.814,11.0
WASP-113 b,WASP-113,15.793481,150.96925,0.228,0.0,1496.0,821.405,4.54216874538,0.05885,5890.0,0.51621,1.608,1.318,6.2
WASP-114 b,WASP-114,15.008851,562.24127,0.97,0.012,2043.0,2978.2048,1.5487743,0.02851,5940.0,0.33294,1.43,1.289,4.3
WASP-116 b,WASP-116,13.67495645,203.41018048,0.43,0.0,1414.0,663.0,6.6132,0.065,6250.0,0.49624,1.426,1.25,1.7
WASP-117 b,WASP-117,11.88154,95.349,0.3445,0.3,1001.0,211.7917,10.02165,0.09459,6040.0,0.27413,1.22,1.29,4.6
WASP-118 b,WASP-118,16.14096,163.36462,0.233,0.0,1729.0,6586.47,4.0460435,0.05453,6410.0,0.65885,1.696,1.32,1.17
WASP-119 b,WASP-119,15.6926,390.9309,0.7,0.058,1600.0,907.8624,2.49979,0.0363,5650.0,0.07465,1.2,1.02,8.0
WASP-12 b,WASP-12,22.02564708,467.2101,0.266,0.0447,2601.0,8220.584,1.091418901,0.0234,6265.0,0.59711,1.69,1.325,3.05
WASP-120 b,WASP-120,15.58048317,1541.4755,2.334107,0.057,1749.0,1818.5489,3.61126721,0.0514,6450.0,0.67509,1.68443,1.393,0.7
WASP-121 b,WASP-121,19.52604438,371.85923619,0.275,0.0,2409.0,6216.41,1.27492504,0.02571,6628.0,0.64372,1.461,1.33,1.11
WASP-123 b,WASP-123,15.13212395,285.72917,0.490693,0.0,1500.0,758.324,2.97764359,0.04263,5740.0,0.16234,1.285,1.166,6.9
WASP-124 b,WASP-124,13.89916,190.698,0.43,0.017,1400.0,748.0,3.37265,0.0449,6050.0,0.14934,1.02,1.07,2.1
WASP-126 b,WASP-126,10.51358773,90.3,0.41,0.18,1480.0,759.3374,3.28883,0.0449,5800.0,0.15879,1.27,1.12,6.4
WASP-126 c,WASP-126,9.38,64.2,0.427,0.05,,,7.63,,5800.0,0.15879,1.27,1.12,6.4
WASP-127 b,WASP-127,14.694999,52.346601,0.097,0.0,1400.0,703.971,4.17806203,0.0484,5620.0,0.27574,1.333,0.95,11.41
WASP-129 b,WASP-129,10.42437,317.83,1.6,0.096,1100.0,345.7201,5.748145,0.0628,5900.0,0.11182,0.9,1.0,1.0
WASP-13 b,WASP-13,13.67498,114.4188,0.222,0.0,1531.0,617.309,4.35301,0.05362,5950.0,0.43636,1.37,0.72,5.0
WASP-130 b,WASP-130,9.97601,390.9309,2.34,0.0,833.0,56.355,11.55098,0.1012,5625.0,-0.03215,0.96,1.04,2.0
WASP-131 b,WASP-131,13.74221034,86.76715511,0.196277,0.0,1460.0,995.3724,5.3220125,0.0608,5990.0,0.53005,1.561,1.06,7.0
WASP-132 b,WASP-132,10.09929161,136.0305582,0.73,0.0163,682.0,58.5,7.1335164,0.0674,4686.0,-0.57512,0.758,0.789,7.2
WASP-132 c,WASP-132,1.841,6.26,5.47,0.0,1329.0,791.0,1.01153624,0.01833,4686.0,-0.57512,0.758,0.789,7.2
WASP-132 d,WASP-132,12.8,1639.99458012,4.3,0.12,107.0,0.0363,1816.6,2.71,4686.0,-0.57512,0.758,0.789,7.2
WASP-133 b,WASP-133,13.56289,368.6828,0.88,0.17,1790.0,2054.7956,2.176423,0.0345,5700.0,0.30545,1.44,1.16,6.8
WASP-135 b,WASP-135,14.5717,603.877,1.16,0.0,1403.66,917.4101,1.4013794,0.0243,5675.0,-0.32573,0.96,0.98,0.6
WASP-136 b,WASP-136,16.81347105,479.92089457,0.583527,0.0,1630.0,1843.4633,5.21536178778,0.0661,6250.0,0.82265,2.39014,1.41,3.62
WASP-138 b,WASP-138,12.21781,387.7526,1.2,,1590.0,1133.73,3.634433,0.0494,6272.0,0.43503,1.36,1.22,3.44
WASP-139 b,WASP-139,8.9672,37.18611,0.31,0.0,910.0,120.7076,5.924262,0.062,5310.0,-0.34535,0.8,0.92,0.5
WASP-14 b,WASP-14,15.46842,2809.6172,2.25,0.09,1872.0,1356.33,2.24375,0.037,6475.0,0.42732,1.4,1.62,0.75
WASP-140 b,WASP-140,14.23540549,775.5052,1.578175,0.047,1270.0,491.326,2.23598448,0.0323,5300.0,-0.29437,0.87,0.9,0.5
WASP-141 b,WASP-141,13.56289,854.9627,1.98,0.0,1540.0,1061.5542,3.310651,0.0469,5900.0,0.31468,1.37,1.25,5.0
WASP-142 b,WASP-142,17.14977,266.9772,0.31,0.0,2000.0,3140.9238,2.052868,0.0347,6010.0,0.51325,1.64,1.33,2.0
WASP-144 b,WASP-144,9.52765,139.8452,0.95,0.0,1260.0,775.8849,2.2783152,0.0316,5200.0,-0.12928,0.81,0.81,8.71
WASP-145 A b,WASP-145 A,10.0881,282.8687,1.6,0.0,1200.0,313.4012,1.7690381,0.0261,4900.0,-0.68352,0.68,0.76,6.99
WASP-147 b,WASP-147,12.498035,87.40325,0.263,0.0,1404.0,639.4923,4.60273,0.0549,5702.0,0.28685,1.429,1.044,8.47
WASP-148 b,WASP-148,8.47398941,91.21675281,0.831,0.208,940.0,72.699,8.803809,0.08215,5555.0,-0.13906,0.912,0.954,3.6
WASP-148 c,WASP-148,13.9,124.58873554,0.255,0.1809,590.0,,34.524,0.2044,5555.0,-0.13906,0.912,0.954,3.6
WASP-149 b,WASP-149,15.24421375,314.96795134,0.49,0.0,1855.0,1966.0,1.332813,0.024,5750.0,0.04343,1.08,1.05,0.6
WASP-15 b,WASP-15,15.80469,171.6282,0.263,0.0,1676.0,1237.7366,3.7521,0.05165,6300.0,0.49,1.48,1.18,2.4
WASP-150 b,WASP-150,11.99363,2688.8418,8.54,0.3775,1460.0,854.7074,5.644207,0.0694,6218.0,0.55826,1.651,1.394,2.95
WASP-151 b,WASP-151,13.30506009,100.43377661,0.250651,0.0,1312.0,460.0,4.5334775,0.055,5871.0,0.14485,1.181,1.081,5.5
WASP-153 b,WASP-153,17.37395,123.9537,0.15,0.009,1700.0,1400.0,3.332609,0.048,5914.0,0.45958,1.73,1.336,4.0
WASP-154 b,WASP-154,10.76062147,198.96058278,0.88,0.0,994.0,162.0,3.811678,0.044,4774.0,-0.50063,0.823,0.8,
WASP-155 b,WASP-155,13.45077684,276.8285425,0.62,0.0,1468.0,771.0,3.110413,0.043,5660.0,0.14142,1.24,1.09,1.7
WASP-156 b,WASP-156,6.02802815,41.8,1.05,0.0,934.5,150.0,3.8361623,0.0458,4987.0,-0.41794,0.8268,0.8712,5.6
WASP-157 b,WASP-157,11.19,182.43442,0.64,0.0,1193.0,,3.951623,0.0499,5772.0,0.07934,1.1,1.06,1.6
WASP-158 b,WASP-158,11.99363,886.7457,3.1,0.0,1590.0,903.013,3.656333,0.0517,6350.0,0.48338,1.39,1.38,1.93
WASP-159 b,WASP-159,15.46842,174.8065,0.28,0.0,1850.0,1599.92,3.840401,0.0538,6120.0,0.678,2.11,1.41,3.4
WASP-16 b,WASP-16,13.67498,394.1092,0.572,0.0,1389.0,481.917,3.1186,0.0415,5700.0,0.01005,1.14,1.78,8.6
WASP-160 B b,WASP-160 B,12.21781,88.35674,0.284,0.0,1119.0,210.575,3.7684952,0.0452,5298.0,-0.31796,0.868,0.87,9.75
WASP-161 b,WASP-161,12.811887,791.3967,2.2,,1557.0,990.0,5.4060425,0.0673,6400.0,0.64738,1.712,1.39,
WASP-162 b,WASP-162,11.209,1652.716,6.9,0.434,910.0,121.918,9.62468,0.0871,5300.0,0.05436,1.11,0.95,12.97
WASP-163 b,WASP-163,13.473218,594.3421,1.42,,1638.0,1200.0,1.6096884,0.0266,5500.0,-0.07572,1.015,0.97,
WASP-164 b,WASP-164,12.643752,676.9779,1.96,0.0,1610.0,1043.2122,1.7771255,0.02818,5806.0,-0.06732,0.932,0.946,4.08
WASP-165 b,WASP-165,14.12334,209.13214,0.44,0.0,1624.0,1373.5324,3.465509,0.04823,5599.0,0.42831,1.75,1.248,4.77
WASP-166 b,WASP-166,7.06167,32.10083,0.54,0.0,1270.0,440.0,5.44354,0.0641,6050.0,0.2826,1.22,1.19,2.1
WASP-167 b,WASP-167,17.71022,2542.64,,,2329.0,3208.41,2.0219596,0.0365,7000.0,0.89734,1.79,1.59,1.29
WASP-168 b,WASP-168,16.8135,133.4886,0.16,0.0,1340.0,278.886,4.153658,0.0519,6000.0,0.15518,1.12,1.08,3.96
WASP-169 b,WASP-169,14.616536,178.30263,0.33,0.0,1604.0,1486.8579,5.6114118,0.0681,6110.0,0.78882,2.011,1.337,3.802
WASP-17 b,WASP-17,20.96083,247.9074,0.082,0.0,1755.0,1292.19,3.73543,0.0515,6550.0,0.61272,1.49,2.28,2.65
WASP-170 b,WASP-170,12.285064,508.528,1.6,,1422.0,680.0,2.34478022,0.0337,5600.0,-0.11351,0.938,0.93,
WASP-171 b,WASP-171,10.98482,344.52772,1.5,0.0,1642.0,1200.24,3.8186244,0.0504,5965.0,0.67172,1.637,1.171,5.908
WASP-172 b,WASP-172,17.59813,149.3801,0.16,0.0,1740.0,1506.5,5.477433,0.0694,6900.0,0.93444,1.91,1.49,1.79
WASP-173 A b,WASP-173 A,13.4508,1172.7927,2.84,0.0,1880.0,1920.0,1.38665318,0.0248,5800.0,0.08279,1.11,1.05,6.78
WASP-174 b,WASP-174,16.10730527,104.88337431,0.135,0.0,1528.0,901.9,4.2337005,0.05503,6399.0,0.43616,1.347,1.24,2.2
WASP-175 b,WASP-175,13.540472,314.6517,0.74,0.0,1571.0,649.429,3.0652907,0.04403,6229.0,0.78882,1.204,1.212,1.745
WASP-176 b,WASP-176,16.869545,271.74465,0.31,0.0,1721.0,1703.2413,3.899052,0.0535,5941.0,0.61653,1.925,1.345,4.81
WASP-177 b,WASP-177,17.71022,161.45764,0.172,,1142.0,279.7736,3.071722,0.03957,5017.0,-0.41167,0.885,0.876,9.7
WASP-178 b,WASP-178,20.28829,527.5978,0.37,0.0,2470.0,5550.0,3.3448285,0.0558,9360.0,1.21484,1.67,2.07,0.43
WASP-18 b,WASP-18,13.89913607,3241.8497514,6.6,0.0051,2429.0,5805.0,0.94145223,0.02024,6432.0,0.42813,1.319,1.294,1.57
WASP-18 c,WASP-18,8.58,55.2,0.48,0.015,,,2.1558,0.035,6400.0,0.38999,1.23,1.22,1.0
WASP-180 A b,WASP-180 A,13.89916,286.047,0.61,0.0,1540.0,918.3877,3.409264,0.048,6600.0,0.31533,1.19,1.3,1.2
WASP-181 b,WASP-181,13.271456,95.03117,0.237,,1186.0,382.4492,4.5195064,0.05427,5839.0,0.04879,0.965,1.04,2.5
WASP-182 b,WASP-182,9.52765,47.03884,0.318,0.0,1479.0,756.261,3.3769848,0.0451,5638.0,0.15545,1.34,1.076,5.952
WASP-183 b,WASP-183,16.47723,159.55066,0.21,,1111.0,268.7176,4.1117771,0.04632,5313.0,-0.20873,0.871,0.784,14.9
WASP-184 b,WASP-184,14.90797,181.1631,0.32,0.0,1480.0,669.018,5.1817,0.0627,6000.0,0.50133,1.65,1.23,4.7
WASP-185 b,WASP-185,14.01125,311.4734,0.66,0.24,1160.0,662.3252,9.38755,0.0904,5900.0,0.41219,1.5,1.12,6.6
WASP-186 b,WASP-186,12.44199,1341.2426,3.821,0.33,1378.4,853.1355,5.026799,0.06,6361.0,0.50022,1.47,1.22,3.1
WASP-187 b,WASP-187,18.38276,254.264,0.224,0.0,1760.0,1594.76,5.147878,0.0653,6150.0,0.96727,2.83,1.54,2.55
WASP-188 b,WASP-188,14.81827249,458.6263913,0.78,0.0,1666.0,1278.0,5.748916,0.072,6850.0,0.74277,1.83,1.5,
WASP-189 b,WASP-189,18.14733975,632.47852993,0.621987,0.0,3353.0,,2.724033,0.05053,8000.0,1.31471,2.36,2.03,0.73
WASP-19 b,WASP-19,15.86070769,366.77398168,0.506,0.0126,2113.0,3320.0,0.78883852,0.01652,5616.0,-0.04335,1.006,0.965,6.4
WASP-190 b,WASP-190,12.89035,317.83,0.815,0.0,1500.0,747.132,5.367753,0.0663,6400.0,0.69146,1.6,1.35,
WASP-192 b,WASP-192,13.78707,731.009,1.62,0.0,1620.0,471.142,2.8786765,0.0408,5910.0,0.28203,1.32,1.09,5.7
WASP-193 b,WASP-193,14.78464554,35.59678158,0.06,0.081,1250.0,402.0,6.2463475,0.0668,6080.0,0.26007,1.213,1.018,6.8
WASP-194 b,WASP-194,15.47960235,373.13054982,0.55,0.0,1693.0,1365.0,3.183387,0.047,6405.0,0.48157,1.409,1.29,0.75
WASP-195 b,WASP-195,10.31226224,33.05415433,0.16,0.0,1522.0,890.0,5.051928,0.063,6300.0,0.5414,1.578,1.3,0.6
WASP-197 b,WASP-197,14.44837612,403.32424848,0.74,0.0,1665.0,1276.0,5.167228,0.065,6050.0,0.77067,2.112,1.36,2.6
WASP-2 b,WASP-2,12.116929,295.89973,0.914,0.0054,1311.0,492.0,2.152175,0.03144,5180.0,-0.31336,0.866,0.895,8.2
WASP-20 b,WASP-20,15.46839337,98.841,0.156491,0.0,1362.0,259.864,4.89964477,0.05999,5940.0,0.239,1.242,1.2,7.0
WASP-21 b,WASP-21,11.99,95.345,0.32,0.0,1333.0,705.0438,4.322482,0.052,5800.0,0.30426,1.06,1.01,12.0
WASP-22 b,WASP-22,13.78707,212.9461,0.444,0.02,1502.0,837.7034,3.53269,0.047,6000.0,0.245,1.24,1.46,3.0
WASP-23 b,WASP-23,10.783,280.95,1.17,0.062,1076.55,317.4314,2.9444256,0.0376,5150.0,-0.37679,0.765,0.78,6.2
WASP-24 b,WASP-24,15.46842,394.1092,0.622,0.0,1772.0,934.465,2.34121,0.03651,6075.0,0.33131,1.42,1.43,3.8
WASP-25 b,WASP-25,13.80946422,179.25522155,0.399185,0.0,1217.0,341.0,3.7648337,0.0473,5697.0,-0.143,0.884,0.962,1.9
WASP-26 b,WASP-26,13.56289,270.1555,0.703,0.0,1650.0,1225.5264,2.7566,0.04,6034.0,0.28725,1.22,0.86,6.0
WASP-28 b,WASP-28,13.66374747,282.54945382,0.651163,0.0,1456.0,695.65,3.40883495,0.0442,6084.0,0.15,1.083,0.993,5.5
WASP-29 b,WASP-29,8.63093,73.1009,0.65,0.03,970.0,235.573,3.92273,0.0457,4800.0,-0.52509,0.79,0.77,14.0
WASP-3 b,WASP-3,15.91678,772.3269,0.89,0.0,2020.0,1845.3,1.84683,0.0315,6400.0,0.43416,1.44,1.62,2.1
WASP-31 b,WASP-31,17.363,151.916,0.172,0.0,1423.7,970.9417,3.4059096,0.04659,6302.0,0.33572,1.252,1.163,1.0
WASP-32 b,WASP-32,10.76064,835.8929,3.24,0.0,1388.0,616.33,2.71866,0.0394,6140.0,0.19345,0.95,0.72,2.22
WASP-33 b,WASP-33,17.855937,665.21819,0.689,0.0,2781.7,9392.0471,1.21987,0.0239,7430.0,0.81944,1.444,1.495,
WASP-34 b,WASP-34,11.209,177.9848,0.412,0.04,1250.0,229.962,4.31768,0.0524,5700.0,0.0393,0.91,0.96,7.8
WASP-35 b,WASP-35,14.5717,225.6593,0.378,0.0,1338.29,758.1026,3.16158,0.04317,5990.0,0.1443,1.08,1.05,5.0
WASP-36 b,WASP-36,14.874343,750.39663,1.26,0.0,1733.0,1422.6075,1.53736596,0.02677,5959.0,0.00087,0.985,1.081,1.4
WASP-37 b,WASP-37,13.002,572.07,1.53,0.0,1232.5,545.3338,3.577469,0.0446,5800.0,-0.021,1.003,0.925,11.0
WASP-38 b,WASP-38,13.78707,1093.3352,2.3,0.03,1250.0,,6.87188,0.07522,6180.0,0.45294,1.52,1.76,3.29
WASP-39 b,WASP-39,14.336311,89.31023,0.167,0.0,1166.0,316.269,4.0552941,0.04828,5485.0,-0.12792,0.939,0.913,8.5
WASP-4 b,WASP-4,15.12091496,381.3940884,0.647184,0.0053,1653.0,1188.6219,1.338230994,0.02261,5436.0,-0.17897,0.912,0.899,7.0
WASP-41 b,WASP-41,12.3299,270.1555,0.742,0.0,1244.0,344.149,3.0524,0.04022,5545.0,-0.19512,0.83,0.81,1.2
WASP-41 c,WASP-41,13.1,1010.6994,2.47,0.294,241.0,,421.0,1.07,5545.0,-0.19512,0.87,0.93,1.2
WASP-42 b,WASP-42,12.576498,167.49641,0.464,0.062,1021.0,137.118,4.9816819,0.0561,5315.0,-0.36094,0.892,0.951,4.4
WASP-43 b,WASP-43,10.424,565.714,2.939,0.0,1426.7,680.8953,0.813475,0.0142,4400.0,-0.82509,0.6,0.58,7.0
WASP-44 b,WASP-44,12.3299,276.5121,0.811,0.0,1337.0,533.0,2.423804,0.03453,5420.0,-0.19777,0.906,0.935,10.3
WASP-45 b,WASP-45,10.603714,306.38812,1.418,0.0,1153.0,294.0,3.126089,0.03963,5150.0,-0.33555,0.855,0.85,12.7
WASP-46 b,WASP-46,13.159366,607.0553,1.467,0.0,1636.0,1281.2408,1.43036763,0.02335,5600.0,-0.11113,0.858,0.828,9.6
WASP-47 b,WASP-47,12.86,374.0,0.993,0.0006,1275.0,409.0,4.159151,0.052,5565.0,0.03167,1.156,1.058,6.5
WASP-47 c,WASP-47,,447.0,,0.264,247.0,0.549,589.57,1.393,5565.0,0.03167,1.156,1.058,6.5
WASP-47 d,WASP-47,3.65,15.5,1.8,0.001,885.0,145.0,9.030501,0.085,5565.0,0.03167,1.156,1.058,6.5
WASP-47 e,WASP-47,1.83,9.0,6.29,0.0,1992.0,3740.0,0.78961,0.01673,5565.0,0.03167,1.156,1.058,6.5
WASP-48 b,WASP-48,16.8135,254.264,0.415,0.0,2035.0,3410.2601,2.14363,0.03444,5920.0,0.58013,1.58,0.88,7.9
WASP-49 b,WASP-49,12.44199,117.5971,0.288,0.0,1400.0,615.4709,2.78174,0.0379,5600.0,-0.05339,0.97,0.92,11.9
WASP-5 b,WASP-5,12.184,502.15,1.64,0.038,1706.0,1559.4762,1.6284279,0.0267,5700.0,0.06717,1.029,0.96,5.4
WASP-50 b,WASP-50,13.069694,466.828704,1.325,0.009,1394.84,690.3398,1.9551,0.0293,5400.0,-0.19792,0.843,0.892,7.0
WASP-52 b,WASP-52,14.24,146.2,0.29,0.0,1315.0,605.7625,1.7497798,0.0272,5000.0,-0.35366,0.79,0.87,0.4
WASP-53 b,WASP-53,12.038466,677.61356,2.28,0.03,1053.0,241.6656,3.3098443,0.04101,4953.0,-0.46344,0.798,0.839,
WASP-53 c,WASP-53,,5196.5205,,0.8369,,,2840.0,3.73,4953.0,-0.46344,0.798,0.839,
WASP-54 b,WASP-54,17.71022,187.5197,0.167,0.07,1759.0,1639.1072,3.69364,0.04988,6100.0,0.57477,1.76,1.08,6.9
WASP-55 b,WASP-55,14.72860064,186.2474465,0.342159,0.0,1342.0,504.0,4.465631,0.0558,6096.0,0.16259,1.09,1.071,3.05
WASP-56 b,WASP-56,10.53646,143.0235,0.583,0.0,1216.0,447.82,4.6171,0.05614,5600.0,0.10256,0.96,0.71,6.2
WASP-57 b,WASP-57,11.76945,204.68252,0.693,0.0,1338.0,702.385,2.83891856,0.03769,5600.0,-0.00509,0.927,0.886,2.6
WASP-58 b,WASP-58,16.02887,308.2951,0.45,0.0,1270.0,404.7112,5.01718,0.0562,5800.0,0.16,1.22,1.06,12.8
WASP-59 b,WASP-59,8.687,274.276,2.4,0.1,670.0,38.0328,7.919585,0.0697,4650.0,-0.79407,0.613,0.719,0.5
WASP-6 b,WASP-6,12.5428494,148.42586607,0.440298,0.054,1167.0,288.0,3.3610026,0.04217,5438.0,-0.29675,0.79,0.854,3.2
WASP-60 b,WASP-60,9.86392,174.8065,0.378,0.0,1479.0,925.4935,4.305,0.05548,5900.0,0.34748,1.17,1.19,1.7
WASP-61 b,WASP-61,15.80469,851.7844,1.423,0.0,1624.4,1062.0298,3.8559,0.0521,6250.0,0.42541,1.55,1.82,2.7
WASP-62 b,WASP-62,14.79588,165.2716,0.262,0.0,1475.3,653.252,4.41195,0.0571,6230.0,0.3456,1.23,1.11,2.6
WASP-63 b,WASP-63,15.80469,117.5971,0.173,0.0,1469.91,1103.2708,4.37808,0.0574,5550.0,0.44936,1.86,1.28,8.3
WASP-64 b,WASP-64,14.247,403.945,0.823,0.0,1689.0,1563.6374,1.5732918,0.02648,5400.0,-0.022,1.058,1.004,1.2
WASP-65 b,WASP-65,12.464,492.62,1.5,0.0,1480.0,957.0053,2.3114243,0.0334,5600.0,0.05497,1.01,0.93,8.0
WASP-66 b,WASP-66,15.6926,746.9005,1.144,0.0,1569.7,1434.7739,4.08605,0.0546,6600.0,0.63724,1.76,1.33,3.7
WASP-67 b,WASP-67,12.89035,136.6669,0.388,0.0,1003.0,188.1062,4.61442,0.05179,5200.0,-0.29441,0.88,0.91,12.6
WASP-68 b,WASP-68,14.79588,343.2564,0.665,0.0,1490.0,843.4794,5.0843,0.06206,5910.0,0.505,1.79,1.49,5.7
WASP-69 b,WASP-69,11.21,82.58,0.291,0.0,971.0,180.5564,3.86813881,0.0453,4792.0,-0.48149,0.801,0.83,1.8
WASP-7 b,WASP-7,14.90797,305.1168,0.55,0.034,1487.0,612.686,4.9546416,0.0617,6400.0,0.53682,1.432,1.276,2.4
WASP-70 A b,WASP-70 A,13.047,187.512,0.499,0.0,1387.0,649.1548,3.7130203,0.04853,5763.0,0.1624,1.215,1.106,9.5
WASP-71 b,WASP-71,13.22662,441.7837,1.1,0.0,2016.1,3384.6097,2.90367,0.046,6050.0,0.76845,1.82,0.76,3.0
WASP-72 b,WASP-72,14.45961,731.009,0.87,0.0,2210.0,6233.7915,2.21673,0.03711,6250.0,0.724,2.18,2.78,3.2
WASP-73 b,WASP-73,15.91678,908.9938,1.596,0.0,1790.0,2242.3605,4.08722,0.05512,6030.0,0.79502,2.55,2.52,4.3
WASP-74 b,WASP-74,15.24424,228.8376,0.3697,0.0,1865.0,531.159,2.13775,0.03443,5990.0,0.39971,1.42,0.98,3.49
WASP-75 b,WASP-75,14.235,340.06,0.69,0.0,1710.0,1657.0,2.484193,0.0375,6100.0,0.30426,1.26,1.14,3.5
WASP-76 b,WASP-76,20.78145022,284.13859586,0.17,0.0,2228.0,4104.0,1.80988198,0.033,6329.0,0.65418,1.756,1.458,1.816
WASP-77 A b,WASP-77 A,13.56,529.31142902,1.33,0.01353,1674.0,1440.0,1.360029395,0.023233633,5617.0,-0.12901,0.91,0.903,6.2
WASP-78 b,WASP-78,21.63337,352.7913,0.131,0.0,2469.7,4812.6238,2.17518,0.03488,6100.0,0.76274,2.46,1.87,2.8
WASP-79 b,WASP-79,17.14974047,270.15414595,0.13,0.0,1716.2,1645.9887,3.662392,0.0519,6600.0,0.66447,1.51,1.39,1.4
WASP-8 b,WASP-8,12.66617,807.2882,2.1,0.31,1059.0,209.118,8.15872,0.0801,5600.0,-0.05754,1.03,1.34,3.0
WASP-8 c,WASP-8,12.5,3003.37,8.45,0.0,,,4323.0,5.28,5690.0,-0.05754,0.96,1.04,3.0
WASP-80 b,WASP-80,11.197791,170.99254,0.717,0.002,825.0,72.442,3.06785234,0.0344,4143.0,-1.03998,0.586,0.577,7.0
WASP-81 b,WASP-81,16.017661,231.69807,0.332,0.066,1623.0,1034.0911,2.7164762,0.03908,5870.0,0.24551,1.283,1.08,
WASP-82 b,WASP-82,18.15858,371.8611,0.354,0.0,2190.0,3557.29,2.70579,0.0447,6480.0,0.79422,2.1,1.48,
WASP-83 b,WASP-83,11.65736,95.349,0.35,0.0,1120.0,238.875,4.971252,0.059,5510.0,-0.04966,1.05,1.11,5.0
WASP-84 b,WASP-84,10.72,220.0,0.98,0.0,732.0,34.6952,8.52349648,0.0778,5280.0,-0.325,0.768,0.853,2.1
WASP-84 c,WASP-84,1.95,15.2,11.2,,1329.0,1452.18,1.4468849,0.02359,5280.0,-0.325,0.768,0.853,2.1
WASP-85 A b,WASP-85 A,13.89916,402.05495,0.88,0.0,1452.0,640.3258,2.6556777,0.039,6112.0,-0.07144,0.935,1.09,
WASP-87 b,WASP-87,15.524465,692.8694,1.02,0.0,2049.54,4170.0965,1.682795,0.02946,6450.0,0.53683,1.627,1.204,
WASP-88 b,WASP-88,16.36514,133.4886,0.141,0.0,1772.0,1489.5543,4.954,0.06431,6430.0,0.72351,1.8,0.94,3.0
WASP-89 b,WASP-89,11.65736,1875.197,7.0,0.193,1120.0,278.8533,3.3564227,0.0427,5130.0,-0.34333,0.88,0.92,1.3
WASP-90 b,WASP-90,18.27067,200.2329,0.193,0.0,1840.0,1704.4939,3.916243,0.0562,6430.0,0.63014,1.98,1.55,4.4
WASP-91 b,WASP-91,11.54527,425.8922,1.59,0.0,1160.0,332.5562,2.798581,0.037,4920.0,-0.3827,0.86,0.84,
WASP-92 b,WASP-92,16.376349,255.85315,0.346,0.0,1871.0,1622.2528,2.1746742,0.0348,6280.0,0.27461,1.341,1.19,2.29
WASP-93 b,WASP-93,17.900773,467.2101,0.479,0.0,1942.0,2531.1336,2.7325321,0.04211,6700.0,0.61784,1.524,1.334,0.7
WASP-94 A b,WASP-94 A,17.71022,158.915,0.118,0.0,1604.0,1009.38,3.95019,0.055,6170.0,0.50992,1.48,1.67,2.7
WASP-94 B b,WASP-94 B,14.1,196.411,0.385,0.0,,,2.00839,0.0335,6040.0,0.35112,1.35,1.24,4.0
WASP-95 b,WASP-95,13.78707,457.6752,0.84,0.0,1570.0,1362.1381,2.18467,0.03416,5830.0,0.17781,1.23,1.46,2.4
WASP-96 b,WASP-96,13.45,152.55,0.37,0.0,1285.0,517.0,3.4252602,0.0453,5540.0,0.03226,1.05,1.06,8.0
WASP-97 b,WASP-97,12.77826,432.2488,1.21,0.0,1555.0,1414.87,2.07276,0.03303,5640.0,0.07149,1.08,1.18,4.8
WASP-98 b,WASP-98,12.823096,293.03926,0.764,0.0,1171.0,269.8828,2.96264036,0.03762,5473.0,-0.3578,0.741,0.809,2.7
WASP-99 b,WASP-99,11.43318,772.3269,2.79,0.0,1480.0,828.8268,5.75251,0.0717,6150.0,0.5433,1.64,1.21,3.0
WD 0806-661 b,WD 0806-661,12.6,2542.627256,6.98,,340.0,,,2500.0,9552.0,,,0.62,2.1
WD 1856+534 b,WD 1856+534,10.4,4386.054,21.4,0.0,163.0,0.181,1.4079405,0.0204,4710.0,-4.12,0.0131,0.518,7.93
WISE J033605.05-014350.4 b,WISE J033605.05-014350.4,12.6,2622.08435775,7.2,,325.0,,2560.0,0.97,415.0,,,0.0131,3.0
WISEP J121756.91+162640.2 A b,WISEP J121756.91+162640.2 A,10.468,6992.0,33.5,,450.0,,,8.0,575.0,-6.09,0.091,0.029,6.0
WISPIT 1 b,WISPIT 1,12.4,3305.4154328,9.53,,,,,338.0,4670.0,-0.32014,1.1161,0.72,0.0156
WISPIT 1 c,WISPIT 1,12.8,1684.4905571,4.41,,,,,840.0,4670.0,-0.32014,1.1161,0.72,0.0156
WISPIT 2 b,WISPIT 2,17.93436912,1541.46777395,1.47,,,,,57.0,4400.0,-0.15552,1.418,1.08,0.0051
WTS-1 b,WTS-1,16.7,1274.44,1.61,0.1,1500.0,,3.352057,0.047,6250.0,0.08842,1.15,1.2,2.55
WTS-2 b,WTS-2,15.277867,355.9696,0.54,0.0,2000.0,2544.6509,1.0187068,0.01855,5000.0,-0.28812,0.752,0.82,0.6
Wendelstein-1 b,Wendelstein-1,11.5609626,188.15536,0.72,0.012,2198.0,113.6142,2.663416,0.0282,4251.0,-0.9377,0.61,0.65,
Wendelstein-2 b,Wendelstein-2,12.9934728,232.33373,0.62,0.057,2470.0,282.3101,1.7522239,0.0234,4591.0,-0.83411,0.66,0.73,
Wolf 1061 b,Wolf 1061,1.21,1.91,5.92,0.15,,7.34,4.8869,0.0375,3342.0,-1.9914,0.307,0.294,
Wolf 1061 c,Wolf 1061,1.66,3.41,4.1,0.11,,1.3,17.8719,0.089,3342.0,-1.9914,0.307,0.294,
Wolf 1061 d,Wolf 1061,2.69,7.7,2.17,0.55,,0.06,217.21,0.47,3342.0,-1.9914,0.307,0.294,
Wolf 1069 b,Wolf 1069,1.08,1.26,5.5,,250.1,0.652,15.564,0.0672,3158.0,-2.53106,0.1813,0.167,
Wolf 327 b,Wolf 327,1.24,2.53,7.24,0.0,996.0,233.9,0.5734745,0.01,3542.0,-1.62986,0.406,0.405,4.1
Wolf 503 b,Wolf 503,2.043,6.26,2.92,0.41,790.0,69.6,6.00127,0.05706,4716.0,-0.67572,0.689,0.688,11.0
XO-1 b,XO-1,12.77826,263.7989,0.64,0.0,1210.0,321.85,3.94153,0.0488,5750.0,-0.08628,0.88,0.88,0.9
XO-2 N b,XO-2 N,11.130537,179.89178,0.715,0.028,1328.0,428.036,2.61586178,0.0368,5340.0,-0.08823,0.99,0.971,7.8
XO-2 S b,XO-2 S,10.9,82.6358,0.351,0.18,,,18.157,0.13,5399.0,-0.12302,1.0,0.98,7.1
XO-2 S c,XO-2 S,13.6,435.409,0.951,0.1528,,,120.8,0.4756,5399.0,-0.12302,1.02,0.982,7.1
XO-3 b,XO-3,14.79585452,4217.58296089,7.16,0.2791,1890.0,1161.72,3.19152309,0.04815,6970.0,0.69197,1.523,1.449,0.97
XO-4 b,XO-4,14.01125,451.3186,0.83,0.0,1630.0,1112.27,4.12508,0.05524,6397.0,0.53558,1.45,1.1,2.1
XO-5 b,XO-5,12.78,378.2,1.06,0.0,1230.0,397.4799,4.1877558,0.0515,5430.0,-0.06,1.13,1.04,8.5
XO-6 b,XO-6,23.20263,1398.452,0.62,0.0,1577.0,580.386,3.7650007,0.0815,6720.0,0.53614,1.93,1.47,1.88
XO-7 b,XO-7,15.389957,225.34147,0.34,0.038,1743.0,1540.0,2.8641424,0.04421,6250.0,0.43132,1.48,1.405,1.18
YZ Cet b,YZ Cet,0.913,0.7,5.05,0.06,471.2,8.21,2.02087,0.01634,3151.0,-2.65857,0.157,0.142,3.8
YZ Cet c,YZ Cet,1.05,1.14,5.41,0.0,410.3,4.72,3.05989,0.02156,3151.0,-2.65857,0.157,0.142,3.8
YZ Cet d,YZ Cet,1.03,1.09,5.48,0.07,356.7,2.7,4.65626,0.02851,3151.0,-2.65857,0.157,0.142,3.8
ZTF J1230-2655 b,ZTF J1230-2655,13.78704626,7024.0077947,,,,,0.23597766,,10000.0,-2.86,0.0123,0.646,
ZTF J1828+2308 b,ZTF J1828+2308,11.13051784,6356.56814,25.3,,,,0.1120067,,15900.0,-2.0,0.0131,0.61,
alf Ari b,alf Ari,13.4,572.07,1.31,0.25,,,380.8,1.2,4553.0,1.934,13.9,1.5,
alf Tau b,alf Tau,12.7,2056.3601,5.52,0.1,,,628.96,1.46,4055.0,2.672,45.1,1.13,6.6
b Cen AB b,b Cen A,12.4,3464.3296363,9.98,0.4,,,1790000.0,556.0,,,,5.5,0.015
bet Cnc b,bet Cnc,12.6,2479.0,6.81,0.08,,,605.2,1.7,4092.1,2.9,47.2,1.7,1.85
bet Pic b,bet Pic,18.49485,3727.8093857,3.24,0.106,1612.0,,8617.50952,10.018,8038.68,0.95282,1.54416,1.795,0.0165
bet Pic c,bet Pic,12.5,3222.46221857,9.07,0.314,1250.0,,1192.77951,2.68,8038.68,0.95282,1.54416,1.795,0.0165
bet UMi b,bet UMi,12.7,1938.7,5.2,0.19,,,522.3,1.4,4126.0,2.73,38.3,1.4,2.95
eps CrB b,eps CrB,12.7,2129.461,5.71,0.11,,,417.9,1.3,4406.0,2.23521,21.0,1.7,1.74
eps Eri b,eps Eri,14.1,209.76674862,0.411,0.07,,,2671.0,3.53,5020.38,-0.41928,0.759106,0.82,0.6
eps Ind A b,eps Ind A,12.7,2005.49724817,5.38,0.4,275.0,,16510.0,28.4,4760.0,-0.6216,0.679,0.76,3.5
eps Tau b,eps Tau,12.7,2285.18624633,6.13,0.076,,,585.82,1.878,4877.0,1.89271,12.35,2.57,
gam Cep b,gam Cep,12.7,2097.6674862,5.63,0.15,,,913.0,2.13,4775.0,1.073,4.74,1.27,5.7
gam Lib b,gam Lib,13.7,357.87478628,0.765,0.16,,,414.88,1.319,4879.0,1.8973,12.38,1.78,2.82
gam Lib c,gam Lib,12.8,1662.56039702,4.36,0.065,,,966.49,2.318,4879.0,1.8973,12.38,1.78,2.82
gam Psc b,gam Psc,13.6,425.89006538,0.93,0.204,,,555.1,1.32,4742.0,1.76649,11.2,0.99,
gam1 Leo b,gam1 Leo,12.5,2790.43,7.85,0.144,,,428.5,1.19,4330.0,2.51,31.88,1.23,2.412
iot Dra b,iot Dra,12.4,3756.73177074,10.8,0.701,,,510.8544,1.453,4504.0,1.72247,11.79,1.54,2.65
iot Dra c,iot Dra,12.2,4958.1231492,15.0,0.455,,,25000.0,19.4,4504.0,1.72247,11.79,1.54,2.65
kap And b,kap And,12.3,4327.36,12.8,,1900.0,,,55.0,10900.0,1.83,2.31229,2.6,0.03
kap CrB b,kap CrB,13.4,591.1638,1.35,0.04,,,1253.68,2.5,4840.0,1.03583,4.68,1.33,3.42
mu Leo b,mu Leo,13.3,762.8,1.78,0.09,,,357.8,1.1,4538.2,1.797,11.4,1.5,3.35
mu2 Sco b,mu2 Sco,12.3,4576.7290608,13.5,0.56,,,,242.4,21700.0,3.8,5.6,9.1,0.02
nu Oct A b,nu Oct A,13.3,696.04421133,1.63,0.195,,,402.4,1.24,4910.0,1.12057,5.04,1.57,2.7
nu Oph b,nu Oph,12.0,7057.73298,22.4,0.126,,,529.93,1.765,4887.0,1.89476,12.24,2.61,0.65
nu Oph c,nu Oph,12.0,7838.32346,24.9,0.179,,,3180.6,5.829,4887.0,1.89476,12.24,2.61,0.65
ome Ser b,ome Ser,14.0,233.92170755,0.468,0.18,,,278.59,0.838,4724.0,1.73384,10.99,1.01,
omi CrB b,omi CrB,13.7,355.96781584,0.761,0.105,,,187.01,0.699,4769.0,1.82197,11.87,1.3,7.827
omi UMa b,omi UMa,13.0,1160.39151396,2.9,0.149,,,1569.81,3.691,5075.0,2.06266,13.84,2.72,
pi Men c,HD 39091,2.0189,3.63,2.8,0.0,1169.8,309.0,6.2678399,0.06839,5998.0,0.15836,1.17,1.07,2.98
pi Men d,HD 39091,3.72,13.38,1.43,0.22,,,124.64,0.506,5998.0,0.15957,1.19,1.07,3.92
psi1 Dra B b,psi1 Dra B,13.5,486.2799,1.09,0.4,,,3117.0,4.43,6212.0,0.32579,1.255735,1.19,3.3
rho CrB b,rho CrB,13.7,347.38644885,0.742,0.038,614.0,34.7,39.8438,0.2245,5817.0,0.26007,1.34,0.95,10.2
rho CrB c,rho CrB,5.78,28.2,0.802,0.096,448.1,9.85,102.19,0.4206,5817.0,0.26007,1.34,0.95,10.2
rho CrB d,rho CrB,4.94,21.6,0.985,0.0,,,282.2,0.827,5817.0,0.26007,1.34,0.95,10.2
rho CrB e,rho CrB,1.77,3.79,3.76,0.126,,,12.949,0.1061,5817.0,0.26007,1.34,0.95,10.2
tau Boo b,tau Boo,12.8,1891.0,4.95,0.011,,,3.3124568,0.049,6466.27,0.50548,1.42588,1.32,2.0
tau Cet e,tau Cet,1.81,3.93,3.64,0.18,,,162.87,0.538,5310.0,-0.30539,0.83,0.783,12.12
tau Cet f,tau Cet,1.81,3.93,3.64,0.16,,,636.13,1.334,5310.0,-0.30539,0.83,0.783,12.12
tau Cet g,tau Cet,1.18,1.75,5.85,0.06,,,20.0,0.133,5310.0,-0.30539,0.83,0.783,12.12
tau Cet h,tau Cet,1.19,1.83,5.97,0.23,,,49.41,0.243,5310.0,-0.30539,0.83,0.783,12.12
tau Gem b,tau Gem,12.1,6547.0,20.3,0.031,,,305.5,1.17,4388.0,2.51895,26.8,2.3,1.22
ups And b,ups And,14.0,218.531,0.438,0.0215,,,4.617033,0.05922166,6156.77,0.52541,1.56,1.3,5.0
ups And c,ups And,12.3,4443.24112986,13.1,0.2596,,,241.258,0.827774,6156.77,0.52541,1.56,1.3,5.0
ups And d,ups And,12.5,3257.74117175,9.17,0.2987,,,1276.46,2.51329,6156.77,0.52541,1.56,1.3,5.0
ups Leo b,ups Leo,14.2,162.09248757,0.311,0.32,,,385.2,1.18,4836.0,1.80003,11.22,1.48,
xi Aql b,xi Aql,13.4,616.90493799,1.41,0.059,,,136.97,0.625,4841.0,1.76745,10.86,1.74,7.1
