pl_name,hostname,pl_rade,pl_dens,pl_orbeccen,pl_eqt,pl_orbsmax,st_teff,st_mass,st_age,LSS
14 Her b,14 Her,2.6100697927420065,2.0831845279586703,0.316998126785834,5.630709863766875,1.3281354469463584,5338.0,0.91,1.589235205116581,0.38756679895901086
24 Sex b,24 Sex,2.667228206581955,0.8919980393051105,0.0861776962410523,6.408858226081421,0.8471549930392929,5098.0,1.54,1.308332819650179,0.33857214428939464
24 Sex c,24 Sex,2.7013612129514133,0.4440445900756395,0.2546422183735807,6.436576559588328,1.1249295969854831,5098.0,1.54,1.308332819650179,0.36416806577705635
47 UMa b,47 UMa,2.653241964607215,1.0715836162801904,0.0314986670593709,5.556480510963286,1.1314021114911006,5872.0,1.06,2.012232791986386,0.7218778684330605
47 UMa c,47 UMa,2.7212954278522306,0.2844267797311083,0.0934903430873388,5.432629704155631,1.5260563034950494,5872.0,1.06,2.012232791986386,0.42238434804595837
51 Peg b,51 Peg,2.72785282839839,0.2429461786103894,0.0129162252665463,7.133631094261324,0.051358292275142,5758.0,1.03,2.3978952727983707,0.2116109448735089
55 Cnc B b,55 Cnc B,0.9895411936137476,1.6054298910365616,0.0,6.048978453308589,0.0430594894604469,3286.0,0.26,2.3978952727983707,0.5455654480064368
55 Cnc B c,55 Cnc B,1.1505720275988207,1.358409157630355,0.0,5.723683136362538,0.1222176327242492,3286.0,0.26,2.3978952727983707,0.7997286489002148
55 Cnc b,55 Cnc,2.7013612129514133,0.4317824164255378,0.0028958031120255,6.55250788703459,0.1115413747329074,5198.0,1.015,2.3978952727983707,0.28717228195418765
55 Cnc c,55 Cnc,2.252343876557299,0.3960879462955674,0.0843411484337508,6.250675769034069,0.2207406666978994,5198.0,1.015,2.3978952727983707,0.3336071827040012
55 Cnc e,55 Cnc,1.0560526742493137,2.0360119837525,0.048790164169432,7.580189417944541,0.0153220160977846,5172.0,0.905,1.871802176901592,0.3810382579059321
55 Cnc f,55 Cnc,2.150598735996164,0.4466070514393395,0.0610950993598108,5.8206762261277,0.5888971591861462,5198.0,1.015,2.3978952727983707,0.6227127266421107
6 Lyn b,6 Lyn,2.667228206581955,0.8628899551470399,0.0411419433311751,6.003220178118836,1.1079023355752025,4941.0,1.32,1.2098554674840916,0.43913506476900155
61 Vir b,61 Vir,1.1346227261911428,1.3812818192963463,0.1133286853070031,6.994922393843995,0.0489815744207495,5577.0,0.942,2.298577071596507,0.31523957411075476
61 Vir c,61 Vir,1.6974487897568138,0.7561219797213337,0.1310282624064041,6.281967636746464,0.1967995759746077,5577.0,0.942,2.298577071596507,0.3363557335779871
61 Vir d,61 Vir,1.809926773183504,0.664233170395303,0.300104592450338,5.894953646727139,0.3893357261782807,5577.0,0.942,2.298577071596507,0.4004595138143041
7 CMa b,7 CMa,2.667228206581955,0.8501509293696101,0.0582689081239757,5.87245576052578,1.01450577937111,4826.0,1.34,1.667706820558076,0.42522742919659007
7 CMa c,7 CMa,2.7013612129514133,0.4485245975686113,0.0769610411361283,5.9070497959656185,1.1483543805629235,4826.0,1.34,1.667706820558076,0.46128985455003296
70 Vir b,70 Vir,2.6100697927420065,2.020222182019865,0.3356147262070837,6.05553264511394,0.3927175352856617,5495.0,1.09,2.171336806384092,0.31717923358292943
AT2021ueyL b,AT2021ueyL,2.681021528714291,0.6575200029167942,0.3140294127857213,5.812337881210547,1.6114359150967734,3680.0,0.49,2.0149030205422647,0.28163789390475163
AU Mic b,AU Mic,1.600754357261709,0.8415671856782186,0.005753417307513,6.398594934535208,0.062880898039201,3678.0,0.51,0.0199006617063361,0.2932825010512981
AU Mic c,AU Mic,1.2590348760420451,0.7975071958841881,0.0033743006389494,6.131226489483141,0.1050804764505074,3678.0,0.51,0.0199006617063361,0.3685035380589566
AU Mic d,AU Mic,0.7030975114131134,1.864080130807681,0.0030453581859601,6.695056985529466,0.0971267107307227,3678.0,0.51,0.0199006617063361,0.4473523182289136
AU Mic e,AU Mic,1.769854633840005,0.6931471805599453,0.1447062209992586,6.1758880599104415,0.0971267107307227,3665.0,0.6000000000000001,0.0183309566847234,0.2995294960029657
BD+05 4868 A b,BD+05 4868 A,1.3453561970918029,1.269760544863939,0.1169827154856143,7.507141079727608,0.0205866336083883,4596.0,0.7,2.4932054526026954,0.2288904389656375
BD+14 4559 b,BD+14 4559,2.694627180770069,0.5253200699164432,0.2546422183735807,5.2321241438132375,0.5766133643039938,4864.0,0.49,1.8811430303627408,0.6558106745629091
BD+20 594 b,BD+20 594,1.2748235488973907,2.1849270495258133,0.0,6.304448802421981,0.2159175062224701,5766.0,1.6699999999999997,1.4678743481123135,0.4647636411552964
BD+45 564 b,BD+45 564,2.681021528714291,0.6647477060382473,0.1133286853070031,6.108803039525215,0.6043159668533296,5004.0,0.81,1.8586389980676,0.637680991211479
BD+55 362 b,BD+55 362,2.70805020110221,0.3770656335864664,0.2390169004704999,6.084954890195321,0.5766133643039938,5012.0,0.909,1.911466578592803,0.5973992543108995
BD-06 1339 b,BD-06 1339,1.3453561970918029,1.269760544863939,0.0,6.857303735486039,0.0419094030772096,4324.0,0.7,1.6863989535702286,0.3057483721269004
BD-06 1339 c,BD-06 1339,2.238579763018133,0.4021262068426497,0.2700271372130601,5.985949366419872,0.3611648492115844,4324.0,0.7,1.6863989535702286,0.6046704042616544
BD-08 2823 b,BD-08 2823,1.3453561970918029,1.269760544863939,0.1397619423751586,6.428428322275518,0.0582689081239757,4816.0,0.5,1.7047480922384253,0.33956294069066895
BD-08 2823 c,BD-08 2823,2.602689685444384,0.2569650997897204,0.173953307123438,5.861612093167793,0.5187937934151676,4746.0,0.74,1.7047480922384253,0.6320126856269599
BD-10 3166 b,BD-10 3166,2.714694743820879,0.3133498192003587,0.0198026272961797,7.165184308262897,0.0392207131532812,5393.0,1.4700000000000002,0.2231435513142097,0.18829009086049825
BD-11 4672 b,BD-11 4672,2.714694743820879,0.3400373027857091,0.048790164169432,6.267617918735807,1.2119409739751128,4550.0,0.651,2.128231705849268,0.28254380912006305
BD-11 4672 c,BD-11 4672,1.6174060820832772,0.8241754429663495,0.3364722366212129,5.586948988035406,0.262364264467491,4550.0,0.651,2.128231705849268,0.6158427999988713
BD-14 3065 b,BD-14 3065 A,3.117507330479912,1.1474024528375415,0.0639133257436528,7.601901959875166,0.0635380208039876,6935.0,1.41,1.175573329804238,0.193074919875674
BD-17 63 b,BD-17 63,2.624668592163159,1.667706820558076,0.4343116826657439,5.281679725395013,0.8501509293696101,4714.0,0.7410000000000001,1.667706820558076,0.3225102153479228
BD-210397 b,BD-210397,2.70805020110221,0.3569748989477302,0.0953101798043248,4.445236148071766,1.289232648276759,4051.0,0.679,1.9740810260220096,0.2810697404734113
BEBOP-3 b,BEBOP-3,2.7212954278522306,0.2926696139628199,0.2207406666978994,6.421784856214322,0.8936360413093489,6033.0,1.083,1.8219653112851208,0.5149500699066724
Barnard b,Barnard's star,0.5423242908253616,1.6863989535702286,0.0295588022415444,6.084499413075172,0.0226417304808246,3195.0,0.162,1.747459210331475,0.5103769491630737
Barnard c,Barnard's star,0.5556077665378838,1.7029282555214391,0.0769610411361283,5.993961427306569,0.0270313390510304,3195.0,0.162,1.850971328859901,0.5302624868477929
Barnard d,Barnard's star,0.5270925962298626,1.6714733033535532,0.0392207131532812,6.182084906716632,0.0186254641231648,3195.0,0.162,1.8332212590356487,0.4822130888217858
Barnard e,Barnard's star,0.4928652983889978,1.62924053973028,0.0392207131532812,5.831882477283517,0.0373921192170626,3195.0,0.162,2.048595661508734,0.6069256440208972
CD Cet b,CD Cet,1.0367368849500225,1.5260563034950494,0.126553352635154,6.142037405587356,0.0183309566847234,3130.0,0.161,1.3862943611198906,0.46819145023650255
CI Tau c,CI Tau,2.639057329615259,1.3506671834767394,0.4574248470388754,6.510689795052304,0.1570037488096646,3807.0,0.9,0.0024968801985871,0.19228478289653683
CoRoT-1 b,CoRoT-1,2.873564639579784,0.3220834991691133,0.0,7.549082710812286,0.027148131919012,5950.0,0.95,0.9555114450274363,0.2104019222967895
CoRoT-10 b,CoRoT-10,2.4740142086215764,1.547562508716013,0.4252677354043441,6.398594934535208,0.1002977213153639,5075.0,0.89,1.3862943611198906,0.2690063060856712
CoRoT-11 b,CoRoT-11,2.834976494674597,0.688134638736401,0.0,7.41336733569524,0.0426762742804363,6440.0,1.27,1.0986122886681096,0.214060163507295
CoRoT-12 b,CoRoT-12,2.8414149131696336,0.3442986728706769,0.0676586484738148,7.274479558773871,0.0393745474740215,5675.0,1.078,1.9878743481543453,0.20994139662481742
CoRoT-13 b,CoRoT-13,2.3905959703167587,1.205970806988609,0.0,7.438971592395862,0.049742091894814,5945.0,1.09,0.9688831819933256,0.2138755099926615
CoRoT-14 b,CoRoT-14,2.5817308344235403,2.1162555148025524,0.0,7.577121930876679,0.0266419309464211,6035.0,1.13,1.6486586255873816,0.2180460621295825
CoRoT-16 b,CoRoT-16,2.646883765864722,0.3646431135879092,0.2851789422336624,6.956450200520896,0.059965581167434,5650.0,1.098,2.0451088625993306,0.19758830689283313
CoRoT-17 b,CoRoT-17,2.52011290552262,1.3402504226184837,0.0,7.394493107219038,0.0450689633675781,5740.0,1.04,2.4595888418037104,0.20382339481198664
CoRoT-18 b,CoRoT-18,2.7523860149222616,1.1631508098056809,0.0769610411361283,7.346655163176539,0.029073247485707,5440.0,0.95,0.4700036292457356,0.17948018008712877
CoRoT-19 b,CoRoT-19,2.738256043159276,0.5364933705145685,0.0459289318883998,7.601402334583733,0.0505029821731067,6090.0,1.21,1.791759469228055,0.20893295048804003
CoRoT-2 b,CoRoT-2,2.8583075976423187,0.904218150639886,0.0141987193998129,7.327780538421631,0.0275957115907991,5625.0,0.96,1.308332819650179,0.21919691381606896
CoRoT-21 b,CoRoT-21,2.7454551642145693,0.8586616190375187,0.0,7.675946850261909,0.040853994008266,6200.0,1.29,1.62924053973028,0.21591990781320058
CoRoT-22 b,CoRoT-22,1.7715567619105357,0.2223432311434406,0.0741793981742515,6.786716950605081,0.0880108773227133,5939.0,1.099,1.4586150226995167,0.25135350970818093
CoRoT-23 b,CoRoT-23,2.547098670044448,1.3862943611198906,0.1484200051182732,7.415175109613295,0.0468835858988504,5900.0,1.14,2.1041341542702074,0.19383948421366445
CoRoT-24 b,CoRoT-24,1.547562508716013,0.6418538861723948,0.0,6.976348070447749,0.0544881852840697,4950.0,0.91,2.4849066497880004,0.23956291356298565
CoRoT-24 c,CoRoT-24,1.791759469228055,0.832909122935104,0.0,6.746412128573375,0.0934903430873388,4950.0,0.91,2.4849066497880004,0.2792974874994908
CoRoT-25 b,CoRoT-25,2.5733752977756086,0.1397619423751586,0.0,7.193685818395112,0.0561912796497424,6040.0,1.09,1.7047480922384253,0.22378667871149477
CoRoT-26 b,CoRoT-26,2.716018370751387,0.2468600779315258,0.0,7.378383712996714,0.0512632939375415,5590.0,1.09,2.26176309847379,0.2175724792930533
CoRoT-27 b,CoRoT-27,2.5085417928854343,2.6100697927420065,0.0629747991613884,7.313886831633462,0.0465018336514197,5900.0,1.05,1.6505798557652755,0.21117358457553737
CoRoT-28 b,CoRoT-28,2.4599814997462244,0.5247285289349821,0.0459289318883998,7.200240547596188,0.0585518869496154,5150.0,1.01,2.5649493574615367,0.18836133018568252
CoRoT-29 b,CoRoT-29,2.405872461165897,0.8960880245566356,0.0788111804242897,7.036714736219429,0.0378736524280815,5260.0,0.97,1.7047480922384253,0.2177070028187868
CoRoT-30 b,CoRoT-30,2.510402273212188,1.4929040961781488,0.0069756137364252,6.965080345601407,0.0810268386423734,5650.0,0.98,1.3862943611198906,0.24420052703902426
CoRoT-31 b,CoRoT-31,2.8544647483576067,0.2851789422336624,0.0198026272961797,7.401597497707714,0.0569472804417501,5700.0,1.25,1.7404661748405044,0.21779164287949704
CoRoT-32 b,CoRoT-32,2.000010001372138,0.7419373447293773,0.0752002325629351,6.844815479208263,0.0685927914656117,5970.0,1.08,0.7508026930481078,0.22739527397180812
CoRoT-35 b,CoRoT-35,2.987250786211827,0.2546422183735807,0.0,7.466227556215481,0.0420052941450301,6390.0,1.01,1.9600947840472696,0.214588702093503
CoRoT-36 b,CoRoT-36,2.821656394923973,0.2231435513142097,0.0,7.357556200910353,0.0639133257436528,6730.0,1.32,1.1314021114911006,0.20986464896284945
CoRoT-4 b,CoRoT-4,2.663052835171474,0.421994410059375,0.0,6.980075940561763,0.0861776962410523,6190.0,1.16,0.6931471805599453,0.21670941220908602
CoRoT-5 b,CoRoT-5,2.806869368716614,0.1963888140053901,0.0861776962410523,7.271703706887368,0.048285274829495,6100.0,1.0,2.066862759472976,0.20407626722138864
CoRoT-6 b,CoRoT-6,2.643902714611736,1.199964782928397,0.0953101798043248,6.925595197110468,0.0820407103362095,6090.0,1.05,1.252762968495368,0.22574188987203897
CoRoT-7 b,CoRoT-7,0.986320399036006,2.3374694948475474,0.0,7.471363088187097,0.0168728494893736,5275.0,0.8200000000000001,1.0296194171811583,0.40238429888524174
CoRoT-7 c,CoRoT-7,1.3428648031925547,1.1118575154181305,0.0,7.001609854453761,0.0449733656427311,5256.0,0.899,1.0296194171811583,0.2797324442769834
CoRoT-7 d,CoRoT-7,1.6695918352538477,0.7793248768009976,0.0801965419942765,6.731495313566778,0.0971267107307227,5250.0,0.915,1.0296194171811583,0.2781352344102713
CoRoT-8 b,CoRoT-8,2.0001277349601105,0.9555114450274363,0.0,6.769641976852503,0.0610950993598108,5080.0,0.8800000000000001,1.3862943611198906,0.273370228931211
CoRoT-9 b,CoRoT-9,2.5610026563957926,0.6205764877251099,0.1248689820458692,6.042632833682381,0.3379711127449488,5625.0,0.96,1.9459101490553128,0.41755847935926493
DMPP-1 b,DMPP-1,1.8389610707123487,0.6423800635062922,0.0797349680188535,6.777646593635117,0.1364521231355,6196.0,1.21,1.1019400787607845,0.2578035136453614
DMPP-1 c,DMPP-1,1.4011829736136412,1.043804052173115,0.0554347068881005,7.122866658599083,0.0707380145053416,6196.0,1.21,1.1019400787607845,0.2519197457034396
DMPP-1 d,DMPP-1,0.9745596399981308,1.62924053973028,0.0676586484738148,7.398174092970465,0.0413338634929772,6196.0,1.21,1.1019400787607845,0.3668601984776924
DMPP-1 e,DMPP-1,1.0508216248317612,1.5107219394949427,0.0676586484738148,7.181591944611865,0.0630686914669829,6196.0,1.21,1.1019400787607845,0.3458093909171368
DMPP-2 b,DMPP-2,2.72785282839839,0.2319050569827825,0.0751074724868054,6.90875477931522,0.0642884898823618,6500.0,1.44,1.0986122886681096,0.22355329523574974
DMPP-3 A b,DMPP-3 A,0.8796267475025636,1.801709800081223,0.1310282624064041,6.75110146893676,0.0641009254065236,5138.0,0.87,2.476538400117484,0.4140197313721349
DMPP-4 b,DMPP-4,1.5107219394949427,0.924258901523332,0.0610950993598108,7.357938780778566,0.0473891832538038,6400.0,1.25,1.1474024528375415,0.23131395373985564
DS Tuc A b,DS Tuc A,1.9021075263969205,1.269760544863939,0.0,6.746412128573375,0.0971267107307227,5428.0,1.01,0.0440168854167743,0.25748818022627046
EPIC 201170410.02,EPIC 201170410,0.7163753066791524,1.873339456220478,0.0,6.385531610263777,0.0343048036919903,3648.0,0.287,1.754403682684286,0.5231950167613272
EPIC 201238110 b,EPIC 201238110,1.0543120297715298,1.5040773967762742,0.0940912553995403,5.96435025461641,0.0971267107307227,3587.0,0.41,1.5432981099295553,0.5534287168616654
EPIC 201427007 b,EPIC 201427007,0.9162907318741552,1.7334238922150915,0.0392207131532812,7.299459471840264,0.0971267107307227,5633.0,0.9300000000000002,2.1730457216390606,0.40326470231561995
EPIC 201497682 b,EPIC 201497682,0.5259112611840315,1.6695918352538477,0.0184291354683671,6.694809552644373,0.0971267107307227,4991.0,0.78,1.9609394975988352,0.43943258193432916
EPIC 201595106 b,EPIC 201595106,0.9419584786227329,2.4932054526026954,0.0,7.620214770574455,0.0175451792157488,5679.0,0.958,1.9459101490553128,0.41287100140400707
EPIC 201615463 c,K2-166,0.7975071958841881,1.9444805562457188,0.0,7.199245092776746,0.0971267107307227,5960.0,1.073,1.883122475242028,0.4247578504593861
EPIC 201754305 d,K2-16,0.708035793053696,1.860974538249528,0.0103779621781354,6.937411163889648,0.0971267107307227,4761.0,0.67,2.2211580942983167,0.45254319028937134
EPIC 201757695.02,EPIC 201757695,0.6461551487810531,1.80005827204275,0.0,6.920651760717157,0.0291703772997798,4520.0,0.727,1.9033008439609624,0.41283104900516365
EPIC 201833600 c,K2-50,0.6931471805599453,1.8468787684491343,0.0168571170664229,6.666689581158936,0.0971267107307227,4326.0,0.611,1.9598130542243049,0.48277291565774166
EPIC 201841433 b,EPIC 201841433,0.712949807856125,1.867176108512809,0.0207825391825284,6.802194743321643,0.0344014267173324,5053.0,0.8019999999999999,1.6674237616327534,0.4463344376607139
EPIC 205950854 c,K2-168,0.8372475245337022,1.8794650496471603,0.0,6.868598563780943,0.0971267107307227,5502.7,0.877,1.6349107084071313,0.4578684396842733
EPIC 206024342 b,EPIC 206024342,0.9932517730102834,1.599387576580599,0.0045894523338072,6.796600229615975,0.0971267107307227,5724.0,0.9280000000000002,0.9858167945227654,0.4151688635901333
EPIC 206024342 c,EPIC 206024342,0.8754687373538999,1.8066480817218056,0.0382587121170903,7.381875423739712,0.0971267107307227,5724.0,0.9280000000000002,2.044202889587127,0.4152153006415211
EPIC 206024342 d,EPIC 206024342,1.2809338454620645,1.184789984909162,0.062880898039201,6.771477260689509,0.0971267107307227,5724.0,0.9280000000000002,2.124653884501384,0.31588937602649725
EPIC 206032309 b,EPIC 206032309,0.6981347220709844,1.854734268389444,0.0536355491659094,6.418658530679712,0.0971267107307227,3489.0,0.221,1.4727013888606295,0.6428070329855492
EPIC 206042996 b,EPIC 206042996,0.9932517730102834,1.599387576580599,0.0,6.3466884387794,0.0971267107307227,4114.0,0.565,1.621959192987772,0.4986091182380867
EPIC 206042996 c,EPIC 206042996,0.7884573603642702,1.9387416595767009,0.1079858664067114,7.097110375673228,0.0971267107307227,4114.0,0.565,1.657465881444682,0.4361707610870666
EPIC 206215704 b,EPIC 206215704,0.6931471805599453,1.8468787684491343,0.0474425899323217,6.119615868066584,0.0971267107307227,3297.0,0.407,1.5564589876432138,0.7939223618843305
EPIC 206317286 b,EPIC 206317286,0.6729444732424258,1.827769906751088,0.0079681696491768,7.058577568716541,0.0971267107307227,4752.0,0.7109999999999999,2.2453796192232662,0.4265956531877481
EPIC 206317286 c,EPIC 206317286,1.1294647521508745,1.3887912413184778,0.009950330853168,6.394760637931307,0.0971267107307227,4752.0,0.8319999999999999,1.6846566959797744,0.4297655063920039
EPIC 211822797 b,EPIC 211822797,1.0715836162801904,1.4770487243883548,0.0582689081239757,6.068425588244111,0.1128821570566724,4057.0,0.62,0.5822156198526637,0.4907128957457007
EPIC 211945201 b,EPIC 211945201,1.9110228900548727,0.2851789422336624,0.0,6.706862336602747,0.1391530613925759,6069.0,1.17,1.6074359097634274,0.27491299895097526
EPIC 212297394 b,EPIC 212297394,0.9082585601768908,1.7457155307266483,0.0280041964095973,7.047517221357296,0.0971267107307227,5171.0,0.83,1.848927142284396,0.42477222473443094
EPIC 212297394 c,EPIC 212297394,1.184789984909162,1.3110318766193438,0.0256677467485777,6.765038976780541,0.0971267107307227,5171.0,0.83,1.891604804197771,0.35874539487479373
EPIC 212424622 b,EPIC 212424622,1.1537315878891892,1.355835153635182,0.0,6.674687646470234,0.0971267107307227,5782.33,1.106,1.7606127402312182,0.3751550411505268
EPIC 212499991 b,EPIC 212499991,0.9555114450274363,1.66392609771817,0.0,6.278269985428318,0.0971267107307227,4982.79,0.912,1.4669522641373451,0.5042612433408161
EPIC 212587672 b,EPIC 212587672,0.8153648132841945,1.9242486522741336,0.0,6.6293632534374485,0.0971267107307227,6004.0,0.99,1.672224900532865,0.4828383703139167
EPIC 212587672 c,EPIC 212587672,1.199964782928397,1.2919836816486496,0.0,6.490723534502507,0.0971267107307227,6004.0,0.99,1.694330379452063,0.3837007417280966
EPIC 212624936 b,EPIC 212624936,0.7884573603642702,1.9387416595767009,0.0073727543294129,7.401719545672716,0.0971267107307227,5765.0,1.0,1.048756556983206,0.42486609561439864
EPIC 212624936 c,EPIC 212624936,1.1939224684724346,1.297463147413275,0.0,6.640006544237807,0.0971267107307227,5765.0,1.0,0.8389776287714851,0.35616175061531574
EPIC 212737443 b,EPIC 212737443,1.2770373751829411,1.1908875647772803,0.1823215567939546,6.285998094508865,0.0934903430873388,4684.0,0.69,2.193116149291676,0.3670709136797333
EPIC 212737443 c,EPIC 212737443,1.3056264580524355,1.1537315878891892,0.1823215567939546,5.75890177387728,0.2468600779315258,4684.0,0.69,1.9074662769400248,0.5730524646514557
EPIC 220492298 b,EPIC 220492298,0.688134638736401,1.8421356765531216,0.0073727543294129,7.3847345219642975,0.0971267107307227,5620.0,0.95,1.53708225024196,0.4146259293028125
EPIC 220554210 c,K2-282,0.9555114450274363,1.66392609771817,0.1216865182565992,7.128568116291393,0.0971267107307227,5499.0,0.94,2.1158940036821483,0.3841324363145808
EPIC 220674823 b,EPIC 220674823,0.984323142265982,2.3115448343655176,0.0,7.7406644019172415,0.0130544190737095,5578.0,0.913,2.1400661634962708,0.4062534008772771
EPIC 220674823 c,EPIC 220674823,1.3454723665996355,1.000631880307906,0.1570037488096647,6.690842277418564,0.1019246197219255,5578.0,0.913,2.1400661634962708,0.29122798648551396
EPIC 228836835 b,EPIC 228836835,0.7419373447293773,1.8961194845522973,0.0317893224894073,6.838405200847344,0.0971267107307227,3782.0,0.418179,2.083059987202547,0.5670064318643491
EPIC 229004835 b,EPIC 229004835,1.2035727243045962,1.7029282555214391,0.2070141693843261,6.690842277418564,0.1166268119317196,5868.0,0.97,1.7749523509116738,0.35670720043096593
EPIC 246851721 b,EPIC 246851721,2.54793301256519,1.410986973710262,0.1712184784492903,7.245655067594535,0.0697965484520865,6202.0,1.3169999999999995,1.3912819026309298,0.18872053164507532
EPIC 249893012 b,EPIC 249893012,1.0818051703517284,2.0001277349601105,0.0582689081239757,7.388327859577107,0.0459289318883998,5430.0,1.05,2.302585092994046,0.3685405154551981
EPIC 249893012 c,EPIC 249893012,1.541159071680806,0.9631743177730056,0.0676586484738148,6.898714534329988,0.1222176327242492,5430.0,1.05,2.302585092994046,0.25991042857567354
EPIC 249893012 d,EPIC 249893012,1.597365331199831,0.6471032420585385,0.1397619423751586,6.6240652277998935,0.1988508587451652,5430.0,1.05,2.302585092994046,0.27603128544696726
G 192-15 b,G 192-15,0.7030975114131134,1.8453002361560848,0.0,6.119417911418443,0.0170832468560534,2999.0,0.132,1.4226262903672808,0.5473999741774361
G 264-012 b,G 264-012,0.8712933659434192,1.8115620965242347,0.004864150814143,6.376726947898627,0.0225341873045799,3326.0,0.297,1.843719208158766,0.49946034977112597
G 264-012 c,G 264-012,1.015230679729059,1.5644405465033646,0.0597706101934732,5.961005339623274,0.0511682865743994,3326.0,0.297,2.0302512974890643,0.5462862470111735
G 268-110 b,G 268-110,0.7561219797213337,1.9154509415706047,0.0,6.282266746896006,0.0127483928221663,5549.0,0.137,2.023400150796211,0.549466453517242
G 9-40 b,G 9-40,1.0647107369924282,1.4350845252893227,0.0,6.090404494962885,0.0409499863289541,3395.0,0.2952,2.388762789235098,0.48626671221697215
GJ 1132 b,GJ 1132,0.7845929257733881,1.9416152247724323,0.0117309228756986,6.371269908435568,0.0155780299633184,3229.0,0.1944999999999999,1.791759469228055,0.5052514878163678
GJ 1132 c,GJ 1132,0.8878912573524571,1.7850704810772584,0.2390169004704999,5.707110264748875,0.0465018336514197,3270.0,0.181,1.791759469228055,0.725636593357327
GJ 1148 b,GJ 1148,2.5572273113676265,0.2738366656297278,0.3220834991691133,6.327690324789256,0.1535790879283006,3287.0,0.3440449999999999,1.6162148967131242,0.5556869816921979
GJ 1148 c,GJ 1148,2.3711778844596574,0.3428802329165431,0.29416103854949,5.809123990133525,0.6481498146292095,3287.0,0.3440449999999999,1.8897932094994203,0.28063342883716286
GJ 1151 c,GJ 1151,1.4469189829363254,0.9932517730102834,0.338470239283886,5.515442845536684,0.4519669417595842,3280.0,0.1639,1.3281619436806376,0.39988252765996757
GJ 1214 b,GJ 1214,1.3172121999324469,1.181727195378616,0.0061808590750811,6.342121418721152,0.0149378723642071,3101.0,0.182,1.3862943611198906,0.3647593395064005
GJ 1252 b,GJ 1252,0.7852704694357512,1.6486586255873816,0.0,6.993932975223189,0.009108392363991,3458.0,0.381,1.589235205116581,0.3896933575795431
GJ 1265 b,GJ 1265,1.289232648276759,1.175573329804238,0.0392207131532812,6.121450599935942,0.0256677467485777,3236.0,0.178,1.7649020150581722,0.42562681399232993
GJ 1289 b,GJ 1289,1.2178757094949273,1.269760544863939,0.0,5.017279836814924,0.2390169004704999,3296.0,0.21,1.6587993419718243,0.3712658381939066
GJ 143 b,GJ 143,1.2837077723447896,2.079441541679836,0.1722712209404532,6.0473721790462776,0.1752130175566597,4640.0,0.73,1.5686159179138452,0.4850549993326574
GJ 15 A b,GJ 15 A,0.9360933591703348,1.6992786164338898,0.0898407039997894,6.311734809152915,0.0695260626486102,3607.0,0.38,1.8074687629332349,0.5397205733124083
GJ 160.2 b,GJ 160.2,1.42791603581071,1.015230679729059,0.0582689081239757,6.650753709527407,0.0516432331518384,4347.0,0.69,1.4813772423665827,0.2998546868453432
GJ 163 b,GJ 163,1.4469189829363254,0.9932517730102834,0.0704584636485614,5.918356075287344,0.0589290675292874,3500.0,0.4,1.9459101490553128,0.40945406190859734
GJ 163 c,GJ 163,1.252762968495368,1.2208299213923592,0.0944006754214843,5.781813930348523,0.1181385280170415,3500.0,0.4,1.9459101490553128,0.6592900267900863
GJ 163 d,GJ 163,1.9344157696295785,0.5760514086836981,0.316998126785834,5.719065098187358,0.7082328179779862,3500.0,0.4,1.9459101490553128,0.3379448111815768
GJ 179 b,GJ 179,2.694627180770069,0.4891933236388768,0.1906203596086497,5.707110264748875,1.2267122912954256,3370.0,0.357,1.7387102481382395,0.3537187788889067
GJ 180 b,GJ 180,1.2325602611778486,1.249901736214336,0.0676586484738148,5.884408149810996,0.0880108773227133,3371.0,0.4299999999999999,1.6601310267496183,0.5815688549122952
GJ 180 c,GJ 180,1.2267122912954256,1.2556160374777745,0.0861776962410523,5.916983428420674,0.1213322851675249,3371.0,0.4299999999999999,1.561717176222689,0.6834201147593051
GJ 180 d,GJ 180,1.297463147413275,1.1662709371419244,0.1310282624064041,5.4646280980696265,0.2692634869277628,3371.0,0.4299999999999999,0.7188149273085231,0.44107446832487185
GJ 2030 b,GJ 2030,1.1085626195212777,1.4182774069729414,0.2143046026470053,7.357747509140379,0.0334347760862373,5485.0,0.96,2.2573785001559665,0.29360926478634364
GJ 229 A c,GJ 229,1.3532545070416904,1.095273387402595,0.3118867611485983,5.734052997674449,0.3249778571954778,3564.0,0.509,0.3364722366212129,0.4044052094993066
GJ 229 b,GJ 229,1.603419840108537,0.8372475245337022,0.3393253056036194,5.643182852527271,0.7352483565785808,3564.0,0.509,0.3364722366212129,0.3506009156633674
GJ 238 b,GJ 238,0.4485245975686113,1.5727739280625088,0.054497654936202,6.6320017773956295,0.0210077831569803,3485.0,0.4193,2.039270376990559,0.38236063900118145
GJ 251 b,GJ 251,1.0260415958332745,1.545432582458188,0.0,5.820082930352362,0.077701507663852,3342.0,0.35,2.0541237336955462,0.6346527747378164
GJ 251 c,GJ 251,1.0296194171811583,1.5390154481375546,0.0,5.37989735354046,0.17898265552844,3342.0,0.35,2.0541237336955462,0.8505967218133639
GJ 27.1 b,GJ 27.1,1.5390154481375546,0.9001613499442714,0.0769610411361283,6.1675164908883415,0.0962188577405429,3542.0,0.53,1.6028160361252135,0.4534764830216381
GJ 273 b,GJ 273,0.9202827531436926,1.724550719534605,0.0953101798043248,5.655292265495767,0.087187278184774,3382.0,0.2899999999999999,1.6806416714404326,0.8565930067943763
GJ 273 c,GJ 273,0.7227059828014898,1.8625285401162623,0.1570037488096647,6.095599311839989,0.0358178144707963,3382.0,0.2899999999999999,1.6759744362343445,0.5325691190296239
GJ 3021 b,GJ 3021,2.6461747973841225,1.2864740258376797,0.4127716832906025,5.860786223465865,0.3987761199573678,5540.0,0.9,0.3148107398400335,0.37536996029270303
GJ 3082 b,GJ 3082,1.332366019094335,1.1216775615991057,0.1988508587451652,6.101067550673927,0.0760346862759976,3910.0,0.4699999999999999,1.7420456286008368,0.39831551239922086
GJ 3090 b,GJ 3090,1.1568811967920856,1.2237754316221157,0.2231435513142097,6.584791392385716,0.0311109950250526,3707.0,0.519,1.3154694553396116,0.32679045984391014
GJ 3090 c,GJ 3090,1.420695787837223,1.0188473201992472,0.0,6.011757250375744,0.0950374153347517,3707.0,0.519,1.425515074273172,0.43473564765506484
GJ 3138 b,GJ 3138,0.7793248768009976,1.9387416595767009,0.173953307123438,6.795688996509263,0.0195084663880429,3717.0,0.6810000000000002,1.254190520486553,0.409297618023515
GJ 3138 c,GJ 3138,1.0577902941478543,1.4951487660319729,0.1043600153242427,6.239300711012564,0.0554347068881005,3717.0,0.6810000000000002,1.731301500190941,0.4500243710324168
GJ 3138 d,GJ 3138,1.4422019930581866,0.9969486348916092,0.2776317365982795,4.907420622615269,0.5294510878891555,3717.0,0.6810000000000002,1.184789984909162,0.28559022473168183
GJ 317 b,GJ 317,2.660259537265861,1.0508216248317612,0.0793655553807404,5.652138241503862,0.7598708126028535,3496.0,0.4019999999999999,1.791759469228055,0.3953666057325318
GJ 328 b,GJ 328,2.660259537265861,1.0508216248317612,0.2045721657287744,4.892977250628023,1.631199404215613,3897.0,0.65,1.7833912195575383,0.26536593218393456
GJ 328 c,GJ 328,1.776645831418007,0.6896410412306576,0.1809038857063337,5.807562742379695,0.5050087384444258,3897.0,0.65,2.0554049638515943,0.3927105107016082
GJ 3293 b,GJ 3293,1.8229350866965048,0.6549259677397475,0.0582689081239757,5.675417293099304,0.1339975339637654,3466.0,0.4199999999999999,1.985542865235778,0.6892907078181439
GJ 3293 c,GJ 3293,1.769854633840005,0.6931471805599453,0.1043600153242427,5.178012403504388,0.3087706372816468,3466.0,0.4199999999999999,1.943048916774281,0.36505037636940396
GJ 3293 d,GJ 3293,1.3001916620664788,1.1600209167967532,0.1133286853070031,5.711095667950426,0.1772587624514921,3466.0,0.4199999999999999,1.4400720668003617,0.7706861888147434
GJ 3293 e,GJ 3293,0.9669838461896731,1.6409365794934714,0.1906203596086497,5.921310287184775,0.0788851148444927,3466.0,0.4199999999999999,1.642872688520338,0.5575612859666558
GJ 3323 b,GJ 3323,0.8020015854720274,1.9401794743463283,0.2070141693843261,5.842993540689164,0.0322929251962621,3159.0,0.164,1.9447666383532345,0.6284551640249353
GJ 3323 c,GJ 3323,0.8415671856782186,1.874874375938561,0.1570037488096647,5.1765451346181255,0.1190267064216409,3159.0,0.164,1.883122475242028,0.5369626542131964
GJ 3341 b,GJ 3341,1.2412685890696329,1.235471471385307,0.2700271372130601,5.98287778617066,0.0852598439508234,3526.0,0.4699999999999999,1.51248638635765,0.4387219038831381
GJ 338 B b,GJ 338 B,1.4469189829363254,0.9932517730102834,0.1034587083682299,5.971261839790462,0.1327811112338184,4014.0,0.64,1.6094379124341005,0.43087450006341554
GJ 341 b,GJ 341,0.6312717768418579,1.269760544863939,0.0,6.4457198193855785,0.0971267107307227,3770.0,0.48,1.4235901458635876,0.4930723728644082
GJ 3470 b,GJ 3470,1.717395053939193,0.5877866649021191,0.0168571170664229,6.387720716130836,0.0348844018535017,3600.0,0.539,0.9745596399981308,0.3121789828531099
GJ 3473 b,GJ 3473,0.8171331603409365,1.7967470107390942,0.0,6.651571873589727,0.0157650755783824,3347.0,0.36,1.5277939233935902,0.45159603240413526
GJ 3473 c,GJ 3473,1.289232648276759,1.175573329804238,0.0,5.799395638859147,0.0839734337761786,3347.0,0.36,1.543725369068719,0.5850096108804085
GJ 357 b,GJ 357,0.7884573603642702,1.88706964903238,0.0424846116061553,6.251903883165888,0.0353671438372913,3505.0,0.342,1.9535948318138605,0.5257419047919937
GJ 357 c,GJ 357,0.9783261227936076,1.6253112615903906,0.0322735605502957,5.996949477338552,0.059211859631846,3505.0,0.342,1.900015787997907,0.5572723331582271
GJ 357 d,GJ 357,1.205970806988609,1.2864740258376797,0.2541769938943827,5.396351106819402,0.1856493468866293,3505.0,0.342,1.14549587456696,0.7376459557566661
GJ 3634 b,GJ 3634,1.3428648031925547,1.1118575154181305,0.0769610411361283,6.54606779321986,0.0282958691548473,3517.0,0.45,1.791759469228055,0.3190699032675645
GJ 367 b,GJ 367,0.530039842689795,2.4159137783010487,0.0582689081239757,7.219642040130735,0.0070649841221179,3522.0,0.455,1.950044448193768,0.35948320875288753
GJ 367 c,GJ 367,1.0508216248317612,1.5107219394949427,0.0861776962410523,6.181526899820068,0.0971267107307227,3522.0,0.455,1.3599503857802886,0.5507334121417383
GJ 367 d,GJ 367,1.2029723039923526,1.2864740258376797,0.1310282624064041,5.791457520257979,0.0971267107307227,3522.0,0.455,1.727398710067665,0.5489295158297838
GJ 3779 b,GJ 3779,1.3217558399823195,1.1346227261911428,0.0676586484738148,6.214428082220247,0.0256677467485777,3324.0,0.27,1.672224900532865,0.37129755356449795
GJ 3929 b,GJ 3929,0.7371640659767197,2.1162555148025524,0.0,6.343880434126331,0.0248877155077789,3384.0,0.313,2.091864061678393,0.5118169763312569
GJ 3929 c,GJ 3929,1.181727195378616,1.3137236682850553,0.0,5.762051382780177,0.0778865386570712,3384.0,0.313,2.091864061678393,0.6629273680212637
GJ 393 b,GJ 393,0.7747271675523681,1.927164106234258,0.1045762081691016,6.186208623900494,0.0526114252712095,3579.0,0.426,1.776138088325098,0.5294058532419597
GJ 3942 b,GJ 3942,1.2725655957915476,1.1969481893889715,0.1142211440900228,6.3818160174060985,0.059023340449461,3867.0,0.63,1.316408233655724,0.35562016295060417
GJ 3988 b,GJ 3988,1.007957920399979,1.578978704949392,0.0,5.855071922202427,0.039701366851552,3273.0,0.1842,1.8514424713892288,0.6138978810589679
GJ 3998 b,GJ 3998,0.8712933659434192,1.8115620965242347,0.0,6.50413846173159,0.0295588022415444,3726.0,0.52,2.238579763018133,0.47691525376371907
GJ 3998 c,GJ 3998,1.252762968495368,1.2237754316221157,0.0,5.968451772798909,0.0861776962410523,3726.0,0.52,2.238579763018133,0.4547005540530959
GJ 3998 d,GJ 3998,1.205970806988609,1.2809338454620645,0.0,5.6724293969981785,0.1731126177086447,3726.0,0.52,2.238579763018133,0.7484869178928284
GJ 411 b,GJ 411,0.8960880245566356,1.766441661243765,0.0610950993598108,5.860301775655642,0.0758400426817062,3719.0,0.3899,2.2024332110436045,0.6120613637537714
GJ 414 A b,GJ 414 A,1.289232648276759,1.1939224684724346,0.371563556432483,5.735281141715572,0.2089634877403758,4120.0,0.65,2.5952547069568657,0.5302567255106103
GJ 414 A c,GJ 414 A,2.2407096892759584,0.4047982191204606,0.0998453349697161,4.8338981155962015,0.8754687373538999,4120.0,0.65,2.5952547069568657,0.2565872342571166
GJ 422 b,GJ 422,1.4655675420143983,0.9745596399981308,0.1043600153242427,5.958166261706468,0.1052605106574929,3323.0,0.35,1.6350471779405198,0.6181098103124749
GJ 4274 b,GJ 4274,0.9282193027394288,1.715598108262491,0.0185076715557396,6.355065451117447,0.0151841353250399,3228.0,0.18,0.1133286853070031,0.45276086938377025
GJ 4274 c,GJ 4274,1.3428648031925547,1.1085626195212777,0.1712016255581765,5.074423533843123,0.1705863005755337,3228.0,0.18,0.1133286853070031,0.2723717596825146
GJ 4276 b,GJ 4276,1.6524974018945473,0.7929925155296614,0.3148107398400335,5.9667875593955415,0.0788111804242897,3387.0,0.406,2.066862759472976,0.4042817411464149
GJ 433 b,GJ 433,1.2029723039923526,1.289232648276759,0.0392207131532812,6.310154613933397,0.060153922819747,3461.0,0.48,1.91368207318486,0.4403223272098006
GJ 433 d,GJ 433,1.144222799920162,1.3686394258811698,0.0676586484738148,5.780403951974222,0.1638180852293949,3461.0,0.48,1.7884205679625405,0.7874917751731267
GJ 436 b,GJ 436,1.6428726885203375,1.0296194171811583,0.1295095659108073,6.532334292222349,0.0286846338599089,3586.11,0.4699999999999999,1.9459101490553128,0.2952591550071544
GJ 463 b,GJ 463,2.6461747973841225,1.2919836816486496,0.1362776182925478,5.55209099074863,1.5107219394949427,3563.0,0.486,1.836525675110032,0.40199158024485593
GJ 480 b,GJ 480,1.545432582458188,0.8919980393051105,0.0953101798043248,6.021477129870716,0.0657877405380031,3381.0,0.45,1.495372956146128,0.3929889251617412
GJ 486 b,GJ 486,0.8281150409704297,2.0360119837525,0.000859630411882,6.547215734226965,0.0169947673758618,3317.0,0.312,1.6094379124341005,0.47791307097491453
GJ 514 b,GJ 514,1.1410330045520618,1.3762440252663892,0.371563556432483,5.313205979041787,0.352064331381049,3728.0,0.51,0.5877866649021191,0.542632528114369
GJ 536 b,GJ 536,1.2267122912954256,1.252762968495368,0.0,6.113682179832232,0.0646635133257221,3641.0,0.528,1.6486586255873816,0.4277939621705511
GJ 536 c,GJ 536,1.1939224684724346,1.297463147413275,0.0,5.675040005790547,0.149884449537292,3641.0,0.528,1.6486586255873816,0.7008005179684904
GJ 581 b,GJ 581,1.7561322915849038,0.7030975114131134,0.033628180979984,6.152924165734059,0.03912455468405,3500.0,0.295,1.667706820558076,0.3684544230206988
GJ 581 c,GJ 581,1.252762968495368,1.2208299213923592,0.0314986670593709,5.93197990027309,0.0693394780786128,3500.0,0.295,1.667706820558076,0.5202732464228006
GJ 581 e,GJ 581,0.8671004876833832,1.8229350866965048,0.0119285708652738,6.404815149490137,0.0276054393592005,3500.0,0.295,1.667706820558076,0.5043827657179591
GJ 625 b,GJ 625,0.9122827104766162,1.7369512327330598,0.1222176327242492,5.732110746643059,0.0754422958335201,3499.0,0.3,1.895518703518908,0.7186631034362474
GJ 649 b,GJ 649,2.468099531471619,0.3060130291365043,0.0797349680188535,5.743195477013036,0.7476353658440151,3734.0,0.51,0.3646431135879092,0.32908002981198936
GJ 667 C b,GJ 667 C,1.1786549963416462,1.3190856114264409,0.1823215567939546,6.577186582127884,0.0492005561376034,3350.0,0.33,1.0986122886681096,0.3879236820721446
GJ 667 C c,GJ 667 C,1.0188473201992472,1.5623463049002495,0.0198026272961797,6.123369617987921,0.1177830356563834,3350.0,0.33,1.0986122886681096,0.7453523555053181
GJ 667 C e,GJ 667 C,0.8960880245566356,1.769854633840005,0.0198026272961797,5.788154259875543,0.193096629961913,3350.0,0.33,1.0986122886681096,0.7506160424470842
GJ 667 C f,GJ 667 C,0.8960880245566356,1.769854633840005,0.0295588022415444,5.814458836136264,0.1449657702501857,3350.0,0.33,1.0986122886681096,0.857630785540363
GJ 667 C g,GJ 667 C,1.095273387402595,1.43746264769429,0.0769610411361283,5.547752251816315,0.4376095614347316,3350.0,0.33,1.0986122886681096,0.5293030657766561
GJ 674 b,GJ 674,1.4655675420143983,0.9745596399981308,0.1823215567939546,6.195221384622002,0.0382587121170903,3600.0,0.35,0.4382549309311553,0.3153370413998993
GJ 676 A b,GJ 676 A,2.624668592163159,1.7613002617433464,0.2768738737351776,5.53334996225466,1.0061314358739446,3734.0,0.626,2.0096492435937168,0.3826597228049896
GJ 676 A d,GJ 676 A,1.0224509277025458,1.551808799597464,0.175632568643158,6.590850347853453,0.0382587121170903,3734.0,0.626,1.678590771122417,0.389000602256492
GJ 676 A e,GJ 676 A,1.244154593958768,1.2325602611778486,0.1414995622736995,5.893520902777856,0.1663615372152252,3734.0,0.626,1.7732559976634952,0.4911096084496468
GJ 682 b,GJ 682,1.075002423028976,1.4724720573609429,0.0769610411361283,5.878528184832233,0.0769610411361283,3028.0,0.27,1.936970307485839,0.6404539647924558
GJ 682 c,GJ 682,1.358409157630355,1.091923300517313,0.0953101798043248,5.7709332059999525,0.1621188494764351,3028.0,0.27,1.7030557519471587,0.3756917948931396
GJ 685 b,GJ 685,1.3737155789130306,1.075002423028976,0.0,6.038784583549963,0.126103876795726,3816.0,0.55,1.4971646699513144,0.4739569295855796
GJ 687 b,GJ 687,1.6714733033535532,0.7747271675523681,0.1570037488096647,5.852662144227523,0.1510028735365274,3413.0,0.4,1.8941656250594447,0.6243118298643309
GJ 687 c,GJ 687,1.6370530794670737,0.8064758658669486,0.3364722366212129,5.534464010036899,0.7724203614544531,3413.0,0.4,1.822078500221832,0.3924161000007897
GJ 720 A b,GJ 720 A,1.5623463049002495,0.8754687373538999,0.1133286853070031,5.996452088619021,0.1124354293297881,3837.0,0.57,1.5058535961775297,0.4112163341115839
GJ 724 b,GJ 724,1.4516138272405332,0.9895411936137476,0.4555243079809012,6.416732282512326,0.0457856551491332,3799.0,0.5271,1.805004695978076,0.2727403392748977
GJ 740 b,GJ 740,0.9282193027394288,1.7119945007591926,0.2151113796169455,6.721425700790643,0.0285874568519125,3913.0,0.58,1.2172838183856085,0.39691833191069964
GJ 806 b,GJ 806,0.8462973600536201,1.6863989535702286,0.0211742352314064,6.846943139585379,0.0139620750160546,3600.0,0.413,1.791759469228055,0.4093018149069067
GJ 806 c,GJ 806,1.1878434223960523,1.3056264580524355,0.0678829223879608,6.19644412779452,0.0509782447646294,3600.0,0.413,1.791759469228055,0.42254920946369334
GJ 832 b,GJ 832,2.694627180770069,0.5056120567131033,0.048790164169432,4.4173937785111725,1.547562508716013,3472.0,0.45,2.2082744135228043,0.2796788142740896
GJ 849 b,GJ 849,2.7013612129514133,0.4580575582273349,0.0285874568519125,5.574584536184519,1.199964782928397,3467.0,0.45,1.3862943611198906,0.41919282081278597
GJ 86 b,GJ 86,2.631888840136646,1.5260563034950494,0.0392207131532812,6.589613999045648,0.1043600153242427,5182.0,0.9300000000000002,2.509599262378372,0.26985192405504765
GJ 876 b,GJ 876,2.660259537265861,0.9895411936137476,0.0318861888623217,6.118097198041348,0.1892284823057903,3293.74,0.32,0.6931471805599453,0.4620074862769506
GJ 876 c,GJ 876,2.70805020110221,0.3750059006234558,0.227860409427634,6.525176274660674,0.1218547350264371,3293.74,0.32,0.6931471805599453,0.5217745157198953
GJ 876 d,GJ 876,1.2556160374777745,1.2149127443642704,0.1881379421153944,6.963743285940866,0.0205931480856017,3293.74,0.32,0.6931471805599453,0.2421472668765931
GJ 876 e,GJ 876,1.5933085305042167,0.8458682675776092,0.0535407669280298,5.732337537073475,0.2884068097662379,3293.74,0.32,0.6931471805599453,0.37120862398930077
GJ 887 b,GJ 887,1.0296194171811583,1.541159071680806,0.1310282624064041,6.056784013228625,0.0660685999697046,3688.0,0.495,1.3609765531356006,0.4865515972267809
GJ 887 c,GJ 887,1.2325602611778486,1.249901736214336,0.1570037488096647,5.771441123130016,0.1142211440900228,3688.0,0.495,1.3609765531356006,0.5612103031731103
GJ 887 d,GJ 887,1.205970806988609,1.2864740258376797,0.1914464645709552,5.488937726156687,0.1922718876471227,3688.0,0.495,1.3609765531356006,0.7974676434645147
GJ 887 e,GJ 887,0.7514160886839212,1.9035989509835904,0.0510732701840006,6.300785794663244,0.040853994008266,3688.0,0.495,1.3609765531356006,0.5075579046854215
GJ 896 A b,GJ 896 A,2.660259537265861,0.9858167945227652,0.300104592450338,5.526965738496691,0.4944828044258171,3345.0,0.43599,1.6054298910365616,0.3734936625432183
GJ 9066 c,GJ 9066,2.360854001118021,0.3471295310952009,0.3784364357202451,5.703782474656201,0.6312717768418579,3154.0,0.15,1.6413434734450845,0.3265404471325156
GJ 9404 b,GJ 9404,1.4996230464268938,0.9360933591703346,0.3987761199573678,6.568779912142806,0.0901148894422602,3811.0,0.62,1.8962696234310423,0.27333578188457935
GJ 96 b,GJ 96,1.7351891177396608,0.7227059828014898,0.3646431135879092,5.992713766508414,0.2554171118645054,3785.0,0.6000000000000001,1.8531680973566984,0.546043137200569
GJ 9689 b,GJ 9689,1.4036429994545037,1.0402767116551463,0.2546422183735807,6.118185299887139,0.107867370869007,3836.0,0.5900000000000001,2.2925347571405443,0.3789654560401986
GJ 9773 b,GJ 9773,2.7212954278522306,0.2859305394129746,0.1972101692877053,6.206559797562595,1.3663467233101945,3528.0,0.358,1.7681496035889213,0.2459277775621208
GJ 9827 b,GJ 9827,0.8919980393051105,2.1813210055010064,0.0,6.943132075282496,0.0187236139981025,4236.0,0.62,1.8664030122238209,0.42876107527498336
GJ 9827 c,GJ 9827,0.7561219797213337,2.097035850080787,0.0,6.574992155089718,0.0387398283159305,4236.0,0.62,1.8664030122238209,0.48106499107329154
GJ 9827 d,GJ 9827,1.091923300517313,1.2556160374777745,0.0,6.516193076042964,0.0516432331518384,4236.0,0.62,1.8664030122238209,0.4054800790285857
Gaia-1 b,Gaia-1,2.692993230383675,0.7514160886839212,0.0712531152105333,7.056235627107321,0.0396725341437263,5470.0,0.949,1.958685340544036,0.21884483806045044
Gaia-2 b,Gaia-2,2.761165758526167,0.3639484279052307,0.0722276339968807,7.101865410017526,0.045642357878701,5720.0,1.0,1.9041948985578432,0.21513877547555993
Gaia-4 b,Gaia-4,2.5952547069568657,2.468099531471619,0.2911759617060367,6.086547428354674,0.0971267107307227,4034.0,0.644,2.0541237336955462,0.3138650875062025
Gaia22dkvL b,Gaia22dkvL,2.714694743820879,0.3133498192003587,0.2672063686904495,6.443386941610874,0.8754687373538999,5549.0,1.145,1.586967329306732,0.5576561855439814
Gl 378 b,Gl 378,1.5390154481375546,0.9001613499442714,0.1034587083682299,6.7226297948554485,0.0386772962983146,3879.0,0.56,1.4485646868460154,0.27042760855478126
Gl 410 b,Gl 410,1.3428648031925547,1.1118575154181305,0.0767758388020495,6.602818530447819,0.0517381954044144,3842.0,0.55,0.3920420877760237,0.28921839192149
Gl 49 b,Gl 49,1.175573329804238,1.3217558399823195,0.3096881527143955,6.099670759926172,0.0866363066595466,3805.0,0.515,0.9568566936208168,0.4103191045780998
Gl 686 b,Gl 686,1.2412685890696329,1.2383742310432684,0.048790164169432,5.940171252720432,0.0870947068509337,3656.0,0.426,1.87272482805116,0.4814240675985071
Gl 725 A b,Gl 725 A,0.9082585601768908,1.7422190236679187,0.0,6.00121683855066,0.0657877405380031,3433.0,0.33,1.9740810260220096,0.6030163225795231
Gliese 12 b,Gliese 12,0.6719235441083187,1.269760544863939,0.4054651081081644,5.75447558897172,0.0646635133257221,3296.0,0.2414,2.079441541679836,0.6523657807333622
HAT-P-1 b,HAT-P-1,2.7590392792206835,0.2484213584984782,0.0,7.187657164114956,0.054118798887496,5980.0,1.151,1.5260563034950494,0.2238779547060396
HAT-P-11 b,HAT-P-11,1.6789639750827106,0.775648402071689,0.223943231484774,6.732210706467206,0.0512442931870113,4653.0,0.8110000000000002,1.3056264580524355,0.24707398842077555
HAT-P-12 b,HAT-P-12,2.463768130585436,0.277025492263252,0.0,6.871091294610546,0.0376810669676884,4650.0,0.7330000000000001,1.252762968495368,0.24673756056559243
HAT-P-13 b,HAT-P-13,2.725103955668037,0.2932910626146447,0.0132123314721348,7.462214939768189,0.0428966409523062,5653.0,1.32,1.791759469228055,0.2183276910069188
HAT-P-15 b,HAT-P-15,2.555795278746248,1.085189268335969,0.173953307123438,6.807934943699926,0.0921232888758058,5568.0,1.0,2.0541237336955462,0.2295003764767231
HAT-P-16 b,HAT-P-16,2.75262608304238,1.247029132861847,0.0451645519543736,7.356918242356021,0.0404699325537132,6140.0,1.218,0.4054651081081644,0.1793078589229795
HAT-P-17 b,HAT-P-17,2.5470555994223254,0.3646431135879092,0.300104592450338,6.68586094706836,0.0854434818174674,5246.0,0.99,2.079441541679836,0.2299254766425313
HAT-P-18 b,HAT-P-18,2.4975760528886632,0.2231435513142097,0.0806579030174544,6.748759547491679,0.0543934838303316,4803.0,0.77,2.5952547069568657,0.2214900403921085
HAT-P-19 b,HAT-P-19,2.509489707596978,0.2889312918522129,0.0676586484738148,6.889794953605144,0.0449638053675863,4962.0,0.8069999999999999,2.1041341542702074,0.2346933451148923
HAT-P-2 b,HAT-P-2,2.4561435117550525,2.115049969147204,0.4168665308326068,7.340186835320115,0.0659188180892876,6380.0,1.33,0.8919980393051105,0.14048670454006532
HAT-P-2 c,HAT-P-2,2.5952547069568657,2.379546134130174,0.3148107398400335,6.7915584845796255,0.0971267107307227,6412.0,1.33,0.8919980393051105,0.1885676021233823
HAT-P-20 b,HAT-P-20,2.3719245710726584,2.6932749155200555,0.0148886124937506,6.878326468291325,0.035463664275569,4595.0,0.756,2.0412203288596382,0.2422150570865968
HAT-P-21 b,HAT-P-21,2.5983833896105835,1.533373165506286,0.2070141693843261,7.221105098182496,0.0491424830502266,5588.0,1.2400000000000002,2.4159137783010487,0.17312594242175167
HAT-P-22 b,HAT-P-22,2.63119435443295,1.144222799920162,0.0198026272961797,7.288927694521257,0.0405659617466616,5302.0,1.13,2.5952547069568657,0.19043478959252225
HAT-P-23 b,HAT-P-23,2.793248824936084,0.6981347220709844,0.100749903100143,7.629003889652957,0.0229349712824958,5905.0,1.13,1.6094379124341005,0.19950857429841642
HAT-P-24 b,HAT-P-24,2.7454551642145693,0.3646431135879092,0.0676586484738148,7.401231264413015,0.0454608185199919,6373.0,1.37,1.33500106673234,0.20202431522727896
HAT-P-25 b,HAT-P-25,2.6190160524158843,0.394067063155795,0.0227394869694894,7.075808863978387,0.0455468149559703,5519.0,1.012,1.4350845252893227,0.2275822081728407
HAT-P-26 b,HAT-P-26,2.087120731086181,0.2300063483593653,0.1133286853070031,6.985641817639208,0.0463872795531216,5079.0,1.12,2.302585092994046,0.21119303001502532
HAT-P-27 b,HAT-P-27,2.52011290552262,0.5653138090500605,0.0,6.996672339003853,0.0392207131532812,5316.0,0.916,1.6863989535702286,0.23716026817235192
HAT-P-28 b,HAT-P-28,2.679993603319685,0.3646431135879092,0.049742091894814,7.233455418621439,0.0424846116061553,5680.0,1.025,1.9600947840472696,0.21445228508618977
HAT-P-29 b,HAT-P-29,2.64720476324104,0.5369856469874391,0.0861776962410523,7.156176637480615,0.0645697706493,6087.0,1.45,1.1631508098056809,0.2079046556108478
HAT-P-3 b,HAT-P-3,2.44551245492097,0.6178846960593984,0.0,7.081708586105576,0.037931420834556,5185.0,1.06,0.9555114450274363,0.2231771216150581
HAT-P-30 b,HAT-P-30,2.8414709209360587,0.2692634869277628,0.0392207131532812,7.396948602621014,0.0410459694360009,6304.0,1.5499999999999998,0.6931471805599453,0.18781611037473578
HAT-P-31 b,HAT-P-31,2.5815651626069256,1.1568811967920856,0.2231435513142097,7.280008252884188,0.059211859631846,6065.0,1.31,1.42791603581071,0.18110193366437385
HAT-P-32 b,HAT-P-32,3.143885863876649,0.102556588325092,0.1475575643576146,7.5157257621344895,0.0334057621256846,6001.0,1.1319999999999997,1.308332819650179,0.1910887998168655
HAT-P-33 b,HAT-P-33,3.078999775983142,0.1823215567939545,0.0,7.48605261786314,0.0487425439879901,6446.0,1.82,1.1939224684724346,0.21025559289969836
HAT-P-34 b,HAT-P-34,2.6684200654803205,1.252762968495368,0.3590720685384538,7.327123292259293,0.0655442652074062,6442.0,1.392,0.9932517730102834,0.15128332568519826
HAT-P-35 b,HAT-P-35,2.7682284801852908,0.4382549309311553,0.0198026272961797,7.366445148327599,0.0485806184067282,6096.0,1.2359999999999998,1.5040773967762742,0.21483072296977682
HAT-P-36 b,HAT-P-36,2.728760455595868,0.7770286645406475,0.0610950993598108,7.485474772872209,0.0238141780992548,5620.0,1.03,2.028148247292285,0.20861011590091336
HAT-P-37 b,HAT-P-37,2.6535236150808417,0.636576829071551,0.0563803334361076,7.148345743900068,0.0371994409891062,5500.0,0.929,1.5260563034950494,0.2168351773759398
HAT-P-38 b,HAT-P-38,2.326984979817581,0.4637340162321401,0.0648509723196163,6.987490247000991,0.0509782447646294,5330.0,0.886,2.4069451083182885,0.21266182064657035
HAT-P-39 b,HAT-P-39,2.9236453346590903,0.173953307123438,0.0,7.469083884921234,0.0496469398894137,6430.0,1.404,1.0986122886681096,0.21377438143030555
HAT-P-4 b,HAT-P-4,2.7265447837383743,0.3386128011203239,0.0,7.430707082545968,0.0434234079084246,5860.0,1.248,1.589235205116581,0.21988386303315632
HAT-P-40 b,HAT-P-40,2.8924629032601765,0.1397619423751586,0.0,7.479299637782834,0.059023340449461,6080.0,1.03,1.308332819650179,0.21782618369239082
HAT-P-42 b,HAT-P-42,2.730985172384706,0.4762341789963716,0.0,7.264730177929867,0.0559076319382958,5743.0,1.178,1.824549292051045,0.22302787803312923
HAT-P-43 b,HAT-P-43,2.683074215032033,0.3293037471426004,0.0,7.21081845347222,0.0434425578428367,5693.0,1.03,1.9021075263969205,0.22472609819698847
HAT-P-44 b,HAT-P-44,2.702836634049323,0.2070141693843261,0.0430594894604469,7.011213987350367,0.0494566087125925,5295.0,0.942,2.1400661634962708,0.22843717443429415
HAT-P-44 c,HAT-P-44,2.639057329615259,1.430311246536665,0.4014570867106256,5.2911416827989415,1.0123279200710973,5295.0,0.942,2.1400661634962708,0.42271198154029266
HAT-P-45 b,HAT-P-45,2.8322717244009548,0.3220834991691133,0.0478373294141601,7.410347097821024,0.0442082546643203,6330.0,1.259,1.0986122886681096,0.2062169572029362
HAT-P-46 b,HAT-P-46,2.733847893923351,0.2468600779315258,0.1160036757563061,7.285506548522786,0.0560967393518701,6120.0,1.284,1.252762968495368,0.19799659011998472
HAT-P-49 b,HAT-P-49,2.9350428683891603,0.5596157879354227,0.0,7.664815785285735,0.04284873928484,6820.0,2.22,0.9162907318741552,0.18988416676299405
HAT-P-5 b,HAT-P-5,2.678476512083192,0.5118668814689813,0.0,7.325148957955575,0.039922389997419,5960.0,1.04,1.2809338454620645,0.22037468706997343
HAT-P-50 b,HAT-P-50,2.73677966277216,0.5766133643039938,0.108854404912082,7.529943370601589,0.0443039255565244,6280.0,1.2729999999999997,1.4747630091074988,0.19484614209240037
HAT-P-51 b,HAT-P-51,2.674619003620236,0.1972101692877053,0.0676586484738148,7.064075033237091,0.0491900841907589,5453.0,0.961,2.2082744135228043,0.21915940131515674
HAT-P-52 b,HAT-P-52,2.510402273212188,0.6830968447064438,0.0459289318883998,7.105786129481271,0.0362740683642241,5131.0,0.887,2.341805806147327,0.21064407054546153
HAT-P-53 b,HAT-P-53,2.7583289076361943,0.5877866649021191,0.1257512053055603,7.483806687665835,0.0311013012983478,5956.0,1.0929999999999995,1.7351891177396608,0.1953637178671841
HAT-P-54 b,HAT-P-54,2.449391382981044,0.7504722471792148,0.0713899960866729,6.70808408385307,0.0403450808149905,4390.0,0.645,1.589235205116581,0.2534878846270059
HAT-P-55 b,HAT-P-55,2.7625819744514577,0.2761154360803154,0.1570037488096647,7.221105098182496,0.0452410162455869,5804.0,1.028,1.840549633397487,0.19515042231059626
HAT-P-56 b,HAT-P-56,2.8862293008672912,0.5596157879354227,0.2546422183735807,7.518064181233078,0.0414298097631395,6566.0,1.4199999999999997,1.1019400787607845,0.16750280668994258
HAT-P-58 b,HAT-P-58,2.7682268662873275,0.1773090149704103,0.0704584636485614,7.392031567514591,0.0487330196795738,6078.0,1.031,2.093097868127322,0.2049598729982952
HAT-P-59 b,HAT-P-59,2.609163892096717,0.8531379168688864,0.0295588022415444,7.153677417185686,0.0493995022947674,5678.0,1.008,2.1162555148025524,0.22141778280696056
HAT-P-6 b,HAT-P-6,2.8672918996736185,0.4434029474485566,0.0,7.424165281042028,0.0510637680483955,6570.0,1.79,1.1939224684724346,0.209220279150302
HAT-P-60 b,HAT-P-60,2.959164110317549,0.151862349309246,0.2231435513142097,7.480428306074208,0.0608787071810733,6212.0,1.435,1.325747861251857,0.1770887456339292
HAT-P-61 b,HAT-P-61,2.404859479951731,1.0296194171811583,0.1070590722934077,7.317212408359839,0.0296558849075106,5587.0,1.004,1.2809338454620645,0.2021539607589753
HAT-P-62 b,HAT-P-62,2.567042265032542,0.5709795465857378,0.0962188577405429,7.321849713788356,0.037025998836447,5629.0,1.023,2.2082744135228043,0.2032488831794544
HAT-P-63 b,HAT-P-63,2.605858688475541,0.4317824164255378,0.0667236320429081,7.121252453244542,0.0420436479976793,5400.0,0.925,2.302585092994046,0.2095806194680187
HAT-P-64 b,HAT-P-64,3.0001671315178404,0.1345308929576061,0.0962188577405429,7.477038472319696,0.0524691028537653,6457.0,1.2980000000000005,1.355835153635182,0.19506636095340799
HAT-P-65 b,HAT-P-65,2.947469535545925,0.151862349309246,0.2654364635044612,7.506042178518122,0.0396244777832174,5872.0,1.2970000000000002,1.589235205116581,0.17378009885523787
HAT-P-66 b,HAT-P-66,2.9350428683891603,0.216722983511287,0.0861776962410523,7.5480289699350145,0.042705020513484,6002.0,1.255,1.7334238922150915,0.20168692803793917
HAT-P-68 b,HAT-P-68,2.5661830576788365,0.5463857991645416,0.0401817896328318,6.936148353483355,0.0295199665359918,4508.0,0.6785000000000001,2.4932054526026954,0.2083764292506412
HAT-P-69 b,HAT-P-69,2.984988970381361,0.7030975114131134,0.0,7.565793282428515,0.0634910977811979,7394.0,1.648,0.8197798314933114,0.18220570033378863
HAT-P-8 b,HAT-P-8,2.814965507446335,0.5221476866317944,0.0,7.446585099157725,0.0439786071722099,6200.0,1.27,1.4816045409242156,0.21663936917798907
HAT-P-9 b,HAT-P-9,2.810253959440423,0.29416103854949,0.0806579030174544,7.340186835320115,0.0515197687402982,6350.0,1.2809999999999997,0.9555114450274363,0.19265346779940945
HATS-1 b,HATS-1,2.746886224887408,0.708035793053696,0.1133286853070031,7.215239978730097,0.0434425578428367,5870.0,0.986,1.9459101490553128,0.20248924748233105
HATS-10 b,HATS-10,2.473299631552471,0.5306282510621704,0.4061315526513249,7.249925536717988,0.0439307573059411,5880.0,1.101,1.4586150226995167,0.15938420826982191
HATS-11 b,HATS-11,2.946016681308058,0.2738366656297278,0.29266961396282,7.375882148215011,0.0494566087125925,6563.0,1.33,2.1633230256605382,0.1634926343260182
HATS-12 b,HATS-12,2.1701959049483,0.7514160886839212,0.0815799869924228,7.277247726631484,0.0431552703139276,6357.0,1.16,1.2119409739751128,0.2005573000141044
HATS-13 b,HATS-13,2.680014720683273,0.3199072197465178,0.1663615372152252,7.126890808898808,0.0397686399370575,5523.0,0.962,1.252762968495368,0.19938983756406897
HATS-14 b,HATS-14,2.53735290009969,0.7843580606133295,0.1327811112338184,7.152268856032539,0.037440282973845,5346.0,0.967,1.7749523509116738,0.20253994514842316
HATS-15 b,HATS-15,2.594205275899652,1.0885619528146082,0.1186715297174986,7.317212408359839,0.0267587693006911,5311.0,0.8709999999999999,2.4849066497880004,0.1798426032736916
HATS-16 b,HATS-16,2.7454551642145693,1.0508216248317612,0.0,7.373374309910049,0.0367561401251195,5738.0,0.97,2.3513752571634776,0.21111651330748343
HATS-17 b,HATS-17,2.273093767475896,1.5040773967762742,0.0285874568519125,6.703188113240863,0.1229253468372982,5846.0,1.131,1.1314021114911006,0.2714042056546359
HATS-18 b,HATS-18,2.7661153777825205,0.7499527543813974,0.1535790879283006,7.635535743436433,0.0172503534065275,5600.0,1.037,1.6486586255873816,0.19166703149557618
HATS-2 b,HATS-2,2.608338614971053,0.7915616280448718,0.0,7.346655163176539,0.0229056510715837,5227.0,0.904,2.1041341542702074,0.22123433069027276
HATS-22 b,HATS-22,2.458064347018486,1.587192303486781,0.0760346862759976,6.755768921984256,0.0490282310673543,4803.0,0.7590000000000001,2.0556610130144324,0.25053135578176555
HATS-23 b,HATS-23,3.084143253974967,0.2546422183735807,0.1079571415050922,7.411556287811163,0.0334057621256846,5780.0,1.121,1.6486586255873816,0.2001363058558156
HATS-24 b,HATS-24,2.8116023827091348,0.708035793053696,0.0,7.681099001536359,0.0235211950413458,6125.0,1.07,1.547562508716013,0.2167744169204815
HATS-25 b,HATS-25,2.7162392458275906,0.3220834991691133,0.1621188494764351,7.15305163493748,0.0503413414240729,5715.0,0.994,2.1400661634962708,0.19747896978940474
HATS-26 b,HATS-26,3.026055346772851,0.1423672412869219,0.2191355299166709,7.5595594960077,0.0462631644696381,6071.0,1.299,1.6174060820832772,0.17875982076329514
HATS-27 b,HATS-27,2.879956596803936,0.1655144384775733,0.4580575582273349,7.414572881350589,0.0593061058974075,6438.0,1.415,1.1939224684724346,0.1453728692003718
HATS-28 b,HATS-28,2.666084914383539,0.3920420877760237,0.1839868361130158,7.134093721192866,0.0404795358879909,5498.0,0.929,1.9740810260220096,0.19528247302644702
HATS-29 b,HATS-29,2.7095463479827475,0.3442986728706769,0.1466943791508035,7.10085190894405,0.053303772022311,5670.0,1.032,1.871802176901592,0.20309162342251735
HATS-3 b,HATS-3,2.8021475244813256,0.412109650826833,0.0,7.407924322559599,0.0473605713598375,6351.0,1.209,1.4350845252893227,0.21530962752920688
HATS-30 b,HATS-30,2.651167631566664,0.4337285733810238,0.0916671885258238,7.254884810077338,0.0426187793351844,5943.0,1.0929999999999995,1.1939224684724346,0.20462955861372356
HATS-31 b,HATS-31,2.964384011183268,0.217527812528574,0.2094502241822072,7.508787170634276,0.0466927279919822,6050.0,1.275,1.667706820558076,0.1806933033060845
HATS-32 b,HATS-32,2.708052934431808,0.4574248470388754,0.3859424416193004,7.271008538280992,0.0394514557609273,5700.0,1.099,1.5040773967762742,0.16202595587243757
HATS-33 b,HATS-33,2.69375315026802,0.5822156198526637,0.0769610411361283,7.265429723253953,0.0365922617995892,5659.0,1.062,1.3862943611198906,0.2085151538983246
HATS-34 b,HATS-34,2.834910138979272,0.3364722366212129,0.102556588325092,7.27655640271871,0.0311691554120294,5380.0,0.955,2.1633230256605382,0.2037038838050252
HATS-35 b,HATS-35,2.8570433752610547,0.3947411447451887,0.2669690308542393,7.61972421378267,0.0314889770899427,6300.0,1.3169999999999995,1.1410330045520618,0.16899276869325489
HATS-36 b,HATS-36,2.633326654906273,1.1378330018213914,0.0998453349697161,7.093404625868766,0.0509782447646294,5950.0,1.1,0.4824261492442927,0.181344631186463
HATS-37 A b,HATS-37 A,2.0531814950563136,0.4382549309311553,0.0,6.990256500493881,0.0479612492858233,5326.0,0.8430000000000001,2.522523513359307,0.21758434399931748
HATS-38 b,HATS-38,2.0646230379784063,0.3386128011203239,0.0,7.166265974133638,0.0491329625502098,5732.0,0.89,2.556451816951096,0.20167661720417296
HATS-39 b,HATS-39,2.9230610380305,0.1839868361130158,0.2429461786103894,7.406103381237015,0.0583349436794295,6572.0,1.379,1.118414915964289,0.1699475258386589
HATS-4 b,HATS-4,2.5203542279708007,0.9360933591703346,0.0129162252665463,7.182352111885263,0.0355601753985508,5403.0,1.001,1.1314021114911006,0.22358472119801154
HATS-40 b,HATS-40,2.9290698986348267,0.3987761199573678,0.2715526905218973,7.650644551436897,0.0487615923326895,6460.0,1.561,1.1216775615991057,0.1655346122936775
HATS-41 b,HATS-41,2.7668202415000653,1.8082887711792648,0.3220834991691133,7.444833273892193,0.0566638471175417,6424.0,1.496,0.8501509293696101,0.1476754020962853
HATS-42 b,HATS-42,2.814965507446335,0.6043159668533296,0.2062008305838977,7.526717561352706,0.0362258484040445,6060.0,1.2729999999999997,1.449269160281279,0.18101538378841595
HATS-43 b,HATS-43,2.6551148575351333,0.174793290373163,0.1595645696713384,6.911747300251674,0.0482566885632883,5099.0,0.8370000000000001,2.26176309847379,0.213050172803545
HATS-44 b,HATS-44,2.561867922405584,0.4446858212614457,0.2460785225967056,7.057897937411856,0.0358400049938037,5080.0,0.86,2.3702437414678603,0.17775851035986917
HATS-45 b,HATS-45,2.735326400186202,0.3435897043900769,0.2151113796169455,7.325807502595773,0.0536450268956141,6450.0,1.2720000000000002,0.924258901523332,0.16730356896763354
HATS-46 b,HATS-46,2.408900582519142,0.2468600779315258,0.4440445900756395,6.961296045910167,0.0522793081162037,5495.0,0.917,1.3862943611198906,0.17475294604953284
HATS-47 b,HATS-47,2.604203575970667,0.2859305394129746,0.0843411484337508,6.74981409091356,0.0418039122811837,4512.0,0.6739999999999999,2.2082744135228043,0.24553381595337137
HATS-48 A b,HATS-48 A,2.2992997020025165,0.4631048875545789,0.1501426584297195,6.862339415451655,0.0369970888861219,4546.0,0.7279,2.5626389983283526,0.192390921690622
HATS-49 b,HATS-49,2.25914352455072,0.6861225656229808,0.0685927914656117,6.728389350013815,0.0441604157856545,4405.0,0.7133,2.4423470353692043,0.23443765095297892
HATS-5 b,HATS-5,2.417965244034119,0.3293037471426004,0.0188217542405877,6.933423025730715,0.0527821854389694,5304.0,0.9360000000000002,1.5260563034950494,0.24100294902890093
HATS-50 b,HATS-50,2.6149234359124165,0.2851789422336624,0.4160752872201799,7.15179105983877,0.0492281634718266,5990.0,1.168,0.7884573603642702,0.14467807626794688
HATS-51 b,HATS-51,2.821658014116117,0.2926696139628199,0.2851789422336624,7.348587530927593,0.0453461451002093,5758.0,1.187,1.747459210331475,0.17306041669790156
HATS-52 b,HATS-52,2.802804953958269,0.7227059828014898,0.2199384203652614,7.51479976048867,0.0246731002048841,6010.0,1.111,0.7884573603642702,0.16340006373348587
HATS-53 b,HATS-53,2.773841686951552,0.264669298142708,0.2851789422336624,7.180069874302796,0.0464350120221881,5644.0,0.964,2.302585092994046,0.1711652632180087
HATS-54 b,HATS-54,2.51584923606802,0.5709795465857378,0.0,7.265429723253953,0.0363319292473902,5621.0,1.05,2.192770226986839,0.22286566668685776
HATS-55 b,HATS-55,2.7095463479827475,0.461845441544272,0.0880108773227133,7.221105098182496,0.0527062956309342,6214.0,1.1955,0.3364722366212129,0.1717122982436114
HATS-56 b,HATS-56,2.9917640104022274,0.1441003439737568,0.0188217542405877,7.551186867296149,0.0586744862434084,6536.0,1.573,1.062639628209292,0.20527049429649774
HATS-57 b,HATS-57,2.622278128584731,1.2947271675944,0.0276151670329733,7.254460691883379,0.0343337915798865,5587.0,1.026,1.252762968495368,0.21829953336003025
HATS-58 A b,HATS-58 A,2.585796311054005,0.6729444732424258,0.1552928844060353,7.451241684987676,0.05636142966575,7175.0,1.461,0.2700271372130601,0.13999528402052014
HATS-59 b,HATS-59,2.6116372401248524,0.5306282510621704,0.1213322851675249,7.029087564149662,0.0593249540846836,5670.0,1.038,1.667706820558076,0.21271720750407155
HATS-59 c,HATS-59,2.5877640352277083,2.5572273113676265,0.0797349680188535,5.17558460116574,1.253905173074145,5670.0,1.038,1.667706820558076,0.36662114846430754
HATS-6 b,HATS-6,2.500335510410117,0.3357576956833441,0.0,6.57060281105606,0.0355891269192315,3724.0,0.574,2.2082744135228043,0.27607104685372874
HATS-60 b,HATS-60,2.63361231812364,0.4298324645564588,0.174793290373163,7.332369205929062,0.0460053377564076,5688.0,1.097,2.145931282948669,0.19012189906357305
HATS-61 b,HATS-61,2.66686390412076,1.244154593958768,0.0880108773227133,7.112408940982502,0.0761088262523067,5542.0,1.076,2.2925347571405443,0.2069141981835365
HATS-62 b,HATS-62,2.551434986803236,0.0732504617395926,0.2608246182818982,7.121252453244542,0.0407867939007205,5416.0,0.8960000000000001,2.356125859922076,0.17393173263222428
HATS-63 b,HATS-63,2.6761647536529467,0.5128236264286637,0.1275133202989596,7.243727390561667,0.0394706819084886,5627.0,0.931,2.424802725718295,0.18481264292210714
HATS-64 b,HATS-64,2.9866870384780366,0.2191355299166709,0.1406311297397456,7.492203042618741,0.0635567893966252,6554.0,1.564,1.0511712140679732,0.18239258236724776
HATS-65 b,HATS-65,2.8805856407814048,0.262364264467491,0.060153922819747,7.399398083331354,0.0439881768707165,6277.0,1.2569999999999997,1.0224509277025458,0.200251386483091
HATS-66 b,HATS-66,2.822324807931972,1.205970806988609,0.0620353909194526,7.6004023345004,0.0460626383265639,6626.0,1.411,1.1537315878891892,0.1983046407932709
HATS-67 b,HATS-67,2.9900745487703024,0.3177261938001576,0.0554347068881005,7.693481640835175,0.0298694336022777,6594.0,1.435,0.412109650826833,0.169922064840827
HATS-68 b,HATS-68,2.695268056446457,0.6184236343640088,0.0353671438372913,7.462789157412448,0.0494661261318491,6147.0,1.351,1.3912819026309298,0.21031182796584513
HATS-69 b,HATS-69,2.4503587685967347,0.3784364357202451,0.4180522236136358,7.167577854554839,0.0316052505264382,5137.0,0.8920000000000001,2.19722457733622,0.16113707731838697
HATS-7 b,HATS-7,1.989334514469168,0.6043159668533296,0.1570037488096647,6.98933526597456,0.0393360911123732,4985.0,0.8489999999999999,2.174751721484161,0.21273665475115955
HATS-71 b,HATS-71,2.5239683759445444,0.3506568716131693,0.0,6.376386753984817,0.036765779190323,3405.0,0.4861,1.4350845252893227,0.31030050835833656
HATS-72 b,HATS-72,2.207986635855047,0.3442986728706769,0.0129162252665463,6.607055509449053,0.0643981987928513,4656.1,0.7311,2.5779415157551897,0.25776518497436773
HATS-74 A b,HATS-74 A,2.531127490674591,0.9707789171582246,0.0430594894604469,6.798052013890174,0.023560264409013,3776.9,0.601,2.4849066497880004,0.2150370546668199
HATS-76 b,HATS-76,2.572191544784836,1.275362800412609,0.060153922819747,6.8467305771443625,0.0262328891697618,4016.0,0.662,1.7227665977411035,0.2287521148865328
HATS-77 b,HATS-77,2.643224529051873,0.7309245448939752,0.0440168854167743,6.720581971457158,0.0354347091222736,4071.0,0.655,2.5726122302071057,0.22422120979294308
HATS-8 b,HATS-8,2.378198652610512,0.2303177550622101,0.3191807395111519,7.1891677384203225,0.0456136959603569,5679.0,1.056,1.8082887711792648,0.17318796351463794
HATS-9 b,HATS-9,2.6979998652487085,0.4861230111256188,0.0723206615796261,7.465655310134056,0.0307231726428405,5599.0,1.1,2.468099531471619,0.18777445982517085
HD 100777 b,HD 100777,2.6878474937846906,0.6070444815065336,0.3220834991691133,6.50168148566271,0.7227059828014898,5533.0,1.08,1.9021075263969205,0.527904272263505
HD 101581 b,HIP 56998,0.6709015716126255,1.824549292051045,0.0069756137364252,6.727431724850855,0.0449733656427311,4675.0,0.653,2.064327903869788,0.4498579327919613
HD 101581 c,HIP 56998,0.688134638736401,1.8421356765531216,0.0139029051689914,6.617402977974478,0.0557184887563437,4675.0,0.653,2.064327903869788,0.4709206098555201
HD 10180 c,HD 10180,1.3453561970918029,1.269760544863939,0.0704584636485614,6.957307057811385,0.0621481665149333,5911.0,1.06,1.667706820558076,0.2809262430075248
HD 10180 d,HD 10180,1.3453561970918029,1.269760544863939,0.1231021971339834,6.702451645796258,0.1209690659784715,5911.0,1.06,1.667706820558076,0.3070869530753506
HD 10180 e,HD 10180,1.854734268389444,0.6318035503188933,0.049742091894814,6.332639991999763,0.2389381572128506,5911.0,1.06,1.667706820558076,0.33823859118081456
HD 10180 f,HD 10180,1.8309801823813363,0.6486726904581158,0.1124354293297881,6.003482046825292,0.4007205370774074,5911.0,1.06,1.667706820558076,0.39137301427137317
HD 10180 g,HD 10180,1.3453561970918029,1.269760544863939,0.233489843368354,6.18723690162606,0.8866559267444644,5911.0,1.06,1.667706820558076,0.6571418403612261
HD 10180 h,HD 10180,2.341805806147327,0.3548733219921042,0.0907543632684641,5.756469796935208,1.4772770088317613,5911.0,1.06,1.667706820558076,0.37859676026279643
HD 101930 b,HD 101930,2.451005098112319,0.3126185577418125,0.1043600153242427,5.984560770791187,0.262364264467491,5108.0,0.57,0.6931471805599453,0.3687207430961566
HD 102117 b,HD 102117,2.248128907197987,0.3981047537018719,0.1133286853070031,6.621272487105839,0.1397619423751586,5655.0,1.06,2.3978952727983707,0.2548880746094043
HD 102195 b,HD 102195,2.7212954278522306,0.2231435513142097,0.0,6.97363664809565,0.048790164169432,5301.0,0.76,1.2237754316221157,0.24100367957935043
HD 102365 b,HD 102365,1.6370530794670737,0.8064758658669486,0.29266961396282,6.057486342649979,0.3784364357202451,5630.0,0.8500000000000001,2.302585092994046,0.39113388373920854
HD 102843 b,HD 102843,2.6461747973841225,0.245296355955343,0.1043600153242427,5.175132265977658,1.62412946117709,5436.0,0.95,2.03653404066856,0.3334023330933251
HD 102956 b,HD 102956,2.694627180770069,0.4934759854308777,0.0363319292473902,7.337487543333297,0.0776089793269828,4985.0,1.6599999999999997,1.1939224684724346,0.21022858186501012
HD 103197 b,HD 103197,1.9213246735826988,0.5838901946229959,0.0,6.060524083039477,0.2231435513142097,5250.0,0.8,2.312535423847214,0.38845086617547586
HD 103720 b,HD 103720,2.714694743820879,0.3264219007677115,0.0825012215117436,6.881298360919777,0.0485996698360623,5017.0,0.7940000000000002,1.5686159179138452,0.23378890185474738
HD 103774 b,HD 103774,2.660259537265861,0.239803992207317,0.0861776962410523,7.288654433145052,0.0676586484738148,6489.0,1.335,0.7178397931503169,0.1798059745331559
HD 103891 b,HD 103891,2.653241964607215,1.1600209167967532,0.2700271372130601,5.262742001034116,1.4516138272405332,6072.0,1.2800000000000002,1.5432981099295553,0.6842549259849655
HD 103949 b,HD 103949,1.4701758451005928,0.9707789171582246,0.173953307123438,5.6744223193497145,0.3639484279052307,4792.0,0.77,1.91515634737198,0.6639185259685655
HD 104067 b,HD 104067,2.322387720290225,0.3632532592988549,0.1160036757563061,6.014990625903764,0.2369675579072795,4952.0,0.8200000000000001,1.673351238177753,0.3999147140017421
HD 104067 c,HD 104067,1.545432582458188,0.8919980393051105,0.2546422183735807,6.572030762748349,0.1005690549216954,4952.0,0.8200000000000001,1.673351238177753,0.2854521267925798
HD 10442 b,HD 10442,2.681021528714291,0.708035793053696,0.1239859797809912,6.297845696992248,1.1019400787607845,4912.0,1.01,2.4553061800117097,0.5971701529294586
HD 105618 b,HD 105618,1.8625285401162623,0.6248683398066509,0.3750059006234558,6.837761907161602,0.0870947068509337,5671.0,1.01,2.251923178191818,0.2019712849250085
HD 105779 b,HD 105779,2.714694743820879,0.3357576956833441,0.0,4.355169180503999,1.4770487243883548,5792.0,0.89,2.1447610078004784,0.3124572349428342
HD 106252 b,HD 106252,2.602689685444384,2.2965670206684825,0.3920420877760237,6.429398458776031,1.2960960932017418,5874.0,1.05,1.3862943611198906,0.2840578734613123
HD 106270 b,HD 106270,2.5952547069568657,2.4336133554004498,0.1697427745870945,6.285998094508865,1.4678743481123135,5509.0,1.3899999999999997,1.667706820558076,0.6120199943996184
HD 106315 b,HD 106315,1.235471471385307,1.7404661748405044,0.0889262091944015,7.050989447068045,0.0868196919525601,6327.0,1.091,1.7011051009599245,0.32306418225282885
HD 106315 c,HD 106315,1.6770965609079151,0.6981347220709844,0.1988508587451652,6.787844982309579,0.1428874875485475,6327.0,1.091,1.7011051009599245,0.2407689774776846
HD 10647 b,HD 10647,2.694627180770069,0.4855078157817007,0.1397619423751586,6.333815896400313,1.1035998301791488,6218.0,1.11,0.8754687373538999,0.5214091431957067
HD 10697 b,HD 10697,2.624668592163159,1.754403682684286,0.0989399478549035,5.62160666019384,1.115469405734533,5641.0,0.99,2.0769384114617173,0.7638149390012459
HD 107148 b,HD 107148,2.360854001118021,0.3471295310952009,0.048790164169432,6.370210866316228,0.2382291887322506,5797.0,1.12,1.88706964903238,0.32707682146824407
HD 107148 c,HD 107148,1.7404661748405044,0.7178397931503169,0.29266961396282,6.678090510677662,0.1316421090517151,5752.92,1.105215,1.88706964903238,0.24882164666402456
HD 108147 b,HD 108147,2.476538400117484,0.3015849776207723,0.4252677354043441,6.792344427470809,0.0971267107307227,6255.73,1.22,1.4350845252893227,0.19060633187015447
HD 108202 b,HD 108202,2.6461747973841225,1.2029723039923526,0.418710334858185,5.185484558273694,1.547562508716013,4556.03,0.74,2.0149030205422647,0.28483226194534794
HD 108236 b,HD 108236,0.9612640975168862,1.6544112780768316,0.0440168854167743,7.003065458786462,0.0442752252499075,5660.0,0.8690000000000001,2.0412203288596382,0.39518610305684576
HD 108236 c,HD 108236,1.1220032414586854,1.4011829736136412,0.0334347760862373,6.838405200847344,0.060153922819747,5660.0,0.8690000000000001,2.0412203288596382,0.358561240762732
HD 108236 e,HD 108236,1.4068320123374387,1.0367368849500225,0.0563803334361076,6.456769655572163,0.1281293277105277,5660.0,0.8690000000000001,2.0412203288596382,0.34176448295900175
HD 108236 f,HD 108236,1.104262960176924,1.425515074273172,0.049742091894814,6.36492285908106,0.1619487669860175,5660.0,0.8690000000000001,2.0412203288596382,0.4402252579111616
HD 108874 b,HD 108874,2.681021528714291,0.6861225656229808,0.1222176327242492,6.35325811849298,0.712949807856125,5600.0,1.1,2.19722457733622,0.5772025359808316
HD 108874 c,HD 108874,2.694627180770069,0.5056120567131033,0.2143046026470053,4.983332611568247,1.2971898860370696,5551.0,0.95,2.19722457733622,0.29762981498328045
HD 109246 b,HD 109246,2.7013612129514133,0.4440445900756395,0.1133286853070031,6.429559787869986,0.2851789422336624,5844.0,1.2,1.5608777218187233,0.31988532213126464
HD 109271 b,HD 109271,1.6695918352538477,0.7793248768009976,0.2231435513142097,6.99080791381514,0.0760346862759976,5783.0,1.0469999999999997,2.1162555148025524,0.21898868154211765
HD 109271 c,HD 109271,1.8357763546448287,0.645531326618282,0.1397619423751586,6.560212792632651,0.17898265552844,5783.0,1.0469999999999997,2.1162555148025524,0.28447115717521926
HD 109286 b,HD 109286,2.653241964607215,1.184789984909162,0.2911759617060367,5.562218910334414,0.8149222374858662,5694.0,0.98,2.211456159582944,0.7457785810057705
HD 109749 b,HD 109749,2.4932054526026954,0.2963940130538024,0.0,7.143519651619551,0.0596830021611737,5824.0,1.13,1.4586150226995167,0.22718663554728463
HD 109833 b,HD 109833,1.3578948865981926,1.091923300517313,0.1655144384775733,6.668228248417403,0.0971267107307227,5881.0,1.08,0.0266419309464211,0.252109312925485
HD 109833 c,HD 109833,1.2781522025001877,1.1878434223960523,0.262364264467491,6.630287528937328,0.0971267107307227,5881.0,1.08,0.0266419309464211,0.2584782812145156
HD 110067 b,HD 110067,1.1631508098056809,1.3711807233098423,0.0536355491659094,6.68586094706836,0.0763126828491635,5266.0,0.798,2.2082744135228043,0.3658490423113488
HD 110067 c,HD 110067,1.220239776789808,1.269760544863939,0.0572306334542716,6.551080335043404,0.0988493640421689,5266.0,0.798,2.2082744135228043,0.3675008504729954
HD 110067 d,HD 110067,1.348592493935879,1.1052568313867783,0.0677521020508184,6.401917196727186,0.1276893611408894,5266.0,0.798,2.2082744135228043,0.3601991407300585
HD 110067 e,HD 110067,1.0784095813505905,1.269760544863939,0.0954919814592206,6.280395838960195,0.1642424433940487,5266.0,0.798,2.2082744135228043,0.44612019416965987
HD 110067 f,HD 110067,1.2812115846667382,0.9439058989071286,0.0566638471175417,6.194405391104672,0.1958134636422536,5266.0,0.798,2.2082744135228043,0.4064912063476348
HD 110067 g,HD 110067,1.282876401921402,1.269760544863939,0.0620353909194525,6.089044875446846,0.2327770002824478,5266.0,0.798,2.2082744135228043,0.44712236313737247
HD 110082 b,HD 110082,1.4350845252893227,1.0043016091968684,0.1823215567939546,6.865056524449022,0.1070590722934076,6200.0,1.21,0.2231435513142097,0.21493333238710477
HD 110113 b,HD 110113,1.11514159061932,1.3609765531356006,0.0889262091944015,7.22402480828583,0.0344014267173324,5732.0,0.997,1.6094379124341005,0.31574008049790636
HD 110113 c,HD 110113,1.1358593149977008,1.9615022438151493,0.0440168854167743,6.898714534329988,0.0657877405380031,5732.0,0.997,1.6094379124341005,0.39002174184871286
HD 111232 b,HD 111232,2.6100697927420065,2.0731719286662407,0.1939206926373065,5.793379395134549,1.1467673305551571,5512.0,0.96,1.824549292051045,0.35321050229023987
HD 111998 b,HD 111998,2.631888840136646,1.5912739418064292,0.1222176327242492,6.515008943281748,1.068153081183401,6557.0,1.4,0.9932517730102834,0.548640565874351
HD 113337 b,HD 113337,2.6461747973841225,1.2612978709452054,0.2468600779315258,6.422272462887942,0.7040871205982797,6774.0,1.41,0.1397619423751586,0.30305707028507456
HD 113538 b,HD 113538,2.653241964607215,0.2413763195752694,0.1310282624064041,5.744476460983757,0.8064758658669486,4462.0,0.585,1.667706820558076,0.36194867072579867
HD 113538 c,HD 113538,2.694627180770069,0.4811908186363,0.1823215567939546,5.41171747787557,1.235471471385307,4462.0,0.585,1.667706820558076,0.3893125413600796
HD 114082 b,HD 114082,2.5021718038844205,2.3905959703167587,0.3328944152733289,6.283947576500805,0.4127054997636582,6651.0,1.4700000000000002,0.0148886124937506,0.24639355885510408
HD 114386 b,HD 114386,2.6878474937846906,0.5732368838873878,0.2070141693843261,6.047362722736792,1.0043016091968684,4836.0,0.6000000000000001,0.8754687373538999,0.26262862273141496
HD 114729 b,HD 114729,2.7013612129514133,0.4298324645564588,0.0760346862759976,6.341964716303123,1.1206998851321146,5844.0,0.9360000000000002,2.4083855118802573,0.6116544961305328
HD 114783 b,HD 114783,2.6878474937846906,0.5579000311519196,0.1345308929576061,6.211282574993615,0.7701082216960736,5135.0,0.853,1.9459101490553128,0.5170397777985444
HD 11506 b,HD 11506,2.631888840136646,1.603419840108537,0.3213585988111648,5.471825196309907,1.3571229838196106,6123.0,1.22,1.252762968495368,0.5577533574842051
HD 11506 c,HD 11506,2.70805020110221,0.2271355725837472,0.2053868297249507,6.536562603764713,0.5715443588006965,6123.0,1.22,1.252762968495368,0.35054510796923444
HD 115404 A b,HD 115404 A,1.958685340544036,0.5596157879354227,0.208638865111328,6.555954152959519,0.0843411484337507,5019.17,0.83,1.838165842042211,0.2691537623854868
HD 116029 b,HD 116029,2.681021528714291,0.6790482561804436,0.0,6.640960212995132,0.9745596399981308,4819.0,0.83,1.308332819650179,0.3623232144887229
HD 116029 c,HD 116029,2.6878474937846906,0.6221880916194514,0.0372957847436968,7.044214381677994,0.0971267107307227,4951.0,1.33,1.308332819650179,0.22171286910830446
HD 117207 b,HD 117207,2.667228206581955,0.9282193027394288,0.1458304482115395,5.412137002747497,1.565903910410372,5732.0,1.053,1.6471189794017889,0.40356837725171074
HD 117618 b,HD 117618,2.2607208888953467,0.3913661837286627,0.1397619423751586,6.553505962258243,0.1655144384775733,5990.0,1.077,1.88706964903238,0.27286109096819955
HD 118203 b,HD 118203,2.6230903909367487,1.0260415958332745,0.2727714597160267,7.216709486709457,0.0688728642863754,5742.0,1.27,1.7457155307266483,0.17707450966320282
HD 11964 b,HD 11964,2.714694743820879,0.3278638620846127,0.0401817896328318,4.355169180503999,1.425515074273172,5303.0,0.91,2.134166441369082,0.5122467128094726
HD 11964 c,HD 11964,1.8531680973566984,0.6323350411631878,0.262364264467491,6.54534966033442,0.2062008305838976,5303.0,0.91,2.134166441369082,0.26608577846490944
HD 121504 b,HD 121504,2.681021528714291,0.7178397931503169,0.0295588022415444,6.492088308389376,0.2851789422336624,6027.0,1.62,0.7884573603642702,0.30350125494008406
HD 12235 b,HD 12235,1.4422019930581866,0.9969486348916092,0.3191807395111519,7.265807274350189,0.0525924501191705,5986.0,1.1,1.9375899174395943,0.20093283198209844
HD 122562 c,HD 122562,2.4069451083182885,0.3293037471426004,0.2053868297249507,6.316138890039573,0.3407487933884732,4956.0,1.241,1.877034617622524,0.3073862475160886
HD 124330 b,HD 124330,2.70805020110221,0.3900130035492427,0.29266961396282,6.446180030932315,0.6205764877251099,5873.0,1.15,2.0480798652368217,0.37153829677021477
HD 12484 b,HD 12484,2.653241964607215,1.181727195378616,0.0676586484738148,6.343528878489031,0.2600539053343068,5920.0,1.01,1.74361909390012,0.33615940377431236
HD 125595 b,HD 125595,1.3453561970918029,1.269760544863939,0.0,6.3236849001269375,0.0769610411361283,4691.0,0.2899999999999999,1.5107219394949427,0.3806712493536579
HD 125612 b,HD 125612,2.653241964607215,1.181727195378616,0.3688011237365729,5.619204498180904,0.8539897056767758,5900.0,1.05,1.0188473201992472,0.7259826289350522
HD 125612 c,HD 125612,1.623340817603092,0.8197798314933114,0.1388919988666186,7.125765678184599,0.049742091894814,5900.0,1.05,1.0188473201992472,0.21999545741836954
HD 125612 d,HD 125612,2.617395832834079,1.9629077254238845,0.108854404912082,6.073735539540777,1.6058314168399888,5900.0,1.05,1.0188473201992472,0.28665182150485824
HD 126525 b,HD 126525,2.424802725718295,0.3213585988111648,0.0344014267173324,5.75542570780804,1.0427471558267143,5638.0,0.8969999999999999,2.367436065313662,0.5541024786013684
HD 12661 b,HD 12661,2.660259537265861,1.0296194171811583,0.3220834991691133,6.443178497723293,0.6097655716208943,5645.0,1.2,2.0001277349601105,0.42068972472040844
HD 12661 c,HD 12661,2.653241964607215,1.1474024528375415,0.0305292050348228,5.1694607444230325,1.3388095945481469,5748.0,1.02,2.0001277349601105,0.3633934302582076
HD 126614 b,HD 126614,2.617395832834079,0.2538667239570503,0.4369637751675354,5.910444278444026,1.1783472566869633,5568.0,0.96,2.1041341542702074,0.3922674979569357
HD 127506 b,HD 127506,1.8976198599275325,0.6010318916521397,0.2151113796169455,6.11199934873672,0.2523139286139896,4595.32,0.73,1.7416934915545712,0.42727114440130526
HD 128311 b,HD 128311,2.6741486494265287,0.8153648132841945,0.264669298142708,5.941223330671235,0.7342891238911206,4965.0,0.8279999999999998,0.6729444732424258,0.422429039530798
HD 128311 c,HD 128311,2.639057329615259,1.3887912413184778,0.1475575643576146,5.768289745305481,1.007957920399979,4965.0,0.8279999999999998,0.6729444732424258,0.3322031983061133
HD 128356 b,HD 128356,2.7013612129514133,0.456791735273505,0.4510756193602167,6.589201542863269,0.6259384308664953,4875.0,0.65,2.3978952727983707,0.5162114675442302
HD 130322 b,HD 130322,2.6878474937846906,0.5771750043075246,0.0285874568519125,6.580639137284949,0.0884686479876081,5387.0,0.9200000000000002,0.300104592450338,0.2558854141004744
HD 131496 b,HD 131496,2.667228206581955,0.8372475245337022,0.1663615372152252,6.122712083717655,1.1019400787607845,4846.0,1.34,1.308332819650179,0.43917076813158484
HD 13167 b,HD 13167,2.6461747973841225,1.2725655957915476,0.4466070514393395,5.938353812702712,1.62924053973028,5671.0,1.35,1.898968275743499,0.6000359277865109
HD 132406 b,HD 132406,2.624668592163159,1.7833912195575383,0.2231435513142097,5.546251086669465,1.091923300517313,5766.0,0.973,2.102547530394311,0.745386954642327
HD 132563 b,HD 132563,2.681021528714291,0.708035793053696,0.1988508587451652,6.2007119932300805,1.2864740258376797,6289.0,1.231,1.1969481893889715,0.5325984573208288
HD 133131 A b,HD 133131 A,2.681021528714291,0.6861225656229808,0.2851789422336624,6.420485036037676,0.8919980393051105,5799.0,0.95,2.3702437414678603,0.5586350767711219
HD 133131 A c,HD 133131 A,2.72785282839839,0.223943231484774,0.3987761199573678,6.234410725718371,1.7029282555214391,5799.0,0.95,2.3702437414678603,0.22758739850747847
HD 134060 b,HD 134060,1.425515074273172,1.015230679729059,0.371563556432483,7.225699789560806,0.0434425578428367,5966.0,1.095,1.88706964903238,0.19789620930150012
HD 134060 c,HD 134060,1.9329696377795784,0.5766133643039938,0.1043600153242427,5.813055327133943,1.2216555391782438,5966.0,1.095,1.88706964903238,0.4957846606317817
HD 134606 b,HD 134606,1.3787660946990992,1.068153081183401,0.0880108773227133,6.8439631458943575,0.0994832784849501,5576.0,1.046,2.1162555148025524,0.2808964320628564
HD 134606 c,HD 134606,1.4747630091074988,0.9631743177730056,0.0535407669280298,6.256901010612443,0.262902581087558,5576.0,1.046,2.1162555148025524,0.37703970325454417
HD 134606 d,HD 134606,2.150598735996164,0.4466070514393395,0.0880108773227133,5.804050043248018,1.078749659571858,5576.0,1.046,2.1162555148025524,0.5749515936195567
HD 134606 e,HD 134606,0.8458682675776092,1.867176108512809,0.1823215567939546,7.0788355553393,0.051358292275142,5576.0,1.046,2.1162555148025524,0.3974083690768152
HD 134606 f,HD 134606,1.175573329804238,1.3217558399823195,0.0778865386570712,6.516219702907401,0.1641575861662834,5576.0,1.046,2.1162555148025524,0.38456477056275806
HD 134987 b,HD 134987,2.6741486494265287,0.76080582903376,0.2070141693843261,6.135391715914625,0.5933268452777344,5736.0,1.1,2.2407096892759584,0.41826298425635855
HD 135694 b,HD 135694,1.3498896792260908,1.11514159061932,0.0,6.622510234563773,0.1175118877880113,5712.0,1.02,2.379546134130174,0.32197586818586554
HD 135872 b,HD 135872,2.624668592163159,1.717395053939193,0.151862349309246,5.273922209713315,1.643259460909611,4992.0,1.646,1.6978150230515132,0.6986014815007985
HD 136352 b,HD 136352,0.9798287526781426,1.8906825087274528,0.0,6.80903930604298,0.0920320854464936,5664.0,0.87,2.5877640352277083,0.4196321864484021
HD 136352 c,HD 136352,1.3650707246682638,1.2520964607141103,0.0,6.519147287940395,0.1587970117469975,5664.0,0.87,2.5877640352277083,0.33257343753849355
HD 136352 d,HD 136352,1.27032218486747,1.3553474058395834,0.0,6.068425588244111,0.3541718137206138,5664.0,0.87,2.5877640352277083,0.44569662985913266
HD 136418 b,HD 136418,2.660259537265861,0.9516578757114464,0.2231435513142097,6.402199080708922,0.8285518175661483,4989.0,1.48,1.6094379124341005,0.35612763329016495
HD 137388 b,HD 137388,2.334083760053417,0.3583735005743138,0.3074846997479606,5.853638230200579,0.636576829071551,5181.0,0.6800000000000002,2.0082140323914683,0.6259170503768603
HD 137496 b,HD 137496,0.8372475245337022,2.4414770918606643,0.0,7.664346632098617,0.0269534695602575,5799.0,1.04,2.2300144001592104,0.4171969343576676
HD 137496 c,HD 137496,2.6100697927420065,2.039920783517553,0.3900130035492427,5.916202062607435,0.795839138783491,5799.0,1.04,2.2300144001592104,0.47886370971290276
HD 13808 b,HD 13808,1.4701758451005928,0.9707789171582246,0.0685927914656117,6.464276728675756,0.1000172658901058,5035.0,0.7710000000000001,2.1041341542702074,0.3327401379255557
HD 13808 c,HD 13808,1.4182774069729414,1.0224509277025458,0.1449657702501857,6.02731420000168,0.2274542469012943,5035.0,0.7710000000000001,2.1041341542702074,0.4127827180203011
HD 13908 b,HD 13908,2.7013612129514133,0.4459670514174942,0.0198026272961797,7.169839504242309,0.1432341680859077,6255.0,1.29,1.3609765531356006,0.22129621296010152
HD 13908 c,HD 13908,2.624668592163159,1.6620303625532709,0.1133286853070031,6.050205042130582,1.1085626195212777,6255.0,1.29,1.3609765531356006,0.5898311479365498
HD 1397 b,HD 1397,2.52576336370553,0.3900130035492427,0.223943231484774,7.114200180673295,0.1040897085243808,5521.0,1.324,1.706564623164823,0.1901391055910494
HD 140901 b,HD 140901,1.623340817603092,0.8197798314933114,0.3866220203066844,6.71716361896165,0.0815799869924228,5610.0,0.99,1.4350845252893227,0.23499274025707106
HD 141004 b,HD 141004,1.5623463049002495,0.8754687373538999,0.1484200051182732,6.861583583629072,0.1167157996959607,5885.38,1.051904,1.99061032797322,0.2505834858141043
HD 141399 b,HD 141399,2.72785282839839,0.2382291887322506,0.0392207131532812,6.148895555056811,0.3471295310952009,5600.0,1.07,2.196591043362611,0.3680491492707297
HD 141399 c,HD 141399,2.681021528714291,0.6538864666066427,0.0468835858988504,5.993961427306569,0.524136637825663,5600.0,1.07,2.196001607591262,0.43659553887598956
HD 141399 d,HD 141399,2.6878474937846906,0.588342066193819,0.0713899960866729,5.860843201899544,1.128171090909654,5600.0,1.07,2.2311964969063927,0.5921115589067925
HD 142 A d,HD 142,2.476538400117484,0.3008450589780618,0.1222176327242492,6.346059078488439,0.3879797937671448,6245.0,1.21,1.415853163361435,0.3199578085407082
HD 142 b,HD 142,2.617395832834079,1.9530276168241767,0.1466943791508035,6.157614376902071,0.7124594915923181,6245.0,1.21,1.415853163361435,0.4244065629688505
HD 142022 A b,HD 142022 A,2.631888840136646,1.541159071680806,0.4252677354043441,4.967727793084979,1.3686394258811698,5421.0,0.9,2.079441541679836,0.25897331843886545
HD 142415 b,HD 142415,2.6741486494265287,0.7839015438284094,0.4054651081081644,6.688977185177567,0.7227059828014898,5940.0,1.07,0.7419373447293773,0.4594882674228021
HD 143105 b,HD 143105,2.6878474937846906,0.5999347988377666,0.0676586484738148,7.496374930188148,0.0371994409891062,6380.0,1.5100000000000002,1.066777565148091,0.19887981813319214
HD 143361 b,HD 143361,2.631888840136646,1.5129270120532563,0.1798184265758361,6.049497578358592,1.094604267270571,5507.0,0.968,1.3716882087305284,0.3694705155512306
HD 145377 b,HD 145377,2.624668592163159,1.7934247485471162,0.2700271372130601,6.180774130669562,0.371563556432483,6014.0,1.2,0.832909122935104,0.31841031888830906
HD 1461 b,HD 1461,1.229640551074514,1.252762968495368,0.1587116911548208,7.064077599090795,0.061471322088101,5765.0,1.02,2.0943301541735866,0.27636701623168125
HD 1461 c,HD 1461,1.172482137234565,1.3270750014599193,0.2662030407746567,6.664476620106309,0.1058903752574322,5765.0,1.02,2.0943301541735866,0.3260979618936821
HD 147018 b,HD 147018,2.667228206581955,0.9321640810304452,0.3843095660353731,6.418658530679712,0.2141431691169107,5441.0,0.927,1.9960599327407849,0.2804101764717494
HD 147018 c,HD 147018,2.617395832834079,1.884034745337226,0.1248689820458692,6.187853361113372,1.0722683133285078,5441.0,0.927,1.9960599327407849,0.35265567277836246
HD 147379 b,HD 147379,1.7817091333745536,0.6856189141391538,0.0610950993598108,5.844123959209273,0.2771012929075938,4090.0,0.58,2.1435893615035875,0.6536952847746664
HD 147513 b,HD 147513,2.6878474937846906,0.6004834956965259,0.2311117209633866,6.352925519718092,0.8415671856782186,5883.0,1.11,0.262364264467491,0.5648862011044781
HD 14787 b,HD 14787,2.6878474937846906,0.5658818295140691,0.1441003439737568,6.393373339013369,0.9932517730102834,4946.0,1.4300000000000002,1.258460989610006,0.3621112975072323
HD 147873 b,HD 147873,2.624668592163159,1.66392609771817,0.1881379421153944,6.5839623195179975,0.4200252594394941,5972.0,1.3799999999999997,1.6094379124341005,0.27182679566996815
HD 147873 c,HD 147873,2.660259537265861,0.9969486348916092,0.2070141693843261,6.3955954322030095,0.8586616190375187,5972.0,1.3799999999999997,1.6094379124341005,0.3796350975403881
HD 148156 b,HD 148156,2.7013612129514133,0.44018854416655,0.418710334858185,5.8444715233673215,1.2383742310432684,6308.0,1.22,0.9719146356221522,0.4744981118560907
HD 149026 b,HD 149026,2.229440041698577,0.5596157879354227,0.0,7.394493107219038,0.042714602407537,6179.0,1.4199999999999997,1.2809338454620645,0.21731965559578872
HD 149143 b,HD 149143,2.681021528714291,0.6538864666066427,0.0165620882989782,7.2749160539325874,0.0516432331518384,5856.0,1.2,1.66392609771817,0.21871994576096435
HD 1502 b,HD 1502,2.653241964607215,1.128171090909654,0.0305292050348228,6.408858226081421,0.8162493776939287,4947.0,1.46,1.2237754316221157,0.3534378124302063
HD 151450 b,HD 151450,2.0719132752590443,0.4898062565419153,0.4027948795522855,6.597009266931805,0.1484200051182732,6091.98,1.14,1.165335920711018,0.22837246350309962
HD 152079 b,HD 152079,2.653241964607215,1.1052568313867783,0.4265740713183996,5.496315402726999,1.6461554953692632,5907.0,1.1470000000000002,0.963937385341508,0.3726270330908096
HD 152581 b,HD 152581,2.667228206581955,0.8586616190375187,0.0392207131532812,5.880868125765955,0.9783261227936076,5027.0,1.3,2.5649493574615367,0.37747590988012386
HD 152843 b,HD 152843,1.3987168811184478,1.0647107369924282,0.0449733656427311,6.911856856003212,0.0997548331369922,6310.0,1.15,1.603419840108537,0.27067867932680256
HD 152843 c,HD 152843,1.937301774518713,0.2255406759139312,0.0713899960866729,5.537649178058771,0.1381954987513994,6310.0,1.15,1.603419840108537,0.45980930516397356
HD 15337 b,HD 15337,1.0188473201992472,2.009287281756629,0.0563803334361076,6.90975328164481,0.0511207795077143,5131.0,0.829,2.360854001118021,0.4047151400405565
HD 15337 c,HD 15337,1.2601640839756785,1.1948311464086523,0.0916671885258238,6.487836213903822,0.1164488126432468,5131.0,0.829,2.360854001118021,0.34880425762884876
HD 153557 b,HD 153557,1.752672080520008,0.708035793053696,0.0629747991613884,6.7351836369197775,0.0657877405380031,4837.0,0.79,1.7250853359600624,0.27543737579329897
HD 153557 c,HD 153557,1.6789639750827106,0.7701082216960736,0.4127716832906025,6.477118506056404,0.1052605106574929,4837.0,0.79,1.7250853359600624,0.27396925586420817
HD 153950 b,HD 153950,2.653241964607215,1.175573329804238,0.29266961396282,6.366412026780981,0.8241754429663495,6124.0,1.25,1.667706820558076,0.48400480589605
HD 154088 b,HD 154088,1.2412685890696329,1.235471471385307,0.2956502421009578,6.56592672285964,0.1257512053055603,5374.0,0.91,2.19722457733622,0.32093035210733284
HD 154345 b,HD 154345,2.6878474937846906,0.5922212619699848,0.0392207131532812,4.430102257905444,1.6505798557652755,5468.0,0.71,2.353943385269188,0.2960770312006207
HD 154857 b,HD 154857,2.660259537265861,1.0367368849500225,0.3784364357202451,6.491330330637631,0.8285518175661483,5589.0,1.96,1.8931119634883424,0.35835803057289173
HD 155193 b,HD 155193,2.70805020110221,0.3900130035492427,0.1906203596086497,6.452994879149095,0.712949807856125,6239.0,1.221,1.460404118986304,0.3537311727139764
HD 155358 b,HD 155358,2.694627180770069,0.5056120567131033,0.1570037488096647,6.36425321485401,0.4885800148186709,5905.0,1.15,2.4595888418037104,0.3390467615605613
HD 155358 c,HD 155358,2.7013612129514133,0.4278787029450644,0.1484200051182732,6.36399487744325,0.7030975114131134,5900.0,0.9200000000000002,2.4595888418037104,0.436826965228666
HD 155918 b,HD 155918,1.3001916620664788,1.1631508098056809,0.1773090149704103,7.418699295739401,0.0295588022415444,5771.84,1.03,2.5877640352277083,0.21446438806886903
HD 156098 b,HD 156098,1.6331544390514163,0.8109302162163288,0.1034587083682299,7.0258938069991785,0.1544363533044189,6419.19,1.29,1.1675162673153208,0.23088992872463887
HD 156411 b,HD 156411,2.70805020110221,0.3859424416193004,0.1988508587451652,6.342543864689555,1.0577902941478543,5900.0,1.25,1.66392609771817,0.48328476735556036
HD 156668 b,HD 156668,1.0543120297715298,1.501852701754163,0.0,6.925988047243197,0.048790164169432,4850.0,0.772,2.26176309847379,0.3697352776272716
HD 156668 c,HD 156668,1.969905654611529,0.5521594872589679,0.0852598439508234,5.121520520396782,0.9439058989071286,4903.69,0.785167,2.26176309847379,0.3211145455995588
HD 158038 b,HD 158038,2.6741486494265287,0.7371640659767197,0.2546422183735807,6.11257537285704,0.9162907318741552,4860.0,1.3,1.252762968495368,0.3575610919673089
HD 158259 b,HD 158259,0.825174943299433,1.9629077254238845,0.0073727543294129,7.288244401020124,0.0971267107307227,5801.89,1.08,1.7547496435941543,0.42514965292243934
HD 158259 c,HD 158259,1.172482137234565,1.3270750014599193,0.0606246218164348,7.124359092752091,0.0971267107307227,5801.89,1.08,1.7768150218422325,0.31122404995921227
HD 158259 d,HD 158259,1.1568811967920856,1.3532545070416904,0.0092570212626767,7.175872195939078,0.0971267107307227,5801.89,1.08,1.871032650122563,0.32490068191176735
HD 158259 e,HD 158259,1.205970806988609,1.2837077723447896,0.0165620882989782,6.953014454637716,0.0971267107307227,5801.89,1.08,1.9772703790687096,0.3203344960397612
HD 158259 f,HD 158259,1.208960345836975,1.2809338454620645,0.003932258527605,6.804060042643372,0.0971267107307227,5801.89,1.08,1.8724173722455093,0.3381958612695083
HD 15906 b,HD 15906,1.175573329804238,1.324418957401803,0.1043600153242427,6.505784060128229,0.0861776962410523,4757.0,0.79,1.6780307038997122,0.3778385215244414
HD 15906 c,HD 15906,1.3686394258811698,1.0818051703517284,0.0392207131532812,6.278521424165844,0.1319050708799385,4757.0,0.79,1.7467621032973193,0.38312635954661717
HD 159243 b,HD 159243,2.6878474937846906,0.5692831933375594,0.0198026272961797,6.927714756721741,0.1043600153242427,6123.0,1.125,0.8109302162163288,0.22594627219064878
HD 159243 c,HD 159243,2.667228206581955,0.8671004876833832,0.0723206615796261,5.9471468664568565,0.5877866649021191,6123.0,1.125,0.8109302162163288,0.4721885400769471
HD 159868 b,HD 159868,2.660259537265861,0.9745596399981308,0.023716526617316,5.361573816183052,1.199964782928397,5534.0,1.19,2.1482677326096886,0.7573065083331465
HD 159868 c,HD 159868,2.70805020110221,0.3981047537018719,0.1688985364618139,6.351688186970457,0.7090205297162355,5534.0,1.19,2.1482677326096886,0.38849442121378014
HD 1605 b,HD 1605,2.694627180770069,0.483043242753539,0.0907543632684641,6.4253551293998505,0.9130856009252069,4915.0,1.33,1.6789639750827106,0.4057826363168756
HD 1605 c,HD 1605,2.639057329615259,1.355835153635182,0.0944006754214843,6.372978434393633,1.5225719794124384,4915.0,1.33,1.6789639750827106,0.6120805687900676
HD 160691 b,HD 160691,1.3453561970918029,1.269760544863939,0.049266241302918,6.0870019738170456,0.9162907318741552,5773.0,1.13,1.9021075263969205,0.679313923226222
HD 160691 c,HD 160691,1.3453561970918029,1.269760544863939,0.0382587121170903,5.633467300741176,1.6428726885203375,5773.0,1.13,1.9021075263969205,0.48877639547045826
HD 160691 d,HD 160691,1.4422019930581866,0.9969486348916092,0.0,6.803505257608338,0.090936994992102,5773.0,1.13,1.9021075263969205,0.2916434549923216
HD 160691 e,HD 160691,1.3453561970918029,1.269760544863939,0.0644760191843648,6.3168758363697695,0.6729444732424258,5773.0,1.13,1.9021075263969205,0.5206054676558176
HD 16141 b,HD 16141,2.476538400117484,0.3008450589780618,0.2231435513142097,6.350012735428395,0.3074846997479606,5757.0,1.11,2.1412419425852827,0.2999601746860913
HD 162020 b,HD 162020,2.602689685444384,2.2823823856765264,0.2468600779315258,6.478509642208569,0.0769610411361283,4723.0,0.4199999999999999,1.9459101490553128,0.2651067720870749
HD 163607 c,HD 163607,2.660259537265861,0.9669838461896731,0.0769610411361283,5.897758080667674,1.2208299213923592,5522.0,1.12,2.26176309847379,0.6360066711149119
HD 16417 b,HD 16417,1.791759469228055,0.6790482561804436,0.1823215567939546,6.772279139419688,0.1310282624064041,5841.0,1.2,2.079441541679836,0.2447326647538925
HD 164509 b,HD 164509,2.72785282839839,0.2350721221794835,0.2134971742624043,6.355065451117447,0.6259384308664953,5859.0,1.12,1.199964782928397,0.4593407273021437
HD 164595 b,HD 164595,1.6409365794934714,0.8020015854720274,0.0843411484337508,6.25206571978062,0.2070141693843261,5790.0,0.99,2.0943301541735866,0.35260779553866994
HD 164922 b,HD 164922,2.660259537265861,0.239803992207317,0.0769610411361283,5.077670695432414,1.1505720275988207,5390.0,0.926,2.3589654264301534,0.32065679515894496
HD 164922 c,HD 164922,1.5390154481375546,0.9001613499442714,0.1133286853070031,5.995207533386816,0.2934156042995415,5390.0,0.926,2.3589654264301534,0.39770848724823926
HD 164922 d,HD 164922,1.0402767116551463,1.5238800240724537,0.1133286853070031,6.798416861955087,0.0980337402713654,5390.0,0.926,2.3589654264301534,0.3741031773302935
HD 164922 e,HD 164922,1.4422019930581866,1.000631880307906,0.0825012215117436,6.322550877167048,0.2063635512741925,5393.43,0.921146,2.3589654264301534,0.35663406886630855
HD 165155 b,HD 165155,2.653241964607215,1.1600209167967532,0.1823215567939546,6.100767281998432,0.7561219797213337,5426.0,1.02,2.4849066497880004,0.6076334933672911
HD 167042 b,HD 167042,2.681021528714291,0.6780335427498971,0.009950330853168,6.608445870289377,0.7975071958841881,4919.0,1.3899999999999997,1.1631508098056809,0.32979999679620686
HD 167677 b,HD 167677,2.653241964607215,1.1505720275988207,0.1672079189839064,5.66988092298052,1.355061658688792,5474.0,0.96,2.525728644308256,0.3748402654878218
HD 168009 b,HD 168009,1.3987168811184478,1.0473189942805592,0.1133286853070031,6.816188085456647,0.1126141443691343,5778.33,0.986073,2.3683728335320486,0.2657243409947592
HD 168443 b,HD 168443,2.6100697927420065,2.0360119837525,0.4252677354043441,6.688479239194416,0.2561914053604101,5491.0,0.98,2.4915511925066687,0.20358741610546505
HD 168746 b,HD 168746,2.4932054526026954,0.2963940130538024,0.1043600153242427,6.803505257608338,0.0676586484738148,5570.0,1.07,2.19722457733622,0.23899131090895848
HD 169830 b,HD 169830,2.653241964607215,1.0715836162801904,0.2577381960787088,5.846438775057724,0.5681506903852601,6300.0,1.17,1.1631508098056809,0.356761027313081
HD 169830 c,HD 169830,2.6100697927420065,2.0412203288596382,0.2199384203652614,6.161840032883536,1.404870746692826,6300.0,1.17,1.1631508098056809,0.6042926034762796
HD 170469 b,HD 170469,2.714694743820879,0.3442986728706769,0.1043600153242427,5.8217432722897655,1.175573329804238,5842.0,1.1,2.0412203288596382,0.5709690598177516
HD 171238 b,HD 171238,2.602689685444384,2.1826747963214883,0.3060130291365043,6.126432407518466,1.2578926463153663,5467.0,0.9200000000000002,2.079441541679836,0.25979497645693844
HD 175541 b,HD 175541,2.714694743820879,0.316998126785834,0.1043600153242427,6.337179650810373,0.6805683983530851,5013.0,1.3899999999999997,1.0647107369924282,0.3369549821335259
HD 175607 b,HD 175607,1.3453561970918029,1.269760544863939,0.1043600153242427,6.300046071594299,0.0971267107307227,5392.0,0.71,2.4265710727750367,0.34978607216076607
HD 17674 b,HD 17674,2.7013612129514133,0.4485245975686113,0.1222176327242492,5.761013108110473,0.8837675401685949,5904.0,0.98,2.2407096892759584,0.6881349159528856
HD 176986 b,HD 176986,1.3453561970918029,1.269760544863939,0.0639133257436528,6.643789733147672,0.0610537062171435,4931.0,0.7889999999999999,1.667706820558076,0.3248813648131027
HD 176986 c,HD 176986,1.3453561970918029,1.269760544863939,0.1052605106574929,6.326149473155099,0.1121941133521588,4931.0,0.7889999999999999,1.667706820558076,0.36985985777508984
HD 176986 d,HD 176986,1.249901736214336,1.2267122912954256,0.060153922819747,5.8971538676367405,0.2480234634360996,4931.0,0.7889999999999999,1.667706820558076,0.48366984409257896
HD 177565 b,HD 177565,1.6094379124341005,0.832909122935104,0.0576083126203133,6.2668209698691255,0.2199384203652614,5627.0,1.0,2.064327903869788,0.36491397528669733
HD 177830 b,HD 177830,2.6741486494265287,0.7884573603642702,0.0953101798043248,6.468009236897099,0.76080582903376,4901.0,1.7000000000000002,1.6863989535702286,0.37427287722988933
HD 177830 c,HD 177830,2.1826747963214883,0.4298324645564588,0.262364264467491,6.3828341114935405,0.4145569847863825,4949.0,1.4700000000000002,1.6863989535702286,0.2885101388472945
HD 178911 B b,HD 178911 B,2.6100697927420065,2.080690761080268,0.1043600153242427,6.28469370598888,0.2926696139628199,5588.0,1.2400000000000002,1.7332471981603867,0.3517957897966085
HD 179949 b,HD 179949,2.7013612129514133,0.4675004990276171,0.0217614917815126,7.3266629627867905,0.0433468045033658,6168.0,1.21,1.269760544863939,0.21397298764598888
HD 180053 b,HD 180053,2.660259537265861,0.9669838461896731,0.0778865386570712,6.388578212127087,0.6113946786876863,5131.0,1.75,1.6203778524724348,0.317399133130591
HD 18015 b,HD 18015,2.6461747973841225,1.269760544863939,0.1380212978973746,5.849526488708907,1.5830939370944987,5603.0,1.49,1.706564623164823,0.6536422677556025
HD 180617 b,HD 180617,1.5107219394949427,0.9282193027394288,0.0962188577405429,5.836855428880563,0.2949059175411004,3534.0,0.484,1.2056713609615175,0.5160651564801716
HD 180902 b,HD 180902,2.6741486494265287,0.7884573603642702,0.1016536537264998,6.394376398428429,0.8754687373538999,4961.0,1.41,1.33500106673234,0.36528394285098553
HD 181342 b,HD 181342,2.653241964607215,1.075002423028976,0.0217614917815126,5.891202125169587,0.9524297784900284,4945.0,1.69,1.0986122886681096,0.4001890382481174
HD 18143 b,HD 18143,1.4539530095937054,0.9858167945227652,0.2021241840901343,6.484728361069936,0.0843411484337507,5078.0,0.8500000000000001,2.341805806147327,0.2930986495129367
HD 181433 b,HD 181433,1.3453561970918029,1.269760544863939,0.3364722366212129,6.656489992350903,0.0769610411361283,4918.0,0.63,2.0412203288596382,0.2836169591001783
HD 181433 c,HD 181433,1.3453561970918029,1.269760544863939,0.2468600779315258,6.1301389417957415,1.015230679729059,4962.0,0.78,2.0412203288596382,0.3207515645314984
HD 181433 d,HD 181433,2.653241964607215,1.11514159061932,0.3920420877760237,4.912213611918492,1.3862943611198906,4962.0,0.78,2.0412203288596382,0.25529175746742405
HD 181720 b,HD 181720,2.70805020110221,0.2271355725837472,0.2311117209633866,6.341240749355558,1.0473189942805592,5736.0,1.03,2.262564860310187,0.5970200864481857
HD 183263 b,HD 183263,2.6461747973841225,1.308332819650179,0.3242550526826211,5.989713014069176,0.9001613499442714,5948.0,1.06,2.211565694606877,0.5843234411207178
HD 183579 b,HD 183579,1.501852701754163,1.2947271675944,0.059211859631846,6.6240652277998935,0.1241626426204225,5784.0,0.996,1.410986973710262,0.32754607035497263
HD 184010 b,HD 184010,2.5726122302071057,0.2669690308542392,0.0,6.238910390945157,0.6626879730752367,4971.0,1.35,1.324418957401803,0.3522070369647903
HD 184010 c,HD 184010,2.5494451709255714,0.2768738737351776,0.0,6.238910390945157,0.8475835338643642,4971.0,1.35,1.324418957401803,0.37599742585493656
HD 184010 d,HD 184010,2.72785282839839,0.2382291887322506,0.0,5.8522024797744745,1.0715836162801904,4971.0,1.35,1.324418957401803,0.45017619419966615
HD 185269 b,HD 185269,2.694627180770069,0.5134222496132567,0.2062008305838977,7.290770258252709,0.0741793981742515,5923.0,1.3,1.6094379124341005,0.18449632298786073
HD 185283 b,HD 185283,2.681021528714291,0.6434315883140125,0.0676586484738148,4.51393170555382,1.7227665977411035,4848.0,0.8,1.9459101490553128,0.2981683063871733
HD 18599 b,HD 18599,1.2809338454620645,2.1400661634962708,0.29266961396282,6.761572768804055,0.0468835858988504,5145.0,0.863,0.3364722366212129,0.3007632370987754
HD 187085 b,HD 187085,2.7013612129514133,0.4343764516025845,0.223943231484774,5.375093205350086,1.1314021114911006,6117.0,1.189,1.3209555198115503,0.4171707319922976
HD 187123 b,HD 187123,2.7212954278522306,0.2768738737351776,0.0102473164515495,7.181987303709514,0.0417175933518685,5790.0,1.04,2.128231705849268,0.2226878415247088
HD 18742 b,HD 18742,2.6461747973841225,1.2919836816486496,0.0392207131532812,6.459434860567543,1.0367368849500225,4940.0,1.36,1.1939224684724346,0.3786393905189559
HD 188015 b,HD 188015,2.681021528714291,0.712949807856125,0.128393214768399,6.259581464064923,0.7898200678202061,5746.0,1.09,2.0294631718735947,0.6053983189999438
HD 189567 b,HD 189567,1.3480731482996928,1.1052568313867783,0.1731126177086447,6.74087390667606,0.1052605106574929,5726.0,0.83,2.4849066497880004,0.2611766194923888
HD 189567 c,HD 189567,1.264126727145683,1.208960345836975,0.1484200051182732,6.50394080782294,0.1798184265758361,5726.0,0.83,2.4849066497880004,0.32211337727788886
HD 189733 b,HD 189733,2.6149234359124165,0.664233170395303,0.0,7.098375638590786,0.0307813555894353,5052.0,0.79,0.8754687373538999,0.216849245928366
HD 190007 b,HD 190007,1.6213664832993742,0.8197798314933114,0.1275133202989596,6.464846837245474,0.0880108773227133,4610.0,0.77,0.6931471805599453,0.29376588415543314
HD 190228 b,HD 190228,2.631888840136646,1.6272778305624314,0.4440445900756395,6.118317438103905,1.2255385822404965,5360.0,1.415,1.8416601276815143,0.5623480121302049
HD 190360 b,HD 190360,2.667228206581955,0.8372475245337022,0.29266961396282,5.017279836814924,1.589235205116581,5552.0,1.0,2.251291798606496,0.2681104456205856
HD 190360 c,HD 190360,1.7209792871670078,0.7323678937132266,0.2126890934103508,6.632238903429228,0.1225715523881806,5549.0,0.98,2.251291798606496,0.26467064606808743
HD 190647 b,HD 190647,2.667228206581955,0.8919980393051105,0.2021241840901343,6.058001070908226,1.1727916868423611,5656.0,1.069,2.192435349493058,0.5849861016787544
HD 191806 b,HD 191806,2.602689685444384,2.2353763433005955,0.193096629961913,6.375893267150049,1.321489137753775,6010.0,1.07,1.3609765531356006,0.4676033703551673
HD 191939 b,HD 191939,1.483874689458755,0.8754687373538999,0.0305292050348228,6.78105762593618,0.0773313429363234,5348.0,0.81,2.272125885509337,0.2808654534030962
HD 191939 c,HD 191939,1.4338933399191696,0.8544153281560676,0.0334347760862373,6.398594934535208,0.1614383458775305,5348.0,0.81,2.272125885509337,0.3469710085414568
HD 191939 d,HD 191939,1.385043579218238,0.4510756193602167,0.0305292050348228,6.293419278846481,0.193261496832289,5348.0,0.81,2.272125885509337,0.3554734487230056
HD 191939 e,HD 191939,2.639057329615259,0.2476410229145972,0.0305292050348228,5.968707559985366,0.341459778132252,5348.0,0.81,2.272125885509337,0.42235299284581584
HD 191939 f,HD 191939,2.653241964607215,1.1600209167967532,0.0,4.836281906951478,1.5496879080283263,5348.0,0.81,2.272125885509337,0.3136982253057046
HD 191939 g,HD 191939,1.556037135706985,0.8837675401685949,0.0295588022415444,5.631211781821365,0.5944312076207876,5348.0,0.81,2.272125885509337,0.7542562745694368
HD 192263 b,HD 192263,2.7212954278522306,0.29416103854949,0.048790164169432,6.18826412308259,0.1397619423751586,4976.0,0.6599999999999999,1.128171090909654,0.34633041021601546
HD 192310 b,HD 192310,1.6620303625532709,0.7839015438284094,0.1222176327242492,5.87493073085203,0.2776317365982795,5166.0,0.8,2.175887439948088,0.4371943458826752
HD 192310 c,HD 192310,1.8325814637483104,0.647626665258136,0.2776317365982795,5.225746673713202,0.7793248768009976,5166.0,0.8,2.175887439948088,0.5259232524838443
HD 192699 b,HD 192699,2.667228206581955,0.924258901523332,0.0788111804242897,5.904162218705185,0.7241612340891147,5041.0,1.3799999999999997,1.0296194171811583,0.3674048056616145
HD 195019 b,HD 195019,2.639057329615259,1.425515074273172,0.009950330853168,6.822447903901727,0.1310282624064041,5751.0,1.21,1.4350845252893227,0.2571054129651305
HD 196050 b,HD 196050,2.631888840136646,1.5727739280625088,0.1823215567939546,6.443655785971495,1.2947271675944,5879.0,1.27,1.667706820558076,0.4146763121976191
HD 196067 c,HD 196067,1.43746264769429,1.0043016091968684,0.2110709700799405,7.342869800113297,0.0971267107307227,6072.0,1.16,1.6486586255873816,0.21763082360934705
HD 196885 A b,HD 196885 A,2.653241964607215,1.085189268335969,0.3920420877760237,5.875604661013447,1.2149127443642704,6254.0,1.2800000000000002,1.415853163361435,0.5767552081384413
HD 197037 b,HD 197037,2.7013612129514133,0.414755155015257,0.1988508587451652,6.357689741878543,1.1216775615991057,6150.0,1.11,1.0647107369924282,0.5603222774367136
HD 199509 b,HD 199509,2.131796772013764,0.456791735273505,0.316998126785834,6.194201288644529,0.3548733219921042,5796.02,1.04,0.9555114450274363,0.3489692716539324
HD 19994 b,HD 19994,2.681021528714291,0.6683420616409741,0.0610950993598108,6.402414585446716,0.8350806764486118,6188.0,1.365,1.2237754316221157,0.443040937998315
HD 20003 b,HD 20003,1.4883995840570443,0.9516578757114464,0.3074846997479606,6.637480811185389,0.0929437456427379,5494.0,0.8749999999999999,2.180756384628912,0.264678293695426
HD 20003 c,HD 20003,1.5871923034867808,0.8544153281560676,0.0953101798043248,6.279241615047549,0.1793170477736559,5494.0,0.8749999999999999,2.122860162047357,0.3523890877943472
HD 200964 b,HD 200964,2.6741486494265287,0.76080582903376,0.0834216081390723,6.266441247062209,0.9419584786227329,4982.0,1.3899999999999997,1.3862943611198906,0.3824720210042831
HD 200964 c,HD 200964,2.6878474937846906,0.6015799870344548,0.217527812528574,6.301152699822378,1.085189268335969,4982.0,1.3899999999999997,1.3862943611198906,0.394319278767024
HD 202772 A b,HD 202772 A,2.907878996811654,0.2949059175411004,0.0372957847436968,7.665284718471351,0.0507691570515724,6272.0,1.72,0.9932517730102834,0.19943446560578312
HD 20329 b,HD 20329,1.000631880307906,2.203869120054888,0.0,7.669495251007694,0.017839918128331,5596.0,0.9,2.4849066497880004,0.38335835921752104
HD 204313 b,HD 204313,2.631888840136646,1.55814461804655,0.0953101798043248,5.8045323777563445,1.4315067039414386,5767.0,1.03,1.4770487243883548,0.34717716433640755
HD 204313 c,HD 204313,1.6695918352538477,0.7793248768009976,0.0573250666192694,6.311807401799311,0.1914464645709552,5767.0,1.03,1.4770487243883548,0.3448788458742228
HD 204941 b,HD 204941,2.4069451083182885,0.3293037471426004,0.3148107398400335,4.415461410760119,1.2669476034873244,5026.0,0.58,2.0373166153791646,0.2595696895563842
HD 205158 b,HD 205158,2.7013612129514133,0.2271355725837472,0.1354046370062029,6.703321846629443,0.1629688282781396,6133.55,1.16,1.6572180428816394,0.24500934442619723
HD 205739 b,HD 205739,2.681021528714291,0.6683420616409741,0.2390169004704999,6.395094639270416,0.6397464038328301,6176.0,1.22,1.3454723665996355,0.38556945665459375
HD 206255 b,HD 206255,2.010894999144726,0.5270925962298626,0.2070141693843261,6.384182082393644,0.3791211327685624,5635.0,1.4199999999999997,1.4518971594635073,0.2992305616604617
HD 206893 c,HD 206893,2.854463125564881,1.801709800081223,0.3435897043900769,7.075724329551691,1.5107219394949427,6500.0,1.32,0.1441003439737568,0.23168431889405425
HD 207496 b,HD 207496,1.1786549963416462,1.42791603581071,0.2078268472023164,6.612041034833092,0.0610010215573989,4819.0,0.8,0.418710334858185,0.31621507514244773
HD 20781 b,HD 20781,0.7929925155296614,1.9444805562457188,0.0953101798043248,6.874327752869618,0.0515482618805766,5256.0,0.7,2.394936354058232,0.4188103195698798
HD 20781 c,HD 20781,1.1537315878891892,1.3532545070416904,0.0861776962410523,6.484482552224008,0.0956737500682824,5256.0,0.7,2.325520064276541,0.3830276011337952
HD 20781 d,HD 20781,1.4469189829363254,0.9932517730102834,0.1043600153242427,6.308092977013726,0.1524635431264691,5256.0,0.7,2.205853904034274,0.35601271129559187
HD 20781 e,HD 20781,1.574846467664481,0.8628899551470399,0.0582689081239757,5.966915674186569,0.2907274306377411,5256.0,0.7,2.156171074538509,0.439351199733854
HD 207832 b,HD 207832,2.7212954278522306,0.29416103854949,0.1798184265758361,6.323821183395508,0.4612151232126562,5726.0,1.05,0.8586616190375187,0.4197821134829713
HD 207832 c,HD 207832,2.70805020110221,0.3818552424690306,0.2390169004704999,5.693058511293225,1.1352656063161453,5710.0,0.94,0.8586616190375187,0.40978131995831607
HD 207897 b,HD 207897,1.2068749849228602,1.986503546020567,0.0,6.367758277915867,0.1106465200870636,5106.0,0.8207999999999999,1.7404661748405044,0.461875949725141
HD 20794 b,HD 20794,0.8960880245566356,1.769854633840005,0.0620353909194526,6.493753839851687,0.1184050643786212,5368.0,0.79,1.9110228900548727,0.4838824061149137
HD 20794 d,HD 20794,1.1118575154181305,1.4134230285081433,0.0741793981742515,5.963579343618446,0.3093212475552621,5368.0,0.79,1.9110228900548727,0.5123322523928665
HD 20794 e,HD 20794,1.1085626195212777,1.4182774069729414,0.2546422183735807,5.820082930352362,0.4114471797857119,5401.0,0.813,1.9110228900548727,0.5730780171505296
HD 20794 f,HD 20794,1.1878434223960523,1.308332819650179,0.371563556432483,5.633789102835666,0.8561584888194003,5368.0,0.79,1.9110228900548727,0.7586854598552737
HD 208487 b,HD 208487,2.72785282839839,0.2429461786103894,0.3148107398400335,6.430059742723189,0.4252677354043441,6134.0,1.15,1.0818051703517284,0.31188767115055116
HD 208897 b,HD 208897,2.6878474937846906,0.5938791789012764,0.0198026272961797,6.405724202897641,0.7241612340891147,4860.0,1.25,1.5738729090238943,0.3394932895973008
HD 209458 b,HD 209458,2.8082279091858204,0.3089542077273206,0.0,7.286191714702382,0.0459957873421583,6091.0,1.23,1.410986973710262,0.22001547861866372
HD 210193 b,HD 210193,2.72785282839839,0.2530906276821618,0.2151113796169455,5.773805926024342,0.9110771648212675,5790.0,1.04,1.8497925004786648,0.6852049287539775
HD 210277 b,HD 210277,2.681021528714291,0.6397464038328301,0.3920420877760237,6.223964193346217,0.7561219797213337,5538.0,1.01,2.5649493574615367,0.5534612621819139
HD 210702 b,HD 210702,2.681021528714291,0.7178397931503169,0.0685927914656117,5.931820694180467,0.7318870088758759,4912.0,1.33,1.1314021114911006,0.37011384793876156
HD 211403 b,HD 211403,2.624668592163159,1.724550719534605,0.0806579030174544,5.942799375126701,0.5698489642154517,6273.0,1.2,1.2566126916501157,0.4138319901970114
HD 211970 b,HD 211970,1.5390154481375546,0.9001613499442714,0.1397619423751586,6.089620673362226,0.1336563848126735,4127.0,0.61,1.589235205116581,0.4091543154875422
HD 212301 b,HD 212301,2.7212954278522306,0.2707902047815628,0.0,7.388142313607561,0.0295588022415444,6239.0,1.5499999999999998,0.6931471805599453,0.19572947854309186
HD 212771 b,HD 212771,2.660259537265861,1.0188473201992472,0.0732504617395926,6.35088571671474,0.7839015438284094,5003.0,1.56,1.9459101490553128,0.33603366278202323
HD 213240 b,HD 213240,2.624668592163159,1.6752256529721037,0.3506568716131693,6.227129378975864,1.0612565021243408,5979.0,1.5700000000000005,1.7227665977411035,0.5787517601037278
HD 213519 b,HD 213519,1.383791230901772,1.0612565021243408,0.3457151037023904,6.795146334599483,0.0944006754214843,5840.0,1.05,1.6286521313579048,0.24478504445092786
HD 213885 b,HD 213885,1.009781074961494,2.3174737054877963,0.0,7.663407664893479,0.0199202674351307,5978.0,1.068,1.5686159179138452,0.3996499805923617
HD 213885 c,HD 213885,1.7422190236679187,0.7178397931503169,0.0,7.1439335085668025,0.0552435817185102,5978.0,1.068,1.5686159179138452,0.24305028408397805
HD 21411 b,HD 21411,2.353278207309564,0.3506568716131693,0.3364722366212129,5.989637879766574,0.3089542077273206,5605.0,0.89,1.935859813201812,0.37309700180187777
HD 215152 b,HD 215152,1.3453561970918029,1.269760544863939,0.0,6.726353299247566,0.0560381198782751,4935.0,0.77,1.7351891177396608,0.3256639134064697
HD 215152 c,HD 215152,1.3453561970918029,1.269760544863939,0.0,6.812565091978388,0.0652192269048227,4935.0,0.77,1.7512846366623367,0.31682447648258016
HD 215152 d,HD 215152,1.3453561970918029,1.269760544863939,0.0,6.501612441267136,0.0843319572150411,4935.0,0.77,1.737655210234854,0.36283449627027287
HD 215152 e,HD 215152,1.3453561970918029,1.269760544863939,0.0,6.265996788259452,0.1433814709278192,4935.0,0.77,1.6567031049012146,0.409133172501171
HD 21520 b,HD 21520,1.3075216799544949,0.8544153281560676,0.0,6.45833828334479,0.1592235055479776,5871.0,1.09,1.840549633397487,0.3524126748116367
HD 215497 b,HD 215497,1.3453561970918029,1.269760544863939,0.1484200051182732,6.906354298066509,0.048790164169432,5110.0,0.67,1.916922612182061,0.2751272713101235
HD 215497 c,HD 215497,2.639057329615259,0.245296355955343,0.3852624007906449,5.743163431380052,0.8372475245337022,5113.0,0.9200000000000002,1.916922612182061,0.4532994962757361
HD 216435 b,HD 216435,2.6878474937846906,0.6184236343640088,0.0676586484738148,6.345829324666017,1.269760544863939,5999.0,1.3,1.3862943611198906,0.6257364239665368
HD 216437 b,HD 216437,2.639057329615259,1.4678743481123135,0.2700271372130601,6.328946987587128,1.2725655957915476,5909.0,1.22,1.7749523509116738,0.5091016624494442
HD 216520 b,HD 216520,1.430311246536665,1.01160091167848,0.0861776962410523,6.338594078203183,0.1806534996932576,5103.0,0.8200000000000001,1.9459101490553128,0.37735413384468824
HD 216520 c,HD 216520,1.3937663759585917,1.0508216248317612,0.1133286853070031,5.66559589327096,0.4239596907443287,5103.0,0.8200000000000001,1.9459101490553128,0.7037231850949998
HD 216770 b,HD 216770,2.714694743820879,0.3038014543316642,0.3148107398400335,6.403608965542335,0.3784364357202451,5399.0,0.74,1.410986973710262,0.35201401852056774
HD 21693 b,HD 21693,1.33500106673234,1.118414915964289,0.1133286853070031,6.350466780805806,0.1358412229114131,5430.0,0.8,2.1115456455803683,0.357352004708777
HD 21693 c,HD 21693,1.6752256529721037,0.7747271675523681,0.0676586484738148,6.183618853585284,0.2299999921106961,5430.0,0.8,2.13342060116924,0.3808183546588018
HD 217107 b,HD 217107,2.681021528714291,0.6434315883140125,0.1222176327242492,6.99191258698886,0.0769610411361283,5622.0,1.0,1.922787731634459,0.21658245123561226
HD 217786 c,HD 217786,1.2837077723447896,1.181727195378616,0.3357576956833441,7.2891660540895,0.0372957847436968,5966.0,1.14,2.151762203259462,0.2236851968842926
HD 217958 b,HD 217958,2.7212954278522306,0.2776317365982795,0.1449657702501857,6.353606270938525,1.5598274118807662,5930.64,1.08,2.0729203246895707,0.2763523347360124
HD 218566 b,HD 218566,2.334083760053417,0.3583735005743138,0.262364264467491,5.790125294878218,0.5247285289349821,4730.0,0.76,2.251291798606496,0.6521284297156922
HD 219134 b,HD 219134,0.9562803800903136,1.993338842626424,0.0,6.923628628138427,0.0380276940966573,4699.0,0.81,2.4849066497880004,0.41199741344898233
HD 219134 c,HD 219134,0.920681080175448,2.0731719286662407,0.060153922819747,6.663132695990803,0.0632564496350148,4699.0,0.81,2.4849066497880004,0.44281503369401587
HD 219134 d,HD 219134,0.959350221334602,1.269760544863939,0.1292723357041391,6.019809020117124,0.2126890934103508,4699.0,0.81,2.4849066497880004,0.5052076561270672
HD 219134 f,HD 219134,0.8372475245337022,1.269760544863939,0.1380212978973746,6.260728034035745,0.1365393641388269,4699.0,0.81,2.4849066497880004,0.45310038154302124
HD 219134 g,HD 219134,1.4539530095937054,0.9858167945227652,0.0,5.887491956725004,0.318671889138525,4913.0,0.7940000000000002,2.599722324216582,0.49539235967189393
HD 219134 h,HD 219134,2.617395832834079,0.2546422183735807,0.0582689081239757,4.911035928873501,1.4134230285081433,4913.0,0.7940000000000002,2.599722324216582,0.275490151875086
HD 219415 b,HD 219415,2.694627180770069,0.5098251234324072,0.3364722366212129,5.2575474540048255,1.4350845252893227,4820.0,1.0,2.108150468316289,0.6350254171346855
HD 219666 b,HD 219666,1.7746133103930846,0.6259384308664953,0.048790164169432,6.981934677156389,0.0616217715561698,5540.0,1.02,2.3978952727983707,0.2301468654195823
HD 219828 b,HD 219828,1.7209792871670078,0.7323678937132266,0.0870947068509337,7.225699789560806,0.0478373294141601,5891.0,1.04,1.900613874140137,0.22378273160448198
HD 220197 b,HD 220197,2.334083760053417,0.3583735005743138,0.171429115627531,4.954911145323894,1.3161401011966838,5683.0,0.91,2.412783885292121,0.28460897190072054
HD 220689 b,HD 220689,2.6878474937846906,0.596085467716814,0.0525924501191705,5.804230945953007,1.480695036541375,5921.0,1.016,1.720263467522985,0.3499267753176063
HD 220842 b,HD 220842,2.6461747973841225,1.244154593958768,0.3393253056036194,6.366412026780981,0.5538851132264376,5960.0,1.13,1.7757994496493257,0.3430987814964794
HD 221287 b,HD 221287,2.6461747973841225,1.2237754316221157,0.0769610411361283,6.389236807662363,0.8109302162163288,6304.0,1.25,0.832909122935104,0.5402028141811637
HD 221416 b,HD 221416,2.3194422100604686,0.3583735005743138,0.108854404912082,6.6722228008551125,0.1158255655055903,5080.0,1.212,1.7749523509116738,0.2526022224418833
HD 221585 b,HD 221585,2.6741486494265287,0.76080582903376,0.1160036757563061,5.904462260986121,1.1957389993988323,5620.0,1.19,1.9740810260220096,0.6412801700701792
HD 222076 b,HD 222076,2.6741486494265287,0.7466879474879752,0.0769610411361283,5.88482543661827,1.0402767116551463,4806.0,1.07,1.7047480922384253,0.4595723443738139
HD 224018 b,HD 224018,0.6471032420585385,2.89591193827178,0.0582689081239757,6.876264611890766,0.090936994992102,5784.0,1.013,2.079441541679836,0.4255616060702231
HD 224018 c,HD 224018,1.229640551074514,1.6094379124341005,0.0198026272961797,6.464588303689961,0.1963888140053901,5784.0,1.013,2.079441541679836,0.4146827424082765
HD 224018 d,HD 224018,1.2237754316221157,0.9932517730102834,0.0392207131532812,6.021023349349527,0.4252677354043441,5784.0,1.013,2.079441541679836,0.4686659409999193
HD 224538 b,HD 224538,2.617395832834079,1.8825138324965192,0.3893357261782807,6.18887994984946,1.2163953243244932,6097.0,1.23,1.0986122886681096,0.588141555132176
HD 224693 b,HD 224693,2.70805020110221,0.3688011237365728,0.0989399478549035,6.734710558968391,0.174793290373163,5894.0,1.31,1.6331544390514163,0.25055123273742785
HD 22496 b,HD 22496,1.169381359556317,1.33500106673234,0.0362354925820954,6.352629396319567,0.049742091894814,4385.0,0.684,1.6834315923424268,0.4091836471531961
HD 22946 d,HD 22946,1.282876401921402,2.468099531471619,0.001998002662673,6.304448802421981,0.2591282650337198,6169.0,1.098,1.252762968495368,0.4570534367474095
HD 23079 b,HD 23079,2.653241964607215,1.1052568313867783,0.070905707515731,5.9020867359567655,0.9555114450274363,5994.0,1.16,1.2809338454620645,0.6519106297070576
HD 23079 c,HD 23079,1.33500106673234,1.1216775615991057,0.0925791812930932,6.863615285987936,0.0971267107307227,5994.0,1.16,1.2809338454620645,0.28184467946144565
HD 23127 b,HD 23127,2.6741486494265287,0.7323678937132266,0.3407487933884732,6.405724202897641,1.2149127443642704,5843.0,1.208,1.7062015808664084,0.5729192650775455
HD 231701 b,HD 231701,2.6878474937846906,0.5698489642154517,0.1222176327242492,6.532267332193094,0.4491629633738837,6101.0,1.21,1.4883995840570443,0.3114271232228155
HD 233832 b,HD 233832,2.6741486494265287,0.8153648132841945,0.3067491351690066,4.430578675256047,1.3420812064435652,4981.0,0.71,1.8589507187683785,0.2604080034807829
HD 23472 b,HD 23472,1.0986122886681096,1.9671123567059163,0.0695260626486102,6.298949246855942,0.1099300593721961,4684.0,0.67,1.9864349565627395,0.4871088091015641
HD 23472 c,HD 23472,1.0543120297715298,1.410986973710262,0.0610950993598108,6.148468295917647,0.1523776804208825,4684.0,0.67,2.18103873491455,0.48861385569795274
HD 23472 d,HD 23472,0.5596157879354227,2.1400661634962708,0.0676586484738148,6.813444599510896,0.0420820003793669,4684.0,0.67,2.2513444288004494,0.41145686485862204
HD 23472 e,HD 23472,0.597736995755287,2.1400661634962708,0.0676586484738148,6.584791392385716,0.0657877405380031,4684.0,0.67,1.9532403601501576,0.4568031802719393
HD 23472 f,HD 23472,0.7594029763370106,1.3862943611198906,0.0676586484738148,6.447305862541213,0.0867280035098241,4684.0,0.67,1.775884120069765,0.4538814365719303
HD 235088 b,HD 235088,1.0925942163425466,1.3666568001995072,0.0,6.692083742506628,0.0682192389771438,5075.0,0.8489999999999999,0.5306282510621704,0.3668201474154843
HD 23596 b,HD 23596,2.5952547069568657,2.476538400117484,0.2484213584984782,6.139453424821431,1.3067098817770482,6040.0,1.1,1.8991179875485544,0.5696911920370348
HD 238090 b,HD 238090,1.258460989610006,1.2149127443642704,0.262364264467491,6.154008476293262,0.0891091750717759,3933.0,0.578,1.15735278369071,0.3837069919748047
HD 24040 c,HD 24040,2.336986519711378,0.3569748989477302,0.1043600153242427,5.952255833882702,0.832909122935104,5776.49,1.10394,2.038619547159581,0.5773205661699133
HD 24085 b,HD 24085,1.4951487660319729,0.9439058989071286,0.1988508587451652,7.422134580947425,0.0334347760862373,6034.0,1.22,1.6614609405012524,0.21189166616812974
HD 25171 b,HD 25171,2.7013612129514133,0.4668737362368079,0.0411419433311751,5.817825190696861,1.3790179521491144,6125.0,1.076,1.7582026856992123,0.4408740846645267
HD 25463 b,HD 25463,1.265639181679535,1.3532545070416904,0.0,7.089626734495706,0.0732504617395926,6353.0,1.251,1.1939224684724346,0.29682678219712477
HD 25463 c,HD 25463,0.8601645272405878,2.3115448343655176,0.0,7.369329732331643,0.0433468045033658,6353.0,1.251,1.1939224684724346,0.41480288263321125
HD 25912 b,HD 25912,2.066862759472976,0.4934759854308777,0.048790164169432,6.302618975744905,0.216722983511287,5920.58,1.08,1.0987456131133442,0.3343741642445255
HD 260655 b,HD 260655,0.8064758658669485,1.9740810260220096,0.0382587121170903,6.565264970035361,0.0289081051472076,3803.0,0.4389999999999999,1.791759469228055,0.4742464766947932
HD 260655 c,HD 260655,0.929404371019538,1.7404661748405044,0.0372957847436968,6.324358962381311,0.0463968262292077,3803.0,0.4389999999999999,1.791759469228055,0.49851558978220856
HD 2638 b,HD 2638,2.72785282839839,0.223943231484774,0.0,7.060437738644332,0.0392207131532812,5186.0,0.77,1.3862943611198906,0.2324485046269001
HD 2685 b,HD 2685,2.8414709209360587,0.3960879462955674,0.0870947068509337,7.631431664576906,0.0552454742259785,6801.0,1.4300000000000002,0.8372475245337022,0.17777206270350612
HD 27442 b,HD 27442,2.6741486494265287,0.7466879474879752,0.0582689081239757,5.895283988634013,0.8202202631234214,4846.0,1.23,2.3978952727983707,0.39887122345629367
HD 27631 b,HD 27631,2.6741486494265287,0.7466879474879752,0.1319050708799385,5.174566559111862,1.4450348561424906,5737.0,0.944,1.6114359150967734,0.32805689847944763
HD 27894 b,HD 27894,2.714694743820879,0.3264219007677115,0.0459289318883998,6.479587402230357,0.1177830356563834,4875.0,0.81,1.589235205116581,0.30822394869027625
HD 27894 c,HD 27894,2.2235418856535927,0.4094571293777018,0.0148886124937506,6.281271859636395,0.1806534996932576,4875.0,0.8,1.589235205116581,0.3598813510271818
HD 27969 b,HD 27969,2.631888840136646,1.5912739418064292,0.1672079189839064,5.568344503761097,0.9368773654825436,5966.0,1.16,1.7343068944799698,0.6584281059387904
HD 28109 b,HD 28109,1.3056264580524355,1.0296194171811583,0.0070749136719618,6.766191714660351,0.1272492009154635,6189.0,1.227,1.4350845252893227,0.30637387232607804
HD 28109 c,HD 28109,1.635105659182678,0.5306282510621704,0.0038924147153438,6.467698726104354,0.2684992530350069,6189.0,1.227,1.4350845252893227,0.3262739775548582
HD 28109 d,HD 28109,1.4134230285081433,0.7419373447293773,0.0053854722763378,6.331501849893691,0.3442986728706769,6189.0,1.227,1.4350845252893227,0.3626190113358812
HD 28185 b,HD 28185,2.624668592163159,1.769854633840005,0.0610950993598108,6.222973014753819,0.7100042976263682,5602.0,0.974,2.2300144001592104,0.6008374238221497
HD 28192 b,HD 28192,2.580216829592325,0.2639015437863775,0.0989399478549035,6.771482990675385,0.1115413747329074,5919.87,1.08,1.441255919193865,0.2467782227018534
HD 28471 b,HD 28471,1.01160091167848,1.5706970841176695,0.178146185383474,7.228388451573604,0.0411419433311751,5766.0,0.98,2.0228711901914416,0.34195030610218335
HD 28471 c,HD 28471,1.181727195378616,1.3137236682850553,0.0843411484337508,6.9726062513017535,0.0629747991613884,5766.0,0.98,2.0228711901914416,0.3117278216065307
HD 28471 d,HD 28471,1.118414915964289,1.4085449700547104,0.0889262091944015,6.852242569051878,0.0953101798043248,5766.0,0.98,2.0228711901914416,0.34981454731895784
HD 285507 b,HD 285507,2.694627180770069,0.501381164937991,0.0861776962410523,6.856251436115022,0.0582689081239757,4503.0,0.8200000000000001,0.4855078157817007,0.20898921666767806
HD 285968 b,HD 285968,1.3428648031925547,1.1118575154181305,0.0,6.111467339502679,0.0639133257436528,3703.49,0.5,1.5303947050936475,0.4337974917344199
HD 29021 b,HD 29021,2.631888840136646,1.534714366238164,0.3736303845881458,5.507791921334496,1.1921026317554486,5560.0,0.86,1.871802176901592,0.39547123133134826
HD 290327 b,HD 290327,2.660259537265861,1.0296194171811583,0.0769610411361283,4.953570993474578,1.4883995840570443,5505.0,0.8400000000000001,2.139206970966646,0.3052129818996123
HD 29399 b,HD 29399,2.6741486494265287,0.7466879474879752,0.048790164169432,5.869918189028486,1.0691834779772975,4845.0,1.17,1.9740810260220096,0.4569406084765727
HD 30177 b,HD 30177,2.6100697927420065,2.1210632163706555,0.1881379421153944,5.814458836136264,1.526925490859636,5580.0,0.98,1.259880436264232,0.3198333103052138
HD 30669 b,HD 30669,2.72785282839839,0.2476410229145972,0.1655144384775733,5.621595803668254,1.3056264580524355,5400.0,0.9200000000000002,1.7578579175523736,0.412592717067109
HD 30856 b,HD 30856,2.6741486494265287,0.7419373447293773,0.059211859631846,6.016644845638281,1.0473189942805592,4895.0,1.17,1.5686159179138452,0.44460585383347084
HD 31253 b,HD 31253,2.714694743820879,0.3264219007677115,0.262364264467491,6.365113857876283,0.8153648132841945,6130.0,1.7000000000000002,1.3862943611198906,0.42233963092620214
HD 31527 b,HD 31527,1.4398351280479205,1.000631880307906,0.0953101798043248,6.667338398997471,0.1181385280170415,5898.0,0.96,1.7649020150581722,0.2961197341499886
HD 31527 c,HD 31527,1.578978704949392,0.8586616190375187,0.0392207131532812,6.2423010834389405,0.2360992624744257,5898.0,0.96,1.7660997224474777,0.3669670744574909
HD 31527 d,HD 31527,1.4951487660319729,0.9439058989071286,0.2151113796169455,5.857704556928458,0.5932163419348958,5898.0,0.96,1.7850704810772584,0.5155541977019842
HD 3167 b,HD 3167,0.982078472412158,1.88706964903238,0.0,7.4815557019095165,0.0178006246255066,5261.0,0.8370000000000001,2.174751721484161,0.40713292415446234
HD 3167 c,HD 3167,1.3862943611198906,1.1346227261911428,0.0582689081239757,6.336825731146441,0.1634784689924747,5261.0,0.8370000000000001,2.174751721484161,0.3740462534822315
HD 3167 d,HD 3167,1.0715836162801904,1.4724720573609429,0.1133286853070031,6.757513615651594,0.0735292332881155,5261.0,0.8370000000000001,2.174751721484161,0.375512480761084
HD 3167 e,HD 3167,1.3428648031925547,1.1118575154181305,0.1397619423751586,5.929057086979365,0.3282240277647172,5261.0,0.8370000000000001,2.174751721484161,0.4626586998265748
HD 32963 b,HD 32963,2.667228206581955,0.9162907318741552,0.0676586484738148,5.160031833743694,1.483874689458755,5727.0,0.94,1.790091412127358,0.3355864116737379
HD 330075 b,HD 330075,2.72785282839839,0.2523139286139896,0.0,6.898714534329988,0.0392207131532812,5000.0,0.4699999999999999,1.9740810260220096,0.24480615194557215
HD 33142 b,HD 33142,2.6878474937846906,0.6184236343640088,0.0478373294141601,6.380461462508839,0.7294791098073357,5025.4,1.5200000000000002,1.3137236682850553,0.34628580102461476
HD 33142 c,HD 33142,2.7013612129514133,0.456791735273505,0.0778865386570712,6.360699532452967,1.0834986508580615,5025.4,1.5200000000000002,1.3137236682850553,0.42713040985183925
HD 33142 d,HD 33142,2.334083760053417,0.3583735005743138,0.174793290373163,6.382266000750774,0.3729419164026042,5025.4,1.5200000000000002,1.3137236682850553,0.28794465921149204
HD 332231 b,HD 332231,2.3098618580035084,0.4382549309311553,0.0,6.683736344631973,0.1354046370062029,6128.0,1.1642,1.3609765531356006,0.275005116722641
HD 33283 b,HD 33283,2.602689685444384,0.2577381960787088,0.3357576956833441,7.107884009425957,0.1404573526952557,5935.0,1.3799999999999997,1.5325568680981427,0.1754589516275494
HD 33564 b,HD 33564,2.602689685444384,2.2126603854660587,0.29266961396282,6.359573868672378,0.7419373447293773,6250.0,1.25,1.3862943611198906,0.38172231451328464
HD 33844 b,HD 33844,2.667228206581955,0.9001613499442714,0.1397619423751586,6.394376398428429,0.9555114450274363,4861.0,1.84,1.229640551074514,0.3427610465412878
HD 33844 c,HD 33844,2.6741486494265287,0.8064758658669486,0.1222176327242492,6.443654195389016,1.175573329804238,4861.0,1.7800000000000002,1.0577902941478543,0.3956382909576089
HD 34445 b,HD 34445,2.7013612129514133,0.4272265998896771,0.2390169004704999,6.37108350255418,1.1216775615991057,5879.0,1.14,2.251291798606496,0.5796121996533325
HD 34445 c,HD 34445,2.242835088588272,0.4001175017815691,0.0353671438372913,5.975258942761049,0.5412190290857842,5836.0,1.07,2.251291798606496,0.42235882594414675
HD 34445 d,HD 34445,1.955860479908481,0.5618988939499913,0.0266419309464211,6.18682571740974,0.3931900772325518,5836.0,1.07,2.251291798606496,0.3712798598207934
HD 34445 e,HD 34445,1.6601310267496183,0.7839015438284094,0.0861776962410523,6.332890564897794,0.2379927541644155,5836.0,1.07,2.251291798606496,0.334299266027594
HD 34445 f,HD 34445,2.064327903869788,0.494696241836107,0.0305292050348228,5.853408648612014,0.9333444864399826,5836.0,1.07,2.251291798606496,0.6414976930283185
HD 35759 b,HD 35759,2.639057329615259,1.383791230901772,0.3285840637722067,6.486313216350832,0.3285840637722067,6060.0,1.15,1.6923073902563952,0.2629211946877606
HD 35843 b,HD 35843,1.1908875647772803,1.3001916620664788,0.0,6.670766320845874,0.0843411484337507,5666.0,0.94,1.252762968495368,0.36506520916956564
HD 35843 c,HD 35843,1.264126727145683,1.5686159179138452,0.1423672412869219,6.173786103901937,0.2231435513142097,5666.0,0.94,1.252762968495368,0.4285638402013589
HD 37124 b,HD 37124,2.70805020110221,0.3576744442718158,0.0525924501191705,6.203749355087316,0.4276439948296059,5698.64,0.8500000000000001,1.6094379124341005,0.44411533084629823
HD 37124 c,HD 37124,2.714694743820879,0.3407487933884732,0.1177830356563834,6.198478716492308,0.9969486348916092,5698.64,0.8500000000000001,1.6094379124341005,0.45753265387752573
HD 37124 d,HD 37124,2.70805020110221,0.3667242797917338,0.1484200051182732,5.174283585624589,1.3368414774003603,5698.64,0.8500000000000001,1.6094379124341005,0.32596315320301356
HD 37605 c,HD 37605,2.6461747973841225,1.247032293786383,0.0295588022415444,5.158882870556459,1.556037135706985,5329.0,0.94,1.8946168546677629,0.34170318327658056
HD 3765 b,HD 3765,2.25758772706331,0.3933925268738951,0.2608246182818982,5.53022242353082,1.1339794325054011,5049.8,0.851785,1.0986122886681096,0.4033332163728546
HD 38283 b,HD 38283,2.70805020110221,0.2271355725837472,0.3435897043900769,6.343001313190591,0.7030975114131134,5981.0,1.37,1.9740810260220096,0.3946658338329991
HD 38529 b,HD 38529,2.714694743820879,0.3400373027857091,0.2279320680460069,7.075483367223083,0.108854404912082,5697.0,0.98,1.7047480922384253,0.19054560909278417
HD 38529 c,HD 38529,2.602689685444384,2.330200260027019,0.305276380852732,6.488748900307305,1.441255919193865,5697.0,0.98,1.7047480922384253,0.5707331931268541
HD 38801 b,HD 38801,2.602689685444384,2.269028309465203,0.0168571170664229,6.637690441058414,0.9643187008847364,5338.0,1.207,1.9561433253353424,0.4607204385073339
HD 39194 b,HD 39194,1.0402767116551463,1.5238800240724537,0.1881379421153944,6.603225409420502,0.0544881852840697,5205.0,0.67,2.3978952727983707,0.38004270625439346
HD 39194 c,HD 39194,1.220829921392359,1.264126727145683,0.1432341680859078,6.283200889887803,0.0980337402713654,5205.0,0.67,2.3978952727983707,0.3701179248131743
HD 39194 d,HD 39194,1.0402767116551463,1.5238800240724537,0.2874320411965716,5.924924023299738,0.1697427745870945,5205.0,0.67,2.3978952727983707,0.4572486733444949
HD 39855 b,HD 39855,1.3480731482996928,1.1052568313867783,0.1310282624064041,6.971199451538672,0.0401817896328318,5576.0,0.87,1.3842923584492175,0.26084615379317916
HD 40307 b,HD 40307,1.3453561970918029,1.269760544863939,0.1823215567939546,6.814542897259958,0.0457378916738537,4956.0,0.77,1.7047480922384253,0.280716006211568
HD 40307 c,HD 40307,1.3453561970918029,1.269760544863939,0.0582689081239757,6.546785410760524,0.076868444256577,4956.0,0.77,1.7047480922384253,0.34680112300139854
HD 40307 d,HD 40307,1.3453561970918029,1.269760544863939,0.0676586484738148,6.295266001439646,0.1240743151019266,4956.0,0.77,1.7047480922384253,0.3924591298940601
HD 40307 f,HD 40307,1.1410330045520618,1.3762440252663892,0.0198026272961797,5.988961416889864,0.2207406666978994,4956.0,0.77,1.7047480922384253,0.5325938484154089
HD 40307 g,HD 40307,1.269760544863939,1.2029723039923526,0.2546422183735807,5.545177444479562,0.4700036292457356,4956.0,0.77,1.7047480922384253,0.8135168494927839
HD 40979 b,HD 40979,2.631888840136646,1.5686159179138452,0.2231435513142097,6.33144134984296,0.6151856390902335,6165.0,1.45,1.5173226235262949,0.40066850764817147
HD 42012 b,HD 42012,2.6741486494265287,0.76080582903376,0.1823215567939546,5.253372300504868,0.982078472412158,5405.0,0.83,1.62924053973028,0.41719804490589074
HD 4203 b,HD 4203,2.660259537265861,0.9783261227936076,0.418710334858185,5.921846480227112,0.7747271675523681,5596.0,1.25,2.253394848803274,0.48932087981476036
HD 4208 b,HD 4208,2.7013612129514133,0.4233050262364954,0.0411419433311751,5.698233775725784,0.97907771997292,5717.0,0.883,1.5713205903209724,0.6156547521348652
HD 42618 b,HD 42618,1.5871923034867808,0.8501509293696101,0.173953307123438,5.823045895483019,0.4408322519454557,5727.0,1.015,1.551808799597464,0.47347955167795186
HD 4308 b,HD 4308,1.6331544390514163,0.8109302162163288,0.0,6.569624467686054,0.1133286853070031,5686.0,0.9300000000000002,1.667706820558076,0.3183406103668703
HD 4313 b,HD 4313,2.667228206581955,0.8754687373538999,0.1371498381472336,6.394376398428429,0.7687183674070194,4943.0,1.63,1.0986122886681096,0.3198086172600023
HD 43691 b,HD 43691,2.653241964607215,1.0784095813505905,0.0765906021617125,6.794250578185316,0.2134971742624043,6093.0,1.32,1.220829921392359,0.25014349624069
HD 44219 b,HD 44219,2.714694743820879,0.308219723669329,0.3435897043900769,6.432813075026469,0.8153648132841945,5752.0,1.2,2.2407096892759584,0.4977496187060235
HD 45184 b,HD 45184,1.5085119938441398,0.9321640810304452,0.0676586484738148,7.060819654708974,0.062411260121397,5869.0,1.03,2.0541237336955462,0.24785422846617197
HD 45184 c,HD 45184,1.3635373739972745,1.085189268335969,0.0676586484738148,6.79469855668984,0.1043600153242427,5869.0,1.03,2.0541237336955462,0.2924187339063701
HD 45364 b,HD 45364,2.305580601973844,0.3708736633385453,0.0648509723196163,5.837205528078911,0.5183770399188252,5466.0,0.8200000000000001,2.2483295206534875,0.5669971446793693
HD 45364 c,HD 45364,2.7212954278522306,0.2889312918522129,0.0188217542405877,6.170363587100606,0.6429059641231986,5466.0,0.8200000000000001,2.2751830632457075,0.6296171581042287
HD 46375 b,HD 46375,2.3978952727983707,0.3328944152733289,0.0610950993598108,7.006128943340397,0.0390283869674783,5285.0,0.9200000000000002,2.302585092994046,0.2176258581084527
HD 47186 b,HD 47186,1.7950872593207297,0.6760010217249748,0.0392207131532812,7.129217417513809,0.048790164169432,5657.0,0.96,2.0149030205422647,0.23454825273906926
HD 47186 c,HD 47186,2.639057329615259,0.2460785225967056,0.2223432311434406,5.393491173417632,1.2223037610106595,5657.0,0.96,2.0149030205422647,0.45631738566282803
HD 4732 b,HD 4732,2.667228206581955,0.8919980393051105,0.2358623237219844,6.275138598162224,0.7556523859113424,4898.0,1.3899999999999997,0.904218150639886,0.30705288027202526
HD 48265 b,HD 48265,2.6741486494265287,0.7323678937132266,0.1914464645709552,6.103229510438802,1.034606958692197,5733.0,1.312,1.6488509147909354,0.5482871818066967
HD 48948 b,HD 48948,1.118414915964289,1.4036429994545037,0.0535407669280298,6.86484777797086,0.0631625749576401,4593.0,0.6860000000000002,2.524127362941281,0.334166857207839
HD 48948 c,HD 48948,1.2809338454620645,1.184789984909162,0.4382549309311553,6.317164686747284,0.1782298638906982,4593.0,0.6860000000000002,2.524127362941281,0.36572179656497095
HD 48948 d,HD 48948,1.4445632692438664,0.9969486348916092,0.0535407669280298,5.857933154483459,0.3983733542944081,4593.0,0.6860000000000002,2.524127362941281,0.6627096536070562
HD 4917 b,HD 4917,2.6741486494265287,0.7654678421395714,0.0639133257436528,5.932828571623025,0.773343722554222,4802.0,1.32,1.5911313654514578,0.3482726934131868
HD 49674 b,HD 49674,1.9740810260220096,0.5498540107334691,0.0861776962410523,7.030169352587604,0.0582689081239757,5602.0,1.03,1.5303947050936475,0.22361814038053043
HD 50499 b,HD 50499,2.6741486494265287,0.7701082216960736,0.2358623237219844,5.813861839013968,1.575467392862947,6102.0,1.253,1.2211248631435017,0.34211255366278115
HD 50554 b,HD 50554,2.624668592163159,1.769854633840005,0.4061315526513249,5.365976015021851,1.2098554674840916,5987.0,1.04,1.1505720275988207,0.5087221283748309
HD 51608 b,HD 51608,1.5303947050936475,0.9082585601768908,0.0861776962410523,6.564232042383027,0.1006594830991772,5358.0,0.8,2.1048655940199943,0.3099060713876892
HD 51608 c,HD 51608,1.5830939370944983,0.8586616190375187,0.1310282624064041,5.9910544630350016,0.3227354605091684,5358.0,0.8,2.2203984220060984,0.4310268176599042
HD 52265 b,HD 52265,2.6878474937846906,0.5999347988377666,0.2390169004704999,6.0063531596017325,0.418710334858185,6136.0,1.204,1.5040773967762742,0.34812765299261317
HD 5278 b,HD 5278,1.2383742310432684,1.3609765531356006,0.0769610411361283,6.8501261661455,0.1135072407935948,6203.0,1.126,1.3862943611198906,0.31503509804658236
HD 5278 c,HD 5278,1.7029282555214391,0.7514160886839212,0.0676586484738148,6.408858226081421,0.2164008704468172,6203.0,1.126,1.3862943611198906,0.3254987342281269
HD 5319 b,HD 5319,2.6741486494265287,0.7419373447293773,0.0880108773227133,6.11257537285704,0.9439058989071286,4871.0,1.27,1.410986973710262,0.421415895046037
HD 5319 c,HD 5319,2.694627180770069,0.5306282510621704,0.1680535849962497,6.308462673893816,1.075002423028976,4871.0,1.27,1.410986973710262,0.4381833620415912
HD 5608 b,HD 5608,2.6878474937846906,0.5838901946229959,0.1043600153242427,6.11257537285704,1.0260415958332745,4807.0,1.29,1.000631880307906,0.3870231354288483
HD 564 b,HD 564,2.602689685444384,0.258510695151501,0.0916671885258238,6.3447587828872365,0.7884573603642702,5902.0,0.961,1.871802176901592,0.6121584903453854
HD 60532 b,HD 60532,2.694627180770069,0.532978428407124,0.2311117209633866,6.668482345738044,0.5709795465857378,6245.0,1.5,1.33500106673234,0.25629979144861414
HD 60532 c,HD 60532,2.660259537265861,1.0508216248317612,0.0295588022415444,6.5036891917876805,0.9555114450274363,6245.0,1.5,1.33500106673234,0.3785078763702303
HD 6061 b,HD 6061,1.2318706852826122,1.5727739280625088,0.0,6.981293803316936,0.0582689081239757,5934.0,1.0269,1.2237754316221157,0.3339110992374323
HD 63433 b,HD 63433,1.144222799920162,2.638914462267348,0.2151113796169455,6.875345717184091,0.0695260626486102,5553.0,0.9559999999999998,0.346422567474381,0.33094409578326345
HD 63433 c,HD 63433,1.3061683166406055,1.728109442151599,0.1906203596086497,6.521975144190371,0.1362776182925478,5553.0,0.9559999999999998,0.346422567474381,0.34064273533059275
HD 63433 d,HD 63433,0.7289968334536425,1.8809906029559973,0.1484200051182732,6.947937068614969,0.0490758376465926,5688.0,0.99,0.346422567474381,0.3775012478854498
HD 63454 b,HD 63454,2.58851563240702,0.210260925483196,0.0,7.161431915052063,0.0392207131532812,4812.0,0.4199999999999999,0.6931471805599453,0.20651384059402839
HD 63765 b,HD 63765,2.7212954278522306,0.2799018851328186,0.2151113796169455,5.231589784497327,0.6626879730752367,5449.0,0.65,1.752672080520008,0.6830392450009467
HD 63935 b,HD 63935,1.365007505101001,1.199964782928397,0.0,6.716861081883424,0.0797349680188535,5513.0,0.9406,2.028148247292285,0.3221340330807147
HD 63935 c,HD 63935,1.402293922783488,1.1346227261911428,0.0,6.430670638445849,0.1380212978973746,5513.0,0.9406,2.028148247292285,0.3625042747026994
HD 64114 b,HD 64114,1.6882490928583902,0.76080582903376,0.1133286853070031,6.155388738762221,0.2199384203652614,5676.0,0.95,0.8768844014950623,0.3529530937037418
HD 6434 b,HD 6434,2.7212954278522306,0.2615947376884625,0.1570037488096647,6.642681045864327,0.1310282624064041,5769.0,1.1,2.50715725872282,0.23642032616013098
HD 65216 b,HD 65216,2.681021528714291,0.6413274318301488,0.2390169004704999,5.862835404510801,0.8333438110532286,5612.0,0.8739999999999999,1.6094379124341005,0.5985136655481647
HD 66428 b,HD 66428,2.5952547069568657,2.3978952727983707,0.3859424416193004,6.429398458776031,1.4804675311371402,5716.0,1.01,1.5074051868689489,0.22329141178246012
HD 67087 b,HD 67087,2.6461747973841225,1.2178757094949273,0.1570037488096647,6.418472597350954,0.7323678937132266,6330.0,1.36,0.8960880245566356,0.3787751412543017
HD 68402 b,HD 68402,2.6100697927420065,2.066862759472976,0.0295588022415444,5.831735838966662,1.1568811967920856,5950.0,1.12,1.0986122886681096,0.4837946744353697
HD 68988 b,HD 68988,2.667228206581955,0.8878912573524571,0.1133286853070031,7.2089111704757824,0.0676586484738148,5932.0,1.2800000000000002,1.9459101490553128,0.2034058947213783
HD 69830 b,HD 69830,1.42791603581071,1.015230679729059,0.0953101798043248,6.718164968690496,0.075571186847074,5385.0,0.86,2.079441541679836,0.2901591685408056
HD 69830 c,HD 69830,1.4951487660319729,0.9439058989071286,0.1222176327242492,6.2934137335446,0.1705863005755337,5385.0,0.86,2.079441541679836,0.352392607625657
HD 69830 d,HD 69830,1.6956156086751528,0.7561219797213337,0.0676586484738148,5.855415702644706,0.4885800148186709,5385.0,0.86,2.079441541679836,0.56201164792019
HD 70573 b,HD 70573,2.624668592163159,1.7884205679625405,0.3364722366212129,6.332508460528891,1.015230679729059,5737.0,1.0,0.0971267107307227,0.4463489289692786
HD 70642 b,HD 70642,2.639057329615259,1.410986973710262,0.1612681475961222,5.489978506670748,1.4627923320926155,5732.0,1.078,0.6518042170255629,0.3951836188164201
HD 7199 b,HD 7199,1.3453561970918029,1.269760544863939,0.173953307123438,6.101551376129895,0.8586616190375187,5371.0,0.77,2.052840859882657,0.6302756789012327
HD 72490 b,HD 72490,2.6741486494265287,0.8153648132841945,0.1168937514714993,6.428105272684596,1.0577902941478543,4934.0,1.21,1.8802586278104696,0.3831740857341085
HD 72659 b,HD 72659,2.653241964607215,1.184789984909162,0.2145467040886915,5.857561656915354,1.7240158171415354,5929.0,1.033,2.19722457733622,0.28864256089029916
HD 72892 b,HD 72892,2.624668592163159,1.713797927758343,0.3499523981779056,6.4899493350391735,0.2053868297249507,5688.0,1.01,2.19722457733622,0.25944531781052976
HD 73267 b,HD 73267,2.639057329615259,1.4609379041156565,0.2319050569827825,5.36466674708957,1.1721724917761382,5387.0,0.9300000000000002,2.2126603854660587,0.40433105356356863
HD 73344 b,HD 73344,1.3568655504290783,1.2386640441158665,0.0295588022415444,6.815639990074331,0.1231021971339834,6252.6,1.2,0.7654678421395714,0.28529857998481417
HD 73344 c,HD 73344,2.6741486494265287,0.2350721221794835,0.1168937514714993,6.358729221400843,0.2917736903550345,6148.0,1.19,0.7654678421395714,0.2990563687710374
HD 73526 b,HD 73526,2.6461747973841225,1.2208299213923592,0.173953307123438,6.381325203237103,0.5007752879124893,5601.0,1.14,2.322387720290225,0.3441161516378523
HD 73526 c,HD 73526,2.660259537265861,0.982078472412158,0.2468600779315258,6.069813513518959,0.708035793053696,5601.0,1.014,2.322387720290225,0.44659118842676526
HD 73534 b,HD 73534,2.6878474937846906,0.5624688569178291,0.1186715297174986,5.266362195306486,1.383791230901772,4917.0,1.16,2.084429083190875,0.6500388314348385
HD 73583 b,HD 73583,1.332366019094335,1.275362800412609,0.0861776962410523,6.572282542694008,0.0586461954327334,4511.0,0.73,0.3920420877760237,0.30100680018818265
HD 73583 c,HD 73583,1.220829921392359,1.5851452198650555,0.0769610411361283,6.212606095751519,0.1170716715858375,4511.0,0.73,0.3920420877760237,0.41042749638101633
HD 74156 c,HD 74156,2.602689685444384,2.169053700369523,0.3199072197465178,6.169192234891709,1.5428706681619873,6068.0,1.1,1.547562508716013,0.31262453994936845
HD 74698 b,HD 74698,1.8115620965242347,0.6637183698691331,0.0953101798043248,6.846305316665914,0.1142211440900228,5783.0,1.039,2.1800784185012487,0.2503459629715336
HD 74698 c,HD 74698,2.70805020110221,0.2247422726779067,0.1823215567939546,4.952794294406406,1.7047480922384253,5783.0,1.039,2.1800784185012487,0.2865682002505207
HD 75289 b,HD 75289,2.7212954278522306,0.2615947376884625,0.0295588022415444,7.139660335964919,0.048790164169432,6117.0,1.29,1.88706964903238,0.21779725192898916
HD 75784 b,HD 75784,2.694627180770069,0.5098251234324072,0.0925791812930932,6.395094639270416,0.7090205297162355,4867.0,1.26,1.6094379124341005,0.3589036594595415
HD 75898 b,HD 75898,2.653241964607215,1.0784095813505905,0.0998453349697161,6.48478789573783,0.7895930788281975,6122.0,1.295,1.4350845252893227,0.4417988670003848
HD 76700 b,HD 76700,2.360854001118021,0.3471295310952009,0.0861776962410523,7.222589376213618,0.048790164169432,5644.0,0.99,2.4849066497880004,0.1876955412455047
HD 77338 b,HD 77338,1.6331544390514163,0.8109302162163288,0.0861776962410523,6.998270344214717,0.0582689081239757,5341.0,1.37,1.759064086389913,0.24606736729429585
HD 77946 b,HD 77946,1.360068766863321,1.235471471385307,0.1914464645709552,7.029849010225605,0.0704584636485614,6007.0,1.1972999999999998,1.410986973710262,0.24967399608098684
HD 7924 b,HD 7924,1.3453561970918029,1.269760544863939,0.0582689081239757,6.717683768728121,0.0582689081239757,5131.0,0.65,0.6312717768418579,0.29354442783633966
HD 7924 c,HD 7924,1.3453561970918029,1.269760544863939,0.0934903430873388,6.370927852677146,0.1074183967672703,5075.0,0.8319999999999999,0.6312717768418579,0.3421441436697685
HD 7924 d,HD 7924,1.3453561970918029,1.269760544863939,0.1906203596086497,6.214608098422191,0.1441869203124975,5075.0,0.8319999999999999,0.6312717768418579,0.3514108772257763
HD 79498 b,HD 79498,2.681021528714291,0.6575200029167942,0.4542552722775963,5.203512059274125,1.3812818192963463,5748.0,1.08,1.3110318766193438,0.29907787546923104
HD 81040 b,HD 81040,2.6100697927420065,1.99061032797322,0.421994410059375,6.054439346269371,1.0804483180404385,5755.0,0.99,1.0260415958332745,0.3562308815058981
HD 82943 b,HD 82943,2.6741486494265287,0.7839015438284094,0.1501426584297195,6.244555174790144,0.780727562302329,5935.0,1.08,1.208960345836975,0.5509443755325156
HD 82943 c,HD 82943,2.667228206581955,0.8837675401685949,0.3121063563623051,6.48524726204933,0.5558659087756896,5935.0,1.08,1.208960345836975,0.3678770521602269
HD 8326 b,HD 8326,2.3589654264301534,0.347835995271528,0.1823215567939546,5.858475864332681,0.4272265998896771,4914.0,0.8,2.1026086009613705,0.5655122806434933
HD 83443 b,HD 83443,2.714694743820879,0.2231435513142097,0.0119285708652738,7.10095660255664,0.039797469874066,5442.0,1.0,1.2919836816486494,0.22732456592586553
HD 8535 b,HD 8535,2.70805020110221,0.3597701488460348,0.1397619423751586,5.813204730268699,1.2383742310432684,6136.0,1.13,1.5959473222516012,0.6048574618913076
HD 85390 b,HD 85390,1.9685099809725544,0.5538851132264376,0.4054651081081644,5.839187111662404,0.8641549774536266,5186.0,0.758,2.1041341542702074,0.40020298840565155
HD 85426 c,TOI-1774,1.4327007339340465,1.007957920399979,0.0582689081239757,6.46302945692067,0.0971267107307227,5746.0,0.991,2.128231705849268,0.3283640519555872
HD 8574 b,HD 8574,2.667228206581955,0.904218150639886,0.262364264467491,6.384182082393644,0.5653138090500605,6064.0,1.34,1.88706964903238,0.35124950051552783
HD 86081 b,HD 86081,2.681021528714291,0.708035793053696,0.0118297517535772,7.525693881944328,0.0340148785872776,5939.0,1.21,1.5282278570085572,0.21640012265386344
HD 86226 b,HD 86226,2.72785282839839,0.2382291887322506,0.0573250666192694,5.176149732573829,1.316408233655724,5863.0,1.019,1.7227665977411035,0.3704885044747067
HD 86226 c,HD 86226,1.1505720275988207,1.603419840108537,0.0723206615796261,7.179307969504034,0.0478373294141601,5863.0,1.019,1.7227665977411035,0.3303381590598728
HD 86728 b,HD 86728,1.3937663759585917,1.0508216248317612,0.0648509723196163,6.520229298226289,0.1752969418569901,5610.0,0.967,2.353278207309564,0.3240225091524522
HD 87646 b,HD 87646,2.5952547069568657,2.517696472610991,0.048790164169432,7.160238579421296,0.1106465200870636,5770.0,1.12,2.0732977069193463,0.2162549723701923
HD 88133 b,HD 88133,2.694627180770069,0.5176026080450145,0.0305292050348228,7.415837142077065,0.0467881614987589,5392.0,1.26,1.851599469584072,0.2149569911976373
HD 88986 b,HD 88986,1.249901736214336,1.9600947840472696,0.2151113796169455,6.133398042996649,0.4574248470388754,5861.0,1.25,2.186051276738094,0.4705430028431973
HD 89307 b,HD 89307,2.667228206581955,0.904218150639886,0.1823215567939546,5.886825992995412,1.4516138272405332,5955.0,1.27,1.1969481893889715,0.2934012770629449
HD 89345 b,HD 89345,2.127986437678251,0.3859424416193004,0.1988508587451652,6.993932975223189,0.1012922514818723,5576.0,1.157,2.143589361503588,0.20380385271792525
HD 90156 b,HD 90156,1.691939133945844,0.76080582903376,0.2700271372130601,5.933570568689079,0.2231435513142097,5599.0,0.8400000000000001,1.6863989535702286,0.3526812804488556
HD 9174 b,HD 9174,2.6878474937846906,0.5618988939499913,0.1133286853070031,5.266362195306486,1.1631508098056809,5577.0,1.03,2.302585092994046,0.6997479331582901
HD 92788 b,HD 92788,2.639057329615259,1.383791230901772,0.300104592450338,6.6823591926146335,0.6780335427498971,5744.0,1.15,1.2669476034873244,0.47855028351061096
HD 93083 b,HD 93083,2.667228206581955,0.2382291887322506,0.1310282624064041,6.075346031088684,0.3900130035492427,4995.0,0.7,2.1644717908644115,0.4889105658866097
HD 93351 b,HD 93351,0.9895411936137476,1.6054298910365616,0.4376095614347316,7.156176637480615,0.0344014267173324,5408.0,0.94,2.025777017094143,0.31818345093884387
HD 93385 b,HD 93385,1.0577902941478543,1.4973884086254774,0.258510695151501,6.964513612800746,0.0728786454125725,5977.0,1.04,1.4586150226995167,0.32807032922067436
HD 93385 c,HD 93385,1.269760544863939,1.2029723039923526,0.1823215567939546,6.847538074160126,0.1061601958283906,5977.0,1.04,1.4586150226995167,0.282987227863827
HD 93385 d,HD 93385,1.358409157630355,1.091923300517313,0.0861776962410523,6.299647532409592,0.2283300780015098,5977.0,1.04,1.4586150226995167,0.3641299360299658
HD 93963 A b,HD 93963 A,0.9040333886331662,1.75958057086382,0.0,7.519274746410786,0.0204004877576786,5908.0,1.0844000000000005,0.832909122935104,0.3890935595490762
HD 93963 A c,HD 93963 A,1.415795047595077,1.4609379041156565,0.0,7.1012228211863455,0.0461772296177512,5908.0,1.0844000000000005,0.832909122935104,0.27753931868189324
HD 9446 b,HD 9446,2.70805020110221,0.3688011237365728,0.1823215567939546,6.48828961893769,0.1731126177086447,5793.0,1.0,1.6652509772533133,0.2810501869134746
HD 9446 c,HD 9446,2.667228206581955,0.8415671856782186,0.0582689081239757,6.001315863158356,0.5031965966014996,5793.0,1.0,1.7371448759548322,0.4606918025492175
HD 94771 b,HD 94771,2.7212954278522306,0.2806574575148164,0.3293037471426004,5.256453162449338,1.4996230464268938,5631.0,1.2,1.907020809563144,0.5111916833065668
HD 94834 b,HD 94834,2.6878474937846906,0.6184236343640088,0.1310282624064041,6.908654874224973,1.3190856114264409,4798.0,1.11,2.00807979519414,0.4459430917720609
HD 95089 b,HD 95089,2.6878474937846906,0.6184236343640088,0.1124354293297881,6.380461462508839,0.8586616190375187,4918.0,1.54,1.252762968495368,0.3406537963722422
HD 95089 c,HD 95089,2.6461747973841225,1.3029127521808397,0.2499802052677694,6.398205507636864,1.4655675420143983,4918.0,1.54,1.252762968495368,0.5042582929955624
HD 95338 b,HD 95338,1.6623609606511205,1.6054298910365616,0.1798184265758361,6.095824562432225,0.2326977641190214,5097.0,0.848,2.3513752571634776,0.4170085244925541
HD 95544 b,HD 95544,2.624668592163159,1.7934247485471162,0.0478373294141601,5.059425458265688,1.42695634283878,5722.0,1.01,1.908208281871301,0.5331690458615415
HD 95735 c,GJ 411,1.5602476682433286,0.8796267475025636,0.1239859797809912,5.6816731890681,1.3711807233098423,3719.0,0.3899,2.2024332110436045,0.4061164793543446
HD 96063 b,HD 96063,2.6878474937846906,0.6221880916194514,0.1570037488096647,6.667325681124408,0.7466879474879752,5020.0,1.37,2.302585092994046,0.27775227022153526
HD 96700 b,HD 96700,1.3686394258811698,1.0784095813505905,0.1292723357041391,6.954132057086297,0.0748291406206489,5845.0,0.89,2.26176309847379,0.2549980807715096
HD 96700 c,HD 96700,0.9895411936137476,1.6054298910365616,0.2569650997897204,6.675533141734721,0.1319050708799385,5845.0,0.89,2.26176309847379,0.3901421504760278
HD 96700 d,HD 96700,1.5282278570085572,0.9082585601768908,0.2390169004704999,6.096612540184484,0.353469812989784,5845.0,0.89,2.26176309847379,0.3671050050562351
HD 97658 b,HD 97658,1.1378330018213911,1.7578579175523736,0.048790164169432,6.62273632394984,0.0774238969648036,5212.0,0.8500000000000001,1.589235205116581,0.41808786879457804
HD 98219 b,HD 98219,2.667228206581955,0.8878912573524571,0.0760346862759976,6.675306063972227,0.8153648132841945,4925.0,1.41,1.6094379124341005,0.3119321801206003
HD 98736 b,HD 98736,2.660259537265861,1.0043016091968684,0.2037568375140196,5.229020877545381,1.0522192490983993,5271.0,0.9200000000000002,2.127040520479115,0.3802098240319125
HD 99109 b,HD 99109,2.72785282839839,0.233489843368354,0.0861776962410523,6.2029402935545095,0.7466879474879752,5282.0,0.76,0.6931471805599453,0.6167024649638813
HD 99492 b,HD 99492,1.8625285401162623,0.6259384308664953,0.0334347760862373,6.46408973705867,0.1133286853070031,4929.0,0.8500000000000001,1.7578579175523736,0.32263130509170046
HD 99492 c,HD 99492,1.6900958154515549,0.76080582903376,0.0610950993598108,5.9900535521225855,0.0971267107307227,4929.0,0.8500000000000001,1.7578579175523736,0.3611016398677612
HD 99706 c,HD 99706,2.624668592163159,1.747459210331475,0.3442986728706769,6.783087346724405,0.0971267107307227,4891.0,1.72,1.1314021114911006,0.19592877444018741
HIP 107772 b,HIP 107772,1.534714366238164,0.904218150639886,0.1655144384775733,5.875792718784226,0.217527812528574,4006.0,0.63,1.415853163361435,0.574579301747677
HIP 109384 b,HIP 109384,2.6741486494265287,0.7466879474879752,0.4376095614347316,6.127523991515078,0.7579981528795616,5180.0,0.78,1.7750031970766127,0.5338708044976848
HIP 109600 b,HIP 109600,2.653241964607215,1.1118575154181305,0.1510028735365274,6.344583174843937,0.5341514490694874,5530.0,0.87,2.168024599598351,0.47759295078227204
HIP 111909 b,HIP 111909,2.6878474937846906,0.5999347988377666,0.1901243688569753,6.11257537285704,0.8415671856782186,4891.0,1.2800000000000002,1.667706820558076,0.36026028235814
HIP 111909 c,HIP 111909,2.7013612129514133,0.4233050262364954,0.2028592080115026,6.405502800560777,1.0885619528146082,4891.0,1.2800000000000002,1.667706820558076,0.3966395799696082
HIP 113103 b,HIP 113103,1.03992329231943,1.5238800240724537,0.1570037488096647,6.582025138892826,0.0667142774622037,4930.0,0.7609999999999999,0.3852624007906449,0.37418685748335545
HIP 113103 c,HIP 113103,1.2237754316221157,1.258460989610006,0.1570037488096647,6.373319789577012,0.0996552716599607,4930.0,0.7609999999999999,0.3852624007906449,0.344441651982869
HIP 114933 b,HIP 114933,2.667228206581955,0.8796267475025636,0.1906203596086497,5.861754415585237,1.3454723665996355,4823.0,1.3899999999999997,1.4816045409242156,0.4948500515014691
HIP 116454 b,HIP 116454,1.2438663679876123,1.5107219394949427,0.1947440767925117,6.625657584824257,0.076220025911409,5048.0,0.8,1.871802176901592,0.3427005438305377
HIP 12961 b,HIP 12961,2.653241964607215,0.2413763195752694,0.1570037488096647,6.328472354571239,0.2231435513142097,3901.0,0.69,1.5454325824581878,0.46887988811699605
HIP 14810 b,HIP 14810,2.639057329615259,1.410986973710262,0.1345221516606598,7.034211702934696,0.0672847468055963,5544.0,1.01,1.922787731634459,0.2112568122246656
HIP 14810 c,HIP 14810,2.681021528714291,0.6471032420585385,0.1454846667419808,6.388899163624997,0.4376095614347316,5544.0,1.01,1.922787731634459,0.3921630603251712
HIP 14810 d,HIP 14810,2.714694743820879,0.3133498192003587,0.1697427745870945,5.611374745331045,1.0784095813505905,5544.0,1.01,1.922787731634459,0.5818082383975143
HIP 18606 b,HIP 18606,2.70805020110221,0.3987761199573678,0.187972228302769,6.274762021241939,0.959350221334602,4860.0,1.21,1.8389610707123487,0.3672722279119899
HIP 19976 b,HIP 19976,1.7817091333745536,0.6856189141391538,0.2654364635044612,6.083870513764917,0.210260925483196,4316.0,0.67,2.065342617300334,0.39830854019234846
HIP 29442 c,TOI-469,0.9364854391596744,1.9878743481543453,0.0557184887563437,7.024649030453636,0.0441891193874801,5289.0,0.901,2.501435951739211,0.3964568966621246
HIP 29442 d,TOI-469,0.931376369292196,2.4849066497880004,0.009950330853168,6.825460036255307,0.0651320949377822,5289.0,0.901,2.501435951739211,0.42820167446699997
HIP 34222 b,HIP 34222,2.7013612129514133,0.4317824164255378,0.2662030407746567,6.113018242660559,0.4001175017815691,4050.0,0.62,1.715598108262491,0.5485539132219075
HIP 35173 b,HIP 35173,1.5282278570085572,0.9082585601768908,0.1484200051182732,6.103459754442578,0.1963888140053901,4881.0,0.79,1.9537365853047768,0.39071786404926095
HIP 38594 b,HIP 38594,1.3270750014599193,1.128171090909654,0.1570037488096647,5.838779459442334,0.2279320680460069,4086.3,0.61,1.288405860300765,0.5945908873612065
HIP 38594 c,HIP 38594,2.190535589185423,0.4259211166755467,0.1484200051182732,5.172357239419832,1.5696570424222558,4086.3,0.61,2.068380594320411,0.31083457260928327
HIP 41378 b,HIP 41378,1.27954399117301,1.1537315878891892,0.0088606284321965,6.866933284461882,0.0971267107307227,6320.0,1.16,1.6637366858414793,0.30118997555203286
HIP 41378 c,HIP 41378,1.315603620497121,0.7839015438284094,0.0291218135720185,6.630683385642372,0.0971267107307227,6320.0,1.16,1.6637366858414793,0.30419413797478223
HIP 41378 d,HIP 41378,1.5129270120532563,0.4446858212614457,0.0,5.908082938168931,0.0971267107307227,6320.0,1.16,1.6637366858414793,0.3499001877781669
HIP 41378 e,HIP 41378,1.7783364488959144,0.4382549309311553,0.043356380249915,5.817111159963204,0.0971267107307227,6320.0,1.16,1.6637366858414793,0.3703669712074705
HIP 41378 f,HIP 41378,2.322387720290225,0.0861776962410523,0.0914208078116246,5.68697535633982,0.0971267107307227,6320.0,1.16,1.6637366858414793,0.4235138286904535
HIP 41378 g,HIP 41378,1.264126727145683,1.208960345836975,0.0121261797978404,6.406879986069314,0.0971267107307227,6320.0,1.16,1.6637366858414793,0.3652520560198773
HIP 4845 b,HIP 4845,1.5871923034867808,0.8501509293696101,0.2231435513142097,6.080774945987042,0.1621188494764351,4010.0,0.62,1.8132763126903049,0.4221946985833993
HIP 48714 b,HIP 48714,1.809926773183504,0.664233170395303,0.4054651081081644,6.456739827811779,0.1061601958283906,4015.5,0.58,1.9055344834869,0.30474274200700446
HIP 5158 b,HIP 5158,2.681021528714291,0.6856189141391538,0.418710334858185,6.4315420097671545,0.636576829071551,4962.0,0.78,1.9459101490553128,0.22904422984177866
HIP 54373 b,HIP 54373,1.3532545070416904,1.0986122886681096,0.1823215567939546,6.163203218861879,0.0610950993598108,4021.0,0.57,1.1948311464086523,0.3559755698823253
HIP 54373 c,HIP 54373,1.5195132049061133,0.9162907318741552,0.1823215567939546,6.177962786075447,0.0944006754214843,4021.0,0.57,1.3980005752499274,0.37171245739418063
HIP 54597 b,HIP 54597,2.660259537265861,1.0224509277025458,0.0295588022415444,4.542869159790712,1.6094379124341005,4799.0,0.8,1.667706820558076,0.30519138010455354
HIP 56640 b,HIP 56640,2.617395832834079,1.912501086924184,0.1115413747329074,5.178012403504388,1.713797927758343,4769.0,1.75,2.3174737054877963,0.6670859385947638
HIP 57274 b,HIP 57274,1.3453561970918029,1.269760544863939,0.173953307123438,7.086570696446804,0.0676586484738148,4510.0,0.2899999999999999,2.1826747963214883,0.24746690531062404
HIP 57274 c,HIP 57274,2.7212954278522306,0.2223432311434406,0.048790164169432,6.365973760829035,0.1638180852293949,4640.0,0.73,2.1826747963214883,0.30803059746052003
HIP 57274 d,HIP 57274,2.7212954278522306,0.2783890255401883,0.2390169004704999,5.864199196062105,0.6981347220709844,4640.0,0.73,2.1826747963214883,0.5022407553816299
HIP 5763 b,HIP 5763,2.7212954278522306,0.2707902047815628,0.0525924501191705,6.370722563046972,0.1570037488096646,4352.0,0.7199999999999999,1.9270185352317444,0.35304432871191915
HIP 65 A b,HIP 65 A,3.1677623037941443,0.3920420877760237,0.0,7.252762418053187,0.0176630852055096,4590.0,0.7809999999999999,1.62924053973028,0.21711918179292616
HIP 65407 b,HIP 65407,2.72785282839839,0.2279320680460069,0.1310282624064041,6.463431872040688,0.1629688282781396,5460.0,0.9300000000000002,2.141946747031233,0.29968706259291217
HIP 65407 c,HIP 65407,2.7013612129514133,0.412109650826833,0.1133286853070031,6.396097642522892,0.2745968329031255,5460.0,0.9300000000000002,2.1049874486475746,0.3474746324098496
HIP 67522 b,HIP 67522,2.39673112271126,0.3321773123383321,0.0620353909194526,7.069874128458572,0.0721345977591991,5675.0,1.22,0.0168571170664229,0.18059515891030659
HIP 67522 c,HIP 67522,2.1900833997148506,0.4259211166755467,0.0741793981742515,6.822197390620491,0.1158255655055903,5675.0,1.22,0.0168571170664229,0.20547768509238382
HIP 71135 b,HIP 71135,1.713797927758343,0.7419373447293773,0.1906203596086497,6.017059191769462,0.2889312918522129,4146.0,0.6599999999999999,2.0568124236194745,0.5682744494212603
HIP 75092 b,HIP 75092,2.6741486494265287,0.8197798314933114,0.3506568716131693,5.8132346082172806,1.1052568313867783,4891.0,1.2800000000000002,1.667706820558076,0.4503848373667969
HIP 79431 b,HIP 79431,2.667228206581955,0.924258901523332,0.2546422183735807,5.730878700317902,0.3074846997479606,3191.0,0.49,1.6612710610741177,0.4368915482682041
HIP 8152 b,HIP 8152,1.2630692275120283,1.3787660946990992,0.0,6.679548933325465,0.0889262091944014,5618.0,0.9373,1.9459101490553128,0.3537313168122206
HIP 8152 c,HIP 8152,1.2597173250899871,1.5325568680981427,0.1823215567939546,6.479553643900102,0.1301506844650451,5618.0,0.9373,1.9459101490553128,0.366262885685133
HIP 86221 b,HIP 86221,2.70805020110221,0.3729419164026042,0.0825012215117436,7.291247406279893,0.0305292050348228,5549.0,0.79,2.297843871143828,0.20054403822925804
HIP 90988 b,HIP 90988,2.667228206581955,0.9282193027394288,0.0778865386570712,5.878547776952283,0.8586616190375187,4883.0,1.613,1.713797927758343,0.4116671681842745
HIP 91258 b,HIP 91258,2.6878474937846906,0.5538851132264376,0.0198026272961797,6.983307921382808,0.0582689081239757,5519.0,0.97,1.2237754316221157,0.2370414327307112
HIP 94235 b,HIP 94235,1.3862943611198906,1.269760544863939,0.2776317365982795,6.966967138613983,0.0757566123992463,5991.0,1.094,0.1115413747329074,0.20596514204570304
HIP 9618 b,HIP 9618,1.5745112707055076,0.5933268452777344,0.0,6.464401370331159,0.1354046370062029,5649.0,0.942,1.88706964903238,0.3290242869261637
HIP 9618 c,HIP 9618,1.4880743076841223,0.6931471805599453,0.0,6.155516051612503,0.2382291887322506,5649.0,0.942,1.88706964903238,0.38630242651649377
HIP 97166 b,HIP 97166,1.247070741323129,2.061786606441115,0.2546422183735807,6.554873133282101,0.0870947068509337,5216.0,0.9342,0.7884573603642702,0.36288690688826236
HIP 97166 c,HIP 97166,1.3217558399823195,1.1346227261911428,0.0,6.466144724237619,0.1168937514714993,5216.0,0.9342,0.7884573603642702,0.3508018527441285
HN Lib b,HN Lib,1.1631508098056809,1.3402504226184837,0.0760346862759976,5.461286194826176,0.1325183797001444,3347.0,0.291,1.6863989535702286,0.8405507186030836
HR 810 b,HR 810,2.617395832834079,1.8389610707123487,0.1310282624064041,6.3543891710491485,0.6523251860396903,6167.0,1.34,1.3137236682850553,0.4428379601266552
HR 858 b,HR 858,1.0999447339018884,1.235471471385307,0.0,7.347943823148687,0.0477229282090093,6354.0,1.204,1.0986122886681096,0.3205429811512138
HR 858 c,HR 858,1.0915876737311452,1.3609765531356006,0.0,7.177782416195197,0.0664429565487139,6354.0,1.204,1.0986122886681096,0.335534312148802
HR 858 d,HR 858,1.0989455664582302,1.7749523509116738,0.0,6.967909201801884,0.0994832784849501,6354.0,1.204,1.0986122886681096,0.3848649876122283
HS Psc b,HS Psc,2.681021528714291,0.6981347220709844,0.2390169004704999,7.39693879264034,0.0425804475351183,4203.0,0.69,0.1248689820458692,0.14024438499182282
HU Aqr AB b,HU Aqr,2.624668592163159,1.776645831418007,0.0,5.521180878654928,1.5260563034950494,5952.0,0.8800000000000001,1.6718491725554976,0.44750867377508674
IRAS 04125+2902 b,IRAS 04125+2902,2.4628487796924405,0.3067491351690066,0.0956555746940964,6.75110146893676,0.0741793981742515,4080.0,0.7,0.00329456694943,0.1981378185755155
K2-10 b,K2-10,1.5629750380237597,1.2119409739751128,0.2700271372130601,6.476972362889683,0.128393214768399,5533.0,0.8800000000000001,2.13617625466014,0.3091406349590243
K2-100 b,K2-100,1.5851452198650555,1.1118575154181305,0.0,7.518607216815252,0.0296558849075106,5945.0,1.15,0.5596157879354227,0.23087024797687422
K2-101 b,K2-101,1.0986122886681096,1.4350845252893227,0.0953101798043248,6.428105272684596,0.1065198433776727,4927.0,0.8200000000000001,0.5822156198526637,0.4025365763911282
K2-102 b,K2-102,0.832909122935104,1.88706964903238,0.0953101798043248,6.430847873419607,0.0971267107307227,4695.0,0.77,0.5822156198526637,0.4799957345872371
K2-104 b,K2-104,1.0260415958332745,1.547562508716013,0.0861776962410523,6.683360945766275,0.0239118200463128,3712.0,0.51,0.5822156198526637,0.3658028398770964
K2-105 b,K2-105,1.4816045409242156,1.175573329804238,0.0,6.692083742506628,0.0765906021617125,5373.0,0.94,0.4700036292457356,0.29049692518588494
K2-107 b,K2-107,2.8320361808832013,0.300104592450338,0.0,7.408530566894626,0.0464063728141557,6061.0,1.3,1.6582280766035324,0.21847176541919205
K2-108 b,K2-108,1.8453002361560848,1.169381359556317,0.1655144384775733,7.215975002651466,0.0564748469279789,5599.0,1.17,2.174751721484161,0.2213163202554554
K2-11 b,K2-11,2.145931282948669,0.4491629633738837,0.1823548895717447,6.5998704992128365,0.2035121093649824,5433.0,1.35,1.3277909254964906,0.2944210403263522
K2-110 b,K2-110,1.2787091504399533,1.7950872593207297,0.1222176327242492,6.459904454377535,0.097190229584501,5010.0,0.738,2.19722457733622,0.4050713657588925
K2-111 b,K2-111,1.0367368849500225,1.791759469228055,0.0953101798043248,7.177782416195197,0.0549615580739743,5775.0,0.8400000000000001,2.6741486494265287,0.33717819730381815
K2-111 c,K2-111,1.4655675420143983,0.9745596399981308,0.0685927914656117,6.733774441479742,0.1094730475939484,5775.0,0.8400000000000001,2.6741486494265287,0.2504589349583644
K2-113 b,K2-113,2.575661013056465,1.0885619528146082,0.0,7.002155954403621,0.0622233431801318,5660.0,1.04,1.9315214116032136,0.23772495283639644
K2-114 b,K2-114,2.450357195165078,1.3762440252663892,0.0760346862759976,6.554503042320907,0.0902062678861489,4899.0,0.863,2.151762203259462,0.2852274677535172
K2-115 b,K2-115,2.549683945541644,0.7275486072772778,0.0610950993598108,6.546785410760524,0.1323431869877131,5870.0,0.918,1.1631508098056809,0.2913096908001877
K2-116 b,K2-116,0.5247285289349821,1.667706820558076,0.0582689081239757,6.619246197986375,0.0468835858988504,4348.35,0.694512,2.300081962775927,0.40688720349300644
K2-117 b,K2-117,1.1085626195212777,1.420695787837223,0.0582689081239757,6.767343125265392,0.0187236139981025,3778.0,0.54,1.9347047452131525,0.35034277675845005
K2-117 c,K2-117,1.118414915964289,1.4060969884160703,0.1397619423751586,6.2878585601617845,0.0480279690105815,3778.0,0.54,1.7666125868060991,0.41180868907918405
K2-118 b,K2-118,1.264126727145683,1.205970806988609,0.1823215567939546,5.924148839823115,0.2191355299166709,4726.29,0.7564460000000001,1.8896420950299224,0.44854684233779085
K2-119 b,K2-119,1.2612978709452054,1.208960345836975,0.0676586484738148,6.502790045915623,0.0674717151150126,4740.0,0.76,1.543725369068719,0.35520090834107754
K2-12 b,K2-12,1.235471471385307,0.9555114450274363,0.4054651081081644,6.934397209928558,0.076220025911409,5672.0,0.965,2.2925347571405443,0.23099633763490268
K2-121 b,K2-121,2.0992441689760155,0.5306282510621704,0.1988508587451652,6.57507584059962,0.0511682865743994,4526.0,0.71,2.0408306425521805,0.2538768069500673
K2-122 b,K2-122,0.7701082216960736,1.918392120161421,0.1906203596086497,6.646390514847729,0.0366211834556453,4009.0,0.63,1.4409009106107624,0.43538099570085176
K2-123 b,K2-123,1.324418957401803,1.1314021114911006,0.0582689081239757,5.82600010738045,0.1526352464235942,4035.0,0.62,1.627474274920199,0.5216630620207281
K2-124 b,K2-124,1.3609765531356006,1.0885619528146082,0.0769610411361283,6.093569770045136,0.0478373294141601,3570.0,0.39,1.5777428900982935,0.38550082007575764
K2-125 b,K2-125,1.1568811967920856,1.3506671834767394,0.0769610411361283,5.795653413713014,0.1142211440900228,3654.47,0.494727,1.5164450455849356,0.6506711040932469
K2-126 b,K2-126,1.0885619528146082,1.449269160281279,0.0582689081239757,6.400257445308821,0.0635380208039876,4339.0,0.69,1.5756742822812917,0.4259612916930449
K2-127 b,K2-127,2.2375130962503307,0.4027948795522855,0.1133286853070031,6.697034247666484,0.0402778464985701,4575.0,0.7199999999999999,2.069012346189297,0.24328530937645104
K2-128 b,K2-128,0.8837675401685949,1.790091412127358,0.2070141693843261,6.6416415942151135,0.0544881852840697,4469.51,0.711248,1.93761872716576,0.43325374889570023
K2-129 b,K2-129,0.712949807856125,1.867176108512809,0.1222176327242492,5.9569248608332375,0.0554347068881005,3459.09,0.360031,1.7323632592713984,0.5678239322375853
K2-13 b,K2-13,1.0612565021243408,1.4906543764441331,0.0,6.238324625039508,0.1917767155647097,5698.0,0.8,1.19058356720692,0.48446809055730106
K2-130 b,K2-130,0.8109302162163288,1.9329696377795784,0.1570037488096647,6.816930823257254,0.0314986670593709,4356.47,0.69563,1.5233352133806886,0.4194315917642482
K2-131 b,K2-131,0.9895411936137476,2.2823823856765264,0.0,7.707062655370473,0.0093164666373487,5120.0,0.8030000000000002,1.840549633397487,0.40420584976079776
K2-132 b,K2-132,2.7454551642145693,0.2445135770504022,0.2546422183735807,7.369600720526409,0.0876445098520463,4840.0,1.08,2.251291798606496,0.17062934675564254
K2-133 b,K2-133,0.8501509293696101,1.854734268389444,0.0341115296287678,6.572394424546888,0.031440525834319,3655.0,0.4610000000000001,1.9270185352317448,0.4729056924610714
K2-133 c,K2-133,0.9566646260124284,1.6620303625532709,0.0357531697058178,6.378595948527642,0.0424941956123658,3655.0,0.4610000000000001,1.7404661748405044,0.4775084931174112
K2-133 d,K2-133,1.0996117890011932,1.4327007339340465,0.1106465200870636,6.5998704992128365,0.0721997240344178,3655.0,0.4610000000000001,1.345732749363768,0.42474022170239295
K2-133 e,K2-133,1.0043016091968684,1.5810384379124025,0.0913934284292104,5.6937321388027,0.1262801659103297,3655.0,0.4610000000000001,1.752672080520008,0.7334452650790095
K2-136 b,K2-136,0.7001227942963706,3.218875824868201,0.1310282624064041,6.415096959171596,0.0683126401820873,4500.0,0.742,0.5007752879124893,0.4550261382617763
K2-136 c,K2-136,1.3862943611198906,1.545432582458188,0.0459289318883998,6.154858094016418,0.1119885019480472,4500.0,0.742,0.5007752879124893,0.3951848526768774
K2-136 d,K2-136,0.9419584786227329,1.667706820558076,0.0685927914656117,6.042632833682381,0.1430608428406519,4500.0,0.742,0.5007752879124893,0.5161490562190029
K2-137 b,K2-137,0.494696241836107,1.269760544863939,0.0,7.294377299288821,0.0057832447557273,3697.0,0.4629999999999999,1.7378311272024995,0.31250330397468495
K2-138 b,K2-138,0.9202827531436926,1.7749523509116738,0.0468835858988504,7.05444965813294,0.0332896978646419,5356.3,0.9350000000000002,1.33500106673234,0.4077419321353051
K2-138 c,K2-138,1.1936193922464444,1.33500106673234,0.0440168854167743,6.920671504248683,0.0436436100165528,5356.3,0.9350000000000002,1.33500106673234,0.3232267686141756
K2-138 d,K2-138,1.220829921392359,1.410986973710262,0.0421011760186353,6.790097235513905,0.0572589643401331,5356.3,0.9350000000000002,1.33500106673234,0.33968917591225434
K2-138 e,K2-138,1.47932922708708,1.0296194171811583,0.0741793981742515,6.630683385642372,0.0752929840354313,5356.3,0.9350000000000002,1.33500106673234,0.3057228983909875
K2-138 f,K2-138,1.362001668550846,0.3364722366212129,0.060153922819747,6.483107351457199,0.0993655818975626,5356.3,0.9350000000000002,1.33500106673234,0.31304107639833934
K2-138 g,K2-138,1.3895390912847796,0.6418538861723948,0.0573250666192694,6.100318952020064,0.207899955821449,5356.3,0.9350000000000002,1.33500106673234,0.38719849879215845
K2-139 b,K2-139,2.31352503303238,0.6471032420585385,0.1133286853070031,6.263398262591624,0.1651753979589841,5370.0,0.96,1.0296194171811583,0.32589805420557005
K2-14 b,K2-14,1.75958057086382,0.7030975114131134,0.1310282624064041,6.192362489474872,0.0608128393965124,3789.0,0.4699999999999999,1.9241902564085445,0.31886606398401424
K2-140 b,K2-140,2.67847490869137,0.5068176023684519,0.0,6.870053411798126,0.0657877405380031,5585.0,0.96,2.379546134130174,0.2394234081011332
K2-141 b,K2-141,0.9202827531436926,2.189416394888408,0.0,7.651595573857601,0.007442237720429,4570.0,0.708,1.9878743481543453,0.4085820282184177
K2-141 c,K2-141,2.079441541679836,0.0778865386570712,0.0880108773227133,6.54534966033442,0.0660685999697046,4570.0,0.708,1.9878743481543453,0.2811831347426456
K2-146 b,K2-146,1.11514159061932,1.545432582458188,0.1213322851675249,6.282266746896006,0.0244974716003874,3385.0,0.331,1.791759469228055,0.41609235352457286
K2-146 c,K2-146,1.1600209167967532,1.5933085305042167,0.0723206615796261,6.217555749826127,0.0321767316952212,3385.0,0.331,1.791759469228055,0.4343210184601718
K2-147 b,K2-147,0.9053753997970424,1.7509374747077997,0.3220834991691133,6.982862751468942,0.015627255885699,3690.0,0.563,1.480922490198673,0.34929774389903473
K2-148 b,K2-148,0.8458682675776092,1.8625285401162623,0.0440168854167743,6.609726530476138,0.0443995872966844,4079.0,0.65,1.66292180570694,0.46912703302644576
K2-148 c,K2-148,1.0043016091968684,1.5810384379124025,0.0612832284168985,6.431974996958947,0.0597772040358607,4079.0,0.65,1.8117254818689328,0.45021759683818696
K2-148 d,K2-148,0.9707789171582248,1.6389967146756448,0.0237536353037801,6.280987424238738,0.0745507312642963,4079.0,0.65,1.832101348511433,0.49294944951687675
K2-149 b,K2-149,0.9707789171582248,1.6389967146756448,0.0988493640421688,6.099331917976989,0.0797349680188535,3745.0,0.595,1.5175418977295634,0.515486632706143
K2-15 b,K2-15,1.247032293786383,1.229640551074514,0.0,6.517671272912275,0.0870947068509337,5131.0,0.7199999999999999,1.7725766498112812,0.3740187123882429
K2-150 b,K2-150,1.0986122886681096,1.4350845252893227,0.0759049280894642,6.054674060505866,0.0701788346212465,3499.0,0.4569999999999999,1.867948607585601,0.4934844527673307
K2-151 b,K2-151,0.9122827104766162,1.7404661748405044,0.0198026272961797,6.340359303727752,0.0366211834556453,3695.0,0.4699999999999999,1.7069275337113574,0.49568353972954177
K2-152 b,K2-152,1.1908875647772803,1.3029127521808397,0.0285874568519124,5.823045895483019,0.1583703359714413,4044.0,0.63,1.5863739728355488,0.5535846151907318
K2-153 b,K2-153,1.0986122886681096,1.4350845252893227,0.0382587121170903,6.210600077024653,0.0595887914116575,3845.0,0.55,1.4935780263395653,0.4571373690188597
K2-154 b,K2-154,1.095273387402595,1.4398351280479205,0.0591176044830888,6.573680166960646,0.039701366851552,4097.0,0.65,1.837051458419762,0.391087859779179
K2-154 c,K2-154,1.1216775615991057,1.4011829736136412,0.0684994164246921,6.315358001522335,0.0655068022021196,4097.0,0.65,1.867176108512809,0.4230168452656178
K2-155 b,K2-155,1.0296194171811583,1.541159071680806,0.0244974716003874,6.563855526532128,0.0546775612906957,4258.0,0.65,1.3607201100004602,0.44107826227311087
K2-155 c,K2-155,1.2809338454620645,1.184789984909162,0.0613772796749034,6.369900982828227,0.0903889997276807,4258.0,0.65,1.2661021757914848,0.40668810956422907
K2-155 d,K2-155,1.0647107369924282,1.4861396960896067,0.0196065296389183,5.945420608606575,0.1770577271188555,4258.0,0.65,1.2169877414034307,0.6578528233680194
K2-156 b,K2-156,0.7419373447293773,1.8961194845522973,0.048790164169432,7.206377291472252,0.0147900854726354,4460.0,0.6599999999999999,1.699461415081689,0.4028903241195414
K2-157 c,K2-157,1.9572739077056285,0.5613286059390974,0.1823215567939546,6.376726947898627,0.1527210870176639,5334.0,0.89,2.2823823856765264,0.2992404826462001
K2-157 d,K2-157,1.8180767775454283,0.6585557357903262,0.4054651081081644,6.064017739789691,0.2692634869277628,5334.0,0.89,2.2823823856765264,0.34038494567527633
K2-158 b,K2-158,1.2919836816486494,1.172482137234565,0.0,6.678342114654332,0.0849843239049972,5503.0,0.9200000000000002,1.7552683606456398,0.3361667547108904
K2-158 c,K2-158,0.8241754429663495,1.9035989509835904,0.0,6.855408798609928,0.0603422290061617,5503.0,0.9200000000000002,1.7112722183153684,0.4534346249587426
K2-159 b,K2-159,1.181727195378616,1.316408233655724,0.0,6.529418838262226,0.0964913001887612,5425.0,0.9,1.753365081240743,0.39267204466407785
K2-16 b,K2-16,1.1052568313867783,1.425515074273172,0.0213034612655414,6.490723534502507,0.0645697706493,4742.0,0.6800000000000002,2.120343533000262,0.418774804987203
K2-16 c,K2-16,1.264126727145683,1.205970806988609,0.0927523659311372,6.186208623900494,0.1159146245963559,4742.0,0.6800000000000002,1.7337771866897078,0.40663259377915983
K2-160 b,K2-160,1.429890186611509,1.01160091167848,0.0029955089797984,6.929712446334179,0.0971267107307227,5649.0,0.982829,0.8601012602227781,0.271720054289912
K2-161 b,K2-161,1.9625161164517284,0.5579000311519196,0.0916671885258238,7.016838357298033,0.0971267107307227,4972.0,0.986876,2.326789781690863,0.21086692377557442
K2-162 b,K2-162,0.8919980393051105,1.776645831418007,0.0434425578428367,6.448889394146858,0.076497970972725,4842.0,0.75,1.8731397434988817,0.4929258064123172
K2-163 b,K2-163,1.2430320996443671,1.235471471385307,0.0069756137364252,6.610889834822151,0.0971267107307227,4937.0,0.826112,1.2311014717141886,0.3654560778546172
K2-164 b,K2-164,1.4467425156021754,0.9932517730102834,0.065413138548232,7.037993755905866,0.0971267107307227,5791.0,1.1808940000000003,1.968928887632314,0.2536351055416437
K2-165 b,K2-165,0.8217323601912689,1.9110228900548727,0.0235211950413457,6.908335110847146,0.0971267107307227,5185.0,0.8348469999999999,1.8615964288168343,0.4522130235012307
K2-165 c,K2-165,0.9376961328656068,1.6937790608678511,0.0079681696491768,6.818596142662319,0.0971267107307227,5185.0,0.8348469999999999,1.963609726154714,0.439655410461038
K2-165 d,K2-165,1.29420510805736,1.169381359556317,0.0,6.446322812152068,0.0971267107307227,5185.0,0.8348469999999999,1.861440992428863,0.37143283339717836
K2-166 b,K2-166,1.1600209167967532,1.3454723665996355,0.0843411484337508,7.039660349862076,0.0823170424892136,5960.0,1.16,1.8814173411585904,0.3120088067586544
K2-167 b,K2-167,1.2134561736943108,1.3532545070416904,0.3920420877760237,7.107425474110705,0.0891091750717759,6310.0,1.084,1.840549633397487,0.2463895560262881
K2-168 b,K2-168,1.0508216248317612,1.5085119938441398,0.0,6.642943020621104,0.0971267107307227,5502.7,0.877,1.5704891622955257,0.42321376610797395
K2-169 b,K2-169,0.8212266741792988,1.9095425048844383,0.0,6.842042735616755,0.0971267107307227,5548.0,0.986144,0.6633063385489241,0.4393628857845304
K2-17 b,K2-17,1.172482137234565,1.3270750014599193,0.1655144384775733,6.190315405853148,0.1124354293297881,4320.0,0.71,1.5430844118840792,0.43454812709205937
K2-170 b,K2-170,0.8830132764443742,1.7934247485471162,0.0,6.817974981157858,0.0971267107307227,5748.0,0.963657,1.6180011430945882,0.4489782439535056
K2-170 c,K2-170,1.0302494686570358,1.5390154481375546,0.0,6.6692442505368055,0.0971267107307227,5748.0,0.963657,1.593714951968864,0.42259833018277665
K2-171 b,K2-171,1.3046970425397766,1.1568811967920856,0.1472123796803867,7.189836194199252,0.0971267107307227,5250.0,0.8915870000000001,2.3997118037247684,0.23956011855473575
K2-172 b,K2-172,0.9806095251233218,1.6213664832993742,0.0,6.625306157395376,0.0971267107307227,5569.0,0.934356,1.0739780077097487,0.44898467471038406
K2-172 c,K2-172,1.4364386009720604,1.0043016091968684,0.0,6.293234418877382,0.0971267107307227,5569.0,0.934356,1.0784095813505905,0.3615937420420561
K2-173 b,K2-173,0.9586840761375016,1.6582280766035324,0.0183309566847234,6.811398551738031,0.0971267107307227,5580.0,0.881538,2.181659625065165,0.426835626805004
K2-174 b,K2-174,1.2809338454620645,1.184789984909162,0.0139029051689914,6.1224928095143865,0.1186715297174986,4455.0,0.7,1.1829534371018604,0.42025399957841875
K2-175 b,K2-175,1.1112115436654006,1.415853163361435,0.0068763039394321,6.933227100105794,0.0971267107307227,5909.0,1.094693,2.013168183248548,0.35509462495977573
K2-176 b,K2-176,0.9126444803713614,1.7387102481382395,0.0,6.813114874828016,0.0971267107307227,5428.0,0.938545,1.3517029163502716,0.4494535108181023
K2-177 b,K2-177,1.1366158511375215,1.3787660946990992,0.0459289318883998,6.848960232471631,0.0971267107307227,6063.0,1.210525,1.4346082213984412,0.346435046488911
K2-178 b,K2-178,1.516864152216313,0.9202827531436926,0.0758493122834378,6.734936428119787,0.0971267107307227,5525.0,0.95109,1.1105408595333834,0.2898859537049398
K2-179 b,K2-179,1.2563789515130457,1.2178757094949273,0.0105442138756711,6.669624985359604,0.0971267107307227,5015.0,0.824345,1.8779371654691075,0.3531050154738401
K2-18 b,K2-18,1.2149127443642704,1.631199404215613,0.1823215567939546,5.652489180268651,0.1335688919214152,3457.0,0.359,1.1039314501457096,0.7444032432662199
K2-18 c,K2-18,1.2947271675944,1.169381359556317,0.3852624007906449,5.8971538676367405,0.0582689081239757,3457.0,0.359,1.449503874517775,0.3700018983098316
K2-180 b,K2-180,1.2429941947311427,1.6409365794934714,0.0723206615796261,6.682734967655067,0.0728786454125725,5365.0,0.7350000000000001,2.1400661634962708,0.36729623818935436
K2-181 b,K2-181,1.3056264580524355,1.1537315878891892,0.3364722366212129,6.856461984594587,0.0682192389771438,5528.0,0.96,1.9315214116032136,0.2512202566730912
K2-182 b,K2-182,1.3117252561222985,1.9021075263969205,0.0685927914656117,6.873991648829328,0.0504459354803733,5128.0,0.823,1.9740810260220096,0.3508691156322533
K2-183 b,K2-183,0.7419373447293773,1.8961194845522973,0.0073727543294129,7.390366596266955,0.0971267107307227,5482.0,0.942219,1.2691985892436433,0.42560866509133644
K2-183 c,K2-183,1.1939224684724346,1.297463147413275,0.0,6.669498089857879,0.0891091750717759,5482.0,0.942219,1.2825991247811253,0.3653796559464609
K2-183 d,K2-183,1.1939224684724346,1.297463147413275,0.0,6.423246963533519,0.1421070166248298,5482.0,0.942219,1.3198874289222915,0.4065361831128463
K2-184 b,K2-184,0.904218150639886,1.752672080520008,0.0,6.280395838960195,0.1557208749967756,5245.0,0.8400000000000001,1.6386082897338805,0.5354249858712905
K2-185 b,K2-185,0.7654678421395714,1.913977101952304,0.0,6.697034247666484,0.0971267107307227,5788.0,0.96,1.5983769650746753,0.47492310828334006
K2-185 c,K2-185,1.220829921392359,1.264126727145683,0.0,6.169610732491456,0.0971267107307227,5788.0,0.96,1.5096175771518894,0.4122942559222629
K2-186 b,K2-186,1.4284141826981576,1.015230679729059,0.0,6.453939909932926,0.0971267107307227,5784.0,1.018617,1.6455769590499736,0.34177588399004893
K2-187 b,K2-187,0.7884573603642702,1.9387416595767009,0.0,7.504391559161238,0.0162669724638719,5438.0,0.9669990000000002,0.916690651895482,0.40925919046175907
K2-187 c,K2-187,0.8754687373538999,1.8066480817218056,0.0,7.068172000388042,0.0384511863742527,5438.0,0.9669990000000002,0.941178447381934,0.4144846856912007
K2-187 d,K2-187,1.2237754316221157,1.258460989610006,0.0,6.763884908562435,0.0695260626486102,5438.0,0.9669990000000002,1.0123279200710973,0.3362061542133277
K2-187 e,K2-187,1.0647107369924282,1.4861396960896067,0.0,6.54965074223381,0.1049004098253697,5438.0,0.9669990000000002,0.9038132103630424,0.42165391695898896
K2-188 b,K2-188,0.8544153281560676,1.8468787684491343,0.0,7.434257382133135,0.0284902703996274,5977.0,1.06,1.5896432851059208,0.41530112574175615
K2-188 c,K2-188,1.3428648031925547,1.1118575154181305,0.0285874568519125,6.934397209928558,0.075571186847074,5977.0,1.06,1.6847308964695316,0.2822765444531434
K2-189 b,K2-189,0.8767179567543318,1.803358605071407,0.0824091362407177,7.093404625868766,0.035463664275569,5442.0,0.8500000000000001,2.128588784946081,0.40531213881321465
K2-189 c,K2-189,1.1969481893889715,1.2947271675944,0.0,6.777646593635117,0.0657877405380031,5442.0,0.8500000000000001,1.5965552866030868,0.34767038414711526
K2-19 b,K2-19,2.079441541679836,0.418710334858185,0.1823215567939546,6.659293919683638,0.0713899960866729,5322.0,0.8800000000000001,2.19722457733622,0.24988093093533725
K2-19 c,K2-19,1.62924053973028,0.6259384308664953,0.1906203596086497,6.522092798170152,0.0926703348413081,5322.0,0.8800000000000001,2.19722457733622,0.2854088693520113
K2-190 b,K2-190,0.8572781582595315,1.840549633397487,0.0,6.656340845700898,0.0971267107307227,5631.0,0.904597,1.5736034594248842,0.47877161015645003
K2-190 c,K2-190,0.7386381798936628,1.8931119634883424,0.0,6.435027943814805,0.0971267107307227,5631.0,0.904597,1.5162255307119217,0.5072379299732109
K2-191 b,K2-191,0.9473603223972296,1.6789639750827106,0.0073727543294129,6.879355804460439,0.0971267107307227,5176.0,0.900994,1.4117184134600491,0.42937141635455606
K2-192 b,K2-192,0.924258901523332,1.717395053939193,0.0,6.84587987526405,0.0478373294141601,5222.0,0.9,1.4618655479669649,0.4319235972039013
K2-193 b,K2-193,1.599387576580599,0.8415671856782186,0.0,6.606650186198215,0.1118990924974087,5817.0,1.01,1.5509609826751245,0.3153098288444177
K2-194 b,K2-194,1.5352096271968958,0.904218150639886,0.0198026272961797,6.523562306149512,0.0971267107307227,5979.0,1.110086,1.8905484395028425,0.3169863948210272
K2-195 b,K2-195,1.4182774069729414,1.0224509277025458,0.1127034899130848,6.580639137284949,0.1140427160406602,5713.0,0.94,2.0192933688435577,0.30873954608035137
K2-195 c,K2-195,1.2741942156486872,1.1939224684724346,0.0,6.418854212631938,0.0971267107307227,5712.0,0.963364,1.4407825464039603,0.37305505919153265
K2-196 b,K2-196,1.5259922492697082,0.9082585601768908,0.0217614917815126,6.567796973076092,0.0971267107307227,6045.0,1.162095,1.73568282300765,0.30862811746320107
K2-197 b,K2-197,1.269760544863939,1.199964782928397,0.0,6.744059186311348,0.0775164424278283,5667.0,1.0,1.0222710554113872,0.326378483985187
K2-198 b,K2-198,1.6465410003856027,0.7975071958841881,0.0,6.574796861660721,0.0971267107307227,5212.9,0.799,1.5362218501028413,0.3221420022085663
K2-198 c,K2-198,0.8850064418343887,1.7884205679625405,0.0231304173888542,7.11550088811625,0.0971267107307227,5212.9,0.799,1.818401400174476,0.4264674933603308
K2-198 d,K2-198,1.2348899069606576,1.244154593958768,0.0949464773089535,6.850338008112186,0.0971267107307227,5212.9,0.799,1.8785485993004456,0.3176715367431858
K2-199 b,K2-199,1.0043016091968684,2.1041341542702074,0.0198026272961797,6.81783057145415,0.0374884444109916,4491.0,0.7109999999999999,1.7984040119467235,0.4302286686129345
K2-199 c,K2-199,1.3480731482996928,1.3609765531356006,0.0295588022415444,6.543911845564792,0.0641009254065236,4491.0,0.7109999999999999,1.7984040119467235,0.35115418322345543
K2-200 b,K2-200,0.8605237401455611,1.8341801851120072,0.0073727543294129,6.879458679827024,0.0971267107307227,5233.0,0.860208,1.0888985964804707,0.4548080708834743
K2-201 b,K2-201,0.8754967036295067,1.8066480817218056,0.0073727543294129,7.191900604511286,0.0971267107307227,5507.0,0.956055,0.8746350566053225,0.4147738218646723
K2-201 c,K2-201,1.4552801682485563,0.982078472412158,0.0,6.494431371243677,0.0971267107307227,5507.0,0.956055,0.6481498146292095,0.3186122699294933
K2-2016-BLG-0005L b,K2-2016-BLG-0005L,2.6878474937846906,0.5579000311519196,0.1393375914814873,4.281377226523952,1.6409365794934714,5549.0,0.5840000000000001,2.116544629631338,0.28662732069937175
K2-202 b,K2-202,1.194424169871965,1.297463147413275,0.0141987193998129,6.838833833515715,0.0971267107307227,5491.0,0.971461,1.3647131530862864,0.3460151563878294
K2-203 b,K2-203,0.8177928013871796,1.916922612182061,0.2070141693843261,6.605839046502531,0.0791807978744412,5026.0,0.793,2.066862759472976,0.4550169864323419
K2-204 b,K2-204,1.4284294627375431,1.015230679729059,0.2468600779315258,7.046647277848756,0.071203759006332,5783.0,1.076,2.0149030205422647,0.2253818630797384
K2-205 b,K2-205,1.0971204130415368,1.43746264769429,0.0,6.595418426557655,0.0971267107307227,5890.0,0.9510269999999998,1.8977697737273784,0.40591601157414775
K2-206 b,K2-206,1.3337446962504182,1.1216775615991057,0.0744579109180098,6.461640036584902,0.0971267107307227,5043.0,0.7894810000000001,1.998502599174484,0.34791812644095926
K2-207 b,K2-207,1.2825582725878395,1.184789984909162,0.0689662044647229,6.522486838173252,0.0971267107307227,5522.0,0.941851,1.9736642725256672,0.3481003648288531
K2-208 b,K2-208,0.9838079572640848,1.617406082083277,0.3148107398400335,7.023758954738443,0.0476275838728673,5500.0,0.881,1.9600947840472696,0.34379509715098827
K2-209 b,K2-209,0.625137377488571,1.7783364488959144,0.0182327682610597,6.913041283411374,0.0971267107307227,4720.0,0.7447899999999998,2.0010745126057303,0.4273842222887141
K2-21 b,K2-21,1.043804052173115,1.308332819650179,0.0953101798043248,6.2166061010848646,0.0732504617395926,4222.06,0.6760229999999999,0.6931471805599453,0.42504846693820053
K2-21 c,K2-21,1.249901736214336,1.8562979903656265,0.1906203596086497,6.042632833682381,0.1016536537264998,4222.06,0.6760229999999999,0.6931471805599453,0.4379255621932149
K2-210 b,K2-210,0.6205764877251099,1.7732559976634952,0.0073727543294129,7.42027945938371,0.0971267107307227,5500.0,0.911717,1.3807791804317806,0.40250889107339805
K2-211 b,K2-211,0.846566268553433,1.8594181177018696,0.173953307123438,7.535830462798367,0.0140902643420036,5117.0,0.851,2.0149030205422647,0.3857637416633824
K2-212 b,K2-212,1.2947271675944,1.169381359556317,0.0016985566355814,6.297109319933935,0.075571186847074,4349.0,0.622,1.935138052073402,0.38822537756189185
K2-213 b,K2-213,0.921869000364188,1.7209792871670078,0.0096532570281383,6.9721366002644585,0.0971267107307227,5794.0,1.069596,1.9268729430352287,0.41789671494311253
K2-214 b,K2-214,1.2556160374777745,1.2178757094949273,0.0,6.90975328164481,0.0801042442416614,5875.0,1.03,1.7181129290597563,0.31107156665560004
K2-215 b,K2-215,1.1390541725554706,1.3762440252663892,0.0,6.75343791859778,0.0971267107307227,5704.0,0.9999869999999998,1.6243265249278511,0.3728565303384144
K2-216 b,K2-216,1.01160091167848,2.2192034840549946,0.0,7.00669522683704,0.0276151670329733,4503.0,0.7,2.1152308936720163,0.41107195249533124
K2-217 b,K2-217,1.5213803294526946,0.9162907318741552,0.03912455468405,6.825894252501817,0.0971267107307227,5967.0,1.102661,1.884034745337226,0.27543001331718786
K2-218 b,K2-218,1.2724203443467088,1.1969481893889715,0.0029955089797984,6.80771392480191,0.0971267107307227,5757.0,1.047488,1.2252449396014755,0.3223058970409895
K2-219 b,K2-219,0.8534045323677013,1.8468787684491343,0.0073727543294129,7.12208086607402,0.0971267107307227,5753.0,1.021545,1.9028535167336416,0.4275372182969404
K2-219 c,K2-219,0.8913409505187313,1.776645831418007,0.0357531697058178,7.022422353960263,0.0971267107307227,5753.0,1.021545,2.027095061307626,0.4184054390751736
K2-219 d,K2-219,1.274341206137132,1.1939224684724346,0.0198026272961797,6.802839109032577,0.0971267107307227,5753.0,1.021545,2.0695174604821425,0.31715919408941556
K2-22 b,K2-22,1.1939224684724346,1.269760544863939,0.173953307123438,7.650168700845001,0.0089597413714719,3879.0,0.595292,1.2914340800959303,0.2543823857419122
K2-220 b,K2-220,1.2149127443642704,1.269760544863939,0.0108410231778748,6.635946555686647,0.104720310770403,5612.0,0.91,2.061404854193684,0.3621173933168529
K2-221 b,K2-221,0.9854072778464352,1.6134299337036375,0.0073727543294129,7.071756709032724,0.0971267107307227,5716.0,1.010842,1.5758811289052577,0.39581331872830683
K2-222 b,K2-222,1.208960345836975,1.5432981099295553,0.1484200051182732,6.77078942390898,0.113864256149047,5942.0,0.989,2.091864061678393,0.3371214453973732
K2-223 b,K2-223,0.636576829071551,1.790091412127358,0.0,7.7284157798410416,0.0126200313561022,5859.0,1.06,1.1671117050928022,0.39325099939441244
K2-223 c,K2-223,0.9162907318741552,1.7334238922150915,0.0,6.9957661563048505,0.0534459757056259,5859.0,1.06,1.1390181966363604,0.4172461442173378
K2-224 b,K2-224,0.9400072584914712,1.6882490928583902,0.0,6.910750787961936,0.050312813873589,5620.0,0.91,1.174430701944948,0.41996305894961417
K2-224 c,K2-224,1.2267122912954256,1.2556160374777745,0.0,6.639875833826536,0.0848924670179626,5620.0,0.91,1.363358329836833,0.35998290381782627
K2-225 b,K2-225,1.5280742204782194,0.9082585601768908,0.2070141693843261,6.828712071641684,0.1318174246201866,5520.0,1.482,0.0120273802127184,0.20901398108414695
K2-226 b,K2-226,0.931767565420646,1.7029282555214391,0.1988508587451652,7.080026499922591,0.0401337577396455,5288.0,0.856,2.360854001118021,0.3609342980518736
K2-227 b,K2-227,0.9803965268992854,1.6213664832993742,0.0,6.648336671803215,0.0971267107307227,5673.0,0.950811,1.364304343228275,0.44647952414825604
K2-228 b,K2-228,0.7929925155296614,1.9401794743463283,0.0059820716775474,6.818924065275521,0.0332413337798018,4715.0,0.71,2.088834786696431,0.4522886514469237
K2-229 b,K2-229,0.6931471805599453,2.151762203259462,0.0,7.506042178518122,0.0130149370774946,5315.0,0.87,1.8562979903656265,0.41120377207980663
K2-229 c,K2-229,1.1085626195212777,1.8082887711792648,0.0,6.621405651764134,0.0740865433526981,5315.0,0.87,1.8562979903656265,0.43934480014950505
K2-230 b,K2-230,1.085189268335969,1.4539530095937054,0.034208171329737,7.333023014386481,0.0400857235392856,5945.0,1.11,2.029725949433903,0.3369179823972722
K2-231 b,K2-231,1.252762968495368,1.2208299213923592,0.0,6.63020305922231,0.0971267107307227,5695.0,1.01,1.3862943611198906,0.3533577844302024
K2-232 b,K2-232,2.5021733846867185,0.3400373027857091,0.2295231582782488,6.93828448401696,0.0985413176878172,6154.0,1.188,0.8878912573524571,0.18980495107946782
K2-233 b,K2-233,0.8394096875381973,1.9021075263969205,0.0,7.028201432058005,0.0323994240466593,4796.0,0.79,0.3074846997479606,0.39864760818721995
K2-233 c,K2-233,0.820660500858905,2.5952547069568657,0.0,6.678342114654332,0.0642884898823618,4796.0,0.79,0.3074846997479606,0.44439588054719353
K2-233 d,K2-233,1.2128334327581325,1.667706820558076,0.1655144384775733,6.26530121273771,0.1411522797558837,4796.0,0.79,0.3074846997479606,0.39805574912433117
K2-237 b,K2-237,2.836881276020487,0.4555243079809012,0.0295588022415444,7.473069088032197,0.0349037160078804,6180.0,1.256,0.7371640659767197,0.19280893032179203
K2-238 b,K2-238,2.7454551642145693,0.4446858212614457,0.0,7.370230641807081,0.0449733656427311,5630.0,1.19,1.891604804197771,0.22146091072204574
K2-239 b,K2-239,0.7419373447293773,1.8961194845522973,0.0690595359314946,6.220590170099739,0.0431552703139276,3420.0,0.4,2.0126337810982213,0.5330238419659663
K2-239 c,K2-239,0.6931471805599453,1.8468787684491343,0.0726089921014091,6.059123195581797,0.0560021901152847,3420.0,0.4,1.944337484494992,0.563450308243726
K2-239 d,K2-239,0.7419373447293773,1.8961194845522973,0.0374884444109916,5.991464547107982,0.0662557957770652,3420.0,0.4,1.7575130304994635,0.6082453828961641
K2-24 b,K2-24,1.8562979903656265,0.494696241836107,0.0582689081239757,6.532334292222349,0.1432341680859077,5625.0,1.07,1.8082887711792648,0.2979533598921311
K2-24 c,K2-24,2.1400661634962708,0.1823215567939545,0.0676586484738148,6.297109319933935,0.2207406666978994,5625.0,1.07,1.8082887711792648,0.32693644456744886
K2-240 b,K2-240,1.0986122886681096,1.4350845252893227,0.0120273802127184,6.375024819828097,0.0500274935996481,3810.0,0.58,1.6296326197196196,0.43242460914778025
K2-240 c,K2-240,1.0296194171811583,1.541159071680806,0.0139029051689914,5.966146739123692,0.1096612542095184,3810.0,0.58,1.620773422097846,0.5554273084538242
K2-241 b,K2-241,1.2669476034873244,1.2029723039923526,0.0530667209366922,6.230481447578482,0.1455711233192188,5262.0,0.71,2.080690761080268,0.4074745591202702
K2-242 b,K2-242,1.264126727145683,1.205970806988609,0.0640071299742923,6.0330862217988015,0.0482185722704743,3459.0,0.38,1.772865429041568,0.4255964905878387
K2-243 b,K2-243,1.1537315878891892,1.355835153635182,0.0027960873020012,6.943122422819428,0.1031881577961689,6570.0,1.29,1.1969481893889715,0.33228427100834146
K2-243 c,K2-243,1.1019400787607845,1.430311246536665,0.0,6.687108607866515,0.1669540796628327,6570.0,1.29,1.250760965824695,0.3875272198368777
K2-244 b,K2-244,1.01160091167848,1.5686159179138452,0.0705516559509446,6.459904454377535,0.1326059645480217,5677.0,0.86,2.054380111084465,0.4520480030193228
K2-245 b,K2-245,1.6752256529721037,0.7747271675523681,0.0764053312024053,6.828712071641684,0.0915759434872094,5793.0,0.83,2.655773967647946,0.22735740923060827
K2-246 b,K2-246,1.501852701754163,0.9360933591703346,0.0793655553807403,6.885509670034818,0.0584575695715686,5610.0,0.87,2.060513531794317,0.2632977169002536
K2-247 b,K2-247,1.1378330018213911,1.3762440252663892,0.076868444256577,6.887552571664617,0.0299470763679521,4667.0,0.74,2.270371770629394,0.3299091273040674
K2-247 c,K2-247,1.1600209167967532,1.3454723665996355,0.0,6.535241271013659,0.0596830021611737,4667.0,0.74,1.6451910821399185,0.3976142662793801
K2-248 b,K2-248,1.2725655957915476,1.1969481893889715,0.0,6.787844982309579,0.0675651861624238,5528.0,0.8800000000000001,1.492004815542005,0.32414383462249285
K2-249 b,K2-249,1.332366019094335,1.1216775615991057,0.0007097480692401,6.967909201801884,0.1089440869891791,6504.0,1.32,1.348047173936388,0.28213796932455737
K2-25 b,K2-25,1.4906543764441331,1.4609379041156565,0.3562748639173926,6.20455776256869,0.0282958691548473,3207.0,0.2634,0.5481214085096876,0.3197825172944771
K2-250 b,K2-250,1.3117252561222985,1.1474024528375415,0.1906203596086497,6.911747300251674,0.0450307253743033,5003.0,0.8090000000000002,2.2192034840549946,0.26186983659805313
K2-251 b,K2-251,1.208960345836975,1.2781522025001877,0.0955828698937299,6.082218910376446,0.0670977435324941,3717.0,0.52,1.5080694180458114,0.4201352606489631
K2-252 b,K2-252,1.007957920399979,1.5769147207285403,0.0475513018582223,6.461468176353717,0.0990305234629542,5152.0,0.79,2.1064485471663628,0.45746595730504397
K2-253 b,K2-253,2.6152036507358583,1.269760544863939,0.0139029051689914,7.122059881629142,0.0493614295377241,6027.0,1.08,1.4800123649936423,0.2244853045546104
K2-254 b,K2-254,0.9669838461896731,1.6428726885203375,0.0229349712824958,6.674561391814426,0.0438254795400295,4629.0,0.71,2.1629781386076283,0.43566119497188044
K2-254 c,K2-254,1.1600209167967532,1.3454723665996355,0.0308201423398862,6.313548046277095,0.0882855648673603,4629.0,0.71,2.0259088997187984,0.42766365480324586
K2-255 b,K2-255,1.3609765531356006,1.0885619528146082,0.0613772796749034,6.942156705699469,0.0270313390510304,4676.0,0.71,2.17872110577166,0.2692182778715937
K2-257 b,K2-257,0.6043159668533296,1.7561322915849038,0.0170537545658275,6.672032945461067,0.0213700257361924,3725.0,0.52,1.7381828683246623,0.4236411922019214
K2-258 b,K2-258,1.3862943611198906,1.0612565021243408,0.0056838164682976,6.723832440821209,0.1388919988666186,6351.0,1.21,1.0374458534306223,0.30272278731211494
K2-259 b,K2-259,1.199964782928397,1.2919836816486496,0.0,6.679599185844383,0.1196479622658958,6059.0,1.14,1.472013236522428,0.35907951485663625
K2-26 b,K2-26,1.3001916620664788,1.1631508098056809,0.1012922514818723,6.066108090103747,0.0918496536298789,3785.0,0.56,0.6931471805599453,0.4039122576498857
K2-260 b,K2-260,2.9661157670825893,0.3920420877760237,0.0516432331518384,7.645397699428633,0.0429828581718543,6860.0,1.637,0.5007752879124893,0.16806935470976997
K2-261 b,K2-261,2.329210182513353,0.3873011374804932,0.2421615571499716,6.944087208229528,0.1030979580035672,5490.0,1.1069999999999998,2.2823823856765264,0.19638167061157707
K2-263 b,K2-263,1.2267122912954256,1.916922612182061,0.1397619423751586,6.154858094016418,0.2289665646169984,5368.0,0.8800000000000001,2.079441541679836,0.4819087675747669
K2-264 b,K2-264,1.1727916868423611,1.3297240096314962,0.4054651081081644,6.208590026096629,0.0490091878010527,3660.0,0.496,1.518856534202862,0.36770101597374605
K2-264 c,K2-264,1.2996465543942184,1.1631508098056809,0.371563556432483,5.805134968916488,0.1069063202859943,3660.0,0.496,1.3265443567141166,0.4885768467852763
K2-265 b,K2-265,0.9963021750589623,2.186051276738094,0.1484200051182732,7.220373836723949,0.0330381790767973,5420.0,0.901,2.174751721484161,0.38172640759344156
K2-266 b,K2-266,1.4586150226995167,1.000631880307906,0.1176763633004233,7.323830566202317,0.0129754535223902,4285.0,0.6860000000000002,2.051620603477428,0.22192184803486725
K2-266 c,K2-266,0.5335651107354801,1.713797927758343,0.0411419433311751,6.500538637835167,0.0656941031953624,4285.0,0.6860000000000002,1.8746442881206964,0.44549766506322536
K2-266 d,K2-266,1.3686394258811698,1.1085626195212777,0.0459289318883998,6.2902720023431815,0.098486946714654,4285.0,0.6860000000000002,1.5853501169050104,0.3748091143677314
K2-266 e,K2-266,1.316408233655724,1.1662709371419244,0.0421011760186353,6.196647773045199,0.1176941428166431,4285.0,0.6860000000000002,1.6132307106727966,0.4039626591360085
K2-268 b,K2-268,0.9162907318741552,1.7334238922150915,0.0,7.036148493750536,0.0303351997960729,5106.0,0.8400000000000001,1.641324101296422,0.4133262784671635
K2-268 c,K2-268,1.3056264580524355,1.1537315878891892,0.0,6.546785410760524,0.0787187547113906,5106.0,0.8400000000000001,1.6276706806951602,0.3527326395408743
K2-268 d,K2-268,0.9122827104766162,1.7404661748405044,0.004987541511039,6.790097235513905,0.0971267107307227,5106.0,0.8400000000000001,1.6372476130733675,0.4523561882705377
K2-268 e,K2-268,0.8458682675776092,1.8625285401162623,0.0109399400383343,6.687108607866515,0.0971267107307227,5106.0,0.8400000000000001,1.691939133945844,0.48163389072442775
K2-268 f,K2-268,1.172482137234565,1.3270750014599193,0.0,6.20050917404269,0.0971267107307227,5106.0,0.8400000000000001,1.5418012637182894,0.4324538998739188
K2-269 b,K2-269,0.9439058989071284,1.6845453849209058,0.0,7.265429723253953,0.0517381954044144,6209.0,1.16,1.4537193374346795,0.39113812508720436
K2-27 b,K2-27,1.747459210331475,0.9969486348916092,0.223943231484774,6.729824070489475,0.0648697162864025,5246.0,0.8800000000000001,2.424802725718295,0.24307114131316646
K2-270 b,K2-270,0.8671004876833832,1.8229350866965048,0.0,7.093404625868766,0.0243998868235351,4877.0,0.8500000000000001,2.100419948065028,0.4202712851150191
K2-270 c,K2-270,1.3737155789130306,1.075002423028976,0.0117309228756986,6.744059186311348,0.0485044090596149,4877.0,0.8500000000000001,1.8975598881142663,0.3045590294533147
K2-271 b,K2-271,2.113842968397168,0.4668737362368079,0.1688394130924403,6.795705775173515,0.0741793981742515,5644.0,0.83,2.409437495235455,0.21719451696220549
K2-272 b,K2-272,1.4182774069729414,1.0224509277025458,0.0,6.617402977974478,0.095946341047209,5397.0,0.86,1.6347157196183688,0.32797896023147266
K2-273 b,K2-273,1.3987168811184478,1.0473189942805592,0.023716526617316,6.745236349484362,0.0703652626605634,5161.0,0.89,1.9168637869224776,0.3033345597210019
K2-274 b,K2-274,1.1249295969854831,1.396244691973059,0.0003499387642879,6.486160788944089,0.0920320854464936,5044.0,0.79,0.8015530544037318,0.4056149450509477
K2-275 b,K2-275,1.205970806988609,1.2837077723447896,0.0,7.062191632286556,0.0273232956488903,4841.0,0.77,1.41730841464906,0.309689096822368
K2-275 c,K2-275,1.1662709371419244,1.3376291891386096,0.0,6.483107351457199,0.0844330559748293,4841.0,0.77,1.375738847180374,0.40482300137313293
K2-276 b,K2-276,1.5623463049002495,0.8754687373538999,0.0903889997276807,6.369900982828227,0.1214208552043394,5139.0,0.8200000000000001,2.012767408411843,0.3398128626824808
K2-277 b,K2-277,1.1586881293434803,1.6094379124341005,0.418710334858185,6.956545443151569,0.0642884898823618,5680.0,0.974,1.7749523509116738,0.29509662237021717
K2-278 b,K2-278,1.3812818192963463,1.0647107369924282,0.0077697372643606,7.445417556701687,0.047646653467353,6747.0,1.4,1.0797692008666298,0.2470708318187223
K2-279 b,K2-279,0.7929925155296614,1.9401794743463283,0.0247901688072187,6.779921907472252,0.0648509723196163,5558.0,0.79,1.9801735400211669,0.4579539265129313
K2-28 b,K2-28,1.199964782928397,1.2919836816486496,0.0,6.343880434126331,0.0211742352314064,3214.0,0.257,1.86175184104809,0.3893235296133044
K2-280 b,K2-280,2.1400661634962708,0.3920420877760237,0.300104592450338,6.669498089857879,0.1363648745205164,5500.0,1.03,2.298577071596507,0.22687499553867885
K2-281 b,K2-281,2.217027204632399,0.4127716832906025,0.1520427454080254,6.501289670540389,0.0744579109180098,4812.0,0.8200000000000001,1.6791505248454006,0.2787680414541322
K2-282 b,K2-282,1.252762968495368,1.2208299213923592,0.1258393848391477,6.964135612418245,0.0486949215387585,5499.0,0.94,2.147217005760349,0.2840257981872318
K2-283 b,K2-283,1.5085119938441398,0.9321640810304452,0.0489806222216218,7.079184394609668,0.0286846338599089,5060.0,0.89,2.0082408776687144,0.24901784314494074
K2-284 b,K2-284,1.3297240096314962,1.1249295969854831,0.0751074724868054,6.483107351457199,0.0466068300482308,4140.0,0.63,0.1133286853070031,0.2943982676794161
K2-285 b,K2-285,1.2781522025001877,1.4036429994545037,0.0,6.993841227895266,0.0374595478270474,4975.0,0.83,1.5699067510967684,0.3100993126183254
K2-285 c,K2-285,1.5107219394949427,1.0818051703517284,0.0,6.609888181471991,0.0791807978744412,4975.0,0.83,1.3223423346273735,0.3259817247730669
K2-285 d,K2-285,1.247032293786383,1.269760544863939,0.0,6.431170038370847,0.1113624678534607,4975.0,0.83,1.6984007174821958,0.3916487660946021
K2-285 e,K2-285,1.0818051703517284,1.269760544863939,0.0,6.218400896660888,0.1658618357552695,4975.0,0.83,1.7256552786250112,0.47199299811391177
K2-286 b,K2-286,1.1314021114911006,1.3862943611198906,0.0622233431801318,5.8522024797744745,0.1627988903050907,3926.0,0.64,1.3297240096314962,0.5502114769737324
K2-287 b,K2-287,2.350805856990725,0.4885800148186709,0.39068982252601,6.690842277418564,0.113864256149047,5695.0,1.056,1.7047480922384253,0.21987661884219054
K2-288 B b,K2-288 B,1.0647107369924282,1.4861396960896067,0.1891316487225038,5.42653466434879,0.151862349309246,3341.0,0.33,0.6931471805599453,0.8120652703439678
K2-289 b,K2-289,2.312535423847214,0.3681093215643954,0.0769240034132033,6.625392368007956,0.1016536537264998,5529.0,0.9529999999999998,1.959560838706923,0.2837672302998622
K2-29 b,K2-29,2.6629628729660006,0.4252677354043441,0.0639133257436528,7.066466970136958,0.0413050778167277,5358.0,0.94,1.2809338454620645,0.22047629425112478
K2-290 b,K2-290,1.4011829736136412,1.62924053973028,0.0,7.115582126184454,0.0882855648673603,6302.0,1.194,1.6094379124341005,0.30342825041203036
K2-290 c,K2-290,2.507666827322194,0.6981347220709844,0.0,6.517671272912275,0.2662030407746567,6302.0,1.194,1.6094379124341005,0.30693108562777854
K2-291 b,K2-291,0.9512717007694006,2.286455711064162,0.0,7.153833801578843,0.0320895777085974,5520.0,0.934,1.551808799597464,0.4185550717766795
K2-292 b,K2-292,1.289232648276759,2.128231705849268,0.0392207131532812,6.679599185844383,0.1222176327242492,5725.0,1.0,2.0541237336955462,0.3890407579825424
K2-293 b,K2-293,1.2383742310432684,1.2383742310432684,0.0,6.621405651764134,0.0971267107307227,5532.0,0.958,1.4757007843617778,0.36009013656403216
K2-294 b,K2-294,0.9783261227936076,1.623340817603092,0.0913934284292105,7.262628600974241,0.0971267107307227,5612.0,0.987,2.1247733516779195,0.373206600813532
K2-295 b,K2-295,2.402835142435901,0.4774756440844365,0.0,6.748759547491679,0.0441125746183209,4444.0,0.74,2.0554049638515943,0.26103423472219023
K2-3 b,K2-3,1.1242800354166875,1.4134230285081433,0.1016536537264998,6.219197550755999,0.0720415528649705,3844.0,0.549,2.066862759472976,0.43890540936931516
K2-3 c,K2-3,0.9485642924244508,1.547562508716013,0.0468835858988504,5.921042082811436,0.1272492009154635,3844.0,0.549,2.066862759472976,0.5851745240001747
K2-3 d,K2-3,0.899348011143843,2.917770732084279,0.0870947068509337,5.724238483223584,0.1834875434339239,3844.0,0.549,2.066862759472976,0.804178797137507
K2-30 b,K2-30,2.53735290009969,0.494696241836107,0.0,6.996681488176539,0.0472556540774804,5425.0,0.9,1.589235205116581,0.2384870856878492
K2-308 b,K2-308,2.390229602846092,0.3350426438116185,0.1135965065825404,7.10230180539866,0.0971267107307227,6100.0,1.09,1.6982177248196908,0.2080669565638314
K2-31 b,K2-31,2.555795278746248,0.0314986670593709,0.0,7.4318919168078,0.0217614917815126,5280.0,0.91,1.4763635582087582,0.22040155468486022
K2-315 b,K2-315,0.6678293725756554,1.8213182714696,0.0705516559509446,6.133398042996649,0.0971267107307227,3300.0,0.174,0.6931471805599453,0.7370155847468447
K2-316 b,K2-316,0.8458682675776092,1.8625285401162623,0.0054749848802695,6.735780014242327,0.0145930023029001,3436.0,0.408,1.6923073902563952,0.4467827555195508
K2-316 c,K2-316,1.0402767116551463,1.5260563034950494,0.0710174872352803,6.049733455231958,0.0565693514878943,3436.0,0.408,1.9300710850255671,0.5236042174607867
K2-317 b,K2-317,1.3686394258811698,1.0818051703517284,0.1008095758224032,6.07073772800249,0.0527821854389694,3387.0,0.403,1.5881550301008112,0.4145845025749194
K2-318 b,K2-318,0.9783261227936076,1.623340817603092,0.0685927914656117,6.124683390894205,0.087186361678916,3851.0,0.561,1.7989005773794216,0.5239003074695843
K2-319 b,K2-319,1.332366019094335,1.1216775615991057,0.0,6.464588303689961,0.1411522797558837,5440.0,0.954,1.561717176222689,0.36858640850098945
K2-32 b,K2-32,1.840390890639792,0.4382549309311553,0.0295588022415444,6.731018100482083,0.076497970972725,5271.0,0.83,2.186051276738094,0.27379421458539765
K2-32 c,K2-32,1.4192454612595764,0.8878912573524571,0.0478373294141601,6.453624998892692,0.1296501202221029,5271.0,0.83,2.186051276738094,0.34064521358218325
K2-32 d,K2-32,1.5005155052099135,0.6259384308664953,0.048790164169432,6.311734809152915,0.1690843300119341,5271.0,0.83,2.186051276738094,0.3544858973989018
K2-32 e,K2-32,0.7938970836600884,1.9878743481543453,0.0421011760186353,6.9726062513017535,0.0478277964802566,5271.0,0.83,2.186051276738094,0.43146044173764864
K2-320 b,K2-320,1.2864740258376797,1.1786549963416462,0.0465018336514197,6.54965074223381,0.0141001243787816,3157.0,0.117,1.613828260735393,0.32498247296834143
K2-321 b,K2-321,1.115549202616229,1.4085449700547104,0.3646431135879092,6.7226297948554485,0.0279944725194577,3750.0,0.578,1.479101410706097,0.30852674257372004
K2-322 b,K2-322,1.0715836162801904,1.4770487243883548,0.023716526617316,6.455198563340122,0.0577027101282892,4141.0,0.63,1.466029329138744,0.4321052638858696
K2-323 b,K2-323,1.1314021114911006,1.3862943611198906,0.0545828777702917,5.765191102784844,0.1200027923946963,3710.0,0.478,1.6374421088436977,0.6048370935872285
K2-324 b,K2-324,1.2325602611778486,1.247032293786383,0.0109399400383343,6.56244409369372,0.0325639908732626,3752.0,0.517,1.758719615149855,0.35164068600426374
K2-325 b,K2-325,1.1631508098056809,1.3428648031925547,0.0212065433055396,6.049733455231958,0.0410459694360009,3287.0,0.274,1.9364368472628315,0.4752367003669547
K2-326 b,K2-326,1.1878434223960523,1.308332819650179,0.0929255205814556,7.016609683894219,0.0196065296389183,3924.0,0.507,2.11456734365521,0.28845517044085295
K2-329 b,K2-329,2.2696244089084336,0.5270925962298626,0.0673782353299481,6.478509642208569,0.096763668432308,5282.0,0.901,1.0296194171811583,0.2939522533482652
K2-33 b,K2-33,1.7984040119467235,1.269760544863939,0.0,6.746412128573375,0.0400857235392856,3540.0,0.56,0.0092570212626767,0.24419869198420813
K2-330 b,K2-330,1.3270750014599193,1.128171090909654,0.0007097480692401,6.877296071497429,0.0971267107307227,6232.0,1.23,1.4429109615387867,0.29363874618625235
K2-331 b,K2-331,1.0260415958332745,1.547562508716013,0.0,6.813444599510896,0.0971267107307227,5994.0,1.1,1.2554735771883392,0.4040267817489417
K2-331 c,K2-331,1.3137236682850553,1.144222799920162,0.0192142189238042,6.513230110912307,0.0971267107307227,5994.0,1.1,1.0564004398588005,0.34350022650162826
K2-332 b,K2-332,1.1631508098056809,1.3428648031925547,0.0374884444109916,5.58724865840025,0.0971267107307227,3315.0,0.27,1.7173950539391925,0.8337162575106049
K2-333 b,K2-333,1.9712993830601329,0.5515836162381584,0.1238976366562374,6.717804695023691,0.0971267107307227,5880.0,1.06,2.069643699199725,0.25195026089052586
K2-334 b,K2-334,1.8946168546677629,0.6037693694087286,0.107598010598018,7.2305631534092925,0.0971267107307227,6502.0,1.36,0.9724063800006426,0.19882883279333421
K2-335 b,K2-335,1.1662709371419244,1.3376291891386096,0.0158733491562901,6.856461984594587,0.0971267107307227,6222.0,1.23,1.3342112812496654,0.3386852013594283
K2-336 b,K2-336,0.7975071958841881,1.9444805562457188,0.0,6.345636360828596,0.0971267107307227,5424.0,0.86,1.2889571282309331,0.526238309727253
K2-337 b,K2-337,1.2864740258376797,1.1786549963416462,0.0383549538764639,6.746412128573375,0.0971267107307227,5869.0,0.94,2.281361456542419,0.31086578494579603
K2-338 b,K2-338,0.708035793053696,1.860974538249528,0.0,6.664409020350408,0.0971267107307227,4558.0,0.6599999999999999,1.5109426656850011,0.4907604070469196
K2-339 b,K2-339,1.0715836162801904,1.4770487243883548,0.0073727543294129,6.2324480165505225,0.0971267107307227,4857.0,0.74,1.873493054254725,0.4712146159580146
K2-34 b,K2-34,2.691243082785829,0.6626879730752367,0.0,7.431299675155903,0.0432510419943149,6168.0,1.16,1.355835153635182,0.21732196839714366
K2-340 b,K2-340,1.4724720573609429,0.9631743177730056,0.0887432098343885,6.408528791059498,0.0971267107307227,5532.0,0.9300000000000002,2.278394854192828,0.32245174380390407
K2-341 b,K2-341,1.43746264769429,1.0043016091968684,0.0225439644348945,6.395261598115449,0.0971267107307227,5817.0,0.98,2.082935430934092,0.3420911520266358
K2-342 b,K2-342,1.1085626195212777,1.420695787837223,0.0,6.759255270663693,0.0971267107307227,5920.0,1.01,1.7058384067204155,0.3806419544565645
K2-343 b,K2-343,0.9745596399981308,1.631199404215613,0.103819328638997,6.483107351457199,0.0971267107307227,3804.0,0.49,1.464643327530867,0.5252593823425925
K2-343 c,K2-343,1.1052568313867783,1.425515074273172,0.1691518827453123,6.144185634125646,0.0971267107307227,3804.0,0.49,1.2322978360768395,0.5002232096590219
K2-344 b,K2-344,0.9516578757114464,1.6695918352538477,0.0067769842790237,6.583409222158765,0.0971267107307227,4374.0,0.51,1.945624393945496,0.5114914785830985
K2-345 b,K2-345,1.1346227261911428,1.3812818192963463,0.0481232751817282,6.082218910376446,0.0971267107307227,3779.0,0.56,1.5773278585158668,0.49263477002519895
K2-346 b,K2-346,1.181727195378616,1.316408233655724,0.0,6.111467339502679,0.0971267107307227,4801.0,0.71,2.0240609583270306,0.44089454493345337
K2-347 b,K2-347,1.2267122912954256,1.2556160374777745,0.1198076514047123,6.46302945692067,0.0971267107307227,4599.0,0.6599999999999999,1.803358605071407,0.38147088797499307
K2-348 b,K2-348,1.449269160281279,0.9932517730102834,0.1101092226800299,6.812345094177479,0.0971267107307227,5077.0,0.83,1.9314199571815256,0.2796608521397433
K2-348 c,K2-348,1.3001916620664788,1.1631508098056809,0.0920320854464936,6.486160788944089,0.0971267107307227,5077.0,0.83,1.9104309989455537,0.3475559643006443
K2-349 b,K2-349,0.8671004876833832,1.8229350866965048,0.0652557638575044,6.251903883165888,0.0971267107307227,4385.0,0.54,2.175490085190213,0.5075647064585578
K2-35 b,K2-35,0.8415671856782186,1.871802176901592,0.1222176327242492,6.887552571664617,0.0305292050348228,4402.71,0.7019679999999999,1.4117184134600491,0.41694978476206335
K2-35 c,K2-35,1.075002423028976,1.4701758451005928,0.1133286853070031,6.642486801367256,0.0535407669280298,4402.71,0.7019679999999999,1.5526558983351155,0.3836536533391316
K2-350 b,K2-350,0.9321640810304452,1.7047480922384253,0.0073727543294129,7.055312843339752,0.0971267107307227,5789.0,0.98,1.7917594692280547,0.4123680317582343
K2-350 c,K2-350,1.3190856114264409,1.1378330018213914,0.0,6.533788837933344,0.0971267107307227,5789.0,0.98,1.7564776550834151,0.34838879822470603
K2-351 b,K2-351,1.264126727145683,1.205970806988609,0.0,6.840546529288687,0.0971267107307227,5769.0,1.02,1.7199053654600711,0.32059002572052375
K2-352 b,K2-352,0.8628899551470399,1.8309801823813363,0.0073727543294129,7.057036981697891,0.0971267107307227,5791.0,0.98,1.6164135261705257,0.4316491191164753
K2-352 c,K2-352,1.0715836162801904,1.4770487243883548,0.0,6.786716950605081,0.0971267107307227,5791.0,0.98,1.6709092345222014,0.39390737921949065
K2-352 d,K2-352,1.172482137234565,1.3270750014599193,0.0,6.590301048196686,0.0971267107307227,5791.0,0.98,1.546072036812281,0.3828031120965855
K2-353 b,K2-353,1.8794650496471603,0.6124792774924905,0.2303177550622101,6.601230118728877,0.0971267107307227,5698.0,0.87,2.1422989630607034,0.25885727991846463
K2-354 b,K2-354,0.9400072584914712,1.6882490928583902,0.0374595478270473,6.298949246855942,0.0971267107307227,3669.0,0.4299999999999999,1.938309911710744,0.6087393807342216
K2-355 b,K2-355,1.1786549963416462,1.3190856114264409,0.0,6.9726062513017535,0.0612832284168985,5790.0,0.96,1.487722153750004,0.330098875502456
K2-356 b,K2-356,1.1908875647772803,1.3029127521808397,0.0,6.437751649736401,0.1483337945056934,5568.0,0.9,1.6455769590499736,0.4113001442208707
K2-357 b,K2-357,1.551808799597464,0.8878912573524571,0.0,6.601230118728877,0.1354046370062029,5794.0,0.98,1.6229462624588926,0.3220192373016347
K2-358 b,K2-358,1.3029127521808397,1.1568811967920856,0.0,6.790097235513905,0.0827774264575681,5650.0,0.9300000000000002,1.576087932752546,0.31832031829768725
K2-36 b,K2-36,0.8878912573524571,2.19722457733622,0.0889262091944015,7.192182058713246,0.0226221780362796,4916.0,0.79,0.8754687373538999,0.3922454610884555
K2-36 c,K2-36,1.4350845252893227,0.832909122935104,0.0852598439508234,6.75110146893676,0.0538061345585273,4916.0,0.79,0.8754687373538999,0.264827507691217
K2-360 c,EPIC 201595106,1.6134299337036375,0.8285518175661483,0.1043600153242427,6.816735880594968,0.0846168457198789,5679.0,0.958,1.9459101490553128,0.26353659235310656
K2-365 b,K2-365,1.3625138324544872,1.0885619528146082,0.1021955123146697,6.466922027036182,0.0971267107307227,5561.0,0.823,2.3402661599617343,0.3213722756024812
K2-366 b,K2-366,1.2116433106301556,1.275362800412609,0.0543934838303315,6.5513802900524025,0.0971267107307227,5601.0,0.825,2.157674921198237,0.3657858985971315
K2-367 b,K2-367,1.22759166992457,1.2556160374777745,0.0779790413165885,6.23166185298802,0.0971267107307227,4348.0,0.756,1.4747630091074988,0.40631741085990286
K2-368 b,K2-368,0.846726268488246,1.8625285401162623,0.039347628176152,6.640719921928364,0.0971267107307227,4663.0,0.7460000000000001,1.8514424713892288,0.4874153662669962
K2-368 c,K2-368,0.8590852581033759,1.8357763546448287,0.0,6.521504389797777,0.0971267107307227,4663.0,0.7460000000000001,1.6553668443225005,0.5076028747349232
K2-368 d,K2-368,1.0811269743270902,1.4609379041156565,0.0073727543294129,6.253613403761491,0.0971267107307227,4663.0,0.7460000000000001,1.6122339997361017,0.4652974286550615
K2-369 b,K2-369,0.8385453832493022,1.87640694328834,0.04200529414503,6.833182583476629,0.0971267107307227,5682.0,0.7350000000000001,2.1798297157111044,0.45245655574217886
K2-37 b,K2-37,0.8712933659434192,1.8148247421590515,0.0,6.856461984594587,0.0497896645025155,5352.0,0.8400000000000001,1.7045662575256777,0.4463483869616893
K2-37 c,K2-37,1.2267122912954256,1.2556160374777745,0.0,6.733401891837359,0.0632939970386163,5352.0,0.8400000000000001,1.6469263568450918,0.34582669699839796
K2-37 d,K2-37,1.1969481893889715,1.7404661748405044,0.0,6.472346294500901,0.1045401792739238,5352.0,0.8400000000000001,1.6310036903486609,0.43656796212772997
K2-370 b,K2-370,1.4367498046083838,1.0043016091968684,0.1268088468636958,7.145196134997171,0.0971267107307227,5377.0,0.984,1.8882810362186768,0.24573582717421602
K2-371 b,K2-371,2.6407701476189334,1.269760544863939,0.1130607922840142,6.864670309197069,0.0971267107307227,4925.0,0.958,1.7568228993471586,0.24263158054974754
K2-372 b,K2-372,1.3724489542978375,1.075002423028976,0.039797469874066,6.726473181762845,0.0971267107307227,5479.0,0.847,2.24315350922462,0.30523219771371163
K2-373 b,K2-373,1.1187416599632756,1.4060969884160703,0.0,6.916913216766902,0.0971267107307227,6138.0,1.158,1.502520630088023,0.353274410925555
K2-374 b,K2-374,0.9528155065565274,1.667706820558076,0.0153811020383023,6.957401267305773,0.0971267107307227,5789.0,0.7310000000000001,2.0648353892904736,0.41275277521116543
K2-374 c,K2-374,1.1672050801337217,1.33500106673234,0.0665365238002442,6.542879658366564,0.0971267107307227,5789.0,0.7310000000000001,2.2054131812417723,0.37756664885902885
K2-375 b,K2-375,1.1764988273251809,1.324418957401803,0.0458334163431722,6.785867831740661,0.0971267107307227,5822.0,1.119,2.079691510435043,0.3413501506281172
K2-376 b,K2-376,1.0064969997603042,1.5769147207285403,0.0633503155007616,7.127131743727103,0.0971267107307227,5937.0,0.908,2.11251358274003,0.3703816336224922
K2-377 b,K2-377,0.990655813829462,1.603419840108537,0.070206801042898,6.435950027789773,0.0971267107307227,4200.0,0.821,1.8714944372469084,0.4664588993219655
K2-378 b,K2-378,1.355835153635182,1.095273387402595,0.1323431869877131,6.974544390639862,0.0971267107307227,4823.0,0.9230000000000002,1.9310865344491543,0.27291827911319233
K2-379 b,K2-379,1.157195612767007,1.3506671834767394,0.0404699325537131,6.552079835376488,0.0971267107307227,4603.0,0.856,1.80005827204275,0.39427561446134335
K2-38 b,K2-38,0.9321640810304452,2.4849066497880004,0.1798184265758361,7.144407180321139,0.0487330196795738,5731.0,1.03,2.0412203288596382,0.38917147335525215
K2-38 c,K2-38,1.1908875647772803,1.5686159179138452,0.1492817027157544,6.821107472256465,0.0908822089771318,5731.0,1.03,2.0412203288596382,0.33705791736914076
K2-380 b,K2-380,1.3161401011966838,1.1410330045520618,0.0020977980821461,6.846517969510948,0.0971267107307227,5911.0,0.993,1.9375899174395943,0.3043487334434162
K2-381 b,K2-381,0.7299611536826616,1.8825138324965192,0.049932368748209,6.448889394146858,0.0971267107307227,4473.0,0.754,1.6889881911921094,0.5061822631664846
K2-381 c,K2-381,1.0986122886681096,1.4350845252893227,0.0315955615897505,6.253036189841536,0.0971267107307227,4473.0,0.754,1.346513491108046,0.4537054355964006
K2-381 d,K2-381,0.9891693772867276,1.6074359097634274,0.0315955615897505,6.278328159712862,0.0971267107307227,4473.0,0.754,1.4797847042072296,0.49084580702817987
K2-382 b,K2-382,1.1223288152854258,1.4011829736136412,0.0,6.406714955950943,0.0971267107307227,5452.0,0.922,1.3535128715955111,0.428781074263601
K2-383 b,K2-383,0.9415685390584236,1.6882490928583902,0.0073727543294129,7.146850916510274,0.0971267107307227,5129.0,1.061,1.4400720668003617,0.41192080591320396
K2-384 b,K2-384,0.7304429653036423,1.8809906029559973,0.0029516396227367,6.419343250053046,0.0971267107307227,3623.0,0.33,1.732365027929191,0.7107035531993219
K2-384 c,K2-384,0.7843580606133295,1.9344157696295785,0.0147506719459079,6.433823946398421,0.0971267107307227,3623.0,0.33,1.9119100703585168,0.7104702292263901
K2-384 d,K2-384,0.8721298360883852,1.81319474994812,0.0208510970674466,5.989212012054688,0.0971267107307227,3623.0,0.33,1.905385729302914,0.7378306752515219
K2-384 e,K2-384,0.8522854018982426,1.8484548129046003,0.0208510970674466,5.946257954269903,0.0971267107307227,3623.0,0.33,1.820298334034476,0.744145202820947
K2-384 f,K2-384,1.1700022847547826,1.332366019094335,0.0927614800813111,6.075116119603592,0.0971267107307227,3623.0,0.33,1.73835869250094,0.6205358737261231
K2-385 b,K2-385,0.9317703027225414,1.7029282555214391,0.066630082297763,7.070520178226873,0.0971267107307227,4844.0,0.927,2.0912465871295987,0.4081442675489616
K2-386 b,K2-386,1.199964782928397,1.2919836816486496,0.023716526617316,6.78944685533365,0.0971267107307227,5749.0,0.911,2.094822643718138,0.34202501220798476
K2-387 b,K2-387,2.1189026105607494,0.4643627493556498,0.201960772046303,6.086961073185125,0.0971267107307227,3572.0,0.57,1.836127170294805,0.34606397646300513
K2-388 b,K2-388,1.589235205116581,0.8501509293696101,0.0875528970078615,6.774223886357614,0.0971267107307227,5310.0,0.9300000000000002,1.9945642495467344,0.2772950146776271
K2-389 b,K2-389,1.2029723039923526,1.2864740258376797,0.0648509723196163,6.838405200847344,0.0971267107307227,5773.0,0.99,1.958262119828119,0.3253679527394692
K2-389 c,K2-389,1.1118575154181305,1.415853163361435,0.0860859489131288,6.626464737111703,0.0971267107307227,5782.0,0.8019999999999999,2.4501426573516603,0.3641313996431865
K2-39 b,K2-39,1.9847241861204896,0.6575200029167942,0.0,7.421177528595393,0.0555103899275675,4881.0,0.6599999999999999,2.0412203288596382,0.22305016789649554
K2-390 b,K2-390,1.7337771866897078,0.7227059828014898,0.1464352782295457,7.02108396428914,0.0971267107307227,5558.0,0.7889999999999999,2.4095273570280784,0.21847430614301971
K2-391 b,K2-391,0.8633118070832684,1.827769906751088,0.0193123110323728,7.053153481671494,0.0971267107307227,5543.0,0.7569999999999999,2.3594379045868283,0.41426834725796197
K2-392 b,K2-392,1.0473189942805592,1.5129270120532563,0.0575139062006066,6.695551667706262,0.0971267107307227,5726.0,0.841,2.454017796754255,0.38463153552364726
K2-393 b,K2-393,1.2095571826198366,1.2781522025001877,0.0332413337798018,6.801290820870672,0.0971267107307227,5678.0,0.881,2.45573527248772,0.3172404147933646
K2-394 b,K2-394,0.9902844117824814,1.6054298910365616,0.023716526617316,6.467698726104354,0.0971267107307227,4938.0,0.478,2.1928818279020827,0.4839851588692553
K2-395 b,K2-395,1.2801001647134869,1.1878434223960523,0.1024663315444901,6.84529566209157,0.0971267107307227,5007.0,0.952,1.92573659583176,0.30369601613662406
K2-395 c,K2-395,1.4804675311371402,0.9555114450274363,0.0214679066152409,6.60424594697859,0.0971267107307227,5007.0,0.952,1.6165128261060622,0.3210848024532624
K2-396 b,K2-396,0.9474017268992077,1.6770965609079151,0.1015633154094412,7.2823487234232145,0.0971267107307227,5236.0,0.954,1.7343775009899192,0.3853868766346994
K2-396 c,K2-396,1.4168235661547135,1.0260415958332745,0.1616085151964129,6.44094335083517,0.0971267107307227,5236.0,0.954,2.226783379577764,0.3176757598885944
K2-397 b,K2-397,1.2287629731331546,1.252762968495368,0.0859941931668609,6.899622295751948,0.0971267107307227,5387.0,0.9370000000000002,2.209592226144881,0.31001456385006465
K2-398 b,K2-398,1.1860124789489432,1.3110318766193438,0.0107420965319021,7.174188178394744,0.0971267107307227,5946.0,0.945,2.18323833536148,0.3129764895962073
K2-398 c,K2-398,1.807960848566063,0.6657759837638133,0.1530643757268367,6.723802392292833,0.0971267107307227,5946.0,0.945,2.226243859737323,0.25147140610792307
K2-4 b,K2-4,1.1314021114911006,1.3862943611198906,0.0769610411361283,6.335054251498059,0.0751074724868054,4014.73,0.635026,1.7341303563914183,0.4154094376216966
K2-400 b,K2-400,0.7714961469709217,1.9213246735826988,0.0126792771570733,6.408775877499828,0.0971267107307227,3578.0,0.374,2.076311648670908,0.6677678534648139
K2-401 b,K2-401,1.1823405041988222,1.316408233655724,0.0455468149559702,6.644532946479544,0.0971267107307227,4213.0,0.87,1.9661328561728355,0.3763869367358864
K2-402 b,K2-402,1.3023691261821293,1.1600209167967532,0.035463664275569,6.7459419828195335,0.0971267107307227,5716.0,0.944,2.427189256218577,0.29883092794704036
K2-403 b,K2-403,1.8457740575342927,0.6371057896763205,0.211880359035499,6.856461984594587,0.0971267107307227,5511.0,0.784,2.099930208107152,0.2324241730064685
K2-404 b,K2-404,1.2612978709452054,1.208960345836975,0.0818564464698322,6.154348410009462,0.0971267107307227,3748.0,0.552,1.5894392659274104,0.42806313603288954
K2-405 b,K2-405,1.7172155046075317,0.7371640659767197,0.1361030829923403,6.877296071497429,0.0971267107307227,4927.0,1.034,1.607275576269417,0.25473794833611524
K2-406 b,K2-406,1.7231236768379168,0.7323678937132266,0.1461156279415145,6.562812669828987,0.0971267107307227,5784.0,0.798,2.1699904043824505,0.28588290539329897
K2-407 b,K2-407,0.8254903675476585,1.9021075263969205,0.0,6.847338385588659,0.0971267107307227,5563.0,0.881,1.4756779222545762,0.459365904569932
K2-407 c,K2-407,0.8586616190375187,1.8389610707123487,0.0357531697058178,6.684836702359224,0.0971267107307227,5563.0,0.881,1.956850089093648,0.4687601641510159
K2-408 b,K2-408,0.9846967645382154,1.6134299337036375,0.1166268119317196,6.511189454520985,0.0971267107307227,5335.0,0.813,2.2076148554028188,0.44406609659789015
K2-409 b,K2-409,1.2476068413459973,1.229640551074514,0.1268088468636958,7.301309736064466,0.0971267107307227,5742.0,0.886,2.5915163848462583,0.242435473767429
K2-411 b,K2-411,0.6880341311731223,1.8421356765531216,0.0077697372643606,7.236929521336477,0.0498372348471716,5711.0,1.018,2.0622953828448654,0.40916026362332203
K2-412 b,K2-412,1.1365501280085015,1.3812818192963463,0.0434425578428367,6.986843685301101,0.0569472804417501,5590.0,0.893,2.38738569468651,0.3228231793350591
K2-413 b,K2-413,0.5652569892540282,1.713797927758343,0.1629688282781396,7.348523178792688,0.0116320842297076,4116.0,0.808,1.4756779222545762,0.3349356919362009
K2-413 c,K2-413,0.8032116154222543,1.9473377010464987,0.0440168854167743,6.674619470935882,0.0417175933518685,4116.0,0.808,1.8808381523115985,0.45776515702611836
K2-414 b,K2-414,0.7970566439504569,1.9473377010464987,0.0084640784121293,6.685985783221071,0.0475513018582223,4343.0,0.8139999999999998,2.2253800220850746,0.4646265501143284
K2-414 c,K2-414,1.0745586385643895,1.4701758451005928,0.0324671901375014,6.614974898884976,0.0537303224209677,4343.0,0.8139999999999998,2.0596214142305294,0.40134315195423176
K2-415 b,K2-415,0.7006191953986463,1.269760544863939,0.1184050643786211,6.024415647247668,0.0266419309464211,3173.0,0.1635,1.80281479990504,0.5041168675282676
K2-416 b,K2-416,1.297463147413275,1.269760544863939,0.0743650819553067,6.104793232414985,0.0843411484337507,3746.0,0.548,0.9198882530279968,0.4084395656160223
K2-417 b,K2-417,1.4609379041156565,1.269760544863939,0.0666862131950301,6.326149473155099,0.0610950993598108,3861.0,0.569,1.043807573293676,0.3590743687117087
K2-419 A b,K2-419 A,2.446685436967803,0.6502396795486688,0.0411419433311751,5.934894195619588,0.1140427160406602,3711.0,0.562,2.128231705849268,0.41264462441148125
K2-42 b,K2-42,1.1474024528375415,1.3635373739972745,0.0182327682610597,6.511309870804683,0.0598713970373903,4613.0,0.702,2.0835580571916754,0.3965687169377543
K2-43 b,K2-43,1.706564623164823,0.7466879474879752,0.0676586484738148,6.846198973283031,0.0371416302806199,3840.6,0.571,1.737760764129011,0.2518055305744579
K2-43 c,K2-43,1.229640551074514,1.252762968495368,0.0,6.998235632110512,0.0971267107307227,3840.6,0.571,1.7611284256745328,0.3565333524257401
K2-44 b,K2-44,1.233434514475555,1.247032293786383,0.0,7.10002716662926,0.0582689081239757,5912.0,1.15,1.755233787878605,0.2994030883840412
K2-45 b,K2-45,2.0425181875752383,0.5080216964332565,0.0953101798043248,6.979666554449121,0.0221528046411333,4103.0,0.503,1.9833435516344988,0.20880320149789627
K2-46 b,K2-46,1.11514159061932,1.410986973710262,0.0093560949240249,6.7912214627261855,0.1294568529504352,6256.0,0.96,1.707634830687679,0.3683564263258456
K2-47 b,K2-47,1.0612565021243408,1.4906543764441331,0.0373921192170626,6.158460937799191,0.1637331919826017,5054.0,0.75,2.035489654150653,0.4943880480296916
K2-48 b,K2-48,1.175573329804238,1.324418957401803,0.0,6.243195555274104,0.126103876795726,4899.0,0.77,1.863459783393246,0.4470577996482208
K2-49 b,K2-49,1.075002423028976,1.4701758451005928,0.0298500219688853,6.616395786435346,0.0304322071202019,4175.0,0.51,1.7159577558117731,0.3931329385988732
K2-5 b,K2-5,1.068153081183401,1.4816045409242156,0.058174564051072,6.338594078203183,0.0518331486400172,3930.0,0.61,1.4341316905340509,0.43451189767552384
K2-5 c,K2-5,1.181727195378616,1.316408233655724,0.0364283566135514,6.124683390894205,0.0786263204551895,3930.0,0.61,1.6507717759270777,0.4324629253063683
K2-50 b,K2-50,0.9516578757114464,1.6695918352538477,0.0,6.254405568296257,0.0681258290476003,4326.0,0.611,1.602614687085975,0.5010941496785617
K2-52 b,K2-52,2.9444389791664403,1.269760544863939,0.0077697372643606,7.60339933974067,0.0525924501191705,7147.0,1.6909999999999998,1.0091980270621697,0.19654918040275537
K2-53 b,K2-53,1.2809338454620645,1.184789984909162,0.0,6.501289670540389,0.0934903430873388,5263.0,0.851,1.668875948182713,0.3733110751681325
K2-54 b,K2-54,1.2841764990403637,1.181727195378616,0.2151113796169455,6.329720905522696,0.0733433942242095,3990.0,0.615,1.7089211909190505,0.3481434819757425
K2-55 b,K2-55,1.691939133945844,1.33500106673234,0.0676586484738148,6.803505257608338,0.0342661518676193,4300.0,0.688,1.941199069325194,0.28563813732687143
K2-57 b,K2-57,1.1966611451745746,1.2947271675944,0.2231435513142097,6.456455634530173,0.072506690786748,4413.0,0.6990000000000001,2.0541237336955462,0.3553238551873813
K2-58 b,K2-58,1.3029127521808397,1.1568811967920856,0.0,6.742762704309957,0.0669107052826268,5413.0,0.89,1.7568228993471586,0.32519972233850136
K2-58 c,K2-58,0.9631743177730056,1.6505798557652755,0.0,7.065954893655682,0.0344014267173324,5413.0,0.89,1.7277541392521427,0.3990695435639219
K2-58 d,K2-58,0.9969486348916096,1.5933085305042167,0.0,6.334699578680012,0.1412391116927246,5413.0,0.89,1.63627456638766,0.4973867383556792
K2-59 b,K2-59,1.2267122912954256,1.2556160374777745,0.001998002662673,6.270421163241404,0.1269850117544887,5055.0,0.7740000000000001,1.812542008410584,0.4296645240764432
K2-59 c,K2-59,1.1939224684724346,1.297463147413275,0.0324671901375014,6.5060844634331305,0.0866363066595466,5055.0,0.7740000000000001,1.904939333938013,0.39082105697694347
K2-6 b,K2-6,1.252762968495368,1.2208299213923592,0.0,6.423246963533519,0.1737852257716682,5850.0,0.97,1.53837146400024,0.39396616433340065
K2-60 b,K2-60,2.15822349339601,0.9932517730102834,0.0,7.244941546337007,0.0440168854167743,5500.0,0.97,2.3978952727983707,0.2116471185384843
K2-61 b,K2-61,1.0715836162801904,1.4770487243883548,0.0,7.189922170745808,0.0384511863742527,5748.0,0.97,1.5579340695669848,0.3538641421735513
K2-62 b,K2-62,1.1052568313867783,1.425515074273172,0.0142973047008244,6.502790045915623,0.0616593803867277,4455.0,0.67,1.6544112780768314,0.41294111622242535
K2-62 c,K2-62,1.095273387402595,1.4398351280479205,0.0182327682610597,6.206575926724928,0.1086750166256561,4455.0,0.67,1.3435173317638325,0.46594400571080374
K2-63 b,K2-63,1.4398351280479205,1.0043016091968684,0.0282958691548473,6.801194042747792,0.1507448866924254,6771.0,1.4,1.009052211955466,0.2769699012387814
K2-63 c,K2-63,1.589235205116581,0.8501509293696101,0.0,6.79469855668984,0.1731126177086447,6771.0,1.4,0.959350221334602,0.27410993780728754
K2-64 b,K2-64,1.1216775615991057,1.4011829736136412,0.0345946447644989,6.69900760795166,0.0600597564276628,5312.0,0.7410000000000001,2.0849264719104053,0.3769366039329139
K2-65 b,K2-65,0.947789398933526,1.6770965609079151,0.0,6.522680860521707,0.096582097846244,5213.0,0.87,1.370926883988769,0.4762802828051071
K2-66 b,K2-66,1.249901736214336,2.174751721484161,0.0,7.224753405767971,0.0581085179036614,5887.0,1.11,1.799562281291076,0.3462009729426587
K2-68 b,K2-68,0.947789398933526,1.6770965609079151,0.0071742037480003,6.510288101985035,0.0684060326640604,4746.0,0.73,1.789423409430507,0.47321437747596334
K2-69 b,K2-69,1.199964782928397,1.2919836816486496,0.0664429565487139,6.241802943669303,0.0574194908674864,4127.0,0.551,1.73712727357499,0.41461711173143345
K2-7 b,K2-7,1.6164598110973758,0.8241754429663495,0.2151113796169455,6.668228248417403,0.1711763456889563,5700.0,1.056,2.26176309847379,0.26405823743682416
K2-70 b,K2-70,1.358409157630355,1.091923300517313,0.0,6.603808314064321,0.1054405124579969,5622.0,0.94,1.632959107475446,0.34342145154829246
K2-71 b,K2-71,1.1474024528375415,1.3635373739972745,0.1397619423751586,6.243001172923409,0.0543934838303316,4006.0,0.477,1.706564623164823,0.42601449744874703
K2-72 b,K2-72,0.7323678937132266,1.884034745337226,0.1043600153242427,6.096585534081103,0.0392207131532812,3360.47,0.271365,1.9037479711761025,0.5295459995531022
K2-72 c,K2-72,0.7701082216960736,1.918392120161421,0.1043600153242427,5.784501876397576,0.0751074724868054,3360.47,0.271365,1.747112460325169,0.6891397192592472
K2-72 d,K2-72,0.6981347220709844,1.854734268389444,0.1043600153242427,6.040254711277414,0.048790164169432,3360.47,0.271365,1.7003749074262025,0.5476787422138627
K2-72 e,K2-72,0.8285518175661483,1.8961194845522973,0.1043600153242427,5.631462646409561,0.100749903100143,3360.47,0.271365,1.544794852499206,0.8488098494019335
K2-73 b,K2-73,1.275362800412609,1.33500106673234,0.0542987734073788,6.876264611890766,0.0734270260768431,5867.0,1.02,1.8338606452466903,0.3084355714874653
K2-73 c,K2-73,2.639057329615259,1.3506671834767394,0.2391192574365713,5.231643233280044,0.0971267107307227,5867.0,1.02,1.8787013993618635,0.3572784530749831
K2-74 b,K2-74,1.1969481893889715,1.2947271675944,0.0,6.581193768469438,0.1312036856153444,6060.0,0.96,0.5687171021817683,0.35182894111516466
K2-75 b,K2-75,1.3001916620664788,1.1631508098056809,0.1961422758112663,7.018759837025049,0.0778865386570712,5995.0,1.16,1.93149242567588,0.2530908079074391
K2-75 c,K2-75,1.3270750014599193,1.128171090909654,0.1571746743719986,6.715746956598639,0.1335688919214152,5995.0,1.16,1.935253568866785,0.2912959553113098
K2-77 b,K2-77,1.2526494477664196,1.269760544863939,0.2546422183735807,6.693323668269949,0.0725996924143435,5160.0,0.847,1.7404661748405044,0.3036012590434781
K2-79 b,K2-79,1.6272778305624314,0.5481214085096876,0.2070141693843261,6.930494765951626,0.0942186752389817,5897.0,1.066,2.0149030205422647,0.22294510939013779
K2-8 b,K2-8,1.5216989981260935,0.9162907318741552,0.1546077182264388,6.448889394146858,0.0821328295385223,4870.0,0.78,1.4955970960103409,0.31278654513747794
K2-8 c,K2-8,1.2267122912954256,1.2556160374777745,0.0158733491562901,6.687108607866515,0.0518331486400172,4870.0,0.78,1.826643871081557,0.3452098875687809
K2-80 b,K2-80,1.1019400787607845,1.430311246536665,0.0,6.453152446312425,0.126632650933366,5441.0,0.9,1.701834761700068,0.44331305483572314
K2-80 c,K2-80,0.904218150639886,1.752672080520008,0.0,6.866912450911531,0.0578914784157775,5441.0,0.9,1.7016523964219117,0.438399422222427
K2-80 d,K2-80,1.2675432176232992,1.2029723039923526,0.0,6.307734076411675,0.0971267107307227,5377.0,0.913111,1.4341316905340509,0.3953404875217582
K2-81 b,K2-81,1.0885619528146082,1.449269160281279,0.0582689081239757,6.678226384687437,0.0573250666192694,4674.13,0.7452730000000001,1.7528453757288291,0.38598984343008014
K2-83 b,K2-83,0.8082599876604499,1.937301774518713,0.0676586484738148,6.622027296053212,0.0296947153350385,3910.0,0.484,1.9545441967317432,0.45839715669475406
K2-83 c,K2-83,0.9094675065260296,1.7439688053917064,0.0582689081239757,6.105248485914241,0.0688821986962774,3910.0,0.484,1.8640336180980748,0.5229577058217124
K2-84 b,K2-84,1.2267122912954256,1.2556160374777745,0.0,6.880897824812254,0.0643822589292682,5652.0,0.95,1.6813864117466846,0.3282194558571281
K2-84 c,K2-84,1.1085626195212777,1.420695787837223,0.0,6.313910299496055,0.1627988903050907,5652.0,0.95,1.704748092238425,0.46817017010142664
K2-85 b,K2-85,0.8754687373538999,1.9315214116032136,0.2151113796169455,7.212294468500341,0.0129162252665463,4232.0,0.7,1.9547990964725592,0.3730693011432976
K2-86 b,K2-86,1.085189268335969,1.4539530095937054,0.0,6.70502691241052,0.0741793981742515,5482.0,0.79,1.6950649984015371,0.4013546930596856
K2-87 b,K2-87,2.151762203259462,0.4459670514174942,0.1730285098823618,6.887552571664617,0.0898407039997894,5747.0,1.164,1.7687808036576442,0.22191385622134333
K2-88 b,K2-88,0.8020015854720274,1.94876321803772,0.2311117209633866,6.136739525603734,0.0339182182034606,3537.0,0.258,1.8172647596364169,0.48835471370029526
K2-89 b,K2-89,0.4793349566746199,1.6134299337036375,0.1397619423751586,6.730234977692344,0.0145141581580226,3691.0,0.347,2.0483377966285023,0.3565788143014663
K2-9 b,K2-9,1.1786549963416462,1.3190856114264409,0.1414995622736995,5.752572638825633,0.0870947068509337,3390.0,0.3,0.6931471805599453,0.6447247397557155
K2-90 b,K2-90,1.2809338454620645,1.184789984909162,0.0676586484738148,6.220590170099739,0.0916671885258238,4484.0,0.629,1.4073217283119663,0.39937154053263524
K2-90 c,K2-90,0.832909122935104,1.88706964903238,0.173953307123438,6.672723845974838,0.0344014267173324,4421.98,0.704613,1.4334164681886257,0.4394739163398316
K2-91 b,K2-91,0.7419373447293773,1.8961194845522973,0.0861776962410523,6.589201542863269,0.0162669724638719,3622.0,0.2919999999999999,1.4329393689429344,0.4532705701201156
K2-95 b,K2-95,1.4609379041156565,0.982078472412158,0.1484200051182732,6.163314804034641,0.0511682865743994,3566.0,0.41,0.5822156198526637,0.3361849646335589
K2-97 b,K2-97,2.6707481736670275,0.3307415619122279,0.1881379421153944,7.356918242356021,0.0819485826471673,4673.0,1.17,2.1400661634962708,0.18226450585942994
K2-98 b,K2-98,1.802775120214948,0.8754687373538999,0.1124354293297881,7.078341579557671,0.0940366419263829,6260.0,1.246,1.4816045409242156,0.22564011151671243
K2-99 b,K2-99,2.5557936904255776,0.6418538861723948,0.1988508587451652,7.077498053569231,0.1423672412869219,6069.0,1.44,1.547562508716013,0.1934916889407641
K2-99 c,K2-99,2.6100697927420065,2.119863456178752,0.1906203596086497,5.968707559985366,0.8878912573524571,6069.0,1.44,1.547562508716013,0.3971158740712308
KELT-10 b,KELT-10,2.8142937867389457,0.2684992530350069,0.0345946447644989,7.228388451573604,0.0511682865743994,5948.0,1.112,1.7047480922384253,0.2160149493628688
KELT-11 b,KELT-11,2.7808125604678424,0.0889262091944014,0.0,7.44600149832412,0.0604363688038306,5375.0,1.44,1.7316555451583495,0.22078470192626273
KELT-12 b,KELT-12,3.0422350617677654,0.1897935716326556,0.0,7.496097345175956,0.0649259460788357,6279.0,1.5909999999999995,1.1631508098056809,0.21465398579399664
KELT-14 b,KELT-14,3.0222421120375413,0.2791457414294945,0.0,7.58629630715272,0.029607344752658,5720.0,1.2390000000000003,1.809926773183504,0.21992297198237146
KELT-15 b,KELT-15,3.020603406793969,0.3074846997479606,0.0,7.404279118037268,0.0450976409030326,6003.0,2.06,1.5764187299768664,0.21348694945265106
KELT-17 b,KELT-17,2.8955651930797406,0.3784364357202451,0.0707380145053416,7.643961949002529,0.047656188128229,7454.0,1.6350000000000002,0.5007752879124893,0.15512247539511276
KELT-18 b,KELT-18,2.9230610380305,0.3199072197465178,0.0,7.643003635560718,0.0444952398865512,6670.0,1.524,1.0647107369924282,0.20725753471450745
KELT-19 A b,KELT-19 A,3.109471142581292,0.5561813254867879,0.0669107052826268,7.568379267836522,0.0617533962754821,7500.0,1.62,0.6455313266182819,0.1607145037904173
KELT-2 A b,KELT-2 A,2.7808141752570075,0.6471032420585385,0.0,7.640603826393634,0.0535123305047612,6327.0,1.54,1.603419840108537,0.21457931401617678
KELT-20 b,KELT-20,3.0211499403022284,0.5911144549947938,0.0,7.724446645633537,0.0527821854389694,8720.0,1.7600000000000002,0.4700036292457356,0.15314738426127117
KELT-21 b,KELT-21,2.932657959941204,0.8064758658669486,0.0,7.62657020629066,0.0509212251783861,7598.0,1.4579999999999995,0.9555114450274363,0.18708331911327447
KELT-23 A b,KELT-23 A,2.761875730009345,0.4074631107708374,0.0,7.353722330399631,0.0324865510342988,5899.0,0.944,2.0014800002101243,0.22046427059688634
KELT-24 b,KELT-24,2.618197271450354,1.589235205116581,0.0314017631395316,7.238496840894365,0.0643822589292682,6426.0,1.268,1.091923300517313,0.21073305375510043
KELT-3 b,KELT-3,2.917015852639877,0.5596157879354227,0.0,7.504942068396171,0.0404027066313722,6304.0,1.96,1.3862943611198906,0.21029269743524032
KELT-4 A b,KELT-4 A,2.9979343970991463,0.2053868297249507,0.0,7.508787170634276,0.0422641541080301,6206.0,1.201,1.6937790608678511,0.2163376856581845
KELT-6 b,KELT-6,2.7454551642145693,0.2390169004704999,0.1988508587451652,7.180831199044556,0.0763960667533389,6102.0,1.4199999999999997,1.9600947840472696,0.1876036263686977
KELT-6 c,KELT-6,2.639057329615259,1.3737155789130306,0.1906203596086497,6.511676976640066,1.2208299213923592,6272.0,1.126,1.7749523509116738,0.5821414028126687
KELT-7 b,KELT-7,2.940980373500238,0.3660310388627573,0.0,7.6251071482389,0.0432031573006481,6768.0,1.7600000000000002,0.832909122935104,0.191426767598388
KELT-8 b,KELT-8,2.9527506570613657,0.1544363533044189,0.0392207131532812,7.424165281042028,0.0444952398865512,5754.0,0.81,1.8562979903656265,0.21338741355103694
KIC 10068024 b,KIC 10068024,2.667228206581955,0.8960880245566356,0.0961280270942204,7.5309627113374,0.0971267107307227,6118.4,1.22,0.4446858212614457,0.17347839644311921
KIC 10525077 b,KIC 10525077,1.871802176901592,0.6178846960593984,0.1722712209404532,5.877735781779639,0.0971267107307227,6091.0,1.01,1.2859766646050237,0.32319716074601934
KIC 3558849 b,KIC 3558849,2.066862759472976,0.4928652983889978,0.0494566087125925,5.840409072188026,0.0971267107307227,6175.0,0.98,1.4859586842328358,0.34938577775715723
KIC 5437945 b,KIC 5437945,2.0014800002101243,0.532978428407124,0.0,5.733341276897746,0.7869607865106113,6340.0,1.07,1.7934247485471162,0.536002451190425
KIC 5479689 b,KIC 5479689,2.7212954278522306,0.2662030407746567,0.0997457825032214,7.151961056121979,0.0971267107307227,5459.1,0.966,1.661081145585939,0.2178462046622789
KIC 7917485 b,KIC 7917485,2.5952547069568657,2.468099531471619,0.1397619423751586,6.577722265989825,0.0971267107307227,7067.0,1.63,0.8835609072512361,0.22964904663722663
KIC 8121913 b,KIC 8121913,2.667228206581955,0.924258901523332,0.1005690549216955,7.390304877396391,0.0971267107307227,5975.3,1.456,1.3607201100004604,0.20171044381943243
KIC 8540376 b,KOI-7892,1.62924053973028,0.8153648132841945,0.0496469398894137,6.612041034833092,0.0971267107307227,6474.0,1.04,1.2629961447753972,0.29026991504069494
KIC 8540376 c,KOI-7892,1.2237754316221157,1.258460989610006,0.0060814703158678,6.42422051545205,0.0971267107307227,6474.0,1.04,0.941178447381934,0.3658436690088839
KIC 9663113 b,KIC 9663113,1.7227665977411035,0.7323678937132266,0.0,5.579729825986222,0.937449302209028,6065.0,0.98,1.144222799920162,0.6200468989142282
KMT-2016-BLG-1105L b,KMT-2016-BLG-1105L,0.8458682675776092,1.8594181177018696,0.223943231484774,5.683511737813841,1.235471471385307,5549.0,0.41,2.3364549775016608,0.5882667212846239
KMT-2016-BLG-1107L b,KMT-2016-BLG-1107L,2.6461747973841225,1.2669476034873244,0.2423185307002507,6.512042462316651,0.29416103854949,5549.0,0.087,2.0068708488450007,0.3080990080190795
KMT-2016-BLG-1836L b,KMT-2016-BLG-1836L,2.660259537265861,0.9669838461896731,0.2212217057515111,4.109889773557563,1.5040773967762742,5549.0,0.49,2.0440733978420447,0.27191753011886827
KMT-2016-BLG-2321L b,KMT-2016-BLG-2321L,2.694627180770069,0.4891933236388768,0.2511166309425243,6.485855864410548,1.5216989981260935,5549.0,0.73,1.933230095897939,0.23233671489555324
KMT-2016-BLG-2364L b,KMT-2016-BLG-2364L,2.639057329615259,1.4182774069729414,0.3996971721685898,4.041295341132285,1.289232648276759,5549.0,0.5,2.0716613543608737,0.2531913789620632
KMT-2016-BLG-2397L b,KMT-2016-BLG-2397L,2.653241964607215,1.0986122886681096,0.3028489713434324,4.178226046202803,1.534714366238164,5549.0,0.64,2.0512992357335555,0.26083706707390447
KMT-2017-BLG-0165L b,KMT-2017-BLG-0165L,2.0082140323914683,0.5282725373697112,0.1773927635572019,6.497528853772263,1.4929040961781488,5549.0,0.76,2.111872429125489,0.24554026870851237
KMT-2017-BLG-0428L b,KMT-2017-BLG-0428L,1.172482137234565,1.3270750014599193,0.1334813913744808,5.771067221461798,1.0331844833456545,5549.0,0.3399999999999999,2.1798523276117487,0.6102202443150126
KMT-2017-BLG-0673L b,KMT-2017-BLG-0673L,2.639057329615259,1.366091653802371,0.4283824873672742,4.929063640402444,1.205970806988609,5549.0,0.63,2.064074064548714,0.2785399480169276
KMT-2017-BLG-0849L b,KMT-2017-BLG-0849L,1.2267122912954256,1.2556160374777745,0.0832375985700555,5.05420550879763,1.316408233655724,5549.0,0.19,2.1548968200944416,0.38216495251586047
KMT-2017-BLG-1003L b,KMT-2017-BLG-1003L,1.1410330045520618,1.3737155789130306,0.1359285172242441,5.869579359117858,0.8671004876833832,5549.0,0.32,2.235910959726053,0.7242203834418578
KMT-2017-BLG-1038L b,KMT-2017-BLG-1038L,2.667228206581955,0.9001613499442714,0.2213820006945488,5.241799923712865,1.0296194171811583,5549.0,0.37,1.985954698586372,0.504566191113238
KMT-2017-BLG-1057L b,KMT-2017-BLG-1057L,1.8229350866965048,0.6544063522435147,0.2308735973761202,6.300051580239659,1.2119409739751128,5549.0,0.57,2.169545008229477,0.29040490019286636
KMT-2017-BLG-1146L b,KMT-2017-BLG-1146L,2.70805020110221,0.3791211327685624,0.2692711263179868,6.497378126512952,0.9555114450274363,5549.0,0.33,1.8292158062720083,0.48057896210081463
KMT-2017-BLG-1194L b,KMT-2017-BLG-1194L,0.9932517730102834,1.601405740736836,0.1153801510400731,5.769570215194204,1.0224509277025458,5549.0,0.41,2.4337010708515825,0.6757764982317668
KMT-2017-BLG-2331L b,KMT-2017-BLG-2331L,2.7212954278522306,0.2836740510542421,0.3000082915172558,6.492036784103998,1.144222799920162,5549.0,0.4,1.5974260581008548,0.2821898546303152
KMT-2017-BLG-2509L b,KMT-2017-BLG-2509L,2.667228206581955,0.924258901523332,0.2233835225188168,5.167809968468255,1.144222799920162,5549.0,0.4600000000000001,2.0440733978420447,0.36879333936719744
KMT-2018-BLG-0029L b,KMT-2018-BLG-0029L,1.3001916620664788,1.1600209167967532,0.1268088468636958,6.359919829582246,1.6620303625532709,5549.0,1.14,1.0244632900317876,0.316843936614455
KMT-2018-BLG-0030L b,KMT-2018-BLG-0030L,2.681021528714291,0.6981347220709844,0.2303018693125215,4.146937012341271,1.6845453849209058,5549.0,0.51,2.0263044432667074,0.27084886066396835
KMT-2018-BLG-0087L b,KMT-2018-BLG-0087L,2.4069451083182885,0.3293037471426004,0.2761078487981178,6.482497073532382,0.6259384308664953,5549.0,0.1,1.817427215976633,0.5094176758201994
KMT-2018-BLG-0247L b,KMT-2018-BLG-0247L,2.667228206581955,0.9282193027394288,0.2139817095218234,5.167809968468255,1.2412685890696329,5549.0,0.2899999999999999,1.9347047452131525,0.3263948239606348
KMT-2018-BLG-0748L b,KMT-2018-BLG-0748L,2.303584593327129,0.3722529739020508,0.2346767871278827,6.362683216487555,0.4824261492442927,5549.0,0.087,1.8881448283955973,0.42505413546909726
KMT-2018-BLG-1025L b,KMT-2018-BLG-1025L,1.205970806988609,1.2809338454620645,0.1994244646936168,6.516562830160691,0.8350806764486118,5549.0,0.219,2.235910959726053,0.656431014015695
KMT-2018-BLG-1743L b,KMT-2018-BLG-1743L,2.4423470353692043,0.3148107398400335,0.233561099736922,6.49299712396238,0.8956797779700307,5549.0,0.1929999999999999,1.813537268769616,0.5423058245717136
KMT-2018-BLG-1976L b,KMT-2018-BLG-1976L,2.660259537265861,0.9745596399981308,0.2726496496178189,6.516355784698684,1.5129270120532563,5549.0,0.65,2.0079858184331805,0.22541692027193225
KMT-2018-BLG-1988L b,KMT-2018-BLG-1988L,1.169381359556317,1.332366019094335,0.1334813913744808,5.754570641488306,1.4085449700547104,5549.0,0.4699999999999999,2.300081962775927,0.4510305120467535
KMT-2018-BLG-1990L b,KMT-2018-BLG-1990L,2.631888840136646,0.2499802052677694,0.1693562019872388,6.474831611577367,0.5670169034157332,5549.0,0.094,1.7898743601926566,0.4832986643091737
KMT-2018-BLG-1996L b,KMT-2018-BLG-1996L,2.6878474937846906,0.5538851132264376,0.1785310485526363,5.073171812563154,1.6620303625532709,5549.0,0.69,1.9490480777462404,0.28905008246503716
KMT-2018-BLG-2602L b,KMT-2018-BLG-2602L,2.6878474937846906,0.5771750043075246,0.1812710051577755,5.162153941735165,1.5706970841176695,5549.0,0.6599999999999999,2.09013417121858,0.3160457895333564
KMT-2019-BLG-0253L b,KMT-2019-BLG-0253L,1.383791230901772,1.0612565021243408,0.0861776962410523,6.3620966353759,1.410986973710262,5549.0,0.7,2.303684488437346,0.3068480902806471
KMT-2019-BLG-0371L b,KMT-2019-BLG-0371L,2.6100697927420065,2.0438143640366846,0.2420830611336041,6.506979160360104,0.5822156198526637,5549.0,0.09,1.8010495161351476,0.4793038692616135
KMT-2019-BLG-0414L b,KMT-2019-BLG-0414L,2.631888840136646,1.551808799597464,0.2174714955767544,6.505799007699622,0.7701082216960736,5549.0,0.74,2.0911601102590187,0.5837148979061633
KMT-2019-BLG-0578L b,KMT-2019-BLG-0578L,2.6878474937846906,0.596085467716814,0.2309847287732355,4.134045929073652,1.0986122886681096,5549.0,0.28,1.985954698586372,0.3651827021145182
KMT-2019-BLG-0842L b,KMT-2019-BLG-0842L,1.4327007339340465,1.007957920399979,0.0869113719892964,6.615261649533134,1.4609379041156565,5549.0,0.76,2.2461205560129187,0.2735506430185259
KMT-2019-BLG-0953L b,KMT-2019-BLG-0953L,1.6213664832993742,0.8197798314933114,0.1901243688569754,5.925645206070689,0.7419373447293773,5549.0,0.28,2.0554049638515943,0.651411824075351
KMT-2019-BLG-1042L b,KMT-2019-BLG-1042L,2.307572634505085,0.3701832939635246,0.1870171817379824,6.35402215420487,0.9932517730102834,5549.0,0.3,1.98389383366792,0.46714727860565386
KMT-2019-BLG-1216L b,KMT-2019-BLG-1216L,1.943048916774281,0.5698489642154517,0.1926018662015109,5.875492370855561,1.235471471385307,5549.0,0.39,2.218007116518748,0.306168829380789
KMT-2019-BLG-1339L b,KMT-2019-BLG-1339L,2.6878474937846906,0.6141039732194924,0.2235274776050786,5.063923264460972,1.1474024528375415,5549.0,0.48,2.09013417121858,0.3371716111414583
KMT-2019-BLG-1367L b,KMT-2019-BLG-1367L,1.0473189942805592,1.5129270120532563,0.1153801510400731,5.684531695064064,0.9932517730102834,5549.0,0.25,2.2604080140948595,0.7448882749266574
KMT-2019-BLG-1552L b,KMT-2019-BLG-1552L,2.639057329615259,1.4398351280479205,0.3328227281160524,6.477141579341002,1.2809338454620645,5549.0,0.79,2.1350299737431016,0.22866715459840595
KMT-2019-BLG-1715L b,KMT-2019-BLG-1715L,2.653241964607215,1.0784095813505905,0.2606011726726379,4.178226046202803,1.463255402256019,5549.0,0.61,1.9937474784694733,0.26671269014490195
KMT-2019-BLG-1806L b,KMT-2019-BLG-1806L,1.0986122886681096,1.43746264769429,0.1319050708799385,6.453325741521246,1.3912819026309298,5549.0,0.74,2.358303581750389,0.3640598040555215
KMT-2019-BLG-1953L b,KMT-2019-BLG-1953L,2.714694743820879,0.3307415619122279,0.137212608626995,6.58285581871354,0.0971267107307227,5549.0,0.3099999999999999,1.9849522748342472,0.2675973111704809
KMT-2019-BLG-2783L b,KMT-2019-BLG-2783L,2.6878474937846906,0.5810976767513224,0.1721365317355893,4.134045929073652,1.0473189942805592,5549.0,0.3399999999999999,2.057796468121459,0.4273426874544547
KMT-2019-BLG-2974L b,KMT-2019-BLG-2974L,2.517696472610991,0.2851789422336624,0.2280116827110702,6.506844782863653,1.0986122886681096,5549.0,0.4699999999999999,1.7979734556945228,0.3276600286861061
KMT-2020-BLG-0414L b,KMT-2020-BLG-0414L,0.7884573603642702,1.9387416595767009,0.223943231484774,5.752255128106979,1.1216775615991057,5549.0,0.49,2.3364549775016608,0.6156253487014394
KMT-2021-BLG-0119L b,KMT-2021-BLG-0119L,2.624668592163159,1.7227665977411035,0.2627488059065692,6.43038054980562,1.366091653802371,5549.0,0.56,2.061570298060867,0.23817527538346858
KMT-2021-BLG-0171L b,KMT-2021-BLG-0171L,1.4701758451005928,0.9707789171582246,0.2625950070751371,6.372910149371927,1.5040773967762742,5200.0,0.78,2.302385072991379,0.2675343414899286
KMT-2021-BLG-0192L b,KMT-2021-BLG-0192L,2.0228711901914416,0.5193888544264786,0.1722274489387019,5.814957055831616,0.9631743177730056,5549.0,0.27,2.111872429125489,0.568494065913316
KMT-2021-BLG-0240L b,KMT-2021-BLG-0240L,2.360854001118021,0.3471295310952009,0.1935087461845189,6.275515033325713,1.33500106673234,5549.0,0.56,1.8303870577997745,0.2657203715755045
KMT-2021-BLG-0320L b,KMT-2021-BLG-0320L,1.9740810260220096,0.5498540107334691,0.2299999921106961,6.30906700690697,0.9321640810304452,5549.0,0.32,2.0029653829692218,0.5358955172292841
KMT-2021-BLG-0322L b,KMT-2021-BLG-0322L,2.617395832834079,1.8656293177945105,0.246531899086739,6.559898483494286,0.0971267107307227,5549.0,0.62,2.130526689406373,0.2532947054822064
KMT-2021-BLG-0712L b,KMT-2021-BLG-0712L,2.0681277817795625,0.4922542381805553,0.2113948042796617,5.837371782270285,1.169381359556317,5549.0,0.22,2.0396606716679915,0.3445139723681166
KMT-2021-BLG-0736L b,KMT-2021-BLG-0736L,1.7681496035889213,0.6981347220709844,0.204490662815,5.896329351992943,1.6094379124341005,5549.0,0.6000000000000001,2.218007116518748,0.298342255292733
KMT-2021-BLG-0748L b,KMT-2021-BLG-0748L,2.72785282839839,0.2382291887322506,0.2774802099671842,6.4923307399794,1.2325602611778486,5549.0,0.36,1.4699459336155014,0.24364597334908022
KMT-2021-BLG-0909L b,KMT-2021-BLG-0909L,2.6878474937846906,0.6184236343640088,0.2082166980892916,5.251802112806568,1.01160091167848,5549.0,0.38,1.985954698586372,0.5309842928039346
KMT-2021-BLG-0912L b,KMT-2021-BLG-0912L,0.9122827104766162,1.7351891177396608,0.2642854946453849,6.429651733809065,1.420695787837223,5549.0,0.8,2.502910274227576,0.3970593236898427
KMT-2021-BLG-1077L b,KMT-2021-BLG-1077L,2.385086314505789,0.3371862673548699,0.2506808943072979,6.474509332118197,0.8153648132841945,5549.0,0.14,1.813537268769616,0.5812199175680377
KMT-2021-BLG-1077L c,KMT-2021-BLG-1077L,2.451005098112319,0.3126185577418125,0.2501281693984191,6.49230195430315,0.6575200029167942,5549.0,0.14,1.7397817301353422,0.5332827132590674
KMT-2021-BLG-1105L b,KMT-2021-BLG-1105L,2.681021528714291,0.6434315883140125,0.2358465258088884,4.1455128487965,1.5129270120532563,5549.0,0.63,2.09013417121858,0.27001338535822017
KMT-2021-BLG-1150L b,KMT-2021-BLG-1150L,2.7013612129514133,0.4523486940070148,0.2264660257781385,6.315068628735826,1.7047480922384253,5549.0,0.73,2.013475335217737,0.25504189047933434
KMT-2021-BLG-1253L b,KMT-2021-BLG-1253L,1.7209792871670078,0.7323678937132266,0.206688913242249,5.875492370855561,0.924258901523332,5549.0,0.24,2.1269213238641576,0.5862666178994087
KMT-2021-BLG-1303L b,KMT-2021-BLG-1303L,2.681021528714291,0.2342812957246657,0.1721533688783266,5.176771008468541,1.358409157630355,5549.0,0.57,1.7416409231499224,0.32341316720047103
KMT-2021-BLG-1372L b,KMT-2021-BLG-1372L,2.31451366385932,0.3674170404706345,0.2796751020498645,6.380969635637417,1.2149127443642704,5549.0,0.4199999999999999,1.987504416724452,0.26186673391471194
KMT-2021-BLG-1391L b,KMT-2021-BLG-1391L,1.0885619528146082,1.4516138272405332,0.1153801510400731,5.752794836360154,1.1908875647772803,5549.0,0.37,2.1798523276117487,0.5220570781894263
KMT-2021-BLG-1547L b,KMT-2021-BLG-1547L,2.681021528714291,0.7030975114131134,0.2516610348725674,6.488779308846025,1.7047480922384253,5549.0,0.7199999999999999,2.040089819945305,0.23189048185544944
KMT-2021-BLG-1689L b,KMT-2021-BLG-1689L,2.1644717908644115,0.439544421761027,0.2729237014762354,6.42080892900609,1.252762968495368,4570.0,0.58,1.947237838713774,0.2415659206860359
KMT-2021-BLG-1898L b,KMT-2021-BLG-1898L,2.70805020110221,0.3818552424690306,0.2991930660252145,6.443176906381466,1.0647107369924282,5549.0,0.48,1.8886290386128144,0.3592783332661943
KMT-2021-BLG-2010L b,KMT-2021-BLG-2010L,2.694627180770069,0.5370779949100564,0.1692869745234943,5.796726220298939,1.0260415958332745,5549.0,0.37,2.029555151874579,0.5053074527861396
KMT-2021-BLG-2294L b,KMT-2021-BLG-2294L,1.7950872593207297,0.6760010217249748,0.1974564443782247,5.950043414807193,0.7654678421395714,5549.0,0.14,2.0554049638515943,0.6455272086871029
KMT-2021-BLG-2478L b,KMT-2021-BLG-2478L,2.7013612129514133,0.4605844073292439,0.2196655099343757,4.134045929073652,1.0473189942805592,5549.0,0.1999999999999999,1.9253429438296208,0.41984230543454504
KMT-2021-BLG-2609L b,KMT-2021-BLG-2609L,1.42791603581071,1.01160091167848,0.0922144839878109,5.870708345972182,1.1939224684724346,5549.0,0.1999999999999999,2.175887439948088,0.3677378926170604
KMT-2022-BLG-0371L b,KMT-2022-BLG-0371L,2.476538400117484,0.3008450589780618,0.1761357977068684,6.081515466670895,1.3912819026309298,5549.0,0.63,1.9577963700684524,0.2811585982800451
KMT-2022-BLG-0440L b,KMT-2022-BLG-0440L,1.6193882432872684,0.8197798314933114,0.1595202379129119,6.02368001147034,1.0647107369924282,5549.0,0.53,2.272301127885453,0.4333416784154426
KMT-2022-BLG-1013L b,KMT-2022-BLG-1013L,2.5726122302071057,0.2669690308542392,0.2207005696630696,6.501154526273679,0.8671004876833832,5549.0,0.18,1.867330656075129,0.5624654180771361
KMT-2022-BLG-1818L b,KMT-2022-BLG-1818L,2.639057329615259,1.430311246536665,0.3328227281160524,6.477141579341002,1.2809338454620645,5549.0,0.79,2.0806033664999246,0.2286671545873497
KMT-2023-BLG-0119L b,KMT-2023-BLG-0119L,2.4849066497880004,0.297137231222536,0.1661921748640709,6.489356895462073,1.420695787837223,5549.0,0.71,2.050746241513042,0.2452125042377744
KMT-2023-BLG-0416L b,KMT-2023-BLG-0416L,1.541159071680806,0.8960880245566356,0.1168047795420843,5.896329351992943,1.3762440252663892,5549.0,0.63,2.272125885509337,0.32117548259234135
KMT-2023-BLG-0469L b,KMT-2023-BLG-0469L,2.084429083190875,0.483043242753539,0.2109090136458671,6.0718456590547945,1.1969481893889715,5549.0,0.4699999999999999,2.0396606716679915,0.3054086407817403
KMT-2023-BLG-0735L b,KMT-2023-BLG-0735L,2.075684492802124,0.487966329619908,0.2001614749222856,5.854211953681605,1.3762440252663892,5549.0,0.61,2.0396606716679915,0.2941603849948168
KMT-2023-BLG-0830L b,KMT-2023-BLG-0830L,1.6882490928583902,0.76080582903376,0.1856061565851708,5.860786223465865,0.9932517730102834,5549.0,0.22,2.1269213238641576,0.5198122783899876
KMT-2023-BLG-0949L b,KMT-2023-BLG-0949L,2.624668592163159,1.7884205679625405,0.2613637641339075,6.43038054980562,1.1085626195212777,5549.0,0.48,2.061570298060867,0.32309616706692046
KMT-2023-BLG-1431L b,KMT-2023-BLG-1431L,1.5602476682433286,0.8796267475025636,0.1193817570200804,6.044896303355227,1.4350845252893227,5549.0,0.57,2.309560706730472,0.311033557292822
KMT-2023-BLG-1454L b,KMT-2023-BLG-1454L,2.714694743820879,0.3314596947976687,0.2958808702661427,6.46919760222809,0.7793248768009976,5549.0,0.1699999999999999,1.5195132049061133,0.5778321698744702
KMT-2023-BLG-1642L b,KMT-2023-BLG-1642L,2.694627180770069,0.5411608235620636,0.1623399134753628,5.796726220298939,0.8796267475025636,5549.0,0.1699999999999999,2.029555151874579,0.654498750203167
KMT-2023-BLG-1866L b,KMT-2023-BLG-1866L,0.8878912573524571,1.7817091333745536,0.2191355299166709,5.707708092658673,1.289232648276759,5549.0,0.51,2.3364549775016608,0.5587205690705023
KMT-2023-BLG-1896L b,KMT-2023-BLG-1896L,1.6467336971777973,0.7975071958841881,0.1362165344025321,6.418022299755374,1.3506671834767394,5549.0,0.7199999999999999,2.345520053628303,0.2722838510434044
KMT-2023-BLG-2209L b,KMT-2023-BLG-2209L,2.7013612129514133,0.418710334858185,0.2720632309056812,6.50130468544268,1.5062971535145868,5549.0,0.73,1.945095531630332,0.2274124330434129
KMT-2024-BLG-0176L b,KMT-2024-BLG-0176L,2.70805020110221,0.3947411447451887,0.2647537151474126,6.497378126512952,0.8415671856782186,5549.0,0.103,1.8292158062720083,0.5687490439911668
KMT-2024-BLG-0404L c,KMT-2024-BLG-0404L,1.673351238177753,0.7747271675523681,0.2786161004380341,6.602940611523369,0.0971267107307227,5549.0,0.09,1.912796464270889,0.26371759462014777
KMT-2024-BLG-1209L b,KMT-2024-BLG-1209L,2.653241964607215,1.0986122886681096,0.3240742698926503,6.47126379226885,1.2556160374777745,5549.0,0.77,2.035790027007041,0.23461856087407337
KMT-2024-BLG-1281L b,KMT-2024-BLG-1281L,1.7209792871670078,0.7323678937132266,0.2424754796137017,5.870426218730926,1.085189268335969,5549.0,0.32,2.1269213238641576,0.40457124427546026
KMT-2024-BLG-1870L b,KMT-2024-BLG-1870L,2.694627180770069,0.532978428407124,0.192403892135467,5.0672676436627295,1.423108334242607,5549.0,0.67,2.0044485626384057,0.2869062245526806
KMT-2024-BLG-2059L b,KMT-2024-BLG-2059L,1.264126727145683,1.205970806988609,0.0988493640421688,5.523339152874019,1.2669476034873244,5549.0,0.51,2.255178970596776,0.49876046491306536
KMT-2024-BLG-2087L b,KMT-2024-BLG-2087L,2.631888840136646,1.5195132049061133,0.432342649076306,5.284370560415412,1.3937663759585917,5549.0,0.48,2.0716613543608737,0.325127594824965
KMT-2025-BLG-1616L b,KMT-2025-BLG-1616L,2.1210632163706555,0.4624753628249439,0.1431024436393933,5.826816882873057,0.9555114450274363,5549.0,0.26,2.0996974975796245,0.5720972769308121
KOBE-1 b,KOBE-1,1.3635373739972745,1.085189268335969,0.0,6.389233448581676,0.067714721668039,4135.0,0.629,1.8384044770510988,0.3620401156741804
KOBE-1 c,KOBE-1,1.5173226235262949,0.9202827531436926,0.0,5.975081067857458,0.1490318868459789,4135.0,0.629,1.7704507082818035,0.44766375036486317
KOI-12 b,KOI-12,2.69375315026802,0.5498540107334691,0.29266961396282,6.815639990074331,0.1432341680859077,6635.0,1.5,0.8960880245566356,0.18786551609362326
KOI-134 b,KOI-134,2.5679023216295764,0.7371640659767197,0.1484200051182732,6.492239835020471,0.3096881527143955,6160.0,1.407,1.2237754316221157,0.28273950985195395
KOI-134 c,KOI-134,2.385086314505789,0.3371862673548699,0.2151113796169455,6.629416092199977,0.2074205908489735,6160.0,1.407,1.2237754316221157,0.2451676491328164
KOI-142 b,KOI-142,1.490203824510402,0.8285518175661483,0.054118798887496,6.6320017773956295,0.0915394431404521,5466.0,0.99,0.9555114450274363,0.2928716674062912
KOI-142 c,KOI-142,2.70805020110221,0.3569748989477302,0.0556617388249013,6.465706058831175,0.1433390178749384,5466.0,0.99,0.9555114450274363,0.299675203608084
KOI-1599.01,KOI-1599,1.0647107369924282,1.545432582458188,0.0139029051689914,6.493753839851687,0.1373939234388198,5833.0,1.02,1.7404661748405044,0.43851119772858255
KOI-1599.02,KOI-1599,1.0647107369924282,2.105352923464337,0.0113355096637456,6.628041376179533,0.1064236503298387,5833.0,1.02,1.7404661748405044,0.4508948058601156
KOI-1783.01,KOI-1783,2.288486168614544,0.4446858212614457,0.0,6.023447592961033,0.4230495908651673,5922.0,1.076,0.1823215567939546,0.3660683890688047
KOI-1783.02,KOI-1783,1.8625285401162623,0.412109650826833,0.0,5.7745515455444085,0.6243060832689935,5922.0,1.076,0.1823215567939546,0.5227774299296651
KOI-1831 d,Kepler-324,0.7561219797213337,2.3933394562625097,0.0,6.16541785423142,0.1816880228203465,5233.0,0.901,1.47932922708708,0.5615098199473174
KOI-1833 d,Kepler-968,1.275362800412609,1.7047480922384253,0.0,6.419994928147142,0.061471322088101,4413.0,0.6810000000000002,1.144222799920162,0.410159867008842
KOI-1843.03,Kepler-974,0.4762341789963716,1.269760544863939,0.0778865386570711,7.411556287811163,0.004987541511039,3584.0,0.4600000000000001,1.7561322915849038,0.2915080821999653
KOI-217 b,KOI-217,2.598384133547774,1.269760544863939,0.0,6.953684210870537,0.0465972853767821,5545.0,0.95,0.9932517730102834,0.235477103056335
KOI-3503 b,KOI-3503,0.7839015438284094,2.3978952727983707,0.0,6.666956792429207,0.1331925852357807,6001.0,0.858,2.524127362941281,0.45389611963519844
KOI-3503 c,KOI-3503,0.7929925155296614,2.3978952727983707,0.0,6.532334292222349,0.1713280153190889,6001.0,0.858,2.524127362941281,0.4762084984205874
KOI-351 b,KOI-351,0.8372475245337022,1.8794650496471603,0.0,6.968850378341948,0.0713899960866729,6080.0,1.2,0.4252677354043441,0.4074789497297808
KOI-351 c,KOI-351,0.7839015438284094,1.9315214116032136,0.0,6.895682697747868,0.0852598439508234,6080.0,1.2,0.4252677354043441,0.4144888606284923
KOI-351 d,KOI-351,1.3532545070416904,1.0986122886681096,0.0,6.255750041753367,0.2776317365982795,6080.0,1.2,0.4252677354043441,0.36070384750159706
KOI-351 e,KOI-351,1.297463147413275,1.1662709371419244,0.0,6.111467339502679,0.3506568716131693,6080.0,1.2,0.4252677354043441,0.3966127544228562
KOI-351 f,KOI-351,1.355835153635182,1.095273387402595,0.0,6.0112671744041615,0.3920420877760237,6080.0,1.2,0.4252677354043441,0.40058992117967573
KOI-351 g,KOI-351,2.1653898538162006,0.2406910887859967,0.028781801425452,5.83773044716594,0.5406018780912722,6031.13,1.2419999999999998,0.4252677354043441,0.42323670874422215
KOI-351 h,KOI-351,2.505689188970529,0.6480603754832048,0.0272259862535914,5.68697535633982,0.6783482140478736,6031.13,1.2419999999999998,0.4252677354043441,0.5745531083947445
KOI-3680 b,KOI-3680,2.492950048088913,1.2412685890696329,0.4027948795522855,5.8522024797744745,0.4278787029450644,5830.0,1.01,1.4350845252893227,0.37688662714595583
KOI-4777.01,KOI-4777,0.412109650826833,1.269760544863939,0.0,7.074116816197362,0.0079681696491768,3515.0,0.41,1.6094379124341005,0.3079380151672576
KOI-4978 b,KOI-4978,0.5306282510621704,1.6752256529721037,0.0073727543294129,7.153071979018488,0.0971267107307227,5050.28,0.8590000000000001,0.9082585601768908,0.3706842582816247
KOI-7368 b,KOI-7368,1.169381359556317,1.332366019094335,0.0,6.692083742506628,0.0656004570839488,5241.0,0.8790000000000001,0.0353671438372913,0.3296308787875024
KOI-7913 b,KOI-7913 A,1.205970806988609,1.2837077723447896,0.0,6.07073772800249,0.1359285172242441,4324.0,0.76,0.0353671438372913,0.41667298373553396
KOI-94 b,KOI-94,0.9969486348916096,2.4069451083182885,0.2231435513142097,7.304515946460155,0.0499228557653656,6182.0,1.277,1.425515074273172,0.3630986457876406
KOI-94 c,KOI-94,1.6714733033535532,0.6471032420585385,0.3576744442718159,6.920671504248683,0.0964913001887612,6182.0,1.277,1.425515074273172,0.1992432484913022
KOI-94 d,KOI-94,2.50715725872282,0.3096881527143955,0.0217614917815126,6.693323668269949,0.1556352915314488,6182.0,1.277,1.425515074273172,0.26825093844567893
KOI-94 e,KOI-94,2.0228711901914416,0.4700036292457356,0.0188217542405877,6.371611847231857,0.2658964803798586,6182.0,1.277,1.425515074273172,0.32251817203470556
KOI-984 b,KOI-984,1.667706820558076,0.7793248768009976,0.1133286853070031,6.930494765951626,0.0491710440064493,5295.0,0.9280000000000002,0.832909122935104,0.23058249190176025
KOI-984 c,KOI-984,2.714694743820879,0.3442986728706769,0.3220834991691133,6.393590753950631,0.1368882520621216,5295.0,0.9280000000000002,0.832909122935104,0.26358396607811996
KPS-1 b,KPS-1,2.5293437021057112,0.8372475245337022,0.0,7.286191714702382,0.0265445552221122,5165.0,0.8920000000000001,2.0025604973438784,0.22242711019327893
Kapteyn c,Kapteyn,1.264126727145683,1.208960345836975,0.2070141693843261,5.709598859977641,0.2707902047815628,3550.0,0.281,1.2193539063642382,0.4537361500986428
Kepler-10 b,Kepler-10,0.904218150639886,1.8779371654691075,0.0,7.691200097522863,0.0167096135629472,5708.0,0.91,2.451005098112319,0.39918589024008283
Kepler-10 c,Kepler-10,1.210451770423645,1.749199854809259,0.1275133202989596,6.363028103540465,0.2159175062224701,5708.0,0.91,2.451005098112319,0.41355692513732606
Kepler-10 d,Kepler-10,1.501852701754163,0.9360933591703346,0.173953307123438,5.961005339623274,0.4304178494637408,5708.0,0.91,2.451005098112319,0.4131660508013761
Kepler-100 b,Kepler-100,0.8501509293696101,2.592108569021155,0.1222176327242492,7.052721049232323,0.0705423371115128,5837.0,1.13,2.069391205826334,0.4085406962376402
Kepler-100 c,Kepler-100,1.1631508098056809,1.0010369453168206,0.0198026272961797,6.84587987526405,0.104909413926738,5825.0,1.08,2.009555414215669,0.3242031549340606
Kepler-100 d,Kepler-100,0.959350221334602,1.3072300496606435,0.3220834991691133,6.508769136971682,0.1967749350139376,5825.0,1.08,2.009555414215669,0.3916171977659439
Kepler-100 e,Kepler-100,1.8357763546448287,0.6450068052320104,0.0260935819938044,6.350362019399812,0.2718511109291223,5884.0,1.097,2.069391205826334,0.3384756630672548
Kepler-1000 b,Kepler-1000,1.7509374747077997,0.708035793053696,0.0,6.161207321695077,0.4269656395541669,6453.0,1.4,0.8153648132841945,0.35013745110473976
Kepler-1001 b,Kepler-1001,1.423108334242607,1.0224509277025458,0.0,6.542471960506805,0.1056834635045563,5491.0,0.9,1.7369512327330598,0.33932244184505045
Kepler-1001 c,Kepler-1001,0.9470111077714244,1.6770965609079151,0.0,6.690842277418564,0.0796980328953937,5376.0,0.9300000000000002,1.0367368849500225,0.4465266458644762
Kepler-1002 b,Kepler-1002,0.9969486348916096,1.5933085305042167,0.0,7.282073658093465,0.05486690144084,6144.0,1.22,1.623340817603092,0.37451050041659645
Kepler-1003 b,Kepler-1003,1.0224509277025458,1.551808799597464,0.0,7.05444965813294,0.0424175209906695,6109.0,1.11,1.425515074273172,0.37444147539373274
Kepler-1004 b,Kepler-1004,1.9851308622085944,0.5429055172294024,0.0,7.415776975415394,0.0657034673241942,4972.0,1.11,2.1701959049483,0.22305218447487737
Kepler-1005 b,Kepler-1005,0.9162907318741552,1.7334238922150915,0.0,6.934397209928558,0.0650102848395744,5782.0,1.0,1.969905654611529,0.42313515065747276
Kepler-1006 b,Kepler-1006,0.9321640810304452,1.7047480922384253,0.0,6.674561391814426,0.136626597531825,5328.0,0.78,1.6620303625532709,0.47435676201146887
Kepler-1007 b,Kepler-1007,0.8919980393051105,1.776645831418007,0.0,6.481577129276431,0.0468835858988504,4587.0,0.73,1.6428726885203375,0.4842913792111396
Kepler-1008 b,Kepler-1008,0.8241754429663495,1.9035989509835904,0.0,6.442540166468199,0.0930804230160116,5066.0,0.81,2.048982334195127,0.5178445258917059
Kepler-1009 b,Kepler-1009,1.1537315878891892,1.355835153635182,0.0,6.001414877961151,0.0765906021617125,4027.0,0.5900000000000001,1.425515074273172,0.4505083183053629
Kepler-101 b,Kepler-101,1.912501086924184,0.8960880245566356,0.0825012215117436,7.322510433997394,0.0463109028632502,5667.0,1.17,1.9315214116032136,0.21897135296484527
Kepler-101 c,Kepler-101,0.8109302162163288,2.4423470353692043,0.0,7.254177846456518,0.0661622022536687,5667.0,1.17,1.9315214116032136,0.42362663154730834
Kepler-1010 b,Kepler-1010,1.199964782928397,1.2919836816486496,0.0,6.169610732491456,0.1764711431157789,5253.0,0.86,1.7561322915849038,0.45213098769869986
Kepler-1011 b,Kepler-1011,1.3532545070416904,1.0986122886681096,0.0,6.825460036255307,0.0613772796749034,5416.0,0.91,1.6992786164338898,0.30385276720248794
Kepler-1012 b,Kepler-1012,0.8285518175661483,1.8961194845522973,0.0,6.840546529288687,0.0588913558726099,5556.0,0.95,1.551808799597464,0.45524863239135166
Kepler-1013 b,Kepler-1013,1.1474024528375415,1.3635373739972745,0.0,6.642486801367256,0.128393214768399,4954.0,0.81,1.6620303625532709,0.40478976170025777
Kepler-1014 b,Kepler-1014,1.220829921392359,1.264126727145683,0.0,6.421622267806518,0.1142211440900228,5388.0,0.8800000000000001,1.7561322915849038,0.3982229515702146
Kepler-1015 b,Kepler-1015,1.515127232962859,0.9202827531436926,0.0,6.947937068614969,0.1261920252377593,6769.0,1.49,0.947789398933526,0.25090090083184147
Kepler-1016 b,Kepler-1016,1.1568811967920856,1.3506671834767394,0.0,7.340186835320115,0.0299858954902566,5821.0,0.99,1.5871923034867808,0.3178479942473014
Kepler-1016 c,Kepler-1016,1.5432981099295553,0.8919980393051105,0.0,6.0112671744041615,0.3612972446281092,5821.0,0.99,1.5871923034867808,0.420620048184163
Kepler-1017 b,Kepler-1017,1.095273387402595,1.4398351280479205,0.0,6.723832440821209,0.0694887485196109,5473.0,0.9300000000000002,1.3737155789130306,0.3911663977329328
Kepler-1018 b,Kepler-1018,1.275362800412609,1.1939224684724346,0.0,6.212606095751519,0.2255406759139312,5518.0,0.91,1.6992786164338898,0.4208497570588512
Kepler-1019 b,Kepler-1019,0.9001613499442714,1.7613002617433464,0.0,7.060476365999801,0.0218593343528935,4433.0,0.7,1.515127232962859,0.4090089971124559
Kepler-102 d,Kepler-102,0.7673265787341967,2.4595888418037104,0.0880108773227133,6.532334292222349,0.0826669536337704,4909.0,0.8030000000000002,0.7419373447293773,0.4675378687333944
Kepler-102 e,Kepler-102,1.1537315878891892,1.252762968495368,0.0852598439508234,6.3818160174060985,0.1099300593721961,4909.0,0.8030000000000002,0.7419373447293773,0.38926312007597513
Kepler-1020 b,Kepler-1020,1.1878434223960523,1.308332819650179,0.0,5.786897381366708,0.3191371339092786,5227.0,0.87,1.5325568680981427,0.611447119231427
Kepler-1021 b,Kepler-1021,1.2029723039923526,1.2864740258376797,0.0,6.453624998892692,0.0983963218561933,5431.0,0.89,1.7369512327330598,0.39520154493828774
Kepler-1022 b,Kepler-1022,1.2119409739751128,1.275362800412609,0.0,6.240275845170769,0.0774238969648036,4445.0,0.71,1.5325568680981427,0.41652133676983305
Kepler-1023 b,Kepler-1023,1.289232648276759,1.175573329804238,0.0,6.263398262591624,0.264546497049624,5494.0,0.9300000000000002,1.6992786164338898,0.43573414863106286
Kepler-1024 b,Kepler-1024,1.5912739418064292,0.8458682675776092,0.0,5.932245187448011,0.264899509554537,5143.0,0.81,1.8325814637483104,0.4420960163683924
Kepler-1025 b,Kepler-1025,1.091923300517313,1.4445632692438664,0.0,7.411556287811163,0.1956243476766024,6089.0,1.09,1.4609379041156565,0.35406675647135966
Kepler-1026 b,Kepler-1026,1.1662709371419244,1.3376291891386096,0.0,6.054439346269371,0.180403050971324,4948.0,0.79,1.717395053939193,0.4907303887557159
Kepler-1027 b,Kepler-1027,0.636576829071551,1.790091412127358,0.0,7.145984467714388,0.0286943510413433,5436.0,0.91,0.8796267475025636,0.38899591468631595
Kepler-1028 b,Kepler-1028,0.8458682675776092,1.8625285401162623,0.0,7.1049654482698426,0.0347878254856639,5522.0,0.9,1.7369512327330598,0.4282677711563805
Kepler-1029 b,Kepler-1029,0.8153648132841945,1.9242486522741336,0.0,6.673297967767654,0.0459289318883998,5030.0,0.8200000000000001,1.623340817603092,0.47697898923131876
Kepler-103 b,Kepler-103,1.5008945591404474,0.924258901523332,0.1578580846155803,6.881411303642535,0.1248689820458692,6047.0,1.212,1.9501867058225737,0.24809796590785327
Kepler-103 c,Kepler-103,1.8646845992426115,1.091923300517313,0.0980337402713654,6.075346031088684,0.5115653501009905,6047.0,1.212,1.9501867058225737,0.4015809355859798
Kepler-1030 b,Kepler-1030,1.247032293786383,1.229640551074514,0.0,6.272877006546167,0.1255748229080662,4983.0,0.8,1.6808279085207734,0.4161327812511163
Kepler-1031 b,Kepler-1031,0.6259384308664953,1.7783364488959144,0.0,7.613324979540639,0.0215657779145605,6011.0,1.09,1.47932922708708,0.3898423104559312
Kepler-1032 b,Kepler-1032,1.0543120297715298,1.5040773967762742,0.0,6.688354713946762,0.035463664275569,4647.0,0.77,1.0508216248317612,0.4013986215265231
Kepler-1033 b,Kepler-1033,1.2556160374777745,1.2178757094949273,0.0,6.818924065275521,0.0733433942242095,5547.0,0.94,1.7934247485471162,0.3248356381814578
Kepler-1034 b,Kepler-1034,1.181727195378616,1.316408233655724,0.0,6.516193076042964,0.0921232888758058,5198.0,0.83,1.7561322915849038,0.39605326705870225
Kepler-1035 b,Kepler-1035,0.7747271675523681,1.927164106234258,0.0,7.171656822768514,0.0380950798657711,5763.0,0.98,1.6992786164338898,0.4229074760790185
Kepler-1036 b,Kepler-1036,1.3887912413184778,1.0577902941478543,0.0,5.7899601708972535,0.3901890205556479,5533.0,0.95,1.4445632692438664,0.5559245160962568
Kepler-1037 b,Kepler-1037,0.8241754429663495,1.9035989509835904,0.0,7.409136443920128,0.0196065296389183,5105.0,0.8200000000000001,1.81319474994812,0.4202604316624192
Kepler-1038 b,Kepler-1038,1.5107219394949427,0.924258901523332,0.0,5.655991810819852,0.4212072150567723,5335.0,0.87,1.6620303625532709,0.6829579675263215
Kepler-1038 c,Kepler-1038,0.8822100469136855,1.7934247485471162,0.0,6.665683717782408,0.0669107052826268,5159.0,0.8680000000000001,2.70805020110221,0.4296929203906733
Kepler-1039 b,Kepler-1039,0.9001613499442714,1.7613002617433464,0.0,7.640603826393634,0.0169947673758618,4870.0,0.79,1.6808279085207734,0.40319143036859456
Kepler-104 b,Kepler-104,1.410986973710262,1.622324127378673,0.0,6.748759547491679,0.0898407039997894,5711.0,0.818,2.651832521103981,0.3102350491375617
Kepler-104 c,Kepler-104,1.4182774069729414,1.3850072831903335,0.0,6.505784060128229,0.1423672412869219,5711.0,0.818,2.651832521103981,0.32927142625239414
Kepler-104 d,Kepler-104,1.5216989981260935,0.9815318811107804,0.0,6.246106765481563,0.2287279296081104,5711.0,0.818,2.651832521103981,0.344750084692762
Kepler-1040 b,Kepler-1040,1.1249295969854831,1.396244691973059,0.0,5.707110264748875,0.514313533929128,5694.0,0.98,1.6428726885203375,0.7097261816014835
Kepler-1041 b,Kepler-1041,1.3711807233098423,1.0784095813505905,0.0,6.4692503167957724,0.1559775814543526,5957.0,1.06,1.515127232962859,0.3456992848693654
Kepler-1042 b,Kepler-1042,1.1600209167967532,1.3454723665996355,0.0,6.354370040797351,0.0728786454125725,4815.0,0.75,1.7561322915849038,0.41804817532272653
Kepler-1043 b,Kepler-1043,1.2669476034873244,1.2029723039923526,0.0,6.278521424165844,0.1954845433202355,5629.0,0.9200000000000002,1.6992786164338898,0.40901731630173227
Kepler-1044 b,Kepler-1044,1.3001916620664788,1.1631508098056809,0.0,6.965080345601407,0.0714831016218642,5985.0,1.08,1.515127232962859,0.2945108809352699
Kepler-1045 b,Kepler-1045,1.3056264580524355,1.1537315878891892,0.0,6.240275845170769,0.1497983650883945,5301.0,0.86,1.6992786164338898,0.4032985406410658
Kepler-1046 b,Kepler-1046,0.9969486348916096,1.5933085305042167,0.0,6.668228248417403,0.1120600237532881,5913.0,1.04,1.5325568680981427,0.4353273745563106
Kepler-1047 b,Kepler-1047,1.128171090909654,1.3912819026309298,0.0,6.222576268071369,0.2613714641119626,5754.0,1.08,1.6992786164338898,0.44999323147159037
Kepler-1047 c,Kepler-1047,0.688134638736401,1.8421356765531216,0.0,7.177782416195197,0.0431840027811386,5754.0,1.08,1.6992786164338898,0.4111622774621601
Kepler-1048 b,Kepler-1048,0.959350221334602,1.6563214983329508,0.0,6.429719478039138,0.0573250666192694,4651.0,0.75,1.6054298910365616,0.4721000141738261
Kepler-1049 b,Kepler-1049,0.6678293725756554,1.8213182714696,0.0,6.439350371100098,0.0343048036919903,3864.0,0.51,1.5686159179138452,0.4779178344131346
Kepler-105 b,Kepler-105,1.2612978709452054,1.5432981099295553,0.0198026272961797,7.257707677160043,0.0584198401293939,5933.0,0.991,1.6620303625532709,0.3078047801789712
Kepler-105 c,Kepler-105,0.8919980393051105,2.4336133554004498,0.0198026272961797,6.905753276311464,0.0697965484520865,5933.0,0.991,1.6620303625532709,0.4393411049336867
Kepler-1050 b,Kepler-1050,0.9555114450274363,1.66392609771817,0.0,6.946975992135418,0.1164755145564404,6010.0,1.09,1.515127232962859,0.4152687063762086
Kepler-1050 c,Kepler-1050,0.9082585601768908,1.7457155307266483,0.0,6.8416154764775925,0.1420549635653995,6010.0,1.09,1.515127232962859,0.4436449558126173
Kepler-1051 b,Kepler-1051,1.4816045409242156,0.959350221334602,0.0,6.746412128573375,0.168856305840384,6675.0,1.4300000000000002,1.007957920399979,0.28441133628113846
Kepler-1052 b,Kepler-1052,1.3686394258811698,1.0818051703517284,0.0,6.259581464064923,0.1905211811369087,5888.0,1.03,1.515127232962859,0.38665258038110045
Kepler-1052 c,Kepler-1052,1.1939224684724346,1.297463147413275,0.0,5.713732805509369,0.4784057325098795,5818.0,0.9370000000000002,0.7884573603642702,0.6427066523052676
Kepler-1053 b,Kepler-1053,0.6830968447064438,1.837369980480108,0.0,6.860663671448287,0.0310140535291694,4529.0,0.74,1.4085449700547104,0.43268853517026623
Kepler-1054 b,Kepler-1054,1.289232648276759,1.175573329804238,0.0,7.071573364211532,0.0539387919709547,6209.0,1.22,1.3402504226184837,0.2833182781717547
Kepler-1055 b,Kepler-1055,0.8020015854720274,1.94876321803772,0.0,7.173958319756794,0.0329511001396859,5723.0,0.98,1.4085449700547104,0.42507731859266007
Kepler-1056 b,Kepler-1056,1.3887912413184778,1.0577902941478543,0.0,6.3818160174060985,0.1509168853168604,6127.0,1.12,1.3737155789130306,0.35542623353694675
Kepler-1057 b,Kepler-1057,1.4724720573609429,0.9631743177730056,0.0,6.586171654854675,0.1077775921734311,5987.0,1.07,1.4085449700547104,0.32171640249781774
Kepler-1058 b,Kepler-1058,1.3137236682850553,1.144222799920162,0.0,5.480638923341991,0.3132767171132615,4644.0,0.73,1.47932922708708,0.6138095922871769
Kepler-1059 b,Kepler-1059,1.0043016091968684,1.5810384379124025,0.0,6.812345094177479,0.0430594894604469,4906.0,0.75,1.851599469584072,0.40897947968291704
Kepler-106 b,Kepler-106,0.598836501088704,1.269760544863939,0.0,6.92951677076365,0.0628902885482136,5858.0,1.0,1.763017000362401,0.36828272167637854
Kepler-106 c,Kepler-106,1.252762968495368,1.4539530095937054,0.0,6.666956792429207,0.1042428913483805,5858.0,1.0,1.763017000362401,0.361793069167849
Kepler-106 d,Kepler-106,0.6678293725756554,1.269760544863939,0.0,6.476972362889683,0.1489629611392478,5858.0,1.0,1.763017000362401,0.4448356725619773
Kepler-106 e,Kepler-106,1.269760544863939,1.410986973710262,0.0,6.2766434893416445,0.2151597655431018,5858.0,1.0,1.763017000362401,0.41879565128451646
Kepler-1060 b,Kepler-1060,1.2178757094949273,1.2669476034873244,0.0,6.184148890937483,0.22274347129287,5797.0,0.99,1.6620303625532709,0.4293384209592549
Kepler-1061 b,Kepler-1061,1.091923300517313,1.4445632692438664,0.0,7.195187320178709,0.0380662008064563,6067.0,1.09,1.144222799920162,0.34332175167796264
Kepler-1062 b,Kepler-1062,1.015230679729059,1.5644405465033646,0.0,6.369900982828227,0.0721345977591991,4597.0,0.75,1.2383742310432684,0.4686911727922022
Kepler-1063 b,Kepler-1063,0.9122827104766162,1.7404661748405044,0.0,6.837332814685591,0.111183528960615,5945.0,1.09,1.47932922708708,0.4380280039526161
Kepler-1064 b,Kepler-1064,0.9360933591703348,1.6974487897568138,0.0,6.3473892096560105,0.1118096750520055,5153.0,0.8500000000000001,1.5871923034867808,0.5057587720596483
Kepler-1065 b,Kepler-1065,1.5539252025038417,0.8837675401685949,0.0,6.996681488176539,0.0444952398865512,5635.0,0.94,1.6992786164338898,0.2630546385457235
Kepler-1065 c,Kepler-1065,0.9555114450274363,1.66392609771817,0.0,7.136483208590247,0.0338215484755106,5635.0,0.94,1.6992786164338898,0.3961605724596135
Kepler-1066 b,Kepler-1066,1.2119409739751128,1.275362800412609,0.0,7.1631723908466425,0.0293646086299039,5762.0,0.98,1.5686159179138452,0.30413838270832216
Kepler-1067 b,Kepler-1067,0.5877866649021191,1.7387102481382395,0.0,7.535296702444088,0.0162669724638719,5592.0,0.95,1.7561322915849038,0.38268794375556586
Kepler-1067 c,Kepler-1067,1.0104454371020464,1.5706970841176695,0.0,6.881411303642535,0.0589196397484456,5594.0,0.981,0.5933268452777344,0.3770654674501306
Kepler-1068 b,Kepler-1068,1.5325568680981427,0.904218150639886,0.0,6.555356891810665,0.1225538593795725,5806.0,1.01,1.6428726885203375,0.32589824518392235
Kepler-1069 b,Kepler-1069,0.9555114450274363,1.66392609771817,0.0,6.714170529909472,0.1534675894312706,5722.0,0.99,1.6808279085207734,0.4434742630488426
Kepler-107 b,Kepler-107,0.9305880365749796,1.916922612182061,0.0953101798043248,7.373374309910049,0.0444378494305682,5854.0,1.238,1.665818245870208,0.39679203547819575
Kepler-107 c,Kepler-107,0.9543569326806114,2.6741486494265287,0.0769610411361283,7.229113877793302,0.0588724995109443,5854.0,1.238,1.665818245870208,0.39995133776444847
Kepler-107 e,Kepler-107,1.3617454881984778,1.430311246536665,0.0953101798043248,6.862757913051401,0.1190089505821887,5854.0,1.238,1.665818245870208,0.2992750950333651
Kepler-1070 b,Kepler-1070,1.0043016091968684,1.5810384379124025,0.0,7.00488198971286,0.0653475687702559,6261.0,1.21,1.3217558399823195,0.3842532639319815
Kepler-1071 b,Kepler-1071,1.2178757094949273,1.2669476034873244,0.0,6.703188113240863,0.0610010215573989,5215.0,0.86,1.6620303625532709,0.3503456506513738
Kepler-1072 b,Kepler-1072,0.947789398933526,1.6770965609079151,0.0,7.52294091807237,0.027050805476314,6199.0,1.2,1.355835153635182,0.3871874191150506
Kepler-1073 b,Kepler-1073,1.1939224684724346,1.297463147413275,0.0,6.80903930604298,0.0774238969648036,5792.0,1.0,1.551808799597464,0.3432607361005689
Kepler-1073 c,Kepler-1073,0.9707789171582248,1.6389967146756448,0.0,7.064759027791802,0.0471698044763899,5792.0,1.0,1.551808799597464,0.3955193619435819
Kepler-1073 d,Kepler-1073,0.9113624035899784,1.7422190236679187,0.0,7.222566018822171,0.034594644764499,5509.0,0.924,1.551808799597464,0.4061460379433761
Kepler-1074 b,Kepler-1074,0.8109302162163288,1.9329696377795784,0.0,6.343880434126331,0.0522128714469342,4002.0,0.6000000000000001,1.515127232962859,0.5175575201930617
Kepler-1075 b,Kepler-1075,0.8837675401685949,1.790091412127358,0.0,6.70808408385307,0.0205866336083883,3959.0,0.56,1.3737155789130306,0.4447162692317581
Kepler-1076 b,Kepler-1076,0.5877866649021191,1.7387102481382395,0.0,6.647688373563329,0.0593061058974075,4868.0,0.79,1.551808799597464,0.44414626193663403
Kepler-1077 b,Kepler-1077,1.3270750014599193,1.128171090909654,0.0,6.3578422665081,0.1907030008218697,5816.0,1.02,1.6428726885203375,0.3823826661329214
Kepler-1078 b,Kepler-1078,1.0647107369924282,1.4861396960896067,0.0,7.023758954738443,0.0380662008064563,5612.0,0.94,1.6808279085207734,0.3634864618838789
Kepler-1079 b,Kepler-1079,0.9669838461896731,1.6428726885203375,0.0,6.78897174299217,0.1036390347594859,5758.0,1.08,2.0294631718735947,0.42667663929762223
Kepler-108 b,Kepler-108,2.2669579153508947,0.3886579897917831,0.1988508587451652,6.507277712385012,0.2561914053604101,5854.0,1.247,1.5871923034867808,0.26860965615762666
Kepler-108 c,Kepler-108,2.217027204632399,0.4127716832906025,0.0392207131532812,6.056784013228625,0.5429055172294024,5854.0,1.247,1.5871923034867808,0.3705664083762155
Kepler-1080 b,Kepler-1080,1.4539530095937054,0.9858167945227652,0.0,6.3080984415095305,0.3207057388989621,5956.0,1.1,1.5871923034867808,0.35962376600242896
Kepler-1081 b,Kepler-1081,0.6981347220709844,1.854734268389444,0.0,6.880384082186005,0.0455659242708064,5345.0,0.8800000000000001,1.7369512327330598,0.43913176366725803
Kepler-1082 b,Kepler-1082,0.7514160886839212,1.9035989509835904,0.0,7.510977752014095,0.02538505572311,5923.0,1.03,1.9095425048844383,0.41523471395617395
Kepler-1083 b,Kepler-1083,1.4724720573609429,0.9631743177730056,0.0,6.107022887742255,0.1738692699789707,5049.0,0.81,1.7369512327330598,0.4070548350384597
Kepler-1084 b,Kepler-1084,0.7466879474879752,1.8976198599275325,0.0,7.460490305825338,0.0318861888623217,6113.0,1.12,1.623340817603092,0.4138663557567356
Kepler-1085 b,Kepler-1085,2.1065702090680887,0.4712528486461674,0.0,5.749392985908253,0.5502059395667072,6000.0,1.11,1.47932922708708,0.5645833840230325
Kepler-1085 c,Kepler-1085,1.451186900054516,0.9858167945227652,0.0,6.198478716492308,0.2608092098426958,5816.0,1.05,0.7275486072772778,0.3731714953612441
Kepler-1086 b,Kepler-1086,1.235471471385307,1.244154593958768,0.0,6.073044534100405,0.1131500979326558,4350.0,0.7,1.355835153635182,0.4401439904072015
Kepler-1086 c,Kepler-1086,1.3711807233098423,1.0784095813505905,0.0,5.356586274672012,0.4074631107708374,4350.0,0.7,1.355835153635182,0.7952101968687919
Kepler-1087 b,Kepler-1087,0.4762341789963716,1.6074359097634274,0.0,7.6787889981991535,0.0154204907258763,5589.0,0.96,1.515127232962859,0.353809005510758
Kepler-1088 b,Kepler-1088,0.8837675401685949,1.790091412127358,0.0,6.504288173536645,0.1498241912011786,5975.0,1.08,1.3912819026309298,0.49493612592535663
Kepler-1089 b,Kepler-1089,1.0402767116551463,1.5260563034950494,0.0,6.371611847231857,0.0485044090596149,3753.0,0.52,1.551808799597464,0.4557019238728199
Kepler-109 b,Kepler-109,1.249901736214336,0.9932517730102834,0.1043600153242427,7.152268856032539,0.0677521020508184,5950.0,1.094,1.9740810260220096,0.260441401386492
Kepler-109 c,Kepler-109,1.2947271675944,1.2237754316221157,0.0934903430873388,6.756932389247553,0.1437539636446961,5950.0,1.094,1.9740810260220096,0.3084202953926485
Kepler-1090 b,Kepler-1090,1.1786549963416462,1.3190856114264409,0.0,5.697093486505405,0.4905596491410149,5321.0,0.86,1.6808279085207734,0.7111461062995412
Kepler-1090 c,Kepler-1090,1.456906086555417,0.9858167945227652,0.0,6.208590026096629,0.2039362667663625,5330.0,0.8690000000000001,2.6093342281630525,0.3599407838826887
Kepler-1091 b,Kepler-1091,0.9001613499442714,1.7613002617433464,0.0,7.417580402414544,0.0248877155077789,5851.0,1.01,1.4973884086254774,0.40451680460438755
Kepler-1092 b,Kepler-1092,1.1216775615991057,1.4011829736136412,0.0,6.2324480165505225,0.2620565248128081,5862.0,0.99,1.5686159179138452,0.4657814825606735
Kepler-1093 b,Kepler-1093,1.0818051703517284,1.4609379041156565,0.0,6.655440350367647,0.1616340380968367,6166.0,1.13,1.3737155789130306,0.4036331525193305
Kepler-1093 c,Kepler-1093,1.085189268335969,1.4539530095937054,0.0,6.2324480165505225,0.343852081313759,6166.0,1.13,1.3737155789130306,0.47165120745049494
Kepler-1094 b,Kepler-1094,1.430311246536665,1.007957920399979,0.0,6.175867270105761,0.3093212475552621,6112.0,1.14,1.4085449700547104,0.3976949453506276
Kepler-1095 b,Kepler-1095,0.7929925155296614,1.9401794743463283,0.0,7.011213987350367,0.0501226094032106,5658.0,0.94,1.6992786164338898,0.435550641356993
Kepler-1096 b,Kepler-1096,0.8064758658669485,1.9416152247724323,0.0,6.678342114654332,0.0334347760862373,4306.0,0.6599999999999999,1.5686159179138452,0.4664051822951446
Kepler-1097 b,Kepler-1097,1.449269160281279,0.9932517730102834,0.0,5.5909869805108565,0.4568550644904604,5211.0,0.8200000000000001,1.7749523509116738,0.7498620979716346
Kepler-1098 b,Kepler-1098,0.832909122935104,1.88706964903238,0.0,7.1853870155804165,0.035174075007654,5794.0,0.99,1.6054298910365616,0.42394992434629813
Kepler-1099 b,Kepler-1099,1.3428648031925547,1.1118575154181305,0.0,7.351799869057777,0.033144598592302,5837.0,1.01,1.5325568680981427,0.26772150348847157
Kepler-11 b,Kepler-11,1.0296194171811583,1.000631880307906,0.0440168854167743,6.745236349484362,0.0870947068509337,5663.0,0.961,2.251291798606496,0.36408921493811547
Kepler-11 c,Kepler-11,1.3532545070416904,0.5068176023684519,0.0256677467485777,6.668228248417403,0.1016536537264998,5663.0,0.961,2.251291798606496,0.2908506913122133
Kepler-11 d,Kepler-11,1.415853163361435,0.8241754429663495,0.0039920212695374,6.483107351457199,0.1441003439737568,5663.0,0.961,2.251291798606496,0.3312666711005251
Kepler-11 e,Kepler-11,1.6467336971777973,0.4574248470388754,0.0119285708652738,6.368187186350492,0.178146185383474,5663.0,0.961,2.251291798606496,0.33168064391957125
Kepler-11 f,Kepler-11,1.249901736214336,0.5247285289349821,0.0129162252665463,6.2422232654551655,0.2231435513142097,5663.0,0.961,2.251291798606496,0.3767312190679129
Kepler-11 g,Kepler-11,1.4655675420143983,1.6094379124341005,0.1397619423751586,5.932245187448011,0.3825376034644597,5663.0,0.961,2.251291798606496,0.45015022402724586
Kepler-110 b,Kepler-110,1.0402767116551463,1.5260563034950494,0.0,6.9167150203536085,0.1016536537264998,5960.0,0.989,1.6992786164338898,0.3857433145460481
Kepler-110 c,Kepler-110,1.1662709371419244,1.3376291891386096,0.0,6.612041034833092,0.1806534996932576,5960.0,0.989,1.6992786164338898,0.38553261968280456
Kepler-1100 b,Kepler-1100,1.01160091167848,1.5686159179138452,0.0,6.90875477931522,0.0652726266161959,6247.0,1.21,1.3056264580524355,0.3918099278669429
Kepler-1101 b,Kepler-1101,1.244154593958768,1.2325602611778486,0.0,5.976350909297934,0.2988445396578917,5614.0,0.94,1.6620303625532709,0.5071742834874629
Kepler-1102 b,Kepler-1102,1.297463147413275,1.1662709371419244,0.0,6.304448802421981,0.2414548710854626,5724.0,0.96,1.6808279085207734,0.3985815045715056
Kepler-1103 b,Kepler-1103,1.184789984909162,1.3110318766193438,0.0,6.602587892189336,0.1426794215215112,6092.0,1.11,1.4609379041156565,0.3717375250009167
Kepler-1104 b,Kepler-1104,0.8020015854720274,1.94876321803772,0.0,7.186901020411631,0.0612926339407627,6417.0,1.3,1.1118575154181305,0.41781936640271755
Kepler-1105 b,Kepler-1105,1.1019400787607845,1.430311246536665,0.0,6.593044534142437,0.0460244383112793,4299.0,0.71,2.2731562823032334,0.397186733158733
Kepler-1106 b,Kepler-1106,0.9745596399981308,1.631199404215613,0.0,7.696212639346407,0.023618865598634,6104.0,1.11,1.4085449700547104,0.37989566291549903
Kepler-1107 b,Kepler-1107,0.8501509293696101,1.854734268389444,0.0,7.5485559791698735,0.0127681392776783,5268.0,0.86,1.6992786164338898,0.41745646636659717
Kepler-1108 b,Kepler-1108,0.9001613499442714,1.7613002617433464,0.0,6.96979066990159,0.0498372348471716,5406.0,0.8800000000000001,1.6428726885203375,0.42600420103419473
Kepler-1109 b,Kepler-1109,1.1600209167967532,1.3454723665996355,0.0,6.669498089857879,0.2204198453926131,5893.0,1.05,1.5686159179138452,0.4009781394953482
Kepler-111 b,Kepler-111,0.947789398933526,1.6770965609079151,0.0,7.213031659834869,0.0449733656427311,5952.0,1.171,1.1939224684724346,0.3940328198918618
Kepler-111 c,Kepler-111,2.089896176043679,1.4861396960896067,0.1621188494764351,5.867034468729805,0.5601870533037148,5914.0,1.118,1.4816045409242156,0.4545494288070731
Kepler-1110 b,Kepler-1110,1.297463147413275,1.1662709371419244,0.0,6.413458957167357,0.0726926853934406,4781.0,0.73,1.7561322915849038,0.37121449346889723
Kepler-1111 b,Kepler-1111,1.0986122886681096,1.4350845252893227,0.0,6.844815479208263,0.0836055838547969,6077.0,1.1,1.425515074273172,0.3730207195156708
Kepler-1112 b,Kepler-1112,1.3912819026309298,1.0543120297715298,0.0,6.823286122355687,0.1168047795420843,6496.0,1.34,1.128171090909654,0.28723780779786656
Kepler-1113 b,Kepler-1113,1.3376291891386096,1.118414915964289,0.0,6.326149473155099,0.2163203259660842,5931.0,1.12,1.515127232962859,0.38503705880546
Kepler-1114 b,Kepler-1114,0.8544153281560676,1.8468787684491343,0.0,6.448889394146858,0.1048643926091365,5374.0,0.87,1.6620303625532709,0.5124060832089137
Kepler-1115 b,Kepler-1115,0.9932517730102834,1.599387576580599,0.0,7.231287004327616,0.1934263365260604,8480.0,1.6000000000000003,0.7514160886839212,0.3290044133577714
Kepler-1116 b,Kepler-1116,1.264126727145683,1.205970806988609,0.0,6.192362489474872,0.2094502241822072,5641.0,0.95,1.7749523509116738,0.4245526597964506
Kepler-1117 b,Kepler-1117,0.7466879474879752,1.8976198599275325,0.0,6.844815479208263,0.0533985767246952,5612.0,0.95,1.6620303625532709,0.450535403717796
Kepler-1118 b,Kepler-1118,1.3190856114264409,1.1378330018213914,0.0,6.220590170099739,0.1888833146290956,5688.0,0.96,1.623340817603092,0.39964941000215765
Kepler-1119 b,Kepler-1119,1.0715836162801904,1.4770487243883548,0.0,6.844815479208263,0.0780715354201554,6083.0,1.11,1.4085449700547104,0.3777315563304815
Kepler-112 b,Kepler-112,1.2119409739751128,1.275362800412609,0.0,6.697034247666484,0.0732504617395926,5544.0,0.782,2.6304489550786583,0.3205353269984367
Kepler-112 c,Kepler-112,1.2237754316221157,1.258460989610006,0.0,6.289715570908998,0.1587116911548208,5544.0,0.782,2.6304489550786583,0.3803217148499566
Kepler-1120 b,Kepler-1120,0.8671004876833832,1.8229350866965048,0.0,6.93537044601511,0.0362354925820954,4904.0,0.78,1.7369512327330598,0.43526228694868213
Kepler-1121 b,Kepler-1121,1.068153081183401,1.4816045409242156,0.0,6.9167150203536085,0.1117023635624191,6231.0,1.29,1.3912819026309298,0.37177996940092645
Kepler-1122 b,Kepler-1122,1.1118575154181305,1.415853163361435,0.0,6.267200548541362,0.2082329385784555,5544.0,0.9200000000000002,1.7369512327330598,0.4581834808890936
Kepler-1123 b,Kepler-1123,0.982078472412158,1.6193882432872684,0.0,6.967909201801884,0.0485044090596149,5500.0,0.9300000000000002,1.81319474994812,0.40191942037660733
Kepler-1124 b,Kepler-1124,0.8241754429663495,1.9035989509835904,0.0,6.432940092739179,0.0300441213483766,3658.0,0.35,1.47932922708708,0.49449148660640174
Kepler-1125 b,Kepler-1125,1.043804052173115,1.5173226235262949,0.0,6.658011045870748,0.1264564239525592,5683.0,0.95,1.6428726885203375,0.4161770463355487
Kepler-1126 b,Kepler-1126,1.0043016091968684,1.5810384379124025,0.0,5.926926025970411,0.3453682636594161,5798.0,0.9200000000000002,1.871802176901592,0.5737936352935774
Kepler-1126 c,Kepler-1126,0.8960880245566356,1.769854633840005,0.0,5.723585101952381,0.481993957097288,5678.0,0.7940000000000002,2.5877640352277083,0.7455161378866488
Kepler-1127 b,Kepler-1127,1.085189268335969,1.4539530095937054,0.0,6.902742737158593,0.0541093256470319,5664.0,0.97,1.6808279085207734,0.3716832426877673
Kepler-1128 b,Kepler-1128,1.536867219599265,0.9001613499442714,0.0,6.052089168924417,0.2639015437863775,5543.0,0.94,1.717395053939193,0.4201882930995807
Kepler-1129 b,Kepler-1129,1.3762440252663892,1.0715836162801904,0.0,6.6039438246004725,0.1525579835882673,5831.0,1.0,1.623340817603092,0.3380813170849465
Kepler-1129 c,Kepler-1129,1.316408233655724,1.1410330045520618,0.0,6.222576268071369,0.3028194224806922,5831.0,1.0,1.623340817603092,0.42894194602457003
Kepler-113 b,Kepler-113,1.0367368849500225,2.462149662665384,0.0,6.654152520183219,0.0499609071537702,4725.0,0.75,2.065596134857783,0.45294777955785825
Kepler-113 c,Kepler-113,1.1568811967920856,0.2686880731278604,0.0,6.444131256700441,0.0750703660469785,4725.0,0.75,2.065596134857783,0.3619156800021467
Kepler-1130 b,Kepler-1130,0.5877866649021191,1.7387102481382395,0.0,6.807934943699926,0.0579197905857657,5403.0,0.9,0.947789398933526,0.4138288065163245
Kepler-1130 c,Kepler-1130,0.5835531830166465,1.7334238922150915,0.0,6.9782137426306985,0.041506560151726,5450.0,0.944,0.947789398933526,0.39228022533593043
Kepler-1130 d,Kepler-1130,0.4975718168191603,1.6370530794670737,0.0,6.889591308354466,0.049437573602331,5450.0,0.944,0.947789398933526,0.38019994820281583
Kepler-1131 b,Kepler-1131,0.9516578757114464,1.6695918352538477,0.0,7.05617528410041,0.0448777587780854,5851.0,1.03,1.6428726885203375,0.4013877912352952
Kepler-1132 b,Kepler-1132,1.208960345836975,1.2781522025001877,0.0,5.953243334287785,0.2531682644199051,5298.0,0.87,1.717395053939193,0.4948706427445526
Kepler-1133 b,Kepler-1133,1.0885619528146082,1.449269160281279,0.0,6.556778356158042,0.0937635298121631,5569.0,0.9300000000000002,1.623340817603092,0.4206577451075476
Kepler-1134 b,Kepler-1134,1.2919836816486494,1.172482137234565,0.0,6.416732282512326,0.1170716715858375,5281.0,0.8400000000000001,1.7749523509116738,0.38188882422297
Kepler-1135 b,Kepler-1135,1.0473189942805592,1.5129270120532563,0.0,6.113682179832232,0.2953525787560006,5656.0,0.96,1.6992786164338898,0.49191584984569364
Kepler-1136 b,Kepler-1136,0.9707789171582248,1.6389967146756448,0.0,6.827629234502852,0.029461710149619,4512.0,0.7199999999999999,1.4445632692438664,0.4136509005245376
Kepler-1137 b,Kepler-1137,1.1631508098056809,1.3428648031925547,0.0,6.928537818164665,0.1715133580773512,6807.0,1.5,0.947789398933526,0.32014273828715306
Kepler-1138 b,Kepler-1138,0.9932517730102834,1.599387576580599,0.0,6.985641817639208,0.0406619817188896,5582.0,0.95,1.6808279085207734,0.3955731148986325
Kepler-1139 b,Kepler-1139,0.7839015438284094,1.9315214116032136,0.0,7.434847875211999,0.0165030720990142,5550.0,0.94,1.6992786164338898,0.41944788754997053
Kepler-114 b,Kepler-114,0.8153648132841945,1.2612978709452054,0.0,6.375024819828097,0.0516432331518384,4605.0,0.77,1.3056264580524355,0.45844228217048
Kepler-114 c,Kepler-114,0.9555114450274363,0.7793248768009976,0.0,6.230481447578482,0.0628057707923914,4660.0,0.56,1.3056264580524355,0.4431694403220765
Kepler-114 d,Kepler-114,1.2612978709452054,0.1988508587451652,0.0,6.102558594613569,0.0802703740632693,4660.0,0.56,1.3056264580524355,0.3708753893170428
Kepler-1140 b,Kepler-1140,1.3270750014599193,1.128171090909654,0.0,6.2166061010848646,0.1378470666921251,4850.0,0.76,1.7934247485471162,0.40646230162323005
Kepler-1141 b,Kepler-1141,0.598836501088704,1.749199854809259,0.0,7.294377299288821,0.0343627786275094,5791.0,1.01,1.969905654611529,0.38675678913865924
Kepler-1142 b,Kepler-1142,0.904218150639886,1.752672080520008,0.0,6.805722553416985,0.1260157205828598,5685.0,0.97,1.851599469584072,0.443429940041289
Kepler-1143 b,Kepler-1143,0.982078472412158,1.6193882432872684,0.0,6.884486652042782,0.0364283566135514,5053.0,0.81,1.7561322915849038,0.40906334667882954
Kepler-1143 c,Kepler-1143,1.5260563034950494,0.9082585601768908,0.0,5.459585514144159,0.4993803760812487,5053.0,0.81,1.7561322915849038,0.8169431381287726
Kepler-1144 b,Kepler-1144,1.095273387402595,1.4398351280479205,0.0,6.699500340161678,0.1214208552043394,5753.0,0.98,1.6054298910365616,0.39796689369531474
Kepler-1145 b,Kepler-1145,0.8754687373538999,1.8066480817218056,0.0,6.865891074883439,0.0433468045033658,5064.0,0.79,1.7561322915849038,0.4423857266857326
Kepler-1146 b,Kepler-1146,0.8020015854720274,1.94876321803772,0.0,6.927557906278317,0.0319830458530507,4692.0,0.74,1.7749523509116738,0.43913243444760786
Kepler-1147 b,Kepler-1147,1.2837077723447896,1.181727195378616,0.0,6.771935555839602,0.0917584252395406,5941.0,1.09,1.5686159179138452,0.32014030590758985
Kepler-1148 b,Kepler-1148,0.9895411936137476,1.6054298910365616,0.0,7.242797922793756,0.0186254641231648,5054.0,0.81,1.717395053939193,0.37976943523904655
Kepler-1149 b,Kepler-1149,0.8919980393051105,1.776645831418007,0.0,7.029087564149662,0.0462154237969629,5833.0,1.02,1.6054298910365616,0.4196483891927378
Kepler-115 b,Kepler-115,0.7371640659767197,1.88706964903238,0.0,7.306531398939505,0.0353671438372913,5979.0,1.042,1.6428726885203375,0.41557977718909345
Kepler-115 c,Kepler-115,1.2809338454620645,1.184789984909162,0.0,6.8679744089702925,0.0834216081390723,5979.0,1.042,1.6428726885203375,0.3082839749354508
Kepler-1150 b,Kepler-1150,0.7030975114131134,1.854734268389444,0.0,7.267525427828172,0.0374884444109916,4754.0,0.76,1.7369512327330598,0.4135218877457202
Kepler-1151 b,Kepler-1151,1.169381359556317,1.332366019094335,0.0,6.186208623900494,0.2774044380406467,5470.0,0.8800000000000001,1.6808279085207734,0.5043121981566623
Kepler-1152 b,Kepler-1152,0.6259384308664953,1.7783364488959144,0.0,6.693323668269949,0.0220549907808313,3964.0,0.55,1.4973884086254774,0.4301988141176033
Kepler-1153 b,Kepler-1153,1.0043016091968684,1.5810384379124025,0.0,7.203405521083095,0.0273232956488903,5470.0,0.91,1.717395053939193,0.3778235945547676
Kepler-1154 b,Kepler-1154,1.205970806988609,1.2837077723447896,0.0,7.181591944611865,0.0611891683124224,6327.0,1.26,1.1908875647772803,0.3004413971431147
Kepler-1154 c,Kepler-1154,1.2119409739751128,1.275362800412609,0.0,7.0192966537150445,0.0838814839807021,6327.0,1.26,1.1908875647772803,0.3084233630632579
Kepler-1155 b,Kepler-1155,1.1085626195212777,1.420695787837223,0.0,6.413458957167357,0.1828214318356056,5842.0,1.03,1.551808799597464,0.4392435523553777
Kepler-1156 b,Kepler-1156,0.8415671856782186,1.871802176901592,0.0,6.669498089857879,0.0926156437094615,5778.0,1.0,1.6992786164338898,0.4797332341092482
Kepler-1157 b,Kepler-1157,0.7371640659767197,1.88706964903238,0.0,6.597145701886651,0.0438254795400295,4679.0,0.76,1.47932922708708,0.4795640514728741
Kepler-1158 b,Kepler-1158,1.205970806988609,1.2837077723447896,0.0,6.984716320118265,0.1190533395897022,6203.0,1.41,1.355835153635182,0.3141618321542796
Kepler-1159 b,Kepler-1159,1.2149127443642704,1.269760544863939,0.0,6.519147287940395,0.1486785923713627,6217.0,1.19,1.3217558399823195,0.37496602308856464
Kepler-116 b,Kepler-116,1.4861396960896067,0.9516578757114464,0.0,7.132497551660044,0.0667236320429081,6142.0,1.198,1.425515074273172,0.2542759755194155
Kepler-116 c,Kepler-116,1.1939224684724346,1.297463147413275,0.0,6.872128101338986,0.1097508639591192,6142.0,1.198,1.425515074273172,0.3320233965675356
Kepler-1160 b,Kepler-1160,1.144222799920162,1.3686394258811698,0.0,6.733401891837359,0.0727856697256476,5519.0,0.9200000000000002,1.717395053939193,0.3747909189254258
Kepler-1161 b,Kepler-1161,1.1410330045520618,1.3737155789130306,0.0,6.186208623900494,0.0754784611759055,4253.0,0.5900000000000001,1.47932922708708,0.4344702832437866
Kepler-1162 b,Kepler-1162,1.1662709371419244,1.3376291891386096,0.0,6.19644412779452,0.173953307123438,5390.0,0.89,1.6808279085207734,0.45486740384604035
Kepler-1162 c,Kepler-1162,1.0331844833456545,1.534714366238164,0.0,5.996452088619021,0.249356958130113,5225.0,0.861,0.4054651081081644,0.5164167529434606
Kepler-1163 b,Kepler-1163,0.708035793053696,1.860974538249528,0.0,7.10002716662926,0.0664242420477823,6302.0,1.22,1.355835153635182,0.41560642525947056
Kepler-1164 b,Kepler-1164,0.7514160886839212,1.9035989509835904,0.0,6.842683282238422,0.0453079177045415,5183.0,0.8500000000000001,1.5325568680981427,0.4506363119344257
Kepler-1165 b,Kepler-1165,0.9360933591703348,1.6974487897568138,0.0,6.853299093186078,0.0874612757699945,6080.0,1.13,1.4445632692438664,0.42284594580688384
Kepler-1165 c,Kepler-1165,1.47268622020626,0.9631743177730056,0.0,6.4692503167957724,0.1797348808971877,6249.0,1.13,0.262364264467491,0.29887233512417066
Kepler-1166 b,Kepler-1166,0.9895411936137476,1.6054298910365616,0.0,6.18826412308259,0.1802360503029332,5446.0,0.9,1.7749523509116738,0.5174759503638185
Kepler-1167 b,Kepler-1167,0.9969486348916096,1.5933085305042167,0.0,7.258412150595307,0.017348638334613,4971.0,0.79,1.6620303625532709,0.3760928820406575
Kepler-1168 b,Kepler-1168,1.252762968495368,1.2208299213923592,0.0,5.940171252720432,0.2360992624744257,5157.0,0.87,1.6620303625532709,0.4950788610946865
Kepler-1169 b,Kepler-1169,0.6626879730752367,1.8164520818184269,0.0,7.026426808699636,0.0670135806492111,6191.0,1.2400000000000002,0.8671004876833832,0.39952279820336556
Kepler-117 b,Kepler-117,2.2037587386871507,0.262364264467491,0.0481232751817282,6.892641641172089,0.1349678604104843,6150.0,1.129,1.840549633397487,0.2368223360642837
Kepler-117 c,Kepler-117,2.590842000196669,1.007957920399979,0.0317893224894073,6.558197802812269,0.2471725291135709,6150.0,1.129,1.840549633397487,0.2917047519758982
Kepler-1170 b,Kepler-1170,1.2267122912954256,1.2556160374777745,0.0,6.559615237493242,0.0843411484337507,5069.0,0.8,1.7749523509116738,0.3709065728174199
Kepler-1172 b,Kepler-1172,1.4350845252893227,1.0043016091968684,0.0,6.516193076042964,0.1552928844060353,5558.0,0.9200000000000002,1.6808279085207734,0.3485775408123309
Kepler-1173 b,Kepler-1173,0.636576829071551,1.790091412127358,0.0,7.409136443920128,0.0154795708483863,5252.0,0.86,1.7561322915849038,0.3952380122126445
Kepler-1174 b,Kepler-1174,0.9516578757114464,1.6695918352538477,0.0,7.053585727193677,0.070644839569332,5936.0,1.04,1.515127232962859,0.4001289054216034
Kepler-1175 b,Kepler-1175,1.383791230901772,1.0647107369924282,0.0,6.246106765481563,0.1972922677237761,5453.0,0.9,1.6428726885203375,0.40683725944832216
Kepler-1176 b,Kepler-1176,1.2383742310432684,1.2383742310432684,0.0,6.39024066706535,0.1474712793582082,5844.0,1.01,1.5686159179138452,0.3959290036778116
Kepler-1177 b,Kepler-1177,1.0647107369924282,1.4861396960896067,0.0,5.934894195619588,0.3577443718967526,5712.0,0.98,1.6992786164338898,0.5090534025558124
Kepler-1178 b,Kepler-1178,0.7275486072772778,1.8809906029559973,0.0,5.937536205082426,0.1480751180653633,4990.0,0.8,1.7369512327330598,0.5572968609569958
Kepler-1179 b,Kepler-1179,0.8415671856782186,1.871802176901592,0.0,7.037027614686276,0.034372440789998,5212.0,0.8400000000000001,1.7749523509116738,0.433884862899077
Kepler-118 b,Kepler-118,1.085189268335969,1.4539530095937054,0.0,6.665683717782408,0.0704584636485614,5274.0,0.8110000000000002,2.7013612129514133,0.3659557992589105
Kepler-118 c,Kepler-118,2.1610215286722587,0.4408322519454557,0.0,6.336825731146441,0.1319050708799385,5274.0,0.8110000000000002,2.7013612129514133,0.29871375914482085
Kepler-1180 b,Kepler-1180,1.095273387402595,1.4398351280479205,0.0,6.641182169740591,0.1174274168759642,6077.0,1.09,1.4085449700547104,0.3983824120969446
Kepler-1181 b,Kepler-1181,0.9439058989071284,1.6845453849209058,0.0,7.226209010100671,0.0602480803453568,6176.0,1.17,1.4445632692438664,0.3927912815230793
Kepler-1181 c,Kepler-1181,1.0402767116551463,1.5260563034950494,0.0,7.025538314638521,0.0887432098343885,6688.0,1.336,1.4445632692438664,0.36484212196051796
Kepler-1182 b,Kepler-1182,1.2267122912954256,1.2556160374777745,0.0,6.680854678790215,0.0935814136215305,5924.0,1.04,1.47932922708708,0.3479054192482165
Kepler-1183 b,Kepler-1183,1.3402504226184837,1.11514159061932,0.0,6.320768294250582,0.1649210421137872,5765.0,1.0,1.6620303625532709,0.37304498777248685
Kepler-1184 b,Kepler-1184,1.3029127521808397,1.1568811967920856,0.0,6.272877006546167,0.2517698801025327,5983.0,1.05,1.515127232962859,0.40464486216592643
Kepler-1185 b,Kepler-1185,0.8458682675776092,1.8625285401162623,0.0,5.87493073085203,0.3574646320529813,5622.0,0.96,0.9360933591703348,0.573801681646121
Kepler-1186 b,Kepler-1186,1.172482137234565,1.3270750014599193,0.0,6.586171654854675,0.1205348016287375,5635.0,0.95,1.6992786164338898,0.3850942109464939
Kepler-1187 b,Kepler-1187,1.2837077723447896,1.181727195378616,0.0,6.553933404025811,0.131115977857537,5975.0,1.06,1.47932922708708,0.3543994014614461
Kepler-1188 b,Kepler-1188,1.1249295969854831,1.396244691973059,0.0,6.654152520183219,0.126632650933366,5913.0,1.04,1.6428726885203375,0.38787839251676526
Kepler-1189 b,Kepler-1189,1.0188473201992472,1.55814461804655,0.0,7.055312843339752,0.045642357878701,6012.0,1.11,1.47932922708708,0.37786057478124596
Kepler-119 b,Kepler-119,1.5260563034950494,0.9082585601768908,0.0,7.101675971619444,0.0344014267173324,5595.0,0.918,1.5325568680981427,0.2560293949744256
Kepler-119 c,Kepler-119,0.6523251860396903,1.8066480817218056,0.0,6.92461239604856,0.0478373294141601,5595.0,0.918,1.5325568680981427,0.42217404837513584
Kepler-1190 b,Kepler-1190,0.8458682675776092,1.8625285401162623,0.0,6.413458957167357,0.081119051284792,4730.0,0.76,1.6054298910365616,0.5197470148649626
Kepler-1191 b,Kepler-1191,0.9202827531436926,1.724550719534605,0.0,6.859614903654202,0.057041740367197,5308.0,0.8500000000000001,1.717395053939193,0.43205620894940777
Kepler-1192 b,Kepler-1192,1.2119409739751128,1.275362800412609,0.0,6.398594934535208,0.1564052791641357,5438.0,0.86,1.6992786164338898,0.40645662303178887
Kepler-1193 b,Kepler-1193,0.8415671856782186,1.871802176901592,0.0,7.282073658093465,0.0392591739521168,5908.0,1.08,1.7934247485471162,0.4205205271578959
Kepler-1194 b,Kepler-1194,0.9202827531436926,1.724550719534605,0.0,6.517671272912275,0.1143995403084961,5590.0,0.94,1.7561322915849038,0.48454343183496806
Kepler-1195 b,Kepler-1195,1.1249295969854831,1.396244691973059,0.0,6.555356891810665,0.0700856075666877,4965.0,0.74,1.6992786164338898,0.40444341615830626
Kepler-1196 b,Kepler-1196,1.172482137234565,1.3270750014599193,0.0,6.07993319509559,0.2760395606677065,5756.0,0.98,1.6054298910365616,0.47261070450526044
Kepler-1197 b,Kepler-1197,0.8109302162163288,1.9329696377795784,0.0,6.919683849847411,0.0282861481005016,4708.0,0.78,1.3056264580524355,0.4396942524153209
Kepler-1198 b,Kepler-1198,0.904218150639886,1.752672080520008,0.0,6.7226297948554485,0.070644839569332,5517.0,0.9300000000000002,1.7369512327330598,0.4560569349266536
Kepler-1199 b,Kepler-1199,0.7654678421395714,1.913977101952304,0.0,6.837332814685591,0.107139931557902,5889.0,0.94,2.1701959049483,0.45378471788154795
Kepler-12 b,Kepler-12,3.0282278272776253,0.1043600153242427,0.0,7.300472814267799,0.0538250866949074,5947.0,1.166,1.6094379124341005,0.2207736098602807
Kepler-120 b,Kepler-120,1.1474024528375415,1.7404661748405044,0.0,6.356107660695892,0.0535407669280298,4096.0,0.6540000000000001,1.5325568680981427,0.44058178440700496
Kepler-120 c,Kepler-120,0.9282193027394288,1.7119945007591926,0.0,6.1224928095143865,0.0843411484337507,4096.0,0.6540000000000001,1.5325568680981427,0.51428983561532
Kepler-1200 b,Kepler-1200,0.7227059828014898,1.8779371654691075,0.0,7.069023426578259,0.0186254641231648,4612.0,0.74,1.3912819026309298,0.41896847359713196
Kepler-1201 b,Kepler-1201,1.1908875647772803,1.3029127521808397,0.0,6.672032945461067,0.1118096750520055,6177.0,1.15,1.3737155789130306,0.36275171817022484
Kepler-1202 b,Kepler-1202,1.3711807233098423,1.0784095813505905,0.0,6.306275286948016,0.1646666215552338,5834.0,1.03,1.6428726885203375,0.38018122326035847
Kepler-1203 b,Kepler-1203,0.7227059828014898,1.8779371654691075,0.0,7.080867896690782,0.0113355096637456,4105.0,0.64,1.4973884086254774,0.40960901829464924
Kepler-1204 b,Kepler-1204,1.3987168811184478,1.0473189942805592,0.0,6.107022887742255,0.3276477003948277,5825.0,1.03,1.6620303625532709,0.4367513368131433
Kepler-1205 b,Kepler-1205,0.8796267475025636,1.7984040119467235,0.0,7.419380582918692,0.0194103935198233,5226.0,0.8400000000000001,1.7749523509116738,0.4110732883932173
Kepler-1206 b,Kepler-1206,0.9707789171582248,1.6389967146756448,0.0,7.181591944611865,0.0199006617063361,4877.0,0.8,1.515127232962859,0.38676888151489797
Kepler-1207 b,Kepler-1207,0.9631743177730056,1.6505798557652755,0.0,6.688354713946762,0.1093923767711968,5909.0,1.06,1.5325568680981427,0.43765054940073717
Kepler-1208 b,Kepler-1208,1.199964782928397,1.2919836816486496,0.0,6.501289670540389,0.0862694351521757,5001.0,0.8,1.6992786164338898,0.39202444068857034
Kepler-1209 b,Kepler-1209,0.9202827531436926,1.724550719534605,0.0,6.628041376179533,0.1613957990228003,6210.0,1.23,1.4085449700547104,0.4628830511994057
Kepler-121 b,Kepler-121,1.205970806988609,1.2837077723447896,0.0,6.905753276311464,0.0382587121170903,5311.0,0.8590000000000001,0.4054651081081644,0.29736736285763077
Kepler-121 c,Kepler-121,1.184789984909162,1.3110318766193438,0.0,6.054439346269371,0.1955667835439752,5311.0,0.8590000000000001,0.4054651081081644,0.4489715426584238
Kepler-1210 b,Kepler-1210,0.9932517730102834,1.599387576580599,0.0,6.75343791859778,0.0725996924143435,5568.0,0.94,1.81319474994812,0.42421157047891245
Kepler-1211 b,Kepler-1211,1.2669476034873244,1.2029723039923526,0.0,6.734591659972948,0.0931533099774775,5705.0,0.96,1.6428726885203375,0.33166915782843365
Kepler-1212 b,Kepler-1212,1.144222799920162,1.3686394258811698,0.0,6.679599185844383,0.1027370774511122,6051.0,1.1,1.4445632692438664,0.3761835245955276
Kepler-1213 b,Kepler-1213,0.7839015438284094,1.9315214116032136,0.0,7.053585727193677,0.058514161065882,6050.0,1.14,1.4973884086254774,0.42792351246594384
Kepler-1214 b,Kepler-1214,1.2119409739751128,1.275362800412609,0.0,6.3835066348840055,0.1204461530758671,5130.0,0.8500000000000001,1.7369512327330598,0.40877611452049745
Kepler-1215 b,Kepler-1215,0.7975071958841881,1.9444805562457188,0.0,6.953684210870537,0.0514532815889157,5616.0,0.95,1.7561322915849038,0.4414661051057938
Kepler-1216 b,Kepler-1216,0.8712933659434192,1.8148247421590515,0.0,7.083387847625295,0.0505980527630913,5743.0,0.99,1.623340817603092,0.422808867107774
Kepler-1217 b,Kepler-1217,1.095273387402595,1.4398351280479205,0.0,7.341483852363161,0.0320798934634116,5905.0,1.06,1.5686159179138452,0.3402781671158231
Kepler-1218 b,Kepler-1218,0.8919980393051105,1.776645831418007,0.0,6.529418838262226,0.1458131619774316,5986.0,1.06,1.5686159179138452,0.4842440636375255
Kepler-1219 b,Kepler-1219,1.1378330018213911,1.3762440252663892,0.0,7.05617528410041,0.1323081447618274,5944.0,1.25,1.6808279085207734,0.3349615614239071
Kepler-122 b,Kepler-122,1.205970806988609,1.2837077723447896,0.0,7.05617528410041,0.0620353909194526,6050.0,0.982,2.190535589185423,0.3103551203781448
Kepler-122 c,Kepler-122,1.927164106234258,0.5810976767513224,0.0,6.8001700683022,0.102556588325092,6050.0,0.982,2.190535589185423,0.26450688443184567
Kepler-122 d,Kepler-122,1.1631508098056809,1.3428648031925547,0.0,6.617402977974478,0.1441003439737568,6050.0,0.982,2.190535589185423,0.3812548179625683
Kepler-122 e,Kepler-122,1.2809338454620645,2.2679936482244267,0.0,6.428105272684596,0.2045721657287744,6050.0,0.982,2.190535589185423,0.4351973993533499
Kepler-1220 b,Kepler-1220,0.924258901523332,1.717395053939193,0.0,6.802394763324311,0.0708311807605914,5842.0,1.0,1.5325568680981427,0.4365030456446439
Kepler-1221 b,Kepler-1221,1.0577902941478543,1.4973884086254774,0.0,6.450470422144176,0.0867280035098241,5194.0,0.87,1.717395053939193,0.44625213414784193
Kepler-1222 b,Kepler-1222,0.5822156198526637,1.7334238922150915,0.0,7.1284959456800365,0.0276248946121194,5239.0,0.8400000000000001,1.6808279085207734,0.3892216323003572
Kepler-1223 b,Kepler-1223,0.7975071958841881,1.9444805562457188,0.0,6.324358962381311,0.1120779034053505,4870.0,0.8,1.5325568680981427,0.5358159414791881
Kepler-1224 b,Kepler-1224,0.8458682675776092,1.8625285401162623,0.0,6.771935555839602,0.1099748532085717,6155.0,1.18,1.205970806988609,0.459520437581346
Kepler-1225 b,Kepler-1225,1.0367368849500225,1.5303947050936475,0.0,7.282073658093465,0.0742722443745874,6140.0,1.13,1.3912819026309298,0.36277576058068245
Kepler-1226 b,Kepler-1226,0.8960880245566356,1.769854633840005,0.0,6.697034247666484,0.1305456898466432,5923.0,1.02,1.551808799597464,0.4599811455863899
Kepler-1227 b,Kepler-1227,1.1908875647772803,1.3029127521808397,0.0,5.91350300563827,0.3260971727245917,5747.0,0.97,1.6428726885203375,0.5070945783058661
Kepler-1228 b,Kepler-1228,0.9321640810304452,1.7047480922384253,0.0,7.471932078245122,0.0117902213744757,5063.0,0.78,1.81319474994812,0.39480531513882994
Kepler-1229 b,Kepler-1229,0.8754687373538999,1.8066480817218056,0.0,5.3612921657094255,0.2628256964529143,3784.0,0.54,1.551808799597464,0.8374331477672814
Kepler-123 b,Kepler-123,1.3711807233098423,2.5649493574615367,0.0,6.706862336602747,0.126632650933366,6089.0,1.079,1.7934247485471162,0.3766671891446943
Kepler-123 c,Kepler-123,0.9082585601768908,1.7457155307266483,0.0,6.561030665896573,0.1663615372152252,6089.0,1.079,1.7934247485471162,0.4758171085900015
Kepler-1230 b,Kepler-1230,1.3110318766193438,1.1474024528375415,0.0,6.853299093186078,0.0881024482215456,5961.0,1.06,1.4973884086254774,0.30485619520662255
Kepler-1231 b,Kepler-1231,0.8837675401685949,1.790091412127358,0.0,6.769641976852503,0.0874612757699945,5778.0,1.01,1.6428726885203375,0.4539154735064531
Kepler-1232 b,Kepler-1232,1.075002423028976,1.4701758451005928,0.0,6.261491684321042,0.1531072785305414,5471.0,0.9200000000000002,1.7561322915849038,0.4783732342022413
Kepler-1233 b,Kepler-1233,1.2809338454620645,1.184789984909162,0.0,6.405228458030842,0.233489843368354,6198.0,1.16,1.355835153635182,0.3833077615333374
Kepler-1234 b,Kepler-1234,1.3376291891386096,1.118414915964289,0.0,6.439350371100098,0.0916671885258238,4967.0,0.8,1.6808279085207734,0.362707621348885
Kepler-1235 b,Kepler-1235,0.5822156198526637,1.7334238922150915,0.0,6.893656354602635,0.0472270383626818,5541.0,0.9300000000000002,1.717395053939193,0.40868966537311135
Kepler-1236 b,Kepler-1236,1.144222799920162,1.3686394258811698,0.0,6.175867270105761,0.1657686434528862,5337.0,0.86,1.623340817603092,0.46488079612816924
Kepler-1237 b,Kepler-1237,1.3506671834767394,1.1019400787607845,0.0,5.905361848054571,0.3204880241769584,5472.0,0.94,1.717395053939193,0.4814119362259098
Kepler-1238 b,Kepler-1238,1.075002423028976,1.4701758451005928,0.0,7.237059026124737,0.0526873222790064,6386.0,1.3,1.144222799920162,0.34420565709103423
Kepler-1239 b,Kepler-1239,1.3609765531356006,1.0885619528146082,0.0,7.076653815443951,0.0606246218164348,6564.0,1.4,0.9631743177730056,0.25684356429111754
Kepler-124 b,Kepler-124,0.5481214085096876,1.695615608675153,0.0,6.794586580876499,0.0382587121170903,4984.0,0.7060000000000001,1.0367368849500225,0.40654452726624507
Kepler-124 c,Kepler-124,1.01160091167848,1.5686159179138452,0.0,6.329720905522696,0.0953101798043248,4984.0,0.7060000000000001,1.0367368849500225,0.47574962964940365
Kepler-124 d,Kepler-124,0.7466879474879752,1.8976198599275325,0.0,6.061456918928017,0.1570037488096646,4984.0,0.7060000000000001,1.0367368849500225,0.5633541716423105
Kepler-1240 b,Kepler-1240,0.7654678421395714,1.913977101952304,0.0,7.022868086082641,0.0562952636552055,5682.0,0.98,1.623340817603092,0.43192929182818995
Kepler-1241 b,Kepler-1241,1.289232648276759,1.175573329804238,0.0,6.418364935936212,0.1253984093943336,5261.0,0.8400000000000001,1.7369512327330598,0.3819070716214965
Kepler-1242 b,Kepler-1242,1.181727195378616,1.316408233655724,0.0,6.461468176353717,0.0988493640421689,4895.0,0.77,1.890095369948917,0.40478085892099963
Kepler-1243 b,Kepler-1243,1.01160091167848,1.5686159179138452,0.0,6.53813982376767,0.1183162268180422,5667.0,0.96,1.6808279085207734,0.4563960691201628
Kepler-1244 b,Kepler-1244,0.8544153281560676,1.8468787684491343,0.0,7.517520850603031,0.0489806222216218,6680.0,1.46,0.9932517730102834,0.3998245491783397
Kepler-1245 b,Kepler-1245,0.8919980393051105,1.776645831418007,0.0,6.950814768442584,0.0472651924671142,5306.0,0.86,1.717395053939193,0.43064612523374624
Kepler-1245 c,Kepler-1245,0.8919980393051105,1.776645831418007,0.0,7.0825485693553,0.0365247746823722,5306.0,0.86,1.717395053939193,0.4189202357770889
Kepler-1246 b,Kepler-1246,0.8586616190375187,1.8389610707123487,0.0,6.318968113746434,0.081395638203994,4611.0,0.73,1.5871923034867808,0.525369495490281
Kepler-1247 b,Kepler-1247,1.2029723039923526,1.2864740258376797,0.0,6.517671272912275,0.1035488756285588,5303.0,0.86,1.7369512327330598,0.38950048865263204
Kepler-1248 b,Kepler-1248,0.7793248768009976,1.9300710850255671,0.0,6.943122422819428,0.0775164424278283,6149.0,1.21,0.9202827531436926,0.4277189136921926
Kepler-1249 b,Kepler-1249,1.2178757094949273,1.2669476034873244,0.0,6.473890696352274,0.1544363533044189,6202.0,1.19,1.3402504226184837,0.37855202804103166
Kepler-125 b,Kepler-125,1.2149127443642704,1.269760544863939,0.0,6.3818160174060985,0.0401817896328318,3810.0,0.542101,0.7371640659767197,0.3691750498066656
Kepler-125 c,Kepler-125,0.5538851132264376,1.6992786164338898,0.0,6.272877006546167,0.049742091894814,3810.0,0.542101,0.7371640659767197,0.46389800224349487
Kepler-1250 b,Kepler-1250,1.0715836162801904,1.4770487243883548,0.0,7.266827347520591,0.0385474096122389,5717.0,0.99,1.717395053939193,0.3509032734401535
Kepler-1251 b,Kepler-1251,1.043804052173115,1.5173226235262949,0.0,6.190315405853148,0.2213820006945489,5545.0,0.9200000000000002,1.7561322915849038,0.5044135855383214
Kepler-1252 b,Kepler-1252,0.982078472412158,1.6193882432872684,0.0,6.501289670540389,0.1023760666168664,5949.0,1.06,1.5871923034867808,0.4641572134037686
Kepler-1253 b,Kepler-1253,0.8458682675776092,1.8625285401162623,0.0,6.218600119691729,0.2734107194142092,5850.0,0.97,2.089391872533004,0.5452162261436261
Kepler-1254 b,Kepler-1254,0.9360933591703348,1.6974487897568138,0.0,6.493753839851687,0.0800119379693847,4985.0,0.78,1.890095369948917,0.483722560449626
Kepler-1254 c,Kepler-1254,0.832909122935104,1.88706964903238,0.0,6.833031732786201,0.0413338634929772,4985.0,0.78,1.890095369948917,0.4545098304961728
Kepler-1254 d,Kepler-1254,0.8372475245337022,1.8794650496471603,0.0,6.678342114654332,0.0559076319382958,4985.0,0.78,1.890095369948917,0.4778863098470181
Kepler-1255 b,Kepler-1255,1.199964782928397,1.2919836816486496,0.0,6.543911845564792,0.2009797386124879,6018.0,1.08,1.515127232962859,0.38434844366715515
Kepler-1256 b,Kepler-1256,0.9122827104766162,1.7404661748405044,0.0,6.839476438228843,0.1019517122836643,6129.0,1.17,1.551808799597464,0.4326289699094784
Kepler-1257 b,Kepler-1257,0.924258901523332,1.717395053939193,0.0,7.133295954896068,0.036910354020097,5502.0,0.9,1.6808279085207734,0.40613049476355795
Kepler-1258 b,Kepler-1258,0.6205764877251099,1.7732559976634952,0.0,7.756195343948118,0.0180756467272303,5839.0,0.99,1.5871923034867808,0.38966834549816726
Kepler-1259 b,Kepler-1259,0.8878912573524571,1.7817091333745536,0.0,7.427738840532894,0.0140015196358136,5053.0,0.8,1.8325814637483104,0.40666387837999834
Kepler-126 b,Kepler-126,0.924258901523332,1.911397819759946,0.0676586484738148,6.917705609835305,0.0944006754214843,6239.0,1.108,1.47932922708708,0.42259390774330413
Kepler-126 c,Kepler-126,0.947789398933526,0.9915970714130556,0.173953307123438,6.673297967767654,0.1501426584297195,6239.0,1.108,1.47932922708708,0.36599635036444983
Kepler-126 d,Kepler-126,1.252762968495368,2.965215229345225,0.0198026272961797,6.16541785423142,0.3701832939635246,6239.0,1.108,1.47932922708708,0.4760184910581873
Kepler-1260 b,Kepler-1260,1.0188473201992472,1.55814461804655,0.0,6.714170529909472,0.1348804821938181,5961.0,1.06,1.5686159179138452,0.4176622090866171
Kepler-1261 b,Kepler-1261,1.181727195378616,1.316408233655724,0.0,5.983936280687191,0.2143046026470053,5006.0,0.8200000000000001,1.6992786164338898,0.49856754819979765
Kepler-1262 b,Kepler-1262,1.0367368849500225,1.5303947050936475,0.0,6.856461984594587,0.0797349680188535,5771.0,0.99,1.6620303625532709,0.3963841546199884
Kepler-1263 b,Kepler-1263,0.76080582903376,1.9095425048844383,0.0,6.811244378601294,0.0486949215387585,5213.0,0.8400000000000001,1.7749523509116738,0.45599682938205005
Kepler-1264 b,Kepler-1264,0.7793248768009976,1.9300710850255671,0.0,7.425357887027151,0.0182229488884193,5791.0,0.99,1.6428726885203375,0.41816090093061925
Kepler-1265 b,Kepler-1265,0.8544153281560676,1.8468787684491343,0.0,6.597145701886651,0.0594003432814475,4630.0,0.71,1.8325814637483104,0.48493287852689176
Kepler-1266 b,Kepler-1266,1.275362800412609,1.1939224684724346,0.0,6.194405391104672,0.1521286368756198,5044.0,0.8,1.81319474994812,0.42545678825415817
Kepler-1266 c,Kepler-1266,0.9859062009736508,1.6114359150967734,0.0,6.782192056006791,0.0493614295377241,4996.0,0.7910000000000001,2.10900034392138,0.421229302086856
Kepler-1267 b,Kepler-1267,1.3887912413184778,1.0577902941478543,0.0,6.652863029353347,0.100478618566219,6096.0,1.15,1.4445632692438664,0.3190863062402592
Kepler-1268 b,Kepler-1268,1.1085626195212777,1.420695787837223,0.0,6.442540166468199,0.2137394712389158,5904.0,1.06,1.6620303625532709,0.4310073507602116
Kepler-1269 b,Kepler-1269,0.9669838461896731,1.6428726885203375,0.0,6.489204931325317,0.211969351839276,5998.0,1.1,1.515127232962859,0.46990023853458773
Kepler-127 b,Kepler-127,0.8754687373538999,1.8066480817218056,0.3852624007906449,6.785587645007929,0.1177830356563834,6106.0,1.248,1.3056264580524355,0.38955423508888243
Kepler-127 c,Kepler-127,1.297463147413275,1.1662709371419244,0.0295588022415444,6.54965074223381,0.1823215567939545,6106.0,1.248,1.3056264580524355,0.34553128383214265
Kepler-127 d,Kepler-127,1.2919836816486494,1.172482137234565,0.0295588022415444,6.3818160174060985,0.2468600779315258,6106.0,1.248,1.3056264580524355,0.3740332053153464
Kepler-1270 b,Kepler-1270,1.463255402256019,0.9745596399981308,0.0,7.377133712833954,0.0680791208105943,5047.0,1.2800000000000002,1.6808279085207734,0.2513412537896089
Kepler-1271 b,Kepler-1271,0.9082585601768908,1.7457155307266483,0.0,7.3031700512368,0.0414585918491711,6143.0,1.13,1.5325568680981427,0.40155121276679806
Kepler-1272 b,Kepler-1272,1.2149127443642704,1.269760544863939,0.0,6.297109319933935,0.2394105237780817,5926.0,1.06,1.5871923034867808,0.41128171989474566
Kepler-1273 b,Kepler-1273,1.249901736214336,1.2267122912954256,0.0,6.352629396319567,0.1703333174818878,5566.0,0.94,1.6992786164338898,0.41201267390109686
Kepler-1274 b,Kepler-1274,0.8837675401685949,1.790091412127358,0.0,7.233455418621439,0.0784506718259527,6179.0,1.45,1.355835153635182,0.4088629462469835
Kepler-1275 b,Kepler-1275,0.9082585601768908,1.7457155307266483,0.0,7.221835825288449,0.047646653467353,6296.0,1.23,1.2556160374777745,0.40139715334337284
Kepler-1276 b,Kepler-1276,0.7839015438284094,1.9315214116032136,0.0,6.787844982309579,0.1031250187956383,6188.0,1.14,1.4085449700547104,0.4574233480257526
Kepler-1277 b,Kepler-1277,0.9555114450274363,1.66392609771817,0.0,6.208590026096629,0.1976780401146446,5578.0,0.94,1.7934247485471162,0.5288376432759913
Kepler-1278 b,Kepler-1278,0.6981347220709844,1.854734268389444,0.0,7.101675971619444,0.0432223114532689,6074.0,1.11,1.4609379041156565,0.41486792899064545
Kepler-1279 b,Kepler-1279,1.01160091167848,1.5686159179138452,0.0,6.6052979209482015,0.1642424433940487,6221.0,1.21,1.3402504226184837,0.43242297949763375
Kepler-128 b,Kepler-128,0.8841806779559215,2.1069152833430635,0.0,6.876264611890766,0.1181829556777104,6072.0,1.184,1.623340817603092,0.4457394055472324
Kepler-128 c,Kepler-128,0.9246556482057828,1.830649198124911,0.0363319292473902,6.738152494595957,0.1528669991187566,6072.0,1.184,1.623340817603092,0.44941562041500327
Kepler-1280 b,Kepler-1280,1.0543120297715298,1.5040773967762742,0.0,6.630683385642372,0.2925352765817491,6227.0,1.2,1.3402504226184837,0.4233536851348814
Kepler-1281 b,Kepler-1281,0.9707789171582248,1.6389967146756448,0.0,7.024649030453636,0.0406619817188896,5353.0,0.87,1.6808279085207734,0.399687415831068
Kepler-1282 b,Kepler-1282,0.9360933591703348,1.6974487897568138,0.0,7.257707677160043,0.0329511001396859,5504.0,0.9200000000000002,1.717395053939193,0.3987482803387305
Kepler-1283 b,Kepler-1283,1.068153081183401,1.4816045409242156,0.0,6.639875833826536,0.1009307185784405,6175.0,1.16,1.355835153635182,0.4035875676610172
Kepler-1284 b,Kepler-1284,0.7929925155296614,1.9401794743463283,0.0,7.440733707389261,0.0141987193998129,5123.0,0.8400000000000001,1.6992786164338898,0.41851615814289916
Kepler-1285 b,Kepler-1285,0.6780335427498971,1.8309801823813363,0.0,6.774223886357614,0.1200737433144274,6170.0,1.2,1.3217558399823195,0.44395557914262623
Kepler-1286 b,Kepler-1286,1.1474024528375415,1.3635373739972745,0.0,6.790097235513905,0.0944916630927176,5753.0,1.0,1.6428726885203375,0.36258815207109335
Kepler-1287 b,Kepler-1287,0.9321640810304452,1.7047480922384253,0.0,6.680854678790215,0.0931259779894837,5715.0,0.96,1.623340817603092,0.455065923979163
Kepler-1288 b,Kepler-1288,0.7514160886839212,1.9035989509835904,0.0,7.609862200913554,0.0405179483028881,6132.0,1.2,1.355835153635182,0.4143704850759519
Kepler-1289 b,Kepler-1289,0.924258901523332,1.717395053939193,0.0,7.01571242048723,0.075571186847074,6080.0,1.1,1.3737155789130306,0.41233025286584024
Kepler-129 b,Kepler-129,1.2237754316221157,2.2082744135228043,0.009950330853168,6.814542897259958,0.1222176327242492,5770.0,1.178,2.005525858729668,0.384912510291902
Kepler-129 c,Kepler-129,1.258460989610006,2.760009940032921,0.1823215567939546,6.26530121273771,0.3293037471426004,5770.0,1.178,2.005525858729668,0.43495865587065224
Kepler-129 d,Kepler-129,2.6100697927420065,2.110213200346589,0.1397619423751586,4.9722409061089445,1.6094379124341005,5770.0,1.178,2.005525858729668,0.34932877845831023
Kepler-1290 b,Kepler-1290,0.8837675401685949,1.790091412127358,0.0,7.002155954403621,0.0542040540135121,5660.0,0.95,1.623340817603092,0.42559182989392585
Kepler-1291 b,Kepler-1291,0.9783261227936076,1.623340817603092,0.0,6.606650186198215,0.0750147038054456,5216.0,0.8400000000000001,1.7749523509116738,0.4534828246622874
Kepler-1292 b,Kepler-1292,1.0367368849500225,1.5303947050936475,0.0,7.086737934510577,0.0433468045033658,5556.0,0.95,1.7369512327330598,0.37238207405883234
Kepler-1293 b,Kepler-1293,0.6780335427498971,1.8309801823813363,0.0,7.076653815443951,0.0654412385655622,6241.0,1.18,1.3402504226184837,0.4098978694762718
Kepler-1294 b,Kepler-1294,1.4327007339340465,1.007957920399979,0.0,5.996452088619021,0.3841733726405422,5776.0,0.99,1.6054298910365616,0.40891733815574116
Kepler-1295 b,Kepler-1295,0.9360933591703348,1.6974487897568138,0.0,6.937314081223682,0.0453557017207972,5486.0,0.9200000000000002,1.7369512327330598,0.4184464720594078
Kepler-1296 b,Kepler-1296,0.6471032420585385,1.80005827204275,0.0,7.1592919047975645,0.0858106564131108,5359.0,0.87,1.6428726885203375,0.40476367908829414
Kepler-1297 b,Kepler-1297,0.6780335427498971,1.8309801823813363,0.0,7.490529402060711,0.0279069532530078,5818.0,0.99,1.6428726885203375,0.40394918772259897
Kepler-1298 b,Kepler-1298,0.8372475245337022,1.8794650496471603,0.0,7.2254814727822945,0.0782564979657674,6339.0,1.45,1.2725655957915476,0.4178869819998907
Kepler-1299 b,Kepler-1299,1.3812818192963463,1.0647107369924282,0.0,6.3784261836515865,0.1272492009154635,5609.0,0.94,1.6808279085207734,0.36368626232990664
Kepler-130 b,Kepler-130,0.7030975114131134,1.854734268389444,0.1397619423751586,6.890609120147166,0.0760346862759976,5884.0,0.927,1.9300710850255671,0.4112067901455602
Kepler-130 c,Kepler-130,1.3609765531356006,1.0885619528146082,0.0,6.52795791762255,0.1638180852293949,5879.0,1.0,1.9300710850255671,0.34703661866653
Kepler-1300 b,Kepler-1300,0.8628899551470399,1.8309801823813363,0.0,6.86171134048073,0.1484631076376222,6130.0,1.29,1.515127232962859,0.4441886248467138
Kepler-1301 b,Kepler-1301,0.8754687373538999,1.8066480817218056,0.0,6.5998704992128365,0.0783489664109764,5188.0,0.8500000000000001,1.7749523509116738,0.4825805206359725
Kepler-1302 b,Kepler-1302,0.8878912573524571,1.7817091333745536,0.0,6.658011045870748,0.076497970972725,5236.0,0.86,1.7369512327330598,0.47345769695894907
Kepler-1303 b,Kepler-1303,0.8837675401685949,1.790091412127358,0.0,6.79346613258001,0.0724136805090453,5771.0,1.01,1.6992786164338898,0.44940089302354996
Kepler-1304 b,Kepler-1304,1.1908875647772803,1.3029127521808397,0.0,6.573680166960646,0.1135072407935948,5259.0,0.8500000000000001,1.7369512327330598,0.3732036088270898
Kepler-1305 b,Kepler-1305,1.0577902941478543,1.4973884086254774,0.0,6.598509028614515,0.1051704976055395,5701.0,0.97,1.6808279085207734,0.423288514830591
Kepler-1306 b,Kepler-1306,1.068153081183401,1.4816045409242156,0.0,6.520621127558696,0.1160036757563061,5727.0,0.98,1.717395053939193,0.4335721241654008
Kepler-1307 b,Kepler-1307,1.244154593958768,1.2325602611778486,0.0,6.645090969505644,0.1283052601529238,5884.0,1.06,1.623340817603092,0.36066099293359904
Kepler-1309 b,Kepler-1309,1.2149127443642704,1.269760544863939,0.0,6.198478716492308,0.1552072643023826,5235.0,0.8500000000000001,1.6620303625532709,0.4508250755046897
Kepler-131 b,Kepler-131,1.2267122912954256,1.9459101490553128,0.0,6.577861357721047,0.1203486305902076,5685.0,1.02,1.5390154481375546,0.4235773273770916
Kepler-1310 b,Kepler-1310,0.8919980393051105,1.776645831418007,0.0,7.541152455136308,0.0144155942343101,5549.0,0.91,1.6428726885203375,0.40714937975745275
Kepler-1311 b,Kepler-1311,0.8064758658669485,1.9416152247724323,0.0,6.927557906278317,0.0960553566365461,5748.0,1.05,2.150598735996164,0.44313073744234927
Kepler-1311 c,Kepler-1311,0.7975071958841881,1.9444805562457188,0.0,7.421775793644647,0.0368428883673172,5748.0,1.05,2.150598735996164,0.4193816621215768
Kepler-1311 d,Kepler-1311,2.366346066607373,0.3450071390710503,0.0,5.971261839790462,0.5213737956785547,5616.0,1.032,2.150598735996164,0.4018155147088919
Kepler-1312 b,Kepler-1312,1.1314021114911006,1.3862943611198906,0.0,6.88653164253051,0.0587687831656268,5719.0,0.99,1.0986122886681096,0.35530490186494446
Kepler-1312 c,Kepler-1312,0.7067183443183067,1.8594181177018696,0.0,7.414572881350589,0.0208119217087422,5721.0,0.983,0.636576829071551,0.38918960611827624
Kepler-1313 b,Kepler-1313,1.015230679729059,1.5644405465033646,0.0,6.920671504248683,0.0451549935068566,5453.0,0.9200000000000002,1.3056264580524355,0.3947772389603752
Kepler-1314 b,Kepler-1314,1.809926773183504,0.664233170395303,0.0,6.439350371100098,0.0491710440064493,4188.0,0.6000000000000001,1.9501867058225737,0.378704196434878
Kepler-1315 b,Kepler-1315,0.8671004876833832,1.8229350866965048,0.0,7.340835554123275,0.0160406579940316,4861.0,0.8,1.4973884086254774,0.4121781155724521
Kepler-1315 c,Kepler-1315,1.0452075843664743,1.5173226235262949,0.0,6.656726524178391,0.0615653556581548,4818.0,0.8090000000000002,0.9631743177730056,0.41262202159549516
Kepler-1316 b,Kepler-1316,1.5129270120532563,0.924258901523332,0.0,6.102558594613569,0.3347922548131182,5884.0,1.04,1.81319474994812,0.3986704556917822
Kepler-1317 b,Kepler-1317,0.9400072584914712,1.6882490928583902,0.0,7.493873886783559,0.0127187724077746,5144.0,0.83,1.7561322915849038,0.3925659439987579
Kepler-1318 b,Kepler-1318,1.4134230285081433,1.0296194171811583,0.0,5.313205979041787,0.475302067696944,4598.0,0.73,1.717395053939193,0.7743757507877582
Kepler-1319 b,Kepler-1319,0.8501509293696101,1.854734268389444,0.2851789422336624,6.324358962381311,0.0291703772997798,3655.0,0.56,1.851599469584072,0.45814574379713224
Kepler-132 b,Kepler-132,0.7929925155296614,1.9401794743463283,0.0,6.987490247000991,0.0648509723196163,6003.0,0.929,1.6808279085207734,0.4349965352769686
Kepler-132 c,Kepler-132,0.8241754429663495,1.9035989509835904,0.0,6.975413927455952,0.0657877405380031,6003.0,0.929,1.6808279085207734,0.43687425396072377
Kepler-132 d,Kepler-132,0.9360933591703348,1.6974487897568138,0.0,6.6320017773956295,0.1275133202989596,6003.0,0.929,1.6808279085207734,0.45849830818980464
Kepler-132 e,Kepler-132,0.7793248768009976,1.9300710850255671,0.0,6.028278520230698,0.3641360406036864,6023.0,1.03,1.6808279085207734,0.5877811321650531
Kepler-1320 b,Kepler-1320,0.9932517730102834,1.599387576580599,0.0,7.237059026124737,0.0161685811615837,4817.0,0.8,1.425515074273172,0.3767440507009252
Kepler-1321 b,Kepler-1321,1.7783364488959144,0.6891391591624065,0.0,6.013715156042802,0.0752002325629351,4094.0,0.54,1.6428726885203375,0.36096531355181033
Kepler-1321 c,Kepler-1321,1.2237754316221157,1.258460989610006,0.0,6.548219102762372,0.026349775322782,4094.0,0.54,1.6428726885203375,0.35377599606283877
Kepler-1321 d,Kepler-1321,1.2888022030314157,1.175573329804238,0.0,6.234410725718371,0.0488853977298106,3640.0,0.513,1.9823798288367047,0.3707246562159576
Kepler-1322 b,Kepler-1322,0.959350221334602,1.6563214983329508,0.0,7.418780882750794,0.0181345701954826,5488.0,0.9,1.6992786164338898,0.38808294018965545
Kepler-1322 c,Kepler-1322,1.1489648095002924,1.3609765531356006,0.0,6.784457062637643,0.0631625749576401,5704.0,0.8969999999999999,0.3364722366212129,0.32955264499661774
Kepler-1323 b,Kepler-1323,0.924258901523332,1.717395053939193,0.0,7.73718007783463,0.018929697384095,6169.0,1.18,1.515127232962859,0.393948111695006
Kepler-1324 b,Kepler-1324,0.9202827531436926,1.724550719534605,0.0,6.79794041297493,0.0455468149559703,4776.0,0.78,1.355835153635182,0.4381870776782554
Kepler-1325 b,Kepler-1325,1.3506671834767394,1.1019400787607845,0.0,6.336825731146441,0.182654834584075,5550.0,0.9300000000000002,1.7561322915849038,0.38569620900652546
Kepler-1326 b,Kepler-1326,1.6448050562713916,0.8020015854720274,0.0,6.844815479208263,0.2423970082360964,6725.0,1.45,0.9932517730102834,0.26880314558797563
Kepler-1327 b,Kepler-1327,1.0296194171811583,1.541159071680806,0.0,6.723832440821209,0.1057194512327449,5885.0,1.02,1.623340817603092,0.41637849711498853
Kepler-1328 b,Kepler-1328,0.6830968447064438,1.837369980480108,0.0,7.102499355774649,0.0506931143155181,5780.0,1.0,1.717395053939193,0.4143019699817783
Kepler-1329 b,Kepler-1329,1.1537315878891892,1.355835153635182,0.0,6.359573868672378,0.0720415528649705,4500.0,0.7199999999999999,1.890095369948917,0.4203062671743313
Kepler-133 b,Kepler-133,1.015230679729059,1.5644405465033646,0.0,6.948897222313312,0.0797349680188535,5736.0,1.02,1.9501867058225737,0.39000153943237165
Kepler-133 c,Kepler-133,1.3454723665996355,1.1085626195212777,0.0,6.498282149476434,0.1856493468866293,5736.0,1.02,1.9501867058225737,0.35132587485353434
Kepler-1330 b,Kepler-1330,0.9745596399981308,1.631199404215613,0.0,6.779921907472252,0.0851680123698782,5608.0,0.97,1.7749523509116738,0.42321103161050366
Kepler-1331 b,Kepler-1331,0.7178397931503169,1.873339456220478,0.0,7.126890808898808,0.0141001243787816,4508.0,0.7199999999999999,1.6428726885203375,0.4139173406584472
Kepler-1332 b,Kepler-1332,0.8628899551470399,1.8309801823813363,0.0,6.591673732008658,0.0945371538239889,5581.0,0.95,1.4445632692438664,0.48705429423895913
Kepler-1333 b,Kepler-1333,1.3376291891386096,1.118414915964289,0.0,6.061456918928017,0.3633923316862566,5628.0,0.94,1.717395053939193,0.48880026313090097
Kepler-1334 b,Kepler-1334,1.1908875647772803,1.3029127521808397,0.0,6.566672429803241,0.1159146245963559,5614.0,0.94,1.6620303625532709,0.3815135998334336
Kepler-1335 b,Kepler-1335,0.8960880245566356,1.769854633840005,0.0,6.697034247666484,0.0596830021611737,4903.0,0.77,1.7749523509116738,0.46141459851291755
Kepler-1336 b,Kepler-1336,1.091923300517313,1.4445632692438664,0.0,6.677083461247136,0.1470829047012455,5512.0,0.94,2.5877640352277083,0.3712657647646844
Kepler-1336 c,Kepler-1336,0.9969486348916096,1.5933085305042167,0.0,7.139660335964919,0.0608316592062447,5512.0,0.94,2.5877640352277083,0.35393470229944224
Kepler-1337 b,Kepler-1337,1.2267122912954256,1.2556160374777745,0.0,6.082218910376446,0.1346183017247611,4523.0,0.7,1.6620303625532709,0.4484780351749821
Kepler-1338 b,Kepler-1338,0.6523251860396903,1.8066480817218056,0.0,7.661527081358517,0.0191847894148335,5909.0,1.04,1.5686159179138452,0.3969167860256232
Kepler-1339 b,Kepler-1339,0.5364933705145685,1.682688374173693,0.0,7.404279118037268,0.023286746775189,5586.0,0.94,1.890095369948917,0.36992162539694406
Kepler-134 b,Kepler-134,1.0986122886681096,1.4350845252893227,0.0,7.00850518208228,0.0582689081239757,5983.0,0.9559999999999998,1.515127232962859,0.3533847549416894
Kepler-134 c,Kepler-134,0.8153648132841945,1.9242486522741336,0.0,6.794586580876499,0.0880108773227133,5983.0,0.9559999999999998,1.515127232962859,0.45978499220246016
Kepler-1340 b,Kepler-1340,0.9360933591703348,1.6974487897568138,0.0,7.684783943522785,0.0151151878088469,6331.0,1.27,1.2237754316221157,0.38870408891830044
Kepler-1341 b,Kepler-1341,1.383791230901772,1.0647107369924282,0.0,5.488937726156687,0.3870770797948865,4662.0,0.79,1.0367368849500225,0.7687487896964308
Kepler-1342 b,Kepler-1342,0.9783261227936076,1.623340817603092,0.0,7.157735484249907,0.0308201423398862,5527.0,0.9300000000000002,1.6808279085207734,0.3883177131471661
Kepler-1343 b,Kepler-1343,1.075002423028976,1.4701758451005928,0.0,7.166265974133638,0.0439211870579281,5759.0,0.95,1.6054298910365616,0.3528220471070168
Kepler-1344 b,Kepler-1344,1.043804052173115,1.5173226235262949,0.0,7.106606137727303,0.0535502455560932,5981.0,1.09,1.5325568680981427,0.36637794879577923
Kepler-1345 b,Kepler-1345,1.2119409739751128,1.275362800412609,0.0,6.542471960506805,0.2343762279273223,6449.0,1.32,1.175573329804238,0.3707188567087044
Kepler-1346 b,Kepler-1346,0.947789398933526,1.6770965609079151,0.0,7.120444372392488,0.0430594894604469,6133.0,1.14,1.4085449700547104,0.39648371294185747
Kepler-1347 b,Kepler-1347,0.708035793053696,1.860974538249528,0.0,6.42648845745769,0.0989399478549035,5193.0,0.8200000000000001,1.890095369948917,0.5101592898450098
Kepler-1348 b,Kepler-1348,1.0784095813505905,1.4655675420143983,0.0,6.456769655572163,0.1683916512604566,5911.0,1.04,1.551808799597464,0.4383593663445667
Kepler-1349 b,Kepler-1349,0.5306282510621704,1.6752256529721037,0.0,7.419979923661835,0.0336378502428478,6086.0,1.16,1.355835153635182,0.3657793263149779
Kepler-135 b,Kepler-135,1.0331844833456545,1.534714366238164,0.0,7.098375638590786,0.0648509723196163,6090.0,1.0469999999999997,1.2864740258376797,0.3690747250428442
Kepler-135 c,Kepler-135,0.7701082216960736,1.918392120161421,0.0,6.883462586413092,0.0980337402713654,6090.0,1.0469999999999997,1.2864740258376797,0.44394994905488416
Kepler-1350 b,Kepler-1350,1.258460989610006,1.2149127443642704,0.0,6.284134161070802,0.0404699325537132,3827.0,0.55,1.717395053939193,0.3835657262649776
Kepler-1350 c,Kepler-1350,1.0043016091968684,1.5810384379124025,0.0,6.594413459749778,0.0219571673520421,3827.0,0.55,1.717395053939193,0.42420614543237606
Kepler-1351 b,Kepler-1351,0.5007752879124893,1.6409365794934714,0.0,7.10085190894405,0.0154795708483863,4439.0,0.7,1.6428726885203375,0.36160958234513063
Kepler-1352 b,Kepler-1352,0.636576829071551,1.790091412127358,0.0,7.43955930913332,0.0284222342626931,6118.0,1.11,1.425515074273172,0.3920199369269792
Kepler-1353 b,Kepler-1353,1.0296194171811583,1.541159071680806,0.0,6.198478716492308,0.1423672412869219,4776.0,0.76,1.7369512327330598,0.5078284244024379
Kepler-1354 b,Kepler-1354,1.3787660946990992,1.068153081183401,0.0,6.1463292576688975,0.3016589393825752,6168.0,1.16,1.3737155789130306,0.396189938653153
Kepler-1355 b,Kepler-1355,0.9001613499442714,1.7613002617433464,0.0,7.278628942320682,0.0221528046411333,5352.0,0.8800000000000001,1.6620303625532709,0.407507141886912
Kepler-1356 b,Kepler-1356,0.9282193027394288,1.7119945007591926,0.0,7.44716835960004,0.0135083500247922,5106.0,0.8200000000000001,1.7749523509116738,0.39646484731246
Kepler-1357 b,Kepler-1357,0.8241754429663495,1.9035989509835904,0.0,7.071573364211532,0.0401817896328318,5597.0,0.9300000000000002,1.717395053939193,0.4315039714984984
Kepler-1358 b,Kepler-1358,0.7514160886839212,1.9035989509835904,0.0,6.71901315438526,0.0635380208039876,5181.0,0.8200000000000001,1.81319474994812,0.46991452124069993
Kepler-1359 b,Kepler-1359,1.3428648031925547,1.1118575154181305,0.0,5.91350300563827,0.2363124593625586,4709.0,0.78,1.205970806988609,0.5116595408079814
Kepler-136 b,Kepler-136,1.11514159061932,2.6100697927420065,0.0,6.858565034791365,0.100749903100143,6165.0,1.204,1.3217558399823195,0.40430931822849914
Kepler-136 c,Kepler-136,1.095273387402595,1.4398351280479205,0.0,6.742880635791903,0.1248689820458692,6165.0,1.204,1.3217558399823195,0.38392060063310696
Kepler-1360 b,Kepler-1360,1.4816045409242156,0.959350221334602,0.0,6.839476438228843,0.2520030799947629,6778.0,1.5100000000000002,0.9360933591703348,0.2670865870748739
Kepler-1361 b,Kepler-1361,0.6205764877251099,1.7732559976634952,0.0,6.967909201801884,0.0421395261940921,5131.0,0.83,1.7749523509116738,0.41123258587915645
Kepler-1362 b,Kepler-1362,1.2809338454620645,1.184789984909162,0.0,5.517452896464707,0.3802156738547138,4857.0,0.8,1.4085449700547104,0.7757923137083739
Kepler-1363 b,Kepler-1363,0.8109302162163288,1.9329696377795784,0.0,6.8966943316227125,0.0356566772080346,4839.0,0.76,1.6428726885203375,0.4449271263974201
Kepler-1364 b,Kepler-1364,1.1474024528375415,1.3635373739972745,0.0,7.170119543449628,0.1208007001457041,6805.0,1.49,0.947789398933526,0.3069629503267367
Kepler-1365 b,Kepler-1365,0.6523251860396903,1.8066480817218056,0.0,6.877296071497429,0.0754691881358784,5770.0,1.0,1.9501867058225737,0.4262593473724635
Kepler-1365 c,Kepler-1365,0.5877866649021191,1.7387102481382395,0.0,7.037027614686276,0.0554441675812856,5770.0,1.0,1.9501867058225737,0.39450141103124137
Kepler-1366 b,Kepler-1366,0.8878912573524571,1.7817091333745536,0.0,6.664409020350408,0.0269340012400809,4070.0,0.62,1.6054298910365616,0.45245415360915764
Kepler-1367 b,Kepler-1367,0.6523251860396903,1.8066480817218056,0.0,6.906754778648554,0.0233258253034966,4106.0,0.62,1.5871923034867808,0.41165240849178475
Kepler-1368 b,Kepler-1368,0.9745596399981308,1.631199404215613,0.0,7.643003635560718,0.0151841353250399,5906.0,1.07,1.4973884086254774,0.3810910683437996
Kepler-1369 b,Kepler-1369,1.3056264580524355,1.1537315878891892,0.0,6.504288173536645,0.1605018966540291,5761.0,0.99,1.623340817603092,0.36485547000864627
Kepler-137 b,Kepler-137,0.904218150639886,1.752672080520008,0.0,6.610696044717759,0.0741793981742515,5187.0,0.8500000000000001,1.6620303625532709,0.47173730074756026
Kepler-137 c,Kepler-137,1.0577902941478543,1.4973884086254774,0.0,6.343880434126331,0.1222176327242492,5187.0,0.8500000000000001,1.6620303625532709,0.46459311081324595
Kepler-1370 b,Kepler-1370,1.043804052173115,1.5173226235262949,0.0,6.647688373563329,0.1463748116869609,6202.0,1.19,1.355835153635182,0.41691321935113074
Kepler-1370 c,Kepler-1370,0.8197798314933114,1.912501086924184,0.0,6.98100574072173,0.0777385166015146,6202.0,1.19,1.355835153635182,0.4338257141975093
Kepler-1371 b,Kepler-1371,0.5481214085096876,1.695615608675153,0.0,6.923628628138427,0.0412762913118392,5361.0,0.87,1.6808279085207734,0.39623203477009455
Kepler-1371 c,Kepler-1371,0.494696241836107,1.631199404215613,0.0,7.104144092987527,0.0289469646216381,5361.0,0.87,1.6808279085207734,0.36724300219772804
Kepler-1372 b,Kepler-1372,0.8197798314933114,1.912501086924184,0.0,7.412160334945205,0.023716526617316,5677.0,0.98,1.7934247485471162,0.42040988523477296
Kepler-1373 b,Kepler-1373,0.7701082216960736,1.918392120161421,0.0,7.543273346705446,0.0256482533811954,6299.0,1.22,1.2556160374777745,0.4121171838433585
Kepler-1374 b,Kepler-1374,1.1908875647772803,1.3029127521808397,0.0,6.6039438246004725,0.0878277103655201,5323.0,0.8500000000000001,1.6992786164338898,0.3791308910457557
Kepler-1375 b,Kepler-1375,1.007957920399979,1.5769147207285403,0.0,7.342131730584722,0.0460244383112793,6704.0,1.4700000000000002,0.9783261227936076,0.35467290910694327
Kepler-1376 b,Kepler-1376,0.7178397931503169,1.873339456220478,0.0,6.949856455000773,0.0580802110765246,5659.0,0.98,1.7369512327330598,0.43616280808626534
Kepler-1377 b,Kepler-1377,0.8109302162163288,1.9329696377795784,0.0,7.535830462798367,0.0151841353250399,5218.0,0.86,1.7934247485471162,0.41938575901938435
Kepler-1378 b,Kepler-1378,1.1631508098056809,1.3428648031925547,0.0,6.26530121273771,0.084800601692465,4407.0,0.7,2.009555414215669,0.4363780278558529
Kepler-1379 b,Kepler-1379,0.832909122935104,1.88706964903238,0.0,7.355641102974253,0.0169554406494134,5188.0,0.83,1.7934247485471162,0.42056326323411514
Kepler-138 c,Kepler-138,0.9202827531436926,1.5260563034950494,0.0168571170664229,6.018593214496234,0.087369646136907,3841.0,0.535,1.1662709371419244,0.53616442743178
Kepler-138 d,Kepler-138,0.9202827531436926,1.5260563034950494,0.009950330853168,5.846438775057724,0.1211551215564672,3841.0,0.535,1.1662709371419244,0.6014968789779145
Kepler-138 e,Kepler-138,0.586118607801422,1.7351891177396608,0.1061601958283906,5.680172609017068,0.1657686434528862,3841.0,0.535,1.1662709371419244,0.7573771322133174
Kepler-1380 b,Kepler-1380,0.8878912573524571,1.7817091333745536,0.0,6.668228248417403,0.0877361143040867,5570.0,0.96,1.7561322915849038,0.4630182235750481
Kepler-1381 b,Kepler-1381,1.1786549963416462,1.3190856114264409,0.0,6.476972362889683,0.1593940521502499,5747.0,0.96,1.623340817603092,0.40791507207544064
Kepler-1382 b,Kepler-1382,1.0577902941478543,1.4973884086254774,0.0,6.866933284461882,0.1312299964426899,6161.0,1.36,1.3217558399823195,0.3821218022753761
Kepler-1383 b,Kepler-1383,0.8796267475025636,1.7984040119467235,0.0,6.834108738813838,0.1079302111604271,6370.0,1.26,1.175573329804238,0.4383467846359453
Kepler-1384 b,Kepler-1384,1.0784095813505905,1.4655675420143983,0.0,6.411818267709897,0.1066996186590557,4919.0,0.78,1.717395053939193,0.45192718148548733
Kepler-1385 b,Kepler-1385,0.6151856390902335,1.7681496035889213,0.0,7.261225091971921,0.0417367759800809,5732.0,1.15,1.6808279085207734,0.3914808097915067
Kepler-1386 b,Kepler-1386,0.8064758658669485,1.9416152247724323,0.0,6.919683849847411,0.0657877405380031,5733.0,1.02,1.7934247485471162,0.44488551826896017
Kepler-1387 b,Kepler-1387,0.6575200029167942,1.8115620965242347,0.0,7.024649030453636,0.0305292050348228,5046.0,0.8200000000000001,1.6808279085207734,0.4138859738011348
Kepler-1388 b,Kepler-1388,1.2781522025001877,1.1878434223960523,0.0,6.075346031088684,0.0845249550696879,4098.0,0.63,1.6992786164338898,0.42280048020151195
Kepler-1388 c,Kepler-1388,1.181727195378616,1.316408233655724,0.0,6.340359303727752,0.0505980527630913,4098.0,0.63,1.6992786164338898,0.4068794829197938
Kepler-1388 d,Kepler-1388,1.3506671834767394,1.1019400787607845,0.0,5.8971538676367405,0.1186715297174986,4098.0,0.63,1.6992786164338898,0.4498346123351523
Kepler-1388 e,Kepler-1388,1.2412685890696329,1.235471471385307,0.0,5.703782474656201,0.170670614053093,4098.0,0.63,1.6992786164338898,0.6420572587267426
Kepler-1389 b,Kepler-1389,1.0188473201992472,1.55814461804655,0.0,5.707110264748875,0.3238862211151365,5078.0,0.81,1.128171090909654,0.7475684015913646
Kepler-139 b,Kepler-139,1.3711807233098423,1.1535542851057337,0.0,6.6240652277998935,0.1195592350576392,5594.0,1.078,1.8082887711792648,0.33495345040059554
Kepler-139 c,Kepler-139,1.4770487243883548,2.272401826815476,0.0,5.860786223465865,0.4612151232126562,5594.0,1.078,1.8082887711792648,0.5633638778603409
Kepler-139 d,Kepler-139,0.9913982043609604,1.8358508335299004,0.0,6.880384082186005,0.0728353161919862,5622.0,1.078,1.8082887711792648,0.4313879432487789
Kepler-139 e,Kepler-139,2.6878474937846906,0.5922212619699848,0.0130356653198736,5.168037823781117,1.4435713600116873,5622.0,1.078,1.8082887711792648,0.348984476189295
Kepler-139 f,Kepler-139,2.0373166153791646,0.5110256037686569,0.038250049904405,6.198072129782092,0.0971267107307227,5630.0,1.078,1.3402504226184837,0.3283413423503565
Kepler-1390 b,Kepler-1390,0.7793248768009976,1.9300710850255671,0.0,6.840546529288687,0.0641009254065236,5753.0,0.98,1.6992786164338898,0.45309572472982224
Kepler-1391 b,Kepler-1391,0.9858167945227652,1.6114359150967734,0.0,6.2422232654551655,0.2627103584162243,5840.0,1.03,1.871802176901592,0.49895534348571474
Kepler-1392 b,Kepler-1392,1.085189268335969,1.4539530095937054,0.0,6.572282542694008,0.1123460598315384,5479.0,0.8800000000000001,1.7369512327330598,0.42390294984992094
Kepler-1393 b,Kepler-1393,0.5877866649021191,1.7387102481382395,0.0,7.1308988302963465,0.033144598592302,5697.0,0.95,1.4973884086254774,0.38888959323891503
Kepler-1394 b,Kepler-1394,0.8712933659434192,1.8148247421590515,0.0,7.57455848420248,0.0532942910577175,6481.0,1.6399999999999997,1.068153081183401,0.40188923210351496
Kepler-1395 b,Kepler-1395,0.5877866649021191,1.7387102481382395,0.0,7.179307969504034,0.0485425144591547,6138.0,1.17,1.355835153635182,0.38463738290170346
Kepler-1396 b,Kepler-1396,1.1216775615991057,1.4011829736136412,0.0,6.668228248417403,0.1315544397403014,6195.0,1.18,1.3217558399823195,0.387637854729896
Kepler-1397 b,Kepler-1397,1.000631880307906,1.589235205116581,0.0,6.313548046277095,0.2300079374152198,6026.0,1.09,1.515127232962859,0.4792500756066981
Kepler-1398 b,Kepler-1398,0.6418538861723948,1.7950872593207297,0.0,7.32052696227274,0.0383453301173273,6126.0,1.13,1.4085449700547104,0.39445463854026186
Kepler-1398 c,Kepler-1398,0.708035793053696,1.860974538249528,0.0,7.1891677384203225,0.0496183925221927,6126.0,1.13,1.4085449700547104,0.41316023185877415
Kepler-1399 b,Kepler-1399,0.8109302162163288,1.9329696377795784,0.0,7.384610383176974,0.0272259862535914,5735.0,0.97,1.6808279085207734,0.4204970977091611
Kepler-14 b,Kepler-14,2.6198016955481447,2.091864061678393,0.0344014267173324,7.381501894506707,0.0742722443745874,6395.0,1.512,1.1631508098056809,0.20817062646864118
Kepler-140 b,Kepler-140,0.959350221334602,1.6563214983329508,0.0,7.171656822768514,0.0440168854167743,6077.0,1.044,0.6312717768418579,0.3678831720501869
Kepler-140 c,Kepler-140,1.0296194171811583,1.541159071680806,0.0,6.061456918928017,0.346422567474381,6077.0,1.044,0.6312717768418579,0.4957355225740233
Kepler-1400 b,Kepler-1400,0.9631743177730056,1.6505798557652755,0.0,6.587550014824796,0.0742722443745874,5044.0,0.83,1.717395053939193,0.46218187217551193
Kepler-1401 b,Kepler-1401,0.9858167945227652,1.6114359150967734,0.0,6.695798917058491,0.0930348659671893,5964.0,1.07,1.515127232962859,0.43175731695436087
Kepler-1402 b,Kepler-1402,0.5653138090500605,1.7119945007591926,0.0,7.489970898834801,0.0316924467324897,5416.0,0.9,1.717395053939193,0.3767847634978762
Kepler-1403 b,Kepler-1403,1.144222799920162,1.3686394258811698,0.0,7.122059881629142,0.0620353909194526,6060.0,1.11,1.4609379041156565,0.3274528596612811
Kepler-1404 b,Kepler-1404,1.1019400787607845,1.430311246536665,0.0,6.391917113392602,0.1082264050708711,5261.0,0.8400000000000001,1.717395053939193,0.4423639171750917
Kepler-1405 b,Kepler-1405,1.601405740736836,0.8415671856782186,0.0,6.338594078203183,0.1636482915283333,5925.0,1.05,1.5325568680981427,0.35320998907020656
Kepler-1406 b,Kepler-1406,0.7419373447293773,1.8961194845522973,0.0,6.75110146893676,0.0941276627246982,5892.0,1.05,1.7934247485471162,0.46203953529230024
Kepler-1407 b,Kepler-1407,1.1786549963416462,1.3190856114264409,0.0,6.717804695023691,0.1399358402975167,6010.0,1.1,1.4445632692438664,0.3620402377624151
Kepler-1408 b,Kepler-1408,0.636576829071551,1.790091412127358,0.0,7.388327859577107,0.0413146731342128,6170.0,1.21,1.2725655957915476,0.3917107558778175
Kepler-1409 b,Kepler-1409,0.712949807856125,1.867176108512809,0.0,7.458186157340487,0.015410643699432,5160.0,0.83,1.7561322915849038,0.4123790066873966
Kepler-141 b,Kepler-141,0.5247285289349821,1.667706820558076,0.0,6.876264611890766,0.0382587121170903,4910.0,0.878,2.594508159703081,0.3642838348940568
Kepler-141 c,Kepler-141,0.8796267475025636,1.7984040119467235,0.0,6.6052979209482015,0.0648509723196163,4910.0,0.878,2.594508159703081,0.4481703013890206
Kepler-1410 b,Kepler-1410,1.0224509277025458,1.551808799597464,0.0,5.673323267171493,0.2265776480484919,4092.0,0.63,1.623340817603092,0.8447439297193713
Kepler-1411 b,Kepler-1411,1.3402504226184837,1.11514159061932,0.0,6.091309882077698,0.3365436626417425,5664.0,0.95,1.6428726885203375,0.43849598083275165
Kepler-1412 b,Kepler-1412,0.6043159668533296,1.7561322915849038,0.0,7.242797922793756,0.0450498445537087,5880.0,1.06,1.9892432737616872,0.38866409771981747
Kepler-1413 b,Kepler-1413,1.0367368849500225,1.5303947050936475,0.0,6.495265555937008,0.1012922514818723,5196.0,0.8400000000000001,1.7369512327330598,0.45273376771098367
Kepler-1414 b,Kepler-1414,0.8020015854720274,1.94876321803772,0.0,6.941190055068375,0.0417175933518685,4951.0,0.8,1.7369512327330598,0.4411150515433967
Kepler-1415 b,Kepler-1415,0.8285518175661483,1.8961194845522973,0.0,7.52131798019924,0.0140606836483341,5267.0,0.89,1.6428726885203375,0.4197270366857928
Kepler-1416 b,Kepler-1416,0.6312717768418579,1.7850704810772584,0.0,7.534228326274089,0.0253753063312282,6019.0,1.09,1.3737155789130306,0.39130355211340984
Kepler-1417 b,Kepler-1417,0.6931471805599453,1.8468787684491343,0.0,6.54534966033442,0.1315719742174676,5839.0,1.02,1.623340817603092,0.48257938308664344
Kepler-1418 b,Kepler-1418,0.9783261227936076,1.623340817603092,0.0,6.040254711277414,0.1231021971339834,4770.0,0.77,1.5325568680981427,0.5259837674035684
Kepler-1419 b,Kepler-1419,1.3506671834767394,1.1019400787607845,0.0,6.236369590203704,0.21438530964031,5796.0,1.01,1.6808279085207734,0.3930406085750894
Kepler-142 b,Kepler-142,1.095273387402595,1.4398351280479205,0.0,7.37650812632622,0.0314986670593709,5790.0,0.978,2.150598735996164,0.3405955825170957
Kepler-142 c,Kepler-142,1.3506671834767394,1.1019400787607845,0.0,7.091742115095153,0.0554347068881005,5790.0,0.978,2.150598735996164,0.2747563737508009
Kepler-142 d,Kepler-142,1.1505720275988207,1.3609765531356006,0.0,6.368187186350492,0.216722983511287,5790.0,0.978,2.150598735996164,0.43301117972673353
Kepler-1420 b,Kepler-1420,0.8241754429663495,1.9035989509835904,0.0,6.693323668269949,0.0649446886403821,5187.0,0.8200000000000001,1.7749523509116738,0.4745033983299334
Kepler-1421 b,Kepler-1421,0.6575200029167942,1.8115620965242347,0.0,7.098375638590786,0.0730273885334774,6335.0,1.25,1.3217558399823195,0.4032530709870942
Kepler-1422 b,Kepler-1422,1.1052568313867783,1.425515074273172,0.0,6.726233402358747,0.139674982072482,6194.0,1.15,1.3912819026309298,0.3834374394609301
Kepler-1423 b,Kepler-1423,0.7227059828014898,1.8779371654691075,0.0,6.60934924316738,0.1472123796803867,4939.0,0.79,1.7369512327330598,0.5098459910809019
Kepler-1424 b,Kepler-1424,0.7701082216960736,1.918392120161421,0.0,6.4457198193855785,0.1745245724917301,5838.0,1.02,1.8325814637483104,0.5111698321722499
Kepler-1425 b,Kepler-1425,0.6626879730752367,1.8164520818184269,0.0,6.517671272912275,0.1082712752837878,5718.0,0.97,1.623340817603092,0.4778140082158044
Kepler-1426 b,Kepler-1426,0.9400072584914712,1.6882490928583902,0.0,6.682108597449809,0.1121672968707477,5831.0,1.02,1.623340817603092,0.45243737016697405
Kepler-1427 b,Kepler-1427,0.7419373447293773,1.8961194845522973,0.0,7.520234556474628,0.0195084663880429,5793.0,1.01,1.623340817603092,0.41541035130933945
Kepler-1428 b,Kepler-1428,0.9707789171582248,1.6389967146756448,0.0,6.956545443151569,0.1048193692645247,6184.0,1.2800000000000002,1.1118575154181305,0.39943967464563623
Kepler-1429 b,Kepler-1429,0.8285518175661483,1.8961194845522973,0.0,7.090076835776092,0.0535407669280298,5902.0,1.05,1.6428726885203375,0.4289972777107854
Kepler-143 b,Kepler-143,1.2267122912954256,1.2556160374777745,0.0,6.732210706467206,0.1195592350576392,5848.0,0.982,2.3350522831315472,0.33461797865882636
Kepler-143 c,Kepler-143,1.4747630091074988,0.9631743177730056,0.0,6.556778356158042,0.1663615372152252,5848.0,0.982,2.3350522831315472,0.31952587667191434
Kepler-1430 b,Kepler-1430,0.7793248768009976,1.9300710850255671,0.0,6.877296071497429,0.0299470763679521,4796.0,0.77,1.128171090909654,0.44568151302671266
Kepler-1431 b,Kepler-1431,0.904218150639886,1.752672080520008,0.0,6.970730078143525,0.0627869880987648,5806.0,1.03,1.6620303625532709,0.4219103285116164
Kepler-1432 b,Kepler-1432,1.169381359556317,1.332366019094335,0.0,6.565264970035361,0.156661810013377,6031.0,1.09,1.4973884086254774,0.3845707729418974
Kepler-1433 b,Kepler-1433,0.9400072584914712,1.6882490928583902,0.0,7.112327444710911,0.050312813873589,6097.0,1.14,1.3912819026309298,0.39880737293218926
Kepler-1434 b,Kepler-1434,0.7466879474879752,1.8976198599275325,0.0,7.186144304522325,0.0877361143040867,6291.0,1.4700000000000002,1.2725655957915476,0.4162580284192394
Kepler-1435 b,Kepler-1435,0.6205764877251099,1.7732559976634952,0.0,7.194436851100335,0.0531236183222727,6356.0,1.21,1.289232648276759,0.3894204353741654
Kepler-1436 b,Kepler-1436,0.8372475245337022,1.8794650496471603,0.0,6.90975328164481,0.0868196919525601,5972.0,1.06,1.5686159179138452,0.4416701609733289
Kepler-1437 b,Kepler-1437,0.8628899551470399,1.8309801823813363,0.0,6.647688373563329,0.0908456832995764,5557.0,0.9300000000000002,1.717395053939193,0.4737921508470723
Kepler-1438 b,Kepler-1438,0.6626879730752367,1.8164520818184269,0.0,7.307202314764738,0.0340148785872776,5530.0,0.97,1.851599469584072,0.40322531130478645
Kepler-1439 b,Kepler-1439,0.9001613499442714,1.7613002617433464,0.0,6.042632833682381,0.0577027101282892,3578.0,0.4600000000000001,1.623340817603092,0.5497027180097274
Kepler-144 b,Kepler-144,0.8458682675776092,1.8625285401162623,0.0,7.134093721192866,0.0639133257436528,6075.0,1.154,0.6626879730752367,0.4029427910141538
Kepler-144 c,Kepler-144,0.8544153281560676,1.8468787684491343,0.0,6.953684210870537,0.0898407039997894,6075.0,1.154,0.6626879730752367,0.41516279616062657
Kepler-1440 b,Kepler-1440,0.8153648132841945,1.9242486522741336,0.0,6.393590753950631,0.2105121094930083,5698.0,0.98,1.6992786164338898,0.5213126159792034
Kepler-1441 b,Kepler-1441,0.8372475245337022,1.8794650496471603,0.0,6.52649485957079,0.2107470309776584,5802.0,1.0,1.5871923034867808,0.5063418028250298
Kepler-1442 b,Kepler-1442,1.5953389880545987,0.8458682675776092,0.0,6.259581464064923,0.3422696846110169,6394.0,1.34,0.9932517730102834,0.35293534763930023
Kepler-1443 b,Kepler-1443,0.6780335427498971,1.8309801823813363,0.0,7.379632152609552,0.0371319948376062,6289.0,1.19,1.289232648276759,0.4000081684333015
Kepler-1444 b,Kepler-1444,1.1568811967920856,1.3506671834767394,0.0,6.366470447731438,0.1898431981928008,5810.0,1.03,1.7561322915849038,0.4290793653357442
Kepler-1445 b,Kepler-1445,0.6729444732424258,1.827769906751088,0.0,6.895682697747868,0.091548568352043,6150.0,1.13,1.5686159179138452,0.4279714281331782
Kepler-1446 b,Kepler-1446,0.598836501088704,1.749199854809259,0.0,7.339537695407674,0.0139522136180041,4865.0,0.81,1.289232648276759,0.38361295325816197
Kepler-1447 b,Kepler-1447,1.3609765531356006,1.0885619528146082,0.0,6.259581464064923,0.2496686302535647,5722.0,0.97,1.6428726885203375,0.4030822683314302
Kepler-1448 b,Kepler-1448,0.959350221334602,1.6563214983329508,0.0,6.699500340161678,0.1005690549216954,5774.0,0.95,1.515127232962859,0.4447148108796695
Kepler-1449 b,Kepler-1449,0.9858167945227652,1.6114359150967734,0.0,6.766191714660351,0.111183528960615,5979.0,1.08,1.4973884086254774,0.420452231378308
Kepler-145 b,Kepler-145,1.2947271675944,2.639057329615259,0.3576744442718159,6.773080375655535,0.1596327685392636,6022.0,1.32,1.4445632692438664,0.3193676903923236
Kepler-145 c,Kepler-145,1.6714733033535532,1.275362800412609,0.1043600153242427,6.565264970035361,0.2330463562855657,6022.0,1.32,1.4445632692438664,0.3199861988429118
Kepler-1450 b,Kepler-1450,0.9969486348916096,1.5933085305042167,0.0,5.733341276897746,0.2151920215265896,4524.0,0.71,1.6808279085207734,0.6892276622349683
Kepler-1451 b,Kepler-1451,1.4701758451005928,0.9707789171582246,0.0,6.261491684321042,0.1907030008218697,5782.0,1.0,1.6428726885203375,0.37964238887288115
Kepler-1452 b,Kepler-1452,1.308332819650179,1.1505720275988207,0.0,6.698268054115413,0.2292369488027614,6101.0,1.41,1.4445632692438664,0.32730309535556196
Kepler-1453 b,Kepler-1453,1.3001916620664788,1.1631508098056809,0.0,6.222576268071369,0.2326977641190214,5665.0,0.97,1.6620303625532709,0.4200787318463237
Kepler-1454 b,Kepler-1454,1.0577902941478543,1.4973884086254774,0.0,6.20050917404269,0.2188945370247948,5448.0,0.9,1.717395053939193,0.5058084104362486
Kepler-1455 b,Kepler-1455,1.1505720275988207,1.3609765531356006,0.0,5.700443573390686,0.1946617688785594,4075.0,0.62,1.6428726885203375,0.7251834847255767
Kepler-1456 b,Kepler-1456,0.76080582903376,1.9095425048844383,0.0,6.073044534100405,0.1072387506695986,4231.0,0.64,1.551808799597464,0.5684900771069852
Kepler-1457 b,Kepler-1457,1.095273387402595,1.4398351280479205,0.0,6.171700597410915,0.2342100906579995,5866.0,1.01,1.551808799597464,0.46907872395446704
Kepler-1458 b,Kepler-1458,1.324418957401803,1.1314021114911006,0.0,6.202535517187923,0.2220950017782337,5653.0,0.96,1.6428726885203375,0.42095864200382654
Kepler-1459 b,Kepler-1459,0.8586616190375187,1.8389610707123487,0.0,5.857933154483459,0.2491231402731574,4828.0,0.78,1.5871923034867808,0.6361542632125985
Kepler-146 b,Kepler-146,1.5496879080283263,0.8878912573524571,0.0,6.461468176353717,0.1823215567939545,5948.0,1.079,0.6471032420585385,0.31902313274937477
Kepler-146 c,Kepler-146,1.4182774069729414,1.0224509277025458,0.0,6.161207321695077,0.3104215594212703,5948.0,1.079,0.6471032420585385,0.38214967121467563
Kepler-1460 b,Kepler-1460,1.085189268335969,1.4539530095937054,0.0,5.971261839790462,0.1496261739558124,4422.0,0.7,1.6054298910365616,0.5243147902093659
Kepler-1461 b,Kepler-1461,1.1085626195212777,1.420695787837223,0.0,6.113682179832232,0.1582849789657133,4919.0,0.79,1.4445632692438664,0.4975600672357457
Kepler-1462 b,Kepler-1462,1.5727739280625088,0.8671004876833832,0.0,5.968707559985366,0.269569017024854,5756.0,1.0,1.623340817603092,0.43943246583407314
Kepler-1463 b,Kepler-1463,1.0508216248317612,1.5085119938441398,0.0,6.429719478039138,0.156490796759433,5679.0,0.96,1.7561322915849038,0.4540039041168512
Kepler-1464 b,Kepler-1464,0.9783261227936076,1.623340817603092,0.0,6.336825731146441,0.1828714055993901,5828.0,1.02,1.5871923034867808,0.4844517505621621
Kepler-1464 c,Kepler-1464,0.6931471805599453,1.8468787684491343,0.0,6.931471805599453,0.0592212846581184,5828.0,1.02,1.5871923034867808,0.42874468315286995
Kepler-1465 b,Kepler-1465,1.0188473201992472,1.55814461804655,0.0,6.505784060128229,0.1772252593692055,4726.0,0.75,1.551808799597464,0.5037224519095818
Kepler-1466 b,Kepler-1466,0.9360933591703348,1.6974487897568138,0.0,6.373319789577012,0.1653534085638001,5884.0,1.01,1.5871923034867808,0.5023108438589292
Kepler-1467 b,Kepler-1467,1.4586150226995167,0.982078472412158,0.0,6.021023349349527,0.2141431691169107,5332.0,0.86,1.6808279085207734,0.421464392806419
Kepler-1468 b,Kepler-1468,1.0043016091968684,1.5810384379124025,0.0,6.997595982981927,0.0785338776541068,5893.0,1.04,1.515127232962859,0.3878834725218668
Kepler-1468 c,Kepler-1468,0.7654678421395714,1.913977101952304,0.0,7.278628942320682,0.0455468149559703,5893.0,1.04,1.515127232962859,0.4184967473133053
Kepler-1468 d,Kepler-1468,1.4659996564916826,0.9745596399981308,0.0,6.709304340258299,0.1359285172242441,5794.0,1.072,1.515127232962859,0.3029618915776957
Kepler-1469 b,Kepler-1469,1.33500106673234,1.1216775615991057,0.0,6.313548046277095,0.1368010414921453,5507.0,0.9200000000000002,1.6992786164338898,0.38516879031125595
Kepler-147 b,Kepler-147,0.9282193027394288,1.7119945007591926,0.0,6.860663671448287,0.1070590722934076,6012.0,1.145,1.871802176901592,0.4271150133625086
Kepler-147 c,Kepler-147,1.2325602611778486,1.247032293786383,0.0,6.536691597591305,0.1955667835439752,6012.0,1.145,1.871802176901592,0.3717249471577046
Kepler-1470 b,Kepler-1470,0.7275486072772778,1.8809906029559973,0.0,6.354370040797351,0.1097508639591192,4961.0,0.8,1.717395053939193,0.5259791144800366
Kepler-1471 b,Kepler-1471,0.8796267475025636,1.7984040119467235,0.0,7.122059881629142,0.0443039255565244,5660.0,0.95,1.717395053939193,0.41982373187458777
Kepler-1471 c,Kepler-1471,1.0577902941478543,1.4973884086254774,0.0,6.735780014242327,0.0935814136215305,5533.0,0.934,1.717395053939193,0.40794883419605626
Kepler-1472 b,Kepler-1472,1.0647107369924282,1.4861396960896067,0.0,6.419994928147142,0.2088011895983332,6159.0,1.16,1.4085449700547104,0.44529282914154306
Kepler-1473 b,Kepler-1473,0.7839015438284094,1.9315214116032136,0.0,6.664409020350408,0.1098046259547773,6046.0,1.09,1.289232648276759,0.47611498191221663
Kepler-1474 b,Kepler-1474,1.1505720275988207,1.3609765531356006,0.0,6.331501849893691,0.1912812981654265,5870.0,1.04,1.5686159179138452,0.4346826399651138
Kepler-1475 b,Kepler-1475,1.366091653802371,1.0818051703517284,0.0,6.091309882077698,0.316998126785834,6214.0,1.18,1.3402504226184837,0.4066241826783066
Kepler-1476 b,Kepler-1476,0.982078472412158,1.6193882432872684,0.0,6.7580945044277305,0.0891091750717759,5663.0,0.98,1.717395053939193,0.4313385568917695
Kepler-1477 b,Kepler-1477,0.7793248768009976,1.9300710850255671,0.0,6.51471269087253,0.087186361678916,5100.0,0.81,1.7369512327330598,0.49950691472327013
Kepler-1478 b,Kepler-1478,1.0043016091968684,1.5810384379124025,0.0,6.395261598115449,0.1553784971795134,5904.0,1.04,1.6054298910365616,0.46865355082607557
Kepler-1479 b,Kepler-1479,1.0402767116551463,1.5260563034950494,0.0,6.616065185132817,0.1074273782250508,5796.0,0.99,1.6620303625532709,0.42644527791761205
Kepler-148 b,Kepler-148,1.0296194171811583,1.541159071680806,0.0,7.158513997329321,0.0276151670329733,5272.0,0.86,2.501435951739211,0.34923671796569217
Kepler-148 c,Kepler-148,1.5260563034950494,0.9082585601768908,0.0,6.86484777797086,0.048790164169432,5272.0,0.86,2.501435951739211,0.2582184069270588
Kepler-148 d,Kepler-148,2.2700619012884857,0.3873011374804932,0.0,6.025865973825314,0.2316671222550866,5172.0,0.86,1.7369512327330598,0.40077189315033085
Kepler-1480 b,Kepler-1480,0.982078472412158,1.6193882432872684,0.0,6.582025138892826,0.1419334958886665,5156.0,0.8500000000000001,1.7561322915849038,0.47486726403871937
Kepler-1481 b,Kepler-1481,0.8020015854720274,1.94876321803772,0.0,6.682108597449809,0.0573250666192694,4908.0,0.8,1.5871923034867808,0.4767768688032954
Kepler-1482 b,Kepler-1482,0.6981347220709844,1.854734268389444,0.0,6.520621127558696,0.095019228391158,5381.0,0.8800000000000001,1.6992786164338898,0.4905232233129776
Kepler-1483 b,Kepler-1483,0.924258901523332,1.717395053939193,0.0,7.0317412587631285,0.0914846901221783,6337.0,1.25,1.2237754316221157,0.40782207642104185
Kepler-1484 b,Kepler-1484,1.1346227261911428,1.3812818192963463,0.0,6.437751649736401,0.1772252593692055,5730.0,0.94,1.6054298910365616,0.41237735387097185
Kepler-1485 b,Kepler-1485,0.904218150639886,1.752672080520008,0.0,6.591673732008658,0.137428787903218,6087.0,1.11,1.2556160374777745,0.4720732725915384
Kepler-1486 b,Kepler-1486,1.199964782928397,1.2919836816486496,0.0,6.289715570908998,0.250447385841555,5965.0,1.08,1.515127232962859,0.4200706258925645
Kepler-1487 b,Kepler-1487,1.1410330045520618,1.3737155789130306,0.0,7.428333194190806,0.0859941931668609,6541.0,1.3799999999999997,1.0818051703517284,0.316444504664121
Kepler-1487 c,Kepler-1487,2.1938856760707046,0.4246139269469252,0.0,6.899723107284872,0.2301588862081147,5745.0,1.8009999999999995,1.0818051703517284,0.2517338724417388
Kepler-1488 b,Kepler-1488,1.0508216248317612,1.5085119938441398,0.0,6.478509642208569,0.2163444899914898,5820.0,1.05,2.069391205826334,0.44358810417276684
Kepler-1488 c,Kepler-1488,0.9751509707879896,1.631199404215613,0.0,7.10085190894405,0.0672753974724374,5710.0,1.003,1.9095425048844383,0.39108548480794897
Kepler-1489 b,Kepler-1489,1.0188473201992472,1.55814461804655,0.0,5.993961427306569,0.3132767171132615,5655.0,0.9300000000000002,1.623340817603092,0.5241310264199249
Kepler-149 b,Kepler-149,1.6505798557652755,0.7975071958841881,0.0,6.293419278846481,0.1688985364618139,5381.0,1.013,2.70805020110221,0.32293169640845476
Kepler-149 c,Kepler-149,0.959350221334602,1.6563214983329508,0.0,6.07993319509559,0.2476410229145972,5381.0,1.013,2.70805020110221,0.506040855762511
Kepler-149 d,Kepler-149,1.601405740736836,0.8415671856782186,0.0,5.726847747587197,0.4517123592734841,5381.0,1.013,2.70805020110221,0.5556742856380102
Kepler-1490 b,Kepler-1490,1.396244691973059,1.0473189942805592,0.0,5.855071922202427,0.3169252909214222,5515.0,0.9,1.717395053939193,0.4913767923541258
Kepler-1491 b,Kepler-1491,0.9202827531436926,1.724550719534605,0.0,6.71174039505618,0.1195592350576392,5728.0,1.0,1.717395053939193,0.451380103631232
Kepler-1491 c,Kepler-1491,1.235471471385307,1.244154593958768,0.0,6.274762021241939,0.265819825594646,5626.0,0.991,1.717395053939193,0.412637826280152
Kepler-1492 b,Kepler-1492,0.9122827104766162,1.7404661748405044,0.0,6.687108607866515,0.1188491338383811,4712.0,0.77,1.3402504226184837,0.4868009995997746
Kepler-1493 b,Kepler-1493,0.8796267475025636,1.7984040119467235,0.0,6.774223886357614,0.1130607922840142,5863.0,1.06,2.009555414215669,0.45409199565728986
Kepler-1494 b,Kepler-1494,1.4036429994545037,1.0402767116551463,0.0,6.030685260261263,0.3351856950957477,5659.0,0.96,1.6808279085207734,0.42781118704442295
Kepler-1495 b,Kepler-1495,1.3711807233098423,1.0784095813505905,0.0,6.095824562432225,0.3131304969053683,5831.0,1.03,1.6428726885203375,0.42378237937837704
Kepler-1496 b,Kepler-1496,1.169381359556317,1.332366019094335,0.0,6.284134161070802,0.2784647229021713,6182.0,1.18,1.3737155789130306,0.4334194264657799
Kepler-1497 b,Kepler-1497,0.9783261227936076,1.623340817603092,0.0,6.829793737512425,0.0785338776541068,5675.0,0.96,1.6620303625532709,0.4192197172447877
Kepler-1498 b,Kepler-1498,0.8458682675776092,1.8625285401162623,0.0,6.336825731146441,0.2253810462544016,5256.0,0.86,1.6428726885203375,0.5529926596652757
Kepler-1499 b,Kepler-1499,0.7839015438284094,1.9315214116032136,0.0,6.016157159698354,0.2088417666033501,5097.0,0.8200000000000001,1.7369512327330598,0.5970940100433643
Kepler-15 b,Kepler-15,2.464703942470481,0.6575200029167942,0.0582689081239757,7.132497551660044,0.0555671484484557,5515.0,1.018,1.547562508716013,0.2186653639119952
Kepler-150 b,Kepler-150,0.8109302162163288,1.9329696377795784,0.0,7.0317412587631285,0.0430594894604469,5560.0,0.9559999999999998,1.007957920399979,0.4291784446869768
Kepler-150 c,Kepler-150,1.545432582458188,0.8919980393051105,0.0,6.776506992372183,0.0704584636485614,5560.0,0.9559999999999998,1.007957920399979,0.2856858909148261
Kepler-150 d,Kepler-150,1.332366019094335,1.1216775615991057,0.0,6.5998704992128365,0.0989399478549035,5560.0,0.9559999999999998,1.007957920399979,0.3352768500072881
Kepler-150 e,Kepler-150,1.415853163361435,1.0260415958332745,0.0,6.300785794663244,0.1731126177086447,5560.0,0.9559999999999998,1.007957920399979,0.373891170777462
Kepler-150 f,Kepler-150,1.534714366238164,0.904218150639886,0.1440137601389047,5.800304041646823,0.8064758658669486,5528.0,0.97,1.007957920399979,0.6878554314319707
Kepler-1500 b,Kepler-1500,0.7884573603642702,1.9387416595767009,0.0,6.834108738813838,0.1165378162479515,5845.0,1.0,1.623340817603092,0.45557638692496943
Kepler-1501 b,Kepler-1501,0.9400072584914712,1.6882490928583902,0.0,6.669498089857879,0.1096791768018427,6229.0,1.2,1.3217558399823195,0.4480133145431652
Kepler-1502 b,Kepler-1502,1.430311246536665,1.007957920399979,0.0,6.411818267709897,0.2217025135178055,6666.0,1.44,0.9932517730102834,0.331647421429136
Kepler-1503 b,Kepler-1503,1.184789984909162,1.3110318766193438,0.0,5.7745515455444085,0.3199798387509431,5069.0,0.77,1.81319474994812,0.5607885763022249
Kepler-1504 b,Kepler-1504,1.1410330045520618,1.3737155789130306,0.0,6.186208623900494,0.3151026680277731,5393.0,0.8500000000000001,1.6992786164338898,0.45386757865645005
Kepler-1505 b,Kepler-1505,0.6575200029167942,1.8115620965242347,0.0,6.26530121273771,0.1680366786825864,5686.0,0.9300000000000002,0.9932517730102834,0.5085145511061478
Kepler-1506 b,Kepler-1506,0.8415671856782186,1.871802176901592,0.0,6.664409020350408,0.1104674530259708,5676.0,0.95,1.6054298910365616,0.4770398970201714
Kepler-1507 b,Kepler-1507,0.6097655716208943,1.7613002617433464,0.0,6.447305862541213,0.1128464261816194,5410.0,0.89,1.717395053939193,0.48675146453094487
Kepler-1508 b,Kepler-1508,0.8458682675776092,1.8625285401162623,0.0,6.875232087276577,0.1509168853168604,6158.0,1.14,1.3056264580524355,0.44762483074201986
Kepler-1509 b,Kepler-1509,1.0473189942805592,1.5129270120532563,0.0,6.504288173536645,0.1576018605034896,5780.0,1.0,1.6054298910365616,0.43990519523460875
Kepler-151 b,Kepler-151,1.4011829736136412,1.043804052173115,0.0,6.461468176353717,0.1097508639591192,5460.0,0.87,1.7227665977411035,0.3542235502290556
Kepler-151 c,Kepler-151,1.128171090909654,1.3912819026309298,0.0,6.300785794663244,0.1484200051182732,5460.0,0.87,1.7227665977411035,0.4522382365526808
Kepler-1510 b,Kepler-1510,1.4724720573609429,0.9631743177730056,0.0,6.2878585601617845,0.3428092580770939,6200.0,1.19,1.3217558399823195,0.3778790402044685
Kepler-1511 b,Kepler-1511,0.9858167945227652,1.6114359150967734,0.0,6.806829360392176,0.1615234341566714,6064.0,1.17,1.4609379041156565,0.414723862404613
Kepler-1512 b,Kepler-1512,0.7793248768009976,1.9300710850255671,0.0,5.777652323222656,0.1283316473498574,4372.0,0.73,1.0224509277025458,0.8453272827398743
Kepler-1513 b,Kepler-1513,2.261137903079872,0.8346467428336448,0.2669690308542393,5.849324779946859,0.450890888922804,5491.0,0.943,2.079441541679836,0.45531322419360043
Kepler-1513 c,Kepler-1513,2.4849066497880004,0.2993635772256188,0.1177830356563834,5.873243915720551,0.0971267107307227,5491.0,0.943,2.079441541679836,0.32973926729749264
Kepler-1514 b,Kepler-1514,2.5967142383374866,1.7613002617433464,0.3371862673548699,5.963322241161702,0.5613286059390974,6145.0,1.1960000000000002,1.3609765531356006,0.37832160320597924
Kepler-1514 c,Kepler-1514,0.7774074893291998,1.928618651945252,0.2776317365982795,6.9726062513017535,0.0950374153347517,6145.0,1.1960000000000002,1.3609765531356006,0.3885265180607542
Kepler-1515 b,Kepler-1515,2.356125859922076,0.3492474281099357,0.0,5.942799375126701,0.5609577442519906,6511.0,1.3,1.0367368849500225,0.3898813805920144
Kepler-1516 b,Kepler-1516,1.01160091167848,1.5686159179138452,0.0,6.875232087276577,0.0693394780786128,5904.0,1.04,1.623340817603092,0.39682730517895876
Kepler-1517 b,Kepler-1517,2.3758355547336385,0.3407487933884732,0.0,7.756623334538858,0.0751074724868054,7010.0,1.58,0.8671004876833832,0.19183899031718699
Kepler-1518 b,Kepler-1518,1.3987168811184478,1.0473189942805592,0.0,7.20934025660291,0.0576083126203133,6846.0,1.54,0.9082585601768908,0.237629050891297
Kepler-1518 c,Kepler-1518,1.3609765531356006,1.0885619528146082,0.0,6.9985096422506015,0.0866363066595466,6432.0,1.06,0.9082585601768908,0.261632302004893
Kepler-1519 b,Kepler-1519,2.086913556518537,0.4811908186363,0.0,5.83773044716594,0.568433936386304,5644.0,0.94,1.6054298910365616,0.46156119858720424
Kepler-152 b,Kepler-152,1.332366019094335,1.1216775615991057,0.0,6.313548046277095,0.1168937514714993,5088.0,0.779,1.0986122886681096,0.38577591961399044
Kepler-152 c,Kepler-152,1.220829921392359,1.264126727145683,0.0,5.7899601708972535,0.3045391895182038,5088.0,0.779,1.0986122886681096,0.5933227823377638
Kepler-1520 b,Kepler-1520,1.912501086924184,0.5900064216404319,0.0,7.271008538280992,0.0128175037106144,4677.0,0.76,1.6992786164338898,0.2241731434828101
Kepler-1521 b,Kepler-1521,1.252762968495368,1.2208299213923592,0.0,5.971261839790462,0.2108766192112282,5042.0,0.81,1.6992786164338898,0.48160360825078274
Kepler-1522 b,Kepler-1522,1.0043016091968684,1.5810384379124025,0.0,7.226209010100671,0.0283930745012178,5706.0,0.96,1.5871923034867808,0.37569273687247245
Kepler-1523 b,Kepler-1523,0.947789398933526,1.6770965609079151,0.0,7.424761761823209,0.0184978548821194,5708.0,0.97,1.6808279085207734,0.39136288021924404
Kepler-1524 b,Kepler-1524,1.5129270120532563,0.924258901523332,0.0,6.084499413075172,0.2920724207530738,6179.0,1.17,1.355835153635182,0.4069899150227102
Kepler-1525 b,Kepler-1525,0.6471032420585385,1.80005827204275,0.0,7.203405521083095,0.0349519997618551,5748.0,1.07,1.3402504226184837,0.4014758129651844
Kepler-1526 b,Kepler-1526,1.2325602611778486,1.247032293786383,0.0,6.669498089857879,0.0409499863289541,4601.0,0.73,1.7369512327330598,0.34498874576117156
Kepler-1527 b,Kepler-1527,1.752672080520008,0.708035793053696,0.0,6.111467339502679,0.4871065371453978,6224.0,1.21,1.3402504226184837,0.3975104135666019
Kepler-1528 b,Kepler-1528,0.9001613499442714,1.7613002617433464,0.0,7.346010209913293,0.0291703772997798,5857.0,1.03,1.5871923034867808,0.40570930800036714
Kepler-1529 b,Kepler-1529,1.1314021114911006,1.3862943611198906,0.0,6.706862336602747,0.0511682865743994,5048.0,0.81,1.7561322915849038,0.3792162411855726
Kepler-153 b,Kepler-153,1.366091653802371,1.0818051703517284,0.0,6.432940092739179,0.1213322851675249,5404.0,0.756,2.694627180770069,0.3306558271745898
Kepler-153 c,Kepler-153,1.2612978709452054,1.208960345836975,0.0,6.129050210060545,0.2126890934103508,5404.0,0.756,2.694627180770069,0.418757642786798
Kepler-1530 b,Kepler-1530,0.9707789171582248,1.6389967146756448,0.0,7.3031700512368,0.0349133729451828,5477.0,0.9200000000000002,1.6620303625532709,0.38838689380969293
Kepler-1530 c,Kepler-1530,0.9745596399981308,1.631199404215613,0.0,7.0630481633881725,0.0558508927400056,5477.0,0.9200000000000002,1.6620303625532709,0.39851569635729306
Kepler-1530 d,Kepler-1530,1.4536494939113125,0.9858167945227652,0.0,6.880384082186005,0.0795133368122725,5678.0,1.015,0.7747271675523681,0.27118796335221496
Kepler-1532 b,Kepler-1532,0.8544153281560676,1.8468787684491343,0.0,7.427738840532894,0.020390689647734,5559.0,0.91,1.6620303625532709,0.4174041941134438
Kepler-1533 b,Kepler-1533,1.4951487660319729,0.9439058989071286,0.0,5.802118375377063,0.6596731237022285,6431.0,1.31,1.1600209167967532,0.47781776321733094
Kepler-1534 b,Kepler-1534,1.0612565021243408,1.4906543764441331,0.0,6.862757913051401,0.0581745640510721,5442.0,0.9,1.717395053939193,0.38550317729464323
Kepler-1535 b,Kepler-1535,1.2669476034873244,1.2029723039923526,0.0,5.953243334287785,0.4271613661899247,6021.0,1.08,1.4973884086254774,0.47474639667889473
Kepler-1536 b,Kepler-1536,1.420695787837223,1.0188473201992472,0.0,5.117993812416755,0.6155639459015656,4434.0,0.71,1.3737155789130306,0.4530170003617837
Kepler-1537 b,Kepler-1537,0.7793248768009976,1.9300710850255671,0.0,7.496097345175956,0.0242046886968173,5079.0,0.81,1.7934247485471162,0.4190866533796723
Kepler-1538 b,Kepler-1538,1.3402504226184837,1.11514159061932,0.0,5.849324779946859,0.4759235717567258,5837.0,1.03,1.6808279085207734,0.5507945337805442
Kepler-1539 b,Kepler-1539,1.308332819650179,1.1505720275988207,0.0,5.71042701737487,0.3896744222018403,5176.0,0.8400000000000001,1.7561322915849038,0.6792336384441242
Kepler-154 b,Kepler-154,1.181727195378616,1.316408233655724,0.0,6.331501849893691,0.1806534996932576,5690.0,0.933,2.2935443483418965,0.4163181776250139
Kepler-154 c,Kepler-154,1.3737155789130306,1.075002423028976,0.0,6.12029741895095,0.264669298142708,5690.0,0.933,2.2935443483418965,0.40443316968561205
Kepler-154 d,Kepler-154,1.5769147207285403,0.8628899551470399,0.0,6.489204931325317,0.1341287141924695,5769.0,0.98,1.6992786164338898,0.33302624005719056
Kepler-154 e,Kepler-154,0.9162907318741552,1.7334238922150915,0.0,7.039660349862076,0.046559105779954,5769.0,0.98,1.6992786164338898,0.4133464201239566
Kepler-154 f,Kepler-154,0.9162907318741552,1.7334238922150915,0.0,6.732210706467206,0.0846352228366935,5769.0,0.98,1.6992786164338898,0.4498553200704307
Kepler-1540 b,Kepler-1540,1.249901736214336,1.2267122912954256,0.0,5.58724865840025,0.3664470410874352,4540.0,0.74,1.2556160374777745,0.8395497732182975
Kepler-1541 b,Kepler-1541,0.7701082216960736,1.918392120161421,0.0,6.955592608396297,0.0728321586496699,5282.0,0.86,1.6992786164338898,0.4449016644991946
Kepler-1542 b,Kepler-1542,0.5653138090500605,1.7119945007591926,0.0,7.057036981697891,0.0465495606529799,5564.0,0.94,2.252343876557299,0.38530081951017503
Kepler-1542 c,Kepler-1542,0.5007752879124893,1.6409365794934714,0.0,7.160845906664299,0.0379699312516286,5564.0,0.94,2.252343876557299,0.3631411041304273
Kepler-1542 d,Kepler-1542,0.6259384308664953,1.7783364488959144,0.0,6.918695219020472,0.0610010215573989,5564.0,0.94,2.252343876557299,0.41352605455168934
Kepler-1542 e,Kepler-1542,0.5653138090500605,1.7119945007591926,0.0,6.97166860472579,0.0549520928138452,5564.0,0.94,2.252343876557299,0.39252411091313133
Kepler-1543 b,Kepler-1543,1.3110318766193438,1.1474024528375415,0.0,7.4815557019095165,0.0831455810866688,6561.0,1.3899999999999997,1.068153081183401,0.2645653695860257
Kepler-1544 b,Kepler-1544,1.0224509277025458,1.551808799597464,0.0,5.598421958998375,0.4347973474694491,4886.0,0.81,1.205970806988609,0.9127002192414387
Kepler-1545 b,Kepler-1545,1.308332819650179,1.1505720275988207,0.0,5.616771097666572,0.4345059768925783,5201.0,0.8400000000000001,1.6992786164338898,0.698814777102672
Kepler-1546 b,Kepler-1546,1.4182774069729414,1.0224509277025458,0.0,6.51025834052315,0.128041349880884,5623.0,0.95,1.551808799597464,0.34427849652326575
Kepler-1548 b,Kepler-1548,1.2919836816486494,1.172482137234565,0.0,5.860786223465865,0.3838328079810505,5706.0,0.99,1.6808279085207734,0.5515070203261546
Kepler-1549 b,Kepler-1549,1.2725655957915476,1.1969481893889715,0.0,5.659482215759621,0.51204488017072,5324.0,0.8800000000000001,1.7561322915849038,0.7610587806879117
Kepler-155 b,Kepler-155,1.128171090909654,1.3912819026309298,0.0,6.421622267806518,0.0544881852840697,4508.0,0.635,1.3609765531356006,0.4299950534003591
Kepler-155 c,Kepler-155,1.175573329804238,1.324418957401803,0.0,5.659482215759621,0.216722983511287,4508.0,0.635,1.3609765531356006,0.8033346150096705
Kepler-1550 b,Kepler-1550,1.3912819026309298,1.0543120297715298,0.0,5.855071922202427,0.5699055237019066,5991.0,1.07,1.515127232962859,0.5371133385579742
Kepler-1551 b,Kepler-1551,1.297463147413275,1.1662709371419244,0.0,6.583409222158765,0.1631387373771806,6136.0,1.14,1.355835153635182,0.34769538465629257
Kepler-1552 b,Kepler-1552,1.244154593958768,1.2325602611778486,0.0,5.594711379601839,0.4706908930258717,5202.0,0.8500000000000001,1.4609379041156565,0.7223357972633766
Kepler-1553 b,Kepler-1553,0.7654678421395714,1.913977101952304,0.0,6.831953565565855,0.0469790011939946,5288.0,0.8500000000000001,1.717395053939193,0.4531122851646708
Kepler-1554 b,Kepler-1554,1.3609765531356006,1.0885619528146082,0.0,5.666426688112432,0.4670430009076004,5297.0,0.8400000000000001,1.7369512327330598,0.7476974193840469
Kepler-1555 b,Kepler-1555,0.959350221334602,1.6563214983329508,0.0,6.866933284461882,0.0774238969648036,5866.0,1.04,1.6808279085207734,0.4161464978404634
Kepler-1556 b,Kepler-1556,1.085189268335969,1.4539530095937054,0.0,6.682108597449809,0.0796426276521966,5608.0,0.97,1.7749523509116738,0.4028543641403723
Kepler-1557 b,Kepler-1557,0.9282193027394288,1.7119945007591926,0.0,7.160845906664299,0.0478373294141601,6099.0,1.11,1.4609379041156565,0.4008468482746417
Kepler-1558 b,Kepler-1558,0.5187937934151676,1.6601310267496183,0.0,6.927557906278317,0.0418902237601845,5101.0,0.83,1.7749523509116738,0.3891800617881654
Kepler-1559 b,Kepler-1559,0.5423242908253616,1.6863989535702286,0.0,7.383989457978509,0.0181836704336287,5316.0,0.86,1.6620303625532709,0.37155395356297105
Kepler-156 b,Kepler-156,1.1939224684724346,1.297463147413275,0.0,6.766191714660351,0.0525924501191705,5094.0,0.864,1.47932922708708,0.3488855405244743
Kepler-156 c,Kepler-156,1.2669476034873244,1.2029723039923526,0.0,6.3784261836515865,0.1106465200870636,5094.0,0.864,1.47932922708708,0.3909281922233019
Kepler-1560 b,Kepler-1560,0.636576829071551,1.790091412127358,0.0,7.146772179452637,0.0409019913204257,5815.0,1.02,1.6428726885203375,0.4013170288213278
Kepler-1561 b,Kepler-1561,0.7371640659767197,1.88706964903238,0.0,7.428333194190806,0.0192142189238042,5957.0,1.07,1.47932922708708,0.41416571698575266
Kepler-1562 b,Kepler-1562,1.515127232962859,0.9202827531436926,0.0,6.318968113746434,0.2857802651621846,5760.0,1.02,1.7561322915849038,0.362334908558703
Kepler-1563 b,Kepler-1563,0.5596157879354227,1.7083778602890038,0.0,7.034387929915503,0.0432510419943149,5765.0,1.0,1.623340817603092,0.388517017877783
Kepler-1564 b,Kepler-1564,0.904218150639886,1.752672080520008,0.0,6.455198563340122,0.1246041632245308,5528.0,0.9300000000000002,1.717395053939193,0.4988066739860529
Kepler-1565 b,Kepler-1565,0.7839015438284094,1.9315214116032136,0.0,7.118826249062078,0.0238141780992548,4940.0,0.76,1.890095369948917,0.4249597385445232
Kepler-1566 b,Kepler-1566,0.5822156198526637,1.7334238922150915,0.0,7.534762657037537,0.0119088078241363,5254.0,0.8400000000000001,1.7934247485471162,0.3809239009689214
Kepler-1567 b,Kepler-1567,1.316408233655724,1.1410330045520618,0.0,5.802118375377063,0.439544421761027,5655.0,0.95,1.6428726885203375,0.5722368776231852
Kepler-1568 b,Kepler-1568,0.832909122935104,1.88706964903238,0.0,6.593044534142437,0.1411262287045052,5956.0,1.09,1.717395053939193,0.49009064361916793
Kepler-1569 b,Kepler-1569,0.9858167945227652,1.6114359150967734,0.0,7.109062135687172,0.0645603958983168,6319.0,1.25,1.2383742310432684,0.38280826421718406
Kepler-157 b,Kepler-157,0.8415671856782186,1.871802176901592,0.0,7.344072850573066,0.0276151670329733,5774.0,0.95,2.150598735996164,0.4204460939013162
Kepler-157 c,Kepler-157,1.175573329804238,1.324418957401803,0.0,6.659293919683638,0.1043600153242427,5774.0,0.95,2.150598735996164,0.37133574802253483
Kepler-157 d,Kepler-157,0.9001613499442714,1.7613002617433464,0.0,6.877296071497429,0.0682192389771438,5866.0,1.02,1.623340817603092,0.43352324147383936
Kepler-1570 b,Kepler-1570,0.7275486072772778,1.8809906029559973,0.0,6.729824070489475,0.1544277842874136,5550.0,0.9200000000000002,1.6428726885203375,0.467116216756279
Kepler-1571 b,Kepler-1571,0.924258901523332,1.717395053939193,0.0,7.29776828253138,0.0419765277901568,6297.0,1.23,1.205970806988609,0.3955260138330841
Kepler-1572 b,Kepler-1572,0.6626879730752367,1.8164520818184269,0.0,7.165493475060845,0.0567394371926008,5618.0,0.97,1.7561322915849038,0.40710548982380634
Kepler-1573 b,Kepler-1573,0.7884573603642702,1.9387416595767009,0.0,7.22983877815125,0.0357531697058178,5808.0,1.01,1.623340817603092,0.4216455540057885
Kepler-1574 b,Kepler-1574,0.8285518175661483,1.8961194845522973,0.0,6.911747300251674,0.0716692866903596,5892.0,1.06,1.5686159179138452,0.44463425990875177
Kepler-1575 b,Kepler-1575,0.8372475245337022,1.8794650496471603,0.0,7.180069874302796,0.0359461267734691,5667.0,0.95,1.6428726885203375,0.42540610257680583
Kepler-1576 b,Kepler-1576,0.712949807856125,1.867176108512809,0.0,6.966024187106113,0.0696286693246637,5876.0,1.05,1.623340817603092,0.43383327030105295
Kepler-1577 b,Kepler-1577,0.7561219797213337,1.9095425048844383,0.0,7.026426808699636,0.0636318602447734,4862.0,0.78,1.6620303625532709,0.43781082092605295
Kepler-1578 b,Kepler-1578,0.712949807856125,1.867176108512809,0.0,7.438971592395862,0.0248877155077789,5545.0,0.9,1.6620303625532709,0.413904285325351
Kepler-1579 b,Kepler-1579,0.6097655716208943,1.7613002617433464,0.0,7.038783541388542,0.0139029051689914,4584.0,0.75,1.175573329804238,0.39428206834783963
Kepler-158 b,Kepler-158,1.1378330018213911,1.3762440252663892,0.0,6.2166061010848646,0.1052605106574929,4623.0,0.655,2.7013612129514133,0.4159345251316783
Kepler-158 c,Kepler-158,1.0647107369924282,1.4861396960896067,0.0,6.037870919922137,0.1466943791508035,4623.0,0.655,2.7013612129514133,0.47956623034539736
Kepler-1580 b,Kepler-1580,1.1346227261911428,1.3812818192963463,0.0,6.598509028614515,0.2894629856839851,6228.0,1.4700000000000002,1.3217558399823195,0.39236077261704627
Kepler-1581 b,Kepler-1581,0.5877866649021191,1.7387102481382395,0.0,7.011213987350367,0.0663961696396825,6022.0,1.12,1.6428726885203375,0.39550967652317903
Kepler-1582 b,Kepler-1582,0.9122827104766162,1.7404661748405044,0.0,5.872117789475416,0.0311109950250526,3208.0,0.28,2.1701959049483,0.5872024724849343
Kepler-1583 b,Kepler-1583,0.4700036292457356,1.603419840108537,0.0,6.670766320845874,0.0797996012024758,5645.0,0.94,1.6620303625532709,0.41064420751388897
Kepler-1584 b,Kepler-1584,0.959350221334602,1.6563214983329508,0.0,6.787844982309579,0.1104674530259708,6069.0,1.1,1.4609379041156565,0.4278237244932111
Kepler-1585 b,Kepler-1585,1.0260415958332745,1.547562508716013,0.0,6.970730078143525,0.0435383020144834,5538.0,0.94,1.6808279085207734,0.38699519745411975
Kepler-1586 b,Kepler-1586,0.924258901523332,1.717395053939193,0.0,6.921658184151129,0.1151841058064632,6681.0,1.45,0.9932517730102834,0.41051445951346477
Kepler-1587 b,Kepler-1587,0.8458682675776092,1.8625285401162623,0.0,6.889591308354466,0.0838538973932991,5933.0,1.08,1.7934247485471162,0.4451088909169834
Kepler-1588 b,Kepler-1588,0.5653138090500605,1.7119945007591926,0.0,6.83087423464618,0.0715668891924926,5817.0,0.96,1.871802176901592,0.4096492529741029
Kepler-1589 b,Kepler-1589,0.7371640659767197,1.88706964903238,0.0,7.6511201757027,0.0202927032677624,6166.0,1.18,1.3217558399823195,0.41149790298010736
Kepler-159 b,Kepler-159,1.2178757094949273,1.2669476034873244,0.0,6.104793232414985,0.0788111804242897,4625.0,0.628,1.2556160374777745,0.4234279603549045
Kepler-159 c,Kepler-159,1.483874689458755,0.9516578757114464,0.0,5.62040086571715,0.1972101692877053,4625.0,0.628,1.2556160374777745,0.585879233353178
Kepler-1590 b,Kepler-1590,0.76080582903376,1.9095425048844383,0.0,6.928537818164665,0.0687421733981448,6053.0,1.11,1.47932922708708,0.4395258850535042
Kepler-1591 b,Kepler-1591,0.8197798314933114,1.912501086924184,0.0,6.794586580876499,0.0764053312024053,6082.0,1.1,1.4445632692438664,0.4550058385716988
Kepler-1592 b,Kepler-1592,0.9321640810304452,1.7047480922384253,0.0,7.0925737159746784,0.0392207131532812,6213.0,1.18,1.3056264580524355,0.3996545297913032
Kepler-1593 b,Kepler-1593,1.42791603581071,1.015230679729059,0.0,5.564520407322694,0.4414369596777659,4995.0,0.81,1.5325568680981427,0.8213906729602369
Kepler-1594 b,Kepler-1594,0.7227059828014898,1.8779371654691075,0.0,7.215975002651466,0.0388360237851981,5946.0,1.06,1.5871923034867808,0.417306372242952
Kepler-1595 b,Kepler-1595,0.8020015854720274,1.94876321803772,0.0,6.888572459565364,0.049742091894814,5203.0,0.8400000000000001,1.7369512327330598,0.44878206343989085
Kepler-1596 b,Kepler-1596,1.0647107369924282,1.4861396960896067,0.0,6.156978985585555,0.280430845737588,5706.0,0.95,1.5871923034867808,0.48085832490506486
Kepler-1597 b,Kepler-1597,0.7227059828014898,1.8779371654691075,0.0,7.311886164077165,0.0405275511760679,6377.0,1.25,1.2237754316221157,0.4096504384154458
Kepler-1598 b,Kepler-1598,0.6678293725756554,1.8213182714696,0.0,7.120444372392488,0.0507596520257899,5940.0,1.07,1.5686159179138452,0.4102077359458714
Kepler-1599 b,Kepler-1599,0.9631743177730056,1.6505798557652755,0.0,6.0112671744041615,0.393594935537677,5767.0,0.99,1.6620303625532709,0.5579307587578386
Kepler-16 b,Kepler-16,2.2459406646879576,0.6749832099322741,0.0068763039394321,5.8222171498013,0.5334478018022704,4450.0,0.6896999999999999,1.5686159179138452,0.4957024715072904
Kepler-160 b,Kepler-160,0.9987919533858988,1.5912739418064292,0.0,7.034387929915503,0.0536450268956141,5471.0,1.003,1.9501867058225737,0.38950438335489634
Kepler-160 c,Kepler-160,1.5602476682433286,0.8796267475025636,0.0,6.648984550024776,0.1126141443691343,5471.0,1.003,1.9501867058225737,0.3108798644731139
Kepler-160 d,Kepler-160,1.3453561970918029,1.269760544863939,0.1819048032976122,6.447278920815372,0.1570037488096646,5471.0,1.003,1.9501867058225737,0.34058027733183205
Kepler-1600 b,Kepler-1600,1.4182774069729414,1.0224509277025458,0.0,5.3471075307174685,0.6838087124805666,5214.0,0.86,1.7369512327330598,0.7850917879602873
Kepler-1600 c,Kepler-1600,1.0791117565365904,1.463255402256019,0.0,6.668228248417403,0.067294096051346,5119.0,0.818,2.069391205826334,0.4052090995424078
Kepler-1601 b,Kepler-1601,0.598836501088704,1.749199854809259,0.0,7.318539548567902,0.0322832429201526,5869.0,1.04,1.6620303625532709,0.38605886606105777
Kepler-1602 b,Kepler-1602,0.8501509293696101,1.854734268389444,0.0,7.05617528410041,0.0929801947688742,6296.0,1.22,1.2556160374777745,0.42797784324869065
Kepler-1603 b,Kepler-1603,0.8285518175661483,1.8961194845522973,0.0,7.328437352895162,0.0344980404075673,6241.0,1.21,1.3402504226184837,0.4160090330151933
Kepler-1604 b,Kepler-1604,0.8796267475025636,1.7984040119467235,0.0,7.6128310304073565,0.0139620750160546,4976.0,0.81,1.6428726885203375,0.40858196943997577
Kepler-1605 b,Kepler-1605,0.7323678937132266,1.884034745337226,0.0,6.270988431858299,0.3116451507039945,5280.0,0.86,1.7369512327330598,0.5399721365625436
Kepler-1606 b,Kepler-1606,1.1216775615991057,1.4011829736136412,0.0,5.783825182329737,0.4959759105156546,5422.0,0.9,1.6620303625532709,0.6993642076373956
Kepler-1607 b,Kepler-1607,0.6523251860396903,1.8066480817218056,0.0,6.81783057145415,0.113132237440956,6116.0,1.14,1.425515074273172,0.43105100444911393
Kepler-1608 b,Kepler-1608,1.0043016091968684,1.5810384379124025,0.0,6.418364935936212,0.1066996186590557,4992.0,0.75,1.81319474994812,0.47834631225148255
Kepler-1609 b,Kepler-1609,1.169381359556317,1.332366019094335,0.0,6.063785208687608,0.3838328079810505,6132.0,1.18,1.3912819026309298,0.45751784472650453
Kepler-161 b,Kepler-161,1.1378330018213911,0.371563556432483,0.0,6.767343125265392,0.0525924501191705,5078.0,0.853,0.6471032420585385,0.30110481881112117
Kepler-161 c,Kepler-161,1.11514159061932,0.8372475245337022,0.0,6.646390514847729,0.0657877405380031,5078.0,0.853,0.6471032420585385,0.34158550514776004
Kepler-1610 b,Kepler-1610,0.959350221334602,1.6563214983329508,0.0,6.621405651764134,0.0748291406206489,5383.0,0.91,1.7369512327330598,0.45848406736998937
Kepler-1610 c,Kepler-1610,1.128171090909654,1.3912819026309298,0.0,6.073044534100405,0.2088823419619404,5295.0,0.825,1.7369512327330598,0.5064956998327644
Kepler-1611 b,Kepler-1611,0.5933268452777344,1.7457155307266483,0.0,7.126087273299125,0.0569472804417501,5605.0,0.94,1.7934247485471162,0.39465267302496904
Kepler-1612 b,Kepler-1612,0.708035793053696,1.860974538249528,0.0,6.93828448401696,0.0470744073859288,5643.0,0.96,1.717395053939193,0.4343323773627256
Kepler-1613 b,Kepler-1613,1.1249295969854831,1.396244691973059,0.0,7.563719668414366,0.0271773280047922,6005.0,1.08,1.515127232962859,0.3263185728859229
Kepler-1614 b,Kepler-1614,0.9122827104766162,1.7404661748405044,0.0,6.889591308354466,0.0460244383112793,5121.0,0.79,1.871802176901592,0.4289690247639992
Kepler-1615 b,Kepler-1615,1.118414915964289,1.4060969884160703,0.0,6.490723534502507,0.2459221382035493,5865.0,1.04,1.5871923034867808,0.42435057078541516
Kepler-1616 b,Kepler-1616,0.7030975114131134,1.854734268389444,0.0,7.198931240688173,0.0706262035402965,6266.0,1.21,1.3217558399823195,0.4100290547950116
Kepler-1617 b,Kepler-1617,0.7884573603642702,1.9387416595767009,0.0,6.602587892189336,0.1630282997467201,6167.0,1.15,1.3912819026309298,0.486701252036798
Kepler-1618 b,Kepler-1618,0.8153648132841945,1.9242486522741336,0.0,7.145196134997171,0.0686768215484308,6620.0,1.41,1.0224509277025458,0.41208186014279335
Kepler-1619 b,Kepler-1619,0.5653138090500605,1.7119945007591926,0.0,6.682108597449809,0.1433468133876347,5852.0,1.0,1.6620303625532709,0.43462387980489
Kepler-162 b,Kepler-162,0.8153648132841945,1.9242486522741336,0.0,6.8690144506657065,0.0667236320429081,5816.0,1.053,1.717395053939193,0.44906932410193323
Kepler-162 c,Kepler-162,1.3937663759585917,1.0508216248317612,0.0,6.525029657843462,0.128393214768399,5816.0,1.053,1.717395053939193,0.3386812383606051
Kepler-1620 b,Kepler-1620,0.959350221334602,1.6563214983329508,0.0,6.061456918928017,0.3592117235907023,6157.0,1.15,1.3912819026309298,0.5404641049935124
Kepler-1621 b,Kepler-1621,1.1505720275988207,1.3609765531356006,0.0,6.152732694704104,0.3509385220867957,6158.0,1.15,1.3056264580524355,0.453892305861768
Kepler-1622 b,Kepler-1622,0.904218150639886,1.752672080520008,0.0,6.827629234502852,0.0965457797725507,6436.0,1.31,1.1600209167967532,0.43235111460447606
Kepler-1623 b,Kepler-1623,0.8372475245337022,1.8794650496471603,0.0,6.90875477931522,0.0505029821731067,5772.0,1.0,1.6620303625532709,0.44573826792363636
Kepler-1624 b,Kepler-1624,1.9021075263969205,0.5982868995359851,0.0,6.293419278846481,0.0321767316952212,3636.0,0.5,1.6992786164338898,0.3181050709308595
Kepler-1625 b,Kepler-1625,1.9544450515051504,0.5630384952129249,0.0,5.860786223465865,0.6300050173939832,5677.0,0.96,1.6808279085207734,0.45211800223792575
Kepler-1626 b,Kepler-1626,1.1052568313867783,1.425515074273172,0.0,7.210079628170788,0.0523077796233447,6826.0,1.5100000000000002,0.9360933591703348,0.31791344526998966
Kepler-1627 b,Kepler-1627,1.545432582458188,0.8919980393051105,0.0,6.678342114654332,0.0623173060648615,5445.0,0.87,1.7369512327330598,0.30422745125383444
Kepler-1628 b,Kepler-1628,2.005525858729668,0.530039842689795,0.0,5.484796933490655,0.2586651233812883,3724.0,0.55,1.81319474994812,0.7770969242593663
Kepler-1629 b,Kepler-1629,0.5709795465857378,1.7209792871670078,0.0,6.9865664594064265,0.0473605713598375,5776.0,1.01,1.6620303625532709,0.3962039189764783
Kepler-163 b,Kepler-163,0.7178397931503169,1.873339456220478,0.0,6.810142450115136,0.0751074724868054,5776.0,0.8819999999999999,1.6620303625532709,0.4538302854304583
Kepler-163 c,Kepler-163,1.181727195378616,1.316408233655724,0.0,6.47543271670409,0.1414995622736995,5776.0,0.8819999999999999,1.6620303625532709,0.40397931654954194
Kepler-1630 b,Kepler-1630,1.1600209167967532,1.3454723665996355,0.0,5.209486152841421,0.7522647850430341,4736.0,0.6599999999999999,1.7934247485471162,0.5087478163147146
Kepler-1631 b,Kepler-1631,0.8544153281560676,1.8468787684491343,0.0,7.023758954738443,0.0498372348471716,5679.0,0.97,1.6428726885203375,0.4313812251688904
Kepler-1632 b,Kepler-1632,1.244154593958768,1.2325602611778486,0.0,5.91350300563827,0.5165293266826687,6137.0,1.12,1.4085449700547104,0.47639165522299637
Kepler-1633 b,Kepler-1633,0.947789398933526,1.6770965609079151,0.0,6.83087423464618,0.3275035666384525,6256.0,1.2,1.3402504226184837,0.43705643035306724
Kepler-1634 b,Kepler-1634,1.4327007339340465,1.007957920399979,0.0,5.645446897643238,0.7190585623444462,5474.0,0.9200000000000002,1.6992786164338898,0.8120741766125792
Kepler-1635 b,Kepler-1635,1.534714366238164,0.904218150639886,0.0,5.303304908059076,0.7545432694250196,5347.0,0.89,1.7749523509116738,0.7400329040792799
Kepler-1636 b,Kepler-1636,1.4422019930581866,0.9969486348916092,0.0,5.517452896464707,0.7523166264742462,5797.0,1.01,1.6054298910365616,0.7266682079751714
Kepler-1637 b,Kepler-1637,0.636576829071551,1.790091412127358,0.0,6.997595982981927,0.0578914784157775,5789.0,1.02,1.6428726885203375,0.41180764870044323
Kepler-1638 b,Kepler-1638,1.0543120297715298,1.5040773967762742,0.0,5.720311776607412,0.5567545556543905,5710.0,0.97,1.6808279085207734,0.7854545283078284
Kepler-1639 b,Kepler-1639,1.275362800412609,1.1939224684724346,0.0,6.911747300251674,0.0891091750717759,6150.0,1.12,1.425515074273172,0.3047261753801356
Kepler-164 b,Kepler-164,0.8796267475025636,1.7984040119467235,0.0,7.040536390215956,0.0563803334361076,5888.0,1.036,0.4824261492442927,0.39517767055618913
Kepler-164 c,Kepler-164,1.316408233655724,1.1410330045520618,0.0,6.782192056006791,0.0925791812930932,5888.0,1.036,0.4824261492442927,0.2856099170294794
Kepler-164 d,Kepler-164,1.2383742310432684,1.2383742310432684,0.0,6.45833828334479,0.171429115627531,5888.0,1.036,0.4824261492442927,0.35756046256506224
Kepler-164 e,Kepler-164,1.6563214983329508,0.7884573603642702,0.0,6.063785208687608,0.3382563584147143,5888.0,0.966,0.4824261492442927,0.3792079597992496
Kepler-1640 b,Kepler-1640,1.7613002617433464,0.7030975114131134,0.0,7.113956109566034,0.0802888312288029,6324.0,1.27,1.2237754316221157,0.23970007786642233
Kepler-1641 b,Kepler-1641,1.4134230285081433,1.0296194171811583,0.0,6.812345094177479,0.1374113558229602,6152.0,1.12,1.3912819026309298,0.2972950400971427
Kepler-1641 c,Kepler-1641,1.3737155789130306,1.075002423028976,0.0,6.643789733147672,0.1877236060829493,6152.0,1.12,1.3912819026309298,0.3315676136771213
Kepler-1642 b,Kepler-1642,1.4350845252893227,1.0043016091968684,0.0,6.79794041297493,0.096763668432308,5355.0,0.8800000000000001,1.6992786164338898,0.3049900332983759
Kepler-1642 c,Kepler-1642,1.297463147413275,1.1662709371419244,0.0,6.999422467507961,0.0656004570839488,5355.0,0.8800000000000001,1.6992786164338898,0.2982402810724591
Kepler-1643 b,Kepler-1643,1.199964782928397,1.2919836816486496,0.0,6.684611727667927,0.0517381954044144,4916.0,0.8450000000000001,0.0449733656427311,0.31750763551166405
Kepler-1644 b,Kepler-1644,1.0577902941478543,1.4973884086254774,0.0,6.408528791059498,0.1327811112338184,5499.0,0.89,1.6620303625532709,0.45845555615983336
Kepler-1645 b,Kepler-1645,1.0224509277025458,1.551808799597464,0.0,6.626717749249025,0.1208893172754533,5812.0,1.02,1.6428726885203375,0.4300776980688845
Kepler-1646 b,Kepler-1646,0.8020015854720274,1.94876321803772,0.0,5.902633333401366,0.029073247485707,3299.0,0.24,1.7369512327330598,0.5406774589798224
Kepler-1647 b,Kepler-1647,2.555202006006657,0.9516578757114464,0.0564748469279789,5.915123313851259,1.3138580678551788,6210.0,1.2207,1.6863989535702286,0.6546427114170461
Kepler-1649 b,Kepler-1649,0.7016112589720747,1.8531680973566984,0.0,5.730099782973575,0.0501226094032106,3240.0,0.1977,1.7559595650968676,0.7559925070090237
Kepler-1649 c,Kepler-1649,0.7227059828014898,1.8779371654691075,0.0,5.459585514144159,0.062880898039201,3240.0,0.1977,1.738887736779872,0.8723183918245836
Kepler-165 b,Kepler-165,1.199964782928397,1.2919836816486496,0.0,6.57507584059962,0.0695260626486102,5211.0,0.7460000000000001,2.4423470353692043,0.36081917762632654
Kepler-165 c,Kepler-165,1.172482137234565,1.3270750014599193,0.0,6.366470447731438,0.1043600153242427,5211.0,0.7460000000000001,2.4423470353692043,0.40456886206060627
Kepler-1650 b,Kepler-1650,0.6729444732424258,1.827769906751088,0.009950330853168,6.401917196727186,0.0165620882989782,3410.0,0.326,1.5727739280625088,0.47659032538578877
Kepler-1651 b,Kepler-1651,1.043804052173115,1.5173226235262949,0.1222176327242492,5.976350909297934,0.0669107052826268,3713.0,0.522,1.4701758451005928,0.4818378813606775
Kepler-1652 b,Kepler-1652,0.9555114450274363,1.66392609771817,0.0,5.594711379601839,0.1530643757268367,3638.0,0.404,1.4350845252893227,0.9163278431945118
Kepler-1653 b,Kepler-1653,1.1537315878891892,1.355835153635182,0.0,5.652489180268651,0.3856704807799848,4807.0,0.719,2.1633230256605382,0.8184727577281494
Kepler-1654 b,Kepler-1654,2.320441808623734,0.7884573603642702,0.2311117209633866,5.332718793265369,1.1072416153661642,5597.0,1.011,1.791759469228055,0.5880769200901039
Kepler-1655 b,Kepler-1655,1.1672050801337217,1.3137236682850553,0.173953307123438,6.844815479208263,0.0979430743299641,6148.0,1.03,1.269760544863939,0.3129580210559339
Kepler-1656 c,Kepler-1656,2.70805020110221,0.2255406759139312,0.4233050262364954,6.262636067432774,1.3994573476461716,5569.0,1.03,1.9892432737616872,0.2375023380243525
Kepler-166 b,Kepler-166,1.184789984909162,1.3110318766193438,0.0,6.650279048587422,0.0695260626486102,5413.0,0.8110000000000002,1.7934247485471162,0.3715163951232392
Kepler-166 c,Kepler-166,1.2178757094949273,1.2669476034873244,0.0,6.150602768446279,0.178146185383474,5413.0,0.8110000000000002,1.7934247485471162,0.4467809688137245
Kepler-166 d,Kepler-166,1.0043016091968684,1.5810384379124025,0.0,7.180831199044556,0.0241949277902242,5350.0,0.8800000000000001,1.6992786164338898,0.3782945315526217
Kepler-1660 AB b,Kepler-1660 A,2.631888840136646,1.6213664832993742,0.0539293170250803,6.352629396319567,0.5877866649021191,6305.24,1.1366,1.4151247427877676,0.3523632542319934
Kepler-1661 b,Kepler-1661,1.5830939370944983,0.9555114450274363,0.0554347068881005,5.497168225293202,0.4904188139883281,5100.0,0.841,1.0986122886681096,0.7977706432054389
Kepler-1663 b,Kepler-1663,1.4595352874980367,0.9783261227936076,0.0,5.8944028342648505,0.101834305881268,3844.0,0.610816,0.0,0.3747238152966918
Kepler-1664 b,Kepler-1664,1.3945617245973998,1.0508216248317612,0.0,6.655440350367647,0.1076878054169174,5735.81,0.944,2.2192034840549946,0.3194222800950517
Kepler-1665 b,Kepler-1665,1.3452400140870475,1.1085626195212777,0.0,6.810142450115136,0.0916671885258238,5049.84,0.842,2.7013612129514133,0.27433416773867203
Kepler-1666 b,Kepler-1666,1.3565405285111605,1.095273387402595,0.0,6.511745329644728,0.1622038798748538,6293.0,1.23,0.3435897043900769,0.3115133009133223
Kepler-1666 c,Kepler-1666,1.4435362066182105,0.9932517730102834,0.0,6.361302477572996,0.2137394712389158,6293.0,1.23,0.3435897043900769,0.32467639135682824
Kepler-1667 b,Kepler-1667,1.3822493435560743,1.0647107369924282,0.0,6.486160788944089,0.3067859262508525,5941.54,1.09,1.7404661748405044,0.37749336819815027
Kepler-1668 b,Kepler-1668,1.676656099433019,0.7701082216960736,0.0,6.582025138892826,0.1168937514714993,5542.0,0.98,1.5852476736328829,0.3163401243034468
Kepler-1669 b,Kepler-1669,1.3298399235481393,1.1249295969854831,0.0,6.274762021241939,0.071855437100428,4303.0,0.67,2.7013612129514133,0.3372584361283583
Kepler-1669 c,Kepler-1669,1.0651277948392992,1.483874689458755,0.0,6.865891074883439,0.0225439644348945,4224.0,0.609,2.7013612129514133,0.3299996854669098
Kepler-1669 d,Kepler-1669,0.7975071958841881,1.9444805562457188,0.0,6.507277712385012,0.0457378916738537,4224.0,0.609,2.7013612129514133,0.45164404048827655
Kepler-167 b,Kepler-167,0.999896315728952,1.589235205116581,0.0,6.823286122355687,0.0471221070687349,4884.0,0.777,2.091864061678393,0.410105619693517
Kepler-167 c,Kepler-167,0.9835754786797516,1.615419984111648,0.0,6.648984550024776,0.0661622022536687,4884.0,0.777,2.091864061678393,0.44279035326517124
Kepler-167 d,Kepler-167,0.8055826098897335,1.9416152247724323,0.0,6.289715570908998,0.1313790780563798,4884.0,0.777,2.091864061678393,0.5467714932141341
Kepler-167 e,Kepler-167,2.412335956953165,0.9858167945227652,0.2546422183735807,4.908233360478175,1.058831418656265,4884.0,0.777,2.091864061678393,0.2722996156489266
Kepler-1670 b,Kepler-1670,1.4716644147917064,0.9669838461896731,0.0,6.595780513961311,0.1421937657031752,5838.0,1.05,0.262364264467491,0.2857267683904189
Kepler-1671 b,Kepler-1671,0.8439668085892096,1.867176108512809,0.0,6.870053411798126,0.0482757461648897,5135.55,0.866,1.175573329804238,0.44902486532270713
Kepler-1672 b,Kepler-1672,1.3788234280681044,1.068153081183401,0.0,6.049733455231958,0.4406649277802381,6131.95,1.16,1.6467336971777973,0.45021785549996984
Kepler-1673 b,Kepler-1673,1.3700428680762118,1.0784095813505905,0.0,6.416732282512326,0.1936158685884481,6014.95,1.11,0.9631743177730056,0.3542300045563499
Kepler-1674 b,Kepler-1674,1.4364585570656356,1.0043016091968684,0.0,6.035481432524756,0.2636711024902777,5473.91,0.96,0.4054651081081644,0.3990433340039688
Kepler-1675 b,Kepler-1675,1.4170256529113068,1.0260415958332745,0.0,6.144185634125646,0.2790322705441108,5853.19,1.06,0.9932517730102834,0.39386689963621985
Kepler-1676 b,Kepler-1676,1.4763543280999056,0.959350221334602,0.0,6.663132695990803,0.1784808574080167,5878.3,1.07,0.262364264467491,0.2864837392730659
Kepler-1677 b,Kepler-1677,1.3089169274044037,1.1505720275988207,0.0,6.569481420414296,0.1483337945056934,6013.72,1.11,1.1908875647772803,0.3460599334817526
Kepler-1678 b,Kepler-1678,1.4595965152966404,0.9783261227936076,0.0,5.799092654460526,0.4253984458156144,5754.0,1.03,0.262364264467491,0.5219164602419086
Kepler-1679 b,Kepler-1679,1.1214181142647748,1.4011829736136412,0.0,6.70196036600254,0.0854434818174674,5501.0,0.96,0.3364722366212129,0.35538634012596704
Kepler-168 b,Kepler-168,0.9001613499442714,1.7613002617433464,0.0,7.123672785204607,0.0544881852840697,6282.0,1.113,1.1908875647772803,0.4075830350814651
Kepler-168 c,Kepler-168,1.3056264580524355,1.1537315878891892,0.0,6.760414691083428,0.1097508639591192,6282.0,1.113,1.1908875647772803,0.31352217432866664
Kepler-1680 b,Kepler-1680,0.8584698040320273,1.8389610707123487,0.0,6.648984550024776,0.0736407201513622,5021.0,0.834,2.694627180770069,0.44280835509846617
Kepler-1681 b,Kepler-1681,1.2678535929548969,1.2029723039923526,0.0,6.093569770045136,0.2776317365982795,5756.4,0.893,1.4586150226995167,0.4719506014371339
Kepler-1682 b,Kepler-1682,1.3582570535181238,1.091923300517313,0.0,6.543911845564792,0.1074183967672703,5619.12,0.99,1.9021075263969205,0.3455993079605281
Kepler-1683 b,Kepler-1683,1.0559753216924643,1.4996230464268938,0.0,6.507277712385012,0.1117202496104078,5429.0,0.95,2.681021528714291,0.40494169262097357
Kepler-1684 b,Kepler-1684,1.353473583817815,1.0986122886681096,0.0,5.8522024797744745,0.2031857119732638,4706.54,0.75,1.7491998548092589,0.48442652217769766
Kepler-1685 b,Kepler-1685,1.2744517290885595,1.1939224684724346,0.0,6.439350371100098,0.1384567431470159,5484.0,0.96,0.8989410935390421,0.37314716743486387
Kepler-1686 b,Kepler-1686,0.8860501272982132,1.786746927404511,0.0,6.81783057145415,0.0845892794114193,5714.96,1.02,1.6808279085207734,0.4461123728004707
Kepler-1687 b,Kepler-1687,0.9769111447405558,1.6272778305624314,0.0,6.395261598115449,0.0518331486400172,4132.0,0.65,1.5539252025038417,0.4688901702239287
Kepler-1688 b,Kepler-1688,0.8161369443178306,1.9213246735826988,0.0,6.650279048587422,0.0560967393518701,4632.11,0.8139999999999998,2.70805020110221,0.4387745697345179
Kepler-1689 b,Kepler-1689,0.666180023403213,1.8196988379172965,0.0,6.779921907472252,0.0754784611759055,5731.43,1.023,1.252762968495368,0.4445529912187244
Kepler-169 b,Kepler-169,0.7561219797213337,1.9095425048844383,0.0,6.870053411798126,0.0392207131532812,4997.0,0.825,0.5822156198526637,0.4220720705097356
Kepler-169 c,Kepler-169,0.7929925155296614,1.9401794743463283,0.0,6.655440350367647,0.060153922819747,4997.0,0.825,0.5822156198526637,0.4559113626675442
Kepler-169 d,Kepler-169,0.8109302162163288,1.9329696377795784,0.0,6.555356891810665,0.0723206615796261,4997.0,0.825,0.5822156198526637,0.4728186801399272
Kepler-169 e,Kepler-169,1.1631508098056809,1.3428648031925547,0.0,6.39024066706535,0.0998453349697161,4997.0,0.825,0.5822156198526637,0.395924536366292
Kepler-169 f,Kepler-169,1.275362800412609,1.1939224684724346,0.0,5.7745515455444085,0.3067491351690066,4997.0,0.825,0.5822156198526637,0.5724781029852442
Kepler-1690 b,Kepler-1690,1.3379158225959973,1.11514159061932,0.0,5.5909869805108565,0.5363179165269265,5404.0,0.94,2.251291798606496,0.7671046187095294
Kepler-1691 b,Kepler-1691,1.0419395862630267,1.5216989981260935,0.0,7.157735484249907,0.0483138602785506,6000.0,1.11,0.4762341789963716,0.3363807392590643
Kepler-1692 b,Kepler-1692,0.7475273297052913,1.8991179875485544,0.0,6.8001700683022,0.0625991417565199,5146.0,0.87,1.9600947840472696,0.4575387715332496
Kepler-1693 b,Kepler-1693,0.8282828425309777,1.8976198599275325,0.0,6.694562058521095,0.0963096801374083,5432.34,0.95,0.5877866649021191,0.4563284092570724
Kepler-1693 c,Kepler-1693,0.6815718896239681,1.8357763546448287,0.0,6.966024187106113,0.0571361913708091,5553.0,0.941,0.5877866649021191,0.403765660423594
Kepler-1694 b,Kepler-1694,0.7792607967662647,1.9300710850255671,0.0,6.863803391452954,0.0439211870579281,4954.0,0.8200000000000001,0.5306282510621704,0.4231031809838814
Kepler-1695 b,Kepler-1695,0.7511750266119264,1.9050881545350584,0.0,6.86484777797086,0.0515482618805766,5473.19,0.96,0.4054651081081644,0.4174961288924477
Kepler-1696 b,Kepler-1696,1.3375819885496136,1.11514159061932,0.0,6.12029741895095,0.2809595266909542,5712.0,1.02,2.161367091078508,0.41308219499530313
Kepler-1697 b,Kepler-1697,0.8151646206806207,1.9213246735826988,0.0,6.447305862541213,0.1829880013371151,4681.53,0.7470000000000001,2.05898369977744,0.5581970519518408
Kepler-1698 b,Kepler-1698,0.7290724987048,1.8809906029559973,0.0,7.20934025660291,0.020439679237456,4975.03,0.822,0.9783261227936076,0.4104243170383373
Kepler-1699 b,Kepler-1699,0.9426254062745034,1.6863989535702286,0.0,6.918695219020472,0.0409499863289541,5575.53,0.81,1.0865397074338403,0.41733243581667356
Kepler-17 b,Kepler-17,2.7523860149222616,0.8544153281560676,0.0109399400383343,7.359467638255621,0.0255800236027695,5781.0,1.04,1.0296194171811583,0.2143693865196959
Kepler-170 b,Kepler-170,1.4350845252893227,2.7013612129514133,0.0,6.802394763324311,0.0769610411361283,5679.0,1.066,0.947789398933526,0.354755981312472
Kepler-170 c,Kepler-170,1.3506671834767394,1.1019400787607845,0.0,6.555356891810665,0.1231021971339834,5679.0,1.066,0.947789398933526,0.3364933051047651
Kepler-1700 b,Kepler-1700,1.361309679694069,1.0885619528146082,0.0,5.799092654460526,0.5658477573833651,6031.0,1.12,1.3217558399823195,0.564698598076298
Kepler-1701 b,Kepler-1701,1.169959475024058,1.332366019094335,0.0,5.613128106388071,0.4534930771187459,5146.0,0.87,0.8285518175661483,0.7681128078612279
Kepler-1702 b,Kepler-1702,0.9562449951445198,1.66392609771817,0.0,6.320768294250582,0.1200027923946963,5093.0,0.8500000000000001,1.4655675420143983,0.5083136032705804
Kepler-1705 b,Kepler-1705,1.1085626195212777,1.3806165226587246,0.0324671901375014,6.672032945461067,0.0769610411361283,6312.0,1.139,1.2781522025001877,0.3748533533355909
Kepler-1705 c,Kepler-1705,1.11514159061932,1.5104380139821956,0.0276151670329733,6.823960541238871,0.0971267107307227,6312.0,1.139,1.2781522025001877,0.36587438160300345
Kepler-1708 b,Kepler-1708,2.394252281519869,1.269760544863939,0.3364722366212129,5.480047081571531,0.9707789171582246,6157.0,1.088,1.425515074273172,0.736014530570386
Kepler-1709 b,Kepler-1709,1.4168838819884413,1.0260415958332745,0.0,6.159095388491933,0.2829508980758794,5918.0,1.003,1.205970806988609,0.40024891354250824
Kepler-171 b,Kepler-171,1.205970806988609,1.2837077723447896,0.0,6.960347729101308,0.048790164169432,5642.0,0.978,1.2237754316221157,0.3209246582576563
Kepler-171 c,Kepler-171,1.269760544863939,1.199964782928397,0.0,6.6240652277998935,0.0934903430873388,5642.0,0.978,1.2237754316221157,0.3487917299001395
Kepler-171 d,Kepler-171,1.0612565021243408,1.4906543764441331,0.0,6.210600077024653,0.2013068567050353,5642.0,0.978,1.2237754316221157,0.48637359128829194
Kepler-1710 b,Kepler-1710,1.4344750610322785,0.7477537300508171,0.0,6.543911845564792,0.1095985226066606,5650.0,0.932,1.3056264580524355,0.32397599447352954
Kepler-1711 b,Kepler-1711,1.072610486129109,1.4747630091074988,0.0,6.507277712385012,0.1365393641388269,5706.0,0.94,2.028148247292285,0.4353527364533102
Kepler-1712 b,Kepler-1712,1.1889786192795997,1.3056264580524355,0.0,5.971261839790462,0.086452887730199,3732.0,0.515,0.708035793053696,0.43692601745320664
Kepler-1713 b,Kepler-1713,0.9994309204736608,1.589235205116581,0.0,6.803505257608338,0.1326497540954637,6477.0,1.3,1.551808799597464,0.4072256128319195
Kepler-1714 b,Kepler-1714,1.4502951642755568,0.9895411936137476,0.0,7.10002716662926,0.100288675593764,6150.0,1.448,1.1908875647772803,0.2586355248011556
Kepler-1715 b,Kepler-1715,1.6371353076037576,0.8064758658669486,0.0,6.472346294500901,0.2023610841316785,6212.0,1.082,1.4973884086254774,0.3290027372606573
Kepler-1716 b,Kepler-1716,1.2310338781889218,1.249901736214336,0.0,6.013715156042802,0.1725742053390745,4894.0,0.7529999999999999,2.186051276738094,0.4667514669403305
Kepler-1717 b,Kepler-1717,1.3836151702912305,1.0612565021243408,0.0,6.660575149839686,0.1834875434339239,6200.0,1.158,0.2851789422336624,0.28367525001748806
Kepler-1718 b,Kepler-1718,1.272151140168781,1.1969481893889715,0.0,5.846438775057724,0.3948624311902295,5731.0,0.8460000000000001,2.4612967841488667,0.4912831248020784
Kepler-1719 b,Kepler-1719,1.5993888351656655,0.8415671856782186,0.0,7.160845906664299,0.0664242420477823,5687.0,1.08,2.0294631718735947,0.24999593175710755
Kepler-172 b,Kepler-172,1.208960345836975,1.2781522025001877,0.0,7.136483208590247,0.0392207131532812,5526.0,1.081,1.3056264580524355,0.3070947046163768
Kepler-172 c,Kepler-172,1.3506671834767394,1.1019400787607845,0.0,6.878326468291325,0.0657877405380031,5526.0,1.081,1.3056264580524355,0.29524046532287435
Kepler-172 d,Kepler-172,1.1786549963416462,1.3190856114264409,0.0,6.602587892189336,0.1115413747329074,5526.0,1.081,1.3056264580524355,0.3813732560283353
Kepler-172 e,Kepler-172,1.324418957401803,1.1314021114911006,0.0,6.311734809152915,0.1914464645709552,5526.0,1.081,1.3056264580524355,0.39014989807273126
Kepler-1720 b,Kepler-1720,1.4388519315985155,1.000631880307906,0.0,6.548219102762372,0.0992116500709481,5573.0,0.939,0.4054651081081644,0.306752814941514
Kepler-1721 b,Kepler-1721,1.4155054232952151,1.0260415958332745,0.0,6.829793737512425,0.0505980527630913,5351.0,0.89,0.5306282510621704,0.267049202559497
Kepler-1722 b,Kepler-1722,1.3525288329512133,1.0986122886681096,0.0,6.625392368007956,0.0787187547113906,5506.0,0.876,0.8754687373538999,0.3184215214630961
Kepler-1723 b,Kepler-1723,1.3559551696288508,1.095273387402595,0.0,6.343880434126331,0.2028592080115027,6072.0,0.96,1.4586150226995167,0.3781691254290429
Kepler-1724 b,Kepler-1724,1.3446314871178913,1.1085626195212777,0.0,6.907755278982137,0.0660685999697046,6092.0,1.016,0.262364264467491,0.2554327440014516
Kepler-1725 b,Kepler-1725,1.3382897845457038,1.11514159061932,0.0,6.643789733147672,0.1245423620741269,6020.0,1.049,0.636576829071551,0.30654661375176834
Kepler-1726 b,Kepler-1726,1.255222666670329,1.2178757094949273,0.0,6.368187186350492,0.120392960171788,5316.0,0.876,1.2556160374777745,0.39656500341508094
Kepler-1727 b,Kepler-1727,1.4286870214984695,1.01160091167848,0.0,6.630683385642372,0.0765906021617125,5349.0,0.8240000000000001,2.3702437414678603,0.30905603625661604
Kepler-1728 b,Kepler-1728,1.3749853420427662,1.075002423028976,0.0,6.787844982309579,0.0521179542621066,5170.0,0.891,2.624668592163159,0.27106195269222394
Kepler-1729 b,Kepler-1729,1.5880185183145097,0.8501509293696101,0.0,6.39024066706535,0.0409499863289541,3837.0,0.544,0.7884573603642702,0.3043961645552862
Kepler-173 b,Kepler-173,0.8285518175661483,1.8961194845522973,0.0,7.07326971745971,0.0468835858988504,6031.0,1.067,1.4586150226995167,0.42865816037761234
Kepler-173 c,Kepler-173,1.2325602611778486,1.247032293786383,0.0,6.863803391452954,0.0713899960866729,6031.0,1.067,1.4586150226995167,0.3215175420639794
Kepler-1730 b,Kepler-1730,1.7020617946424044,0.7514160886839212,0.0,6.726233402358747,0.1071489155170429,5942.0,1.009,2.128231705849268,0.29048079672987803
Kepler-1731 b,Kepler-1731,1.3693914509274785,1.0784095813505905,0.0,6.18826412308259,0.1309405392605958,4859.0,0.7809999999999999,1.144222799920162,0.4006625269071417
Kepler-1732 b,Kepler-1732,1.6290508609580854,0.8109302162163288,0.0,6.551080335043404,0.1835707761943865,5821.0,1.043,1.0986122886681096,0.32319850087427604
Kepler-1733 b,Kepler-1733,1.5338138617677592,0.9001613499442714,0.0,6.92951677076365,0.089200645458302,6320.0,1.2729999999999997,0.1823215567939546,0.22900410745790453
Kepler-1734 b,Kepler-1734,1.4081808255225283,1.0367368849500225,0.0,6.893656354602635,0.0689662044647229,6061.0,1.05,0.262364264467491,0.2478606432262475
Kepler-1735 b,Kepler-1735,0.7858591424630096,1.937301774518713,0.0,6.220590170099739,0.0602480803453568,3975.0,0.535,2.2159372862683733,0.5349911924457458
Kepler-1736 b,Kepler-1736,1.58444530284913,0.8544153281560676,0.0,6.340359303727752,0.1978667681294169,6085.0,0.976,0.9932517730102834,0.3412476570969565
Kepler-1737 b,Kepler-1737,1.855516435030806,0.6302073807860712,0.0,5.950642552587727,0.2600539053343068,5043.0,0.834,2.6878474937846906,0.38525752829797083
Kepler-1738 b,Kepler-1738,1.3414875706477454,1.1118575154181305,0.0,6.86484777797086,0.0752002325629351,6063.0,1.079,0.262364264467491,0.2624208365585688
Kepler-1739 b,Kepler-1739,1.2327259384147162,1.247032293786383,0.0,6.733401891837359,0.0673782353299481,5757.0,0.865,0.3364722366212129,0.3089788057270958
Kepler-174 b,Kepler-174,1.085189268335969,1.4539530095937054,0.0,6.317164686747284,0.0953101798043248,4880.0,0.602,1.7749523509116738,0.45625601039991925
Kepler-174 c,Kepler-174,0.9122827104766162,1.7404661748405044,0.0,5.934894195619588,0.1939206926373065,4880.0,0.602,1.7749523509116738,0.5857240280714682
Kepler-174 d,Kepler-174,1.1600209167967532,1.3454723665996355,0.0,5.3612921657094255,0.5170064828410719,4880.0,0.602,1.7749523509116738,0.8591925831059272
Kepler-1740 b,Kepler-1740,1.4639991395037826,0.9745596399981308,0.0,6.755768921984256,0.0750147038054456,5705.0,0.943,1.4216856359401586,0.29797983433319347
Kepler-1741 b,Kepler-1741,0.8211005448704061,1.9095425048844383,0.0,6.423246963533519,0.0291703772997798,3683.0,0.454,2.667228206581955,0.457845287381846
Kepler-1742 b,Kepler-1742,1.1563279934888853,1.3506671834767394,0.0,6.137727054086234,0.2300794423153222,5776.0,0.939,0.4054651081081644,0.4412046780621393
Kepler-1743 b,Kepler-1743,0.9550767621049636,1.66392609771817,0.0,7.0431599159883405,0.0806579030174544,5855.0,1.266,1.551808799597464,0.40066985126709986
Kepler-1744 b,Kepler-1744,1.5618304569888948,0.8754687373538999,0.0,6.278521424165844,0.1901657108170036,5986.0,0.886,2.1701959049483,0.37005832824475093
Kepler-1745 b,Kepler-1745,1.074568612223124,1.4701758451005928,0.0,7.27931883541462,0.0399896482161584,5611.0,0.995,1.1314021114911006,0.351024091014634
Kepler-1746 b,Kepler-1746,2.296068380271441,0.3750059006234558,0.0,5.739792912179234,0.6631105641834063,6018.0,1.09,1.9095425048844383,0.518911150180049
Kepler-1747 b,Kepler-1747,1.6610963401523622,0.7839015438284094,0.0,6.775366090936392,0.0639133257436528,5477.0,0.983,0.5306282510621704,0.25942050612551815
Kepler-1748 b,Kepler-1748,1.311772887717079,1.1474024528375415,0.0,6.862757913051401,0.0596830021611737,5774.0,0.916,1.245968509777953,0.30593455086189203
Kepler-1749 b,Kepler-1749,0.9605058100896304,1.6544112780768316,0.0,6.042632833682381,0.091302158406786,3957.0,0.551,1.551808799597464,0.5234693855297385
Kepler-175 b,Kepler-175,1.269760544863939,1.199964782928397,0.0,6.71901315438526,0.0998453349697161,6064.0,0.969,1.47932922708708,0.3307199927700049
Kepler-175 c,Kepler-175,1.410986973710262,1.0331844833456545,0.0,6.369900982828227,0.193096629961913,6064.0,0.969,1.47932922708708,0.3608438922555054
Kepler-1750 b,Kepler-1750,1.9465308663704552,0.5675839575845996,0.0,5.700443573390686,0.5179005374379526,5644.0,0.981,0.4054651081081644,0.5511320824929312
Kepler-1751 b,Kepler-1751,1.038215854564878,1.5260563034950494,0.0,6.892641641172089,0.0687795153948257,6052.0,0.974,1.0647107369924282,0.3849011409479426
Kepler-1752 b,Kepler-1752,1.712103633793136,0.7419373447293773,0.0,6.040254711277414,0.2388594077542124,5446.0,0.8240000000000001,2.1041341542702074,0.4254573724397277
Kepler-1753 b,Kepler-1753,1.1714849745984397,1.3297240096314962,0.0,6.369900982828227,0.111451925294143,5180.0,0.86,1.9740810260220096,0.42692235050267946
Kepler-1754 b,Kepler-1754,1.2354613230779992,1.244154593958768,0.0,6.511745329644728,0.0693394780786128,4723.0,0.734,2.1329823086078656,0.3731357672834723
Kepler-1755 b,Kepler-1755,1.933965259205457,0.5766133643039938,0.0,6.448889394146858,0.1542649590114293,6086.0,1.003,0.262364264467491,0.28076683723200113
Kepler-1756 b,Kepler-1756,0.9050273130582018,1.752672080520008,0.0,6.997595982981927,0.0314017631395316,4915.0,0.7809999999999999,2.6878474937846906,0.38001030175409206
Kepler-1757 b,Kepler-1757,1.372855084743459,1.075002423028976,0.0,6.309918278226516,0.1253101909654466,5288.0,0.8279999999999998,0.5306282510621704,0.3533403132313591
Kepler-1758 b,Kepler-1758,1.2727331755868043,1.1969481893889715,0.0,6.9363427358340495,0.0879192980378835,5557.0,1.035,0.3364722366212129,0.27172837374732994
Kepler-1759 b,Kepler-1759,0.6438409107308964,1.7967470107390942,0.0,6.86171134048073,0.0420052941450301,5017.0,0.76,2.694627180770069,0.38932666947367217
Kepler-176 c,Kepler-176,1.2809338454620645,0.396760667478018,0.0,6.452048954437226,0.0971267107307227,5232.0,0.86,1.2383742310432684,0.34260975787759523
Kepler-176 d,Kepler-176,1.2556160374777745,0.4700036292457356,0.0,6.218600119691729,0.1510028735365274,5232.0,0.86,1.2383742310432684,0.38894359496465414
Kepler-176 e,Kepler-176,0.8960880245566356,0.0401817896328318,0.0,5.988961416889864,0.2283619119556079,5295.0,0.87,1.7369512327330598,0.5022591037754758
Kepler-1760 b,Kepler-1760,1.19087402669172,1.3029127521808397,0.0,6.175867270105761,0.1892971705303798,5229.0,0.821,0.4700036292457356,0.4204740095197238
Kepler-1761 b,Kepler-1761,0.8717518507813402,1.8115620965242347,0.0,6.419994928147142,0.0404699325537132,3871.0,0.573,1.589235205116581,0.49408612691854065
Kepler-1762 b,Kepler-1762,1.3244798943748952,1.1314021114911006,0.0,6.572282542694008,0.1856493468866293,6572.0,1.2980000000000005,0.2468600779315258,0.30414103031035356
Kepler-1763 b,Kepler-1763,0.7638448141139582,1.916922612182061,0.0,7.508238774678663,0.0253753063312282,5897.0,1.026,1.8562979903656265,0.4163710888653492
Kepler-1764 b,Kepler-1764,1.7147485946502612,0.7371640659767197,0.0,6.238324625039508,0.3009930865114533,6461.0,1.162,0.2151113796169455,0.3229816773570053
Kepler-1765 b,Kepler-1765,1.251358717281697,1.2237754316221157,0.0,6.752270376141742,0.0877361143040867,5692.0,0.946,2.5572273113676265,0.31039248657024554
Kepler-1766 b,Kepler-1766,1.187552245861938,1.308332819650179,0.0,6.008813185442595,0.3479066142468761,5868.0,0.915,2.566486636780424,0.444800096479931
Kepler-1767 b,Kepler-1767,1.3895367912572156,1.0577902941478543,0.0,5.976350909297934,0.2525470016834517,5243.0,0.887,0.4700036292457356,0.4459366347419812
Kepler-1768 b,Kepler-1768,1.1735538166509567,1.3270750014599193,0.0,6.839476438228843,0.1209779265529026,6050.0,1.2400000000000002,1.6501959049062682,0.34604365715817714
Kepler-1769 b,Kepler-1769,1.698364121628502,0.7514160886839212,0.0,6.182084906716632,0.3407345685362336,6071.0,1.061,0.7030975114131134,0.3677442125571955
Kepler-177 b,Kepler-177,1.5040773967762742,0.5596157879354227,0.0,6.309918278226516,0.1914547221751765,5732.0,0.921,2.545531271604436,0.32051764312246817
Kepler-177 c,Kepler-177,2.2752138961979136,0.1142211440900228,0.0,6.210600077024653,0.2283698702857911,5732.0,0.921,2.545531271604436,0.3200941122233618
Kepler-1770 b,Kepler-1770,1.34584144952182,1.1052568313867783,0.0,6.551080335043404,0.1187603357208428,5602.0,0.941,2.5877640352277083,0.3205677353050691
Kepler-1771 b,Kepler-1771,1.6204515510424842,0.8241754429663495,0.0,5.971261839790462,0.3231698653813342,5661.0,0.941,0.5877866649021191,0.4081932209234213
Kepler-1772 b,Kepler-1772,1.304568956004765,1.1568811967920856,0.0,7.052721049232323,0.0429732788478671,5541.0,0.942,2.190535589185423,0.2842463445746923
Kepler-1773 b,Kepler-1773,1.5051201839957546,0.9321640810304452,0.0,6.436150368369428,0.2217906365375981,6183.0,1.241,1.3635373739972745,0.3422335069606261
Kepler-1774 b,Kepler-1774,1.430740697371654,1.007957920399979,0.0,6.259581464064923,0.258479806643568,6214.0,1.101,1.252762968495368,0.3786120805684395
Kepler-1775 b,Kepler-1775,1.5363555898143335,0.9001613499442714,0.0,6.259581464064923,0.3333602565732086,5818.0,1.149,1.2725655957915476,0.38646708844846445
Kepler-1776 b,Kepler-1776,1.284142644533174,1.181727195378616,0.0,6.403574197934815,0.1900416798090927,5872.0,1.041,0.4700036292457356,0.3528904798731768
Kepler-1777 b,Kepler-1777,1.1416388210082098,1.3711807233098423,0.0,6.709304340258299,0.0980428064134047,5771.0,0.984,0.3784364357202451,0.3467914533180857
Kepler-1778 b,Kepler-1778,1.390450634337585,1.0543120297715298,0.0,6.849066282633458,0.091302158406786,6310.0,1.143,0.262364264467491,0.25480725978311675
Kepler-1779 b,Kepler-1779,1.3944998166026523,1.0508216248317612,0.0,6.594413459749778,0.1190267064216409,5730.0,1.008,0.4700036292457356,0.30437525034169
Kepler-178 b,Kepler-178,1.3609765531356006,1.0885619528146082,0.0,6.741700694652055,0.0815799869924228,5676.0,0.852,2.31451366385932,0.30669678104203424
Kepler-178 c,Kepler-178,1.355835153635182,1.095273387402595,0.0,6.487684018484611,0.1327811112338184,5676.0,0.852,2.31451366385932,0.35107945615659863
Kepler-178 d,Kepler-178,1.599387576580599,0.8415671856782186,0.0,5.973809611869261,0.3343270802748248,5676.0,0.852,2.31451366385932,0.4491588245351753
Kepler-1780 b,Kepler-1780,1.5273612495086044,0.9122827104766162,0.0,5.831882477283517,0.3559947126338682,5403.0,0.8680000000000001,0.4700036292457356,0.4711271293783326
Kepler-1781 b,Kepler-1781,1.218144989803778,1.2669476034873244,0.0,6.911747300251674,0.0558130648192127,5568.0,1.053,0.6418538861723948,0.3032749693465555
Kepler-1782 b,Kepler-1782,1.172257452552128,1.3297240096314962,0.0,6.651571873589727,0.056616600418896,4931.0,0.7940000000000002,1.355835153635182,0.3728435169792765
Kepler-1783 b,Kepler-1783,0.8413375515557009,1.871802176901592,0.0,6.9930151229329605,0.073203992258416,5129.0,0.887,0.7654678421395714,0.4277160765335459
Kepler-1784 b,Kepler-1784,1.334833918553335,1.118414915964289,0.0,6.586171654854675,0.101834305881268,5442.0,0.887,2.694627180770069,0.3029166915970307
Kepler-1785 b,Kepler-1785,1.3094739169995386,1.1505720275988207,0.0,6.502790045915623,0.1302999270591583,5618.0,0.911,0.262364264467491,0.32547549417136623
Kepler-1786 b,Kepler-1786,1.4262499676344234,1.01160091167848,0.0,6.218600119691729,0.3054384900409937,5808.0,1.058,2.1701959049483,0.39765052720903493
Kepler-1787 b,Kepler-1787,1.1996580521563835,1.2919836816486496,0.0,6.293419278846481,0.2045721657287744,6060.0,1.008,0.262364264467491,0.394623263459761
Kepler-1788 b,Kepler-1788,1.217433188520039,1.2669476034873244,0.0,6.863803391452954,0.0337248694016208,4786.0,0.6860000000000002,2.694627180770069,0.28574688294662254
Kepler-1789 b,Kepler-1789,1.3432237596477057,1.1085626195212777,0.0,5.942799375126701,0.3032847156791886,5436.0,0.9200000000000002,1.7047480922384253,0.46709550852450077
Kepler-179 b,Kepler-179,0.9707789171582248,1.6389967146756448,0.0,6.98100574072173,0.0353671438372913,5302.0,0.893,1.007957920399979,0.3968930403390619
Kepler-179 c,Kepler-179,1.0986122886681096,1.4350845252893227,0.0,6.698268054115413,0.0620353909194526,5302.0,0.893,1.007957920399979,0.38797581996792485
Kepler-1790 b,Kepler-1790,1.4218097806433356,1.0188473201992472,0.0,6.52649485957079,0.1905294463852587,5866.0,1.02,1.355835153635182,0.33756729600756485
Kepler-1791 b,Kepler-1791,1.4161039110478195,1.0260415958332745,0.0,6.92951677076365,0.0733433942242095,5887.0,0.985,1.5539252025038417,0.27878614716756867
Kepler-1792 b,Kepler-1792,1.2584353415538243,1.2149127443642704,0.0,6.954638864880987,0.047646653467353,5229.0,0.878,2.130134655995354,0.3088707420229307
Kepler-1793 b,Kepler-1793,1.566608734034025,0.8712933659434192,0.0,6.570882962339584,0.0757566123992463,5191.0,0.8500000000000001,1.5260563034950494,0.31825137270914033
Kepler-1794 b,Kepler-1794,1.0275683007936909,1.5432981099295553,0.0,6.556778356158042,0.0789035975954659,5052.0,0.7729999999999999,2.70805020110221,0.406823178190237
Kepler-1795 b,Kepler-1795,0.9794593563816528,1.6213664832993742,0.0,6.255750041753367,0.0954919814592206,4500.0,0.768,1.916922612182061,0.5025635647006492
Kepler-1796 b,Kepler-1796,1.3218834798360068,1.1346227261911428,0.0,6.395261598115449,0.1721870423133569,6036.0,1.018,0.3364722366212129,0.33887530671461774
Kepler-1797 b,Kepler-1797,1.4006272576557726,1.043804052173115,0.0,6.529418838262226,0.1516045841318941,6244.0,1.069,0.3364722366212129,0.30654429488418
Kepler-1798 b,Kepler-1798,1.1966800295702715,1.2947271675944,0.0,6.013715156042802,0.1027370774511122,3967.0,0.593,1.6789639750827106,0.4498155877683502
Kepler-1799 b,Kepler-1799,1.6347180382584263,0.8064758658669486,0.0,6.647688373563329,0.0978524001675046,5831.0,1.016,0.4054651081081644,0.27129350592283896
Kepler-18 b,Kepler-18,1.0986122886681096,1.7749523509116738,0.0,7.061334366910438,0.0437297628613252,5345.0,0.972,2.3978952727983707,0.36807595900140083
Kepler-18 c,Kepler-18,1.8702625307159984,0.4637340162321401,0.0,6.802394763324311,0.072506690786748,5345.0,0.972,2.3978952727983707,0.25311428303196715
Kepler-18 d,Kepler-18,2.0769384114617173,0.2390169004704999,0.0,6.580639137284949,0.1108255550888846,5345.0,0.972,2.3978952727983707,0.2817884833410932
Kepler-180 b,Kepler-180,0.9162907318741552,1.7334238922150915,0.0,6.661854740545311,0.1034587083682299,5731.0,0.95,2.3702437414678603,0.4531692687413831
Kepler-180 c,Kepler-180,1.3887912413184778,1.0577902941478543,0.0,6.293419278846481,0.2062008305838976,5731.0,0.95,2.3702437414678603,0.37847201055279633
Kepler-1800 b,Kepler-1800,0.6915445670606739,1.8453002361560848,0.0,7.335633981927201,0.0497230622180325,5343.0,1.33,2.545531271604436,0.3876747351146549
Kepler-1801 b,Kepler-1801,1.3108328109849927,1.1505720275988207,0.0,6.721425700790643,0.0875528970078615,5738.0,0.9360000000000002,2.2082744135228043,0.3265053195964477
Kepler-1801 c,Kepler-1801,1.3635373739972745,1.085189268335969,0.0,5.918893854273146,0.3765167861522717,5738.0,0.9360000000000002,2.2082744135228043,0.505536782933359
Kepler-1802 b,Kepler-1802,0.982452934127824,1.617406082083277,0.0,6.366470447731438,0.0641009254065236,4245.0,0.649,2.7013612129514133,0.4397987000880801
Kepler-1802 c,Kepler-1802,1.200567011191103,1.289232648276759,0.0,5.8805329864007,0.1610979203423279,4245.0,0.649,2.7013612129514133,0.4678940993934608
Kepler-1804 b,Kepler-1804,0.9540323748191004,1.667706820558076,0.0,6.81783057145415,0.0968544413638821,5109.0,0.929,2.70805020110221,0.40014021748083073
Kepler-1805 b,Kepler-1805,0.9341421037679328,1.6992786164338898,0.0,6.173786103901937,0.0675651861624238,3867.0,0.581,0.9745596399981308,0.5121318423727951
Kepler-1806 b,Kepler-1806,1.210631155227417,1.2781522025001877,0.0,6.593044534142437,0.0781640209693543,5311.0,0.8840000000000001,0.4700036292457356,0.3454026199096823
Kepler-1807 b,Kepler-1807,1.3093949985815985,1.1505720275988207,0.0,7.011213987350367,0.0942186752389817,6455.0,1.087,1.3737155789130306,0.2810533742251517
Kepler-1808 b,Kepler-1808,1.3925529899794105,1.0543120297715298,0.0,6.400257445308821,0.1368882520621216,5530.0,0.7729999999999999,2.5726122302071057,0.33328992900089227
Kepler-1809 b,Kepler-1809,0.9214772585614552,1.7227665977411035,0.0,6.777646593635117,0.043480856611536,4901.0,0.8069999999999999,0.9360933591703348,0.4299603157555476
Kepler-181 b,Kepler-181,0.8197798314933114,1.912501086924184,0.0,6.948897222313312,0.0392207131532812,5333.0,0.81,2.009555414215669,0.4420028877002486
Kepler-181 c,Kepler-181,1.095273387402595,1.4398351280479205,0.0,6.843749949006225,0.0478373294141601,5333.0,0.81,2.009555414215669,0.3746171395416053
Kepler-1810 b,Kepler-1810,1.5929331043495794,0.8458682675776092,0.0,5.942799375126701,0.3462103808908498,5492.0,0.921,1.7047480922384253,0.45577590519180156
Kepler-1811 b,Kepler-1811,1.5786278660930493,0.8586616190375187,0.0,6.1224928095143865,0.2972858085944757,5561.0,0.946,0.3364722366212129,0.3618679753019458
Kepler-1812 b,Kepler-1812,1.2014523506494963,1.289232648276759,0.0,6.942156705699469,0.0737150378222806,6174.0,1.162,0.6931471805599453,0.3004382447328583
Kepler-1813 b,Kepler-1813,0.8808707866428946,1.7967470107390942,0.0,6.966024187106113,0.0357531697058178,5167.0,0.812,1.1939224684724346,0.42938137417624594
Kepler-1814 b,Kepler-1814,1.2147980701336456,1.269760544863939,0.0,6.930494765951626,0.0369585409855322,4922.0,0.79,1.3402504226184837,0.31938764816366677
Kepler-1814 c,Kepler-1814,1.015230679729059,1.5644405465033646,0.0,7.445417556701687,0.0132123314721348,4922.0,0.79,1.3402504226184837,0.36700560852243036
Kepler-1815 b,Kepler-1815,1.321469452310618,1.1346227261911428,0.0,6.638567789166521,0.0938545754716242,5516.0,0.856,2.6741486494265287,0.29782086281043263
Kepler-1816 b,Kepler-1816,1.0878680083871566,1.4516138272405332,0.0,5.739792912179234,0.3048857371332585,5051.0,0.7859999999999999,0.5306282510621704,0.6609814909821506
Kepler-1817 b,Kepler-1817,1.1858570789702882,1.3110318766193438,0.0,6.139884552226255,0.2109090136458671,5316.0,0.878,0.3364722366212129,0.43950754660879165
Kepler-1818 b,Kepler-1818,0.9982786872490624,1.5912739418064292,0.0,7.098375638590786,0.0535407669280298,6047.0,1.021,1.8562979903656265,0.38174246690708974
Kepler-1819 b,Kepler-1819,1.589951797282667,0.8501509293696101,0.0,6.634633357861686,0.1254866200414159,6090.0,1.173,0.3364722366212129,0.2767778361101752
Kepler-182 b,Kepler-182,1.275362800412609,1.1939224684724346,0.0,6.8416154764775925,0.0916671885258238,6250.0,1.1140000000000003,1.8325814637483104,0.3097979231415818
Kepler-182 c,Kepler-182,1.4883995840570443,0.947789398933526,0.0,6.593044534142437,0.1458304482115394,6250.0,1.1140000000000003,1.8325814637483104,0.31600266448537595
Kepler-1820 b,Kepler-1820,1.41556930511633,1.0260415958332745,0.0,6.331501849893691,0.1793170477736559,5841.0,1.0469999999999997,0.3364722366212129,0.33872819544542143
Kepler-1821 b,Kepler-1821,1.2788430919148277,1.1878434223960523,0.0,6.4692503167957724,0.1172495600502397,5475.0,0.946,0.3364722366212129,0.3393964961344798
Kepler-1822 b,Kepler-1822,1.2940582946336792,1.169381359556317,0.0,6.230481447578482,0.1324307871804896,5165.0,0.782,0.5877866649021191,0.3752778747493499
Kepler-1823 b,Kepler-1823,1.1269168418849231,1.3937663759585917,0.0,6.577861357721047,0.1426447396410562,6000.0,1.068,1.0577902941478543,0.39727122966560546
Kepler-1824 b,Kepler-1824,1.2182531441746562,1.2669476034873244,0.0,6.045005314036012,0.3553640851386317,6002.0,1.1349999999999998,0.2851789422336624,0.4278975079584167
Kepler-1825 b,Kepler-1825,0.8845966674219569,1.790091412127358,0.0,7.327123292259293,0.0185273046138836,5123.0,0.8279999999999998,2.70805020110221,0.37015757990125986
Kepler-1826 b,Kepler-1826,0.9063176294017156,1.7509374747077997,0.0,6.693323668269949,0.0210763256019162,3821.0,0.49,1.890095369948917,0.4389647379303242
Kepler-1827 b,Kepler-1827,1.049577116486666,1.5085119938441398,0.0,7.1929342212158,0.0454225955078227,5423.0,0.915,2.481567748522486,0.34219396512730116
Kepler-1828 b,Kepler-1828,1.136545718499422,1.3812818192963463,0.0,6.684611727667927,0.0883771106174129,5806.0,0.996,0.3364722366212129,0.35055625779450916
Kepler-1829 b,Kepler-1829,1.2467075312866358,1.229640551074514,0.0,6.7580945044277305,0.0543934838303316,5230.0,0.8729999999999999,1.6863989535702286,0.3343603697214386
Kepler-183 b,Kepler-183,1.118414915964289,1.4060969884160703,0.0,6.9930151229329605,0.0620353909194526,5888.0,0.99,1.890095369948917,0.3485790236344865
Kepler-183 c,Kepler-183,1.184789984909162,2.87919845729804,0.0,6.754604099487962,0.0980337402713654,5888.0,0.99,1.890095369948917,0.40567357596447945
Kepler-1830 b,Kepler-1830,1.465551239341095,0.9745596399981308,0.0,6.525029657843462,0.2758802035594731,6160.0,1.443,1.2237754316221157,0.33397914435440745
Kepler-1831 b,Kepler-1831,1.08862867786117,1.449269160281279,0.0,6.958448393297656,0.0634441725565347,6063.0,1.117,0.262364264467491,0.32789642610603276
Kepler-1832 b,Kepler-1832,0.8007431976214936,1.9473377010464987,0.0,6.930494765951626,0.0363319292473902,5242.0,0.684,2.70805020110221,0.40221424759925484
Kepler-1833 b,Kepler-1833,0.833028081076695,1.88706964903238,0.0,7.071573364211532,0.0727391786403049,6164.0,1.286,1.5871923034867808,0.4276117917195814
Kepler-1834 b,Kepler-1834,0.8999106681197042,1.763017000362401,0.0,6.744059186311348,0.0479421856896659,4821.0,0.765,2.580216829592325,0.42274983555038775
Kepler-1834 c,Kepler-1834,0.7975071958841881,1.9444805562457188,0.0,7.340835554123275,0.0148886124937506,4821.0,0.765,2.580216829592325,0.3891716753440105
Kepler-1835 b,Kepler-1835,1.51157758436397,0.924258901523332,0.0,6.695798917058491,0.0950374153347517,5903.0,0.922,1.7578579175523736,0.30225000325775775
Kepler-1836 b,Kepler-1836,1.2678014050921615,1.2029723039923526,0.0,6.997595982981927,0.0584575695715686,6123.0,1.053,0.8020015854720273,0.2815777577349642
Kepler-1837 b,Kepler-1837,1.120614592939247,1.4011829736136412,0.0,6.920671504248683,0.0629747991613884,5966.0,1.049,0.4054651081081644,0.3244900034747787
Kepler-1838 b,Kepler-1838,0.9785119138040655,1.6253112615903906,0.0,7.001245622069476,0.1050984813298302,5877.0,1.187,1.6992786164338898,0.39801127094317384
Kepler-1839 b,Kepler-1839,1.0815935886478645,1.4609379041156565,0.0,6.956545443151569,0.0566638471175417,5926.0,1.03,0.3364722366212129,0.33163738774128776
Kepler-184 b,Kepler-184,1.2119409739751128,1.275362800412609,0.0,6.660575149839686,0.0880108773227133,5788.0,0.872,1.3737155789130306,0.3614632995241982
Kepler-184 c,Kepler-184,1.0885619528146082,1.99061032797322,0.0,6.447305862541213,0.1319050708799385,5788.0,0.872,1.3737155789130306,0.4826738573783226
Kepler-184 d,Kepler-184,1.249901736214336,1.2267122912954256,0.0,6.327936783729195,0.1646666215552338,5788.0,0.872,1.3737155789130306,0.4079387088628198
Kepler-1840 b,Kepler-1840,1.329118347419183,1.1249295969854831,0.0,5.652489180268651,0.3798464001571651,4898.0,0.7740000000000001,2.70805020110221,0.7049308120438724
Kepler-1841 b,Kepler-1841,0.9119314720928092,1.7387102481382395,0.0,6.297109319933935,0.1489371127743708,5190.0,0.823,2.533696813957432,0.4991784473436701
Kepler-1842 b,Kepler-1842,1.2101199150676845,1.2781522025001877,0.0,6.71295620067707,0.1097508639591192,5970.0,1.057,2.079441541679836,0.35386689839756214
Kepler-1843 b,Kepler-1843,1.3107887446392832,1.1505720275988207,0.0,6.650279048587422,0.1644206201373644,5422.0,1.02,1.969905654611529,0.33661624611366303
Kepler-1844 b,Kepler-1844,1.3953734982375396,1.0508216248317612,0.0,6.980075940561763,0.0466927279919822,5776.0,0.939,2.0784410413462524,0.27478948105187173
Kepler-1845 b,Kepler-1845,1.234996655189564,1.244154593958768,0.0,6.371611847231857,0.084800601692465,4703.0,0.6860000000000002,0.6931471805599453,0.37336040869361065
Kepler-1846 b,Kepler-1846,1.0166022966034227,1.5623463049002495,0.0,6.315358001522335,0.1048463835145432,4825.0,0.785,2.70805020110221,0.44264874863686526
Kepler-1847 b,Kepler-1847,1.3204667801682688,1.1378330018213914,0.0,6.738152494595957,0.0943096794707413,6122.0,1.041,0.3364722366212129,0.28454709960789026
Kepler-1848 b,Kepler-1848,0.8791510742219895,1.80005827204275,0.0,6.652863029353347,0.0567110915840423,4847.0,0.756,1.0367368849500225,0.46616821744298154
Kepler-1849 b,Kepler-1849,1.219901316330807,1.264126727145683,0.0,5.87493073085203,0.2308735973761202,4806.0,0.7090000000000001,2.6741486494265287,0.4887663933604001
Kepler-185 b,Kepler-185,0.7747271675523681,1.927164106234258,0.0,7.121252453244542,0.0256677467485777,5208.0,0.763,2.5572273113676265,0.400336076722713
Kepler-185 c,Kepler-185,1.1052568313867783,1.425515074273172,0.0,6.274762021241939,0.1301506844650451,5208.0,0.763,2.5572273113676265,0.4388996346444959
Kepler-1850 b,Kepler-1850,0.5475990929359029,1.6937790608678511,0.0,6.9167150203536085,0.020390689647734,4239.0,0.611,2.694627180770069,0.34620442760136616
Kepler-1851 b,Kepler-1851,1.5892597599171503,0.8501509293696101,0.0,6.655440350367647,0.096763668432308,5982.0,0.967,0.262364264467491,0.2697518234246976
Kepler-1852 b,Kepler-1852,1.0599081609949037,1.4951487660319729,0.0,6.634633357861686,0.0734363180731822,5237.0,0.927,2.26176309847379,0.4164911710876295
Kepler-1853 b,Kepler-1853,0.9237122124335396,1.7191887763932197,0.0,5.958424693029782,0.2147080724931081,4821.0,0.765,2.70805020110221,0.5536023893784087
Kepler-1854 b,Kepler-1854,1.2774447210964563,1.1908875647772803,0.0,6.042632833682381,0.1897439426095927,5026.0,0.8,2.6304489550786583,0.41543562806782164
Kepler-1855 b,Kepler-1855,0.7957962736316121,1.9444805562457188,0.0,6.745236349484362,0.0114343776256631,3460.0,0.385,1.9242486522741336,0.4397621611761547
Kepler-1856 b,Kepler-1856,1.005940807102144,1.578978704949392,0.0,7.20414929203594,0.0212721352755396,4948.0,0.782,2.476538400117484,0.35469337770043896
Kepler-1857 b,Kepler-1857,1.085410230408539,1.4539530095937054,0.0,6.853299093186078,0.0798088341734151,6074.0,0.8729999999999999,2.190535589185423,0.3734731986375264
Kepler-1858 b,Kepler-1858,1.2301323803990385,1.249901736214336,0.0,5.802118375377063,0.3056447728259534,4939.0,0.785,0.5306282510621704,0.5534748733984151
Kepler-1859 b,Kepler-1859,0.9490040679011378,1.673351238177753,0.0,7.283448228756631,0.0386436235922044,5887.0,1.09,1.252762968495368,0.3921730358080255
Kepler-1859 c,Kepler-1859,0.9783261227936076,1.623340817603092,0.0,7.191429330036379,0.0462154237969629,5887.0,1.09,1.252762968495368,0.3856047933631357
Kepler-186 b,Kepler-186,0.7275486072772778,1.8809906029559973,0.0,6.349138991379798,0.0337248694016208,3788.0,0.478,1.6094379124341005,0.5046354899622856
Kepler-186 c,Kepler-186,0.8109302162163288,1.9329696377795784,0.0,6.142037405587356,0.0441125746183209,3788.0,0.478,1.6094379124341005,0.5356577458529974
Kepler-186 d,Kepler-186,0.8754687373538999,1.8066480817218056,0.0,5.940171252720432,0.0752002325629351,3788.0,0.478,1.6094379124341005,0.5719880013061144
Kepler-186 e,Kepler-186,0.8197798314933114,1.912501086924184,0.0,5.768320995793772,0.1043600153242427,3788.0,0.478,1.6094379124341005,0.6895587788292313
Kepler-186 f,Kepler-186,0.7747271675523681,1.927164106234258,0.0392207131532812,5.181783550292085,0.3590720685384538,3755.0,0.544,1.6094379124341005,0.7414636383421452
Kepler-1860 b,Kepler-1860,0.7601690235124187,1.912501086924184,0.0,6.548219102762372,0.1009759173400022,5420.0,0.8739999999999999,0.9360933591703348,0.48846652881039127
Kepler-1861 b,Kepler-1861,1.165265491040386,1.3376291891386096,0.0,6.42648845745769,0.2157724513834281,5855.0,1.161,1.717395053939193,0.41386600104582605
Kepler-1862 b,Kepler-1862,1.164087870627021,1.3402504226184837,0.0,6.470799503782602,0.1132393956065108,5644.0,0.9,0.3364722366212129,0.3755609974405046
Kepler-1863 b,Kepler-1863,1.1826753837427255,1.3137236682850553,0.0,6.2324480165505225,0.2125112279570122,5871.0,1.097,2.566486636780424,0.39703728338453725
Kepler-1864 b,Kepler-1864,0.5619465838048303,1.7083778602890038,0.0,7.053585727193677,0.0478373294141601,5854.0,1.03,0.9631743177730056,0.37974269403355304
Kepler-1865 b,Kepler-1865,0.9465718828677474,1.6789639750827106,0.0,7.093404625868766,0.0338215484755106,5420.0,0.8489999999999999,2.533696813957432,0.3781154564625197
Kepler-1866 b,Kepler-1866,1.1256277558132846,1.396244691973059,0.0,6.727431724850855,0.096763668432308,5791.0,1.03,0.262364264467491,0.3446669828258466
Kepler-1867 b,Kepler-1867,0.7700433908908987,1.918392120161421,0.0,6.645090969505644,0.0836055838547969,5693.0,0.911,0.4054651081081644,0.44743117159736034
Kepler-1868 b,Kepler-1868,1.422988107738582,1.0224509277025458,0.0,5.375278407684165,0.4845719934211321,4658.0,0.7429999999999999,2.70805020110221,0.7597163620618543
Kepler-1869 b,Kepler-1869,0.7512054721661967,1.9050881545350584,0.0,6.763884908562435,0.0767387942188894,5808.0,0.987,0.8285518175661483,0.4474219024536729
Kepler-1869 c,Kepler-1869,0.5538851132264376,1.6992786164338898,0.0,7.283448228756631,0.0276151670329733,5808.0,0.987,0.8285518175661483,0.3611491066111329
Kepler-187 b,Kepler-187,0.8796267475025636,1.7984040119467235,0.0,7.126890808898808,0.0573250666192694,6105.0,1.081,2.009555414215669,0.41440706562290747
Kepler-187 c,Kepler-187,1.3001916620664788,1.1631508098056809,0.0,6.871091294610546,0.0944006754214843,6105.0,1.081,2.009555414215669,0.30125429563561335
Kepler-1870 b,Kepler-1870,1.1318657588287695,1.3862943611198906,0.0,6.953684210870537,0.0442082546643203,5508.0,0.955,0.5822156198526637,0.32373451648527873
Kepler-1871 b,Kepler-1871,1.2301459233524292,1.249901736214336,0.0,7.247080584585756,0.0303351997960729,5741.0,1.02,1.9021075263969205,0.29555572273711905
Kepler-1872 b,Kepler-1872,1.2191209131968503,1.2669476034873244,0.0,6.913737350659685,0.0454512629039173,5223.0,0.913,1.7309473298312976,0.3237967989947781
Kepler-1873 b,Kepler-1873,0.9653620412804657,1.6467336971777973,0.0,7.488852955733459,0.0127187724077746,5151.0,0.903,0.6931471805599453,0.3650179029639853
Kepler-1874 b,Kepler-1874,1.1666158122451082,1.3376291891386096,0.0,5.877735781779639,0.2337273448538547,4701.0,0.758,2.694627180770069,0.48831647730605554
Kepler-1875 b,Kepler-1875,1.441461037767538,1.000631880307906,0.0,6.327936783729195,0.1855662869588435,6161.0,0.95,0.262364264467491,0.3212720077271085
Kepler-1876 b,Kepler-1876,0.6168059473032227,2.995732273553991,0.0934903430873388,7.170119543449628,0.0730645708570051,6104.0,1.187,1.6863989535702286,0.3874239422521175
Kepler-1877 b,Kepler-1877,0.4849451960024091,1.6193882432872684,0.0,7.153833801578843,0.0341308587161456,5615.0,1.022,1.7749523509116738,0.3627056421737212
Kepler-1878 b,Kepler-1878,1.3661421142639143,1.085189268335969,0.0,6.96979066990159,0.050788166832105,5918.0,0.9559999999999998,1.7455409954264407,0.279386760148915
Kepler-1879 b,Kepler-1879,1.1200867790599225,1.4036429994545037,0.0,6.895682697747868,0.0913934284292105,5865.0,1.023,2.190535589185423,0.3571717253779906
Kepler-188 b,Kepler-188,0.9858167945227652,1.6114359150967734,0.0,7.288927694521257,0.0314986670593709,6021.0,1.021,1.916922612182061,0.379198124882758
Kepler-188 c,Kepler-188,1.4327007339340465,1.007957920399979,0.0,6.933423025730715,0.0639133257436528,6021.0,1.021,1.916922612182061,0.27582121130513054
Kepler-1880 b,Kepler-1880,1.136826784215747,1.3787660946990992,0.0,6.408528791059498,0.0525924501191705,4380.0,0.524,2.681021528714291,0.37463329643601373
Kepler-1881 b,Kepler-1881,1.3815440738493383,1.0647107369924282,0.0,5.66988092298052,0.4273896655239561,5135.0,0.812,0.6418538861723948,0.6533095482488379
Kepler-1882 b,Kepler-1882,0.9109742403449907,1.7404661748405044,0.0,6.796823718274855,0.1100733925863305,5691.0,1.068,2.0294631718735947,0.4434855896413402
Kepler-1883 b,Kepler-1883,1.4471716451321914,0.9932517730102834,0.0,6.0330862217988015,0.3672785267229235,6208.0,1.086,1.0338959739484186,0.43921150285639543
Kepler-1884 b,Kepler-1884,1.034631055772152,1.534714366238164,0.0,6.762729506931879,0.081119051284792,5984.0,0.993,0.262364264467491,0.36978468328619596
Kepler-1885 b,Kepler-1885,0.9207231143377986,1.7227665977411035,0.0,7.095064377287131,0.0353671438372913,5591.0,0.977,0.6418538861723948,0.38683909588486276
Kepler-1886 b,Kepler-1886,1.2758052388351429,1.1908875647772803,0.0,6.364750756851911,0.1484200051182732,5745.0,0.9280000000000002,1.095273387402595,0.39054100866055197
Kepler-1887 b,Kepler-1887,1.3672500565743206,1.0818051703517284,0.0,6.439350371100098,0.1328686730744243,5749.0,0.961,0.4054651081081644,0.331802648846602
Kepler-1888 b,Kepler-1888,0.8440585451805107,1.867176108512809,0.0,6.787844982309579,0.091302158406786,5557.0,0.8969999999999999,2.509599262378372,0.4374341954548175
Kepler-1889 b,Kepler-1889,1.3720957512445715,1.075002423028976,0.0,6.202535517187923,0.1891316487225038,5646.0,0.864,2.08877286910872,0.3823916988244107
Kepler-189 b,Kepler-189,0.7929925155296614,1.9401794743463283,0.0,6.520621127558696,0.0843411484337507,5235.0,0.8030000000000002,1.6054298910365616,0.5044899211958045
Kepler-189 c,Kepler-189,1.2178757094949273,2.327277705584417,0.0,6.300785794663244,0.128393214768399,5235.0,0.8030000000000002,1.6054298910365616,0.4733432684371289
Kepler-1890 b,Kepler-1890,0.6252289546488224,1.7783364488959144,0.0,7.192182058713246,0.0555482292994385,6046.0,1.024,1.2947271675944,0.39508336588794873
Kepler-1891 b,Kepler-1891,0.9248109554627176,1.717395053939193,0.0,6.925595197110468,0.0462154237969629,5516.0,0.8729999999999999,1.547562508716013,0.4226199158462556
Kepler-1892 b,Kepler-1892,1.042775135696113,1.5195132049061133,0.0,6.71295620067707,0.0613772796749034,5383.0,0.851,0.4054651081081644,0.3821603225799844
Kepler-1893 b,Kepler-1893,0.9953142557408896,1.5953389880545987,0.0,7.085901464365611,0.0491710440064493,5633.0,0.973,2.7013612129514133,0.3465449974583734
Kepler-1894 b,Kepler-1894,0.7889924853411748,1.935859813201812,0.0,7.116394144093465,0.0377773643340299,5772.0,0.999,0.4054651081081644,0.3979824199643825
Kepler-1894 c,Kepler-1894,0.7929925155296614,1.9401794743463283,0.0,6.915723448631314,0.0560021901152847,5772.0,0.999,0.4054651081081644,0.4158681508282177
Kepler-1895 b,Kepler-1895,1.1376237748067404,1.3787660946990992,0.0,6.672032945461067,0.0596830021611737,5076.0,0.86,0.7884573603642702,0.3641783039978695
Kepler-1896 b,Kepler-1896,1.4108308566465788,1.0331844833456545,0.0,6.285998094508865,0.2254608642693699,6122.0,1.07,0.7537718023763802,0.35686057060918014
Kepler-1897 b,Kepler-1897,1.338699361706444,1.11514159061932,0.0,6.226536669287466,0.1437539636446961,5165.0,0.8590000000000001,1.6486586255873816,0.3982234232037006
Kepler-1898 b,Kepler-1898,0.659350052742248,1.81319474994812,0.0,7.0630481633881725,0.0493899842413996,5702.0,0.8370000000000001,2.651832521103981,0.37937639307675275
Kepler-1899 b,Kepler-1899,0.9364787437236968,1.695615608675153,0.0,6.747586526829315,0.044686517622406,4791.0,0.7590000000000001,2.7013612129514133,0.4004942153853479
Kepler-19 b,Kepler-19,1.1659593621277198,1.410986973710262,0.3435897043900769,6.747586526829315,0.0812112554248232,5541.0,0.9360000000000002,1.0647107369924282,0.31115901617203373
Kepler-19 c,Kepler-19,1.5432981099295553,0.8919980393051105,0.1906203596086497,6.496358613920535,0.1626065703172061,5544.0,0.9360000000000002,1.0647107369924282,0.3090314529093201
Kepler-19 d,Kepler-19,1.801709800081223,0.669878553620591,0.048790164169432,6.183117431330821,0.0971267107307227,5544.0,0.9360000000000002,1.0647107369924282,0.33934918539167974
Kepler-190 b,Kepler-190,0.9400072584914712,1.6882490928583902,0.0,7.062191632286556,0.0295588022415444,5106.0,0.834,0.9082585601768908,0.3939462489592319
Kepler-190 c,Kepler-190,0.9001613499442714,1.7613002617433464,0.0,6.855408798609928,0.0440168854167743,5106.0,0.834,0.9082585601768908,0.4265845535502898
Kepler-1900 b,Kepler-1900,0.9643746505204416,1.6486586255873816,0.0,7.213031659834869,0.0411419433311751,6173.0,1.104,0.3364722366212129,0.3544454320084939
Kepler-1901 b,Kepler-1901,0.9059126938473128,1.749199854809259,0.0,7.032624261028007,0.0443039255565244,5696.0,1.022,0.5306282510621704,0.39067575268441845
Kepler-1902 b,Kepler-1902,0.7773210953418108,1.928618651945252,0.0,6.400257445308821,0.0377773643340299,3729.0,0.52,1.6716612556142325,0.49773128107160447
Kepler-1903 b,Kepler-1903,1.18980002833509,1.3056264580524355,0.0,6.646390514847729,0.1240743151019266,6347.0,1.053,0.2070141693843261,0.3270953898593929
Kepler-1904 b,Kepler-1904,0.8715022980904734,1.81319474994812,0.0,6.342121418721152,0.0426762742804363,3805.0,0.526,1.9213246735826988,0.5070070643850483
Kepler-1905 b,Kepler-1905,0.8944840449913591,1.7732559976634952,0.0,7.10085190894405,0.0441125746183209,5788.0,1.038,0.262364264467491,0.3816600653757296
Kepler-1906 b,Kepler-1906,1.328706968811246,1.128171090909654,0.0,6.804614520062624,0.071203759006332,5868.0,0.987,0.4054651081081644,0.27508668553249005
Kepler-1907 b,Kepler-1907,0.6257941905178322,1.7783364488959144,0.0,6.75343791859778,0.053009820313615,5159.0,0.752,2.70805020110221,0.40133381184322114
Kepler-1907 c,Kepler-1907,0.7680090013555086,1.918392120161421,0.0,6.431331081933479,0.0986772321887445,5159.0,0.752,2.70805020110221,0.4837450895519513
Kepler-1909 b,Kepler-1909,0.7382037693169748,1.888583653863595,0.0,6.939253946041508,0.0301411569119868,4935.0,0.663,2.7013612129514133,0.3966109786582979
Kepler-191 b,Kepler-191,0.8501509293696101,1.854734268389444,0.0,6.583409222158765,0.0834216081390723,5282.0,0.857,0.6931471805599453,0.47396906881347295
Kepler-191 c,Kepler-191,1.0508216248317612,1.5085119938441398,0.0,6.391917113392602,0.1204461530758671,5282.0,0.857,0.6931471805599453,0.4463359514636251
Kepler-191 d,Kepler-191,1.1878434223960523,1.308332819650179,0.0,6.754604099487962,0.0592495592039604,5215.0,0.8400000000000001,1.7749523509116738,0.3543343208388021
Kepler-1910 b,Kepler-1910,0.7811580578826586,1.9300710850255671,0.0,6.470799503782602,0.0522128714469342,4234.0,0.636,2.7013612129514133,0.46068091985462767
Kepler-1911 b,Kepler-1911,0.6986321107905149,1.851599469584072,0.0,6.895682697747868,0.0616593803867277,5721.0,0.954,1.977962372729982,0.4373028887355501
Kepler-1912 b,Kepler-1912,0.8572644909660877,1.840549633397487,0.0,6.884486652042782,0.0628715074420059,5734.0,0.977,1.175573329804238,0.44492799636498825
Kepler-1913 b,Kepler-1913,0.9236716616714392,1.7191887763932197,0.0,6.70808408385307,0.1141319340449126,6214.0,1.169,0.9995283304442109,0.4468351718126855
Kepler-1914 b,Kepler-1914,1.3719368586872192,1.075002423028976,0.0,6.373319789577012,0.1784808574080167,5982.0,1.0469999999999997,1.2068686074379615,0.3673267297531151
Kepler-1915 b,Kepler-1915,1.4393573196028475,0.9969486348916092,0.0,6.697034247666484,0.1079571415050922,6020.0,1.03,1.6707211408509988,0.30812204320953385
Kepler-1916 b,Kepler-1916,1.2858031793235043,1.1786549963416462,0.0,6.455198563340122,0.1867284986121608,6246.0,1.18,0.8501509293696101,0.35590373339536807
Kepler-1917 b,Kepler-1917,1.0611571477078854,1.4906543764441331,0.0,6.516193076042964,0.0980337402713654,5530.0,0.8819999999999999,0.8767179567543318,0.426753435614458
Kepler-1918 b,Kepler-1918,1.1932040983852068,1.3001916620664788,0.0,6.210600077024653,0.2250617104701135,5889.0,0.967,1.1167795926235586,0.4618888666021367
Kepler-1919 b,Kepler-1919,1.2875526097027754,1.175573329804238,0.0,6.173786103901937,0.1911987047315575,5513.0,0.8680000000000001,1.3994573476461716,0.4227598472079642
Kepler-192 b,Kepler-192,1.3190856114264409,1.1378330018213914,0.0,6.689599269178967,0.0861776962410523,5479.0,1.028,1.3737155789130306,0.32789664427210957
Kepler-192 c,Kepler-192,1.332366019094335,1.1216775615991057,0.0,6.436150368369428,0.1397619423751586,5479.0,1.028,1.3737155789130306,0.36709587468374705
Kepler-192 d,Kepler-192,0.7030975114131134,1.854734268389444,0.0,6.831953565565855,0.0663493805415339,5487.0,0.94,2.048982334195127,0.44650298552333945
Kepler-1920 b,Kepler-1920,1.374767804875909,1.0715836162801904,0.0,6.493753839851687,0.1858984852842971,6277.0,1.2390000000000003,0.8355144218468672,0.33643963464325427
Kepler-1921 b,Kepler-1921,1.3595895866138543,1.091923300517313,0.0,6.875232087276577,0.1472555342817527,6120.0,1.251,1.47932922708708,0.290062784030589
Kepler-1921 c,Kepler-1921,0.8796267475025636,1.7984040119467235,0.0,7.491087593534876,0.0443995872966844,6120.0,1.251,1.47932922708708,0.40704057058764986
Kepler-1922 b,Kepler-1922,1.1910848219165564,1.3029127521808397,0.0,6.608000625296087,0.1022857935407501,5931.0,0.9529999999999998,1.2736854167372365,0.3710055513883489
Kepler-1923 b,Kepler-1923,1.0850479711918355,1.4562867329399256,0.0,6.317164686747284,0.250447385841555,5881.0,1.109,1.7507638485245354,0.4615384036897048
Kepler-1924 b,Kepler-1924,1.295949904678143,1.1662709371419244,0.0,6.71174039505618,0.1147562372981886,5726.0,1.018,2.0299886579603057,0.3262767214907144
Kepler-1925 b,Kepler-1925,1.3867390672234718,1.0612565021243408,0.0,6.2766434893416445,0.2301588862081147,5856.0,1.057,1.5208252540774967,0.3746159270310726
Kepler-1926 b,Kepler-1926,1.1984454395515338,1.2919836816486496,0.0,6.113682179832232,0.1986049268670555,5256.0,0.768,1.7794844383524424,0.49545412455919374
Kepler-1927 b,Kepler-1927,1.4830286967872115,0.9555114450274363,0.0,6.519147287940395,0.3273810366094325,6056.0,1.408,1.355835153635182,0.3351986924010987
Kepler-1928 b,Kepler-1928,1.0959420601122307,1.4398351280479205,0.3576744442718159,6.432940092739179,0.1773090149704103,5720.0,1.01,0.0998453349697161,0.35090221013045547
Kepler-1929 b,Kepler-1929,1.4042589301233792,1.0402767116551463,0.0,6.340359303727752,0.2691336083640372,5786.0,1.006,2.069391205826334,0.3646235148553918
Kepler-193 b,Kepler-193,1.220829921392359,1.264126727145683,0.0,6.887552571664617,0.100749903100143,6335.0,1.051,0.262364264467491,0.28819159856599114
Kepler-193 c,Kepler-193,1.3217558399823195,1.1346227261911428,0.0,6.39024066706535,0.2515366258154276,6335.0,1.051,0.262364264467491,0.3492674130270971
Kepler-1930 b,Kepler-1930,0.9280435600248552,1.7101878155342436,0.0,6.467698726104354,0.0974261214382531,5083.0,0.8440000000000001,0.4824261492442927,0.46562010406864995
Kepler-1931 b,Kepler-1931,1.2956131147533207,1.169381359556317,0.0,6.429719478039138,0.2096853952296806,6167.0,1.174,1.717395053939193,0.3674065863708282
Kepler-1932 b,Kepler-1932,0.9222020972747368,1.7227665977411035,0.0,7.545389749611823,0.0122249696225689,5278.0,0.911,0.8960880245566356,0.3875165566543769
Kepler-1933 b,Kepler-1933,0.7792518878988404,1.9300710850255671,0.0,6.965080345601407,0.054535532648014,5661.0,0.964,1.0508216248317612,0.43660944063474255
Kepler-1934 b,Kepler-1934,0.6487131182870057,1.803358605071407,0.0,7.438971592395862,0.0243608502462573,5925.0,0.968,1.425515074273172,0.39679209973930135
Kepler-1935 b,Kepler-1935,1.2535389416360363,1.2208299213923592,0.0,6.988413181999592,0.0452601314048645,5570.0,0.8450000000000001,2.159014908460934,0.3027258069170264
Kepler-1936 b,Kepler-1936,1.42699377372729,1.0188473201992472,0.0,6.263398262591624,0.4230561413051931,6501.0,1.419,1.2725655957915476,0.3900201996444181
Kepler-1937 b,Kepler-1937,1.3920063416541406,1.0543120297715298,0.0,6.922643891475888,0.0875528970078615,6457.0,1.19,1.2383742310432684,0.27733480302872304
Kepler-1938 b,Kepler-1938,1.0396720306392089,1.5260563034950494,0.0,6.269096283706261,0.0896578719305353,4522.0,0.646,1.6536461670984206,0.47411367484809247
Kepler-1939 b,Kepler-1939,0.7723315491966736,1.922787731634459,0.0,6.705639094860003,0.0328543368709471,4353.0,0.648,1.8838827581038609,0.46142919348990785
Kepler-194 b,Kepler-194,0.9202827531436926,1.724550719534605,0.0,7.407924322559599,0.0314986670593709,6089.0,0.94,1.252762968495368,0.3977175861127108
Kepler-194 c,Kepler-194,1.2781522025001877,1.1878434223960523,0.0,6.704414354964107,0.1231021971339834,6089.0,0.94,1.252762968495368,0.33509755725720897
Kepler-194 d,Kepler-194,1.2237754316221157,1.258460989610006,0.0,6.333279628139691,0.2429461786103894,6089.0,0.94,1.252762968495368,0.41816708529396507
Kepler-1940 b,Kepler-1940,0.935043667260028,1.6974487897568138,0.0,6.786716950605081,0.0511682865743994,5431.0,0.8019999999999999,1.2856449529699607,0.4372785326493671
Kepler-1941 b,Kepler-1941,1.294664012175481,1.169381359556317,0.0,6.502790045915623,0.1868114620668066,6404.0,1.175,0.8590429022720305,0.3415974815900496
Kepler-1942 b,Kepler-1942,1.1368802083141931,1.3787660946990992,0.0,6.920671504248683,0.050312813873589,5834.0,0.852,1.4676439068162137,0.3480140642437936
Kepler-1943 b,Kepler-1943,0.9355802432351412,1.6992786164338898,0.0,7.002155954403621,0.0580330312506094,6032.0,1.055,1.8325814637483104,0.40776323425754446
Kepler-1944 b,Kepler-1944,1.3243422603117203,1.1314021114911006,0.0,6.687108607866515,0.0878277103655201,5585.0,1.064,0.981703870422387,0.3205848932231368
Kepler-1945 b,Kepler-1945,0.8281150409704297,1.8976198599275325,0.0,6.695798917058491,0.0579858491986532,4991.0,0.7670000000000001,2.1792868766495523,0.47415542204909866
Kepler-1946 b,Kepler-1946,1.2493649102006077,1.2267122912954256,0.0,7.042286171939743,0.0386436235922044,5505.0,0.887,1.8457740575342927,0.30149225473036445
Kepler-1947 b,Kepler-1947,0.6982176042083045,1.8531680973566984,0.0,7.1693500166706,0.071157194316328,6040.0,0.984,0.6830968447064438,0.3952189289832702
Kepler-1948 b,Kepler-1948,0.7094300226342186,1.8625285401162623,0.0,5.991464547107982,0.0973081824669979,3872.0,0.585,1.519075472353709,0.5469432124567533
Kepler-1949 b,Kepler-1949,1.1692712323745291,1.332366019094335,0.0,7.444248649496705,0.034594644764499,6028.0,1.194,1.5824777308513172,0.31036782067874347
Kepler-195 b,Kepler-195,1.1085626195212777,1.420695787837223,0.0,6.62273632394984,0.0741793981742515,5329.0,0.867,1.1600209167967532,0.4032854503266448
Kepler-195 c,Kepler-195,0.9360933591703348,1.6974487897568138,0.0,6.152732694704104,0.1798184265758361,5329.0,0.867,1.1600209167967532,0.5438404589358431
Kepler-1950 b,Kepler-1950,0.927018380339674,1.713797927758343,0.0,6.6240652277998935,0.0835136002278176,5455.0,0.7590000000000001,1.9362926199603527,0.46516033041551613
Kepler-1951 b,Kepler-1951,1.2002875862434872,1.2919836816486496,0.0,6.591673732008658,0.1340937344806987,5468.0,0.9230000000000002,2.482236421232121,0.3509688085171542
Kepler-1952 b,Kepler-1952,0.806133601944191,1.943048916774281,0.0,6.587550014824796,0.1590529298546003,5973.0,0.922,2.073423469354273,0.4916516891764242
Kepler-1953 b,Kepler-1953,0.826692741209101,1.900613874140137,0.0,6.595780513961311,0.0589290675292874,4858.0,0.7859999999999999,1.4386495914538189,0.48959883519089065
Kepler-1954 b,Kepler-1954,1.0304616838035914,1.5390154481375546,0.0,6.856461984594587,0.0606246218164348,5840.0,0.942,1.5511730043021246,0.39440531258602746
Kepler-1955 b,Kepler-1955,0.7731354775224767,1.9242486522741336,0.0,6.74993119378857,0.1129625468579296,5825.0,1.049,1.6808279085207734,0.4656349338537645
Kepler-1956 b,Kepler-1956,0.7368780825036121,1.888583653863595,0.0,6.51471269087253,0.0547722358469794,4391.0,0.671,1.948193255069882,0.4985752665935027
Kepler-1957 b,Kepler-1957,0.6646184127008001,1.8180767775454283,0.0,7.003065458786462,0.029461710149619,4904.0,0.745,2.1798523276117487,0.41594552358207854
Kepler-1958 b,Kepler-1958,1.115549084631537,1.4085449700547104,0.0,6.693323668269949,0.0821328295385223,5749.0,0.961,1.3334208715128224,0.3869386532878663
Kepler-1959 b,Kepler-1959,0.7622801015728373,1.913977101952304,0.0,6.699500340161678,0.0598713970373903,5071.0,0.768,2.412067103611043,0.45830997119433103
Kepler-196 b,Kepler-196,1.0647107369924282,1.4861396960896067,0.0,6.285998094508865,0.1292723357041391,5128.0,0.839,1.4085449700547104,0.47288391437854393
Kepler-196 c,Kepler-196,1.175573329804238,1.324418957401803,0.0,6.0112671744041615,0.2151113796169455,5128.0,0.839,1.4085449700547104,0.4844719607244452
Kepler-196 d,Kepler-196,1.2976425657430732,1.1662709371419244,0.0,5.697093486505405,0.3746621989531193,5132.0,0.8049999999999999,1.4085449700547104,0.6622831553378212
Kepler-1960 b,Kepler-1960,0.836163404620483,1.8809906029559973,0.0,7.344719054149673,0.0347878254856639,6371.0,1.117,1.01519444718861,0.41037607396355286
Kepler-1961 b,Kepler-1961,0.9627088659556624,1.6505798557652755,0.0,6.765038976780541,0.0571361913708091,5401.0,0.8709999999999999,0.9688831819933256,0.4243283043884883
Kepler-1962 b,Kepler-1962,0.7950895414773351,1.943048916774281,0.0,6.804614520062624,0.0753857269058896,5700.0,1.003,1.5045217424845403,0.460114514156176
Kepler-1963 b,Kepler-1963,0.5563935908009487,1.7029282555214391,0.0,7.278628942320682,0.0287332188228724,5726.0,0.915,1.623340817603092,0.3774370074563141
Kepler-1964 b,Kepler-1964,1.0228316825443495,1.5539252025038417,0.0,6.894670039433482,0.0316924467324897,4803.0,0.752,1.789590451943215,0.39080459743955276
Kepler-1965 b,Kepler-1965,0.8561803143320397,1.8421356765531216,0.0,6.20050917404269,0.2067783692279307,5852.0,0.9280000000000002,1.717395053939193,0.5509697728861962
Kepler-1966 b,Kepler-1966,0.7442172532853943,1.8961194845522973,0.0,6.598509028614515,0.0735292332881155,5009.0,0.797,2.205523380150914,0.48916141758431564
Kepler-1967 b,Kepler-1967,0.5482519028850996,1.695615608675153,0.0,6.99117688712121,0.0647197547137744,4970.0,0.996,2.069391205826334,0.39652689725533896
Kepler-1968 b,Kepler-1968,0.9163068677439712,1.7334238922150915,0.0,6.61338421837956,0.0672847468055963,5008.0,0.8440000000000001,1.7210150647022973,0.4721155282969906
Kepler-1969 b,Kepler-1969,0.9864173641447218,1.6114359150967734,0.0,6.907755278982137,0.0692461727368143,6046.0,1.111,0.6615017027243997,0.3844005685585786
Kepler-197 b,Kepler-197,0.7030975114131134,1.854734268389444,0.0198026272961797,7.04141166379481,0.0582689081239757,6004.0,0.857,1.851599469584072,0.4173678318901109
Kepler-197 c,Kepler-197,0.8020015854720274,2.815408719422709,0.0769610411361283,6.836259277277067,0.0861776962410523,6004.0,0.857,1.851599469584072,0.43765268719313155
Kepler-197 d,Kepler-197,0.7975071958841881,1.9444805562457188,0.0295588022415444,6.698268054115413,0.1124354293297881,6004.0,0.857,1.851599469584072,0.4665880970392138
Kepler-197 e,Kepler-197,0.6471032420585385,1.80005827204275,0.3220834991691133,6.539585955617669,0.151862349309246,6004.0,0.857,1.851599469584072,0.4226233480573907
Kepler-1972 b,Kepler-1972,0.5888971591861462,3.144152278672264,0.0648509723196163,6.98933526597456,0.0770165951485311,5818.0,1.12,2.128231705849268,0.40252050771522024
Kepler-1972 c,Kepler-1972,0.6248683398066509,2.9652730660692823,0.0421011760186353,7.103322062526113,0.0997819845468308,5818.0,1.12,2.128231705849268,0.40612328981729173
Kepler-1976 b,Kepler-1976,2.580974118534234,1.269760544863939,0.0,7.00669522683704,0.0549615580739743,5712.0,0.976,0.262364264467491,0.20220798943294963
Kepler-1977 b,Kepler-1977,0.9783261227936076,1.623340817603092,0.0,6.683360945766275,0.0474559411562953,4805.0,0.769,0.832909122935104,0.42254795985613447
Kepler-1978 b,Kepler-1978,1.3001916620664788,1.1631508098056809,0.0,6.517671272912275,0.0874612757699945,5251.0,0.8690000000000001,0.4700036292457356,0.32994493760163346
Kepler-198 b,Kepler-198,1.3402504226184837,1.11514159061932,0.0,6.486160788944089,0.1231021971339834,5574.0,0.995,0.412109650826833,0.3272667163331416
Kepler-198 c,Kepler-198,1.244154593958768,1.2325602611778486,0.0,6.144185634125646,0.2303177550622101,5574.0,0.995,0.412109650826833,0.4074320025650117
Kepler-198 d,Kepler-198,0.9282193027394288,1.7119945007591926,0.0,7.354362330421477,0.0231499598986995,5636.0,0.97,1.551808799597464,0.39834565121648857
Kepler-1980 b,Kepler-1980,1.1662709371419244,1.3376291891386096,0.0,6.336825731146441,0.1863965759470937,5819.0,1.049,1.487722153750004,0.42181763294981395
Kepler-1981 b,Kepler-1981,2.325324579963535,0.3625576070968879,0.0,5.968707559985366,0.8455248609808278,5874.0,1.519,1.4834687113691911,0.6148238310911326
Kepler-1982 b,Kepler-1982,0.5709795465857378,1.7209792871670078,0.0,7.1569563646156364,0.0498372348471716,6202.0,1.213,1.289232648276759,0.38025671029881336
Kepler-1983 b,Kepler-1983,1.2029723039923526,1.2864740258376797,0.0,6.694562058521095,0.066630082297763,5135.0,0.812,2.6878474937846906,0.32134202028724035
Kepler-1984 b,Kepler-1984,2.0554049638515943,0.5001690435774618,0.0,6.516193076042964,0.0235211950413458,3638.0,0.45,2.694627180770069,0.24762142483716515
Kepler-1985 b,Kepler-1985,1.184789984909162,1.3110318766193438,0.0,7.029972911706386,0.0417175933518685,5370.0,0.877,2.377321439108063,0.31006240855852596
Kepler-1986 b,Kepler-1986,1.0612565021243408,1.4906543764441331,0.0,6.363028103540465,0.1228369099590624,5549.0,0.776,1.8639250800282403,0.46649349030324866
Kepler-1987 b,Kepler-1987,0.8020015854720274,1.94876321803772,0.0,6.905753276311464,0.0313048498284124,4769.0,0.799,1.5492631893980304,0.44189388209598696
Kepler-1987 c,Kepler-1987,0.8458682675776092,1.8625285401162623,0.0,6.7580945044277305,0.0418135028134103,4769.0,0.799,1.5221355840313036,0.4608925423256816
Kepler-1987 d,Kepler-1987,1.297463147413275,1.1662709371419244,0.0,6.61338421837956,0.0555293097924802,4769.0,0.799,1.3711807233098423,0.34036595329578573
Kepler-1987 e,Kepler-1987,1.0715836162801904,1.4770487243883548,0.0,6.467698726104354,0.0737150378222806,4769.0,0.799,1.4447990904924537,0.43811781028558133
Kepler-1988 b,Kepler-1988,0.9282193027394288,1.7119945007591926,0.0,7.00850518208228,0.0987587720232638,6033.0,1.1270000000000002,1.8084526921697155,0.41108207787131745
Kepler-1989 b,Kepler-1989,1.7263316639055997,0.7323678937132266,0.0,6.807934943699926,0.0878277103655201,6032.0,0.999,1.672975933238088,0.27377527766174736
Kepler-199 b,Kepler-199,1.4134230285081433,1.0296194171811583,0.0,6.39024066706535,0.1466943791508035,5644.0,0.96,0.8960880245566356,0.3508011929615902
Kepler-199 c,Kepler-199,1.4469189829363254,0.9932517730102834,0.0,6.042632833682381,0.2745968329031255,5644.0,0.96,0.8960880245566356,0.40939231587361025
Kepler-1990 b,Kepler-1990,1.4516138272405332,0.9858167945227652,0.0,7.349230824613334,0.0281986543586787,5751.0,1.028,1.252762968495368,0.25310781392000403
Kepler-1990 c,Kepler-1990,0.6830968447064438,1.837369980480108,0.0,7.065613363597717,0.0491710440064493,5751.0,1.028,1.252762968495368,0.4169013544383856
Kepler-1991 b,Kepler-1991,0.904218150639886,1.752672080520008,0.0,6.634633357861686,0.1012018805089672,5478.0,0.914,2.048982334195127,0.4709514625509966
Kepler-1991 c,Kepler-1991,1.2725655957915476,1.1969481893889715,0.0,6.453624998892692,0.1421937657031752,5478.0,0.914,2.048982334195127,0.37915688487070454
Kepler-1992 b,Kepler-1992,0.6471032420585385,1.80005827204275,0.0,6.45833828334479,0.1105569905646438,5383.0,0.8739999999999999,2.673458756332591,0.45040605172542136
Kepler-1993 b,Kepler-1993,1.6389967146756448,0.8064758658669486,0.0,6.806829360392176,0.1775602396922441,5159.0,1.3730000000000002,1.7369512327330598,0.2811259993969933
Kepler-1995 b,Kepler-1995,1.66392609771817,0.7793248768009976,0.0,5.929589143389895,0.2820914741385361,5029.0,0.847,1.1118575154181305,0.49255819777934406
Kepler-1996 b,Kepler-1996,1.181727195378616,1.316408233655724,0.0,5.973809611869261,0.1645818003159447,4580.0,0.748,2.70805020110221,0.4393648712154746
Kepler-1996 c,Kepler-1996,1.3376291891386096,1.118414915964289,0.0,5.6240175061873385,0.3080727620995149,4580.0,0.748,2.70805020110221,0.6536784699404585
Kepler-1997 b,Kepler-1997,1.1878434223960523,1.308332819650179,0.0,6.493753839851687,0.1667848176448254,6215.0,1.111,0.9541643843022366,0.3847087516131511
Kepler-1998 b,Kepler-1998,0.4700036292457356,1.603419840108537,0.0,7.080026499922591,0.039701366851552,5640.0,0.962,1.6620303625532709,0.36319463671543906
Kepler-1999 b,Kepler-1999,1.4562867329399256,0.982078472412158,0.0,6.359573868672378,0.0688728642863754,4406.0,0.632,1.2430011912934145,0.35136854631089426
Kepler-20 b,Kepler-20,1.0199297666336409,2.341805806147327,0.0797349680188535,7.080026499922591,0.0446387016183803,5495.0,0.929,1.88706964903238,0.39609704267489565
Kepler-20 c,Kepler-20,1.359436906950008,1.2556160374777745,0.0732504617395926,6.720220155135295,0.0894750064276027,5495.0,0.929,1.88706964903238,0.3137498800285734
Kepler-20 d,Kepler-20,1.2825991247811257,1.62924053973028,0.0788111804242897,6.066108090103747,0.2981768095444223,5495.0,0.929,1.88706964903238,0.4803698802780297
Kepler-20 e,Kepler-20,0.5993858007454709,2.1400661634962708,0.0880108773227133,6.912742820493176,0.0617533962754821,5495.0,0.929,1.88706964903238,0.40979124406620915
Kepler-20 f,Kepler-20,0.6688544879909007,2.2407096892759584,0.0898407039997894,6.525029657843462,0.1298872608344222,5495.0,0.929,1.88706964903238,0.4794780778036847
Kepler-20 g,Kepler-20,1.7422190236679187,0.7178397931503169,0.1397619423751586,6.263398262591624,0.1868944186390886,5495.0,0.948,2.151762203259462,0.34149055973586157
Kepler-200 b,Kepler-200,1.1410330045520618,1.3737155789130306,0.0,6.75110146893676,0.0769610411361283,5678.0,0.972,1.9878743481543453,0.36957412751848073
Kepler-200 c,Kepler-200,0.9516578757114464,1.6695918352538477,0.0,6.693323668269949,0.0861776962410523,5678.0,0.972,1.9878743481543453,0.44529908755256786
Kepler-2000 b,Kepler-2000,1.316408233655724,1.1410330045520618,0.0,6.274762021241939,0.0546775612906957,3757.0,0.581,1.9459101490553128,0.37067349396697796
Kepler-2000 c,Kepler-2000,0.9439058989071284,1.6845453849209058,0.0,5.886104031450156,0.1158255655055903,3757.0,0.581,1.9459101490553128,0.5616967735640368
Kepler-2001 b,Kepler-2001,0.712949807856125,1.867176108512809,0.0,7.246368080102461,0.0195084663880429,5081.0,0.864,1.6094379124341005,0.41486367985096256
Kepler-2001 c,Kepler-2001,1.0367368849500225,1.5303947050936475,0.0,6.393590753950631,0.1029175340066863,5081.0,0.864,1.6094379124341005,0.46964287477781336
Kepler-201 b,Kepler-201,1.2412685890696329,1.235471471385307,0.0,6.52795791762255,0.1612681475961222,6065.0,1.098,1.623340817603092,0.3679142800940368
Kepler-201 c,Kepler-201,1.3480731482996928,1.1052568313867783,0.0,5.937536205082426,0.4529846240761407,6065.0,1.098,1.623340817603092,0.4421575466358234
Kepler-202 b,Kepler-202,0.9669838461896731,1.6428726885203375,0.0,6.688354713946762,0.0440168854167743,4668.0,0.6829999999999999,1.4445632692438664,0.4362413868554663
Kepler-202 c,Kepler-202,1.0473189942805592,1.5129270120532563,0.0,6.226536669287466,0.1070590722934076,4668.0,0.6829999999999999,1.4445632692438664,0.48316416508673404
Kepler-203 b,Kepler-203,1.2725655957915476,1.1969481893889715,0.0,7.1770187659099,0.0421011760186353,5821.0,1.06,1.0224509277025458,0.2817074032043416
Kepler-204 b,Kepler-204,1.2612978709452054,1.208960345836975,0.0,6.720220155135295,0.1106465200870636,5812.0,1.038,0.8796267475025636,0.32615892750748443
Kepler-204 c,Kepler-204,1.0260415958332745,1.547562508716013,0.0,6.52795791762255,0.1595645696713384,5812.0,1.038,0.8796267475025636,0.44056196454953034
Kepler-205 b,Kepler-205,0.9202827531436926,1.724550719534605,0.0,6.630683385642372,0.0314986670593709,4321.0,0.592,1.6900958154515549,0.45349494046644695
Kepler-205 c,Kepler-205,0.9707789171582248,1.6389967146756448,0.0,5.966146739123692,0.1151128071005045,4321.0,0.592,1.6900958154515549,0.5478796414425775
Kepler-206 b,Kepler-206,0.7884573603642702,1.9387416595767009,0.0,6.891625897052253,0.0751074724868054,5764.0,0.957,2.2321626286975,0.445249068727859
Kepler-206 c,Kepler-206,1.0188473201992472,1.55814461804655,0.0,6.716594773520978,0.1052605106574929,5764.0,0.957,2.2321626286975,0.4189426286641092
Kepler-206 d,Kepler-206,0.7839015438284094,1.9315214116032136,0.0,6.525029657843462,0.1510028735365274,5764.0,0.957,2.2321626286975,0.5014866288860869
Kepler-207 b,Kepler-207,0.9439058989071284,1.6845453849209058,0.0,7.565793282428515,0.0285874568519125,5920.0,1.3130000000000002,1.5325568680981427,0.3907802935938888
Kepler-207 c,Kepler-207,0.9162907318741552,1.7334238922150915,0.0,7.350516171833998,0.0430594894604469,5920.0,1.3130000000000002,1.5325568680981427,0.4001840749494609
Kepler-207 d,Kepler-207,1.4609379041156565,0.982078472412158,0.0,7.134890851565884,0.0657877405380031,5920.0,1.3130000000000002,1.5325568680981427,0.25763686013436715
Kepler-208 b,Kepler-208,0.9669838461896731,1.6428726885203375,0.0,7.22983877815125,0.0525924501191705,6092.0,1.082,1.7369512327330598,0.3863989471714284
Kepler-208 c,Kepler-208,0.8712933659434192,1.8148247421590515,0.0,7.040536390215956,0.0760346862759976,6092.0,1.082,1.7369512327330598,0.42375915813250337
Kepler-208 d,Kepler-208,0.7884573603642702,1.9387416595767009,0.0,6.907755278982137,0.0980337402713654,6092.0,1.082,1.7369512327330598,0.44344778987128086
Kepler-208 e,Kepler-208,0.9082585601768908,1.7457155307266483,0.0,6.78105762593618,0.1239859797809912,6092.0,1.082,1.7369512327330598,0.44402651510214863
Kepler-209 b,Kepler-209,1.181727195378616,1.316408233655724,0.0,6.505784060128229,0.1151128071005045,5513.0,0.971,1.0818051703517284,0.3946186967679497
Kepler-209 c,Kepler-209,1.410986973710262,1.0331844833456545,0.0,6.18826412308259,0.2078268472023164,5513.0,0.971,1.0818051703517284,0.3956903652478069
Kepler-21 b,Kepler-21,0.9704000575211872,2.33214389523559,0.0,7.60887062919126,0.0424846116061553,6305.0,1.408,1.3454723665996355,0.4036705768901121
Kepler-210 b,Kepler-210,1.3711807233098423,1.0784095813505905,0.0,6.6039438246004725,0.0314986670593709,4559.0,0.77,1.0224509277025458,0.3167489489023832
Kepler-210 c,Kepler-210,1.5303947050936475,0.9082585601768908,0.0,6.210600077024653,0.0676586484738148,4559.0,0.77,1.0224509277025458,0.35834616816777
Kepler-211 b,Kepler-211,0.8153648132841945,1.9242486522741336,0.0,6.86171134048073,0.0468835858988504,5123.0,0.867,0.9360933591703348,0.4425914338951987
Kepler-212 b,Kepler-212,0.7371640659767197,1.88706964903238,0.0,6.7226297948554485,0.1248689820458692,5852.0,1.166,1.81319474994812,0.46576087694613105
Kepler-212 c,Kepler-212,1.3190856114264409,1.1378330018213914,0.0,6.499787040655854,0.1881379421153944,5852.0,1.166,1.81319474994812,0.3561098964844988
Kepler-213 b,Kepler-213,0.9631743177730056,1.6505798557652755,0.0,7.190676034332207,0.0353671438372913,5696.0,1.07,0.9631743177730056,0.38335607623823753
Kepler-213 c,Kepler-213,1.205970806988609,1.2837077723447896,0.0,6.966967138613983,0.0554347068881005,5696.0,1.07,0.9631743177730056,0.31228238419091625
Kepler-214 b,Kepler-214,1.2837077723447896,1.181727195378616,0.0,6.6320017773956295,0.1222176327242492,6169.0,1.11,0.947789398933526,0.32818070336291183
Kepler-214 c,Kepler-214,1.1410330045520618,1.3737155789130306,0.0,6.429719478039138,0.1773090149704103,6169.0,1.11,0.947789398933526,0.402841411430209
Kepler-215 b,Kepler-215,0.9631743177730056,1.6505798557652755,0.0,6.665683717782408,0.0806579030174544,5739.0,0.788,0.9631743177730056,0.43849175694881654
Kepler-215 c,Kepler-215,1.0188473201992472,1.55814461804655,0.0,6.516193076042964,0.1070590722934076,5739.0,0.788,0.9631743177730056,0.4438634485537362
Kepler-215 d,Kepler-215,1.220829921392359,2.3513752571634776,0.0,6.269096283706261,0.1697427745870945,5739.0,0.788,0.9631743177730056,0.46508488277506005
Kepler-215 e,Kepler-215,1.01160091167848,1.5686159179138452,0.0,6.0063531596017325,0.2730759200624187,5739.0,0.788,0.9631743177730056,0.5330234400227682
Kepler-216 b,Kepler-216,1.208960345836975,1.2781522025001877,0.0,6.975413927455952,0.0760346862759976,6091.0,1.126,0.2468600779315258,0.2802127852385928
Kepler-216 c,Kepler-216,1.396244691973059,1.0473189942805592,0.0,6.703188113240863,0.1275133202989596,6091.0,1.126,0.2468600779315258,0.2734079340538062
Kepler-217 b,Kepler-217,1.172482137234565,1.3270750014599193,0.0,7.254177846456518,0.0629747991613884,6171.0,1.342,1.2237754316221157,0.31056577459024576
Kepler-217 c,Kepler-217,1.0473189942805592,1.5129270120532563,0.0,7.097548850614793,0.0852598439508234,6171.0,1.342,1.2237754316221157,0.3629750515550355
Kepler-217 d,Kepler-217,0.8415671856782186,1.871802176901592,0.0,7.362010551259734,0.0520230280671519,6341.0,1.37,1.289232648276759,0.41489857553169623
Kepler-218 b,Kepler-218,0.9082585601768908,1.7457155307266483,0.0,7.053585727193677,0.0449733656427311,5502.0,1.019,1.3912819026309298,0.4150428771011936
Kepler-218 c,Kepler-218,1.420695787837223,1.0188473201992472,0.0,6.2166061010848646,0.2215422699472359,5502.0,1.019,1.3912819026309298,0.38902068659788497
Kepler-218 d,Kepler-218,1.297463147413275,1.1662709371419244,0.0,5.877735781779639,0.4046914755983567,5542.0,1.01,1.890095369948917,0.4879053606285864
Kepler-219 b,Kepler-219,1.3737155789130306,1.075002423028976,0.0,7.176254532017144,0.0554347068881005,5786.0,1.164,1.6094379124341005,0.266926608957329
Kepler-219 c,Kepler-219,1.5216989981260935,0.9162907318741552,0.0,6.642486801367256,0.1527210870176639,5786.0,1.164,1.6094379124341005,0.31429216175696695
Kepler-219 d,Kepler-219,1.3376291891386096,1.7457155307266483,0.0,6.395261598115449,0.2405904649179304,5786.0,1.164,1.6094379124341005,0.4258230372211321
Kepler-220 b,Kepler-220,0.5933268452777344,1.7457155307266483,0.0,6.633318433280377,0.0449733656427311,4632.0,0.7289999999999999,1.9459101490553128,0.44291393097581305
Kepler-220 c,Kepler-220,0.9439058989071284,1.6845453849209058,0.0,6.375024819828097,0.0732504617395926,4632.0,0.7289999999999999,1.9459101490553128,0.4921339166767948
Kepler-220 d,Kepler-220,0.6830968447064438,1.837369980480108,0.0,5.996452088619021,0.1510028735365274,4632.0,0.7289999999999999,1.9459101490553128,0.5699350774151141
Kepler-220 e,Kepler-220,0.8458682675776092,1.8625285401162623,0.0,5.834810737062605,0.2037568375140196,4632.0,0.7289999999999999,1.9459101490553128,0.6439114003774112
Kepler-221 b,Kepler-221,0.9969486348916096,0.173953307123438,0.0,6.994849985833071,0.0363319292473902,5243.0,0.8539999999999999,1.0224509277025458,0.3207565567727689
Kepler-221 c,Kepler-221,1.3686394258811698,1.0784095813505905,0.0,6.7580945044277305,0.0573250666192694,5243.0,0.8539999999999999,1.0224509277025458,0.30442346858275043
Kepler-221 d,Kepler-221,1.316408233655724,0.6418538861723948,0.0,6.569481420414296,0.0834216081390723,5243.0,0.8539999999999999,1.0224509277025458,0.322124603245112
Kepler-221 e,Kepler-221,1.289232648276759,0.4510756193602167,0.0,6.368187186350492,0.1222176327242492,5243.0,0.8539999999999999,1.0224509277025458,0.3547717220674181
Kepler-222 b,Kepler-222,1.425515074273172,1.015230679729059,0.0,6.912742820493176,0.0468835858988504,5433.0,0.933,0.7747271675523681,0.26503775775160465
Kepler-222 c,Kepler-222,1.7298840655099674,0.7275486072772778,0.0,6.5998704992128365,0.0870947068509337,5433.0,0.933,0.7747271675523681,0.29482634573836825
Kepler-222 d,Kepler-222,1.545432582458188,0.8919980393051105,0.0,6.259581464064923,0.1655144384775733,5433.0,0.933,0.7747271675523681,0.36374691975476203
Kepler-223 b,Kepler-223,1.383791230901772,0.9321640810304452,0.0751074724868054,6.949856455000773,0.0725531926817086,5803.0,1.125,2.2935443483418965,0.2530111041188027
Kepler-223 c,Kepler-223,1.4906543764441331,0.5364933705145685,0.1397619423751586,6.854354502255021,0.0872505150605085,5803.0,1.125,2.2935443483418965,0.23297880258141354
Kepler-223 d,Kepler-223,1.8309801823813363,0.2700271372130601,0.0363319292473902,6.71901315438526,0.1129357509755619,5803.0,1.125,2.2935443483418965,0.2608804068378071
Kepler-223 e,Kepler-223,1.7227665977411035,0.2468600779315258,0.049742091894814,6.62273632394984,0.1352386843721974,5803.0,1.125,2.2935443483418965,0.27384804949944597
Kepler-224 b,Kepler-224,0.8712933659434192,1.8148247421590515,0.0,6.843749949006225,0.0372957847436968,5018.0,0.777,1.1908875647772803,0.4445945174484555
Kepler-224 c,Kepler-224,1.415853163361435,1.0260415958332745,0.0,6.6320017773956295,0.0563803334361076,5018.0,0.777,1.1908875647772803,0.31958205836827214
Kepler-224 d,Kepler-224,1.1939224684724346,1.297463147413275,0.0,6.415096959171596,0.0852598439508234,5018.0,0.777,1.1908875647772803,0.40299257254012394
Kepler-224 e,Kepler-224,1.0885619528146082,1.449269160281279,0.0,6.249975242259483,0.1168937514714993,5018.0,0.777,1.1908875647772803,0.4676291624971353
Kepler-225 b,Kepler-225,0.7884573603642702,1.9387416595767009,0.0,6.363028103540465,0.0544881852840697,3682.0,0.593,1.355835153635182,0.5068350571309592
Kepler-225 c,Kepler-225,1.043804052173115,1.5173226235262949,0.0,6.023447592961033,0.1052605106574929,3682.0,0.593,1.355835153635182,0.5056973322120898
Kepler-226 c,Kepler-226,1.184789984909162,3.100092288878234,0.0,6.824373670043086,0.0563803334361076,5571.0,0.904,1.6428726885203375,0.39551002017670434
Kepler-226 d,Kepler-226,0.7975071958841881,1.9444805562457188,0.0,6.68586094706836,0.0732504617395926,5571.0,0.904,1.6428726885203375,0.4771543907130683
Kepler-227 b,Kepler-227,1.4134230285081433,1.0296194171811583,0.0,6.677083461247136,0.0861776962410523,5854.0,0.954,1.6054298910365616,0.3145372971100596
Kepler-227 c,Kepler-227,1.396244691973059,1.0473189942805592,0.0,6.095824562432225,0.2546422183735807,5854.0,0.954,1.6054298910365616,0.4171662935148173
Kepler-228 b,Kepler-228,0.9282193027394288,1.7119945007591926,0.0,7.215975002651466,0.0372957847436968,6043.0,1.006,2.048982334195127,0.3987625856274031
Kepler-228 c,Kepler-228,1.308332819650179,1.1505720275988207,0.0,7.057036981697891,0.0506931143155181,6043.0,1.006,2.048982334195127,0.282452553537239
Kepler-228 d,Kepler-228,1.6174060820832772,0.8241754429663495,0.0,6.728628613084702,0.0962188577405429,6043.0,1.006,2.048982334195127,0.29156168838489577
Kepler-229 b,Kepler-229,1.1631508098056809,1.3428648031925547,0.0,6.714170529909472,0.060153922819747,5120.0,0.808,1.1118575154181305,0.36973081799570295
Kepler-229 c,Kepler-229,1.7783364488959144,0.6891391591624065,0.0,6.398594934535208,0.1106465200870636,5120.0,0.808,1.1118575154181305,0.34501403101855954
Kepler-229 d,Kepler-229,1.578978704949392,0.8628899551470399,0.0,6.0867747269123065,0.1988508587451652,5120.0,0.808,1.1118575154181305,0.42310439692724144
Kepler-23 b,Kepler-23,0.9700210542951228,1.431953438071591,0.0168571170664229,7.05444965813294,0.06963799668227,5828.0,1.078,2.31451366385932,0.3674861011931774
Kepler-23 c,Kepler-23,1.3875435805203225,0.9465847977237344,0.0207825391825285,6.9167150203536085,0.0907634956468551,5828.0,1.078,2.31451366385932,0.26652104573523305
Kepler-23 d,Kepler-23,1.165024054187361,1.181906013745487,0.009950330853168,6.799055862058796,0.11343582242476,5828.0,1.078,2.31451366385932,0.33423457743036644
Kepler-230 b,Kepler-230,1.6601310267496183,0.7839015438284094,0.0,6.228511003591184,0.174793290373163,5588.0,0.784,1.0296194171811583,0.37902407678423833
Kepler-230 c,Kepler-230,1.1118575154181305,1.415853163361435,0.0,5.886104031450156,0.3220834991691133,5588.0,0.784,1.0296194171811583,0.5710773514753744
Kepler-231 b,Kepler-231,1.0043016091968684,2.694627180770069,0.0,6.192362489474872,0.0713899960866729,3767.0,0.58,1.423108334242607,0.5186880768067778
Kepler-231 c,Kepler-231,1.075002423028976,0.6780335427498971,0.0,5.976350909297934,0.1079571415050922,3767.0,0.58,1.423108334242607,0.46098650725301626
Kepler-232 b,Kepler-232,1.4060969884160703,1.0367368849500225,0.0,7.007600613951853,0.0525924501191705,5847.0,0.97,0.8754687373538999,0.26015216639621197
Kepler-232 c,Kepler-232,1.574846467664481,0.8628899551470399,0.0,6.693323668269949,0.0962188577405429,5847.0,0.97,0.8754687373538999,0.2882195688146736
Kepler-233 b,Kepler-233,1.2325602611778486,1.247032293786383,0.0,6.62273632394984,0.0741793981742515,5360.0,0.855,0.4700036292457356,0.3318620363371369
Kepler-233 c,Kepler-233,1.3110318766193438,1.1474024528375415,0.0,5.968707559985366,0.2523139286139896,5360.0,0.855,0.4700036292457356,0.43164745146477507
Kepler-234 b,Kepler-234,1.547562508716013,0.8878912573524571,0.0,7.259116128097101,0.0392207131532812,6224.0,1.129,1.355835153635182,0.2447524743447334
Kepler-234 c,Kepler-234,1.5062971535145868,0.9321640810304452,0.0,6.933423025730715,0.0741793981742515,6224.0,1.129,1.355835153635182,0.26769183808848357
Kepler-235 b,Kepler-235,1.172482137234565,1.3270750014599193,0.0,6.595780513961311,0.0363319292473902,4255.0,0.581,1.9459101490553128,0.37392871845373554
Kepler-235 c,Kepler-235,0.8241754429663495,1.9035989509835904,0.0,6.320768294250582,0.0629747991613884,4255.0,0.581,1.9459101490553128,0.530247122392048
Kepler-235 d,Kepler-235,1.11514159061932,1.410986973710262,0.0,5.996452088619021,0.1151128071005045,4255.0,0.581,1.9459101490553128,0.5117845563359981
Kepler-235 e,Kepler-235,1.169381359556317,1.332366019094335,0.0,5.726847747587197,0.193096629961913,4255.0,0.581,1.9459101490553128,0.6926660821341397
Kepler-236 b,Kepler-236,0.9439058989071284,1.6845453849209058,0.0,6.152732694704104,0.0629747991613884,3750.0,0.596005,0.6471032420585385,0.49360350521259927
Kepler-236 c,Kepler-236,1.0986122886681096,1.4350845252893227,0.0,5.799092654460526,0.1239859797809912,3750.0,0.596005,0.6471032420585385,0.567951920546748
Kepler-237 b,Kepler-237,0.8796267475025636,1.7984040119467235,0.0,6.714170529909472,0.048790164169432,4861.0,0.6959999999999998,1.3912819026309298,0.4592711017850038
Kepler-237 c,Kepler-237,1.1249295969854831,1.396244691973059,0.0,6.533788837933344,0.0685927914656117,4861.0,0.6959999999999998,1.3912819026309298,0.40646877946905813
Kepler-238 c,Kepler-238,1.220829921392359,1.4350845252893227,0.0,7.044905117129371,0.0667236320429081,5751.0,1.229,1.7561322915849038,0.31995292195239633
Kepler-238 d,Kepler-238,1.4036429994545037,1.3737155789130306,0.0,6.790097235513905,0.108854404912082,5751.0,1.229,1.7561322915849038,0.3178786120037163
Kepler-238 e,Kepler-238,1.88706964903238,0.4317824164255378,0.0,6.595780513961311,0.1594452104596495,5800.0,1.06,1.7561322915849038,0.29539431021970664
Kepler-238 f,Kepler-238,1.0986122886681096,0.9932517730102834,0.0,6.343880434126331,0.2518087505279744,5800.0,1.06,1.7561322915849038,0.42110304142624855
Kepler-239 b,Kepler-239,1.2029723039923526,1.2864740258376797,0.0,6.424869023905388,0.0907543632684641,4914.0,0.7569999999999999,1.4609379041156565,0.3985055152278315
Kepler-239 c,Kepler-239,1.2556160374777745,1.2178757094949273,0.0,5.905361848054571,0.2374408560150342,4914.0,0.7569999999999999,1.4609379041156565,0.4852709020440297
Kepler-24 b,Kepler-24,1.208363152627229,1.73810795783475,0.0227394869694894,6.957497370876951,0.0773776210213445,6028.0,1.06,1.3912819026309298,0.3536786132527712
Kepler-24 c,Kepler-24,1.2567549897649053,1.485787145263084,0.0139029051689914,6.82001636467413,0.1008583963103827,6028.0,1.06,1.3912819026309298,0.33940983163766236
Kepler-24 e,Kepler-24,1.3297240096314962,0.2700271372130601,0.0,6.675823221634848,0.1292723357041391,5897.0,1.046,1.3912819026309298,0.29762644141974237
Kepler-240 b,Kepler-240,0.8628899551470399,1.8309801823813363,0.0,6.762729506931879,0.0468835858988504,4985.0,0.8680000000000001,1.068153081183401,0.4567460117971661
Kepler-241 b,Kepler-241,1.2029723039923526,1.2864740258376797,0.0,6.333279628139691,0.0898407039997894,4699.0,0.671,2.7013612129514133,0.370482805574629
Kepler-241 c,Kepler-241,1.2725655957915476,1.1969481893889715,0.0,5.986452005284438,0.1731126177086447,4699.0,0.671,2.7013612129514133,0.41343147145833614
Kepler-242 b,Kepler-242,1.2837077723447896,1.181727195378616,0.0,6.610696044717759,0.0723206615796261,5020.0,0.748,1.3056264580524355,0.3510409020471569
Kepler-242 c,Kepler-242,1.0986122886681096,1.4350845252893227,0.0,6.419994928147142,0.1034587083682299,5020.0,0.748,1.3056264580524355,0.44623316363792176
Kepler-243 b,Kepler-243,1.2383742310432684,1.2383742310432684,0.0,6.746412128573375,0.060153922819747,5228.0,0.904,1.0508216248317612,0.33617625703462095
Kepler-243 c,Kepler-243,1.095273387402595,1.4398351280479205,0.0,6.327936783729195,0.1327811112338184,5228.0,0.904,1.0508216248317612,0.45549277085031503
Kepler-244 b,Kepler-244,1.324418957401803,1.1314021114911006,0.0,6.946013991099227,0.048790164169432,5554.0,0.933,1.2237754316221157,0.292609712980629
Kepler-244 c,Kepler-244,1.11514159061932,1.410986973710262,0.0,6.674561391814426,0.0834216081390723,5554.0,0.933,1.2237754316221157,0.39397100377267935
Kepler-244 d,Kepler-244,1.1969481893889715,2.0515563381903004,0.0,6.434546518787453,0.1310282624064041,5554.0,0.933,1.2237754316221157,0.45776935188562007
Kepler-245 b,Kepler-245,1.2725655957915476,0.1133286853070031,0.0,6.625392368007956,0.0685927914656117,5100.0,0.856,1.5325568680981427,0.3075263038210217
Kepler-245 c,Kepler-245,1.1568811967920856,2.341805806147327,0.0,6.343880434126331,0.1168937514714993,5100.0,0.856,1.5325568680981427,0.47762497795905545
Kepler-245 d,Kepler-245,1.3937663759585917,0.0110388471152163,0.0,6.100318952020064,0.1839868361130158,5100.0,0.856,1.5325568680981427,0.3800714676920649
Kepler-246 b,Kepler-246,1.205970806988609,1.2837077723447896,0.0,6.799055862058796,0.0506931143155181,5206.0,0.853,0.8153648132841945,0.32614693266576866
Kepler-246 c,Kepler-246,0.9162907318741552,1.7334238922150915,0.0,6.504288173536645,0.0907543632684641,5206.0,0.853,0.8153648132841945,0.47379598721572325
Kepler-247 b,Kepler-247,0.9707789171582248,1.6389967146756448,0.0,6.878326468291325,0.0411419433311751,5100.0,0.887,1.144222799920162,0.4129697372193972
Kepler-247 c,Kepler-247,1.6272778305624314,0.8153648132841945,0.0,6.532334292222349,0.0806579030174544,5100.0,0.887,1.144222799920162,0.32442016991558825
Kepler-247 d,Kepler-247,1.597365331199831,0.8415671856782186,0.0,6.274762021241939,0.1310282624064041,5100.0,0.887,1.144222799920162,0.3682586386696936
Kepler-248 b,Kepler-248,1.3912819026309298,1.0543120297715298,0.0,6.709304340258299,0.0639133257436528,5190.0,0.8379999999999999,1.205970806988609,0.31348496757153393
Kepler-248 c,Kepler-248,1.623340817603092,0.8197798314933114,0.0,6.395261598115449,0.1160036757563061,5190.0,0.8379999999999999,1.205970806988609,0.3509394888716838
Kepler-249 b,Kepler-249,0.7371640659767197,1.88706964903238,0.0,6.318968113746434,0.0344014267173324,3568.0,0.510238,1.5810384379124025,0.5092080635698076
Kepler-249 c,Kepler-249,0.9202827531436926,1.724550719534605,0.0,6.063785208687608,0.0563803334361076,3568.0,0.510238,1.5810384379124025,0.5365682885859635
Kepler-249 d,Kepler-249,0.9439058989071284,1.6845453849209058,0.0,5.808142489980444,0.0925791812930932,3568.0,0.510238,1.5810384379124025,0.6346581667395963
Kepler-25 b,Kepler-25,1.3212223643761758,1.199964782928397,0.0028958031120255,7.078341579557671,0.0671912495403232,6354.0,1.165,1.3217558399823195,0.27798657605924726
Kepler-25 c,Kepler-25,1.8272874752872004,0.4624753628249439,0.0060814703158679,6.840546529288687,0.1058903752574322,6354.0,1.165,1.3217558399823195,0.25500606732912146
Kepler-25 d,Kepler-25,2.3978952727983707,0.3328944152733289,0.1222176327242492,6.161228418518951,0.3481341028104611,6354.0,1.165,1.3217558399823195,0.33101995157569986
Kepler-250 b,Kepler-250,0.7561219797213337,1.9095425048844383,0.0,6.844815479208263,0.0468835858988504,5160.0,0.8060000000000002,2.653241964607215,0.4167930893443563
Kepler-250 c,Kepler-250,1.1878434223960523,1.308332819650179,0.0,6.663132695990803,0.0667236320429081,5160.0,0.8060000000000002,2.653241964607215,0.33379777517942644
Kepler-250 d,Kepler-250,1.1568811967920856,1.3506671834767394,0.0,6.363028103540465,0.1195592350576392,5160.0,0.8060000000000002,2.653241964607215,0.39642342161142874
Kepler-251 b,Kepler-251,0.8458682675776092,1.8625285401162623,0.0,6.898714534329988,0.0516432331518384,5526.0,0.891,1.0986122886681096,0.4462327330146265
Kepler-251 c,Kepler-251,1.3270750014599193,1.128171090909654,0.0,6.486160788944089,0.1151128071005045,5526.0,0.891,1.0986122886681096,0.3594246242611152
Kepler-251 d,Kepler-251,1.3270750014599193,1.128171090909654,0.0,6.285998094508865,0.1672079189839064,5526.0,0.891,1.0986122886681096,0.3925701936078295
Kepler-251 e,Kepler-251,1.3270750014599193,1.128171090909654,0.0,5.8888779583328805,0.3393253056036194,5526.0,0.891,1.0986122886681096,0.48097753987284386
Kepler-252 b,Kepler-252,0.8020015854720274,1.94876321803772,0.0,6.376726947898627,0.0563803334361076,4208.0,0.61,2.7013612129514133,0.4702654603612328
Kepler-252 c,Kepler-252,1.1474024528375415,1.3635373739972745,0.0,6.214608098422191,0.0769610411361283,4208.0,0.61,2.7013612129514133,0.39465017649569545
Kepler-253 b,Kepler-253,0.9669838461896731,1.6428726885203375,0.0,6.856461984594587,0.0449733656427311,5208.0,0.86,1.551808799597464,0.4174245265711966
Kepler-253 c,Kepler-253,1.2947271675944,1.169381359556317,0.0,6.523562306149512,0.0852598439508234,5208.0,0.86,1.551808799597464,0.3595369282832412
Kepler-253 d,Kepler-253,1.42791603581071,1.015230679729059,0.0,6.335054251498059,0.1222176327242492,5208.0,0.86,1.551808799597464,0.36976101179642157
Kepler-254 b,Kepler-254,1.5830939370944983,0.8586616190375187,0.0,6.921658184151129,0.0620353909194526,5957.0,0.8489999999999999,0.262364264467491,0.23522458363784593
Kepler-254 c,Kepler-254,1.1474024528375415,1.0188473201992472,0.0,6.669498089857879,0.0998453349697161,5957.0,0.8489999999999999,0.262364264467491,0.3267963353804764
Kepler-254 d,Kepler-254,1.252762968495368,1.2208299213923592,0.0,6.532334292222349,0.1301506844650451,5957.0,0.8489999999999999,0.262364264467491,0.336835566451055
Kepler-255 b,Kepler-255,0.9360933591703348,1.6974487897568138,0.0,6.879355804460439,0.0610950993598108,5573.0,0.867,1.2237754316221157,0.4258085878284287
Kepler-255 c,Kepler-255,1.383791230901772,1.0647107369924282,0.0,6.694562058521095,0.0880108773227133,5573.0,0.867,1.2237754316221157,0.3181662486103207
Kepler-255 d,Kepler-255,0.8415671856782186,1.871802176901592,0.0,7.444833273892193,0.0190180058357618,5431.0,0.9,1.6808279085207734,0.4204127275669409
Kepler-256 b,Kepler-256,0.9516578757114464,1.6695918352538477,0.0,7.427738840532894,0.0266419309464211,5551.0,1.037,1.0367368849500225,0.38757632040998385
Kepler-256 c,Kepler-256,1.1474024528375415,1.3635373739972745,0.0,7.182352111885263,0.0440168854167743,5551.0,1.037,1.0367368849500225,0.3235889288912451
Kepler-256 d,Kepler-256,1.247032293786383,1.229640551074514,0.0,7.001245622069476,0.0620353909194526,5551.0,1.037,1.0367368849500225,0.3029914121148815
Kepler-256 e,Kepler-256,1.208960345836975,1.2781522025001877,0.0,6.8001700683022,0.0916671885258238,5551.0,1.037,1.0367368849500225,0.339082721659486
Kepler-257 b,Kepler-257,1.2837077723447896,1.181727195378616,0.0,7.121252453244542,0.0334347760862373,5180.0,0.916,0.9082585601768908,0.2764699469598582
Kepler-257 c,Kepler-257,1.8578592709325787,0.6286086594223741,0.0,6.782192056006791,0.0639133257436528,5180.0,0.916,0.9082585601768908,0.2643028970645475
Kepler-257 d,Kepler-257,1.7833912195575383,0.6846108495376589,0.0,6.342121418721152,0.1484200051182732,5180.0,0.916,0.9082585601768908,0.3459544965312143
Kepler-258 b,Kepler-258,1.6213664832993742,0.8197798314933114,0.0,6.466144724237619,0.0980337402713654,4942.0,0.8200000000000001,2.6878474937846906,0.3029627022917679
Kepler-258 c,Kepler-258,1.5282278570085572,0.9082585601768908,0.0,6.154858094016418,0.1764711431157789,4942.0,0.8200000000000001,2.6878474937846906,0.3728113010211324
Kepler-259 b,Kepler-259,1.33500106673234,1.1216775615991057,0.0,6.779921907472252,0.0760346862759976,5938.0,0.867,0.3364722366212129,0.2787389645764105
Kepler-259 c,Kepler-259,1.308332819650179,1.1505720275988207,0.0,6.274762021241939,0.1963888140053901,5938.0,0.867,0.3364722366212129,0.37036311437470143
Kepler-26 b,Kepler-26,1.3297240096314962,0.8153648132841945,0.0207825391825285,6.068425588244111,0.0820499226383177,3914.0,0.544,1.3737155789130306,0.38456281941792336
Kepler-26 c,Kepler-26,1.3137236682850553,0.959350221334602,0.0129162252665463,5.955837369464831,0.1018794638211705,3914.0,0.544,1.3737155789130306,0.41622390135880105
Kepler-26 d,Kepler-26,0.7275486072772778,1.8809906029559973,0.0,6.481577129276431,0.0382587121170903,4486.0,0.593,1.3737155789130306,0.49539978291907544
Kepler-26 e,Kepler-26,1.2267122912954256,1.2556160374777745,0.0,5.6240175061873385,0.1988508587451652,4486.0,0.593,1.3737155789130306,0.7101656753895089
Kepler-260 b,Kepler-260,1.1019400787607845,1.430311246536665,0.0,6.663132695990803,0.0723206615796261,5250.0,1.013,0.7654678421395714,0.3789504296321323
Kepler-260 c,Kepler-260,1.007957920399979,1.5769147207285403,0.0,5.921578419643816,0.2866815721181974,5250.0,1.013,0.7654678421395714,0.5306787596784909
Kepler-261 b,Kepler-261,1.1568811967920856,1.3506671834767394,0.0,6.511745329644728,0.0843411484337507,5098.0,0.834,0.6259384308664953,0.38088980292389196
Kepler-261 c,Kepler-261,1.0986122886681096,1.4350845252893227,0.0,6.226536669287466,0.1449657702501857,5098.0,0.834,0.6259384308664953,0.4519902529217289
Kepler-262 b,Kepler-262,0.8586616190375187,1.8389610707123487,0.0,6.5998704992128365,0.102556588325092,5841.0,0.816,1.515127232962859,0.48739198267504513
Kepler-262 c,Kepler-262,0.9707789171582248,1.6389967146756448,0.0,6.428105272684596,0.1414995622736995,5841.0,0.816,1.515127232962859,0.484952663604993
Kepler-263 b,Kepler-263,1.3001916620664788,1.1631508098056809,0.0,6.3080984415095305,0.1133286853070031,5265.0,0.793,1.175573329804238,0.39254519899077434
Kepler-263 c,Kepler-263,1.244154593958768,1.2325602611778486,0.0,5.958424693029782,0.216722983511287,5265.0,0.793,1.175573329804238,0.4738698513763375
Kepler-264 b,Kepler-264,1.4655675420143983,0.9745596399981308,0.0,6.650279048587422,0.2223432311434406,6158.0,1.4260000000000002,1.2383742310432684,0.31193906150179274
Kepler-264 c,Kepler-264,1.3428648031925547,1.1118575154181305,0.0,6.238324625039508,0.4485245975686113,6158.0,1.4260000000000002,1.2383742310432684,0.39647601783214503
Kepler-265 b,Kepler-265,1.0508216248317612,1.5085119938441398,0.0,6.930494765951626,0.0667236320429081,5835.0,0.97,0.2468600779315258,0.34590928538844107
Kepler-265 c,Kepler-265,1.289232648276759,1.175573329804238,0.0,6.628041376179533,0.1195592350576392,5835.0,0.97,0.2468600779315258,0.3106036496099568
Kepler-265 d,Kepler-265,1.249901736214336,1.2267122912954256,0.0,6.318968113746434,0.211880359035499,5835.0,0.97,0.2468600779315258,0.374624326384057
Kepler-265 e,Kepler-265,1.2781522025001877,1.1878434223960523,0.0,6.1675164908883415,0.2768738737351776,5835.0,0.97,0.2468600779315258,0.396135648963267
Kepler-266 b,Kepler-266,1.247032293786383,1.229640551074514,0.0,6.9726062513017535,0.0685927914656117,5885.0,0.9469999999999998,1.7561322915849038,0.30785152429651874
Kepler-266 c,Kepler-266,1.5871923034867808,0.8501509293696101,0.0,6.045005314036012,0.3763795272130677,5885.0,0.9469999999999998,1.7561322915849038,0.4365546487813199
Kepler-267 c,Kepler-267,1.1410330045520618,1.3737155789130306,0.0,6.184148890937483,0.0582689081239757,4258.0,0.541571,1.4011829736136412,0.4479716364774462
Kepler-267 d,Kepler-267,1.184789984909162,1.3110318766193438,0.0,5.71042701737487,0.1432341680859077,4258.0,0.541571,1.4011829736136412,0.6476417112159161
Kepler-268 b,Kepler-268,1.2669476034873244,1.2029723039923526,0.0,6.54534966033442,0.1655144384775733,6081.0,1.109,0.9969486348916096,0.35363843302146325
Kepler-268 c,Kepler-268,1.4770487243883548,0.9631743177730056,0.0,6.156978985585555,0.3300229129413058,6081.0,1.109,0.9969486348916096,0.3849582714674006
Kepler-269 b,Kepler-269,1.244154593958768,1.2325602611778486,0.0,6.915723448631314,0.059211859631846,5847.0,0.9200000000000002,2.009555414215669,0.3111549747350979
Kepler-269 c,Kepler-269,0.9895411936137476,1.6054298910365616,0.0,6.775366090936392,0.0778865386570712,5847.0,0.9200000000000002,2.009555414215669,0.4177076178710498
Kepler-27 b,Kepler-27,1.6094379124341005,1.269760544863939,0.0,6.415096959171596,0.1115413747329074,5400.0,0.65,0.9631743177730056,0.361193043007693
Kepler-27 d,Kepler-27,1.31000563592874,1.1505720275988207,0.0,6.698268054115413,0.0637069254577124,5251.0,0.926,0.9631743177730056,0.3200637095065633
Kepler-270 b,Kepler-270,1.1019400787607845,1.430311246536665,0.0,6.892641641172089,0.1016536537264998,6067.0,1.17,1.316408233655724,0.3640608644479304
Kepler-270 c,Kepler-270,1.0188473201992472,1.55814461804655,0.0,6.6293632534374485,0.1655144384775733,6067.0,1.17,1.316408233655724,0.43375970217964205
Kepler-271 b,Kepler-271,0.8020015854720274,1.94876321803772,0.0,6.633318433280377,0.0841940787960124,5555.0,0.9,1.717395053939193,0.48655436068643976
Kepler-271 c,Kepler-271,0.6678293725756554,1.8213182714696,0.0,6.746412128573375,0.0675932257730489,5555.0,0.9,1.717395053939193,0.4512634530787212
Kepler-271 d,Kepler-271,0.5068176023684519,1.6467336971777973,0.0,6.86171134048073,0.0540524843195821,5555.0,0.9,1.717395053939193,0.3945371258996081
Kepler-272 d,Kepler-272,1.1786549963416462,1.3190856114264409,0.0,6.656726524178391,0.0870947068509337,5297.0,0.91,2.651832521103981,0.3346186059581354
Kepler-273 b,Kepler-273,0.9162907318741552,1.7334238922150915,0.0,7.098375638590786,0.0363319292473902,5626.0,0.756,2.43973493114128,0.3947248550745874
Kepler-273 c,Kepler-273,1.091923300517313,1.4445632692438664,0.0,6.763884908562435,0.0704584636485614,5626.0,0.756,2.43973493114128,0.3730549970724884
Kepler-274 b,Kepler-274,0.9321640810304452,1.7047480922384253,0.0,6.8690144506657065,0.0962188577405429,6023.0,0.883,2.6304489550786583,0.39355951426746355
Kepler-274 c,Kepler-274,1.043804052173115,1.5173226235262949,0.0,6.520621127558696,0.1856493468866293,6023.0,0.883,2.6304489550786583,0.41194463368845274
Kepler-275 b,Kepler-275,1.205970806988609,1.2837077723447896,0.0,6.923628628138427,0.0934903430873388,6165.0,1.189,1.47932922708708,0.3212032723406458
Kepler-275 c,Kepler-275,1.4770487243883548,0.9631743177730056,0.0,6.775366090936392,0.1239859797809912,6165.0,1.189,1.47932922708708,0.29047340969811086
Kepler-275 d,Kepler-275,1.4655675420143983,0.9745596399981308,0.0,6.51025834052315,0.2021241840901342,6165.0,1.189,1.47932922708708,0.33309092971158283
Kepler-276 c,Kepler-276,1.3609765531356006,0.636576829071551,0.0,6.335054251498059,0.1707464901053826,5693.0,1.1,0.3364722366212129,0.3274516865018715
Kepler-276 d,Kepler-276,1.33500106673234,0.5653138090500605,0.0,6.194405391104672,0.2204679751504495,5693.0,1.1,0.3364722366212129,0.352324013450964
Kepler-277 b,Kepler-277,1.366091653802371,2.322387720290225,0.0,6.872128101338986,0.1325008618099986,5946.0,1.12,1.5871923034867808,0.3565826114602922
Kepler-277 c,Kepler-277,1.4724720573609429,2.174751721484161,0.0,6.658011045870748,0.1970541636876088,5946.0,1.12,1.5871923034867808,0.38279047193092913
Kepler-279 c,Kepler-279,1.667706820558076,0.262364264467491,0.0,6.652863029353347,0.2017973332946113,6689.45,1.1,0.1988508587451652,0.24408110342161055
Kepler-279 d,Kepler-279,1.410986973710262,0.262364264467491,0.0,6.354370040797351,0.2547197347489539,6689.45,1.1,0.1988508587451652,0.2898624647079894
Kepler-279 e,Kepler-279,1.635105659182678,2.1162555148025524,0.0,6.315358001522335,0.3639484279052307,6689.45,1.164,0.1988508587451652,0.39757910604851754
Kepler-28 b,Kepler-28,1.0848513734180727,0.7818112327958608,0.0,6.373319789577012,0.0553117097310721,4499.3,0.684,1.068153081183401,0.3975625619503662
Kepler-28 c,Kepler-28,1.049772123248636,1.016808058201665,0.0168571170664229,6.234410725718371,0.0724973901482591,4499.3,0.684,1.068153081183401,0.432716068047828
Kepler-280 b,Kepler-280,0.8960880245566356,1.769854633840005,0.0,7.262628600974241,0.0314986670593709,5744.0,0.962,1.890095369948917,0.4088255969732502
Kepler-280 c,Kepler-280,1.1019400787607845,1.430311246536665,0.0,6.9930151229329605,0.0544881852840697,5744.0,0.962,1.890095369948917,0.3553175859151707
Kepler-281 c,Kepler-281,1.8421356765531216,0.0050870390485571,0.0,6.2422232654551655,0.1947440767925117,5723.0,0.95,0.4700036292457356,0.312591826523122
Kepler-281 d,Kepler-281,1.9369383165450296,2.5877640352277083,0.0,5.7745515455444085,0.4354121844761164,5717.0,0.984,0.4700036292457356,0.49458471115364927
Kepler-282 b,Kepler-282,0.6981347220709844,1.854734268389444,0.0,6.706862336602747,0.0788111804242897,5602.0,0.86,2.6304489550786583,0.4289003977624678
Kepler-282 c,Kepler-282,0.7884573603642702,1.9387416595767009,0.0,6.576469569048224,0.100749903100143,5602.0,0.86,2.6304489550786583,0.458225095758511
Kepler-282 d,Kepler-282,1.2412685890696329,3.157000421150113,0.0,6.3784261836515865,0.147013844523906,5656.0,0.97,2.6304489550786583,0.4144748103753131
Kepler-282 e,Kepler-282,1.410986973710262,2.4336133554004498,0.0,6.184148890937483,0.209709720112821,5656.0,0.97,2.6304489550786583,0.420407844507906
Kepler-283 b,Kepler-283,1.1410330045520618,1.3737155789130306,0.0,6.192362489474872,0.0788111804242897,4351.0,0.5960000000000001,1.4085449700547104,0.45014558788444525
Kepler-283 c,Kepler-283,1.0367368849500225,1.5303947050936475,0.0,5.484796933490655,0.2934156042995415,4351.0,0.5960000000000001,1.4085449700547104,0.890787352093283
Kepler-284 b,Kepler-284,1.175573329804238,1.324418957401803,0.0,6.532334292222349,0.0989399478549035,5615.0,0.766,0.4054651081081644,0.3659101668003334
Kepler-284 c,Kepler-284,1.2837077723447896,1.181727195378616,0.0,6.171700597410915,0.193096629961913,5615.0,0.766,0.4054651081081644,0.3994481441974739
Kepler-285 b,Kepler-285,0.8501509293696101,1.854734268389444,0.0,7.0317412587631285,0.0353671438372913,5411.0,0.915,1.355835153635182,0.431920735848526
Kepler-285 c,Kepler-285,0.7514160886839212,1.9035989509835904,0.0,6.747586526829315,0.0620353909194526,5411.0,0.915,1.355835153635182,0.46494370580001404
Kepler-286 b,Kepler-286,0.8064758658669485,1.9416152247724323,0.0,7.221105098182496,0.0266419309464211,5580.0,0.83,1.3217558399823195,0.42336512673829796
Kepler-286 c,Kepler-286,0.8628899551470399,1.8309801823813363,0.0,7.002155954403621,0.0411419433311751,5580.0,0.83,1.3217558399823195,0.43091801605107705
Kepler-286 d,Kepler-286,0.8458682675776092,1.8625285401162623,0.0,6.824373670043086,0.059211859631846,5580.0,0.83,1.3217558399823195,0.4551334924327053
Kepler-286 e,Kepler-286,1.0188473201992472,1.55814461804655,0.0,6.29156913955832,0.1621188494764351,5580.0,0.83,1.3217558399823195,0.48748543580988446
Kepler-287 c,Kepler-287,1.449269160281279,2.797281334830153,0.0,6.2422232654551655,0.2199384203652614,5806.0,0.963,1.355835153635182,0.4608938405048023
Kepler-288 b,Kepler-288,0.982078472412158,1.6193882432872684,0.0,7.088408778675395,0.0629747991613884,5918.0,0.842,2.5877640352277083,0.3621977767090972
Kepler-288 c,Kepler-288,1.3480731482996928,1.1052568313867783,0.0,6.704414354964107,0.1310282624064041,5918.0,0.842,2.5877640352277083,0.29431387284844046
Kepler-288 d,Kepler-288,1.3001916620664788,1.1631508098056809,0.0,6.3473892096560105,0.2523139286139896,5918.0,0.842,2.5877640352277083,0.37074048530341147
Kepler-289 b,Kepler-289,1.249901736214336,0.8960880245566356,0.0,6.410174881966167,0.1921316137828015,5990.0,1.08,0.5007752879124893,0.34759525512027245
Kepler-289 c,Kepler-289,2.503891949699081,0.5068176023684519,0.0,5.978885764901122,0.4064979079201142,5990.0,1.08,0.5007752879124893,0.39224020081503386
Kepler-289 d,Kepler-289,1.3937663759585917,0.76080582903376,0.0226036028598516,6.195017448657188,0.2851789422336624,5990.0,1.08,0.5007752879124893,0.35964855129174017
Kepler-289 e,Kepler-289,1.3711807233098423,1.366091653802371,0.0,5.659482215759621,0.6596938043007258,5990.0,1.061,0.5007752879124893,0.7137116766714751
Kepler-29 b,Kepler-29,1.2669476034873244,0.9745596399981308,0.0,6.656726524178391,0.0814140746122135,5378.0,0.7609999999999999,0.262364264467491,0.3002546932696961
Kepler-29 c,Kepler-29,1.205970806988609,1.068153081183401,0.0,6.573680166960646,0.0955556042307409,5378.0,0.7609999999999999,0.262364264467491,0.33184642951777377
Kepler-290 b,Kepler-290,1.1786549963416462,1.3190856114264409,0.0,6.38856140554563,0.1043600153242427,5147.0,0.756,0.7419373447293773,0.40268610508029634
Kepler-290 c,Kepler-290,1.308332819650179,1.1505720275988207,0.0,6.082218910376446,0.1864795669426183,5147.0,0.756,0.7419373447293773,0.4316046477275858
Kepler-290 d,Kepler-290,0.6205764877251099,1.7732559976634952,0.0,7.371489295214277,0.0152826235311569,5142.0,0.8400000000000001,0.7419373447293773,0.37328640983928785
Kepler-291 b,Kepler-291,1.1505720275988207,1.3609765531356006,0.0,7.10085190894405,0.0459289318883998,6002.0,1.023,2.1701959049483,0.32695882899487594
Kepler-291 c,Kepler-291,1.0577902941478543,1.4973884086254774,0.0,6.943122422819428,0.0629747991613884,6002.0,1.023,2.1701959049483,0.3744193868898984
Kepler-292 b,Kepler-292,0.8415671856782186,1.871802176901592,0.0,7.030857476116121,0.0344014267173324,5299.0,0.865,1.81319474994812,0.43400738760619695
Kepler-292 c,Kepler-292,0.904218150639886,1.752672080520008,0.0,6.90975328164481,0.0440168854167743,5299.0,0.865,1.81319474994812,0.4299408989880514
Kepler-292 d,Kepler-292,1.172482137234565,1.3270750014599193,0.0,6.695798917058491,0.0657877405380031,5299.0,0.865,1.81319474994812,0.3678144845045522
Kepler-292 e,Kepler-292,1.3001916620664788,1.1631508098056809,0.0,6.520621127558696,0.0925791812930932,5299.0,0.865,1.81319474994812,0.35963468836359175
Kepler-292 f,Kepler-292,1.208960345836975,1.2781522025001877,0.0,6.335054251498059,0.1319050708799385,5299.0,0.865,1.81319474994812,0.4156386920125585
Kepler-293 b,Kepler-293,1.4036429994545037,1.0402767116551463,0.0,6.489204931325317,0.1345308929576061,5804.0,0.934,0.8415671856782186,0.3387824650544464
Kepler-293 c,Kepler-293,1.574846467664481,0.8628899551470399,0.0,6.1463292576688975,0.2515366258154276,5804.0,0.934,0.8415671856782186,0.3972443545918741
Kepler-294 b,Kepler-294,1.0188473201992472,1.55814461804655,0.0,6.992096427415888,0.0468835858988504,5913.0,0.9469999999999998,1.6054298910365616,0.38445688777599607
Kepler-294 c,Kepler-294,1.3110318766193438,1.1474024528375415,0.0,6.79794041297493,0.0685927914656117,5913.0,0.9469999999999998,1.6054298910365616,0.3120469921262401
Kepler-295 b,Kepler-295,0.7975071958841881,1.9444805562457188,0.0,6.60934924316738,0.0944006754214843,5603.0,0.89,2.009555414215669,0.48180983910216735
Kepler-295 c,Kepler-295,0.7747271675523681,1.927164106234258,0.0,6.432940092739179,0.1327811112338184,5603.0,0.89,2.009555414215669,0.5053769045361659
Kepler-295 d,Kepler-295,0.8586616190375187,1.8389610707123487,0.0,6.280395838960195,0.175632568643158,5603.0,0.89,2.009555414215669,0.5213426315561108
Kepler-296 b,Kepler-296,0.959350221334602,1.3862943611198906,0.2851789422336624,6.206575926724928,0.0760346862759976,3740.0,0.4979999999999999,1.6486586255873816,0.479386541132239
Kepler-296 c,Kepler-296,1.0986122886681096,0.7884573603642702,0.2851789422336624,6.408528791059498,0.050788166832105,3740.0,0.4979999999999999,1.6486586255873816,0.3592836944822172
Kepler-296 d,Kepler-296,1.128171090909654,1.0647107369924282,0.2851789422336624,6.001414877961151,0.1115413747329074,3740.0,0.4979999999999999,1.6486586255873816,0.5093649996048644
Kepler-296 e,Kepler-296,0.9282193027394288,1.62924053973028,0.2851789422336624,5.823045895483019,0.1561486824899312,3740.0,0.4979999999999999,1.6486586255873816,0.7324214303389949
Kepler-296 f,Kepler-296,1.0296194171811583,1.4350845252893227,0.2851789422336624,5.616771097666572,0.2271355725837472,3740.0,0.4979999999999999,1.6486586255873816,0.8490954301781801
Kepler-297 b,Kepler-297,1.3532545070416904,2.509599262378372,0.0,6.234410725718371,0.1963888140053901,5619.0,0.927,1.0647107369924282,0.45771247581088714
Kepler-297 c,Kepler-297,2.020222182019865,0.6026752773958697,0.0,6.016157159698354,0.289680075114454,5619.0,0.927,1.0647107369924282,0.39577177242355865
Kepler-298 b,Kepler-298,1.085189268335969,1.4539530095937054,0.0,6.293419278846481,0.0769610411361283,4465.0,0.6599999999999999,1.2237754316221157,0.45225873771806735
Kepler-298 c,Kepler-298,1.075002423028976,1.4701758451005928,0.0,6.0330862217988015,0.1275133202989596,4465.0,0.6599999999999999,1.2237754316221157,0.49865351887171916
Kepler-298 d,Kepler-298,1.252762968495368,1.2208299213923592,0.0,5.627621113690637,0.2662030407746567,4465.0,0.6599999999999999,1.2237754316221157,0.6870831148092909
Kepler-299 b,Kepler-299,0.8415671856782186,1.871802176901592,0.0,7.138073034044347,0.0392207131532812,5617.0,1.004,1.4445632692438664,0.42727239307930054
Kepler-299 c,Kepler-299,1.2947271675944,1.169381359556317,0.0,6.853299093186078,0.0676586484738148,5617.0,1.004,1.4445632692438664,0.3093026409440047
Kepler-299 d,Kepler-299,1.0508216248317612,1.5085119938441398,0.0,6.593044534142437,0.1115413747329074,5617.0,1.004,1.4445632692438664,0.42970443690108184
Kepler-299 e,Kepler-299,1.0543120297715298,1.5040773967762742,0.0,6.282266746896006,0.1988508587451652,5617.0,1.004,1.4445632692438664,0.4807874087892803
Kepler-30 b,Kepler-30,1.589235205116581,0.7030975114131134,0.0411419433311751,6.263398262591624,0.1655144384775733,5498.0,0.99,1.0986122886681096,0.3587497385235661
Kepler-30 c,Kepler-30,2.5877640352277083,1.0577902941478543,0.0110388471152163,6.021023349349527,0.262364264467491,5498.0,0.99,1.0986122886681096,0.3966622749430379
Kepler-30 d,Kepler-30,2.2823823856765264,0.173953307123438,0.0217614917815126,5.733341276897746,0.4054651081081644,5498.0,0.99,1.0986122886681096,0.5647548409818839
Kepler-300 b,Kepler-300,0.982078472412158,1.6193882432872684,0.0,6.70073110954781,0.0898407039997894,5986.0,1.07,1.5325568680981427,0.43021262807013505
Kepler-300 c,Kepler-300,1.1786549963416462,1.3190856114264409,0.0,6.248042874508429,0.208638865111328,5986.0,1.07,1.5325568680981427,0.4243271142963135
Kepler-301 b,Kepler-301,0.8544153281560676,1.8468787684491343,0.0,7.153833801578843,0.0353671438372913,5815.0,1.022,0.8960880245566356,0.41151269854232414
Kepler-301 c,Kepler-301,0.8544153281560676,1.8468787684491343,0.0,6.897704943128636,0.0582689081239757,5815.0,1.022,0.8960880245566356,0.4326160708585085
Kepler-301 d,Kepler-301,1.01160091167848,1.5686159179138452,0.0,6.587550014824796,0.1061601958283906,5815.0,1.022,0.8960880245566356,0.4323206176977779
Kepler-302 b,Kepler-302,1.6213664832993742,0.8197798314933114,0.0,6.453624998892692,0.1764711431157789,5740.0,1.021,1.6992786164338898,0.3419006248233869
Kepler-302 c,Kepler-302,2.598979106047848,1.269760544863939,0.0,5.973809611869261,0.4074631107708374,5740.0,1.021,1.6992786164338898,0.42330513233286393
Kepler-303 b,Kepler-303,0.636576829071551,1.790091412127358,0.0,6.688354713946762,0.023716526617316,3944.0,0.575,2.1644717908644115,0.43357994266834965
Kepler-303 c,Kepler-303,0.76080582903376,1.9095425048844383,0.0,6.257667587882639,0.0554347068881005,3944.0,0.575,2.1644717908644115,0.5224016950312829
Kepler-304 b,Kepler-304,1.3506671834767394,1.1019400787607845,0.0,6.775366090936392,0.0382587121170903,4731.0,0.7370000000000001,1.128171090909654,0.30404341516718686
Kepler-304 c,Kepler-304,1.1537315878891892,1.355835153635182,0.0,6.616065185132817,0.0525924501191705,4731.0,0.7370000000000001,1.128171090909654,0.38270949917081903
Kepler-304 d,Kepler-304,1.3217558399823195,1.1346227261911428,0.0,6.416732282512326,0.0769610411361283,4731.0,0.7370000000000001,1.128171090909654,0.3670869703900009
Kepler-304 e,Kepler-304,0.7884573603642702,1.9387416595767009,0.0,7.037027614686276,0.0229056510715837,4817.0,0.8,1.128171090909654,0.42900738876839917
Kepler-305 b,Kepler-305,1.5260563034950494,0.8064758658669486,0.004987541511039,6.729824070489475,0.0558698061638087,5080.0,0.76,1.6808279085207734,0.2916296023461442
Kepler-305 c,Kepler-305,1.4586150226995167,0.6507614640635074,0.0,6.591673732008658,0.0729530197385895,5080.0,0.76,1.6808279085207734,0.3101921321718758
Kepler-305 d,Kepler-305,1.324418957401803,0.9677554115744038,0.0,6.3578422665081,0.1141408554075615,5090.0,0.8270000000000001,1.6808279085207734,0.3719090566664266
Kepler-305 e,Kepler-305,1.0274081527083732,1.5432981099295553,0.0,6.90875477931522,0.0393841613333612,4974.0,0.8200000000000001,1.6808279085207734,0.3890122600672892
Kepler-306 b,Kepler-306,0.924258901523332,1.717395053939193,0.0,6.7226297948554485,0.048790164169432,4954.0,0.75,1.289232648276759,0.4468380792206916
Kepler-306 c,Kepler-306,1.208960345836975,1.2781522025001877,0.0,6.57507584059962,0.0648509723196163,4954.0,0.75,1.289232648276759,0.3714927808207399
Kepler-306 d,Kepler-306,1.244154593958768,1.2325602611778486,0.0,6.284134161070802,0.1133286853070031,4954.0,0.75,1.289232648276759,0.4074065205278024
Kepler-306 e,Kepler-306,1.184789984909162,1.3110318766193438,0.0,5.968707559985366,0.2045721657287744,4954.0,0.75,1.289232648276759,0.4848868746984278
Kepler-307 b,Kepler-307,1.2325602611778486,1.2864740258376797,0.0,6.682108597449809,0.0894658622746027,5367.0,0.907,0.6678293725756554,0.33282358314370925
Kepler-307 c,Kepler-307,1.1631508098056809,1.007957920399979,0.0,6.606650186198215,0.1034226391875375,5367.0,0.907,0.6678293725756554,0.3458396097118786
Kepler-308 b,Kepler-308,1.1378330018213911,1.3762440252663892,0.0,6.726233402358747,0.0861776962410523,5895.0,0.9200000000000002,0.4054651081081644,0.34547983351278155
Kepler-308 c,Kepler-308,1.1505720275988207,1.3609765531356006,0.0,6.572282542694008,0.1160036757563061,5895.0,0.9200000000000002,0.4054651081081644,0.3665372305139177
Kepler-309 b,Kepler-309,0.9400072584914712,1.6882490928583902,0.0,6.2766434893416445,0.0573250666192694,4713.0,0.816,1.3912819026309298,0.49689986892955545
Kepler-309 c,Kepler-309,1.2556160374777745,1.2178757094949273,0.0,5.3230099791384085,0.3371862673548699,4713.0,0.816,1.3912819026309298,0.6793695841544003
Kepler-31 b,Kepler-31,1.871802176901592,0.5766133643039938,0.0,6.661854740545311,0.1484200051182732,6340.0,1.21,0.2468600779315258,0.2510427590209494
Kepler-31 c,Kepler-31,1.840549633397487,0.5481214085096876,0.0,6.423246963533519,0.2311117209633866,6340.0,1.21,0.2468600779315258,0.292036920833083
Kepler-31 d,Kepler-31,1.589235205116581,0.0741793981742515,0.0,6.184148890937483,0.3364722366212129,6340.0,1.21,0.2468600779315258,0.3247107468176767
Kepler-310 b,Kepler-310,0.7839015438284094,1.9315214116032136,0.0,6.501289670540389,0.1052605106574929,5797.0,0.8539999999999999,1.0647107369924282,0.5042327775738256
Kepler-310 c,Kepler-310,1.4770487243883548,0.9631743177730056,0.0,6.035481432524756,0.2476410229145972,5797.0,0.8539999999999999,1.0647107369924282,0.419954929837894
Kepler-310 d,Kepler-310,1.244154593958768,1.4586150226995167,0.0,5.869296913133774,0.3307415619122279,5797.0,0.8539999999999999,1.0647107369924282,0.5220147107594053
Kepler-311 b,Kepler-311,0.9932517730102834,1.599387576580599,0.0,6.8679744089702925,0.0834216081390723,5905.0,0.994,1.0818051703517284,0.40566513547211713
Kepler-311 c,Kepler-311,0.8878912573524571,1.7817091333745536,0.0,6.61338421837956,0.1354046370062029,5905.0,0.994,1.0818051703517284,0.4751000652098074
Kepler-311 d,Kepler-311,1.11514159061932,1.410986973710262,0.0,5.793013608384144,0.5496231704739029,5903.0,0.974,1.0818051703517284,0.6195441168141202
Kepler-312 b,Kepler-312,0.8285518175661483,1.8961194845522973,0.0,7.430114138561801,0.0305292050348228,6115.0,1.314,1.355835153635182,0.4167605826135728
Kepler-312 c,Kepler-312,1.423108334242607,1.0224509277025458,0.0,6.626717749249025,0.1423672412869219,6115.0,1.314,1.355835153635182,0.315340077436063
Kepler-313 b,Kepler-313,1.2612978709452054,1.208960345836975,0.0,6.784457062637643,0.1177830356563834,5727.0,1.1140000000000003,2.089391872533004,0.326960759786115
Kepler-313 c,Kepler-313,1.2725655957915476,1.1969481893889715,0.0,6.52795791762255,0.1889660995126232,5727.0,1.1140000000000003,2.089391872533004,0.36545306152326507
Kepler-314 b,Kepler-314,0.6043159668533296,1.7561322915849038,0.0,7.086737934510577,0.0344014267173324,5378.0,0.99,0.6830968447064438,0.3766713514580361
Kepler-314 c,Kepler-314,1.3609765531356006,1.0885619528146082,0.0,6.792344427470809,0.0620353909194526,5378.0,0.99,0.6830968447064438,0.2844921413893995
Kepler-315 b,Kepler-315,1.5623463049002495,0.8754687373538999,0.0,6.016157159698354,0.3378997886123983,5796.0,0.831,2.5877640352277083,0.3969065349562788
Kepler-315 c,Kepler-315,1.6389967146756448,0.8064758658669486,0.0,5.676753802268282,0.5827741230785748,5796.0,0.831,2.5877640352277083,0.6380769774390749
Kepler-316 b,Kepler-316,0.7227059828014898,1.8779371654691075,0.0,6.731018100482083,0.0266419309464211,4204.0,0.587,1.4609379041156565,0.4512717913340303
Kepler-316 c,Kepler-316,0.7701082216960736,1.918392120161421,0.0,6.359573868672378,0.0563803334361076,4204.0,0.587,1.4609379041156565,0.513703464473775
Kepler-317 c,Kepler-317,1.000631880307906,1.589235205116581,0.0,6.731018100482083,0.0797349680188535,5497.0,0.865,1.551808799597464,0.42675640597685466
Kepler-318 b,Kepler-318,1.7422190236679187,0.7178397931503169,0.0,6.946975992135418,0.0544881852840697,5746.0,1.073,0.6678293725756554,0.2373963943612249
Kepler-318 c,Kepler-318,1.5432981099295553,0.8919980393051105,0.0,6.637258031284457,0.0998453349697161,5746.0,1.073,0.6678293725756554,0.2898598061984198
Kepler-319 b,Kepler-319,0.9669838461896731,1.6428726885203375,0.0,6.931471805599453,0.049742091894814,5526.0,0.933,0.7275486072772778,0.3906554818206581
Kepler-319 c,Kepler-319,1.289232648276759,1.175573329804238,0.0,6.776506992372183,0.0667236320429081,5526.0,0.933,0.7275486072772778,0.3026565637193942
Kepler-319 d,Kepler-319,1.1908875647772803,1.3029127521808397,0.0,6.270988431858299,0.174793290373163,5526.0,0.933,0.7275486072772778,0.41414899636383057
Kepler-32 b,Kepler-32,1.1631508098056809,0.3784364357202451,0.0,6.244166900663736,0.048790164169432,3900.0,0.58,1.88706964903238,0.3819890273695092
Kepler-32 c,Kepler-32,1.0986122886681096,0.2851789422336624,0.0,6.113682179832232,0.0861776962410523,3900.0,0.58,1.88706964903238,0.44436574500602805
Kepler-32 d,Kepler-32,1.308332819650179,0.418710334858185,0.0,5.796057750765372,0.1222176327242492,3900.0,0.58,1.88706964903238,0.5093142077689501
Kepler-32 e,Kepler-32,0.9162907318741552,0.0870947068509337,0.0,6.481577129276431,0.0324671901375014,3900.0,0.58,1.88706964903238,0.39098603713285446
Kepler-32 f,Kepler-32,0.598836501088704,0.9162907318741552,0.0,6.934397209928558,0.0129162252665463,3900.0,0.58,1.88706964903238,0.3321907722994869
Kepler-320 b,Kepler-320,0.76080582903376,1.9095425048844383,0.0,7.164720378771857,0.0815799869924228,6435.0,1.072,1.144222799920162,0.4182301445956432
Kepler-320 c,Kepler-320,0.8628899551470399,1.8309801823813363,0.0,6.910750787961936,0.1327811112338184,6435.0,1.072,1.144222799920162,0.4369294989539102
Kepler-321 b,Kepler-321,1.0188473201992472,1.55814461804655,0.0,6.949856455000773,0.0554347068881005,5740.0,1.024,1.128171090909654,0.3891749768270396
Kepler-321 c,Kepler-321,1.199964782928397,1.2919836816486496,0.0,6.6240652277998935,0.1043600153242427,5740.0,1.024,1.128171090909654,0.3695141019697282
Kepler-322 b,Kepler-322,0.6981347220709844,1.854734268389444,0.0,7.2254814727822945,0.0266419309464211,5388.0,0.908,0.7419373447293773,0.39580208102506187
Kepler-322 c,Kepler-322,0.982078472412158,1.6193882432872684,0.0,6.904750769961838,0.049742091894814,5388.0,0.908,0.7419373447293773,0.39000484023007687
Kepler-323 b,Kepler-323,0.8675205675047257,2.2192034840549946,0.0907543632684641,7.516977224604321,0.0274011363479391,6004.0,1.015,1.8562979903656265,0.4003606438243502
Kepler-323 c,Kepler-323,0.9439058989071284,2.360854001118021,0.0907543632684641,7.266827347520591,0.0447821427718931,6004.0,1.015,1.8562979903656265,0.39687558621368585
Kepler-324 b,Kepler-324,0.76080582903376,1.3862943611198906,0.0,6.8416154764775925,0.048790164169432,5194.0,0.901,1.47932922708708,0.4057158520137779
Kepler-324 c,Kepler-324,1.423108334242607,1.0043016091968684,0.0,6.018593214496234,0.2311117209633866,5194.0,0.901,1.47932922708708,0.42669133666345826
Kepler-324 e,Kepler-324,1.1114049261729622,0.1484200051182732,0.0,6.455198563340122,0.1041077312510397,5191.0,0.8440000000000001,1.47932922708708,0.37471875910311525
Kepler-325 b,Kepler-325,1.3635373739972745,1.085189268335969,0.0,6.925595197110468,0.0516432331518384,5752.0,0.914,0.6575200029167942,0.2662537003423936
Kepler-325 c,Kepler-325,1.264126727145683,1.205970806988609,0.0,6.582025138892826,0.0998453349697161,5752.0,0.914,0.6575200029167942,0.33832496440987003
Kepler-325 d,Kepler-325,1.332366019094335,1.1216775615991057,0.0,6.212606095751519,0.1988508587451652,5752.0,0.914,0.6575200029167942,0.38974032991745794
Kepler-326 d,Kepler-326,0.7929925155296614,3.109060958860994,0.0,6.661854740545311,0.0639133257436528,5105.0,0.91,2.651832521103981,0.4419748355003533
Kepler-327 b,Kepler-327,0.7466879474879752,1.8976198599275325,0.0,6.52649485957079,0.0285874568519125,3799.0,0.5919130000000001,1.4539530095937054,0.47945189773502944
Kepler-327 d,Kepler-327,1.0043016091968684,1.5810384379124025,0.0,5.961005339623274,0.0861776962410523,3799.0,0.5919130000000001,1.4539530095937054,0.5326543662543795
Kepler-328 b,Kepler-328,1.1939224684724346,2.174751721484161,0.0,6.401917196727186,0.1987688881725548,6064.0,1.15,1.2725655957915476,0.45159074631344465
Kepler-328 c,Kepler-328,1.8562979903656265,0.4700036292457356,0.0,6.16541785423142,0.3030631744900832,6064.0,1.15,1.2725655957915476,0.3562692865734799
Kepler-329 b,Kepler-329,0.8754687373538999,1.8066480817218056,0.0,6.306275286948016,0.059211859631846,4257.0,0.602,1.4973884086254774,0.5156855920362353
Kepler-329 c,Kepler-329,1.075002423028976,1.4701758451005928,0.0,5.998936561946683,0.1070590722934076,4257.0,0.602,1.4973884086254774,0.5037096662071598
Kepler-33 b,Kepler-33,1.007957920399979,1.5769147207285403,0.0,7.198183577101943,0.0655068022021196,5904.0,1.291,1.6620303625532709,0.3752020141699051
Kepler-33 c,Kepler-33,1.4350845252893227,0.1222176327242492,0.0,6.917705609835305,0.1123460598315384,5904.0,1.291,1.6620303625532709,0.24889357399942003
Kepler-33 d,Kepler-33,1.8484548129046003,0.2231435513142097,0.0,6.74993119378857,0.1537505998059185,5904.0,1.291,1.6620303625532709,0.26948866811525873
Kepler-33 e,Kepler-33,1.6134299337036375,0.5877866649021191,0.0,6.6240652277998935,0.1937559344196177,5904.0,1.291,1.6620303625532709,0.300875845143152
Kepler-33 f,Kepler-33,1.6974487897568138,0.6418538861723948,0.0,6.539585955617669,0.225939638616211,5904.0,1.291,1.6620303625532709,0.31580157396750497
Kepler-330 b,Kepler-330,0.8544153281560676,1.8468787684491343,0.0,6.572282542694008,0.0723206615796261,5117.0,0.848,1.4973884086254774,0.49156024376217383
Kepler-330 c,Kepler-330,1.0818051703517284,1.4609379041156565,0.0,6.352629396319567,0.1097508639591192,5117.0,0.848,1.4973884086254774,0.45609337338313244
Kepler-331 b,Kepler-331,1.0367368849500225,1.5303947050936475,0.0,6.293419278846481,0.0629747991613884,4347.0,0.653,0.7884573603642702,0.4486076748818409
Kepler-331 c,Kepler-331,1.043804052173115,1.5173226235262949,0.0,6.054439346269371,0.0998453349697161,4347.0,0.653,0.7884573603642702,0.47947358348096164
Kepler-331 d,Kepler-331,0.9707789171582248,1.6389967146756448,0.0,5.849324779946859,0.1475575643576146,4347.0,0.653,0.7884573603642702,0.5513571054144883
Kepler-332 b,Kepler-332,0.7747271675523681,1.927164106234258,0.0,6.556778356158042,0.0676586484738148,4955.0,0.7429999999999999,1.3402504226184837,0.4955765702331285
Kepler-332 c,Kepler-332,0.7371640659767197,1.88706964903238,0.0,6.311734809152915,0.1079571415050922,4955.0,0.7429999999999999,1.3402504226184837,0.5344720172397989
Kepler-332 d,Kepler-332,0.7793248768009976,1.9300710850255671,0.0,6.059123195581797,0.1731126177086447,4955.0,0.7429999999999999,1.3402504226184837,0.5868974979053074
Kepler-333 c,Kepler-333,0.7466879474879752,1.8976198599275325,0.0,5.958424693029782,0.126632650933366,4259.0,0.601,1.4445632692438664,0.5860349522960088
Kepler-334 b,Kepler-334,0.7514160886839212,1.9035989509835904,0.0,6.994849985833071,0.059211859631846,5828.0,1.022,1.3217558399823195,0.43368163251671504
Kepler-334 c,Kepler-334,0.8878912573524571,1.7817091333745536,0.0,6.71295620067707,0.1016536537264998,5828.0,1.022,1.3217558399823195,0.4612464481793414
Kepler-334 d,Kepler-334,0.8796267475025636,1.7984040119467235,0.0,6.487684018484611,0.1552928844060353,5828.0,1.022,1.3217558399823195,0.5008255419680303
Kepler-335 b,Kepler-335,1.47932922708708,0.959350221334602,0.0,7.1631723908466425,0.0723206615796261,5877.0,1.3669999999999998,1.4085449700547104,0.255422914729778
Kepler-335 c,Kepler-335,1.4036429994545037,1.0402767116551463,0.0,6.385194398997726,0.3045391895182038,5877.0,1.3669999999999998,1.4085449700547104,0.3633731548361652
Kepler-336 b,Kepler-336,0.7030975114131134,1.854734268389444,0.0,7.3938782901077555,0.0324671901375014,5867.0,1.09,1.7749523509116738,0.409887335957617
Kepler-336 c,Kepler-336,1.1314021114911006,1.3862943611198906,0.0,6.875232087276577,0.0880108773227133,5867.0,1.09,1.7749523509116738,0.3558240630474742
Kepler-336 d,Kepler-336,1.2149127443642704,1.269760544863939,0.0,6.620073206530356,0.1432341680859077,5867.0,1.09,1.7749523509116738,0.3648190838353152
Kepler-337 b,Kepler-337,0.9321640810304452,1.7047480922384253,0.0,7.285506548522786,0.0440168854167743,5684.0,1.081,2.190535589185423,0.39772661267925946
Kepler-337 c,Kepler-337,1.11514159061932,1.410986973710262,0.0,6.925595197110468,0.0889262091944014,5684.0,1.081,2.190535589185423,0.3560072509829616
Kepler-338 b,Kepler-338,1.235471471385307,2.533696813957432,0.0392207131532812,6.913737350659685,0.1106465200870636,5923.0,1.105,2.009555414215669,0.3628323508316296
Kepler-338 c,Kepler-338,1.205970806988609,1.2837077723447896,0.0295588022415444,6.723832440821209,0.1587116911548208,5923.0,1.105,2.009555414215669,0.3444758925031795
Kepler-338 d,Kepler-338,1.3862943611198906,1.0612565021243408,0.0295588022415444,6.523562306149512,0.2287279296081104,5923.0,1.105,2.009555414215669,0.3355146616312286
Kepler-338 e,Kepler-338,0.9400072584914712,2.5877640352277083,0.048790164169432,7.042286171939743,0.0859850171291656,5999.0,1.14,2.009555414215669,0.41488524147733663
Kepler-339 b,Kepler-339,0.8837675401685949,1.790091412127358,0.0,6.931471805599453,0.0535407669280298,5631.0,0.87,0.6830968447064438,0.4143659314087671
Kepler-34 b,Kepler-34,2.2580060495960783,0.4780957991430717,0.1672079189839064,5.934682533008997,0.7369726600999749,5913.0,1.0479,1.908000575982093,0.5471348574180653
Kepler-340 b,Kepler-340,1.2612978709452054,1.208960345836975,0.0,6.996681488176539,0.1257512053055603,6620.0,1.65,0.8285518175661483,0.27551700598965007
Kepler-340 c,Kepler-340,1.4747630091074988,0.9631743177730056,0.0,6.853299093186078,0.1638180852293949,6620.0,1.65,0.8285518175661483,0.2579391907704624
Kepler-341 b,Kepler-341,0.7793248768009976,1.9300710850255671,0.0,6.990256500493881,0.0582689081239757,6012.0,0.976,2.31451366385932,0.42651778282743336
Kepler-341 c,Kepler-341,0.9932517730102834,1.599387576580599,0.0,6.846943139585379,0.0769610411361283,6012.0,0.976,2.31451366385932,0.40070921851239094
Kepler-341 d,Kepler-341,1.0473189942805592,1.5129270120532563,0.0,6.434546518787453,0.1672079189839064,6012.0,0.976,2.31451366385932,0.4458614637775684
Kepler-341 e,Kepler-341,1.095273387402595,1.4398351280479205,0.0,6.29156913955832,0.216722983511287,6012.0,0.976,2.31451366385932,0.4511739762110176
Kepler-342 b,Kepler-342,1.1786549963416462,1.3190856114264409,0.0,6.80903930604298,0.1204461530758671,6175.0,1.213,1.3402504226184837,0.34477704755060656
Kepler-342 c,Kepler-342,1.085189268335969,1.4539530095937054,0.0,6.626717749249025,0.1697427745870945,6175.0,1.213,1.3402504226184837,0.4068007805937601
Kepler-342 d,Kepler-342,1.249901736214336,1.2267122912954256,0.0,6.490723534502507,0.216722983511287,6175.0,1.213,1.3402504226184837,0.3726646859142294
Kepler-342 e,Kepler-342,0.6312717768418579,1.7850704810772584,0.0,7.5485559791698735,0.0286749165840499,6366.0,1.26,1.1118575154181305,0.3873656344884645
Kepler-343 b,Kepler-343,1.2267122912954256,1.2556160374777745,0.0,6.932447891572509,0.0843411484337507,5807.0,1.055,2.009555414215669,0.31777850642838507
Kepler-343 c,Kepler-343,1.1052568313867783,1.425515074273172,0.0,6.616065185132817,0.1544363533044189,5807.0,1.055,2.009555414215669,0.40646485325378
Kepler-344 b,Kepler-344,1.2837077723447896,1.181727195378616,0.0,6.467698726104354,0.1423672412869219,5774.0,0.931,1.2556160374777745,0.37642259320743376
Kepler-344 c,Kepler-344,1.3737155789130306,1.075002423028976,0.0,5.8888779583328805,0.3974329364109001,5774.0,0.931,1.2556160374777745,0.5101418730152467
Kepler-345 b,Kepler-345,0.5538851132264376,1.7578579175523736,0.0,6.434546518787453,0.0639133257436528,4504.0,0.61,1.3217558399823195,0.4643334053529603
Kepler-345 c,Kepler-345,0.7884573603642702,0.7975071958841881,0.0,6.356107660695892,0.0741793981742515,4504.0,0.61,1.3217558399823195,0.4369454278728204
Kepler-346 b,Kepler-346,1.297463147413275,1.1662709371419244,0.0,6.9167150203536085,0.0685927914656117,6033.0,0.943,1.2237754316221157,0.3007238404901885
Kepler-346 c,Kepler-346,1.4036429994545037,1.0402767116551463,0.0,6.484635235635252,0.1552928844060353,6033.0,0.943,1.2237754316221157,0.3532225132142359
Kepler-347 b,Kepler-347,1.0885619528146082,1.449269160281279,0.0,6.812345094177479,0.1043600153242427,6088.0,0.922,2.545531271604436,0.35294607528375604
Kepler-347 c,Kepler-347,1.01160091167848,1.5686159179138452,0.0,6.559615237493242,0.1680535849962497,6088.0,0.922,2.545531271604436,0.42002578022162923
Kepler-347 d,Kepler-347,1.396244691973059,1.0473189942805592,0.0,6.180016653652572,0.3222284162043644,5592.0,1.0,2.545531271604436,0.37162474774528675
Kepler-348 b,Kepler-348,0.924258901523332,1.717395053939193,0.0,7.087573705557973,0.0732504617395926,6177.0,1.189,1.1908875647772803,0.4047289807914227
Kepler-348 c,Kepler-348,0.8458682675776092,1.8625285401162623,0.0,6.790097235513905,0.1292723357041391,6177.0,1.189,1.1908875647772803,0.4570727584846897
Kepler-349 c,Kepler-349,1.085189268335969,1.4539530095937054,0.0,6.638567789166521,0.0998453349697161,5956.0,1.083,0.4382549309311553,0.3777740631272099
Kepler-35 b,Kepler-35,2.214846178686039,0.3435897043900769,0.0411419433311751,5.947486535935594,0.4721700309021548,5606.0,0.8877,2.3715512974587685,0.45508966588895183
Kepler-350 b,Kepler-350,1.0473189942805592,1.7749523509116738,0.0,6.945051063725834,0.0989399478549035,6186.0,1.19,1.6094379124341005,0.4012708033122516
Kepler-350 c,Kepler-350,1.410986973710262,0.300104592450338,0.0,6.790097235513905,0.1297116065216571,6492.3,1.0,1.6094379124341005,0.2645499880814429
Kepler-350 d,Kepler-350,1.33500106673234,1.3056264580524355,0.0,6.663132695990803,0.1643272934216759,6492.3,1.0,1.6094379124341005,0.33302099456976675
Kepler-351 b,Kepler-351,1.4011829736136412,0.6528458837864196,0.0,6.212606095751519,0.1939206926373065,5643.0,0.81,1.3609765531356006,0.3930353390672688
Kepler-351 c,Kepler-351,1.4327007339340465,1.0577902941478543,0.0,6.068425588244111,0.2523139286139896,5643.0,0.81,1.3609765531356006,0.44785597127768983
Kepler-351 d,Kepler-351,1.3137236682850553,1.144222799920162,0.0,5.765191102784844,0.4171960309838631,5225.0,0.81,1.7749523509116738,0.6614128523081743
Kepler-352 b,Kepler-352,0.6205764877251099,1.7732559976634952,0.0,6.543911845564792,0.0815799869924228,5212.0,0.798,0.9932517730102834,0.46598704458824347
Kepler-352 c,Kepler-352,0.8064758658669485,1.9416152247724323,0.0,6.3835066348840055,0.1115413747329074,5212.0,0.798,0.9932517730102834,0.5221231964178681
Kepler-352 d,Kepler-352,0.5912696588968889,1.7422190236679187,0.0,6.670766320845874,0.0636693935555911,5208.0,0.796,0.9932517730102834,0.43755981921602916
Kepler-353 b,Kepler-353,0.636576829071551,1.790091412127358,0.0,6.282266746896006,0.049742091894814,3903.0,0.553,1.7209792871670078,0.4978307993965731
Kepler-353 c,Kepler-353,0.8671004876833832,1.8229350866965048,0.0,6.159095388491933,0.0629747991613884,3903.0,0.553,1.7209792871670078,0.5360291531373629
Kepler-354 b,Kepler-354,1.043804052173115,1.5173226235262949,0.0,6.60934924316738,0.0525924501191705,4648.0,0.6520000000000001,2.694627180770069,0.38522965866043696
Kepler-354 c,Kepler-354,0.8372475245337022,1.8794650496471603,0.0,6.2324480165505225,0.108854404912082,4648.0,0.6520000000000001,2.694627180770069,0.5108635564663921
Kepler-354 d,Kepler-354,0.8064758658669485,1.9416152247724323,0.0,6.113682179832232,0.1362776182925478,4648.0,0.6520000000000001,2.694627180770069,0.5337882300400818
Kepler-355 b,Kepler-355,0.9001613499442714,1.7613002617433464,0.0,6.734591659972948,0.0971267107307227,6184.0,0.933,2.3978952727983707,0.43682689951279674
Kepler-355 c,Kepler-355,1.3110318766193438,1.1474024528375415,0.0,6.452048954437226,0.1646666215552338,6184.0,0.933,2.3978952727983707,0.3487438113402296
Kepler-356 b,Kepler-356,0.9439058989071284,1.6845453849209058,0.0,7.166265974133638,0.0554347068881005,6133.0,1.163,1.6428726885203375,0.39479374128062245
Kepler-356 c,Kepler-356,1.0331844833456545,1.534714366238164,0.0,6.81783057145415,0.108854404912082,6133.0,1.163,1.6428726885203375,0.3964622300068325
Kepler-357 b,Kepler-357,1.043804052173115,1.5173226235262949,0.0,6.677083461247136,0.0610950993598108,5036.0,0.7940000000000002,1.144222799920162,0.4184089460260451
Kepler-357 c,Kepler-357,1.3001916620664788,1.1631508098056809,0.0,6.3578422665081,0.1133286853070031,5036.0,0.7940000000000002,1.144222799920162,0.3903414056332787
Kepler-357 d,Kepler-357,1.4883995840570443,0.947789398933526,0.0,5.998936561946683,0.2199384203652614,5036.0,0.7940000000000002,1.144222799920162,0.44803577388461263
Kepler-358 b,Kepler-358,1.3137236682850553,1.144222799920162,0.0,6.318968113746434,0.1906203596086497,5908.0,0.94,0.3364722366212129,0.3629654985905244
Kepler-358 c,Kepler-358,1.3480731482996928,1.1052568313867783,0.0,6.021023349349527,0.3228078744271551,5908.0,0.94,0.3364722366212129,0.42517173061489233
Kepler-359 b,Kepler-359,1.5107219394949427,0.924258901523332,0.0,6.51025834052315,0.1638180852293949,6248.0,0.8270000000000001,1.3912819026309298,0.33846941069479375
Kepler-359 c,Kepler-359,1.667706820558076,0.0953101798043248,0.0,6.240275845170769,0.2677344346420849,6248.0,0.8270000000000001,1.3912819026309298,0.3692501902978021
Kepler-359 d,Kepler-359,1.6114359150967734,0.0953101798043248,0.0,6.142037405587356,0.3162695293036934,6248.0,0.8270000000000001,1.3912819026309298,0.3950740864657133
Kepler-36 b,Kepler-36,0.915490411703386,1.9823798288367047,0.0,6.88653164253051,0.1081276835149392,5979.0,1.034,2.1294214739848565,0.4428717737602752
Kepler-36 c,Kepler-36,1.5430844118840792,0.5805382361772911,0.0,6.834108738813838,0.1194882476223854,5979.0,1.034,2.1294214739848565,0.26808172822341536
Kepler-360 b,Kepler-360,0.9745596399981308,1.631199404215613,0.0,7.018401799069201,0.0430594894604469,6053.0,0.994,0.8796267475025636,0.3838678294423201
Kepler-360 c,Kepler-360,1.1314021114911006,1.3862943611198906,0.0,6.7580945044277305,0.0723206615796261,6053.0,0.994,0.8796267475025636,0.3588571504231324
Kepler-361 b,Kepler-361,0.8960880245566356,1.769854633840005,0.0,6.966967138613983,0.0825012215117436,6169.0,1.191,1.5871923034867808,0.42190199215526486
Kepler-361 c,Kepler-361,1.258460989610006,1.2149127443642704,0.0,6.343880434126331,0.262364264467491,6169.0,1.191,1.5871923034867808,0.3918817890860033
Kepler-362 b,Kepler-362,0.6312717768418579,1.7850704810772584,0.0,6.732210706467206,0.0834216081390723,5788.0,0.904,2.6304489550786583,0.40839110668400164
Kepler-362 c,Kepler-362,0.8960880245566356,1.769854633840005,0.0,6.298949246855942,0.1881379421153944,5788.0,0.904,2.6304489550786583,0.4859532174398639
Kepler-363 b,Kepler-363,0.7701082216960736,1.918392120161421,0.0,7.206377291472252,0.0468835858988504,5593.0,1.226,1.871802176901592,0.42218205184388563
Kepler-363 d,Kepler-363,1.11514159061932,1.410986973710262,0.0,6.80903930604298,0.1016536537264998,5593.0,1.226,1.871802176901592,0.3709920371403923
Kepler-364 b,Kepler-364,0.9360933591703348,1.6974487897568138,0.0,6.625392368007956,0.1638180852293949,6108.0,1.076,0.4885800148186709,0.4325156555555804
Kepler-364 c,Kepler-364,1.1474024528375415,1.3635373739972745,0.0,6.343880434126331,0.2715526905218973,6108.0,1.076,0.4885800148186709,0.40579604964398824
Kepler-365 b,Kepler-365,1.1118575154181305,1.415853163361435,0.0,6.763884908562435,0.0934903430873388,6012.0,1.02,1.6094379124341005,0.37746079132196814
Kepler-365 c,Kepler-365,0.9707789171582248,1.6389967146756448,0.0,6.593044534142437,0.128393214768399,6012.0,1.02,1.6094379124341005,0.45479291973491526
Kepler-366 b,Kepler-366,0.9001613499442714,1.7613002617433464,0.0,7.190676034332207,0.0440168854167743,6209.0,1.088,2.0294631718735947,0.40461062440545914
Kepler-366 c,Kepler-366,1.0260415958332745,1.547562508716013,0.0,6.744059186311348,0.1043600153242427,6209.0,1.088,2.0294631718735947,0.4065457648469164
Kepler-367 b,Kepler-367,0.832909122935104,1.88706964903238,0.0,5.996452088619021,0.1831545430978465,4710.0,0.768,1.1908875647772803,0.5987252435302968
Kepler-367 c,Kepler-367,0.7884573603642702,1.9387416595767009,0.0,5.8805329864007,0.2255406759139312,4710.0,0.768,1.1908875647772803,0.6330963247888288
Kepler-368 b,Kepler-368,1.449269160281279,0.9932517730102834,0.0,6.68586094706836,0.1705863005755337,5502.0,1.165,2.009555414215669,0.3103645926155709
Kepler-368 c,Kepler-368,1.5851452198650555,0.8544153281560676,0.0,6.356107660695892,0.3074846997479606,5502.0,1.165,2.009555414215669,0.3558682828098898
Kepler-369 b,Kepler-369,0.7561219797213337,1.9095425048844383,0.0,6.533788837933344,0.0295588022415444,3591.0,0.5,1.6428726885203375,0.48003473403620134
Kepler-369 c,Kepler-369,0.8796267475025636,1.7984040119467235,0.0,5.971261839790462,0.0898407039997894,3591.0,0.5,1.6428726885203375,0.5941115521648455
Kepler-37 c,Kepler-37,0.5624688569178291,2.772588722239781,0.0944006754214843,6.423246963533519,0.1301506844650451,5357.0,0.79,2.151762203259462,0.48161981114535785
Kepler-37 d,Kepler-37,1.1085626195212777,0.832909122935104,0.0953101798043248,6.214608098422191,0.1913638847781835,5357.0,0.79,2.151762203259462,0.4291600536250246
Kepler-370 b,Kepler-370,0.9516578757114464,1.6695918352538477,0.0,6.947937068614969,0.0525924501191705,5852.0,0.982,1.9501867058225737,0.41050040789885184
Kepler-370 c,Kepler-370,1.068153081183401,1.4816045409242156,0.0,6.473890696352274,0.1310282624064041,5852.0,0.982,1.9501867058225737,0.4397000695550228
Kepler-371 b,Kepler-371,1.0612565021243408,1.4906543764441331,0.0,6.318968113746434,0.1823215567939545,5666.0,0.876,2.6304489550786583,0.42926888600812113
Kepler-371 c,Kepler-371,1.0224509277025458,1.551808799597464,0.0,6.095824562432225,0.2723145953206591,5666.0,0.876,2.6304489550786583,0.4742079916245954
Kepler-372 b,Kepler-372,0.8586616190375187,1.8389610707123487,0.0,6.9865664594064265,0.0723206615796261,6509.0,1.202,1.2086617938120676,0.4255538173986043
Kepler-372 c,Kepler-372,1.128171090909654,1.3912819026309298,0.0,6.628041376179533,0.1432341680859077,6509.0,1.202,1.2086617938120676,0.38603620854158444
Kepler-372 d,Kepler-372,0.9895411936137476,1.6054298910365616,0.0,6.493753839851687,0.1831545430978465,6509.0,1.202,1.2086617938120676,0.45795617925911314
Kepler-373 b,Kepler-373,0.8586616190375187,1.8389610707123487,0.0,6.961296045910167,0.0582689081239757,5787.0,0.981,2.481567748522486,0.4148899714213099
Kepler-373 c,Kepler-373,0.8064758658669485,1.9416152247724323,0.0,6.593044534142437,0.1186715297174986,5787.0,0.981,2.481567748522486,0.4693899904495753
Kepler-374 b,Kepler-374,0.708035793053696,1.860974538249528,0.0,7.474204806496124,0.0285874568519125,5977.0,1.033,2.252343876557299,0.40639086125911905
Kepler-374 c,Kepler-374,0.7419373447293773,1.8961194845522973,0.0,7.291656209174461,0.0411419433311751,5977.0,1.033,2.252343876557299,0.41304069767608753
Kepler-374 d,Kepler-374,0.8372475245337022,1.8794650496471603,0.0,7.149131598557407,0.0544881852840697,5977.0,1.033,2.252343876557299,0.42166003550255604
Kepler-375 b,Kepler-375,0.8960880245566356,1.769854633840005,0.0,6.747586526829315,0.0962188577405429,5826.0,0.891,0.3364722366212129,0.425473687860087
Kepler-375 c,Kepler-375,1.2947271675944,1.169381359556317,0.0,6.580639137284949,0.1319050708799385,5826.0,0.891,0.3364722366212129,0.32423326509288486
Kepler-376 b,Kepler-376,0.7275486072772778,1.8809906029559973,0.0,7.125283091510712,0.0554347068881005,5900.0,0.968,1.068153081183401,0.41932040315694835
Kepler-376 c,Kepler-376,1.0260415958332745,1.547562508716013,0.0,6.773080375655535,0.108854404912082,5900.0,0.968,1.068153081183401,0.40585856961379396
Kepler-377 b,Kepler-377,0.8712933659434192,1.8148247421590515,0.0,6.775366090936392,0.1034587083682299,5949.0,1.043,1.871802176901592,0.45499950052994687
Kepler-377 c,Kepler-377,1.118414915964289,1.4060969884160703,0.0,6.519147287940395,0.1672079189839064,5949.0,1.043,1.871802176901592,0.41496068794368646
Kepler-378 b,Kepler-378,0.5596157879354227,1.7083778602890038,0.0,6.222576268071369,0.1061601958283906,4661.0,0.78,1.4445632692438664,0.5016447350341897
Kepler-378 c,Kepler-378,0.5306282510621704,1.6752256529721037,0.0,6.028278520230698,0.1535790879283006,4661.0,0.78,1.4445632692438664,0.5305284418137471
Kepler-379 b,Kepler-379,0.9783261227936076,1.623340817603092,0.0,6.654152520183219,0.1414995622736995,6054.0,1.125,1.175573329804238,0.44218732443790754
Kepler-379 c,Kepler-379,1.1908875647772803,1.3029127521808397,0.0,6.274762021241939,0.2821668917636707,6054.0,1.125,1.175573329804238,0.4299572406560112
Kepler-38 b,Kepler-38,1.667706820558076,1.269760544863939,0.0314986670593709,6.16541785423142,0.3806258180945189,5623.0,0.941,2.3978952727983707,0.38676467189760305
Kepler-380 b,Kepler-380,0.7839015438284094,1.9315214116032136,0.0,7.183870715062453,0.048790164169432,6045.0,0.99,1.691939133945844,0.4215789745254246
Kepler-380 c,Kepler-380,0.8197798314933114,1.912501086924184,0.0,6.963189985870238,0.0751074724868054,6045.0,0.99,1.691939133945844,0.4378607903681143
Kepler-381 b,Kepler-381,0.688134638736401,1.8421356765531216,0.0,7.3632795869630385,0.0639133257436528,6152.0,1.1439999999999997,1.2725655957915476,0.4056561952003054
Kepler-381 c,Kepler-381,0.7514160886839212,1.9035989509835904,0.0,7.074116816197362,0.1106465200870636,6152.0,1.1439999999999997,1.2725655957915476,0.42627540041551554
Kepler-381 d,Kepler-381,0.7259949855729043,1.8825138324965192,0.0,7.23561914106675,0.0803257445379007,6197.0,1.198,1.2725655957915476,0.41542561997492555
Kepler-382 b,Kepler-382,0.8415671856782186,1.871802176901592,0.0,7.062191632286556,0.0535407669280298,5600.0,1.002,2.089391872533004,0.4316943591226028
Kepler-382 c,Kepler-382,0.9516578757114464,1.6695918352538477,0.0,6.78332520060396,0.0925791812930932,5600.0,1.002,2.089391872533004,0.43287333063231404
Kepler-383 b,Kepler-383,0.8415671856782186,1.871802176901592,0.0,6.302618975744905,0.0907543632684641,4710.0,0.669,2.7013612129514133,0.4956945407695598
Kepler-383 c,Kepler-383,0.8064758658669485,1.9416152247724323,0.0,6.008813185442595,0.1587116911548208,4710.0,0.669,2.7013612129514133,0.5520179726446963
Kepler-384 b,Kepler-384,0.7514160886839212,1.9035989509835904,0.0,6.508769136971682,0.1380212978973746,5577.0,0.8819999999999999,2.6304489550786583,0.46484631707122825
Kepler-384 c,Kepler-384,0.7561219797213337,1.9095425048844383,0.0,6.2766434893416445,0.211880359035499,5577.0,0.8819999999999999,2.6304489550786583,0.4978114203952161
Kepler-385 b,Kepler-385,1.316408233655724,1.4951487660319729,0.0,6.858565034791365,0.0925791812930932,6326.0,0.992,1.4609379041156565,0.32347990246301167
Kepler-385 c,Kepler-385,1.396244691973059,1.275362800412609,0.0,6.721425700790643,0.1195592350576392,6326.0,0.992,1.4609379041156565,0.3197352444642678
Kepler-385 d,Kepler-385,1.2860995911048598,1.1786549963416462,0.0,6.284134161070802,0.2524693166960364,5829.0,1.05,1.4609379041156565,0.4044438238987473
Kepler-386 b,Kepler-386,0.8712933659434192,1.8148247421590515,0.0,6.480044561926653,0.0916671885258238,5178.0,0.825,2.388762789235098,0.490642547595271
Kepler-386 c,Kepler-386,0.947789398933526,1.6770965609079151,0.0,6.2422232654551655,0.1441003439737568,5178.0,0.825,2.388762789235098,0.509483620856898
Kepler-387 b,Kepler-387,0.708035793053696,1.860974538249528,0.0,6.902742737158593,0.0657877405380031,5774.0,0.8500000000000001,0.6981347220709844,0.4174188903882332
Kepler-387 c,Kepler-387,0.636576829071551,1.790091412127358,0.0,6.717804695023691,0.0934903430873388,5774.0,0.8500000000000001,0.6981347220709844,0.42601846746678446
Kepler-388 b,Kepler-388,0.5933268452777344,1.7457155307266483,0.0,6.7226297948554485,0.0353671438372913,4498.0,0.635,2.7013612129514133,0.385250868104245
Kepler-388 c,Kepler-388,0.6205764877251099,1.7732559976634952,0.0,6.246106765481563,0.0889262091944014,4498.0,0.635,2.7013612129514133,0.46011087263797334
Kepler-389 b,Kepler-389,0.9202827531436926,1.724550719534605,0.0,6.954638864880987,0.0401817896328318,5376.0,0.765,1.0508216248317612,0.4194542704130389
Kepler-389 c,Kepler-389,0.9001613499442714,1.7613002617433464,0.0,6.456769655572163,0.1043600153242427,5376.0,0.765,1.0508216248317612,0.5035725929593663
Kepler-390 b,Kepler-390,0.598836501088704,1.749199854809259,0.0,6.668228248417403,0.0629747991613884,5166.0,0.7870000000000001,1.4445632692438664,0.44420060875521955
Kepler-390 c,Kepler-390,0.5822156198526637,1.7334238922150915,0.0,6.447305862541213,0.0962188577405429,5166.0,0.7870000000000001,1.4445632692438664,0.475872291170603
Kepler-392 b,Kepler-392,0.6931471805599453,1.8468787684491343,0.0,7.026426808699636,0.0573250666192694,5938.0,0.8739999999999999,1.3787660946990992,0.42093488910940885
Kepler-392 c,Kepler-392,0.7419373447293773,1.8961194845522973,0.0,6.804614520062624,0.0889262091944014,5938.0,0.8739999999999999,1.3787660946990992,0.4537880307589271
Kepler-393 b,Kepler-393,0.8285518175661483,1.8961194845522973,0.0,6.959398512133975,0.0870947068509337,6189.0,1.256,1.3402504226184837,0.4361404135367634
Kepler-393 c,Kepler-393,0.8458682675776092,1.8625285401162623,0.0,6.804614520062624,0.1168937514714993,6189.0,1.256,1.3402504226184837,0.4533940403292629
Kepler-394 b,Kepler-394,0.9555114450274363,1.66392609771817,0.0,6.943122422819428,0.0797349680188535,6402.0,0.87,0.2231435513142097,0.37189283117386546
Kepler-394 c,Kepler-394,0.9783261227936076,1.623340817603092,0.0,6.804614520062624,0.1043600153242427,6402.0,0.87,0.2231435513142097,0.38262715995320845
Kepler-394 d,Kepler-394,0.916557952167632,1.7316555451583495,0.0,7.061334366910438,0.0573628373884756,6398.0,1.141,0.2231435513142097,0.37176046508197313
Kepler-395 b,Kepler-395,0.708035793053696,1.860974538249528,0.0,6.3578422665081,0.059211859631846,4262.0,0.622827,0.9555114450274363,0.5117784924930641
Kepler-395 c,Kepler-395,0.8415671856782186,1.871802176901592,0.0,5.834810737062605,0.1629688282781396,4262.0,0.622827,0.9555114450274363,0.7053511223125846
Kepler-396 b,Kepler-396,1.5040773967762742,2.3683728335320486,0.0,6.208590026096629,0.2156515562759059,5656.0,0.8500000000000001,0.4824261492442927,0.43411597415438863
Kepler-396 c,Kepler-396,1.840549633397487,0.5074198306311578,0.0,5.968707559985366,0.3289151824524848,5656.0,0.8500000000000001,0.4824261492442927,0.3983588415425462
Kepler-397 b,Kepler-397,1.2412685890696329,1.235471471385307,0.0,6.29156913955832,0.1345308929576061,5307.0,0.8440000000000001,1.8325814637483104,0.4124173967761139
Kepler-397 c,Kepler-397,1.9712993830601329,0.5515836162381584,0.0,5.69035945432406,0.3920420877760237,5307.0,0.8440000000000001,1.8325814637483104,0.6254508144653443
Kepler-398 b,Kepler-398,0.6575200029167942,1.8115620965242347,0.0,6.628041376179533,0.0430594894604469,4493.0,0.649,1.205970806988609,0.458909957801794
Kepler-398 c,Kepler-398,0.6981347220709844,1.854734268389444,0.0,6.285998094508865,0.0834216081390723,4493.0,0.649,1.205970806988609,0.5250579527192276
Kepler-398 d,Kepler-398,0.6312717768418579,1.7850704810772584,0.0,6.456769655572163,0.059965581167434,4557.0,0.7199999999999999,1.205970806988609,0.4816351308244316
Kepler-399 b,Kepler-399,0.6729444732424258,1.827769906751088,0.0,6.651571873589727,0.0980337402713654,5502.0,0.902,1.6054298910365616,0.47486018967329446
Kepler-399 c,Kepler-399,0.8878912573524571,1.7817091333745536,0.0,6.447305862541213,0.1441003439737568,5502.0,0.902,1.6054298910365616,0.5196171547265156
Kepler-399 d,Kepler-399,1.0612565021243408,1.4906543764441331,0.0,6.18826412308259,0.2319050569827825,5502.0,0.902,1.6054298910365616,0.528967826148545
Kepler-4 b,Kepler-4,1.6098378324554272,1.068153081183401,0.0,7.409136443920128,0.0445908833278751,5857.0,1.223,1.7047480922384253,0.25500810280375236
Kepler-40 b,Kepler-40,2.646883765864722,0.9858167945227652,0.0,7.390798521735676,0.0769610411361283,6510.0,1.48,1.33500106673234,0.2134505709084114
Kepler-400 b,Kepler-400,0.9745596399981308,1.631199404215613,0.0,6.84587987526405,0.0834216081390723,5886.0,1.08,1.5325568680981427,0.4158979735982732
Kepler-400 c,Kepler-400,0.9122827104766162,1.7404661748405044,0.0,6.628041376179533,0.1257512053055603,5886.0,1.08,1.5325568680981427,0.4675441183259752
Kepler-401 b,Kepler-401,0.9969486348916096,1.5933085305042167,0.0,6.7912214627261855,0.1151128071005045,6117.0,1.173,1.515127232962859,0.41211829807946404
Kepler-401 c,Kepler-401,1.1474024528375415,1.3635373739972745,0.0,6.395261598115449,0.2382291887322506,6117.0,1.173,1.515127232962859,0.4174527564220922
Kepler-401 d,Kepler-401,1.184789984909162,1.3110318766193438,0.0,5.942799375126701,0.5121407585969492,6184.0,1.17,1.47932922708708,0.47429481666933715
Kepler-402 b,Kepler-402,0.7975071958841881,1.9444805562457188,0.0,7.179307969504034,0.049742091894814,6090.0,1.072,0.8754687373538999,0.4102657076027827
Kepler-402 c,Kepler-402,0.9400072584914712,1.6882490928583902,0.0,7.039660349862076,0.0657877405380031,6090.0,1.072,0.8754687373538999,0.39259112151449127
Kepler-402 d,Kepler-402,0.8671004876833832,1.8229350866965048,0.0,6.914730892718563,0.0834216081390723,6090.0,1.072,0.8754687373538999,0.42495542893883054
Kepler-402 e,Kepler-402,0.9001613499442714,1.7613002617433464,0.0,6.837332814685591,0.0971267107307227,6090.0,1.072,0.8754687373538999,0.4261187900555531
Kepler-403 b,Kepler-403,0.8109302162163288,1.9329696377795784,0.0,7.085901464365611,0.0732504617395926,6090.0,1.299,1.4085449700547104,0.4263826327368482
Kepler-403 c,Kepler-403,1.01160091167848,1.5686159179138452,0.0,6.405228458030842,0.2600539053343068,6090.0,1.299,1.4085449700547104,0.4664216679708947
Kepler-403 d,Kepler-403,0.8837675401685949,1.790091412127358,0.0,6.865891074883439,0.1149167094432431,6209.0,1.25,1.4085449700547104,0.43536931597888795
Kepler-404 b,Kepler-404,0.8197798314933114,1.912501086924184,0.0,6.594413459749778,0.0971267107307227,5654.0,0.86,0.8544153281560676,0.4833424351804917
Kepler-404 c,Kepler-404,1.000631880307906,1.589235205116581,0.0,6.520621127558696,0.1115413747329074,5654.0,0.86,0.8544153281560676,0.45083845432692005
Kepler-405 b,Kepler-405,1.1249295969854831,1.396244691973059,0.0,6.666956792429207,0.0907543632684641,5818.0,0.8729999999999999,1.128171090909654,0.39335164998046557
Kepler-405 c,Kepler-405,1.7334238922150915,0.7227059828014898,0.0,6.324358962381311,0.1722712209404532,5818.0,0.8729999999999999,1.128171090909654,0.3664072911278319
Kepler-406 b,Kepler-406,0.8878912573524571,2.551006451492524,0.0,7.172424577124845,0.035357491281053,5538.0,1.07,1.922787731634459,0.42380672941108005
Kepler-406 c,Kepler-406,0.6151856390902335,3.234355395716587,0.0,6.957497370876951,0.0538345626284054,5538.0,1.07,1.922787731634459,0.42189979399900573
Kepler-407 b,Kepler-407,0.7839015438284094,1.9281212899091649,0.0,7.592870287844818,0.0151939845821598,5487.0,0.99,1.355835153635182,0.4187226646756522
Kepler-407 c,Kepler-407,2.5877640352277083,2.5494451709255714,0.200062419590797,6.3710321920847806,1.451825441850924,5476.0,1.0,2.136530508663963,0.25356361932972427
Kepler-408 b,Kepler-408,0.598836501088704,1.269760544863939,0.0,7.353722330399631,0.0352899207784475,6104.0,1.08,2.038619547159581,0.34371279549561395
Kepler-41 b,Kepler-41,2.738256043159276,0.2851789422336624,0.0,7.490529402060711,0.0305389043088322,5750.0,1.15,1.6863989535702286,0.21996877705437162
Kepler-410 A b,Kepler-410 A,1.344951397585508,1.1085626195212777,0.1570037488096647,6.765038976780541,0.1156474235259618,6273.0,1.214,1.324418957401803,0.27644644980405214
Kepler-411 b,Kepler-411,1.2240695060250584,2.424802725718295,0.1362776182925478,7.037905963447182,0.0368139731227163,4974.0,0.87,0.1922718876471227,0.3018811007586447
Kepler-411 c,Kepler-411,1.6902803002782012,0.9932517730102834,0.102556588325092,6.732210706467206,0.0712968818820337,4974.0,0.87,0.1922718876471227,0.24931094037390047
Kepler-411 d,Kepler-411,1.463023893978564,1.1939224684724346,0.1204461530758671,6.018593214496234,0.2460785225967056,4974.0,0.87,0.1922718876471227,0.42629644498354025
Kepler-411 e,Kepler-411,1.4539530095937054,0.9858167945227652,0.0158733491562901,6.222576268071369,0.1705863005755337,4974.0,0.87,0.1922718876471227,0.36918912113028723
Kepler-412 b,Kepler-412,2.774541127555526,0.418710334858185,0.0037927982386962,7.523481312573497,0.0285583019079608,5750.0,1.167,1.851599469584072,0.2190253710019885
Kepler-413 b,Kepler-413,1.6765356559665947,1.4350845252893227,0.1116308161711853,6.139474985606676,0.3040228320398332,4700.0,0.8200000000000001,1.7154182359713324,0.4807924712089353
Kepler-414 b,Kepler-414,0.9969486348916096,1.578978704949392,0.0,6.932447891572509,0.0528770396007669,5536.0,0.89,0.9360933591703348,0.3894311824517077
Kepler-414 c,Kepler-414,1.3887912413184778,1.94876321803772,0.0,6.792344427470809,0.0694794197698033,5536.0,0.89,0.9360933591703348,0.35848017062003407
Kepler-415 c,Kepler-415,1.1019400787607845,1.430311246536665,0.0,6.298949246855942,0.0671912495403232,4362.0,0.67,1.7749523509116738,0.4424818212866243
Kepler-416 b,Kepler-416,1.247032293786383,3.091042453358316,0.0,6.894670039433482,0.0652257849177074,5718.0,1.0,1.3056264580524355,0.37182934048202004
Kepler-416 c,Kepler-416,1.2095571826198366,1.2781522025001877,0.0,6.674561391814426,0.0994289587043886,5718.0,1.0,1.3056264580524355,0.3584213699542093
Kepler-416 d,Kepler-416,0.959350221334602,1.6563214983329508,0.0,7.134093721192866,0.0398935636616766,5670.0,0.949,1.3056264580524355,0.39488747844309224
Kepler-417 b,Kepler-417,1.1969481893889715,1.7749523509116738,0.0,6.51025834052315,0.0958554856435213,5177.0,0.9,1.7749523509116738,0.4325552671886066
Kepler-417 c,Kepler-417,1.3056264580524355,1.1537315878891892,0.0,6.424869023905388,0.1127928274751221,5177.0,0.9,1.7749523509116738,0.37655311738836017
Kepler-418 b,Kepler-418,2.670694414558441,1.269760544863939,0.1823215567939546,6.075346031088684,0.3310935114649704,5820.0,0.98,2.079441541679836,0.3501979959483327
Kepler-418 c,Kepler-418,1.82794457638292,0.6497176226326093,0.0,6.728628613084702,0.1010391921742658,5822.0,0.957,1.1314021114911006,0.2823770449132391
Kepler-419 c,Kepler-419,2.6100697927420065,1.9974177062012453,0.1688985364618139,6.242417799061459,0.9858167945227652,6430.0,1.3899999999999997,1.144222799920162,0.4593874195693514
Kepler-42 b,Kepler-42,0.5766133643039938,0.1397619423751586,0.0392207131532812,6.253828811575473,0.011533235813673,3068.0,0.13,1.7047480922384253,0.3907821091685486
Kepler-42 d,Kepler-42,0.4510756193602167,0.4382549309311553,0.0198026272961797,6.111467339502679,0.0152826235311569,3068.0,0.13,1.7047480922384253,0.4098263723111726
Kepler-421 b,Kepler-421,1.6409365794934714,0.8020015854720274,0.0401817896328318,5.225746673713202,0.7970566439504569,5308.0,0.7940000000000002,1.6094379124341005,0.5665101075421888
Kepler-422 b,Kepler-422,2.6311691567662523,0.3220834991691133,0.0,6.9363427358340495,0.0788111804242897,5972.0,1.15,1.4816045409242156,0.24163029804270947
Kepler-423 b,Kepler-423,2.6645161990784816,0.3777512695406486,0.0188217542405877,7.381501894506707,0.0352223457097607,5560.0,0.8500000000000001,2.4849066497880004,0.19836369584000982
Kepler-424 b,Kepler-424,2.3960754360813845,1.0784095813505905,0.0,7.018401799069201,0.0430594894604469,5460.0,1.01,1.7749523509116738,0.2355578787975679
Kepler-424 c,Kepler-424,2.617395832834079,1.937301774518713,0.3115082122019829,6.222774661088585,0.5481214085096876,5460.0,1.01,1.7749523509116738,0.5014793476658941
Kepler-425 b,Kepler-425,2.4817349586223654,0.2390169004704999,0.2851789422336624,6.976348070447749,0.0453557017207972,5170.0,0.9300000000000002,1.791759469228055,0.19119029297885703
Kepler-426 b,Kepler-426,2.5817308344235403,0.2311117209633866,0.1655144384775733,7.170888478512505,0.0405659617466616,5725.0,0.91,1.9459101490553128,0.19603680370656604
Kepler-427 b,Kepler-427,2.6939512767227085,0.1484200051182732,0.4510756193602167,7.00397413672268,0.0870947068509337,5800.0,0.96,2.079441541679836,0.16916674143693547
Kepler-428 b,Kepler-428,2.5733752977756086,0.7030975114131134,0.1988508587451652,6.976348070447749,0.0423887664917866,5150.0,0.87,1.791759469228055,0.2038479474179375
Kepler-43 b,Kepler-43,2.685379893939743,1.791759469228055,0.0168571170664229,7.390798521735676,0.0449733656427311,6041.0,1.32,0.5247285289349821,0.18954325300665603
Kepler-430 b,Kepler-430,1.4469189829363254,0.9932517730102834,0.0,6.504288173536645,0.2024509280891203,5884.0,1.166,1.7369512327330598,0.3409413931561535
Kepler-430 c,Kepler-430,1.01160091167848,1.5686159179138452,0.0,6.129050210060545,0.3891324534872667,5884.0,1.166,1.7369512327330598,0.5268206969137668
Kepler-431 b,Kepler-431,0.5675839575845996,1.715598108262491,0.0,6.940222469119639,0.0694327747153367,6004.0,1.071,1.6752256529721037,0.3961779244525859
Kepler-431 c,Kepler-431,0.511625303936555,1.6524974018945473,0.0,6.858565034791365,0.0813034510640347,6004.0,1.071,1.6752256529721037,0.39120690536657704
Kepler-431 d,Kepler-431,0.7466879474879752,1.8976198599275325,0.0,6.75343791859778,0.0993927438780348,6004.0,1.071,1.6752256529721037,0.45851847957590314
Kepler-432 b,Kepler-432,2.6271513770656174,1.6974487897568138,0.4143587752782841,6.70073110954781,0.2631331995303682,4995.0,1.32,1.6486586255873816,0.20988853680287003
Kepler-432 c,Kepler-432,2.660259537265861,1.0296194171811583,0.4041308850950277,6.794592179964967,0.0971267107307227,4995.0,1.32,1.6486586255873816,0.19147012677789793
Kepler-433 b,Kepler-433,2.847812143477369,0.7561219797213337,0.1124354293297881,7.482681828154651,0.0656941031953624,6360.0,1.46,1.3001916620664788,0.19344425122688347
Kepler-434 b,Kepler-434,2.6152036507358583,1.2237754316221157,0.1231021971339834,6.90875477931522,0.1082264050708711,5977.0,1.198,1.6094379124341005,0.2229885393565893
Kepler-435 b,Kepler-435,3.1488824530476656,0.1231021971339834,0.1079571415050922,7.455876687491824,0.0905716981843869,6161.0,1.538,1.1786549963416462,0.1963757848950113
Kepler-436 b,Kepler-436,1.316408233655724,1.1410330045520618,0.173953307123438,5.777652323222656,0.2919230667090354,4651.0,0.7289999999999999,1.3862943611198906,0.5978580867173144
Kepler-436 c,Kepler-436,1.2029723039923526,1.2864740258376797,0.0,6.222576268071369,0.1084238189497079,4685.0,0.75,1.623340817603092,0.4312985616603858
Kepler-437 b,Kepler-437,1.144222799920162,1.3686394258811698,0.0198026272961797,5.733341276897746,0.2530906276821618,4551.0,0.7070000000000001,1.3609765531356006,0.6734176157172608
Kepler-438 b,Kepler-438,0.7514160886839212,1.9035989509835904,0.0295588022415444,5.666426688112432,0.1535790879283006,3748.0,0.544,1.6863989535702286,0.8216022249300009
Kepler-439 b,Kepler-439,1.175573329804238,1.324418957401803,0.0295588022415444,5.676753802268282,0.4466070514393395,5431.0,0.8840000000000001,2.1041341542702074,0.7107637625643978
Kepler-44 b,Kepler-44,2.5817308344235403,0.6575200029167942,0.0639133257436528,7.342779189331845,0.0436340370200613,5800.0,1.12,1.916922612182061,0.20861331928743662
Kepler-440 b,Kepler-440,1.0508216248317612,1.5085119938441398,0.29266961396282,5.438079308923196,0.216722983511287,4134.0,0.575,0.832909122935104,0.7442890482932787
Kepler-441 b,Kepler-441,0.9707789171582248,1.6389967146756448,0.0953101798043248,5.247024072160486,0.494696241836107,4340.0,0.572,1.0647107369924282,0.6171261959827947
Kepler-442 b,Kepler-442,0.8501509293696101,1.854734268389444,0.0392207131532812,5.488937726156687,0.3428802329165431,4402.0,0.609,1.3609765531356006,0.9690546578374465
Kepler-443 b,Kepler-443,1.2029723039923526,1.2864740258376797,0.1043600153242427,5.455321115357702,0.4021262068426497,4723.0,0.738,1.4350845252893227,0.8126593869213857
Kepler-444 d,Kepler-444,0.4252677354043441,2.186051276738094,0.1655144384775733,6.664409020350408,0.0582689081239757,5046.0,0.758,2.503891949699081,0.3815315892668963
Kepler-444 e,Kepler-444,0.4356709501652303,1.7578579175523736,0.0953101798043248,6.590301048196686,0.0672847468055963,5046.0,0.758,2.503891949699081,0.39401189197011033
Kepler-444 f,Kepler-444,0.554459660786052,1.7011051009599245,0.2546422183735807,6.513230110912307,0.0779790413165886,5046.0,0.758,2.503891949699081,0.3915170528184802
Kepler-445 b,Kepler-445,0.947789398933526,1.6770965609079151,0.0,5.996452088619021,0.0214679066152409,3157.0,0.18,2.0294631718735947,0.5097871382888935
Kepler-445 c,Kepler-445,1.2556160374777745,1.2178757094949273,0.0,5.834810737062605,0.0296558849075106,3157.0,0.18,2.0294631718735947,0.44692947522618687
Kepler-445 d,Kepler-445,0.8109302162163288,1.9329696377795784,0.0,5.723585101952381,0.0429636994321156,3157.0,0.18,2.0294631718735947,0.6884846100990953
Kepler-446 b,Kepler-446,0.9162907318741552,1.7334238922150915,0.0,6.47543271670409,0.0180363624860985,3359.0,0.22,1.551808799597464,0.4816769686076718
Kepler-446 c,Kepler-446,0.7466879474879752,1.8976198599275325,0.0,6.255750041753367,0.0279069532530078,3359.0,0.22,1.551808799597464,0.549713303103624
Kepler-446 d,Kepler-446,0.8544153281560676,1.8468787684491343,0.0,6.07993319509559,0.0395091330947124,3359.0,0.22,1.551808799597464,0.6092271680931484
Kepler-447 b,Kepler-447,2.9699015135194693,0.3364722366212129,0.1160036757563061,6.78332520060396,0.0740865433526981,5493.0,1.0,0.9631743177730056,0.23511058226075848
Kepler-449 b,Kepler-449,1.117106871304274,1.4085449700547104,0.0295588022415444,6.822197390620491,0.0977617177824957,5649.18,1.02,2.376764491168297,0.35123898852451524
Kepler-449 c,Kepler-449,1.3254822217231332,1.1314021114911006,0.048790164169432,6.495265555937008,0.1805700237551482,5649.18,1.02,2.376764491168297,0.33607578119712184
Kepler-45 b,Kepler-45,2.464703942470481,0.5877866649021191,0.1043600153242427,6.90875477931522,0.0295588022415444,3820.0,0.5900000000000001,0.4054651081081644,0.1858685396403375
Kepler-450 b,Kepler-450,1.965712776351493,0.5596157879354227,0.0198026272961797,6.646390514847729,0.1830879297218559,6197.21,1.19,1.2725655957915476,0.2808151019173868
Kepler-450 c,Kepler-450,1.2864740258376797,2.2823823856765264,0.0198026272961797,6.851184927493743,0.1253190131585556,6197.21,1.19,1.2725655957915476,0.36235972113144327
Kepler-452 b,Kepler-452,0.9669838461896731,1.6428726885203375,0.0,5.583496308781699,0.7158866675294348,5757.0,1.037,1.9459101490553128,0.8925662825179803
Kepler-453 b,Kepler-453,1.9746364273137096,1.269760544863939,0.0352706140819192,5.807000697241994,0.5823832035750903,5527.0,0.944,1.249901736214336,0.6694901669521693
Kepler-454 b,Kepler-454,1.2149127443642704,1.172482137234565,0.2776317365982795,6.821107472256465,0.0910100383433635,5687.0,1.03,1.8325814637483104,0.28312688733208846
Kepler-454 c,Kepler-454,2.631888840136646,1.541159071680806,0.0052860044292373,6.333918855406743,0.8272409150406441,5687.0,1.03,1.8325814637483104,0.6358945578788346
Kepler-457 d,KOI-7892,1.3824551432453198,1.0647107369924282,0.0,6.9167150203536085,0.0949464773089535,6474.0,1.148,1.0352819263016162,0.2751030755353114
Kepler-458 c,KIC 9663113,1.6486586255873816,0.7975071958841881,0.0,6.683360945766275,0.1571063076528908,6117.21,1.15,1.144222799920162,0.2933526261140037
Kepler-46 b,Kepler-46,2.308268909462343,2.70805020110221,0.009950330853168,6.298949246855942,0.1796513282380757,5155.0,0.902,2.3702437414678603,0.3360497000649024
Kepler-46 c,Kepler-46,2.6741486494265287,0.236651901339002,0.0144944461504525,6.1224928095143865,0.246781949879609,5155.0,0.902,2.3702437414678603,0.3733316374383239
Kepler-46 d,Kepler-46,0.9707789171582248,1.6389967146756448,0.0,6.740519359606223,0.0648509723196163,5309.0,0.883,1.205970806988609,0.4332417361013485
Kepler-460 c,KIC 5437945,1.874874375938561,0.6168059473032227,0.0,5.966146739123692,0.5614312817858356,6146.0,1.17,1.425515074273172,0.39835606253244676
Kepler-461 b,Kepler-461,1.275362800412609,1.1939224684724346,0.0,6.787844982309579,0.0759883459993378,5634.0,0.98,1.2556160374777745,0.32035406229775154
Kepler-462 b,Kepler-462,1.3862943611198906,2.33214389523559,0.0411419433311751,6.416732282512326,0.3486830940091799,7500.0,1.5900000000000003,0.4054651081081644,0.3608180839001816
Kepler-462 c,Kepler-462,1.6094379124341005,0.3364722366212129,0.1043600153242427,6.118097198041348,0.5644043046672198,7500.0,1.5900000000000003,0.4054651081081644,0.29678087879768206
Kepler-463 b,Kepler-463,1.3987168811184478,1.0473189942805592,0.0,6.78105762593618,0.0762663554534498,5661.0,0.87,2.1294214739848565,0.2999336200613588
Kepler-464 b,Kepler-464,1.4586150226995167,0.982078472412158,0.0,7.059617628291383,0.0763219480707645,5933.0,1.21,1.7749523509116738,0.2624249043103073
Kepler-465 b,Kepler-465,1.3737155789130306,1.075002423028976,0.0,6.904750769961838,0.087965088728644,6310.0,1.23,1.1600209167967532,0.2825470708517043
Kepler-466 b,Kepler-466,1.3480731482996928,1.1052568313867783,0.0,6.222576268071369,0.2371963466297824,5927.0,1.04,1.4973884086254774,0.40546142357812226
Kepler-466 c,Kepler-466,0.8109302162163288,1.9329696377795784,0.0,7.095893221097532,0.0455277052759614,5927.0,1.04,1.4973884086254774,0.42859864640336365
Kepler-467 b,Kepler-467,1.1786549963416462,1.3190856114264409,0.0,6.569481420414296,0.1557037588896625,5809.0,1.05,2.211565694606877,0.3833158877658109
Kepler-468 b,Kepler-468,2.663052835171474,1.269760544863939,0.0,6.184148890937483,0.1999158651949057,5498.0,0.96,1.0986122886681096,0.368600004681648
Kepler-47 b,Kepler-47,1.3987168811184478,0.3364722366212129,0.0207825391825285,6.231329513066118,0.2528576812976011,5636.0,0.957,1.5198195037248818,0.3736843347636914
Kepler-47 c,Kepler-47,1.7316555451583495,0.1570037488096646,0.0430594894604469,5.892748574168825,0.6748813717530527,5636.0,0.957,1.8205088825140407,0.6271055383472758
Kepler-47 d,Kepler-47,2.084429083190875,0.262364264467491,0.023716526617316,5.81895469769802,0.5301575520654827,5636.0,0.957,1.7025638904235842,0.5558923055553638
Kepler-471 b,Kepler-471,2.7700855920216627,1.269760544863939,0.0,7.1770187659099,0.0607187350347058,6733.0,1.49,0.947789398933526,0.2049094569837152
Kepler-472 b,Kepler-472,1.4398351280479205,1.0043016091968684,0.0,6.776506992372183,0.0471030274686428,4996.0,0.8500000000000001,1.3056264580524355,0.2959149904160344
Kepler-473 b,Kepler-473,1.6253112615903906,0.8153648132841945,0.0,6.779921907472252,0.1137571649250704,5816.0,1.06,2.069391205826334,0.28364131382794644
Kepler-474 b,Kepler-474,1.4011829736136412,1.043804052173115,0.0,7.017506142941256,0.0591364562235763,5785.0,0.99,2.048982334195127,0.2711182235840515
Kepler-475 b,Kepler-475,1.249901736214336,1.2267122912954256,0.0,6.888572459565364,0.0391149383285525,5009.0,0.86,1.3056264580524355,0.31427153979334677
Kepler-476 b,Kepler-476,1.4060969884160703,1.0367368849500225,0.0,6.694562058521095,0.1066996186590557,5837.0,1.03,1.851599469584072,0.3127566080350731
Kepler-477 b,Kepler-477,1.1216775615991057,1.4011829736136412,0.0,6.476972362889683,0.087186361678916,5240.0,0.87,1.128171090909654,0.4199456146634838
Kepler-478 b,Kepler-478,1.3110318766193438,1.1474024528375415,0.0,6.46302945692067,0.098215047496955,5210.0,0.8500000000000001,1.7749523509116738,0.36607440534500085
Kepler-479 b,Kepler-479,1.1378330018213911,1.3762440252663892,0.0,6.476972362889683,0.091995601745583,5247.0,0.86,1.6620303625532709,0.41590012484479133
Kepler-48 b,Kepler-48,1.0577902941478543,1.4422019930581866,0.0,6.838405200847344,0.0525355225026196,5194.0,0.8800000000000001,1.420695787837223,0.3842171115265466
Kepler-48 c,Kepler-48,1.3110318766193438,1.6114359150967734,0.0,6.602587892189336,0.0828050427567096,5194.0,0.8800000000000001,1.420695787837223,0.3766916164423383
Kepler-48 d,Kepler-48,1.1118575154181305,1.805004695978076,0.0,6.107022887742255,0.2094664446508168,5194.0,0.8800000000000001,1.420695787837223,0.5261591319722314
Kepler-48 e,Kepler-48,2.667228206581955,0.9162907318741552,0.0031370742331426,5.497168225293202,1.0641156454778329,5194.0,0.8800000000000001,1.420695787837223,0.46197323093816783
Kepler-480 b,Kepler-480,1.3297240096314962,1.1249295969854831,0.0,7.180069874302796,0.0584952975902862,6322.0,1.25,1.205970806988609,0.268207631550669
Kepler-481 b,Kepler-481,1.252762968495368,1.2208299213923592,0.0,6.802394763324311,0.0854985666021458,5802.0,1.01,1.969905654611529,0.32487869254689006
Kepler-482 b,Kepler-482,1.2119409739751128,1.275362800412609,0.0,5.8664680569332965,0.229419814305694,4871.0,0.75,1.9501867058225737,0.5038476127398512
Kepler-483 b,Kepler-483,1.43746264769429,1.0043016091968684,0.0,6.628041376179533,0.1779034781081781,6346.0,1.2800000000000002,1.289232648276759,0.31571668372719575
Kepler-484 b,Kepler-484,1.1878434223960523,1.308332819650179,0.0,6.642486801367256,0.0865079169415525,5668.0,0.96,0.9082585601768908,0.3602501601761942
Kepler-485 b,Kepler-485,2.7350166493320245,1.269760544863939,0.0,7.126087273299125,0.0430690679586343,5958.0,1.07,1.551808799597464,0.22614104620428263
Kepler-487 b,Kepler-487,2.519308076505333,1.269760544863939,0.0,6.496774990185863,0.1117113066264023,5444.0,0.91,1.890095369948917,0.3085001271816844
Kepler-487 c,Kepler-487,1.3029127521808397,1.1568811967920856,0.0,6.190315405853148,0.1977354828463085,5444.0,0.91,1.890095369948917,0.4136530643454646
Kepler-487 d,Kepler-487,1.328436323776954,1.128171090909654,0.0,7.112327444710911,0.0338698845076152,5422.0,0.8739999999999999,1.7369512327330598,0.2775229556857756
Kepler-489 b,Kepler-489,2.1656192379208883,0.4388998841944018,0.0,6.289715570908998,0.1143014263267291,5014.0,0.8200000000000001,1.4609379041156565,0.34135043532518583
Kepler-49 b,Kepler-49,1.2750834317838888,1.4066142565706126,0.0,6.234410725718371,0.0575988723793983,4095.6,0.607,1.355835153635182,0.408047150936986
Kepler-49 c,Kepler-49,1.2366335865654845,1.4133449232682274,0.0079681696491768,6.095824562432225,0.0753022587095425,4095.6,0.607,1.355835153635182,0.4371674976418091
Kepler-49 d,Kepler-49,0.9555114450274363,3.044522437723423,0.0,6.576469569048224,0.0305292050348228,4252.0,0.549,1.355835153635182,0.4737938067439592
Kepler-49 e,Kepler-49,0.9400072584914712,0.0449733656427311,0.0,5.918893854273146,0.1097508639591192,4252.0,0.549,1.355835153635182,0.49408871307905566
Kepler-490 b,Kepler-490,2.537657215173529,1.269760544863939,0.0,7.37650812632622,0.0443039255565244,6045.0,1.08,1.4973884086254774,0.21895818157934088
Kepler-491 b,Kepler-491,2.294552921296781,0.3763795272130677,0.0,7.013915474810528,0.0506075593249958,5582.0,1.04,1.6992786164338898,0.23618828528636826
Kepler-493 b,Kepler-493,2.7806808921371173,1.269760544863939,0.0,7.271703706887368,0.0429636994321156,6457.0,1.36,1.0986122886681096,0.2149749812568176
Kepler-495 b,Kepler-495,1.8293763327993613,0.6491952930307625,0.0,7.090909822079984,0.0418135028134103,5346.0,0.86,1.6808279085207734,0.24293455585822898
Kepler-495 c,Kepler-495,0.7972207314337416,1.9459101490553128,0.0,6.90875477931522,0.0595887914116575,5392.0,0.8880000000000001,0.4700036292457356,0.41952411967942854
Kepler-496 b,Kepler-496,1.199964782928397,1.2919836816486496,0.0,6.617402977974478,0.0720415528649705,5293.0,0.86,1.717395053939193,0.37172500948336007
Kepler-497 b,Kepler-497,1.951608170169951,0.5641767992629853,0.0,7.099201743553092,0.044686517622406,5834.0,1.09,1.515127232962859,0.23318286440971653
Kepler-498 b,Kepler-498,1.3937663759585917,1.0508216248317612,0.0,6.837332814685591,0.0859024290007033,5744.0,0.98,1.5871923034867808,0.2933651639027482
Kepler-499 b,Kepler-499,1.1537315878891892,1.355835153635182,0.0,6.739336627357174,0.0580802110765246,5312.0,0.87,1.717395053939193,0.36684522915711376
Kepler-5 b,Kepler-5,2.832273726283077,0.3364722366212129,0.0,7.467942332285852,0.0524026787930483,6297.0,1.374,1.355835153635182,0.21551214708849076
Kepler-50 b,Kepler-50,0.9969486348916096,1.953002084583339,0.0,7.087573705557973,0.0741793981742515,6225.0,1.2400000000000002,1.5686159179138452,0.40986059583678996
Kepler-50 c,Kepler-50,1.1537315878891892,2.32720092214884,0.0,7.026426808699636,0.0834216081390723,6225.0,1.2400000000000002,1.5686159179138452,0.37622623745399036
Kepler-500 b,Kepler-500,1.275362800412609,1.1939224684724346,0.0,6.813444599510896,0.0802980596838212,5813.0,1.02,1.6808279085207734,0.3179141036164674
Kepler-501 b,Kepler-501,1.667706820558076,0.7793248768009976,0.0,7.026426808699636,0.0608128393965124,5904.0,1.03,1.4609379041156565,0.25421044168676804
Kepler-501 c,Kepler-501,0.9862634820564656,1.6114359150967734,0.0,7.173958319756794,0.045642357878701,5794.0,1.032,0.262364264467491,0.34993357990934576
Kepler-502 b,Kepler-502,1.752672080520008,0.708035793053696,0.0,7.1049654482698426,0.0521179542621066,6125.0,1.15,1.4085449700547104,0.24162129039657987
Kepler-504 b,Kepler-504,0.9516578757114464,1.6695918352538477,0.0,5.926926025970411,0.0625991417565199,3519.0,0.33,1.6428726885203375,0.550089808031906
Kepler-505 b,Kepler-505,1.2809338454620645,1.184789984909162,0.0,5.752572638825633,0.1349678604104843,3931.0,0.55,1.425515074273172,0.546350261487239
Kepler-506 b,Kepler-506,1.316408233655724,1.1410330045520618,0.0,6.985641817639208,0.0717344432756191,6236.0,1.19,1.007957920399979,0.2795768611989339
Kepler-507 b,Kepler-507,0.832909122935104,2.761811228131392,0.0,7.249925536717988,0.0467022717525103,6113.0,1.16,1.5686159179138452,0.42012081682246305
Kepler-508 b,Kepler-508,0.9707789171582248,1.6389967146756448,0.0,6.566672429803241,0.1593428912235439,6025.0,1.16,1.515127232962859,0.4586180301036837
Kepler-509 b,Kepler-509,1.249901736214336,1.2267122912954256,0.0,6.371611847231857,0.2127052614283947,6060.0,1.1,1.6620303625532709,0.393132529428563
Kepler-51 b,Kepler-51,2.091864061678393,0.0295588022415444,0.0392207131532812,6.298949246855942,0.224262924582126,6018.0,1.04,0.262364264467491,0.31254214671348995
Kepler-51 c,Kepler-51,2.302585092994046,0.0295588022415444,0.0139029051689914,6.0867747269123065,0.3249778571954778,6018.0,1.04,0.262364264467491,0.3724415250761077
Kepler-51 d,Kepler-51,2.3702437414678603,0.0449733656427311,0.0079681696491768,5.945420608606575,0.4114471797857119,6018.0,1.04,0.262364264467491,0.4282196730633206
Kepler-51 e,Kepler-51,1.1568811967920856,1.3506671834767394,0.0198026272961797,6.341046897968472,0.0971267107307227,5674.0,0.96,0.5306282510621704,0.3902945404452772
Kepler-510 b,Kepler-510,1.244154593958768,1.2325602611778486,0.0,6.682108597449809,0.1268088468636958,5746.0,0.91,2.43973493114128,0.32927568694345744
Kepler-511 b,Kepler-511,1.9947003132247447,0.5364933705145685,0.0,5.808142489980444,0.6188114901727022,5770.0,1.0,2.190535589185423,0.4688255054009727
Kepler-511 c,Kepler-511,1.6505113831715608,0.7975071958841881,0.0,6.610696044717759,0.1585154261623187,5866.0,0.958,2.31451366385932,0.3009379022137288
Kepler-512 b,Kepler-512,1.3056264580524355,1.1537315878891892,0.0,6.481577129276431,0.1938795056276835,5997.0,1.17,1.551808799597464,0.3647813915649231
Kepler-513 b,Kepler-513,1.1631508098056809,1.3428648031925547,0.0,6.436150368369428,0.1637331919826017,5849.0,1.02,1.871802176901592,0.41251802968977735
Kepler-514 b,Kepler-514,1.000631880307906,1.589235205116581,0.0,7.130098510125578,0.0635286363755696,6106.0,1.2800000000000002,1.3056264580524355,0.3792955659664082
Kepler-515 b,Kepler-515,0.9001613499442714,1.7613002617433464,0.0,6.336825731146441,0.1251337307567657,5293.0,0.9,1.47932922708708,0.5181481923838417
Kepler-516 b,Kepler-516,1.908059924924216,0.5938791789012764,0.0,6.999422467507961,0.1816546678062509,7099.0,1.62,0.8415671856782186,0.21524295997050918
Kepler-517 b,Kepler-517,1.3001916620664788,1.1631508098056809,0.0,6.148468295917647,0.2521740586927881,5690.0,0.95,1.9892432737616872,0.42237351640761667
Kepler-518 b,Kepler-518,1.1346227261911428,1.3812818192963463,0.0,6.733401891837359,0.0769240034132033,5842.0,0.96,0.8544153281560676,0.3608734063018688
Kepler-519 b,Kepler-519,1.1314021114911006,1.3862943611198906,0.0,6.278521424165844,0.1478336263352814,5260.0,0.89,1.068153081183401,0.4506432795761094
Kepler-52 b,Kepler-52,1.1314021114911006,1.4701758451005928,0.0,6.317164686747284,0.0617533962754821,4075.0,0.54,0.6981347220709844,0.4156164514551248
Kepler-52 c,Kepler-52,1.043804052173115,3.044522437723423,0.0119285708652738,6.073044534100405,0.0987497123699767,4075.0,0.54,0.6981347220709844,0.5174452494991855
Kepler-52 d,Kepler-52,1.0818051703517284,2.9444389791664403,0.0,5.808142489980444,0.1672079189839064,4263.0,0.577,0.6981347220709844,0.6287582290962689
Kepler-520 b,Kepler-520,0.9783261227936076,1.623340817603092,0.0,6.568077911411976,0.1365219165470303,6112.0,1.1,1.1118575154181305,0.44984360901443715
Kepler-520 c,Kepler-520,0.7275486072772778,1.8809906029559973,0.0,7.010311867307229,0.0585990423029356,6112.0,1.1,1.1118575154181305,0.42590004392962394
Kepler-521 b,Kepler-521,1.430311246536665,1.007957920399979,0.0,6.689599269178967,0.1579947106362184,6406.0,1.34,1.0224509277025458,0.29817034613151483
Kepler-522 b,Kepler-522,2.0681277817795625,0.4922542381805553,0.0,6.635946555686647,0.2233755244063714,6392.0,1.54,0.9932517730102834,0.2756302721818825
Kepler-523 b,Kepler-523,1.085189268335969,1.4539530095937054,0.0,6.785587645007929,0.0597677842477116,5515.0,0.9300000000000002,1.2383742310432684,0.3866472310069131
Kepler-524 b,Kepler-524,1.068153081183401,1.4816045409242156,0.0,6.882437470997847,0.0765442876397859,6014.0,1.09,1.3912819026309298,0.37548430795825044
Kepler-524 c,Kepler-524,0.6729444732424258,1.827769906751088,0.0,7.362010551259734,0.0300053044863269,6014.0,1.09,1.3912819026309298,0.4019048773347331
Kepler-525 b,Kepler-525,1.289232648276759,1.175573329804238,0.0,6.725033642166843,0.1344085078464763,5573.0,0.95,2.43973493114128,0.31074576683263094
Kepler-526 b,Kepler-526,1.095273387402595,1.4398351280479205,0.0,7.003065458786462,0.0631437989646242,5894.0,1.15,1.144222799920162,0.35446621976630954
Kepler-527 b,Kepler-527,1.3454723665996355,1.1085626195212777,0.0,7.05444965813294,0.1101629654135775,6388.0,1.2800000000000002,1.2237754316221157,0.27532244477591894
Kepler-528 b,Kepler-528,1.1249295969854831,1.396244691973059,0.0,6.563855526532128,0.1329474721761553,5807.0,1.01,1.871802176901592,0.4046104491666737
Kepler-529 b,Kepler-529,1.0508216248317612,1.5085119938441398,0.0,7.416378479192928,0.0304322071202019,6087.0,1.07,1.6054298910365616,0.35437545444805396
Kepler-529 c,Kepler-529,1.0986122886681096,1.4350845252893227,0.0,6.79346613258001,0.1021052229371536,6087.0,1.07,1.6054298910365616,0.37776597901082765
Kepler-529 d,Kepler-529,1.333691269849103,1.1216775615991057,0.0,6.452048954437226,0.1934263365260604,6078.0,1.005,0.1823215567939546,0.32539576285681904
Kepler-53 b,Kepler-53,1.358409157630355,0.7793248768009976,0.0,6.553933404025811,0.1276013445937217,5858.0,0.98,0.262364264467491,0.29324002377559844
Kepler-53 c,Kepler-53,1.42791603581071,0.6523251860396903,0.0,6.311734809152915,0.1995964823381365,5858.0,0.98,0.262364264467491,0.32392563287462506
Kepler-53 d,Kepler-53,1.1378330018213911,0.8754687373538999,0.0,6.769641976852503,0.0870947068509337,6085.0,0.966,0.262364264467491,0.304135783271891
Kepler-530 b,Kepler-530,1.3887912413184778,1.0577902941478543,0.0,6.192362489474872,0.194669999974818,5697.0,0.97,1.0224509277025458,0.39096431797719516
Kepler-531 b,Kepler-531,1.3297240096314962,1.1249295969854831,0.0,6.118097198041348,0.1608084674913248,4893.0,0.78,2.1701959049483,0.4231975038364843
Kepler-532 b,Kepler-532,1.2725655957915476,1.1969481893889715,0.0,6.431331081933479,0.0966819657483294,5192.0,0.87,1.0986122886681096,0.38079450520146496
Kepler-533 b,Kepler-533,1.4770487243883548,0.9631743177730056,0.0,6.049733455231958,0.1544706286381783,4758.0,0.78,1.4445632692438664,0.4104298079965039
Kepler-534 b,Kepler-534,1.175573329804238,1.324418957401803,0.0,6.582025138892826,0.1197366816023334,5884.0,1.05,0.947789398933526,0.373715232084208
Kepler-534 c,Kepler-534,0.8006553882752306,1.9473377010464987,0.0,6.839476438228843,0.0733433942242095,5936.0,1.075,0.947789398933526,0.4435772491957204
Kepler-535 b,Kepler-535,1.2119409739751128,1.275362800412609,0.0,7.129297548929373,0.0583726763247754,6123.0,1.18,1.4445632692438664,0.30315183407722185
Kepler-536 b,Kepler-536,1.410986973710262,1.0331844833456545,0.0,7.537962659768208,0.0279555760133315,5524.0,0.9200000000000002,1.7561322915849038,0.2582183673879385
Kepler-537 b,Kepler-537,0.8796267475025636,1.7984040119467235,0.0,7.074963197966044,0.0422641541080301,5763.0,1.07,0.8960880245566356,0.4097324419354068
Kepler-538 b,Kepler-538,1.1678273576895828,2.0149030205422647,0.1906203596086497,6.035481432524756,0.3040966137198754,5534.0,0.8920000000000001,1.840549633397487,0.5180549245971084
Kepler-539 b,Kepler-539,2.2378463384777763,1.3609765531356006,0.3293037471426004,5.96255053694334,0.4046647879373952,5820.0,1.048,0.6471032420585385,0.3670995855191059
Kepler-539 c,Kepler-539,2.660259537265861,1.0224509277025458,0.4054651081081644,5.537334267018537,1.229640551074514,5820.0,1.048,0.6471032420585385,0.38468174011345113
Kepler-54 b,Kepler-54,1.1314021114911006,0.5653138090500605,0.0217614917815126,6.118097198041348,0.0600597564276628,3705.0,0.51,1.763017000362401,0.4077944477319207
Kepler-54 c,Kepler-54,0.8020015854720274,1.2168005755324622,0.0,5.981414211254481,0.0777940274400201,3705.0,0.51,1.763017000362401,0.5146606135043459
Kepler-54 d,Kepler-54,0.9282193027394288,2.322387720290225,0.0,5.796057750765372,0.1186715297174986,4252.0,0.518,1.763017000362401,0.6825182352441399
Kepler-540 b,Kepler-540,1.3110318766193438,1.1474024528375415,0.0,5.87493073085203,0.4626138922721181,5946.0,1.02,1.7749523509116738,0.47409720701238695
Kepler-541 b,Kepler-541,1.4724720573609429,0.9631743177730056,0.0,7.422971251049421,0.0624770227090846,6166.0,1.41,1.4085449700547104,0.24800870272679593
Kepler-542 b,Kepler-542,0.9439058989071284,1.6845453849209058,0.0,6.54965074223381,0.1016807536302968,5526.0,0.9300000000000002,1.717395053939193,0.4714635680003225
Kepler-543 b,Kepler-543,1.252762968495368,1.2208299213923592,0.0,6.257667587882639,0.0973989059871326,4671.0,0.7,1.9095425048844383,0.4056020914582875
Kepler-544 b,Kepler-544,1.1378330018213911,1.3762440252663892,0.0,6.618738983517219,0.1439444876729504,6206.0,1.16,1.289232648276759,0.3849843396695427
Kepler-545 b,Kepler-545,1.3056264580524355,1.1537315878891892,0.0,6.693323668269949,0.1065917573685706,5882.0,1.04,1.6992786164338898,0.32880129425454707
Kepler-546 b,Kepler-546,2.079441541679836,0.4861230111256188,0.0,7.138073034044347,0.0489806222216218,5967.0,1.11,1.4609379041156565,0.2267548000565151
Kepler-547 b,Kepler-547,1.6094379124341005,0.832909122935104,0.0,6.645090969505644,0.0563803334361076,4828.0,0.78,1.355835153635182,0.30437202829729615
Kepler-548 b,Kepler-548,2.5641798306825083,1.269760544863939,0.0,6.925595197110468,0.0483138602785506,5535.0,0.9300000000000002,1.6808279085207734,0.24461893514129973
Kepler-549 b,Kepler-549,1.2725655957915476,1.0647107369924282,0.0,6.190315405853148,0.2089310302191538,5360.0,0.8800000000000001,1.717395053939193,0.42680420031488286
Kepler-549 c,Kepler-549,1.3686394258811698,1.0818051703517284,0.0,5.857933154483459,0.3738505943388224,5360.0,0.8800000000000001,1.717395053939193,0.5311475311702702
Kepler-549 d,Kepler-549,1.6486586255873816,0.7975071958841881,0.0,6.375024819828097,0.146262506978252,5312.0,0.8590000000000001,0.9783261227936076,0.3499457872389923
Kepler-55 b,Kepler-55,1.2325602611778486,2.862200880929469,0.0,5.993961427306569,0.1478163746942186,4362.0,0.62,1.205970806988609,0.5145589771632056
Kepler-55 d,Kepler-55,0.9516578757114464,1.6695918352538477,0.0,6.837332814685591,0.0285874568519125,4503.0,0.631,1.205970806988609,0.4170876458578223
Kepler-55 e,Kepler-55,0.9360933591703348,1.6974487897568138,0.0,6.591673732008658,0.0468835858988504,4503.0,0.631,1.205970806988609,0.45927945807864634
Kepler-55 f,Kepler-55,0.9516578757114464,1.6695918352538477,0.0,6.327936783729195,0.0778865386570712,4503.0,0.631,1.205970806988609,0.49724128761140973
Kepler-550 b,Kepler-550,1.6900958154515549,0.76080582903376,0.0,6.634633357861686,0.0720415528649705,5322.0,0.87,1.7369512327330598,0.306351032051369
Kepler-551 b,Kepler-551,1.316408233655724,1.1410330045520618,0.0,6.182084906716632,0.0855352881062627,4286.0,0.65,1.5686159179138452,0.39717907217491855
Kepler-552 b,Kepler-552,1.599387576580599,0.8415671856782186,0.0,7.00669522683704,0.0594003432814475,5863.0,1.03,1.5871923034867808,0.25979290259246207
Kepler-553 b,Kepler-553,1.7477028809898003,1.269760544863939,0.0,6.993932975223189,0.046559105779954,5191.0,0.889,2.2823823856765264,0.27371323823039123
Kepler-553 c,Kepler-553,2.5320189833770645,2.143589361503588,0.297137231222536,5.529429087511423,0.6408007001877362,5191.0,0.889,2.2823823856765264,0.7394209136370806
Kepler-554 b,Kepler-554,1.665818245870208,0.7793248768009976,0.0,7.205635176410364,0.0297723716669807,5447.0,0.9300000000000002,1.890095369948917,0.24555071298102615
Kepler-555 b,Kepler-555,1.3428648031925547,1.1118575154181305,0.0,6.499787040655854,0.1134179670355567,5894.0,1.03,1.5871923034867808,0.346067770935666
Kepler-556 b,Kepler-556,1.175573329804238,1.324418957401803,0.0,6.642486801367256,0.0937908443803898,5740.0,1.0,1.6428726885203375,0.374340865258802
Kepler-557 b,Kepler-557,1.3001916620664788,1.1631508098056809,0.0,7.156176637480615,0.0458334163431722,6068.0,1.11,1.4445632692438664,0.27675178154174535
Kepler-558 b,Kepler-558,1.2149127443642704,1.269760544863939,0.0,6.212606095751519,0.162033811847233,5242.0,0.8500000000000001,1.6992786164338898,0.43642094350634764
Kepler-559 b,Kepler-559,1.5282278570085572,0.9082585601768908,0.0,6.561030665896573,0.1201801602561049,5630.0,0.96,1.6808279085207734,0.32774546857134
Kepler-56 b,Kepler-56,2.0162354657760435,0.3660310388627573,0.0392207131532812,7.229113877793302,0.0978524001675046,4840.0,1.32,1.5040773967762742,0.2147019703534772
Kepler-56 c,Kepler-56,2.379546134130174,0.7227059828014898,0.0,6.992096427415888,0.1528927461031425,4840.0,1.32,1.5040773967762742,0.23453309944395853
Kepler-56 d,Kepler-56,2.624668592163159,1.7351891177396608,0.1823215567939546,6.369613270210044,1.1505720275988207,4819.44,1.29,1.6808279085207734,0.4617559260709904
Kepler-560 b,Kepler-560,1.000631880307906,1.589235205116581,0.1570037488096647,5.700443573390686,0.0860859489131288,3556.0,0.3399999999999999,1.623340817603092,0.6846026032213822
Kepler-561 b,Kepler-561,2.074428999856292,0.4891933236388768,0.0,6.102558594613569,0.2566247479864379,5646.0,0.96,1.6620303625532709,0.3874062977128696
Kepler-561 c,Kepler-561,1.3029127521808397,1.1568811967920856,0.0,6.897704943128636,0.0577687830822934,5646.0,0.96,1.6620303625532709,0.3023127178023237
Kepler-562 b,Kepler-562,1.826160895945388,0.6528458837864196,0.0,6.490723534502507,0.1251337307567657,5575.0,0.9300000000000002,1.717395053939193,0.31953795865351287
Kepler-563 b,Kepler-563,1.4085449700547104,1.0367368849500225,0.0,6.304448802421981,0.1326059645480217,5066.0,0.8,1.851599469584072,0.3796277159897388
Kepler-564 b,Kepler-564,1.728109442151599,0.7275486072772778,0.0,7.029972911706386,0.0472651924671142,5626.0,0.95,1.6620303625532709,0.2523438232639949
Kepler-565 b,Kepler-565,1.534714366238164,0.904218150639886,0.0,6.96979066990159,0.0488853977298106,5735.0,0.98,1.623340817603092,0.2661588032107506
Kepler-566 b,Kepler-566,1.1474024528375415,1.3635373739972745,0.0,6.267200548541362,0.1175163334278389,5132.0,0.83,1.717395053939193,0.44583789200804275
Kepler-567 b,Kepler-567,1.1786549963416462,1.3190856114264409,0.0,6.416732282512326,0.1159146245963559,5148.0,0.8400000000000001,1.7369512327330598,0.41439740540291714
Kepler-568 b,Kepler-568,1.181727195378616,1.316408233655724,0.0,6.063785208687608,0.0764053312024053,3768.0,0.55,1.9300710850255671,0.4591035684039384
Kepler-569 b,Kepler-569,1.425515074273172,1.015230679729059,0.0,6.267200548541362,0.1805199348473264,5616.0,0.95,1.7749523509116738,0.3803860421154449
Kepler-57 b,Kepler-57,1.4194873284756546,1.698552393016866,0.0160701801774944,6.746412128573375,0.0581556941683479,5187.9,0.8590000000000001,1.4609379041156565,0.3487100804427966
Kepler-57 c,Kepler-57,1.1619000279040284,1.5104380139821956,0.0699923718200349,6.51025834052315,0.0915576934803652,5187.9,0.8590000000000001,1.4609379041156565,0.4003214155230618
Kepler-570 b,Kepler-570,1.2383742310432684,1.2383742310432684,0.0,6.917705609835305,0.0485044090596149,5496.0,0.9300000000000002,1.7934247485471162,0.31660554350003484
Kepler-571 b,Kepler-571,1.2919836816486494,1.172482137234565,0.0,6.88653164253051,0.0531615481142323,5527.0,0.9300000000000002,1.7369512327330598,0.3059980176043026
Kepler-572 b,Kepler-572,1.275362800412609,1.1939224684724346,0.0,6.317164686747284,0.1126141443691343,5212.0,0.83,1.7369512327330598,0.3962731635405767
Kepler-573 b,Kepler-573,1.332366019094335,1.1216775615991057,0.0,6.472346294500901,0.1356404170681614,5746.0,0.99,1.9300710850255671,0.35848236457251315
Kepler-574 b,Kepler-574,1.220829921392359,1.264126727145683,0.0,6.755768921984256,0.0698058742439629,5612.0,0.95,1.6428726885203375,0.3434233747920313
Kepler-575 b,Kepler-575,1.220829921392359,1.264126727145683,0.0,6.689599269178967,0.0758493122834378,5710.0,0.97,1.6054298910365616,0.35126713944820603
Kepler-576 b,Kepler-576,1.4516138272405332,0.9858167945227652,0.0,6.295266001439646,0.1646666215552338,5672.0,0.99,1.6992786164338898,0.37598039191521077
Kepler-577 b,Kepler-577,1.2669476034873244,1.2029723039923526,0.0,5.752572638825633,0.1264564239525592,4984.0,0.78,1.5686159179138452,0.5027432145929156
Kepler-578 b,Kepler-578,1.0986122886681096,1.4350845252893227,0.0,7.4815557019095165,0.0262523711440657,5334.0,0.87,1.7369512327330598,0.3405295318917819
Kepler-579 b,Kepler-579,1.0986122886681096,1.4350845252893227,0.0,6.594413459749778,0.0819485826471673,5636.0,0.99,1.623340817603092,0.4114667837385799
Kepler-58 b,Kepler-58,1.3297240096314962,2.4069451083182885,0.0392207131532812,6.825460036255307,0.0888438636266051,5843.0,0.95,1.144222799920162,0.361019855104866
Kepler-58 c,Kepler-58,1.3506671834767394,2.3978952727983707,0.0,6.684611727667927,0.1160660068501924,5843.0,0.95,1.144222799920162,0.3882259557877344
Kepler-58 d,Kepler-58,1.3711807233098423,0.4252677354043441,0.0,6.369900982828227,0.211880359035499,6099.0,1.024,1.144222799920162,0.3509255911531045
Kepler-580 b,Kepler-580,1.2725655957915476,1.1969481893889715,0.0,6.326149473155099,0.0660685999697046,4298.0,0.67,1.4973884086254774,0.3850421043426062
Kepler-581 b,Kepler-581,1.289232648276759,1.175573329804238,0.0,6.257667587882639,0.2036752681188114,5772.0,1.0,1.623340817603092,0.4123298873145582
Kepler-582 b,Kepler-582,1.5432981099295553,0.8919980393051105,0.0,6.403574197934815,0.1181385280170415,5564.0,0.9300000000000002,1.6992786164338898,0.3546687220469833
Kepler-583 b,Kepler-583,1.1878434223960523,1.308332819650179,0.0,6.925595197110468,0.066630082297763,5523.0,0.94,1.6992786164338898,0.3327516077086444
Kepler-584 b,Kepler-584,1.6505798557652755,0.7975071958841881,0.0,6.499787040655854,0.2054682596342013,6195.0,1.17,1.355835153635182,0.3235318373222242
Kepler-585 b,Kepler-585,1.3428648031925547,1.1118575154181305,0.0,7.072421900537371,0.0376906971216265,5593.0,0.96,1.5325568680981427,0.2774907149095161
Kepler-586 b,Kepler-586,1.332366019094335,1.1216775615991057,0.0,7.219642040130735,0.0325639908732626,5575.0,0.94,1.6428726885203375,0.272482197849003
Kepler-587 b,Kepler-587,1.172482137234565,1.3270750014599193,0.0,6.639875833826536,0.090936994992102,5549.0,0.9200000000000002,1.7561322915849038,0.3787815932494322
Kepler-588 b,Kepler-588,1.289232648276759,1.175573329804238,0.0,7.0707241072602764,0.0506931143155181,5835.0,1.01,1.623340817603092,0.28706164374418364
Kepler-589 b,Kepler-589,1.184789984909162,1.3110318766193438,0.0,6.487684018484611,0.1129714786591613,5296.0,0.8800000000000001,1.6992786164338898,0.40165662417493514
Kepler-589 c,Kepler-589,0.7501286470789734,1.9035989509835904,0.0,7.002155954403621,0.0417175933518685,5372.0,0.8319999999999999,2.70805020110221,0.39444945955601207
Kepler-59 b,Kepler-59,0.7419373447293773,2.272125885509337,0.0,6.762729506931879,0.0947918636835472,6074.0,1.04,0.2311117209633866,0.4225054923085727
Kepler-59 c,Kepler-59,1.091923300517313,0.9631743177730056,0.0,6.6240652277998935,0.1232259737350591,6074.0,1.04,0.2311117209633866,0.339238184907932
Kepler-590 b,Kepler-590,1.6134299337036375,0.8285518175661483,0.0,6.963189985870238,0.0626930693384234,6000.0,1.1,1.515127232962859,0.2599091369114279
Kepler-591 b,Kepler-591,1.47932922708708,0.959350221334602,0.0,6.07993319509559,0.3040966137198754,5677.0,0.97,1.6428726885203375,0.42461813569967277
Kepler-592 b,Kepler-592,1.220829921392359,1.264126727145683,0.0,7.221105098182496,0.0389322100017874,5913.0,1.04,1.5871923034867808,0.2982618375093246
Kepler-593 b,Kepler-593,1.3532545070416904,1.0986122886681096,0.0,6.561030665896573,0.1404573526952557,5967.0,1.08,1.5325568680981427,0.3418470564861763
Kepler-594 b,Kepler-594,1.1568811967920856,1.3506671834767394,0.0,6.520621127558696,0.1033685329770331,5485.0,0.91,1.6620303625532709,0.40168260807702794
Kepler-595 b,Kepler-595,1.5492631893980304,0.8020015854720274,0.0,6.284134161070802,0.1468670758095523,5138.5,0.9300000000000002,1.308332819650179,0.3677273697770483
Kepler-595 c,Kepler-595,0.6976370858327973,2.066862759472976,0.0,6.522092798170152,0.0937635298121631,5138.5,0.9300000000000002,1.308332819650179,0.49622943323544616
Kepler-596 b,Kepler-596,1.4951487660319729,0.9439058989071286,0.0,6.587550014824796,0.141160963288866,6267.0,1.21,1.3056264580524355,0.31621802063406546
Kepler-597 b,Kepler-597,1.2149127443642704,1.269760544863939,0.0,6.612041034833092,0.1036029720825495,5683.0,0.97,1.6620303625532709,0.3666963051965853
Kepler-598 b,Kepler-598,0.9162907318741552,1.7334238922150915,0.0,6.957497370876951,0.0438924757643388,5307.0,0.87,2.150598735996164,0.42164150089585006
Kepler-598 c,Kepler-598,1.39232847170184,1.0543120297715298,0.0,5.908082938168931,0.3124137086709646,5245.0,0.9,2.5877640352277083,0.4412274283968666
Kepler-599 b,Kepler-599,1.3454723665996355,1.1085626195212777,0.0,6.436150368369428,0.1068793616270961,5127.0,0.83,1.7934247485471162,0.36964985133777567
Kepler-6 b,Kepler-6,2.7483303528521814,0.3364722366212129,0.0,7.2868764117507,0.0473796460467748,5647.0,1.209,1.5686159179138452,0.22308072983972582
Kepler-60 b,Kepler-60,0.9969486348916096,1.7263316639055994,0.0,7.005789019253503,0.0700389907799744,5905.0,1.041,2.2935443483418965,0.39661985086068163
Kepler-60 c,Kepler-60,1.0647107369924282,1.4011829736136412,0.0382587121170903,6.931471805599453,0.0808608344549977,5905.0,1.041,2.2935443483418965,0.3530922098633359
Kepler-60 d,Kepler-60,1.095273387402595,1.3635373739972745,0.001998002662673,6.835184586147301,0.0971539335906673,5905.0,1.041,2.2935443483418965,0.36137663605209513
Kepler-600 b,Kepler-600,1.3609765531356006,1.0885619528146082,0.0,6.270988431858299,0.1428874875485475,5279.0,0.8400000000000001,1.717395053939193,0.38852813089859417
Kepler-601 b,Kepler-601,1.0647107369924282,1.4861396960896067,0.0,6.726233402358747,0.0534838932728394,5160.0,0.8500000000000001,1.623340817603092,0.4015805238007965
Kepler-602 b,Kepler-602,1.128171090909654,1.3912819026309298,0.0,6.748759547491679,0.1154692498061141,6062.0,1.08,1.425515074273172,0.3726351406992531
Kepler-603 b,Kepler-603,1.2947271675944,1.169381359556317,0.0,6.595780513961311,0.148868180534735,5808.0,1.01,1.6808279085207734,0.3453031346920437
Kepler-603 c,Kepler-603,2.0149030205422647,0.5247285289349821,0.0,5.996452088619021,0.4281329079203773,5808.0,1.01,1.6808279085207734,0.3890692074397355
Kepler-603 d,Kepler-603,0.8415671856782186,1.871802176901592,0.0,7.002155954403621,0.0687515090280431,5808.0,1.01,1.6808279085207734,0.4350547890889389
Kepler-604 b,Kepler-604,1.2781522025001877,1.1878434223960523,0.0,6.45833828334479,0.1599907363089411,5890.0,1.02,1.551808799597464,0.3732693389796073
Kepler-605 b,Kepler-605,0.8919980393051105,1.776645831418007,0.0,7.033506484287697,0.0415641190776924,5462.0,0.91,1.6992786164338898,0.42201393202745013
Kepler-605 c,Kepler-605,0.6205764877251099,1.7732559976634952,0.0,7.153833801578843,0.032815628941623,5462.0,0.91,1.6992786164338898,0.3980122853026847
Kepler-606 b,Kepler-606,1.4609379041156565,0.982078472412158,0.0,6.52795791762255,0.1570037488096646,6161.0,1.13,1.355835153635182,0.330487312398036
Kepler-607 b,Kepler-607,0.6259384308664953,1.7783364488959144,0.0,7.536363938404511,0.0136070034062169,5196.0,0.8400000000000001,1.7749523509116738,0.39160955616829135
Kepler-607 c,Kepler-607,1.324422151545638,1.1314021114911006,0.0,6.161207321695077,0.1948016883016612,5244.0,0.808,2.1701959049483,0.42495104072367174
Kepler-608 b,Kepler-608,1.534714366238164,0.904218150639886,0.0,6.975413927455952,0.0662557957770652,5820.0,1.0,1.5686159179138452,0.266487638555713
Kepler-609 b,Kepler-609,1.4701758451005928,0.9707789171582246,0.0,6.838405200847344,0.0659749889235328,5971.0,1.09,1.551808799597464,0.28341132847883405
Kepler-61 b,Kepler-61,1.1474024528375415,1.3635373739972745,0.2231435513142097,5.613128106388071,0.2220309325834815,4017.0,0.635,0.6931471805599453,0.6779619023761929
Kepler-610 b,Kepler-610,1.6467336971777973,0.7975071958841881,0.0,6.790097235513905,0.0694327747153367,5943.0,1.1,1.515127232962859,0.2823436210095833
Kepler-610 c,Kepler-610,1.4586150226995167,0.982078472412158,0.0,5.765191102784844,0.4443011318933625,5943.0,1.1,1.515127232962859,0.5739430756717305
Kepler-611 b,Kepler-611,0.9745596399981308,1.631199404215613,0.0,7.322510433997394,0.0344980404075673,5761.0,1.01,1.6992786164338898,0.38353756097338465
Kepler-612 b,Kepler-612,1.3454723665996355,1.1085626195212777,0.0,6.953684210870537,0.0442082546643203,5693.0,0.98,1.6992786164338898,0.28434970689213096
Kepler-613 b,Kepler-613,1.1908875647772803,1.3029127521808397,0.0,6.570882962339584,0.1161817542894096,5723.0,0.98,1.6620303625532709,0.3822330764282269
Kepler-614 b,Kepler-614,1.220829921392359,1.264126727145683,0.0,6.464588303689961,0.0977617177824957,5268.0,0.8500000000000001,1.7561322915849038,0.3909885631009131
Kepler-615 b,Kepler-615,1.007957920399979,1.5769147207285403,0.0,6.431331081933479,0.0815799869924228,4655.0,0.73,1.551808799597464,0.4689372743516783
Kepler-616 b,Kepler-616,1.2325602611778486,1.247032293786383,0.0,6.7580945044277305,0.0886516975945626,5753.0,0.98,1.5871923034867808,0.34051456745846026
Kepler-616 c,Kepler-616,1.483874689458755,0.9516578757114464,0.0,6.025865973825314,0.3381850546248877,5753.0,0.98,1.5871923034867808,0.44564187618761136
Kepler-616 d,Kepler-616,1.2955487478131456,1.1662709371419244,0.0,6.214608098422191,0.2428677441619394,6004.0,1.061,0.3364722366212129,0.38869658575904475
Kepler-617 b,Kepler-617,0.8415671856782186,1.871802176901592,0.0,6.621405651764134,0.0216636396360263,3712.0,0.51,1.6054298910365616,0.46580296850353675
Kepler-618 b,Kepler-618,1.2809338454620645,1.184789984909162,0.0,7.167809184316444,0.0439211870579281,5860.0,1.05,1.6620303625532709,0.2838384532441415
Kepler-619 b,Kepler-619,1.425515074273172,1.015230679729059,0.0,6.97914527506881,0.0584009748744766,5980.0,1.09,1.4973884086254774,0.2726452607643747
Kepler-619 c,Kepler-619,0.9895411936137476,1.6054298910365616,0.0,7.477604243197589,0.0219180353009306,5980.0,1.09,1.4973884086254774,0.3764232112343736
Kepler-619 d,Kepler-619,1.6428726885203375,0.8020015854720274,0.0,6.7226297948554485,0.0972174507153592,6122.0,1.041,0.5766133643039938,0.2682463308867707
Kepler-62 b,Kepler-62,0.8372475245337022,1.269760544863939,0.0,6.621405651764134,0.0538250866949074,4925.0,0.69,2.079441541679836,0.4327018165491213
Kepler-62 c,Kepler-62,0.4317824164255378,1.269760544863939,0.0,6.361302477572996,0.0888347137004907,4925.0,0.69,2.079441541679836,0.4320870021980532
Kepler-62 d,Kepler-62,1.0818051703517284,1.269760544863939,0.0,6.236369590203704,0.1133286853070031,4925.0,0.69,2.079441541679836,0.46383951948335533
Kepler-62 e,Kepler-62,0.959350221334602,1.269760544863939,0.0,5.602118820879701,0.3555743384946994,4925.0,0.69,2.079441541679836,0.8538863700190606
Kepler-62 f,Kepler-62,0.8796267475025636,1.269760544863939,0.0,5.342334251964811,0.5411608235620636,4925.0,0.69,2.079441541679836,0.8652420984103085
Kepler-620 b,Kepler-620,1.463255402256019,0.9745596399981308,0.0,6.745236349484362,0.1001167913347726,6155.0,1.15,1.3912819026309298,0.29454814368463295
Kepler-621 b,Kepler-621,1.1939224684724346,1.297463147413275,0.0,6.6039438246004725,0.0305292050348228,4521.0,0.7199999999999999,1.5325568680981427,0.3626502857744058
Kepler-622 b,Kepler-622,1.1410330045520618,1.3737155789130306,0.0,6.102558594613569,0.0933081771336517,4201.0,0.64,1.4973884086254774,0.4556375579319874
Kepler-623 b,Kepler-623,1.3887912413184778,1.0577902941478543,0.0,6.716594773520978,0.0819485826471673,5443.0,0.9,1.6992786164338898,0.3157104938736316
Kepler-624 b,Kepler-624,1.1969481893889715,1.2947271675944,0.0,6.748759547491679,0.1100913077936547,6117.0,1.1,1.551808799597464,0.3477114968564163
Kepler-625 b,Kepler-625,1.095273387402595,1.4398351280479205,0.0,6.748759547491679,0.0782287557647919,5789.0,1.04,0.9202827531436926,0.37356321695743494
Kepler-625 c,Kepler-625,0.7178397931503169,1.873339456220478,0.0,6.955592608396297,0.0523931892813311,5789.0,1.04,0.9202827531436926,0.42223228651249806
Kepler-626 b,Kepler-626,1.1908875647772803,1.3029127521808397,0.0,6.665683717782408,0.1035759242213574,5813.0,1.01,1.851599469584072,0.36688186950105495
Kepler-627 b,Kepler-627,1.5539252025038417,0.8837675401685949,0.0,6.530877627725885,0.2042542667935038,6424.0,1.3,1.175573329804238,0.32344529225498947
Kepler-629 b,Kepler-629,0.8671004876833832,1.8229350866965048,0.0,6.705639094860003,0.0686581488068983,5444.0,0.9300000000000002,1.068153081183401,0.46671690653094217
Kepler-63 b,Kepler-63,1.9615022438151493,1.3862943611198906,0.371563556432483,6.674561391814426,0.0769610411361283,5576.0,0.984,0.1906203596086497,0.20392740590143826
Kepler-630 b,Kepler-630,1.430311246536665,1.007957920399979,0.0,5.840641657373398,0.4459734534456567,5829.0,1.02,1.6992786164338898,0.45362736662546765
Kepler-631 b,Kepler-631,1.3609765531356006,1.0885619528146082,0.0,6.720220155135295,0.131177374095721,6185.0,1.2400000000000002,1.2556160374777745,0.3111523871698096
Kepler-632 b,Kepler-632,1.1662709371419244,1.3376291891386096,0.0,6.2166061010848646,0.1726920078181115,5322.0,0.91,1.3912819026309298,0.45087720738237236
Kepler-633 b,Kepler-633,0.9669838461896731,1.6428726885203375,0.0,6.92951677076365,0.0786725386513015,5899.0,1.02,1.9501867058225737,0.40861283594506065
Kepler-633 c,Kepler-633,1.1927096120472251,1.3001916620664788,0.0,6.587550014824796,0.1505384492852342,5877.0,0.997,2.211565694606877,0.37671651051153654
Kepler-634 b,Kepler-634,1.0612565021243408,1.4906543764441331,0.0,7.177782416195197,0.0560494658510222,6075.0,1.03,1.851599469584072,0.3551863908984112
Kepler-635 b,Kepler-635,1.2919836816486494,1.172482137234565,0.0,6.688354713946762,0.168324047150101,6174.0,1.33,1.205970806988609,0.32770714328162315
Kepler-636 b,Kepler-636,1.6956156086751528,0.7561219797213337,0.0,6.421622267806518,0.1119885019480472,5203.0,0.8500000000000001,1.7934247485471162,0.3419306383932371
Kepler-637 b,Kepler-637,1.749199854809259,0.712949807856125,0.0,6.910750787961936,0.1537420249106394,6096.0,1.6399999999999997,1.1600209167967532,0.26334428048055847
Kepler-638 b,Kepler-638,1.0402767116551463,1.5260563034950494,0.0,7.013915474810528,0.0648041108654968,5382.0,0.8800000000000001,2.545531271604436,0.3496277264304063
Kepler-639 b,Kepler-639,1.2178757094949273,1.2669476034873244,0.0,6.86484777797086,0.0894567180379863,5896.0,1.14,1.6808279085207734,0.3254971640115775
Kepler-640 b,Kepler-640,1.269760544863939,1.199964782928397,0.0,6.413458957167357,0.1433901351251896,5653.0,1.01,1.128171090909654,0.38220473434299923
Kepler-641 b,Kepler-641,1.0473189942805592,1.5129270120532563,0.0,6.831953565565855,0.0857188754025374,5713.0,1.02,2.089391872533004,0.39161914412350535
Kepler-642 b,Kepler-642,1.3609765531356006,1.0885619528146082,0.0,7.501634457883413,0.0547817028096465,6570.0,1.4,1.0818051703517284,0.2547822431406336
Kepler-643 b,Kepler-643,2.412335956953165,0.9858167945227652,0.3148107398400335,6.871091294610546,0.1265004836093416,4908.0,1.0,2.566486636780424,0.16992175586064828
Kepler-644 b,Kepler-644,1.423108334242607,1.0224509277025458,0.0,7.412160334945205,0.0453652582500569,6747.0,1.49,0.9631743177730056,0.2365543969437375
Kepler-645 b,Kepler-645,1.1314021114911006,1.3862943611198906,0.0,7.456454555176209,0.0444091529674054,6170.0,1.13,1.3737155789130306,0.3236444110264232
Kepler-646 b,Kepler-646,1.095273387402595,1.4398351280479205,0.0,6.450470422144176,0.1066187237819044,5634.0,0.9300000000000002,1.717395053939193,0.4350232374897113
Kepler-647 b,Kepler-647,0.7747271675523681,1.927164106234258,0.0,6.670766320845874,0.1154425210098438,6020.0,1.03,1.6620303625532709,0.4730703161496026
Kepler-647 c,Kepler-647,1.6097078799895803,0.832909122935104,0.0,6.4692503167957724,0.1679775043338039,5906.74,1.07,1.3217558399823195,0.33010627677537974
Kepler-648 b,Kepler-648,1.4398351280479205,1.0043016091968684,0.0,6.51471269087253,0.1250807866216399,5741.0,1.05,1.0367368849500225,0.3355235959356688
Kepler-649 b,Kepler-649,1.181727195378616,1.316408233655724,0.0,6.336825731146441,0.1614553641125697,5871.0,0.97,1.3737155789130306,0.41999012241069095
Kepler-65 b,Kepler-65,0.8837675401685949,1.6863989535702286,0.0276151670329733,7.462214939768189,0.0344014267173324,6211.0,1.25,1.3609765531356006,0.3890425585345831
Kepler-65 c,Kepler-65,1.275362800412609,0.9707789171582246,0.0198026272961797,7.1284959456800365,0.0657877405380031,6211.0,1.25,1.3609765531356006,0.26819101814117
Kepler-65 d,Kepler-65,0.924258901523332,1.9021075263969205,0.0139029051689914,7.0192966537150445,0.0806579030174544,6211.0,1.25,1.3609765531356006,0.4233392623145464
Kepler-65 e,Kepler-65,2.7013612129514133,0.4265740713183996,0.2492010856334993,6.337887114582363,0.6173081171473476,6220.0,1.248,1.4609379041156565,0.3582480363127162
Kepler-650 b,Kepler-650,1.3762440252663892,1.0715836162801904,0.0,7.318539548567902,0.0412379080162447,5849.0,1.08,2.009555414215669,0.26183842930683093
Kepler-651 b,Kepler-651,1.2149127443642704,1.269760544863939,0.0,6.354370040797351,0.1317122389674125,5522.0,0.9200000000000002,1.515127232962859,0.4089854441213946
Kepler-652 b,Kepler-652,1.249901736214336,1.2267122912954256,0.0,6.882437470997847,0.0483900841480922,5490.0,0.97,0.9082585601768908,0.3065773494154009
Kepler-653 b,Kepler-653,1.0818051703517284,1.4609379041156565,0.0,6.709304340258299,0.112837493263369,5665.0,1.02,2.1701959049483,0.39999719858570976
Kepler-653 c,Kepler-653,0.5766133643039938,1.7263316639055994,0.0,7.639642287858013,0.0183800472814295,5665.0,1.02,2.1701959049483,0.37933593561853557
Kepler-654 b,Kepler-654,1.1216775615991057,1.4011829736136412,0.0,6.723832440821209,0.1103241762867044,5865.0,1.04,1.851599469584072,0.3782052094383246
Kepler-655 b,Kepler-655,1.3110318766193438,1.1474024528375415,0.0,6.3784261836515865,0.2287040629748558,6170.0,1.15,1.47932922708708,0.3755026619296959
Kepler-656 b,Kepler-656,1.415853163361435,1.0260415958332745,0.0,7.358830898342354,0.0220647725974125,5281.0,0.86,1.6808279085207734,0.25725594989208583
Kepler-656 c,Kepler-656,0.8796267475025636,1.7984040119467235,0.0,6.883462586413092,0.0584575695715686,5550.0,1.05,1.2237754316221157,0.44165189450601805
Kepler-657 b,Kepler-657,1.5085119938441398,0.9321640810304452,0.0,6.424869023905388,0.1598799504536249,5808.0,1.01,1.6428726885203375,0.34255383240909826
Kepler-658 b,Kepler-658,0.9669838461896731,1.6428726885203375,0.0,6.77078942390898,0.0186254641231648,4103.0,0.63,1.4085449700547104,0.4125742659289358
Kepler-659 b,Kepler-659,1.252762968495368,1.2208299213923592,0.0,6.2422232654551655,0.1136857644038164,4870.0,0.79,1.4445632692438664,0.4102698248717619
Kepler-66 b,Kepler-66,1.33500106673234,1.1216775615991057,0.0,6.551080335043404,0.1268088468636958,5962.0,1.038,0.6931471805599453,0.325113582797089
Kepler-660 b,Kepler-660,1.2725655957915476,1.1969481893889715,0.0,6.476972362889683,0.0731575206177264,4779.0,0.75,1.717395053939193,0.3694713800008793
Kepler-661 b,Kepler-661,1.4036429994545037,1.0402767116551463,0.0,6.520621127558696,0.0568528115927828,4483.0,0.7,1.6620303625532709,0.33529615390087014
Kepler-662 b,Kepler-662,1.1568811967920856,1.3506671834767394,0.0,6.274762021241939,0.1317297706778944,4897.0,0.79,1.5325568680981427,0.43715818428239245
Kepler-663 b,Kepler-663,1.2809338454620645,1.184789984909162,0.0,6.822197390620491,0.0543934838303316,5264.0,0.86,1.717395053939193,0.31647692524540205
Kepler-664 b,Kepler-664,1.297463147413275,1.1662709371419244,0.0,7.249215057114389,0.0367175829351627,5754.0,1.01,1.7369512327330598,0.27894688095792264
Kepler-665 b,Kepler-665,1.2809338454620645,1.184789984909162,0.0,6.386879319362645,0.1086750166256561,4913.0,0.79,1.7369512327330598,0.39053590030771734
Kepler-666 b,Kepler-666,1.2237754316221157,1.258460989610006,0.0,7.033506484287697,0.0527821854389694,5887.0,1.03,1.5686159179138452,0.3071681882710168
Kepler-667 b,Kepler-667,1.7457155307266483,0.712949807856125,0.0,6.248042874508429,0.2060380834112706,5327.0,0.91,1.7369512327330598,0.34846746623239633
Kepler-668 b,Kepler-668,1.308332819650179,1.1505720275988207,0.0,6.673297967767654,0.0739936799083263,5352.0,0.87,1.5871923034867808,0.3346692054183802
Kepler-669 b,Kepler-669,1.763017000362401,0.6981347220709844,0.0,7.126087273299125,0.0515482618805766,6038.0,1.15,1.425515074273172,0.24070882913758904
Kepler-67 b,Kepler-67,1.3711807233098423,1.0784095813505905,0.0,6.401917196727186,0.1107360415946656,5331.0,0.865,0.6931471805599453,0.34646819663543515
Kepler-670 b,Kepler-670,2.651832521103981,1.269760544863939,0.0,7.106606137727303,0.0375847603272712,5709.0,0.99,1.7561322915849038,0.2287802556915542
Kepler-671 b,Kepler-671,1.3056264580524355,1.1537315878891892,0.0,6.920671504248683,0.0490758376465926,5624.0,0.97,1.6992786164338898,0.2975520476306177
Kepler-672 b,Kepler-672,1.252762968495368,1.2208299213923592,0.0,6.272877006546167,0.1958134636422536,5627.0,0.95,1.623340817603092,0.41535841773089277
Kepler-673 b,Kepler-673,2.020222182019865,0.521171915820135,0.0,6.931471805599453,0.0444952398865512,5355.0,0.8800000000000001,1.6992786164338898,0.24737288482173436
Kepler-674 b,Kepler-674,0.9895411936137476,1.6054298910365616,0.0,6.71295620067707,0.0276151670329733,4192.0,0.6000000000000001,1.4609379041156565,0.41707288401719317
Kepler-675 b,Kepler-675,1.235471471385307,1.244154593958768,0.0,6.976348070447749,0.0319830458530507,4945.0,0.79,1.7369512327330598,0.30825134525620274
Kepler-676 b,Kepler-676,1.396244691973059,1.0473189942805592,0.0,5.983936280687191,0.0767758388020495,3701.0,0.51,1.6620303625532709,0.4081774780176865
Kepler-677 b,Kepler-677,1.8531680973566984,0.6323350411631878,0.0,6.923628628138427,0.0648509723196163,5723.0,1.0,1.717395053939193,0.25290013269057326
Kepler-678 b,Kepler-678,1.814824742159051,0.6601073264817452,0.0,6.726233402358747,0.070644839569332,5520.0,0.94,1.6992786164338898,0.27909377022408643
Kepler-679 b,Kepler-679,1.3887912413184778,1.0577902941478543,0.0,6.519147287940395,0.0937635298121631,5403.0,0.87,1.6992786164338898,0.34512437719088884
Kepler-68 b,Kepler-68,1.211047717997898,1.4747630091074988,0.0861776962410523,7.151485463904735,0.0595416827083158,5847.0,1.057,2.0592388343623163,0.3031637945275961
Kepler-68 c,Kepler-68,0.6825916666204287,2.1400661634962708,0.0944006754214843,6.959398512133975,0.0862510880432209,5847.0,1.057,2.0592388343623163,0.4131345845646439
Kepler-68 d,Kepler-68,2.7013612129514133,0.4356709501652303,0.0971267107307227,5.6057101503071465,0.9038132103630424,5847.0,1.057,2.0592388343623163,0.7557901843375361
Kepler-68 e,Kepler-68,2.501435951739211,0.2911759617060367,0.2851789422336624,5.548453322925847,1.7227665977411035,5847.0,1.057,2.0592388343623163,0.4006926936909333
Kepler-680 b,Kepler-680,1.229640551074514,1.252762968495368,0.0,7.045776576879511,0.0458334163431722,5890.0,1.08,1.551808799597464,0.30402421106452476
Kepler-681 b,Kepler-681,1.4060969884160703,1.0367368849500225,0.0,6.194405391104672,0.1514327037602093,5021.0,0.8,1.7934247485471162,0.396411529238877
Kepler-682 b,Kepler-682,2.124653884501384,0.4605844073292439,0.0,6.625392368007956,0.1005690549216954,5559.0,0.9200000000000002,1.6054298910365616,0.2825153938665371
Kepler-683 b,Kepler-683,1.0885619528146082,1.449269160281279,0.0,7.195187320178709,0.0348844018535017,5703.0,0.96,1.6808279085207734,0.34714395586034563
Kepler-684 b,Kepler-684,1.4724720573609429,0.9631743177730056,0.0,6.70073110954781,0.0620353909194526,5493.0,0.89,1.6808279085207734,0.30116290006657764
Kepler-685 b,Kepler-685,2.449279472144849,0.3118867611485983,0.0,7.365180126021013,0.0261549574768512,5963.0,1.11,1.47932922708708,0.21957381872590778
Kepler-686 b,Kepler-686,2.576421758623773,1.269760544863939,0.0,7.339537695407674,0.025472795973031,5649.0,0.94,1.6992786164338898,0.22095340232528654
Kepler-687 b,Kepler-687,1.5085119938441398,0.9321640810304452,0.0,6.251903883165888,0.1245158746975675,4841.0,0.77,1.871802176901592,0.37746062505555994
Kepler-688 b,Kepler-688,2.3758355547336385,0.3407487933884732,0.0,6.913737350659685,0.0449733656427311,5715.0,0.98,1.6620303625532709,0.2438833773362249
Kepler-689 b,Kepler-689,1.358409157630355,1.091923300517313,0.0,6.285998094508865,0.1353172969476296,5518.0,0.91,1.717395053939193,0.37929743129135446
Kepler-69 b,Kepler-69,1.175573329804238,1.324418957401803,0.1484200051182732,6.659293919683638,0.0898407039997894,5638.0,0.81,2.651832521103981,0.3106308711099809
Kepler-69 c,Kepler-69,0.9969486348916096,1.5933085305042167,0.1310282624064041,5.703782474656201,0.494696241836107,5638.0,0.81,2.651832521103981,0.7021416458991211
Kepler-690 b,Kepler-690,1.9387416595767009,0.5721088521828892,0.0,6.872128101338986,0.0778865386570712,5913.0,1.11,1.515127232962859,0.25546055655111083
Kepler-691 b,Kepler-691,1.128171090909654,1.3912819026309298,0.0,6.133398042996649,0.062880898039201,3715.0,0.53,1.6054298910365616,0.4561155947241782
Kepler-692 b,Kepler-692,1.4134230285081433,1.0296194171811583,0.0,6.461468176353717,0.1393270652210991,5440.0,0.9,1.7369512327330598,0.3566331321790577
Kepler-693 b,Kepler-693,2.414126467726953,0.3249778571954778,0.0,6.398594934535208,0.1062501198426592,4881.0,0.76,1.6992786164338898,0.3226026810599124
Kepler-694 b,Kepler-694,1.33500106673234,1.1216775615991057,0.0,6.818924065275521,0.063819512712954,5700.0,0.97,1.623340817603092,0.3047397037725621
Kepler-695 b,Kepler-695,2.3233676321765744,0.3632532592988549,0.0,6.92951677076365,0.0367175829351627,5181.0,0.8400000000000001,1.6992786164338898,0.24160972875653958
Kepler-696 b,Kepler-696,1.965712776351493,0.5556077665378838,0.0,7.118826249062078,0.0521179542621066,5903.0,1.06,1.6054298910365616,0.2322185552876743
Kepler-697 b,Kepler-697,1.635105659182678,0.8109302162163288,0.0,7.049254841255837,0.0460244383112793,5513.0,0.9200000000000002,1.6808279085207734,0.2556546555157897
Kepler-698 b,Kepler-698,1.5432981099295553,0.8919980393051105,0.0,6.590301048196686,0.1182273813646498,5612.0,0.94,1.6620303625532709,0.31481741740575253
Kepler-7 b,Kepler-7,2.953920101469695,0.1310282624064041,0.0,7.396948602621014,0.0589007839201085,5933.0,1.359,1.3609765531356006,0.21953656985172082
Kepler-700 b,Kepler-700,1.9444805562457188,0.5692831933375594,0.0,6.115892125483034,0.3057920916240984,5692.0,0.98,1.6808279085207734,0.37185731010558626
Kepler-701 b,Kepler-701,1.3454723665996355,1.1085626195212777,0.0,6.656726524178391,0.0857188754025374,5343.0,0.8800000000000001,1.6992786164338898,0.33011317669565066
Kepler-702 b,Kepler-702,2.3194422100604686,0.3646431135879092,0.0,6.570882962339584,0.0843411484337507,5419.0,0.9,1.6992786164338898,0.2939678674376133
Kepler-703 b,Kepler-703,2.2192034840549946,0.4114471797857119,0.0,6.946013991099227,0.0521179542621066,6185.0,1.18,1.3056264580524355,0.23758331387994508
Kepler-704 b,Kepler-704,1.2837077723447896,1.181727195378616,0.0,7.022868086082641,0.0459289318883998,5616.0,0.97,1.81319474994812,0.29277455102191874
Kepler-705 b,Kepler-705,1.1346227261911428,1.3812818192963463,0.0,5.583496308781699,0.208638865111328,3722.0,0.53,1.5871923034867808,0.8667759678283877
Kepler-707 b,Kepler-707,0.8458682675776092,1.8625285401162623,0.0,7.057036981697891,0.0319830458530507,5099.0,0.8,1.7749523509116738,0.4307020521305191
Kepler-708 b,Kepler-708,1.3686394258811698,1.0818051703517284,0.0,7.108244139731541,0.0417175933518685,5692.0,0.97,1.6808279085207734,0.27058572288066246
Kepler-709 b,Kepler-709,1.366091653802371,1.0818051703517284,0.0,6.419994928147142,0.1109150605711551,5071.0,0.8,1.7749523509116738,0.36740487207144995
Kepler-710 b,Kepler-710,1.0577902941478543,1.4973884086254774,0.0,7.069023426578259,0.0510732701840006,5611.0,0.94,1.6428726885203375,0.36463638574253526
Kepler-711 b,Kepler-711,1.483874689458755,0.9516578757114464,0.0,6.190315405853148,0.1335688919214152,5222.0,0.8400000000000001,1.6808279085207734,0.386595617160774
Kepler-712 b,Kepler-712,1.483874689458755,0.9516578757114464,0.0,6.257667587882639,0.1276453538356697,5148.0,0.8400000000000001,1.4609379041156565,0.37776590196443627
Kepler-712 c,Kepler-712,1.766441661243765,0.6981347220709844,0.0,5.468060141135132,0.5096989893517123,5148.0,0.8400000000000001,1.4609379041156565,0.7944155685474654
Kepler-713 b,Kepler-713,1.247032293786383,1.229640551074514,0.0,6.80903930604298,0.0721345977591991,5785.0,0.98,1.5686159179138452,0.3255748832500709
Kepler-714 b,Kepler-714,2.367436065313662,0.3442986728706769,0.0,6.894670039433482,0.0799196231758734,5995.0,1.09,1.515127232962859,0.24432537566011903
Kepler-715 b,Kepler-715,1.55814461804655,0.8796267475025636,0.0,6.776506992372183,0.089200645458302,5871.0,1.04,1.6054298910365616,0.2879012112988141
Kepler-716 b,Kepler-716,1.3609765531356006,1.0885619528146082,0.0,6.580639137284949,0.0827590151677646,5099.0,0.83,1.717395053939193,0.3407054119483356
Kepler-716 c,Kepler-716,0.8724706475707712,1.8115620965242347,0.0,6.900730664045173,0.0444761101005172,5012.0,0.83,1.3217558399823195,0.4391690195554495
Kepler-717 b,Kepler-717,1.229640551074514,1.252762968495368,0.0,7.038783541388542,0.0506931143155181,5485.0,0.8800000000000001,1.6808279085207734,0.30475856748577834
Kepler-718 b,Kepler-718,2.8656235882069705,1.269760544863939,0.0,7.311886164077165,0.0316924467324897,6191.0,1.18,1.2725655957915476,0.2178455728008103
Kepler-719 b,Kepler-719,2.253394848803274,0.3947411447451887,0.0,6.906754778648554,0.0541093256470319,5777.0,0.99,1.6054298910365616,0.24307025916966407
Kepler-720 b,Kepler-720,2.2417729535972883,0.4007875185570532,0.0,7.0587581525186645,0.0524975689577539,5618.0,0.95,1.5325568680981427,0.23275292179795587
Kepler-721 b,Kepler-721,1.2919836816486494,1.172482137234565,0.0,6.746412128573375,0.0566638471175417,5075.0,0.8200000000000001,1.7749523509116738,0.323342225966281
Kepler-722 b,Kepler-722,1.289232648276759,1.175573329804238,0.0,7.075808863978387,0.0501226094032106,5863.0,1.03,1.6808279085207734,0.2878534311993782
Kepler-722 c,Kepler-722,1.3402504226184837,1.11514159061932,0.0,5.996452088619021,0.3695615537618099,5863.0,1.03,1.6808279085207734,0.46616923229320495
Kepler-723 b,Kepler-723,2.579458966729223,1.269760544863939,0.0,6.92461239604856,0.0467881614987589,5539.0,0.9200000000000002,1.717395053939193,0.2442996847366785
Kepler-724 b,Kepler-724,1.4562867329399256,0.982078472412158,0.0,7.052721049232323,0.0423887664917866,5437.0,0.9,1.6808279085207734,0.26558434802433933
Kepler-725 b,Kepler-725,2.468099531471619,0.3045391895182038,0.2078268472023164,6.244166900663736,0.201960772046303,5395.0,0.95,0.9555114450274363,0.32166107478134026
Kepler-725 c,Kepler-725,1.4060969884160703,1.0367368849500225,0.3618614706260324,5.594711379601839,0.5154548921496529,5395.0,0.95,0.9555114450274363,0.7034777198907057
Kepler-726 b,Kepler-726,1.449269160281279,0.9932517730102834,0.0,6.298949246855942,0.1315544397403014,5452.0,0.8800000000000001,1.6992786164338898,0.37206845873128075
Kepler-727 b,Kepler-727,1.2612978709452054,1.208960345836975,0.0,6.872128101338986,0.0531615481142323,5441.0,0.89,1.7561322915849038,0.3159608940070625
Kepler-728 b,Kepler-728,1.4678743481123135,0.9707789171582246,0.0,6.890609120147166,0.0606246218164348,5660.0,0.95,1.623340817603092,0.2777530193208041
Kepler-729 b,Kepler-729,1.5216989981260935,0.9162907318741552,0.0,7.149916836132109,0.0422929121902514,5633.0,0.94,1.6620303625532709,0.2537353592366973
Kepler-730 b,Kepler-730,2.590009632287009,1.269760544863939,0.0,7.106606137727303,0.0670977435324941,5620.0,1.0469999999999997,2.3513752571634776,0.22001612038308635
Kepler-730 c,Kepler-730,0.9436179197019068,1.6845453849209058,0.0,7.382746449738912,0.0391918665833768,5620.0,1.0469999999999997,2.3513752571634776,0.38395636011129997
Kepler-731 b,Kepler-731,2.700018029404946,1.269760544863939,0.0,7.10085190894405,0.049266241302918,5849.0,1.03,1.5686159179138452,0.2289314324547648
Kepler-732 b,Kepler-732,1.1568811967920856,1.3506671834767394,0.0,6.0112671744041615,0.0668171730373171,3631.0,0.49,1.6992786164338898,0.46089649745691563
Kepler-732 c,Kepler-732,0.8197798314933114,1.912501086924184,0.0,6.795705775173515,0.0141987193998129,3631.0,0.49,1.6992786164338898,0.4383721388314685
Kepler-733 b,Kepler-733,1.3402504226184837,1.11514159061932,0.0,6.39024066706535,0.1382825878000065,5418.0,0.9,1.6620303625532709,0.377494478277658
Kepler-734 b,Kepler-734,1.5173226235262949,0.9202827531436926,0.0,6.665683717782408,0.0566638471175417,5326.0,0.8500000000000001,1.205970806988609,0.3016433842076078
Kepler-735 b,Kepler-735,1.3737155789130306,1.075002423028976,0.0,6.489204931325317,0.0921232888758058,5107.0,0.8500000000000001,1.6808279085207734,0.35376707493220805
Kepler-736 b,Kepler-736,1.3686394258811698,1.0818051703517284,0.0,6.904750769961838,0.0419094030772096,5217.0,0.86,1.6620303625532709,0.28824074729726973
Kepler-737 b,Kepler-737,1.085189268335969,1.4539530095937054,0.0,5.700443573390686,0.1329562272486255,3813.0,0.51,1.5871923034867808,0.6819836580517307
Kepler-738 b,Kepler-738,1.252762968495368,1.2208299213923592,0.0,6.274762021241939,0.1442734891564247,5327.0,0.86,1.717395053939193,0.4068464810170042
Kepler-739 b,Kepler-739,1.463255402256019,0.9745596399981308,0.0,6.654152520183219,0.1002072604170255,5601.0,0.9300000000000002,1.6620303625532709,0.31391987220506434
Kepler-74 b,Kepler-74,2.464703942470481,0.6312717768418579,0.0,6.983789965258135,0.0752002325629351,6000.0,1.18,0.5877866649021191,0.21222662999253772
Kepler-740 b,Kepler-740,1.717395053939193,0.7371640659767197,0.0,7.0317412587631285,0.0451645519543736,5438.0,0.91,1.7561322915849038,0.253059574345995
Kepler-741 b,Kepler-741,1.3787660946990992,1.068153081183401,0.0,6.958448393297656,0.0717623662268907,6129.0,1.16,1.425515074273172,0.27744758306778755
Kepler-742 b,Kepler-742,1.4445632692438664,0.9969486348916092,0.0,6.53813982376767,0.0717623662268907,4642.0,0.76,1.2725655957915476,0.3333067600268942
Kepler-743 b,Kepler-743,0.7929925155296614,1.9401794743463283,0.0,7.00488198971286,0.040815594499775,5486.0,0.94,1.0508216248317612,0.43283584726748775
Kepler-744 b,Kepler-744,0.9631743177730056,1.6505798557652755,0.0,6.621405651764134,0.0928981823667305,5594.0,0.94,1.81319474994812,0.456129657683151
Kepler-745 b,Kepler-745,1.1505720275988207,1.3609765531356006,0.0,6.837332814685591,0.0875528970078615,5849.0,1.04,1.623340817603092,0.35250375896740993
Kepler-746 b,Kepler-746,0.7466879474879752,1.8976198599275325,0.0,7.053585727193677,0.0425804475351183,5418.0,0.91,2.2731562823032334,0.42478681139499747
Kepler-747 b,Kepler-747,1.8357763546448287,0.6444820085786643,0.0,6.124683390894205,0.1752969418569901,5096.0,0.8200000000000001,1.7561322915849038,0.3843344011803489
Kepler-748 b,Kepler-748,1.258460989610006,1.2149127443642704,0.0,6.844815479208263,0.071855437100428,5934.0,1.07,1.551808799597464,0.3152918431258271
Kepler-749 b,Kepler-749,1.410986973710262,1.0331844833456545,0.0,6.12029741895095,0.1002072604170255,5009.0,0.79,1.717395053939193,0.38502168046352375
Kepler-75 b,Kepler-75,2.547098670044448,2.4849066497880004,0.4510756193602167,6.643789733147672,0.0786263204551895,5200.0,0.91,1.9740810260220096,0.21528463721796842
Kepler-750 b,Kepler-750,1.4036429994545037,1.0402767116551463,0.0,7.059617628291383,0.083807918056405,6160.0,1.15,1.4085449700547104,0.2670150824213167
Kepler-750 c,Kepler-750,0.9631743177730056,1.6505798557652755,0.0,7.338238150065589,0.0488758747818868,6160.0,1.15,1.4085449700547104,0.3849621823655531
Kepler-751 b,Kepler-751,1.2412685890696329,1.235471471385307,0.0,6.522092798170152,0.1189379240715137,5387.0,0.87,1.6992786164338898,0.3786425373235856
Kepler-752 b,Kepler-752,1.3376291891386096,1.118414915964289,0.0,6.450470422144176,0.1268969331883509,5373.0,0.87,1.623340817603092,0.3628835714579032
Kepler-753 b,Kepler-753,1.068153081183401,1.4816045409242156,0.0,6.464588303689961,0.0525924501191705,4346.0,0.6800000000000002,1.5325568680981427,0.4326380856825859
Kepler-754 b,Kepler-754,1.1019400787607845,1.430311246536665,0.0,6.6320017773956295,0.1097508639591192,5935.0,1.06,1.5686159179138452,0.3978130872171906
Kepler-755 b,Kepler-755,1.015230679729059,1.5644405465033646,0.0,7.194436851100335,0.0213308707018289,5043.0,0.8200000000000001,1.7749523509116738,0.3724150604951234
Kepler-755 c,Kepler-755,0.8153648132841945,1.9242486522741336,0.0,6.92461239604856,0.0363319292473902,5043.0,0.8200000000000001,1.7749523509116738,0.44276947282332346
Kepler-756 b,Kepler-756,0.7514160886839212,1.9035989509835904,0.0,7.462789157412448,0.0216636396360263,5282.0,0.8200000000000001,1.6992786164338898,0.41782533353803825
Kepler-757 b,Kepler-757,0.8586616190375187,1.8389610707123487,0.0,7.45876269238096,0.0188217542405877,6014.0,1.08,1.4609379041156565,0.4132985879177829
Kepler-758 b,Kepler-758,1.247032293786383,1.229640551074514,0.0,6.913737350659685,0.1021413396664265,6228.0,1.16,1.5686159179138452,0.30881409833372875
Kepler-758 c,Kepler-758,0.9895411936137476,1.6054298910365616,0.0,7.224753405767971,0.0560778302197041,6228.0,1.16,1.5686159179138452,0.37704685913235025
Kepler-758 d,Kepler-758,1.1378330018213911,1.3762440252663892,0.0,6.738152494595957,0.1421070166248298,6228.0,1.16,1.5686159179138452,0.3681945229149771
Kepler-758 e,Kepler-758,0.9282193027394288,1.7119945007591926,0.0,7.0431599159883405,0.0796426276521966,6228.0,1.16,1.5686159179138452,0.405625589233475
Kepler-759 b,Kepler-759,1.184789984909162,1.3110318766193438,0.0,6.280395838960195,0.20936911789237,5860.0,1.04,1.5871923034867808,0.42965837758609293
Kepler-76 b,Kepler-76,2.7877383844009445,0.7419373447293773,0.0,7.669028288589683,0.0270313390510304,6409.0,1.2,0.4824261492442927,0.18554082672704458
Kepler-760 b,Kepler-760,1.4011829736136412,1.043804052173115,0.0,6.618738983517219,0.0777662724059491,5322.0,0.89,1.717395053939193,0.3256675057268741
Kepler-760 c,Kepler-760,0.9082585601768908,1.7457155307266483,0.0,7.038783541388542,0.0342951408759557,5322.0,0.89,1.717395053939193,0.4160066688233147
Kepler-761 b,Kepler-761,1.1085626195212777,1.420695787837223,0.0,6.643789733147672,0.0837895257296832,5706.0,0.95,1.623340817603092,0.3982000307730985
Kepler-762 b,Kepler-762,2.615934912194404,1.269760544863939,0.0,7.172424577124845,0.0481232751817282,5944.0,1.06,1.5686159179138452,0.2238272132169111
Kepler-763 b,Kepler-763,0.7975071958841881,1.9444805562457188,0.0,7.254884810077338,0.0202927032677624,5166.0,0.8400000000000001,1.7561322915849038,0.42134436605841874
Kepler-763 c,Kepler-763,0.8837675401685949,1.790091412127358,0.0,6.844815479208263,0.0455468149559703,4999.0,0.8,1.1314021114911006,0.4409269537332095
Kepler-763 d,Kepler-763,0.982078472412158,1.6193882432872684,0.0,6.690842277418564,0.061471322088101,4999.0,0.8,1.1314021114911006,0.4346602805519441
Kepler-764 b,Kepler-764,0.9707789171582248,1.6389967146756448,0.0,6.775366090936392,0.0698991273796671,5557.0,0.9200000000000002,1.6428726885203375,0.42843269005178874
Kepler-765 b,Kepler-765,1.2325602611778486,1.247032293786383,0.0,6.464588303689961,0.161608515196413,5901.0,1.05,1.551808799597464,0.3838437962881221
Kepler-766 b,Kepler-766,1.47932922708708,0.959350221334602,0.0,6.898714534329988,0.0639133257436528,5992.0,1.1,1.5325568680981427,0.27334747687941313
Kepler-767 b,Kepler-767,2.033397603178429,0.5128236264286637,0.0,5.905361848054571,0.4620974576746382,5694.0,0.96,1.623340817603092,0.3921923738819569
Kepler-768 b,Kepler-768,1.0260415958332745,1.547562508716013,0.0,6.428105272684596,0.0880108773227133,5108.0,0.8200000000000001,1.717395053939193,0.4627433680206974
Kepler-769 b,Kepler-769,1.366091653802371,1.0818051703517284,0.0,6.945051063725834,0.0749219265172592,6186.0,1.19,1.355835153635182,0.2811388527655033
Kepler-769 c,Kepler-769,1.0260415958332745,1.547562508716013,0.0,6.689599269178967,0.121952110750746,6186.0,1.19,1.355835153635182,0.41944317355303123
Kepler-77 b,Kepler-77,2.4647889728689,0.4718768736274158,0.0,7.273092595999522,0.0440264547489785,5520.0,0.95,2.1400661634962708,0.2243031732539319
Kepler-770 b,Kepler-770,1.1939224684724346,1.297463147413275,0.0,7.066466970136958,0.156490796759433,5598.0,0.94,1.717395053939193,0.3294455182805349
Kepler-770 d,Kepler-770,0.8754687373538999,1.8066480817218056,0.0,7.571473648851271,0.0597772040358607,5598.0,0.94,1.717395053939193,0.4150943605371382
Kepler-771 b,Kepler-771,1.0367368849500225,1.5303947050936475,0.0,6.792344427470809,0.0809346174959992,5906.0,1.03,1.551808799597464,0.3992117364773521
Kepler-772 b,Kepler-772,1.0367368849500225,1.5303947050936475,0.0,6.765038976780541,0.1057374446111821,5714.0,0.98,2.211565694606877,0.40372906579106305
Kepler-773 b,Kepler-773,0.8878912573524571,1.7817091333745536,0.0,7.057036981697891,0.0457569973377283,5850.0,1.04,1.3402504226184837,0.41875720130382893
Kepler-774 b,Kepler-774,1.42791603581071,1.015230679729059,0.0,7.260522598089852,0.1027370774511122,6403.0,1.5700000000000005,1.144222799920162,0.25176553633793075
Kepler-775 b,Kepler-775,0.7839015438284094,1.9315214116032136,0.0,7.385851078125209,0.0181738505788642,5468.0,0.9200000000000002,1.0508216248317612,0.4169816637710605
Kepler-776 b,Kepler-776,0.8241754429663495,1.9035989509835904,0.0,6.807934943699926,0.0509782447646294,5071.0,0.83,1.6808279085207734,0.45874182539983
Kepler-777 b,Kepler-777,0.904218150639886,1.752672080520008,0.0,6.345636360828596,0.0505980527630913,4043.0,0.58,1.425515074273172,0.4964510866415832
Kepler-778 b,Kepler-778,0.9858167945227652,1.6114359150967734,0.0,6.885509670034818,0.0443039255565244,5102.0,0.81,1.8325814637483104,0.40758231002568057
Kepler-779 b,Kepler-779,0.6523251860396903,1.8066480817218056,0.0,6.054439346269371,0.0519280928603591,3804.0,0.4600000000000001,1.5871923034867808,0.5197370862921591
Kepler-78 b,Kepler-78,0.7889118025443247,1.8453002361560848,0.0,7.707062655370473,0.0089696521251352,5058.0,0.779,0.4855078157817007,0.3863603028996453
Kepler-780 b,Kepler-780,0.636576829071551,1.790091412127358,0.0,7.649692623711514,0.0148886124937506,5769.0,1.01,1.7749523509116738,0.39387436126123854
Kepler-781 b,Kepler-781,1.358409157630355,1.091923300517313,0.0,6.4457198193855785,0.0970359625115942,5162.0,0.81,1.7749523509116738,0.3592800642572028
Kepler-782 b,Kepler-782,1.43746264769429,1.0043016091968684,0.0,5.860786223465865,0.4349850746441562,5867.0,0.98,1.8325814637483104,0.46361157740755715
Kepler-783 b,Kepler-783,0.5766133643039938,1.7263316639055994,0.0,6.899723107284872,0.0483900841480922,5521.0,0.9300000000000002,1.5871923034867808,0.4072339722806023
Kepler-783 c,Kepler-783,1.2034338341075783,1.2864740258376797,0.0,6.734591659972948,0.0667516952599836,5411.49,0.94,2.3702437414678603,0.3400867693400561
Kepler-784 b,Kepler-784,0.947789398933526,1.6770965609079151,0.0,6.535241271013659,0.1997602811607891,5674.0,1.0,2.31451366385932,0.45951849386639143
Kepler-784 c,Kepler-784,0.9360933591703348,1.6974487897568138,0.0,6.739336627357174,0.1230137758951442,5676.0,1.016,1.355835153635182,0.43965202876565995
Kepler-785 b,Kepler-785,2.640484881606444,1.269760544863939,0.0,6.625392368007956,0.0246926125903715,4739.0,0.77,1.3402504226184837,0.2762484580352161
Kepler-786 b,Kepler-786,1.2325602611778486,1.247032293786383,0.0,5.855071922202427,0.2270001052411304,4838.0,0.81,1.2556160374777745,0.5089426899551512
Kepler-787 b,Kepler-787,0.8241754429663495,1.9035989509835904,0.0,7.017506142941256,0.0157749191153622,4248.0,0.65,1.47932922708708,0.4230566274961843
Kepler-788 b,Kepler-788,1.2669476034873244,1.2029723039923526,0.0,6.892641641172089,0.0801965419942767,6159.0,1.16,1.3912819026309298,0.3063389389630583
Kepler-789 b,Kepler-789,1.1378330018213911,1.3762440252663892,0.0,7.258412150595307,0.0908456832995764,5870.0,1.01,1.551808799597464,0.32806212562025117
Kepler-79 b,Kepler-79,1.4973884086254774,0.8878912573524571,0.0148886124937506,6.835184586147301,0.1106465200870636,6174.0,1.165,1.4906543764441331,0.27623103757586714
Kepler-79 c,Kepler-79,1.551808799597464,0.4824261492442927,0.0295588022415444,6.5998704992128365,0.171429115627531,6174.0,1.165,1.4906543764441331,0.2945190105603432
Kepler-79 d,Kepler-79,2.0992441689760155,0.0861776962410523,0.0246926125903715,6.385194398997726,0.2523139286139896,6174.0,1.165,1.4906543764441331,0.32041249454662973
Kepler-79 e,Kepler-79,1.501852701754163,0.4252677354043441,0.0119285708652738,6.238324625039508,0.3264219007677115,6174.0,1.165,1.4906543764441331,0.35892932975316133
Kepler-790 b,Kepler-790,1.1568811967920856,1.3506671834767394,0.0,6.453624998892692,0.0962188577405429,5208.0,0.8400000000000001,1.7749523509116738,0.4132188176701957
Kepler-791 b,Kepler-791,1.3987168811184478,1.0473189942805592,0.0,6.84587987526405,0.1183162268180422,6383.0,1.3,1.175573329804238,0.2866141968987861
Kepler-792 b,Kepler-792,1.085189268335969,1.4539530095937054,0.0,6.748759547491679,0.0942186752389817,5971.0,1.09,1.47932922708708,0.3880463201127443
Kepler-793 b,Kepler-793,0.8628899551470399,1.8309801823813363,0.0,7.071573364211532,0.0479326537553028,5745.0,0.98,1.6620303625532709,0.4251871310504403
Kepler-794 b,Kepler-794,1.1346227261911428,1.3812818192963463,0.0,6.859614903654202,0.0956373989895601,5839.0,1.19,1.623340817603092,0.3552716030126218
Kepler-795 b,Kepler-795,0.9858167945227652,1.6114359150967734,0.0,6.364750756851911,0.1657686434528862,5631.0,0.94,2.009555414215669,0.4887202608870134
Kepler-796 b,Kepler-796,0.832909122935104,1.88706964903238,0.0,7.01211529430638,0.0706168853955391,5475.0,0.9300000000000002,2.545531271604436,0.40961498406364977
Kepler-797 b,Kepler-797,1.1537315878891892,1.355835153635182,0.0,6.406879986069314,0.1663615372152252,5680.0,0.96,1.5871923034867808,0.41248967895250865
Kepler-798 b,Kepler-798,1.220829921392359,1.264126727145683,0.0,6.762729506931879,0.1110045580429113,6224.0,1.19,1.3402504226184837,0.3380477143922978
Kepler-799 b,Kepler-799,2.064327903869788,0.494696241836107,0.0,6.073044534100405,0.4165369220752142,5681.0,0.95,1.6054298910365616,0.45270979764558295
Kepler-799 c,Kepler-799,1.329905345041089,1.1249295969854831,0.0,6.795705775173515,0.114577904707435,5588.0,1.031,0.4054651081081644,0.27967477674311064
Kepler-8 b,Kepler-8,2.825652124062383,0.2390169004704999,0.0,7.427144133408616,0.0463109028632502,6213.0,1.213,1.4973884086254774,0.216448497901594
Kepler-80 b,Kepler-80,1.3001916620664788,0.8671004876833832,0.0048880340727759,6.306275286948016,0.0627869880987648,4540.0,0.73,1.0986122886681096,0.3629957026297568
Kepler-80 c,Kepler-80,1.3190856114264409,0.7975071958841881,0.0078689583786951,6.206575926724928,0.076220025911409,4540.0,0.73,1.0986122886681096,0.37068821208601743
Kepler-80 d,Kepler-80,0.9282193027394288,2.084429083190875,0.0040916179032535,6.583409222158765,0.0365247746823722,4540.0,0.73,1.0986122886681096,0.47704734123096426
Kepler-80 e,Kepler-80,0.9555114450274363,1.55814461804655,0.0034938892542557,6.4457198193855785,0.0479326537553028,4540.0,0.73,1.0986122886681096,0.4626703593449275
Kepler-800 b,Kepler-800,1.3480731482996928,1.1052568313867783,0.0,6.516193076042964,0.1049004098253697,5315.0,0.8500000000000001,1.7369512327330598,0.35425925459840235
Kepler-801 b,Kepler-801,1.0986122886681096,1.4350845252893227,0.0,6.040254711277414,0.076497970972725,4435.0,0.67,1.515127232962859,0.4669440315091761
Kepler-802 b,Kepler-802,1.5129270120532563,0.924258901523332,0.0,6.194405391104672,0.2041645847164069,5507.0,0.9300000000000002,1.7369512327330598,0.39307637879163015
Kepler-803 b,Kepler-803,1.5665304114228238,0.8712933659434192,0.0,6.298949246855942,0.2368176334610287,5919.0,1.05,1.7749523509116738,0.36306956899475246
Kepler-804 b,Kepler-804,1.0784095813505905,1.4655675420143983,0.0,6.659293919683638,0.1069422640340325,5817.0,1.01,1.8325814637483104,0.4076088989461401
Kepler-804 c,Kepler-804,0.76080582903376,1.9095425048844383,0.0,6.792344427470809,0.082998335499169,5817.0,1.01,1.8325814637483104,0.45833340542063555
Kepler-805 b,Kepler-805,1.358409157630355,1.091923300517313,0.0,6.612041034833092,0.181087462279141,6112.0,1.19,1.6620303625532709,0.3289167538768282
Kepler-806 b,Kepler-806,0.76080582903376,1.9095425048844383,0.0,6.993932975223189,0.0740308263209157,5770.0,0.99,2.1701959049483,0.4338181150517304
Kepler-808 b,Kepler-808,0.9001613499442714,1.7613002617433464,0.0,7.187657164114956,0.0130544190737095,4653.0,0.76,1.0818051703517284,0.4025485654872442
Kepler-809 b,Kepler-809,1.3887912413184778,1.0577902941478543,0.0,6.171700597410915,0.2547197347489539,5734.0,0.99,1.6808279085207734,0.4044166319161382
Kepler-81 b,Kepler-81,1.229640551074514,2.0373166153791646,0.0,6.455198563340122,0.0508832103145698,4385.0,0.64,1.5325568680981427,0.43194678801103625
Kepler-81 c,Kepler-81,1.2149127443642704,1.0188473201992472,0.0,6.220590170099739,0.080168853562963,4385.0,0.64,1.5325568680981427,0.4046503780187236
Kepler-81 d,Kepler-81,0.7929925155296614,1.9401794743463283,0.0,6.037870919922137,0.1204461530758671,4500.0,0.648,1.5325568680981427,0.5798455542768597
Kepler-810 b,Kepler-810,1.075002423028976,1.4701758451005928,0.0,7.00850518208228,0.0535407669280298,5803.0,1.03,1.6428726885203375,0.3634738284094149
Kepler-811 b,Kepler-811,1.308332819650179,1.1505720275988207,0.0,6.594413459749778,0.1476524692586612,5747.0,1.01,2.190535589185423,0.34355238296669627
Kepler-812 b,Kepler-812,1.515127232962859,0.9202827531436926,0.0,7.059617628291383,0.097489621277257,6761.0,1.45,0.9783261227936076,0.24109998701724805
Kepler-813 b,Kepler-813,1.144222799920162,1.3686394258811698,0.0,6.706862336602747,0.1344434765494907,5743.0,0.95,1.6054298910365616,0.3836187801636164
Kepler-814 b,Kepler-814,1.1378330018213911,1.3762440252663892,0.0,7.060476365999801,0.0671912495403232,6162.0,1.15,1.3912819026309298,0.3310992796412876
Kepler-815 b,Kepler-815,1.631199404215613,0.8109302162163288,0.0,7.226209010100671,0.0905077575213005,5028.0,1.25,1.7749523509116738,0.24480515117799193
Kepler-816 b,Kepler-816,2.419478844465545,0.3228078744271551,0.0,6.505784060128229,0.0857188754025374,5286.0,0.9,1.6428726885203375,0.306118464979256
Kepler-817 b,Kepler-817,2.305580601973844,0.3708736633385453,0.0,7.025538314638521,0.0481232751817282,5861.0,1.03,1.515127232962859,0.23316960873261874
Kepler-818 b,Kepler-818,1.809926773183504,0.664233170395303,0.0,6.668228248417403,0.0848924670179626,5638.0,0.94,1.6054298910365616,0.29332653228996314
Kepler-819 b,Kepler-819,1.324418957401803,1.1314021114911006,0.0,6.186208623900494,0.1734489782903562,5279.0,0.86,1.6992786164338898,0.4157396262473616
Kepler-82 b,Kepler-82,1.623340817603092,0.6830968447064438,0.00329456694943,6.333279628139691,0.1555497007409655,5401.0,0.91,0.8796267475025636,0.3420403464860436
Kepler-82 c,Kepler-82,1.8468787684491343,0.4014570867106256,0.0069756137364252,6.111467339502679,0.2331730869513882,5401.0,0.91,0.8796267475025636,0.3700324070469913
Kepler-82 e,Kepler-82,1.244154593958768,0.4317824164255378,0.0,6.831953565565855,0.0610950993598108,5428.0,0.946,0.8796267475025636,0.279226130945027
Kepler-82 f,Kepler-82,1.7647307968401358,0.6981347220709844,0.0013990209137073,5.9949584363622375,0.2922964100025264,5401.0,0.91,0.8796267475025636,0.4105391911717284
Kepler-820 b,Kepler-820,1.958685340544036,0.559044196036465,0.0,6.318968113746434,0.4447114619583612,6260.0,1.23,1.289232648276759,0.34643324366191586
Kepler-821 b,Kepler-821,0.8372475245337022,1.8794650496471603,0.0,7.103322062526113,0.0285874568519125,5191.0,0.8400000000000001,1.7561322915849038,0.42859296334260216
Kepler-822 b,Kepler-822,1.0188473201992472,1.55814461804655,0.0,7.122866658599083,0.0399704320438272,5928.0,1.06,1.515127232962859,0.374472084768702
Kepler-823 b,Kepler-823,0.9439058989071284,1.6845453849209058,0.0,7.15305163493748,0.0494566087125925,5643.0,0.98,1.6992786164338898,0.39860413424515156
Kepler-824 b,Kepler-824,1.0543120297715298,1.5040773967762742,0.0,7.116394144093465,0.0535407669280298,6035.0,1.15,1.4609379041156565,0.361993312381519
Kepler-825 b,Kepler-825,0.9282193027394288,1.7119945007591926,0.0,7.147559271189454,0.0443039255565244,5976.0,1.03,1.515127232962859,0.4021517362604603
Kepler-825 c,Kepler-825,1.043804052173115,1.5173226235262949,0.0,6.889591308354466,0.0731575206177264,5976.0,1.03,1.515127232962859,0.3856403646701151
Kepler-826 b,Kepler-826,0.8109302162163288,1.9329696377795784,0.0,7.174724309836376,0.0507121255416477,6079.0,1.05,1.6808279085207734,0.4223965118437218
Kepler-827 b,Kepler-827,1.891604804197771,0.6048622656923737,0.0,6.354370040797351,0.2423185307002507,5602.0,0.9300000000000002,1.6808279085207734,0.3431686939668382
Kepler-828 b,Kepler-828,0.9202827531436926,1.724550719534605,0.0,7.522400231387125,0.0122052124383622,5039.0,0.81,1.717395053939193,0.39790682001053257
Kepler-829 b,Kepler-829,1.1346227261911428,1.3812818192963463,0.0,6.754604099487962,0.0656004570839488,5698.0,0.98,1.7369512327330598,0.3697206381902972
Kepler-83 b,Kepler-83,1.3428648031925547,0.6043159668533296,0.0,6.133398042996649,0.0704118642403654,4082.0,0.6599999999999999,1.4085449700547104,0.3722065502657244
Kepler-83 c,Kepler-83,1.2119409739751128,0.3220834991691133,0.0,5.8944028342648505,0.1115055959175401,4082.0,0.6599999999999999,1.4085449700547104,0.4347692216904698
Kepler-83 d,Kepler-83,1.0784095813505905,0.4446858212614457,0.0,6.345636360828596,0.049742091894814,4648.0,0.58,1.4085449700547104,0.4013095254391563
Kepler-830 b,Kepler-830,0.9932517730102834,1.599387576580599,0.0,6.811244378601294,0.0983056887841233,6037.0,1.07,1.4973884086254774,0.41396131452340706
Kepler-831 b,Kepler-831,0.8197798314933114,1.912501086924184,0.0,6.900730664045173,0.0581179533346484,5732.0,0.99,1.6428726885203375,0.44624393644324467
Kepler-832 b,Kepler-832,1.118414915964289,1.4060969884160703,0.0,6.873163834212518,0.0723206615796261,5596.0,0.9200000000000002,1.6808279085207734,0.3621273492211463
Kepler-833 b,Kepler-833,1.1052568313867783,1.425515074273172,0.0,5.948034989180646,0.107867370869007,4339.0,0.64,1.551808799597464,0.48230605246089603
Kepler-834 b,Kepler-834,1.1052568313867783,1.425515074273172,0.0,5.937536205082426,0.0826853666186078,4554.0,0.7,1.3056264580524355,0.47114136739070683
Kepler-835 b,Kepler-835,1.332366019094335,1.1216775615991057,0.0,6.826545223556594,0.1016536537264998,5954.0,1.08,1.5325568680981427,0.30281709337864726
Kepler-836 b,Kepler-836,1.316408233655724,1.1410330045520618,0.0,6.76849321164863,0.0964913001887612,5895.0,1.03,1.6620303625532709,0.31612109206823436
Kepler-837 b,Kepler-837,1.269760544863939,1.199964782928397,0.0,6.553933404025811,0.1083161434834588,5403.0,0.8500000000000001,1.6054298910365616,0.36466828194562306
Kepler-838 b,Kepler-838,1.316408233655724,1.1410330045520618,0.0,6.656726524178391,0.1192042474784765,5770.0,0.98,1.6428726885203375,0.3374893256816967
Kepler-839 b,Kepler-839,1.2725655957915476,1.1969481893889715,0.0,6.440946540632921,0.2083141370682082,6058.0,1.22,1.3402504226184837,0.37331394281333485
Kepler-84 b,Kepler-84,1.172482137234565,3.0349529867072724,0.0,6.893656354602635,0.0794579213347155,6039.0,1.0,1.6054298910365616,0.38579637086850194
Kepler-84 c,Kepler-84,1.2119409739751128,2.244955980157409,0.0,6.763884908562435,0.101834305881268,6039.0,1.0,1.6054298910365616,0.39324518393679575
Kepler-84 d,Kepler-84,0.8671004876833832,1.8229350866965048,0.0,7.134890851565884,0.0506931143155181,6031.0,1.06,1.6054298910365616,0.4187378273535512
Kepler-84 e,Kepler-84,1.2809338454620645,1.184789984909162,0.0,6.511745329644728,0.1663615372152252,6031.0,1.06,1.6054298910365616,0.3629054526754795
Kepler-84 f,Kepler-84,1.1631508098056809,1.3428648031925547,0.0,6.35088571671474,0.2231435513142097,6031.0,1.06,1.6054298910365616,0.42565798434278507
Kepler-841 b,Kepler-841,1.8293763327993613,0.6491952930307625,0.0,6.0330862217988015,0.3913661837286627,5324.0,0.8500000000000001,1.6992786164338898,0.5222161687752782
Kepler-842 b,Kepler-842,0.9555114450274363,1.66392609771817,0.0,7.133295954896068,0.0201947072855192,4848.0,0.78,1.6808279085207734,0.3930447127259254
Kepler-843 b,Kepler-843,1.2781522025001877,1.1878434223960523,0.0,7.329093736246591,0.0308201423398862,5830.0,1.02,1.6428726885203375,0.2809183235267637
Kepler-844 b,Kepler-844,0.9858167945227652,1.6114359150967734,0.0,6.570882962339584,0.0293646086299039,4128.0,0.5900000000000001,1.5686159179138452,0.43711978441258137
Kepler-845 b,Kepler-845,1.1118575154181305,1.415853163361435,0.0,7.216709486709457,0.0165424166193112,4913.0,0.79,1.7561322915849038,0.33500898764696263
Kepler-846 b,Kepler-846,1.247032293786383,1.229640551074514,0.0,6.437751649736401,0.1309405392605958,5579.0,0.94,1.6808279085207734,0.3888327644257575
Kepler-847 b,Kepler-847,0.7793248768009976,1.9300710850255671,0.0,6.961296045910167,0.0310140535291694,4940.0,0.83,1.5871923034867808,0.436502473423404
Kepler-848 b,Kepler-848,0.9932517730102834,1.599387576580599,0.0,6.99117688712121,0.0731203417501903,5695.0,1.01,2.2321626286975,0.3904644394513349
Kepler-849 b,Kepler-849,2.2062586557750383,1.4085449700547104,0.0751074724868054,5.896329351992943,0.7594029763370106,5950.0,1.259,1.7404661748405044,0.4488839901366748
Kepler-85 b,Kepler-85,1.021731244332152,1.0365570815523175,0.0198026272961797,6.697034247666484,0.075895659003257,5505.2,0.9280000000000002,0.8671004876833832,0.3723195420081552
Kepler-85 c,Kepler-85,1.0912519342618172,0.9271404601283952,0.0266419309464211,6.561030665896573,0.0986047467537548,5505.2,0.9280000000000002,0.8671004876833832,0.37127363651719153
Kepler-85 d,Kepler-85,0.7884573603642702,1.6863989535702286,0.0,6.440946540632921,0.1222176327242492,5436.0,0.9469999999999998,0.8671004876833832,0.4848150891016898
Kepler-85 e,Kepler-85,0.8197798314933114,0.9555114450274363,0.0,6.327936783729195,0.1510028735365274,5436.0,0.9469999999999998,0.8671004876833832,0.4538014699247599
Kepler-850 b,Kepler-850,1.0224509277025458,1.551808799597464,0.0,6.903747257584598,0.0717623662268907,5932.0,1.06,1.5871923034867808,0.3916319504572717
Kepler-851 b,Kepler-851,0.9858167945227652,1.6114359150967734,0.0,6.803505257608338,0.0771462091766536,5455.0,0.89,1.6992786164338898,0.42273017450568323
Kepler-852 b,Kepler-852,1.264126727145683,1.205970806988609,0.0,6.338594078203183,0.24660223219217,6100.0,1.19,0.9082585601768908,0.3717708529654999
Kepler-853 b,Kepler-853,0.9895411936137476,1.6054298910365616,0.0,7.080026499922591,0.0760346862759976,6350.0,1.3,1.3056264580524355,0.3826084751544967
Kepler-855 b,Kepler-855,2.2353763433005955,0.4034631054374913,0.0,6.904750769961838,0.0734363180731822,5835.0,1.03,1.6428726885203375,0.24482271419197582
Kepler-856 b,Kepler-856,2.33214389523559,0.3590720685384538,0.0,6.715383386334681,0.0757566123992463,5535.0,0.96,1.6620303625532709,0.27167652490196703
Kepler-857 b,Kepler-857,2.0541237336955462,0.5007752879124893,0.0,5.968707559985366,0.3185264557467619,5773.0,0.99,1.6620303625532709,0.4060235248244417
Kepler-858 b,Kepler-858,1.769854633840005,0.6931471805599453,0.0,5.991464547107982,0.2922142864363763,5653.0,0.96,1.47932922708708,0.4134019626254239
Kepler-859 b,Kepler-859,1.4085449700547104,1.0367368849500225,0.0,6.270988431858299,0.1236060489591721,5020.0,0.81,1.717395053939193,0.3847768638387387
Kepler-860 b,Kepler-860,1.4445632692438664,0.9969486348916092,0.0,6.957497370876951,0.0563803334361076,5836.0,1.04,1.6620303625532709,0.2745480461038544
Kepler-861 b,Kepler-861,1.1878434223960523,1.308332819650179,0.0,6.874198495453294,0.0452601314048645,5047.0,0.8200000000000001,1.6992786164338898,0.3361806927537688
Kepler-862 b,Kepler-862,1.1662709371419244,1.3376291891386096,0.0,7.001245622069476,0.0382587121170903,5333.0,0.8800000000000001,1.7561322915849038,0.32974771921578716
Kepler-863 b,Kepler-863,1.3609765531356006,1.0885619528146082,0.0,6.577861357721047,0.1151128071005045,5678.0,0.96,1.5686159179138452,0.334652196241088
Kepler-864 b,Kepler-864,1.2237754316221157,1.258460989610006,0.0,7.042286171939743,0.0664429565487139,5754.0,1.0,1.7369512327330598,0.3083063673330581
Kepler-864 c,Kepler-864,0.9631743177730056,1.6505798557652755,0.0,7.334981878871814,0.0374884444109916,6213.0,1.27,0.262364264467491,0.35006971254099845
Kepler-865 b,Kepler-865,1.249901736214336,1.2267122912954256,0.0,6.543911845564792,0.100478618566219,5570.0,0.9300000000000002,1.6620303625532709,0.37039866560871076
Kepler-865 c,Kepler-865,0.636576829071551,1.790091412127358,0.0,6.818924065275521,0.059211859631846,5440.0,0.782,1.6620303625532709,0.4337512821775415
Kepler-866 b,Kepler-866,0.9669838461896731,1.6428726885203375,0.0,6.904750769961838,0.0325639908732626,4751.0,0.75,1.6620303625532709,0.4085001294238078
Kepler-867 b,Kepler-867,1.7298840655099674,0.7275486072772778,0.0,5.793013608384144,0.4301577206985358,5541.0,0.9200000000000002,1.9300710850255671,0.48879345162682575
Kepler-868 b,Kepler-868,1.11514159061932,1.410986973710262,0.0,6.954638864880987,0.0559076319382958,5614.0,0.9300000000000002,1.5871923034867808,0.35339724582622883
Kepler-869 b,Kepler-869,1.5282278570085572,0.9082585601768908,0.0,6.20455776256869,0.2024509280891203,5664.0,0.97,1.7561322915849038,0.383494763055944
Kepler-87 b,Kepler-87,2.673458756332591,0.5475432067011534,0.0353671438372913,6.171700597410915,0.3927175352856617,5600.0,1.1,2.1400661634962708,0.3675129226845154
Kepler-87 c,Kepler-87,1.965712776351493,0.1414995622736995,0.0382587121170903,6.001414877961151,0.5164100020598913,5600.0,1.1,2.1400661634962708,0.4128517641784354
Kepler-870 b,Kepler-870,1.3297240096314962,1.1249295969854831,0.0,6.539585955617669,0.143147509218485,5857.0,1.01,1.5686159179138452,0.35069350461109317
Kepler-871 b,Kepler-871,1.556037135706985,0.8837675401685949,0.0,6.46302945692067,0.1460032941198429,5993.0,1.11,1.4973884086254774,0.3322046131166536
Kepler-872 b,Kepler-872,1.095273387402595,1.4398351280479205,0.0,7.115582126184454,0.0355601753985508,5902.0,1.05,1.6428726885203375,0.3472556450614501
Kepler-873 b,Kepler-873,1.55814461804655,0.8796267475025636,0.0,6.620073206530356,0.143407463294729,6163.0,1.18,1.3737155789130306,0.3128135725749485
Kepler-874 b,Kepler-874,1.597365331199831,0.8415671856782186,0.0,6.329720905522696,0.2016338678263273,6020.0,1.09,1.4609379041156565,0.3560112083297038
Kepler-875 b,Kepler-875,1.3609765531356006,1.0885619528146082,0.0,6.345636360828596,0.1630537864362978,5958.0,1.06,1.47932922708708,0.3681718644451758
Kepler-876 b,Kepler-876,0.8878912573524571,1.7817091333745536,0.0,6.828712071641684,0.0534459757056259,5060.0,0.81,1.8325814637483104,0.4435210678423915
Kepler-877 b,Kepler-877,1.1378330018213911,1.3762440252663892,0.0,6.450470422144176,0.122306124383968,5261.0,0.8500000000000001,1.717395053939193,0.4249593367201163
Kepler-878 b,Kepler-878,1.075002423028976,1.4701758451005928,0.0,6.218600119691729,0.1527210870176639,5044.0,0.81,1.717395053939193,0.47174270303673854
Kepler-879 b,Kepler-879,1.2725655957915476,1.1969481893889715,0.0,6.364750756851911,0.1833210571270381,5792.0,1.02,1.6620303625532709,0.3916178928350906
Kepler-88 d,KOI-142,2.6461747973841225,1.2119409739751128,0.3435897043900769,5.508545876594999,1.2430963587209964,5466.0,0.99,0.9555114450274363,0.3872725335122389
Kepler-880 b,Kepler-880,1.297463147413275,1.1662709371419244,0.0,7.392031567514591,0.0875528970078615,6761.0,1.46,0.9783261227936076,0.25918232360331706
Kepler-880 c,Kepler-880,1.3532545070416904,1.0986122886681096,0.0,7.249925536717988,0.1147562372981886,6900.0,1.714,0.8796267475025636,0.24195140603637832
Kepler-881 b,Kepler-881,1.0224509277025458,1.551808799597464,0.0,7.1049654482698426,0.0537303224209677,5961.0,1.06,1.5686159179138452,0.37446639087361083
Kepler-882 b,Kepler-882,0.8020015854720274,1.94876321803772,0.0,6.806829360392176,0.0463204502685042,5476.0,0.9,1.717395053939193,0.45767798425342465
Kepler-883 b,Kepler-883,1.0224509277025458,1.551808799597464,0.0,6.70808408385307,0.0979249401552046,6116.0,1.06,1.3912819026309298,0.415157530323806
Kepler-884 b,Kepler-884,0.8020015854720274,1.94876321803772,0.0,6.872128101338986,0.059362649393507,5715.0,1.0,1.2383742310432684,0.4520876853179219
Kepler-885 b,Kepler-885,1.252762968495368,1.2208299213923592,0.0,6.7226297948554485,0.1345571163899927,6187.0,1.21,1.425515074273172,0.33405409704347216
Kepler-886 b,Kepler-886,0.924258901523332,1.717395053939193,0.0,7.013915474810528,0.0622985141942242,6098.0,1.1,1.47932922708708,0.41187424753766305
Kepler-887 b,Kepler-887,1.043804052173115,1.5173226235262949,0.0,6.666956792429207,0.1435027628603217,6194.0,1.19,1.4085449700547104,0.4143112136737554
Kepler-887 c,Kepler-887,0.7561219797213337,1.9095425048844383,0.0,6.993932975223189,0.0770536294422914,6194.0,1.19,1.4085449700547104,0.4300540717807888
Kepler-888 b,Kepler-888,1.015230679729059,1.5644405465033646,0.0,6.035481432524756,0.273692168498505,5875.0,0.97,0.9082585601768908,0.5203390032986599
Kepler-889 b,Kepler-889,0.7371640659767197,1.88706964903238,0.0,7.192182058713246,0.0485520405821656,5961.0,1.14,1.6054298910365616,0.41844839369447534
Kepler-890 b,Kepler-890,2.2915241456346207,0.3770656335864664,0.0,6.293419278846481,0.2580472673220901,5954.0,1.09,1.5325568680981427,0.33789718073009756
Kepler-891 b,Kepler-891,2.002830439307996,0.5312163134137247,0.0,6.18826412308259,0.2531682644199051,5887.0,1.06,1.515127232962859,0.3423424035143843
Kepler-892 b,Kepler-892,1.3376291891386096,1.118414915964289,0.0,6.322565239927284,0.0966728872602607,4747.0,0.75,1.7934247485471162,0.385118620301162
Kepler-893 b,Kepler-893,1.3937663759585917,1.0508216248317612,0.0,6.942156705699469,0.0675651861624238,5820.0,1.0,1.5686159179138452,0.2809010743101855
Kepler-894 b,Kepler-894,1.3297240096314962,1.1249295969854831,0.0,6.799055862058796,0.0876445098520463,5603.0,0.87,1.6620303625532709,0.31205996697770805
Kepler-895 b,Kepler-895,0.9321640810304452,1.7047480922384253,0.0,6.648984550024776,0.0322735605502957,4315.0,0.65,1.289232648276759,0.44663658674566487
Kepler-896 b,Kepler-896,1.2612978709452054,1.208960345836975,0.0,5.717027701406222,0.4471059672672389,5262.0,0.8400000000000001,1.7934247485471162,0.53837928448121
Kepler-896 c,Kepler-896,1.423108334242607,1.0224509277025458,0.0,6.246106765481563,0.1648362424529351,5510.0,0.877,2.150598735996164,0.365323153316673
Kepler-897 b,Kepler-897,1.220829921392359,1.264126727145683,0.0,6.752270376141742,0.0741793981742515,5839.0,1.03,1.6808279085207734,0.33895700070800217
Kepler-898 b,Kepler-898,0.9122827104766162,1.7404661748405044,0.0,6.424869023905388,0.0530667209366922,4223.0,0.65,1.6054298910365616,0.48744103172609154
Kepler-899 b,Kepler-899,1.3029127521808397,1.1568811967920856,0.0,6.46302945692067,0.1303262616755742,5595.0,0.9300000000000002,1.623340817603092,0.36483379336537847
Kepler-9 b,Kepler-9,2.228938552825748,0.3506568716131693,0.0591176044830888,6.495265555937008,0.1336563848126735,5774.0,1.022,1.0986122886681096,0.2974301681180284
Kepler-9 c,Kepler-9,2.206074192613202,0.2700271372130601,0.0647666201210199,6.261491684321042,0.2045721657287744,5774.0,1.022,1.0986122886681096,0.33545606000003986
Kepler-9 d,Kepler-9,0.9707789171582248,2.6773961980137675,0.0,7.614312146452,0.0269340012400809,5777.0,1.07,0.6931471805599453,0.3891532748576415
Kepler-90 i,KOI-351,0.8415671856782186,1.871802176901592,0.0,6.565264970035361,0.1134519672610422,6015.0,1.12,0.4252677354043441,0.46079389859275593
Kepler-900 b,Kepler-900,1.1249295969854831,1.396244691973059,0.0,6.57507584059962,0.0656941031953624,4836.0,0.78,1.717395053939193,0.4025737935992365
Kepler-901 b,Kepler-901,0.8628899551470399,1.8309801823813363,0.0,6.558197802812269,0.0371030879515022,4184.0,0.5900000000000001,1.5686159179138452,0.4789351071630839
Kepler-902 b,Kepler-902,1.264126727145683,1.205970806988609,0.0,6.322565239927284,0.2013068567050353,5647.0,0.95,1.6808279085207734,0.3990955493921002
Kepler-903 b,Kepler-903,1.1019400787607845,1.430311246536665,0.0,6.736966958001855,0.0869205395306993,5682.0,0.98,1.7561322915849038,0.38377653225966696
Kepler-903 c,Kepler-903,1.2612978709452054,1.208960345836975,0.0,6.137727054086234,0.2642778170727262,5682.0,0.98,1.7561322915849038,0.4151740076983998
Kepler-904 b,Kepler-904,1.0188473201992472,1.55814461804655,0.0,7.195187320178709,0.040853994008266,6160.0,1.16,1.3912819026309298,0.36906265265700794
Kepler-905 b,Kepler-905,0.8796267475025636,1.7984040119467235,0.0,6.834108738813838,0.0553306333553251,5461.0,0.95,0.9783261227936076,0.43915501499550547
Kepler-906 b,Kepler-906,1.1346227261911428,1.3812818192963463,0.0,6.2878585601617845,0.2018218508103343,6035.0,1.06,1.0508216248317612,0.439853181418604
Kepler-907 b,Kepler-907,0.7884573603642702,1.9387416595767009,0.0,6.779921907472252,0.1155583406342723,6106.0,1.08,1.851599469584072,0.4589409331105206
Kepler-908 b,Kepler-908,0.7975071958841881,1.9444805562457188,0.0,7.486613313139955,0.0249462389610695,5973.0,1.11,1.3912819026309298,0.41754939489741205
Kepler-909 b,Kepler-909,0.904218150639886,1.752672080520008,0.0,6.748759547491679,0.1121941133521588,6154.0,1.17,1.355835153635182,0.44797369006156196
Kepler-910 b,Kepler-910,0.598836501088704,1.749199854809259,0.0,7.469083884921234,0.0368332500453489,6230.0,1.26,1.47932922708708,0.3811897586587392
Kepler-911 b,Kepler-911,1.2809338454620645,1.184789984909162,0.0,6.837332814685591,0.1449138657889856,6112.0,1.34,1.515127232962859,0.3107710972861819
Kepler-912 b,Kepler-912,1.33500106673234,1.1216775615991057,0.0,7.105786129481271,0.0333380596105103,5998.0,1.07,1.425515074273172,0.27237710321063935
Kepler-913 b,Kepler-913,1.118414915964289,1.4060969884160703,0.0,7.029972911706386,0.0961280270942204,4687.0,0.63,1.890095369948917,0.35079835161608686
Kepler-913 c,Kepler-913,1.5806414249568088,0.8586616190375187,0.0,7.213768308118642,0.0675651861624238,6068.0,1.294,1.890095369948917,0.25289140563987594
Kepler-914 b,Kepler-914,0.8671004876833832,1.8229350866965048,0.0,7.084226422097916,0.0531046528867783,5877.0,1.1,1.6054298910365616,0.42247866601038836
Kepler-915 b,Kepler-915,0.9162907318741552,1.7334238922150915,0.0,7.1853870155804165,0.0550088830307991,6173.0,1.21,1.47932922708708,0.40161295145960096
Kepler-916 b,Kepler-916,1.015230679729059,1.5644405465033646,0.0,6.222576268071369,0.1726920078181115,5248.0,0.8500000000000001,1.7561322915849038,0.5045679741476151
Kepler-917 b,Kepler-917,1.068153081183401,1.4816045409242156,0.0,6.899723107284872,0.0371030879515022,5418.0,0.8,1.6428726885203375,0.37284901832951006
Kepler-918 b,Kepler-918,1.007957920399979,1.5769147207285403,0.0,6.959398512133975,0.0553400950331645,6028.0,1.11,1.4445632692438664,0.3903554409052833
Kepler-919 b,Kepler-919,1.1786549963416462,1.3190856114264409,0.0,6.76849321164863,0.0935814136215305,6113.0,1.15,1.3912819026309298,0.35107751694435685
Kepler-92 b,Kepler-92,1.5062971535145868,1.1307796597436837,0.1570037488096647,6.883462586413092,0.1153979714283798,5883.0,1.21,1.6054298910365616,0.2578595833396328
Kepler-92 c,Kepler-92,1.2809338454620645,1.7486997297675768,0.0392207131532812,6.661854740545311,0.174406985708349,5883.0,1.21,1.6054298910365616,0.37611690788603847
Kepler-92 d,Kepler-92,1.1206998851321146,2.135097487101402,0.0676586484738148,6.45833828334479,0.2521740586927881,5904.34,1.07,1.6054298910365616,0.45455247950509603
Kepler-920 b,Kepler-920,1.229640551074514,1.252762968495368,0.0,6.811244378601294,0.0629747991613884,5403.0,0.89,1.6808279085207734,0.33237804306343677
Kepler-920 c,Kepler-920,1.5686159179138452,0.8671004876833832,0.0,5.899897353582492,0.3385415227425896,5403.0,0.89,1.6808279085207734,0.45836953343957587
Kepler-921 b,Kepler-921,1.3532545070416904,1.0986122886681096,0.0,6.20050917404269,0.2402759500545105,5663.0,0.9300000000000002,1.6620303625532709,0.4059873177982324
Kepler-922 b,Kepler-922,0.8837675401685949,1.790091412127358,0.0,7.537430036586509,0.017790801008549,5671.0,0.95,1.6808279085207734,0.4091386016279623
Kepler-923 b,Kepler-923,0.8671004876833832,1.8229350866965048,0.0,7.007600613951853,0.0731761095331567,5988.0,1.11,1.7369512327330598,0.4278034265280062
Kepler-924 b,Kepler-924,1.4036429994545037,1.0402767116551463,0.0,6.415096959171596,0.2724516765567373,6167.0,1.14,1.4085449700547104,0.36317832748951767
Kepler-925 b,Kepler-925,1.205970806988609,1.2837077723447896,0.0,5.978885764901122,0.1659380775434305,4673.0,0.77,1.2725655957915476,0.47631828368505913
Kepler-926 b,Kepler-926,1.1969481893889715,1.2947271675944,0.0,6.263398262591624,0.2420830611336041,5806.0,1.01,1.6808279085207734,0.4286928589960659
Kepler-927 b,Kepler-927,1.000631880307906,1.589235205116581,0.0,6.810142450115136,0.0830535551352856,5743.0,0.99,1.6808279085207734,0.41494688019224074
Kepler-928 b,Kepler-928,0.9516578757114464,1.6695918352538477,0.0,6.796823718274855,0.0434425578428367,4700.0,0.73,1.6808279085207734,0.4282052724368468
Kepler-929 b,Kepler-929,0.7466879474879752,1.8976198599275325,0.0,7.767687277186908,0.019626141135178,5869.0,1.01,1.4973884086254774,0.4146350566349234
Kepler-93 b,Kepler-93,0.9074517832069506,2.189416394888408,0.0,7.033506484287697,0.0520515068718034,5669.0,0.911,2.028148247292285,0.4318553680592318
Kepler-93 c,Kepler-93,1.3453561970918029,1.269760544863939,0.1019246197219254,6.380444518956284,0.0971267107307227,5669.0,0.91,1.80005827204275,0.35424117308900704
Kepler-930 b,Kepler-930,1.1410330045520618,1.3737155789130306,0.0,6.331501849893691,0.2970852239266437,6335.0,1.25,1.205970806988609,0.4369174906134725
Kepler-931 b,Kepler-931,0.8458682675776092,1.8625285401162623,0.0,6.61338421837956,0.0694327747153367,5241.0,0.86,1.7369512327330598,0.48659047119426824
Kepler-932 b,Kepler-932,0.8628899551470399,1.8309801823813363,0.0,7.152268856032539,0.0283541934965278,5331.0,0.87,1.7369512327330598,0.42134554042363387
Kepler-933 b,Kepler-933,1.2412685890696329,1.235471471385307,0.0,6.401917196727186,0.0990305234629542,5346.0,0.87,1.7369512327330598,0.38770961371231183
Kepler-934 b,Kepler-934,1.128171090909654,1.3912819026309298,0.0,5.953243334287785,0.2357043333590679,5001.0,0.81,1.6992786164338898,0.5258672186943534
Kepler-935 b,Kepler-935,0.8544153281560676,1.8468787684491343,0.0,6.779921907472252,0.051358292275142,4830.0,0.78,1.5686159179138452,0.4595100757044048
Kepler-936 b,Kepler-936,0.8960880245566356,1.769854633840005,0.0,6.766191714660351,0.0911195933674838,5482.0,0.9200000000000002,1.717395053939193,0.45560024196766286
Kepler-937 b,Kepler-937,1.551808799597464,0.8878912573524571,0.0,6.206575926724928,0.2786917806136483,6095.0,1.15,1.4445632692438664,0.3754097270564389
Kepler-937 c,Kepler-937,1.3001916620664788,1.1631508098056809,0.0,5.934894195619588,0.4411539505166714,6095.0,1.15,1.4445632692438664,0.4558884879442881
Kepler-938 b,Kepler-938,1.169381359556317,1.332366019094335,0.0,6.300785794663244,0.2381503834207318,5533.0,0.9200000000000002,1.6620303625532709,0.45617600797466407
Kepler-939 b,Kepler-939,1.01160091167848,1.5686159179138452,0.0,6.541029999189903,0.1091234270183541,5471.0,0.8800000000000001,1.6992786164338898,0.4445562824976117
Kepler-94 b,Kepler-94,1.5062971535145868,0.8960880245566356,0.0,6.905753276311464,0.0332123142060973,4781.0,0.81,0.8796267475025636,0.2581291549184959
Kepler-94 c,Kepler-94,2.602689685444384,2.281361456542419,0.2970859669070576,6.054204576929168,0.9542824674514644,4781.0,0.81,0.8796267475025636,0.2487464866600284
Kepler-940 b,Kepler-940,1.4678743481123135,0.9707789171582246,0.0,6.18826412308259,0.2668924582442244,5769.0,0.97,1.5325568680981427,0.40300911760794605
Kepler-941 b,Kepler-941,1.4060969884160703,1.0367368849500225,0.0,6.583409222158765,0.1231906105551983,5539.0,0.89,1.623340817603092,0.33732177224575466
Kepler-942 b,Kepler-942,1.1410330045520618,1.3737155789130306,0.0,5.940171252720432,0.2048736687644233,4861.0,0.81,1.6428726885203375,0.5159302901643489
Kepler-943 b,Kepler-943,1.935859813201812,0.5749265491725143,0.0,6.1224928095143865,0.227852447041944,5612.0,0.9300000000000002,1.6620303625532709,0.3526375833403025
Kepler-944 b,Kepler-944,1.289232648276759,1.175573329804238,0.0,6.131226489483141,0.2060380834112706,5409.0,0.86,1.6992786164338898,0.4178007986058595
Kepler-945 b,Kepler-945,1.289232648276759,1.175573329804238,0.0,6.424869023905388,0.185400146403552,5718.0,0.97,1.6992786164338898,0.38187123554624464
Kepler-946 b,Kepler-946,1.075002423028976,1.4701758451005928,0.0,6.754604099487962,0.0954919814592206,5665.0,0.94,1.6428726885203375,0.39433351963043395
Kepler-947 b,Kepler-947,1.1878434223960523,1.308332819650179,0.0,6.352629396319567,0.163223681102014,5508.0,0.9,1.6620303625532709,0.41256685847734065
Kepler-948 b,Kepler-948,1.0473189942805592,1.5129270120532563,0.0,6.735780014242327,0.0722276339968807,5679.0,0.96,1.6428726885203375,0.40684732269028645
Kepler-949 b,Kepler-949,1.3635373739972745,1.085189268335969,0.0,6.663132695990803,0.0745414496173608,5403.0,0.89,1.717395053939193,0.3270460516005713
Kepler-949 c,Kepler-949,1.3787660946990992,1.068153081183401,0.0,6.368187186350492,0.1305018080641581,5211.0,0.817,1.007957920399979,0.3717114228187215
Kepler-95 b,Kepler-95,1.4861396960896067,0.9969486348916092,0.0,6.833031732786201,0.0974170497035106,5699.0,1.08,1.891604804197771,0.2876819014489312
Kepler-950 b,Kepler-950,2.300583090323373,0.3729419164026042,0.0,5.8888779583328805,0.3351856950957477,5857.0,1.02,1.5686159179138452,0.37344016866258684
Kepler-951 b,Kepler-951,1.885553348514416,0.6097655716208943,0.0,5.831882477283517,0.2693398782039163,4834.0,0.77,1.6620303625532709,0.5118813408906494
Kepler-952 b,Kepler-952,2.157559320943788,0.4427608928518613,0.0,5.91350300563827,0.4175912879060049,5730.0,1.0,1.6620303625532709,0.42258022506435544
Kepler-953 b,Kepler-953,1.6505798557652755,0.7975071958841881,0.0,6.018593214496234,0.3307415619122279,5416.0,0.95,2.2731562823032334,0.43144852175539755
Kepler-953 c,Kepler-953,0.7839015438284094,1.9315214116032136,0.0,6.773080375655535,0.0826853666186078,5416.0,0.95,2.2731562823032334,0.46016743601983817
Kepler-954 b,Kepler-954,1.199964782928397,1.2919836816486496,0.0,6.302618975744905,0.1135072407935948,4990.0,0.8200000000000001,1.47932922708708,0.4241341666412901
Kepler-955 b,Kepler-955,1.4182774069729414,1.0224509277025458,0.0,6.499787040655854,0.1028273097994703,5350.0,0.89,1.6808279085207734,0.34768532070723696
Kepler-956 b,Kepler-956,1.3862943611198906,1.0612565021243408,0.0,6.963189985870238,0.0584292726233926,6040.0,1.1,1.4973884086254774,0.2775389416573154
Kepler-957 b,Kepler-957,1.871802176901592,0.6178846960593984,0.0,6.646390514847729,0.0543934838303316,4963.0,0.81,1.3217558399823195,0.28961922056622436
Kepler-958 b,Kepler-958,1.118414915964289,1.4060969884160703,0.0,6.620073206530356,0.0827866319753555,5421.0,0.91,1.6808279085207734,0.40040558206358773
Kepler-959 b,Kepler-959,1.682688374173693,0.7654678421395714,0.0,7.556427969440253,0.1512607938405836,7005.0,1.6000000000000003,0.8544153281560676,0.21547147378622686
Kepler-96 b,Kepler-96,1.3001916620664788,1.181727195378616,0.0,6.568077911411976,0.1187603357208428,5690.0,1.0,1.205970806988609,0.35336099290957806
Kepler-960 b,Kepler-960,1.1908875647772803,1.3029127521808397,0.0,7.238496840894365,0.0373632198494751,4755.0,0.77,1.5325568680981427,0.30898402777389194
Kepler-961 b,Kepler-961,1.2669476034873244,1.2029723039923526,0.0,6.466144724237619,0.118538305923532,5582.0,0.96,1.3402504226184837,0.3766701403582278
Kepler-962 b,Kepler-962,1.0885619528146082,1.449269160281279,0.0,6.536691597591305,0.094164068724411,5478.0,0.9300000000000002,1.2237754316221157,0.42439016801038026
Kepler-963 b,Kepler-963,1.297463147413275,1.1662709371419244,0.0,6.688354713946762,0.0814878168462679,5461.0,0.91,1.623340817603092,0.33393958984513983
Kepler-963 c,Kepler-963,0.4700036292457356,1.603419840108537,0.0648509723196162,7.375255778009754,0.0971267107307227,5169.47,0.821,2.653241964607215,0.3174186013603161
Kepler-964 b,Kepler-964,1.1378330018213911,1.3762440252663892,0.0,6.481577129276431,0.1019246197219255,5427.0,0.9300000000000002,1.068153081183401,0.4138109792552234
Kepler-965 b,Kepler-965,1.4770487243883548,0.9631743177730056,0.0,5.976350909297934,0.4120964057060041,5886.0,1.05,1.871802176901592,0.4398845706293101
Kepler-966 b,Kepler-966,1.635105659182678,0.8109302162163288,0.0,5.971261839790462,0.329807217502428,5840.0,1.02,1.623340817603092,0.40021613098839964
Kepler-967 b,Kepler-967,1.208960345836975,1.2781522025001877,0.0,6.459904454377535,0.0977617177824957,5178.0,0.8400000000000001,1.9300710850255671,0.4057792662463902
Kepler-967 c,Kepler-967,1.536867219599265,0.9001613499442714,0.0,5.556828061699537,0.4856924141269931,5178.0,0.8400000000000001,1.9300710850255671,0.8174393699367966
Kepler-968 b,Kepler-968,1.0986122886681096,1.4350845252893227,0.0,6.61472560020376,0.0381624610943489,4598.0,0.76,1.144222799920162,0.3988238426152951
Kepler-968 c,Kepler-968,0.9895411936137476,1.6054298910365616,0.0,6.4692503167957724,0.0506931143155181,4598.0,0.76,1.144222799920162,0.46066046409733447
Kepler-969 b,Kepler-969,1.1216775615991057,1.4011829736136412,0.0,6.144185634125646,0.1800356126801205,5214.0,0.9200000000000002,0.9202827531436926,0.4712392347990837
Kepler-969 c,Kepler-969,0.688134638736401,1.8421356765531216,0.0,7.147559271189454,0.0261549574768512,5214.0,0.9200000000000002,0.9202827531436926,0.40367492320953596
Kepler-97 b,Kepler-97,0.9082585601768908,1.8625285401162623,0.0,7.192182058713246,0.0350099371894495,5779.0,0.94,2.242835088588272,0.4171251682381165
Kepler-97 c,Kepler-97,1.3453561970918029,1.269760544863939,0.1798184265758361,6.147506294881456,0.0971267107307227,5779.0,0.94,2.242835088588272,0.35702440027110227
Kepler-970 b,Kepler-970,1.2834307256606514,1.181727195378616,0.29266961396282,6.142037405587356,0.1301506844650451,4290.0,0.67,0.0998453349697161,0.3386482749350112
Kepler-971 b,Kepler-971,1.1410330045520618,1.3737155789130306,0.0,6.992096427415888,0.0832283972027323,5431.0,0.8800000000000001,1.6992786164338898,0.3485533284754815
Kepler-972 b,Kepler-972,1.7316555451583495,0.7275486072772778,0.0,6.966967138613983,0.0708311807605914,6146.0,1.15,1.3402504226184837,0.2545380716605691
Kepler-973 b,Kepler-973,1.085189268335969,1.4539530095937054,0.0,5.998936561946683,0.2222631638869024,5213.0,0.86,1.1908875647772803,0.5166609851170936
Kepler-974 b,Kepler-974,0.9439058989071284,1.6845453849209058,0.0,6.359573868672378,0.0410459694360009,3687.0,0.52,1.6808279085207734,0.48437367472316384
Kepler-975 b,Kepler-975,0.9082585601768908,1.7457155307266483,0.0,7.377758908227872,0.0285680203170573,4897.0,0.8,1.5871923034867808,0.40315760179541366
Kepler-975 c,Kepler-975,2.458733775483977,0.308219723669329,0.0,7.063903961472068,0.055150844464848,4883.0,0.9509999999999998,2.7013612129514133,0.19535381635912108
Kepler-976 b,Kepler-976,1.601405740736836,0.8415671856782186,0.0,5.783825182329737,0.3518533386595153,5232.0,0.87,1.7369512327330598,0.5571194604540517
Kepler-977 b,Kepler-977,1.2864740258376797,1.1786549963416462,0.0,6.300785794663244,0.1501426584297195,5315.0,0.87,1.717395053939193,0.4105385014978593
Kepler-978 b,Kepler-978,1.383791230901772,1.0647107369924282,0.0,6.304448802421981,0.2410620518165547,6002.0,1.07,1.5325568680981427,0.381246211469044
Kepler-979 b,Kepler-979,1.3137236682850553,1.144222799920162,0.0,6.675823221634848,0.0725996924143435,5310.0,0.87,1.717395053939193,0.3315407777828262
Kepler-98 b,Kepler-98,1.095273387402595,1.1568811967920856,0.0,7.373374309910049,0.0258041896815328,5539.0,0.99,1.332366019094335,0.32266886818106383
Kepler-980 b,Kepler-980,1.3001916620664788,1.1631508098056809,0.0,6.740519359606223,0.0952465414158092,5935.0,1.05,1.515127232962859,0.320616120031256
Kepler-981 b,Kepler-981,1.1969481893889715,1.2947271675944,0.0,7.00669522683704,0.0521179542621066,5718.0,0.98,1.623340817603092,0.32008684385538405
Kepler-982 b,Kepler-982,1.1786549963416462,1.3190856114264409,0.0,6.862757913051401,0.1201801602561049,6139.0,1.16,1.515127232962859,0.33826811117620903
Kepler-983 b,Kepler-983,1.2119409739751128,1.275362800412609,0.0,6.186208623900494,0.2736845628079273,6052.0,1.13,0.8796267475025636,0.42391778345711073
Kepler-984 b,Kepler-984,1.1378330018213911,1.3762440252663892,0.0,6.184148890937483,0.2125920798122021,5610.0,0.96,1.6054298910365616,0.46453709526018033
Kepler-985 b,Kepler-985,1.3812818192963463,1.0647107369924282,0.0,5.780743515792329,0.3692436260945871,5434.0,0.91,1.47932922708708,0.5684380182346371
Kepler-986 b,Kepler-986,1.2119409739751128,1.275362800412609,0.0,6.144185634125646,0.2556572069743019,5642.0,0.96,1.969905654611529,0.44978429736813064
Kepler-987 b,Kepler-987,1.449269160281279,0.9932517730102834,0.0,5.863631175598097,0.3533293536876358,5637.0,0.97,1.2383742310432684,0.46818019241633374
Kepler-988 b,Kepler-988,1.1216775615991057,1.4011829736136412,0.0,5.910796644040527,0.1030077500742291,4005.0,0.55,1.425515074273172,0.4896391679857277
Kepler-989 b,Kepler-989,1.1662709371419244,1.3376291891386096,0.0,6.692083742506628,0.0708311807605914,5074.0,0.8200000000000001,1.7369512327330598,0.3718110556622491
Kepler-99 b,Kepler-99,0.9082585601768908,2.476538400117484,0.0,6.698268054115413,0.0494661261318491,4782.0,0.79,0.904218150639886,0.4579283715007048
Kepler-990 b,Kepler-990,1.2809338454620645,1.184789984909162,0.0,6.806829360392176,0.0824551799361928,5948.0,1.05,1.515127232962859,0.31832286487111777
Kepler-990 c,Kepler-990,0.9282193027394288,1.7119945007591926,0.0,7.77779262633883,0.0122447264164371,5948.0,1.05,1.515127232962859,0.3949604352601741
Kepler-991 b,Kepler-991,1.264126727145683,1.205970806988609,0.0,5.564520407322694,0.2703324341166679,4392.0,0.64,1.4973884086254774,0.7303677854764418
Kepler-992 b,Kepler-992,0.9631743177730056,1.6505798557652755,0.0,6.236369590203704,0.1255042612371366,4944.0,0.8,1.3912819026309298,0.5182454719553332
Kepler-993 b,Kepler-993,1.3787660946990992,1.068153081183401,0.0,5.8664680569332965,0.1222176327242492,3843.0,0.57,1.5871923034867808,0.4685207847921146
Kepler-994 b,Kepler-994,0.9555114450274363,1.66392609771817,0.0,6.86484777797086,0.0175451792157488,3934.0,0.56,1.4445632692438664,0.40350350381948125
Kepler-995 b,Kepler-995,1.308332819650179,1.1505720275988207,0.0,6.249975242259483,0.1570892152427752,5206.0,0.83,1.7934247485471162,0.40872553080019386
Kepler-996 b,Kepler-996,1.091923300517313,1.4445632692438664,0.0,7.149131598557407,0.0463109028632502,6014.0,1.09,1.5325568680981427,0.3454745117542589
Kepler-997 b,Kepler-997,0.8586616190375187,1.8389610707123487,0.0,7.444248649496705,0.0394322292437142,6150.0,1.22,1.5325568680981427,0.4126466471233476
Kepler-998 b,Kepler-998,1.199964782928397,1.2919836816486496,0.0,6.928537818164665,0.0607187350347058,6058.0,1.12,1.4609379041156565,0.32292127262287
Kepler-999 b,Kepler-999,1.205970806988609,1.2837077723447896,0.0,7.212294468500341,0.0668919995334143,6237.0,1.29,1.4085449700547104,0.3005987882351291
L 168-9 b,L 168-9,0.9669838461896731,1.8213182714696,0.0,6.906754778648554,0.0205866336083883,3842.0,0.614,1.7363348456224512,0.4133352400439962
L 363-38 b,L 363-38,1.0986122886681096,1.43746264769429,0.0882855648673603,5.802118375377063,0.0468835858988504,3129.0,0.21,2.2049722641270453,0.5244192214099989
L 98-59 b,L 98-59,0.6081338062329886,1.667706820558076,0.0305292050348228,6.431331081933479,0.0220549907808313,3415.0,0.2923,1.7817091333745536,0.45266415624687456
L 98-59 c,L 98-59,0.845438990902204,1.7404661748405044,0.001998002662673,6.267200548541362,0.0304322071202019,3415.0,0.2923,1.7817091333745536,0.5161148346092136
L 98-59 d,L 98-59,0.9658425107034028,1.1631508098056809,0.0059820716775474,6.0330862217988015,0.0482185722704743,3415.0,0.2923,1.7817091333745536,0.51656769927704
L 98-59 e,L 98-59,0.9122827104766162,1.824549292051045,0.0119285708652738,5.8522024797744745,0.0687795153948257,3415.0,0.2923,1.7817091333745536,0.6564824905288412
L 98-59 f,L 98-59,0.9082585601768908,1.791759469228055,0.0430594894604469,5.655991810819852,0.1000263140671244,3415.0,0.2923,1.7817091333745536,0.8684163823270498
LHS 1140 b,LHS 1140,1.0043016091968684,1.9315214116032136,0.0421011760186353,5.424950017481403,0.0903889997276807,3096.0,0.1844,1.791759469228055,0.9007345676775498
LHS 1140 c,LHS 1140,0.820660500858905,1.8082887711792648,0.048790164169432,6.0473721790462776,0.0266419309464211,3096.0,0.1844,1.791759469228055,0.5636269234435958
LHS 1478 b,LHS 1478,0.8073683246499681,2.0373166153791646,0.0129418912747825,6.39024066706535,0.0183113197712528,3381.0,0.236,1.5929019437940009,0.5043238352939313
LHS 1678 b,LHS 1678,0.521765563804325,1.9459101490553128,0.0324671901375014,6.723159137280167,0.0123138721212816,3490.0,0.345,2.079441541679836,0.41107917687760026
LHS 1678 c,LHS 1678,0.6632033041868732,2.451005098112319,0.0382587121170903,6.238129293463538,0.0321767316952212,3490.0,0.345,2.079441541679836,0.513425294110506
LHS 1678 d,LHS 1678,0.6836017677164139,1.837369980480108,0.0353671438372913,6.139776787799188,0.0392207131532812,3490.0,0.345,2.079441541679836,0.532444443330985
LHS 1815 b,LHS 1815,0.7362066700203923,2.0412203288596382,0.0,6.42648845745769,0.0396052545923594,3643.0,0.502,1.8854015919316829,0.4993468470631635
LHS 1903 b,LHS 1903,0.8679404709331083,2.05668455455722,0.0148886124937506,6.680854678790215,0.0262134068159032,3664.0,0.538,2.089391872533004,0.4564828373886339
LHS 1903 c,LHS 1903,1.11382925447297,1.3635373739972745,0.0852598439508234,6.327936783729195,0.0524691028537653,3664.0,0.538,2.089391872533004,0.416252807053152
LHS 1903 d,LHS 1903,1.252762968495368,1.128171090909654,0.1061601958283906,6.093569770045136,0.08253805324597,3664.0,0.538,2.089391872533004,0.4152192532544548
LHS 1903 e,LHS 1903,1.0050339417085437,1.9600947840472696,0.0139029051689914,5.8111409929767,0.1409351669214913,3664.0,0.538,2.089391872533004,0.6973737340799109
LHS 3844 b,LHS 3844,0.8342126208385481,1.885553348514416,0.0078352243043996,6.692083742506628,0.0062007356416036,3036.0,0.151,1.61123629437548,0.448163153921253
LHS 475 b,LHS 475,0.6886370250820593,1.8421356765531216,0.0,6.375024819828097,0.020165306618122,3300.0,0.262,1.6648726193222008,0.49502608951006843
LP 714-47 b,LP 714-47,1.7404661748405044,0.9932517730102834,0.0392207131532812,6.55250788703459,0.040853994008266,3950.0,0.5900000000000001,1.6328829178178623,0.30590868910575525
LP 791-18 b,LP 791-18,0.7938970836600884,1.9444805562457188,0.0,6.337356563681245,0.0097324853443799,2960.0,0.139,0.4054651081081644,0.4744058460777607
LP 791-18 c,LP 791-18,1.2493285060467332,1.269760544863939,9.999500033330834e-05,5.785055194784937,0.0291800897623262,2960.0,0.139,0.4054651081081644,0.5350365767091665
LP 791-18 d,LP 791-18,0.7090205297162355,1.715598108262491,0.0010993954433009,5.982676041074903,0.0197241928477297,2960.0,0.139,0.4054651081081644,0.5212557126229302
LSPM J2116+0234 b,LSPM J2116+0234,1.5496879080283263,0.8878912573524571,0.1680535849962497,5.91420546156103,0.0839734337761786,3475.0,0.4299999999999999,1.0986122886681096,0.4461568439399384
LTT 1445 A b,LTT 1445 A,0.8501509293696101,1.9740810260220096,0.1655144384775733,6.068425588244111,0.0373921192170626,3562.0,0.257,1.961783498211604,0.5454836182804328
LTT 1445 A c,LTT 1445 A,0.764071518896644,1.8825138324965192,0.2013068567050353,6.2324480165505225,0.0262621119888892,3340.0,0.257,1.4625607165733403,0.495048961150088
LTT 3780 b,LTT 3780,0.8437200390393196,1.916922612182061,0.0,6.806829360392176,0.0118791625300776,3358.0,0.381,1.410986973710262,0.435637449175396
LTT 3780 c,LTT 3780,1.220829921392359,1.4445632692438664,0.023716526617316,5.886104031450156,0.0729716124558227,3358.0,0.381,1.410986973710262,0.5227907324828888
LTT 9779 b,LTT 9779,1.7439688053917064,0.9305880365749796,0.0,7.590346945602565,0.0166506060689784,5443.0,1.02,1.0986122886681096,0.24503587819712547
Lupus-TR-3 b,Lupus-TR-3,2.3957110709835296,0.8754687373538999,0.0,6.982491625096154,0.0453557017207972,5000.0,0.87,1.5780710766846004,0.26404269198561475
M62H b,M62H,1.3453561970918029,1.269760544863939,0.1149345380920994,7.290974778142981,0.0971267107307227,5549.0,1.4,1.720889837728243,0.26480003605281044
MASCARA-4 b,MASCARA-4,2.889349333175875,0.3927175352856617,0.0,7.719129840906732,0.0463109028632502,7800.0,1.75,0.5877866649021191,0.1654546368494726
MOA-2008-BLG-310L b,MOA-2008-BLG-310L,1.8213182714696,0.6549259677397475,0.2617179017739708,6.457971444907923,0.7419373447293773,5549.0,0.21,2.0382288458457616,0.5894874379589815
MOA-2008-BLG-379L b,MOA-2008-BLG-379L,2.639057329615259,1.4469189829363254,0.3996971721685898,4.041295341132285,1.308332819650179,5549.0,0.56,2.0716613543608737,0.25135954608474614
MOA-2009-BLG-266L b,MOA-2009-BLG-266L,1.43746264769429,1.0043016091968684,0.1218635877568405,4.133565275375382,1.4350845252893227,5549.0,0.56,2.186388298591534,0.3222423975578101
MOA-2009-BLG-319L b,MOA-2009-BLG-319L,2.3646204839134985,0.3457151037023904,0.20073432980108,6.275515033325713,1.1085626195212777,5549.0,0.524,1.8303870577997745,0.34826497508751064
MOA-2009-BLG-387L b,MOA-2009-BLG-387L,2.653241964607215,1.091923300517313,0.2505252280554269,4.25405120762004,1.0296194171811583,5549.0,0.19,1.920152683996454,0.4364071748359486
MOA-2010-BLG-073L b,MOA-2010-BLG-073L,2.5952547069568657,2.4069451083182885,0.3340177267749896,6.474662003756499,0.7929925155296614,5549.0,0.16,1.9133869573497533,0.5723844583354937
MOA-2010-BLG-117L b,MOA-2010-BLG-117L,2.7212954278522306,0.2821668917636707,0.3000082915172558,6.492036784103998,1.229640551074514,5549.0,0.58,1.5974260581008548,0.24141900030713656
MOA-2010-BLG-328L b,MOA-2010-BLG-328L,1.383791230901772,1.0612565021243408,0.0993927438780348,6.030541019089775,0.6523251860396903,5549.0,0.11,2.1094856630282126,0.6344791113439046
MOA-2010-BLG-353L b,MOA-2010-BLG-353L,2.4932054526026954,0.297137231222536,0.1350097992427036,5.9319003003951005,1.000631880307906,5549.0,0.18,2.0021149337323023,0.4955943972471422
MOA-2010-BLG-477L b,MOA-2010-BLG-477L,2.681021528714291,0.7178397931503169,0.2619487935560189,6.500337265194416,1.0986122886681096,5950.0,0.67,1.197280460464811,0.3217667858311402
MOA-2011-BLG-028L b,MOA-2011-BLG-028L,1.9444805562457188,0.5692831933375594,0.1458304482115395,6.5532351546084096,1.6370530794670737,5549.0,0.75,2.2193882495934867,0.24468603957878537
MOA-2011-BLG-262L b,MOA-2011-BLG-262L,1.665818245870208,0.7793248768009976,0.2085576929857913,6.096477502373692,0.6678293725756554,5549.0,0.11,2.073549215974998,0.6038728769437773
MOA-2011-BLG-291L b,MOA-2011-BLG-291L,1.691939133945844,0.76080582903376,0.2891559857077813,6.303505029969343,0.5247285289349821,5549.0,0.15,1.978792133529906,0.4727572515380757
MOA-2011-BLG-293L b,MOA-2011-BLG-293L,2.631888840136646,1.5769147207285403,0.2322459980627453,6.380818904549014,0.7419373447293773,5549.0,0.86,2.2067347673372115,0.5897655572151426
MOA-2011-BLG-322L b,MOA-2011-BLG-322L,2.5952547069568657,2.451005098112319,0.360905512450825,6.502670098692258,1.667706820558076,5549.0,0.39,1.882361613910336,0.21565208211742615
MOA-2012-BLG-505L b,MOA-2012-BLG-505L,1.247032293786383,1.2267122912954256,0.0855352881062627,5.895173886789696,0.6418538861723948,5549.0,0.1,2.120823379458605,0.663352743138669
MOA-2013-BLG-220L b,MOA-2013-BLG-220L,2.653241964607215,1.1249295969854831,0.3149932049440886,6.462352160524556,1.3937663759585917,5549.0,0.8800000000000001,2.0948226437181385,0.2267783924376241
MOA-2016-BLG-227L b,MOA-2016-BLG-227L,2.653241964607215,1.1410330045520618,0.3964243634560153,6.497272603912174,0.8712933659434192,5549.0,0.2899999999999999,1.9391732211168808,0.5372544252724392
MOA-2016-BLG-319L b,MOA-2016-BLG-319L,2.714694743820879,0.3307415619122279,0.3167868881618872,6.374104464574202,0.6678293725756554,5549.0,0.15,1.6459626871164723,0.5443757942697154
MOA-2016-BLG-526L b,MOA-2016-BLG-526L,1.603419840108537,0.8372475245337022,0.1506588762851131,5.801876654321982,1.1216775615991057,5549.0,0.37,2.1862422697337256,0.4317547506511012
MOA-2020-BLG-135L b,MOA-2020-BLG-135L,1.4747630091074988,0.9631743177730056,0.0923968492659675,6.089509620044054,0.7466879474879752,5549.0,0.23,2.107907513990507,0.6696121301468083
MOA-2020-BLG-208L b,MOA-2020-BLG-208L,2.1644717908644115,0.439544421761027,0.2405904649179303,6.303336666860963,1.3190856114264409,5549.0,0.4299999999999999,1.976342356175516,0.2572762976221583
MOA-2022-BLG-033L b,MOA-2022-BLG-033L,1.5085119938441398,0.9282193027394288,0.1263682988148066,6.09659903722396,1.1474024528375415,5549.0,0.51,2.227969299613256,0.3700732717710928
MOA-2022-BLG-091L b,MOA-2022-BLG-091L,2.639057329615259,1.3480731482996928,0.265819825594646,6.498297209603994,1.4906543764441331,5549.0,0.75,2.021322372344448,0.22867869914185227
MOA-2022-BLG-249L b,MOA-2022-BLG-249L,1.1118575154181305,1.4182774069729414,0.1359285172242441,5.772624223613607,0.9669838461896731,5549.0,0.18,2.1798523276117487,0.7074947222512853
MOA-2022-BLG-563L b,MOA-2022-BLG-563L,2.70805020110221,0.2271355725837472,0.296594736401947,6.508933057962132,1.1474024528375415,5549.0,0.48,1.5778027560604868,0.27834123045476633
NGC 2682 Sand 1429 b,NGC 2682 Sand 1429,2.667228206581955,0.8372475245337022,0.0,6.52795791762255,0.3249778571954778,6000.0,1.26,1.667706820558076,0.3051502971635876
NGC 2682 YBP 1194 b,NGC 2682 YBP 1194,2.5877640352277083,0.262364264467491,0.262364264467491,6.952061117863149,0.0971267107307227,5780.0,1.01,1.6389967146756448,0.20085560976225103
NGC 2682 YBP 1514 b,NGC 2682 YBP 1514,2.70805020110221,0.2271355725837472,0.2468600779315258,7.102170083463475,0.0971267107307227,5725.0,0.96,1.6389967146756448,0.19267108919477663
NGC 2682 YBP 401 b,NGC 2682 YBP 401,2.72785282839839,0.2429461786103894,0.1397619423751586,7.156313913549244,0.0971267107307227,6165.0,1.14,1.5175418977295632,0.20038717977045434
NGTS-1 b,NGTS-1,2.7668202415000653,0.3506568716131693,0.0158733491562901,6.673297967767654,0.0320798934634116,3916.0,0.617,2.0681277817795625,0.2621060402694267
NGTS-10 b,NGTS-10,2.674620607002546,0.8878912573524571,0.0,7.195187320178709,0.0141987193998129,4600.0,0.6959999999999998,2.4336133554004498,0.20221789637389465
NGTS-11 b,NGTS-11,2.3182372562732203,0.5766133643039938,0.1222176327242492,6.077642243349034,0.1831545430978465,5050.0,0.862,1.589235205116581,0.35283599089230794
NGTS-12 b,NGTS-12,2.545298460192236,0.2013068567050353,0.0,7.1372784372603855,0.0729716124558227,5690.0,1.021,2.341805806147327,0.218902611223782
NGTS-13 b,NGTS-13,2.624717721391081,1.6134299337036375,0.0825012215117436,7.381501894506707,0.0534459757056259,5819.0,1.3,1.6544112780768316,0.20483439880808796
NGTS-14 A b,NGTS-14 A,1.78788463842478,0.8733832308628786,0.0,7.042286171939743,0.0395091330947124,5187.0,0.8980000000000001,1.9315214116032136,0.2540287558833298
NGTS-15 b,NGTS-15,2.590008039625631,0.5538851132264376,0.0,7.044905117129371,0.0431552703139276,5600.0,0.995,1.4539530095937054,0.23324337227592684
NGTS-16 b,NGTS-16,2.745453552956954,0.3220834991691133,0.0,7.071573364211532,0.0509782447646294,5550.0,1.002,2.423917378161571,0.21606520099668777
NGTS-17 b,NGTS-17,2.701303229391205,0.4054651081081644,0.0,7.284820912568604,0.0383549538764639,5650.0,1.025,2.3243465847755584,0.21408581461496218
NGTS-18 b,NGTS-18,2.67847490869137,0.2468600779315258,0.0,7.231287004327616,0.0438254795400295,5610.0,1.003,2.4714836294558595,0.20468530246158118
NGTS-2 b,NGTS-2,2.938016027684094,0.2037568375140196,0.0,7.292337176173877,0.0610950993598108,6478.0,1.6399999999999997,1.1537315878891892,0.21332968581378714
NGTS-20 b,NGTS-20,2.564457648130777,1.3912819026309298,0.3590720685384538,6.535241271013659,0.2723145953206591,5980.0,1.4700000000000002,1.62924053973028,0.24441683553320015
NGTS-21 b,NGTS-21,2.7668186278422127,0.8109302162163288,0.0,7.213768308118642,0.0233258253034966,4660.0,0.7199999999999999,2.3997118037247684,0.2059409960562863
NGTS-23 b,NGTS-23,2.721412430875531,0.3177261938001576,0.0,7.191429330036379,0.0491710440064493,6057.0,1.01,2.0001277349601105,0.22246342203652097
NGTS-24 b,NGTS-24,2.681548962884103,0.3074846997479606,0.0,7.313220387090301,0.0467881614987589,5820.0,1.26,1.752672080520008,0.22105514048981434
NGTS-25 b,NGTS-25,2.523068088967623,0.5538851132264376,0.0,7.00488198971286,0.0380662008064563,5321.0,0.91,1.501852701754163,0.2365021557465417
NGTS-26 b,NGTS-26,2.7654084034645843,0.1423672412869219,0.0,7.194436851100335,0.0478373294141601,5550.0,0.96,2.525728644308256,0.2023765146292119
NGTS-27 b,NGTS-27,2.812274294877225,0.2358623237219844,0.0,7.486613313139955,0.0436340370200613,5700.0,1.07,2.186051276738094,0.22032958704261266
NGTS-3 A b,NGTS-3 A,2.8672918996736185,0.2700271372130601,0.0534080567006161,7.269226701404412,0.0227394869694894,5600.0,1.017,1.4632785501362529,0.21196095067088871
NGTS-30 b,NGTS-30,2.433782998027869,0.9122827104766162,0.2577381960787088,6.2166061010848646,0.3421702577358506,5455.0,0.94,0.7419373447293773,0.3567542830235237
NGTS-31 b,NGTS-31,2.9468812013547026,0.262364264467491,0.0,7.252053951852813,0.0620353909194526,5710.0,0.96,2.395164274287139,0.21028859088220386
NGTS-32 b,NGTS-32,2.8283044084527105,0.2151113796169455,0.0,7.467942332285852,0.0430594894604469,5680.0,1.07,2.200552367428894,0.22030935863146606
NGTS-33 b,NGTS-33,2.964382378287548,0.173953307123438,0.0,7.596894438144544,0.0468835858988504,7437.0,1.6000000000000003,0.0295588022415444,0.15714058084612326
NGTS-34 b,NGTS-34,1.536867219599265,1.1505720275988207,0.0853516670995037,6.437751649736401,0.2287279296081104,6134.0,1.266,1.308332819650179,0.3386931956402922
NGTS-35 b,NGTS-35,2.476538400117484,0.4977403842173352,0.175632568643158,6.113682179832232,0.1484200051182732,4717.0,0.7889999999999999,0.9162907318741552,0.3286526830165426
NGTS-4 b,NGTS-4,1.430311246536665,1.4929040961781488,0.0,7.409136443920128,0.0188217542405877,5143.0,0.75,2.064200992263551,0.2854475026000115
NGTS-5 b,NGTS-5,2.619832569607326,0.1773090149704103,0.0,6.859614903654202,0.0374884444109916,4987.0,0.661,1.7766458314180067,0.2500524899915953
NGTS-6 b,NGTS-6,2.763997800720905,0.5370779949100564,0.0,7.158436173289435,0.0166309361305446,4730.0,0.7670000000000001,2.376764491168297,0.20921342625785114
NGTS-8 b,NGTS-8,2.5815651626069256,0.636576829071551,0.009950330853168,7.204892510204673,0.0344014267173324,5241.0,0.89,2.601207105484161,0.1930827203205696
NGTS-9 b,NGTS-9,2.564459237372306,1.3686394258811698,0.0582689081239757,7.278628942320682,0.0563803334361076,6330.0,1.34,0.6729444732424258,0.18542361833324084
OGLE-2003-BLG-235L b,OGLE-2003-BLG-235L,2.653241964607215,1.091923300517313,0.3028489713434324,4.184337600748806,1.667706820558076,5549.0,0.63,1.984856099189968,0.2608884164016758
OGLE-2005-BLG-071L b,OGLE-2005-BLG-071L,2.639057329615259,1.3862943611198906,0.3753309337051331,4.02535169073515,1.5260563034950494,5549.0,0.4600000000000001,2.0716613543608737,0.2505078293467652
OGLE-2005-BLG-169L b,OGLE-2005-BLG-169L,1.5769147207285403,0.8628899551470399,0.1211551215564672,5.85392513308592,1.5040773967762742,5549.0,0.69,2.309560706730472,0.32308455038812844
OGLE-2005-BLG-390L b,OGLE-2005-BLG-390L,1.1662709371419244,1.33500106673234,0.1940030615677925,3.9318256327243257,1.2809338454620645,5549.0,0.22,2.187174241482718,0.37489773675573496
OGLE-2006-BLG-109L b,OGLE-2006-BLG-109L,2.70805020110221,0.3804891220379872,0.1298100645642723,4.418840607796598,1.1939224684724346,5549.0,0.51,2.005310492336761,0.31908584335648116
OGLE-2006-BLG-109L c,OGLE-2006-BLG-109L,2.4932054526026954,0.297137231222536,0.1397619423751586,4.0943445622221,1.7047480922384253,5549.0,0.51,1.9742754515645835,0.2849200827655235
OGLE-2006-BLG-284L A b,OGLE-2006-BLG-284L A,2.72785282839839,0.239803992207317,0.3189699614850709,6.482679125224857,1.1537315878891892,5549.0,0.35,1.602413297497136,0.27450121476831324
OGLE-2007-BLG-349L AB c,OGLE-2007-BLG-349L A,2.4595888418037104,0.3067491351690066,0.1717660428544379,4.225372824628505,1.2781522025001877,5549.0,0.41,1.935527867782136,0.2874388213437834
OGLE-2007-BLG-368L b,OGLE-2007-BLG-368L,1.7439688053917064,0.7178397931503169,0.17512908621245,6.4124912760001695,1.33500106673234,5549.0,0.64,2.272301127885453,0.26695093164857187
OGLE-2008-BLG-355L b,OGLE-2008-BLG-355L,2.631888840136646,1.5769147207285403,0.2497699027819199,6.512918489663152,0.9932517730102834,5549.0,0.37,2.0751824847594524,0.4389967394468524
OGLE-2011-BLG-0251L b,OGLE-2011-BLG-0251L,2.7212954278522306,0.2821668917636707,0.2117185336447421,6.37057199052891,1.3137236682850553,5549.0,0.26,1.5949332262312186,0.25472539812408723
OGLE-2011-BLG-0265L b,OGLE-2011-BLG-0265L,2.7013612129514133,0.4529846240761407,0.2196655099343757,4.134045929073652,1.0612565021243408,5549.0,0.211,2.05348250250974,0.404531943420267
OGLE-2012-BLG-0026L b,OGLE-2012-BLG-0026L,2.1656192379208883,0.4388998841944018,0.214708072493108,6.50097730944843,1.6094379124341005,5549.0,1.06,1.791759469228055,0.23634147124324062
OGLE-2012-BLG-0406L b,OGLE-2012-BLG-0406L,2.653241964607215,1.1216775615991057,0.3519236745132457,4.130997879870137,1.4929040961781488,5549.0,0.44,2.0512992357335555,0.2541681613727674
OGLE-2012-BLG-0563L b,OGLE-2012-BLG-0563L,2.681021528714291,0.2326977641190214,0.1724412401564008,6.47250084206322,0.5538851132264376,5549.0,0.3399999999999999,1.866356607434838,0.47329911998640695
OGLE-2012-BLG-0724L b,OGLE-2012-BLG-0724L,2.72785282839839,0.2484213584984782,0.2304765986810017,6.482679125224857,0.9555114450274363,5549.0,0.2899999999999999,1.6741014257598223,0.4880597453410053
OGLE-2012-BLG-0838L b,OGLE-2012-BLG-0838L,2.239645293220172,0.4014570867106256,0.1873920136070602,5.059044433303943,1.691939133945844,5549.0,0.4,2.065849588160369,0.2875840758179784
OGLE-2012-BLG-0950L b,OGLE-2012-BLG-0950L,2.0228711901914416,0.5193888544264786,0.2384655674119944,6.350187392664015,1.2809338454620645,5549.0,0.57,1.990104735702111,0.2589628431631366
OGLE-2013-BLG-0102L b,OGLE-2013-BLG-0102L,2.5877640352277083,2.5726122302071057,0.3477088685472007,6.470746870818564,0.5877866649021191,5549.0,0.096,1.6156982754049145,0.47367480750440394
OGLE-2013-BLG-0132L b,OGLE-2013-BLG-0132L,2.533696813957432,0.2806574575148164,0.2280116827110702,6.506844782863653,1.5260563034950494,5549.0,0.54,1.8525879918239403,0.23311770017663108
OGLE-2013-BLG-0341L B b,OGLE-2013-BLG-0341L B,0.7701082216960736,1.922787731634459,0.1597350581211588,6.14996290492866,0.5318040301511824,5549.0,0.1127,2.213261955033844,0.687170892935245
OGLE-2013-BLG-0911L b,OGLE-2013-BLG-0911L,2.602689685444384,2.251291798606496,0.2602235131551758,6.503488452647518,0.3293037471426004,5549.0,0.2899999999999999,1.716676663103699,0.3204100898144997
OGLE-2013-BLG-1721L b,OGLE-2013-BLG-1721L,2.714694743820879,0.3307415619122279,0.2164491940214825,5.171449437939049,1.2809338454620645,5549.0,0.4600000000000001,1.7081966844573642,0.31996907699721455
OGLE-2013-BLG-1761L b,OGLE-2013-BLG-1761L,2.653241964607215,1.11514159061932,0.3846227404692828,5.666530488953312,1.0296194171811583,5549.0,0.33,1.9427623427645824,0.5362899307321289
OGLE-2014-BLG-0124L b,OGLE-2014-BLG-0124L,2.714694743820879,0.3400373027857091,0.2712248928996876,6.387922546056172,1.4996230464268938,5549.0,0.9,2.014502940520925,0.24096881304030648
OGLE-2014-BLG-0221L b,OGLE-2014-BLG-0221L,2.631888840136646,1.5129270120532563,0.3012150867343652,6.507889465524404,1.5602476682433286,5549.0,0.69,2.089923909194218,0.22257519395887979
OGLE-2014-BLG-0319L b,OGLE-2014-BLG-0319L,2.714694743820879,0.3038014543316642,0.3156935617169323,6.470746870818564,1.501852701754163,5549.0,0.52,1.65637874860252,0.22530024139996646
OGLE-2014-BLG-0676L b,OGLE-2014-BLG-0676L,2.639057329615259,1.3686394258811698,0.3178717436148385,6.552807414211789,1.7101878155342436,5549.0,0.73,2.082474437797217,0.2145735421023185
OGLE-2014-BLG-1722L b,OGLE-2014-BLG-1722L,2.2607208888953467,0.3913661837286627,0.2781618990676216,6.453185532262636,0.9162907318741552,5549.0,0.4,1.987504416724452,0.523677855698448
OGLE-2014-BLG-1722L c,OGLE-2014-BLG-1722L,2.4849066497880004,0.297137231222536,0.1475126970870729,6.37434315654335,0.9932517730102834,5549.0,0.4,1.9911156647499555,0.471455124223418
OGLE-2014-BLG-1760L b,OGLE-2014-BLG-1760L,2.7212954278522306,0.2963940130538024,0.3148910285876087,6.452446351805126,1.01160091167848,5549.0,0.51,1.65637874860252,0.4161251780184361
OGLE-2015-BLG-0051L b,OGLE-2015-BLG-0051L,2.70805020110221,0.3791211327685624,0.2339505448300869,6.506844782863653,0.5481214085096876,5549.0,0.1,1.8484548129046003,0.45513378584054215
OGLE-2015-BLG-0954L b,OGLE-2015-BLG-0954L,2.6461747973841225,1.3056264580524355,0.3279668827144049,6.526377722403033,0.9555114450274363,5549.0,0.3,1.953453058226042,0.46899664249313794
OGLE-2015-BLG-0966L b,OGLE-2015-BLG-0966L,1.7681496035889213,0.6981347220709844,0.204490662815,5.875492370855561,1.308332819650179,5549.0,0.38,2.1269213238641576,0.3037077365662567
OGLE-2015-BLG-1609L b,OGLE-2015-BLG-1609L,2.4336133554004498,0.316998126785834,0.1270572303902749,6.552574931862642,0.0971267107307227,5549.0,0.1699999999999999,2.013795741067885,0.27335438464121786
OGLE-2015-BLG-1649L b,OGLE-2015-BLG-1649L,2.653241964607215,1.075002423028976,0.3254185115381773,5.265174147954783,1.1216775615991057,5549.0,0.3399999999999999,1.9427623427645824,0.4049739045587736
OGLE-2015-BLG-1670L b,OGLE-2015-BLG-1670L,1.6900958154515549,0.76080582903376,0.2263384422107289,6.417728518130933,1.2864740258376797,5549.0,0.55,2.169545008229477,0.2697244501242877
OGLE-2016-BLG-1067L b,OGLE-2016-BLG-1067L,2.72785282839839,0.233489843368354,0.3189699614850709,6.482679125224857,0.9932517730102834,5549.0,0.3,1.602413297497136,0.43327187668445244
OGLE-2016-BLG-1093L b,OGLE-2016-BLG-1093L,2.70805020110221,0.3729419164026042,0.2991930660252145,6.443176906381466,1.1410330045520618,5549.0,0.4600000000000001,1.8886290386128144,0.29049411335487263
OGLE-2016-BLG-1227L b,OGLE-2016-BLG-1227L,2.7013612129514133,0.4134332777573413,0.2207887810175321,4.14059181338742,1.4816045409242156,5549.0,0.1,2.039790736050044,0.27225012532909976
OGLE-2016-BLG-1598L b,OGLE-2016-BLG-1598L,2.681021528714291,0.2342812957246657,0.2151597655431018,5.832468815617524,1.252762968495368,5549.0,0.55,1.699461415081689,0.31468914456180214
OGLE-2016-BLG-1800L b,OGLE-2016-BLG-1800L,2.653241964607215,1.0885619528146082,0.3279431096649014,4.124388683570477,1.0577902941478543,5549.0,0.41,2.0512992357335555,0.3930386033724866
OGLE-2017-BLG-0173L b,OGLE-2017-BLG-0173L,0.9631743177730056,1.6544112780768316,0.0893835611346854,5.683511737813841,1.5918847531865112,5549.0,0.396,2.3533732598261508,0.5629870984632225
OGLE-2017-BLG-0364L b,OGLE-2017-BLG-0364L,2.424802725718295,0.3228078744271551,0.1606722253888984,6.053532832223257,1.5665304114228238,5549.0,0.49,1.9577963700684524,0.284800105186367
OGLE-2017-BLG-0373L b,OGLE-2017-BLG-0373L,2.70805020110221,0.2263384422107289,0.3012816771919772,6.508933057962132,1.2308094582794955,5549.0,0.248,1.638802521064004,0.23878838628606164
OGLE-2017-BLG-0406L b,OGLE-2017-BLG-0406L,2.7212954278522306,0.2223432311434406,0.3033364015619395,6.482679125224857,1.5040773967762742,5549.0,0.56,1.6975037333023346,0.22546058302077596
OGLE-2017-BLG-0482L b,OGLE-2017-BLG-0482L,1.3737155789130306,1.075002423028976,0.0738525109548596,5.870708345972182,1.0296194171811583,5549.0,0.1999999999999999,2.1849270495258133,0.5158766646760107
OGLE-2017-BLG-0604L b,OGLE-2017-BLG-0604L,2.7212954278522306,0.2677344346420849,0.2222551568086451,6.545924207894034,1.6213664832993742,5549.0,0.7,1.5755294641829136,0.22895077323634622
OGLE-2017-BLG-0640L b,OGLE-2017-BLG-0640L,2.6741486494265287,0.7654678421395714,0.2234635001251298,5.240635286206952,0.76080582903376,5549.0,0.32,1.933982149618448,0.6836945400597934
OGLE-2017-BLG-1049L b,OGLE-2017-BLG-1049L,2.624668592163159,1.724550719534605,0.2627488059065692,6.43038054980562,1.5933085305042167,5549.0,0.55,2.061570298060867,0.23734898621961442
OGLE-2017-BLG-1099L b,OGLE-2017-BLG-1099L,2.6461747973841225,1.208960345836975,0.3587808250138571,4.122932019074013,1.316408233655724,5549.0,0.45,2.064074064548714,0.2561764213627755
OGLE-2017-BLG-1140L b,OGLE-2017-BLG-1140L,2.6741486494265287,0.7561219797213337,0.2229835385128442,5.240635286206952,0.7030975114131134,5549.0,0.211,1.933982149618448,0.663934359878803
OGLE-2017-BLG-1237L b,OGLE-2017-BLG-1237L,2.639057329615259,1.3912819026309298,0.3996971721685898,4.034240638152395,1.2612978709452054,5549.0,0.4600000000000001,2.0716613543608737,0.25719124400319404
OGLE-2017-BLG-1275L b,OGLE-2017-BLG-1275L,2.624668592163159,1.776645831418007,0.2613637641339075,6.429896881657023,1.128171090909654,5549.0,0.63,2.061570298060867,0.3068789112160827
OGLE-2017-BLG-1375L b,OGLE-2017-BLG-1375L,2.5952547069568657,2.424802725718295,0.2968904697244439,6.469420844890689,1.396244691973059,5549.0,0.81,2.176261944159964,0.22829431079470047
OGLE-2017-BLG-1434L b,OGLE-2017-BLG-1434L,1.0784095813505905,1.4655675420143983,0.1153801510400731,5.879694646264972,0.7793248768009976,5549.0,0.234,2.172020722972929,0.7752987591804645
OGLE-2017-BLG-1691L b,OGLE-2017-BLG-1691L,1.5933085305042167,0.8458682675776092,0.1333063673082251,5.855988407545532,1.2267122912954256,5549.0,0.45,2.294825061682582,0.33738610315152134
OGLE-2017-BLG-1806L b,OGLE-2017-BLG-1806L,1.1474024528375415,1.3635373739972745,0.1359285172242441,5.754570641488306,1.01160091167848,5549.0,0.38,2.1798523276117487,0.6532462384805693
OGLE-2018-BLG-0298L b,OGLE-2018-BLG-0298L,2.1471001901536506,0.4485245975686113,0.2620565248128081,6.4520505317230485,1.3506671834767394,5549.0,0.69,1.9223929168632583,0.23675099219378823
OGLE-2018-BLG-0383L b,OGLE-2018-BLG-0383L,1.2267122912954256,1.2556160374777745,0.0650833726790086,5.792394514345947,1.0296194171811583,5549.0,0.1,2.144643904925469,0.5961167773877505
OGLE-2018-BLG-0506L b,OGLE-2018-BLG-0506L,1.6448050562713916,0.8020015854720274,0.216722983511287,6.499185355920494,1.3862943611198906,5549.0,0.63,2.2115985527745994,0.25757654089923715
OGLE-2018-BLG-0516L b,OGLE-2018-BLG-0516L,1.7457155307266483,0.712949807856125,0.2073393197692424,5.875492370855561,1.1631508098056809,5549.0,0.4699999999999999,2.218007116518748,0.34499097413285296
OGLE-2018-BLG-0532L b,OGLE-2018-BLG-0532L,1.2149127443642704,1.2725655957915476,0.1370626503883396,5.907811162110729,0.7246458476193163,5549.0,0.195,2.172020722972929,0.7095079948377923
OGLE-2018-BLG-0567L b,OGLE-2018-BLG-0567L,2.5877640352277083,0.262364264467491,0.1636992326658599,4.867611370574077,1.3137236682850553,5549.0,0.25,2.004138625095077,0.29210442891122346
OGLE-2018-BLG-0596L b,OGLE-2018-BLG-0596L,1.5706970841176695,0.8671004876833832,0.1120779034053505,6.035447939140893,0.6780335427498971,5549.0,0.231,2.154549014166641,0.6334129830690185
OGLE-2018-BLG-0677L b,OGLE-2018-BLG-0677L,1.0367368849500225,1.5282278570085572,0.151604584131894,6.084143996847136,0.4885800148186709,5549.0,0.12,2.253184742698919,0.6028430715660329
OGLE-2018-BLG-0799L b,OGLE-2018-BLG-0799L,2.476538400117484,0.3008450589780618,0.1911161044754497,6.047159390450944,0.8241754429663495,5549.0,0.0929999999999999,1.8882810362186768,0.6256117328365516
OGLE-2018-BLG-0932L b,OGLE-2018-BLG-0932L,2.7013612129514133,0.456791735273505,0.2264660257781385,6.315068628735826,1.01160091167848,5549.0,0.7199999999999999,2.078103146428356,0.4435531574663134
OGLE-2018-BLG-0962L b,OGLE-2018-BLG-0962L,2.681021528714291,0.6575200029167942,0.2303018693125215,4.146937012341271,1.5238800240724537,5549.0,0.54,2.09013417121858,0.27085182774187355
OGLE-2018-BLG-0977L b,OGLE-2018-BLG-0977L,1.2267122912954256,1.2556160374777745,0.1316421090517151,5.836038053776671,1.0986122886681096,5549.0,0.4699999999999999,2.277984976125813,0.4784365551488978
OGLE-2018-BLG-1011L b,OGLE-2018-BLG-1011L,2.6741486494265287,0.8197798314933114,0.2542917693766044,6.173806937018259,1.0296194171811583,5549.0,0.18,2.0130346094822373,0.4304773943751137
OGLE-2018-BLG-1011L c,OGLE-2018-BLG-1011L,2.653241964607215,1.1410330045520618,0.3812133983058721,6.040349944837793,0.5877866649021191,5549.0,0.18,1.8846424633747687,0.5068715916527398
OGLE-2018-BLG-1119L b,OGLE-2018-BLG-1119L,2.7013612129514133,0.4649910874221912,0.1756829029468355,4.14059181338742,1.6213664832993742,5549.0,0.48,1.906159009536552,0.2793267117039421
OGLE-2018-BLG-1126L b,OGLE-2018-BLG-1126L,1.6882490928583902,0.76080582903376,0.1886349188505466,5.868166330763488,1.4422019930581866,5549.0,0.69,2.218007116518748,0.30608628536852406
OGLE-2018-BLG-1185L b,OGLE-2018-BLG-1185L,1.3428648031925547,1.1118575154181305,0.0981243979931989,5.859645972487134,0.9321640810304452,5549.0,0.37,2.1849270495258133,0.6280625147283987
OGLE-2018-BLG-1212L b,OGLE-2018-BLG-1212L,2.334083760053417,0.3583735005743138,0.1861874080858028,6.35402215420487,0.9858167945227652,5549.0,0.16,1.98389383366792,0.4758490583895048
OGLE-2018-BLG-1269L b,OGLE-2018-BLG-1269L,2.714694743820879,0.3450071390710503,0.2205802689110449,6.443386941610874,1.706564623164823,5549.0,1.11,1.6231238315386634,0.2420354758781048
OGLE-2018-BLG-1367L b,OGLE-2018-BLG-1367L,2.694627180770069,0.4891933236388768,0.1671740774637421,5.755299077441909,0.7929925155296614,5549.0,0.28,1.839628574432244,0.7083564700632734
OGLE-2018-BLG-1428L b,OGLE-2018-BLG-1428L,2.70805020110221,0.3927175352856617,0.1711426382025204,5.176771008468541,1.4586150226995167,5549.0,0.4299999999999999,1.888689548407856,0.32260208724011263
OGLE-2018-BLG-1647L b,OGLE-2018-BLG-1647L,2.694627180770069,0.4977403842173352,0.1671740774637421,5.81568156715361,0.8586616190375187,5549.0,0.092,1.927629791090453,0.6541295851074951
OGLE-2018-BLG-1700L b,OGLE-2018-BLG-1700L,2.631888840136646,1.5216989981260935,0.4463914171874667,5.284370560415412,1.33500106673234,5549.0,0.4199999999999999,2.0716613543608737,0.3251752710755451
OGLE-2019-BLG-0249L b,OGLE-2019-BLG-0249L,2.617395832834079,1.955860479908481,0.2604701640990954,6.477575258034952,1.043804052173115,5549.0,0.91,2.0935909647842554,0.3834457641345875
OGLE-2019-BLG-0299L b,OGLE-2019-BLG-0299L,2.617395832834079,1.840549633397487,0.3933608124708638,4.930364782699644,1.33500106673234,5549.0,0.5900000000000001,2.0427775573082445,0.2597001005284226
OGLE-2019-BLG-0304L b,OGLE-2019-BLG-0304L,2.7212954278522306,0.2707902047815628,0.2958808702661427,6.46919760222809,0.8020015854720274,5549.0,0.27,1.4327007339340465,0.5774611200656958
OGLE-2019-BLG-0362L b,OGLE-2019-BLG-0362L,2.6461747973841225,1.2612978709452054,0.4324205244795939,5.884102028779482,1.1568811967920856,5549.0,0.4199999999999999,2.064074064548714,0.3038805926767829
OGLE-2019-BLG-0468L b,OGLE-2019-BLG-0468L,2.6461747973841225,1.297463147413275,0.3071169850903883,6.49225498642084,1.4562867329399256,5549.0,0.9200000000000002,2.1730457216390606,0.22380519079325648
OGLE-2019-BLG-0468L c,OGLE-2019-BLG-0468L,2.602689685444384,2.316487998163037,0.3525424167987074,6.580084198313993,1.3270750014599193,5549.0,0.9200000000000002,2.0268315914075385,0.20885909885421886
OGLE-2019-BLG-0960L b,OGLE-2019-BLG-0960L,0.8712933659434192,1.8115620965242347,0.223943231484774,5.707708092658673,1.0647107369924282,5549.0,0.5,2.3364549775016608,0.6852742690226898
OGLE-2019-BLG-1053L b,OGLE-2019-BLG-1053L,0.8671004876833832,1.8229350866965048,0.2041645847164069,4.101651137404539,1.4816045409242156,5549.0,0.61,2.3364549775016608,0.4590654471411987
OGLE-2019-BLG-1470L AB c,OGLE-2019-BLG-1470L A,2.660259537265861,0.9669838461896731,0.2212217057515111,4.109889773557563,1.4350845252893227,5549.0,0.57,2.0440733978420447,0.27200876571223453
OGLE-2019-BLG-1492L b,OGLE-2019-BLG-1492L,2.052840859882657,0.501381164937991,0.1982769235840819,6.341416945285888,1.308332819650179,5549.0,0.6800000000000002,1.990104735702111,0.26237030641063613
OGLE-2023-BLG-0836L b,OGLE-2023-BLG-0836L,2.631888840136646,1.515127232962859,0.3012150867343652,6.452695433122003,1.547562508716013,5549.0,0.71,2.056467139619957,0.22939392434809183
OGLE-TR-10 b,OGLE-TR-10,2.708783265678039,0.3364722366212129,0.0,7.440146680662688,0.0424846116061553,5950.0,1.14,1.410986973710262,0.21996840168563309
OGLE-TR-111 b,OGLE-TR-111,2.519466759566684,0.5007752879124893,0.0,6.927557906278317,0.0462154237969629,5040.0,0.8200000000000001,2.2823823856765264,0.2380491356146477
OGLE-TR-113 b,OGLE-TR-113,2.584073021282499,0.7884573603642702,0.0,7.202661196523238,0.0226319543063394,4790.0,0.779,2.653241964607215,0.18643761015158386
OGLE-TR-182 b,OGLE-TR-182,2.6149109963585864,0.3435897043900769,0.0,7.346655163176539,0.049742091894814,5924.0,1.14,1.667706820558076,0.2209957538891844
OGLE-TR-211 b,OGLE-TR-211,2.7877236098240514,0.3506568716131693,0.0,7.430707082545968,0.049742091894814,6325.0,1.33,1.2809338454620645,0.2163847994986587
OGLE-TR-56 b,OGLE-TR-56,2.7898145029048496,0.5187937934151676,0.0,7.70210434005105,0.0235504972101967,6050.0,1.228,1.3862943611198906,0.21721628737014576
OGLE2-TR-L9 b,OGLE2-TR-L9,2.946857105771854,0.8109302162163288,0.0930257543083662,7.618251097876695,0.0303351997960729,6933.0,1.5200000000000002,0.6931471805599453,0.16735352207345172
PH1 b,PH1,1.9712993830601329,1.269760544863939,0.0678455468950672,6.1779441140506,0.5019866750987865,6407.0,1.528,1.0986122886681096,0.36458305203079366
PH2 b,PH2,2.3357375197457046,0.4574248470388754,0.1947440767925117,5.690697235107546,0.6059539688575679,5734.0,0.966,1.62924053973028,0.6441008103859215
POTS-1 b,POTS-1,2.4465122618006885,1.4906543764441331,0.028130598377747,7.060351894734261,0.0366597443626026,4400.0,0.6950000000000001,2.133456129986074,0.22670257026933427
PSR B1257+12 c,PSR B1257+12,1.068153081183401,1.47932922708708,0.0184291354683671,6.254021100779027,0.3074846997479606,5549.0,1.4,1.3862943611198906,0.5095654102594995
PSR B1257+12 d,PSR B1257+12,1.0296194171811583,1.541159071680806,0.0260575343192896,6.141822328696539,0.3784364357202451,5549.0,1.4,1.3862943611198906,0.5623292372015192
PSR J2322-2650 b,PSR J2322-2650,2.7013612129514133,1.043804052173115,0.0016985566355814,7.496652438168283,0.0101483310518151,5549.0,1.4,1.244154593958768,0.21910900617606371
Pr0201 b,Pr0201,2.7212954278522306,0.2844267797311083,0.0,7.180846419628875,0.0582689081239757,6174.0,1.2400000000000002,0.681074599325676,0.20199947084811595
Pr0211 b,Pr0211,2.667228206581955,0.8586616190375187,0.0109399400383343,7.22294477920019,0.0312660818739987,5300.0,0.9350000000000002,0.4561582224236825,0.1942919159205285
Qatar-1 b,Qatar-1,2.6255295982026485,0.7304429653036423,0.0,7.257707677160043,0.0230522435301529,5013.0,0.8379999999999999,0.7839015438284094,0.20546566513729606
Qatar-10 b,Qatar-10,2.9066544174117723,0.2215422699472359,0.0,7.578656850594762,0.0281986543586787,6124.0,1.156,1.4350845252893227,0.2168993406654754
Qatar-2 b,Qatar-2,2.711776582843024,0.945072533299607,0.0,7.20414929203594,0.0213015034199156,4645.0,0.7429999999999999,1.791759469228055,0.219809829090536
Qatar-3 b,Qatar-3,2.586640396663477,1.6094379124341005,0.0,7.427738840532894,0.0371319948376062,6007.0,1.145,0.2700271372130601,0.18504701543905255
Qatar-4 b,Qatar-4,2.6190160524158843,1.8082887711792648,0.0,7.234177179749849,0.0276443494865388,5215.0,0.8960000000000001,0.1570037488096647,0.18706445188252413
Qatar-5 b,Qatar-5,2.595878616762271,1.599387576580599,0.0,7.255591274253665,0.0404411219975234,5747.0,1.128,0.4252677354043441,0.1938291226704363
Qatar-6 b,Qatar-6,2.557534086012899,0.5259112611840315,0.0,6.914730892718563,0.0414298097631395,5052.0,0.822,0.7030975114131134,0.2258684415720854
Qatar-7 b,Qatar-7,2.99849345797326,0.406797553341943,0.0,7.627544390488503,0.034594644764499,6387.0,1.4090000000000005,0.9895411936137476,0.20742329546307992
Qatar-8 b,Qatar-8,2.7345989761355898,0.1955667835439752,0.0,7.284820912568604,0.0463109028632502,5738.0,1.029,2.2300144001592104,0.22055856729624973
Qatar-9 b,Qatar-9,2.510402273212188,0.8878912573524571,0.0,7.034387929915503,0.0231304173888543,4309.0,0.719,2.1400661634962708,0.22440098548524995
Ross 128 b,Ross 128,0.7466879474879752,1.891604804197771,0.1097508639591192,5.71042701737487,0.0484091392076875,3192.0,0.168,1.791759469228055,0.7934194796742602
Ross 176 b,Ross 176,1.043804052173115,1.615419984111648,0.2231435513142097,6.52649485957079,0.0453557017207972,4041.0,0.577,1.3862943611198906,0.4008445415476003
Ross 508 b,Ross 508,1.0402767116551463,1.5238800240724537,0.2851789422336624,5.747129279159567,0.0522698174336812,3071.0,0.1773999999999999,1.9561433253353424,0.7169205618620876
SWEEPS-11 b,SWEEPS-11,2.6149109963585864,2.234306252240751,0.0129260968861335,7.459913039123896,0.0295588022415444,5549.0,1.1,1.828769407084172,0.21888431249709045
SWEEPS-4 b,SWEEPS-4,2.3104540513727407,2.28949985344539,0.0594945717856397,7.027179633603979,0.0535407669280298,5549.0,1.2400000000000002,1.794489073798921,0.22447224734577928
TAP 26 b,TAP 26,2.6741486494265287,0.7793248768009976,0.1709740837253144,6.9194239346494575,0.0923968492659675,4620.0,1.04,0.0168571170664229,0.17589810679714657
TCP J05074264+2447555 b,TCP J05074264+2447555,1.7439688053917064,0.7178397931503169,0.2683157499608155,6.785112956089783,0.6626879730752367,5805.0,0.586,2.40261140706117,0.35956346930048033
TIC 139270665 b,TIC 139270665,2.107760807809927,1.1410330045520618,0.0998453349697161,6.556778356158042,0.1510028735365274,5844.0,1.035,1.4816045409242156,0.2864132027628804
TIC 139270665 c,TIC 139270665,2.631888840136646,1.6054298910365616,0.4485245975686113,5.303304908059076,1.0986122886681096,5844.0,1.035,1.4816045409242156,0.5107281431354703
TIC 172900988 b,TIC 172900988 Aa,2.505525936990736,1.534714366238164,0.0267392971896216,6.342790209115498,0.6433317409752553,6050.0,1.2383999999999995,1.410986973710262,0.37342762604624524
TIC 237913194 b,TIC 237913194,2.604203575970667,1.0462658082959004,0.4542552722775963,6.882437470997847,0.1139534900758452,5788.0,1.026,1.9021075263969205,0.18545714938685684
TIC 257060897 b,TIC 257060897,2.904813104535805,0.1947440767925117,0.0382587121170903,7.4821189235521155,0.048047030971486,5993.0,1.187,1.88706964903238,0.21106830470222182
TIC 279401253 b,TIC 279401253,2.5021718038844205,2.15292431843964,0.3701832939635246,6.194201288644529,0.3140805463063118,5951.0,1.13,0.7884573603642702,0.295853766818403
TIC 279401253 c,TIC 279401253,2.6100697927420065,2.079441541679836,0.2263384422107289,6.29360410464869,0.4643627493556498,5951.0,1.13,0.7884573603642702,0.36221637348503205
TIC 365102760 b,TIC 365102760,1.9754689512968573,0.3625576070968879,0.3407487933884732,7.277510304456222,0.0603422290061617,4900.0,1.17,1.9878743481543453,0.16634268729970406
TIC 434398831 b,TIC 434398831,1.5062971535145868,0.9321640810304452,0.0392207131532812,7.131698510466912,0.0453652582500569,5638.0,0.992,0.059211859631846,0.21114362599350567
TIC 434398831 c,TIC 434398831,1.891604804197771,0.6048622656923737,0.0129162252665463,6.957497370876951,0.0636506270762759,5638.0,0.992,0.059211859631846,0.21006206417660372
TIC 46432937 b,TIC 46432937,2.6613965877816392,1.2149127443642704,0.0089597413714719,6.771935555839602,0.020439679237456,3572.0,0.563,2.128231705849268,0.2424042002100738
TIC 4672985 b,TIC 4672985,2.52576177975927,2.747270914255491,0.017839918128331,6.250361268128009,0.2851789422336624,5757.0,1.01,2.1644717908644115,0.35538893911482883
TIC 88785435 b,TIC 88785435,1.7967470107390942,0.674473915294324,0.1231021971339834,6.455198563340122,0.0809530624056657,3998.0,0.724,0.0158733491562901,0.25531512034433046
TOI-1011 b,TOI-1011,0.8960880245566356,2.113842968397168,0.0,7.21890970761906,0.0971267107307227,5475.0,0.91,1.985817439647168,0.43151386348574683
TOI-1052 b,TOI-1052,1.3532545070416904,1.5953389880545987,0.1655144384775733,7.035268599281097,0.087122204181403,6146.0,1.204,1.1939224684724346,0.2806146024443938
TOI-1052 c,TOI-1052,2.012232791986386,0.5265021031509982,0.2126890934103508,6.579251212010101,0.2040015057858433,6146.0,1.204,1.1939224684724346,0.25991426478861096
TOI-1054.01,TOI-1054,1.233818943922925,1.247032293786383,0.0,6.74993119378857,0.0971267107307227,6122.0,1.14,1.4676439068162137,0.33544256296002817
TOI-1062 b,TOI-1062,1.1832597627283945,1.766441661243765,0.1629688282781396,6.982862751468942,0.0506931143155181,5328.0,0.94,1.252762968495368,0.33694993941026863
TOI-1062 c,TOI-1062,1.410986973710262,1.0296194171811583,0.1310282624064041,6.756932389247553,0.0769610411361283,5328.0,0.94,1.252762968495368,0.28122254953822196
TOI-1064 b,TOI-1064,1.2773161985501456,1.6678237948483927,0.0459289318883998,6.665683717782408,0.0597018432460438,4734.0,0.748,2.341805806147327,0.35708495845445815
TOI-1064 c,TOI-1064,1.2950011026734998,0.5720558033717627,0.0843411484337508,6.453624998892692,0.0901057511386035,4734.0,0.748,2.341805806147327,0.320217889718857
TOI-1075 b,TOI-1075,1.026399954554185,2.334083760053417,0.0,7.188412736496954,0.0115233504346428,3875.0,0.604,1.9459101490553128,0.3863198800866036
TOI-1107 b,TOI-1107,2.745453552956954,1.0612565021243408,0.0246926125903715,7.455298485683291,0.0545828777702917,6311.0,1.35,1.2809338454620645,0.2105353391077453
TOI-1117 b,TOI-1117,1.2412685890696329,1.4586150226995167,0.0,7.338888133838879,0.0324671901375014,5635.0,0.97,1.6900958154515549,0.3092981520266071
TOI-1117 c,TOI-1117,1.3635373739972745,1.085189268335969,0.0,7.099201743553092,0.0520230280671519,5635.0,0.97,1.6900958154515549,0.27689719092478626
TOI-1117 d,TOI-1117,1.4516138272405332,0.9858167945227652,0.0,6.88653164253051,0.0785338776541068,5635.0,0.97,1.6900958154515549,0.28959979758368964
TOI-1130 b,TOI-1130,1.5390154481375546,1.172482137234565,0.0508470948553435,6.716594773520978,0.0443039255565244,4360.0,0.745,1.8562979903656265,0.29716278321739004
TOI-1130 c,TOI-1130,2.639057329615259,0.6026982656373852,0.0390283869674783,6.478509642208569,0.0705516559509446,4360.0,0.745,1.8562979903656265,0.3006585713693724
TOI-1135 b,TOI-1135,2.3361020707306484,0.3435897043900769,0.0,6.980336371762893,0.0791229645317635,5962.7,1.1560389999999998,0.4459670514174942,0.209078000080048
TOI-1136 b,TOI-1136,1.0647107369924282,1.33500106673234,0.0266419309464211,7.104144092987527,0.0497991787524835,5770.0,1.022,0.5306282510621704,0.31841997782439085
TOI-1136 c,TOI-1136,1.3555773884578302,0.8960880245566356,0.1043600153242427,6.968850378341948,0.0647572472152785,5770.0,1.022,0.5306282510621704,0.22906974595246954
TOI-1136 d,TOI-1136,1.7275764404511418,1.0331844833456545,0.0411419433311751,6.738152494595957,0.1009307185784405,5770.0,1.022,0.5306282510621704,0.2674071364058827
TOI-1136 e,TOI-1136,1.2917089186300228,1.0331844833456545,0.0416216746908194,6.6039438246004725,0.1310282624064041,5770.0,1.022,0.5306282510621704,0.3086532279152914
TOI-1136 f,TOI-1136,1.555174911778069,0.636576829071551,0.0009995003330835,6.490723534502507,0.1604167214059046,5770.0,1.022,0.5306282510621704,0.30390290162325534
TOI-1136 g,TOI-1136,1.2612978709452054,1.0647107369924282,0.0392207131532812,6.354370040797351,0.2062008305838976,5770.0,1.022,0.5306282510621704,0.3609225214657349
TOI-1173 b,TOI-1173,2.321406847234633,0.178146185383474,0.0227394869694894,6.767343125265392,0.0672847468055963,5350.0,0.911,2.272125885509337,0.2559289723992063
TOI-1174 b,TOI-1174,1.27032218486747,2.4849066497880004,0.0,6.572044752186324,0.0769054840373057,5030.0,0.8500000000000001,1.308332819650179,0.4143015761773524
TOI-1180 b,TOI-1180,1.4041342792482217,1.075002423028976,0.0,6.460186104851161,0.0777005824228614,4738.0,0.75,1.791759469228055,0.3490582705485023
TOI-1181 b,TOI-1181,2.891839662219483,0.3987761199573678,0.0109399400383343,7.572050207635053,0.0357531697058178,6054.0,1.467,1.308332819650179,0.21514748913649917
TOI-1184 b,TOI-1184,1.220829921392359,1.289232648276759,0.0,6.574336376189272,0.0545137531390275,4534.0,0.71,1.840549633397487,0.3660096279388883
TOI-1194 b,TOI-1194,2.2738404107468684,0.688134638736401,0.0,7.143056623899939,0.0334347760862373,5394.0,0.9835,1.7749523509116738,0.22728221347198085
TOI-1199 b,TOI-1199,2.4435657619853526,0.3060130291365043,0.0295588022415444,7.304515946460155,0.0486758719240364,5710.0,1.23,1.6486586255873816,0.21645012221874915
TOI-1201 b,TOI-1201,1.2281774930227534,1.2383742310432684,0.0,6.556778356158042,0.0282958691548473,3476.0,0.512,1.5515969127442504,0.3510691129512462
TOI-1203 b,TOI-1203,0.924258901523332,1.8687205103641835,0.0648509723196163,7.216856318807218,0.0475417661972341,5737.0,0.886,2.602689685444384,0.37654402628677175
TOI-1203 c,TOI-1203,1.1631508098056809,1.3402504226184837,0.0880108773227133,6.824591037721368,0.0971267107307227,5737.0,0.886,2.602689685444384,0.3061494894176343
TOI-1203 e,TOI-1203,2.1174596088673567,0.4649910874221912,0.1414995622736995,6.251310258065098,0.0971267107307227,5737.0,0.886,2.602689685444384,0.2720093303129518
TOI-1203.01,TOI-1203,1.365581319522349,0.9669838461896731,0.0314986670593709,6.612847161438617,0.1511748277971178,5737.0,0.886,2.602689685444384,0.29262957619820246
TOI-122 b,TOI-122,1.3137236682850553,1.144222799920162,0.0,6.156978985585555,0.0384511863742527,3403.0,0.312,1.0986122886681096,0.40244045555611413
TOI-1221 b,TOI-1221,1.3635373739972745,1.269760544863939,0.1906203596086497,6.089044875446846,0.3271431413326945,5592.0,0.9300000000000002,2.3978952727983707,0.4013667114355677
TOI-1224 b,TOI-1224,1.1326916023209723,1.3862943611198906,0.1960600829044679,6.295266001439646,0.0348844018535017,3326.0,0.4,0.1906203596086497,0.357041530816465
TOI-1224 c,TOI-1224,1.3568655504290783,1.095273387402595,0.0,5.717422360360236,0.0971267107307227,3326.0,0.4,0.1906203596086497,0.5831373717386613
TOI-1227 b,TOI-1227,2.3582534074092987,0.3485419607085434,0.2427037962969931,5.500318994108818,0.0848924670179626,3072.0,0.1699999999999999,0.0109399400383343,0.5803830807788194
TOI-1230.01,TOI-1230,1.4444887004259457,0.9969486348916092,0.009950330853168,6.536126220404436,0.0971267107307227,5696.0,1.14,1.741693491554571,0.3264375954168298
TOI-1231 b,TOI-1231,1.536867219599265,1.007957920399979,0.0834216081390723,5.800909185386924,0.1211551215564672,3553.0,0.485,1.515346989034505,0.5451415537659169
TOI-1233.01,HD 108236,1.2638442013633264,1.205970806988609,0.0535407669280298,6.563855526532128,0.1020149254067297,5660.0,0.8690000000000001,2.0412203288596382,0.3503749429528157
TOI-1235 b,TOI-1235,0.9895411936137476,2.110213200346589,0.0478373294141601,6.654152520183219,0.037729216810007,3997.0,0.63,1.840549633397487,0.4462677413557383
TOI-1238 b,TOI-1238,0.7929925155296614,2.541601993464546,0.2231435513142097,7.033506484287697,0.013804280976397,4089.0,0.5900000000000001,0.5877866649021191,0.35560689921569383
TOI-1238 c,TOI-1238,1.1346227261911428,1.7749523509116738,0.1397619423751586,6.54534966033442,0.0363319292473902,4089.0,0.5900000000000001,0.5877866649021191,0.37614260522979664
TOI-1243 b,TOI-1243,1.2029723039923526,1.4586150226995167,0.0531805124707248,6.111467339502679,0.0971267107307227,3515.0,0.515,1.757513030499464,0.4972781324979924
TOI-1244 b,TOI-1244,1.2432896667028863,1.297463147413275,0.0,6.573484617115764,0.0589234108714483,4599.0,0.73,1.9315214116032136,0.3626710720724723
TOI-1246 b,TOI-1246,1.3887912413184778,0.9669838461896731,0.0389322100017874,6.862757913051401,0.0478373294141601,5151.0,0.87,1.9878743481543453,0.277964162281608
TOI-1246 c,TOI-1246,1.2386925745694892,1.47932922708708,0.0,6.760982316743764,0.059211859631846,5213.0,0.8889000000000001,1.9878743481543453,0.3529673946551812
TOI-1246 d,TOI-1246,1.4887149722402129,0.5481214085096876,0.0,6.378035615029659,0.1239859797809912,5213.0,0.8889000000000001,1.9878743481543453,0.3421435161191368
TOI-1246 e,TOI-1246,1.5072252149717669,1.0402767116551463,0.0,6.14199439390968,0.1922718876471227,5213.0,0.8889000000000001,1.9878743481543453,0.4030458085108412
TOI-1248 b,TOI-1248,2.0552110782196022,0.3852624007906449,0.0,6.859709337810057,0.049742091894814,5205.0,0.9042,1.871802176901592,0.25337466819963306
TOI-1249 b,TOI-1249,1.451855039364348,1.043804052173115,0.0,6.590149937878998,0.1034587083682299,5497.0,1.0062,1.6094379124341005,0.3288050400939846
TOI-125 b,TOI-125,1.3153352721793967,1.2725655957915476,0.1773090149704103,6.945051063725834,0.0505600256117007,5320.0,0.8590000000000001,2.0541237336955462,0.270520701565638
TOI-125 c,TOI-125,1.324152964582041,1.0043016091968684,0.0639133257436528,6.719978871505218,0.0782564979657674,5320.0,0.8590000000000001,2.0541237336955462,0.304970358306746
TOI-125 d,TOI-125,1.3686394258811698,1.3812818192963463,0.1552928844060353,6.4600609366562365,0.128393214768399,5320.0,0.8590000000000001,2.0541237336955462,0.3516819748440472
TOI-1259 A b,TOI-1259 A,2.5221685771826925,0.4140944348062189,0.0,6.871091294610546,0.0398935636616766,4775.0,0.744,1.7578579175523736,0.2478673695703296
TOI-1260 b,TOI-1260,1.2267122912954256,1.4701758451005928,0.0,6.77078942390898,0.0360425913469293,4227.0,0.679,2.0412203288596382,0.3440227677807744
TOI-1260 c,TOI-1260,1.324418957401803,1.4929040961781488,0.0,6.480044561926653,0.0636318602447734,4227.0,0.679,2.0412203288596382,0.37808888704639015
TOI-1260 d,TOI-1260,1.415853163361435,1.144222799920162,0.0,6.214608098422191,0.1058004188862116,4227.0,0.679,2.0412203288596382,0.3970893222586503
TOI-1266 b,TOI-1266,1.258460989610006,0.9321640810304452,0.0382587121170903,6.030685260261263,0.0704584636485614,3563.0,0.437,1.7227665977411035,0.4336448643560613
TOI-1266 c,TOI-1266,1.091923300517313,1.1786549963416462,0.0685927914656117,5.849324779946859,0.0998453349697161,3563.0,0.437,1.7227665977411035,0.5632008387353791
TOI-1266 d,TOI-1266,1.007957920399979,1.5769147207285403,0.0834216081390723,5.666426688112432,0.1408917386974817,3563.0,0.437,1.7227665977411035,0.8171303577080418
TOI-1268 b,TOI-1268,2.312535423847214,0.5364933705145685,0.0998453349697161,6.824264968483112,0.0686861577884469,5300.0,0.96,0.2191355299166709,0.2054912164352813
TOI-1269 b,TOI-1269,1.2241997121906198,1.2612978709452054,0.0,6.9136379421402925,0.0484091392076875,5499.0,0.9027,1.410986973710262,0.3208957525678508
TOI-1272 b,TOI-1272,1.6355050082821134,1.128171090909654,0.300104592450338,6.883462586413092,0.040853994008266,5065.0,0.8772000000000001,0.7419373447293773,0.21742301321609991
TOI-1272 c,TOI-1272,1.7833912195575383,0.6846108495376589,0.1133286853070031,6.548219102762372,0.0760346862759976,5065.0,0.8772000000000001,0.7419373447293773,0.2735192100697736
TOI-1273 b,TOI-1273,2.4929484683454,0.2468600779315258,0.0535407669280298,7.10002716662926,0.0534459757056259,5690.0,1.06,1.410986973710262,0.2197630265652733
TOI-1279 b,TOI-1279,1.2978634170214818,1.3987168811184478,0.0,6.633318433280377,0.0815799869924228,5457.0,0.8784,1.6486586255873816,0.3568733862611909
TOI-128.01,TOI-128,1.1690645391877084,1.33500106673234,0.0823170424892135,7.204528402320687,0.0524123485128555,6086.0,0.851969,1.8144989561975444,0.2997594363651054
TOI-1288 b,TOI-1288,1.7864898608649014,1.0885619528146082,0.0,7.093770007613709,0.0367175829351627,5388.0,0.9552,2.0149030205422647,0.25891617735418687
TOI-1288 c,TOI-1288,2.4932054526026954,0.2956502421009578,0.0,5.912962318953024,0.7275486072772778,5388.0,0.9552,2.0149030205422647,0.6693506840055564
TOI-1294 b,TOI-1294,2.4090778603129683,0.2926696139628199,0.0,7.239746060294797,0.049742091894814,5718.0,1.1578,1.9740810260220096,0.22316921302361736
TOI-1294 c,TOI-1294,2.72785282839839,0.2437301849225981,0.0,6.423587814528128,0.4762341789963716,5718.0,1.1578,1.9740810260220096,0.3672845440004523
TOI-1295 b,TOI-1295,2.8149638887636934,0.5007752879124893,0.023716526617316,7.766840537085513,0.0459289318883998,6280.0,1.3799999999999997,1.0986122886681096,0.21078465873047625
TOI-1296 b,TOI-1296,2.715784160786692,0.173953307123438,0.0,7.25547827351904,0.049742091894814,5567.0,1.1576,2.091864061678393,0.22311033782652914
TOI-1298 b,TOI-1298,2.3663173826518427,0.4700036292457356,0.0,7.153833801578843,0.0554347068881005,5752.0,1.2187,1.667706820558076,0.2261689210913727
TOI-1301.01,TOI-1301,1.2461698530257244,1.229640551074514,0.0069756137364252,6.604431510540399,0.0581424850385746,4820.0,0.77,1.685472598710098,0.3541397580025757
TOI-132 b,TOI-132,1.4861396960896067,1.4060969884160703,0.0573250666192694,7.241366283322318,0.0256677467485777,5397.0,0.97,1.993338842626424,0.2692645438230424
TOI-1333 b,TOI-1333,2.8122759131138726,0.7323678937132266,0.0704584636485614,7.426549072397305,0.0607187350347058,6274.0,1.464,1.2029723039923526,0.20250958449153114
TOI-1338 b,TOI-1338 A,2.158830189348908,0.4446858212614457,0.0325639908732626,5.543809321526008,0.3789157728746278,5723.2,1.0936,1.6863989535702286,0.5078612808217255
TOI-1338 c,TOI-1338 A,2.424802725718295,0.3213585988111648,0.0363319292473902,5.942326822546434,0.5844477636366044,5723.2,1.0936,1.6863989535702286,0.4393497735578328
TOI-1346 b,TOI-1346,1.220829921392359,1.264126727145683,0.1550360020995321,7.1891677384203225,0.0971267107307227,5099.0,0.8200000000000001,1.8175896459290728,0.2880234103898308
TOI-1346 c,TOI-1346,1.172482137234565,1.3270750014599193,0.0797349680188534,6.834108738813838,0.0971267107307227,5099.0,0.8200000000000001,1.8594181177018696,0.343857800213448
TOI-1347 b,TOI-1347,1.0296194171811583,2.388762789235098,0.0,7.244941546337007,0.0169554406494134,5464.0,0.913,0.8754687373538999,0.3880014816431482
TOI-1347 c,TOI-1347,0.9555114450274363,1.62924053973028,0.0,6.90875477931522,0.0531615481142323,5464.0,0.913,0.8754687373538999,0.4011390000547993
TOI-1386 b,TOI-1386,1.9763543428558883,0.712949807856125,0.0,6.423295663646352,0.1595645696713384,5735.0,1.0363,1.4350845252893227,0.3270513847877773
TOI-1386 c,TOI-1386,2.424802725718295,0.3206331725914668,0.3220834991691133,5.794232377578273,0.5596157879354227,5735.0,1.0363,1.4350845252893227,0.5132314889807721
TOI-139 b,TOI-139,1.2402854469842557,1.2383742310432684,0.0249852526939085,6.331804295255684,0.0971267107307227,4570.0,0.69,1.6864915418763915,0.4022926409373991
TOI-1408 c,TOI-1408,1.169381359556317,1.5686159179138452,0.1268969331883509,7.5310163320779155,0.0352416533382053,6117.0,1.312,1.308332819650179,0.30446511627975004
TOI-1410 c,TOI-1410,1.891604804197771,0.6048622656923737,0.0,6.055881967163113,0.2143046026470053,4635.0,0.7941,2.028148247292285,0.42650752692651434
TOI-1410.01,TOI-1410,1.4111894141934145,1.1939224684724346,0.0,7.121010097545977,0.0204886664273156,4635.0,0.7941,2.028148247292285,0.26767468045107184
TOI-1411 b,TOI-1411,0.7879144493784044,1.9960599327407849,0.0,6.884895984836055,0.0209979909956054,4115.0,0.6045,2.360854001118021,0.423859228279269
TOI-1416 b,TOI-1416,0.9631743177730056,1.7047480922384253,0.0,7.325148957955575,0.0188217542405877,4884.0,0.798,2.066862759472976,0.3906721193261148
TOI-1420 b,TOI-1420,2.556451816951096,0.0788111804242897,0.1570037488096647,6.86484777797086,0.0685927914656117,5510.0,0.987,2.4595888418037104,0.2066289322992183
TOI-1422 b,TOI-1422,1.574846467664481,0.6575200029167942,0.1823215567939546,6.769641976852503,0.1016536537264998,5840.0,0.9903,1.7227665977411035,0.24995948734252002
TOI-1422 c,TOI-1422,1.2837077723447896,1.667706820558076,0.1823215567939546,6.444131256700441,0.1864795669426183,5840.0,0.9903,1.7227665977411035,0.3837126586788453
TOI-1431 b,TOI-1431,2.873642672693313,0.7747271675523681,0.0021975835434872,7.771067086065406,0.0449733656427311,7690.0,1.9,0.2546422183735807,0.154738188684727
TOI-1437 b,TOI-1437,1.175573329804238,1.5912739418064292,0.1570037488096647,6.678631380988892,0.1310282624064041,6008.0,1.1,2.0412203288596382,0.35941812937970685
TOI-1438 b,TOI-1438,1.396244691973059,1.0296194171811583,0.0,6.879355804460439,0.0538250866949074,5230.0,0.876,1.1631508098056809,0.2881819752304541
TOI-1438 c,TOI-1438,1.3217558399823195,1.3609765531356006,0.0,6.678342114654332,0.0797349680188535,5230.0,0.876,1.1631508098056809,0.3454556973281154
TOI-1439 b,TOI-1439,1.6568530555046843,1.324418957401803,0.1458304482115395,6.619272886359587,0.175632568643158,5841.0,1.2313000000000005,1.7227665977411035,0.31021452260122967
TOI-1442 b,TOI-1442,0.7747271675523681,1.927164106234258,0.067159458478658,6.9782137426306985,0.0070749136719618,3330.0,0.2899999999999999,1.69927861643389,0.3998661907646252
TOI-1443 b,TOI-1443,1.1950763509787348,2.70805020110221,0.0,6.257016034671769,0.1371498381472336,5224.0,0.7662999999999999,2.128231705849268,0.48422376709997933
TOI-1444 b,TOI-1444,0.8829086838537687,2.0592388343623163,0.0,7.66435601731971,0.011533235813673,5460.0,0.9513,1.5686159179138452,0.41824390283931967
TOI-1448 b,TOI-1448,1.321489137753775,1.269760544863939,0.3074846997479606,6.056784013228625,0.055150844464848,3412.0,0.3719999999999999,1.380781694254664,0.38824395374817355
TOI-1450 A b,TOI-1450 A,0.7561219797213337,1.7561322915849038,0.0111377444104559,6.583409222158765,0.0971267107307227,3437.0,0.48,1.7909257884794774,0.5746149571690095
TOI-1450 A c,TOI-1450 A,0.7561219797213337,1.9198594718553708,0.0108410231778748,6.280395838960195,0.0971267107307227,3437.0,0.48,1.8628390509090071,0.6226902433812995
TOI-1451 b,TOI-1451,1.2841063134153607,1.7351891177396608,0.0,6.585247089644919,0.1195592350576392,5801.0,1.0022,1.6094379124341005,0.39554331210050203
TOI-1452 b,TOI-1452,0.9828272556743992,1.88706964903238,0.0,5.7899601708972535,0.059211859631846,3185.0,0.249,1.951324038899393,0.7238382015899401
TOI-1453 b,TOI-1453,0.7761087012742927,2.22086384402462,0.0,6.8513965453127526,0.0971267107307227,4975.0,0.7149999999999999,2.5649493574615367,0.43962784540830446
TOI-1453 c,TOI-1453,1.170622824644382,0.905082149754768,0.0,6.710279474416505,0.0971267107307227,4975.0,0.7149999999999999,2.5649493574615367,0.3276208218039529
TOI-1467 b,TOI-1467,1.0715836162801904,2.4849066497880004,0.0,6.228649061121947,0.0495022914989458,3834.0,0.489,2.1041341542702074,0.504706546300218
TOI-1468 b,TOI-1468,0.8758853172391161,1.9600947840472696,0.0098513160503741,6.528688644728503,0.0208510970674466,3376.0,0.3527,2.0521988052859617,0.4791929757138262
TOI-1468 c,TOI-1468,1.1397542319992848,1.1969481893889715,0.1052605106574929,5.826295049131593,0.0825748836236697,3376.0,0.3527,2.014236131554561,0.5685873262910958
TOI-1470 b,TOI-1470,1.1568811967920856,1.5810384379124025,0.262364264467491,6.5998704992128365,0.0281014301108748,3709.0,0.471,0.832909122935104,0.33136736872137784
TOI-1470 c,TOI-1470,1.244154593958768,1.297463147413275,0.4054651081081644,5.924255797414532,0.100749903100143,3709.0,0.471,0.832909122935104,0.4239578034316452
TOI-1472 b,TOI-1472,1.620971148247773,0.9122827104766162,0.0401817896328318,6.79346613258001,0.0620353909194526,5100.0,0.87,1.410986973710262,0.28111312231399366
TOI-1472 c,TOI-1472,1.4664909031141673,1.420695787837223,0.1587116911548208,6.496774990185863,0.1097508639591192,5100.0,0.87,1.410986973710262,0.3408298483579721
TOI-1478 b,TOI-1478,2.564457648130777,0.6312717768418579,0.0535407669280298,6.823286122355687,0.0786263204551895,5597.0,0.9469999999999998,2.312535423847214,0.24029670941968967
TOI-150.01,TOI-150,2.7125265008403305,0.9858167945227652,0.2326977641190214,7.248148390346587,0.0680043830932363,6255.0,1.351,1.2077656025646322,0.178470113859175
TOI-1516 b,TOI-1516,2.7877367684422287,0.9400072584914712,0.1192042474784765,7.517520850603031,0.0971267107307227,6520.0,1.14,1.7613002617433464,0.1939652983886307
TOI-157 b,TOI-157,2.735326400186202,0.5223588595796638,0.0,7.370860166536716,0.0308977113278437,5404.0,0.948,2.626116818339524,0.18941718429149973
TOI-1601 b,TOI-1601,2.721231177761922,0.5538851132264376,0.0,7.309861418733812,0.0667236320429081,5982.0,1.5055,1.2237754316221157,0.21997362152361105
TOI-163 b,TOI-163,2.873010870458754,0.3987761199573678,0.0,7.4205789054108,0.0563803334361076,6495.0,1.4352,1.0378001492713522,0.2096921303979368
TOI-1630.01,TOI-1630,1.2287629731331546,1.252762968495368,0.0,6.371611847231857,0.096355996383839,5504.0,0.95,1.0935997468445655,0.39535174537193296
TOI-1634 b,TOI-1634,1.0199297666336409,2.151762203259462,0.0,6.829793737512425,0.0153318639969816,3472.0,0.451,1.728375836505614,0.4143494625434768
TOI-1634 c,TOI-1634,1.3453561970918029,1.269760544863939,0.0,5.822690802859296,0.0971267107307227,3472.0,0.451,0.8355144218468673,0.5231608694348043
TOI-1648 b,TOI-1648,1.264126727145683,1.249901736214336,0.1638180852293949,6.684611727667927,0.0670977435324941,4850.0,0.83,1.9021075263969205,0.31255094516412685
TOI-1659.01,TOI-1659,1.1801922756605323,1.3190856114264409,0.0166604408931072,6.939389595755398,0.0636853447861116,5977.0,1.1,0.8433758938066362,0.313509608501659
TOI-1669 b,TOI-1669,2.714694743820879,0.3177261938001576,0.0,6.518114306220858,0.8197798314933114,5497.0,0.9867,2.1633230256605382,0.6216759035433443
TOI-1669 c,TOI-1669,1.1928302661759902,1.9459101490553128,0.0,7.159416313854704,0.036910354020097,5497.0,0.9867,2.1633230256605382,0.3627955678507337
TOI-1670 c,TOI-1670,2.4901647973021643,0.5933268452777344,0.0861776962410523,6.529418838262226,0.2223432311434406,6170.0,1.21,1.2612978709452054,0.2858793511692226
TOI-1680 b,TOI-1680,0.9025974047421526,1.7578579175523736,0.1152910443347345,6.003887067106539,0.0309558841204451,3225.0,0.1798,1.7913760624037178,0.5585169713193131
TOI-1683.01,TOI-1683,1.291489053845979,1.172482137234565,0.0972718907542065,6.835453367226732,0.0358569784819156,4402.0,0.6946610000000001,1.957485749672314,0.2861743878528287
TOI-1685 b,TOI-1685,0.8841806779559215,1.840549633397487,0.0,6.90875477931522,0.0115727763526157,3470.0,0.466,0.8754687373538999,0.4055090474932034
TOI-169 b,TOI-169,2.578167306511589,0.5653138090500605,0.0,7.447751280047908,0.0346332838943506,5880.0,1.1470000000000002,1.7404661748405044,0.21964678859339015
TOI-1691 b,TOI-1691,1.5390154481375546,1.015230679729059,0.0,6.557474136773833,0.1216555278702573,5759.0,1.03,2.028148247292285,0.33103330745330856
TOI-1693 b,TOI-1693,0.8796267475025636,1.7984040119467235,0.0023971245997214,6.639875833826536,0.0223484036637618,3499.0,0.49,1.94218894825346,0.4546614799544671
TOI-1694 b,TOI-1694,1.8472299055314632,0.7561219797213337,0.0,6.850327417079614,0.0440168854167743,5058.0,0.853,1.667706820558076,0.26586215674304225
TOI-1694 c,TOI-1694,2.694627180770069,0.483043242753539,0.0,6.4793080944820485,0.0953101798043248,5058.0,0.853,1.667706820558076,0.31146750285822944
TOI-1695 b,TOI-1695,1.0647107369924282,1.791759469228055,0.0925791812930932,6.54965074223381,0.0329975431831068,3690.0,0.513,1.5216989981260935,0.42553503613195287
TOI-1696 b,TOI-1696,1.4085449700547104,2.3456445824544927,0.0,6.194405391104672,0.0226417304808246,3185.0,0.255,2.091864061678393,0.43639121364343475
TOI-1710 b,TOI-1710,1.825057482255366,0.6259384308664953,0.0,6.403557641506367,0.1535790879283006,5684.0,1.0258,0.9162907318741552,0.3257411855982279
TOI-1716.01,TOI-1716,1.4214201630952648,1.0188473201992472,0.0326607822395483,6.866933284461882,0.0774201949681317,5879.0,1.07,1.8562979903656265,0.2784387677069947
TOI-172 b,TOI-172,2.4695125157897824,2.143589361503588,0.3225181872872381,7.089243155027514,0.0874612757699945,5645.0,1.128,2.128231705849268,0.17767239593347872
TOI-1723 b,TOI-1723,1.489527615761543,0.9555114450274363,0.0,6.664383509820936,0.1075046154322277,5777.0,1.04,1.7578579175523736,0.31069740477480856
TOI-1728 b,TOI-1728,1.80005827204275,0.76080582903376,0.0554347068881005,6.643789733147672,0.0383549538764639,3980.0,0.646,2.091864061678393,0.2768413382638522
TOI-1736 b,TOI-1736,1.430731098577848,1.128171090909654,0.0,7.003783382835491,0.0704584636485614,5636.0,1.0373,2.322387720290225,0.26925188526703403
TOI-1736 c,TOI-1736,2.602689685444384,2.1838015570040787,0.3137152494985967,5.521460917862246,0.8628899551470399,5636.0,1.0373,2.322387720290225,0.6868177190774356
TOI-1739 b,TOI-1739,1.0804483180404385,1.463255402256019,0.0101483310518151,6.62876862489758,0.0712708083509498,4814.0,0.78,1.9878743481543453,0.40953499789721964
TOI-1742 b,TOI-1742,1.2134505423365776,1.6094379124341005,0.262364264467491,6.544041333583735,0.1432341680859077,5815.0,1.0861,1.589235205116581,0.35912592396054793
TOI-1743 b,TOI-1743,1.0402767116551463,1.5260563034950494,0.0456165621891593,6.186208623900494,0.0352609605938726,3277.0,0.3389999999999999,2.3702437414678603,0.47082861667052517
TOI-1744.01,TOI-1744,1.3029127521808397,1.1568811967920856,0.0,6.395261598115449,0.1519362297415317,6179.0,1.18,1.1718627504077024,0.36812625491799655
TOI-1749 b,TOI-1749,0.8712933659434192,1.269760544863939,0.1310282624064041,6.723832440821209,0.0286846338599089,3985.0,0.58,0.5877866649021191,0.3552116368320996
TOI-1749 c,TOI-1749,1.1378330018213911,1.269760544863939,0.0188217542405877,6.513230110912307,0.0433468045033658,3985.0,0.58,0.5877866649021191,0.3628744136046717
TOI-1749 d,TOI-1749,1.258460989610006,1.269760544863939,0.060153922819747,6.280395838960195,0.0683126401820873,3985.0,0.58,0.5877866649021191,0.3692300376373741
TOI-1751 b,TOI-1751,1.37391416678809,1.635105659182678,0.2829207553500704,6.481025675569248,0.1947440767925117,5970.0,0.9382,2.302585092994046,0.3362298324587043
TOI-1753 b,TOI-1753,1.2466084482294175,1.9387416595767009,0.0,6.914164694722876,0.0573250666192694,5621.0,0.9483,1.9315214116032136,0.37003987077431627
TOI-1758 b,TOI-1758,1.5303947050936475,0.6043159668533296,0.0,6.314344830209728,0.1322634641428269,5169.0,0.8800000000000001,2.1400661634962708,0.3546521363645585
TOI-1759 b,TOI-1759,1.420695787837223,1.068153081183401,0.0,6.095824562432225,0.1112730024094287,4065.0,0.606,1.791759469228055,0.41901603623608585
TOI-1768.01,TOI-1768,1.4935780263395653,0.9439058989071286,0.0014988761237358,7.356918242356021,0.0736044882841304,5994.0,1.1,1.4247936602705005,0.2520445052456808
TOI-1772.01,TOI-1772,1.3622577832916491,1.0885619528146082,0.0,6.7784094005738,0.0754552784146058,5583.0,0.99,1.6935952204408238,0.30673598207768205
TOI-1774.01,TOI-1774,1.3297240096314962,1.1537315878891892,0.048790164169432,6.715383386334681,0.0971267107307227,5746.0,0.991,2.128231705849268,0.3128352503067368
TOI-1775 b,TOI-1775,2.202465150403108,0.6981347220709844,0.0,6.563700366399507,0.0769610411361283,5284.0,0.9218,0.5877866649021191,0.27217513496791035
TOI-1776 b,TOI-1776,0.7957612627195998,1.635105659182678,0.0,7.146937520113825,0.0371030879515022,5785.0,0.9196,1.8082887711792648,0.40059178366021014
TOI-1777.01,TOI-1777,1.1774234690923997,1.3217558399823195,0.0,6.364750756851911,0.1128517858942674,5859.0,1.06,1.1600209167967532,0.409361838948188
TOI-178 b,TOI-178,0.7884573603642702,1.4213624737653248,0.035428917991005,6.947937068614969,0.0257359705421395,4316.0,0.647,1.9459101490553128,0.3817163963102685
TOI-178 c,TOI-178,1.013054400306463,1.757313976539832,0.00031994881092,6.773080375655535,0.0363319292473902,4316.0,0.647,1.9459101490553128,0.42368273637796544
TOI-178 d,TOI-178,1.3069805544001651,0.9006116550457741,0.0067769842790237,6.53813982376767,0.0575139062006067,4316.0,0.647,1.9459101490553128,0.3337061661245435
TOI-178 e,TOI-178,1.194225452871056,0.9487222969821266,0.0003799278182854,6.398594934535208,0.0753857269058896,4316.0,0.647,1.9459101490553128,0.3844219909237342
TOI-178 f,TOI-178,1.2287629731331546,1.1682857285158683,0.0004498987803647,6.257667587882639,0.0988493640421689,4316.0,0.647,1.9459101490553128,0.41473696805858973
TOI-178 g,TOI-178,1.370926883988769,0.672622482633503,0.0004299075764937,6.154858094016418,0.1200027923946963,4316.0,0.647,1.9459101490553128,0.39232100992197116
TOI-1782.01,TOI-1782,1.2143190963800805,1.2725655957915476,0.0244974716003874,6.549421817606244,0.0490187094795343,4336.0,0.6800000000000002,1.6900958154515549,0.3629171969160442
TOI-1782.02,TOI-1782,1.043451877490834,1.5195132049061133,0.0557184887563437,6.88341135559262,0.0254133284220676,4336.0,0.6800000000000002,2.2562269690158963,0.36387950880909337
TOI-1789 b,TOI-1789,2.8414692996719912,0.2468600779315258,0.0416216746908193,7.564238475170491,0.0476657226981961,5991.0,1.507,1.316408233655724,0.20997320433221128
TOI-1794 b,TOI-1794,1.457920055684478,0.8372475245337022,0.0,6.901646659297728,0.0788111804242897,5631.0,0.9698,2.468099531471619,0.2540352281320778
TOI-1798.01,TOI-1798,1.2377943528014466,1.2837077723447896,0.0,6.6002921790009,0.0723057777479322,5165.0,0.87,1.2809338454620645,0.36440902001185954
TOI-1798.02,TOI-1798,0.9017860456712732,2.498973906999436,0.0,7.568807894971051,0.0107312140033563,5165.0,0.87,1.2809338454620645,0.4162727806322349
TOI-1799 b,TOI-1799,0.9715362061001336,2.1412419425852827,0.0,6.828408995415694,0.069994236620161,5690.0,1.01,1.8082887711792648,0.44537640550012586
TOI-1801 b,TOI-1801,1.1246048689423631,1.5477752520419934,0.0,6.203951518233663,0.0723206615796261,3863.0,0.556,0.5306282510621704,0.444478173023405
TOI-1803 b,TOI-1803,1.383791230901772,1.1475008606937425,0.0,6.617402977974478,0.0582689081239757,4687.0,0.756,0.8754687373538999,0.3174572957578944
TOI-1803 c,TOI-1803,1.665818245870208,0.3499770631309465,0.0,6.3784261836515865,0.0925791812930932,4687.0,0.756,0.8754687373538999,0.3216781219930357
TOI-1806.01,TOI-1806,1.4837696272505716,0.9516578757114464,0.1561769113472675,5.824435462132321,0.0840975930412499,3272.0,0.392935,1.4209614530281929,0.49863579237676314
TOI-1807 b,TOI-1807,0.9150162520696818,1.6054298910365616,0.0,7.43549701512444,0.0121261797978405,4914.0,0.8048,1.1314021114911006,0.38601566942184495
TOI-181 b,TOI-181,2.073913791782517,0.5631523839437581,0.1434940996387294,6.798052013890174,0.0524975689577539,4994.0,0.822,1.8562979903656265,0.23622696356045297
TOI-1811 b,TOI-1811,2.496648017690523,0.8020015854720274,0.0506931143155181,6.8702610745545565,0.042954119924598,4766.0,0.817,1.9315214116032136,0.23835367793247741
TOI-1820 b,TOI-1820,2.6230903909367487,1.0986122886681096,0.0421011760186353,7.226936018493289,0.059211859631846,5734.0,1.04,2.4849066497880004,0.19611891016641358
TOI-1823 b,TOI-1823,2.1448340847555856,0.6205764877251099,0.0,6.051218201507095,0.1922718876471227,4927.0,0.8413999999999999,1.9878743481543453,0.38709187483532925
TOI-1824 b,TOI-1824,1.3201083235721636,1.6563214983329508,0.0,6.272254171115009,0.1406311297397456,5165.0,0.8801,1.252762968495368,0.43449930455307
TOI-1836 b,TOI-1836,2.19758142699114,0.3435897043900769,0.0,6.874198495453294,0.1481613509805205,6380.0,1.307,2.028148247292285,0.24612469608172424
TOI-1836 c,TOI-1836,1.280899342089052,1.3862943611198906,0.0,7.605193240959238,0.030422506811247,6237.0,1.2518,1.4350845252893227,0.28756402771114886
TOI-1842 b,TOI-1842,2.591404191286879,0.2311117209633866,0.2437301849225981,7.090535064106786,0.0953101798043248,6039.0,1.4642999999999995,1.252762968495368,0.18527648642672293
TOI-1846 b,TOI-1846,1.026758184900126,1.547562508716013,0.0567110915840423,6.344056165609079,0.0358110607356189,3568.0,0.418,2.1041341542702074,0.45288065670338873
TOI-1853 b,TOI-1853,1.4951487660319729,2.3739750890807185,0.0295588022415444,7.299797366758161,0.0210763256019162,4985.0,0.8370000000000001,1.7277541392521427,0.31545697350992974
TOI-1855 b,TOI-1855,2.9701486948711824,0.2700271372130601,0.0324671901375014,7.43955930913332,0.0236969951765786,5359.0,0.987,2.2192034840549946,0.21307132128680525
TOI-1859 b,TOI-1859,2.375074411048044,0.3407487933884732,0.4510756193602167,6.423246963533519,0.2904282981198061,6341.0,1.287,0.8796267475025636,0.2392080307354319
TOI-1860 b,TOI-1860,0.8372475245337022,1.8794650496471603,0.0825012215117436,7.542213463193403,0.0201947072855192,5752.0,0.99,0.1248689820458692,0.36674188089034815
TOI-1883 b,TOI-1883,1.8946168546677629,0.6037693694087286,0.0811190512847919,6.265149109915909,0.0457378916738537,3477.0,0.492,2.2260279702718906,0.3196700313464138
TOI-1898 b,TOI-1898,2.3413761282720857,0.6151856390902335,0.3954147722546629,6.515512371043094,0.2382291887322506,6241.0,1.2484,1.410986973710262,0.23927704035465075
TOI-1899 b,TOI-1899,2.4929484683454,0.6151856390902335,0.0430594894604469,5.937536205082426,0.1419334958886665,3926.0,0.632,2.091864061678393,0.41224354646037525
TOI-1937 A b,TOI-1937 A,2.7065556801953234,0.8241754429663495,0.0,7.648739788956242,0.0191357383084759,5814.0,1.072,1.5260563034950494,0.219101787560134
TOI-198 b,TOI-198,0.8919980393051105,1.776645831418007,0.0223092869198345,5.910796644040527,0.0953101798043248,3650.0,0.467,1.840549633397487,0.601785620624392
TOI-199 b,TOI-199,2.310481272948852,0.3343270802748248,0.0861776962410523,5.883322388488279,0.3544524760856333,5255.0,0.9360000000000002,0.5877866649021191,0.43756117483884815
TOI-199 c,TOI-199,2.517696472610991,0.2851789422336624,0.0916671885258238,6.109025335847127,0.5916680116100914,5255.0,0.9360000000000002,0.5877866649021191,0.6107697370002261
TOI-2000 b,TOI-2000,1.308332819650179,1.4036429994545037,0.0,7.305860032684009,0.0418230932536596,5611.0,1.082,1.840549633397487,0.2922382979526823
TOI-2000 c,TOI-2000,2.2126603854660587,0.6037693694087286,0.0610950993598108,6.946013991099227,0.0841573080067233,5611.0,1.082,1.840549633397487,0.233154754971526
TOI-201 b,TOI-201,2.55143339933888,0.5031965966014996,0.2761154360803154,6.633318433280377,0.2643622671301641,6394.0,1.316,0.6259384308664953,0.2207159573179685
TOI-2010 b,TOI-2010,2.5505590550137867,0.8586616190375187,0.1922718876471227,5.994460056087781,0.439286656583675,5929.0,1.112,1.0647107369924282,0.38750151922867887
TOI-2015 b,TOI-2015,1.460705858633701,0.8754687373538999,0.0759420035751573,6.276455501748272,0.0289003330711112,3297.0,0.3040999999999999,1.871802176901592,0.32131220668154886
TOI-2015 c,TOI-2015,1.3686394258811698,1.0818051703517284,0.000329945561976,6.107022887742255,0.040404627434729,3297.0,0.3040999999999999,1.871802176901592,0.37416735375045246
TOI-2018 b,TOI-2018,1.1841781769977564,1.673351238177753,0.0,6.358431347731711,0.0971267107307227,4174.0,0.57,1.593613362087129,0.4603705628766931
TOI-2019 b,TOI-2019,1.8457351131473585,0.8109302162163288,0.0,6.822698354441777,0.1204461530758671,5626.0,1.1832,2.0014800002101243,0.2726910819439649
TOI-2025 b,TOI-2025,2.556663471819825,1.556037135706985,0.3321773123383321,7.062191632286556,0.0854434818174674,5977.0,1.199,1.7047480922384253,0.1765680114196124
TOI-2031 A b,TOI-2031 A,2.721412430875531,0.3987761199573678,0.0732504617395926,7.214504414151143,0.0639133257436528,6490.0,1.174,1.0986122886681096,0.20308992358196903
TOI-2046 b,TOI-2046,2.8414692996719912,0.6703901934373291,0.1011838053343153,7.511972880342002,0.0971267107307227,6250.0,1.13,0.371563556432483,0.17065809171657415
TOI-2048 b,TOI-2048,1.2837077723447896,1.181727195378616,0.1222176327242492,6.472346294500901,0.0971267107307227,5185.0,0.83,0.262364264467491,0.31427264635089136
TOI-206 b,TOI-206,0.832909122935104,1.88706964903238,0.0132873311267767,6.814542897259958,0.0111377444104559,3383.0,0.35,1.7291745940364338,0.4324242072556707
TOI-2068 b,TOI-2068,1.0370914320198592,1.5282278570085572,0.0670977435324941,6.25693935343563,0.0612832284168985,3710.0,0.559,2.079441541679836,0.46618845959706623
TOI-2076 b,TOI-2076,1.220829921392359,1.62924053973028,0.0,6.6052979209482015,0.0659749889235328,5201.0,0.883,0.2911759617060367,0.3601792313289016
TOI-2076 c,TOI-2076,1.546373689584533,1.9459101490553128,0.0,6.299243321258885,0.1327811112338184,5192.0,0.8556999999999999,1.308332819650179,0.4414147293272896
TOI-2076 d,TOI-2076,1.488597647962539,1.6094379124341005,0.0,6.128352799170104,0.1814878760453772,5192.0,0.8556999999999999,1.308332819650179,0.4451281539011337
TOI-2076 e,TOI-2076,0.8565407274683811,1.840549633397487,0.0421011760186353,7.037905963447182,0.0377773643340299,5192.0,0.8556999999999999,0.1906203596086497,0.38622881700924483
TOI-2081 b,TOI-2081,1.1118575154181305,1.415853163361435,0.1055305012094637,6.192362489474872,0.072506690786748,3800.0,0.54,1.2476068413459973,0.4527373254490297
TOI-2084 b,TOI-2084,1.244154593958768,1.2325602611778486,0.1273988771308717,6.269096283706261,0.0488473053939839,3551.0,0.4529999999999999,2.1400661634962708,0.3779936609872124
TOI-2088 b,TOI-2088,1.543964106053613,1.0986122886681096,0.0,5.708206009715981,0.3866220203066844,5081.0,0.9027,1.7047480922384253,0.6389814609206088
TOI-2093 b,TOI-2093,1.4469189829363254,0.9932517730102834,0.0,6.284134161070802,0.0925791812930932,4426.0,0.745,2.028148247292285,0.368425084555218
TOI-2093 c,TOI-2093,1.1939224684724346,2.079441541679836,0.0,5.799092654460526,0.2287279296081104,4426.0,0.745,2.028148247292285,0.6372499115037713
TOI-2095 b,TOI-2095,0.8109302162163288,1.269760544863939,0.0,5.8522024797744745,0.0962188577405429,3759.0,0.44,0.6931471805599453,0.5628654511335882
TOI-2095 c,TOI-2095,0.8458682675776092,1.269760544863939,0.0,5.697093486505405,0.128393214768399,3759.0,0.44,0.6931471805599453,0.7230547022491266
TOI-2096 b,TOI-2096,0.8078142555380713,1.9387416595767009,0.1397619423751586,6.100318952020064,0.0246926125903715,3300.0,0.231,1.6094379124341005,0.5253505822431035
TOI-2096 c,TOI-2096,1.069526707773013,1.47932922708708,0.0953101798043248,5.857933154483459,0.0392207131532812,3300.0,0.231,1.6094379124341005,0.5304600189383909
TOI-2107 b,TOI-2107,2.6792443086129705,0.4555243079809012,0.0324671901375014,7.242797922793756,0.0345463437525834,5627.0,0.961,1.6094379124341005,0.21758744629244517
TOI-2120 b,TOI-2120,1.1384738220932402,1.269760544863939,0.2776317365982795,5.953243334287785,0.0370067256290956,3131.0,0.211,1.535791372265802,0.46097947569022646
TOI-2128 b,TOI-2128,1.127765947361416,1.3029127521808397,0.0,6.661253536840673,0.1195592350576392,5968.0,1.0251,1.7404661748405044,0.3816315746458697
TOI-2133 b,TOI-2133,1.2149127443642704,1.269760544863939,0.0468835858988504,6.683360945766275,0.0401817896328318,4250.0,0.644,1.9769934474690447,0.33596633254011
TOI-2134 b,TOI-2134,1.3056264580524355,1.282876401921402,0.0582689081239757,6.502790045915623,0.0751074724868054,4580.0,0.744,1.5686159179138452,0.35569415821431216
TOI-2136 b,TOI-2136,1.1600209167967532,1.4678743481123135,0.0,5.981414211254481,0.0554347068881005,3342.0,0.3399999999999999,1.7227665977411035,0.5105690509689184
TOI-2141 b,TOI-2141,1.4223851812642443,1.5129270120532563,0.1906203596086497,6.591673732008658,0.1241626426204225,5635.0,0.8960000000000001,2.302585092994046,0.32180302502727215
TOI-2141 c,TOI-2141,1.208960345836975,1.2809338454620645,0.0534459757056259,6.999422467507961,0.0568528115927828,5635.0,0.8960000000000001,2.302585092994046,0.3004263206814934
TOI-2141 d,TOI-2141,1.603419840108537,0.8372475245337022,0.1068164552631979,6.199291394310299,0.2551072265196023,5635.0,0.8960000000000001,2.302585092994046,0.36433830390496563
TOI-2145 b,TOI-2145,2.5832581787855315,1.8468787684491343,0.1939206926373065,7.3031700512368,0.1058903752574322,6206.0,1.7099999999999995,0.9555114450274363,0.17359818053571974
TOI-2152 A b,TOI-2152,2.7316823673904604,0.982078472412158,0.0554347068881005,7.497207223203318,0.0493995022947674,6630.0,1.516,0.6043159668533296,0.17637939842360648
TOI-2154 b,TOI-2154,2.849934467145702,0.3148107398400335,0.1106465200870636,7.365812837209471,0.0500274935996481,6280.0,1.233,1.3609765531356006,0.1957841184715024
TOI-2158 b,TOI-2158,2.464756787162611,0.76080582903376,0.0676586484738148,7.080867896690782,0.0723206615796261,5673.0,1.12,2.19722457733622,0.21866387620857577
TOI-216.01,TOI-216,2.4069451083182885,0.5653138090500605,0.0045894523338072,6.210600077024653,0.1880550886417151,5026.0,0.77,1.9736642725256672,0.3718932622444501
TOI-216.02,TOI-216,2.19722457733622,0.2926696139628199,0.1484200051182732,6.444131256700441,0.1215979717474875,5026.0,0.77,1.6325683298229547,0.29655569109195457
TOI-2169 A b,TOI-2169 A,2.6033725973921142,0.6523251860396903,0.0440168854167743,7.21890970761906,0.0858106564131108,6270.0,1.4199999999999997,1.2556160374777745,0.21131917374065268
TOI-2180 b,TOI-2180,2.5113108463759333,1.463255402256019,0.3135690934036274,5.855071922202427,0.6032224730319582,5695.0,1.111,2.2082744135228043,0.39382302459261387
TOI-2184 b,TOI-2184,2.5176588404512974,0.5653138090500605,0.0769610411361283,7.42479157652484,0.0971267107307227,5966.0,1.53,1.1939224684724346,0.20461737335638053
TOI-2193 A b,TOI-2193 A,3.0368692187920616,0.0582689081239757,0.0,7.475339236566737,0.0326511035244945,5966.0,1.082,1.871802176901592,0.21883475841740663
TOI-2194 b,TOI-2194,1.095005793073998,1.4398351280479205,0.0059820716775474,6.383303911634333,0.0971267107307227,4756.0,0.74,1.5847352997937283,0.4486706609695502
TOI-2196 b,TOI-2196,1.5062971535145868,1.4609379041156565,0.0,7.528869256642251,0.0220941174730657,5634.0,1.032,1.7047480922384253,0.28103478324852427
TOI-220 b,TOI-220,1.3937663759585917,1.316408233655724,0.0314986670593709,6.692083742506628,0.0853608489506567,5298.0,0.825,2.4069451083182885,0.31328549385549154
TOI-2202 b,TOI-2202,2.480829527944178,0.7884573603642702,0.0217614917815126,6.481684321080954,0.0913386674153879,5169.0,0.841,2.0014800002101243,0.3061906547456521
TOI-2202 c,TOI-2202,2.667228206581955,0.2374408560150342,0.0603422290061617,6.458198775181377,0.1444812238107742,5144.0,0.823,2.137710449803812,0.3167997804141771
TOI-2207 b,TOI-2207,2.497570770228449,0.5877866649021191,0.1604167214059046,7.138866999945524,0.0819485826471673,6101.0,1.296,1.4586150226995167,0.1957769448298285
TOI-2211.01,TOI-2211,0.9403978072173882,1.6900958154515549,0.0,6.9640599951926045,0.0393264767908798,5253.0,0.9,1.4818317878289542,0.4135347368867651
TOI-2236 b,TOI-2236,2.732411914073292,0.6575200029167942,0.0,7.4318919168078,0.0488758747818868,6248.0,1.343,1.258460989610006,0.21634877188998852
TOI-2257 b,TOI-2257,1.161274049792821,1.3454723665996355,0.4027948795522855,5.54907608489522,0.1354046370062029,3430.0,0.328,1.3491115699921747,0.8057027706828837
TOI-2266 b,TOI-2266,0.9321640810304452,1.7047480922384253,0.0001999800026662,6.311734809152915,0.0198026272961797,3200.0,0.23,0.262364264467491,0.4590919197073463
TOI-2274 b,TOI-2274,1.2383742310432684,1.2383742310432684,0.051358292275142,6.649580227495998,0.048790164169432,3943.0,0.612,1.7434441922818342,0.3357292208367514
TOI-2285 b,TOI-2285,1.0188473201992472,1.269760544863939,0.262364264467491,5.883322388488279,0.1277773699418263,3491.0,0.454,1.5767080878111814,0.6042494593552399
TOI-2295 b,TOI-2295,2.860897267594713,0.2926696139628199,0.288181947493432,6.617402977974478,0.1816546678062509,5730.0,1.168,2.4423470353692043,0.2261150621176598
TOI-2295 c,TOI-2295,2.624668592163159,1.7351891177396608,0.1773090149704103,5.463407986413629,1.104594360345657,5730.0,1.168,2.4423470353692043,0.737451809488141
TOI-2322 b,TOI-2322,0.6901426715396466,2.6210388241125804,0.0,6.403739747144695,0.0883771106174129,4664.0,0.703,1.589235205116581,0.5158893430669601
TOI-2322 c,TOI-2322,1.0557047876568333,2.753023566744941,0.0,6.210198389933492,0.1276893611408894,4664.0,0.703,1.589235205116581,0.5350453924738571
TOI-2328 b,TOI-2328,2.3957104168287966,0.2546422183735807,0.0554347068881005,6.736966958001855,0.1195592350576392,5525.0,0.95,1.6094379124341005,0.267267965873957
TOI-2337 b,TOI-2337,2.405870894620357,1.3137236682850553,0.0188217542405877,7.149492884424848,0.0971267107307227,4780.0,1.325,1.7749523509116738,0.2194756479724672
TOI-2345 b,TOI-2345,0.917889453237852,1.8931119634883424,0.0722276339968807,7.2991214627108,0.016906280066359,4687.0,0.727,1.9878743481543453,0.3992305742909522
TOI-2345 c,TOI-2345,1.2386640441158665,1.3110318766193438,0.0568528115927827,6.300785794663244,0.1184050643786212,4687.0,0.727,1.9878743481543453,0.40798396479009624
TOI-2346 b,TOI-2346,2.84016058248499,0.418710334858185,0.0825012215117436,7.432483807917119,0.0462154237969629,6480.0,1.271,1.0647107369924282,0.19553846357209245
TOI-2364 b,TOI-2364,2.2626478299001627,0.4762341789963716,0.0,6.9957661563048505,0.0475608374282826,5306.0,0.954,1.5040773967762742,0.23838420150285472
TOI-2368 b,TOI-2368,2.471406290316617,0.6312717768418579,0.059211859631846,6.90875477931522,0.0549520928138452,5360.0,0.8969999999999999,1.6486586255873816,0.23628007831026965
TOI-237 b,TOI-237,0.8919980393051105,1.776645831418007,0.0,5.963579343618446,0.0335314832087923,3212.0,0.179,1.7047480922384253,0.6020631012109661
TOI-2373 b,TOI-2373,2.4357472218240845,2.734367509419584,0.1061601958283906,6.7580945044277305,0.1061601958283906,5651.0,1.041,1.9315214116032136,0.2486614091161513
TOI-2374 b,TOI-2374,2.0554049638515943,0.6830968447064438,0.1222176327242492,6.786716950605081,0.0460244383112793,4802.0,0.75,1.62924053973028,0.2390181174313214
TOI-2379 b,TOI-2379,2.5435366412984286,1.9754689512968573,0.29416103854949,6.437751649736401,0.0512917943864254,3707.0,0.645,2.4336133554004498,0.23693832598319947
TOI-238 b,TOI-238,0.9396165571776518,2.0541237336955462,0.1655144384775733,7.229113877793302,0.0209784063851917,5059.0,0.7809999999999999,2.186051276738094,0.38557860432374075
TOI-238 c,TOI-238,1.1568811967920856,1.0402767116551463,0.3074846997479606,6.546785410760524,0.0722276339968807,5059.0,0.79,1.667706820558076,0.32563608594538457
TOI-2382 b,TOI-2382,2.5841044078550626,0.5187937934151676,0.1655144384775733,7.263329617476836,0.0573250666192694,6033.0,1.26,1.410986973710262,0.19088937776277048
TOI-2384 b,TOI-2384,2.524864688806156,1.181727195378616,0.0,6.792007670437824,0.0275470713292995,3943.0,0.635,2.341805806147327,0.2380871921616691
TOI-2406 b,TOI-2406,1.3506671834767394,1.269760544863939,0.1570037488096647,6.1092475827643655,0.022416854284,3100.0,0.166,1.657847051641788,0.3891883619702811
TOI-2407 b,TOI-2407,1.6601310267496183,0.7839015438284094,0.0769610411361283,6.559615237493242,0.0324671901375014,3530.0,0.548,1.6210917420041284,0.28543807776152846
TOI-2411 b,TOI-2411,0.9858167945227652,1.6114359150967734,0.1391530613925759,7.212294468500341,0.0142973047008244,4099.0,0.65,1.7228558794696571,0.3439268453725457
TOI-2416 b,TOI-2416,2.385445644046011,1.8562979903656265,0.2776317365982795,6.985641817639208,0.0798272998595543,5808.0,1.118,1.7749523509116738,0.19150772332254784
TOI-2420 b,TOI-2420,2.773840072724085,0.3900130035492427,0.0535407669280298,7.360485579557416,0.0661622022536687,5707.0,1.158,1.840549633397487,0.21094052951522518
TOI-2421 b,TOI-2421,2.430829409254569,0.418710334858185,0.0,7.336285660021297,0.0528770396007669,5607.0,1.131,2.1400661634962708,0.22200544863000218
TOI-2427 b,TOI-2427,1.0296194171811583,1.541159071680806,0.0935194865606601,7.0192966537150445,0.0199986865066891,4072.0,0.64,1.713527620958481,0.3479645139909942
TOI-244 b,TOI-244,0.924258901523332,1.6486586255873816,0.0576083126203133,6.129050210060545,0.0543934838303316,3433.0,0.428,2.079441541679836,0.5226350627820504
TOI-2443 b,TOI-2443,1.2128334327581325,1.0986122886681096,0.2631331995303682,6.253828811575473,0.0998453349697161,4375.0,0.642,2.1400661634962708,0.3709730246031187
TOI-2445 b,TOI-2445,0.8109302162163288,1.9329696377795784,0.0167253483066384,6.966967138613983,0.006379606964039,3333.0,0.25,1.6637366858414793,0.4121327573007108
TOI-2447 b,TOI-2447,2.361428973525551,0.5732368838873878,0.1570037488096647,6.028278520230698,0.2978798974282269,5730.0,1.034,1.1314021114911006,0.3532096118060847
TOI-2449 b,TOI-2449,2.50470927708418,0.620038708739307,0.0934903430873388,5.993961427306569,0.371563556432483,6021.0,1.079,1.252762968495368,0.37620826778248423
TOI-2458 b,TOI-2458,1.3428648031925547,1.4422019930581866,0.0834216081390723,7.320129795391236,0.0470744073859288,6005.0,1.05,1.9021075263969205,0.2718585854791581
TOI-2458 c,TOI-2458,1.430311246536665,1.01160091167848,0.2546422183735807,6.744820969108231,0.1213322851675249,6005.0,1.05,1.9021075263969205,0.2567554619268762
TOI-2459 b,TOI-2459,1.3745000812371793,1.075002423028976,0.0260575343192896,6.100341373293369,0.0971267107307227,4195.0,0.6599999999999999,1.8216418437099249,0.3930759201303059
TOI-2485 b,TOI-2485,2.575609725592122,1.2119409739751128,0.0335314832087923,7.034387929915503,0.1037291857624768,6016.4,1.163,1.9459101490553128,0.22630690985095714
TOI-2497 b,TOI-2497,2.496648017690523,1.9600947840472696,0.178146185383474,7.375255778009754,0.110288353894123,7360.0,1.859,0.6931471805599453,0.1442407418689248
TOI-2498 b,TOI-2498,1.9544450515051504,0.6205764877251099,0.0852598439508234,7.275172319452771,0.0479326537553028,5905.0,1.12,1.5260563034950494,0.2115018128616893
TOI-251 b,TOI-251,1.3190856114264409,1.269760544863939,0.0,6.949079547341766,0.0558225219335635,5875.0,1.036,0.1655144384775733,0.2633229270452229
TOI-2524 b,TOI-2524,2.5021718038844205,0.5822156198526637,0.0,7.00397413672268,0.0704584636485614,5831.0,1.007,2.0412203288596382,0.2368773060972657
TOI-2525 b,TOI-2525,2.269622864843444,0.2029408439966903,0.1570037488096647,6.242164897993063,0.1407180069388793,5096.0,0.8489999999999999,1.6074359097634274,0.32243418967707776
TOI-2525 c,TOI-2525,2.4099063546325,0.7466879474879752,0.1458304482115395,5.993861671707704,0.2223432311434406,5096.0,0.8489999999999999,1.6074359097634274,0.376846787230607
TOI-2529 b,TOI-2529,2.529342117443464,1.297463147413275,0.0207825391825285,6.456769655572163,0.2829207553500704,5802.0,1.11,2.1077860146889784,0.31549786935114843
TOI-2537 b,TOI-2537,2.5058374492820703,0.9555114450274363,0.3104215594212703,5.82600010738045,0.3159050313955208,4870.0,0.7710000000000001,0.7419373447293773,0.4489803803117065
TOI-2537 c,TOI-2537,2.617395832834079,1.9685099809725544,0.2523139286139896,4.821087692210561,1.3297240096314962,4870.0,0.7710000000000001,0.7419373447293773,0.25333539514095377
TOI-2545 b,TOI-2545,1.3217558399823195,1.1346227261911428,0.02557027611153,6.931462039926769,0.0971267107307227,5846.29,1.055,2.074428999856292,0.2897610514054288
TOI-2567 b,TOI-2567,2.478951970825269,0.2382291887322506,0.0,7.210079628170788,0.0650383961792222,5611.0,1.13,2.151762203259462,0.22503617906471263
TOI-257 b,TOI-257,2.09955523211047,0.5007752879124893,0.0,6.93537044601511,0.1421937657031752,6095.0,1.407,1.390037347398725,0.24309523904520375
TOI-2570 b,TOI-2570,2.683848317934457,0.4466070514393395,0.0,7.266827347520591,0.040613972885255,5771.0,1.063,1.6863989535702286,0.22283524344775296
TOI-2583 A b,TOI-2583 A,2.738229205800451,0.1345308929576061,0.0,7.284134806195205,0.0555293097924802,5936.0,1.215,1.6863989535702286,0.22141995146965326
TOI-2587 A b,TOI-2587 A,2.5704780621231977,0.1955667835439752,0.0,7.27655640271871,0.0615653556581548,5760.0,1.15,2.0412203288596382,0.22263330107287288
TOI-2589 b,TOI-2589,2.5730471859818063,1.4929040961781488,0.4200252594394941,6.385194398997726,0.262364264467491,5579.0,0.9300000000000002,2.4849066497880004,0.2639960774446236
TOI-261.01,TOI-261,1.3974781636073152,1.0473189942805592,0.1548647105609152,7.452106583793293,0.0342006229827326,5890.3,0.496728,2.396803768233027,0.21587388947095304
TOI-261.02,TOI-261,1.4697670880075753,0.9707789171582246,0.0288789595503766,6.91624910410106,0.0971267107307227,5890.3,1.069,2.048595661508734,0.27118817369856424
TOI-262 b,TOI-262,1.1216775615991057,1.4011829736136412,0.0,6.371611847231857,0.1510028735365274,5310.0,0.913,0.5877866649021191,0.4218932493749406
TOI-2641 b,TOI-2641,2.9498194170368817,0.0880108773227133,0.1655144384775733,7.23561914106675,0.0589290675292874,6100.0,1.16,2.468099531471619,0.17243103577923863
TOI-2669 b,TOI-2669,3.031476085342616,0.1301506844650451,0.0861776962410523,7.112327444710911,0.0971267107307227,4800.0,1.19,1.9315214116032136,0.20760823098080483
TOI-269 b,TOI-269,1.3270750014599193,1.1878434223960523,0.3541718137206138,6.2766434893416445,0.0339182182034606,3514.0,0.3916999999999999,1.2980094462523188,0.31763376350064376
TOI-270 b,TOI-270,0.8241754429663495,1.587192303486781,0.0165620882989782,6.398594934535208,0.0314695968693952,3506.0,0.386,1.925998944436258,0.47726412553290687
TOI-270 c,TOI-270,1.2029723039923526,1.308332819650179,0.0043903483012928,6.194405391104672,0.0442656582979861,3506.0,0.386,1.566739157900985,0.43016828356182824
TOI-270 d,TOI-270,1.0986122886681096,1.3609765531356006,0.0065783153601225,5.950642552587727,0.069619341880057,3506.0,0.386,1.908208281871302,0.52654073319357
TOI-2714 b,TOI-2714,2.6892071133007303,0.3987761199573678,0.151862349309246,7.38025578842646,0.0353671438372913,5665.0,1.07,1.871802176901592,0.19330253312960805
TOI-2719 b,TOI-2719,1.943048916774281,0.5698489642154517,0.149970526576295,7.444833273892193,0.0971267107307227,5762.0,1.02,2.192770226986839,0.20194375900679906
TOI-2768 b,TOI-2768,1.289232648276759,1.175573329804238,0.1414995622736994,6.752270376141742,0.0266419309464211,4008.0,0.63,1.7032924879057243,0.2825847969147102
TOI-277 b,TOI-277,1.2947271675944,1.169381359556317,0.1209779265529026,6.378290350997208,0.0265445552221122,4031.0,0.16,1.6839329525245053,0.3381584457088788
TOI-2796 b,TOI-2796,2.904813104535805,0.1397619423751586,0.0,7.095064377287131,0.0553400950331645,5764.0,1.063,1.6094379124341005,0.23017718769322998
TOI-2803 A b,TOI-2803 A,2.950406025618627,0.2523139286139896,0.0,7.546446273746024,0.0313533076579957,6280.0,1.118,1.547562508716013,0.21529222383010968
TOI-2818 b,TOI-2818,2.7898047160281094,0.2926696139628199,0.0,7.227662498728655,0.0481232751817282,5721.0,0.977,2.3513752571634776,0.21413633682075284
TOI-283 b,TOI-283,1.205970806988609,1.3376291891386096,0.0,6.495265555937008,0.1160036757563061,5213.0,0.8,2.4336133554004498,0.38151438167413515
TOI-2842 b,TOI-2842,2.627959683619136,0.2654364635044612,0.0,7.294377299288821,0.0464063728141557,5910.0,1.1349999999999998,1.7404661748405044,0.22139278777853647
TOI-286 b,TOI-286,0.8837675401685949,2.2648832258100344,0.0,6.887552571664617,0.0490758376465926,5152.0,0.8319999999999999,1.706564623164823,0.4480311926665291
TOI-286 c,TOI-286,1.0577902941478543,1.4085449700547104,0.0,6.16541785423142,0.193096629961913,5152.0,0.8319999999999999,1.4929040961781488,0.5038250010915164
TOI-2876 b,TOI-2876,2.3645944873349887,0.2851789422336624,0.1222176327242492,6.835184586147301,0.0633503155007617,5271.0,0.939,1.5686159179138452,0.23413399664916337
TOI-2886 b,TOI-2886,2.9775955377896635,0.3199072197465178,0.1043600153242427,7.590346945602565,0.0283055901146949,6240.0,1.229,0.9932517730102834,0.1898406202145485
TOI-2969 b,TOI-2969,2.590008039625631,0.7419373447293773,0.0,7.079184394609668,0.0257652078860264,4738.0,0.71,2.170994672606448,0.22660953232081094
TOI-2977 b,TOI-2977,2.6503747128964674,0.8241754429663495,0.0,7.342779189331845,0.0332993704009261,5691.0,0.9360000000000002,2.379546134130174,0.2096853581360894
TOI-2981 b,TOI-2981,2.667228206581955,0.9001613499442714,0.0344014267173324,7.214504414151143,0.0468835858988504,5940.0,1.03,1.7047480922384253,0.21656712113476545
TOI-2986 b,TOI-2986,2.331390699033173,0.5068176023684519,0.1310282624064041,7.392031567514591,0.0439116167183245,5906.0,1.122,1.9878743481543453,0.19555718933751606
TOI-2989 b,TOI-2989,2.6066860139202275,1.308332819650179,0.0,6.90975328164481,0.0376810669676884,4672.0,0.77,1.7360705633674665,0.2435506915571633
TOI-2992 b,TOI-2992,2.6914748742252024,1.172482137234565,0.0852598439508234,7.454141078146678,0.0424846116061553,6000.0,1.21,1.7227665977411035,0.20239403206143747
TOI-3023 b,TOI-3023,2.858328576655852,0.2191355299166709,0.0,7.375882148215011,0.049266241302918,5760.0,1.12,2.079441541679836,0.22096944181428724
TOI-3071 b,TOI-3071,2.0992441689760155,0.7030975114131134,0.0861776962410523,7.676009932028887,0.0245950468553802,6177.0,1.29,0.6678293725756554,0.1804384827797093
TOI-3082 b,TOI-3082,1.539465990404967,0.8960880245566356,0.149884449537292,6.94097726647304,0.0971267107307227,4263.0,0.6639999999999999,2.1238172143993888,0.26211436864662896
TOI-3135 b,TOI-3135,2.6846135962204825,0.5306282510621704,0.2151113796169455,7.164720378771857,0.0464636504100397,5890.0,1.044,1.0296194171811583,0.18353929446281483
TOI-3160 A b,TOI-3160 A,2.692234340480089,0.5822156198526637,0.1655144384775733,7.339537695407674,0.049266241302918,6190.0,1.088,1.871802176901592,0.18780908871606672
TOI-3235 b,TOI-3235,2.5176588404512974,0.5766133643039938,0.0285874568519125,6.405228458030842,0.0267295609918988,3388.8,0.3939,1.986366362400076,0.2990450158372827
TOI-3261 b,TOI-3261,1.5727739280625088,1.3862943611198906,0.0,7.45182223652793,0.0169947673758618,5068.0,0.861,2.0149030205422647,0.27385587077522616
TOI-3288 b,TOI-3288,2.5021718038844205,1.2809338454620645,0.0,6.966024187106113,0.0212721352755396,3933.0,0.64,2.228938552825748,0.22234414792425425
TOI-329 b,TOI-329,1.781806467021319,1.043804052173115,0.3293037471426004,7.101692445948321,0.0618474033260801,5614.0,1.0678,2.272125885509337,0.1979962843469512
TOI-332 b,TOI-332,1.4350845252893227,2.360854001118021,0.0,7.534762657037537,0.0157749191153622,5251.0,0.8800000000000001,1.791759469228055,0.3222244900995054
TOI-3321 b,TOI-3321,2.806873306986429,0.2271355725837472,0.0525924501191705,7.388327859577107,0.0459289318883998,5850.0,1.041,2.2082744135228043,0.20944351688238927
TOI-333 b,TOI-333,1.6601310267496183,0.8837675401685949,0.0,7.27655640271871,0.0478373294141601,6241.0,1.2,0.6931471805599453,0.2241608111307151
TOI-3331 A b,TOI-3331 A,2.6376277117698983,1.0367368849500225,0.0,7.305860032684009,0.0309558841204451,5609.0,1.016,1.1314021114911006,0.2225277594901627
TOI-3353.01,TOI-3353,1.2993072111095123,1.1631508098056809,0.0080574513777304,7.143111945655233,0.0583804283204618,6365.0,1.332089,0.9555114450274363,0.2684595103565934
TOI-3364 b,TOI-3364,2.582411233761733,0.9555114450274363,0.0,7.142827401161621,0.0653194661206425,5706.0,1.186,1.8562979903656265,0.22767988904125291
TOI-3464 b,TOI-3464,2.692234340480089,0.6043159668533296,0.2231435513142097,7.434847875211999,0.0502177161606174,6370.0,1.3630000000000002,1.1314021114911006,0.17547160790603428
TOI-3474 b,TOI-3474,2.751911140707756,0.2904282981198061,0.1222176327242492,7.280697195384741,0.0489806222216218,6020.0,1.121,1.7404661748405044,0.19792712206559138
TOI-3486 b,TOI-3486,2.448421487601043,0.3784364357202451,0.0751074724868054,7.0825485693553,0.0308977113278437,4930.0,0.8370000000000001,1.916922612182061,0.21438369260357237
TOI-3493 b,TOI-3493,1.4398351280479205,0.904218150639886,0.0285874568519124,7.005789019253503,0.0971267107307227,5844.0,1.023,2.1162555148025524,0.2619469592386591
TOI-3523 A b,TOI-3523 A,2.831611915394737,0.461845441544272,0.0459289318883998,7.59337419312129,0.034971312610694,6450.0,1.131,1.667706820558076,0.20391873562309654
TOI-3568 b,TOI-3568,1.840549633397487,0.6830968447064438,0.0344014267173324,6.802394763324311,0.0473605713598375,4969.0,0.78,1.9600947840472696,0.2586094902584654
TOI-3593 b,TOI-3593,2.4873733557990154,1.1969481893889715,0.0998453349697161,7.065613363597717,0.0469790011939946,5550.0,1.015,1.0296194171811583,0.20984026406526743
TOI-3629 b,TOI-3629,2.229438505331354,0.5877866649021191,0.048790164169432,6.53813982376767,0.0421011760186353,3870.0,0.63,2.079441541679836,0.27790644030539763
TOI-3682 b,TOI-3682,2.62471612436682,0.1663615372152252,0.1988508587451652,7.41336733569524,0.0468835858988504,5703.0,1.32,1.6486586255873816,0.18523983813082112
TOI-3688 A b,TOI-3688 A,2.6448178828656306,0.5653138090500605,0.0,7.336285660021297,0.0445908833278751,5950.0,1.199,1.4586150226995167,0.22034948492645018
TOI-3693 b,TOI-3693,2.6099884887016285,0.636576829071551,0.0,6.687108607866515,0.0781640209693543,5321.0,0.867,1.3862943611198906,0.27992573364572204
TOI-3714 b,TOI-3714,2.5113108463759333,0.6151856390902335,0.0295588022415444,6.621405651764134,0.0266419309464211,3660.0,0.53,1.3609765531356006,0.2641399473077334
TOI-375 b,TOI-375,2.465709427447253,0.7114781372446687,0.0834216081390723,7.2254814727822945,0.0944006754214843,5259.9,1.441,1.3711807233098423,0.2081869078162098
TOI-375 c,TOI-375,2.667228206581955,0.9282193027394288,0.192981206977771,6.391917113392602,0.4213384572644545,5259.9,1.441,1.3711807233098423,0.2971091338738099
TOI-375 d,TOI-375,2.681021528714291,0.6795552270404783,0.1334813913744809,6.075346031088684,0.6851150088626811,5259.9,1.441,1.3711807233098423,0.3750681783872406
TOI-3757 b,TOI-3757,2.5649493574615367,0.2390169004704999,0.1310282624064041,6.633318433280377,0.037729216810007,3913.0,0.64,2.091864061678393,0.2471461033437333
TOI-3785 b,TOI-3785,1.814824742159051,0.4762341789963716,0.1043600153242427,6.368187186350492,0.0421011760186353,3576.0,0.52,2.19722457733622,0.30201237049471413
TOI-3807 b,TOI-3807,2.9701486948711824,0.2538667239570503,0.0,7.40671073017764,0.0412379080162447,5772.0,1.181,1.88706964903238,0.2206104752906735
TOI-3819 b,TOI-3819,2.6487901955233664,0.6151856390902335,0.0,7.3987862754199485,0.0450785226374411,5859.0,1.2419999999999998,1.7047480922384253,0.22020478388245296
TOI-3837 b,TOI-3837,2.4742425970292703,0.598836501088704,0.1996701951285676,7.072421900537371,0.0944006754214843,5905.0,0.89,2.501435951739211,0.1762708220839534
TOI-3856 b,TOI-3856,2.680781334801549,0.3155404005801773,0.0797349680188535,7.342779189331845,0.0319830458530507,5622.0,1.096,1.2809338454620645,0.20658279139423166
TOI-3877 b,TOI-3877,2.540006854978209,0.29416103854949,0.1988508587451652,7.27655640271871,0.0515482618805766,5731.0,1.16,1.9315214116032136,0.18718268315012263
TOI-3884 b,TOI-3884,2.005525858729668,0.5128236264286637,0.0582689081239757,6.091309882077698,0.035463664275569,3180.0,0.298,2.2192034840549946,0.35292572546242174
TOI-3894 b,TOI-3894,2.7898047160281094,0.3364722366212129,0.048790164169432,7.334329350300536,0.0521559222171571,6000.0,1.138,1.9021075263969205,0.21046334254920937
TOI-3912 b,TOI-3912,2.72656058269734,0.217527812528574,0.0,7.321849713788356,0.0452601314048645,5725.0,1.088,2.1400661634962708,0.22188936355758165
TOI-3919 b,TOI-3919,2.5891667945097248,1.5325568680981427,0.2303177550622101,7.089243155027514,0.076497970972725,6100.0,1.208,1.410986973710262,0.18766377587195032
TOI-3976 A b,TOI-3976 A,2.5857947192016897,0.1527210870176639,0.0,7.16703787691222,0.0716692866903596,5975.0,1.254,1.5686159179138452,0.22492820901659502
TOI-3980 b,TOI-3980,2.738229205800451,0.2231435513142097,0.1484200051182732,7.3914152346753585,0.0482185722704743,5840.0,1.2400000000000002,1.7404661748405044,0.19302374518407706
TOI-3984 A b,TOI-3984 A,2.186051276738094,0.3987761199573678,0.2070141693843261,6.335054251498059,0.0401817896328318,3476.0,0.49,1.3609765531356006,0.28363403853824476
TOI-4010 b,TOI-4010,1.3912819026309298,1.1631508098056809,0.0295588022415444,7.273786317844895,0.0226417304808246,4960.0,0.8800000000000001,1.9600947840472696,0.2596951204433102
TOI-4010 c,TOI-4010,1.935859813201812,0.4054651081081644,0.0295588022415444,6.811244378601294,0.0563803334361076,4960.0,0.8800000000000001,1.9600947840472696,0.25622925667766805
TOI-4010 d,TOI-4010,1.9712993830601329,0.6418538861723948,0.0676586484738148,6.478509642208569,0.1070590722934076,4960.0,0.8800000000000001,1.9600947840472696,0.30591266400848977
TOI-4010 e,TOI-4010,2.660259537265861,0.9631743177730056,0.2311117209633866,5.1647859739235145,0.9439058989071286,4960.0,0.8800000000000001,1.9600947840472696,0.3392039471512549
TOI-406 c,TOI-406,0.8415671856782186,1.7749523509116738,0.0314986670593709,6.371611847231857,0.0316924467324897,3392.0,0.408,1.909246164683721,0.49439670318542556
TOI-406.01,TOI-406,1.1249295969854831,1.62924053973028,0.0544881852840697,5.910796644040527,0.0777940274400201,3392.0,0.408,1.810368574102109,0.5537513918501079
TOI-4087 b,TOI-4087,2.6424268983795685,0.4510756193602167,0.0,7.285506548522786,0.0437201906895429,6060.0,1.178,0.5877866649021191,0.1963586711316536
TOI-411 b,HD 22946,0.8595087177751706,2.993730270883318,0.1186715297174986,7.124478262493424,0.0556901141931919,6169.0,1.098,1.252762968495368,0.40205031443196176
TOI-411 c,HD 22946,1.2023715229589622,1.423108334242607,0.1484200051182732,6.837332814685591,0.0968544413638821,6169.0,1.098,1.252762968495368,0.3161256598618153
TOI-4137 b,TOI-4137,2.6792443086129705,0.6981347220709844,0.0,7.359467638255621,0.0509022179271192,6202.0,1.3130000000000002,1.1314021114911006,0.2176374649956687
TOI-4145 A b,TOI-4145 A,2.6606133271224017,0.2776317365982795,0.0,6.980075940561763,0.0471030274686428,5281.0,0.905,1.7404661748405044,0.23970353493287488
TOI-4153 b,TOI-4153,2.84016058248499,0.3900130035492427,0.0382587121170903,7.4205789054108,0.0611985747210086,6860.0,1.572,0.3364722366212129,0.16741612582679616
TOI-4155 b,TOI-4155,1.43746264769429,1.0043016091968684,0.0639133257436527,7.135687347028144,0.0971267107307227,5724.0,1.16,1.1681694453606584,0.25429199732261176
TOI-4184 b,TOI-4184,1.2325602611778486,1.247032293786383,0.0459604500163402,6.023447592961033,0.0330478540462003,3238.0,0.2109,2.0412203288596382,0.45185907871146824
TOI-4201 b,TOI-4201,2.6861423980777293,1.0367368849500225,0.0401817896328318,6.587550014824796,0.0392207131532812,3794.0,0.61,0.8754687373538999,0.25791609732532583
TOI-421 b,TOI-421,1.2919836816486494,1.1118700153400058,0.1222176327242492,6.827629234502852,0.0539198419894304,5291.0,0.833,2.476538400117484,0.26718652848675206
TOI-421 c,TOI-421,1.8066480817218056,0.4637069718412866,0.173953307123438,6.455198563340122,0.1106465200870636,5291.0,0.833,2.476538400117484,0.2726293373422667
TOI-4214 b,TOI-4214,2.4580627728243547,0.5538851132264376,0.1570037488096647,7.404279118037268,0.0489615780486621,6370.0,1.382,0.7419373447293773,0.16826457098090603
TOI-4308 b,TOI-4308,1.229318861911202,1.252762968495368,0.0,6.638633232051266,0.0971267107307227,5243.0,0.9,0.8458682675776091,0.35070693471668746
TOI-431 b,TOI-431,0.8241754429663495,2.19722457733622,0.0,7.529943370601589,0.0112366319259876,4850.0,0.78,1.7574267901475498,0.41673899846703605
TOI-431 c,TOI-431,0.9122827104766162,1.7404661748405044,0.0,6.766191714660351,0.0506931143155181,4850.0,0.78,1.7957514904975924,0.445268043550495
TOI-431 d,TOI-431,1.4562867329399256,0.8586616190375187,0.0,6.452048954437226,0.0934903430873388,4850.0,0.78,1.820832716713762,0.3432329717094861
TOI-4329 b,TOI-4329,2.879954971630695,0.1527210870176639,0.0657877405380031,7.614864534558137,0.0971267107307227,6000.0,1.538,1.220829921392359,0.20683920854213084
TOI-4336 A b,TOI-4336 A,1.1432669292085411,1.0543120297715298,0.0,5.737861788309064,0.0814878168462679,3307.0,0.3059999999999999,2.0412203288596382,0.6827799411331424
TOI-4336 A c,TOI-4336 A,0.8113745619245951,1.6770965609079151,0.0,5.992713766508414,0.0496659710148199,3307.0,0.3059999999999999,2.0412203288596382,0.5786493215248821
TOI-4342 b,TOI-4342,1.202671958592888,1.430311246536665,0.0,6.461468176353717,0.0505980527630913,3866.0,0.587,1.5047438413194345,0.3932612663563859
TOI-4342 c,TOI-4342,1.2086617938120676,1.1019400787607845,0.0,6.244166900663736,0.0773313429363234,3866.0,0.587,1.7557868087692374,0.4120043314401689
TOI-4364 b,TOI-4364,1.1019400787607845,1.430311246536665,0.2546422183735807,6.192362489474872,0.0464350120221881,3528.0,0.487,0.5364933705145685,0.3850257155022779
TOI-4377 b,TOI-4377,2.77942194624642,0.6318035503188933,0.0440168854167743,7.0588269377711335,0.0562858110105918,4974.0,1.36,1.5851452198650555,0.21896133960009817
TOI-4379 b,TOI-4379,2.8730092458292007,0.3492474281099357,0.017839918128331,7.53389689776072,0.0971267107307227,6020.0,1.372,1.706564623164823,0.21706950299008426
TOI-4406 b,TOI-4406,2.5021718038844205,0.3162695293036934,0.1397619423751586,6.807934943699926,0.1831545430978465,6219.0,1.19,1.3609765531356006,0.23573934275063732
TOI-4438 b,TOI-4438,1.258460989610006,1.0473189942805592,0.1310282624064041,6.077642243349034,0.0520230280671519,3422.0,0.368,1.8082887711792648,0.40629793478816895
TOI-444 b,TOI-444,1.3270750014599193,1.128171090909654,0.0139029051689914,6.413458957167357,0.1248689820458692,5225.0,0.96,0.4510756193602167,0.3462463058127587
TOI-4443.01,TOI-4443,1.000384239353298,1.587192303486781,0.0,7.402341758697042,0.0295225345935899,5834.0,1.049133,1.4407825464039603,0.3744872652864668
TOI-4463 A b,TOI-4463 A,2.6574741350589424,0.4668737362368079,0.0,7.241366283322318,0.0395668071020146,5640.0,1.056,1.62924053973028,0.22399307974905122
TOI-4465 b,TOI-4465,2.7087983125303934,1.5539252025038417,0.2151113796169455,6.059123195581797,0.347835995271528,5545.0,0.9300000000000002,1.982242078302704,0.37496260022768374
TOI-4479 b,TOI-4479,1.3402504226184837,1.11514159061932,0.1521114591722783,6.759255270663693,0.0162669724638719,3400.0,0.4519999999999999,1.4322232930082903,0.2622564515094984
TOI-4487 A b,TOI-4487 A,2.74761071869491,0.5306282510621704,0.0797349680188535,7.402451520818244,0.0530477544220732,6206.0,1.378,1.2383742310432684,0.20180311609630974
TOI-4495 b,TOI-4495,1.2478939913838645,1.3110318766193438,0.0751074724868054,7.459338895220295,0.03880716611603,6210.0,1.247,1.0647107369924282,0.2733244015413359
TOI-4495 c,TOI-4495,1.615419984111648,1.0647107369924282,0.0227394869694894,7.219642040130735,0.0613114447231037,6210.0,1.247,1.0647107369924282,0.24861886615282594
TOI-4504 b,TOI-4504,1.3058974240478616,1.1537315878891892,0.0,7.11885054026502,0.0333574036539963,5315.0,0.89,2.3978952727983707,0.26820938023486784
TOI-4504 c,TOI-4504,2.4929484683454,1.75958057086382,0.0314986670593709,5.213848209921586,0.3052026861697701,5315.0,0.89,2.3978952727983707,0.4459555560011604
TOI-4504 d,TOI-4504,2.681021528714291,0.6851150088626811,0.0435383020144834,6.2902720023431815,0.2004070243403395,5315.0,0.89,2.3978952727983707,0.3322440138703388
TOI-4507 b,TOI-4507,2.2192034840549946,0.1823215567939545,0.0861776962410523,6.333297389971291,0.3756929497744942,6260.0,1.11,0.5306282510621704,0.32634477649733956
TOI-451 b,TOI-451,1.068153081183401,1.4816045409242156,0.0,7.307872780763706,0.0279069532530078,5550.0,0.95,0.1133286853070031,0.31511679192390485
TOI-451 c,TOI-451,1.410986973710262,1.0331844833456545,0.0,6.775366090936392,0.0790884063189636,5550.0,0.95,0.1133286853070031,0.26520047043235145
TOI-451 d,TOI-451,1.623340817603092,0.8197798314933114,0.0,6.583409222158765,0.1140427160406602,5550.0,0.95,0.1133286853070031,0.2835334976569793
TOI-4515 b,TOI-4515,2.5779415157551897,1.078749659571858,0.3791211327685624,6.559615237493242,0.1115413747329074,5433.0,0.949,0.7884573603642702,0.22562704592737326
TOI-4527.01,TOI-4527,0.6464023158388674,1.80005827204275,0.0421011760186353,7.218125517438415,0.0082978305828175,3702.0,0.483901,1.8074687629332349,0.37333278190362057
TOI-4529 b,TOI-4529,1.0188473201992472,1.7578579175523736,0.0519280928603591,6.238324625039508,0.0971267107307227,3697.0,0.482,1.9960599327407849,0.5577111029462011
TOI-4551 b,TOI-4551,2.554051854782725,1.007957920399979,0.0962188577405429,7.412160334945205,0.0947645764444229,4896.0,1.31,1.7783364488959144,0.20084334451060873
TOI-4559 b,TOI-4559,0.881699287104536,1.7950872593207297,0.0303216180197122,6.319256360487639,0.0352706140819192,3558.0,0.392,2.079441541679836,0.5069400569322844
TOI-4582 b,TOI-4582,2.4455108825136405,0.5827741230785748,0.412109650826833,6.422694863102173,0.0971267107307227,5190.0,1.34,1.6198039984332775,0.2416980190879094
TOI-4600 b,TOI-4600,2.0541237336955462,1.269760544863939,0.2231435513142097,5.8522024797744745,0.2993635772256188,5170.0,0.89,1.1939224684724346,0.42302383028479
TOI-4600 c,TOI-4600,2.343727036325221,1.269760544863939,0.1906203596086497,5.2574953720277815,0.766397642299538,5170.0,0.89,1.1939224684724346,0.586935809543837
TOI-4602.01,TOI-4602,1.2670740743627855,1.2029723039923526,0.0,7.230758644799243,0.0497393516436761,6011.9,1.116795,1.4539530095937054,0.2847841098390153
TOI-4603 b,TOI-4603,2.540006854978209,2.714694743820879,0.2814124594381855,7.425357887027151,0.0850761723551192,6264.0,1.765,0.9707789171582248,0.1585728400605362
TOI-4633 c,TOI-4633,1.4350845252893227,1.269760544863939,0.1106465200870636,5.596828096882131,0.6135627012171029,5800.0,1.1,0.832909122935104,0.6042905552694644
TOI-4638.01,TOI-4638,1.3694024934496725,1.0784095813505905,0.0,6.660357456491919,0.0889381029937523,5700.0,1.02,0.8893716425228914,0.3121817024643084
TOI-4641 b,TOI-4641,2.2173055874489345,1.269760544863939,0.0713899960866729,6.857629723574587,0.1595645696713384,6560.0,1.41,1.3056264580524355,0.23187499414077273
TOI-4666 b,TOI-4666,2.598381796095258,0.494696241836107,0.0,6.570882962339584,0.0327575642381721,3512.0,0.58,2.060895624392737,0.2744484875815399
TOI-469.01,TOI-469,1.483874689458755,0.832909122935104,0.0,6.57507584059962,0.1052605106574929,5289.0,0.901,2.501435951739211,0.29965626047980587
TOI-470 b,TOI-470,1.6752256529721037,0.7747271675523681,0.0554347068881005,6.493753839851687,0.1124354293297881,5190.0,0.87,0.8754687373538999,0.31109854808262594
TOI-4734 b,TOI-4734,2.478011868651199,0.2311117209633866,0.1133286853070031,7.292337176173877,0.0713899960866729,6070.0,1.391,1.4350845252893227,0.19878915162109917
TOI-4773 b,TOI-4773,2.786355757108802,1.289232648276759,0.023716526617316,7.721348612617949,0.0316536938017944,6740.0,1.452,0.7275486072772778,0.18489277064868584
TOI-4791 b,TOI-4791,2.598381796095258,1.128171090909654,0.0,7.29505641646263,0.0540145883062382,6058.0,1.2419999999999998,1.4586150226995167,0.22017797300756445
TOI-4794 b,TOI-4794,2.7316823673904604,0.4510756193602167,0.0953101798043248,7.422971251049421,0.0480279690105815,6390.0,1.25,1.308332819650179,0.19652221180098567
TOI-480 b,TOI-480,1.3490389622706724,1.776645831418007,0.0,7.09002683452605,0.0741793981742515,6174.0,1.2793,1.308332819650179,0.32404118932773673
TOI-481 b,TOI-481,2.492950048088913,1.085189268335969,0.1423672412869219,7.223295679562314,0.0925791812930932,5735.0,1.14,2.0412203288596382,0.1996144734312392
TOI-4860 b,TOI-4860,2.272125885509337,0.5596157879354227,0.0079681696491768,6.543911845564792,0.0179185005023449,3260.0,0.3399999999999999,1.7047480922384253,0.274861960324407
TOI-4914 b,TOI-4914,2.6297282343267403,0.4637340162321401,0.3421702577358506,6.796823718274855,0.0934903430873388,5805.0,1.03,1.840549633397487,0.20637221240291959
TOI-4940 b,TOI-4940,2.0294631718735947,1.269760544863939,0.0789035975954658,6.467698726104354,0.1527210870176639,5504.0,1.012,2.379546134130174,0.29687454768431465
TOI-4961 b,TOI-4961,2.5908485776429937,0.982078472412158,0.1672079189839064,6.824373670043086,0.0700856075666877,5380.0,0.912,2.19722457733622,0.22832462702369788
TOI-4994 b,TOI-4994,2.2556238008681446,0.5766133643039938,0.2768738737351776,6.5773048746794185,0.1410654402786028,5640.0,1.005,1.9878743481543453,0.25168696849401717
TOI-500 b,TOI-500,0.7728821485787989,1.7732559976634952,0.0610950993598108,7.388946097618437,0.0118198693052993,4440.0,0.74,1.791759469228055,0.38740983641165705
TOI-500 c,TOI-500,1.128171090909654,1.3937663759585917,0.0695260626486102,6.476666162168873,0.0971267107307227,4440.0,0.74,1.791759469228055,0.4097083153121052
TOI-500 d,TOI-500,1.9947003132247447,0.5370779949100564,0.0158733491562901,6.29444647752976,0.0971267107307227,4440.0,0.74,1.791759469228055,0.3357559992924687
TOI-500 e,TOI-500,1.6074359097634274,0.832909122935104,0.0704584636485614,5.97736562272848,0.0971267107307227,4440.0,0.74,1.791759469228055,0.3660497562287668
TOI-5005 b,TOI-5005,1.981001468866584,0.5538851132264376,0.0184291354683671,6.947937068614969,0.0640446492029014,5749.0,0.97,1.1631508098056809,0.24307463515317507
TOI-5027 b,TOI-5027,2.464756787162611,1.3711807233098423,0.3257001396393018,6.963189985870238,0.0889262091944014,5909.0,1.02,0.3364722366212129,0.15767699599363466
TOI-5076 b,TOI-5076,1.5017091925707984,1.1249295969854831,0.0,6.311734809152915,0.1381084021176292,4780.0,0.7889999999999999,2.2407096892759584,0.3787182936267201
TOI-5082.01,TOI-5082,1.2664150673489252,1.2029723039923526,0.0,7.061257176967391,0.0499369749019842,5670.0,0.99665,1.0738071697491387,0.2940508624820122
TOI-5108 b,TOI-5108,2.028148247292285,0.4700036292457356,0.1180496667738142,7.074116816197362,0.0704584636485614,5808.0,1.1,1.916922612182061,0.2113702215832188
TOI-512 b,TOI-512,0.9321640810304452,1.8906825087274528,0.0198026272961797,6.917705609835305,0.0971267107307227,5277.0,0.74,2.223000613651203,0.4426019706486443
TOI-5126 b,TOI-5126,1.747459210331475,0.712949807856125,0.0,7.274479558773871,0.0631531870051994,6150.0,1.2400000000000002,0.5877866649021191,0.2132890893599696
TOI-5126 c,TOI-5126,1.5810384379124025,0.8586616190375187,0.0,6.879355804460439,0.1344434765494907,6150.0,1.2400000000000002,0.5877866649021191,0.2510763354796865
TOI-5143 c,TOI-5143,2.847987317119077,1.269760544863939,0.0626930693384234,6.808465189834925,0.054507124498661,5183.0,0.864,2.128231705849268,0.24634841850540173
TOI-5153 b,TOI-5153,2.5557936904255776,1.47932922708708,0.0870947068509337,6.810142450115136,0.1466943791508035,6300.0,1.2400000000000002,1.8562979903656265,0.23887016802438962
TOI-5174 b,TOI-5174,1.8486122808208376,0.6360475885193725,0.1840700273280715,6.696256167262644,0.0971267107307227,5643.77,1.0,2.0286744246261827,0.25346473394644314
TOI-5181 A b,TOI-5181 A,2.663742695489477,0.5653138090500605,0.1397619423751586,7.368970402194793,0.0508832103145698,6060.0,1.25,1.62924053973028,0.19304726700854447
TOI-519 b,TOI-519,2.529342117443464,0.4446858212614457,0.2851789422336624,6.533788837933344,0.0157749191153622,3322.0,0.3350000000000001,1.8562979903656265,0.22804931628329422
TOI-5205 b,TOI-5205,2.533696813957432,0.7929925155296614,0.0198026272961797,6.6039438246004725,0.0197045832743354,3430.0,0.392,2.0202221820198645,0.2658537392729716
TOI-521 b,TOI-521,1.091923300517313,1.5686159179138452,0.0,6.678342114654332,0.0193123110323728,3544.0,0.4199999999999999,0.5877866649021191,0.3660955315163342
TOI-5210 b,TOI-5210,2.4618934090338627,0.3104215594212703,0.0639133257436528,7.160069207596127,0.0542040540135121,5723.0,1.105,1.840549633397487,0.21438898210066637
TOI-5218 b,TOI-5218,2.385086314505789,1.269760544863939,0.0,6.664409020350408,0.0458334163431722,4230.0,0.739,2.0412203288596382,0.27128784006020745
TOI-5232 b,TOI-5232,2.6230903909367487,1.085189268335969,0.0344014267173324,7.480428306074208,0.0544218952081433,6500.0,1.3889999999999998,1.2149127443642704,0.20595592439244137
TOI-5238 b,TOI-5238,1.827769906751088,0.6502396795486688,0.224582515508464,6.949856455000773,0.0971267107307227,5631.0,1.0,1.877784248579139,0.21926809726836413
TOI-5261 b,TOI-5261,2.533799588041074,2.631888840136646,0.1471260648902938,7.126890808898808,0.0500655410067219,5790.0,1.037,1.6486586255873816,0.2009910301357981
TOI-5293 A b,TOI-5293 A,2.5572273113676265,0.4446858212614457,0.3220834991691133,6.516193076042964,0.0334347760862373,3586.0,0.54,1.3609765531356006,0.2335399767163821
TOI-530 b,TOI-530,2.3324791768864928,0.6575200029167942,0.0,6.338594078203183,0.0506931143155181,3659.0,0.53,1.818401400174476,0.31967550500052533
TOI-5300 b,TOI-5300,2.385445644046011,0.7419373447293773,0.0,6.950814768442584,0.029073247485707,4610.0,0.67,2.1163759894728984,0.23667148738310484
TOI-5301 b,TOI-5301,2.6456136087415545,1.355835153635182,0.2851789422336624,7.407924322559599,0.0704584636485614,6240.0,1.483,1.2325602611778486,0.1683423662689282
TOI-5319 b,TOI-5319,1.3428648031925547,1.1118575154181305,0.1831545430978465,6.54534966033442,0.0493614295377241,3580.0,0.5,1.4655675420143983,0.314050237091108
TOI-532 b,TOI-532,1.9198594718553708,1.000631880307906,0.0,6.766191714660351,0.0291703772997798,3927.0,0.639,2.091864061678393,0.265772150814919
TOI-5322 b,TOI-5322,2.86856398764382,0.1988508587451652,0.0535407669280298,7.208600337960199,0.0586461954327334,5692.0,0.998,2.3702437414678603,0.2031312600670555
TOI-5340 b,TOI-5340,2.7773323932208,0.3576744442718158,0.1222176327242492,7.356918242356021,0.0609069349035213,5990.0,1.35,1.5040773967762742,0.19684603528339528
TOI-5344 b,TOI-5344,2.451323645646528,0.4725005094443227,0.0525924501191705,6.536691597591305,0.0396148662339798,3747.0,0.612,2.476538400117484,0.25672908857365007
TOI-5349 b,TOI-5349,2.4159137783010487,0.5068176023684519,0.0295588022415444,6.579251212010101,0.0362354925820954,3751.0,0.61,2.302585092994046,0.26599044094453245
TOI-5350 b,TOI-5350,2.5967126451408458,1.9501867058225737,0.0163653540862642,7.086737934510577,0.0765906021617125,6220.0,1.167,1.410986973710262,0.2237246428586703
TOI-5386 A b,TOI-5386 A,2.7540544361087766,0.2374408560150342,0.0695260626486102,7.305860032684009,0.047417794329153,6094.0,1.165,1.4816045409242156,0.20620390235305142
TOI-5388.01,TOI-5388,0.688134638736401,2.5572273113676265,0.1004659568237641,6.192362489474872,0.0240444562409565,3440.0,0.2919999999999999,1.7275764404511418,0.4997891180267465
TOI-5398 b,TOI-5398,2.424802725718295,0.2546422183735807,0.1222176327242492,6.854354502255021,0.0934903430873388,6000.0,1.146,0.5007752879124893,0.20270982155161765
TOI-5398 c,TOI-5398,1.5085119938441398,0.9162907318741552,0.1310282624064041,7.125283091510712,0.0554347068881005,6000.0,1.146,0.5007752879124893,0.20323371222279074
TOI-540 b,TOI-540,0.6434315883140125,1.7967470107390942,0.0,6.416732282512326,0.0121558177700126,3216.0,0.159,0.7419373447293773,0.4587136911952559
TOI-544 b,TOI-544,1.104594360345657,1.075002423028976,0.0,6.907755278982137,0.0222506089348197,4169.0,0.631,2.302585092994046,0.3209760496692782
TOI-544 c,TOI-544,1.7783364488959144,0.6891391591624065,0.2776317365982795,6.083191040444584,0.0971267107307227,4169.0,0.631,2.302585092994046,0.3189218875243594
TOI-5489 b,TOI-5489,0.8754687373538999,1.8066480817218056,0.0358496528936972,6.437751649736401,0.0971267107307227,3547.0,0.41,2.06888602774032,0.6087362966269148
TOI-5489 c,TOI-5489,0.8241754429663495,1.9035989509835904,0.0382587121170902,6.285998094508865,0.0971267107307227,3547.0,0.41,2.0083482515715905,0.6328561501686557
TOI-5542 b,TOI-5542,2.510400691554705,0.9555114450274363,0.017839918128331,6.091309882077698,0.2866815721181974,5700.0,0.89,2.468099531471619,0.3178674835421655
TOI-5573 b,TOI-5573,2.374905754573672,0.5074198306311578,0.0695260626486102,6.270988431858299,0.0687795153948257,3790.0,0.619,2.3702437414678603,0.31005004541784326
TOI-558 b,TOI-558,2.578165715373804,1.5040773967762742,0.2608246182818982,6.967909201801884,0.1214208552043394,6466.0,1.3490000000000002,1.0260415958332745,0.18476287608046094
TOI-559 b,TOI-559,2.582411233761733,1.908059924924216,0.1406311297397456,7.074116816197362,0.0698058742439629,5925.0,1.026,2.0541237336955462,0.20455561549822565
TOI-5592 b,TOI-5592,2.898656261435072,0.1988508587451652,0.060153922819747,7.489970898834801,0.0385955177593629,6237.0,1.194,1.5260563034950494,0.20442619383316935
TOI-5616 b,TOI-5616,2.466403178223441,1.269760544863939,0.0,6.84587987526405,0.0268366539535596,3996.0,0.6660000000000001,2.1041341542702074,0.23990594874853627
TOI-5634 A b,TOI-5634 A,2.435366204227864,1.269760544863939,0.0,6.731018100482083,0.0268366539535596,3896.0,0.556,2.128231705849268,0.25608287938369695
TOI-564 b,TOI-564,2.5203687054659367,0.9932517730102834,0.0695260626486102,7.44716835960004,0.026972937501426,5640.0,0.998,2.1162555148025524,0.20732516164863607
TOI-5678 b,TOI-5678,1.776645831418007,0.6564831961883539,0.1310282624064041,6.2422232654551655,0.2223432311434406,5485.0,0.905,2.251291798606496,0.34645266659568874
TOI-5688 A b,TOI-5688 A,2.424802725718295,0.4762341789963716,0.1204461530758671,6.610696044717759,0.0332316606821373,3713.0,0.6000000000000001,2.1041341542702074,0.24999627736198748
TOI-5704 b,TOI-5704,1.4415871468685992,1.000631880307906,0.0358496528936972,6.856535666090565,0.0971267107307227,4590.0,0.73,2.153388786631919,0.2918944085091115
TOI-5713 b,TOI-5713,1.0188473201992472,1.55814461804655,0.2151113796169455,5.852777027334088,0.0583443769742436,3225.0,0.2653,1.7047480922384253,0.5741881142564035
TOI-5716 b,TOI-5716,0.6729444732424258,1.827769906751088,0.0583632432969149,5.993961427306569,0.0971267107307227,3436.0,0.19,1.423108334242607,0.8136228885368187
TOI-5720 b,TOI-5720,0.7371640659767197,1.269760544863939,0.0586707141815617,6.563855526532128,0.0181227857795869,3325.0,0.383,1.791759469228055,0.4044846101628159
TOI-5726.01,TOI-5726,1.2680737297324596,1.2029723039923526,0.0,6.997623404909415,0.060329048727248,5874.0,1.06,1.5450060522747115,0.2985160880743859
TOI-5728 b,TOI-5728,0.8372475245337022,1.8794650496471603,0.0269340012400809,5.948034989180646,0.0971267107307227,3419.0,0.36,1.993297969856539,0.6979459747300774
TOI-5734 b,TOI-5734,1.324418957401803,1.1314021114911006,0.0612832284168985,6.670766320845874,0.0589290675292874,4790.0,0.736,1.9541617252530783,0.31762472242478407
TOI-5736 b,TOI-5736,0.9400072584914712,1.6882490928583902,0.0934903430873388,7.179307969504034,0.0971267107307227,3949.0,0.57,1.5882142759824738,0.42126743637352176
TOI-5786 b,TOI-5786,2.255493485460195,0.494696241836107,0.1353434997661809,6.947937068614969,0.1079571415050922,6235.0,1.23,1.252762968495368,0.2139469753894439
TOI-5788 b,TOI-5788,0.927428476284611,1.907193228976987,0.059211859631846,6.814542897259958,0.0620353909194526,5615.0,0.87,1.9050881545350584,0.44163273654521623
TOI-5788 c,TOI-5788,1.1854014187405006,1.3943838031771765,0.0449733656427311,6.504288173536645,0.1130607922840142,5615.0,0.87,1.9050881545350584,0.3915280311390739
TOI-5789 b,TOI-5789,0.8153648132841945,1.9198594718553708,0.0,7.091742115095153,0.0354443609331947,5185.0,0.821,2.341805806147327,0.42053132390102127
TOI-5789 c,TOI-5789,1.3506671834767394,0.7701082216960736,0.0648509723196163,6.577861357721047,0.0961280270942204,5185.0,0.821,2.341805806147327,0.3050913764221428
TOI-5789 d,TOI-5789,1.068153081183401,1.4770487243883548,0.0916671885258238,6.302618975744905,0.1617786555626252,5185.0,0.821,2.341805806147327,0.45035867642579974
TOI-5789 e,TOI-5789,1.4883995840570443,0.947789398933526,0.0685927914656117,6.052089168924417,0.2547197347489539,5185.0,0.821,2.341805806147327,0.4115218444619777
TOI-5795 b,TOI-5795,1.890095369948917,0.5481214085096876,0.2231435513142097,7.0368342743803725,0.0620353909194526,5715.0,0.901,2.4159137783010487,0.18801652904232458
TOI-5799 b,TOI-5799,1.005399906945931,1.578978704949392,0.0900874742807603,6.226536669287466,0.034208171329737,3452.0,0.325,2.360854001118021,0.4611653334339085
TOI-5799 c,TOI-5799,1.015230679729059,1.5644405465033646,0.0799196231758734,5.823045895483019,0.0752929840354313,3452.0,0.325,2.360854001118021,0.609923590468601
TOI-5800 b,TOI-5800,1.2412685890696329,1.4951487660319729,0.262364264467491,7.011213987350367,0.0338215484755106,4850.0,0.7779999999999999,2.2082744135228043,0.27583442154288434
TOI-5803 b,TOI-5803,1.4523629610895954,0.9858167945227652,0.0,6.5219016034230135,0.0971267107307227,5134.0,0.87,1.0002641656503335,0.334436036557544
TOI-5817 b,TOI-5817,1.4060969884160703,1.075002423028976,0.1823215567939546,6.85751406254539,0.1153801510400731,5770.0,0.97,2.3702437414678603,0.24840744436221862
TOI-5938 b,TOI-5938,1.5727739280625088,0.8671004876833832,0.035077526612696,6.982862751468942,0.0303351997960729,4650.0,0.744,2.089020516460159,0.2525433677255988
TOI-6000 b,TOI-6000,0.6626879730752367,1.8164520818184269,0.0402778464985701,7.02197642307216,0.0971267107307227,3419.0,0.37,1.8899443011367856,0.5728400024627158
TOI-6002 b,TOI-6002,0.9745596399981308,1.631199404215613,0.1397619423751586,5.775793010632473,0.0556428214653858,3229.0,0.2101,1.9947003132247447,0.6912355328779756
TOI-6008 b,TOI-6008,0.708035793053696,1.269760544863939,0.0636037093371394,6.56244409369372,0.0107193420189639,3075.0,0.23,1.3862943611198906,0.3996917234998952
TOI-6016 b,TOI-6016,2.6861423980777293,0.5933268452777344,0.0,7.544861068658458,0.0535407669280298,6110.0,1.31,0.262364264467491,0.18415955597741562
TOI-6029 b,TOI-6029,2.733869412662715,0.6719235441083187,0.0870947068509337,7.3031700512368,0.0971267107307227,6223.0,1.548,1.1969481893889715,0.20169722268020202
TOI-6034 b,TOI-6034,2.558776498354456,0.598836501088704,0.0392207131532812,6.572282542694008,0.0290635339853986,3635.0,0.514,2.174751721484161,0.27010154648280577
TOI-6038 A b,TOI-6038 A,2.002830439307996,0.9631743177730056,0.0772387803408021,7.272398392570047,0.0667236320429081,6110.0,1.291,1.536867219599265,0.2134176662663844
TOI-6041 b,TOI-6041,1.713797927758343,1.0260415958332745,0.1718502569266592,6.407869595254481,0.1528069202437584,5445.0,0.8850000000000001,2.186051276738094,0.3283091077626158
TOI-6041 c,TOI-6041,2.4423470353692043,0.3148107398400335,0.1774848789024274,6.002651736498547,0.3163424129449924,5445.0,0.8850000000000001,2.186051276738094,0.39043242444083004
TOI-6054.01,TOI-6054,1.2919836816486494,1.547562508716013,0.151862349309246,7.215975002651466,0.0735292332881155,6047.0,1.1069999999999998,1.9459101490553128,0.27757473279195527
TOI-6054.02,TOI-6054,1.3402504226184837,1.1786549963416462,0.2866815721181974,7.042286171939743,0.1024663315444901,6047.0,1.1069999999999998,1.9459101490553128,0.23376746822997616
TOI-6086 b,TOI-6086,0.7793248768009976,1.9300710850255671,0.0275431800061717,6.453624998892692,0.0152924718182936,3200.0,0.254,1.0986122886681096,0.48653707734529855
TOI-6109 b,TOI-6109,1.7699227746188806,0.6931471805599453,0.0839734337761786,6.55250788703459,0.0581745640510721,5660.0,1.03,0.0723206615796261,0.25226940608640547
TOI-6109 c,TOI-6109,1.7634628700729411,0.6981347220709844,0.107148915517043,6.668228248417403,0.0756639039209896,5660.0,1.03,0.0723206615796261,0.23509043964929938
TOI-6130 b,TOI-6130,2.7309522880806663,0.494696241836107,0.0353671438372913,7.467942332285852,0.0353671438372913,6110.0,1.31,0.262364264467491,0.17627648837571835
TOI-615 b,TOI-615,2.994571816984648,0.0806579030174544,0.3293037471426004,7.418780882750794,0.0656004570839488,6850.0,1.449,0.9932517730102834,0.14767011160012156
TOI-620 b,TOI-620,1.5602476682433286,0.8796267475025636,0.1988508587451652,6.404567082345357,0.0471221070687349,3708.0,0.577,2.1041341542702074,0.29969027822488686
TOI-622 b,TOI-622,2.325930466758287,0.4101209196443584,0.3506568716131693,7.236339342754344,0.0684060326640604,6400.0,1.3130000000000002,0.6418538861723948,0.1389922554220821
TOI-6223 b,TOI-6223,1.803358605071407,0.6693666518945418,0.0790144869280257,6.572282542694008,0.0393937751002755,3895.0,0.5819999999999999,2.379546134130174,0.26784091457599296
TOI-6255 b,TOI-6255,0.7318870088758759,1.9878743481543453,0.0,7.136849092322843,0.0971267107307227,3421.0,0.353,2.180417459019838,0.5943897189902689
TOI-628 b,TOI-628,2.555795278746248,2.0255131996542803,0.0695260626486102,7.369600720526409,0.0474559411562953,6250.0,1.311,0.8241754429663495,0.18914721242230115
TOI-6303 b,TOI-6303,2.532902848056256,2.2844211223663744,0.0198026272961797,6.295266001439646,0.0733433942242095,3977.0,0.644,2.0014800002101243,0.3307607552408522
TOI-6324 b,TOI-6324,0.7222204280456523,1.8578592709325787,0.0,7.104144092987527,0.0971267107307227,3247.0,0.269,1.3394647737630927,0.6746496461480451
TOI-6330 b,TOI-6330,2.4756977107026907,2.6789646202071133,0.29266961396282,6.206575926724928,0.0560305558249258,3539.0,0.531,2.151762203259462,0.29287293046145113
TOI-6383 A b,TOI-6383 A,2.5087859235779435,0.8153648132841945,0.048790164169432,6.61472560020376,0.022661282543079,3444.0,0.4580000000000001,2.0255131996542803,0.25690052688636367
TOI-640 b,TOI-640,3.00960790024442,0.1292723357041391,0.0129162252665463,7.504942068396171,0.0639883698320899,6460.0,1.536,1.095273387402595,0.2101807457606012
TOI-6420 b,TOI-6420,2.560135052655692,2.2407096892759584,0.0751074724868054,7.101675971619444,0.0725996924143435,6020.0,1.165,1.6863989535702286,0.21358852570254042
TOI-6448 b,TOI-6448,2.248550086704862,0.3974329364109001,0.1823215567939546,6.61472560020376,0.1231021971339834,5910.0,1.03,0.0334347760862373,0.21851074592673075
TOI-6478 b,TOI-6478,1.7227665977411035,0.7323678937132266,0.1492817027157543,5.324959297494458,0.1075980105980181,3230.0,0.23,1.9459101490553128,0.6965846078462858
TOI-654.01,TOI-654,1.2172838183856085,1.5238800240724537,0.0,6.678342114654332,0.0192534569218866,3521.0,0.4189999999999999,1.316408233655724,0.354249393801519
TOI-663 b,TOI-663,1.184789984909162,1.1216775615991057,0.151862349309246,6.51471269087253,0.029073247485707,3681.0,0.514,1.2537624688284514,0.3331436183944417
TOI-663 c,TOI-663,1.181727195378616,1.0043016091968684,0.1090337610241223,6.317164686747284,0.0427720918438689,3681.0,0.514,1.5593018429403034,0.36798081695213963
TOI-663 d,TOI-663,1.0715836162801904,1.6094379124341005,0.050921225178386,6.180016653652572,0.0560021901152847,3681.0,0.514,1.5501124463492857,0.4723693960499676
TOI-6651 b,TOI-6651,1.8066480817218056,1.258460989610006,0.0870947068509337,7.309212365692763,0.0613772796749034,5940.0,1.323,1.5496879080283263,0.23936140147656249
TOI-669 b,TOI-669,1.2770554648129648,1.42791603581071,0.0,7.026293584905669,0.0468835858988504,5597.0,0.9245,2.186051276738094,0.31085438749472716
TOI-6692 b,TOI-6692,2.540006854978209,0.5187937934151676,0.4298324645564588,6.148468295917647,0.4134332777573413,5890.0,1.0469999999999997,2.174751721484161,0.31472426551454463
TOI-6695 b,TOI-6695,2.35400357059585,0.3435897043900769,0.0392207131532812,6.396929655216146,0.3378997886123983,6400.0,1.338,1.1314021114911006,0.3170156982908815
TOI-6695 c,TOI-6695,2.681021528714291,0.6981347220709844,0.0217614917815126,6.030685260261263,0.6086780239334952,6400.0,1.338,1.1314021114911006,0.40292614301179364
TOI-672 b,TOI-672,1.8342440808342104,0.6471032420585385,0.1562342220306362,6.51789281410138,0.0971267107307227,3765.0,0.5399,1.8206870043012355,0.3385498567450576
TOI-674 b,TOI-674,1.8325814637483104,0.6471032420585385,0.0,6.455198563340122,0.0246926125903715,3514.0,0.4199999999999999,2.261554743436054,0.3002350592722556
TOI-677 b,TOI-677,2.647203163469878,0.6703901934373291,0.3784364357202451,7.133295954896068,0.0990305234629542,6295.0,1.181,1.366091653802371,0.1655609351768444
TOI-682.01,TOI-682,1.5564294637995446,0.8837675401685949,0.1802360503029331,6.994849985833071,0.0971267107307227,5085.0,0.8500000000000001,2.0617993290064933,0.2370334725098948
TOI-6894 b,TOI-6894,2.359313050311989,0.288181947493432,0.0285874568519125,6.037632227952989,0.0257067323434054,3007.0,0.207,1.7438114503547095,0.3709129601242955
TOI-700 b,TOI-700,0.6491952930307625,1.803358605071407,0.0723206615796261,6.035481432524756,0.0655068022021196,3459.0,0.415,0.9162907318741552,0.5426976950182841
TOI-700 c,TOI-700,1.2809338454620645,1.184789984909162,0.0657877405380031,5.877735781779639,0.0888347137004907,3459.0,0.415,0.9162907318741552,0.4857222907082953
TOI-700 d,TOI-700,0.7289968334536425,1.8809906029559973,0.0411419433311751,5.597680943773655,0.1512607938405836,3459.0,0.415,0.9162907318741552,0.9184045267050994
TOI-700 e,TOI-700,0.6693666518945418,1.8229350866965048,0.0573250666192694,5.612763076269032,0.1257512053055603,3459.0,0.415,0.9162907318741552,0.8381340500883684
TOI-7009 b,TOI-7009,1.5496879080283263,0.8878912573524571,0.0878277103655201,6.771935555839602,0.0282958691548473,4080.0,0.583,1.918392120161421,0.2591698885462457
TOI-7041 b,TOI-7041,2.5203671217990395,0.3513608491149635,0.0392207131532812,6.783744138884628,0.0971267107307227,4700.0,1.07,2.424802725718295,0.2299548339188277
TOI-712 b,TOI-712,1.1148136680061178,1.410986973710262,0.4317824164255378,6.478509642208569,0.0762941521484246,4622.0,0.732,0.6043159668533296,0.33339456460985056
TOI-712 c,TOI-712,1.308603053404019,1.1505720275988207,0.0852598439508234,5.915932484495545,0.2188945370247948,4622.0,0.732,0.6043159668533296,0.46201945342730716
TOI-712 d,TOI-712,1.2453066678189133,1.229640551074514,0.0704584636485614,5.751301990624177,0.2930426786938769,4622.0,0.732,0.6043159668533296,0.6353574638765906
TOI-7149 b,TOI-7149,2.653241964607215,0.4252677354043441,0.0751074724868054,6.386879319362645,0.025696986087186,3363.0,0.344,2.174751721484161,0.29597998422543603
TOI-715 b,TOI-715,0.9360933591703348,1.6974487897568138,0.039092820359962,5.459585514144159,0.0797349680188535,3075.0,0.225,1.9740810260220096,0.9201516191764912
TOI-7166 b,TOI-7166,1.1019400787607845,1.430311246536665,0.0,5.521460917862246,0.0600691734659101,3099.0,0.19,1.6094379124341005,0.8238062054965443
TOI-733 b,TOI-733,1.0959420601122307,1.6054298910365616,0.0449733656427311,6.963000753208116,0.059965581167434,5585.0,0.9559999999999998,1.6863989535702286,0.3664522355353266
TOI-7384 b,TOI-7384,1.5173226235262949,0.9202827531436926,0.3364722366212129,5.937536205082426,0.0429636994321156,3185.0,0.318,1.7279318064818896,0.3632782655568518
TOI-7510 b,TOI-7510,2.1174596088673567,0.2271355725837472,0.055623903747997,6.778784897685177,0.0970359625115942,5720.0,1.063,1.6863989535702286,0.2548360273775195
TOI-7510 c,TOI-7510,2.468946630209271,0.4529846240761407,0.009058844488346,6.555356891810665,0.1479888777134493,5720.0,1.063,1.6863989535702286,0.3005995994803063
TOI-7510 d,TOI-7510,2.444084655267745,0.636576829071551,0.0392207131532812,6.297845696992248,0.2368097420780243,5720.0,1.063,1.6863989535702286,0.3420252618971144
TOI-756 b,TOI-756,1.3376291891386096,1.229640551074514,0.0,6.840546529288687,0.017839918128331,3657.0,0.505,1.4350845252893227,0.2892250104192754
TOI-756 c,TOI-756,2.639057329615259,1.4398351280479205,0.3681093215643954,5.272999558563747,0.3639484279052307,3657.0,0.505,1.4350845252893227,0.40583420840866496
TOI-757 b,TOI-757,1.252762968495368,1.5260563034950494,0.3293037471426004,6.464588303689961,0.1151128071005045,5278.0,0.8,2.1400661634962708,0.35267613180298557
TOI-762 A b,TOI-762 A,2.2342507517712926,0.5653138090500605,0.0797349680188535,6.321487460049288,0.0336088421737679,3266.0,0.442,2.33214389523559,0.29494195623304764
TOI-763 b,TOI-763,1.1878434223960523,1.706564623164823,0.0392207131532812,6.946013991099227,0.0582689081239757,5450.0,0.917,1.737655210234854,0.35531030046140455
TOI-763 c,TOI-763,1.289232648276759,1.3402504226184837,0.0392207131532812,6.68586094706836,0.0963096801374083,5450.0,0.917,1.7399397204982587,0.3402800340738495
TOI-771 b,TOI-771,0.8586616190375187,1.8562979903656265,0.0535407669280298,6.298949246855942,0.0205866336083883,3370.0,0.22,2.0412203288596382,0.5116788551504915
TOI-771 c,TOI-771,0.9162907318741552,1.7351891177396608,0.0629747991613884,5.902633333401366,0.0449733656427311,3370.0,0.22,2.0412203288596382,0.6043689568376829
TOI-776 b,TOI-776,1.0289048762432895,1.7578579175523736,0.0506931143155181,6.255750041753367,0.0632564496350148,3725.0,0.542,1.9600947840472696,0.49493305707225477
TOI-776 c,TOI-776,1.114157500003572,1.6863989535702286,0.0852598439508234,6.042632833682381,0.0954010847632529,3725.0,0.542,1.9600947840472696,0.5139132189642422
TOI-778 b,TOI-778,2.797281334830153,0.832909122935104,0.1906203596086497,7.353722330399631,0.0582689081239757,6643.0,1.4,1.0818051703517284,0.1758583177106986
TOI-782 b,TOI-782,1.317480045119531,1.269760544863939,0.173953307123438,6.077642243349034,0.0561912796497424,3370.0,0.397,1.4063445068004754,0.4020401634666349
TOI-784 b,HD 307842,1.075002423028976,2.128231705849268,0.0,7.136483208590247,0.0372957847436968,5558.0,0.91,1.8873726334310013,0.3948645314250433
TOI-813 b,TOI-813,2.0425181875752383,0.5080216964332565,0.0,6.415096959171596,0.3527673191077153,5907.0,1.32,1.5539252025038417,0.32873824432261145
TOI-815 b,TOI-815,1.3711807233098423,0.9707789171582246,0.1823215567939546,6.532334292222349,0.086452887730199,4869.0,0.776,0.1823215567939546,0.2702378218838386
TOI-815 c,TOI-815,1.2864740258376797,2.1041341542702074,0.1988508587451652,6.152732694704104,0.1764711431157789,4869.0,0.776,0.1823215567939546,0.4211467811958389
TOI-824 b,TOI-824,1.3676210958542694,1.615419984111648,0.009950330853168,7.134093721192866,0.0215364175305246,4600.0,0.71,2.1400661634962708,0.2998021326587763
TOI-833 b,TOI-833,0.8197798314933114,1.912501086924184,0.035463664275569,7.020190708311925,0.0169554406494134,3920.0,0.61,1.9706027616456847,0.4122710550869359
TOI-836 b,TOI-836,0.9947321581807176,1.7950872593207297,0.0516432331518384,6.77078942390898,0.0413338634929772,4552.0,0.678,1.8562979903656265,0.4266078203423483
TOI-836.01,TOI-836,1.2773161985501456,1.4011829736136412,0.0751074724868054,6.501289670540389,0.0723206615796261,4552.0,0.678,1.8562979903656265,0.36857139979131326
TOI-837 b,TOI-837,2.319338587189346,0.636576829071551,0.0,6.90404841705081,0.0850761723551192,5995.0,1.142,0.0344014267173324,0.20695953269622464
TOI-849 b,TOI-849,1.534714366238164,1.88706964903238,0.0,7.566828479208331,0.0153811020383023,5257.0,0.97,2.0412203288596382,0.32004284939492894
TOI-858 B b,TOI-858 B,2.712524893383951,0.5247285289349821,0.1397619423751586,7.333023014386481,0.043394682319189,5842.0,1.081,2.0541237336955462,0.19521821140856183
TOI-871 b,TOI-871,0.9798287526781426,1.623340817603092,0.0670042287804738,6.432940092739179,0.1002072604170255,4929.0,0.758,1.9315214116032136,0.4701837520444233
TOI-880 c,TOI-880,1.7833912195575383,0.6846108495376589,0.0357531697058178,6.692083742506628,0.0615653556581548,5050.0,0.87,1.824549292051045,0.2835714313397286
TOI-880.02,TOI-880,1.1600209167967532,1.3454723665996355,0.049742091894814,6.990256500493881,0.0343048036919903,5050.0,0.87,1.824549292051045,0.32302429133620497
TOI-892 b,TOI-892,2.564459237372306,0.6739643611431714,0.1177830356563834,7.242797922793756,0.0880108773227133,6261.0,1.2800000000000002,1.1631508098056809,0.19877946545340797
TOI-904 b,TOI-904,1.2313933999019282,1.249901736214336,0.1715133580773512,6.0647847090206914,0.0544881852840697,3770.2,0.557,0.9162907318741552,0.3762328023556306
TOI-904 c,TOI-904,1.1527847675565026,1.355835153635182,0.2602080954510258,5.385687012684944,0.2715526905218973,3770.2,0.557,0.9162907318741552,0.7950829616992315
TOI-905 b,TOI-905,2.647998594248006,0.4154154389613325,0.023716526617316,7.084226422097916,0.0456041418050158,5570.0,0.968,1.4816045409242156,0.22677884626916855
TOI-907.01,TOI-907,2.3623514736857274,0.346422567474381,0.009058844488346,7.52164277855645,0.0537544701582185,6272.0,1.069357,1.6068746300309356,0.21373845677882136
TOI-908 b,TOI-908,1.431745624023808,1.3196202278518978,0.1239859797809912,7.183870715062453,0.0408127144771956,5626.0,0.95,1.7227665977411035,0.25513214632603126
TOI-912 b,TOI-912,1.075002423028976,1.6094379124341005,0.4574248470388754,6.313548046277095,0.0401817896328318,3572.0,0.418,0.5877866649021191,0.3712616305961385
TOI-913 b,TOI-913,1.2391854960816784,1.2383742310432684,0.0,6.569495445561385,0.0971267107307227,4969.0,0.8200000000000001,1.699461415081689,0.3732861107367306
TOI-942 b,TOI-942,1.5871923034867808,1.269760544863939,0.29266961396282,7.02197642307216,0.0475131586686842,4969.0,0.822,0.0516432331518384,0.19336469190194727
TOI-942 c,TOI-942,1.7351891177396608,1.269760544863939,0.2776317365982795,6.7864799021953,0.0824828051359017,4969.0,0.822,0.0516432331518384,0.22174147937444086
TOI-954 b,TOI-954,2.356132305398934,0.300104592450338,0.1310282624064041,7.331060305218632,0.048437721116294,5710.0,1.201,1.965712776351493,0.19678885269177354
TOI-969 b,TOI-969,1.325747861251857,1.205970806988609,0.0453557017207972,6.848005274576363,0.0260185623985535,4435.0,0.734,1.1085626195212777,0.2885266826315476
TYC 2187-512-1 b,TYC 2187-512-1,2.602689685444384,0.258510695151501,0.048790164169432,5.835395361458093,0.7975071958841881,3734.0,0.4979999999999999,1.4026597152061548,0.31038973292666616
TrES-1 b,TrES-1,2.6149234359124165,0.5376622777195503,0.0,7.039660349862076,0.0384992991506097,5230.0,1.04,1.547562508716013,0.2337258369292064
TrES-2 b,TrES-2,2.7877383844009445,0.6333971761541713,0.0,7.290974778142981,0.035058215815063,5850.0,1.36,1.515127232962859,0.22167563248348957
TrES-3 b,TrES-3,2.7710250002635983,0.6901426715396466,0.0,7.40184157874383,0.0225635184087514,5650.0,0.9280000000000002,0.6418538861723948,0.19909860553719907
TrES-4 b,TrES-4,2.9468828326277268,0.0944006754214843,0.0,7.483806687665835,0.0495898443399963,6200.0,1.08,1.1631508098056809,0.21632283611078204
TrES-5 b,TrES-5,2.666084914383539,0.8372475245337022,0.0,7.300472814267799,0.0242925325690317,5171.0,0.901,2.128231705849268,0.22189593114222106
UKIRT-2017-BLG-001L b,UKIRT-2017-BLG-001L,2.6878474937846906,0.6259384308664953,0.2464224822004782,6.324358962381311,1.6448050562713916,5549.0,0.81,2.16243757629466,0.25116419246420096
UZ For c,UZ For,1.3453561970918029,1.269760544863939,0.048790164169432,4.159507888128514,1.33500106673234,5286.9,0.7,2.01743315039589,0.35871750760315474
V1298 Tau b,V1298 Tau,2.342766882626877,0.0861776962410523,0.0078689583786951,6.502790045915623,0.1557208749967756,4970.0,1.1,0.0198026272961797,0.2682135460698878
V1298 Tau c,V1298 Tau,1.805004695978076,0.1823215567939545,0.0093560949240249,6.860663671448287,0.0791807978744412,4970.0,1.1,0.0198026272961797,0.21282187576155487
V1298 Tau d,V1298 Tau,2.018895041811802,0.1133286853070031,0.0086623730786526,6.723832440821209,0.1026468369601427,4970.0,1.1,0.0198026272961797,0.23081581457751366
V1298 Tau e,V1298 Tau,2.413231613081109,0.0769610411361283,0.0123237496888319,6.269096283706261,0.2381503834207318,4970.0,1.1,0.0198026272961797,0.31055239922973604
V830 Tau b,V830 Tau,2.70805020110221,0.3688011237365728,0.0,7.283742828215092,0.0554347068881005,4250.0,1.0,0.0021975835434872,0.17289705024895627
WASP-1 b,WASP-1,2.8692048670822325,0.2986220124901153,0.0,7.502738210754851,0.0381528354825208,6110.0,1.2400000000000002,1.4816045409242156,0.2173726705390178
WASP-10 b,WASP-10,2.573070140617305,1.6370530794670737,0.0462154237969629,7.223295679562314,0.0371127236730491,4675.0,0.75,2.079441541679836,0.21396832428667462
WASP-100 b,WASP-100,2.7668202415000653,0.4252677354043441,0.0,7.692113339595466,0.0447247687795081,6900.0,0.77,0.9439058989071284,0.19735994166780016
WASP-101 b,WASP-101,2.834910138979272,0.2151113796169455,0.0,7.353081920515432,0.0493328740186542,6380.0,1.41,0.76080582903376,0.19828031898306878
WASP-102 b,WASP-102,2.7668186278422127,0.2776317365982795,0.0,7.421775793644647,0.0401817896328318,5990.0,1.08,0.5128236264286637,0.192385633800574
WASP-104 b,WASP-104,2.620675121617209,0.7294791098073357,0.0,7.324489979348532,0.0287623686676516,5475.0,1.076,1.3862943611198906,0.22253878030040075
WASP-105 b,WASP-105,2.464758362758378,1.2947271675944,0.0,6.803505257608338,0.0723206615796261,5070.0,0.89,1.7317440368180683,0.25828854005922086
WASP-106 b,WASP-106,2.5730471859818063,1.0508216248317612,0.0227394869694894,7.039660349862076,0.0862694351521757,6002.0,1.175,1.252762968495368,0.22768840853219863
WASP-107 b,WASP-107,2.44551245492097,0.1257512053055603,0.0582689081239757,6.602587892189336,0.0535407669280298,4425.0,0.6829999999999999,1.4816045409242156,0.2753230575146838
WASP-107 c,WASP-107,2.653241964607215,0.2429461786103894,0.2468600779315258,5.845253101326085,0.0971267107307227,4425.0,0.6829999999999999,1.4816045409242156,0.3385115343606275
WASP-108 b,WASP-108,2.7808125604678424,0.3903047686999992,0.0,7.371489295214277,0.0971267107307227,6783.0,1.167,1.7298840655099674,0.21337575425963629
WASP-11 b,WASP-11,2.5983833896105835,0.4898062565419153,0.0,6.900730664045173,0.0425804475351183,4800.0,1.4199999999999997,2.151762203259462,0.2411342485827517
WASP-110 b,WASP-110,2.652746791324933,0.3339927366287319,0.0,7.055312843339752,0.0971267107307227,5392.0,0.8139999999999998,2.4849066497880004,0.22218680448646935
WASP-113 b,WASP-113,2.820990775389588,0.2053868297249507,0.0,7.311218384419629,0.0571834135274538,5890.0,1.318,1.9740810260220096,0.22100294263585957
WASP-114 b,WASP-114,2.773141756787981,0.6780335427498971,0.0119285708652738,7.622663951323595,0.0281111529610311,5940.0,1.289,1.667706820558076,0.21607619024496255
WASP-116 b,WASP-116,2.6861423980777293,0.3576744442718158,0.0,7.254884810077338,0.0629747991613884,6250.0,1.25,0.9932517730102834,0.2128931530419848
WASP-117 b,WASP-117,2.555795278746248,0.2960221967267823,0.262364264467491,6.90975328164481,0.0903798639285951,6040.0,1.29,1.7227665977411035,0.19928764157966125
WASP-118 b,WASP-118,2.8414709209360587,0.2094502241822072,0.0,7.455876687491824,0.0530951700341465,6410.0,1.32,0.7747271675523681,0.19749372796232711
WASP-119 b,WASP-119,2.814965507446335,0.5306282510621704,0.0563803334361076,7.378383712996714,0.0356566772080346,5650.0,1.02,2.19722457733622,0.21068047298734188
WASP-120 b,WASP-120,2.808226291019569,1.204204877394898,0.0554347068881005,7.467371066917559,0.0501226094032106,6450.0,1.393,0.5306282510621704,0.17657652993114326
WASP-123 b,WASP-123,2.7808125604678424,0.3992411125027164,0.0,7.313886831633462,0.041746367156199,5740.0,1.166,2.066862759472976,0.22206296874508608
WASP-124 b,WASP-124,2.70130483552331,0.3576744442718158,0.0168571170664229,7.244941546337007,0.0439211870579281,6050.0,1.07,1.1314021114911006,0.21795334798300733
WASP-126 b,WASP-126,2.443527879637234,0.3435897043900769,0.1655144384775733,7.300472814267799,0.0439211870579281,5800.0,1.12,2.0014800002101243,0.19190502286157132
WASP-126 c,WASP-126,2.339880877737743,0.3555743384946994,0.048790164169432,6.875572938271185,0.0971267107307227,5800.0,1.12,2.0014800002101243,0.2420056569908475
WASP-127 b,WASP-127,2.753342126579356,0.0925791812930932,0.0,7.244941546337007,0.0472651924671142,5620.0,0.95,2.518502599216516,0.20079183948824875
WASP-129 b,WASP-129,2.435748793027932,0.9555114450274363,0.0916671885258238,7.00397413672268,0.0609069349035213,5900.0,1.0,0.6931471805599453,0.1980877542430723
WASP-13 b,WASP-13,2.686144002851221,0.2004888607494035,0.0,7.334329350300536,0.0522318538028349,5950.0,0.7199999999999999,1.791759469228055,0.22032436813735046
WASP-130 b,WASP-130,2.395711982061832,1.205970806988609,0.0,6.726233402358747,0.0964004942863152,5625.0,1.04,1.0986122886681096,0.27290897333547803
WASP-131 b,WASP-131,2.6907148307429103,0.1792142340632317,0.0,7.2868764117507,0.059023340449461,5990.0,1.06,2.079441541679836,0.22062681619421826
WASP-132 b,WASP-132,2.406881287362856,0.5481214085096876,0.0161685811615837,6.52649485957079,0.0652257849177074,4686.0,0.7889999999999999,2.1041341542702074,0.2942647852566649
WASP-132 c,WASP-132,1.044156102872051,1.867176108512809,0.0,7.1929342212158,0.0181640306276693,4686.0,0.7889999999999999,2.1041341542702074,0.3929826176394179
WASP-132 d,WASP-132,2.624668592163159,1.667706820558076,0.1133286853070031,4.68213122712422,1.3110318766193438,4686.0,0.7889999999999999,2.1041341542702074,0.2899161573162855
WASP-133 b,WASP-133,2.678476512083192,0.6312717768418579,0.1570037488096647,7.490529402060711,0.0339182182034606,5700.0,1.16,2.0541237336955462,0.19146345977977663
WASP-135 b,WASP-135,2.7454551642145693,0.7701082216960736,0.0,7.247550559600282,0.0240094524603518,5675.0,0.98,0.4700036292457356,0.19533933704003845
WASP-136 b,WASP-136,2.879954971630695,0.4596546376879476,0.0,7.396948602621014,0.0640071299742922,6250.0,1.41,1.5303947050936475,0.21632481037003728
WASP-138 b,WASP-138,2.5815651626069256,0.7884573603642702,0.0802888312288029,7.372118028337787,0.0482185722704743,6272.0,1.22,1.4906543764441331,0.20119791297115108
WASP-139 b,WASP-139,2.2992997020025165,0.2700271372130601,0.0,6.814542897259958,0.060153922819747,5310.0,0.9200000000000002,0.4054651081081644,0.22994216212642166
WASP-14 b,WASP-14,2.8014446075902093,1.1786549963416462,0.0861776962410523,7.535296702444088,0.0363319292473902,6475.0,1.62,0.5596157879354227,0.17015733835745483
WASP-140 b,WASP-140,2.7236220277710426,0.9470817842922428,0.0459289318883998,7.147559271189454,0.0317893224894072,5300.0,0.9,0.4054651081081644,0.18821600542825606
WASP-141 b,WASP-141,2.678476512083192,1.091923300517313,0.0,7.340186835320115,0.0458334163431722,5900.0,1.25,1.791759469228055,0.22065243756254493
WASP-142 b,WASP-142,2.898657888454258,0.2700271372130601,0.0,7.601402334583733,0.0341115296287678,6010.0,1.33,1.0986122886681096,0.21786993626849557
WASP-144 b,WASP-144,2.3540051293494937,0.6678293725756554,0.0,7.139660335964919,0.0311109950250526,5200.0,0.81,2.2731562823032334,0.22152761471495558
WASP-145 A b,WASP-145 A,2.405872461165897,0.9555114450274363,0.0,7.090909822079984,0.0257652078860264,4900.0,0.76,2.0781907597781832,0.22834793992470304
WASP-147 b,WASP-147,2.60254411929459,0.233489843368354,0.0,7.247792581767846,0.0534459757056259,5702.0,1.044,2.248128907197987,0.22050126553225463
WASP-148 b,WASP-148,2.248550086704862,0.6048622656923737,0.1889660995126232,6.846943139585379,0.0789498029784012,5555.0,0.954,1.5260563034950494,0.22297423018599524
WASP-148 c,WASP-148,2.7013612129514133,0.2271355725837472,0.1662768596250988,6.3818160174060985,0.1859815176254417,5555.0,0.954,1.5260563034950494,0.3067655829851602
WASP-149 b,WASP-149,2.7877367684422287,0.3987761199573678,0.0,7.526178913346146,0.023716526617316,5750.0,1.05,0.4700036292457356,0.19192097862760632
WASP-15 b,WASP-15,2.821658014116117,0.233489843368354,0.0,7.424761761823209,0.0503603593389492,6300.0,1.18,1.2237754316221157,0.21595307338695202
WASP-150 b,WASP-150,2.564459237372306,2.255493485460195,0.3202702620449325,7.2868764117507,0.0670977435324941,6218.0,1.394,1.3737155789130306,0.16570297856474436
WASP-151 b,WASP-151,2.6606133271224017,0.2236642157449573,0.0,7.180069874302796,0.0535407669280298,5871.0,1.081,1.871802176901592,0.22526662034113026
WASP-153 b,WASP-153,2.9109339006090424,0.1397619423751586,0.0089597413714719,7.438971592395862,0.0468835858988504,5914.0,1.336,1.6094379124341005,0.21783154789220552
WASP-154 b,WASP-154,2.464756787162611,0.6312717768418579,0.0,6.902742737158593,0.0430594894604469,4774.0,0.8,2.124414907322567,0.2442258551843726
WASP-155 b,WASP-155,2.6707481736670275,0.4824261492442927,0.0,7.292337176173877,0.0421011760186353,5660.0,1.09,0.9932517730102834,0.21673039701666713
WASP-156 b,WASP-156,1.9499061757237728,0.7178397931503169,0.0,6.841081145714145,0.0447821427718931,4987.0,0.8711999999999999,1.88706964903238,0.26040360500793197
WASP-157 b,WASP-157,2.5006159434931803,0.494696241836107,0.0,7.085064293952548,0.0486949215387585,5772.0,1.06,0.9555114450274363,0.2219082412945021
WASP-158 b,WASP-158,2.564459237372306,1.410986973710262,0.0,7.372118028337787,0.0504079025438456,6350.0,1.3799999999999997,1.075002423028976,0.21419555558109052
WASP-159 b,WASP-159,2.8014446075902093,0.2468600779315258,0.0,7.523481312573497,0.0524026787930483,6120.0,1.41,1.4816045409242156,0.21736437043269108
WASP-16 b,WASP-16,2.686144002851221,0.4523486940070148,0.0,7.237059026124737,0.0406619817188896,5700.0,1.7800000000000002,2.26176309847379,0.21721987789031588
WASP-160 B b,WASP-160 B,2.5815651626069256,0.2499802052677694,0.0,7.02108396428914,0.0442082546643203,5298.0,0.87,2.374905754573672,0.22465512465890375
WASP-161 b,WASP-161,2.6255295982026485,1.1631508098056809,0.1330087560738304,7.351158226430694,0.0651320949377822,6400.0,1.3899999999999997,1.131079478805611,0.1905398842166268
WASP-162 b,WASP-162,2.5021733846867185,2.066862759472976,0.3604677421774286,6.814542897259958,0.0835136002278176,5300.0,0.95,2.6369121732688705,0.16754994690351943
WASP-163 b,WASP-163,2.672299907072257,0.8837675401685949,0.0174989955807642,7.40184157874383,0.0262523711440657,5500.0,0.97,2.0373166153791646,0.21784364450532015
WASP-164 b,WASP-164,2.613281687903372,1.085189268335969,0.0,7.384610383176974,0.027790248981499,5806.0,0.946,1.6253112615903906,0.2207067919005906
WASP-165 b,WASP-165,2.7162392458275906,0.3646431135879092,0.0,7.393263094763838,0.0471030274686428,5599.0,1.248,1.752672080520008,0.2213060805252452
WASP-166 b,WASP-166,2.087120731086181,0.4317824164255378,0.0,7.147559271189454,0.0621293714655487,6050.0,1.19,1.1314021114911006,0.22625655878920548
WASP-167 b,WASP-167,2.9290698986348267,1.269760544863939,0.0124857278774402,7.753623546559746,0.0358496528936972,7000.0,1.5900000000000003,0.8285518175661483,0.18623908817207363
WASP-168 b,WASP-168,2.879956596803936,0.1484200051182732,0.0,7.201170883281678,0.0505980527630913,6000.0,1.08,1.601405740736836,0.22335231178206716
WASP-169 b,WASP-169,2.7483303528521814,0.2851789422336624,0.0,7.380879035564116,0.0658813691135127,6110.0,1.3370000000000002,1.5690324977990615,0.21810137587052206
WASP-17 b,WASP-17,3.0892604119197933,0.0788111804242897,0.0,7.470793774195062,0.0502177161606174,6550.0,2.28,1.2947271675944,0.20428559651941308
WASP-170 b,WASP-170,2.586640396663477,0.9555114450274363,0.0078689583786951,7.260522598089852,0.033144598592302,5600.0,0.9300000000000002,1.960939497598836,0.2219918902038524
WASP-171 b,WASP-171,2.483640849000098,0.9162907318741552,0.0,7.404279118037268,0.0491710440064493,5965.0,1.171,1.932680160284432,0.2188996212834483
WASP-172 b,WASP-172,2.9230610380305,0.1484200051182732,0.0,7.462214939768189,0.0670977435324941,6900.0,1.49,1.0260415958332745,0.20230966566384034
WASP-173 A b,WASP-173 A,2.670749776347748,1.3454723665996355,0.0,7.53955882930103,0.0244974716003874,5800.0,1.05,2.0515563381903004,0.21964568836752552
WASP-174 b,WASP-174,2.8395055810528578,0.126632650933366,0.0,7.332369205929062,0.0535692025426912,6399.0,1.2400000000000002,1.1631508098056809,0.21560779737532731
WASP-175 b,WASP-175,2.676935933751804,0.5538851132264376,0.0,7.360103972989152,0.0430882246797705,6229.0,1.212,1.009781074961494,0.21097955885321795
WASP-176 b,WASP-176,2.8830978671795835,0.2700271372130601,0.0,7.451241684987676,0.0521179542621066,5941.0,1.345,1.75958057086382,0.2192059734091955
WASP-177 b,WASP-177,2.9290698986348267,0.1587116911548208,0.0656941031953623,7.04141166379481,0.03880716611603,5017.0,0.876,2.3702437414678603,0.20902705653368692
WASP-18 c,WASP-18,2.2596775919827694,0.3920420877760237,0.0148886124937506,7.374422097261177,0.0344014267173324,6400.0,1.22,0.6931471805599453,0.1913864989000883
WASP-180 A b,WASP-180 A,2.70130483552331,0.4762341789963716,0.0,7.340186835320115,0.0468835858988504,6600.0,1.3,0.7884573603642702,0.1966881058860945
WASP-181 b,WASP-181,2.6582614585192696,0.2126890934103508,0.0806579030174544,7.079184394609668,0.0528485842969334,5839.0,1.04,1.252762968495368,0.21499038260144665
WASP-182 b,WASP-182,2.3540051293494937,0.2761154360803154,0.0,7.299797366758161,0.0441125746183209,5638.0,1.076,1.9390293879630909,0.2228048493617346
WASP-184 b,WASP-184,2.7668202415000653,0.2776317365982795,0.0,7.300472814267799,0.0608128393965124,6000.0,1.23,1.7404661748405044,0.22055955350750278
WASP-185 b,WASP-185,2.708799919992756,0.5068176023684519,0.2151113796169455,7.057036981697891,0.0865446014001858,5900.0,1.12,2.028148247292285,0.19378198010468178
WASP-186 b,WASP-186,2.5983833896105835,1.5729813754234852,0.2851789422336624,7.229403900997191,0.0582689081239757,6361.0,1.22,1.410986973710262,0.16946516651453558
WASP-187 b,WASP-187,2.964384011183268,0.2021241840901342,0.0,7.473637108496206,0.0632564496350148,6150.0,1.54,1.2669476034873244,0.21642677031922183
WASP-188 b,WASP-188,2.761165758526167,0.5766133643039938,0.0,7.418780882750794,0.0695260626486102,6850.0,1.5,0.9218751101680556,0.1983503121433326
WASP-19 b,WASP-19,2.824985926188653,0.4094571293777018,0.0125212805536717,7.656337166430183,0.0163850292493228,5616.0,0.965,2.0014800002101243,0.21733749596140872
WASP-190 b,WASP-190,2.63119435443295,0.596085467716814,0.0,7.313886831633462,0.0641947120419968,6400.0,1.35,1.0723709774628825,0.213918791262884
WASP-192 b,WASP-192,2.69375315026802,0.9631743177730056,0.0,7.390798521735676,0.0399896482161584,5910.0,1.09,1.9021075263969205,0.21994190630462354
WASP-193 b,WASP-193,2.7590376662621026,0.0582689081239757,0.0778865386570712,7.131698510466912,0.0646635133257221,6080.0,1.018,2.0541237336955462,0.21078581292628412
WASP-194 b,WASP-194,2.802123394942638,0.4382549309311553,0.0,7.434847875211999,0.0459289318883998,6405.0,1.29,0.5596157879354227,0.18934852494745152
WASP-195 b,WASP-195,2.425887291346611,0.1484200051182732,0.0,7.328437352895162,0.0610950993598108,6300.0,1.3,0.4700036292457356,0.18896403025142888
WASP-197 b,WASP-197,2.7375038923181663,0.5538851132264376,0.0,7.418180822726788,0.0629747991613884,6050.0,1.36,1.2809338454620645,0.21843824072965584
WASP-2 b,WASP-2,2.573903685995305,0.6491952930307625,0.0053854722763378,7.179307969504034,0.0309558841204451,5180.0,0.895,2.2192034840549946,0.22304698227523967
WASP-20 b,WASP-20,2.801442990554602,0.1453904205579088,0.0,7.217443431696533,0.0582594741172115,5940.0,1.2,2.079441541679836,0.22359761117022126
WASP-21 b,WASP-21,2.5641798306825083,0.2776317365982795,0.0,7.195937226475569,0.0506931143155181,5800.0,1.01,2.5649493574615367,0.19755804631541463
WASP-22 b,WASP-22,2.69375315026802,0.3674170404706345,0.0198026272961797,7.315218389752975,0.0459289318883998,6000.0,1.46,1.3862943611198906,0.21648191017972468
WASP-23 b,WASP-23,2.4666578147312035,0.7747271675523681,0.060153922819747,6.98244522461358,0.036910354020097,5150.0,0.78,1.9740810260220096,0.22624503349636604
WASP-24 b,WASP-24,2.8014446075902093,0.4836599556932212,0.0,7.480428306074208,0.0358593007005096,6075.0,1.4300000000000002,1.5686159179138452,0.21788169556659057
WASP-25 b,WASP-25,2.695266450717813,0.3358899242531274,0.0,7.1049654482698426,0.0462154237969629,5697.0,0.962,1.0647107369924282,0.2281734706002937
WASP-26 b,WASP-26,2.678476512083192,0.5323914016805512,0.0,7.409136443920128,0.0392207131532812,6034.0,0.86,1.9459101490553128,0.21879880411869
WASP-28 b,WASP-28,2.6853782893034674,0.5014798881083082,0.0,7.284134806195205,0.0432510419943149,6084.0,0.993,1.871802176901592,0.22021873212176984
WASP-29 b,WASP-29,2.264979794355865,0.5007752879124893,0.0295588022415444,6.878326468291325,0.044686517622406,4800.0,0.77,2.70805020110221,0.20200202832907405
WASP-3 b,WASP-3,2.8283060287387345,0.636576829071551,0.0,7.611347717403621,0.0310140535291694,6400.0,1.62,1.1314021114911006,0.21231566852033085
WASP-31 b,WASP-31,2.9103377705370423,0.1587116911548208,0.0,7.2617165442231855,0.0455372601616133,6302.0,1.163,0.6931471805599453,0.19766261191018836
WASP-32 b,WASP-32,2.464758362758378,1.4445632692438664,0.0,7.236339342754344,0.0386436235922044,6140.0,0.7199999999999999,1.169381359556317,0.22001363231270343
WASP-34 b,WASP-34,2.5021733846867185,0.3450071390710503,0.0392207131532812,7.131698510466912,0.0510732701840006,5700.0,0.96,2.174751721484161,0.2206368723440634
WASP-35 b,WASP-35,2.7454551642145693,0.3206331725914668,0.0,7.199894901778178,0.0422641541080301,5990.0,1.05,1.791759469228055,0.22281559984814797
WASP-36 b,WASP-36,2.764704158095567,0.8153648132841945,0.0,7.458186157340487,0.0264179526032167,5959.0,1.081,0.8754687373538999,0.20709225999188444
WASP-37 b,WASP-37,2.639200176555006,0.9282193027394288,0.0,7.117610935969411,0.0436340370200613,5800.0,0.925,2.4849066497880004,0.2080992815592197
WASP-38 b,WASP-38,2.69375315026802,1.1939224684724346,0.0295588022415444,7.131698510466912,0.0725252918042242,6180.0,1.7600000000000002,1.4562867329399256,0.21581495554912195
WASP-39 b,WASP-39,2.7302232846196244,0.1544363533044189,0.0,7.062191632286556,0.0471507257863322,5485.0,0.913,2.251291798606496,0.22961110256523054
WASP-4 b,WASP-4,2.780117494772945,0.4990671632311341,0.0052860044292373,7.410951875583635,0.0223581826106671,5436.0,0.899,2.079441541679836,0.22006903704937367
WASP-41 b,WASP-41,2.590009632287009,0.555033878430311,0.0,7.126890808898808,0.0394322292437142,5545.0,0.81,0.7884573603642702,0.21290259233558378
WASP-41 c,WASP-41,2.6461747973841225,1.244154593958768,0.2577381960787088,5.488937726156687,0.7275486072772778,5545.0,0.9300000000000002,0.7884573603642702,0.7352047489575787
WASP-42 b,WASP-42,2.608340209639815,0.3811724155391198,0.060153922819747,6.92951677076365,0.0545828777702917,5315.0,0.9509999999999998,1.6863989535702286,0.2347194576682926
WASP-43 b,WASP-43,2.4357164055972285,1.370926883988769,0.0,7.263820036795175,0.0141001243787816,4400.0,0.58,2.079441541679836,0.21400229332754447
WASP-44 b,WASP-44,2.590009632287009,0.5938791789012764,0.0,7.198931240688173,0.0339472172996575,5420.0,0.9350000000000002,2.424802725718295,0.21018372858309536
WASP-45 b,WASP-45,2.451325219281862,0.8829407521926009,0.0,7.050989447068045,0.0388648806216251,5150.0,0.8500000000000001,2.617395832834079,0.2014953726034589
WASP-46 b,WASP-46,2.6503763132518885,0.9030028375472196,0.0,7.400620577371135,0.0230815594433212,5600.0,0.8279999999999998,2.360854001118021,0.21033445533801964
WASP-47 b,WASP-47,2.6290069937617573,0.6896410412306576,0.0005998200719676,7.151485463904735,0.0506931143155181,5565.0,1.058,2.0149030205422647,0.22770197731306283
WASP-47 c,WASP-47,1.3453561970918029,1.269760544863939,0.2342812957246657,5.513428746164983,0.8725478089262363,5565.0,1.058,2.0149030205422647,0.8124016804636753
WASP-47 d,WASP-47,1.536867219599265,1.0296194171811583,0.0009995003330835,6.786716950605081,0.0815799869924228,5565.0,1.058,2.0149030205422647,0.2953144311952173
WASP-47 e,WASP-47,1.0402767116551463,1.986503546020567,0.0,7.597396320212795,0.0165915950929197,5565.0,1.058,2.0149030205422647,0.3948852341522374
WASP-48 b,WASP-48,2.879956596803936,0.3471295310952009,0.0,7.618742377670413,0.0338602174881022,5920.0,0.8800000000000001,2.186051276738094,0.21843754166751045
WASP-49 b,WASP-49,2.5983833896105835,0.2530906276821618,0.0,7.244941546337007,0.0371994409891062,5600.0,0.9200000000000002,2.5572273113676265,0.19804650880646035
WASP-5 b,WASP-5,2.579003973167116,0.9707789171582246,0.0372957847436968,7.442492722794441,0.026349775322782,5700.0,0.96,1.8562979903656265,0.2131024517063559
WASP-50 b,WASP-50,2.644023122488945,0.8437200390393196,0.0089597413714719,7.24125166357321,0.0288789595503766,5400.0,0.8920000000000001,2.079441541679836,0.2220061175665786
WASP-52 b,WASP-52,2.7239235502585,0.2546422183735807,0.0,7.182352111885263,0.0268366539535596,5000.0,0.87,0.3364722366212129,0.19168270493454337
WASP-53 b,WASP-53,2.5679039115418005,1.1878434223960523,0.0295588022415444,6.960347729101308,0.0401913957346277,4953.0,0.839,1.5573021580135715,0.23374597464776753
WASP-54 b,WASP-54,2.9290698986348267,0.1544363533044189,0.0676586484738148,7.473069088032197,0.0486758719240364,6100.0,1.08,2.066862759472976,0.20466115908786153
WASP-55 b,WASP-55,2.755480751892305,0.2942795114120782,0.0,7.202661196523238,0.0542987734073788,6096.0,1.071,1.3987168811184478,0.22271499168914288
WASP-56 b,WASP-56,2.44551245492097,0.4593217808988751,0.0,7.104144092987527,0.0546207522542563,5600.0,0.71,1.9740810260220096,0.2298806665615455
WASP-57 b,WASP-57,2.5470555994223254,0.5265021031509982,0.0,7.199678345691172,0.0369970888861219,5600.0,0.886,1.2809338454620645,0.224939572002322
WASP-58 b,WASP-58,2.834910138979272,0.371563556432483,0.0,7.147559271189454,0.0546775612906957,5800.0,1.06,2.624668592163159,0.19488835029460355
WASP-59 b,WASP-59,2.270784780444248,1.2237754316221157,0.0953101798043248,6.508769136971682,0.0673782353299481,4650.0,0.719,0.4054651081081644,0.2575164005766699
WASP-6 b,WASP-6,2.605858688475541,0.3648500366223059,0.0525924501191705,7.0630481633881725,0.0413050778167277,5438.0,0.8539999999999999,1.4350845252893227,0.22296949732060617
WASP-60 b,WASP-60,2.385447207018977,0.3206331725914668,0.0,7.299797366758161,0.0539956397610122,5900.0,1.19,0.9932517730102834,0.2155237015883541
WASP-61 b,WASP-61,2.821658014116117,0.8850064418343887,0.0,7.393509218319105,0.050788166832105,6250.0,1.82,1.308332819650179,0.2137209411296202
WASP-62 b,WASP-62,2.759749146535582,0.2326977641190214,0.0,7.297294236540042,0.0555293097924802,6230.0,1.11,1.2809338454620645,0.2185949115682007
WASP-63 b,WASP-63,2.821658014116117,0.1595645696713384,0.0,7.293636535860893,0.0558130648192127,5550.0,1.2800000000000002,2.2300144001592104,0.22069776988309428
WASP-64 b,WASP-64,2.72438276238977,0.6004834956965259,0.0,7.432483807917119,0.0261354736046258,5400.0,1.004,0.7884573603642702,0.20493787767249605
WASP-65 b,WASP-65,2.600019456888505,0.9162907318741552,0.0,7.300472814267799,0.0328543368709471,5600.0,0.9300000000000002,2.19722457733622,0.22227151147900598
WASP-66 b,WASP-66,2.814965507446335,0.7626732432085555,0.0,7.359276658848986,0.0531615481142323,6600.0,1.33,1.547562508716013,0.2118710234887347
WASP-67 b,WASP-67,2.63119435443295,0.3278638620846127,0.0,6.911747300251674,0.0504934746169764,5200.0,0.91,2.6100697927420065,0.21564863880392532
WASP-68 b,WASP-68,2.759749146535582,0.5098251234324072,0.0,7.307202314764738,0.060210418398983,5910.0,1.49,1.9021075263969205,0.2211217984158083
WASP-69 b,WASP-69,2.502255288122613,0.2554171118645054,0.0,6.879355804460439,0.0443039255565244,4792.0,0.83,1.0296194171811583,0.24299183071230143
WASP-7 b,WASP-7,2.7668202415000653,0.4382549309311553,0.0334347760862373,7.305188215393037,0.0598713970373903,6400.0,1.276,1.2237754316221157,0.20931479385761106
WASP-70 A b,WASP-70 A,2.642408849848773,0.4047982191204606,0.0,7.23561914106675,0.0473891832538038,5763.0,1.106,2.3513752571634776,0.2137218811584066
WASP-71 b,WASP-71,2.6551148575351333,0.7419373447293773,0.0,7.609416115307287,0.0449733656427311,6050.0,0.76,1.3862943611198906,0.21749415554796142
WASP-74 b,WASP-74,2.7877383844009445,0.3145917377586384,0.0,7.531552381407289,0.0338505503751371,5990.0,0.98,1.501852701754163,0.21829154740909723
WASP-75 b,WASP-75,2.7235954124376724,0.5247285289349821,0.0,7.444833273892193,0.0368139731227163,6100.0,1.14,1.5040773967762742,0.2178485661716862
WASP-76 b,WASP-76,3.081058700228448,0.1570037488096646,0.0,7.709308333385869,0.0324671901375014,6329.0,1.4579999999999995,1.035317438295796,0.21043738166058013
WASP-77 A b,WASP-77 A,2.67827804276854,0.8458682675776092,0.0134392868665065,7.423568444259167,0.0229678411488435,5617.0,0.903,1.9740810260220096,0.2182456058349399
WASP-79 b,WASP-79,2.898656261435072,0.1222176327242492,0.0,7.448450336350405,0.0505980527630913,6600.0,1.3899999999999997,0.8754687373538999,0.19927754117940538
WASP-8 b,WASP-8,2.6149234359124165,1.1314021114911006,0.2700271372130601,6.966024187106113,0.0770536294422914,5600.0,1.34,1.3862943611198906,0.19705740654231735
WASP-80 b,WASP-80,2.5012548697710906,0.5405785819153385,0.001998002662673,6.716594773520978,0.0338215484755106,4143.0,0.577,2.079441541679836,0.26156374069404154
WASP-81 b,WASP-81,2.834251687144342,0.2866815721181974,0.0639133257436528,7.392647520721623,0.038335706265573,5870.0,1.08,1.929199878349293,0.20783194535475305
WASP-82 b,WASP-82,2.9527506570613657,0.3030631744900832,0.0,7.692113339595466,0.0437297628613252,6480.0,1.48,1.120275928304136,0.21230505882839967
WASP-83 b,WASP-83,2.5382388641647715,0.300104592450338,0.0,7.02197642307216,0.0573250666192694,5510.0,1.11,1.791759469228055,0.23633397947762372
WASP-84 b,WASP-84,2.4612967841488667,0.6830968447064438,0.0,6.597145701886651,0.0749219265172592,5280.0,0.853,1.1314021114911006,0.2909760035417148
WASP-84 c,WASP-84,1.0818051703517284,2.501435951739211,0.029267497680568,7.1929342212158,0.0233160558145874,5280.0,0.853,1.1314021114911006,0.38366926438983545
WASP-85 A b,WASP-85 A,2.70130483552331,0.6312717768418579,0.0,7.281385663570282,0.0382587121170903,6112.0,1.09,1.3360531446831438,0.22047977998571866
WASP-87 b,WASP-87,2.804842010024555,0.7030975114131134,0.0,7.625858452079057,0.0290343929183478,6450.0,1.204,1.0982788997668722,0.21252815846203574
WASP-88 b,WASP-88,2.8544647483576067,0.1319050708799385,0.0,7.480428306074208,0.0623267018677564,6430.0,0.94,1.3862943611198906,0.21399749995343129
WASP-89 b,WASP-89,2.5382388641647715,2.079441541679836,0.176471143115779,7.02197642307216,0.0418135028134103,5130.0,0.9200000000000002,0.832909122935104,0.18921018822920865
WASP-90 b,WASP-90,2.95858425089294,0.1764711431157789,0.0,7.518064181233078,0.0546775612906957,6430.0,1.5499999999999998,1.6863989535702286,0.21338297551442675
WASP-91 b,WASP-91,2.5293437021057112,0.9516578757114464,0.0,7.057036981697891,0.0363319292473902,4920.0,0.8400000000000001,2.043633000441043,0.23054615102788062
WASP-92 b,WASP-92,2.8551100287247744,0.297137231222536,0.0,7.534762657037537,0.034208171329737,6280.0,1.19,1.1908875647772803,0.21563804297759942
WASP-93 b,WASP-93,2.939202820700136,0.3913661837286627,0.0,7.57198844937744,0.041247503978264,6700.0,1.334,0.5306282510621704,0.18330042144058983
WASP-94 A b,WASP-94 A,2.9290698986348267,0.1115413747329074,0.0,7.380879035564116,0.0535407669280298,6170.0,1.6699999999999997,1.308332819650179,0.21606554341520348
WASP-94 B b,WASP-94 B,2.714694743820879,0.3257001396393018,0.0,7.542160439518319,0.0329511001396859,6040.0,1.2400000000000002,1.6094379124341005,0.21790972132886194
WASP-95 b,WASP-95,2.69375315026802,0.6097655716208943,0.0,7.359467638255621,0.0335895029935552,5830.0,1.46,1.2237754316221157,0.22049247010102493
WASP-96 b,WASP-96,2.670694414558441,0.3148107398400335,0.0,7.1592919047975645,0.0443039255565244,5540.0,1.06,2.19722457733622,0.22690676218396694
WASP-97 b,WASP-97,2.623091987656332,0.7929925155296614,0.0,7.349873704738337,0.0324962313421327,5640.0,1.18,1.7578579175523736,0.22158676389982931
WASP-98 b,WASP-98,2.626340816404932,0.5675839575845996,0.0,7.066466970136958,0.03692962908491,5473.0,0.8090000000000002,1.308332819650179,0.23276393305066512
WASP-99 b,WASP-99,2.5203687054659367,1.332366019094335,0.0,7.300472814267799,0.0692461727368143,6150.0,1.21,1.3862943611198906,0.21943593031851005
WTS-1 b,WTS-1,2.873564639579784,0.959350221334602,0.0953101798043248,7.313886831633462,0.0459289318883998,6250.0,1.2,1.2669476034873244,0.20042206946711055
WTS-2 b,WTS-2,2.7898063323345497,0.4317824164255378,0.0,7.601402334583733,0.0183800472814295,5000.0,0.8200000000000001,0.4700036292457356,0.19055194721541252
Wendelstein-1 b,Wendelstein-1,2.5305937982307367,0.5423242908253616,0.0119285708652738,7.695757990554761,0.0278097006392672,4251.0,0.65,2.12846977274719,0.21239286261518509
Wolf 1061 b,Wolf 1061,0.7929925155296614,1.9344157696295785,0.1397619423751586,6.09095461535804,0.0368139731227163,3342.0,0.294,1.8614409924288635,0.5369309154671521
Wolf 1061 c,Wolf 1061,0.9783261227936076,1.62924053973028,0.1043600153242427,5.678122727875623,0.0852598439508234,3342.0,0.294,1.7843991148217626,0.7972688524322731
Wolf 1061 d,Wolf 1061,1.3056264580524355,1.1537315878891892,0.4382549309311553,4.9811378233072325,0.3852624007906449,3342.0,0.294,1.1774542757651272,0.2811370031846094
Wolf 1069 b,Wolf 1069,0.7323678937132266,1.871802176901592,0.0511682865743994,5.52585126616354,0.0650383961792222,3158.0,0.167,1.549902322407224,0.9533322349216101
Wolf 327 b,Wolf 327,0.8064758658669485,2.10900034392138,0.0,6.904750769961838,0.009950330853168,3542.0,0.405,1.62924053973028,0.42374005240295054
Wolf 503 b,Wolf 503,1.112843870914834,1.366091653802371,0.3435897043900769,6.673297967767654,0.0554914697046867,4716.0,0.688,2.4849066497880004,0.311371634313999
XO-1 b,XO-1,2.623091987656332,0.494696241836107,0.0,7.099201743553092,0.047646653467353,5750.0,0.8800000000000001,0.6418538861723948,0.20807323475950187
XO-2 N b,XO-2 N,2.4957259923800104,0.5394130806179032,0.0276151670329733,7.192182058713246,0.0361390466158731,5340.0,0.971,2.174751721484161,0.2198486985334469
XO-2 S b,XO-2 S,2.476538400117484,0.3008450589780618,0.1655144384775733,6.541029999189903,0.1222176327242492,5399.0,0.98,2.091864061678393,0.2733059615546674
XO-2 S c,XO-2 S,2.681021528714291,0.6683420616409741,0.1421937657031752,6.35325811849298,0.3890646867403835,5399.0,0.982,2.091864061678393,0.39395455211388775
XO-4 b,XO-4,2.708799919992756,0.6043159668533296,0.0,7.396948602621014,0.0537682292081825,6397.0,1.1,1.1314021114911006,0.2148594729259323
XO-5 b,XO-5,2.6232182655855123,0.7227059828014898,0.0,7.115582126184454,0.0502177161606174,5430.0,1.04,2.251291798606496,0.2265564927500782
XO-6 b,XO-6,3.1864613049435992,0.4824261492442927,0.0,7.363913501405819,0.0783489664109764,6720.0,1.4700000000000002,1.0577902941478543,0.20927736422207133
XO-7 b,XO-7,2.796668769201351,0.2926696139628199,0.0372957847436968,7.463936604468925,0.0432606186579011,6250.0,1.4050000000000002,0.7793248768009976,0.1925062737758062
YZ Cet b,YZ Cet,0.6486726904581158,1.80005827204275,0.0582689081239757,6.157402624651413,0.0162079388442084,3151.0,0.142,1.5686159179138452,0.5177017897158196
YZ Cet c,YZ Cet,0.7178397931503169,1.8578592709325787,0.0,6.019322875236378,0.0213308707018289,3151.0,0.142,1.5686159179138452,0.5811239515397539
YZ Cet d,YZ Cet,0.708035793053696,1.8687205103641835,0.0676586484738148,5.879694646264972,0.0281111529610311,3151.0,0.142,1.5686159179138452,0.6225204713275276
bet Pic c,bet Pic,2.602689685444384,2.309560706730471,0.2730759200624187,7.131698510466912,1.3029127521808397,8038.68,1.7949999999999997,0.0163653540862642,0.3463932916061373
eps Eri b,eps Eri,2.714694743820879,0.3442986728706769,0.0676586484738148,6.267617918735807,1.5107219394949427,5020.38,0.8200000000000001,0.4700036292457356,0.2562714747751596
gam Cep b,gam Cep,2.617395832834079,1.891604804197771,0.1397619423751586,6.361589137691039,1.1410330045520618,4775.0,1.27,1.9021075263969205,0.4143111588944719
kap CrB b,kap CrB,2.667228206581955,0.8544153281560676,0.0392207131532812,5.239151055878821,1.252762968495368,4840.0,1.33,1.4861396960896067,0.5715784448778826
nu Oct A b,nu Oct A,2.660259537265861,0.9669838461896731,0.178146185383474,6.450786328006857,0.8064758658669486,4910.0,1.5700000000000005,1.308332819650179,0.31419066018221575
pi Men c,HD 39091,1.1048925266252605,1.33500106673234,0.0,7.06544255481773,0.0661528424195249,5998.0,1.07,1.3812818192963463,0.3405405981464474
pi Men d,HD 39091,1.551808799597464,0.8878912573524571,0.1988508587451652,6.208992359636556,0.4094571293777018,5998.0,1.07,1.5933085305042167,0.3829767330053282
psi1 Dra B b,psi1 Dra B,2.6741486494265287,0.7371640659767197,0.3364722366212129,6.472346294500901,1.691939133945844,6212.0,1.19,1.4586150226995167,0.22020622585992028
rho CrB b,rho CrB,2.6878474937846906,0.555033878430311,0.0372957847436968,6.421622267806518,0.2025325974100854,5817.0,0.95,2.4159137783010487,0.29786058470950516
rho CrB c,rho CrB,1.913977101952304,0.5888971591861462,0.0916671885258238,6.107245580093692,0.3510793175815725,5817.0,0.95,2.4159137783010487,0.3488211592163506
rho CrB d,rho CrB,1.7817091333745536,0.6856189141391538,0.0,6.1188458164350745,0.6026752773958697,5817.0,0.95,2.4159137783010487,0.46184432723073543
rho CrB e,rho CrB,1.0188473201992472,1.5602476682433286,0.1186715297174986,6.878758918540545,0.1008403149260714,5817.0,0.95,2.4159137783010487,0.36148360001820984
tau Boo b,tau Boo,2.624668592163159,1.7833912195575383,0.0109399400383343,7.375506373174579,0.0478373294141601,6466.27,1.32,1.0986122886681096,0.2116292992087258
tau Cet e,tau Cet,1.0331844833456545,1.534714366238164,0.1655144384775733,5.822749993720244,0.4304828710834522,5310.0,0.7829999999999999,2.574137783515943,0.6429571068730783
tau Cet f,tau Cet,1.0331844833456545,1.534714366238164,0.1484200051182732,5.755489016978394,0.8475835338643642,5310.0,0.7829999999999999,2.574137783515943,0.6706546154034017
tau Cet g,tau Cet,0.7793248768009976,1.9242486522741336,0.0582689081239757,6.452522028639852,0.1248689820458692,5310.0,0.7829999999999999,2.574137783515943,0.47995506713128566
tau Cet h,tau Cet,0.7839015438284094,1.9416152247724323,0.2070141693843261,6.147078441628593,0.217527812528574,5310.0,0.7829999999999999,2.574137783515943,0.5138130430103439
ups And b,ups And,2.70805020110221,0.3632532592988549,0.0212721352755396,7.276141378848881,0.057534355387291,6156.77,1.3,1.791759469228055,0.21494163884116008
ups And d,ups And,2.602689685444384,2.3194422100604686,0.2613637641339075,6.365610971958719,1.2565529204031982,6156.77,1.3,1.791759469228055,0.5887926438305966
