pl_name,hostname,pl_rade,pl_orbeccen,pl_eqt,pl_orbsmax,st_teff,st_lum,st_mass,st_age,pl_bmasse,pl_dens,pl_insol,pl_orbper,st_rad
14 Her b,14 Her,12.6,0.373,277.86,2.774,5338.0,-0.15273,0.91,3.9,7.8479469585802715,2.0831845279586703,1.2633949433800802,7.476494408101378,0.6575200029167942
24 Sex b,24 Sex,13.4,0.09,606.2,1.333,5098.0,1.164,1.54,2.7,6.451196856489089,0.8919980393051105,3.614722302069935,6.117656572345742,1.7749523509116738
24 Sex c,24 Sex,13.9,0.29,623.266,2.08,5098.0,1.164,1.54,2.7,5.614295308154665,0.4440445900756395,3.4199644277717467,6.784457062637643,1.7749523509116738
47 UMa b,47 UMa,13.2,0.032,257.91,2.1,5872.0,0.1978,1.06,6.48,6.690941651362797,1.0715836162801904,0.4868011758638203,6.983789965258135,0.7945026868638894
47 UMa c,47 UMa,14.2,0.098,227.75,3.6000000000000005,5872.0,0.1978,1.06,6.48,5.151098439846218,0.2844267797311083,0.5100160441581165,7.779885115070522,0.7945026868638894
51 Peg b,51 Peg,14.3,0.013,1252.42,0.0527,5758.0,0.13631,1.03,10.0,4.991804434480881,0.24294617861038947,6.086930156444949,1.6545613624159081,0.777309084989273
55 Cnc B b,55 Cnc B,1.69,0.0,422.68,0.044,3286.0,-2.10811,0.26,10.0,1.5040773967762742,1.6054298910365616,2.241823228345878,2.0540468076598914,0.24216155714997162
55 Cnc B c,55 Cnc B,2.16,0.0,305.03000000000003,0.13,3286.0,-2.10811,0.26,10.0,1.840549633397487,1.358409157630355,0.9813137484747128,3.5480932373488194,0.24216155714997162
55 Cnc b,55 Cnc,13.9,0.0029,700.0,0.118,5198.0,-0.19695,1.015,10.0,5.579648690619366,0.43178241642553783,4.235899754480141,2.750570081398283,0.6830968447064438
55 Cnc c,55 Cnc,8.51,0.088,517.363,0.247,5198.0,-0.19695,1.015,10.0,4.0159108372192165,0.39608794629556743,2.197550217299092,3.8153711259472205,0.6830968447064438
55 Cnc e,55 Cnc,1.875,0.05,1958.0,0.01544,5172.0,-0.19695,0.905,5.5,2.196112848483529,2.0360119837525,7.885642282820736,0.5518988891150869,0.664233170395303
55 Cnc f,55 Cnc,7.59,0.063,336.2,0.8019999999999999,5198.0,-0.19695,1.015,10.0,3.8245460655354697,0.44660705143933954,1.3871968129018373,5.566740164061006,0.6830968447064438
6 Lyn b,6 Lyn,13.4,0.042,403.73,2.0280000000000005,4941.0,1.1186,1.32,2.353,6.3949864911117125,0.8628899551470399,1.8268249335247315,6.825308016014605,1.7817091333745536
61 Vir b,61 Vir,2.11,0.12,1090.0790000000002,0.050201,5577.0,-0.095,0.942,8.96,1.8082887711792655,1.3812818192963463,5.681450043146272,1.6515390884527357,0.674473915294324
61 Vir c,61 Vir,4.46,0.14,533.8399999999999,0.2174999999999999,5577.0,-0.095,0.942,8.96,2.9549102790337356,0.7561219797213337,2.7870023350213446,3.6640999627497135,0.674473915294324
61 Vir d,61 Vir,5.11,0.35,362.2,0.476,5577.0,-0.095,0.942,8.96,3.173878458937465,0.664233170395303,1.760848816490173,4.820362207514681,0.674473915294324
7 CMa b,7 CMa,13.4,0.06,354.12,1.758,4826.0,1.06258,1.34,4.3,6.378401565351955,0.8501509293696101,1.624629077579159,6.60136597906466,1.769854633840005
7 CMa c,7 CMa,13.9,0.08,366.62,2.153,4826.0,1.06258,1.34,4.3,5.625864535839483,0.4485245975686113,2.177252955389545,6.904750769961838,1.769854633840005
70 Vir b,70 Vir,12.6,0.3988,425.466,0.481,5495.0,0.4513,1.09,7.77,7.7754648248494025,2.020222182019865,3.2387498408568645,4.768037054947911,1.0612565021243408
AT2021ueyL b,AT2021ueyL,13.6,0.36893,333.4,4.01,3680.0,-0.07632,0.49,6.5,6.056526521954128,0.6575200029167942,1.4964238340158889,8.335596971501875,0.668536814587228
AU Mic b,AU Mic,3.95677019,0.00577,600.0,0.0649,3678.0,-1.0381,0.51,0.0201,3.050220458838061,0.8415671856782186,3.100092288878234,2.247397911469015,0.5561813254867879
AU Mic c,AU Mic,2.52202066,0.00338,459.0,0.1108,3678.0,-1.0381,0.51,0.0201,2.3608540011180215,0.7975071958841881,2.1162555148025524,2.988692049230347,0.5561813254867879
AU Mic d,AU Mic,1.02,0.00305,807.4,0.102,3678.0,-1.0381,0.51,0.0201,0.7193021380367964,1.864080130807681,4.46454371013691,2.620017211535023,0.5561813254867879
AU Mic e,AU Mic,4.87,0.1557,480.0100000000001,0.102,3665.0,-0.99,0.6000000000000001,0.0185,3.0955776085237074,0.6931471805599453,2.443246228961342,3.5295905964305545,0.598836501088704
BD+05 4868 A b,BD+05 4868 A,2.839553935,0.1241,1820.0,0.0208,4596.0,-0.7167,0.7,11.1,1.9740810260220096,1.269760544863939,6.983187704401351,0.8206028407458883,0.5247285289349821
BD+14 4559 b,BD+14 4559,13.8,0.29,186.19,0.78,4864.0,-0.32,0.49,5.561,5.80375811787751,0.5253200699164432,0.22832861405841168,5.5981997120811355,0.6205764877251099
BD+20 594 b,BD+20 594,2.57807,0.0,546.0,0.241,5766.0,-0.05552,1.6699999999999997,3.34,3.1462234082639617,2.1849270495258133,3.092944443787794,3.753859284110427,0.7323678937132266
BD+45 564 b,BD+45 564,13.6,0.12,448.8,0.83,5004.0,-0.39918,0.81,5.415000000000001,6.071307158271239,0.6647477060382473,2.5696188667659308,5.7329528519559805,0.5950182317563915
BD+55 362 b,BD+55 362,14.0,0.27,438.2,0.78,5012.0,-0.31295,0.909,5.763,5.437367982251224,0.37706563358646644,3.649711168675431,5.58571189766377,0.639848191901194
BD-06 1339 b,BD-06 1339,2.839553935,0.0,949.8,0.0428,4324.0,-1.022,0.7,4.4,7.329115866146081,1.269760544863939,4.716969074086483,1.5836687205401379,0.5225693949481592
BD-06 1339 c,BD-06 1339,8.38,0.31,396.8,0.435,4324.0,-1.022,0.7,4.4,3.9889840465642745,0.40212620684264977,1.6558561144815926,4.843714533878324,0.5225693949481592
BD-08 2823 b,BD-08 2823,2.839553935,0.15,618.2,0.06,4816.0,-0.62597,0.5,4.5,7.989388953863256,1.269760544863939,3.5479724124393677,1.8870696490323797,0.5364933705145685
BD-08 2823 c,BD-08 2823,12.5,0.19,350.29,0.6800000000000002,4746.0,-0.62597,0.74,4.5,4.653960350157523,0.25696509978972043,1.7411780111718624,5.474788509663815,0.5364933705145685
BD-10 3166 b,BD-10 3166,14.1,0.02,1292.6,0.04,5393.0,-0.1912,1.4700000000000002,0.25,5.23920251071117,0.3133498192003587,6.01860747976681,1.5013559191353472,0.6471032420585385
BD-11 4672 b,BD-11 4672,14.1,0.05,526.22,2.36,4550.0,-0.8041,0.651,7.4,5.335562571977939,0.3400373027857091,3.63476167800295,7.399398083331354,0.4940862997616926
BD-11 4672 c,BD-11 4672,4.04,0.4,265.92,0.3,4550.0,-0.8041,0.651,7.4,2.7954503913830435,0.8241754429663495,0.9216429490243803,4.320151230955794,0.4940862997616926
BD-14 3065 b,BD-14 3065 A,21.59,0.066,2001.0,0.0656,6935.0,1.06,1.41,2.24,8.27715777243181,1.1474024528375417,6.473521801158315,1.6656241060433046,1.208960345836975
BD-17 63 b,BD-17 63,12.8,0.5439,195.7,1.34,4714.0,-0.678,0.7410000000000001,4.3,7.403057788293656,1.667706820558076,0.1859017649506751,6.487029314105918,0.5538851132264376
BD-210397 b,BD-210397,14.0,0.1,84.22,2.63,4051.0,-0.86967,0.679,6.2,5.3706380281276624,0.35697489894773027,0.019802627296179712,7.545389749611823,0.5579000311519196
BEBOP-3 b,BEBOP-3,14.2,0.247,614.1,1.444,6033.0,0.38321,1.083,5.184,5.183738105813452,0.29266961396281993,3.3624549440671165,6.306275286948016,0.8812851226753398
Barnard b,Barnard's star,0.72,0.03,438.0,0.0229,3195.0,-2.44977,0.162,4.74,0.2615947376884625,1.6863989535702286,2.048982334195127,1.424119870659871,0.1697427745870945
Barnard c,Barnard's star,0.743,0.08,400.0,0.0274,3195.0,-2.44977,0.162,5.366,0.2889312918522129,1.7029282555214393,1.7971879069592593,1.6340134450001416,0.1697427745870945
Barnard d,Barnard's star,0.694,0.04,483.0,0.0188,3195.0,-2.44977,0.162,5.254,0.23348984336835407,1.6714733033535532,2.3736646853405565,1.20603068543538,0.1697427745870945
Barnard e,Barnard's star,0.637,0.04,340.0,0.0381,3195.0,-2.44977,0.162,6.757000000000001,0.17647114311577897,1.62924053973028,1.3516023195560876,2.0462983230865817,0.1697427745870945
CD Cet b,CD Cet,1.82,0.13491,464.0,0.0185,3130.0,-2.53254,0.161,3.0,1.599387576580599,1.5260563034950494,2.2617630984737906,1.1911003081032612,0.16126814759612226
CI Tau c,CI Tau,13.0,0.58,671.29,0.1699999999999999,3807.0,-0.25458,0.9,0.0025,7.043319086900764,1.3506671834767394,3.743873427254951,3.265759410767051,1.058087819327293
CoRoT-1 b,CoRoT-1,16.7,0.0,1898.0,0.02752,5950.0,0.29793,0.95,1.6,5.794080112636982,0.32208349916911333,7.9563471470255855,0.9198666107915812,0.7466879474879752
CoRoT-10 b,CoRoT-10,10.87,0.53,600.0,0.1055,5075.0,-0.72608,0.89,3.0,6.774223886357614,1.547562508716013,2.8395987959484645,2.6560970399276433,0.5822156198526637
CoRoT-11 b,CoRoT-11,16.03,0.0,1657.0,0.0436,6440.0,0.37753,1.27,2.0,6.608688647663718,0.688134638736401,7.545204214430835,1.384875855516358,0.8628899551470399
CoRoT-12 b,CoRoT-12,16.14,0.07,1442.0,0.04016,5675.0,0.07,1.078,6.3,5.678252678392018,0.34429867287067695,6.495467046210498,1.342353445317352,0.749527513996053
CoRoT-13 b,CoRoT-13,9.92,0.0,1700.0,0.051,5945.0,0.07314,1.09,1.635,6.0323761376143965,1.205970806988609,6.305424377582047,1.616451261307603,0.6981347220709844
CoRoT-14 b,CoRoT-14,12.22,0.0,1952.0,0.027,6035.0,0.11884,1.13,4.2,7.790034108264586,2.1162555148025524,7.792527064383615,0.9211349795370315,0.7929925155296614
CoRoT-16 b,CoRoT-16,13.11,0.33,1048.9,0.0618,5650.0,-0.43496,1.098,6.73,5.141850673498107,0.36464311358790924,5.254394195978362,1.8488122293386968,0.7839015438284094
CoRoT-17 b,CoRoT-17,11.43,0.0,1626.0,0.0461,5740.0,0.13421,1.04,10.7,6.650654139939497,1.3402504226184837,6.87015843357954,1.5619479026974776,0.9516578757114464
CoRoT-18 b,CoRoT-18,14.68,0.08,1550.0,0.0295,5440.0,-0.17,0.95,0.6,7.006532170065747,1.1631508098056809,6.715020775144644,1.0647346332586345,0.6931471805599453
CoRoT-19 b,CoRoT-19,14.46,0.047,2000.0,0.0518,6090.0,0.544,1.21,5.0,5.868675251015361,0.5364933705145685,7.00742774833272,1.5886493192332463,0.9745596399981308
CoRoT-2 b,CoRoT-2,16.432,0.0143,1521.0,0.02798,5625.0,-0.13055,0.96,2.7,7.006532170065747,0.9042181506398859,6.839377503998825,1.009049842284412,0.6450068052320104
CoRoT-21 b,CoRoT-21,14.5717,0.0,2154.864,0.0417,6200.0,0.705,1.29,4.1,6.5782726778461145,0.8586616190375187,8.297307284988511,1.314997050737765,1.0818051703517284
CoRoT-22 b,CoRoT-22,4.88,0.077,885.0,0.092,5939.0,0.01352,1.099,3.3,2.580216829592325,0.22234323114344062,6.398929712698654,2.375461878977593,0.7589349210979484
CoRoT-23 b,CoRoT-23,11.77,0.16,1660.0,0.048,5900.0,0.08678,1.14,7.2,6.792232187726598,1.3862943611198906,6.650517810802221,1.5328376062253037,0.9593502213346021
CoRoT-24 b,CoRoT-24,3.7,0.0,1070.0,0.056,4950.0,-0.60148,0.91,11.0,1.9021075263969205,0.6418538861723948,5.331186822737179,1.8104830832261576,0.6205764877251099
CoRoT-24 c,CoRoT-24,5.0,0.0,850.0,0.098,4950.0,-0.60148,0.91,11.0,3.367295829986474,0.832909122935104,4.490993702072852,2.5462369049396063,0.6205764877251099
CoRoT-25 b,CoRoT-25,12.11,0.0,1330.0,0.0578,6040.0,0.14101,1.09,4.5,4.463721822403716,0.13976194237515868,5.879251701865786,1.7682673440975085,0.7839015438284094
CoRoT-26 b,CoRoT-26,14.12,0.0,1600.0,0.0526,5590.0,0.451,1.09,8.6,5.113552828102942,0.2468600779315258,6.992894082454432,1.6495697488500307,1.0260415958332743
CoRoT-27 b,CoRoT-27,11.287,0.065,1500.0,0.0476,5900.0,-0.16641,1.05,4.21,8.102619727894082,2.6100697927420065,6.752442214291892,1.5206766416366135,0.7323678937132266
CoRoT-28 b,CoRoT-28,10.704595,0.047,1338.753,0.0603,5150.0,0.38849,1.01,12.0,5.042325932392052,0.5247285289349821,6.4747630320464085,1.8259209315684775,1.0224509277025458
CoRoT-29 b,CoRoT-29,10.0881,0.082,1136.6439999999998,0.0386,5260.0,-0.09414,0.97,4.5,5.602692457057012,0.8960880245566356,5.778580254575611,1.3482211892891367,0.6418538861723948
CoRoT-30 b,CoRoT-30,11.309881,0.007,1058.0,0.0844,5650.0,-0.19653,0.98,3.0,6.827311740986859,1.4929040961781488,5.219623100557899,2.3085721348381685,0.6471032420585385
CoRoT-31 b,CoRoT-31,16.36514,0.02,1637.6,0.0586,5700.0,0.39778,1.25,4.7,5.59090190226494,0.2851789422336624,7.220154529706678,1.7280046409230194,1.1474024528375417
CoRoT-32 b,CoRoT-32,6.38913,0.0780999999999999,938.0,0.071,5970.0,-0.1549,1.08,1.1187,3.8851552789918418,0.7419373447293773,4.892302107134391,2.0436032018471457,0.5822156198526637
CoRoT-35 b,CoRoT-35,18.83108758,0.0,1747.0,0.0429,6390.0,0.36247,1.01,6.1,5.859678053261759,0.2546422183735807,7.3114168258397445,1.4416060708509626,0.9745596399981308
CoRoT-36 b,CoRoT-36,15.80466279,0.0,1567.0,0.066,6730.0,0.81257,1.32,2.1,5.3804654721305285,0.22314355131420976,6.582383694572881,1.8895712144765469,0.924258901523332
CoRoT-4 b,CoRoT-4,13.34,0.0,1074.0,0.09,6190.0,0.18482,1.16,1.0,5.437339905196839,0.42199441005937505,5.3227743416219715,2.3225886804885287,0.7747271675523681
CoRoT-5 b,CoRoT-5,15.558,0.09,1438.0,0.04947,6100.0,0.18,1.0,6.9,5.0067611325476555,0.19638881400539013,6.6686028923338,1.616988574304112,0.7820733897543468
CoRoT-6 b,CoRoT-6,13.068,0.1,1017.0,0.0855,6090.0,0.02573,1.05,2.5,6.84772922798644,1.199964782928397,5.299288291427157,2.291179596901307,0.7055697005585024
CoRoT-7 b,CoRoT-7,1.68135,0.0,1756.0,0.017016,5275.0,-0.28938,0.8200000000000001,1.8,1.6246427665438152,2.3374694948475474,7.478909538908878,0.6171251785885016,0.6043159668533296
CoRoT-7 c,CoRoT-7,2.83,0.0,1097.4,0.046,5256.0,-0.28938,0.899,1.8,2.2407096892759584,1.1118575154181303,5.593002098980255,1.547136886236721,0.6228711647667616
CoRoT-7 d,CoRoT-7,4.31,0.0834999999999999,837.4,0.102,5250.0,-0.28938,0.915,1.8,2.898229692192752,0.7793248768009976,4.543475508170825,2.2991792998592127,0.6091675667646704
CoRoT-8 b,CoRoT-8,6.39,0.0,870.0,0.063,5080.0,-0.4,0.8800000000000001,3.0,4.2615524812060075,0.9555114450274365,4.8592677091363425,1.9757865152924847,0.5709795465857378
CoRoT-9 b,CoRoT-9,11.948794,0.133,420.0,0.4021,5625.0,-0.25426,0.96,6.0,5.59090190226494,0.6205764877251099,3.457879416885008,4.5671843324817045,0.6729444732424258
DMPP-1 b,DMPP-1,5.29,0.083,877.0,0.1462,6196.0,0.31955,1.21,2.01,3.229617921400103,0.6423800635062922,4.904184576296441,2.9739977814079848,0.8153648132841945
DMPP-1 c,DMPP-1,3.06,0.057,1239.0,0.0733,6196.0,0.31955,1.21,2.01,2.3608540011180215,1.0438040521731147,5.9486080624734825,2.026040764952721,0.8153648132841945
DMPP-1 d,DMPP-1,1.65,0.07,1632.0,0.0422,6196.0,0.31955,1.21,2.01,1.4701758451005928,1.62924053973028,7.063858501637428,1.3563504847468189,0.8153648132841945
DMPP-1 e,DMPP-1,1.86,0.07,1314.0,0.0651,6196.0,0.31955,1.21,2.01,1.635105659182678,1.5107219394949427,6.404444065191923,1.8742606907397987,0.8153648132841945
DMPP-2 b,DMPP-2,14.3,0.078,1000.0,0.0664,6500.0,0.1038,1.44,2.0,4.940868623303827,0.23190505698278252,5.296374643137994,1.8257099085976025,1.0224509277025458
DMPP-3 A b,DMPP-3 A,1.41,0.14,854.0,0.0662,5138.0,-0.29268,0.87,10.9,1.275362800412609,1.801709800081223,4.700713883973174,2.037733738280046,0.6471032420585385
DMPP-4 b,DMPP-4,3.53,0.063,1567.6,0.04853,6400.0,0.45939,1.25,2.15,2.580216829592325,0.924258901523332,6.973395108788111,1.5036773167549344,0.8671004876833832
DS Tuc A b,DS Tuc A,5.7,0.0,850.0,0.102,5428.0,-0.13966,1.01,0.045,6.02629824753133,1.269760544863939,4.760699343849218,2.212470870791563,0.6749832099322741
EPIC 201170410.02,EPIC 201170410,1.047,0.0,592.2,0.0349,3648.0,-1.9,0.287,4.779999999999999,0.7654678421395714,1.873339456220478,3.242724710447105,2.053957053138447,0.24842135849847827
EPIC 201238110 b,EPIC 201238110,1.87,0.09866,388.3,0.102,3587.0,-1.50834,0.41,3.68,1.6409365794934714,1.5040773967762742,1.6233624256889918,3.3729899325981365,0.3177261938001576
EPIC 201427007 b,EPIC 201427007,1.5,0.04,1478.5,0.102,5633.0,-0.04875,0.9300000000000002,7.784999999999999,1.3506671834767394,1.7334238922150915,6.517844023687822,0.5428532206847394,0.6626879730752367
EPIC 201497682 b,EPIC 201497682,0.692,0.0186,807.2,0.102,4991.0,-0.76627,0.78,6.106,0.23111172096338664,1.6695918352538475,4.49709818841904,1.1415887606341686,0.4408322519454557
EPIC 201595106 b,EPIC 201595106,1.565,0.0,2038.0,0.0177,5679.0,-0.04915,0.958,6.0,2.1598687907924505,2.4932054526026954,7.9561263512135,0.6298026130426639,0.6830968447064438
EPIC 201615463 c,K2-166,1.22,0.0,1337.42,0.102,5960.0,0.45848,1.073,5.574,1.091923300517313,1.9444805562457188,6.560899730691678,1.5695821176591704,0.9593502213346021
EPIC 201754305 d,K2-16,1.03,0.010432,1029.1,0.102,4761.0,-0.76082,0.67,8.218000000000002,0.7323678937132266,1.860974538249528,5.265351316762738,1.3125886157544349,0.4343764516025845
EPIC 201757695.02,EPIC 201757695,0.90819,0.0,1011.98,0.0296,4520.0,-0.36351,0.727,5.707999999999999,0.5235443961737654,1.80005827204275,5.507252165505178,1.1144200188736233,0.5038010088290262
EPIC 201833600 c,K2-50,1.0,0.017,784.7900000000001,0.102,4326.0,-0.87356,0.611,6.098,0.6790482561804436,1.8468787684491346,4.396235980624121,1.6017101298896281,0.49103099643781106
EPIC 201841433 b,EPIC 201841433,1.04,0.0209999999999999,898.82,0.035,5053.0,-0.63455,0.8019999999999999,4.298499999999999,0.7514160886839212,1.8671761085128091,4.850533663206797,1.642834003052529,0.48763539702859293
EPIC 205950854 c,K2-168,1.31,0.0,960.6,0.102,5502.7,-0.17649,0.877,4.129,1.184789984909162,1.8794650496471605,5.06097971057279,2.202844533535184,0.6043159668533296
EPIC 206024342 b,EPIC 206024342,1.7,0.0046,893.8,0.102,5724.0,-0.16992,0.9280000000000002,1.6800000000000004,1.5107219394949427,1.599387576580599,4.94444191254179,1.7061216938701533,0.6004834956965259
EPIC 206024342 c,EPIC 206024342,1.4,0.039,1605.6,0.102,5724.0,-0.16992,0.9280000000000002,6.723000000000001,1.264126727145683,1.8066480817218056,6.908827533670268,0.648005452745099,0.7419373447293773
EPIC 206024342 d,EPIC 206024342,2.6,0.0649,871.6,0.102,5724.0,-0.16992,0.9280000000000002,7.37,2.1126345090356,1.184789984909162,4.679896154411134,2.750313140961905,0.7419373447293773
EPIC 206032309 b,EPIC 206032309,1.01,0.0551,612.1800000000001,0.102,3489.0,-1.73006,0.221,3.361,0.6981347220709844,1.8547342683894434,3.1044561521402767,1.3553556572518641,0.3173185415800872
EPIC 206042996 b,EPIC 206042996,1.7,0.0,569.6,0.102,4114.0,-0.97996,0.565,4.063,1.5107219394949427,1.599387576580599,3.447682571057206,1.8403273864802483,0.4054651081081644
EPIC 206042996 c,EPIC 206042996,1.2,0.114032,1207.4699999999998,0.102,4114.0,-0.97996,0.565,4.246,1.0543120297715298,1.9387416595767009,5.843717550247677,0.30371584181092837,0.4054651081081644
EPIC 206215704 b,EPIC 206215704,1.0,0.048586,453.69,0.102,3297.0,-2.08843,0.407,3.742,0.6790482561804436,1.8468787684491346,2.2137931639986044,1.1803262144629882,0.22314355131420976
EPIC 206317286 b,EPIC 206317286,0.96,0.008,1161.79,0.102,4752.0,-0.59336,0.7109999999999999,8.443999999999999,0.6097655716208943,1.827769906751088,5.537368752390253,0.9487656664153569,0.5122246446796981
EPIC 206317286 c,EPIC 206317286,2.094,0.01,597.7,0.102,4752.0,-0.59336,0.8319999999999999,4.3906,1.7967470107390942,1.3887912413184778,3.3881369789450737,2.918606706884279,0.5641767992629853
EPIC 211822797 b,EPIC 211822797,1.92,0.06,431.0,0.1195,4057.0,-1.15304,0.62,0.79,1.6770965609079151,1.4770487243883548,1.5040773967762742,3.098748877896644,0.4574248470388754
EPIC 211945201 b,EPIC 211945201,5.76,0.0,817.0,0.1493,6069.0,0.37334,1.17,3.99,2.4849066497880004,0.2851789422336624,4.624972813284271,3.0200448139260665,0.8712933659434192
EPIC 212297394 b,EPIC 212297394,1.48,0.0284,1149.0,0.102,5171.0,-0.46654,0.83,5.353,1.332366019094335,1.7457155307266483,5.674307055895158,1.1906939290098086,0.5877866649021191
EPIC 212297394 c,EPIC 212297394,2.27,0.026,866.0,0.102,5171.0,-0.46654,0.83,5.63,1.9125010869241836,1.3110318766193438,4.711056535178214,1.8267991785121225,0.5877866649021191
EPIC 212424622 b,EPIC 212424622,2.17,0.0,791.1,0.102,5782.33,0.17917,1.106,4.816,1.8484548129046003,1.355835153635182,4.363867438509316,2.949599325855781,0.7996220750669508
EPIC 212499991 b,EPIC 212499991,1.6,0.0,531.866,0.102,4982.79,-0.4966,0.912,3.336,1.4327007339340463,1.66392609771817,3.2581351403064134,3.580319380882035,0.5639156730223251
EPIC 212587672 b,EPIC 212587672,1.26,0.0,756.0,0.102,6004.0,0.03848,0.99,4.324,1.1410330045520618,1.9242486522741338,4.3670972945124324,2.7899852709745843,0.6830968447064438
EPIC 212587672 c,EPIC 212587672,2.32,0.0,658.0,0.102,6004.0,0.03848,0.99,4.443,1.9444805562457188,1.2919836816486496,3.9059768098505936,3.187531896236222,0.6830968447064438
EPIC 212624936 b,EPIC 212624936,1.2,0.0073999999999999,1637.8,0.102,5765.0,-0.12371,1.0,1.8541,1.0543120297715298,1.9387416595767009,7.098543206331117,0.45657448558403646,0.6575200029167942
EPIC 212624936 c,EPIC 212624936,2.3,0.0,764.1,0.102,5765.0,-0.12371,1.0,1.3140000000000005,1.9315214116032138,1.297463147413275,4.285288031455362,2.5503382876031115,0.6575200029167942
EPIC 212737443 b,EPIC 212737443,2.586,0.2,536.0,0.098,4684.0,-0.75057,0.69,7.963100000000002,2.1041341542702074,1.1908875647772805,2.6474458369457827,2.6812269870583343,0.514618422004687
EPIC 212737443 c,EPIC 212737443,2.69,0.2,316.0,0.28,4684.0,-0.75057,0.69,5.736,2.1633230256605382,1.1537315878891892,0.963555268314003,4.197953544841121,0.514618422004687
EPIC 220492298 b,EPIC 220492298,0.99,0.0073999999999999,1610.2,0.102,5620.0,-0.0088,0.95,3.651,0.6611403844248589,1.8421356765531218,7.239546754926283,0.5666799209486806,0.636576829071551
EPIC 220554210 c,K2-282,1.6,0.1294,1246.09,0.102,5499.0,-0.21463,0.94,7.297,1.4327007339340463,1.66392609771817,6.116144126155666,0.533746912390376,0.6931471805599453
EPIC 220674823 b,EPIC 220674823,1.676,0.0,2299.0,0.01314,5578.0,-0.11919,0.913,7.5,2.174751721484161,2.3115448343655176,8.446126742982377,0.4519113846607616,0.688134638736401
EPIC 220674823 c,EPIC 220674823,2.84,0.17,804.0,0.1073,5578.0,-0.11919,0.913,7.5,2.1186622548331173,1.000631880307906,4.2626798770413155,2.6630451642912862,0.688134638736401
EPIC 228836835 b,EPIC 228836835,1.1,0.0323,932.0,0.102,3782.0,-1.61153,0.418179,7.028999999999999,0.8628899551470399,1.8961194845522977,4.772396261592948,0.5470300617623195,0.2776317365982795
EPIC 229004835 b,EPIC 229004835,2.332,0.23,804.0,0.1237,5868.0,0.02989,0.97,4.9,2.4336133554004498,1.7029282555214393,4.258445572902527,2.8414809553295255,0.692647055518263
EPIC 246851721 b,EPIC 246851721,11.780659,0.18675,1401.0,0.07229,6202.0,0.52634,1.3169999999999995,3.02,6.861177166421555,1.410986973710262,6.466144724237619,1.9713321123295384,0.9501122803496658
EPIC 249893012 b,EPIC 249893012,1.95,0.06,1616.0,0.047,5430.0,0.35568,1.05,9.0,2.277267285009756,2.0001277349601105,6.945051063725834,1.524990518356481,0.9969486348916093
EPIC 249893012 c,EPIC 249893012,3.67,0.07,990.0,0.13,5430.0,0.35568,1.05,9.0,2.7517480563679295,0.9631743177730056,5.081404364984463,2.8108474343568717,0.9969486348916093
EPIC 249893012 d,EPIC 249893012,3.94,0.15,752.0,0.22,5430.0,0.35568,1.05,9.0,2.414126467726953,0.6471032420585385,3.9889840465642745,3.6040565896736583,0.9969486348916093
G 192-15 b,G 192-15,1.02,0.0,453.6,0.01723,2999.0,-2.67285,0.132,3.148,0.708035793053696,1.8453002361560848,2.086913556518537,1.1862445839591778,0.15761723580170672
G 264-012 b,G 264-012,1.39,0.004876,587.0,0.02279,3326.0,-1.97224,0.297,5.32,1.252762968495368,1.8115620965242347,3.068052935133617,1.1955514440013761,0.26620304077465673
G 264-012 c,G 264-012,1.76,0.061593,387.0,0.0525,3326.0,-1.97224,0.297,6.616,1.55814461804655,1.5644405465033646,1.5830939370944987,2.2029636329624656,0.26620304077465673
G 268-110 b,G 268-110,1.13,0.0,534.0,0.0128299999999999,5549.0,-2.63971,0.137,6.564,0.924258901523332,1.9154509415706047,2.6789646202071133,0.8889729766099168,0.16296882827813966
G 9-40 b,G 9-40,1.9,0.0,440.6,0.0418,3395.0,-1.96019,0.2952,9.9,1.6094379124341003,1.4350845252893227,1.9837562915454279,1.9089494698146379,0.2643622671301641
GJ 1132 b,GJ 1132,1.19151465,0.0118,583.8,0.0157,3229.0,-2.32148,0.1944999999999999,5.0,1.0427641419355338,1.9416152247724325,3.0106208860477417,0.9665765807588593,0.19975209185683904
GJ 1132 c,GJ 1132,1.43,0.27,300.0,0.0476,3270.0,-2.35853,0.181,5.0,1.2919836816486496,1.7850704810772584,0.9250541622995023,2.2954597680514572,0.19103349739597614
GJ 1148 b,GJ 1148,11.9,0.38,558.862,0.166,3287.0,-1.86908,0.3440449999999999,4.034000000000001,4.581901559048737,0.27383666562972786,2.678764481175756,3.746676552840153,0.30639513580044797
GJ 1148 c,GJ 1148,9.71,0.342,332.32700000000006,0.912,3287.0,-1.86908,0.3440449999999999,5.618,4.234975691961846,0.3428802329165431,1.1577743920259183,6.279609012639604,0.30639513580044797
GJ 1151 c,GJ 1151,3.25,0.4028,247.5,0.5714,3280.0,-2.47952,0.1639,2.7741,2.4527277514237653,0.9932517730102834,0.5725139529099248,5.967940002061025,0.16390297126993658
GJ 1214 b,GJ 1214,2.733,0.0062,567.0,0.01505,3101.0,-2.40894,0.182,3.0,2.2417729535972883,1.1817271953786161,2.9014215940827497,0.9479461816037211,0.1957312437038723
GJ 1252 b,GJ 1252,1.193,0.0,1089.0,0.00915,3458.0,-1.70774,0.381,3.9,0.8415671856782186,1.6486586255873816,5.455321115357702,0.4175472244969739,0.33002291294130587
GJ 1265 b,GJ 1265,2.63,0.04,454.525,0.026,3236.0,-2.4389,0.178,4.840999999999999,2.128231705849268,1.1755733298042381,2.31785781283886,1.5371037507633487,0.17563256864315802
GJ 1289 b,GJ 1289,2.38,0.0,150.0,0.27,3296.0,-2.25995,0.21,4.252999999999999,1.9837562915454279,1.269760544863939,0.11645601804659517,4.7250842826534285,0.21914516842443724
GJ 143 b,GJ 143,2.61,0.188,422.0,0.1915,4640.0,-0.6862,0.73,3.8,3.1654750481410856,2.0794415416798357,2.473272568889633,3.6003905315458002,0.5276827408324136
GJ 15 A b,GJ 15 A,1.55,0.094,550.0,0.072,3607.0,-1.655,0.38,5.095000000000001,1.3937663759585917,1.6992786164338898,2.7673819801899553,2.5209733558243936,0.32208349916911333
GJ 160.2 b,GJ 160.2,3.17,0.06,772.367,0.053,4347.0,-0.79588,0.69,3.399,2.4159137783010487,1.0152306797290587,4.307386983744225,1.8302427310437488,0.5039055350880208
GJ 163 b,GJ 163,3.25,0.073,370.8,0.0607,3500.0,-1.708,0.4,6.0,2.451005098112319,0.9932517730102834,1.545052312072278,2.2650722006842066,0.343403871521382
GJ 163 c,GJ 163,2.5,0.099,323.34700000000004,0.1254,3500.0,-1.708,0.4,6.0,2.0541237336955462,1.2208299213923592,1.1274824125690803,3.282060179536089,0.343403871521382
GJ 163 d,GJ 163,5.92,0.373,303.62,1.0304,3500.0,-1.708,0.4,6.0,3.414442608412176,0.5760514086836981,0.9375098879122594,6.405147727499492,0.343403871521382
GJ 179 b,GJ 179,13.8,0.21,300.0,2.4100000000000006,3370.0,-1.796,0.357,4.69,5.713524819030195,0.4891933236388768,0.9438898203360091,7.735870319952567,0.32208349916911333
GJ 180 b,GJ 180,2.43,0.07,358.39,0.092,3371.0,-1.88606,0.4299999999999999,4.260000000000001,2.0135687975291283,1.2499017362143359,1.4388550608093964,2.8977334826718883,0.3457497810912148
GJ 180 c,GJ 180,2.41,0.09,370.29,0.129,3371.0,-1.88606,0.4299999999999999,3.767,2.0014800002101243,1.2556160374777745,1.4940240375668006,3.2319499843554724,0.3457497810912148
GJ 180 d,GJ 180,2.66,0.14,235.188,0.309,3371.0,-1.88606,0.4299999999999999,1.052,2.1471001901536506,1.1662709371419244,0.6565937001871365,4.675628649636653,0.3457497810912148
GJ 2030 b,GJ 2030,2.03,0.239,1567.3,0.034,5485.0,0.6123,0.96,8.558,1.7522258995402713,1.4182774069729414,7.158638149148071,1.2182572934872284,1.1758942659530434
GJ 229 A c,GJ 229,2.87,0.366,308.22,0.384,3564.0,-1.55284,0.509,0.4,2.25982027387003,1.095273387402595,0.9677250616855217,4.811636888466585,0.3784364357202451
GJ 229 b,GJ 229,3.97,0.404,281.36,1.086,3564.0,-1.55284,0.509,0.4,2.768702124820454,0.8372475245337022,1.0691343700087854,6.363846647752072,0.3784364357202451
GJ 238 b,GJ 238,0.566,0.0560099999999999,758.0,0.02123,3485.0,-1.61618,0.4193,6.685,0.11867152971749864,1.5727739280625088,4.684554215242157,1.0096717429376072,0.3586529863223601
GJ 251 b,GJ 251,1.79,0.0,336.0,0.0808,3342.0,-1.80967,0.35,6.8,1.578978704949392,1.545432582458188,1.2149127443642704,2.7237266804872178,0.3074846997479606
GJ 251 c,GJ 251,1.8,0.0,216.0,0.196,3342.0,-1.80967,0.35,6.8,1.5851452198650557,1.5390154481375546,0.3393253056036194,4.000894318330778,0.3074846997479606
GJ 27.1 b,GJ 27.1,3.66,0.08,476.0,0.101,3542.0,-1.58503,0.53,3.967,2.639057329615259,0.9001613499442714,2.3945448565235736,2.822509199745296,0.41797782979974335
GJ 273 b,GJ 273,1.51,0.1,284.8,0.091101,3382.0,-2.05552,0.2899999999999999,4.369000000000001,1.358409157630355,1.724550719534605,0.7227059828014898,2.9780671601464244,0.25696509978972043
GJ 273 c,GJ 273,1.06,0.17,442.9,0.036467,3382.0,-2.05552,0.2899999999999999,4.343999999999999,0.7793248768009976,1.8625285401162623,2.0360119837525,1.7445630343970802,0.25696509978972043
GJ 3021 b,GJ 3021,13.1,0.511,350.0,0.49,5540.0,-0.18,0.9,0.37,6.977318654367454,1.2864740258376797,1.6960667755382794,4.903124319710477,0.6418538861723948
GJ 3082 b,GJ 3082,2.79,0.22,445.334,0.079,3910.0,-1.46273,0.4699999999999999,4.70901,2.2192034840549946,1.1216775615991057,2.2658301454729344,2.561018565086703,0.3820026718738194
GJ 3090 b,GJ 3090,2.18,0.25,723.0,0.0316,3707.0,-1.34199,0.519,2.7265,1.7083778602890038,1.2237754316221157,3.8372994592322094,1.3488785329812736,0.41607528722017995
GJ 3090 c,GJ 3090,3.14,0.0,407.2,0.0997,3707.0,-1.34199,0.519,3.16,2.3978952727983707,1.0188473201992472,1.7191887763932197,2.8297190106842147,0.41607528722017995
GJ 3138 b,GJ 3138,1.18,0.19,892.985,0.0197,3717.0,-1.34679,0.6810000000000002,2.505,1.0224509277025458,1.9387416595767009,4.779963476361254,0.7975207093063948,0.4054651081081644
GJ 3138 c,GJ 3138,1.88,0.11,511.5,0.057,3717.0,-1.34679,0.6810000000000002,4.648000000000001,1.6448050562713916,1.4951487660319727,2.7013612129514133,1.9421889482534596,0.4054651081081644
GJ 3138 d,GJ 3138,3.23,0.32,134.29000000000002,0.698,3717.0,-1.34679,0.6810000000000002,2.27,2.4423470353692043,0.9969486348916093,0.09531017980432487,5.556055562626746,0.4054651081081644
GJ 317 b,GJ 317,13.3,0.0826,283.9,1.138,3496.0,-1.68663,0.4019999999999999,5.0,6.678970847777841,1.0508216248317612,0.6849590672357783,6.546340548552841,0.3386128011203239
GJ 328 b,GJ 328,13.3,0.227,132.35000000000002,4.109999999999999,3897.0,-1.08,0.65,4.949999999999999,6.683047131287607,1.0508216248317612,0.0920194703931526,8.235360643753348,0.48858001481867097
GJ 328 c,GJ 328,4.91,0.1982999999999999,331.807,0.657,3897.0,-1.08,0.65,6.81,3.109060958860994,0.6896410412306576,1.1760057727346802,5.492238059185343,0.48858001481867097
GJ 3293 b,GJ 3293,5.19,0.06,290.61,0.14339,3466.0,-1.65758,0.4199999999999999,6.283,3.2003044392827653,0.6549259677397475,0.7275486072772778,3.4531159805061185,0.3393253056036194
GJ 3293 c,GJ 3293,4.87,0.11,176.33,0.36175,3466.0,-1.65758,0.4199999999999999,5.98,3.095125017432026,0.6931471805599453,0.15700374880966467,4.817209108503517,0.3393253056036194
GJ 3293 d,GJ 3293,2.67,0.12,301.202,0.1939399999999999,3466.0,-1.65758,0.4199999999999999,3.221,2.151762203259462,1.1600209167967532,0.46373401623214017,3.894561435717025,0.3393253056036194
GJ 3293 e,GJ 3293,1.63,0.21,371.9,0.08208,3466.0,-1.65758,0.4199999999999999,4.170000000000001,1.4539530095937054,1.6409365794934714,1.4678743481123135,2.6570586155819265,0.3393253056036194
GJ 3323 b,GJ 3323,1.23,0.23,343.81000000000006,0.03282,3159.0,-2.56864,0.164,5.991999999999999,1.1052568313867783,1.9401794743463283,1.275362800412609,1.8505942549489476,0.11243542932978817
GJ 3323 c,GJ 3323,1.32,0.17,176.07,0.1264,3159.0,-2.56864,0.164,5.574,1.1969481893889715,1.8748743759385615,0.15700374880966467,3.7266568184479665,0.11243542932978817
GJ 3341 b,GJ 3341,2.46,0.31,395.58,0.089,3526.0,-1.538,0.4699999999999999,3.538,2.028148247292285,1.235471471385307,1.7232122107809786,2.721755848158322,0.3639484279052307
GJ 338 B b,GJ 338 B,3.25,0.109,391.0,0.142,4014.0,-1.10127,0.64,4.0,2.451005098112319,0.9932517730102834,1.6978598304964525,3.2356149408724773,0.4574248470388754
GJ 341 b,GJ 341,0.88,0.0,629.0,0.102,3770.0,-1.31072,0.48,3.152,1.6094379124341003,1.269760544863939,2.6946271807700692,2.149067879151504,0.4098554564094573
GJ 3470 b,GJ 3470,4.57,0.017,593.5,0.0354999999999999,3600.0,-1.5376,0.539,1.65,2.7013612129514133,0.5877866649021191,3.422906686824305,1.467102068414279,0.4363175715909291
GJ 3473 b,GJ 3473,1.264,0.0,773.0,0.01589,3347.0,-1.82391,0.36,3.608,1.0508216248317612,1.7967470107390942,4.100989104940769,0.7875494483368497,0.31042155942127037
GJ 3473 c,GJ 3473,2.63,0.0,329.1,0.0876,3347.0,-1.82391,0.36,3.682,2.1294214739848565,1.1755733298042381,1.0818051703517284,2.8039056867457313,0.31042155942127037
GJ 357 b,GJ 357,1.2,0.0434,518.0,0.036,3505.0,-1.79833,0.342,6.054,1.0438040521731147,1.8870696490323797,2.6100697927420065,1.5954606845032409,0.29042829811980614
GJ 357 c,GJ 357,1.66,0.0328,401.2,0.061,3505.0,-1.79833,0.342,5.686000000000001,1.4816045409242156,1.6253112615903906,1.695615608675153,2.314977982924007,0.29042829811980614
GJ 357 d,GJ 357,2.34,0.2894,219.6,0.204,3505.0,-1.79833,0.342,2.144,1.9600947840472698,1.2864740258376797,0.32208349916911333,4.037086143381819,0.29042829811980614
GJ 3634 b,GJ 3634,2.83,0.08,695.5,0.0287,3517.0,-1.699,0.45,5.0,2.2407096892759584,1.1118575154181303,3.7436885195216645,1.2935237039964707,0.35767444427181583
GJ 367 b,GJ 367,0.699,0.06,1365.0,0.00709,3522.0,-1.5391,0.455,6.029,0.4904188139883281,2.4159137783010487,6.363028103540465,0.27908711641304856,0.37706563358646644
GJ 367 c,GJ 367,1.86,0.09,482.73,0.102,3522.0,-1.5391,0.455,2.896,1.635105659182678,1.5107219394949427,2.4058491997118767,2.5281337497221,0.37706563358646644
GJ 367 d,GJ 367,2.33,0.14,326.49,0.102,3522.0,-1.5391,0.455,4.626,1.9501867058225737,1.2864740258376797,1.1510862247606373,3.565835730270357,0.37706563358646644
GJ 3779 b,GJ 3779,2.75,0.07,498.91,0.026,3324.0,-2.06198,0.27,4.324,2.1972245773362196,1.1346227261911428,2.5375912869220056,1.392077605875618,0.24764102291459722
GJ 3929 b,GJ 3929,1.09,0.0,568.0,0.0252,3384.0,-1.96257,0.313,7.1,1.0116009116784799,2.1162555148025524,2.9069010598473755,1.2854334293562937,0.2776317365982795
GJ 3929 c,GJ 3929,2.26,0.0,317.0,0.081,3384.0,-1.96257,0.313,7.1,1.9035989509835904,1.3137236682850553,0.9858167945227653,2.7750856024383683,0.2776317365982795
GJ 393 b,GJ 393,1.17,0.1102399999999999,485.0,0.05402,3579.0,-1.57073,0.426,4.907,0.9969486348916093,1.927164106234258,2.3233676321765744,2.0827846971029684,0.3548733219921042
GJ 3942 b,GJ 3942,2.57,0.121,590.0,0.0608,3867.0,-1.12,0.63,2.73,2.096790180014449,1.1969481893889715,3.1754430263702433,2.0674954706614352,0.4762341789963716
GJ 3988 b,GJ 3988,1.74,0.0,348.0,0.0405,3273.0,-2.39513,0.1842,5.369,1.545432582458188,1.578978704949392,1.2383742310432684,2.0724421026595907,0.18010242968507312
GJ 3998 b,GJ 3998,1.39,0.0,666.9,0.03,3726.0,-1.358,0.52,8.38,1.252762968495368,1.8115620965242347,3.8918202981106265,1.2948175744664798,0.4054651081081644
GJ 3998 c,GJ 3998,2.5,0.0,389.9,0.09,3726.0,-1.358,0.52,8.38,2.05668455455722,1.2237754316221157,1.8562979903656263,2.6896825437440253,0.4054651081081644
GJ 3998 d,GJ 3998,2.34,0.0,289.74,0.189,3726.0,-1.358,0.52,8.38,1.9558604799084813,1.2809338454620645,0.7884573603642702,3.7560707036542595,0.4054651081081644
GJ 411 b,GJ 411,1.45,0.063,349.83,0.07879,3719.0,-1.70997,0.3899,8.047,1.3056264580524357,1.766441661243765,1.4182774069729414,2.6347193627991747,0.31371524949859664
GJ 414 A b,GJ 414 A,2.63,0.45,308.6,0.2324,4120.0,-0.92445,0.65,12.4,2.151762203259462,1.1939224684724346,0.924934298181751,3.9473901492654373,0.5187937934151676
GJ 414 A c,GJ 414 A,8.4,0.105,124.7,1.4,4120.0,-0.92445,0.65,12.4,4.004237489415957,0.40479821912046066,0.09342936521957348,6.621179261292875,0.5187937934151676
GJ 422 b,GJ 422,3.33,0.11,385.9,0.111,3323.0,-1.95861,0.35,4.1297,2.4907230351094403,0.9745596399981308,1.6201631063764825,3.0506465044313833,0.3150501272429768
GJ 4274 b,GJ 4274,1.53,0.01868,574.4,0.0153,3228.0,-2.46218,0.18,0.12,1.3787660946990992,1.715598108262491,2.7536607123542622,0.9684656375282641,0.173953307123438
GJ 4274 c,GJ 4274,2.83,0.18673,158.88000000000002,0.186,3228.0,-2.46218,0.18,0.12,2.2396452932201716,1.1085626195212777,0.09531017980432487,4.256605125012738,0.173953307123438
GJ 4276 b,GJ 4276,4.22,0.37,389.25,0.082,3387.0,-1.70553,0.406,6.9,2.866192902199006,0.7929925155296614,1.6168897031797116,2.6638893053164403,0.341459778132252
GJ 433 b,GJ 433,2.33,0.04,549.13,0.062,3461.0,-1.69897,0.48,5.7780000000000005,1.9520342157632733,1.2892326482767593,2.840981678273848,2.1247136198737024,0.4054651081081644
GJ 433 d,GJ 433,2.14,0.07,322.89,0.178,3461.0,-1.69897,0.48,4.98,1.8282521055870808,1.3686394258811698,0.897782423310775,3.6125112372227863,0.4054651081081644
GJ 436 b,GJ 436,4.17,0.13827,686.0,0.0291,3586.11,-1.585,0.4699999999999999,6.0,3.139832617527748,1.0296194171811583,3.415501258370827,1.2930499042400603,0.37500590062345585
GJ 463 b,GJ 463,13.1,0.146,256.776,3.53,3563.0,-1.52293,0.486,5.2747,6.986212037826481,1.2919836816486496,0.41786992166993586,8.14902386805177,0.39406706315579504
GJ 480 b,GJ 480,3.69,0.1,411.187,0.068,3381.0,-1.61155,0.45,3.4610000000000007,2.653241964607215,0.8919980393051105,1.8838199462763021,2.3577359374588935,0.37556588126207224
GJ 486 b,GJ 486,1.289,0.00086,696.3,0.01714,3317.0,-1.93892,0.312,4.0,1.3270750014599193,2.0360119837525,3.6938669956249752,0.9030519932097534,0.2808840179507816
GJ 514 b,GJ 514,2.13,0.45,202.0,0.4219999999999999,3728.0,-1.36653,0.51,0.8,1.8245492920510458,1.3762440252663892,0.2468600779315258,4.951804895032408,0.4054651081081644
GJ 536 b,GJ 536,2.41,0.0,451.0,0.0668,3641.0,-1.35291,0.528,4.2,1.9974177062012453,1.252762968495368,2.388762789235098,2.273026510752477,0.4246139269469252
GJ 536 c,GJ 536,2.3,0.0,290.5,0.1617,3641.0,-1.35291,0.528,4.2,1.9300710850255671,1.297463147413275,0.9902844117824814,3.5193062901421484,0.4246139269469252
GJ 581 b,GJ 581,4.79,0.0342,469.09,0.0399,3500.0,-1.90781,0.295,4.3,3.068052935133617,0.7030975114131134,2.400491963800215,1.85137966520908,0.2639015437863775
GJ 581 c,GJ 581,2.5,0.032,375.9,0.0718,3500.0,-1.90781,0.295,4.3,2.0554049638515943,1.2208299213923592,1.5876821687394453,2.6334056747726273,0.2639015437863775
GJ 581 e,GJ 581,1.38,0.012,603.75,0.02799,3500.0,-1.90781,0.295,4.3,1.247032293786383,1.8229350866965048,3.2576528478945,1.422650398080545,0.2639015437863775
GJ 625 b,GJ 625,1.49,0.13,307.62,0.078361,3499.0,-1.894,0.3,5.656000000000001,1.3402504226184837,1.7369512327330598,1.020380041470208,2.749064177192824,0.2700271372130601
GJ 649 b,GJ 649,10.8,0.083,311.06,1.112,3734.0,-1.361,0.51,0.44,4.418837342851509,0.30601302913650436,1.3065013842820503,6.398761310045116,0.4054651081081644
GJ 667 C b,GJ 667 C,2.25,0.2,717.515,0.050431,3350.0,-1.863,0.33,2.0,1.8991179875485544,1.3190856114264407,3.9182321874027215,2.1044999410206127,0.668536814587228
GJ 667 C c,GJ 667 C,1.77,0.02,455.4,0.125,3350.0,-1.863,0.33,2.0,1.5686159179138452,1.5623463049002497,2.4582809156994987,3.3721118007670587,0.668536814587228
GJ 667 C e,GJ 667 C,1.45,0.02,325.41,0.213,3350.0,-1.863,0.33,2.0,1.308332819650179,1.769854633840005,1.0803430894526604,4.146937012341271,0.668536814587228
GJ 667 C f,GJ 667 C,1.45,0.03,334.11,0.156,3350.0,-1.863,0.33,2.0,1.308332819650179,1.769854633840005,1.2538772980503416,3.6895292429554334,0.668536814587228
GJ 667 C g,GJ 667 C,1.99,0.08,255.66,0.549,3350.0,-1.863,0.33,2.0,1.7227665977411035,1.43746264769429,0.662681605544749,5.549853992363464,0.668536814587228
GJ 674 b,GJ 674,3.33,0.2,489.4,0.039,3600.0,-1.796,0.35,0.55,2.492378664626701,0.9745596399981308,2.390417428450961,1.7393778635463004,0.3108833296218433
GJ 676 A b,GJ 676 A,12.8,0.319,251.99,1.7350000000000003,3734.0,-1.04251,0.626,6.4607,7.51853236783607,1.7613002617433464,0.9024627301396613,6.958871507194398,0.5247285289349821
GJ 676 A d,GJ 676 A,1.78,0.192,727.4,0.039,3734.0,-1.04251,0.626,4.3580000000000005,1.571516058437942,1.551808799597464,3.9083471544593267,1.5262215072394636,0.5247285289349821
GJ 676 A e,GJ 676 A,2.47,0.152,361.68,0.181,3734.0,-1.04251,0.626,4.89,2.0378896649749554,1.2325602611778486,1.6050429807637787,3.596588162876524,0.5247285289349821
GJ 682 b,GJ 682,1.93,0.08,356.283,0.08,3028.0,-2.69897,0.27,5.9377,1.6863989535702286,1.4724720573609429,1.3693455895420732,2.9165808352485536,0.2610210550732149
GJ 682 c,GJ 682,2.89,0.1,319.837,0.176,3028.0,-2.69897,0.27,4.4907,2.272125885509337,1.091923300517313,0.9903386128173418,4.065945087700403,0.2610210550732149
GJ 685 b,GJ 685,2.95,0.0,418.383,0.1344,3816.0,-1.253,0.55,3.469,2.302585092994046,1.0750024230289759,2.1887692518594286,3.22525543183224,0.43178241642553783
GJ 687 b,GJ 687,4.32,0.17,347.16,0.163,3413.0,-1.672,0.4,5.647,2.9014215940827497,0.7747271675523681,1.4613705058819233,3.6671960592827775,0.34945897131842485
GJ 687 c,GJ 687,4.14,0.4,252.272,1.165,3413.0,-1.672,0.4,5.184699999999999,2.833213344056216,0.8064758658669486,1.0218532036955907,6.591072728396895,0.34945897131842485
GJ 720 A b,GJ 720 A,3.77,0.12,401.0,0.119,3837.0,-1.217,0.57,3.507999999999999,2.6837575085331657,0.8754687373538999,1.8188979659487277,3.0187649726645636,0.44468582126144574
GJ 724 b,GJ 724,3.27,0.577,611.0,0.04685,3799.0,-1.2909,0.5271,5.08,2.463853240590168,0.9895411936137477,3.1912990570979662,1.8084992408322529,0.4201960727081585
GJ 740 b,GJ 740,1.53,0.24,829.0,0.029,3913.0,-1.206,0.58,2.378,1.3762440252663892,1.7119945007591926,4.382026634673881,1.2171535553132287,0.44468582126144574
GJ 806 b,GJ 806,1.331,0.0214,940.0,0.01406,3600.0,-1.58528,0.413,5.0,1.0647107369924282,1.6863989535702286,4.875197323201151,0.6556133677898253,0.3467054129012419
GJ 806 c,GJ 806,2.28,0.07024,490.0,0.0523,3600.0,-1.58528,0.413,5.0,1.916922612182061,1.3056264580524357,2.3513752571634776,2.0334813693034572,0.3467054129012419
GJ 832 b,GJ 832,13.8,0.05,81.88,3.7,3472.0,-1.585,0.45,8.1,5.754634394263899,0.5056120567131033,0.014933796144204392,8.256866848974312,0.36572377945815027
GJ 849 b,GJ 849,13.9,0.029,262.64,2.3199999999999994,3467.0,-1.59,0.45,3.0,5.651860096296464,0.45805755822733496,0.7961063975486157,7.56336153475402,0.37156355643248307
GJ 86 b,GJ 86,12.9,0.04,726.5,0.11,5182.0,-0.38952,0.9300000000000002,11.3,7.248367932236253,1.5260563034950494,3.707086527826553,2.819288011576911,0.5709795465857378
GJ 876 b,GJ 876,13.3,0.0324,453.0,0.208317,3293.74,-1.90658,0.32,1.0,6.585100046404622,0.9895411936137477,2.1545159840955503,4.12901326400732,0.26236426446749106
GJ 876 c,GJ 876,14.0,0.25591,681.1,0.12959,3293.74,-1.90658,0.32,1.0,5.429278082813602,0.37500590062345585,3.0136747773745847,3.4368251093051554,0.26236426446749106
GJ 876 d,GJ 876,2.51,0.207,1056.585,0.02080665,3293.74,-1.90658,0.32,1.0,2.057962510002712,1.2149127443642704,5.1105949050679005,1.077654194076632,0.26236426446749106
GJ 876 e,GJ 876,3.92,0.055,307.69,0.3343,3293.74,-1.90658,0.32,1.0,2.747270914255491,0.8458682675776092,1.1034075290168137,4.8303915770972665,0.26236426446749106
GJ 887 b,GJ 887,1.8,0.14,426.0,0.0683,3688.0,-1.43415,0.495,2.9,1.589235205116581,1.541159071680806,2.174751721484161,2.328438007783149,0.38390093019232385
GJ 887 c,GJ 887,2.43,0.17,320.0,0.121,3688.0,-1.43415,0.495,2.9,2.0149030205422647,1.2499017362143359,1.252762968495368,3.126058535229565,0.38390093019232385
GJ 887 d,GJ 887,2.34,0.211,241.0,0.212,3688.0,-1.43415,0.495,2.9,1.9600947840472698,1.2864740258376797,0.5933268452777344,3.94681083091381,0.38390093019232385
GJ 887 e,GJ 887,1.12,0.0524,544.0,0.0417,3688.0,-1.43415,0.495,2.9,0.9001613499442714,1.9035989509835904,3.086486636822455,1.6909994660769065,0.38390093019232385
GJ 896 A b,GJ 896 A,13.3,0.35,250.38,0.63965,3345.0,-1.75523,0.43599,3.98,6.578267672688279,0.9858167945227653,0.5599639136678485,5.653856665886475,0.3326664322979379
GJ 9066 c,GJ 9066,9.6,0.46,299.0,0.8800000000000001,3154.0,-2.59517,0.15,4.1621,4.215735385239287,0.34712953109520095,0.9971260912270468,6.649450762574338,0.15186234930924608
GJ 9404 b,GJ 9404,3.48,0.49,711.5,0.0943,3811.0,-1.0,0.62,5.661,2.5572273113676265,0.9360933591703346,3.826915204047584,2.6712893932328634,0.48614822605987223
GJ 96 b,GJ 96,4.67,0.44,399.5,0.291,3785.0,-1.05159,0.6000000000000001,5.38,3.0281994636914926,0.7227059828014898,1.7811038325590203,4.316687793365541,0.45781211381356884
GJ 9689 b,GJ 9689,3.07,0.29,453.04,0.1139,3836.0,-1.2,0.5900000000000001,8.9,2.365559892155434,1.0402767116551463,2.190944336572415,2.958549482426275,0.4510756193602167
GJ 9773 b,GJ 9773,14.2,0.218,494.992,2.921,3528.0,-1.73666,0.358,4.859999999999999,5.156643341056515,0.2859305394129746,3.3372764870858136,7.994969522697877,0.30895420772732063
GJ 9827 b,GJ 9827,1.44,0.0,1035.01,0.0189,4236.0,-1.00436,0.62,5.465,1.66392609771817,2.1813210055010064,5.765191102784844,0.7925281543370242,0.4574248470388754
GJ 9827 c,GJ 9827,1.13,0.0,715.94,0.0395,4236.0,-1.00436,0.62,5.465,1.0508216248317612,2.097035850080787,4.304065093204169,1.536459179372926,0.4574248470388754
GJ 9827 d,GJ 9827,1.98,0.0,675.0,0.053,4236.0,-1.00436,0.62,5.465,1.3912819026309298,1.2556160374777745,3.580737295494233,1.974335160393801,0.4574248470388754
Gaia-1 b,Gaia-1,13.77583728,0.073853,1159.07,0.04047,5470.0,-0.1588,0.949,6.09,6.28217650686188,0.7514160886839212,6.05803639026952,1.3993398968803612,0.6688544879909007
Gaia-2 b,Gaia-2,14.81827249,0.0749,1213.23,0.0467,5720.0,0.0574,1.0,5.714,5.5632391597490205,0.3639484279052307,6.240321653088433,1.5457571353289168,0.7246458476193163
Gaia-4 b,Gaia-4,12.4,0.338,438.9,0.102,4034.0,-0.99957,0.644,6.8,8.229877772432191,2.468099531471619,3.195415941135374,6.349663329415057,0.4848922417394862
Gaia22dkvL b,Gaia22dkvL,14.1,0.3063099999999999,627.5319999999999,1.4,5549.0,-0.07632,1.145,3.8889,5.240882030168581,0.3133498192003587,3.5383657336131074,2.4950335327117,0.668536814587228
Gl 378 b,Gl 378,3.66,0.109,830.0,0.039435,3879.0,-1.22185,0.56,3.257,2.640484881606444,0.9001613499442714,4.438617282002491,1.5731887797589794,0.44468582126144574
Gl 410 b,Gl 410,2.83,0.0798,736.17,0.0531,3842.0,-1.239,0.55,0.48,2.2407096892759584,1.1118575154181303,4.0084425848412195,1.9487632180377197,0.43372857338102383
Gl 49 b,Gl 49,2.24,0.363,444.71100000000007,0.0905,3805.0,-1.30645,0.515,1.6035,1.891604804197771,1.3217558399823195,2.2802301920164196,2.6980537358515337,0.41277168329060254
Gl 686 b,Gl 686,2.46,0.05,379.0,0.091,3656.0,-1.53,0.426,5.506,2.031301166351901,1.2383742310432684,1.5399214765813571,2.8051769118329326,0.3555743384946994
Gl 725 A b,Gl 725 A,1.48,0.0,402.92,0.068,3433.0,-1.809,0.33,6.2,1.3297240096314962,1.7422190236679187,1.918413905687229,2.5030821370160217,0.3008450589780618
Gliese 12 b,Gliese 12,0.958,0.5,314.6,0.0668,3296.0,-2.13787,0.2414,7.0,1.5830939370944987,1.269760544863939,0.9631743177730056,2.621868152851688,0.2324600179515585
HAT-P-1 b,HAT-P-1,14.784671,0.0,1322.0,0.05561,5980.0,0.22463,1.151,3.6,5.123134766653755,0.24842135849847827,5.56332045395005,1.6984189709934152,0.7765687886990177
HAT-P-11 b,HAT-P-11,4.36,0.251,838.0,0.05258,4653.0,-0.56702,0.8110000000000002,2.69,3.258096538021482,0.775648402071689,4.62271536520384,1.7729163814265751,0.5205779152086689
HAT-P-12 b,HAT-P-12,10.749,0.0,963.0,0.0384,4650.0,-0.678,0.7330000000000001,2.5,4.220374976046804,0.27702549226325207,4.7797535466869245,1.4381891770570738,0.5312163134137247
HAT-P-13 b,HAT-P-13,14.258,0.0133,1740.0,0.04383,5653.0,0.346,1.32,5.0,5.6038221664106445,0.2932910626146447,7.590611943332437,1.3651345632842644,1.0137803531514122
HAT-P-15 b,HAT-P-15,11.88154,0.19,904.0,0.0965,5568.0,0.03019,1.0,6.8,6.425825130709023,1.085189268335969,4.39145455186507,2.4734664596454445,0.7275486072772778
HAT-P-16 b,HAT-P-16,14.68376472,0.0462,1566.0,0.0413,6140.0,0.29447,1.218,0.5,7.2023338384053455,1.247029132861847,7.376877269698814,1.3286565803431454,0.7691818668359429
HAT-P-17 b,HAT-P-17,11.76945,0.35,800.0,0.0892,5246.0,-0.28893,0.99,7.0,5.222199529815136,0.36464311358790924,4.714132208427586,2.4282057783183992,0.6259384308664953
HAT-P-18 b,HAT-P-18,11.153,0.084,852.0,0.0559,4803.0,-0.569,0.77,12.4,4.152770690690713,0.22314355131420976,4.421736410908624,1.8730357234624087,0.559044196036465
HAT-P-19 b,HAT-P-19,11.29865255,0.07,981.2,0.04599,4962.0,-0.48545,0.8069999999999999,7.2,4.489068509380059,0.2889312918522129,5.043425116919247,1.6111930153395346,0.5726730270920708
HAT-P-2 b,HAT-P-2,10.659759,0.5172,1540.0,0.06814,6380.0,0.53,1.33,1.44,7.961304729262429,2.115049969147204,6.379305253862407,1.8921349502217,0.8712933659434192
HAT-P-2 c,HAT-P-2,12.4,0.37,889.3,0.102,6412.0,0.577,1.33,1.44,8.132049386333444,2.379546134130174,4.32633650595261,9.04793908261736,0.8821132800725685
HAT-P-20 b,HAT-P-20,9.718,0.015,970.0,0.0361,4595.0,-0.721,0.756,6.7,7.742358184049365,2.6932749155200555,4.455704514351092,1.3546274659109578,0.5270925962298626
HAT-P-21 b,HAT-P-21,12.44199,0.23,1367.0,0.05037,5588.0,0.18184,1.2400000000000002,10.2,7.345256442030678,1.5333731655062859,6.132404056748145,1.6340290564620772,0.7929925155296614
HAT-P-22 b,HAT-P-22,12.89035,0.02,1463.0,0.0414,5302.0,-0.114,1.13,12.4,6.667007808939547,1.144222799920162,5.788641258701363,1.4379898246265987,0.7466879474879752
HAT-P-23 b,HAT-P-23,15.334,0.106,2056.0,0.0232,5905.0,0.199,1.13,4.0,6.500143368141118,0.6981347220709844,7.936386422267195,0.7942966421623048,0.7898200678202061
HAT-P-24 b,HAT-P-24,14.5717,0.07,1637.0,0.04651,6373.0,0.408,1.37,2.8,5.478020916016143,0.36464311358790924,7.166983091460907,1.4713797178560515,0.8671004876833832
HAT-P-25 b,HAT-P-25,12.722215,0.023,1182.0,0.0466,5519.0,-0.15181,1.012,3.2,5.203156160646549,0.39406706315579504,5.786897381366708,1.5374724428663225,0.6518042170255629
HAT-P-26 b,HAT-P-26,7.06167,0.12,1080.0,0.04748,5079.0,-0.35928,1.12,9.0,3.1462234082639617,0.23000634835936534,5.226146056314943,1.6552751495742526,0.6259384308664953
HAT-P-27 b,HAT-P-27,11.43,0.0,1091.99,0.04,5316.0,-0.26926,0.916,4.4,5.288519524067926,0.5653138090500605,5.82019687044848,1.396139983521023,0.6230857026021362
HAT-P-28 b,HAT-P-28,13.585,0.051,1384.0,0.0434,5680.0,0.053,1.025,6.1,5.29808233893121,0.36464311358790924,6.320250534336767,1.4486151906211833,0.7433648967205627
HAT-P-29 b,HAT-P-29,13.11453,0.09,1281.0,0.0667,6087.0,0.31175,1.45,2.2,5.637252282569245,0.5369856469874391,6.073044534100405,1.9055627442804794,0.832909122935104
HAT-P-3 b,HAT-P-3,10.53646,0.0,1189.0,0.03866,5185.0,-0.36,1.06,1.6,5.335562571977939,0.6178846960593984,5.179460629680753,1.360899627099946,0.6259384308664953
HAT-P-30 b,HAT-P-30,16.14096,0.04,1630.0,0.0419,6304.0,0.312,1.5499999999999998,1.0,5.578970669975675,0.26926348692776286,7.292308108358628,1.3377866570548471,0.8372475245337022
HAT-P-31 b,HAT-P-31,12.21781,0.25,1450.0,0.061,6065.0,0.43315,1.31,3.17,6.582681571593176,1.1568811967920856,6.617272621884909,1.7926623948013765,0.8712933659434192
HAT-P-32 b,HAT-P-32,22.19382,0.159,1835.7,0.03397,6001.0,0.33806,1.1319999999999997,2.7,5.380470461172304,0.10255658832509207,7.518607216815252,1.1474050560087565,0.8616233305318468
HAT-P-33 b,HAT-P-33,20.73665,0.0,1782.0,0.04995,6446.0,0.618,1.82,2.3,5.681549135572257,0.18232155679395454,7.439782550958014,1.498387908958561,1.0260415958332743
HAT-P-34 b,HAT-P-34,13.417173,0.432,1520.0,0.06774,6442.0,0.6003,1.392,1.7,6.965433352220193,1.252762968495368,6.074840156029033,1.8644915190441524,0.9282193027394289
HAT-P-35 b,HAT-P-35,14.930388,0.02,1581.0,0.04978,6096.0,0.38307,1.2359999999999998,3.5,5.818979888991436,0.4382549309311553,6.908423855435084,1.5361585814777958,0.8899467565345531
HAT-P-36 b,HAT-P-36,14.313893,0.063,1780.97,0.0241,5620.0,0.02243,1.03,6.6,6.377429772288266,0.7770286645406475,7.507690077819904,0.8447289191958569,0.7134398838277077
HAT-P-37 b,HAT-P-37,13.204,0.058,1271.0,0.0379,5500.0,-0.208,0.929,3.6,5.9203122027798925,0.636576829071551,6.0243948439350055,1.334326102152884,0.6296747576043717
HAT-P-38 b,HAT-P-38,9.247,0.067,1082.0,0.0523,5330.0,-0.208,0.886,10.1,4.452683121584999,0.46373401623214017,5.497306330510336,1.7299517937128148,0.6538864666066427
HAT-P-39 b,HAT-P-39,17.609,0.0,1752.0,0.0509,6430.0,0.607,1.404,2.0,5.254219177826238,0.173953307123438,7.558356792852104,1.513779071854671,0.965080896043587
HAT-P-4 b,HAT-P-4,14.28,0.0,1686.0,0.04438,5860.0,0.431,1.248,3.9,5.3671668944284505,0.3386128011203239,7.271703706887368,1.4003294074592336,0.9539717988418436
HAT-P-40 b,HAT-P-40,17.03768,0.0,1770.0,0.0608,6080.0,0.778,1.03,2.7,5.034080950698268,0.13976194237515868,7.466464999419493,1.6969431674459,1.0784095813505903
HAT-P-42 b,HAT-P-42,14.348,0.0,1428.0,0.0574999999999999,5743.0,0.356,1.178,5.2,5.807544713750231,0.4762341789963716,6.529560871970581,1.73021698880826,0.9282193027394289
HAT-P-43 b,HAT-P-43,13.63,0.0,1353.0,0.0444,5693.0,0.05986,1.03,5.7,5.353728421311584,0.3293037471426004,6.259346254761024,1.466177379120633,0.7323678937132266
HAT-P-44 b,HAT-P-44,13.922,0.044,1108.0,0.0507,5295.0,-0.194,0.942,7.5,4.726245573678443,0.20701416938432615,5.226386254084301,1.667936794112131,0.6673164205254237
HAT-P-44 c,HAT-P-44,13.0,0.494,197.57,1.7520000000000002,5295.0,-0.194,0.942,7.5,7.148581565148655,1.430311246536665,0.1897959290485451,6.7721646246757885,0.6673164205254237
HAT-P-45 b,HAT-P-45,15.984,0.049,1652.0,0.0452,6330.0,0.4,1.259,2.0,5.650705133663116,0.32208349916911333,6.959625456940358,1.4180333093869395,0.8411360582733945
HAT-P-46 b,HAT-P-46,14.392,0.123,1458.0,0.0577,6120.0,0.391,1.284,2.5,5.060593030356293,0.2468600779315258,7.248845265935559,1.6980217025340199,0.8738006802532029
HAT-P-49 b,HAT-P-49,17.82231,0.0,2131.0,0.04378,6820.0,0.814,2.22,1.5,6.55140314007911,0.5596157879354227,8.387774472998672,1.30604642405491,1.1184149159642893
HAT-P-5 b,HAT-P-5,13.56289,0.0,1517.0,0.04073,5960.0,0.187,1.04,2.6,5.7445193455535435,0.5118668814689813,6.74720546832025,1.3319675228186962,0.7514160886839212
HAT-P-50 b,HAT-P-50,14.437192,0.115,1862.0,0.0453,6280.0,0.60314,1.2729999999999997,3.37,6.063949148737076,0.5766133643039938,7.65417598697335,1.416341126812175,0.9925107577855641
HAT-P-51 b,HAT-P-51,13.50682174,0.07,1168.2,0.05042,5453.0,-0.10237,0.961,8.1,4.59080064639519,0.1972101692877053,5.739792912179234,1.6521181939889913,0.6906440503418267
HAT-P-52 b,HAT-P-52,11.309881,0.047,1218.0,0.03694,5131.0,-0.30452,0.887,9.4,5.564462704508493,0.6830968447064438,5.4326690476439605,1.322714127344948,0.6381628722271858
HAT-P-53 b,HAT-P-53,14.773462,0.134,1778.0,0.03159,5956.0,0.21748,1.0929999999999995,4.67,6.15837572155997,0.5877866649021191,7.2449576775416595,1.0857378002972338,0.7925399244379802
HAT-P-54 b,HAT-P-54,10.581296,0.074,818.0,0.04117,4390.0,-0.9017,0.645,3.9,5.491211172974799,0.7504722471792148,4.496150762461187,1.5685840424058266,0.48057258059496977
HAT-P-55 b,HAT-P-55,14.84069045,0.17,1367.0,0.04628,5804.0,0.09656,1.028,5.3,5.2492622527750585,0.27611543608031547,6.369900982828227,1.5228405515461572,0.7443154671343447
HAT-P-56 b,HAT-P-56,16.92559,0.29,1840.0,0.0423,6566.0,0.55274,1.4199999999999997,2.01,6.600125296681178,0.5596157879354227,8.165079258805068,1.3325849924793909,0.9042181506398859
HAT-P-58 b,HAT-P-58,14.93036229,0.073,1622.0,0.04994,6078.0,0.45637,1.031,7.11,4.781072578963645,0.17730901497041035,7.044905117129371,1.6122016697360297,0.9282193027394289
HAT-P-59 b,HAT-P-59,12.58768533,0.03,1277.8,0.05064,5678.0,0.05385,1.008,7.3,6.195335054303284,0.8531379168688864,6.092214450208125,1.6374376553137497,0.7437452333230367
HAT-P-6 b,HAT-P-6,16.58932,0.0,1675.0,0.05239,6570.0,0.55267,1.79,2.3,6.04152913694717,0.4434029474485566,7.003465378807789,1.5795929492524197,0.9631743177730056
HAT-P-60 b,HAT-P-60,18.28184752,0.25,1772.0,0.06277,6212.0,0.80889,1.435,2.765,5.211852234630308,0.15186234930924608,7.399398083331354,1.7569577366490212,1.1622128700777044
HAT-P-61 b,HAT-P-61,10.07687365,0.113,1505.0,0.0301,5587.0,-0.1152,1.004,2.6,5.8199186029047585,1.0296194171811583,6.745824411835916,1.0655079673956656,0.6616565134685745
HAT-P-62 b,HAT-P-62,12.02723629,0.101,1512.0,0.03772,5629.0,0.09061,1.023,8.1,5.492515688394024,0.5709795465857378,6.766422102865493,1.2934451132370988,0.7747271675523681
HAT-P-63 b,HAT-P-63,12.5428494,0.069,1237.0,0.04294,5400.0,-0.1463,0.925,9.0,5.278862552447834,0.43178241642553783,5.96203573641717,1.4765298683446477,0.6760518851313081
HAT-P-64 b,HAT-P-64,19.08889413,0.101,1766.0,0.05387,6457.0,0.66839,1.2980000000000005,2.88,5.2221945447319165,0.13453089295760615,7.385230923066573,1.6108832674051856,1.0061314358739446
HAT-P-65 b,HAT-P-65,18.05766791,0.304,1818.0,0.04042,5872.0,0.47276,1.2970000000000002,3.9,5.176584313158255,0.15186234930924608,7.507690077819904,1.2824458989550165,0.9805792217565169
HAT-P-66 b,HAT-P-66,17.82231,0.09,1896.0,0.04363,6002.0,0.6149,1.255,4.66,5.520904322992056,0.21672298351128702,7.570706104106685,1.379291397509461,1.0581374561023915
HAT-P-68 b,HAT-P-68,12.016048,0.041,1027.8,0.02996,4508.0,-0.77911,0.6785000000000001,11.1,5.442889114544971,0.5463857991645416,5.224670826379739,1.1934391729160703,0.5128835048754348
HAT-P-69 b,HAT-P-69,18.786284,0.0,1930.0,0.06555,7394.0,1.0,1.648,1.27,7.037757927907495,0.7030975114131134,7.74983095604635,1.755605226976729,1.0736363025979325
HAT-P-8 b,HAT-P-8,15.6926,0.0,1713.0,0.04496,6200.0,0.519,1.27,3.4,6.010831785518528,0.5221476866317944,7.3270999520789575,1.405199526994487,0.9439058989071286
HAT-P-9 b,HAT-P-9,15.614137,0.084,1540.0,0.05287,6350.0,0.4183,1.2809999999999997,1.6,5.476692270543289,0.29416103854949005,6.837332814685591,1.5938796519361649,0.8492958630498767
HATS-1 b,HATS-1,14.594,0.12,1359.0,0.0444,5870.0,0.04139,0.986,6.0,6.381054306057856,0.708035793053696,6.196334345801285,1.4921080490796366,0.7119689348005331
HATS-10 b,HATS-10,10.861521,0.501,1407.0,0.0449099999999999,5880.0,0.117,1.101,3.3,5.125026391034584,0.5306282510621704,6.7308460093029305,1.4615980110231306,0.7443154671343447
HATS-11 b,HATS-11,18.03,0.34,1596.0,0.0507,6563.0,0.40312,1.33,7.7,5.578970669975675,0.27383666562972786,6.935658342312185,1.5302189320707171,0.9321640810304452
HATS-12 b,HATS-12,7.76,0.085,1446.0,0.0441,6357.0,0.86332,1.16,2.36,6.634125607427658,0.7514160886839212,6.341208502139587,1.4213482319540944,0.7747271675523681
HATS-13 b,HATS-13,13.585308,0.181,1244.0,0.04057,5523.0,-0.32121,0.962,2.5,5.15664832431342,0.3199072197465178,5.758863287332266,1.3972466403501482,0.6349882663864131
HATS-14 b,HATS-14,11.646151,0.142,1276.0,0.03815,5346.0,-0.17274,0.967,4.9,5.833042888789572,0.7843580606133295,6.2282821805690105,1.3262163039722707,0.6590732002261939
HATS-15 b,HATS-15,12.385945,0.126,1505.0,0.02712,5311.0,-0.20412,0.8709999999999999,11.0,6.537692690533409,1.0885619528146082,7.697274030417021,1.01068686861382,0.6533663105481008
HATS-16 b,HATS-16,14.5717,0.0,1592.0,0.03744,5738.0,0.17319,0.97,9.5,6.947268353239899,1.0508216248317612,6.903555974230863,1.3046780409674266,0.8055826098897335
HATS-17 b,HATS-17,8.709393,0.029,814.0,0.1308,5846.0,0.09342,1.131,2.1,6.055041371588526,1.5040773967762742,4.300002799195291,2.848079412105753,0.7376424204464965
HATS-18 b,HATS-18,14.896761,0.166,2069.48,0.0174,5600.0,-0.03152,1.037,4.2,6.445949134360731,0.7499527543813974,8.003363058629947,0.6085909690017784,0.7030975114131134
HATS-2 b,HATS-2,12.57647635,0.0,1550.0,0.02317,5227.0,-0.268,0.904,7.2,6.07861635038113,0.7915616280448718,6.857573261634309,0.8561728423971993,0.6291418505840329
HATS-22 b,HATS-22,10.682177,0.079,858.0,0.05025,4803.0,-0.64589,0.7590000000000001,6.812,6.770622208094332,1.587192303486781,4.721164956985249,1.7444603628792046,0.524136637825663
HATS-23 b,HATS-23,20.84874,0.114,1654.0,0.03397,5780.0,0.15534,1.121,4.2,6.148917126801926,0.2546422183735807,6.698909132893658,1.1507351788458942,0.7880027115726241
HATS-24 b,HATS-24,15.636555,0.0,2166.0,0.0238,6125.0,0.19,1.07,3.7,6.5782726778461145,0.708035793053696,7.903951084443308,0.8537758897163241,0.7514160886839212
HATS-25 b,HATS-25,14.12334,0.176,1277.0,0.05163,5715.0,0.06819,0.994,7.5,5.277245863569491,0.32208349916911333,6.122212287715685,1.6674507877844826,0.7452651348220518
HATS-26 b,HATS-26,19.61575,0.245,1918.0,0.04735,6071.0,0.70415,1.299,4.04,5.335562571977939,0.14236724128692196,7.713146449637021,1.4591702406305347,1.1118575154181303
HATS-27 b,HATS-27,16.8135,0.581,1659.0,0.0611,6438.0,0.66932,1.415,2.3,5.132557307908301,0.16551443847757338,7.203087985554977,1.7293587502510999,1.007957920399979
HATS-28 b,HATS-28,13.383546,0.202,1253.0,0.04131,5498.0,-0.15739,0.929,6.2,5.3686908312441215,0.3920420877760237,5.759105526116847,1.4305691319416527,0.6533663105481008
HATS-29 b,HATS-29,14.022459,0.158,1212.0,0.05475,5670.0,0.02938,1.032,5.5,5.3401452070355875,0.34429867287067695,5.877735781779639,1.7238151371172223,0.7289968334536425
HATS-3 b,HATS-3,15.48,0.0,1648.0,0.0485,6351.0,0.456,1.209,3.2,5.833002084893049,0.412109650826833,7.100855536307628,1.5146548136981408,0.8771340166729611
HATS-30 b,HATS-30,13.170575,0.096,1414.0,0.04354,5943.0,0.09691,1.0929999999999995,2.3,5.417823272765795,0.43372857338102383,6.579125787478107,1.4289590408524666,0.7231913019083219
HATS-31 b,HATS-31,18.38276,0.233,1823.0,0.0478,6050.0,0.61909,1.275,4.3,5.637252282569245,0.21752781252857406,7.390432014111115,1.476582862466881,1.0543120297715298
HATS-32 b,HATS-32,14.000041,0.471,1437.0,0.04024,5700.0,0.0569,1.099,3.5,5.681549135572257,0.4574248470388754,6.422586680659688,1.3383257443879277,0.7405077519197829
HATS-33 b,HATS-33,13.78707,0.08,1429.0,0.03727,5659.0,-0.01773,1.062,3.0,5.939785283507055,0.5822156198526637,6.630852764436815,1.2668222716899609,0.7040871205982797
HATS-34 b,HATS-34,16.02887,0.108,1445.0,0.03166,5380.0,-0.14026,0.955,7.7,5.704042540836061,0.33647223662121295,6.540803133631019,1.1333874619586104,0.6830968447064438
HATS-35 b,HATS-35,16.409976,0.306,2037.0,0.03199,6300.0,0.46538,1.3169999999999995,2.13,5.964576943536512,0.3947411447451887,7.8004497970011055,1.0370911838808707,0.8891250638013856
HATS-36 b,HATS-36,12.92,0.105,1203.0,0.0523,5950.0,0.21484,1.1,0.62,6.930632860033013,1.1378330018213914,6.331501849893691,1.6438752805345191,0.7419373447293773
HATS-37 A b,HATS-37 A,6.792654,0.0,1085.0,0.04913,5326.0,-0.25571,0.8430000000000001,11.46,3.48016782235518,0.4382549309311553,5.441118165179708,1.6736394893123296,0.6296747576043717
HATS-38 b,HATS-38,6.882326,0.0,1294.0,0.05036,5732.0,0.07151,0.89,11.89,3.199465456628377,0.3386128011203239,6.1435416499883315,1.6817624809828384,0.7443154671343447
HATS-39 b,HATS-39,17.59813,0.275,1645.0,0.06007,6572.0,0.64048,1.379,2.06,5.304462943744508,0.18398683611301586,7.344784555880357,1.7187648155667858,0.9635559243412692
HATS-4 b,HATS-4,11.433,0.013,1315.0,0.0362,5403.0,-0.187,1.001,2.1,6.043750973176968,0.9360933591703346,6.327629593694025,1.2575312962153613,0.6549259677397475
HATS-40 b,HATS-40,17.71022,0.312,2101.0,0.04997,6460.0,0.90309,1.561,2.07,6.227227537302558,0.3987761199573678,8.059711221945907,1.4502718499082408,1.1817271953786161
HATS-41 b,HATS-41,14.90797,0.38,1710.0,0.0583,6424.0,0.65321,1.496,1.34,8.033966846100448,1.8082887711792655,7.171128649515413,1.6474365329824763,0.9969486348916093
HATS-42 b,HATS-42,15.6926,0.229,1856.0,0.03689,6060.0,0.42488,1.2729999999999997,3.26,6.394460609630173,0.6043159668533296,7.401356897546483,1.191526266538954,0.9082585601768908
HATS-43 b,HATS-43,13.22662,0.173,1003.0,0.04944,5099.0,-0.39794,0.8370000000000001,8.6,4.430264622612551,0.17479329037316305,5.263895679625468,1.6843319484158272,0.5944312076207876
HATS-44 b,HATS-44,11.960003,0.279,1161.0,0.03649,5080.0,-0.39794,0.86,9.7,5.187300886034053,0.44468582126144574,5.728205132112777,1.3201279556973886,0.6135627012171029
HATS-45 b,HATS-45,14.414774,0.24,1518.0,0.05511,6450.0,0.42488,1.2720000000000002,1.52,5.409326399254286,0.3435897043900769,6.699931774174235,1.6462758659921752,0.8394096875381973
HATS-46 b,HATS-46,10.121727,0.559,1054.0,0.05367,5495.0,-0.22988,0.917,3.0,4.02507647429515,0.2468600779315258,5.35076701709802,1.747872522118933,0.6168059473032227
HATS-47 b,HATS-47,12.520453,0.088,852.9,0.04269,4512.0,-0.79615,0.6739999999999999,8.1,4.773048523169492,0.2859305394129746,4.485598050847247,1.593878246234167,0.5046465726892753
HATS-48 A b,HATS-48 A,8.9672,0.162,954.6,0.03769,4546.0,-0.70885,0.7279,11.97,4.359687590891316,0.4631048875545789,4.931592086755803,1.4186808606835055,0.5395296918943457
HATS-49 b,HATS-49,8.574885,0.071,834.8,0.04515,4405.0,-0.78489,0.7133,10.5,4.7291030724868675,0.6861225656229808,4.399989335048054,1.638617361176806,0.5292743938344507
HATS-5 b,HATS-5,10.223,0.019,1025.0,0.0542,5304.0,-0.268,0.9360000000000002,3.6,4.334974334543586,0.3293037471426004,5.216236541657249,1.7515253227246261,0.6264730472919525
HATS-50 b,HATS-50,12.66617,0.516,1275.39,0.0504599999999999,5990.0,0.14301,1.168,1.2,4.827943268687277,0.2851789422336624,6.439833161886112,1.5747846645124701,0.7499999921527281
HATS-51 b,HATS-51,15.80469,0.33,1553.0,0.04639,5758.0,0.30963,1.187,4.74,5.501639525590005,0.29266961396281993,6.608303683283006,1.4699160872285066,0.8919980393051105
HATS-52 b,HATS-52,15.490838,0.246,1834.0,0.02498,6010.0,0.06819,1.111,1.2,6.569396143286019,0.7227059828014898,7.1787132805164635,0.86147729536564,0.7158866675294348
HATS-53 b,HATS-53,15.02006,0.33,1312.0,0.04753,5644.0,0.04532,0.964,9.0,5.247596802855788,0.26466929814270806,6.158270524071901,1.5797571235524883,0.7424134218628633
HATS-54 b,HATS-54,11.37711541,0.0,1429.0,0.037,5621.0,0.11461,1.05,7.96,5.481991302090479,0.5709795465857378,6.16953750805329,1.2653058339858019,0.8020015854720274
HATS-55 b,HATS-55,14.022459,0.092,1367.0,0.05412,6214.0,0.22891,1.1955,0.4,5.682631801153882,0.461845441544272,5.877480847325828,1.649466011102422,0.7542422799197561
HATS-56 b,HATS-56,18.920792,0.019,1902.0,0.06043,6536.0,0.89763,1.573,1.894,5.259231676278755,0.14410034397375687,6.986446304313786,1.6723749644041992,1.163463260987726
HATS-57 b,HATS-57,12.767051,0.028,1413.4,0.03493,5587.0,-0.0942,1.026,2.5,6.90896555630099,1.2947271675944,6.347797182465817,1.209145701791827,0.6729444732424258
HATS-58 A b,HATS-58 A,12.273855,0.168,1721.0,0.05798,7175.0,0.68931,1.461,0.31,5.794125490014601,0.6729444732424258,5.949887840781071,1.6521313578971226,0.8891250638013856
HATS-59 b,HATS-59,12.621334,0.129,1128.0,0.0611199999999999,5670.0,-0.00436,1.038,4.3,5.549741155515512,0.5306282510621704,5.598421958998375,1.858807495172802,0.7109870986882764
HATS-59 c,HATS-59,12.3,0.083,175.9,2.5040000000000004,5670.0,-0.00436,1.038,4.3,8.303366354421046,2.5572273113676265,0.14755756435761466,7.260522598089852,0.7109870986882764
HATS-6 b,HATS-6,11.186582,0.0,712.8,0.03623,3724.0,-1.09983,0.574,8.1,4.628767271878898,0.3357576956833441,3.878083521998582,1.4644751441794086,0.4510756193602167
HATS-60 b,HATS-60,12.923977,0.191,1528.0,0.04708,5688.0,0.30016,1.097,7.55,5.35376844037883,0.42983246455645885,6.807824440357088,1.5175044052486102,0.9001613499442714
HATS-61 b,HATS-61,13.394755,0.092,1226.1,0.07908,5542.0,0.36922,1.076,8.9,6.986217045318527,1.244154593958768,5.9274592171320695,2.176789756914737,0.9798287526781426
HATS-62 b,HATS-62,11.825495,0.298,1237.0,0.04163,5416.0,-0.17328,0.8960000000000001,9.55,4.058571778123922,0.07325046173959267,5.96203573641717,1.4532246369180843,0.6590732002261939
HATS-63 b,HATS-63,13.529263,0.136,1398.3,0.04026,5627.0,0.01199,0.931,10.3,5.723966728470122,0.5128236264286637,6.45378246680893,1.400358175433041,0.7275486072772778
HATS-64 b,HATS-64,18.819911,0.151,1793.0,0.06562,6554.0,0.86747,1.564,1.861,5.723966728470122,0.21913552991667093,7.445417556701687,1.7764591811742145,1.1355868914594711
HATS-65 b,HATS-65,16.824709,0.062,1634.0,0.0449699999999999,6277.0,0.37658,1.2569999999999997,1.78,5.56810947614427,0.26236426446749106,7.072421900537371,1.4122449625981395,0.8372475245337022
HATS-66 b,HATS-66,15.815899,0.064,1998.0,0.04714,6626.0,0.76716,1.411,2.17,7.435458019614553,1.205970806988609,7.87777633327726,1.4210433361309696,1.044156102872051
HATS-67 b,HATS-67,18.887165,0.057,2193.0,0.03032,6594.0,0.54654,1.435,0.51,6.135247741227941,0.3177261938001576,8.248529124800218,0.9590355358109803,0.892407791410823
HATS-68 b,HATS-68,13.809488,0.036,1741.0,0.05071,6147.0,0.59218,1.351,3.02,6.0185949176578015,0.6184236343640088,7.3277805384216315,1.5230561989829523,1.010873374360103
HATS-69 b,HATS-69,10.592505,0.519,1295.7,0.03211,5137.0,-0.31758,0.8920000000000001,8.0,5.217041744981758,0.3784364357202451,6.147613229597914,1.1710128540320874,0.6304735860318865
HATS-7 b,HATS-7,6.310667,0.17,1084.0,0.04012,4985.0,-0.43415,0.8489999999999999,7.8,3.667134742191641,0.6043159668533296,5.359496187708818,1.4315819699260877,0.596085467716814
HATS-71 b,HATS-71,11.478016,0.0,586.8,0.03745,3405.0,-1.55988,0.4861,3.2,4.7757320343253795,0.3506568716131693,2.9488083668422678,1.5676821904593452,0.39089277892490715
HATS-72 b,HATS-72,8.0973816,0.013,739.3,0.0665169999999999,4656.1,-0.65896,0.7311,12.17,3.7100508011484954,0.34429867287067695,3.923556241241819,2.1196170152504545,0.543137913233237
HATS-74 A b,HATS-74 A,11.56766808,0.044,895.1,0.02384,3776.9,-1.2161,0.601,11.0,6.14210078899794,0.9707789171582246,4.681204872264089,1.0049812536441243,0.45476307982945063
HATS-76 b,HATS-76,12.09449018,0.062,939.8,0.02658,4016.0,-1.0381,0.662,4.6,6.7293112532386266,1.275362800412609,4.873669439023098,1.0789680308308252,0.4860615086193724
HATS-77 b,HATS-77,13.05846252,0.045,828.3,0.03607,4071.0,-0.99183,0.655,12.1,6.081525133741685,0.7309245448939752,4.374120463102784,1.4079644103644975,0.49640210310026645
HATS-8 b,HATS-8,9.785457,0.376,1324.0,0.04667,5679.0,-0.0252,1.056,5.1,3.803558566469457,0.2303177550622101,6.237972023820504,1.5225486370806716,0.7352483565785808
HATS-9 b,HATS-9,13.85,0.075,1746.0,0.0312,5599.0,0.3118,1.1,10.8,5.587337455955757,0.48612301112561884,7.737652871809105,1.0699696432933385,0.9400072584914712
HD 100777 b,HD 100777,13.7,0.38,665.2610000000001,1.06,5533.0,0.02119,1.08,5.7,5.971080549404272,0.6070444815065336,3.075407661274537,5.950642552587727,0.712949807856125
HD 101581 b,HIP 56998,0.956,0.007,834.0,0.046,4675.0,-0.78186,0.653,6.88,0.6026752773958697,1.8245492920510458,4.394449154672439,1.6984903716641204,0.48858001481867097
HD 101581 c,HIP 56998,0.99,0.014,747.0,0.0573,4675.0,-0.78186,0.653,6.88,0.6611403844248589,1.8421356765531218,3.970291913552122,1.9746378154304587,0.48858001481867097
HD 10180 c,HD 10180,2.839553935,0.073,1049.8,0.06412,5911.0,0.17319,1.06,4.3,7.916657220362092,1.269760544863939,5.58804154757499,1.9109770310151974,0.7462139014966376
HD 10180 d,HD 10180,2.839553935,0.131,813.4,0.12859,5911.0,0.17319,1.06,4.3,8.100732021787906,1.269760544863939,4.601250925566379,2.8539958832387446,0.7462139014966376
HD 10180 e,HD 10180,5.39,0.051,561.64,0.2699,5911.0,0.17319,1.06,4.3,3.261935314328648,0.6318035503188933,3.0592600936298284,3.926872208278352,0.7462139014966376
HD 10180 f,HD 10180,5.24,0.119,403.836,0.4929,5911.0,0.17319,1.06,4.3,3.214867803470662,0.6486726904581158,1.7663599333547344,4.818214915424886,0.7462139014966376
HD 10180 g,HD 10180,2.839553935,0.263,485.5,1.427,5911.0,0.17319,1.06,4.3,8.124546875103553,1.269760544863939,3.3784003090799937,6.406335283290242,0.7462139014966376
HD 10180 h,HD 10180,9.4,0.095,315.23,3.381,5911.0,0.17319,1.06,4.3,4.180522258463153,0.3548733219921042,1.2452603728730725,7.698936199813447,0.7462139014966376
HD 101930 b,HD 101930,10.6,0.11,396.248,0.3,5108.0,-0.3098,0.57,1.0,4.387729094699122,0.3126185577418125,1.8768481336596377,4.2691378525952635,0.6205764877251099
HD 102117 b,HD 102117,8.47,0.12,749.9,0.15,5655.0,0.15737,1.06,10.0,4.007898479968745,0.3981047537018719,4.032137947525537,3.082519875507855,0.8020015854720274
HD 102195 b,HD 102195,14.2,0.0,1067.1,0.05,5301.0,-0.33442,0.76,2.4,4.877563224538169,0.22314355131420976,5.533271297568883,1.631936901278023,0.598836501088704
HD 102365 b,HD 102365,4.14,0.34,426.3,0.4600000000000001,5630.0,-0.05665,0.8500000000000001,9.0,2.833213344056216,0.8064758658669486,1.8050394186771388,4.812997033190408,0.668536814587228
HD 102843 b,HD 102843,13.1,0.11,175.82,4.074,5436.0,-0.13814,0.95,6.664,4.74406218485471,0.24529635595534308,0.15507736548459886,8.036554651445996,0.6737033688817415
HD 102956 b,HD 102956,13.8,0.037,1535.846,0.0807,4985.0,1.06446,1.6599999999999997,2.3,5.723966728470122,0.4934759854308777,6.2211588207622075,2.0141961040690157,1.713797927758343
HD 103197 b,HD 103197,5.83,0.0,427.6,0.25,5250.0,-0.3279,0.8,9.1,3.3879331325089876,0.5838901946229959,2.0980082398169313,3.888549649242504,0.6312717768418579
HD 103720 b,HD 103720,14.1,0.086,972.89,0.0498,5017.0,-0.45834,0.7940000000000002,3.8,5.288499326943995,0.3264219007677115,4.79519102780714,1.7148244277539324,0.5481214085096876
HD 103774 b,HD 103774,13.3,0.09,1462.6,0.07,6489.0,0.544,1.335,1.05,4.762173934797756,0.23980399220731702,6.576261722608988,1.9297952850223674,0.9481951305668024
HD 103891 b,HD 103891,13.2,0.31,192.01,3.27,6072.0,0.78604,1.2800000000000002,3.68,6.823856249497639,1.1600209167967532,0.5964180400841114,7.560080465021827,1.169381359556317
HD 103949 b,HD 103949,3.35,0.19,290.32,0.4389999999999999,4792.0,-0.56946,0.77,5.788,2.501435951739211,0.9707789171582246,0.7694910601365793,4.803020544399673,0.5613930647857115
HD 104067 b,HD 104067,9.2,0.123,408.5220000000001,0.2674,4952.0,-0.51256,0.8200000000000001,4.33,4.144720769547168,0.36325325929885494,1.8316934470361281,4.040433810191357,0.5766133643039938
HD 104067 c,HD 104067,3.69,0.29,713.8199999999999,0.1057999999999999,4952.0,-0.51256,0.8200000000000001,4.33,2.653241964607215,0.8919980393051105,3.8616272557495983,2.701307520234818,0.5766133643039938
HD 10442 b,HD 10442,13.6,0.132,542.4,2.01,4912.0,0.31,1.01,10.65,6.160390975917287,0.708035793053696,3.000848140122641,6.94051284322031,1.0885619528146082
HD 105618 b,HD 105618,5.44,0.455,931.4,0.091,5671.0,0.17967,1.01,8.506000000000002,3.274358688023449,0.6248683398066509,4.662067991009825,2.3999341020636633,0.821535997781296
HD 105779 b,HD 105779,14.1,0.0,76.88,3.38,5792.0,-0.10791,0.89,7.54,5.320128663742859,0.3357576956833441,0.019135236595022316,7.7886260656250315,0.6626879730752367
HD 106252 b,HD 106252,12.5,0.48,618.801,2.655,5874.0,0.1232,1.05,3.0,8.064411315207359,2.2965670206684825,3.096572359349124,7.336936913707618,0.7178397931503169
HD 106270 b,HD 106270,12.4,0.185,536.0,3.3400000000000003,5509.0,0.75587,1.3899999999999997,4.3,8.19540094961238,2.4336133554004498,2.846104135094645,7.543802867501509,1.297463147413275
HD 106315 b,HD 106315,2.44,0.093,1153.0,0.0907,6327.0,0.39454,1.091,4.48,2.6100697927420065,1.7404661748405044,5.627621113690637,2.35635047924303,0.83116847845732
HD 106315 c,HD 106315,4.35,0.22,886.0,0.1536,6327.0,0.39454,1.091,4.48,2.785011242238338,0.6981347220709844,4.584967478670572,3.0936318253120545,0.83116847845732
HD 10647 b,HD 10647,13.8,0.15,562.302,2.015,6218.0,0.149,1.11,1.4,5.702948793907623,0.48550781578170077,3.0108929565861433,6.897906942927323,0.7419373447293773
HD 10697 b,HD 10697,12.8,0.104,275.333,2.051,5641.0,0.47665,0.99,6.98,7.510041066962686,1.7544036826842861,0.9400979211467456,6.981358745322772,1.0518965713452082
HD 107148 b,HD 107148,9.6,0.05,583.1809999999999,0.269,5797.0,0.12081,1.12,5.6,4.215691609607206,0.34712953109520095,3.34355288577382,3.8929625026894037,0.7743552089834341
HD 107148 c,HD 107148,4.7,0.34,793.8,0.1407,5752.92,0.12081,1.105215,5.6,3.0395605421406673,0.7178397931503169,4.281800573050701,2.961487559556579,0.7743552089834341
HD 108147 b,HD 108147,10.9,0.53,890.0,0.102,6255.73,0.30297,1.22,3.2,4.43022138352355,0.30158497762077235,4.4737223075073,2.476412341752294,0.7914709966156428
HD 108202 b,HD 108202,13.1,0.52,177.66000000000005,3.7,4556.03,-0.76721,0.74,6.5,6.861172159546718,1.2029723039923526,0.1964288741862642,8.003363058629947,0.5089538731331946
HD 108236 b,HD 108236,1.615,0.045,1099.0,0.04527,5660.0,-0.14997,0.8690000000000001,6.7,1.4445632692438664,1.6544112780768316,5.746780340251142,1.567774522373207,0.6296747576043717
HD 108236 c,HD 108236,2.071,0.034,932.0,0.062,5660.0,-0.14997,0.8690000000000001,6.7,1.7817091333745536,1.4011829736136412,5.094777280541711,1.9745599391026087,0.6296747576043717
HD 108236 e,HD 108236,3.083,0.058,636.0,0.1367,5660.0,-0.14997,0.8690000000000001,6.7,2.3711778844596574,1.0367368849500223,3.5836050458598723,3.0248067352206025,0.6296747576043717
HD 108236 f,HD 108236,2.017,0.051,580.1,0.1758,5660.0,-0.14997,0.8690000000000001,6.7,1.7439688053917064,1.425515074273172,3.0449878221440203,3.419074954615261,0.6296747576043717
HD 108874 b,HD 108874,13.6,0.13,573.3610000000001,1.04,5600.0,-0.00072,1.1,8.0,6.114386798786617,0.6861225656229808,3.206549792185148,5.98010332716873,0.7178397931503169
HD 108874 c,HD 108874,13.8,0.239,144.96,2.659,5551.0,-0.00072,0.95,8.0,5.7546023236528345,0.5056120567131033,0.09342936521957348,7.393263094763838,0.7178397931503169
HD 109246 b,HD 109246,13.9,0.12,618.9010000000001,0.33,5844.0,0.10028,1.2,3.763,5.614345613101073,0.4440445900756395,3.1916350940683778,4.238011912034514,0.7275486072772778
HD 109271 b,HD 109271,4.31,0.25,1085.599,0.079,5783.0,0.301,1.0469999999999997,7.3,2.8993314992676367,0.7793248768009976,5.778744518117133,2.1809032167266724,0.8305563573515068
HD 109271 c,HD 109271,5.27,0.15,705.422,0.196,5783.0,0.301,1.0469999999999997,7.3,3.225016929624964,0.645531326618282,3.8658368195472135,3.4635460067266908,0.8305563573515068
HD 109286 b,HD 109286,13.2,0.338,259.4,1.259,5694.0,-0.08393,0.98,8.129000000000001,6.857836762238804,1.184789984909162,0.5359084041334539,6.255941961915169,0.7366854825744287
HD 109749 b,HD 109749,11.1,0.0,1264.876,0.0615,5824.0,0.19,1.13,3.3,4.4637690508702805,0.2963940130538024,5.944400588163132,1.830962714280052,0.7975071958841881
HD 109833 b,HD 109833,2.888,0.18,786.0,0.102,5881.0,0.07188,1.08,0.027,2.2710944259026746,1.091923300517313,4.166027811395269,2.3212621851523445,0.6931471805599453
HD 109833 c,HD 109833,2.59,0.3,756.7,0.102,5881.0,0.07188,1.08,0.027,2.1065702090680887,1.1878434223960523,4.362897330644706,2.7013711457879888,0.6931471805599453
HD 110067 b,HD 110067,2.2,0.0551,800.0,0.0793,5266.0,-0.36224,0.798,8.1,1.900613874140137,1.3711807233098425,4.327852340184671,2.3138887650934374,0.5810976767513224
HD 110067 c,HD 110067,2.388,0.0588999999999999,699.0,0.1039,5266.0,-0.36224,0.798,8.1,1.9878743481543455,1.269760544863939,4.0777637382437035,2.6860563668646127,0.5810976767513224
HD 110067 d,HD 110067,2.852,0.0701,602.0,0.1362,5266.0,-0.36224,0.798,8.1,2.253394848803274,1.1052568313867783,3.2109592425977143,3.0689649377374386,0.5810976767513224
HD 110067 e,HD 110067,1.94,0.1002,533.0,0.1785,5266.0,-0.36224,0.798,8.1,1.589235205116581,1.269760544863939,2.763064673237328,3.459249002029913,0.5810976767513224
HD 110067 f,HD 110067,2.601,0.0583,489.0,0.2163,5266.0,-0.36224,0.798,8.1,1.7984040119467237,0.9439058989071286,2.3801294284828662,3.739062457356328,0.5810976767513224
HD 110067 g,HD 110067,2.607,0.0639999999999999,440.0,0.2621,5266.0,-0.36224,0.798,8.1,2.2407096892759584,1.269760544863939,1.981270032517396,4.0212346559374605,0.5810976767513224
HD 110082 b,HD 110082,3.2,0.2,957.2,0.1129999999999999,6200.0,0.28103,1.21,0.25,2.424802725718295,1.0043016091968684,5.295286778952991,2.4143688354912594,0.7839015438284094
HD 110113 b,HD 110113,2.05,0.093,1371.0,0.035,5732.0,-0.03235,0.997,4.0,1.713797927758343,1.3609765531356006,6.601895658077988,1.2644091731297666,0.6770177986300616
HD 110113 c,HD 110113,2.11384817,0.045,990.0,0.068,5732.0,-0.03235,0.997,4.0,2.4423470353692043,1.9615022438151495,5.302807271820889,2.046918349974276,0.6770177986300616
HD 111232 b,HD 111232,12.6,0.214,327.12,2.148000000000001,5512.0,-0.161,0.96,5.2,7.836963524082522,2.0731719286662407,1.2409211514608491,7.064871859032955,0.6418538861723948
HD 111998 b,HD 111998,12.9,0.13,674.2,1.91,6557.0,0.51231,1.4,1.7,7.330782829659707,1.5912739418064292,3.866481890797322,6.698268054115413,0.8960880245566356
HD 113337 b,HD 113337,13.1,0.28,614.4,1.022,6774.0,0.63246,1.41,0.15,6.943897005388015,1.2612978709452054,3.561675062612463,5.763893678421631,0.9162907318741551
HD 113538 b,HD 113538,13.2,0.14,311.46,1.2400000000000002,4462.0,-1.04576,0.585,4.3,4.748491005432314,0.24137631957526948,1.1773449309495652,6.498583308942647,0.4252677354043441
HD 113538 c,HD 113538,13.8,0.2,223.016,2.44,4462.0,-1.04576,0.585,4.3,5.69228327826318,0.4811908186363,0.325742166395662,7.506042178518122,0.4252677354043441
HD 114082 b,HD 114082,11.2089807,0.395,534.9,0.5109,6651.0,0.5832,1.4700000000000002,0.015,7.84134639485715,2.3905959703167587,2.9578481777442107,4.707275408925245,0.9122827104766162
HD 114386 b,HD 114386,13.7,0.23,421.996,1.73,4836.0,-0.54,0.6000000000000001,1.4,5.895301053334826,0.5732368838873878,2.716626748731799,6.844495949995977,0.5653138090500605
HD 114729 b,HD 114729,13.9,0.079,566.911,2.067,5844.0,0.42095,0.9360000000000002,10.116,5.572951242837996,0.42983246455645885,3.249497430684792,7.0235719381424015,0.9054319885392792
HD 114783 b,HD 114783,13.7,0.144,497.34,1.16,5135.0,-0.3725,0.853,6.0,5.859645972487134,0.5579000311519196,3.6835920078603586,6.203951518233663,0.6101035579753317
HD 11506 b,HD 11506,12.9,0.379,236.8940000000001,2.885,6123.0,0.33685,1.22,2.5,7.347301392855135,1.6034198401085373,0.42787013073883573,7.389378636939915,0.8064758658669486
HD 11506 c,HD 11506,14.0,0.228,688.9110000000001,0.7710000000000001,6123.0,0.33685,1.22,2.5,4.853056009537661,0.22713557258374723,3.330180164852537,5.415744783424001,0.8064758658669486
HD 115404 A b,HD 115404 A,6.09,0.232,702.42,0.0879999999999999,5019.17,-0.5197,0.83,5.284999999999999,3.460388992267125,0.5596157879354227,3.8739493803734284,2.441901718839211,0.5463898524278963
HD 116029 b,HD 116029,13.6,0.0,764.83,1.65,4819.0,1.05308,0.83,2.7,6.100233746596463,0.6790482561804436,3.9877778969662643,6.508769136971682,1.7732559976634952
HD 116029 c,HD 116029,13.7,0.038,1145.208,0.102,4951.0,1.05308,1.33,2.7,6.003007915333746,0.6221880916194514,5.8944769540738,6.811244378601294,1.7227665977411035
HD 117207 b,HD 117207,13.4,0.157,223.11,3.787,5732.0,0.06566,1.053,4.192,6.507794929560369,0.9282193027394289,0.31270550951267684,7.871978664611595,0.7294791098073357
HD 117618 b,HD 117618,8.59,0.15,700.7,0.18,5990.0,0.21304,1.077,5.6,4.030737518236068,0.3913661837286627,4.049554971074361,3.288401887516811,0.7884573603642702
HD 118203 b,HD 118203,12.778238,0.3136,1361.0,0.0713,5742.0,0.6458,1.27,4.73,6.523786643656512,1.0260415958332743,6.3875524934035495,1.965009153516855,1.1118575154181303
HD 11964 b,HD 11964,14.1,0.041,76.88,3.16,5303.0,0.45905,0.91,7.45,5.293304824724492,0.32786386208461277,0.019135236595022316,7.57353126274595,1.101843728604307
HD 11964 c,HD 11964,5.38,0.3,695.0,0.2289999999999999,5303.0,0.45905,0.91,7.45,3.258096538021482,0.6323350411631878,4.1466506958008775,3.661251286996462,1.101843728604307
HD 121504 b,HD 121504,13.6,0.03,658.9,0.33,6027.0,0.19,1.62,1.2,6.17570779793129,0.7178397931503169,2.7643922136099572,4.1640260854229085,0.7275486072772778
HD 12235 b,HD 12235,3.23,0.376,1429.54,0.054,5986.0,0.57468,1.1,5.941999999999999,2.4413323842630876,0.9969486348916093,6.886742006306091,1.6795328430973613,1.0302799132912848
HD 122562 c,HD 122562,10.1,0.228,552.432,0.406,4956.0,0.407,1.241,5.5341,4.305422733490688,0.3293037471426004,2.864602034970793,4.453914179216049,1.1525542389344061
HD 124330 b,HD 124330,14.0,0.34,629.2900000000001,0.86,5873.0,0.33766,1.15,6.752999999999998,5.478015924828845,0.39001300354924273,3.489437030034331,5.604551284394344,0.8348463756834591
HD 12484 b,HD 12484,13.2,0.07,567.8,0.297,5920.0,0.02217,1.01,4.717999999999999,6.854495209654849,1.1817271953786161,3.0310865973292613,4.09150720740194,0.6940707539347263
HD 125595 b,HD 125595,2.839553935,0.0,556.624,0.08,4691.0,-0.61738,0.2899999999999999,3.53,8.169640400059958,1.269760544863939,3.1956155955450867,2.367782771839434,0.5538851132264376
HD 125612 b,HD 125612,13.2,0.446,274.67,1.3490000000000002,5900.0,0.06,1.05,1.77,6.852476878195541,1.1817271953786161,0.9619726650779882,6.325612549072937,0.7275486072772778
HD 125612 c,HD 125612,4.07,0.149,1242.6,0.051,5900.0,0.06,1.05,1.77,2.8078105816338375,0.8197798314933114,6.162261773563481,1.639901159910648,0.7275486072772778
HD 125612 d,HD 125612,12.7,0.115,433.3,3.982,5900.0,0.06,1.05,1.77,7.732970665865807,1.9629077254238845,3.1432754448390674,7.945812915469213,0.7275486072772778
HD 126525 b,HD 126525,10.3,0.035,314.9,1.837,5638.0,-0.0403,0.8969999999999999,9.67,4.335009840903257,0.3213585988111648,1.2164704944055331,6.868400956903581,0.6825916666204287
HD 12661 b,HD 12661,13.3,0.38,627.4010000000001,0.8400000000000001,5645.0,0.1327,1.2,6.39,6.650701856992126,1.0296194171811583,2.9563657187608854,5.574844781486336,0.7884573603642702
HD 12661 c,HD 12661,13.2,0.031,174.82,2.8145,5748.0,0.063,1.02,6.39,6.802899515704281,1.1474024528375417,0.14608947137792247,7.443663683115591,0.7466879474879752
HD 126614 b,HD 126614,12.7,0.548,367.87,2.249,5568.0,0.08279,0.96,7.2,4.688994932451205,0.25386672395705034,2.4961005144931563,7.137479553760067,0.8628030315380687
HD 127506 b,HD 127506,5.67,0.24,450.24,0.287,4595.32,-0.66256,0.73,4.707000000000001,3.34403577958183,0.6010318916521397,2.213159306228551,4.201462782212191,0.5514488145260878
HD 128311 b,HD 128311,13.5,0.303,379.4,1.084,4965.0,-0.5116,0.8279999999999998,0.96,6.333708079858017,0.8153648132841945,1.879441772028875,6.118139047385916,0.5653138090500605
HD 128311 c,HD 128311,13.0,0.159,318.99,1.7400000000000002,4965.0,-0.5116,0.8279999999999998,0.96,7.094448823030022,1.3887912413184778,1.1958466443796103,6.827128567478223,0.5653138090500605
HD 128356 b,HD 128356,13.9,0.57,726.2,0.87,4875.0,-0.4437,0.65,10.0,5.648511807312879,0.45679173527350503,2.724366288059086,5.7011122461003225,0.6151856390902335
HD 130322 b,HD 130322,13.7,0.029,720.0,0.0925,5387.0,-0.23544,0.9200000000000002,0.35,5.903971235824856,0.5771750043075246,3.757129284582389,2.4603330092868356,0.6151856390902335
HD 131496 b,HD 131496,13.4,0.181,455.1,2.01,4846.0,0.99123,1.34,2.7,6.351049752125816,0.8372475245337022,2.4582674526379007,6.799055862058796,1.6937790608678513
HD 13167 b,HD 13167,13.1,0.563,378.31,4.1,5671.0,0.96025,1.35,5.679,6.959414941248779,1.2725655957915476,1.9035692853381156,7.868636894184167,1.2208299213923592
HD 132406 b,HD 132406,12.8,0.25,255.275,1.98,5766.0,0.25996,0.973,7.187,7.5437503185189305,1.7833912195575383,0.47410404717594623,6.812345094177479,0.8501509293696101
HD 132563 b,HD 132563,13.6,0.22,492.1,2.62,6289.0,0.37408,1.231,2.31,6.162360664777991,0.708035793053696,3.3484144835895195,7.3427791893318455,0.8310682992235203
HD 133131 A b,HD 133131 A,13.6,0.33,613.301,1.44,5799.0,-0.01658,0.95,9.7,6.114386798786617,0.6861225656229808,3.0684828966944506,6.476972362889683,0.6703973545370081
HD 133131 A c,HD 133131 A,14.3,0.49,509.0,4.49,5799.0,-0.01658,0.95,9.7,4.9014794370853885,0.22394323148477407,4.529012805478234,8.18004072349016,0.6703973545370081
HD 134060 b,HD 134060,3.16,0.45,1373.3,0.0444,5966.0,0.15836,1.095,5.6,2.4069451083182885,1.0152306797290587,6.554429183564769,1.451520146037598,0.772090052867007
HD 134060 c,HD 134060,5.91,0.11,333.64,2.3928,5966.0,0.15836,1.095,5.6,3.410817625039146,0.5766133643039938,1.3315876324067082,7.164383585791233,0.772090052867007
HD 134606 b,HD 134606,2.97,0.092,937.2,0.1046,5576.0,0.06483,1.046,7.3,2.3115448343655176,1.068153081183401,4.925369313534665,2.5717721828095823,0.7691818668359429
HD 134606 c,HD 134606,3.37,0.055,520.6,0.3007,5576.0,0.06483,1.046,7.3,2.510411940196362,0.9631743177730056,2.778820589903339,4.0923926584968555,0.7691818668359429
HD 134606 d,HD 134606,7.59,0.092,330.64,1.941,5576.0,0.06483,1.046,7.3,3.8242840911201395,0.44660705143933954,1.3195853322157456,6.874715424903937,0.7691818668359429
HD 134606 e,HD 134606,1.33,0.2,1185.586,0.0527,5576.0,0.06483,1.046,7.3,1.205970806988609,1.8671761085128091,6.188002534554277,1.6715296927410852,0.7691818668359429
HD 134606 f,HD 134606,2.24,0.081,675.018,0.1784,5576.0,0.06483,1.046,7.3,1.891604804197771,1.3217558399823195,4.010394061482742,3.3291641787623236,0.7691818668359429
HD 134987 b,HD 134987,13.5,0.23,460.92,0.81,5736.0,0.25527,1.1,8.4,6.239703166601813,0.76080582903376,2.6297688564273476,5.5575227624240435,0.7975071958841881
HD 135694 b,HD 135694,2.857,0.0,750.83,0.124695,5712.0,0.03941,1.02,9.8,1.9600947840472698,1.11514159061932,4.28771595520264,2.828701744904289,0.7323678937132266
HD 135872 b,HD 135872,12.8,0.164,194.18,4.172,4992.0,0.937,1.646,4.462,7.46483077225375,1.7173950539391927,0.22853071069332404,7.792896243340396,1.595416064191662
HD 136352 b,HD 136352,1.664,0.0,905.0,0.0964,5664.0,0.0162,0.87,12.3,1.7439688053917064,1.8906825087274528,4.72384171570559,2.5319468710015967,0.7217346374118578
HD 136352 c,HD 136352,2.916,0.0,677.0,0.1721,5664.0,0.0162,0.87,12.3,2.50470927708418,1.2520964607141103,3.586292865338835,3.3531343031019074,0.7217346374118578
HD 136352 d,HD 136352,2.562,0.0,431.0,0.425,5664.0,0.0162,0.87,12.3,2.2844211223663744,1.3553474058395834,1.9080599249242156,4.6843971764393935,0.7217346374118578
HD 136418 b,HD 136418,13.3,0.25,602.17,1.29,4989.0,0.83251,1.48,4.0,6.5237916484241865,0.9516578757114464,3.61442363158676,6.1426823373590915,1.5644405465033646
HD 137388 b,HD 137388,9.32,0.36,347.5,0.89,5181.0,-0.33724,0.6800000000000002,6.45,4.1676879564463105,0.3583735005743138,1.5054281062772152,5.802118375377063,0.6312717768418579
HD 137496 b,HD 137496,1.31,0.0,2130.0,0.02732,5799.0,0.36633,1.04,8.3,1.617406082083277,2.4414770918606643,8.086149028730702,0.9636169678805925,0.9516578757114464
HD 137496 c,HD 137496,12.6,0.477,370.0,1.2163,5799.0,0.36633,1.04,8.3,7.797934286827634,2.0399207835175526,2.3950048421832237,6.175659348283617,0.9516578757114464
HD 13808 b,HD 13808,3.35,0.071,640.8,0.10519,5035.0,-0.43455,0.7710000000000001,7.2,2.501435951739211,0.9707789171582246,3.3643036216521893,2.7200775813149285,0.5771750043075246
HD 13808 c,HD 13808,3.13,0.156,413.6,0.2554,5035.0,-0.43455,0.7710000000000001,7.2,2.3942522815198695,1.0224509277025458,1.7499742763550177,4.002832161715993,0.5771750043075246
HD 13908 b,HD 13908,13.9,0.02,1298.636,0.1539999999999999,6255.0,0.602,1.29,2.9,5.620074725582716,0.44596705141749426,5.83376866838866,3.014652158406502,0.9820784724121581
HD 13908 c,HD 13908,12.8,0.12,423.2,2.03,6255.0,0.602,1.29,2.9,7.39719382086648,1.6620303625532709,2.3916579595714564,6.837332814685591,0.9820784724121581
HD 1397 b,HD 1397,11.500434,0.251,1228.3,0.1096999999999999,5521.0,0.65992,1.324,4.51,4.889592827260674,0.39001300354924273,5.877735781779639,2.528551057550124,1.2047724844965002
HD 140901 b,HD 140901,4.07,0.472,825.47,0.085,5610.0,-0.10237,0.99,3.2,2.8078105816338375,0.8197798314933114,4.541700407208174,2.3049602700265046,0.6678293725756554
HD 141004 b,HD 141004,3.77,0.16,953.878,0.1238,5885.38,0.346,1.051904,6.32,2.6834048958261634,0.8754687373538999,4.910446305647011,2.8038632847322353,0.8710305699092901
HD 141399 b,HD 141399,14.3,0.04,467.2,0.415,5600.0,0.2014,1.07,7.994299999999998,4.97218084195667,0.23822918873225063,3.239669379210988,4.55849777778966,0.8701362113425506
HD 141399 c,HD 141399,13.6,0.048,400.0,0.689,5600.0,0.2014,1.07,7.989,6.049058463325225,0.6538864666066427,2.2292736208359893,5.313156716744676,0.8701362113425506
HD 141399 d,HD 141399,13.7,0.074,350.02,2.09,5600.0,0.2014,1.07,8.311,5.9296939251341385,0.588342066193819,1.4695316837254335,6.976161311646197,0.8701362113425506
HD 142 A d,HD 142,10.9,0.13,569.241,0.474,6245.0,0.47418,1.21,3.12,4.4264667058937635,0.3008450589780618,3.347524135359076,4.695495142005964,0.9042181506398859
HD 142 b,HD 142,12.7,0.158,471.3,1.039,6245.0,0.47418,1.21,3.12,7.7220494705500675,1.9530276168241771,3.673689471064898,5.864863200434632,0.9042181506398859
HD 142022 A b,HD 142022 A,12.9,0.53,142.7,2.93,5421.0,0.00432,0.9,7.0,7.268506185785738,1.541159071680806,0.07534903424913084,7.564757012905729,0.712949807856125
HD 142415 b,HD 142415,13.5,0.5,802.5,1.06,5940.0,0.06,1.07,1.1,6.276222536091602,0.7839015438284094,3.2208213846108595,5.959199560700928,0.712949807856125
HD 143105 b,HD 143105,13.7,0.07,1800.5,0.0379,6380.0,0.55557,1.5100000000000002,1.906,5.9547339111376285,0.5999347988377666,7.593148206014014,1.1623379795486546,0.9735417636471528
HD 143361 b,HD 143361,12.9,0.197,422.9,1.988,5507.0,-0.09151,0.968,2.942,7.232410519438673,1.5129270120532565,2.1712038504321485,6.947120212504392,0.6502396795486688
HD 145377 b,HD 145377,12.8,0.31,482.366,0.45,6014.0,0.19312,1.2,1.3,7.557126418619944,1.7934247485471162,3.6493793110979333,4.653484046266642,0.7178397931503169
HD 1461 b,HD 1461,2.42,0.172,1168.203,0.0634,5765.0,0.0954,1.02,7.12,2.0068708488450007,1.252762968495368,5.7660953392304215,1.9127255816642694,0.7665314623415193
HD 1461 c,HD 1461,2.23,0.305,783.053,0.1117,5765.0,0.0954,1.02,7.12,1.8855533485144158,1.3270750014599193,4.485527849877597,2.674507205827154,0.7665314623415193
HD 147018 b,HD 147018,13.4,0.4686,612.18,0.2388,5441.0,-0.14757,0.927,6.36,6.51471269087253,0.9321640810304452,3.0881056341150805,3.8118932300090806,0.66162968132325
HD 147018 c,HD 147018,12.7,0.133,485.8,1.922,5441.0,-0.14757,0.927,6.36,7.640603826393634,1.884034745337226,3.74745250772799,6.9167150203536085,0.66162968132325
HD 147379 b,HD 147379,4.94,0.063,344.2,0.3193,4090.0,-1.09691,0.58,7.529999999999999,3.1179499062782403,0.6856189141391538,1.361399083646742,4.4725526613732525,0.48753898233479603
HD 147513 b,HD 147513,13.7,0.26,573.17,1.32,5883.0,-0.01,1.11,0.3,5.955837369464831,0.6004834956965259,3.295478631491992,6.271744289793001,0.6830968447064438
HD 14787 b,HD 14787,13.7,0.155,596.87,1.7000000000000002,4946.0,1.11506,1.4300000000000002,2.52,5.878540583889944,0.5658818295140691,3.346848718199163,6.518557143337845,1.7934247485471162
HD 147873 b,HD 147873,12.8,0.207,722.4,0.522,5972.0,0.77743,1.3799999999999997,4.0,7.39918166847804,1.66392609771817,3.9961906584881897,4.767255021280609,1.1908875647772805
HD 147873 c,HD 147873,13.3,0.23,598.2,1.36,5972.0,0.77743,1.3799999999999997,4.0,6.595792808967695,0.9969486348916093,3.342358512098238,6.19957567558823,1.1908875647772805
HD 148156 b,HD 148156,13.9,0.52,344.32,2.45,6308.0,0.25042,1.22,1.643,5.602650045068796,0.44018854416655007,1.7041339708898704,6.93537044601511,0.7929925155296614
HD 149026 b,HD 149026,8.29466,0.0,1626.0,0.04364,6179.0,0.48,1.4199999999999997,2.6,4.80217836443367,0.5596157879354227,7.000252414977064,1.3547753138528447,0.8796267475025636
HD 149143 b,HD 149143,13.6,0.0167,1442.63,0.053,5856.0,0.35,1.2,4.28,6.049058463325225,0.6538864666066427,6.528646595858847,1.6236997275461862,0.8919980393051105
HD 1502 b,HD 1502,13.2,0.031,606.2,1.262,4947.0,1.06446,1.46,2.4,6.774261028524979,1.128171090909654,3.614722302069935,6.06262174142431,1.7351891177396608
HD 151450 b,HD 151450,6.94,0.496,731.9,0.16,6091.98,0.23147,1.14,2.207,3.6752174842052137,0.4898062565419153,4.042917666347281,3.130825945184905,0.7755747345332564
HD 152079 b,HD 152079,13.2,0.532,242.792,4.187,5907.0,0.10721,1.1470000000000002,1.622,6.741400330775204,1.1052568313867783,0.5419101762426459,7.979311497626742,0.7551825714793979
HD 152581 b,HD 152581,13.4,0.04,357.12,1.6599999999999997,5027.0,1.17319,1.3,12.0,6.38860219462971,0.8586616190375187,1.608656428789726,6.533061829540726,1.8148247421590513
HD 152843 b,HD 152843,3.05,0.046,1003.11,0.1049,6310.0,0.44992,1.15,3.97,2.3813962734183356,1.0647107369924282,5.584998938666234,2.535339115435451,0.8878912573524571
HD 152843 c,HD 152843,5.94,0.074,253.08,0.1482,6310.0,0.44992,1.15,3.97,2.367436065313662,0.22554067591393126,4.898585790287632,3.02052751502418,0.8878912573524571
HD 15337 b,HD 15337,1.77,0.058,1001.0,0.05245,5131.0,-0.32606,0.829,9.6,2.01743315039589,2.009287281756629,5.092100988843283,1.750239383876864,0.6178846960593984
HD 15337 c,HD 15337,2.526,0.096,656.1,0.1235,5131.0,-0.32606,0.829,9.6,2.053097566340234,1.1948311464086525,3.407119809413922,2.9003521213016517,0.6178846960593984
HD 153557 b,HD 153557,4.77,0.065,840.4979999999999,0.068,4837.0,-0.56249,0.79,4.613,3.0606309509212704,0.708035793053696,4.624551811328885,2.116138640503138,0.5568525451226067
HD 153557 c,HD 153557,4.36,0.511,649.095,0.111,4837.0,-0.56249,0.79,4.613,2.9167194975686814,0.7701082216960736,3.446308329449297,2.789333984476448,0.5568525451226067
HD 153950 b,HD 153950,13.2,0.34,580.966,1.2800000000000002,6124.0,0.34635,1.25,4.3,6.844387805234174,1.1755733298042381,3.555936878343912,6.215407758608743,0.8241754429663495
HD 154088 b,HD 154088,2.46,0.344,709.47,0.134,5374.0,-0.13077,0.91,8.0,2.028148247292285,1.235471471385307,3.900041921087097,2.9734866646066713,0.6678293725756554
HD 154345 b,HD 154345,13.7,0.04,82.94,4.21,5468.0,-0.21934,0.71,9.527,5.938105447597803,0.5922212619699848,0.018104606126575364,8.114491912411284,0.6151856390902335
HD 154857 b,HD 154857,13.3,0.46,658.4,1.29,5589.0,0.66269,1.96,5.64,6.658888068106258,1.0367368849500223,3.007038858152076,6.01518109813936,1.1939224684724346
HD 155193 b,HD 155193,14.0,0.21,633.6,1.04,6239.0,0.6411,1.221,3.3077,5.478015924828845,0.39001300354924273,3.620420094430724,5.8683077234819985,1.0168199958070574
HD 155358 b,HD 155358,13.8,0.17,579.711,0.63,5905.0,0.29949,1.15,10.7,5.754639390511154,0.5056120567131033,3.434308317430434,5.274536837882633,0.8671004876833832
HD 155358 c,HD 155358,13.9,0.16,579.561,1.02,5900.0,0.29949,0.9200000000000002,10.7,5.568344503761097,0.42787870294506447,3.434308317430434,5.973555126564414,0.8671004876833832
HD 155918 b,HD 155918,2.67,0.194,1665.864,0.03,5771.84,0.01635,1.03,12.3,2.154999025373217,1.1631508098056809,7.196420207476079,1.0562856905771614,0.7026320565711597
HD 156098 b,HD 156098,4.12,0.109,1124.4,0.167,6419.19,1.06554,1.29,2.214,2.8268058214225382,0.8109302162163288,5.8593041016349225,3.1293226019417673,1.3236633528556387
HD 156411 b,HD 156411,14.0,0.22,567.24,1.88,5900.0,0.731,1.25,4.28,5.464594226173135,0.38594244161930047,3.150857640978067,6.737204177787098,1.1505720275988207
HD 156668 b,HD 156668,1.87,0.0,1017.4,0.05,4850.0,0.23,0.772,8.6,1.6389967146756448,1.501852701754163,5.752844669197526,1.73085876763844,0.5423242908253616
HD 156668 c,HD 156668,6.17,0.089,166.59,1.5700000000000005,4903.69,-0.54025,0.785167,8.6,3.481141473088654,0.5521594872589679,0.1588748082600902,6.699869730056908,0.5735344720726276
HD 158038 b,HD 158038,13.5,0.29,450.5,1.5,4860.0,1.07555,1.3,2.5,6.1888387013073904,0.7371640659767197,2.3762337381174894,6.257667587882639,1.7047480922384253
HD 158259 b,HD 158259,1.28228,0.0073999999999999,1462.0,0.102,5801.89,0.21233,1.08,4.781999999999999,1.169381359556317,1.9629077254238845,6.633559193768928,1.1562520681145243,0.7929925155296614
HD 158259 c,HD 158259,2.23,0.0625,1240.852,0.102,5801.89,0.21233,1.08,4.911,1.8870696490323797,1.3270750014599193,6.210006884126462,1.4888509494449826,0.7929925155296614
HD 158259 d,HD 158259,2.18,0.0093,1306.5,0.102,5801.89,0.21233,1.08,5.495,1.8578592709325787,1.3532545070416904,6.312264941249469,1.8242397925481124,0.7929925155296614
HD 158259 e,HD 158259,2.34,0.0167,1045.299,0.102,5801.89,0.21233,1.08,6.223000000000001,1.9572739077056285,1.2837077723447896,5.401705917815195,2.191765257888802,0.7929925155296614
HD 158259 f,HD 158259,2.35,0.00394,900.5,0.102,5801.89,0.21233,1.08,5.504,1.965712776351493,1.2809338454620645,5.166950585753576,2.567100887413987,0.7929925155296614
HD 15906 b,HD 15906,2.24,0.11,668.0,0.09,4757.0,-0.56864,0.79,4.355,1.8946168546677629,1.324418957401803,3.5304697173662944,2.4786126339609353,0.5664495275139878
HD 15906 c,HD 15906,2.93,0.04,532.0,0.141,4757.0,-0.56864,0.79,4.736000000000001,2.2935443483418965,1.0818051703517284,2.6651427000909336,3.117210606514831,0.5664495275139878
HD 159243 b,HD 159243,13.7,0.02,1019.16,0.11,6123.0,0.114,1.125,1.25,5.886465077376342,0.5692831933375594,4.988203621297568,2.611539300721366,0.7514160886839212
HD 159243 c,HD 159243,13.4,0.075,381.66,0.8,6123.0,0.114,1.125,1.25,6.4050631551128685,0.8671004876833832,1.4764506483262638,5.519058033245936,0.7514160886839212
HD 159868 b,HD 159868,13.3,0.024,212.06,2.3199999999999994,5534.0,0.55574,1.19,7.57,6.559540078861538,0.9745596399981308,0.2847148082564804,7.077582438194403,1.1410330045520618
HD 159868 c,HD 159868,14.0,0.184,572.46,1.032,5534.0,0.55574,1.19,7.57,5.501639525590005,0.3981047537018719,3.4221322012320803,5.863631175598097,1.1410330045520618
HD 1605 b,HD 1605,13.8,0.095,616.3,1.492,4915.0,0.81,1.33,4.36,5.696600814827071,0.48304324275353905,3.6130081828759053,6.359919829582246,1.501852701754163
HD 1605 c,HD 1605,13.0,0.099,584.8,3.584,4915.0,0.81,1.33,4.36,7.048859450599252,1.355835153635182,3.447924259518209,7.673223121121708,1.501852701754163
HD 160691 b,HD 160691,2.839553935,0.0505,439.1,1.5,5773.0,0.27848,1.13,5.7,7.220858101380127,1.269760544863939,2.1782356493175925,6.470799503782602,0.8458682675776092
HD 160691 c,HD 160691,2.839553935,0.039,278.63,4.17,5773.0,0.27848,1.13,5.7,7.2438310018593075,1.269760544863939,0.6109368808506578,8.280964400553373,0.8458682675776092
HD 160691 d,HD 160691,3.23,0.0,900.0,0.0952,5773.0,0.27848,1.13,5.7,2.4414770918606643,0.9969486348916093,5.2736858777279885,2.3645452931168167,0.8458682675776092
HD 160691 e,HD 160691,2.839553935,0.0666,552.8399999999999,0.96,5773.0,0.27848,1.13,5.7,7.70787116342175,1.269760544863939,3.0136975411255937,5.733017599924536,0.8458682675776092
HD 16141 b,HD 16141,10.9,0.25,571.5,0.36,5757.0,0.36558,1.11,7.51,4.426471658091573,0.3008450589780618,3.489714080477344,4.337591349240026,0.9082585601768908
HD 162020 b,HD 162020,12.5,0.28,650.0,0.08,4723.0,-0.60206,0.4199999999999999,6.0,8.048292058198347,2.2823823856765264,3.3083047005210604,2.2437051982557565,0.5596157879354227
HD 163607 c,HD 163607,13.3,0.08,363.22,2.390000000000001,5522.0,0.42,1.12,8.6,6.5518569334128145,0.9669838461896731,1.5763792276609396,7.149131598557407,1.0152306797290587
HD 16417 b,HD 16417,5.0,0.2,872.3,0.14,5841.0,0.44317,1.2,7.0,3.139832617527748,0.6790482561804436,5.071641171607437,2.9036169846461855,0.9707728565337987
HD 164509 b,HD 164509,14.3,0.238,574.4,0.87,5859.0,0.12,1.12,2.32,4.95440837569146,0.23507212217948356,3.2832547434315416,5.6389594686121916,0.7466879474879752
HD 164595 b,HD 164595,4.16,0.088,518.0840000000001,0.23,5790.0,0.01725,0.99,7.12,2.8414149131696336,0.8020015854720274,2.6143265636990134,3.713572066704308,0.7048810684440967
HD 164922 b,HD 164922,13.3,0.08,159.4,2.16,5390.0,-0.14874,0.926,9.58,4.762173934797756,0.23980399220731702,0.14652165266276718,7.0967213784947605,0.6657759837638133
HD 164922 c,HD 164922,3.66,0.12,400.5,0.341,5390.0,-0.14874,0.926,9.58,2.639057329615259,0.9001613499442714,1.986503546020567,4.340423084818807,0.6657759837638133
HD 164922 d,HD 164922,1.83,0.12,895.427,0.103,5390.0,-0.14874,0.926,9.58,1.6094379124341003,1.5238800240724537,4.806195204765175,2.599573724766126,0.6657759837638133
HD 164922 e,HD 164922,3.23,0.086,555.992,0.2292,5393.43,-0.15304,0.921146,9.58,2.4440950953174143,1.000631880307906,2.8880475562729653,3.7556732427229433,0.6940532699369548
HD 165155 b,HD 165155,13.2,0.2,445.2,1.13,5426.0,-0.1549,1.02,11.0,6.823861256172824,1.1600209167967532,2.5188599465375385,6.0764947962925575,0.6678293725756554
HD 167042 b,HD 167042,13.6,0.01,740.33,1.22,4919.0,1.0569,1.3899999999999997,2.2,6.098088404718202,0.6780335427498971,3.7643009554998903,6.037083020111779,1.728109442151599
HD 167677 b,HD 167677,13.2,0.182,289.0,2.877,5474.0,-0.13215,0.96,11.5,6.809934004963069,1.1505720275988207,0.6618610517833203,7.507141079727608,0.6692181513655558
HD 168009 b,HD 168009,3.05,0.12,911.5,0.1192,5778.33,0.14982,0.986073,9.68,2.3546890186812455,1.0473189942805592,4.670579063057267,2.781790010254155,0.7927685085415169
HD 168443 b,HD 168443,12.6,0.53,802.1,0.2919999999999999,5491.0,0.38246,0.98,11.08,7.793749713235072,2.0360119837525,3.524696640985822,4.079431750268879,0.997494242478281
HD 168746 b,HD 168746,11.1,0.11,900.0,0.07,5570.0,0.04139,1.07,8.0,4.4637690508702805,0.2963940130538024,4.6913690119696225,2.002020394711251,0.7371640659767197
HD 169830 b,HD 169830,13.2,0.294,345.0,0.765,6300.0,0.662,1.17,2.2,6.69136847202222,1.0715836162801904,1.6894353502934187,5.423511626664958,1.0769489913986914
HD 169830 c,HD 169830,12.6,0.246,473.3,3.075,6300.0,0.662,1.17,2.2,7.7991080500153,2.0412203288596382,3.5536650510675982,7.506494736900766,1.0769489913986914
HD 170469 b,HD 170469,14.1,0.11,336.56,2.24,5842.0,0.204,1.1,6.7,5.350757053576371,0.34429867287067695,1.416320395192643,7.044032897274685,0.8064758658669486
HD 171238 b,HD 171238,12.5,0.358,456.8,2.518,5467.0,-0.20273,0.9200000000000002,7.0,7.936620834080666,2.1826747963214883,3.3470546764476277,7.323830566202317,0.6981347220709844
HD 175541 b,HD 175541,14.1,0.11,564.2,0.975,5013.0,0.934,1.3899999999999997,1.9,5.252599762228393,0.316998126785834,3.3991696356791516,5.701880667366605,1.6467336971777973
HD 175607 b,HD 175607,2.839553935,0.11,543.597,0.102,5392.0,-0.27097,0.71,10.32,7.806768787196691,1.269760544863939,2.900022998538605,3.4015306594522756,0.5306282510621704
HD 17674 b,HD 17674,13.9,0.13,316.67,1.4199999999999997,5904.0,0.20472,0.98,8.4,5.625864535839483,0.4485245975686113,1.173803521046561,6.437431598525476,0.7793248768009976
HD 176986 b,HD 176986,2.839553935,0.066,767.0,0.062956,4931.0,-0.48017,0.7889999999999999,4.3,7.3056953268238995,1.269760544863939,4.415219602029645,2.013787732172672,0.5777363290486176
HD 176986 c,HD 176986,2.839553935,0.111,558.0,0.11873,4931.0,-0.48017,0.7889999999999999,4.3,7.649209323421694,1.269760544863939,3.173878458937465,2.8798948439780228,0.5777363290486176
HD 176986 d,HD 176986,2.49,0.062,363.0,0.28149,4931.0,-0.48017,0.7889999999999999,4.3,2.048982334195127,1.2267122912954256,1.6272778305624314,4.133180586007299,0.5777363290486176
HD 177565 b,HD 177565,4.0,0.0593,525.8,0.246,5627.0,-0.05395,1.0,6.88,2.7788192719904172,0.832909122935104,2.623456236054584,3.817822210029319,0.6787890948119905
HD 177830 b,HD 177830,13.5,0.1,643.2,1.14,4901.0,0.68502,1.7000000000000002,4.4,6.2881051840227125,0.7884573603642702,3.35048983699198,6.018836518228814,1.449269160281279
HD 177830 c,HD 177830,7.87,0.3,590.6020000000001,0.5137,4949.0,0.68502,1.4700000000000002,4.4,3.8851141888709284,0.42983246455645885,3.420605087030502,4.717605615317879,1.2864740258376797
HD 178911 B b,HD 178911 B,12.6,0.11,535.3,0.3399999999999999,5588.0,-0.04317,1.2400000000000002,4.659,7.8450929225330155,2.080690761080268,2.784041237932048,4.283365847849911,0.7323678937132266
HD 179949 b,HD 179949,13.9,0.022,1519.3,0.0443,6168.0,0.30146,1.21,2.56,5.677164676751909,0.4675004990276171,6.746053952863195,1.409159451149177,0.8183978196860495
HD 180053 b,HD 180053,13.3,0.081,594.01,0.8430000000000001,5131.0,1.09897,1.75,4.055000000000001,6.548676047058026,0.9669838461896731,3.2042168535704176,5.369334853783317,1.6213664832993742
HD 18015 b,HD 18015,13.1,0.148,346.07,3.870000000000001,5603.0,0.9738,1.49,4.51,6.956387090709721,1.269760544863939,1.5593339446086485,7.731492029245684,1.4182774069729414
HD 180617 b,HD 180617,3.53,0.101,341.7,0.3429999999999999,3534.0,-1.49,0.484,2.339,2.581276873607694,0.9282193027394289,1.3851828923542968,4.671996712643622,0.3927175352856617
HD 180902 b,HD 180902,13.5,0.107,597.47,1.4,4961.0,0.97313,1.41,2.8,6.285147733054026,0.7884573603642702,3.415170298880697,6.238129293463538,1.6409365794934714
HD 181342 b,HD 181342,13.2,0.022,360.84,1.592,4945.0,1.17,1.69,2.0,6.694918678093093,1.0750024230289759,1.6198569862357708,6.337002706635798,1.7422190236679187
HD 18143 b,HD 18143,3.28,0.224,654.061,0.0879999999999999,5078.0,-0.31953,0.8500000000000001,9.4,2.4686219238145357,0.9858167945227653,3.5873180876180646,2.4234832715505745,0.6259384308664953
HD 181433 b,HD 181433,2.839553935,0.4,776.816,0.08,4918.0,-0.45618,0.63,6.7,7.444041327439722,1.269760544863939,3.973635072368414,2.3393315939610493,0.5822156198526637
HD 181433 c,HD 181433,2.839553935,0.28,458.5,1.7600000000000002,4962.0,-0.511,0.78,6.7,7.69984261491961,1.269760544863939,3.3289017286931655,6.870053411798126,0.5822156198526637
HD 181433 d,HD 181433,13.2,0.48,134.94,3.0,4962.0,-0.511,0.78,6.7,6.755928046575885,1.11514159061932,0.07534903424913084,7.6838639802564295,0.5822156198526637
HD 181720 b,HD 181720,14.0,0.26,566.5,1.85,5736.0,0.288,1.03,8.6077,4.853060982546624,0.22713557258374723,3.148147439248799,6.863803391452954,0.9162907318741551
HD 183263 b,HD 183263,13.1,0.383,398.3,1.46,5948.0,0.25025,1.06,8.13,7.006860431215408,1.308332819650179,1.8918176416760364,6.439149136796326,0.8020015854720274
HD 183579 b,HD 183579,3.49,0.061,752.0,0.1322,5784.0,-0.03386,0.996,3.1,3.0633909220278057,1.2947271675944,4.079230924412053,2.9162176888989397,0.6729444732424258
HD 184010 b,HD 184010,12.1,0.0,511.3,0.94,4971.0,1.11694,1.35,2.76,4.600427016624247,0.26696903085423923,3.200346129330234,5.661570625846892,1.7681496035889213
HD 184010 c,HD 184010,11.8,0.0,511.3,1.334,4971.0,1.11694,1.35,2.76,4.5679720558740255,0.2768738737351776,3.200346129330234,6.18476725641117,1.7681496035889213
HD 184010 d,HD 184010,14.3,0.0,347.0,1.92,4971.0,1.11694,1.35,2.76,4.969971503380563,0.23822918873225063,1.6775026846897927,6.7303018535850425,1.7681496035889213
HD 185269 b,HD 185269,13.8,0.229,1465.7,0.077,5923.0,0.69362,1.3,4.0,5.774577321609718,0.5134222496132567,6.632535110956209,2.0589530792524995,1.0986122886681096
HD 185283 b,HD 185283,13.6,0.07,90.28,4.6,4848.0,-0.56072,0.8,6.0,6.026293247506758,0.6434315883140125,0.02016586706346914,8.309184527686298,0.555781589639756
HD 18599 b,HD 18599,2.6,0.34,863.0,0.048,5145.0,-0.42946,0.863,0.4,3.2228678461377385,2.1400661634962708,4.983606621708336,1.6365540055340513,0.5692831933375594
HD 187085 b,HD 187085,13.9,0.251,214.96,2.1,6117.0,2.13,1.189,2.747,5.586146478189026,0.4343764516025845,0.314145585300139,6.928283133433598,0.8197798314933114
HD 187123 b,HD 187123,14.2,0.0103,1314.52,0.0426,5790.0,0.12713,1.04,7.4,5.119298350358556,0.2768738737351776,5.906132349621678,1.410153162771884,0.7656678221422377
HD 18742 b,HD 18742,13.1,0.04,637.7,1.82,4940.0,1.14301,1.36,2.3,6.986217045318527,1.2919836816486496,4.017875031993169,6.642486801367256,1.81319474994812
HD 188015 b,HD 188015,13.6,0.137,522.0,1.203,5746.0,0.05892,1.09,6.61,6.169024786800226,0.712949807856125,3.6216024194495207,6.13599769784028,0.7539110867935025
HD 189567 b,HD 189567,2.85,0.189,845.3,0.111,5726.0,0.32428,0.83,11.0,2.2512917986064953,1.1052568313867783,4.893125486168096,2.727068206937972,0.712949807856125
HD 189567 c,HD 189567,2.54,0.16,666.768,0.197,5726.0,0.32428,0.83,11.0,2.0794415416798357,1.208960345836975,4.077474361884329,3.546393805817181,0.712949807856125
HD 189733 b,HD 189733,12.66617,0.0,1209.0,0.03126,5052.0,-0.46119,0.79,1.4,5.886514780414582,0.664233170395303,5.877735781779639,1.1689389231864624,0.5596157879354227
HD 190007 b,HD 190007,4.06,0.136,641.1659999999999,0.092,4610.0,-0.68,0.77,1.0,2.803360380906535,0.8197798314933114,3.3935329561706644,2.5435000335659437,0.5822156198526637
HD 190228 b,HD 190228,12.9,0.559,453.1,2.406,5360.0,0.697,1.415,5.307,7.3775569423403855,1.6272778305624314,3.435779668032862,7.04280926936616,1.2771991022048117
HD 190360 b,HD 190360,13.4,0.34,150.0,3.9,5552.0,0.06647,1.0,8.5,6.351044748745614,0.8372475245337022,0.0967200746307457,7.956827122090111,0.76080582903376
HD 190360 c,HD 190360,4.59,0.237,758.1800000000001,0.1304,5549.0,0.06647,0.98,8.5,2.999176335956546,0.7323678937132266,4.264996095963039,2.896519488482399,0.7738235335916991
HD 190647 b,HD 190647,13.4,0.224,426.52,2.231,5656.0,0.29667,1.069,7.957,6.448719363869745,0.8919980393051105,2.1748770453415993,7.07110636214399,0.8654184015003985
HD 191806 b,HD 191806,12.5,0.213,586.51,2.749,6010.0,0.3483,1.07,2.9,7.995512312292844,2.2353763433005955,3.605573912493651,7.380498421083539,0.8763974726124322
HD 191939 b,HD 191939,3.41,0.031,880.0,0.0804,5348.0,-0.18709,0.81,8.7,2.3978952727983707,0.8754687373538999,4.61512051684126,2.290545466682344,0.6626879730752367
HD 191939 c,HD 191939,3.195,0.034,600.0,0.1752,5348.0,-0.18709,0.81,8.7,2.1972245773362196,0.8544153281560676,3.091042453358316,3.387089768942003,0.6626879730752367
HD 191939 d,HD 191939,2.995,0.031,540.0,0.2132,5348.0,-0.18709,0.81,8.7,1.33500106673234,0.4510756193602167,2.72785282839839,3.672573151046626,0.6626879730752367
HD 191939 e,HD 191939,13.0,0.031,390.0,0.407,5348.0,-0.18709,0.81,8.7,4.729156165769083,0.24764102291459722,1.589235205116581,4.6261485923732835,0.6626879730752367
HD 191939 f,HD 191939,13.2,0.0,125.0,3.71,5348.0,-0.18709,0.81,8.7,6.820393817621943,1.1600209167967532,0.0919190443256534,7.972121128921655,0.6626879730752367
HD 191939 g,HD 191939,3.74,0.03,278.0,0.812,5348.0,-0.18709,0.81,8.7,2.6741486494265287,0.8837675401685949,0.688134638736401,5.652489180268651,0.6626879730752367
HD 192263 b,HD 192263,14.2,0.05,486.0,0.15,4976.0,-0.47,0.6599999999999999,2.09,5.187300886034053,0.29416103854949005,3.1178205059553443,3.232999612938598,0.5538851132264376
HD 192310 b,HD 192310,4.27,0.13,355.0,0.32,5166.0,-0.41454,0.8,7.81,2.884800712846709,0.7839015438284094,1.5400623173882826,4.327042326341122,0.6194586588861084
HD 192310 c,HD 192310,5.25,0.32,185.0,1.18,5166.0,-0.41454,0.8,7.81,3.2188758248682006,0.647626665258136,0.19533594235216895,6.2668209698691255,0.6194586588861084
HD 192699 b,HD 192699,13.4,0.082,365.56,1.063,5041.0,1.009,1.3799999999999997,1.8,6.503047404100513,0.924258901523332,1.6856315136838158,5.834635283074963,1.6882490928583902
HD 195019 b,HD 195019,13.0,0.01,917.23,0.14,5751.0,0.3331,1.21,3.2,7.143588692333614,1.425515074273172,4.5912892836117924,2.954979026670563,0.9082585601768908
HD 196050 b,HD 196050,12.9,0.2,627.701,2.65,5879.0,0.26,1.27,4.3,7.309743357824015,1.5727739280625088,3.504060588737525,7.239214973779806,0.8837675401685949
HD 196067 c,HD 196067,3.21,0.235,1544.14,0.102,6072.0,0.549,1.16,4.2,2.4336133554004498,1.0043016091968684,6.966797283186222,1.7229608645843641,0.9969486348916093
HD 196885 A b,HD 196885 A,13.2,0.48,355.24,2.37,6254.0,0.38,1.2800000000000002,3.12,6.710486567980899,1.085189268335969,1.6045880931347276,7.195937226475569,0.8372475245337022
HD 197037 b,HD 197037,13.9,0.22,575.912,2.07,6150.0,0.23857,1.11,1.9,5.529429087511423,0.41475515501525706,3.4103387629554605,6.943797870329067,0.7443154671343447
HD 199509 b,HD 199509,7.43,0.373,488.9,0.426,5796.02,-0.08419,1.04,1.6,3.7892826278065876,0.45679173527350503,2.7938210653922244,4.611367642023435,0.6523251860396903
HD 19994 b,HD 19994,13.6,0.063,602.3,1.305,6188.0,0.58,1.365,2.4,6.07858216845348,0.6683420616409741,3.3320950580837425,6.146757431514017,1.02835790752663
HD 20003 b,HD 20003,3.43,0.36,762.17,0.0974,5494.0,-0.14267,0.8749999999999999,7.852999999999999,2.5384474167160302,0.9516578757114464,4.352960073527159,2.553203723708403,0.653177426945888
HD 20003 c,HD 20003,3.89,0.1,532.384,0.1964,5494.0,-0.14267,0.8749999999999999,7.354999999999999,2.73696154459663,0.8544153281560676,2.6945331606779432,3.553171408584022,0.653177426945888
HD 200964 b,HD 200964,13.5,0.087,525.6,1.565,4982.0,1.064,1.3899999999999997,3.0,6.232860838989695,0.76080582903376,3.179138376095315,6.40902290290353,1.7783364488959144
HD 200964 c,HD 200964,13.7,0.243,544.2,1.96,4982.0,1.064,1.3899999999999997,3.0,5.958025698713453,0.6015799870344548,3.001600978404849,6.7493455422344955,1.7783364488959144
HD 202772 A b,HD 202772 A,17.317905,0.038,2132.0,0.05208,6272.0,0.97128,1.72,1.7,5.781462732402689,0.29490591754110046,8.14351740579748,1.4606961115451214,1.2784307152439458
HD 20329 b,HD 20329,1.72,0.0,2141.0,0.018,5596.0,0.04922,0.9,11.0,2.130609828254235,2.203869120054888,8.153349757998892,0.6555065783735465,0.7561219797213337
HD 204313 b,HD 204313,12.9,0.1,330.8,3.185,5767.0,0.09981,1.03,3.38,7.291505038552573,1.55814461804655,1.4889156670080985,7.621741505453247,0.7419373447293773
HD 204313 c,HD 204313,4.31,0.059,550.04,0.211,5767.0,0.09981,1.03,3.38,2.899371911401171,0.7793248768009976,2.973870393996302,3.5823724481538637,0.7419373447293773
HD 204941 b,HD 204941,10.1,0.37,81.72,2.55,5026.0,-0.50864,0.58,6.67,4.30542767797727,0.3293037471426004,0.015416002594220024,7.458186157340487,0.5766133643039938
HD 205158 b,HD 205158,13.9,0.145,814.109,0.177,6133.55,0.65266,1.16,4.2447,4.8330125648210585,0.22713557258374723,4.332138874970667,3.271012003928639,1.0568905839744565
HD 205739 b,HD 205739,13.6,0.27,597.9,0.8960000000000001,6176.0,0.36,1.22,2.84,6.07858216845348,0.6683420616409741,3.3187808157823464,5.637642672151656,0.8458682675776092
HD 206255 b,HD 206255,6.47,0.23,591.4,0.4610000000000001,5635.0,0.65156,1.4199999999999997,3.27121,3.5610460826040513,0.5270925962298626,3.324331535014384,4.57517478845269,1.169843675032295
HD 206893 c,HD 206893,16.36511182,0.41,1181.9,3.53,6500.0,0.4561,1.32,0.155,8.303361343536505,1.801709800081223,4.9629992329030514,7.645397699428633,0.8377495629934674
HD 207496 b,HD 207496,2.25,0.231,743.0,0.0629,4819.0,-0.50858,0.8,0.52,1.9600947840472698,1.4279160358107101,4.302712827954156,2.0070063235388576,0.5704144151776482
HD 20781 b,HD 20781,1.21,0.1,966.125,0.0529,5256.0,-0.3098,0.7,9.9675,1.0750024230289759,1.9444805562457188,5.136664879149363,1.842690197896598,0.6062861559032007
HD 20781 c,HD 20781,2.17,0.09,653.9,0.1004,5256.0,-0.3098,0.7,9.232,1.8453002361560848,1.3532545070416904,3.5066163266112063,2.7007234257157493,0.6062861559032007
HD 20781 d,HD 20781,3.25,0.11,547.9970000000001,0.1647,5256.0,-0.3098,0.7,8.078,2.4518667957098,0.9932517730102834,2.9072369124561157,3.406450227943604,0.6062861559032007
HD 20781 e,HD 20781,3.83,0.06,389.3,0.3374,5256.0,-0.3098,0.7,7.638,2.710048203764883,0.8628899551470399,1.6025485497402407,4.460228803440523,0.6062861559032007
HD 207832 b,HD 207832,14.2,0.197,556.7,0.586,5726.0,-0.11,1.05,1.36,5.187300886034053,0.29416103854949005,3.448112308904856,5.081839053102588,0.636576829071551
HD 207832 c,HD 207832,14.0,0.27,295.8,2.112,5710.0,-0.112,0.94,1.36,5.451106691580782,0.38185524246903063,1.1847404435939202,7.053326402301356,0.6423800635062922
HD 207897 b,HD 207897,2.34302132,0.0,581.75,0.117,5106.0,-0.42136,0.8207999999999999,4.7,2.760009940032921,1.986503546020567,3.3141860046725258,2.845005890790367,0.5781290689756788
HD 20794 b,HD 20794,1.45,0.064,660.0,0.1257,5368.0,-0.16311,0.79,5.76,1.308332819650179,1.769854633840005,3.6286557640163744,2.960830221544726,0.6575200029167942
HD 20794 d,HD 20794,2.04,0.077,388.0,0.3625,5368.0,-0.16311,0.79,5.76,1.7578579175523736,1.4134230285081433,1.6566517793990685,4.507336825639328,0.6575200029167942
HD 20794 e,HD 20794,2.03,0.29,336.0,0.509,5401.0,-0.16311,0.813,5.76,1.752672080520008,1.4182774069729414,1.263403246311456,4.99734739976932,0.6575200029167942
HD 20794 f,HD 20794,2.28,0.45,278.72,1.3541000000000003,5368.0,-0.16311,0.79,5.76,1.9198594718553708,1.308332819650179,0.6388669558620139,6.474816193873218,0.6575200029167942
HD 208487 b,HD 208487,14.3,0.37,619.211,0.53,6134.0,0.233,1.15,1.95,4.9917994564043635,0.24294617861038947,3.503479903298763,4.870299853969361,0.7701082216960736
HD 208897 b,HD 208897,13.7,0.02,604.3,1.063,4860.0,1.09,1.25,3.8253,5.941452321170153,0.5938791789012764,3.4295745628133574,5.884074194947458,1.7884205679625405
HD 209458 b,HD 209458,15.58051,0.0,1459.0,0.04707,6091.0,0.23086,1.23,3.1,5.451106691580782,0.30895420772732063,6.376893600677947,1.5095620153873688,0.7839015438284094
HD 210193 b,HD 210193,14.3,0.24,320.76000000000005,1.487,5790.0,0.05578,1.04,5.3585,5.03760174232607,0.25309062768216184,1.1615627076264006,6.47838367421349,0.7225651961924909
HD 210277 b,HD 210277,13.6,0.48,503.7,1.13,5538.0,-0.032,1.01,12.0,6.0185949176578015,0.6397464038328301,4.310628095411149,6.0939985720016265,0.7275486072772778
HD 210702 b,HD 210702,13.6,0.071,375.84,1.079,4912.0,1.03543,1.33,2.1,6.179001721806221,0.7178397931503169,1.5847316920344205,5.8763342398543505,1.7119945007591926
HD 211403 b,HD 211403,12.8,0.084,380.0,0.768,6273.0,0.36406,1.2,2.5135,7.474073909609411,1.724550719534605,1.4906543764441333,5.415211118019536,0.7911809208313108
HD 211970 b,HD 211970,3.66,0.15,440.254,0.143,4127.0,-1.06479,0.61,3.9,2.639057329615259,0.9001613499442714,2.057780788595988,3.2657975779776054,0.4537313255176524
HD 212301 b,HD 212301,14.2,0.0,1615.7,0.03,6239.0,0.24304,1.5499999999999998,1.0,5.094322429690618,0.2707902047815628,7.024097572486866,1.1773341243742304,0.7701082216960736
HD 212771 b,HD 212771,13.3,0.076,572.0,1.19,5003.0,1.18752,1.56,6.0,6.634125607427658,1.0188473201992472,3.4006593761658066,5.944634959751184,1.8357763546448291
HD 213240 b,HD 213240,12.8,0.42,505.3,1.89,5979.0,0.42935,1.5700000000000005,4.6,7.412695216309066,1.6752256529721035,3.837415302798253,6.784117649840017,0.9202827531436926
HD 213519 b,HD 213519,2.99,0.413,892.5,0.099,5840.0,0.0895,1.05,4.097,2.3240553290574884,1.0612565021243408,4.567681252151228,2.4950335327117,0.7337467503456531
HD 213885 b,HD 213885,1.745,0.0,2128.0,0.02012,5978.0,0.13862,1.068,3.8,2.285438934159075,2.3174737054877963,7.54112060749542,0.6971566319564617,0.7424610171128664
HD 213885 c,HD 213885,4.71,0.0,1265.4,0.056798,5978.0,0.13862,1.068,3.8,3.0421386463681466,0.7178397931503169,5.944438508600882,1.7552735464576044,0.7424610171128664
HD 21411 b,HD 21411,9.52,0.4,398.27,0.362,5605.0,-0.26595,0.89,5.93,4.203198967134183,0.3506568716131693,1.650922492877965,4.446033764648174,0.6019114389475152
HD 215152 b,HD 215152,2.839553935,0.0,833.1,0.057638,4935.0,-0.52254,0.77,4.67,6.339330090053849,1.269760544863939,4.4829616012734474,1.9110214107638377,0.5481214085096876
HD 215152 c,HD 215152,2.839553935,0.0,908.2,0.067393,4935.0,-0.52254,0.77,4.7620000000000005,6.152300474352898,1.269760544863939,4.8598483731986075,2.1141364036017167,0.5481214085096876
HD 215152 d,HD 215152,2.839553935,0.0,665.2149999999999,0.08799,4935.0,-0.52254,0.77,4.683999999999999,6.648227862993279,1.269760544863939,3.7464258729439117,2.4735920470723696,0.5481214085096876
HD 215152 e,HD 215152,2.839553935,0.0,525.366,0.15417,4935.0,-0.52254,0.77,4.242,6.883888091241924,1.269760544863939,2.9522111538723257,3.2656334486356817,0.5481214085096876
HD 21520 b,HD 21520,2.697,0.0,637.0,0.1726,5871.0,0.06595,1.09,5.3,2.928523523860541,0.8544153281560676,3.286276496143526,3.263053462913818,0.714908672341458
HD 215497 b,HD 215497,2.839553935,0.16,997.6,0.05,5110.0,-0.41,0.67,5.8,7.3713787272087785,1.269760544863939,5.090738713787134,1.5961581250868693,0.6151856390902335
HD 215497 c,HD 215497,13.0,0.47,311.05,1.31,5113.0,-0.41,0.9200000000000002,5.8,4.720638923053518,0.24529635595534308,1.174407723118332,6.340359303727752,0.6151856390902335
HD 216435 b,HD 216435,13.7,0.07,569.1099999999999,2.56,5999.0,0.55689,1.3,3.0,5.9949584363622375,0.6184236343640088,3.2104330625305395,7.179307969504034,1.0296297742703806
HD 216437 b,HD 216437,13.0,0.31,559.566,2.5699999999999994,5909.0,0.35,1.22,4.9,7.1973450127404845,1.4678743481123135,2.853672260768387,7.215239978730097,0.8729656071357814
HD 216520 b,HD 216520,3.18,0.09,565.0,0.198,5103.0,-0.452,0.8200000000000001,6.0,2.421256622711544,1.0116009116784799,3.0383269711311307,3.5959414584546674,0.5653138090500605
HD 216520 c,HD 216520,3.03,0.12,287.76,0.528,5103.0,-0.452,0.8200000000000001,6.0,2.3456445824544927,1.0508216248317612,0.7537323516142053,5.046195469494807,0.5653138090500605
HD 216770 b,HD 216770,14.1,0.37,603.0210000000001,0.4600000000000001,5399.0,-0.1,0.74,3.1,5.204902439616828,0.3038014543316642,2.9396877054023784,4.782897873771819,0.6575200029167942
HD 21693 b,HD 21693,2.8,0.12,571.76,0.1455,5430.0,-0.20761,0.8,7.261,2.222459048514761,1.1184149159642893,3.16274775207106,3.1645716866464313,0.6493927656947619
HD 21693 c,HD 21693,4.34,0.07,483.74300000000005,0.2586,5430.0,-0.20761,0.8,7.4437,2.9107188992270343,0.7747271675523681,2.383765853272527,4.002516147366677,0.6493927656947619
HD 217107 b,HD 217107,13.6,0.13,1086.8,0.08,5622.0,0.09754,1.0,5.84,6.02629824753133,0.6434315883140125,5.348748134633604,2.095169703131547,0.7466879474879752
HD 217786 c,HD 217786,2.61,0.399,1463.349,0.038,5966.0,0.27646,1.14,7.6,2.1174660300260433,1.1817271953786161,6.9186404892838596,1.259088633509449,0.8197798314933114
HD 217958 b,HD 217958,14.2,0.156,573.561,3.758000000000001,5930.64,0.29231,1.08,6.948000000000002,5.121234575049067,0.2776317365982795,3.4199669539785824,7.848230295245382,0.844231736057057
HD 218566 b,HD 218566,9.32,0.3,326.054,0.69,4730.0,-0.45223,0.76,8.5,4.1676879564463105,0.3583735005743138,1.1792714821013015,5.423627557513483,0.6151856390902335
HD 219134 b,HD 219134,1.602,0.0,1015.0,0.03876,4699.0,-0.57741,0.81,11.0,1.747459210331475,1.9933388426264242,5.177279038170981,1.4092601176986472,0.5754891370917128
HD 219134 c,HD 219134,1.511,0.062,782.0,0.0653,4699.0,-0.57741,0.81,11.0,1.6789639750827106,2.0731719286662407,4.144720769547168,2.0495723662775247,0.5754891370917128
HD 219134 d,HD 219134,1.61,0.138,410.5,0.237,4699.0,-0.57741,0.81,11.0,2.843163674909384,1.269760544863939,1.7439688053917064,3.86825918798697,0.5754891370917128
HD 219134 f,HD 219134,1.31,0.148,522.6,0.1463,4699.0,-0.57741,0.81,11.0,2.1162555148025524,1.269760544863939,2.5937610547000824,3.1661920905827574,0.5754891370917128
HD 219134 g,HD 219134,3.28,0.0,359.5,0.3753,4913.0,-0.50864,0.7940000000000002,12.46,2.468626511237456,0.9858167945227653,1.482505304425623,4.55597994179732,0.5709795465857378
HD 219134 h,HD 219134,12.7,0.06,134.78,3.1100000000000003,4913.0,-0.50864,0.7940000000000002,12.46,4.691918361676631,0.2546422183735807,0.09233246208251605,7.717796211013582,0.5709795465857378
HD 219415 b,HD 219415,13.8,0.4,191.01,3.2000000000000006,4820.0,0.62,1.0,7.233,5.764658045374483,0.5098251234324072,0.5820243181539715,7.646974647644465,1.3609765531356006
HD 219666 b,HD 219666,4.898,0.05,1076.0,0.06356,5540.0,-0.0278,1.02,10.0,2.9231615807191558,0.6259384308664953,4.1784528404064245,1.9508220658163258,0.7222204280456523
HD 219828 b,HD 219828,4.59,0.091,1373.3,0.049,5891.0,0.42,1.04,5.69,2.9992114352458854,0.7323678937132266,6.3981088133874,1.575845967997565,0.9400072584914712
HD 220197 b,HD 220197,9.32,0.187,140.87,2.729,5683.0,-0.00343,0.91,10.165,4.1676879564463105,0.3583735005743138,0.09342936521957348,7.455298485683291,0.6830968447064438
HD 220689 b,HD 220689,13.7,0.054,330.7,3.396,5921.0,0.093,1.016,4.586,5.94645172185273,0.596085467716814,1.4973830971454432,7.726389079583498,0.7265819566461827
HD 220842 b,HD 220842,13.1,0.404,580.966,0.74,5960.0,0.35703,1.13,4.905,6.919386770150485,1.244154593958768,3.478832974746998,5.391215548914767,0.8823077975766531
HD 221287 b,HD 221287,13.1,0.08,594.402,1.25,6304.0,0.22011,1.25,1.3,6.890659983553499,1.2237754316221157,3.310654609014704,6.124902185337699,0.760170112990437
HD 221416 b,HD 221416,9.17,0.115,789.15,0.1228,5080.0,0.71181,1.212,4.9,4.119037174812473,0.3583735005743138,4.528874283598135,2.7263287918274135,1.37194185489549
HD 221585 b,HD 221585,13.5,0.123,365.67,2.3060000000000005,5620.0,0.4216,1.19,6.2,6.239703166601813,0.76080582903376,1.940832037581877,7.068172000388042,1.047520728316845
HD 222076 b,HD 222076,13.5,0.08,358.54,1.8300000000000003,4806.0,0.92942,1.07,4.5,6.208217320835762,0.7466879474879752,1.6285926082648985,6.77078942390898,1.62924053973028
HD 224018 b,HD 224018,0.91,0.06,968.0,0.0952,5784.0,0.12385,1.013,7.0,1.62924053973028,2.89591193827178,5.188251684725133,2.4545591199159125,0.764071518896644
HD 224018 c,HD 224018,2.42,0.02,641.0,0.217,5784.0,0.12385,1.013,7.0,2.4336133554004498,1.6094379124341003,3.3746012047120972,3.6263839113408562,0.764071518896644
HD 224018 d,HD 224018,2.4,0.04,411.0,0.53,5784.0,0.12385,1.013,7.0,1.6486586255873816,0.9932517730102834,1.7771662481401829,4.934999694174704,0.764071518896644
HD 224538 b,HD 224538,12.7,0.476,486.3,2.375,6097.0,0.46982,1.23,2.0,7.638553347953478,1.8825138324965192,4.140164268499731,7.092616931998459,0.9321640810304452
HD 224693 b,HD 224693,14.0,0.104,840.1,0.191,5894.0,0.61,1.31,4.12,5.409326399254286,0.36880112373657287,4.383767384132424,3.3210857827267817,1.0750024230289759
HD 22496 b,HD 22496,2.22,0.0369,573.0,0.051,4385.0,-1.17393,0.684,4.384,1.8825138324965192,1.33500106673234,3.295836866004329,1.806764659491214,0.5152159720672835
HD 22946 d,HD 22946,2.607,0.002,546.0,0.2958,6169.0,0.20919,1.098,2.5,3.3167282250357055,2.468099531471619,2.973537788044222,3.88001393773653,0.7499999921527281
HD 23079 b,HD 23079,13.2,0.07348,364.8,1.6000000000000003,5994.0,0.13033,1.16,2.6,6.741019899350762,1.1052568313867783,1.5570966126722845,6.602235048400476,0.7323678937132266
HD 23079 c,HD 23079,2.8,0.097,955.82,0.102,5994.0,0.13033,1.16,2.6,2.225704048658088,1.1216775615991057,5.124677286995555,1.9093814548795456,0.7323678937132266
HD 23127 b,HD 23127,13.5,0.406,604.3,2.37,5843.0,0.45175,1.208,4.508,6.186880023975416,0.7323678937132266,3.432835518650382,7.1001674208195835,0.9122827104766162
HD 231701 b,HD 231701,13.7,0.13,685.954,0.567,6101.0,0.47,1.21,3.43,5.886514780414582,0.5698489642154517,3.340347042996931,4.960253864535331,0.9282193027394289
HD 233832 b,HD 233832,13.5,0.359,82.97999999999999,2.827,4981.0,-0.52273,0.71,5.417,6.339896057115801,0.8153648132841945,0.016844606322963775,7.629975707027789,0.5187937934151676
HD 23472 b,HD 23472,2.0,0.072,543.0,0.1162,4684.0,-0.62525,0.67,6.2895,2.2321626286975,1.9671123567059163,2.833213344056216,2.926761919670659,0.5364933705145685
HD 23472 c,HD 23472,1.87,0.063,467.0,0.1646,4684.0,-0.62525,0.67,7.855500000000001,1.4838746894587547,1.410986973710262,2.192770226986839,3.4274331931522592,0.5364933705145685
HD 23472 d,HD 23472,0.75,0.07,909.0,0.04298,4684.0,-0.62525,0.67,8.500499999999999,0.4382549309311553,2.1400661634962708,4.770684624465665,1.6047549645297186,0.5364933705145685
HD 23472 e,HD 23472,0.818,0.07,723.0,0.068,4684.0,-0.62525,0.67,6.0515,0.5423242908253616,2.1400661634962708,3.8649313978942956,2.186898109085582,0.5364933705145685
HD 23472 f,HD 23472,1.137,0.07,630.0,0.0906,4684.0,-0.62525,0.67,4.905500000000001,0.5709795465857378,1.3862943611198906,3.306886702190914,2.5773478619770427,0.5364933705145685
HD 235088 b,HD 235088,1.982,0.0,805.0,0.0706,5075.0,-0.4437,0.8489999999999999,0.7,1.6389967146756448,1.3666568001995072,4.2626798770413155,2.1322868654215,0.5721088521828892
HD 23596 b,HD 23596,12.4,0.282,462.8,2.694,6040.0,0.45821,1.1,5.68,8.239489869479788,2.4765384001174837,3.4221315941496186,7.3370144627839435,0.9282193027394289
HD 238090 b,HD 238090,2.52,0.3,469.6,0.0932,3933.0,-1.15366,0.578,2.1815000000000007,2.065596134857783,1.2149127443642704,2.2082744135228043,2.685872756157507,0.4510756193602167
HD 24040 c,HD 24040,9.35,0.11,383.62,1.3,5776.49,0.27569,1.10394,6.68,4.172593505292182,0.35697489894773027,1.732658748792197,6.246881658972487,0.8701613446959361
HD 24085 b,HD 24085,3.46,0.22,1671.6,0.034,6034.0,0.37712,1.22,4.267,2.5494451709255714,0.9439058989071286,7.3563105392143395,1.1136650912944024,0.8806846939039326
HD 25171 b,HD 25171,13.9,0.042,335.24,2.971,6125.0,0.27646,1.076,4.802,5.676118155081928,0.4668737362368079,1.4279784276263616,7.497368053308842,0.8020015854720274
HD 25463 b,HD 25463,2.54535814,0.0,1198.46,0.076,6353.0,0.47276,1.251,2.3,2.272125885509337,1.3532545070416904,6.136430317358168,2.0855655391701307,0.8830234617580093
HD 25463 c,HD 25463,1.36354953,0.0,1585.57,0.0443,6353.0,0.47276,1.251,2.3,1.667706820558076,2.3115448343655176,7.254531390741622,1.397246665077835,0.8830234617580093
HD 25912 b,HD 25912,6.9,0.05,545.0,0.242,5920.58,0.04058,1.08,2.0004,3.667129858123668,0.4934759854308777,2.944355792763365,3.7572752140319188,0.691093072323384
HD 260655 b,HD 260655,1.24,0.039,709.0,0.02933,3803.0,-1.43997,0.4389999999999999,5.0,1.144222799920162,1.9740810260220096,3.765840495250065,1.326950325253151,0.3639484279052307
HD 260655 c,HD 260655,1.533,0.038,557.0,0.04749,3803.0,-1.43997,0.4389999999999999,5.0,1.4085449700547104,1.7404661748405044,2.8390784635086144,1.9029847534610247,0.3639484279052307
HD 2638 b,HD 2638,14.3,0.0,1163.955,0.04,5186.0,-0.33,0.77,3.0,4.9014794370853885,0.22394323148477407,5.611748432371349,1.4915998752651614,0.6626879730752367
HD 2685 b,HD 2685,16.14096,0.091,2061.0,0.0568,6801.0,0.66839,1.4300000000000002,1.31,5.921205964231928,0.39608794629556743,7.27065381612557,1.634497287027358,0.9400072584914712
HD 27442 b,HD 27442,13.5,0.06,362.32,1.271,4846.0,0.8509,1.23,10.0,6.208187530619269,0.7466879474879752,1.6147498724990943,6.061689991997479,1.430311246536665
HD 27631 b,HD 27631,13.5,0.141,175.72000000000003,3.2419999999999995,5737.0,-0.056,0.944,4.01,6.208212318798352,0.7466879474879752,0.15431781729299016,7.695821653830622,0.6538864666066427
HD 27894 b,HD 27894,14.1,0.047,650.702,0.125,4875.0,-0.449,0.81,3.9,5.286931714961216,0.3264219007677115,3.518081716720451,2.945458985099262,0.6375113129403814
HD 27894 c,HD 27894,8.24,0.015,533.4680000000001,0.198,4875.0,-0.449,0.8,3.9,3.9605933359121144,0.40945712937770185,2.934302834502792,3.612808017162641,0.6375113129403814
HD 27969 b,HD 27969,12.9,0.182,261.0,1.552,5966.0,0.5282,1.16,4.665,7.330782829659707,1.5912739418064292,0.5653138090500605,6.4853983032037545,0.8197798314933114
HD 28109 b,HD 28109,2.69,0.0071,867.0,0.1357,6189.0,0.43297,1.227,3.2,1.9740810260220096,1.0296194171811583,4.602641992799257,3.1735040792427007,0.8858315243894466
HD 28109 c,HD 28109,4.13,0.0039,643.0,0.3079999999999999,6189.0,0.43297,1.227,3.2,2.322387720290225,0.5306282510621704,3.432486078358879,4.043000740242263,0.8858315243894466
HD 28109 d,HD 28109,3.11,0.0054,561.0,0.411,6189.0,0.43297,1.227,3.2,1.916922612182061,0.7419373447293773,2.910963833844324,4.4460560418599355,0.8858315243894466
HD 28185 b,HD 28185,12.8,0.063,503.2,1.034,5602.0,-0.01323,0.974,8.3,7.528490991100263,1.769854633840005,4.063073485435259,5.958217953314346,0.7168637071772613
HD 28192 b,HD 28192,12.2,0.104,871.6049999999999,0.118,5919.87,0.10347,1.08,3.226,4.613119702685525,0.2639015437863775,4.44279546188753,2.723452967110672,0.7280026104824175
HD 28471 b,HD 28471,1.75,0.195,1377.0,0.042,5766.0,0.06167,0.98,6.56,1.551808799597464,1.5706970841176697,6.563362014745067,1.4266922657267294,0.7323678937132266
HD 28471 c,HD 28471,2.26,0.088,1066.0,0.065,5766.0,0.06167,0.98,6.56,1.9050881545350582,1.3137236682850553,5.580929799092902,1.9635395482537066,0.7323678937132266
HD 28471 d,HD 28471,2.06,0.093,945.0,0.1,5766.0,0.06167,0.98,6.56,1.776645831418007,1.4085449700547104,4.934011930673096,2.5401048102527626,0.7323678937132266
HD 285507 b,HD 285507,13.8,0.09,948.8,0.06,4503.0,-0.71932,0.8200000000000001,0.625,5.7445193455535435,0.501381164937991,4.242614079482342,1.9584173215554024,0.5247285289349821
HD 285968 b,HD 285968,2.83,0.0,450.0,0.066,3703.49,-1.658,0.5,3.62,2.2407096892759584,1.1118575154181303,2.3828219791023453,2.280707514474728,0.3908346023020166
HD 29021 b,HD 29021,12.9,0.453,245.606,2.294,5560.0,-0.18111,0.86,5.5,7.2596036793794765,1.534714366238164,0.5060400077902267,7.2196420401307355,0.6151856390902335
HD 290327 b,HD 290327,13.3,0.08,140.68,3.43,5505.0,-0.14,0.8400000000000001,7.492699999999999,6.650701856992126,1.0296194171811583,0.0920194703931526,7.8013913202914855,0.6678293725756554
HD 29399 b,HD 29399,13.5,0.05,353.22,1.913,4845.0,1.00173,1.17,6.2,6.214589296225432,0.7466879474879752,1.6046928981039865,6.795370148387346,1.7047480922384253
HD 30177 b,HD 30177,12.6,0.207,334.11,3.604,5580.0,0.0835,0.98,2.525,7.890474783350076,2.1210632163706555,1.5991159523538507,7.830240473496169,0.7026023393307004
HD 30669 b,HD 30669,14.3,0.18,275.33,2.6899999999999995,5400.0,-0.14602,0.9200000000000002,4.8,5.013098923534229,0.24764102291459722,0.8402018184572556,7.429520842786462,0.6471032420585385
HD 30856 b,HD 30856,13.5,0.061,409.2,1.85,4895.0,0.99564,1.17,3.8,6.199865985496856,0.7419373447293773,1.9219904711227642,6.742880635791903,1.6863989535702286
HD 31253 b,HD 31253,14.1,0.3,580.211,1.26,6130.0,0.51667,1.7000000000000002,3.0,5.288542750256161,0.3264219007677115,3.3071963991957225,6.1463292576688975,1.0116009116784799
HD 31527 b,HD 31527,3.22,0.1,785.3,0.1254,5898.0,0.07918,0.96,4.841,2.4397349311412793,1.000631880307906,4.438700188739246,2.8652533602277463,0.7293315579384874
HD 31527 c,HD 31527,3.85,0.04,513.04,0.2663,5898.0,0.07918,0.96,4.848,2.7186603802142257,0.8586616190375187,2.9825437045474343,3.9551840223015606,0.7293315579384874
HD 31527 d,HD 31527,3.46,0.24,348.92,0.8098,5898.0,0.07918,0.96,4.96,2.551006451492524,0.9439058989071286,1.5093812511302398,5.608275842222989,0.7293315579384874
HD 3167 b,HD 3167,1.67,0.0,1774.0,0.01796,5261.0,-0.27003,0.8370000000000001,7.8,1.7867469274045107,1.8870696490323797,7.409136443920128,0.6727612932006802,0.6312717768418579
HD 3167 c,HD 3167,3.0,0.06,564.0,0.1776,5261.0,-0.27003,0.8370000000000001,7.8,2.4956817229559594,1.1346227261911428,2.884800712846709,3.4289876306436544,0.6312717768418579
HD 3167 d,HD 3167,1.92,0.12,859.5,0.0763,5261.0,-0.27003,0.8370000000000001,7.8,1.6733512381777533,1.4724720573609429,4.498697941477575,2.241900469377539,0.6312717768418579
HD 3167 e,HD 3167,2.83,0.15,374.8,0.3885,5261.0,-0.27003,0.8370000000000001,7.8,2.2417729535972883,1.1118575154181303,1.694336362481015,4.58118482323758,0.6312717768418579
HD 32963 b,HD 32963,13.4,0.07,173.17000000000002,3.41,5727.0,0.06398,0.94,4.99,6.490579066540958,0.9162907318741551,0.15318020639994867,7.771910256435763,0.7471826118512408
HD 330075 b,HD 330075,14.3,0.0,990.0,0.04,5000.0,-0.33,0.4699999999999999,6.2,5.034080950698268,0.2523139286139896,5.3580912193661385,1.478812009070439,0.6097655716208943
HD 33142 b,HD 33142,13.7,0.049,589.2,1.074,5025.4,1.00043,1.5200000000000002,2.72,5.995117349544535,0.6184236343640088,3.373538467793162,5.802118375377063,1.6428726885203377
HD 33142 c,HD 33142,13.9,0.081,577.6510000000001,1.955,5025.4,1.00043,1.5200000000000002,2.72,5.648506812843462,0.45679173527350503,3.373538467793162,6.698514632836919,1.6428726885203377
HD 33142 d,HD 33142,9.32,0.191,590.266,0.4519999999999999,5025.4,1.00043,1.5200000000000002,2.72,4.167683021948493,0.3583735005743138,3.528074473198474,4.509760001183433,1.6428726885203377
HD 332231 b,HD 332231,9.07303305,0.0,798.3,0.1449999999999999,6128.0,0.30792,1.1642,2.9,4.318820558770089,0.4382549309311553,4.596028528070808,2.9812288048828357,0.8180161626058146
HD 33283 b,HD 33283,12.5,0.399,1220.56,0.1508,5935.0,0.64,1.3799999999999997,3.63,4.659337012823884,0.2577381960787088,5.781192747250768,2.954863402935069,1.0885619528146082
HD 33564 b,HD 33564,12.5,0.34,577.0,1.1,6250.0,0.53504,1.25,3.0,7.970083870573,2.2126603854660587,3.3697220579459874,5.963579343618446,0.8906446648905695
HD 33844 b,HD 33844,13.4,0.15,597.47,1.6000000000000003,4861.0,1.17,1.84,2.42,6.46121548818075,0.9001613499442714,3.415170298880697,6.314272457740785,1.8547342683894434
HD 33844 c,HD 33844,13.5,0.13,627.7,2.24,4861.0,1.14922,1.7800000000000002,1.88,6.3229287286148965,0.8064758658669486,3.605310694686004,6.821107472256465,1.8389610707123492
HD 34445 b,HD 34445,13.9,0.27,583.691,2.07,5879.0,0.3032,1.14,8.5,5.566895362660096,0.4272265998896771,3.472543416050982,6.956545443151569,0.8671004876833832
HD 34445 c,HD 34445,8.42,0.036,392.57,0.7181,5836.0,0.3032,1.07,8.5,3.9982007016691985,0.40011750178156913,1.7514547524571977,5.3737494616638894,0.8671004876833832
HD 34445 d,HD 34445,6.07,0.027,485.3,0.4817000000000001,5836.0,0.3032,1.07,8.5,3.456316680883235,0.5618988939499913,2.693904397213928,4.778030458992533,0.8671004876833832
HD 34445 e,HD 34445,4.26,0.09,561.781,0.2687,5836.0,0.3032,1.07,8.5,2.8791984572980396,0.7839015438284094,2.989689783410449,3.9155168946824017,0.8671004876833832
HD 34445 f,HD 34445,6.88,0.031,347.42,1.543,5836.0,0.3032,1.07,8.5,3.6609942506244004,0.49469624183610705,1.399350571258276,6.5188522591729505,0.8671004876833832
HD 35759 b,HD 35759,13.0,0.389,655.1,0.389,6060.0,0.53724,1.15,4.432,7.086772047641092,1.3837912309017721,3.6556608119911354,4.424451344160083,1.0152212593948322
HD 35843 b,HD 35843,2.29,0.0,788.0,0.0879999999999999,5666.0,-0.12494,0.94,2.5,1.922787731634459,1.3001916620664788,4.507205433291645,2.388680217018767,0.6402736909528771
HD 35843 c,HD 35843,2.54,0.153,479.0,0.25,5666.0,-0.12494,0.94,2.5,2.511223958105374,1.5686159179138452,2.516195346484724,3.8704132006668788,0.6402736909528771
HD 37124 b,HD 37124,14.0,0.054,493.6,0.53364,5698.64,-0.11224,0.8500000000000001,4.0,5.373124469253031,0.35767444427181583,3.403224626379378,5.045860857769979,0.6674026148608675
HD 37124 c,HD 37124,14.1,0.125,491.0,1.7099999999999995,5698.64,-0.11224,0.8500000000000001,4.0,5.338619994220677,0.3407487933884732,3.4073925417894104,6.787281125514262,0.6674026148608675
HD 37124 d,HD 37124,14.0,0.16,175.67000000000002,2.807,5698.64,-0.11224,0.8500000000000001,4.0,5.403621440613066,0.36672427979173383,0.14856957375165392,7.529943370601589,0.6674026148608675
HD 37605 c,HD 37605,13.1,0.03,172.97,3.74,5329.0,-0.22,0.94,5.65,6.922523391605233,1.247032293786383,0.14556636643616722,7.908754738783246,0.6471032420585385
HD 3765 b,HD 3765,8.56,0.298,251.2,2.1080000000000005,5049.8,-0.41634,0.851785,2.0,4.025071551678439,0.39339252687389514,0.6488533076023223,7.10002716662926,0.6046492446434499
HD 38283 b,HD 38283,14.0,0.41,567.5,1.02,5981.0,0.41069,1.37,6.2,4.853060982546624,0.22713557258374723,3.164450554633506,5.897703194750949,0.9122827104766162
HD 38529 b,HD 38529,14.1,0.256,1181.615,0.115,5697.0,0.8342,0.98,4.5,5.335557583996455,0.3400373027857091,5.540314679702616,2.7284996779696193,1.3501069229331644
HD 38529 c,HD 38529,12.5,0.357,656.7,3.226,5697.0,0.8342,0.98,4.5,8.101695585071237,2.330200260027019,4.254096414067274,7.6632224246281195,1.3501069229331644
HD 38801 b,HD 38801,12.5,0.017,762.33,1.6229999999999998,5338.0,0.65896,1.207,6.072,8.033760706145658,2.269028309465203,3.941546707485439,6.53124199282374,1.1082325320451
HD 39194 b,HD 39194,1.83,0.207,736.47,0.056,5205.0,-0.40894,0.67,10.0,1.6094379124341003,1.5238800240724537,3.7018567351025027,1.8926299196130165,0.578713404865425
HD 39194 c,HD 39194,2.39,0.154,534.5,0.103,5205.0,-0.40894,0.67,10.0,1.9878743481543455,1.264126727145683,2.9171814655711374,2.710048203764883,0.578713404865425
HD 39194 d,HD 39194,1.83,0.333,373.25000000000006,0.185,5205.0,-0.40894,0.67,10.0,1.6094379124341003,1.5238800240724537,1.6363272613311306,3.5527733211169448,0.578713404865425
HD 39855 b,HD 39855,2.85,0.14,1064.5,0.041,5576.0,-0.31625,0.87,2.9919999999999995,2.2512917986064953,1.1052568313867783,5.6837568716050315,1.446871923005495,0.5565625601470687
HD 40307 b,HD 40307,2.839553935,0.2,910.0,0.0468,4956.0,-0.639,0.77,4.5,7.081705284074913,1.269760544863939,4.8137180050897115,1.6700248864830436,0.5403945230439384
HD 40307 c,HD 40307,2.839553935,0.06,696.0,0.0799,4956.0,-0.639,0.77,4.5,7.53343335764443,1.269760544863939,3.740223237286808,2.3625883453298555,0.5403945230439384
HD 40307 d,HD 40307,2.839553935,0.07,541.0,0.1321,4956.0,-0.639,0.77,4.5,7.482338202155201,1.269760544863939,3.0279755967176945,3.0648851322423076,0.5403945230439384
HD 40307 f,HD 40307,2.13,0.02,398.0,0.247,4956.0,-0.639,0.77,4.5,1.8245492920510458,1.3762440252663892,1.8693688306971943,3.965753327849114,0.5403945230439384
HD 40307 g,HD 40307,2.56,0.29,255.0,0.6000000000000001,4956.0,-0.639,0.77,4.5,2.0918640616783932,1.2029723039923526,0.5890224815009995,5.292299294222474,0.5403945230439384
HD 40979 b,HD 40979,12.9,0.25,560.966,0.8500000000000001,6165.0,0.29056,1.45,3.56,7.303349227103038,1.5686159179138452,2.8365959849481137,5.580295665868637,0.7929925155296614
HD 42012 b,HD 42012,13.5,0.2,190.21,1.6699999999999997,5405.0,-0.26975,0.83,4.1,6.233484806991821,0.76080582903376,0.1993377516741681,6.7551866803375304,0.598836501088704
HD 4203 b,HD 4203,13.3,0.52,372.1,1.17,5596.0,0.29285,1.25,8.52,6.564928152755408,0.9783261227936075,2.047895086232165,6.07046055333448,0.8837675401685949
HD 4208 b,HD 4208,13.9,0.042,297.34000000000003,1.662,5717.0,-0.09961,0.883,3.813,5.554672458201517,0.4233050262364954,1.1780778177890414,6.726197430488745,0.6130211360806604
HD 42618 b,HD 42618,3.89,0.19,337.0,0.554,5727.0,-0.00877,1.015,3.72,2.7343675094195836,0.8501509293696101,1.425515074273172,5.014693714223758,0.692647055518263
HD 4308 b,HD 4308,4.12,0.0,712.1020000000001,0.12,5686.0,-0.004,0.9300000000000002,4.3,2.8268105368230527,0.8109302162163288,4.1226893596322975,2.8069901489571136,0.7030975114131134
HD 4313 b,HD 4313,13.4,0.147,597.47,1.157,4943.0,1.14922,1.63,2.0,6.419112470491985,0.8754687373538999,3.415170298880697,5.878323844131193,1.8148247421590513
HD 43691 b,HD 43691,13.2,0.0796,891.7,0.238,6093.0,0.5,1.32,2.39,6.698843104525213,1.0784095813505903,3.9037536891511175,3.6375519486148766,0.9555114450274365
HD 44219 b,HD 44219,14.1,0.41,620.921,1.26,5752.0,0.26,1.2,8.4,5.2221945447319165,0.30821972366932904,3.1575091483942694,6.159095388491933,0.8415671856782186
HD 45184 b,HD 45184,3.52,0.07,1164.4,0.0644,5869.0,0.05308,1.03,6.8,2.579458966729223,0.9321640810304452,5.707224572308976,1.9294032278060338,0.7300281393908762
HD 45184 c,HD 45184,2.91,0.07,892.1,0.11,5869.0,0.05308,1.03,6.8,2.2834022735772717,1.085189268335969,4.931308377339043,2.6486822892948565,0.7300281393908762
HD 45364 b,HD 45364,9.03,0.067,341.82,0.6793000000000001,5466.0,-0.19586,0.8200000000000001,8.4719,4.113573780869913,0.3708736633385453,1.4156750088004881,5.424024479170771,0.636576829071551
HD 45364 c,HD 45364,14.2,0.019,477.36,0.902,5466.0,-0.19586,0.8200000000000001,8.7297,5.167569498835366,0.2889312918522129,3.3430495008089927,5.847680778019108,0.636576829071551
HD 46375 b,HD 46375,10.0,0.063,1102.375,0.0398,5285.0,-0.24502,0.9200000000000002,9.0,4.28771595520264,0.33289441527332897,5.668916646997194,1.392170313846942,0.6492976911316807
HD 47186 b,HD 47186,5.02,0.04,1246.9,0.05,5657.0,0.04298,0.96,6.5,3.1462234082639617,0.6760010217249748,6.0302608845599925,1.626196696249055,0.7323678937132266
HD 47186 c,HD 47186,13.0,0.249,218.97000000000003,2.3950000000000005,5657.0,0.04298,0.96,6.5,4.722241857573929,0.24607852259670565,0.42543449252886567,7.211261486780804,0.7323678937132266
HD 4732 b,HD 4732,13.4,0.266,530.2,1.129,4898.0,1.11826,1.3899999999999997,1.47,6.449217214300364,0.8919980393051105,2.837470110769954,5.920881125652519,1.7967470107390942
HD 48265 b,HD 48265,13.5,0.211,446.3,1.814,5733.0,0.58433,1.312,4.201,6.185572104492563,0.7323678937132266,2.450966770147499,6.658665517151913,1.065055505139267
HD 48948 b,HD 48948,2.06,0.055,957.0,0.0652,4593.0,-0.78885,0.6860000000000002,11.48,1.7715567619105355,1.4036429994545037,4.940570419647969,2.121078803779147,0.5181983780954038
HD 48948 c,HD 48948,2.6,0.55,553.0,0.1951,4593.0,-0.78885,0.6860000000000002,11.48,2.1126345090356,1.184789984909162,2.803360380906535,3.665098925448533,0.5181983780954038
HD 48948 d,HD 48948,3.24,0.055,349.0,0.4894,4593.0,-0.78885,0.6860000000000002,11.48,2.4501426573516603,0.9969486348916093,1.2412685890696329,5.029914908828212,0.5181983780954038
HD 4917 b,HD 4917,13.5,0.066,376.22,1.167,4802.0,1.45591,1.32,3.9093,6.242797905765263,0.7654678421395714,1.607758251827141,5.995207533386816,1.7934247485471162
HD 49674 b,HD 49674,6.2,0.09,1129.2220000000002,0.06,5602.0,-0.02162,1.03,3.62,3.4899100883470915,0.5498540107334691,5.63835396840871,1.7829491050325905,0.7030975114131134
HD 50499 b,HD 50499,13.5,0.266,333.91,3.833,6102.0,0.37632,1.253,2.391,6.255692228182003,0.7701082216960736,1.496108683229256,7.803067492471094,0.8548407695579324
HD 50554 b,HD 50554,12.8,0.501,213.0,2.353,5987.0,0.143,1.04,2.16,7.528490991100263,1.769854633840005,0.27340736022266005,7.165493475060845,0.7030975114131134
HD 51608 b,HD 51608,3.62,0.09,708.267,0.1059,5358.0,-0.24413,0.8,7.205999999999999,2.6224923127405635,0.9082585601768908,3.74093264570926,2.7128785259588506,0.6503106582404777
HD 51608 c,HD 51608,3.87,0.14,398.836,0.3809,5358.0,-0.24413,0.8,8.211,2.7285062096695922,0.8586616190375187,1.8241543280442656,4.574139681323603,0.6503106582404777
HD 52265 b,HD 52265,13.7,0.27,405.0,0.52,6136.0,0.297,1.204,3.5,5.9547339111376285,0.5999347988377666,2.5449141191195706,4.789739215322525,0.8415671856782186
HD 5278 b,HD 5278,2.45,0.08,943.0,0.1202,6203.0,0.28035,1.126,3.0,2.174751721484161,1.3609765531356006,4.890349128221754,2.7304087748687644,0.7857263618530385
HD 5278 c,HD 5278,4.49,0.07,606.2,0.2416,6203.0,0.28035,1.126,3.0,2.9652730660692823,0.7514160886839212,3.372375702231035,3.734569580031052,0.7857263618530385
HD 5319 b,HD 5319,13.5,0.092,450.5,1.5700000000000005,4871.0,0.908,1.27,3.1,6.205655099667989,0.7419373447293773,2.406035747490283,6.458495010874302,1.6213664832993742
HD 5319 c,HD 5319,13.8,0.183,548.2,1.93,4871.0,0.908,1.27,3.1,5.816143400168051,0.5306282510621704,3.132580608276741,6.7721646246757885,1.6213664832993742
HD 5608 b,HD 5608,13.7,0.11,450.5,1.79,4807.0,1.15473,1.29,1.72,5.919494693571768,0.5838901946229959,2.4296368148594296,6.646000828540272,1.860974538249528
HD 564 b,HD 564,12.5,0.096,568.5,1.2,5902.0,0.01893,0.961,5.5,4.662306377358901,0.25851069515150105,3.32888514497035,6.201117508239693,0.6981347220709844
HD 60532 b,HD 60532,13.8,0.26,786.2,0.77,6245.0,1.00089,1.5,2.8,5.822749401828977,0.532978428407124,3.9776137345520155,5.312713246831769,1.2725655957915476
HD 60532 c,HD 60532,13.3,0.03,666.6,1.6000000000000003,6245.0,1.00089,1.5,2.8,6.683052137138609,1.0508216248317612,3.2844788797643787,6.398761310045116,1.2725655957915476
HD 6061 b,HD 6061,2.42763557,0.0,1075.31,0.06,5934.0,0.05538,1.0269,2.4,2.3978952727983707,1.5727739280625088,5.82923969201315,1.8333651565808458,0.6967407160700755
HD 63433 b,HD 63433,2.14,0.24,967.11,0.072,5553.0,-0.1261,0.9559999999999998,0.414,3.124784901468605,2.6389144622673477,4.987507905902813,2.0928447534824555,0.6595903970311026
HD 63433 c,HD 63433,2.692,0.21,678.92,0.146,5553.0,-0.1261,0.9559999999999998,0.414,2.8057212282756563,1.728109442151599,3.5934197631333724,3.0700893764577843,0.6595903970311026
HD 63433 d,HD 63433,1.073,0.16,1040.0,0.0503,5688.0,-0.12494,0.99,0.414,0.8109302162163288,1.8809906029559977,5.598578236516267,1.650402296816438,0.6481498146292095
HD 63454 b,HD 63454,12.31,0.0,1287.755,0.04,4812.0,-0.592,0.4199999999999999,1.0,4.387729094699122,0.21026092548319608,6.170870799853685,1.3397398210795135,0.5709795465857378
HD 63765 b,HD 63765,14.2,0.24,186.09,0.94,5449.0,-0.25647,0.65,4.77,5.132557307908301,0.27990188513281866,0.2271354315886845,5.883322388488279,0.6043159668533296
HD 63935 b,HD 63935,2.91575244,0.0,825.22,0.083,5513.0,-0.11464,0.9406,6.6,2.4423470353692043,1.199964782928397,4.758749273916392,2.3084485691702397,0.672842427219581
HD 63935 c,HD 63935,3.06451296,0.0,619.59,0.148,5513.0,-0.11464,0.9406,6.6,2.4932054526026954,1.1346227261911428,3.629660094453965,3.1091814873114343,0.672842427219581
HD 64114 b,HD 64114,4.41,0.12,470.25,0.246,5676.0,-0.13735,0.95,1.4034,2.9338568698359033,0.76080582903376,2.3501696727649035,3.845690876737798,0.6327908352541491
HD 6434 b,HD 6434,14.2,0.17,766.1490000000001,0.14,5769.0,0.05,1.1,11.27,5.054567327428345,0.2615947376884625,4.249089409405129,3.135407255626473,0.7514160886839212
HD 65216 b,HD 65216,13.6,0.27,350.72,1.3009999999999995,5612.0,-0.1498,0.8739999999999999,4.0,6.022454000237618,0.6413274318301488,1.8686087922817216,6.360611392542035,0.6312717768418579
HD 66428 b,HD 66428,12.4,0.471,618.801,3.395,5716.0,0.09579,1.01,3.515,8.154773131003319,2.3978952727983707,3.1130025388697566,7.727895072113202,0.7561219797213337
HD 67087 b,HD 67087,13.1,0.17,612.066,1.08,6330.0,0.54,1.36,1.45,6.881411303642535,1.2178757094949273,3.4844377021107724,5.867034468729805,0.9360933591703346
HD 68402 b,HD 68402,12.6,0.03,339.94999999999993,2.18,5950.0,0.06819,1.12,2.0,7.828772589085545,2.066862759472976,1.6301915119990298,7.00669522683704,0.7030975114131134
HD 68988 b,HD 68988,13.4,0.12,1350.42,0.07,5932.0,0.22184,1.2800000000000002,6.0,6.441146042262248,0.8878912573524571,6.083012986015021,1.984733805369982,0.7839015438284094
HD 69830 b,HD 69830,3.17,0.1,826.298,0.0785,5385.0,-0.22,0.86,7.0,2.4159137783010487,1.0152306797290587,4.597995052057475,2.268718023482468,0.6349601790815287
HD 69830 c,HD 69830,3.46,0.13,539.9970000000001,0.186,5385.0,-0.22,0.86,7.0,2.5494451709255714,0.9439058989071286,2.8111496778598513,3.4830845411343394,0.6349601790815287
HD 69830 d,HD 69830,4.45,0.07,348.12,0.63,5385.0,-0.22,0.86,7.0,2.9496883350525844,0.7561219797213337,1.4157862934534788,5.288267030694535,0.6349601790815287
HD 70573 b,HD 70573,12.8,0.4,561.566,1.7600000000000002,5737.0,-0.00083,1.0,0.102,7.550135342488429,1.7884205679625405,3.5277223461706546,6.74852505341158,0.6815395721807016
HD 70642 b,HD 70642,13.0,0.175,241.252,3.3180000000000005,5732.0,0.01204,1.078,0.919,7.123294621284181,1.410986973710262,0.5913194146230645,7.661781166723156,0.6851150088626811
HD 7199 b,HD 7199,2.839553935,0.19,445.55,1.36,5371.0,-0.1549,0.77,6.79,8.199776119322262,1.269760544863939,3.3281295240837743,6.423246963533519,0.6780335427498971
HD 72490 b,HD 72490,13.5,0.124,618.0,1.88,4934.0,1.09107,1.21,5.555200000000001,6.333143633102376,0.8153648132841945,3.9971368319211953,6.755768921984256,1.7850704810772584
HD 72659 b,HD 72659,13.2,0.2393,348.87,4.606999999999999,5929.0,0.37397,1.033,8.0,6.8571683457154515,1.184789984909162,1.5160240759218353,8.174702882469461,0.8586616190375187
HD 72892 b,HD 72892,12.8,0.419,657.49,0.228,5688.0,0.14613,1.01,8.0,7.4609998017179695,1.713797927758343,3.323564064461042,3.6999684928287953,0.7975071958841881
HD 73267 b,HD 73267,13.0,0.261,212.72,2.229,5387.0,-0.106,0.9300000000000002,8.14,7.187302238180793,1.4609379041156565,0.25928948330397217,7.13806635411735,0.6465795447436106
HD 73344 b,HD 73344,2.884,0.03,911.0,0.131,6252.6,0.26184,1.2,1.15,2.4406063908914204,1.2386640441158665,4.727147966941355,2.81006512650894,0.7975071958841881
HD 73344 c,HD 73344,13.5,0.124,576.512,0.3388,6148.0,0.26184,1.19,1.15,4.783734658856236,0.23507212217948356,3.4899875369865767,4.203796695783181,0.7975071958841881
HD 73526 b,HD 73526,13.1,0.19,589.71,0.65,5601.0,0.33788,1.14,9.2,6.887467261903394,1.2208299213923592,3.2576172457665438,5.243333058215277,0.9282193027394289
HD 73526 c,HD 73526,13.3,0.28,431.6,1.03,5601.0,0.33788,1.014,9.2,6.573805857385295,0.9820784724121581,2.2228334971060653,5.940434375995203,0.9282193027394289
HD 73534 b,HD 73534,13.7,0.126,192.71,2.99,4917.0,0.522,1.16,7.04,5.870502288072343,0.5624688569178291,0.21569922111532316,7.467942332285852,1.275362800412609
HD 73583 b,HD 73583,2.79,0.09,714.0,0.0604,4511.0,-0.74425,0.73,0.48,2.4159137783010487,1.275362800412609,3.7909846770510898,2.001215370604204,0.5007752879124893
HD 73583 c,HD 73583,2.39,0.08,498.0,0.1242,4511.0,-0.74425,0.73,0.48,2.3702437414678603,1.5851452198650557,2.4159137783010487,2.9897011226720793,0.5007752879124893
HD 74156 c,HD 74156,12.5,0.377,476.8,3.678,6068.0,0.40075,1.1,3.7,7.9211666041998825,2.169053700369523,3.8569773926408346,7.803634000003663,0.9205122088884227
HD 74698 b,HD 74698,5.12,0.1,939.4,0.121,5783.0,0.25285,1.039,7.847,3.1780538303479458,0.6637183698691331,4.820281565605037,2.773650658186159,0.8471549930392929
HD 74698 c,HD 74698,14.0,0.2,140.57000000000002,4.5,5783.0,0.25285,1.039,7.847,4.844187086458591,0.22474227267790678,0.08434114843375079,8.146129510025405,0.8471549930392929
HD 75289 b,HD 75289,14.2,0.03,1260.0,0.05,6117.0,0.31247,1.29,5.6,5.054567327428345,0.2615947376884625,6.242306503991449,1.506135277885718,0.8020015854720274
HD 75784 b,HD 75784,13.8,0.097,597.9,1.032,4867.0,0.756,1.26,4.0,5.764658045374483,0.5098251234324072,3.458303425597274,5.835395361458093,1.4816045409242156
HD 75898 b,HD 75898,13.2,0.105,654.1,1.2025,6122.0,0.46,1.295,3.2,6.6988380985759,1.0784095813505903,3.8370299306633684,6.04930883679242,0.9360933591703346
HD 76700 b,HD 76700,9.6,0.09,1369.032,0.05,5644.0,0.25719,0.99,11.0,4.215740323379116,0.34712953109520095,6.372095482792051,1.6036149920913072,0.8628899551470399
HD 77338 b,HD 77338,4.12,0.09,1093.738,0.06,5341.0,-0.2596,1.37,4.807,2.827313621929028,0.8109302162163288,5.469255154985313,1.9074811224355315,0.6780335427498971
HD 77946 b,HD 77946,2.89646124,0.211,1128.86,0.073,6007.0,0.30878,1.1972999999999998,3.1,2.4765384001174837,1.235471471385307,6.026109422450163,2.0185447812745543,0.8404458675808248
HD 7924 b,HD 7924,2.839553935,0.06,825.9,0.06,5131.0,-0.40636,0.65,0.88,7.630100402375876,1.269760544863939,4.742320024135325,1.8559729375416807,0.5766133643039938
HD 7924 c,HD 7924,2.839553935,0.098,583.6,0.1134,5075.0,-0.40636,0.8319999999999999,0.88,7.4751557419661925,1.269760544863939,3.3792925462741055,2.791103756237496,0.5777924441969166
HD 7924 d,HD 7924,2.839553935,0.21,499.0,0.1551,5075.0,-0.40636,0.8319999999999999,0.88,7.358299139238316,1.269760544863939,2.7831576735890153,3.2367550349554373,0.5777924441969166
HD 79498 b,HD 79498,13.6,0.575,180.91000000000005,2.98,5748.0,0.03,1.08,2.71,6.056531522339089,0.6575200029167942,0.21875715453609365,7.4999765409521215,0.7178397931503169
HD 81040 b,HD 81040,12.6,0.525,425.0,1.946,5755.0,-0.07676,0.99,1.79,7.741567327496354,1.9906103279732201,3.1665966355940176,6.911448450819755,0.6471032420585385
HD 82943 b,HD 82943,13.5,0.162,514.2,1.18306,5935.0,0.19405,1.08,2.35,6.282733927469792,0.7839015438284094,3.3899436190455026,6.0923726655395205,0.7805168266968524
HD 82943 c,HD 82943,13.4,0.3663,654.4010000000001,0.74345,5935.0,0.19405,1.08,2.35,6.435513947948188,0.8837675401685949,3.228948988062697,5.398515580425138,0.7805168266968524
HD 8326 b,HD 8326,9.58,0.2,349.19,0.533,4914.0,-0.49184,0.8,7.1875,4.213607983048918,0.347835995271528,1.44118228797393,5.0751175636517365,0.578398848030514
HD 83443 b,HD 83443,14.1,0.012,1212.127,0.0406,5442.0,-0.10403,1.0,2.64,4.858004721952997,0.22314355131420976,6.072012448672849,1.3826948907921495,0.6626879730752367
HD 8535 b,HD 8535,14.0,0.15,333.69,2.45,6136.0,0.33266,1.13,3.933,5.380470461172304,0.3597701488460348,1.5224265381688427,7.1808311990445555,0.7839015438284094
HD 85390 b,HD 85390,6.16,0.5,342.5,1.3730000000000002,5186.0,-0.36653,0.758,7.2,3.48016782235518,0.5538851132264376,1.5176850653145455,6.685261516509424,0.5877866649021191
HD 85426 c,TOI-1774,3.19,0.06,640.0,0.102,5746.0,0.10143,0.991,7.4,2.424802725718295,1.007957920399979,3.3919888617986325,3.6035938598315758,0.7562628148740206
HD 8574 b,HD 8574,13.4,0.3,591.4,0.76,6064.0,0.37649,1.34,5.6,6.471101161065846,0.9042181506398859,3.262548502042189,5.429345628954441,0.8671004876833832
HD 86081 b,HD 86081,13.6,0.0119,1854.1,0.0346,5939.0,0.38,1.21,3.61,6.155682382647287,0.708035793053696,7.604387981305818,1.1435356530607992,0.9001613499442714
HD 86226 b,HD 86226,14.3,0.059,176.0,2.73,5863.0,0.07188,1.019,4.6,4.9699764807056805,0.23822918873225063,0.14939945403312344,7.395721608602045,0.7193021380367964
HD 86226 c,HD 86226,2.16,0.075,1311.0,0.049,5863.0,0.07188,1.019,4.6,2.1102132003465894,1.6034198401085373,6.475280162695437,1.6063170475975848,0.7193021380367964
HD 86728 b,HD 86728,3.03,0.067,677.734,0.1916,5610.0,0.13513,0.967,9.52,2.344686269012681,1.0508216248317612,3.729024208334896,3.470459105893857,0.8051356825079926
HD 87646 b,HD 87646,12.4,0.05,1286.218,0.117,5770.0,0.95972,1.12,6.9510000000000005,8.27946682584723,2.517696472610991,6.032095008186994,2.6728374453464654,0.9360933591703346
HD 88133 b,HD 88133,13.8,0.031,1661.1,0.0479,5392.0,0.49678,1.26,5.37,5.784399171412635,0.5176026080450145,7.233998344988256,1.4849815596450688,1.1631508098056809
HD 88986 b,HD 88986,2.49,0.24,460.0,0.58,5861.0,0.3934,1.25,7.9,2.9014215940827497,1.9600947840472698,2.7516497398354796,4.990772665000004,0.9333444864399826
HD 89307 b,HD 89307,13.4,0.2,359.25999999999993,3.27,5955.0,0.13131,1.27,2.31,6.4661655360583765,0.9042181506398859,1.638973282677717,7.681099001536359,0.7419373447293773
HD 89345 b,HD 89345,7.39794,0.22,1089.0,0.1066,5576.0,0.42488,1.157,7.53,3.5824433602291768,0.38594244161930047,5.622726781864217,2.5505617348360174,1.0105094071131369
HD 90156 b,HD 90156,4.43,0.31,376.5,0.25,5599.0,-0.14267,0.8400000000000001,4.4,2.9433857931817817,0.76080582903376,1.7243670256802326,3.927305628959303,0.6524741332798326
HD 9174 b,HD 9174,13.7,0.12,192.71,2.2,5577.0,0.38202,1.03,9.0,5.868707191259407,0.5618988939499913,0.20252767175893618,7.07326971745971,0.9820784724121581
HD 92788 b,HD 92788,13.0,0.35,797.2,0.97,5744.0,0.02,1.15,2.55,7.086772047641092,1.3837912309017721,3.116690428229878,5.789357542870273,0.76080582903376
HD 93083 b,HD 93083,13.4,0.14,434.0,0.477,4995.0,-0.38722,0.7,7.71,4.775672165976704,0.23822918873225063,2.8086792770069082,4.973832987572151,0.6156368886132028
HD 93351 b,HD 93351,1.69,0.549,1281.0,0.035,5408.0,-0.19371,0.94,6.581999999999999,1.5032131300720444,1.6054298910365616,6.388385716822625,1.2411125075253806,0.6478542688678129
HD 93385 b,HD 93385,1.88,0.295,1057.4,0.0756,5977.0,0.20683,1.04,3.3,1.6486586255873816,1.4973884086254774,5.477901363779639,2.1213749183860546,0.7815425993217366
HD 93385 c,HD 93385,2.56,0.2,940.5599999999998,0.112,5977.0,0.20683,1.04,3.3,2.0918640616783932,1.2029723039923526,4.619861983880447,2.6518325211039815,0.7815425993217366
HD 93385 d,HD 93385,2.89,0.09,543.38,0.2565,5977.0,0.20683,1.04,3.3,2.272125885509337,1.091923300517313,2.9494979521899665,3.846951008684431,0.7815425993217366
HD 93963 A b,HD 93963 A,1.46954368,0.0,1842.23,0.02061,5908.0,0.06781,1.0844000000000005,1.3,1.33500106673234,1.75958057086382,7.972121128921655,0.7117779940995048,0.7085775182153029
HD 93963 A c,HD 93963 A,3.11976057,0.0,1212.45,0.04726,5908.0,0.06781,1.0844000000000005,1.3,2.9652730660692823,1.4609379041156565,6.300418754835302,1.5358212749403486,0.7085775182153029
HD 9446 b,HD 9446,14.0,0.2,656.3979999999999,0.189,5793.0,0.04139,1.0,4.287,5.409286126563416,0.36880112373657287,3.4336198225755963,3.435663218543434,0.6931471805599453
HD 9446 c,HD 9446,13.4,0.06,402.96,0.6540000000000001,5793.0,0.04139,1.0,4.681100000000001,6.362037958336036,0.8415671856782186,1.6867986418952488,5.267342562248606,0.6931471805599453
HD 94771 b,HD 94771,14.2,0.39,190.8,3.48,5631.0,0.51587,1.2,5.733,5.135798437050262,0.28065745751481647,0.23980399220731702,7.68017564043659,1.065744685042493
HD 94834 b,HD 94834,13.7,0.14,999.9,2.74,4798.0,0.99301,1.11,6.449,5.995122349185894,0.6184236343640088,5.2575348203557075,7.3632795869630385,1.6486586255873816
HD 95089 b,HD 95089,13.7,0.119,589.2,1.36,4918.0,1.13033,1.54,2.5,5.995122349185894,0.6184236343640088,3.373538467793162,6.142897250868192,1.8050046959780757
HD 95089 c,HD 95089,13.1,0.284,599.766,3.33,4918.0,1.13033,1.54,2.5,7.000802445557045,1.3029127521808397,3.620977342537048,7.487733761436444,1.8050046959780757
HD 95338 b,HD 95338,4.27174254,0.197,443.0,0.262,5097.0,-0.3098,0.848,9.5,3.7819143200811256,1.6054298910365616,2.130609828254235,4.026827280088927,0.6248683398066509
HD 95544 b,HD 95544,12.8,0.049,156.5,3.1659999999999995,5722.0,0.47797,1.01,5.741,7.557287421516204,1.7934247485471162,0.09531017980432487,7.621950154556922,0.7362066700203923
HD 95735 c,GJ 411,3.76,0.132,292.44,2.9400000000000004,3719.0,-1.70997,0.3899,8.047,2.681021528714291,0.8796267475025636,0.8079408331330122,7.988542982737695,0.31371524949859664
HD 96063 b,HD 96063,13.7,0.17,785.29,1.11,5020.0,1.1038,1.37,9.0,6.003007915333746,0.6221880916194514,3.5831904723589716,5.895779296973574,1.749199854809259
HD 96700 b,HD 96700,2.93,0.138,1046.469,0.0777,5845.0,0.13988,0.89,8.6,2.2925347571405443,1.0784095813505903,5.439837897177879,2.2109631034467325,0.7701082216960736
HD 96700 c,HD 96700,1.69,0.293,791.77,0.141,5845.0,0.13988,0.89,8.6,1.5040773967762742,1.6054298910365616,4.395529132238364,3.038791763014438,0.7701082216960736
HD 96700 d,HD 96700,3.61,0.27,443.35,0.424,5845.0,0.13988,0.89,8.6,2.617395832834079,0.9082585601768908,2.5773644393251702,4.6491870714048655,0.7701082216960736
HD 97658 b,HD 97658,2.12,0.05,751.0,0.0805,5212.0,-0.45469,0.8500000000000001,3.9,2.2300144001592104,1.7578579175523736,3.759431110064881,2.3503949291799366,0.5469646703818638
HD 98219 b,HD 98219,13.4,0.079,791.5899999999999,1.26,4925.0,1.04922,1.41,4.0,6.438100580852859,0.8878912573524571,3.6148798565228595,6.0748861552470546,1.7227665977411035
HD 98736 b,HD 98736,13.3,0.226,185.61,1.8640000000000003,5271.0,-0.22,0.9200000000000002,7.39,6.608734364141057,1.0043016091968684,0.19928898738646642,6.877089864671252,0.6575200029167942
HD 99109 b,HD 99109,14.3,0.09,493.2,1.11,5282.0,-0.17178,0.76,1.0,4.947661414934444,0.23348984336835407,3.3242482426452895,6.0874562900499205,0.6830968447064438
HD 99492 b,HD 99492,5.44,0.034,640.6800000000001,0.12,4929.0,-0.4749,0.8500000000000001,4.8,3.2771447329921766,0.6259384308664953,3.4995750264377277,2.893162305139386,0.6002305838486718
HD 99492 c,HD 99492,4.42,0.063,398.436,0.102,4929.0,-0.4749,0.8500000000000001,4.8,2.9391619220655967,0.76080582903376,1.6947799258770555,4.5667723341915245,0.6002305838486718
HD 99706 c,HD 99706,12.8,0.411,881.79,0.102,4891.0,1.18752,1.72,2.1,7.500779702844517,1.747459210331475,4.5218573131160635,7.153833801578843,1.8562979903656263
HIP 107772 b,HIP 107772,3.64,0.18,355.307,0.243,4006.0,-1.16322,0.63,3.12,2.631888840136646,0.9042181506398859,1.6113056843388205,4.028898963147031,0.4147036345335423
HIP 109384 b,HIP 109384,13.5,0.549,457.3,1.134,5180.0,-0.31878,0.78,4.9003,6.208217320835762,0.7466879474879752,2.7884557315053,6.215567637916892,0.6049032260768609
HIP 109600 b,HIP 109600,13.2,0.163,568.4,0.7060000000000001,5530.0,-0.07873,0.87,7.741,6.74850676056134,1.1118575154181303,3.2385241406211542,5.451381742274873,0.6790269577791921
HIP 111909 b,HIP 111909,13.7,0.2093999999999999,450.5,1.32,4891.0,1.02,1.2800000000000002,4.3,5.954728912010825,0.5999347988377666,2.4015841991021216,6.190479326843597,1.7101878155342436
HIP 111909 c,HIP 111909,13.9,0.2248999999999999,604.1659999999999,1.97,4891.0,1.02,1.2800000000000002,4.3,5.554667465469208,0.4233050262364954,3.4295745628133574,6.796410224977055,1.7101878155342436
HIP 113103 b,HIP 113103,1.829,0.17,721.0,0.06899,4930.0,-0.57629,0.7609999999999999,0.47,1.6094379124341003,1.5238800240724537,3.7641284299286837,2.152959509458059,0.555033878430311
HIP 113103 c,HIP 113103,2.4,0.17,585.0,0.10479,4930.0,-0.57629,0.7609999999999999,0.47,1.9947003132247452,1.2584609896100059,5.201184025795335,2.7242940852764614,0.555033878430311
HIP 114933 b,HIP 114933,13.4,0.21,350.34,2.8400000000000003,4823.0,1.13988,1.3899999999999997,3.4,6.425820126698706,0.8796267475025636,1.6618031186351825,7.3015525822226195,1.8357763546448291
HIP 116454 b,HIP 116454,2.469,0.215,753.2,0.0792,5048.0,-0.47314,0.8,5.5,2.3702437414678603,1.5107219394949427,3.9567248236889716,2.312576581416071,0.5641767992629853
HIP 12961 b,HIP 12961,13.2,0.17,559.3,0.25,3901.0,-1.00302,0.69,3.689999999999999,4.7485672524171285,0.24137631957526948,2.7091903360381924,4.06791502538512,0.5007752879124893
HIP 14810 b,HIP 14810,13.0,0.14399,1133.8,0.0696,5544.0,-0.01,1.01,5.84,7.123299629369838,1.410986973710262,5.515171530215664,2.0378239182308104,0.7275486072772778
HIP 14810 c,HIP 14810,13.6,0.1566,594.201,0.549,5544.0,-0.01,1.01,5.84,6.033942689458019,0.6471032420585385,3.1775763842420317,5.002246876155134,0.7275486072772778
HIP 14810 d,HIP 14810,14.1,0.185,272.52,1.94,5544.0,-0.01,1.01,5.84,5.23920251071117,0.3133498192003587,0.8853167569761484,6.890405640647024,0.7275486072772778
HIP 18606 b,HIP 18606,14.0,0.2068,530.0,1.6100000000000003,4860.0,1.06,1.21,5.29,5.504224717903503,0.3987761199573678,2.8918958182264873,6.516104314707343,1.763017000362401
HIP 19976 b,HIP 19976,4.94,0.304,437.724,0.234,4316.0,-0.72939,0.67,6.888,3.118495407023173,0.6856189141391538,2.0603211971980007,3.944665398028997,0.5722888585541337
HIP 29442 c,TOI-469,1.551,0.0573,1123.0,0.04518,5289.0,-0.14921,0.901,11.2,1.7047480922384253,1.9878743481543455,6.113682179832232,1.512476668373013,0.6830968447064438
HIP 29442 d,TOI-469,1.538,0.01,920.0,0.0673,5289.0,-0.14921,0.901,11.2,1.8148247421590513,2.4849066497880004,5.318119993844216,2.0054686565552964,0.6830968447064438
HIP 34222 b,HIP 34222,13.9,0.305,450.7,0.492,4050.0,-1.03267,0.62,4.56,5.578965676777814,0.43178241642553783,3.0678029077796873,5.081317404681786,0.4815615780794645
HIP 35173 b,HIP 35173,3.61,0.16,446.403,0.217,4881.0,-0.51439,0.79,6.055,2.617395832834079,0.9082585601768908,2.229157885720405,3.7498804756713353,0.5729008635155283
HIP 38594 b,HIP 38594,2.77,0.17,342.36,0.256,4086.3,-1.06243,0.61,2.627,2.2082744135228043,1.128171090909654,1.3866019635031206,4.122640431376948,0.48652022619820523
HIP 38594 c,HIP 38594,7.94,0.16,175.32999999999998,3.805,4086.3,-1.06243,0.61,6.912000000000001,3.899950424193877,0.4259211166755467,0.17158306162541678,8.154433487099082,0.48652022619820523
HIP 41378 b,HIP 41378,2.595,0.0089,959.0,0.102,6320.0,0.39646,1.16,4.279,2.065596134857783,1.1537315878891892,4.948759890378168,2.8077193516232475,0.8211005448704061
HIP 41378 c,HIP 41378,2.727,0.02955,757.0,0.102,6320.0,0.39646,1.16,4.279,1.6863989535702286,0.7839015438284094,4.007333185232471,3.4875594645726657,0.8211005448704061
HIP 41378 d,HIP 41378,3.54,0.0,367.0,0.102,6320.0,0.39646,1.16,4.279,1.7227665977411035,0.44468582126144574,1.3887912413184778,5.6325077159294485,0.8211005448704061
HIP 41378 e,HIP 41378,4.92,0.04431,335.0,0.102,6320.0,0.39646,1.16,4.279,2.5649493574615367,0.4382549309311553,1.1314021114911006,5.91350300563827,0.8211005448704061
HIP 41378 f,HIP 41378,9.2,0.09573,294.0,0.102,6320.0,0.39646,1.16,4.279,2.5649493574615367,0.08617769624105233,0.8064758658669486,6.2972561783946395,0.8211005448704061
HIP 41378 g,HIP 41378,2.54,0.0121999999999999,605.0,0.102,6320.0,0.39646,1.16,4.279,2.0794415416798357,1.208960345836975,3.148453360571655,4.144086654116915,0.8211005448704061
HIP 4845 b,HIP 4845,3.89,0.25,436.36800000000005,0.176,4010.0,-1.0339,0.62,5.1305,2.7343675094195836,0.8501509293696101,2.056784250668231,3.5596246182566738,0.47249988600273185
HIP 48714 b,HIP 48714,5.11,0.5,635.981,0.112,4015.5,-1.15565,0.58,5.723,3.173878458937465,0.664233170395303,3.271341390953966,2.9348138585845738,0.4671595887940003
HIP 5158 b,HIP 5158,13.6,0.52,620.1310000000001,0.89,4962.0,-0.95861,0.78,6.0,6.113682179832232,0.6856189141391538,2.834182554152312,5.848517537788049,0.5596157879354227
HIP 54373 b,HIP 54373,2.87,0.2,473.947,0.063,4021.0,-1.22239,0.57,2.303,2.263844264677615,1.0986122886681096,2.227890184203285,2.1701959049483,0.4478845460360284
HIP 54373 c,HIP 54373,3.57,0.2,481.009,0.099,4021.0,-1.22239,0.57,3.0471,2.5982353350950036,0.9162907318741551,2.305579984729052,2.7815484636112533,0.4478845460360284
HIP 54597 b,HIP 54597,13.3,0.03,92.96,4.0,4799.0,-0.68194,0.8,4.3,6.638290495226727,1.0224509277025458,0.014198719399812949,8.094073148069352,0.5068176023684519
HIP 56640 b,HIP 56640,12.7,0.118,176.32999999999998,4.55,4769.0,1.05,1.75,9.15,7.674477364643306,1.9125010869241836,0.15792412210015058,7.892293655931007,1.780024213009634
HIP 57274 b,HIP 57274,2.839553935,0.19,1194.8,0.07,4510.0,0.19,0.2899999999999999,7.87,8.11982906020643,1.269760544863939,5.5671044442440465,2.2121350834053013,0.5766133643039938
HIP 57274 c,HIP 57274,14.2,0.05,580.711,0.178,4640.0,0.19,0.73,7.87,4.875197323201151,0.22234323114344062,3.3983749426625374,3.4974162394026984,0.5187937934151676
HIP 57274 d,HIP 57274,14.2,0.27,351.2,1.01,4640.0,0.19,0.73,7.87,5.126342101808226,0.2783890255401883,1.786851140168065,6.070044647230839,0.5187937934151676
HIP 5763 b,HIP 5763,14.2,0.054,583.48,0.1699999999999999,4352.0,-0.73999,0.7199999999999999,5.868999999999999,5.094317448296389,0.2707902047815628,2.9680764033788485,3.4344387154419573,0.5598317646107813
HIP 65 A b,HIP 65 A,22.75427,0.0,1411.0,0.01782,4590.0,-0.67799,0.7809999999999999,4.1,6.929700501437952,0.3920420877760237,6.495265555937008,0.6835883400644259,0.5447631747936875
HIP 65407 b,HIP 65407,14.3,0.14,640.258,0.177,5460.0,-0.18603,0.9300000000000002,7.516000000000001,4.920208929030499,0.22793206804600694,3.2584325869002044,3.371596911885865,0.6689835780190803
HIP 65407 c,HIP 65407,13.9,0.12,598.501,0.316,5460.0,-0.18603,0.9300000000000002,7.207000000000001,5.522175542457255,0.412109650826833,3.028881089477525,4.223909766576744,0.6689835780190803
HIP 67522 b,HIP 67522,9.9872018,0.064,1175.0,0.0748,5675.0,0.24304,1.22,0.017,4.282206299391671,0.33217731233833214,5.835067429260542,2.0743628041980706,0.8671004876833832
HIP 67522 c,HIP 67522,7.93595834,0.077,917.0,0.1228,5675.0,0.24304,1.22,0.017,3.8979240810486444,0.4259211166755467,4.892366141906779,2.730130754828666,0.8671004876833832
HIP 71135 b,HIP 71135,4.55,0.21,409.37,0.3350000000000001,4146.0,-0.908,0.6599999999999999,6.821000000000001,2.9856819377004897,0.7419373447293773,1.7207158149966653,4.479493577900089,0.5195649245885134
HIP 75092 b,HIP 75092,13.5,0.42,333.7,2.0200000000000005,4891.0,1.01995,1.2800000000000002,4.3,6.34548345182282,0.8197798314933114,1.807002940475126,6.83238497195736,1.7101878155342436
HIP 79431 b,HIP 79431,13.4,0.29,307.23999999999995,0.36,3191.0,-1.54921,0.49,4.266,6.504909238121134,0.924258901523332,0.8960038754594999,4.724729421045731,0.3911126018837639
HIP 8152 b,HIP 8152,2.53625843,0.0,794.96,0.0929999999999999,5618.0,-0.0804,0.9373,6.0,2.2925347571405443,1.3787660946990992,4.498697941477575,2.4639395347390614,0.6730975227542416
HIP 8152 c,HIP 8152,2.52442508,0.2,650.68,0.139,5618.0,-0.0804,0.9373,6.0,2.4595888418037104,1.5325568680981427,3.7111300630487563,3.025563854122125,0.6730975227542416
HIP 86221 b,HIP 86221,14.0,0.086,1466.4,0.031,5549.0,-0.07632,0.79,8.9527,5.423443018961046,0.37294191640260427,6.789779182969916,1.170622824644382,0.668536814587228
HIP 90988 b,HIP 90988,13.4,0.081,356.29,1.36,4883.0,0.88986,1.613,4.55,6.505896627050929,0.9282193027394289,1.6285926082648985,6.124110272645171,1.597365331199831
HIP 91258 b,HIP 91258,13.7,0.02,1077.48,0.06,5519.0,-0.222,0.97,2.4,5.850576733677796,0.5538851132264376,5.301427372154549,1.8001409132559703,0.636576829071551
HIP 94235 b,HIP 94235,3.0,0.32,1060.0,0.0787,5991.0,0.13759,1.094,0.118,5.940171252720432,1.269760544863939,5.394918076895845,2.1648227051765634,0.7323678937132266
HIP 9618 b,HIP 9618,3.82838127,0.0,640.88,0.1449999999999999,5649.0,-0.0716,0.942,5.6,2.2300144001592104,0.5933268452777344,3.720862499966987,3.08066414820994,0.6725872665945841
HIP 9618 c,HIP 9618,3.42855926,0.0,470.31,0.269,5649.0,-0.0716,0.942,5.6,2.0794415416798357,0.6931471805599453,2.541601993464546,3.980870292984938,0.6725872665945841
HIP 97166 b,HIP 97166,2.4801338,0.29,701.66,0.091,5216.0,-0.32514,0.9342,1.2,3.0007198150650303,2.061786606441115,2.309421670253034,2.423821182215137,0.6107433543051296
HIP 97166 c,HIP 97166,2.75,0.0,642.0,0.124,5216.0,-0.32514,0.9342,1.2,2.1972245773362196,1.1346227261911428,3.6445875954359153,2.8583075976423187,0.6107433543051296
HN Lib b,HN Lib,2.2,0.079,234.4,0.1417,3347.0,-1.99542,0.291,4.4,1.8656293177945105,1.3402504226184837,0.4074631107708374,3.614048143490933,0.2615947376884625
HR 810 b,HR 810,12.7,0.14,574.011,0.9200000000000002,6167.0,0.25309,1.34,2.72,7.58656827594972,1.8389610707123492,3.389686761438708,5.7163695572452795,0.7561219797213337
HR 858 b,HR 858,2.004,0.0,1552.0,0.04888,6354.0,0.36361,1.204,2.0,1.515127232962859,1.235471471385307,6.898411763978984,1.522852699169264,0.8144794657274703
HR 858 c,HR 858,1.979,0.0,1309.0,0.0687,6354.0,0.36361,1.204,2.0,1.5686159179138452,1.3609765531356006,6.240275845170769,1.9421695904521035,0.8144794657274703
HR 858 d,HR 858,2.001,0.0,1061.0,0.1046,6354.0,0.36361,1.204,2.0,2.0918640616783932,1.7749523509116738,5.384495062789089,2.5039337313282606,0.8144794657274703
HS Psc b,HS Psc,13.6,0.27,1629.984,0.0435,4203.0,-0.91364,0.69,0.133,6.14210078899794,0.6981347220709844,6.458837994686225,1.6066339851013662,0.5007752879124893
HU Aqr AB b,HU Aqr,12.8,0.0,248.93,3.6000000000000005,5952.0,-0.07632,0.8800000000000001,4.322000000000001,7.537002134713918,1.776645831418007,0.557862780373547,7.779466967458324,0.668536814587228
IRAS 04125+2902 b,IRAS 04125+2902,10.73820351,0.10038,854.0,0.077,4080.0,-0.33161,0.7,0.0033,4.404277243608702,0.30674913516900665,3.7476175917551626,2.285945214929522,0.8960880245566356
K2-10 b,K2-10,3.773,0.31,649.0,0.137,5533.0,-0.10088,0.8800000000000001,7.467,3.265759410767051,1.2119409739751128,3.763522997109702,3.010893262742945,0.6709015716126255
K2-100 b,K2-100,3.88,0.0,1841.0,0.0301,5945.0,0.24969,1.15,0.75,3.126760535960395,1.1118575154181303,7.557994958530806,0.9835393897712621,0.8064758658669486
K2-101 b,K2-101,2.0,0.1,618.0,0.1124,4927.0,-0.59482,0.8200000000000001,0.79,1.7334238922150915,1.4350845252893227,3.402989453863031,2.7521463752415793,0.5653138090500605
K2-102 b,K2-102,1.3,0.1,619.7,0.102,4695.0,-0.65738,0.77,0.79,1.1755733298042381,1.8870696490323797,3.319878978385794,2.3901943328946897,0.5364933705145685
K2-104 b,K2-104,1.79,0.09,798.0,0.0242,3712.0,-1.43415,0.51,0.79,1.5810384379124023,1.547562508716013,4.144720769547168,1.089973548636861,0.3920420877760237
K2-105 b,K2-105,3.4,0.0,805.0,0.0796,5373.0,-0.18892,0.94,0.6,2.797281334830153,1.1755733298042381,4.61512051684126,2.2264877587557055,0.6444820085786643
K2-107 b,K2-107,15.98,0.0,1649.0,0.0475,6061.0,0.46446,1.3,4.25,5.59090190226494,0.30010459245033805,7.181269471261679,1.4618560439811437,1.0331844833456545
K2-108 b,K2-108,5.33,0.18,1360.0,0.0581,5599.0,0.40539,1.17,7.8,4.100989104940769,1.169381359556317,6.637258031284457,1.746413193062837,1.0152306797290587
K2-11 b,K2-11,7.55,0.20004,734.0,0.2257,5433.0,-0.31039,1.35,2.7726999999999995,3.8155121050473024,0.44916296337388373,2.3832429960115,3.712050666058604,1.8164520818184267
K2-110 b,K2-110,2.592,0.13,638.0,0.10207,5010.0,-0.56708,0.738,8.0,2.827313621929028,1.7950872593207297,3.3568971227655755,2.6989253627696517,0.5382462193419828
K2-111 b,K2-111,1.82,0.1,1309.0,0.0565,5775.0,0.27875,0.8400000000000001,13.5,1.884034745337226,1.791759469228055,6.19644412779452,1.8487382373030399,0.8109302162163288
K2-111 c,K2-111,3.33,0.071,839.3130000000001,0.1156899999999999,5775.0,0.27875,0.8400000000000001,13.5,2.4915511925066687,0.9745596399981308,4.766584880081474,2.8142403725005134,0.8109302162163288
K2-113 b,K2-113,12.14,0.0,1098.0,0.0642,5660.0,0.0086,1.04,5.9,6.0185949176578015,1.0885619528146082,5.629023008274912,1.9195199714163687,0.8064758658669486
K2-114 b,K2-114,10.59248676,0.079,701.4,0.0944,4899.0,-0.4437,0.863,7.6,6.461210483888241,1.3762440252663892,3.713572066704308,2.516964834061027,0.6054082662519384
K2-115 b,K2-115,11.80305668,0.063,696.0,0.1415,5870.0,-0.10791,0.918,2.2,5.77457232504901,0.7275486072772778,3.0652256864158716,3.0574382587215663,0.6178846960593984
K2-116 b,K2-116,0.69,0.06,748.38,0.048,4348.35,-0.74639,0.694512,8.975,0.2287279296081104,1.667706820558076,4.377014092850337,1.7326127859721825,0.5124642804344992
K2-117 b,K2-117,2.03,0.06,868.0,0.0189,3778.0,-1.35655,0.54,5.921999999999999,1.7544036826842861,1.420695787837223,4.9890711161804155,0.8292502635522857,0.412109650826833
K2-117 c,K2-117,2.06,0.15,537.0,0.0492,3778.0,-1.35655,0.54,4.851,1.7749523509116738,1.4060969884160703,3.109060958860994,1.8631521034242213,0.412109650826833
K2-118 b,K2-118,2.54,0.2,372.96,0.245,4726.29,-0.56055,0.7564460000000001,5.616999999999999,2.0781907597781832,1.205970806988609,1.667706820558076,3.949721791807412,0.5507918282023497
K2-119 b,K2-119,2.53,0.07,666.0,0.0698,4740.0,-0.68533,0.76,3.682,2.0719132752590443,1.208960345836975,4.023564380161053,2.166454095752106,0.5364933705145685
K2-12 b,K2-12,2.44,0.5,1026.0,0.0792,5672.0,0.07181,0.965,8.9,1.8245492920510458,0.9555114450274365,5.225746673713202,2.2281265978758653,0.7499999921527281
K2-121 b,K2-121,7.16,0.22,716.0,0.0525,4526.0,-0.74531,0.71,6.697,3.9512437185814275,0.5306282510621704,4.151039905898646,1.822246319664027,0.5158131652770298
K2-122 b,K2-122,1.16,0.21,769.0,0.0373,4009.0,-1.10237,0.63,3.2245000000000004,0.9745596399981308,1.918392120161421,4.393213824064446,1.1691646590598266,0.46373401623214017
K2-123 b,K2-123,2.76,0.06,338.0,0.1649,4035.0,-1.14267,0.62,4.090999999999999,2.2027647577118348,1.1314021114911006,1.3609765531356006,3.464219879216474,0.46373401623214017
K2-124 b,K2-124,2.9,0.08,442.0,0.049,3570.0,-1.65919,0.39,3.84401,2.277267285009756,1.0885619528146082,2.272125885509337,2.0033230305156304,0.32786386208461277
K2-125 b,K2-125,2.18,0.08,327.867,0.121,3654.47,-1.64124,0.494727,3.556,1.8547342683894434,1.3506671834767394,1.0986122886681096,3.1245767497252332,0.3379347380729855
K2-126 b,K2-126,1.97,0.06,601.0,0.0656,4339.0,-0.87762,0.69,3.834000000000001,1.7119945007591926,1.449269160281279,3.591817741270805,2.126522507907068,0.5007752879124893
K2-127 b,K2-127,8.37,0.12,809.0,0.0411,4575.0,-0.25445,0.7199999999999999,6.917000000000002,3.9871304779149517,0.4027948795522855,4.669083511731744,1.5234797260989859,0.5068176023684519
K2-128 b,K2-128,1.42,0.23,765.352,0.056,4469.51,-0.82159,0.711248,5.942200000000001,1.2809338454620645,1.790091412127358,4.2456340097683265,1.898491893388911,0.5752467005072387
K2-129 b,K2-129,1.04,0.13,385.42,0.057,3459.09,-1.82842,0.360031,4.654,0.7514160886839212,1.8671761085128091,1.7047480922384253,2.223487014018302,0.3074920526621044
K2-13 b,K2-13,1.89,0.0,511.0,0.2114,5698.0,-0.13534,0.8,2.289,1.6544112780768316,1.4906543764441333,3.169685580677429,3.711493811065353,0.5766133643039938
K2-130 b,K2-130,1.25,0.17,912.178,0.032,4356.47,-0.79892,0.69563,3.5875,1.1314021114911006,1.9329696377795786,4.922896379788249,1.2510815557128299,0.5563309702527541
K2-131 b,K2-131,1.69,0.0,2223.0,0.00936,5120.0,-0.47906,0.8030000000000002,5.3,2.186051276738094,2.2823823856765264,8.31164394850298,0.314302435492783,0.5650296777795027
K2-132 b,K2-132,14.5717,0.29,1586.0,0.0916,4840.0,0.94349,1.08,8.5,5.054567327428345,0.24451357705040225,5.684851067737312,2.3199435592901922,1.578978704949392
K2-133 b,K2-133,1.34,0.0347,714.08,0.03194,3655.0,-1.47886,0.4610000000000001,5.869,1.2119409739751128,1.8547342683894434,3.819307600804713,1.4039697273998966,0.37500590062345585
K2-133 c,K2-133,1.603,0.0364,588.1,0.04341,3655.0,-1.47886,0.4610000000000001,4.7,1.4350845252893227,1.6620303625532709,3.1802386714810047,1.7694865933786628,0.37500590062345585
K2-133 d,K2-133,2.003,0.117,734.0,0.07487,3655.0,-1.47886,0.4610000000000001,2.841,1.7351891177396608,1.4327007339340463,3.898433079276112,2.4869495616218824,0.37500590062345585
K2-133 e,K2-133,1.73,0.0956999999999999,296.0,0.1346,3655.0,-1.47886,0.4610000000000001,4.77,1.534714366238164,1.5810384379124023,1.0296194171811583,3.317239519764734,0.37500590062345585
K2-136 b,K2-136,1.014,0.14,610.0,0.0707,4500.0,-0.7765,0.742,0.65,1.667706820558076,3.2188758248682006,3.5409593240373143,2.194465218248618,0.5170064828410719
K2-136 c,K2-136,3.0,0.047,470.0,0.1185,4500.0,-0.7765,0.742,0.65,2.9496883350525844,1.545432582458188,2.558002204858551,2.90729060145253,0.5170064828410719
K2-136 d,K2-136,1.565,0.071,420.0,0.1538,4500.0,-0.7765,0.742,0.65,1.3862943611198906,1.667706820558076,2.0881534822818573,3.2799709242280115,0.5170064828410719
K2-137 b,K2-137,0.64,0.0,1471.0,0.0058,3697.0,-1.48388,0.4629999999999999,4.6850000000000005,5.074642424070548,1.269760544863939,6.588302709359418,0.16527627452557042,0.2546422183735807
K2-138 b,K2-138,1.51,0.048,1157.0,0.03385,5356.3,-0.28654,0.9350000000000002,2.8,1.410986973710262,1.7749523509116738,6.18826412308259,1.2098823087582184,0.6221880916194514
K2-138 c,K2-138,2.299,0.045,1012.0,0.04461,5356.3,-0.28654,0.9350000000000002,2.8,1.9892432737616872,1.33500106673234,5.634789603169249,1.5173313954176462,0.6221880916194514
K2-138 d,K2-138,2.39,0.043,888.0,0.05893,5356.3,-0.28654,0.9350000000000002,2.8,2.188295946591918,1.410986973710262,5.081404364984463,1.8570461479259501,0.6221880916194514
K2-138 e,K2-138,3.39,0.077,757.0,0.0782,5356.3,-0.28654,0.9350000000000002,2.8,2.6369121732688705,1.0296194171811583,4.522874943261261,2.225861703616501,0.6221880916194514
K2-138 f,K2-138,2.904,0.062,653.0,0.10447,5356.3,-0.28654,0.9350000000000002,2.8,0.9669838461896731,0.33647223662121295,3.9512437185814275,2.6215899449448643,0.6221880916194514
K2-138 g,K2-138,3.013,0.059,445.0,0.23109,5356.3,-0.28654,0.9350000000000002,2.8,1.6714733033535532,0.6418538861723948,2.331172549845958,3.7604549544089094,0.6221880916194514
K2-139 b,K2-139,9.11,0.12,524.0,0.1796,5370.0,-0.29948,0.96,1.8,4.8202832591519895,0.6471032420585385,2.754266555939453,3.380335239278043,0.6312717768418579
K2-14 b,K2-14,4.81,0.14,488.0,0.0627,3789.0,-0.96847,0.4699999999999999,5.8496,3.077312260546414,0.7030975114131134,2.1972245773362196,2.2373017612205497,0.37156355643248307
K2-140 b,K2-140,13.56286665,0.0,962.0,0.068,5585.0,-0.04915,0.96,9.8,5.69231840766603,0.5068176023684519,5.3230099791384085,2.0240857961742034,0.7227059828014898
K2-141 b,K2-141,1.51,0.0,2103.0,0.00747,4570.0,-0.75,0.708,6.3,1.7867469274045107,2.189416394888408,8.089789175789319,0.2471134833216677,0.5193888544264786
K2-141 c,K2-141,7.0,0.092,695.0,0.0683,4570.0,-0.75,0.708,6.3,2.1972245773362196,0.07788653865707122,3.6913763343125234,2.1688822571025375,0.5193888544264786
K2-146 b,K2-146,2.05,0.129,534.0,0.0248,3385.0,-1.82391,0.331,5.0,1.9125010869241836,1.545432582458188,3.077312260546414,1.2932466200698178,0.2851789422336624
K2-146 c,K2-146,2.19,0.075,500.476,0.0327,3385.0,-1.82391,0.331,5.0,2.138889000323256,1.5933085305042167,2.481443521041665,1.6104334167552037,0.2851789422336624
K2-147 b,K2-147,1.47286006,0.38,1077.0,0.01575,3690.0,-1.25181,0.563,3.397,1.3270750014599193,1.7509374747077997,5.303802296778606,0.6739332699360935,0.4561582224236825
K2-148 b,K2-148,1.33,0.045,741.28,0.0454,4079.0,-0.99568,0.65,4.2747,1.2029723039923526,1.8625285401162623,3.9080149840306073,1.6834223055236728,0.4898062565419153
K2-148 c,K2-148,1.73,0.0632,620.4,0.0616,4079.0,-0.99568,0.65,5.121,1.534714366238164,1.5810384379124023,3.3141860046725258,2.0697194347815997,0.4898062565419153
K2-148 d,K2-148,1.64,0.0240379999999999,533.316,0.0774,4079.0,-0.99568,0.65,5.247000000000001,1.4655675420143985,1.6389967146756448,2.8791984572980396,2.3756403683997798,0.4898062565419153
K2-149 b,K2-149,1.64,0.1038999999999999,444.56000000000006,0.083,3745.0,-1.3098,0.595,3.561,1.4655675420143985,1.6389967146756448,2.0794415416798357,2.512197510023904,0.4498009219282161
K2-15 b,K2-15,2.48,0.0,676.0,0.091,5131.0,-0.45314,0.7199999999999999,4.886,2.0425181875752383,1.2296405510745139,3.8918202981106265,2.5502573410261298,0.5187937934151676
K2-150 b,K2-150,2.0,0.07886,425.1,0.0727,3499.0,-1.58503,0.4569999999999999,5.475,1.7334238922150915,1.4350845252893227,1.7749523509116738,2.450450634080716,0.36186147062603247
K2-151 b,K2-151,1.49,0.02,566.0,0.0373,3695.0,-1.55284,0.4699999999999999,4.512,1.3428648031925547,1.7404661748405044,3.0819099697950434,1.5759795728702464,0.37156355643248307
K2-152 b,K2-152,2.29,0.0289999999999999,337.0,0.1716,4044.0,-1.06048,0.63,3.886,1.925707441737794,1.3029127521808397,1.3609765531356006,3.515950647011087,0.4762341789963716
K2-153 b,K2-153,2.0,0.039,497.0,0.0614,3845.0,-1.36653,0.55,3.4529999999999994,1.7334238922150915,1.4350845252893227,2.5494451709255714,2.141916215799542,0.4252677354043441
K2-154 b,K2-154,1.99,0.0609,715.0,0.0405,4097.0,-1.01773,0.65,5.2780000000000005,1.7263316639055994,1.4398351280479205,4.069026754237811,1.5424986451435831,0.48858001481867097
K2-154 c,K2-154,2.07,0.0708999999999999,552.0,0.0677,4097.0,-1.01773,0.65,5.47,1.7817091333745536,1.4011829736136412,3.068052935133617,2.192196401666291,0.48858001481867097
K2-155 b,K2-155,1.8,0.0248,708.0,0.0562,4258.0,-1.22915,0.65,2.899,1.587192303486781,1.541159071680806,3.039749158970765,1.9936112850746426,0.4574248470388754
K2-155 c,K2-155,2.6,0.0633,583.0,0.0946,4258.0,-1.22915,0.65,2.547,2.1126345090356,1.184789984909162,2.0794415416798357,2.6979998652487085,0.4574248470388754
K2-155 d,K2-155,1.9,0.0198,381.0,0.1936999999999999,4258.0,-1.22915,0.65,2.377,1.6620303625532709,1.4861396960896067,0.9820784724121581,3.730932690344936,0.4574248470388754
K2-156 b,K2-156,1.1,0.05,1347.0,0.0149,4460.0,-0.83803,0.6599999999999999,4.470999999999999,0.8628899551470399,1.8961194845522977,6.4073363291725425,0.5950618034554216,0.4824261492442927
K2-157 c,K2-157,6.08,0.2,587.0,0.165,5334.0,-0.2102,0.89,8.8,3.459466289786131,0.5613286059390974,3.1633631149379418,3.2936864072763763,0.6205764877251099
K2-157 d,K2-157,5.16,0.5,429.1,0.309,5334.0,-0.2102,0.89,8.8,3.190476350346503,0.6585557357903262,2.0095554142156695,4.212127597878484,0.6205764877251099
K2-158 b,K2-158,2.64,0.0,794.0,0.0887,5503.0,-0.16298,0.9200000000000002,4.785,2.135349173618132,1.172482137234565,4.422022350151476,2.4033792989102727,0.6678293725756554
K2-158 c,K2-158,1.28,0.0,948.0,0.0622,5503.0,-0.16298,0.9200000000000002,4.536,1.1568811967920856,1.9035989509835904,5.167841447942011,1.9319256777027483,0.6678293725756554
K2-159 b,K2-159,2.26,0.0,684.0,0.1013,5425.0,-0.29599,0.9,4.773999999999999,1.9065751436566365,1.3164082336557241,3.9802672678139985,2.596898876956348,0.6043159668533296
K2-16 b,K2-16,2.02,0.021532,658.0,0.0667,4742.0,-0.76082,0.6800000000000002,7.334000000000001,1.747459210331475,1.425515074273172,3.817712325956905,2.153945863847941,0.5068176023684519
K2-16 c,K2-16,2.54,0.09719,485.0,0.1229,4742.0,-0.76082,0.6800000000000002,4.662,2.0781907597781832,1.205970806988609,2.6461747973841225,2.999656065404321,0.5068176023684519
K2-160 b,K2-160,3.17824034,0.003,1021.2,0.102,5649.0,-0.13676,0.982829,1.3634,2.4159137783010487,1.0116009116784799,5.3295579625607425,1.5488108781147556,0.6490667581247374
K2-161 b,K2-161,6.11721229,0.096,1114.255,0.102,4972.0,0.91922,0.986876,9.245,3.4688560301359703,0.5579000311519196,5.91920347770247,2.330510328682282,1.2720537000894134
K2-162 b,K2-162,1.44,0.0444,631.0,0.0795,4842.0,-0.65691,0.75,5.508699999999999,1.3001916620664788,1.776645831418007,3.3416170199671504,2.3474523344589606,0.5247285289349821
K2-163 b,K2-163,2.46610713,0.007,742.144,0.102,4937.0,-0.54141,0.826112,2.425,2.0347056478384444,1.235471471385307,4.007038613549232,2.03772292135244,0.5665635959228089
K2-164 b,K2-164,3.24925008,0.0676,1138.1,0.102,5791.0,0.59002,1.1808940000000003,6.163,2.451005098112319,0.9932517730102834,5.71618833436111,2.9099056126928096,1.1619216171578373
K2-165 b,K2-165,1.27443657,0.0237999999999999,999.58,0.102,5185.0,-0.36982,0.8348469999999999,5.434,1.1537315878891892,1.9110228900548727,5.209576426713132,1.2104493859200571,0.5899105190374897
K2-165 c,K2-165,1.55409035,0.008,913.7,0.102,5185.0,-0.36982,0.8348469999999999,6.124999999999999,1.3937663759585917,1.6937790608678513,4.807097227187933,1.6831984671024989,0.5899105190374897
K2-165 d,K2-165,2.64809498,0.0,629.38,0.102,5185.0,-0.36982,0.8348469999999999,5.432999999999999,2.1400661634962708,1.169381359556317,3.6397391036364355,2.7147848722095245,0.5899105190374897
K2-166 b,K2-166,2.19,0.088,1140.0,0.0858,5960.0,0.45848,1.16,5.562800000000001,1.860974538249528,1.3454723665996355,5.970827455298442,2.254124624469031,0.9593502213346021
K2-167 b,K2-167,2.36509493,0.48,1220.0,0.0932,6310.0,0.50651,1.084,5.3,2.0149030205422647,1.3532545070416904,5.762051382780177,2.3959425492923994,0.9158906518528154
K2-168 b,K2-168,1.86,0.0,766.35,0.102,5502.7,-0.17649,0.877,3.809,1.6331544390514163,1.5085119938441398,4.1497671915395475,2.8244871459996164,0.6043159668533296
K2-169 b,K2-169,1.27328671,0.0,935.4,0.102,5548.0,-0.16063,0.986144,0.9412,1.1505720275988207,1.9095425048844383,4.9910895505519965,1.9988824402813408,0.6518318351955065
K2-17 b,K2-17,2.23,0.18,487.0,0.119,4320.0,-0.9966,0.71,3.679,1.8870696490323797,1.3270750014599193,1.776645831418007,2.942728569881669,0.5068176023684519
K2-170 b,K2-170,1.41817537,0.0,913.132,0.102,5748.0,0.0717,0.963657,4.043,1.2809338454620645,1.7934247485471162,5.094938532741402,2.1490310351524897,0.6839116641660372
K2-170 c,K2-170,1.8017647,0.0,786.8,0.102,5748.0,0.0717,0.963657,3.922,1.589235205116581,1.5390154481375546,4.490956027254631,2.595258214413401,0.6839116641660372
K2-171 b,K2-171,2.68657205,0.1586,1324.886,0.102,5250.0,0.51583,0.8915870000000001,10.02,2.162172939277301,1.1568811967920856,6.234706941491942,1.891373404877994,0.9996968845120071
K2-172 b,K2-172,1.66608079,0.0,752.9350000000001,0.102,5569.0,-0.20215,0.934356,1.927,1.4861396960896067,1.6213664832993742,4.289229959635975,2.728959470745769,0.6253441366616129
K2-172 c,K2-172,3.20569097,0.0,539.9,0.102,5569.0,-0.20215,0.934356,1.94,2.4336133554004498,1.0043016091968684,3.1839346594183353,3.421876095670512,0.6253441366616129
K2-173 b,K2-173,1.60826194,0.0185,907.14,0.102,5580.0,-0.05981,0.881538,7.860999999999999,1.4398351280479205,1.6582280766035324,4.83095721301883,1.9269747142104734,0.6114782346107918
K2-174 b,K2-174,2.6,0.014,455.0,0.126,4455.0,-0.77269,0.7,2.264,2.1126345090356,1.184789984909162,2.4811914235405195,3.0234596424633047,0.5164100020598913
K2-175 b,K2-175,2.03803688,0.0069,1024.799,0.102,5909.0,0.41926,1.094693,6.487,1.75958057086382,1.415853163361435,5.441390918398541,2.3538472468967364,0.8837832425246512
K2-176 b,K2-176,1.49090097,0.0,908.7,0.102,5428.0,-0.34794,0.938545,2.864,1.3428648031925547,1.7387102481382395,4.948902776339446,1.8452116066361879,0.622810549489494
K2-177 b,K2-177,2.1162048,0.047,941.9,0.102,6063.0,0.34158,1.210525,3.1979999999999995,1.81319474994812,1.3787660946990992,5.1560658523736205,2.718342717627605,0.794604338017548
K2-178 b,K2-178,3.55790985,0.0788,840.29,0.102,5525.0,-0.28382,0.95109,2.036,2.5952547069568657,0.9202827531436926,4.77766023820209,2.277043465092152,0.6351297508126318
K2-179 b,K2-179,2.51267885,0.0106,787.1,0.102,5015.0,-0.52287,0.824345,5.54,2.061786606441115,1.2178757094949273,4.410369840552501,1.8200538802307746,0.569886859425021
K2-18 b,K2-18,2.37,0.2,284.0,0.1429,3457.0,-1.59688,0.359,2.016,2.2945529212967815,1.631199404215613,0.6956440607585325,3.5245831519070276,0.34429867287067695
K2-18 c,K2-18,2.65,0.47,363.0,0.06,3457.0,-1.59688,0.359,3.261,2.1412419425852827,1.169381359556317,1.5694172617466866,2.2987778546510915,0.34429867287067695
K2-180 b,K2-180,2.46597575,0.075,797.5,0.0756,5365.0,-0.41341,0.7350000000000001,7.5,2.518505807108228,1.6409365794934714,3.8979240810486444,2.2890603445147994,0.5417427264007122
K2-181 b,K2-181,2.69,0.4,949.0,0.0706,5528.0,-0.01252,0.96,5.9,2.1633230256605382,1.1537315878891892,5.262690188904886,2.0661156450094182,0.7227059828014898
K2-182 b,K2-182,2.71257333,0.071,965.8,0.05174,5128.0,-0.41117,0.823,6.2,3.0899816572766863,1.9021075263969205,4.996536369716754,1.7469311266689682,0.5816568045265821
K2-183 b,K2-183,1.1,0.0073999999999999,1619.3,0.102,5482.0,-0.13179,0.942219,2.558,0.8628899551470399,1.8961194845522977,7.018522889354321,0.38477588790461786,0.6259384308664953
K2-183 c,K2-183,2.3,0.0,787.0,0.0932,5482.0,-0.13179,0.942219,2.6059999999999994,1.9315214116032138,1.297463147413275,4.411883752152993,2.4670813862189576,0.6259384308664953
K2-183 d,K2-183,2.3,0.0,615.0,0.1527,5482.0,-0.13179,0.942219,2.7429999999999994,1.9315214116032138,1.297463147413275,3.562931272764562,3.1621083745920373,0.6259384308664953
K2-184 b,K2-184,1.47,0.0,533.0,0.1685,5245.0,-0.39912,0.8400000000000001,4.148000000000001,1.324418957401803,1.752672080520008,3.12019004919675,2.8891493555111536,0.5596157879354227
K2-185 b,K2-185,1.15,0.0,809.0,0.102,5788.0,-0.09029,0.96,3.945,0.9555114450274365,1.9139771019523042,4.607916722407216,2.4524165153872812,0.6626879730752367
K2-185 c,K2-185,2.39,0.0,477.0,0.102,5788.0,-0.09029,0.96,3.525,1.9878743481543455,1.264126727145683,2.7451157352899873,3.9836642548642534,0.6626879730752367
K2-186 b,K2-186,3.17207779,0.0,634.2,0.102,5784.0,0.0504,1.018617,4.184,2.4159137783010487,1.0152306797290587,3.6125146816465517,3.7488972801023084,0.6835159487892493
K2-187 b,K2-187,1.2,0.0,1815.0,0.0164,5438.0,-0.19607,0.9669990000000002,1.501,1.0543120297715298,1.9387416595767009,7.607342431032366,0.5732425208500795,0.6043159668533296
K2-187 c,K2-187,1.4,0.0,1173.0,0.0392,5438.0,-0.19607,0.9669990000000002,1.5630000000000002,1.264126727145683,1.8066480817218056,6.011887308712339,1.3536451284136461,0.6043159668533296
K2-187 d,K2-187,2.4,0.0,865.0,0.072,5438.0,-0.19607,0.9669990000000002,1.752,1.9947003132247452,1.2584609896100059,4.863014106345901,2.0979668830052507,0.6043159668533296
K2-187 e,K2-187,1.9,0.0,698.0,0.1106,5438.0,-0.19607,0.9669990000000002,1.469,1.6620303625532709,1.4861396960896067,4.08011227401763,2.681475466764713,0.6043159668533296
K2-188 b,K2-188,1.35,0.0,1692.0,0.0289,5977.0,0.21087,1.06,3.902,1.2208299213923592,1.8468787684491346,7.512072370740812,1.0087492130847449,0.7839015438284094
K2-188 c,K2-188,2.83,0.029,1026.0,0.0785,5977.0,0.21087,1.06,4.391,2.2407096892759584,1.1118575154181303,5.445132636491427,2.1759161569023813,0.7839015438284094
K2-189 b,K2-189,1.403,0.0859,1203.0,0.0361,5442.0,-0.21855,0.8500000000000001,7.403,1.2669476034873244,1.803358605071407,6.210600077024653,1.2776283884533377,0.6307397204313283
K2-189 c,K2-189,2.31,0.0,877.0,0.068,5442.0,-0.21855,0.8500000000000001,3.936,1.9387416595767009,1.2947271675944,4.948759890378168,2.0385310015728693,0.6307397204313283
K2-19 b,K2-19,7.0,0.2,779.0,0.074,5322.0,-0.29196,0.8800000000000001,8.0,3.5085558999826545,0.41871033485818504,4.477336814478207,2.18854255295337,0.598836501088704
K2-19 c,K2-19,4.1,0.21,679.0,0.0971,5322.0,-0.29196,0.8800000000000001,8.0,2.468099531471619,0.6259384308664953,3.9512437185814275,2.5571730463294142,0.598836501088704
K2-190 b,K2-190,1.35673729,0.0,776.7,0.102,5631.0,-0.06781,0.904597,3.824,1.2267122912954256,1.840549633397487,4.467720159859326,2.4068422201425985,0.6482575494113835
K2-190 c,K2-190,1.09308317,0.0,622.3,0.102,5631.0,-0.06781,0.904597,3.555,0.8501509293696101,1.8931119634883424,3.648389172312478,3.116799820404183,0.6482575494113835
K2-191 b,K2-191,1.57889322,0.0073999999999999,971.0,0.102,5176.0,-0.34502,0.900994,3.103,1.415853163361435,1.6789639750827106,5.1044305730466,1.3503163447379534,0.6096003405796933
K2-192 b,K2-192,1.52,0.0,939.0,0.049,5222.0,-0.36021,0.9,3.314,1.366091653802371,1.7173950539391927,5.234609785861101,1.6414823607603344,0.5933268452777344
K2-193 b,K2-193,3.95,0.0,739.0,0.1184,5817.0,-0.07572,1.01,3.716,2.760009940032921,0.8415671856782186,4.064014759073296,2.759179785423332,0.6830968447064438
K2-194 b,K2-194,3.64229858,0.02,680.0,0.102,5979.0,0.36302,1.110086,5.623,2.631888840136646,0.9042181506398859,3.669126979133305,3.706753408991105,0.824664358515381
K2-195 b,K2-195,3.13,0.1193,720.0,0.1208,5713.0,-0.01196,0.94,6.533,2.3942522815198695,1.0224509277025458,3.877412989459504,2.824527199077367,0.688134638736401
K2-195 c,K2-195,2.57581891,0.0,612.3,0.102,5712.0,-0.01196,0.963364,3.224,2.0992441689760155,1.1939224684724346,3.3716805723009173,3.3838065676048257,0.6451993365392711
K2-196 b,K2-196,3.59970536,0.022,710.8,0.102,6045.0,0.64355,1.162095,4.6728000000000005,2.6100697927420065,0.9082585601768908,4.053026265638059,3.8984152788496678,0.9316919223369762
K2-197 b,K2-197,2.56,0.0,848.0,0.0806,5667.0,-0.11379,1.0,1.7795,2.089391872533004,1.199964782928397,4.8627520369288,2.236218875970779,0.6575200029167942
K2-198 b,K2-198,4.189,0.0,715.8,0.102,5212.9,-0.40084,0.799,3.647,2.8507065015037334,0.7975071958841881,3.971887528690803,2.8927504986699035,0.5636078092049601
K2-198 c,K2-198,1.423,0.0233999999999999,1229.9,0.102,5212.9,-0.40084,0.799,5.162,1.2837077723447896,1.7884205679625405,5.7508156460654245,1.4723815716158553,0.5636078092049601
K2-198 d,K2-198,2.438,0.0996,943.2,0.102,5212.9,-0.40084,0.799,5.544,2.017566137961748,1.244154593958768,4.89757273546246,2.134168536041445,0.5636078092049601
K2-199 b,K2-199,1.73,0.02,913.0,0.0382,4491.0,-0.73283,0.7109999999999999,5.04,2.066862759472976,2.1041341542702074,4.763881877142913,1.4411137652191943,0.5199835615507563
K2-199 c,K2-199,2.85,0.03,694.0,0.0662,4491.0,-0.73283,0.7109999999999999,5.04,2.5952547069568657,1.3609765531356006,3.6788291182604347,2.125190144511457,0.5199835615507563
K2-200 b,K2-200,1.3643987,0.0073999999999999,971.1,0.102,5233.0,-0.4288,0.860208,1.971,1.2325602611778486,1.8341801851120072,5.0958902886230835,1.3480427582275296,0.5831849822712998
K2-201 b,K2-201,1.40006712,0.0073999999999999,1327.626,0.102,5507.0,-0.27594,0.956055,1.398,1.264126727145683,1.8066480817218056,6.220128909192806,0.7226040358575038,0.6302931066109752
K2-201 c,K2-201,3.28568401,0.0,660.4480000000001,0.102,5507.0,-0.27594,0.956055,0.912,2.468099531471619,0.9820784724121581,3.5957780537585067,3.168839760887827,0.6302931066109752
K2-2016-BLG-0005L b,K2-2016-BLG-0005L,13.7,0.1495120999999999,71.34,4.16,5549.0,-0.07632,0.5840000000000001,7.3024,5.859678053261759,0.5579000311519196,0.018664996916212036,8.45553053102413,0.668536814587228
K2-202 b,K2-202,2.30165603,0.0143,932.4,0.102,5491.0,-0.33519,0.971461,2.9146,1.9329696377795786,1.297463147413275,5.066439671580225,1.4827774891150853,0.6474618165064919
K2-203 b,K2-203,1.26549392,0.23,738.4,0.0824,5026.0,-0.47237,0.793,6.9,1.144222799920162,1.916922612182061,4.078158822321644,2.3697950426867758,0.5681506903852601
K2-204 b,K2-204,3.17214154,0.28,1148.0,0.0738,5783.0,0.19866,1.076,6.5,2.4159137783010487,1.0152306797290587,5.694409097728744,2.0864057352914687,0.8122626614501074
K2-205 b,K2-205,1.99552771,0.0,730.735,0.102,5890.0,0.19406,0.9510269999999998,5.670999999999999,1.7298840655099674,1.43746264769429,4.419957036022447,3.320430575781666,0.7312008668483573
K2-206 b,K2-206,2.79522879,0.0773,639.11,0.102,5043.0,-0.43502,0.7894810000000001,6.378,2.2213750375685026,1.1216775615991057,3.3803294104235704,2.9598226207853373,0.5642029650184973
K2-207 b,K2-207,2.60585269,0.0714,679.268,0.102,5522.0,-0.17314,0.941851,6.197,2.1162555148025524,1.184789984909162,3.961250997376949,2.601762589156731,0.656565143038088
K2-208 b,K2-208,1.67462172,0.37,1122.0,0.04878,5500.0,-0.20135,0.881,6.1,1.4929040961781488,1.617406082083277,5.756220976250201,1.646920577595104,0.6270073780554003
K2-209 b,K2-209,0.86850263,0.0184,1004.3,0.102,4720.0,-0.58815,0.7447899999999998,6.396999999999999,0.46121512321265623,1.7783364488959144,5.166045632603214,1.1251292523776941,0.5378754559300404
K2-21 b,K2-21,1.84,0.1,500.0,0.076,4222.06,-0.98492,0.6760229999999999,1.0,1.617406082083277,1.308332819650179,2.3978952727983707,2.334571819227733,0.49882368780956443
K2-21 c,K2-21,2.49,0.21,420.0,0.107,4222.06,-0.98492,0.6760229999999999,1.0,2.048982334195127,1.8562979903656263,1.8082887711792655,2.8034767377731757,0.49882368780956443
K2-210 b,K2-210,0.86,0.0073999999999999,1668.5,0.102,5500.0,-0.24869,0.911717,2.978,0.4485245975686113,1.7732559976634952,7.709335988887615,0.4512221054458928,0.636576829071551
K2-211 b,K2-211,1.33162691,0.19,1873.0,0.01419,5117.0,-0.383,0.851,6.5,1.2029723039923526,1.8594181177018698,7.716463840994891,0.5125607176196745,0.597736995755287
K2-212 b,K2-212,2.65,0.0017,542.0,0.0785,4349.0,-0.90958,0.622,5.924999999999999,2.1412419425852827,1.169381359556317,3.13392777230539,2.3791429973258955,0.5176026080450145
K2-213 b,K2-213,1.51398464,0.0097,1065.499,0.102,5794.0,0.24679,1.069596,5.868,1.3609765531356006,1.7209792871670078,5.48697077785836,2.211660980318966,0.7903827782842243
K2-214 b,K2-214,2.51,0.0,1001.0,0.0834,5875.0,0.19579,1.03,4.574,2.060513531794317,1.2178757094949273,5.476463551931511,2.2614047009237273,0.8046885552928527
K2-215 b,K2-215,2.12381238,0.0,856.0,0.102,5704.0,-0.02639,0.9999869999999998,4.075,1.8180767775454285,1.3762440252663892,4.759927212941049,2.226745406904276,0.6802635417624542
K2-216 b,K2-216,1.75,0.0,1103.0,0.028,4503.0,-0.72125,0.7,7.291499999999999,2.1972245773362196,2.2192034840549946,5.517452896464707,1.1552446382345833,0.5423242908253616
K2-217 b,K2-217,3.57854073,0.0399,920.4,0.102,5967.0,0.23239,1.102661,5.58,2.6026896854443837,0.9162907318741551,5.0675124899309285,2.7130061666586807,0.8474627039426152
K2-218 b,K2-218,2.56948149,0.003,903.8,0.102,5757.0,-0.00284,1.047488,2.405,2.0955609235597192,1.1969481893889715,4.899357407134326,2.2700500210526267,0.6972542350535452
K2-219 b,K2-219,1.34762583,0.0073999999999999,1238.026,0.102,5753.0,0.15097,1.021545,5.705,1.2178757094949273,1.8468787684491346,6.134718979742233,1.5894978236905288,0.7835507973925625
K2-219 c,K2-219,1.43839723,0.0364,1120.5,0.102,5753.0,0.15097,1.021545,6.5920000000000005,1.297463147413275,1.776645831418007,5.534748475846056,2.037012788263583,0.7835507973925625
K2-219 d,K2-219,2.57634456,0.02,899.4,0.102,5753.0,0.15097,1.021545,6.920999999999999,2.0992441689760155,1.1939224684724346,5.067116293374475,2.4962815430279264,0.7835507973925625
K2-22 b,K2-22,2.3,0.19,2100.0,0.009,3879.0,-1.0744,0.595292,2.638,6.100233746596463,1.269760544863939,4.74493212836325,0.3228607332762999,0.4574248470388754
K2-220 b,K2-220,2.37,0.0109,761.0,0.1104,5612.0,-0.06106,0.91,6.856999999999999,1.9754689512968577,1.269760544863939,4.390738575275903,2.686612718157498,0.7060634058264916
K2-221 b,K2-221,1.67890272,0.0073999999999999,1177.216,0.102,5716.0,-0.06367,1.010842,3.835,1.4951487660319727,1.6134299337036377,5.758676432796416,1.2235089255242848,0.6665973318738226
K2-222 b,K2-222,2.35,0.16,871.0,0.1206,5942.0,0.13852,0.989,7.1,2.272125885509337,1.5432981099295553,4.574710978503383,2.7965841406272345,0.7490548124982412
K2-223 b,K2-223,0.89,0.0,2271.0,0.0127,5859.0,-0.03543,1.06,2.2127000000000003,0.49469624183610705,1.790091412127358,8.279866542834716,0.4091715640394084,0.6931471805599453
K2-223 c,K2-223,1.5,0.0,1091.0,0.0548999999999999,5859.0,-0.03543,1.06,2.1237000000000004,1.3506671834767394,1.7334238922150915,5.82709766433627,1.7160559171210865,0.6931471805599453
K2-224 b,K2-224,1.56,0.0,1002.0,0.0516,5620.0,-0.24102,0.91,2.2363,1.3987168811184478,1.6882490928583902,5.429698793039701,1.7009299031319292,0.6097655716208943
K2-224 c,K2-224,2.41,0.0,764.0,0.0886,5620.0,-0.24102,0.91,2.9093,2.0001277349601105,1.2556160374777745,4.3640556733480595,2.4064846419595645,0.6097655716208943
K2-225 b,K2-225,3.60929179,0.23,923.0,0.1409,5520.0,0.38202,1.482,0.0121,2.617395832834079,0.9082585601768908,4.962262122780338,2.825673223957228,0.9932517730102834
K2-226 b,K2-226,1.53899305,0.22,1187.0,0.04095,5288.0,-0.25337,0.856,9.6,1.3812818192963463,1.7029282555214393,5.865268344168665,1.4518690639857068,0.6360475885193725
K2-227 b,K2-227,1.66551298,0.0,770.5,0.102,5673.0,-0.16664,0.950811,2.913,1.4838746894587547,1.6213664832993742,4.2321628405134275,2.682515754268804,0.6369291479523456
K2-228 b,K2-228,1.21,0.006,914.0,0.0338,4715.0,-0.84881,0.71,7.075500000000001,1.0715836162801904,1.9401794743463283,4.837913689565035,1.3078678467021452,0.5007752879124893
K2-229 b,K2-229,1.0,0.0,1818.0,0.0131,5315.0,-0.38869,0.87,5.4,1.2669476034873244,2.151762203259462,7.736743682453495,0.4600896477319221,0.5822156198526637
K2-229 c,K2-229,2.03,0.0,750.0,0.0769,5315.0,-0.38869,0.87,5.4,2.0794415416798357,1.8082887711792655,4.204692619390966,2.2329423675405953,0.5822156198526637
K2-230 b,K2-230,1.96,0.0348,1529.0,0.0409,5945.0,0.31741,1.11,6.612,1.7047480922384253,1.4539530095937054,7.062081683210032,1.3507733954526282,0.8712933659434192
K2-231 b,K2-231,2.5,0.0,756.636,0.102,5695.0,-0.11208,1.01,3.0,2.0541237336955462,1.2208299213923592,4.256786244011911,2.697454329265623,0.6678293725756554
K2-232 b,K2-232,11.209,0.258,1030.0,0.10356,6154.0,0.23805,1.188,1.43,4.848087658304106,0.3400373027857091,5.746698275633032,2.4988468652405733,0.770571077524749
K2-233 b,K2-233,1.315,0.0,1127.0,0.03293,4796.0,-0.52288,0.79,0.36,1.2237754316221157,1.9021075263969205,5.598421958998375,1.2434578094740878,0.5364933705145685
K2-233 c,K2-233,1.272,0.0,794.0,0.0664,4796.0,-0.52288,0.79,0.36,1.7227665977411035,2.5952547069568657,4.207673247529104,2.0869433327501588,0.5364933705145685
K2-233 d,K2-233,2.363,0.18,525.0,0.1516,4796.0,-0.52288,0.79,0.36,2.424802725718295,1.667706820558076,2.617395832834079,3.2334924792024173,0.5364933705145685
K2-237 b,K2-237,16.06246934,0.03,1759.0,0.03552,6180.0,0.3032,1.256,1.09,6.075699081310844,0.45552430798090127,7.528869256642251,1.1570488934220435,0.8046885552928527
K2-238 b,K2-238,14.5717,0.0,1587.0,0.046,5630.0,0.36,1.19,5.63,5.614345613101073,0.44468582126144574,6.9780948281012005,1.4361934340322164,0.9516578757114464
K2-239 b,K2-239,1.1,0.0715,502.0,0.0441,3420.0,-1.79588,0.4,6.483,0.8628899551470399,1.8961194845522977,2.478493068405272,1.8309801823813363,0.3074846997479606
K2-239 c,K2-239,1.0,0.07531,427.0,0.0576,3420.0,-1.79588,0.4,5.989,0.6790482561804436,1.8468787684491346,1.9105353799721279,2.1719067693519296,0.3074846997479606
K2-239 d,K2-239,1.1,0.0382,399.0,0.0685,3420.0,-1.79588,0.4,4.798,0.8628899551470399,1.8961194845522977,1.6662282120798555,2.40829554741616,0.3074846997479606
K2-24 b,K2-24,5.4,0.06,686.0,0.1539999999999999,5625.0,0.15836,1.07,5.1,2.995732273553991,0.49469624183610705,3.970291913552122,3.086019404398713,0.7701082216960736
K2-24 c,K2-24,7.5,0.07,542.0,0.247,5625.0,0.15836,1.07,5.1,2.797281334830153,0.18232155679395454,3.044522437723423,3.7690552298566016,0.7701082216960736
K2-240 b,K2-240,2.0,0.0121,586.0,0.0513,3810.0,-1.27572,0.58,4.101999999999999,1.7334238922150915,1.4350845252893227,3.352328791062797,1.9507555340517908,0.43178241642553783
K2-240 c,K2-240,1.8,0.014,389.0,0.1159,3810.0,-1.27572,0.58,4.057,1.587192303486781,1.541159071680806,1.781573002667815,3.069122130782042,0.43178241642553783
K2-241 b,K2-241,2.55,0.0545,507.0,0.1567,5262.0,-0.44608,0.71,7.010000000000001,2.084429083190875,1.2029723039923526,2.5547009842545476,3.325751591952532,0.5596157879354227
K2-242 b,K2-242,2.54,0.0661,416.0,0.0494,3459.0,-1.808,0.38,4.887700000000001,2.0781907597781832,1.205970806988609,1.8437630528643592,2.016753307704722,0.31481073984003355
K2-243 b,K2-243,2.17,0.0028,1035.0,0.1087,6570.0,0.42675,1.29,2.3100000000000005,1.8484548129046003,1.355835153635182,5.4522644872728065,2.5290686602398154,0.8712933659434192
K2-243 c,K2-243,2.01,0.0,801.0,0.1816999999999999,6570.0,0.42675,1.29,2.493,1.7404661748405044,1.430311246536665,4.550718451265108,3.256016684316796,0.8712933659434192
K2-244 b,K2-244,1.75,0.0731,638.0,0.1418,5677.0,-0.118,0.86,6.802,1.5496879080283263,1.5686159179138452,3.482441707111542,3.0941666588510697,0.6523251860396903
K2-245 b,K2-245,4.34,0.0794,923.0,0.0959,5793.0,0.1719,0.83,13.236,2.91235066461494,0.7747271675523681,4.430816798843313,2.556689957716684,0.8109302162163288
K2-246 b,K2-246,3.49,0.0825999999999999,977.0,0.0602,5610.0,-0.15088,0.87,6.85,2.5649493574615367,0.9360933591703346,5.077279719157585,1.9123799569885447,0.6626879730752367
K2-247 b,K2-247,2.12,0.0799,979.0,0.0304,4667.0,-0.88154,0.74,8.682999999999998,1.8148247421590513,1.3762440252663892,5.159732036228654,1.1787196096387775,0.5247285289349821
K2-247 c,K2-247,2.19,0.0,688.0,0.0615,4667.0,-0.88154,0.74,4.182,1.860974538249528,1.3454723665996355,3.7470345290822364,2.014134725479183,0.5247285289349821
K2-248 b,K2-248,2.57,0.0,886.0,0.0699,5528.0,-0.18938,0.8800000000000001,3.446,2.0955609235597192,1.1969481893889715,4.937216270808326,2.1007822012839865,0.6523251860396903
K2-249 b,K2-249,2.79,0.00071,1061.0,0.1151,6504.0,0.33627,1.32,2.8499,2.2192034840549946,1.1216775615991057,5.260377040668045,2.595926123297505,0.9439058989071286
K2-25 b,K2-25,3.44,0.428,494.0,0.0287,3207.0,-2.08831,0.2634,0.73,3.2386784521643803,1.4609379041156565,2.3896797998449797,1.50064129569225,0.25711976686914095
K2-250 b,K2-250,2.71257333,0.21,1003.0,0.04606,5003.0,-0.44491,0.8090000000000002,8.2,2.175887439948088,1.1474024528375417,5.198391212887753,1.6122180442837242,0.586118607801422
K2-251 b,K2-251,2.35,0.1003,437.0,0.0694,3717.0,-1.34211,0.52,3.518,1.9629077254238845,1.2781522025001875,1.9980202512209277,2.3322167081186485,0.3987761199573678
K2-252 b,K2-252,1.74,0.0487,639.0,0.1041,5152.0,-0.40842,0.79,7.218999999999999,1.5432981099295553,1.5769147207285403,3.407715019706398,2.6956489558773433,0.598836501088704
K2-253 b,K2-253,12.67,0.014,1238.0,0.0506,6027.0,-0.07738,1.08,3.393,2.3243465847755584,1.269760544863939,5.904867175315464,1.609771856668517,0.7419373447293773
K2-254 b,K2-254,1.63,0.0232,791.0,0.0448,4629.0,-0.82244,0.71,7.697,1.4562867329399256,1.6428726885203377,4.308691051911825,1.6285324459537893,0.5128236264286637
K2-254 c,K2-254,2.19,0.0313,551.0,0.0923,4629.0,-0.82244,0.71,6.583000000000001,1.860974538249528,1.3454723665996355,2.9199726748109116,2.5740150625714016,0.5128236264286637
K2-255 b,K2-255,2.9,0.0633,1034.0,0.0274,4676.0,-0.79022,0.71,7.834999999999999,2.277267285009756,1.0885619528146082,5.273623317359083,1.0865970607148856,0.5247285289349821
K2-257 b,K2-257,0.83,0.0172,789.0,0.0216,3725.0,-1.38099,0.52,4.686999999999999,0.40413088509502765,1.7561322915849038,4.557760899584293,0.957770430059929,0.4054651081081644
K2-258 b,K2-258,3.0,0.0057,831.0,0.149,6351.0,0.27219,1.21,1.822,2.329227023940467,1.0612565021243408,4.6396153918084835,3.000326702980728,0.8372475245337022
K2-259 b,K2-259,2.32,0.0,795.0,0.1271,6059.0,0.16711,1.14,3.358,1.9444805562457188,1.2919836816486496,4.484568835616622,2.802173616373939,0.7561219797213337
K2-26 b,K2-26,2.67,0.1066,430.0,0.0962,3785.0,-1.3098,0.56,1.0,2.1529243184396396,1.1631508098056809,1.916922612182061,2.74512116931131,0.41871033485818504
K2-260 b,K2-260,18.41635529,0.053,2090.0,0.04392,6860.0,0.78817,1.637,0.65,6.305663530593176,0.3920420877760237,7.8324228271567815,1.2883224876497352,1.0134174426048776
K2-261 b,K2-261,9.26982704,0.274,1036.0,0.1086,5490.0,0.35392,1.1069999999999998,8.8,4.248048918461803,0.3873011374804932,5.198497031265826,2.536349490909547,0.9794533068317952
K2-263 b,K2-263,2.41,0.15,470.0,0.2573,5368.0,-0.25964,0.8800000000000001,7.0,2.766319109226186,1.916922612182061,2.2159372862683733,3.9477558545878657,0.6151856390902335
K2-264 b,K2-264,2.231,0.5,496.0,0.05023,3660.0,-1.48149,0.496,3.567,1.888583653863595,1.3297240096314962,2.72119337427361,1.9227880240320772,0.3873011374804932
K2-264 c,K2-264,2.668,0.45,331.0,0.11283,3660.0,-1.48149,0.496,2.768,2.151762203259462,1.1631508098056809,1.165384425214625,3.028214081203243,0.3873011374804932
K2-265 b,K2-265,1.70824866,0.16,1366.0,0.03359,5420.0,-0.18243,0.901,7.8,2.121283360002975,2.186051276738094,6.385194398997726,1.2146219008864625,0.6523251860396903
K2-266 b,K2-266,3.3,0.12488,1515.0,0.01306,4285.0,-0.82333,0.6860000000000002,6.780500000000001,2.506979881134155,1.000631880307906,6.7804899279362605,0.5059280502077139,0.5323914016805512
K2-266 c,K2-266,0.705,0.042,664.5,0.0679,4285.0,-0.82333,0.6860000000000002,5.5185,0.2547435465730386,1.713797927758343,3.5085558999826545,2.1763413664197953,0.5323914016805512
K2-266 d,K2-266,2.93,0.047,538.3,0.1035,4285.0,-0.82333,0.6860000000000002,3.8809999999999993,2.2925347571405443,1.1085626195212777,2.7047112998366956,2.75346961129307,0.5323914016805512
K2-266 e,K2-266,2.73,0.043,490.1,0.1249,4285.0,-0.82333,0.6860000000000002,4.019,2.72785282839839,1.1662709371419244,2.3590599399220245,3.019546451653246,0.5323914016805512
K2-268 b,K2-268,1.5,0.0,1136.0,0.0308,5106.0,-0.42942,0.8400000000000001,4.162,1.3506671834767394,1.7334238922150915,5.804224522664147,1.147934374834013,0.5766133643039938
K2-268 c,K2-268,2.69,0.0,696.0,0.0819,5106.0,-0.42942,0.8400000000000001,4.0920000000000005,2.1633230256605382,1.1537315878891892,4.067207527070801,2.33481285466445,0.5766133643039938
K2-268 d,K2-268,1.49,0.005,888.0,0.102,5106.0,-0.42942,0.8400000000000001,4.141,1.3428648031925547,1.7404661748405044,4.805246325114957,1.7099342571704237,0.5766133643039938
K2-268 e,K2-268,1.33,0.011,801.0,0.102,5106.0,-0.42942,0.8400000000000001,4.43,1.2029723039923526,1.8625285401162623,4.538637874448794,1.964485553032675,0.5766133643039938
K2-268 f,K2-268,2.23,0.0,492.0,0.102,5106.0,-0.42942,0.8400000000000001,3.673000000000001,1.8870696490323797,1.3270750014599193,2.7568355376978135,3.3058080987292606,0.5766133643039938
K2-269 b,K2-269,1.57,0.0,1429.0,0.0531,6209.0,0.46786,1.16,3.279,1.4085449700547104,1.6845453849209058,6.940542467176002,1.638018566541786,0.8960880245566356
K2-27 b,K2-27,4.74,0.251,836.0,0.06702,5246.0,-0.26971,0.8800000000000001,10.3,3.4404180948154366,0.9969486348916093,4.762173934797756,2.0504435084279673,0.6291418505840329
K2-270 b,K2-270,1.38,0.0,1203.0,0.0247,4877.0,-0.51819,0.8500000000000001,7.1696,1.247032293786383,1.8229350866965048,6.2056721887284665,0.9333716193789987,0.5709795465857378
K2-270 c,K2-270,2.95,0.0118,848.0,0.0497,4877.0,-0.51819,0.8500000000000001,5.6696,2.303584593327129,1.0750024230289759,4.713984968910582,1.6864041387419708,0.5709795465857378
K2-271 b,K2-271,7.28,0.18393,893.0,0.077,5644.0,-0.04982,0.83,10.1277,3.756538102587751,0.4668737362368079,4.903841900507135,2.25784093768062,0.688134638736401
K2-272 b,K2-272,3.13,0.0,747.0,0.1007,5397.0,-0.30214,0.86,4.127999999999999,2.3942522815198695,1.0224509277025458,4.2970950989206385,2.7378468779619656,0.6043159668533296
K2-273 b,K2-273,3.05,0.024,849.0,0.0729,5161.0,-0.35279,0.89,5.7996,2.354228326145884,1.0473189942805592,4.554661561823083,2.5431414614187475,0.6151856390902335
K2-274 b,K2-274,2.08,0.00035,655.0,0.0964,5044.0,-0.50903,0.79,1.229,1.7884205679625405,1.3962446919730587,3.735548801828755,2.7168798646383077,0.5306282510621704
K2-275 b,K2-275,2.34,0.0,1166.0,0.0277,4841.0,-0.59332,0.77,3.126,1.9572739077056285,1.2837077723447896,5.0891235634871235,1.4541778908480767,0.5247285289349821
K2-275 c,K2-275,2.21,0.0,653.0,0.0881,4841.0,-0.59332,0.77,2.958,1.8748743759385615,1.3376291891386096,3.8449682545714534,2.244832932333099,0.5247285289349821
K2-276 b,K2-276,3.77,0.0946,583.0,0.1291,5139.0,-0.40538,0.8200000000000001,6.483999999999999,2.6878474937846906,0.8754687373538999,3.1945604121264286,2.9815455664170303,0.6151856390902335
K2-277 b,K2-277,2.18575124,0.52,1049.0,0.0664,5680.0,-0.05061,0.974,4.9,2.128231705849268,1.6094379124341003,5.278114659230518,1.9915344909669537,0.6795552270404783
K2-278 b,K2-278,2.98,0.0078,1711.0,0.0488,6747.0,0.39867,1.4,1.944,2.3194422100604686,1.0647107369924282,7.053385112757712,1.4667137670644927,0.9593502213346021
K2-279 b,K2-279,1.21,0.0251,879.0,0.067,5558.0,-0.20451,0.79,6.244,1.0715836162801904,1.9401794743463283,5.197364332463137,2.094650915532043,0.6205764877251099
K2-28 b,K2-28,2.32,0.0,568.0,0.0214,3214.0,-1.9397,0.257,5.4350000000000005,1.9444805562457188,1.2919836816486496,3.4372078191851885,1.1818667561917002,0.25309062768216184
K2-280 b,K2-280,7.5,0.35,787.0,0.1461,5500.0,0.13976,1.03,8.96,3.6402142821326553,0.3920420877760237,4.255612709818223,3.039522338990685,0.8241754429663495
K2-281 b,K2-281,8.18,0.16421,665.0,0.0773,4812.0,-0.64686,0.8200000000000001,4.361,3.949318790171843,0.41277168329060254,3.615136192134652,2.2708592073224807,0.5653138090500605
K2-282 b,K2-282,2.5,0.1341,1057.0,0.0499,5499.0,-0.21463,0.94,7.561,2.0541237336955462,1.2208299213923592,5.358887500917875,1.6428307147187537,0.6931471805599453
K2-283 b,K2-283,3.52,0.0502,1186.0,0.0291,5060.0,-0.52364,0.89,6.4502,2.580216829592325,0.9321640810304452,5.77293064910757,1.0719383478760456,0.598836501088704
K2-284 b,K2-284,2.78,0.078,653.0,0.04771,4140.0,-1.01323,0.63,0.12,2.21375387928743,1.1249295969854831,3.775057150354989,1.7570073835370503,0.47436908675537554
K2-285 b,K2-285,2.59,0.0,1088.9,0.03817,4975.0,-0.42183,0.83,3.806200000000002,2.3683728335320486,1.4036429994545037,5.460903793767789,1.4977787127601072,0.5805382361772911
K2-285 c,K2-285,3.53,0.0,741.4,0.0824,4975.0,-0.42183,0.83,2.7522,2.8142103969306005,1.0818051703517284,3.9386649363745674,2.096550347817203,0.5805382361772911
K2-285 d,K2-285,2.48,0.0,619.9,0.1178,4975.0,-0.42183,0.83,4.4652,2.0149030205422647,1.269760544863939,3.242982900211434,2.4384978978043477,0.5805382361772911
K2-285 e,K2-285,1.95,0.0,500.9,0.18041,4975.0,-0.42183,0.83,4.6162,2.4595888418037104,1.269760544863939,2.4423470353692043,2.7576584432529945,0.5805382361772911
K2-286 b,K2-286,2.1,0.0642,347.0,0.1768,3926.0,-1.04576,0.64,2.78,1.801709800081223,1.3862943611198906,1.4729806050924625,3.344944440111357,0.4824261492442927
K2-287 b,K2-287,9.494023,0.478,804.0,0.1206,5695.0,-0.10829,1.056,4.5,4.616272822978492,0.48858001481867097,4.51191598023553,2.7658970704948334,0.7275486072772778
K2-288 B b,K2-288 B,1.9,0.2082,226.36,0.164,3341.0,-1.93,0.33,1.0,1.6620303625532709,1.4861396960896067,0.49032304356846146,3.477956643182887,0.2776317365982795
K2-289 b,K2-289,9.1,0.07996,753.0,0.107,5529.0,-0.50479,0.9529999999999998,6.096210000000001,4.127134385045092,0.3681093215643954,3.9324304061076623,2.6502070116805,0.7055697005585024
K2-29 b,K2-29,13.33871,0.066,1171.0,0.04217,5358.0,-0.29533,0.94,2.6,5.451106691580782,0.4252677354043441,5.683579767338681,1.4489949677643688,0.6205764877251099
K2-290 b,K2-290,3.06,0.0,1230.0,0.0923,6302.0,0.42035,1.194,4.0,2.4765384001174837,1.62924053973028,6.189993368442609,2.3235292253880524,0.9206810801754479
K2-290 c,K2-290,11.276254,0.0,676.0,0.305,6302.0,0.42035,1.194,4.0,5.50939003703139,0.6981347220709844,3.605487718147468,3.8992791463057026,0.9206810801754479
K2-291 b,K2-291,1.589,0.0,1278.0,0.03261,5520.0,-0.16622,0.934,3.72,2.0135687975291283,2.286455711064162,6.452048954437226,1.1709878324626097,0.6413274318301488
K2-292 b,K2-292,2.63,0.04,795.0,0.13,5725.0,0.09254,1.0,6.8,3.2386784521643803,2.128231705849268,4.219507705176107,2.889488034194042,0.7371640659767197
K2-293 b,K2-293,2.45,0.0,750.0,0.102,5532.0,-0.18023,0.958,3.3741000000000008,2.0241930674493576,1.2383742310432684,4.298087237458729,2.64776927021728,0.6662897263900626
K2-294 b,K2-294,1.66,0.0957,1425.0,0.102,5612.0,0.08751,0.987,7.371,1.47932922708708,1.623340817603092,6.270582291021919,1.253868071929285,0.7884573603642702
K2-295 b,K2-295,10.054473,0.0,852.0,0.0451,4444.0,-0.71623,0.74,6.81,4.677240118463384,0.47747564408443655,4.59369965020873,1.6143989859331733,0.5306282510621704
K2-3 b,K2-3,2.078,0.107,501.3,0.0747,3844.0,-1.23136,0.549,6.9,1.809926773183504,1.4134230285081433,2.4423470353692043,2.4028514705346167,0.4356709501652303
K2-3 c,K2-3,1.582,0.048,371.8,0.1357,3844.0,-1.23136,0.549,6.9,1.3029127521808397,1.547562508716013,1.4279160358107101,3.2444160391183834,0.4356709501652303
K2-3 d,K2-3,1.458,0.091,305.2,0.2013999999999999,3844.0,-1.23136,0.549,6.9,1.1631508098056809,2.917770732084279,0.8919980393051105,3.8189429969420488,0.4356709501652303
K2-30 b,K2-30,11.646151,0.0,1092.0,0.04839,5425.0,-0.25649,0.9,3.9,5.220483222368351,0.49469624183610705,5.703782474656201,1.6289469672303256,0.6119371251344021
K2-308 b,K2-308,9.916,0.1202999999999999,1213.76,0.102,6100.0,0.283,1.09,4.4642,4.2710950739666,0.3350426438116185,6.242074227112149,1.478481487447327,0.8064758658669486
K2-31 b,K2-31,11.88154,0.0,1688.0,0.022,5280.0,-0.11028,0.91,3.377,6.336525544502018,0.03149866705937099,7.149131598557407,0.8144130330514269,0.5766133643039938
K2-315 b,K2-315,0.95,0.0731,460.0,0.102,3300.0,-2.38722,0.174,1.0,0.5927742064131581,1.8213182714695995,2.1341664413690826,1.4217384566295306,0.17898265552844
K2-316 b,K2-316,1.33,0.00549,841.0,0.0147,3436.0,-1.82964,0.408,4.432,1.2029723039923526,1.8625285401162623,4.680971859141829,0.7575294394892135,0.3213585988111648
K2-316 c,K2-316,1.83,0.0736,423.0,0.0582,3436.0,-1.82964,0.408,5.89,1.6114359150967734,1.5260563034950494,1.7929900182652823,1.8341801851120072,0.3213585988111648
K2-317 b,K2-317,2.93,0.106066,432.0,0.0542,3387.0,-1.87068,0.403,3.894709999999999,2.2935443483418965,1.0818051703517284,1.9176905777607114,1.9768549529047348,0.3213585988111648
K2-318 b,K2-318,1.66,0.071,456.0,0.0911,3851.0,-1.27696,0.561,5.043,1.47932922708708,1.623340817603092,2.3475152023143346,2.080690761080268,0.43954442176102704
K2-319 b,K2-319,2.79,0.0,641.0,0.1516,5440.0,-0.23747,0.954,3.767,2.2192034840549946,1.1216775615991057,3.207807846419501,3.3207101307494686,0.6408007001877362
K2-32 b,K2-32,5.299,0.03,837.0,0.0795,5271.0,-0.29607,0.83,7.9,2.772588722239781,0.4382549309311553,4.388257184424518,2.3017847728232765,0.6205764877251099
K2-32 c,K2-32,3.134,0.049,634.0,0.13843,5271.0,-0.29607,0.83,7.9,2.2082744135228043,0.8878912573524571,3.3032169733019514,3.075510176939197,0.6205764877251099
K2-32 d,K2-32,3.484,0.05,550.0,0.18422,5271.0,-0.29607,0.83,7.9,2.0412203288596382,0.6259384308664953,2.760009940032921,3.4878951261409172,0.6205764877251099
K2-32 e,K2-32,1.212,0.043,1066.0,0.04899,5271.0,-0.29607,0.83,7.9,1.1314021114911006,1.9878743481543455,5.340117425592142,1.6769731888119097,0.6205764877251099
K2-320 b,K2-320,2.62,0.0476,698.0,0.0142,3157.0,-2.12527,0.117,4.022,2.124653884501384,1.1786549963416462,3.938069366465683,1.0969442315674127,0.26236426446749106
K2-321 b,K2-321,2.05124347,0.44,830.0,0.02839,3750.0,-1.20066,0.578,3.389,1.7681496035889213,1.4085449700547104,4.242068923137191,1.1933086134353106,0.4668737362368079
K2-322 b,K2-322,1.92,0.024,635.0,0.0594,4141.0,-1.03905,0.63,3.332,1.6770965609079151,1.4770487243883548,3.709823493627217,2.219746814685041,0.47125284864616745
K2-323 b,K2-323,2.1,0.0561,318.0,0.1275,3710.0,-1.3393,0.478,4.142,1.801709800081223,1.3862943611198906,1.1677850664598008,3.255400599550573,0.4376095614347316
K2-324 b,K2-324,2.43,0.011,707.0,0.0331,3752.0,-1.33305,0.517,4.805000000000001,2.012232791986386,1.247032293786383,3.8752708876117077,1.4497385336764255,0.4087928982008391
K2-325 b,K2-325,2.2,0.021433,423.0,0.0419,3287.0,-2.04801,0.274,5.933999999999999,1.8687205103641835,1.3428648031925547,1.876645849769131,2.0706530356467567,0.26082461828189824
K2-326 b,K2-326,2.28,0.09738,1114.0,0.0198,3924.0,-0.97833,0.507,7.286,1.9198594718553708,1.308332819650179,4.982870869875645,0.8135933336358124,0.5235443961737654
K2-329 b,K2-329,8.675766,0.0697,650.0,0.1016,5282.0,-0.32514,0.901,1.8,4.426471658091573,0.5270925962298626,3.8437441646748516,2.599359888559572,0.5999347988377666
K2-33 b,K2-33,5.04,0.0,850.0,0.0409,3540.0,-0.82391,0.56,0.0093,7.0706994680442445,1.269760544863939,4.660097342473652,1.8601756188873835,0.7178397931503169
K2-330 b,K2-330,2.77,0.00071,969.0,0.102,6232.0,0.47702,1.23,3.233,2.2082744135228043,1.128171090909654,4.75297793475017,2.692922891455894,0.9162907318741551
K2-331 b,K2-331,1.79,0.0,909.0,0.102,5994.0,0.05943,1.1,2.5095,1.5810384379124023,1.547562508716013,4.9239885944678985,2.34170743592452,0.7227059828014898
K2-331 c,K2-331,2.72,0.0194,673.0,0.102,5994.0,0.05943,1.1,1.876,2.180417459019838,1.144222799920162,3.790849046664517,3.177911778592406,0.7227059828014898
K2-332 b,K2-332,2.2,0.0382,266.0,0.102,3315.0,-2.06542,0.27,4.569999999999999,1.8687205103641835,1.3428648031925547,0.678771449571994,2.9288614346766884,0.2468600779315258
K2-333 b,K2-333,6.18,0.1319,826.0,0.102,5880.0,0.16523,1.06,6.922,3.484312288372662,0.5515836162381584,4.635957359686001,2.7574298422895716,0.7975071958841881
K2-334 b,K2-334,5.65,0.1135999999999999,1380.0,0.102,6502.0,0.51362,1.36,1.6443,3.339321977944068,0.6037693694087286,6.725308994409996,1.8105781158419627,0.9122827104766162
K2-335 b,K2-335,2.21,0.016,949.0,0.102,6222.0,0.39509,1.23,2.797,1.8748743759385615,1.3376291891386096,5.2816441311908395,2.586500906989947,0.8458682675776092
K2-336 b,K2-336,1.22,0.0,569.0,0.102,5424.0,-0.34534,0.86,2.629,1.091923300517313,1.9444805562457188,3.3489763780551085,3.0998550084772134,0.5877866649021191
K2-337 b,K2-337,2.62,0.0391,850.0,0.102,5869.0,0.24964,0.94,8.79,2.124653884501384,1.1786549963416462,4.791269902189773,2.8491771824021637,0.8415671856782186
K2-338 b,K2-338,1.03,0.0,783.0,0.102,4558.0,-0.83644,0.6599999999999999,3.531,0.7323678937132266,1.860974538249528,4.522201675336627,1.5791052948746935,0.48858001481867097
K2-339 b,K2-339,1.92,0.0073999999999999,508.0,0.102,4857.0,-0.65173,0.74,5.511,1.6770965609079151,1.4770487243883548,2.6435145604184878,3.020787161977962,0.5423242908253616
K2-34 b,K2-34,13.75,0.0,1687.0,0.0442,6168.0,0.3997,1.16,2.88,6.2928189878021294,0.6626879730752367,6.871678259242557,1.385202465218468,0.8837675401685949
K2-340 b,K2-340,3.36,0.0928,606.0,0.102,5532.0,-0.00232,0.9300000000000002,8.761,2.501435951739211,0.9631743177730056,3.255229962384722,3.4255794094406915,0.7561219797213337
K2-341 b,K2-341,3.21,0.0228,598.0,0.102,5817.0,0.12566,0.98,7.0280000000000005,2.4336133554004498,1.0043016091968684,3.5563504197105624,3.625741311987812,0.7701082216960736
K2-342 b,K2-342,2.03,0.0,861.0,0.102,5920.0,0.09264,1.01,4.506,1.7544036826842861,1.420695787837223,4.817657958679421,2.530600915494334,0.7371640659767197
K2-343 b,K2-343,1.65,0.1093999999999999,653.0,0.102,3804.0,-1.43852,0.49,3.326,1.4724720573609429,1.631199404215613,3.417182439029029,1.3316200945237673,0.3784364357202451
K2-343 c,K2-343,2.02,0.1843,465.0,0.102,3804.0,-1.43852,0.49,2.4291,1.747459210331475,1.425515074273172,2.2398872807563754,2.160672619884399,0.3784364357202451
K2-344 b,K2-344,1.59,0.0068,722.0,0.102,4374.0,-1.22508,0.51,5.998,1.423108334242607,1.6695918352538475,3.6453611194001048,1.4715197692160988,0.3987761199573678
K2-345 b,K2-345,2.11,0.0493,437.0,0.102,3779.0,-1.32045,0.56,3.842,1.8082887711792655,1.3812818192963463,1.9838683114098448,2.4307528645859904,0.41871033485818504
K2-346 b,K2-346,2.26,0.0,450.0,0.102,4801.0,-0.66264,0.71,6.569,1.9065751436566365,1.3164082336557241,2.28378955840972,3.303270133653621,0.5306282510621704
K2-347 b,K2-347,2.41,0.12728,640.0,0.102,4599.0,-0.89434,0.6599999999999999,5.07,2.0001277349601105,1.2556160374777745,3.380241059681052,2.1025789211316157,0.48858001481867097
K2-348 b,K2-348,3.26,0.1163999999999999,908.0,0.102,5077.0,-0.38844,0.83,5.899299999999999,2.4595888418037104,0.9932517730102834,4.898459011185134,1.7384321778458327,0.6151856390902335
K2-348 c,K2-348,2.67,0.0964,655.0,0.102,5077.0,-0.38844,0.83,5.756,2.1529243184396396,1.1631508098056809,3.476899927777577,2.606399167172279,0.6151856390902335
K2-349 b,K2-349,1.38,0.067432,518.0,0.102,4385.0,-0.36582,0.54,7.8065000000000015,1.247032293786383,1.8229350866965048,2.7232249130647364,2.305797726954846,0.3987761199573678
K2-35 b,K2-35,1.32,0.13,979.0,0.031,4402.71,-0.71881,0.7019679999999999,3.103,1.1939224684724346,1.8718021769015913,5.356586274672012,1.223764843330766,0.48216376914663284
K2-35 c,K2-35,1.93,0.12,766.0,0.055,4402.71,-0.71881,0.7019679999999999,3.7239999999999993,1.682688374173693,1.4701758451005928,4.23410650459726,1.88833430356508,0.48216376914663284
K2-350 b,K2-350,1.54,0.0073999999999999,1158.0,0.102,5789.0,-0.01175,0.98,4.999999999999998,1.3837912309017721,1.7047480922384253,5.733590937356065,1.6416868793434776,0.712949807856125
K2-350 c,K2-350,2.74,0.0,687.0,0.102,5789.0,-0.01175,0.98,4.792,2.191653532286764,1.1378330018213914,3.933032776795046,3.0441387450751933,0.712949807856125
K2-351 b,K2-351,2.54,0.0,934.0,0.102,5769.0,0.02389,1.02,4.584,2.0781907597781832,1.205970806988609,5.0993934310503715,2.1754519308258264,0.7178397931503169
K2-352 b,K2-352,1.37,0.0073999999999999,1160.0,0.102,5791.0,-0.06326,0.98,4.035,1.2383742310432684,1.8309801823813363,5.62863003076051,1.54028331358427,0.6678293725756554
K2-352 c,K2-352,1.92,0.0,885.0,0.102,5791.0,-0.06326,0.98,4.317,1.6770965609079151,1.4770487243883548,4.945484856677949,2.222988160947789,0.6678293725756554
K2-352 d,K2-352,2.23,0.0,727.0,0.102,5791.0,-0.06326,0.98,3.693,1.8870696490323797,1.3270750014599193,4.137488749437478,2.7645179283249144,0.6678293725756554
K2-353 b,K2-353,5.55,0.259,735.0,0.102,5698.0,-0.07632,0.87,7.519,3.306886702190914,0.6124792774924905,3.5282675286569605,2.8013465363001973,0.688134638736401
K2-354 b,K2-354,1.56,0.0381699999999999,543.0,0.102,3669.0,-1.6137,0.4299999999999999,5.947000000000001,1.3987168811184478,1.6882490928583902,2.7581338126556956,1.5672203612441373,0.3435897043900769
K2-355 b,K2-355,2.25,0.0,1066.0,0.0632,5790.0,-0.11465,0.96,3.427,1.900613874140137,1.3190856114264407,5.544604527644472,1.9078469497243526,0.6523251860396903
K2-356 b,K2-356,2.29,0.0,624.0,0.1599,5568.0,-0.24375,0.9,4.184,1.925707441737794,1.3029127521808397,3.488736375145836,3.0922570154790403,0.6205764877251099
K2-357 b,K2-357,3.72,0.0,735.0,0.1449999999999999,5794.0,-0.06563,0.98,4.0680000000000005,2.667228206581955,0.8878912573524571,4.124654982173432,2.8535270114527322,0.6931471805599453
K2-358 b,K2-358,2.68,0.0,888.0,0.0863,5650.0,-0.16134,0.9300000000000002,3.836,2.157559320943788,1.1568811967920856,4.720344443464916,2.5056098926500345,0.6471032420585385
K2-36 b,K2-36,1.43,0.093,1328.0,0.02288,4916.0,-0.57,0.79,1.4,1.667706820558076,2.1972245773362196,6.253828811575473,0.8848471224990819,0.5411608235620636
K2-36 c,K2-36,3.2,0.089,854.0,0.05528,4916.0,-0.57,0.79,1.4,2.186051276738094,0.832909122935104,4.499809670330265,1.8470188217326982,0.5411608235620636
K2-360 c,EPIC 201595106,4.02,0.11,912.0,0.0883,5679.0,-0.04915,0.958,6.0,2.7868613815264998,0.8285518175661483,4.7535901911063645,2.3792609082719607,0.6830968447064438
K2-365 b,K2-365,2.906,0.1076,642.5,0.102,5561.0,-0.01377,0.823,9.384,2.280339484046726,1.0885619528146082,3.459766648653507,3.196555448299676,0.7183274790902435
K2-366 b,K2-366,2.359,0.0558999999999999,699.21,0.102,5601.0,-0.10862,0.825,7.650999999999999,1.9685099809725544,1.275362800412609,4.022720358715327,2.829502880557334,0.6626879730752367
K2-367 b,K2-367,2.413,0.0810999999999999,507.6,0.102,4348.0,-0.85399,0.756,3.37,2.0028304393079956,1.2556160374777745,2.5716127177027985,3.074779054688058,0.48550781578170077
K2-368 b,K2-368,1.332,0.0401319999999999,764.646,0.102,4663.0,-0.69293,0.7460000000000001,5.369,1.205970806988609,1.8625285401162623,4.1946900325215895,1.7960167275634875,0.5086232002107907
K2-368 c,K2-368,1.361,0.0,678.6,0.102,4663.0,-0.69293,0.7460000000000001,4.235,1.2296405510745139,1.8357763546448291,3.80449308965117,2.36651586699073,0.5086232002107907
K2-368 d,K2-368,1.948,0.0073999999999999,518.888,0.102,4663.0,-0.69293,0.7460000000000001,4.013999999999999,1.695615608675153,1.4609379041156565,2.917461059047491,3.054052359613637,0.5086232002107907
K2-369 b,K2-369,1.313,0.0428999999999999,927.14,0.102,5682.0,-0.12109,0.7350000000000001,7.844800000000001,1.1878434223960523,1.8764069432883397,4.874922200821514,1.9112613231659008,0.6318035503188933
K2-37 b,K2-37,1.39,0.0,949.0,0.05105,5352.0,-0.40798,0.8400000000000001,4.499,1.2556160374777745,1.8148247421590513,5.267858159063328,1.6944038656366933,0.5927742064131581
K2-37 c,K2-37,2.41,0.0,839.0,0.06534,5352.0,-0.40798,0.8400000000000001,4.191,2.0001277349601105,1.2556160374777745,4.77912349311153,2.005480097251941,0.5927742064131581
K2-37 d,K2-37,2.31,0.0,646.0,0.1102,5352.0,-0.40798,0.8400000000000001,4.109,2.6026896854443837,1.7404661748405044,3.744787086052232,2.7141840173958482,0.5927742064131581
K2-370 b,K2-370,3.207,0.1352,1267.0,0.102,5377.0,-0.12703,0.984,5.608,2.4336133554004498,1.0043016091968684,6.061934660269302,1.1444902800677244,0.6785410281705831
K2-371 b,K2-371,13.024,0.1197,956.83,0.102,4925.0,-0.51657,0.958,4.7940000000000005,2.3243465847755584,1.269760544863939,5.293768034009419,1.4146157475927963,0.5515836162381584
K2-372 b,K2-372,2.945,0.0406,833.2,0.102,5479.0,-0.12154,0.847,8.423,2.300583090323373,1.0750024230289759,4.567410830348513,2.383619032312058,0.6533663105481008
K2-373 b,K2-373,2.061,0.0,1008.2,0.102,6138.0,0.43238,1.158,3.493,1.7749523509116738,1.4060969884160703,5.431120824036305,2.486626836085503,0.9106749930885194
K2-374 b,K2-374,1.593,0.0155,1049.899,0.102,5789.0,-0.05943,0.7310000000000001,6.884,1.425515074273172,1.667706820558076,5.5317227822632375,1.7087316020628305,0.645531326618282
K2-374 c,K2-374,2.213,0.0688,693.283,0.102,5789.0,-0.05943,0.7310000000000001,8.074,1.8764069432883397,1.33500106673234,3.8745195829184453,2.858448133888712,0.645531326618282
K2-375 b,K2-375,2.243,0.0469,884.2479999999999,0.102,5822.0,0.39626,1.119,7.002,1.8961194845522977,1.324418957401803,5.13636434548925,2.7378610751308625,0.9333444864399826
K2-376 b,K2-376,1.736,0.0653999999999999,1244.3,0.102,5937.0,0.18908,0.908,7.269,1.5390154481375546,1.5769147207285403,6.0121810583788475,1.9134570552470294,0.7650026176603735
K2-377 b,K2-377,1.693,0.07273,622.875,0.102,4200.0,-0.81809,0.821,5.497999999999999,1.5062971535145868,1.6034198401085373,3.2890848314087657,2.627001737826026,0.5253200699164432
K2-378 b,K2-378,2.88,0.1415,1068.0700000000002,0.102,4823.0,-0.56665,0.9230000000000002,5.897000000000001,2.2669579153508947,1.095273387402595,5.273006574501924,1.118558042976032,0.5492768101402434
K2-379 b,K2-379,2.181,0.0412999999999999,699.7,0.102,4603.0,-0.6327,0.856,5.05,1.8562979903656263,1.3506671834767394,3.916917458022953,2.280057951577643,0.5601870533037148
K2-38 b,K2-38,1.54,0.197,1266.0,0.04994,5731.0,0.03743,1.03,6.7,2.1162555148025524,2.4849066497880004,6.056784013228625,1.61261884789034,0.7227059828014898
K2-38 c,K2-38,2.29,0.161,916.0,0.09514,5731.0,0.03743,1.03,6.7,2.2300144001592104,1.5686159179138452,4.770684624465665,2.447639959621052,0.7227059828014898
K2-380 b,K2-380,2.729,0.0021,939.6,0.102,5911.0,0.20189,0.993,5.941999999999999,2.1849270495258133,1.1410330045520618,5.1036142422143325,2.3419319520367536,0.8415671856782186
K2-381 b,K2-381,1.075,0.0512,631.0,0.102,4473.0,-0.73923,0.754,4.414,0.8153648132841945,1.8825138324965192,3.351650458382836,2.1904162755801417,0.5158131652770298
K2-381 c,K2-381,2.0,0.0321,518.588,0.102,4473.0,-0.73923,0.754,2.844,1.7334238922150915,1.4350845252893227,2.9668928897483933,2.83524985719022,0.5158131652770298
K2-381 d,K2-381,1.689,0.0321,531.897,0.102,4473.0,-0.73923,0.754,3.3920000000000003,1.5040773967762742,1.6074359097634274,2.94118287666203,3.3251447557919107,0.5158131652770298
K2-382 b,K2-382,2.072,0.0,604.9,0.102,5452.0,-0.27952,0.922,2.871,1.7833912195575383,1.4011829736136412,3.5848531695046,3.122371796710439,0.5938791789012764
K2-383 b,K2-383,1.564,0.0073999999999999,1269.1,0.102,5129.0,-0.39685,1.061,3.221,1.4036429994545037,1.6882490928583902,6.176721648032608,1.052904070420662,0.5900064216404319
K2-384 b,K2-384,1.076,0.002956,612.6,0.102,3623.0,-1.86986,0.33,4.65401,0.8153648132841945,1.8809906029559977,3.4093784712849358,1.1729547809388867,0.2986220124901153
K2-384 c,K2-384,1.191,0.01486,621.55,0.102,3623.0,-1.86986,0.33,5.766,1.0367368849500223,1.9344157696295783,3.3808803809907224,1.6476515802258347,0.2986220124901153
K2-384 d,K2-384,1.392,0.02107,398.1,0.102,3623.0,-1.86986,0.33,5.722,1.2584609896100059,1.81319474994812,1.7240588680721545,2.03856511859504,0.2986220124901153
K2-384 e,K2-384,1.345,0.02107,381.32,0.102,3623.0,-1.86986,0.33,5.173699999999999,1.2149127443642704,1.8484548129046003,1.6677244526077768,2.371648641983284,0.2986220124901153
K2-384 f,K2-384,2.222,0.0972,433.9,0.102,3623.0,-1.86986,0.33,4.688000000000001,1.8825138324965192,1.332366019094335,1.9787251341945056,2.682902635036199,0.2986220124901153
K2-385 b,K2-385,1.539,0.0689,1175.76,0.102,4844.0,-0.51852,0.927,7.095000000000001,1.3812818192963463,1.7029282555214393,5.848279818843145,1.2181321854778902,0.5658818295140691
K2-386 b,K2-386,2.32,0.024,887.4220000000001,0.102,5749.0,-0.01919,0.911,7.124,1.9444805562457188,1.2919836816486496,5.079657825027631,2.1369109557653054,0.6780335427498971
K2-387 b,K2-387,7.322,0.2238,439.082,0.102,3572.0,-1.23884,0.57,5.2722,3.765840495250065,0.4643627493556498,2.0544945187225085,3.392335800239505,0.4605844073292439
K2-388 b,K2-388,3.9,0.0915,874.0,0.102,5310.0,-0.21167,0.9300000000000002,6.349,2.740840023925201,0.8501509293696101,4.9344739331306915,1.9932461952830205,0.6471032420585385
K2-389 b,K2-389,2.33,0.067,932.0,0.102,5773.0,0.10644,0.99,6.087000000000001,1.951608170169951,1.2864740258376797,5.19295685089021,2.2599792166356174,0.7390761124483451
K2-389 c,K2-389,2.04,0.0899,753.809,0.102,5782.0,0.10644,0.8019999999999999,10.59,1.7613002617433464,1.415853163361435,4.458073401670458,3.084262109600922,0.7342891238911206
K2-39 b,K2-39,6.27704,0.0,1670.0,0.05708,4881.0,0.67409,0.6599999999999999,6.7,3.3879331325089876,0.6575200029167942,7.213031659834869,1.7237357707982788,1.3787660946990992
K2-390 b,K2-390,4.662,0.1577,1119.0,0.102,5558.0,-0.09926,0.7889999999999999,10.1287,3.0252910757955354,0.7227059828014898,5.568210907051194,1.4615854902101773,0.6760010217249748
K2-391 b,K2-391,1.371,0.0195,1155.5,0.102,5543.0,0.39142,0.7569999999999999,9.585,1.2383742310432684,1.827769906751088,6.203147721715855,1.7268037944273251,0.4485245975686113
K2-392 b,K2-392,1.85,0.0591999999999999,807.8,0.102,5726.0,0.04791,0.841,10.635,1.6253112615903906,1.5129270120532565,4.408102179231922,2.7972034659447913,0.7217346374118578
K2-393 b,K2-393,2.352,0.0338,898.007,0.102,5678.0,0.04296,0.881,10.655,1.9643112344262046,1.2781522025001875,4.696097583224544,2.434768915553743,0.7280315824134471
K2-394 b,K2-394,1.692,0.024,643.0,0.102,4938.0,-0.85841,0.478,7.961000000000003,1.5062971535145868,1.6054298910365616,3.384620745257354,1.8075863934222087,0.4891933236388768
K2-395 b,K2-395,2.597,0.1079,938.4509999999998,0.102,5007.0,-0.41264,0.952,5.860200000000001,2.1114245875328868,1.1878434223960523,4.897568474648373,1.758435681649032,0.5782973388810033
K2-395 c,K2-395,3.395,0.0217,737.223,0.102,5007.0,-0.41264,0.952,4.0355,2.517696472610991,0.9555114450274365,4.050251949071208,2.2503736930660287,0.5782973388810033
K2-396 b,K2-396,1.579,0.1069,1453.4,0.102,5236.0,-0.23007,0.954,4.6654,1.415853163361435,1.6770965609079151,6.567596074404129,0.5151335313931589,0.6523251860396903
K2-396 c,K2-396,3.124,0.1753999999999999,625.9979999999999,0.102,5236.0,-0.23007,0.954,8.27,2.391511302188447,1.0260415958332743,3.3523792377752324,3.2869272933743847,0.6523251860396903
K2-397 b,K2-397,2.417,0.0898,990.9,0.102,5387.0,-0.14497,0.9370000000000002,8.112,2.004179057179289,1.252762968495368,5.053876730853362,1.520022046977636,0.6760010217249748
K2-398 b,K2-398,2.274,0.0108,1304.3,0.102,5946.0,0.25966,0.945,7.875,1.9154509415706047,1.3110318766193438,6.207434667404568,2.000536988146413,0.8060293376166179
K2-398 c,K2-398,5.098,0.1654,830.975,0.102,5946.0,0.25966,0.945,8.264999999999999,3.169685580677429,0.6657759837638133,4.432140160378085,2.9850675570881746,0.8060293376166179
K2-4 b,K2-4,2.1,0.08,563.0,0.078,4014.73,-0.91516,0.635026,4.664,1.801709800081223,1.3862943611198906,2.8094026953624973,2.398205860924521,0.4506672557363636
K2-400 b,K2-400,1.163,0.0127599999999999,606.15,0.102,3578.0,-1.74791,0.374,6.975,0.9820784724121581,1.9213246735826988,3.255692212911882,1.582077609720457,0.32353172534547814
K2-401 b,K2-401,2.262,0.0465999999999999,767.571,0.102,4213.0,-0.8353,0.87,6.143,1.9080599249242156,1.3164082336557241,4.123262546939876,1.9869285585705945,0.5158131652770298
K2-402 b,K2-402,2.678,0.0361,849.6,0.102,5716.0,0.2095,0.944,10.327000000000002,2.157559320943788,1.1600209167967532,4.472113841157622,2.905519778448453,0.8241754429663495
K2-403 b,K2-403,5.333,0.236,949.0,0.102,5511.0,-0.17121,0.784,7.1656,3.242592351485517,0.6371057896763205,4.911794221353047,3.543564015837011,0.6344581842112658
K2-404 b,K2-404,2.53,0.0853,469.7600000000001,0.102,3748.0,-1.23901,0.552,3.901,2.0719132752590443,1.208960345836975,2.321954300681015,2.647263920386346,0.43954442176102704
K2-405 b,K2-405,4.569,0.1457999999999999,969.0,0.102,4927.0,-0.48798,1.034,3.9892,2.990719731730447,0.7371640659767197,4.9943500734658866,1.4896338107990876,0.5681506903852601
K2-406 b,K2-406,4.602,0.15733,707.2610000000001,0.102,5784.0,-0.05965,0.798,7.7582,3.005682604407159,0.7323678937132266,3.744394323770833,3.159100597214387,0.6734545472142092
K2-407 b,K2-407,1.283,0.0,940.372,0.102,5563.0,-0.12724,0.881,3.374,1.1600209167967532,1.9021075263969205,5.092747603348963,1.782030125622073,0.6559643894322293
K2-407 c,K2-407,1.36,0.0364,799.1800000000001,0.102,5563.0,-0.12724,0.881,6.077,1.2296405510745139,1.8389610707123492,4.418218335361067,2.324789735102236,0.6559643894322293
K2-408 b,K2-408,1.677,0.1237,671.626,0.102,5335.0,-0.33037,0.813,8.094,1.4929040961781488,1.6134299337036377,3.4864505956513185,3.090085586616408,0.5788580341578177
K2-409 b,K2-409,2.482,0.1352,1481.24,0.102,5742.0,0.17248,0.886,12.35,2.0438143640366846,1.2296405510745139,6.492576686861777,1.0674944450862722,0.8011043220650376
K2-411 b,K2-411,0.9898,0.0078,1388.8200000000002,0.0511,5711.0,0.25809,1.018,6.863999999999999,0.6611403844248589,1.8421356765531218,6.4297807664835425,1.4384360455228369,0.8649974374866045
K2-412 b,K2-412,2.116,0.0444,1081.3,0.0586,5590.0,-0.07054,0.893,9.885,1.81319474994812,1.3812818192963463,5.499288925837036,1.9370423748833003,0.6815805441884798
K2-413 b,K2-413,0.7599,0.177,1552.9,0.0117,4116.0,-0.83322,0.808,3.374,0.30968815271439554,1.713797927758343,6.827363760481177,0.5929952986095042,0.5306282510621704
K2-413 c,K2-413,1.2327,0.045,791.046,0.0426,4116.0,-0.83322,0.808,5.558999999999999,1.11514159061932,1.9473377010464987,4.256023972755757,1.8453160338196106,0.5306282510621704
K2-414 b,K2-414,1.219,0.0084999999999999,800.1,0.0487,4343.0,-0.70538,0.8139999999999998,8.257000000000001,1.091923300517313,1.9473377010464987,4.292006189521619,1.6807534178506953,0.5492768101402434
K2-414 c,K2-414,1.9287,0.033,745.1859999999999,0.0552,4343.0,-0.70538,0.8139999999999998,6.842999999999999,1.682688374173693,1.4701758451005928,4.045329372736371,2.0371862287827223,0.5492768101402434
K2-415 b,K2-415,1.015,0.1256999999999999,412.4,0.027,3173.0,-2.45469,0.1635,5.0667,2.1400661634962708,1.269760544863939,1.7613002617433464,1.6130253498786067,0.17940062836629098
K2-416 b,K2-416,2.66,0.0772,447.0,0.0879999999999999,3746.0,-1.27003,0.548,1.5090100000000004,7.410775146787854,1.269760544863939,2.799701352695952,2.6463166312968487,0.4408322519454557
K2-417 b,K2-417,3.31,0.06896,558.0,0.063,3861.0,-1.20204,0.569,1.84001,6.551398135111042,1.269760544863939,3.1205340308105933,2.019558832078459,0.4559047048662339
K2-419 A b,K2-419 A,10.55,0.042,377.0,0.1208,3711.0,-1.27654,0.562,7.4,5.2832037287379885,0.6502396795486688,1.4586150226995167,3.061448500298989,0.4324315563379787
K2-42 b,K2-42,2.15,0.0184,671.707,0.0617,4613.0,-0.70324,0.702,7.033,1.8357763546448291,1.3635373739972745,3.8088822465086327,2.0396554687408246,0.49652383905513103
K2-43 b,K2-43,4.51,0.07,939.3,0.03784,3840.6,-1.21241,0.571,4.684599999999999,2.970414465569701,0.7466879474879752,3.912023005428146,1.4976454225744285,0.4330802751411378
K2-43 c,K2-43,2.42,0.0,1093.7,0.102,3840.6,-1.21241,0.571,4.819,2.0068708488450007,1.252762968495368,5.405468636929012,1.1628019989782568,0.4330802751411378
K2-44 b,K2-44,2.433,0.0,1211.0,0.06,5912.0,0.42968,1.15,4.784800000000001,2.0149030205422647,1.247032293786383,6.472346294500901,1.8956689326185665,0.9477893989335261
K2-45 b,K2-45,6.71,0.1,1073.56,0.0224,4103.0,-0.73994,0.503,6.267,3.6216707044204863,0.5080216964332565,4.61512051684126,1.0040335879343931,0.3681093215643954
K2-46 b,K2-46,2.05,0.0094,889.0,0.13821,6256.0,0.41312,0.96,4.5159,1.7681496035889213,1.410986973710262,4.787491742782046,3.003407741640086,0.8285518175661483
K2-47 b,K2-47,1.89,0.0381,471.7,0.1779,5054.0,-0.48202,0.75,6.655999999999999,1.6544112780768316,1.4906543764441333,2.4595888418037104,3.485452742102496,0.5653138090500605
K2-48 b,K2-48,2.24,0.0,513.5,0.1344,4899.0,-0.65663,0.77,5.446,1.8946168546677629,1.324418957401803,2.791165107812717,3.0683552150238427,0.5481214085096876
K2-49 b,K2-49,1.93,0.0303,746.2470000000001,0.0309,4175.0,-0.77386,0.51,4.561999999999999,1.682688374173693,1.4701758451005928,4.0943445622221,1.327247400391473,0.37156355643248307
K2-5 b,K2-5,1.91,0.0598999999999999,565.0,0.0532,3930.0,-1.08341,0.61,3.196,1.6695918352538475,1.4816045409242156,3.2228678461377385,1.9074573695369343,0.4510756193602167
K2-5 c,K2-5,2.26,0.0371,456.0,0.0818,3930.0,-1.08341,0.61,4.211,1.9065751436566365,1.3164082336557241,2.4159137783010487,2.4792582274433235,0.4510756193602167
K2-50 b,K2-50,1.59,0.0,519.3,0.0704999999999999,4326.0,-0.87356,0.611,3.966,1.423108334242607,1.6695918352538475,2.9856819377004897,2.277564676681904,0.4356709501652303
K2-52 b,K2-52,18.0,0.0078,2004.0,0.054,7147.0,0.02701,1.6909999999999998,1.7434,2.3243465847755584,1.269760544863939,7.025538314638521,1.511837211387714,1.1606476795875624
K2-53 b,K2-53,2.6,0.0,665.0,0.098,5263.0,-0.5788,0.851,4.3062,2.1126345090356,1.184789984909162,3.979681653901961,2.5808015071199515,0.5916680116100914
K2-54 b,K2-54,2.6116925,0.24,560.0,0.0761,3990.0,-1.02228,0.615,4.523,2.1198634561787513,1.1817271953786161,1.9600947840472698,2.377998641083914,0.49652383905513103
K2-55 b,K2-55,4.43,0.07,900.0,0.03486,4300.0,-0.78432,0.688,5.9671,3.8066624897703196,1.33500106673234,4.957937505095806,1.3478837797212446,0.5394130806179032
K2-57 b,K2-57,2.30905002,0.25,635.8,0.0752,4413.0,-0.8122,0.6990000000000001,6.8,1.937301774518713,1.2947271675944,3.2228678461377385,2.303314826673647,0.5134222496132567
K2-58 b,K2-58,2.68,0.0,846.9,0.0692,5413.0,-0.39764,0.89,4.794,2.157559320943788,1.1568811967920856,4.77912349311153,2.0859875696123074,0.6205764877251099
K2-58 c,K2-58,1.62,0.0,1170.4,0.035,5413.0,-0.39764,0.89,4.628,1.449269160281279,1.6505798557652755,6.137727054086234,1.263352416144844,0.6205764877251099
K2-58 d,K2-58,1.71,0.0,562.8,0.1517,5413.0,-0.39764,0.89,4.136,1.5195132049061133,1.5933085305042167,3.242592351485517,3.173154347459632,0.6205764877251099
K2-59 b,K2-59,2.41,0.002,527.7,0.1354,5055.0,-0.66037,0.7740000000000001,5.126,2.0001277349601105,1.2556160374777745,2.89591193827178,3.0769481389626563,0.5486992761940722
K2-59 c,K2-59,2.3,0.033,668.201,0.0905,5055.0,-0.66037,0.7740000000000001,5.719,1.9315214116032138,1.297463147413275,3.6712245188752153,2.509225208689175,0.5486992761940722
K2-6 b,K2-6,2.5,0.0,615.0,0.1898,5850.0,-0.12006,0.97,3.656999999999999,2.0541237336955462,1.2208299213923592,3.3877743613300146,3.463918940623236,0.6729444732424258
K2-60 b,K2-60,7.655747,0.0,1400.0,0.045,5500.0,0.28233,0.97,10.0,4.915559340192236,0.9932517730102834,7.10085190894405,1.3869566417636425,0.7514160886839212
K2-61 b,K2-61,1.92,0.0,1325.0,0.0392,5748.0,-0.01524,0.97,3.749,1.6770965609079151,1.4770487243883548,6.594413459749778,1.2735063296332678,0.6906440503418267
K2-62 b,K2-62,2.02,0.0144,666.0,0.0636,4455.0,-0.72658,0.67,4.229999999999999,1.747459210331475,1.425515074273172,3.8649313978942956,2.037576034139203,0.5282725373697112
K2-62 c,K2-62,1.99,0.0184,495.0,0.1148,4455.0,-0.72658,0.67,2.8325,1.7263316639055994,1.4398351280479205,2.72785282839839,2.844733205510223,0.5282725373697112
K2-63 b,K2-63,3.22,0.0287,897.9200000000001,0.1627,6771.0,0.21948,1.4,1.743,2.4423470353692043,1.0043016091968684,5.241747015059643,3.0566862528909886,0.9669838461896731
K2-63 c,K2-63,3.9,0.0,892.1,0.189,6771.0,0.21948,1.4,1.61,2.740840023925201,0.8501509293696101,4.941642422609304,3.2754678561215873,0.9669838461896731
K2-64 b,K2-64,2.07,0.0351999999999999,810.6,0.0619,5312.0,-0.23421,0.7410000000000001,7.043999999999999,1.7817091333745536,1.4011829736136412,4.59511985013459,2.0189534730395917,0.5458065926612362
K2-65 b,K2-65,1.58,0.0,679.4,0.1014,5213.0,-0.328,0.87,2.939,1.415853163361435,1.6770965609079151,3.828641396489095,2.6135563546737757,0.6097655716208943
K2-66 b,K2-66,2.49,0.0,1372.0,0.05983,5887.0,0.50621,1.11,5.047000000000001,3.104586678466073,2.174751721484161,6.734591659972948,1.803297647694598,0.9820784724121581
K2-68 b,K2-68,1.58,0.0072,671.02,0.0708,4746.0,-0.67323,0.73,4.986,1.415853163361435,1.6770965609079151,3.7376696182833684,2.2032375740933463,0.5158131652770298
K2-69 b,K2-69,2.32,0.0687,512.784,0.0591,4127.0,-1.35611,0.551,4.681,1.9444805562457188,1.2919836816486496,2.9391619220655967,2.087656456678526,0.3994470357826014
K2-7 b,K2-7,4.03523305,0.24,786.0,0.1867,5700.0,0.35025,1.056,8.6,2.791165107812717,0.8241754429663495,4.836281906951478,3.39040940007755,0.9294043710195381
K2-70 b,K2-70,2.89,0.0,736.9,0.1112,5622.0,-0.42935,0.94,4.119,2.272125885509337,1.091923300517313,4.143134726391533,2.7066465497777825,0.6575200029167942
K2-71 b,K2-71,2.15,0.15,513.4,0.0559,4006.0,-1.51871,0.477,4.51,1.8357763546448291,1.3635373739972745,2.667228206581955,2.0776161266230653,0.3548733219921042
K2-72 b,K2-72,1.08,0.11,443.338,0.04,3360.47,-1.83673,0.271365,5.711,0.8241754429663495,1.884034745337226,2.2512917986064953,1.8836109473408529,0.2859222749160138
K2-72 c,K2-72,1.16,0.11,324.22,0.078,3360.47,-1.83673,0.271365,4.73801,0.9745596399981308,1.918392120161421,1.1631508098056809,2.7843340994486514,0.2859222749160138
K2-72 d,K2-72,1.01,0.11,419.0,0.05,3360.47,-1.83673,0.271365,4.476,0.6981347220709844,1.8547342683894434,1.8562979903656263,2.170216224376562,0.2859222749160138
K2-72 e,K2-72,1.29,0.11,278.07000000000005,0.106,3360.47,-1.83673,0.271365,3.68701,1.1662709371419244,1.8961194845522977,0.7884573603642702,3.2252104387691927,0.2859222749160138
K2-73 b,K2-73,2.58,0.0558,968.0,0.07619,5867.0,0.07609,1.02,5.258,2.322387720290225,1.33500106673234,5.3471075307174685,2.1395436740812697,0.7217346374118578
K2-73 c,K2-73,13.0,0.27013,186.1,0.102,5867.0,0.07609,1.02,5.545,7.04141166379481,1.3506671834767394,0.2507587183471831,6.90875477931522,0.7217346374118578
K2-74 b,K2-74,2.31,0.0,720.4,0.1402,6060.0,0.05957,0.96,0.766,1.9387416595767009,1.2947271675944,4.096009841541162,3.023668400746893,0.6830968447064438
K2-75 b,K2-75,2.67,0.2167,1116.4,0.081,5995.0,0.34943,1.16,5.899800000000001,2.1529243184396396,1.1631508098056809,6.066108090103747,2.176364057335488,0.9400072584914712
K2-75 c,K2-75,2.77,0.1702,824.3,0.1429,5995.0,0.34943,1.16,5.925800000000001,2.2082744135228043,1.128171090909654,4.9344739331306915,2.9606748817385884,0.9400072584914712
K2-77 b,K2-77,2.4996027,0.29,806.0,0.0753,5160.0,-0.39686,0.847,4.7,6.405025131576295,1.269760544863939,4.07753744390572,2.219212657925958,0.5833323145527387
K2-79 b,K2-79,4.09,0.23,1022.0,0.0988,5897.0,0.01823,1.066,6.5,2.322387720290225,0.5481214085096876,5.204006687076795,2.4844648855578835,0.8175747589349973
K2-8 b,K2-8,3.58,0.1672,631.0,0.0856,4870.0,-0.55319,0.78,3.4620000000000006,2.6026896854443837,0.9162907318741551,3.655839600035736,2.42942829444732,0.5538851132264376
K2-8 c,K2-8,2.41,0.016,801.0,0.0532,4870.0,-0.55319,0.78,5.213,2.0001277349601105,1.2556160374777745,4.593097604753822,1.8023960332162612,0.5538851132264376
K2-80 b,K2-80,2.01,0.0,633.7,0.135,5441.0,-0.43238,0.9,4.484,1.7404661748405044,1.430311246536665,3.5115454388310208,3.0003117716276235,0.6259384308664953
K2-80 c,K2-80,1.47,0.0,958.98,0.0596,5441.0,-0.43238,0.9,4.483,1.324418957401803,1.752672080520008,5.117993812416755,1.8878269379742887,0.6259384308664953
K2-80 d,K2-80,2.55211506,0.0,547.8,0.102,5377.0,-0.43238,0.913111,3.196,2.084429083190875,1.2029723039923526,3.1575551241462727,3.3967626628165046,0.6105576491489972
K2-81 b,K2-81,1.97,0.06,793.908,0.059,4674.13,-0.5689,0.7452730000000001,4.770999999999999,1.7119945007591926,1.449269160281279,4.157319361383489,1.9604221952311105,0.49143666689640075
K2-83 b,K2-83,1.244,0.07,750.467,0.03014,3910.0,-1.20362,0.484,6.060699999999999,1.1249295969854831,1.937301774518713,3.7495040759303713,1.3209475133743749,0.353469812989784
K2-83 c,K2-83,1.483,0.06,447.204,0.07131,3910.0,-1.20362,0.484,5.4497,1.33500106673234,1.7439688053917064,2.130609828254235,2.397683432179913,0.353469812989784
K2-84 b,K2-84,2.41,0.0,972.5,0.0665,5652.0,-0.42274,0.95,4.373,2.0001277349601105,1.2556160374777745,5.187385805840755,2.0043811930826827,0.6575200029167942
K2-84 c,K2-84,2.03,0.0,551.2,0.1768,5652.0,-0.42274,0.95,4.499999999999999,1.7544036826842861,1.420695787837223,3.269568939183719,3.3624565533457247,0.6575200029167942
K2-85 b,K2-85,1.4,0.24,1355.0,0.013,4232.0,-0.81171,0.7,6.062499999999999,1.4350845252893227,1.9315214116032138,6.68586094706836,0.5214917139429218,0.5364933705145685
K2-86 b,K2-86,1.96,0.0,815.5,0.077,5482.0,-0.38611,0.79,4.447,1.7047480922384253,1.4539530095937054,4.3694478524670215,2.280015300625613,0.5653138090500605
K2-87 b,K2-87,7.6,0.1888999999999999,979.0,0.094,5747.0,-0.09769,1.164,4.8637,3.8264651170664994,0.44596705141749426,4.454347296253507,2.372728315906345,0.8758853172391161
K2-88 b,K2-88,1.23,0.26,461.543,0.0345,3537.0,-1.54478,0.258,5.155,1.1118575154181303,1.9487632180377197,2.174751721484161,1.7249427995239444,0.22793206804600694
K2-89 b,K2-89,0.615,0.15,836.344,0.01462,3691.0,-1.32653,0.347,6.755,0.15700374880966467,1.6134299337036377,4.3694478524670215,0.7400431709620122,0.27611543608031547
K2-9 b,K2-9,2.25,0.152,314.0,0.091,3390.0,-1.92082,0.3,1.0,1.900613874140137,1.3190856114264407,0.8586616190375187,2.9678367872352376,0.2700271372130601
K2-90 b,K2-90,2.6,0.07,502.0,0.096,4484.0,-0.95318,0.629,3.0850000000000004,2.1126345090356,1.184789984909162,2.4159137783010487,2.6901111881974873,0.48180867469549804
K2-90 c,K2-90,1.3,0.19,789.546,0.035,4421.98,-0.95318,0.704613,3.193,1.1755733298042381,1.8870696490323797,4.404277243608702,1.3611575623934622,0.49149233431357237
K2-91 b,K2-91,1.1,0.09,726.2,0.0164,3622.0,-1.84126,0.2919999999999999,3.191,0.8628899551470399,1.8961194845522977,3.8501476017100584,0.8835811591643709,0.2499802052677694
K2-95 b,K2-95,3.31,0.16,474.0,0.0525,3566.0,-1.63451,0.41,0.79,2.4849066497880004,0.9820784724121581,2.421902207816464,2.4100614546701453,0.33647223662121295
K2-97 b,K2-97,13.45077684,0.207,1566.0,0.0853999999999999,4673.0,0.86688,1.17,7.5,5.167569498835366,0.3307415619122279,4.746226941904191,2.2414663178539658,1.6370530794670737
K2-98 b,K2-98,5.06645928,0.119,1185.0,0.0986,6260.0,0.50379,1.246,3.4,3.5555663105285022,0.8754687373538999,5.8289456176102075,2.4102490945898976,0.9234649356221554
K2-99 b,K2-99,11.88151954,0.22,1184.0,0.153,6069.0,0.89927,1.44,3.7,5.625859541774502,0.6418538861723948,5.8805329864007,2.9573983271068696,1.2669476034873244
K2-99 c,K2-99,12.6,0.21,390.0,1.4300000000000002,6069.0,0.89927,1.44,3.7,7.89011783792928,2.1198634561787513,2.418131189302593,6.259963800142989,1.2669476034873244
KELT-10 b,KELT-10,15.681391,0.0351999999999999,1377.0,0.0525,5948.0,0.21748,1.112,4.5,5.379005573534365,0.2684992530350069,6.398594934535208,1.6421517130126349,0.7925399244379802
KELT-11 b,KELT-11,15.13212395,0.0,1712.0,0.0623,5375.0,0.74429,1.44,4.65,4.19199780445597,0.08892620919440142,7.2682230211595655,1.7467984781587584,1.3056264580524357
KELT-12 b,KELT-12,19.95202,0.0,1800.0,0.06708,6279.0,0.89209,1.5909999999999995,2.2,5.713529814611081,0.18979357163265562,7.4673710669175595,1.7970161287524484,1.2149127443642704
KELT-14 b,KELT-14,19.537287,0.0,1970.0,0.03005,5720.0,0.27875,1.2390000000000003,5.11,6.013944274047546,0.27914574142949455,6.717941324141745,0.9969695202823643,0.924258901523332
KELT-15 b,KELT-15,19.50366,0.0,1642.0,0.04613,6003.0,0.41162,2.06,3.837600000000001,6.033942689458019,0.3074846997479606,7.386323254295234,1.4654382033964786,1.0224509277025458
KELT-17 b,KELT-17,17.093725,0.0733,2087.0,0.04881,7454.0,0.87564,1.6350000000000002,0.65,6.033942689458019,0.3784364357202451,8.11158928367585,1.4061390463551522,0.9726710653102627
KELT-18 b,KELT-18,17.59813,0.0,2085.0,0.0455,6670.0,0.81291,1.524,1.9,5.9296939251341385,0.3199072197465178,8.056109659545061,1.353707066120089,1.0674655596712728
KELT-19 A b,KELT-19 A,21.40919,0.0692,1935.0,0.0637,7500.0,0.97772,1.62,0.9069999999999998,7.165932404992124,0.5561813254867879,7.75833346749091,1.7248553611836663,1.0402767116551463
KELT-2 A b,KELT-2 A,15.13215,0.0,2080.0,0.05497,6327.0,0.6889,1.54,3.97,6.2939939750448195,0.6471032420585385,8.042201140659076,1.631940812279278,1.0750024230289759
KELT-20 b,KELT-20,19.514869,0.0,2262.0,0.0542,8720.0,1.1038,1.7600000000000002,0.6,6.980913784821053,0.5911144549947938,8.381029766603366,1.4983071140032065,0.9419584786227329
KELT-21 b,KELT-21,17.777474,0.0,2051.0,0.05224,7598.0,0.90472,1.4579999999999995,1.6,7.125858388586117,0.8064758658669486,7.989899374942939,1.5288273952539193,0.9700210542951229
KELT-23 A b,KELT-23 A,14.829507,0.0,1561.0,0.03302,5899.0,0.03383,0.944,6.4,5.700860008408718,0.4074631107708374,6.899907566077755,1.1802693848227213,0.6911451778892722
KELT-24 b,KELT-24,12.71098411,0.0319,1391.0,0.0665,6426.0,0.43933,1.268,1.98,7.2860769054613685,1.589235205116581,6.437751649736401,1.8796929564988485,0.8492958630498767
KELT-3 b,KELT-3,17.48604,0.0,1816.0,0.04123,6304.0,0.62523,1.96,3.0,6.425825130709023,0.5596157879354227,7.4416546446986365,1.3092486163965147,0.9932517730102834
KELT-4 A b,KELT-4 A,19.044091,0.0,1823.0,0.04317,6206.0,0.53529,1.201,4.44,5.66185799762538,0.20538682972495073,7.518064181233078,1.3836892708168012,0.9566646260124283
KELT-6 b,KELT-6,14.5717,0.22,1313.0,0.07939,6102.0,0.493,1.4199999999999997,6.1,5.113622595908496,0.23901690047049992,6.578122797812426,2.1799314652377744,1.0043016091968684
KELT-6 c,KELT-6,13.0,0.21,671.954,2.390000000000001,6272.0,0.493,1.126,4.9,7.073396234879773,1.3737155789130306,3.890100344534786,7.152268856032539,0.927823967687828
KELT-7 b,KELT-7,17.9344,0.0,2048.0,0.04415,6768.0,0.758,1.7600000000000002,1.3,6.093081388955488,0.36603103886275734,7.482338494039346,1.317686237036735,1.0331844833456545
KELT-8 b,KELT-8,18.15858,0.04,1675.0,0.0455,5754.0,0.26483,0.81,5.4,5.350757053576371,0.15443635330441893,6.891940684899733,1.4455203582578338,0.9001613499442714
KIC 10068024 b,KIC 10068024,13.4,0.1009,1863.9,0.102,6118.4,0.496,1.22,0.56,6.45623075686015,0.8960880245566356,7.59200747517342,1.1228329199741371,0.9454611091739349
KIC 10525077 b,KIC 10525077,5.5,0.188,356.0,0.102,6091.0,0.12899,1.01,2.6182,3.292126286607793,0.6178846960593984,1.4696857556770684,6.75119854024858,0.6981347220709844
KIC 3558849 b,KIC 3558849,6.9,0.0507,342.92,0.102,6175.0,0.40531,0.98,3.4192,3.66612246699132,0.49286529838899784,1.4479204018760123,7.187883895779004,0.6981347220709844
KIC 5437945 b,KIC 5437945,6.4,0.0,308.0,1.19671,6340.0,0.64137,1.07,5.01,3.543853682063679,0.532978428407124,1.3609765531356006,6.090814963245484,0.8064758658669486
KIC 5479689 b,KIC 5479689,14.2,0.1048899999999999,1275.607,0.102,5459.1,-0.20099,0.966,4.265,5.074637443287109,0.26620304077465673,5.928024990771293,0.9938186493425671,0.6386909947638865
KIC 7917485 b,KIC 7917485,12.4,0.15,717.9,0.102,7067.0,0.99564,1.63,1.4195,8.229882783222072,2.468099531471619,3.763674020395805,6.734591659972948,1.101919480541998
KIC 8121913 b,KIC 8121913,13.4,0.1058,1619.2,0.102,5975.3,0.73994,1.456,2.8990000000000005,6.50494612275914,0.924258901523332,7.099513070717441,1.4573586524014241,1.173410498743296
KIC 8540376 b,KOI-7892,4.1,0.0509,743.0,0.102,6474.0,0.2987,1.04,2.5360000000000005,2.8213788864092133,0.8153648132841945,4.065160539895254,3.4907302991171005,0.8153648132841945
KIC 8540376 c,KOI-7892,2.4,0.0060999999999999,615.6,0.102,6474.0,0.2987,1.04,1.5630000000000002,1.9947003132247452,1.2584609896100059,3.629859162814062,4.333361462692601,0.8153648132841945
KIC 9663113 b,KIC 9663113,4.6,0.0,264.0,1.55346,6065.0,0.7919,0.98,2.14,3.005682604407159,0.7323678937132266,1.471554205070714,6.351556870149429,0.708035793053696
KMT-2016-BLG-1105L b,KMT-2016-BLG-1105L,1.33,0.251,292.98,2.44,5549.0,-0.07632,0.41,9.3445,1.199964782928397,1.8594181177018698,0.8778879721039484,2.4950335327117,0.668536814587228
KMT-2016-BLG-1107L b,KMT-2016-BLG-1107L,13.1,0.2742,672.2,0.342,5549.0,-0.07632,0.087,6.44,6.950814768442584,1.2669476034873244,3.762232434446267,2.4950335327117,0.668536814587228
KMT-2016-BLG-1836L b,KMT-2016-BLG-1836L,13.3,0.2476,59.94,3.5000000000000004,5549.0,-0.07632,0.49,6.722,6.55250788703459,0.9669838461896731,0.04851156725546708,2.4950335327117,0.668536814587228
KMT-2016-BLG-2321L b,KMT-2016-BLG-2321L,13.8,0.2854599999999999,654.8,3.58,5549.0,-0.07632,0.73,5.9118,5.713524819030195,0.4891933236388768,3.5494701421784085,2.4950335327117,0.668536814587228
KMT-2016-BLG-2364L b,KMT-2016-BLG-2364L,13.0,0.491373,55.9,2.63,5549.0,-0.07632,0.5,6.938,7.1316985104669115,1.4182774069729414,0.036777557100475484,2.4950335327117,0.668536814587228
KMT-2016-BLG-2397L b,KMT-2016-BLG-2397L,13.2,0.3537099999999999,64.25,3.64,5549.0,-0.07632,0.64,6.7780000000000005,6.729824070489475,1.0986122886681096,0.04851156725546708,2.4950335327117,0.668536814587228
KMT-2017-BLG-0165L b,KMT-2017-BLG-0165L,6.45,0.1941,662.5,3.45,5549.0,-0.07632,0.76,7.2637,3.5553480614894135,0.5282725373697112,3.7501406684862766,2.4950335327117,0.668536814587228
KMT-2017-BLG-0428L b,KMT-2017-BLG-0428L,2.23,0.1427999999999999,319.88,1.8100000000000005,5549.0,-0.07632,0.3399999999999999,7.845000000000001,1.8855533485144158,1.3270750014599193,1.1497938827803629,2.4950335327117,0.668536814587228
KMT-2017-BLG-0673L b,KMT-2017-BLG-0673L,13.0,0.534773,137.25,2.34,5549.0,-0.07632,0.63,6.878,7.062560247878469,1.366091653802371,0.08995848899330242,2.4950335327117,0.668536814587228
KMT-2017-BLG-0849L b,KMT-2017-BLG-0849L,2.41,0.0867999999999999,155.68,2.73,5549.0,-0.07632,0.19,7.627000000000001,2.0001277349601105,1.2556160374777745,0.11645601804659517,2.4950335327117,0.668536814587228
KMT-2017-BLG-1003L b,KMT-2017-BLG-1003L,2.13,0.1456,353.1,1.3799999999999997,5549.0,-0.07632,0.32,8.355,1.8229350866965048,1.3737155789130306,1.483693257008765,2.4950335327117,0.668536814587228
KMT-2017-BLG-1038L b,KMT-2017-BLG-1038L,13.4,0.2477999999999999,188.01,1.8000000000000005,5549.0,-0.07632,0.37,6.286,6.46302945692067,0.9001613499442714,0.22427987616610623,2.4950335327117,0.668536814587228
KMT-2017-BLG-1057L b,KMT-2017-BLG-1057L,5.19,0.2597,543.6,2.36,5549.0,-0.07632,0.57,7.754300000000001,3.1986731175506815,0.6544063522435147,2.7531856409783297,2.4950335327117,0.668536814587228
KMT-2017-BLG-1146L b,KMT-2017-BLG-1146L,14.0,0.30901,662.4,1.6000000000000003,5549.0,-0.07632,0.33,5.229,5.442417710521793,0.37912113276856246,3.7141308844500536,2.4950335327117,0.668536814587228
KMT-2017-BLG-1194L b,KMT-2017-BLG-1194L,1.7,0.1223,319.4,1.7800000000000002,5549.0,-0.07632,0.41,10.401,1.5129270120532565,1.601405740736836,1.1561483357986,2.4950335327117,0.668536814587228
KMT-2017-BLG-2331L b,KMT-2017-BLG-2331L,14.2,0.34987,658.866,2.14,5549.0,-0.07632,0.4,3.9403,5.147494476813453,0.28367405105424215,3.742571115747934,2.4950335327117,0.668536814587228
KMT-2017-BLG-2509L b,KMT-2017-BLG-2509L,13.4,0.2502999999999999,174.53000000000003,2.14,5549.0,-0.07632,0.4600000000000001,6.722,6.500180001977792,0.924258901523332,0.16259057358484796,2.4950335327117,0.668536814587228
KMT-2018-BLG-0029L b,KMT-2018-BLG-0029L,2.67,0.1352,577.2,4.27,5549.0,-0.07632,1.14,1.7856,2.150598735996164,1.1600209167967532,3.3754539037733764,2.4950335327117,0.668536814587228
KMT-2018-BLG-0030L b,KMT-2018-BLG-0030L,13.6,0.25898,62.24,4.39,5549.0,-0.07632,0.51,6.586,6.1352427399542115,0.6981347220709844,0.04851156725546708,2.4950335327117,0.668536814587228
KMT-2018-BLG-0087L b,KMT-2018-BLG-0087L,10.1,0.31799,652.601,0.87,5549.0,-0.07632,0.1,5.156000000000001,4.305422733490688,0.3293037471426004,3.5257883639483736,2.4950335327117,0.668536814587228
KMT-2018-BLG-0247L b,KMT-2018-BLG-0247L,13.4,0.2385999999999999,174.53000000000003,2.46,5549.0,-0.07632,0.2899999999999999,5.922,6.509689635343987,0.9282193027394289,0.16337013578309356,2.4950335327117,0.668536814587228
KMT-2018-BLG-0748L b,KMT-2018-BLG-0748L,9.01,0.2644999999999999,578.8,0.62,5549.0,-0.07632,0.087,5.607100000000001,4.110873864173311,0.3722529739020508,3.7675050861930237,2.4950335327117,0.668536814587228
KMT-2018-BLG-1025L b,KMT-2018-BLG-1025L,2.34,0.2206999999999999,675.25,1.305,5549.0,-0.07632,0.219,8.355,1.9543033984133351,1.2809338454620645,3.9010290412526785,2.4950335327117,0.668536814587228
KMT-2018-BLG-1743L b,KMT-2018-BLG-1743L,10.5,0.2630899999999999,659.5,1.449,5549.0,-0.07632,0.1929999999999999,5.1321,4.367775058050313,0.31481073984003355,3.682695376448622,2.4950335327117,0.668536814587228
KMT-2018-BLG-1976L b,KMT-2018-BLG-1976L,13.3,0.31344,675.11,3.54,5549.0,-0.07632,0.65,6.448300000000001,6.560435104624764,0.9745596399981308,3.7929345374865484,2.4950335327117,0.668536814587228
KMT-2018-BLG-1988L b,KMT-2018-BLG-1988L,2.22,0.1427999999999999,314.63,3.09,5549.0,-0.07632,0.4699999999999999,8.975,1.8809906029559977,1.332366019094335,1.0222387589492723,2.4950335327117,0.668536814587228
KMT-2018-BLG-1990L b,KMT-2018-BLG-1990L,12.9,0.184542,647.61,0.763,5549.0,-0.07632,0.094,4.9887,4.718498871295094,0.2499802052677694,3.553573486048807,2.4950335327117,0.668536814587228
KMT-2018-BLG-1996L b,KMT-2018-BLG-1996L,13.7,0.19546,158.68,4.27,5549.0,-0.07632,0.69,6.022,5.850571735977972,0.5538851132264376,0.11503877293778404,2.4950335327117,0.668536814587228
KMT-2018-BLG-2602L b,KMT-2018-BLG-2602L,13.7,0.19874,173.54000000000002,3.81,5549.0,-0.07632,0.6599999999999999,7.086,5.9040058011092125,0.5771750043075246,0.16128790644484703,2.4950335327117,0.668536814587228
KMT-2019-BLG-0253L b,KMT-2019-BLG-0253L,2.99,0.09,578.46,3.1,5549.0,-0.07632,0.7,9.011,2.322387720290225,1.0612565021243408,3.321951568690044,2.4950335327117,0.668536814587228
KMT-2019-BLG-0371L b,KMT-2019-BLG-0371L,12.6,0.2739,668.8,0.79,5549.0,-0.07632,0.09,5.056,7.803140499037699,2.0438143640366846,3.711548825190891,2.4950335327117,0.668536814587228
KMT-2019-BLG-0414L b,KMT-2019-BLG-0414L,12.9,0.24293,668.01,1.16,5549.0,-0.07632,0.74,7.0943,7.281713084146761,1.551808799597464,3.7700443171980154,2.4950335327117,0.668536814587228
KMT-2019-BLG-0578L b,KMT-2019-BLG-0578L,13.7,0.2598399999999999,61.42999999999999,2.0,5549.0,-0.07632,0.28,6.286,5.94645172185273,0.596085467716814,0.04756495368513915,2.4950335327117,0.668536814587228
KMT-2019-BLG-0842L b,KMT-2019-BLG-0842L,3.19,0.0908,745.4,3.3100000000000005,5549.0,-0.07632,0.76,8.450999999999999,2.423031246069913,1.007957920399979,3.7693073440050595,2.4950335327117,0.668536814587228
KMT-2019-BLG-0953L b,KMT-2019-BLG-0953L,4.06,0.2094,373.52,1.1,5549.0,-0.07632,0.28,6.81,2.803360380906535,0.8197798314933114,1.686017090363011,2.4950335327117,0.668536814587228
KMT-2019-BLG-1042L b,KMT-2019-BLG-1042L,9.05,0.2056479999999999,573.8,1.7000000000000002,5549.0,-0.07632,0.3,6.271,4.117204558873636,0.3701832939635246,3.538349641063548,2.4950335327117,0.668536814587228
KMT-2019-BLG-1216L b,KMT-2019-BLG-1216L,5.98,0.2123999999999999,355.2,2.44,5549.0,-0.07632,0.39,8.189,3.4299749811096123,0.5698489642154517,1.489161453652709,2.4950335327117,0.668536814587228
KMT-2019-BLG-1339L b,KMT-2019-BLG-1339L,13.7,0.25048,157.21,2.1500000000000004,5549.0,-0.07632,0.48,7.086,5.986452005284438,0.6141039732194924,0.11723257921189885,2.4950335327117,0.668536814587228
KMT-2019-BLG-1367L b,KMT-2019-BLG-1367L,1.85,0.1223,293.28,1.7000000000000002,5549.0,-0.07632,0.25,8.587,1.6253112615903906,1.5129270120532565,0.9851876555160218,2.4950335327117,0.668536814587228
KMT-2019-BLG-1552L b,KMT-2019-BLG-1552L,13.0,0.3949,649.11,2.6000000000000005,5549.0,-0.07632,0.79,7.457299999999999,7.161005093022982,1.4398351280479205,3.508544085972803,2.4950335327117,0.668536814587228
KMT-2019-BLG-1715L b,KMT-2019-BLG-1715L,13.2,0.29771,64.25,3.32,5549.0,-0.07632,0.61,6.343,6.702747184045871,1.0784095813505903,0.04851156725546708,2.4950335327117,0.668536814587228
KMT-2019-BLG-1806L b,KMT-2019-BLG-1806L,2.0,0.141,633.8100000000001,3.0200000000000005,5549.0,-0.07632,0.74,9.573000000000002,1.7351891177396608,1.43746264769429,3.3204459390227123,2.4950335327117,0.668536814587228
KMT-2019-BLG-1953L b,KMT-2019-BLG-1953L,14.1,0.1470719999999999,721.6,0.102,5549.0,-0.07632,0.3099999999999999,6.2787,5.303304908059076,0.3307415619122279,3.7442263468671486,2.4950335327117,0.668536814587228
KMT-2019-BLG-2783L b,KMT-2019-BLG-2783L,13.7,0.18784,61.42999999999999,1.85,5549.0,-0.07632,0.3399999999999999,6.8287,5.912640342083472,0.5810976767513224,0.04882495348875071,2.4950335327117,0.668536814587228
KMT-2019-BLG-2974L b,KMT-2019-BLG-2974L,11.4,0.2561,668.71,2.0,5549.0,-0.07632,0.4699999999999999,5.0374,4.499720265889363,0.2851789422336624,3.728389138224023,2.4950335327117,0.668536814587228
KMT-2020-BLG-0414L b,KMT-2020-BLG-0414L,1.2,0.251,313.9,2.07,5549.0,-0.07632,0.49,9.3445,1.0543120297715298,1.9387416595767009,1.002330941260409,2.4950335327117,0.668536814587228
KMT-2021-BLG-0119L b,KMT-2021-BLG-0119L,12.8,0.3005,619.4100000000001,2.9199999999999995,5549.0,-0.07632,0.56,6.8583,7.470459325699366,1.7227665977411035,3.3667164075221954,2.4950335327117,0.668536814587228
KMT-2021-BLG-0171L b,KMT-2021-BLG-0171L,3.35,0.3003,584.76,3.5000000000000004,5200.0,-0.07632,0.78,8.998000000000001,2.501435951739211,0.9707789171582246,3.7540248331653077,2.4950335327117,0.668536814587228
KMT-2021-BLG-0192L b,KMT-2021-BLG-0192L,6.56,0.1879479999999999,334.277,1.62,5549.0,-0.07632,0.27,7.2637,3.5824384874791115,0.5193888544264786,1.3480909891543116,2.4950335327117,0.668536814587228
KMT-2021-BLG-0240L b,KMT-2021-BLG-0240L,9.6,0.2134999999999999,530.4,2.8,5549.0,-0.07632,0.56,5.2363,4.215735385239287,0.34712953109520095,3.0045672479417798,2.4950335327117,0.668536814587228
KMT-2021-BLG-0320L b,KMT-2021-BLG-0320L,6.2,0.2586,548.5319999999999,1.54,5549.0,-0.07632,0.32,6.411,3.489905229109467,0.5498540107334691,2.839776097146316,2.4950335327117,0.668536814587228
KMT-2021-BLG-0322L b,KMT-2021-BLG-0322L,12.7,0.2795799999999999,705.2,0.102,5549.0,-0.07632,0.62,7.4193,7.618301123554137,1.8656293177945105,3.724353717165927,2.4950335327117,0.668536814587228
KMT-2021-BLG-0712L b,KMT-2021-BLG-0712L,6.91,0.2354,341.877,2.22,5549.0,-0.07632,0.22,6.688,3.66842161221154,0.4922542381805553,1.4452366117182815,2.4950335327117,0.668536814587228
KMT-2021-BLG-0736L b,KMT-2021-BLG-0736L,4.86,0.2269,362.7,4.0,5549.0,-0.07632,0.6000000000000001,8.189,3.091042453358316,0.6981347220709844,1.6687354854797811,2.4950335327117,0.668536814587228
KMT-2021-BLG-0748L b,KMT-2021-BLG-0748L,14.3,0.3198,659.0600000000001,2.43,5549.0,-0.07632,0.36,3.349,4.969971503380563,0.23822918873225063,3.7574228019588336,2.4950335327117,0.668536814587228
KMT-2021-BLG-0909L b,KMT-2021-BLG-0909L,13.7,0.23148,189.91,1.75,5549.0,-0.07632,0.38,6.286,5.995117349544535,0.6184236343640088,0.22380020473873677,2.4950335327117,0.668536814587228
KMT-2021-BLG-0912L b,KMT-2021-BLG-0912L,1.49,0.3025,618.958,3.14,5549.0,-0.07632,0.8,11.218,1.3376291891386096,1.7351891177396608,3.3711954250980236,2.4950335327117,0.668536814587228
KMT-2021-BLG-1077L b,KMT-2021-BLG-1077L,9.86,0.2849,647.4010000000001,1.26,5549.0,-0.07632,0.14,5.1321,4.2615842001051005,0.33718626735486995,3.4969111887163997,2.4950335327117,0.668536814587228
KMT-2021-BLG-1077L c,KMT-2021-BLG-1077L,10.6,0.28419,659.0409999999999,0.9300000000000002,5549.0,-0.07632,0.14,4.6961,4.387724144868645,0.3126185577418125,3.73935767378103,2.4950335327117,0.668536814587228
KMT-2021-BLG-1105L b,KMT-2021-BLG-1105L,13.6,0.26598,62.15,3.54,5549.0,-0.07632,0.63,7.086,6.026293247506758,0.6434315883140125,0.04851156725546708,2.4950335327117,0.668536814587228
KMT-2021-BLG-1150L b,KMT-2021-BLG-1150L,13.9,0.25416,551.8399999999999,4.5,5549.0,-0.07632,0.73,6.4893,5.637247288299756,0.4523486940070148,2.9578362597582584,2.4950335327117,0.668536814587228
KMT-2021-BLG-1253L b,KMT-2021-BLG-1253L,4.59,0.2296,355.2,1.5200000000000002,5549.0,-0.07632,0.24,7.389,2.998229153752578,0.7323678937132266,1.5258861889267845,2.4950335327117,0.668536814587228
KMT-2021-BLG-1303L b,KMT-2021-BLG-1303L,13.6,0.18786,176.11,2.89,5549.0,-0.07632,0.57,4.7067,4.80217339346659,0.2342812957246657,0.16735152393716937,2.4950335327117,0.668536814587228
KMT-2021-BLG-1372L b,KMT-2021-BLG-1372L,9.12,0.3227,589.5,2.37,5549.0,-0.07632,0.4199999999999999,6.2973,4.13147976888436,0.3674170404706345,3.5820562780108753,2.4950335327117,0.668536814587228
KMT-2021-BLG-1391L b,KMT-2021-BLG-1391L,1.97,0.1223,314.07,2.29,5549.0,-0.07632,0.37,7.845000000000001,1.713797927758343,1.4516138272405332,1.169099487862669,2.4950335327117,0.668536814587228
KMT-2021-BLG-1547L b,KMT-2021-BLG-1547L,13.6,0.2861599999999999,656.72,4.5,5549.0,-0.07632,0.7199999999999999,6.6913,6.148912125380863,0.7030975114131134,3.707653784508703,2.4950335327117,0.668536814587228
KMT-2021-BLG-1689L b,KMT-2021-BLG-1689L,7.71,0.3137999999999999,613.5,2.5,4570.0,-0.07632,0.58,6.009299999999999,3.8501476017100584,0.43954442176102704,3.638866244141007,2.4950335327117,0.668536814587228
KMT-2021-BLG-1898L b,KMT-2021-BLG-1898L,14.0,0.3487699999999999,627.4,1.9,5549.0,-0.07632,0.48,5.6103,5.451101700964683,0.38185524246903063,3.3297521544838915,2.4950335327117,0.668536814587228
KMT-2021-BLG-2010L b,KMT-2021-BLG-2010L,13.8,0.1844599999999999,328.22,1.79,5549.0,-0.07632,0.37,6.6107,5.83210648588673,0.5370779949100564,1.5189502048007735,2.4950335327117,0.668536814587228
KMT-2021-BLG-2294L b,KMT-2021-BLG-2294L,5.02,0.2183,382.77,1.15,5549.0,-0.07632,0.14,6.81,3.1462186117314523,0.6760010217249748,1.688500725182915,2.4950335327117,0.668536814587228
KMT-2021-BLG-2478L b,KMT-2021-BLG-2478L,13.9,0.24566,61.42999999999999,1.85,5549.0,-0.07632,0.1999999999999999,5.8575,5.659640970753199,0.4605844073292439,0.04756495368513915,2.4950335327117,0.668536814587228
KMT-2021-BLG-2609L b,KMT-2021-BLG-2609L,3.17,0.0965999999999999,353.5,2.3,5549.0,-0.07632,0.1999999999999999,7.81,2.413277182320345,1.0116009116784799,1.4767498701332022,2.4950335327117,0.668536814587228
KMT-2022-BLG-0371L b,KMT-2022-BLG-0371L,10.9,0.1926,436.692,3.0200000000000005,5549.0,-0.07632,0.63,6.0837,4.4264667058937635,0.3008450589780618,2.034557418658033,2.4950335327117,0.668536814587228
KMT-2022-BLG-0440L b,KMT-2022-BLG-0440L,4.05,0.172948,412.096,1.9,5549.0,-0.07632,0.53,8.701699999999999,2.797281334830153,0.8197798314933114,1.8054144586216772,2.4950335327117,0.668536814587228
KMT-2022-BLG-1013L b,KMT-2022-BLG-1013L,12.1,0.2469499999999999,664.9100000000001,1.3799999999999997,5549.0,-0.07632,0.18,5.471,4.600427016624247,0.26696903085423923,3.799504568277771,2.4950335327117,0.668536814587228
KMT-2022-BLG-1818L b,KMT-2022-BLG-1818L,13.0,0.3949,649.11,2.6000000000000005,5549.0,-0.07632,0.79,7.009299999999999,7.148592276401515,1.430311246536665,3.565819744122451,2.4950335327117,0.668536814587228
KMT-2023-BLG-0119L b,KMT-2023-BLG-0119L,11.0,0.1808,657.1,3.14,5549.0,-0.07632,0.71,6.773700000000001,4.439115601658009,0.29713723122253605,3.6783769265188284,2.4950335327117,0.668536814587228
KMT-2023-BLG-0416L b,KMT-2023-BLG-0416L,3.67,0.1239,362.7,2.9600000000000004,5549.0,-0.07632,0.63,8.7,2.641266650838241,0.8960880245566356,1.6829541926854663,2.4950335327117,0.668536814587228
KMT-2023-BLG-0469L b,KMT-2023-BLG-0469L,7.04,0.2347999999999999,432.48,2.31,5549.0,-0.07632,0.4699999999999999,6.688,3.699095157425986,0.48304324275353905,1.9399149923237036,2.4950335327117,0.668536814587228
KMT-2023-BLG-0735L b,KMT-2023-BLG-0735L,6.97,0.2216,347.7,2.9600000000000004,5549.0,-0.07632,0.61,6.688,3.6832402247567435,0.48796632961990805,1.4969587708647967,2.4950335327117,0.668536814587228
KMT-2023-BLG-0830L b,KMT-2023-BLG-0830L,4.41,0.203948,350.0,1.7000000000000002,5549.0,-0.07632,0.22,7.389,2.9337712698957374,0.76080582903376,1.4895893351517775,2.4950335327117,0.668536814587228
KMT-2023-BLG-0949L b,KMT-2023-BLG-0949L,12.8,0.2987,619.4100000000001,2.03,5549.0,-0.07632,0.48,6.8583,7.550458211907043,1.7884205679625405,3.3667164075221954,2.4950335327117,0.668536814587228
KMT-2023-BLG-1431L b,KMT-2023-BLG-1431L,3.76,0.1268,420.954,3.2000000000000006,5549.0,-0.07632,0.57,9.070000000000002,2.681021528714291,0.8796267475025636,1.8925106812397963,2.4950335327117,0.668536814587228
KMT-2023-BLG-1454L b,KMT-2023-BLG-1454L,14.1,0.34431,643.966,1.18,5549.0,-0.07632,0.1699999999999999,3.5700000000000003,5.304457956525706,0.3314596947976687,3.553573486048807,2.4950335327117,0.668536814587228
KMT-2023-BLG-1642L b,KMT-2023-BLG-1642L,13.8,0.17626,328.22,1.41,5549.0,-0.07632,0.1699999999999999,6.6107,5.841381731009474,0.5411608235620636,1.5189502048007735,2.4950335327117,0.668536814587228
KMT-2023-BLG-1866L b,KMT-2023-BLG-1866L,1.43,0.245,300.17999999999995,2.63,5549.0,-0.07632,0.51,9.3445,1.2892326482767593,1.7817091333745536,1.0237891831616266,2.4950335327117,0.668536814587228
KMT-2023-BLG-1896L b,KMT-2023-BLG-1896L,4.19,0.1459299999999999,611.7900000000001,2.86,5549.0,-0.07632,0.7199999999999999,9.4387,2.8535925063928684,0.7975071958841881,3.3758964874733657,2.4950335327117,0.668536814587228
KMT-2023-BLG-2209L b,KMT-2023-BLG-2209L,13.9,0.31267,665.01,3.51,5549.0,-0.07632,0.73,5.9943,5.542293311237882,0.41871033485818504,3.8031253427834386,2.4950335327117,0.668536814587228
KMT-2024-BLG-0176L b,KMT-2024-BLG-0176L,14.0,0.30311,662.4,1.32,5549.0,-0.07632,0.103,5.229,5.491206181513127,0.3947411447451887,3.7141308844500536,2.4950335327117,0.668536814587228
KMT-2024-BLG-0404L c,KMT-2024-BLG-0404L,4.33,0.3213,736.26,0.102,5549.0,-0.07632,0.09,5.772,2.9069010598473755,0.7747271675523681,4.008449914157038,2.4950335327117,0.668536814587228
KMT-2024-BLG-1209L b,KMT-2024-BLG-1209L,13.2,0.38275,645.3,2.51,5549.0,-0.07632,0.77,6.6583,6.733481643990405,1.0986122886681096,3.5369425688904768,2.4950335327117,0.668536814587228
KMT-2024-BLG-1281L b,KMT-2024-BLG-1281L,4.59,0.2744,353.4,1.96,5549.0,-0.07632,0.32,7.389,2.9992114352458854,0.7323678937132266,1.5093481524499701,2.4950335327117,0.668536814587228
KMT-2024-BLG-1870L b,KMT-2024-BLG-1870L,13.8,0.21216,157.74,3.1500000000000004,5549.0,-0.07632,0.67,6.422,5.822744404536232,0.532978428407124,0.11503877293778404,2.4950335327117,0.668536814587228
KMT-2024-BLG-2059L b,KMT-2024-BLG-2059L,2.54,0.1038999999999999,249.47,2.55,5549.0,-0.07632,0.51,8.536999999999999,2.0784691878470327,1.205970806988609,0.5198513230707371,2.4950335327117,0.668536814587228
KMT-2024-BLG-2087L b,KMT-2024-BLG-2087L,12.9,0.5408630000000001,196.23,3.03,5549.0,-0.07632,0.48,6.938,7.2415573157406525,1.5195132049061133,0.20786297702972223,2.4950335327117,0.668536814587228
KMT-2025-BLG-1616L b,KMT-2025-BLG-1616L,7.34,0.153848,338.277,1.6000000000000003,5549.0,-0.07632,0.26,7.1637,3.76861442213279,0.46247536282494395,1.3667138445779083,2.4950335327117,0.668536814587228
KOBE-1 b,KOBE-1,2.91,0.0,594.4,0.07006,4135.0,-0.99576,0.629,5.2865,2.2823823856765264,1.085189268335969,3.0708397460407966,2.2554830032249633,0.48180867469549804
KOBE-1 c,KOBE-1,3.56,0.0,392.5,0.16071,4135.0,-0.99576,0.629,4.873499999999999,2.5952547069568657,0.9202827531436926,1.5912739418064292,3.423317582746238,0.48180867469549804
KOI-12 b,KOI-12,13.78707,0.34,911.0,0.1539999999999999,6635.0,0.62645,1.5,1.45,5.859683051092356,0.5498540107334691,5.285774026751062,2.9367877832757734,0.8754687373538999
KOI-134 b,KOI-134,12.03844527,0.16,659.0,0.363,6160.0,0.62325,1.407,2.4,5.850571735977972,0.7371640659767197,3.828641396489095,4.221383885225563,0.9809542451998772
KOI-134 c,KOI-134,9.86,0.24,756.04,0.2305,6160.0,0.62325,1.407,2.4,4.2615842001051005,0.33718626735486995,4.237083389754401,3.5539184686798193,0.9809542451998772
KOI-142 b,KOI-142,3.438,0.05561,758.0,0.09586,5466.0,-0.16507,0.99,1.6,2.3513752571634776,0.8285518175661483,4.242232816790704,2.4779214768392195,0.6402736909528771
KOI-142 c,KOI-142,14.0,0.05724,641.7180000000001,0.154121003,5466.0,-0.16507,0.99,1.6,5.371103036273684,0.35697489894773027,3.4511247827227907,3.146946646648963,0.6402736909528771
KOI-1599.01,KOI-1599,1.9,0.014,660.0,0.14728,5833.0,0.16196,1.02,4.7,1.7227665977411035,1.545432582458188,3.8242840911201395,3.0653282964418938,0.6790482561804436
KOI-1599.02,KOI-1599,1.9,0.0114,755.0,0.112293,5833.0,0.16196,1.02,4.7,2.302585092994046,2.105352923464337,4.354269957628839,2.6816240868656873,0.6790482561804436
KOI-1783.01,KOI-1783,8.86,0.0,412.0,0.52661,5922.0,0.21302,1.076,0.2,4.276666119016055,0.44468582126144574,1.9021075263969205,4.908697063881708,0.76220671649144
KOI-1783.02,KOI-1783,5.44,0.0,321.0,0.8669499999999999,5922.0,0.21302,1.076,0.2,2.772588722239781,0.412109650826833,1.2499017362143359,5.653243281827496,0.76220671649144
KOI-1831 d,Kepler-324,1.13,0.0,475.0,0.19924,5233.0,-0.30825,0.901,3.39,1.172482137234565,2.3933394562625097,2.5494451709255714,3.5601650127578006,0.6070444815065336
KOI-1833 d,Kepler-968,2.58,0.0,613.0,0.0634,4413.0,-0.7626,0.6810000000000002,2.14,2.4865719291070616,1.7047480922384253,3.3446270301737613,2.1615973996930684,0.5110256037686569
KOI-1843.03,Kepler-974,0.61,0.0809999999999999,1654.0,0.005,3584.0,-1.35426,0.4600000000000001,4.79,2.1972245773362196,1.269760544863939,6.665820925995703,0.1628764705723464,0.37156355643248307
KOI-217 b,KOI-217,12.442,0.0,1046.0,0.0477,5545.0,-0.16872,0.95,1.7,2.3243465847755584,1.269760544863939,5.6095926670005465,1.5902795575498716,0.6205764877251099
KOI-3503 b,KOI-3503,1.19,0.0,785.0,0.14247,6001.0,0.30005,0.858,11.48,2.322387720290225,2.3978952727983707,4.513054897080286,3.0994163848308727,0.8131499729546416
KOI-3503 c,KOI-3503,1.21,0.0,686.0,0.18688,6001.0,0.30005,0.858,11.48,2.4300984132930052,2.3978952727983707,3.979681653901961,3.4912818097674654,0.8131499729546416
KOI-351 b,KOI-351,1.31,0.0,1062.0,0.074,6080.0,0.26853,1.2,0.53,1.184789984909162,1.8794650496471605,5.760295124479886,2.0804598979790008,0.7884573603642702
KOI-351 c,KOI-351,1.19,0.0,987.0,0.089,6080.0,0.26853,1.2,0.53,1.0331844833456545,1.9315214116032138,5.469388372569137,2.274121315993465,0.7884573603642702
KOI-351 d,KOI-351,2.87,0.0,520.0,0.32,6080.0,0.26853,1.2,0.53,2.2617630984737906,1.0986122886681096,2.953242221933039,4.106547634275406,0.7884573603642702
KOI-351 e,KOI-351,2.66,0.0,450.0,0.4199999999999999,6080.0,0.26853,1.2,0.53,2.1471001901536506,1.1662709371419244,2.418410658499636,4.5319447627350335,0.7884573603642702
KOI-351 f,KOI-351,2.88,0.0,407.0,0.48,6080.0,0.26853,1.2,0.53,2.2669579153508947,1.095273387402595,2.0536107816453146,4.835602310999087,0.7884573603642702
KOI-351 g,KOI-351,7.718,0.0292,342.0,0.71704,6031.13,0.26853,1.2419999999999998,0.53,2.772588722239781,0.24069108878599677,1.478645622184077,5.3553361539740045,0.7816158285475535
KOI-351 h,KOI-351,11.252,0.0276,294.0,0.97062,6031.13,0.26853,1.2419999999999998,0.53,5.318119993844216,0.6480603754832048,1.0469680555157712,5.8069494662983,0.7816158285475535
KOI-3680 b,KOI-3680,11.09691,0.496,347.0,0.534,5830.0,0.06783,1.01,3.2,6.420665550135479,1.2412685890696329,1.4586150226995167,4.957527519446871,0.6729444732424258
KOI-4777.01,KOI-4777,0.51,0.0,1180.0,0.008,3515.0,-1.64043,0.41,4.0,4.607168188650764,1.269760544863939,5.771441123130016,0.3450071390710503,0.33647223662121295
KOI-4978 b,KOI-4978,0.7,0.0073999999999999,1277.026,0.102,5050.28,-0.1769,0.8590000000000001,1.48,0.23980399220731702,1.6752256529721035,6.21321018628925,0.6637013769338169,0.6760010217249748
KOI-7368 b,KOI-7368,2.22,0.0,805.0,0.0678,5241.0,-0.31552,0.8790000000000001,0.036,1.8809906029559977,1.332366019094335,4.607567310587813,2.059625800297667,0.6280751838162304
KOI-7913 b,KOI-7913 A,2.34,0.0,432.0,0.1456,4324.0,-0.76792,0.76,0.036,1.9572739077056285,1.2837077723447896,2.2267833795777636,3.2299563287163964,0.5810976767513224
KOI-94 b,KOI-94,1.71,0.25,1486.0,0.05119,6182.0,0.479,1.277,3.16,2.4423470353692043,2.4069451083182885,6.960519441113174,1.5567137000346618,0.924258901523332
KOI-94 c,KOI-94,4.32,0.43,1012.0,0.1013,6182.0,0.479,1.277,3.16,2.8094026953624973,0.6471032420585385,5.595525174774757,2.435685592797589,0.924258901523332
KOI-94 d,KOI-94,11.27,0.022,806.0,0.1684,6182.0,0.479,1.277,3.16,4.672828834461906,0.30968815271439554,4.5861912193902885,3.1502966820694454,0.924258901523332
KOI-94 e,KOI-94,6.56,0.019,584.0,0.3046,6182.0,0.479,1.277,3.16,3.58351893845611,0.4700036292457356,3.4242626545931514,4.013140110540799,0.924258901523332
KOI-984 b,KOI-984,4.3,0.12,1022.0,0.0504,5295.0,-0.324,0.9280000000000002,1.3,2.89591193827178,0.7793248768009976,5.232764998307801,1.6654738576528976,0.597736995755287
KOI-984 c,KOI-984,14.1,0.38,597.0,0.1467,5295.0,-0.324,0.9280000000000002,1.3,5.350909816667207,0.34429867287067695,3.1902716352263534,3.114048500372033,0.597736995755287
KPS-1 b,KPS-1,11.54527,0.0,1459.0,0.0269,5165.0,-0.35281,0.8920000000000001,6.408,5.850576733677796,0.8372475245337022,6.593044534142437,0.9955790627693746,0.645531326618282
Kapteyn c,Kapteyn,2.54,0.23,300.75,0.311,3550.0,-1.79289,0.281,2.385,2.0794415416798357,1.208960345836975,0.8747187337881318,4.8084375072975085,0.25541711186450544
Kepler-10 b,Kepler-10,1.47,0.0,2188.0,0.01685,5708.0,0.05467,0.91,10.6,1.4445632692438664,1.8779371654691073,8.227583929794449,0.6084008908675569,0.7251302264129961
Kepler-10 c,Kepler-10,2.355,0.136,579.0,0.241,5708.0,0.05467,0.91,10.6,2.5087859235779435,1.749199854809259,2.9601050959108397,3.835018864963255,0.7251302264129961
Kepler-10 d,Kepler-10,3.49,0.19,387.0,0.5379,5708.0,0.05467,0.91,10.6,2.5649493574615367,0.9360933591703346,1.7880538176772558,5.0242751798002905,0.7251302264129961
Kepler-100 b,Kepler-100,1.34,0.13,1155.0,0.07309,5837.0,0.39445,1.13,6.92,1.6114359150967734,2.592108569021155,6.172147261733411,2.065258942400093,0.9202827531436926
Kepler-100 c,Kepler-100,2.2,0.02,939.0,0.11061,5825.0,0.39445,1.08,6.46,2.085672091430472,1.0010369453168206,5.345472862041008,2.625820102833238,0.9122827104766162
Kepler-100 d,Kepler-100,1.61,0.38,670.0,0.21747,5825.0,0.39445,1.08,6.46,1.3862943611198906,1.3072300496606435,4.0069876710038494,3.5927291715220644,0.9122827104766162
Kepler-100 e,Kepler-100,5.27,0.026437,571.7,0.312391586,5884.0,0.39445,1.097,6.92,3.224568322615312,0.6450068052320104,3.3378999943335814,4.125335800819821,0.9162907318741551
Kepler-1000 b,Kepler-1000,4.76,0.0,473.0,0.5326,6453.0,0.7147,1.4,1.26,3.0587070727153796,0.708035793053696,2.9444389791664403,4.795940345946357,0.9202827531436926
Kepler-1001 b,Kepler-1001,3.15,0.0,693.0,0.11147,5491.0,-0.27856,0.9,4.68,2.4069451083182885,1.0224509277025458,3.7341634789540805,2.72818740183422,0.6312717768418579
Kepler-1001 c,Kepler-1001,1.57799279,0.0,804.0,0.08296,5376.0,-0.27856,0.9300000000000002,1.82,1.4134230285081433,1.6770965609079151,4.29592393562047,2.3206077056311467,0.6078479733343983
Kepler-1002 b,Kepler-1002,1.71,0.0,1453.0,0.0564,6144.0,0.501,1.22,4.07,1.5195132049061133,1.5933085305042167,6.8902835330700976,1.6745567647094777,0.9439058989071286
Kepler-1003 b,Kepler-1003,1.78,0.0,1157.0,0.04333,6109.0,0.28151,1.11,3.16,1.5727739280625088,1.551808799597464,6.704322438975256,1.516194117485271,0.7747271675523681
Kepler-1004 b,Kepler-1004,6.28,0.0,1661.0,0.06791,4972.0,0.71341,1.11,7.76,3.5115454388310208,0.5429055172294024,7.38466438544322,1.8386268129466559,1.47932922708708
Kepler-1005 b,Kepler-1005,1.5,0.0,1026.0,0.06717,5782.0,0.1356,1.0,6.17,1.3506671834767394,1.7334238922150915,5.711515828378488,2.0146383521873523,0.7227059828014898
Kepler-1006 b,Kepler-1006,1.54,0.0,791.0,0.1464,5328.0,-0.4,0.78,4.27,1.3837912309017721,1.7047480922384253,5.040148787868021,3.033110926732983,0.5538851132264376
Kepler-1007 b,Kepler-1007,1.44,0.0,652.0,0.048,4587.0,-0.56838,0.73,4.17,1.3001916620664788,1.776645831418007,3.775515760773483,1.8221273410101184,0.5306282510621704
Kepler-1008 b,Kepler-1008,1.28,0.0,627.0,0.09755,5066.0,-0.50671,0.81,6.76,1.1568811967920856,1.9035989509835904,3.594788530714341,2.5981841380999358,0.5766133643039938
Kepler-1009 b,Kepler-1009,2.17,0.0,403.0,0.0796,4027.0,-0.98735,0.5900000000000001,3.16,1.8484548129046003,1.355835153635182,2.5305967757051158,2.513665712420144,0.4510756193602167
Kepler-101 b,Kepler-101,5.77,0.086,1513.0,0.0474,5667.0,0.42034,1.17,5.9,3.9531649487593215,0.8960880245566356,7.123940275614415,1.5013361318292777,0.9400072584914712
Kepler-101 c,Kepler-101,1.25,0.0,1413.0,0.0684,5667.0,0.42034,1.17,5.9,1.5644405465033646,2.4423470353692043,6.392032684603439,1.9501525658372503,0.9400072584914712
Kepler-1010 b,Kepler-1010,2.32,0.0,477.0,0.1929999999999999,5253.0,-0.41164,0.86,4.79,1.9444805562457188,1.2919836816486496,2.413231613081109,3.5629922132309564,0.598836501088704
Kepler-1011 b,Kepler-1011,2.87,0.0,920.0,0.0633,5416.0,-0.37597,0.91,4.47,2.2617630984737906,1.0986122886681096,4.698551233485398,1.910019720480442,0.6312717768418579
Kepler-1012 b,Kepler-1012,1.29,0.0,934.0,0.06066,5556.0,-0.19399,0.95,3.72,1.1662709371419244,1.8961194845522977,5.26171043449084,1.8731250538216435,0.6471032420585385
Kepler-1013 b,Kepler-1013,2.15,0.0,766.0,0.137,4954.0,-0.53079,0.81,4.27,1.8357763546448291,1.3635373739972745,2.8391369413309167,2.992253709860548,0.5653138090500605
Kepler-1014 b,Kepler-1014,2.39,0.0,614.0,0.121,5388.0,-0.3365,0.8800000000000001,4.79,1.9878743481543455,1.264126727145683,3.5403504430547312,2.8662557135444877,0.6097655716208943
Kepler-1015 b,Kepler-1015,3.55,0.0,1040.0,0.1345,6769.0,0.55886,1.49,1.58,2.5877640352277083,0.9202827531436926,5.1539387838694815,2.833504015924702,1.0331844833456545
Kepler-1016 b,Kepler-1016,2.18,0.0,1540.0,0.03044,5821.0,0.12363,0.99,3.89,1.8547342683894434,1.3506671834767394,7.276697471606201,1.0833376707271747,0.6931471805599453
Kepler-1016 c,Kepler-1016,3.68,0.0,407.0,0.4351900000000001,5821.0,0.12363,0.99,3.89,2.6461747973841225,0.8919980393051105,2.088277390342235,4.669600609720849,0.6931471805599453
Kepler-1017 b,Kepler-1017,1.99,0.0,831.0,0.07196,5473.0,-0.16138,0.9300000000000002,2.95,1.7263316639055994,1.4398351280479205,4.792504159605582,2.1082724929370578,0.6259384308664953
Kepler-1018 b,Kepler-1018,2.58,0.0,498.0,0.253,5518.0,-0.08221,0.91,4.47,2.1016921506146558,1.1939224684724346,2.5724595467958618,3.914047981778922,0.6312717768418579
Kepler-1019 b,Kepler-1019,1.46,0.0,1164.0,0.0221,4433.0,-0.80636,0.7,3.55,1.3164082336557241,1.7613002617433464,5.802870358427951,0.8801369272972237,0.5128236264286637
Kepler-102 d,Kepler-102,1.154,0.092,686.0,0.08618,4909.0,-0.58436,0.8030000000000002,1.1,1.3862943611198906,2.4595888418037104,3.6349511120883804,2.42584351134661,0.5446471722415014
Kepler-102 e,Kepler-102,2.17,0.089,590.0,0.1162,4909.0,-0.58436,0.8030000000000002,1.1,1.7404661748405044,1.252762968495368,3.0587070727153796,2.8417473783170415,0.5446471722415014
Kepler-1020 b,Kepler-1020,2.28,0.0,325.0,0.37594,5227.0,-0.43597,0.87,3.63,1.9198594718553708,1.308332819650179,1.2056713609615175,4.584101283223426,0.5877866649021191
Kepler-1021 b,Kepler-1021,2.33,0.0,634.0,0.1034,5431.0,-0.28836,0.89,4.68,1.951608170169951,1.2864740258376797,3.9390543444791764,2.6724020014764407,0.6205764877251099
Kepler-1022 b,Kepler-1022,2.36,0.0,512.0,0.0805,4445.0,-0.85831,0.71,3.63,1.969905654611529,1.275362800412609,3.0085497772646055,2.4844647838462888,0.5187937934151676
Kepler-1023 b,Kepler-1023,2.63,0.0,524.0,0.30284,5494.0,-0.1926,0.9300000000000002,4.47,2.1294214739848565,1.1755733298042381,2.0766877534832147,4.145335024593998,0.636576829071551
Kepler-1024 b,Kepler-1024,3.91,0.0,376.0,0.3033,5143.0,-0.34993,0.81,5.25,2.740840023925201,0.8458682675776092,1.863459783393246,4.210885542402391,0.5766133643039938
Kepler-1025 b,Kepler-1025,1.98,0.0,1654.0,0.2160699999999999,6089.0,0.28708,1.09,3.31,1.7191887763932197,1.4445632692438664,2.9419094668564845,3.6460489151723188,0.7561219797213337
Kepler-1026 b,Kepler-1026,2.21,0.0,425.0,0.1977,4948.0,-0.61688,0.79,4.57,1.8748743759385615,1.3376291891386096,1.9441943922718101,3.624756987746908,0.5596157879354227
Kepler-1027 b,Kepler-1027,0.89,0.0,1268.0,0.02911,5436.0,0.01051,0.91,1.41,0.49469624183610705,1.790091412127358,7.05919657746261,1.0673985694632424,0.598836501088704
Kepler-1028 b,Kepler-1028,1.33,0.0,1217.0,0.0354,5522.0,-0.24485,0.9,4.68,1.2029723039923526,1.8625285401162623,6.255051141149285,1.2569326404610353,0.6259384308664953
Kepler-1029 b,Kepler-1029,1.26,0.0,790.0,0.047,5030.0,-0.61975,0.8200000000000001,4.07,1.1410330045520618,1.9242486522741338,4.53431844501614,1.6896707212372721,0.5709795465857378
Kepler-103 b,Kepler-103,3.4857,0.171,973.0,0.133,6047.0,0.42431,1.212,6.03,2.5392369943330477,0.924258901523332,5.020823220483746,2.8311717732327,0.9130856009252067
Kepler-103 c,Kepler-103,5.4539,0.103,434.0,0.6679,6047.0,0.42431,1.212,6.03,4.085471983718502,1.091923300517313,1.9416152247724325,5.196338792340594,0.9130856009252067
Kepler-1030 b,Kepler-1030,2.48,0.0,529.0,0.1338,4983.0,-0.55288,0.8,4.37,2.0425181875752383,1.2296405510745139,2.883738696593066,3.012074221562105,0.5653138090500605
Kepler-1031 b,Kepler-1031,0.87,0.0,2024.0,0.0218,6011.0,0.17,1.09,3.39,0.46373401623214017,1.7783364488959144,8.287744806342403,0.8003038761203919,0.7514160886839212
Kepler-1032 b,Kepler-1032,1.87,0.0,802.0,0.0361,4647.0,-0.65547,0.77,1.86,1.6409365794934714,1.5040773967762742,5.176962961135861,1.4563142274337435,0.5364933705145685
Kepler-1033 b,Kepler-1033,2.51,0.0,914.0,0.0761,5547.0,-0.12579,0.94,5.01,2.060513531794317,1.2178757094949273,5.07780784313447,2.1471618775032835,0.6523251860396903
Kepler-1034 b,Kepler-1034,2.26,0.0,675.0,0.0965,5198.0,-0.43881,0.83,4.79,1.9065751436566365,1.3164082336557241,3.631965128129182,2.5744433336295325,0.5877866649021191
Kepler-1035 b,Kepler-1035,1.17,0.0,1301.0,0.03883,5763.0,0.209,0.98,4.47,0.9969486348916093,1.927164106234258,7.074171006092315,1.3121303445110921,0.6780335427498971
Kepler-1036 b,Kepler-1036,3.01,0.0,326.0,0.47726,5533.0,-0.20151,0.95,3.24,2.334083760053417,1.0577902941478545,1.340512168464763,4.819319859765797,0.636576829071551
Kepler-1037 b,Kepler-1037,1.28,0.0,1650.0,0.0198,5105.0,-0.44752,0.8200000000000001,5.13,1.1568811967920856,1.9035989509835904,6.924055702283611,0.724543455264995,0.5766133643039938
Kepler-1038 b,Kepler-1038,3.53,0.0,285.0,0.5238,5335.0,-0.362,0.87,4.27,2.580216829592325,0.924258901523332,0.9210792486059522,5.007031061312377,0.6043159668533296
Kepler-1038 c,Kepler-1038,1.4162338,0.0,784.0,0.0692,5159.0,-0.362,0.8680000000000001,14.0,1.2781522025001875,1.7934247485471162,4.502472787749749,2.095273034399134,0.5993858007454709
Kepler-1039 b,Kepler-1039,1.46,0.0,2080.0,0.01714,4870.0,-0.64925,0.79,4.37,1.3164082336557241,1.7613002617433464,6.50597537217071,0.6600475014364489,0.5538851132264376
Kepler-104 b,Kepler-104,3.1,0.0,852.0,0.094,5711.0,0.08926,0.818,13.18,3.0252910757955354,1.622324127378673,4.795021655034817,2.5199156213811627,0.8539897056767758
Kepler-104 c,Kepler-104,3.13,0.0,668.0,0.153,5711.0,0.08926,0.818,13.18,2.097319284485732,1.3850072831903335,3.838118089580174,3.2055151674563174,0.8539897056767758
Kepler-104 d,Kepler-104,3.58,0.0,515.0,0.257,5711.0,0.08926,0.818,13.18,1.8779709676501009,0.9815318811107803,2.833918977391387,3.9656660230525658,0.8539897056767758
Kepler-1040 b,Kepler-1040,2.08,0.0,300.0,0.6724899999999999,5694.0,-0.04375,0.98,4.17,1.7884205679625405,1.3962446919730587,1.1381534632886423,5.30886850697799,0.6729444732424258
Kepler-1041 b,Kepler-1041,2.94,0.0,644.0,0.1688,5957.0,0.48914,1.06,3.55,2.298577071596507,1.0784095813505903,4.778753676838761,3.2487313636616237,0.7323678937132266
Kepler-1042 b,Kepler-1042,2.19,0.0,574.0,0.0756,4815.0,-0.6,0.75,4.79,1.860974538249528,1.3454723665996355,3.2831643147505627,2.4098261568122448,0.5423242908253616
Kepler-1043 b,Kepler-1043,2.55,0.0,532.0,0.2159,5629.0,-0.07309,0.9200000000000002,4.47,2.084429083190875,1.2029723039923526,3.1220124394643207,3.6764358475805596,0.6418538861723948
Kepler-1044 b,Kepler-1044,2.67,0.0,1058.0,0.0741,5985.0,0.03099,1.08,3.55,2.1529243184396396,1.1631508098056809,5.391338564995858,2.0507962396199217,0.7466879474879752
Kepler-1045 b,Kepler-1045,2.69,0.0,512.0,0.1616,5301.0,-0.33356,0.86,4.47,2.1633230256605382,1.1537315878891892,3.002062197248861,3.3109245019318867,0.598836501088704
Kepler-1046 b,Kepler-1046,1.71,0.0,786.0,0.11858,5913.0,0.06429,1.04,3.63,1.5195132049061133,1.5933085305042167,4.628886712605407,2.732748039695186,0.712949807856125
Kepler-1047 b,Kepler-1047,2.09,0.0,503.0,0.29871,5754.0,0.42359,1.08,4.47,1.7950872593207297,1.3912819026309298,3.3962183401149915,4.046356128830643,0.7561219797213337
Kepler-1047 c,Kepler-1047,0.99,0.0,1309.0,0.04413,5754.0,0.42359,1.08,4.47,0.6611403844248589,1.8421356765531218,7.188461828947489,1.4324563150447034,0.7561219797213337
Kepler-1048 b,Kepler-1048,1.61,0.0,619.0,0.059,4651.0,-0.40925,0.75,3.98,1.4398351280479205,1.6563214983329508,4.584722550718986,2.0695187494599763,0.5306282510621704
Kepler-1049 b,Kepler-1049,0.95,0.0,625.0,0.0349,3864.0,-1.13956,0.51,3.8,0.5927742064131581,1.8213182714695995,3.9401633263724563,1.4524239757965398,0.3987761199573678
Kepler-105 b,Kepler-105,2.53,0.02,1418.0,0.06016,5933.0,0.09657,0.991,4.27,2.468099531471619,1.5432981099295553,5.8371734407547144,1.85820295601586,0.7060634058264916
Kepler-105 c,Kepler-105,1.44,0.02,997.0,0.07229,5933.0,0.09657,0.991,4.27,1.8870696490323797,2.4336133554004498,5.468764534342187,2.095058952574912,0.7060634058264916
Kepler-1050 b,Kepler-1050,1.6,0.0,1039.0,0.12353,6010.0,0.05871,1.09,3.55,1.4327007339340463,1.66392609771817,4.143531473073984,2.795985043788332,0.7561219797213337
Kepler-1050 c,Kepler-1050,1.48,0.0,935.0,0.15264,6010.0,0.05871,1.09,3.55,1.332366019094335,1.7457155307266483,3.7291573006125063,3.0968644227569566,0.7561219797213337
Kepler-1051 b,Kepler-1051,3.4,0.0,850.0,0.18395,6675.0,0.52413,1.4300000000000002,1.74,2.5257286443082556,0.9593502213346021,4.482516558231819,3.2944285596210676,1.0043016091968684
Kepler-1052 b,Kepler-1052,2.93,0.0,522.0,0.20988,5888.0,-0.04685,1.03,3.55,2.2935443483418965,1.0818051703517284,3.0899509487929726,3.5794503284315065,0.708035793053696
Kepler-1052 c,Kepler-1052,2.3,0.0,302.0,0.6135,5818.0,-0.04685,0.9370000000000002,1.2,1.9315214116032138,1.297463147413275,1.085189268335969,5.203576534134722,0.6141039732194924
Kepler-1053 b,Kepler-1053,0.98,0.0,953.0,0.0315,4529.0,-0.89512,0.74,3.09,0.6439569363691736,1.8373699804801074,4.9474682764620805,1.2279876225826896,0.5247285289349821
Kepler-1054 b,Kepler-1054,2.63,0.0,1177.0,0.05542,6209.0,0.36867,1.22,2.82,2.1294214739848565,1.1755733298042381,6.635321688581844,1.6689432049763686,0.8501509293696101
Kepler-1055 b,Kepler-1055,1.23,0.0,1304.0,0.0335,5723.0,-0.14818,0.98,3.09,1.1118575154181303,1.9487632180377197,6.474285680064332,1.1924171642521293,0.6626879730752367
Kepler-1056 b,Kepler-1056,3.01,0.0,590.0,0.1628999999999999,6127.0,0.22658,1.12,2.95,2.334083760053417,1.0577902941478545,4.058890081237698,3.3497498999497535,0.7884573603642702
Kepler-1057 b,Kepler-1057,3.36,0.0,724.0,0.1138,5987.0,-0.0058,1.07,3.09,2.501435951739211,0.9631743177730056,4.2515334790722905,2.7139179176662456,0.7419373447293773
Kepler-1058 b,Kepler-1058,2.72,0.0,239.0,0.3678999999999999,4644.0,-0.31631,0.73,3.39,2.180417459019838,1.144222799920162,0.5709795465857378,4.7181904308750955,0.5247285289349821
Kepler-1059 b,Kepler-1059,1.73,0.0,908.0,0.044,4906.0,-0.52036,0.75,5.37,1.534714366238164,1.5810384379124023,5.1652087416874854,1.5611277531239012,0.5423242908253616
Kepler-106 b,Kepler-106,0.82,0.0,1021.0,0.06491,5858.0,0.08255,1.0,4.83,1.840549633397487,1.269760544863939,5.628397790416434,1.9691885216614642,0.712949807856125
Kepler-106 c,Kepler-106,2.5,0.0,785.0,0.10987,5858.0,0.08255,1.0,4.83,2.437115985951652,1.4539530095937054,4.583997620755291,2.679019526043618,0.712949807856125
Kepler-106 d,Kepler-106,0.95,0.0,649.0,0.16063,5858.0,0.08255,1.0,4.83,2.2082744135228043,1.269760544863939,3.8363723054199843,3.2180835110705046,0.712949807856125
Kepler-106 e,Kepler-106,2.56,0.0,531.0,0.24006,5858.0,0.08255,1.0,4.83,2.498973906999436,1.410986973710262,3.0584253428924146,3.803200949992814,0.712949807856125
Kepler-1060 b,Kepler-1060,2.38,0.0,484.0,0.2495,5797.0,0.07184,0.99,4.27,1.9823798288367047,1.2669476034873244,2.9132198519795267,3.8686547866116956,0.688134638736401
Kepler-1061 b,Kepler-1061,1.98,0.0,1332.0,0.0388,6067.0,0.08762,1.09,2.14,1.7191887763932197,1.4445632692438664,6.671401100319341,1.3238822884207635,0.7275486072772778
Kepler-1062 b,Kepler-1062,1.76,0.0,583.0,0.0748,4597.0,-0.6822,0.75,2.45,1.55814461804655,1.5644405465033646,3.548467300397191,2.33254389095479,0.5306282510621704
Kepler-1063 b,Kepler-1063,1.49,0.0,931.0,0.1176,5945.0,0.166,1.09,3.39,1.3428648031925547,1.7404661748405044,4.024100908833496,2.7133504406501285,0.76080582903376
Kepler-1064 b,Kepler-1064,1.55,0.0,570.0,0.1183,5153.0,-0.401,0.8500000000000001,3.89,1.3912819026309298,1.6974487897568138,3.2530839961979376,2.8645297795101365,0.5822156198526637
Kepler-1065 b,Kepler-1065,3.73,0.0,1092.0,0.0455,5635.0,-0.11584,0.94,4.47,2.667228206581955,0.8837675401685949,6.042419034106791,1.5280779340570072,0.6575200029167942
Kepler-1065 c,Kepler-1065,1.6,0.0,1256.0,0.0344,5635.0,-0.11584,0.94,4.47,1.4327007339340463,1.66392609771817,6.600712321651627,1.2150039657227636,0.6575200029167942
Kepler-1066 b,Kepler-1066,2.36,0.0,1290.0,0.0298,5762.0,-0.18995,0.98,3.8,1.969905654611529,1.275362800412609,6.566699152371647,1.0755346496306535,0.6830968447064438
Kepler-1067 b,Kepler-1067,0.8,0.0,1872.0,0.0164,5592.0,-0.14725,0.95,4.79,0.3625576070968879,1.7387102481382395,7.923984373173038,0.5665228852091713,0.6575200029167942
Kepler-1067 c,Kepler-1067,1.74682428,0.0,973.0,0.06069,5594.0,-0.14725,0.981,0.81,1.547562508716013,1.5706970841176697,5.256453162449338,1.8603273461287109,0.6595903970311026
Kepler-1068 b,Kepler-1068,3.63,0.0,702.0,0.13038,5806.0,-0.02521,1.01,4.17,2.624668592163159,0.9042181506398859,4.041875137868284,2.886109416455644,0.6981347220709844
Kepler-1069 b,Kepler-1069,1.6,0.0,823.0,0.16587,5722.0,0.37196,0.99,4.37,1.4327007339340463,1.66392609771817,4.371660592424703,3.214828830823688,0.6830968447064438
Kepler-107 b,Kepler-107,1.536,0.1,1592.0,0.04544,5854.0,0.36449,1.238,4.29,1.5686159179138452,1.916922612182061,6.97914527506881,1.43031646183407,0.8948627844605346
Kepler-107 c,Kepler-107,1.597,0.08,1378.0,0.06064,5854.0,0.36449,1.238,4.29,2.3978952727983707,2.6741486494265287,6.401917196727186,1.7751984223285344,0.8948627844605346
Kepler-107 e,Kepler-107,2.903,0.1,955.0,0.12638,5854.0,0.36449,1.238,4.29,2.714694743820879,1.430311246536665,4.939497266262916,2.7567859510928048,0.8948627844605346
Kepler-1070 b,Kepler-1070,1.73,0.0,1101.0,0.06753,6261.0,0.28486,1.21,2.75,1.534714366238164,1.5810384379124023,5.943151019329376,1.9770785705597231,0.8415671856782186
Kepler-1071 b,Kepler-1071,2.38,0.0,814.0,0.0629,5215.0,-0.31262,0.86,4.27,1.9823798288367047,1.2669476034873244,3.8312466954008584,1.9712972103558226,0.5933268452777344
Kepler-1072 b,Kepler-1072,1.58,0.0,1849.0,0.02742,6199.0,0.36531,1.2,2.88,1.415853163361435,1.6770965609079151,7.987864096085687,0.9435426041297973,0.8415671856782186
Kepler-1073 b,Kepler-1073,2.3,0.0,905.0,0.0805,5792.0,-0.01023,1.0,3.72,1.9315214116032138,1.297463147413275,4.8640669070081195,2.2699468047891047,0.6931471805599453
Kepler-1073 c,Kepler-1073,1.64,0.0,1169.0,0.0483,5792.0,-0.01023,1.0,3.72,1.4655675420143985,1.6389967146756448,5.8807620104520195,1.6145891301017052,0.6931471805599453
Kepler-1073 d,Kepler-1073,1.48770949,0.0,1369.0,0.0352,5509.0,-0.01023,0.924,3.72,1.3402504226184837,1.7422190236679187,6.720931602840739,1.2541220522368075,0.749527513996053
Kepler-1074 b,Kepler-1074,1.25,0.0,568.0,0.0536,4002.0,-1.12071,0.6000000000000001,3.55,1.1314021114911006,1.9329696377795786,3.3523222138800186,1.9381177729135524,0.4510756193602167
Kepler-1075 b,Kepler-1075,1.42,0.0,818.0,0.0208,3959.0,-1.11289,0.56,2.95,1.2809338454620645,1.790091412127358,4.976513028409856,0.9257372368184615,0.43178241642553783
Kepler-1076 b,Kepler-1076,0.8,0.0,770.0,0.0611,4868.0,-0.557,0.79,3.72,0.3625576070968879,1.7387102481382395,4.432957363342425,1.9667317500186452,0.5538851132264376
Kepler-1077 b,Kepler-1077,2.77,0.0,576.0,0.2101,5816.0,0.00638,1.02,4.17,2.2082744135228043,1.128171090909654,3.329629769802735,3.565331981594581,0.7030975114131134
Kepler-1078 b,Kepler-1078,1.9,0.0,1122.0,0.0388,5612.0,0.50027,0.94,4.37,1.6620303625532709,1.4861396960896067,5.926899358948182,1.3881058244290925,0.6523251860396903
Kepler-1079 b,Kepler-1079,1.63,0.0,887.0,0.1092,5758.0,0.263,1.08,6.61,1.4562867329399256,1.6428726885203377,5.2799140597461065,2.6564082059256053,0.8586616190375187
Kepler-108 b,Kepler-108,8.65,0.22,669.0,0.2919999999999999,5854.0,0.707,1.247,3.89,4.04305126783455,0.3886579897917831,3.8794998137225862,3.9156946765862846,1.1606476795875624
Kepler-108 c,Kepler-108,8.18,0.04,426.0,0.7210000000000001,5854.0,0.707,1.247,3.89,3.949318790171843,0.41277168329060254,2.174751721484161,5.2539656812420334,1.1606476795875624
Kepler-1080 b,Kepler-1080,3.28,0.0,548.0,0.3781,5956.0,0.86064,1.1,3.89,2.468099531471619,0.9858167945227653,4.033355290595671,4.359970675431081,0.7701082216960736
Kepler-1081 b,Kepler-1081,1.01,0.0,972.0,0.04662,5345.0,-0.30601,0.8800000000000001,4.68,0.6981347220709844,1.8547342683894434,5.421490295044336,1.5804041929944497,0.6097655716208943
Kepler-1082 b,Kepler-1082,1.12,0.0,1827.0,0.02571,5923.0,0.3142,1.03,5.75,0.9001613499442714,1.9035989509835904,7.989749245070151,0.9334257273396154,0.76080582903376
Kepler-1083 b,Kepler-1083,3.36,0.0,448.0,0.1899,5049.0,-0.47303,0.81,4.68,2.501435951739211,0.9631743177730056,2.4112601096197017,3.5385738520746277,0.5709795465857378
Kepler-1084 b,Kepler-1084,1.11,0.0,1737.0,0.0324,6113.0,0.25259,1.12,4.07,0.8796267475025636,1.8976198599275325,7.4773740130767585,1.1162350221133583,0.8241754429663495
Kepler-1085 b,Kepler-1085,7.22,0.0,313.0,0.7336099999999999,6000.0,0.07867,1.11,3.39,3.742420221041966,0.47125284864616745,1.1167795926235586,5.395088990649497,0.76080582903376
Kepler-1085 c,Kepler-1085,3.26817741,0.0,491.0,0.2979800000000001,5816.0,0.07867,1.05,1.07,2.4595888418037104,0.9858167945227653,2.5494451709255714,4.056592503401217,0.7315502518428904
Kepler-1086 b,Kepler-1086,2.44,0.0,433.0,0.1198,4350.0,-0.85997,0.7,2.88,2.018895041811802,1.244154593958768,2.318163122957364,2.984886534582597,0.5068176023684519
Kepler-1086 c,Kepler-1086,2.94,0.0,211.0,0.503,4350.0,-0.85997,0.7,2.88,2.298577071596507,1.0784095813505903,0.4180522236136358,5.090778516717996,0.5068176023684519
Kepler-1087 b,Kepler-1087,0.61,0.0,2161.0,0.01554,5589.0,-0.09746,0.96,3.55,0.1527210870176639,1.6074359097634274,8.159801705108041,0.5269998262834168,0.6626879730752367
Kepler-1088 b,Kepler-1088,1.42,0.0,667.0,0.16163,5975.0,0.09007,1.08,3.02,1.2809338454620645,1.790091412127358,3.8261818525500226,3.183351706784697,0.7323678937132266
Kepler-1089 b,Kepler-1089,1.83,0.0,584.0,0.0497,3753.0,-1.29726,0.52,3.72,1.6114359150967734,1.5260563034950494,3.3056405047639377,1.8136001519378102,0.3987761199573678
Kepler-109 b,Kepler-109,2.49,0.11,1276.0,0.0701,5950.0,0.34654,1.094,6.2,1.7749523509116738,0.9932517730102834,6.093569770045136,2.012450776247481,0.870037347356693
Kepler-109 c,Kepler-109,2.65,0.098,859.0,0.1546,5950.0,0.34654,1.094,6.2,2.2192034840549946,1.2237754316221157,4.5217885770490405,3.1011120390265385,0.870037347356693
Kepler-1090 b,Kepler-1090,2.25,0.0,297.0,0.63323,5321.0,-0.14595,0.86,4.37,1.900613874140137,1.3190856114264407,1.0385083645984041,5.296716981614956,0.598836501088704
Kepler-1090 c,Kepler-1090,3.29265785,0.0,496.0,0.2262199999999999,5330.0,-0.14595,0.8690000000000001,12.59,2.4765384001174837,0.9858167945227653,2.6946271807700692,3.7710859802735683,0.6996261466576544
Kepler-1091 b,Kepler-1091,1.46,0.0,1664.0,0.0252,5851.0,0.07961,1.01,3.47,1.3164082336557241,1.7613002617433464,7.462707638590453,0.8898406170210508,0.708035793053696
Kepler-1092 b,Kepler-1092,2.07,0.0,508.0,0.2996,5862.0,0.09586,0.99,3.8,1.7817091333745536,1.4011829736136412,2.89126025195728,4.087685649122401,0.6931471805599453
Kepler-1093 b,Kepler-1093,1.95,0.0,776.0,0.1754299999999999,6166.0,0.46038,1.13,2.95,1.6974487897568138,1.4609379041156565,4.603168183317418,3.2612631574473325,0.7884573603642702
Kepler-1093 c,Kepler-1093,1.96,0.0,508.0,0.41037,6166.0,0.46038,1.13,2.95,1.7047480922384253,1.4539530095937054,2.9496883350525844,4.507803104210563,0.7884573603642702
Kepler-1094 b,Kepler-1094,3.18,0.0,480.0,0.3625,6112.0,0.17811,1.14,3.09,2.4159137783010487,1.007957920399979,2.427983502388379,4.370713166808963,0.7929925155296614
Kepler-1095 b,Kepler-1095,1.21,0.0,1108.0,0.0514,5658.0,-0.09285,0.94,4.47,1.0715836162801904,1.9401794743463283,5.879247243986943,1.6622259620182738,0.6523251860396903
Kepler-1096 b,Kepler-1096,1.24,0.0,794.0,0.034,4306.0,-0.84044,0.6599999999999999,3.8,1.1216775615991057,1.9416152247724325,4.835217848979039,1.3589790481681885,0.48858001481867097
Kepler-1097 b,Kepler-1097,3.26,0.0,267.0,0.5791,5211.0,-0.40444,0.8200000000000001,4.9,2.4595888418037104,0.9932517730102834,0.832909122935104,5.240407647607902,0.5822156198526637
Kepler-1098 b,Kepler-1098,1.3,0.0,1319.0,0.0358,5794.0,0.15655,0.99,3.98,1.1755733298042381,1.8870696490323797,6.904419722192635,1.2649943887540518,0.688134638736401
Kepler-1099 b,Kepler-1099,2.83,0.0,1558.0,0.0337,5837.0,-0.11906,1.01,3.63,2.2407096892759584,1.1118575154181303,6.642935201472792,1.153243327700117,0.6931471805599453
Kepler-11 b,Kepler-11,1.8,0.045,849.0,0.091,5663.0,0.1202,0.961,8.5,1.0647107369924282,1.000631880307906,4.992878572506997,2.4251477989170525,0.7251302264129961
Kepler-11 c,Kepler-11,2.87,0.026,786.0,0.107,5663.0,0.1202,0.961,8.5,1.3609765531356006,0.5068176023684519,4.6842031532761155,2.640777278226711,0.7251302264129961
Kepler-11 d,Kepler-11,3.12,0.004,653.0,0.155,5663.0,0.1202,0.961,8.5,2.1162555148025524,0.8241754429663495,3.9534528151912856,3.1648208257454566,0.7251302264129961
Kepler-11 e,Kepler-11,4.19,0.012,582.0,0.195,5663.0,0.1202,0.961,8.5,2.1972245773362196,0.4574248470388754,3.506757877322648,3.4964954401808965,0.7251302264129961
Kepler-11 f,Kepler-11,2.49,0.013,513.0,0.25,5663.0,0.1202,0.961,8.5,1.0986122886681096,0.5247285289349821,3.0218872310308424,3.8646965694856883,0.7251302264129961
Kepler-11 g,Kepler-11,3.33,0.15,376.0,0.466,5663.0,0.1202,0.961,8.5,3.258096538021482,1.6094379124341003,1.8946168546677629,4.782317546352061,0.7251302264129961
Kepler-110 b,Kepler-110,1.83,0.0,1008.0,0.107,5960.0,0.27598,0.989,4.47,1.6114359150967734,1.5260563034950494,5.042657080118993,2.6167468631747286,0.7650026176603735
Kepler-110 c,Kepler-110,2.21,0.0,743.0,0.198,5960.0,0.27598,0.989,4.47,1.8748743759385615,1.3376291891386096,3.835919196763251,3.4879796351827856,0.7650026176603735
Kepler-1100 b,Kepler-1100,1.75,0.0,1000.0,0.06745,6247.0,0.08792,1.21,2.69,1.5496879080283263,1.5686159179138452,5.47858681921586,2.004448640784455,0.8501509293696101
Kepler-1101 b,Kepler-1101,2.47,0.0,393.0,0.3482999999999999,5614.0,-0.35135,0.94,4.27,2.0360119837525,1.2325602611778486,1.5210437616715051,4.410554637620447,0.6471032420585385
Kepler-1102 b,Kepler-1102,2.66,0.0,546.0,0.2731,5724.0,0.13927,0.96,4.37,2.1471001901536506,1.1662709371419244,3.1772618501477363,3.9575423462822656,0.6626879730752367
Kepler-1103 b,Kepler-1103,2.27,0.0,736.0,0.15336,6092.0,0.52181,1.11,3.31,1.9125010869241836,1.3110318766193438,5.083154385599766,3.034564439117048,0.7654678421395714
Kepler-1104 b,Kepler-1104,1.23,0.0,1321.0,0.06321,6417.0,0.51439,1.3,2.04,1.1118575154181303,1.9487632180377197,6.702603893538006,1.7979536042370075,0.8796267475025636
Kepler-1105 b,Kepler-1105,2.01,0.0,729.0,0.0471,4299.0,-0.94508,0.71,8.71,1.7404661748405044,1.430311246536665,3.874943997186725,1.6903858438689519,0.5187937934151676
Kepler-1106 b,Kepler-1106,1.65,0.0,2199.0,0.0239,6104.0,0.15896,1.11,3.09,1.4724720573609429,1.631199404215613,7.783629767341297,0.8121526571752695,0.7747271675523681
Kepler-1107 b,Kepler-1107,1.34,0.0,1897.0,0.01285,5268.0,-0.41703,0.86,4.47,1.2119409739751128,1.8547342683894434,7.778320765022479,0.4517368771142308,0.598836501088704
Kepler-1108 b,Kepler-1108,1.46,0.0,1063.0,0.0511,5406.0,-0.25795,0.8800000000000001,4.17,1.3164082336557241,1.7613002617433464,5.334716795928042,1.7065750550523346,0.6097655716208943
Kepler-1109 b,Kepler-1109,2.19,0.0,787.0,0.2466,5893.0,-0.07583,1.05,3.8,1.860974538249528,1.3454723665996355,2.5162438050970404,3.654462383374237,0.7227059828014898
Kepler-111 b,Kepler-111,1.58,0.0,1356.0,0.046,5952.0,0.19471,1.171,2.3,1.415853163361435,1.6770965609079151,6.5198889007832035,1.4682924634548868,0.7687183674070194
Kepler-111 c,Kepler-111,7.0840758,0.176,352.2,0.7509999999999999,5914.0,0.15836,1.118,3.4,5.409321409555913,1.4861396960896067,1.247032293786383,5.419553677225304,0.7631395523799803
Kepler-1110 b,Kepler-1110,2.66,0.0,609.0,0.0754,4781.0,-0.63653,0.73,4.79,2.1471001901536506,1.1662709371419244,3.7872757759701297,2.369600573932293,0.5306282510621704
Kepler-1111 b,Kepler-1111,2.0,0.0,938.0,0.0872,6077.0,-0.0903,1.1,3.16,1.7334238922150915,1.4350845252893227,4.783483721384507,2.2819923739175407,0.7654678421395714
Kepler-1112 b,Kepler-1112,3.02,0.0,918.0,0.1239,6496.0,0.54224,1.34,2.09,2.339880877737743,1.0543120297715298,5.545032902783915,2.731941151959859,0.9321640810304452
Kepler-1113 b,Kepler-1113,2.81,0.0,558.0,0.2415,5931.0,0.07994,1.12,3.55,2.2300144001592104,1.1184149159642893,3.171742287734143,3.7681640760515402,0.7747271675523681
Kepler-1114 b,Kepler-1114,1.35,0.0,631.0,0.11056,5374.0,-0.29317,0.87,4.27,1.2208299213923592,1.8468787684491346,3.6968724250428604,2.770984745306274,0.6043159668533296
Kepler-1115 b,Kepler-1115,1.7,0.0,1381.0,0.2134,8480.0,1.25385,1.6000000000000003,1.12,1.5107219394949427,1.599387576580599,6.248238213262228,3.2008777264300243,1.0043016091968684
Kepler-1116 b,Kepler-1116,2.54,0.0,488.0,0.233,5641.0,-0.14676,0.95,4.9,2.0781907597781832,1.205970806988609,2.8209621329128707,3.754146991485836,0.6575200029167942
Kepler-1117 b,Kepler-1117,1.11,0.0,938.0,0.05485,5612.0,-0.22396,0.95,4.27,0.8796267475025636,1.8976198599275325,5.277992202753437,1.7561814423631676,0.6575200029167942
Kepler-1118 b,Kepler-1118,2.74,0.0,502.0,0.2079,5688.0,-0.06047,0.96,4.07,2.191653532286764,1.1378330018213914,3.045046110106912,3.6806332348125372,0.6780335427498971
Kepler-1119 b,Kepler-1119,1.92,0.0,938.0,0.0812,6083.0,0.48586,1.11,3.09,1.6770965609079151,1.4770487243883548,5.213249554157973,2.2328614509879197,0.7747271675523681
Kepler-112 b,Kepler-112,2.36,0.0,809.0,0.076,5544.0,-0.08612,0.782,12.88,1.969905654611529,1.275362800412609,4.826856676304301,2.241653711631712,0.6103089022509408
Kepler-112 c,Kepler-112,2.4,0.0,538.0,0.172,5544.0,-0.08612,0.782,12.88,1.9947003132247452,1.2584609896100059,3.229024155920016,3.3869044898582605,0.6103089022509408
Kepler-1120 b,Kepler-1120,1.38,0.0,1027.0,0.0369,4904.0,-0.58813,0.78,4.68,1.247032293786383,1.8229350866965048,5.336932126918238,1.373469739076641,0.5538851132264376
Kepler-1121 b,Kepler-1121,1.91,0.0,1008.0,0.11818,6231.0,0.47495,1.29,3.02,1.6695918352538475,1.4816045409242156,5.329195686192973,2.64981432300607,0.9516578757114464
Kepler-1122 b,Kepler-1122,2.04,0.0,526.0,0.2315,5544.0,0.05875,0.9200000000000002,4.68,1.7613002617433464,1.415853163361435,3.188952556216843,3.7656491737085247,0.636576829071551
Kepler-1123 b,Kepler-1123,1.67,0.0,1061.0,0.0497,5500.0,-0.29455,0.9300000000000002,5.13,1.4883995840570443,1.6193882432872684,5.252357194171658,1.6751253745361494,0.6418538861723948
Kepler-1124 b,Kepler-1124,1.28,0.0,621.0,0.0305,3658.0,-1.32347,0.35,3.39,1.1568811967920856,1.9035989509835904,3.9469460352173757,1.3486830856267205,0.29266961396281993
Kepler-1125 b,Kepler-1125,1.84,0.0,778.0,0.1348,5683.0,0.64744,0.95,4.17,1.617406082083277,1.5173226235262947,3.7386215460087504,2.9269213962193845,0.6626879730752367
Kepler-1126 b,Kepler-1126,1.73,0.0,374.0,0.41251,5798.0,-0.09926,0.9200000000000002,5.5,1.534714366238164,1.5810384379124023,1.713797927758343,4.696776505873136,0.6575200029167942
Kepler-1126 c,Kepler-1126,1.45,0.0,305.0,0.6193,5678.0,-0.09926,0.7940000000000002,12.3,1.308332819650179,1.769854633840005,1.1184149159642893,5.301655588479987,0.6528458837864196
Kepler-1127 b,Kepler-1127,1.96,0.0,994.0,0.0556,5664.0,-0.25911,0.97,4.37,1.7047480922384253,1.4539530095937054,5.086144664784566,1.812101733573706,0.6678293725756554
Kepler-1128 b,Kepler-1128,3.65,0.0,424.0,0.302,5543.0,-0.19585,0.94,4.57,2.631888840136646,0.9001613499442714,2.0083482515715905,4.137049849432878,0.6471032420585385
Kepler-1129 b,Kepler-1129,2.96,0.0,737.0,0.16481,5831.0,-0.0274,1.0,4.07,2.3085671646715933,1.0715836162801904,3.504505793193851,3.232375508714952,0.6931471805599453
Kepler-1129 c,Kepler-1129,2.73,0.0,503.0,0.35367,5831.0,-0.0274,1.0,4.07,2.186051276738094,1.1410330045520618,2.080191260570382,4.350754707847001,0.6931471805599453
Kepler-113 b,Kepler-113,1.82,0.0,775.0,0.05123,4725.0,-0.57598,0.75,6.89,2.541601993464546,2.462149662665384,4.666575679315583,1.7498952651293562,0.5247285289349821
Kepler-113 c,Kepler-113,2.18,0.0,628.0,0.07796,4725.0,-0.57598,0.75,6.89,2.272125885509337,0.26868807312786047,3.8415147005375303,2.295063879445108,0.5247285289349821
Kepler-1130 b,Kepler-1130,0.8,0.0,904.0,0.05963,5403.0,-0.25964,0.9,1.58,0.3625576070968879,1.7387102481382395,5.097730000947189,1.8645423108077541,0.5933268452777344
Kepler-1130 c,Kepler-1130,0.79239584,0.0,1072.0,0.04238,5450.0,-0.25964,0.944,1.58,0.35206433138104903,1.7334238922150915,5.761736867916757,1.4508266200503541,0.6108519378331151
Kepler-1130 d,Kepler-1130,0.64472273,0.0,981.0,0.05068,5450.0,-0.25964,0.944,1.58,0.18398683611301586,1.6370530794670737,5.404477562376427,1.662457249602396,0.6108519378331151
Kepler-1131 b,Kepler-1131,1.59,0.0,1159.0,0.0459,5851.0,-0.02783,1.03,4.17,1.423108334242607,1.6695918352538475,6.118409924467738,1.5112349403378376,0.712949807856125
Kepler-1132 b,Kepler-1132,2.35,0.0,384.0,0.2880999999999999,5298.0,-0.37811,0.87,4.57,1.9629077254238845,1.2781522025001875,1.7132572410730975,4.157188254197768,0.6043159668533296
Kepler-1133 b,Kepler-1133,1.97,0.0,703.0,0.0983,5569.0,-0.20972,0.9300000000000002,4.07,1.7119945007591926,1.449269160281279,4.038796615589289,2.530168647290713,0.6418538861723948
Kepler-1134 b,Kepler-1134,2.64,0.0,611.0,0.1242,5281.0,-0.39721,0.8400000000000001,4.9,2.135349173618132,1.172482137234565,3.4295904561633734,2.8977136231022738,0.5933268452777344
Kepler-1135 b,Kepler-1135,1.85,0.0,451.0,0.3436,5656.0,0.43703,0.96,4.47,1.6253112615903906,1.5129270120532565,3.286908235260028,4.356168385805927,0.6626879730752367
Kepler-1136 b,Kepler-1136,1.64,0.0,922.0,0.0299,4512.0,-0.85345,0.7199999999999999,3.24,1.4655675420143985,1.6389967146756448,5.017644008906814,1.2124540354913032,0.5187937934151676
Kepler-1137 b,Kepler-1137,2.2,0.0,1020.0,0.1871,6807.0,0.75429,1.5,1.58,1.8687205103641835,1.3428648031925547,5.292530655786303,3.2157139955499416,1.0438040521731147
Kepler-1138 b,Kepler-1138,1.7,0.0,1080.0,0.0415,5582.0,-0.33299,0.95,4.37,1.5107219394949427,1.599387576580599,5.50899959711095,1.4280599223410408,0.6523251860396903
Kepler-1139 b,Kepler-1139,1.19,0.0,1693.0,0.01664,5550.0,-0.30419,0.94,4.47,1.0331844833456545,1.9315214116032138,7.449076741561901,0.5950748850738372,0.6471032420585385
Kepler-114 b,Kepler-114,1.26,0.0,586.0,0.053,4605.0,-0.6853,0.77,2.69,0.7371640659767197,1.2612978709452054,4.538335697800868,1.82270064887885,0.5110256037686569
Kepler-114 c,Kepler-114,1.6,0.0,507.0,0.06482,4660.0,-0.6853,0.56,2.69,1.33500106673234,0.7793248768009976,3.963153286529753,2.2017697877552296,0.43178241642553783
Kepler-114 d,Kepler-114,2.53,0.0,446.0,0.08358,4660.0,-0.6853,0.56,2.69,1.589235205116581,0.1988508587451652,3.4662357778413777,2.5475684109127115,0.43178241642553783
Kepler-1140 b,Kepler-1140,2.77,0.0,500.0,0.1478,4850.0,-0.56584,0.76,5.01,2.2082744135228043,1.128171090909654,2.642693567624203,3.222320712423637,0.5481214085096876
Kepler-1141 b,Kepler-1141,0.82,0.0,1471.0,0.03496,5791.0,0.1551,1.01,6.17,0.39001300354924273,1.749199854809259,7.045735635274865,1.207320776806307,0.7275486072772778
Kepler-1142 b,Kepler-1142,1.47,0.0,902.0,0.1343,5685.0,0.43724,0.97,5.37,1.324418957401803,1.752672080520008,5.002717363185092,2.960246267292842,0.6729444732424258
Kepler-1143 b,Kepler-1143,1.67,0.0,976.0,0.0371,5053.0,-0.62275,0.81,4.79,1.4883995840570443,1.6193882432872684,5.159377086515901,1.3581275881733443,0.5709795465857378
Kepler-1143 c,Kepler-1143,3.6,0.0,234.0,0.6477,5053.0,-0.62275,0.81,4.79,2.6100697927420065,0.9082585601768908,0.4498009219282161,5.354842259478207,0.5709795465857378
Kepler-1144 b,Kepler-1144,1.99,0.0,811.0,0.1291,5753.0,0.05604,0.98,3.98,1.7263316639055994,1.4398351280479205,4.144102511904278,2.898476217860569,0.6729444732424258
Kepler-1145 b,Kepler-1145,1.4,0.0,958.0,0.0443,5064.0,-0.49839,0.79,4.79,1.264126727145683,1.8066480817218056,5.295463297565131,1.6035742869335274,0.5596157879354227
Kepler-1146 b,Kepler-1146,1.23,0.0,1019.0,0.0325,4692.0,-0.64244,0.74,4.9,1.1118575154181303,1.9487632180377197,5.4335560509202345,1.2096364745238832,0.5306282510621704
Kepler-1147 b,Kepler-1147,2.61,0.0,872.0,0.0961,5941.0,0.23534,1.09,3.8,2.1186622548331173,1.1817271953786161,5.335434908047042,2.453403080136612,0.76080582903376
Kepler-1148 b,Kepler-1148,1.69,0.0,1397.0,0.0188,5054.0,-0.53105,0.81,4.57,1.5040773967762742,1.6054298910365616,6.704913005127251,0.7440605695675846,0.5709795465857378
Kepler-1149 b,Kepler-1149,1.44,0.0,1128.0,0.0473,5833.0,0.16546,1.02,3.98,1.3001916620664788,1.776645831418007,6.484377187076411,1.554115243641498,0.6981347220709844
Kepler-115 b,Kepler-115,1.09,0.0,1489.0,0.036,5979.0,0.22007,1.042,4.17,0.8415671856782186,1.8870696490323797,7.103944401727629,1.2248569054419638,0.7907275088988094
Kepler-115 c,Kepler-115,2.6,0.0,960.0,0.087,5979.0,0.22007,1.042,4.17,2.1126345090356,1.184789984909162,5.347588367477895,2.301673577690166,0.7907275088988094
Kepler-1150 b,Kepler-1150,1.02,0.0,1432.0,0.0382,4754.0,-0.66578,0.76,4.68,0.712949807856125,1.8547342683894434,5.041752751553574,1.3318034297360504,0.5423242908253616
Kepler-1151 b,Kepler-1151,2.22,0.0,485.0,0.3197,5470.0,-0.34196,0.8800000000000001,4.37,1.8809906029559977,1.332366019094335,1.7681496035889213,4.199422674007707,0.6151856390902335
Kepler-1152 b,Kepler-1152,0.87,0.0,806.0,0.0223,3964.0,-1.09668,0.55,3.47,0.46373401623214017,1.7783364488959144,4.945926091726805,0.9733520840259926,0.4252677354043441
Kepler-1153 b,Kepler-1153,1.73,0.0,1343.0,0.0277,5470.0,-0.28448,0.91,4.57,1.534714366238164,1.5810384379124023,6.637006361348249,1.013720600640577,0.6312717768418579
Kepler-1154 b,Kepler-1154,2.34,0.0,1314.0,0.0631,6327.0,0.45174,1.26,2.29,1.9572739077056285,1.2837077723447896,6.483055362338204,1.822226305683663,0.8878912573524571
Kepler-1154 c,Kepler-1154,2.36,0.0,1117.0,0.0875,6327.0,0.45174,1.26,2.29,1.969905654611529,1.275362800412609,5.830629493213242,2.246869732510409,0.8878912573524571
Kepler-1155 b,Kepler-1155,2.03,0.0,609.0,0.2006,5842.0,0.0472,1.03,3.72,1.7544036826842861,1.420695787837223,3.5121422756138823,3.540081924742349,0.708035793053696
Kepler-1156 b,Kepler-1156,1.32,0.0,787.0,0.09704,5778.0,-0.06802,1.0,4.47,1.1939224684724346,1.8718021769015913,4.430983451622635,2.556855545371987,0.6931471805599453
Kepler-1157 b,Kepler-1157,1.09,0.0,732.0,0.0448,4679.0,-0.67539,0.76,3.39,0.8415671856782186,1.8870696490323797,4.56895216025345,1.6969782834816984,0.5364933705145685
Kepler-1158 b,Kepler-1158,2.34,0.0,1079.0,0.12643,6203.0,0.84033,1.41,2.88,1.9572739077056285,1.2837077723447896,6.11079971092334,2.676877976594671,1.0818051703517284
Kepler-1159 b,Kepler-1159,2.37,0.0,677.0,0.1603,6217.0,0.29847,1.19,2.75,1.9754689512968577,1.269760544863939,4.406524106274269,3.165819626319948,0.8241754429663495
Kepler-116 b,Kepler-116,3.42,0.0,1251.0,0.069,6142.0,0.42073,1.198,3.16,2.533696813957432,0.9516578757114464,6.389319101614728,1.941433572693631,0.8977193462887195
Kepler-116 c,Kepler-116,2.3,0.0,964.0,0.116,6142.0,0.42073,1.198,3.16,1.9315214116032138,1.297463147413275,5.347021812758075,2.6441607137410874,0.8977193462887195
Kepler-1160 b,Kepler-1160,2.14,0.0,839.0,0.0755,5519.0,-0.34326,0.9200000000000002,4.57,1.827769906751088,1.3686394258811698,4.546566021672039,2.193924647440631,0.636576829071551
Kepler-1161 b,Kepler-1161,2.13,0.0,485.0,0.0784,4253.0,-0.65314,0.5900000000000001,3.39,1.8213182714695995,1.3737155789130306,3.3042825818100696,2.4606588170392416,0.4510756193602167
Kepler-1162 b,Kepler-1162,2.21,0.0,490.0,0.19,5390.0,-0.32228,0.89,4.37,1.8748743759385615,1.3376291891386096,2.583620122724033,3.5134453313990823,0.6097655716208943
Kepler-1162 c,Kepler-1162,1.81,0.0,401.0,0.2832,5225.0,-0.32228,0.861,0.5,1.5953389880545987,1.534714366238164,1.965712776351493,4.09906779019843,0.620038708739307
Kepler-1163 b,Kepler-1163,1.03,0.0,1211.0,0.06868,6302.0,0.39636,1.22,2.88,0.7323678937132266,1.860974538249528,6.239802048736437,1.9626083800627343,0.8544153281560676
Kepler-1164 b,Kepler-1164,1.12,0.0,936.0,0.04635,5183.0,-0.39926,0.8500000000000001,3.63,0.9001613499442714,1.9035989509835904,5.205132426820344,1.6046258891988274,0.5822156198526637
Kepler-1165 b,Kepler-1165,1.55,0.0,946.0,0.0914,6080.0,0.55152,1.13,3.24,1.3912819026309298,1.6974487897568138,6.143698390978461,2.349327638412804,0.7793248768009976
Kepler-1165 c,Kepler-1165,3.36093385,0.0,644.0,0.1969,6249.0,0.55152,1.13,0.3,2.501435951739211,0.9631743177730056,3.731938943574383,3.4329770302373546,0.7304429653036423
Kepler-1166 b,Kepler-1166,1.69,0.0,486.0,0.1975,5446.0,-0.25594,0.9,4.9,1.5040773967762742,1.6054298910365616,2.720505642369556,3.5334146503706187,0.6205764877251099
Kepler-1167 b,Kepler-1167,1.71,0.0,1419.0,0.0175,4971.0,-0.53589,0.79,4.27,1.5195132049061133,1.5933085305042167,6.947645959964536,0.6951121183047225,0.5596157879354227
Kepler-1168 b,Kepler-1168,2.5,0.0,379.0,0.2663,5157.0,-0.5302,0.87,4.27,2.0541237336955462,1.2208299213923592,1.6306121476655069,4.039935082480668,0.598836501088704
Kepler-1169 b,Kepler-1169,0.94,0.0,1125.0,0.06931,6191.0,0.26202,1.2400000000000002,1.38,0.5760514086836981,1.8164520818184267,5.855203718674484,1.9615150904274274,0.8020015854720274
Kepler-117 b,Kepler-117,8.059,0.0493,984.0,0.1445,6150.0,0.53776,1.129,5.3,3.4299467949481413,0.26236426446749106,5.0660132349455695,2.9854759973043024,0.9578164787026534
Kepler-117 c,Kepler-117,12.341,0.0323,704.0,0.2804,6150.0,0.53776,1.129,5.3,6.372944292465635,1.007957920399979,3.7580089829295162,3.9472046301273243,0.9578164787026534
Kepler-1170 b,Kepler-1170,2.41,0.0,705.0,0.0879999999999999,5069.0,-0.3384,0.8,4.9,2.0001277349601105,1.2556160374777745,4.2561373948419945,2.3969578581079336,0.5653138090500605
Kepler-1172 b,Kepler-1172,3.2,0.0,675.0,0.168,5558.0,-0.16073,0.9200000000000002,4.37,2.424802725718295,1.0043016091968684,3.3089358832358498,3.2965937017541087,0.636576829071551
Kepler-1173 b,Kepler-1173,0.89,0.0,1650.0,0.0156,5252.0,-0.43521,0.86,4.79,0.49469624183610705,1.790091412127358,7.288311384422619,0.5708968313005162,0.598836501088704
Kepler-1174 b,Kepler-1174,1.59,0.0,1156.0,0.0732,5936.0,0.55531,1.04,3.55,1.423108334242607,1.6695918352538475,6.465855413339935,2.065881547862526,0.712949807856125
Kepler-1175 b,Kepler-1175,2.99,0.0,515.0,0.2181,5453.0,-0.3398,0.9,4.17,2.3243465847755584,1.0647107369924282,2.634618923016327,3.6621665709004625,0.6205764877251099
Kepler-1176 b,Kepler-1176,2.45,0.0,595.0,0.1589,5844.0,-0.11691,1.01,3.8,2.0241930674493576,1.2383742310432684,3.2990539079934518,3.2258060711405827,0.7030975114131134
Kepler-1177 b,Kepler-1177,1.9,0.0,377.0,0.4301,5712.0,0.34212,0.98,4.47,1.6620303625532709,1.4861396960896067,2.5542772277126713,4.675139685751691,0.6780335427498971
Kepler-1178 b,Kepler-1178,1.07,0.0,378.0,0.1595999999999999,4990.0,-0.27723,0.8,4.68,0.8064758658669486,1.8809906029559977,3.187880391165681,3.490621789394401,0.5596157879354227
Kepler-1179 b,Kepler-1179,1.32,0.0,1137.0,0.03497,5212.0,-0.44424,0.8400000000000001,4.9,1.1939224684724346,1.8718021769015913,5.668397063985405,1.3042861271478183,0.5933268452777344
Kepler-118 b,Kepler-118,1.96,0.0,784.0,0.073,5274.0,-0.37737,0.8110000000000002,13.9,1.7047480922384253,1.4539530095937054,4.391395113115445,2.1422397994371116,0.7390761124483451
Kepler-118 c,Kepler-118,7.68,0.0,564.0,0.141,5274.0,-0.37737,0.8110000000000002,13.9,3.8437441646748516,0.4408322519454557,3.1094626638810134,3.0526804986391642,0.7390761124483451
Kepler-1180 b,Kepler-1180,1.99,0.0,765.0,0.1246,6077.0,0.41746,1.09,3.09,1.7263316639055994,1.4398351280479205,5.175330187799185,2.882570775870358,0.76080582903376
Kepler-1181 b,Kepler-1181,1.57,0.0,1374.0,0.0621,6176.0,0.47243,1.17,3.24,1.4085449700547104,1.6845453849209058,6.724004301052393,1.7738288708917316,0.832909122935104
Kepler-1181 c,Kepler-1181,1.83,0.0,1124.0,0.0928,6688.0,0.47243,1.336,3.24,1.6114359150967734,1.5260563034950494,5.935555352668465,2.2960486640108764,0.8531379168688864
Kepler-1182 b,Kepler-1182,2.41,0.0,796.0,0.0981,5924.0,0.25605,1.04,3.39,2.0001277349601105,1.2556160374777745,5.292711684027203,2.499298108343541,0.7178397931503169
Kepler-1183 b,Kepler-1183,2.82,0.0,555.0,0.1793,5765.0,0.25466,1.0,4.27,2.2353763433005955,1.11514159061932,4.137771161811727,3.3845841055741044,0.688134638736401
Kepler-1184 b,Kepler-1184,2.68,0.0,529.0,0.2863,5983.0,0.06532,1.05,3.55,2.157559320943788,1.1568811967920856,2.9464895069755395,4.000017479685927,0.7275486072772778
Kepler-1185 b,Kepler-1185,1.33,0.0,355.0,0.4296999999999999,5622.0,0.28187,0.96,1.55,1.2029723039923526,1.8625285401162623,2.3331142980288684,4.657306152427798,0.6259384308664953
Kepler-1186 b,Kepler-1186,2.23,0.0,724.0,0.1281,5635.0,0.06369,0.95,4.47,1.8870696490323797,1.3270750014599193,4.458814049626746,2.8377194205449006,0.6575200029167942
Kepler-1187 b,Kepler-1187,2.61,0.0,701.0,0.1401,5975.0,0.13585,1.06,3.39,2.1186622548331173,1.1817271953786161,4.303483843230047,2.9892432996272036,0.7371640659767197
Kepler-1188 b,Kepler-1188,2.08,0.0,775.0,0.135,5913.0,0.39786,1.04,4.17,1.7884205679625405,1.3962446919730587,5.115433651772889,2.897951530921024,0.7227059828014898
Kepler-1189 b,Kepler-1189,1.77,0.0,1158.0,0.0467,6012.0,0.04086,1.11,3.39,1.5644405465033646,1.55814461804655,6.111325422559331,1.5662359672433177,0.7701082216960736
Kepler-119 b,Kepler-119,3.6,0.0,1213.0,0.035,5595.0,-0.0366,0.918,3.63,2.6100697927420065,0.9082585601768908,6.615107564779516,1.230249137777877,0.609221945622184
Kepler-119 c,Kepler-119,0.92,0.0,1016.0,0.049,5595.0,-0.0366,0.918,3.63,0.5429055172294024,1.8066480817218056,5.908957555579592,1.6341506223834943,0.609221945622184
Kepler-1190 b,Kepler-1190,1.33,0.0,609.0,0.0845,4730.0,-0.7272,0.76,3.98,1.2029723039923526,1.8625285401162623,3.227280407212011,2.4387260885160824,0.5423242908253616
Kepler-1191 b,Kepler-1191,1.51,0.0,952.0,0.0587,5308.0,-0.22611,0.8500000000000001,4.57,1.358409157630355,1.724550719534605,5.125058618162825,1.887092150294376,0.5933268452777344
Kepler-1192 b,Kepler-1192,2.36,0.0,600.0,0.1693,5438.0,-0.1283,0.86,4.47,1.969905654611529,1.275362800412609,3.576326467874605,3.2658921767624167,0.6043159668533296
Kepler-1193 b,Kepler-1193,1.32,0.0,1453.0,0.04004,5908.0,0.35069,1.08,5.01,1.1939224684724346,1.8718021769015913,7.160369084928347,1.343557026735924,0.7929925155296614
Kepler-1194 b,Kepler-1194,1.51,0.0,676.0,0.1212,5590.0,-0.127,0.94,4.79,1.358409157630355,1.724550719534605,3.9189986191645714,2.846287101191302,0.6523251860396903
Kepler-1195 b,Kepler-1195,2.08,0.0,702.0,0.0726,4965.0,-0.44607,0.74,4.47,1.7884205679625405,1.3962446919730587,4.382401564378955,2.2509151392582156,0.5364933705145685
Kepler-1196 b,Kepler-1196,2.23,0.0,436.0,0.3179,5756.0,-0.04702,0.98,3.98,1.8870696490323797,1.3270750014599193,2.2302294308019053,4.207448566040108,0.6780335427498971
Kepler-1197 b,Kepler-1197,1.25,0.0,1011.0,0.02869,4708.0,-0.66629,0.78,2.69,1.1314021114911006,1.9329696377795786,5.591516690935783,1.1093274919482714,0.5423242908253616
Kepler-1198 b,Kepler-1198,1.47,0.0,830.0,0.0732,5517.0,-0.23165,0.9300000000000002,4.68,1.324418957401803,1.752672080520008,4.691980709474674,2.1615711011319503,0.6418538861723948
Kepler-1199 b,Kepler-1199,1.15,0.0,931.0,0.11309,5889.0,0.18707,0.94,7.76,0.9555114450274365,1.9139771019523042,4.888090941338162,2.775379811025102,0.7747271675523681
Kepler-12 b,Kepler-12,19.660586,0.0,1480.0,0.0553,5947.0,0.44933,1.166,4.0,4.92944374898385,0.10436001532424277,6.7782603004949324,1.6934045238258442,0.9094675065260296
Kepler-120 b,Kepler-120,2.15,0.0,575.0,0.055,4096.0,-0.67701,0.6540000000000001,3.63,2.2512917986064953,1.7404661748405044,3.7771650189812966,1.9895853493101023,0.42787870294506447
Kepler-120 c,Kepler-120,1.53,0.0,455.0,0.0879999999999999,4096.0,-0.67701,0.6540000000000001,3.63,1.3762440252663892,1.7119945007591926,2.8693183486983322,2.6242761238531984,0.42787870294506447
Kepler-1200 b,Kepler-1200,1.06,0.0,1174.0,0.0188,4612.0,-0.68923,0.74,3.02,0.7884573603642702,1.8779371654691073,6.3017651314701295,0.7507317588289326,0.5306282510621704
Kepler-1201 b,Kepler-1201,2.29,0.0,789.0,0.1183,6177.0,0.04424,1.15,2.95,1.925707441737794,1.3029127521808397,4.5045871289683665,2.7842244710866746,0.8064758658669486
Kepler-1202 b,Kepler-1202,2.94,0.0,547.0,0.179,5834.0,-0.13389,1.03,4.17,2.298577071596507,1.0784095813505903,3.213903483241643,3.390646327877759,0.712949807856125
Kepler-1203 b,Kepler-1203,1.06,0.0,1188.0,0.0114,4105.0,-0.85362,0.64,3.47,0.7884573603642702,1.8779371654691073,6.585904032840201,0.4624758445628631,0.4762341789963716
Kepler-1204 b,Kepler-1204,3.05,0.0,448.0,0.3877,5825.0,-0.05771,1.03,4.27,2.354228326145884,1.0473189942805592,2.0820631023847875,4.462857821800394,0.708035793053696
Kepler-1205 b,Kepler-1205,1.41,0.0,1667.0,0.0196,5226.0,-0.41829,0.8400000000000001,4.9,1.2725655957915476,1.7984040119467237,6.94648837326866,0.7315937248910912,0.5933268452777344
Kepler-1206 b,Kepler-1206,1.64,0.0,1314.0,0.0201,4877.0,-0.61957,0.8,3.55,1.4655675420143985,1.6389967146756448,6.378461836666265,0.7961538765064199,0.5596157879354227
Kepler-1207 b,Kepler-1207,1.62,0.0,802.0,0.1156,5909.0,0.63789,1.06,3.63,1.449269160281279,1.6505798557652755,5.867906115915066,2.686647535346938,0.7227059828014898
Kepler-1208 b,Kepler-1208,2.32,0.0,665.0,0.0900999999999999,5001.0,-0.55349,0.8,4.47,1.9444805562457188,1.2919836816486496,3.654908934542783,2.491971333539699,0.5653138090500605
Kepler-1209 b,Kepler-1209,1.51,0.0,755.0,0.17515,6210.0,0.34256,1.23,3.09,1.358409157630355,1.724550719534605,4.162719465027955,3.272193476860551,0.8671004876833832
Kepler-121 b,Kepler-121,2.34,0.0,997.0,0.039,5311.0,-0.47396,0.8590000000000001,0.5,1.9572739077056285,1.2837077723447896,5.400372926852474,1.429694309858879,0.5312163134137247
Kepler-121 c,Kepler-121,2.27,0.0,425.0,0.216,5311.0,-0.47396,0.8590000000000001,0.5,1.9125010869241836,1.3110318766193438,2.1157734709272265,3.7378603381904085,0.5312163134137247
Kepler-1210 b,Kepler-1210,1.7,0.0,856.0,0.0753,5568.0,-0.14879,0.94,5.13,1.5107219394949427,1.599387576580599,5.030745063761872,2.205109049699807,0.6523251860396903
Kepler-1211 b,Kepler-1211,2.55,0.0,840.0,0.09763,5705.0,0.13445,0.96,4.17,2.084429083190875,1.2029723039923526,4.882044059723269,2.4864195348001314,0.6626879730752367
Kepler-1212 b,Kepler-1212,2.14,0.0,795.0,0.1082,6051.0,0.21104,1.1,3.24,1.827769906751088,1.3686394258811698,4.963515733690945,2.6348557625239573,0.7654678421395714
Kepler-1213 b,Kepler-1213,1.19,0.0,1156.0,0.0602599999999999,6050.0,0.39455,1.14,3.47,1.0331844833456545,1.9315214116032138,6.39095182352961,1.8484271148832183,0.7929925155296614
Kepler-1214 b,Kepler-1214,2.36,0.0,591.0,0.128,5130.0,-0.41949,0.8500000000000001,4.68,1.969905654611529,1.275362800412609,3.1855258451866466,2.9870114898178692,0.5877866649021191
Kepler-1215 b,Kepler-1215,1.22,0.0,1046.0,0.0528,5616.0,-0.18176,0.95,4.79,1.091923300517313,1.9444805562457188,5.541122358721502,1.7521588864667823,0.6575200029167942
Kepler-1216 b,Kepler-1216,1.39,0.0,1191.0,0.0519,5743.0,0.0729,0.99,4.07,1.2556160374777745,1.8148247421590513,6.032013704411549,1.6808922193019527,0.6830968447064438
Kepler-1217 b,Kepler-1217,1.99,0.0,1542.0,0.0326,5905.0,0.08509,1.06,3.8,1.7263316639055994,1.4398351280479205,7.1731518643908645,1.1093296757534616,0.7323678937132266
Kepler-1218 b,Kepler-1218,1.44,0.0,684.0,0.15698,5986.0,0.36296,1.06,3.8,1.3001916620664788,1.776645831418007,4.452368595730128,3.174803829812918,0.7419373447293773
Kepler-1219 b,Kepler-1219,2.12,0.0,1159.0,0.14146,5944.0,0.92552,1.25,4.37,1.8148247421590513,1.3762440252663892,6.0677100545331335,2.839351963530974,1.0784095813505903
Kepler-122 b,Kepler-122,2.34,0.0,1159.0,0.064,6050.0,0.26993,0.982,7.94,1.9572739077056285,1.2837077723447896,6.107250033434923,1.9119385949295178,0.7957037688850374
Kepler-122 c,Kepler-122,5.87,0.0,897.0,0.108,6050.0,0.26993,0.982,7.94,3.4011973816621555,0.5810976767513224,5.084498950693076,2.6001670989894676,0.7957037688850374
Kepler-122 d,Kepler-122,2.2,0.0,747.0,0.155,6050.0,0.26993,0.982,7.94,1.8687205103641835,1.3428648031925547,4.358502089626924,3.1173955491108725,0.7957037688850374
Kepler-122 e,Kepler-122,2.6,0.0,618.0,0.227,6050.0,0.26993,0.982,7.94,3.3568971227655755,2.2679936482244267,3.6189665166389102,3.663389144072535,0.7957037688850374
Kepler-1220 b,Kepler-1220,1.52,0.0,899.0,0.0734,5842.0,0.02481,1.0,3.63,1.366091653802371,1.7173950539391927,5.186502734483745,2.1314334094456764,0.688134638736401
Kepler-1221 b,Kepler-1221,1.88,0.0,632.0,0.0906,5194.0,-0.355,0.87,4.57,1.6467336971777973,1.4973884086254774,3.658677945380815,2.565023233194196,0.598836501088704
Kepler-1222 b,Kepler-1222,0.79,0.0,1246.0,0.02801,5239.0,-0.45761,0.8400000000000001,4.37,0.34924742810993575,1.7334238922150915,6.033640025255887,1.0705365799727697,0.5877866649021191
Kepler-1223 b,Kepler-1223,1.22,0.0,557.0,0.1186,4870.0,-0.54142,0.8,3.63,1.091923300517313,1.9444805562457188,3.068517943279639,2.8507792734222672,0.5596157879354227
Kepler-1224 b,Kepler-1224,1.33,0.0,872.0,0.11625,6155.0,0.29282,1.18,2.34,1.2029723039923526,1.8625285401162623,4.895321706840765,2.6619026628191733,0.7975071958841881
Kepler-1225 b,Kepler-1225,1.82,0.0,1453.0,0.0771,6140.0,0.33289,1.13,3.02,1.6034198401085373,1.5303947050936475,5.7846924984100765,2.0807849314276248,0.7839015438284094
Kepler-1226 b,Kepler-1226,1.45,0.0,809.0,0.13945,5923.0,0.35947,1.02,3.72,1.308332819650179,1.769854633840005,4.951423007797652,2.906482682722384,0.7030975114131134
Kepler-1227 b,Kepler-1227,2.29,0.0,369.0,0.38555,5747.0,-0.15834,0.97,4.17,1.925707441737794,1.3029127521808397,1.6446119874417544,4.556911836230303,0.6678293725756554
Kepler-1228 b,Kepler-1228,1.54,0.0,1757.0,0.01186,5063.0,-0.5546,0.78,5.13,1.3837912309017721,1.7047480922384253,7.377548886174785,0.45575863626262936,0.5538851132264376
Kepler-1229 b,Kepler-1229,1.4,0.0,212.0,0.3006,3784.0,-1.533,0.54,3.72,1.264126727145683,1.8066480817218056,0.42133845726445457,4.475391616989498,0.412109650826833
Kepler-123 b,Kepler-123,2.94,0.0,817.0,0.135,6089.0,0.40952,1.079,5.01,4.030694535145645,2.5649493574615367,4.940262900076931,2.9031983663360115,0.8171331603409365
Kepler-123 c,Kepler-123,1.48,0.0,706.0,0.181,6089.0,0.40952,1.079,5.01,1.332366019094335,1.7457155307266483,4.361811172172974,3.321254563443946,0.8171331603409365
Kepler-1230 b,Kepler-1230,2.71,0.0,946.0,0.0921,5961.0,0.09626,1.06,3.47,2.174751721484161,1.1474024528375417,5.042992765404282,2.393943417220363,0.7323678937132266
Kepler-1231 b,Kepler-1231,1.42,0.0,870.0,0.0914,5778.0,0.02302,1.01,4.17,1.2809338454620645,1.790091412127358,4.775039534842806,2.4351255307849717,0.6931471805599453
Kepler-1232 b,Kepler-1232,1.93,0.0,523.0,0.1654499999999999,5471.0,-0.35931,0.9200000000000002,4.79,1.682688374173693,1.4701758451005928,2.747270914255491,3.324457374896131,0.636576829071551
Kepler-1233 b,Kepler-1233,2.6,0.0,604.0,0.263,6198.0,0.22091,1.16,2.88,2.1126345090356,1.184789984909162,3.43595301295243,3.831383377299705,0.8109302162163288
Kepler-1234 b,Kepler-1234,2.81,0.0,625.0,0.096,4967.0,-0.45387,0.8,4.37,2.2300144001592104,1.1184149159642893,3.7164946211469094,2.560334130590492,0.5653138090500605
Kepler-1235 b,Kepler-1235,0.79,0.0,985.0,0.04836,5541.0,-0.15625,0.9300000000000002,4.57,0.34924742810993575,1.7334238922150915,5.584717367497261,1.641044821697088,0.6418538861723948
Kepler-1236 b,Kepler-1236,2.14,0.0,480.0,0.1803,5337.0,-0.37915,0.86,4.07,1.827769906751088,1.3686394258811698,2.6790332520317173,3.4675206155021443,0.598836501088704
Kepler-1237 b,Kepler-1237,2.86,0.0,366.0,0.3778,5472.0,-0.25798,0.94,4.57,2.256541154492639,1.1019400787607843,1.617802828765728,4.449373582705001,0.6418538861723948
Kepler-1238 b,Kepler-1238,1.93,0.0,1389.0,0.0541,6386.0,0.58441,1.3,2.14,1.682688374173693,1.4701758451005928,7.086905980590712,1.638584122775195,0.9082585601768908
Kepler-1239 b,Kepler-1239,2.9,0.0,1183.0,0.0625,6564.0,0.44712,1.4,1.62,2.277267285009756,1.0885619528146082,6.13969056789527,1.8231031113517848,0.9439058989071286
Kepler-124 b,Kepler-124,0.73,0.0,892.0,0.039,4984.0,-0.46737,0.7060000000000001,1.82,0.27383666562972786,1.695615608675153,5.2975320582741965,1.4839864745937836,0.4922542381805553
Kepler-124 c,Kepler-124,1.75,0.0,560.0,0.1,4984.0,-0.46737,0.7060000000000001,1.82,1.5496879080283263,1.5686159179138452,3.4568212854101525,2.6960703955911307,0.4922542381805553
Kepler-124 d,Kepler-124,1.11,0.0,428.0,0.1699999999999999,4984.0,-0.46737,0.7060000000000001,1.82,0.8796267475025636,1.8976198599275325,2.4422600750665278,3.464198815836591,0.4922542381805553
Kepler-1240 b,Kepler-1240,1.15,0.0,1121.0,0.05791,5682.0,0.22254,0.98,4.07,0.9555114450274365,1.9139771019523042,6.291807999917802,1.7692380042400462,0.6729444732424258
Kepler-1241 b,Kepler-1241,2.63,0.0,612.0,0.1336,5261.0,-0.32438,0.8400000000000001,4.68,2.1294214739848565,1.1755733298042381,3.4798853259041462,2.973106740706484,0.5877866649021191
Kepler-1242 b,Kepler-1242,2.26,0.0,639.0,0.1039,4895.0,-0.51639,0.77,5.62,1.9065751436566365,1.3164082336557241,3.401130712773168,2.6829364283696884,0.5538851132264376
Kepler-1243 b,Kepler-1243,1.75,0.0,690.0,0.1256,5667.0,-0.24358,0.96,4.37,1.5496879080283263,1.5686159179138452,3.6152867338105628,2.880998684231335,0.6626879730752367
Kepler-1244 b,Kepler-1244,1.35,0.0,1839.0,0.0502,6680.0,1.03224,1.46,1.7,1.2208299213923592,1.8468787684491346,8.467440814468532,1.5484730982588062,1.0188473201992472
Kepler-1245 b,Kepler-1245,1.44,0.0,1043.0,0.0484,5306.0,-0.41093,0.86,4.57,1.3001916620664788,1.776645831418007,5.2747621069265,1.6778613226087324,0.6043159668533296
Kepler-1245 c,Kepler-1245,1.44,0.0,1190.0,0.0372,5306.0,-0.41093,0.86,4.57,1.3001916620664788,1.776645831418007,5.7990441684366125,1.370313515160026,0.6043159668533296
Kepler-1246 b,Kepler-1246,1.36,0.0,554.0,0.0848,4611.0,-0.7266,0.73,3.89,1.2296405510745139,1.8389610707123492,3.3124025971644833,2.5114443177529746,0.5247285289349821
Kepler-1247 b,Kepler-1247,2.33,0.0,676.0,0.1091,5303.0,-0.34527,0.86,4.68,1.951608170169951,1.2864740258376797,3.7488450352813705,2.6886772263321634,0.598836501088704
Kepler-1248 b,Kepler-1248,1.18,0.0,1035.0,0.0806,6149.0,0.276,1.21,1.51,1.0152306797290587,1.9300710850255671,5.60672076181307,2.136206261296272,0.7929925155296614
Kepler-1249 b,Kepler-1249,2.38,0.0,647.0,0.167,6202.0,0.42782,1.19,2.82,1.9823798288367047,1.2669476034873244,4.598508043114541,3.232175498820156,0.8241754429663495
Kepler-125 b,Kepler-125,2.37,0.0,590.0,0.041,3810.0,-1.3279,0.542101,1.09,1.9754689512968577,1.269760544863939,3.531757698341724,1.641786799349463,0.4134332777573413
Kepler-125 c,Kepler-125,0.74,0.0,529.0,0.051,3810.0,-1.3279,0.542101,1.09,0.2851789422336624,1.6992786164338898,2.87976009730157,1.9131602492449122,0.4134332777573413
Kepler-1250 b,Kepler-1250,1.92,0.0,1431.0,0.0393,5717.0,0.34255,0.99,4.57,1.6770965609079151,1.4770487243883548,7.532191512596387,1.2830271623890193,0.6830968447064438
Kepler-1251 b,Kepler-1251,1.84,0.0,487.0,0.2478,5545.0,-0.15264,0.9200000000000002,4.79,1.617406082083277,1.5173226235262947,2.6932749155200555,3.8306060804503903,0.636576829071551
Kepler-1252 b,Kepler-1252,1.67,0.0,665.0,0.1078,5949.0,-0.12958,1.06,3.89,1.4883995840570443,1.6193882432872684,4.070376270581297,2.7759600890407845,0.7371640659767197
Kepler-1253 b,Kepler-1253,1.33,0.0,501.0,0.31444,5850.0,0.34479,0.97,7.08,1.2029723039923526,1.8625285401162623,3.1190112897141624,4.246868083229892,0.7419373447293773
Kepler-1254 b,Kepler-1254,1.55,0.0,660.0,0.0833,4985.0,-0.57202,0.78,5.62,1.3912819026309298,1.6974487897568138,3.5547192924269995,2.3970888686510183,0.5596157879354227
Kepler-1254 c,Kepler-1254,1.3,0.0,927.0,0.0422,4985.0,-0.57202,0.78,5.62,1.1755733298042381,1.8870696490323797,4.893284664938705,1.526239495410038,0.5596157879354227
Kepler-1254 d,Kepler-1254,1.31,0.0,794.0,0.0574999999999999,4985.0,-0.57202,0.78,5.62,1.184789984909162,1.8794650496471605,4.28096243218686,1.9061548859699566,0.5596157879354227
Kepler-1255 b,Kepler-1255,2.32,0.0,694.0,0.2226,6018.0,0.30726,1.08,3.55,1.9444805562457188,1.2919836816486496,3.705515307765362,3.618777045890118,0.7514160886839212
Kepler-1256 b,Kepler-1256,1.49,0.0,933.0,0.10733,6129.0,0.42833,1.17,3.72,1.3428648031925547,1.7404661748405044,5.359172550018385,2.596207640830825,0.8586616190375187
Kepler-1257 b,Kepler-1257,1.52,0.0,1252.0,0.0376,5502.0,-0.13622,0.9,4.37,1.366091653802371,1.7173950539391927,6.3061073896423725,1.2997320910848154,0.6259384308664953
Kepler-1258 b,Kepler-1258,0.86,0.0,2335.0,0.01824,5839.0,0.09384,0.99,3.89,0.4485245975686113,1.7732559976634952,7.9287663216266955,0.6855887711155878,0.688134638736401
Kepler-1259 b,Kepler-1259,1.43,0.0,1681.0,0.0141,5053.0,-0.33296,0.8,5.25,1.2892326482767593,1.7817091333745536,7.808559511663905,0.5086744664853478,0.5709795465857378
Kepler-126 b,Kepler-126,1.52,0.07,1009.0,0.099,6239.0,0.452,1.108,3.39,1.6326193447421133,1.911397819759946,5.700737844469976,2.4419740092818847,0.8578138021151792
Kepler-126 c,Kepler-126,1.58,0.19,790.0,0.162,6239.0,0.452,1.108,3.39,0.8239216739276052,0.9915970714130556,4.728519921005476,3.1298146830908076,0.8578138021151792
Kepler-126 d,Kepler-126,2.5,0.02,475.0,0.448,6239.0,0.452,1.108,3.39,4.018006697011514,2.965215229345225,2.75455203475363,4.617919901834965,0.8578138021151792
Kepler-1260 b,Kepler-1260,1.77,0.0,823.0,0.1444,5961.0,0.52565,1.06,3.8,1.5644405465033646,1.55814461804655,5.152863757323766,3.001653473597586,0.7323678937132266
Kepler-1261 b,Kepler-1261,2.26,0.0,396.0,0.239,5006.0,-0.5233,0.8200000000000001,4.47,1.9065751436566365,1.3164082336557241,1.748155831745923,3.9005757165121326,0.5709795465857378
Kepler-1262 b,Kepler-1262,1.82,0.0,949.0,0.083,5771.0,-0.10541,0.99,4.27,1.6034198401085373,1.5303947050936475,4.966648574891143,2.2699588401927495,0.6830968447064438
Kepler-1263 b,Kepler-1263,1.14,0.0,907.0,0.0499,5213.0,-0.41402,0.8400000000000001,4.9,0.9360933591703346,1.9095425048844383,4.982324978837064,1.7140500887558792,0.5877866649021191
Kepler-1264 b,Kepler-1264,1.18,0.0,1677.0,0.01839,5791.0,-0.05475,0.99,4.17,1.0152306797290587,1.9300710850255671,7.7701404654046655,0.677285051024715,0.6830968447064438
Kepler-1265 b,Kepler-1265,1.35,0.0,732.0,0.0612,4630.0,-0.70004,0.71,5.25,1.2208299213923592,1.8468787684491346,4.080076590424396,2.014157794930624,0.5247285289349821
Kepler-1266 b,Kepler-1266,2.58,0.0,489.0,0.16431,5044.0,-0.52996,0.8,5.13,2.1016921506146558,1.1939224684724346,2.4259525069443297,3.383533896768566,0.5653138090500605
Kepler-1266 c,Kepler-1266,1.68023962,0.0,881.0,0.0506,4996.0,-0.52996,0.7910000000000001,7.24,1.4951487660319727,1.6114359150967734,4.713127327493184,1.7692258365291211,0.6048622656923737
Kepler-1267 b,Kepler-1267,3.01,0.0,774.0,0.1057,6096.0,0.0025,1.15,3.24,2.334083760053417,1.0577902941478545,4.471284444875272,2.641297283330479,0.7884573603642702
Kepler-1268 b,Kepler-1268,2.03,0.0,627.0,0.2383,5904.0,0.34483,1.06,4.27,1.7544036826842861,1.420695787837223,3.7293493866676495,3.737440987387412,0.7371640659767197
Kepler-1269 b,Kepler-1269,1.63,0.0,657.0,0.23611,5998.0,0.5557,1.1,3.55,1.4562867329399256,1.6428726885203377,4.248552383273911,3.6463151509884963,0.7654678421395714
Kepler-127 b,Kepler-127,1.4,0.47,884.0,0.125,6106.0,0.40651,1.248,2.69,1.264126727145683,1.8066480817218056,5.076192046660214,2.7366952526673973,0.858237800425538
Kepler-127 c,Kepler-127,2.66,0.03,698.0,0.1999999999999999,6106.0,0.40651,1.248,2.69,2.1471001901536506,1.1662709371419244,4.13817004176213,3.414218734670109,0.858237800425538
Kepler-127 d,Kepler-127,2.64,0.03,590.0,0.28,6106.0,0.40651,1.248,2.69,2.135349173618132,1.172482137234565,3.481824533899306,3.9046037103997313,0.858237800425538
Kepler-1270 b,Kepler-1270,3.32,0.0,1598.0,0.07045,5047.0,0.71321,1.2800000000000002,4.37,2.4849066497880004,0.9745596399981308,7.105289697829918,1.9506932574467348,1.4770487243883548
Kepler-1271 b,Kepler-1271,1.48,0.0,1484.0,0.04233,6143.0,0.21871,1.13,3.63,1.332366019094335,1.7457155307266483,6.883648020038887,1.3926728502375179,0.8020015854720274
Kepler-1272 b,Kepler-1272,2.37,0.0,542.0,0.2705,5926.0,0.37031,1.06,3.89,1.9754689512968577,1.269760544863939,3.5676435892978198,3.9537592136077166,0.7371640659767197
Kepler-1273 b,Kepler-1273,2.49,0.0,573.0,0.1857,5566.0,-0.3054,0.94,4.47,2.048982334195127,1.2267122912954256,2.7648715210953747,3.3886406414064627,0.6471032420585385
Kepler-1274 b,Kepler-1274,1.42,0.0,1384.0,0.0816099999999999,6179.0,0.79752,1.45,2.88,1.2809338454620645,1.790091412127358,6.884292160254329,2.077129750298132,1.1537315878891892
Kepler-1275 b,Kepler-1275,1.48,0.0,1368.0,0.0488,6296.0,0.31503,1.23,2.51,1.332366019094335,1.7457155307266483,6.713544120163614,1.538352385012139,0.8586616190375187
Kepler-1276 b,Kepler-1276,1.19,0.0,886.0,0.10863,6188.0,0.2204,1.14,3.09,1.0331844833456545,1.9315214116032138,4.947127352839874,2.608009546892266,0.7929925155296614
Kepler-1277 b,Kepler-1277,1.6,0.0,496.0,0.2185699999999999,5578.0,-0.19906,0.94,5.01,1.4327007339340463,1.66392609771817,2.5733752977756086,3.7337691929330825,0.6523251860396903
Kepler-1278 b,Kepler-1278,1.01,0.0,1213.0,0.04417,6074.0,0.36593,1.11,3.31,0.6981347220709844,1.8547342683894434,7.182101320561328,1.4444249200514168,0.7701082216960736
Kepler-1279 b,Kepler-1279,1.75,0.0,738.0,0.1785,6221.0,0.69281,1.21,2.82,1.5496879080283263,1.5686159179138452,5.256719029084902,3.197750655478646,0.8458682675776092
Kepler-128 b,Kepler-128,1.421,0.0,968.0,0.12545,6072.0,0.57542,1.184,4.07,1.5665304114228238,2.1069152833430635,5.4310897211760905,2.772588722239781,0.9779501122608829
Kepler-128 c,Kepler-128,1.521,0.037,843.0,0.16517,6072.0,0.57542,1.184,4.07,1.4770487243883548,1.8306491981249107,4.882642819020979,3.169685580677429,0.9779501122608829
Kepler-1280 b,Kepler-1280,1.87,0.0,757.0,0.33982,6227.0,0.6788,1.2,2.82,1.6409365794934714,1.5040773967762742,3.5916248852097055,4.212985092347217,0.8415671856782186
Kepler-1281 b,Kepler-1281,1.64,0.0,1123.0,0.0415,5353.0,-0.292,0.87,4.37,1.4655675420143985,1.6389967146756448,5.9310508405473605,1.4148885988040125,0.6043159668533296
Kepler-1282 b,Kepler-1282,1.55,0.0,1418.0,0.0335,5504.0,-0.18287,0.9200000000000002,4.57,1.3912819026309298,1.6974487897568138,6.512535507713546,1.141654700396526,0.636576829071551
Kepler-1283 b,Kepler-1283,1.91,0.0,764.0,0.1062,6175.0,0.92675,1.16,2.88,1.6695918352538475,1.4816045409242156,4.398637900479079,2.635199741537746,0.8109302162163288
Kepler-1284 b,Kepler-1284,1.21,0.0,1703.0,0.0143,5123.0,-0.39518,0.8400000000000001,4.47,1.0715836162801904,1.9401794743463283,7.6921507647280905,0.5092686959826898,0.5822156198526637
Kepler-1285 b,Kepler-1285,0.97,0.0,874.0,0.12758,6170.0,0.48088,1.2,2.75,0.6264730472919525,1.8309801823813363,5.207248678884835,2.759803956794514,0.8241754429663495
Kepler-1286 b,Kepler-1286,2.15,0.0,888.0,0.0991,5753.0,0.12822,1.0,4.17,1.8357763546448291,1.3635373739972745,5.028933522377631,2.505854804540528,0.6830968447064438
Kepler-1287 b,Kepler-1287,1.54,0.0,796.0,0.0976,5715.0,-0.09078,0.96,4.07,1.3837912309017721,1.7047480922384253,4.371420588886657,2.5238756557849236,0.6626879730752367
Kepler-1288 b,Kepler-1288,1.12,0.0,2017.0,0.04135,6132.0,0.30207,1.2,2.88,0.9001613499442714,1.9035989509835904,7.203033428055546,1.324744492175566,0.8285518175661483
Kepler-1289 b,Kepler-1289,1.52,0.0,1113.0,0.0785,6080.0,0.16032,1.1,2.95,1.366091653802371,1.7173950539391927,5.413617321910614,2.196134680280809,0.7747271675523681
Kepler-129 b,Kepler-129,2.4,0.01,910.0,0.13,5770.0,0.46365,1.178,6.43,3.044522437723423,2.2082744135228043,5.07082688099013,2.8207834710894493,0.9756910751556026
Kepler-129 c,Kepler-129,2.52,0.2,525.0,0.39,5770.0,0.46365,1.178,6.43,3.784189633918261,2.760009940032921,2.9206853992310795,4.421247347827163,0.9756910751556026
Kepler-129 d,Kepler-129,12.6,0.15,143.35000000000002,4.0,5770.0,0.46365,1.178,6.43,7.8781461580224,2.1102132003465894,0.08385419172225811,7.881182202227102,0.9756910751556026
Kepler-1290 b,Kepler-1290,1.42,0.0,1098.0,0.0557,5660.0,0.06899,0.95,4.07,1.2809338454620645,1.790091412127358,6.096322186344653,1.7395888321932356,0.6575200029167942
Kepler-1291 b,Kepler-1291,1.66,0.0,739.0,0.0779,5216.0,-0.46748,0.8400000000000001,4.9,1.47932922708708,1.623340817603092,4.156113626953065,2.2649281635334453,0.5877866649021191
Kepler-1292 b,Kepler-1292,1.82,0.0,1195.0,0.0443,5556.0,-0.09051,0.95,4.68,1.6034198401085373,1.5303947050936475,6.257861055756561,1.4531265115962566,0.6575200029167942
Kepler-1293 b,Kepler-1293,0.97,0.0,1183.0,0.06763,6241.0,0.60386,1.18,2.82,0.6264730472919525,1.8309801823813363,6.83531576033929,1.8835099632863097,0.8241754429663495
Kepler-1294 b,Kepler-1294,3.19,0.0,401.0,0.4684,5776.0,0.42138,0.99,3.98,2.424802725718295,1.007957920399979,2.5924148575032855,4.759488501477993,0.6780335427498971
Kepler-1295 b,Kepler-1295,1.55,0.0,1029.0,0.0464,5486.0,-0.28279,0.9200000000000002,4.68,1.3912819026309298,1.6974487897568138,5.638144682875321,1.5714701199677845,0.636576829071551
Kepler-1296 b,Kepler-1296,0.91,0.0,1285.0,0.0896,5359.0,0.48615,0.87,4.17,0.5265021031509982,1.80005827204275,5.991502046404874,2.239004672731214,0.6043159668533296
Kepler-1297 b,Kepler-1297,0.97,0.0,1790.0,0.0283,5818.0,0.30193,0.99,4.17,0.6264730472919525,1.8309801823813363,7.9235629661234395,0.9865217773072792,0.688134638736401
Kepler-1298 b,Kepler-1298,1.31,0.0,1373.0,0.0814,6339.0,0.83982,1.45,2.57,1.184789984909162,1.8794650496471605,6.911774192320358,2.095329565925297,1.0986122886681096
Kepler-1299 b,Kepler-1299,2.98,0.0,588.0,0.1357,5609.0,-0.10621,0.94,4.37,2.3194422100604686,1.0647107369924282,3.8318102833029717,3.0416653792636708,0.6471032420585385
Kepler-130 b,Kepler-130,1.02,0.15,982.0,0.079,5884.0,0.19831,0.927,5.89,0.712949807856125,1.8547342683894434,5.405964765294256,2.2468036365952817,0.7547125362181002
Kepler-130 c,Kepler-130,2.9,0.0,683.0,0.178,5879.0,0.155,1.0,5.89,2.277267285009756,1.0885619528146082,3.8503816168795644,3.350208602308704,0.7747271675523681
Kepler-1300 b,Kepler-1300,1.37,0.0,954.0,0.16005,6130.0,0.63621,1.29,3.55,1.2383742310432684,1.8309801823813363,5.013358250150905,3.1459570800724586,1.0260415958332743
Kepler-1301 b,Kepler-1301,1.4,0.0,734.0,0.0815,5188.0,-0.34618,0.8500000000000001,4.9,1.264126727145683,1.8066480817218056,4.345608989252965,2.3107883996788825,0.5933268452777344
Kepler-1302 b,Kepler-1302,1.43,0.0,778.0,0.0795,5236.0,-0.46714,0.86,4.68,1.2892326482767593,1.7817091333745536,4.083351020747235,2.2863771093978964,0.598836501088704
Kepler-1303 b,Kepler-1303,1.42,0.0,891.0,0.0751,5771.0,-0.00195,1.01,4.47,1.2809338454620645,1.790091412127358,5.211533236463146,2.1472488052781005,0.6931471805599453
Kepler-1304 b,Kepler-1304,2.29,0.0,715.0,0.1202,5259.0,0.63938,0.8500000000000001,4.68,1.925707441737794,1.3029127521808397,4.14106910239497,2.8407662372472955,0.5933268452777344
Kepler-1305 b,Kepler-1305,1.88,0.0,733.0,0.1108999999999999,5701.0,0.08368,0.97,4.37,1.6467336971777973,1.4973884086254774,4.649282760606412,2.678490739927115,0.6729444732424258
Kepler-1306 b,Kepler-1306,1.91,0.0,678.0,0.123,5727.0,-0.06343,0.98,4.57,1.6695918352538475,1.4816045409242156,3.9730428432540914,2.8504725909117896,0.6780335427498971
Kepler-1307 b,Kepler-1307,2.47,0.0,768.0,0.1369,5884.0,-0.20496,1.06,4.07,2.0360119837525,1.2325602611778486,3.7420647076175904,2.945291823812091,0.7323678937132266
Kepler-1309 b,Kepler-1309,2.37,0.0,491.0,0.1679,5235.0,-0.60322,0.8500000000000001,4.27,1.9754689512968577,1.269760544863939,2.6925980965432883,3.39595917618753,0.5877866649021191
Kepler-131 b,Kepler-131,2.41,0.0,718.0,0.12789,5685.0,0.02191,1.02,3.66,2.8408313123360287,1.9459101490553132,4.206511859092848,2.8386105177817784,0.708035793053696
Kepler-1310 b,Kepler-1310,1.44,0.0,1883.0,0.01452,5549.0,-0.19177,0.91,4.17,1.3001916620664788,1.776645831418007,7.948706674647609,0.518398639161532,0.6312717768418579
Kepler-1311 b,Kepler-1311,1.24,0.0,1019.0,0.1008199999999999,5748.0,0.47186,1.05,7.59,1.1216775615991057,1.9416152247724325,5.696824994088702,2.499195690127651,0.8754687373538999
Kepler-1311 c,Kepler-1311,1.22,0.0,1671.0,0.03753,5748.0,0.47186,1.05,7.59,1.091923300517313,1.9444805562457188,7.671152606992933,1.2629209835798243,0.8754687373538999
Kepler-1311 d,Kepler-1311,9.65837605,0.0,391.0,0.68434,5616.0,0.47186,1.032,7.59,4.22683374526818,0.3450071390710503,1.9459101490553132,5.2908445222689915,0.9835754786797515
Kepler-1312 b,Kepler-1312,2.1,0.0,978.0,0.06053,5719.0,-0.09874,0.99,2.0,1.801709800081223,1.3862943611198906,5.394159223169009,1.8638204515125358,0.6523251860396903
Kepler-1312 c,Kepler-1312,1.02732734,0.0,1659.0,0.02103,5721.0,-0.09874,0.983,0.89,0.7275486072772778,1.8594181177018698,7.479412561954373,0.7495842141844081,0.6444820085786643
Kepler-1313 b,Kepler-1313,1.76,0.0,1012.0,0.04619,5453.0,-0.3248,0.9200000000000002,2.69,1.55814461804655,1.5644405465033646,5.4302136731476764,1.5754862583998686,0.6151856390902335
Kepler-1314 b,Kepler-1314,5.11,0.0,625.0,0.0504,4188.0,-1.89109,0.6000000000000001,6.03,3.173878458937465,0.664233170395303,3.6122683517420957,1.860157607607438,0.46373401623214017
Kepler-1315 b,Kepler-1315,1.38,0.0,1541.0,0.01617,4861.0,-0.62783,0.8,3.47,1.247032293786383,1.8229350866965048,6.801171793579353,0.6116009026743641,0.5596157879354227
Kepler-1315 c,Kepler-1315,1.84398883,0.0,777.0,0.0635,4818.0,-0.62783,0.8090000000000002,1.62,1.6213664832993742,1.5173226235262947,4.070734696582967,2.0236724651166758,0.6184236343640088
Kepler-1316 b,Kepler-1316,3.54,0.0,446.0,0.3976499999999999,5884.0,0.25347,1.04,5.13,2.5877640352277083,0.924258901523332,2.4607847076675906,4.4883353536448265,0.7514160886839212
Kepler-1317 b,Kepler-1317,1.56,0.0,1796.0,0.0128,5144.0,-0.41358,0.83,4.79,1.3987168811184478,1.6882490928583902,7.789148515117065,0.45035843676854437,0.5822156198526637
Kepler-1318 b,Kepler-1318,3.11,0.0,202.0,0.6085,4598.0,-0.72991,0.73,4.57,2.3841650799864684,1.0296194171811583,0.40011750178156913,5.36717932346605,0.5306282510621704
Kepler-1319 b,Kepler-1319,1.34,0.33,557.0,0.0296,3655.0,-1.45739,0.56,5.37,1.2119409739751128,1.8547342683894434,3.6750847430917473,1.3575765862031979,0.43178241642553783
Kepler-132 b,Kepler-132,1.21,0.0,1082.0,0.067,6003.0,0.211,0.929,4.37,1.0715836162801904,1.9401794743463283,5.655292265495767,1.9710480980087945,0.7784070245107687
Kepler-132 c,Kepler-132,1.28,0.0,1069.0,0.068,6003.0,0.211,0.929,4.37,1.1568811967920856,1.9035989509835904,5.605802066295998,2.0034933774107015,0.7784070245107687
Kepler-132 d,Kepler-132,1.55,0.0,758.0,0.136,6003.0,0.211,0.929,4.37,1.3912819026309298,1.6974487897568138,4.242764567340374,2.944975624620192,0.7784070245107687
Kepler-132 e,Kepler-132,1.18,0.0,414.0,0.43927,6023.0,0.157,1.03,4.37,1.0152306797290587,1.9300710850255671,1.9600947840472698,4.712111887512418,0.7419373447293773
Kepler-1320 b,Kepler-1320,1.7,0.0,1389.0,0.0163,4817.0,-0.72896,0.8,3.16,1.5107219394949427,1.599387576580599,6.511913220453695,0.6250752391723788,0.5538851132264376
Kepler-1321 b,Kepler-1321,4.92,0.0,408.0,0.0781,4094.0,-0.8624,0.54,4.17,3.1135153092103742,0.6891391591624065,2.677384786791325,2.4955419638084058,0.4252677354043441
Kepler-1321 c,Kepler-1321,2.4,0.0,697.0,0.0267,4094.0,-0.8624,0.54,4.17,1.9947003132247452,1.2584609896100059,4.761395854393915,1.1713951956439312,0.4252677354043441
Kepler-1321 d,Kepler-1321,2.62843782,0.0,509.0,0.0501,3640.0,-0.8624,0.513,6.26,2.1294214739848565,1.1755733298042381,2.8237570088141806,1.9052250627222285,0.4074631107708374
Kepler-1322 b,Kepler-1322,1.61,0.0,1666.0,0.0183,5488.0,-0.10053,0.9,4.47,1.4398351280479205,1.6563214983329508,7.883229217862764,0.6744063541736104,0.6259384308664953
Kepler-1322 c,Kepler-1322,2.15492527,0.0,883.0,0.0652,5704.0,-0.10053,0.8969999999999999,0.4,1.8389610707123492,1.3609765531356006,4.977147449935266,2.009552734721463,0.5900064216404319
Kepler-1323 b,Kepler-1323,1.52,0.0,2291.0,0.01911,6169.0,0.29462,1.18,3.55,1.366091653802371,1.7173950539391927,8.530820516210133,0.6574716483798568,0.8754687373538999
Kepler-1324 b,Kepler-1324,1.51,0.0,895.0,0.0466,4776.0,-0.67302,0.78,2.88,1.358409157630355,1.724550719534605,4.599292948815215,1.6323425234042803,0.5481214085096876
Kepler-1325 b,Kepler-1325,2.86,0.0,564.0,0.2004,5550.0,-0.13603,0.9300000000000002,4.79,2.256541154492639,1.1019400787607843,2.952459361320524,3.5518758632370493,0.6471032420585385
Kepler-1326 b,Kepler-1326,4.18,0.0,938.0,0.2743,6725.0,0.52296,1.45,1.7,2.8507065015037334,0.8020015854720274,3.888549649242504,3.769339613872994,1.007957920399979
Kepler-1327 b,Kepler-1327,1.8,0.0,831.0,0.11151,5885.0,0.0362,1.02,4.07,1.587192303486781,1.541159071680806,4.393213824064446,2.765564798390191,0.708035793053696
Kepler-1328 b,Kepler-1328,0.98,0.0,1214.0,0.052,5780.0,0.2276,1.0,4.57,0.6439569363691736,1.8373699804801074,6.303848988200105,1.7086656594505625,0.688134638736401
Kepler-1329 b,Kepler-1329,2.17,0.0,577.0,0.0747,4500.0,-0.77081,0.7199999999999999,5.62,1.8484548129046003,1.355835153635182,3.3194448797898963,2.3356780253585687,0.5247285289349821
Kepler-133 b,Kepler-133,1.76,0.0,1041.0,0.083,5736.0,0.4105,1.02,6.03,1.55814461804655,1.5644405465033646,6.015132244408166,2.2115630659068173,0.8858315243894466
Kepler-133 c,Kepler-133,2.84,0.0,663.0,0.204,5736.0,0.4105,1.02,6.03,2.2460147415056513,1.1085626195212777,4.221872553774939,3.4817810506820224,0.8858315243894466
Kepler-1330 b,Kepler-1330,1.65,0.0,879.0,0.0889,5608.0,0.42575,0.97,4.9,1.4724720573609429,1.631199404215613,5.778886854992276,2.407637722459782,0.6626879730752367
Kepler-1331 b,Kepler-1331,1.05,0.0,1244.0,0.0142,4508.0,-0.90934,0.7199999999999999,4.17,0.7701082216960736,1.873339456220478,6.306811639435666,0.5817471598630853,0.5247285289349821
Kepler-1332 b,Kepler-1332,1.37,0.0,728.0,0.09915,5581.0,-0.13733,0.95,3.24,1.2383742310432684,1.8309801823813363,4.3638499348409585,2.5552539174440163,0.6418538861723948
Kepler-1333 b,Kepler-1333,2.81,0.0,428.0,0.4382,5628.0,-0.18777,0.94,4.57,2.2300144001592104,1.1184149159642893,1.4581497982203186,4.706346618364853,0.6523251860396903
Kepler-1334 b,Kepler-1334,2.29,0.0,710.0,0.1229,5614.0,0.0276,0.94,4.27,1.925707441737794,1.3029127521808397,4.373931456959522,2.8121649689383283,0.6471032420585385
Kepler-1335 b,Kepler-1335,1.45,0.0,809.0,0.0615,4903.0,-0.5555,0.77,4.9,1.308332819650179,1.769854633840005,4.403555711973703,1.9829400658140526,0.5538851132264376
Kepler-1336 b,Kepler-1336,1.98,0.0,793.0,0.15845,5512.0,0.42052,0.94,12.3,1.7191887763932197,1.4445632692438664,4.651290121601645,3.186298127545005,0.832909122935104
Kepler-1336 c,Kepler-1336,1.71,0.0,1260.0,0.06272,5512.0,0.42052,0.94,12.3,1.5195132049061133,1.5933085305042167,6.497849827122928,1.913565824173853,0.832909122935104
Kepler-1337 b,Kepler-1337,2.41,0.0,437.0,0.1441,4523.0,-0.74221,0.7,4.27,2.0001277349601105,1.2556160374777745,2.320719663189528,3.234759209407207,0.5128236264286637
Kepler-1338 b,Kepler-1338,0.92,0.0,2124.0,0.01937,5909.0,0.24719,1.04,3.8,0.5429055172294024,1.8066480817218056,8.458103478524174,0.6601683359901362,0.7178397931503169
Kepler-1339 b,Kepler-1339,0.71,0.0,1642.0,0.02356,5586.0,0.18765,0.94,5.62,0.2507587183471831,1.682688374173693,8.037807124435508,0.8508152928193667,0.6575200029167942
Kepler-134 b,Kepler-134,2.0,0.0,1105.0,0.06,5983.0,0.06051,0.9559999999999998,3.55,1.7334238922150915,1.4350845252893227,5.7116415113664685,1.8433123215941853,0.7774883289936961
Kepler-134 c,Kepler-134,1.26,0.0,892.0,0.092,5983.0,0.06051,0.9559999999999998,3.55,1.1410330045520618,1.9242486522741338,4.860478848904833,2.407466143726933,0.7774883289936961
Kepler-1340 b,Kepler-1340,1.55,0.0,2174.0,0.01523,6331.0,0.08683,1.27,2.4,1.3912819026309298,1.6974487897568138,8.475120623588383,0.5098412890675084,0.8837675401685949
Kepler-1341 b,Kepler-1341,2.99,0.0,241.0,0.47267,4662.0,-0.63776,0.79,1.82,2.3243465847755584,1.0647107369924282,0.7612730096075457,4.897816159372968,0.5423242908253616
Kepler-1342 b,Kepler-1342,1.66,0.0,1283.0,0.0313,5527.0,-0.26092,0.9300000000000002,4.37,1.47932922708708,1.623340817603092,6.328427734621652,1.168048284449876,0.6418538861723948
Kepler-1343 b,Kepler-1343,1.93,0.0,1294.0,0.0449,5759.0,0.19529,0.95,3.98,1.682688374173693,1.4701758451005928,6.9304009199059955,1.4705968093562691,0.6575200029167942
Kepler-1344 b,Kepler-1344,1.84,0.0,1219.0,0.05501,5981.0,0.14599,1.09,3.63,1.617406082083277,1.5173226235262947,6.054835981214353,1.7523782591958388,0.7561219797213337
Kepler-1345 b,Kepler-1345,2.36,0.0,693.0,0.26412,6449.0,0.69266,1.32,2.24,1.969905654611529,1.275362800412609,4.2408806098984355,3.8202794829329587,0.9360933591703346
Kepler-1346 b,Kepler-1346,1.58,0.0,1236.0,0.044,6133.0,-0.00806,1.14,3.09,1.415853163361435,1.6770965609079151,6.303671535162952,1.4819809882408506,0.7929925155296614
Kepler-1347 b,Kepler-1347,1.03,0.0,617.0,0.104,5193.0,-0.388,0.8200000000000001,5.62,0.7323678937132266,1.860974538249528,3.564449375735759,2.7086816870063433,0.5822156198526637
Kepler-1348 b,Kepler-1348,1.94,0.0,636.0,0.1834,5911.0,0.20429,1.04,3.72,1.6900958154515549,1.4655675420143985,3.925235336900281,3.352436814054741,0.712949807856125
Kepler-1349 b,Kepler-1349,0.7,0.0,1668.0,0.03421,6086.0,0.34263,1.16,2.88,0.23980399220731702,1.6752256529721035,7.530120488570669,1.1404703159210652,0.8241754429663495
Kepler-135 b,Kepler-135,1.81,0.0,1209.0,0.067,6090.0,0.44809,1.0469999999999997,2.62,1.5953389880545987,1.534714366238164,6.20995328155217,1.9462715123271694,0.8219800524029137
Kepler-135 c,Kepler-135,1.16,0.0,975.0,0.103,6090.0,0.44809,1.0469999999999997,2.62,0.9745596399981308,1.918392120161421,5.3517017231403425,2.5216168424253067,0.8219800524029137
Kepler-1350 b,Kepler-1350,2.52,0.0,535.0,0.0413,3827.0,-1.2834,0.55,4.57,2.066862759472976,1.2149127443642704,3.33847055175385,1.7041770928856823,0.4252677354043441
Kepler-1350 c,Kepler-1350,1.73,0.0,730.0,0.0222,3827.0,-1.2834,0.55,4.57,1.534714366238164,1.5810384379124023,4.554445151163119,1.0176874644330227,0.4252677354043441
Kepler-1351 b,Kepler-1351,0.65,0.0,1212.0,0.0156,4439.0,-0.98254,0.7,4.17,0.1889660995126232,1.6409365794934714,6.047289433306159,0.6503131465785017,0.5128236264286637
Kepler-1352 b,Kepler-1352,0.89,0.0,1701.0,0.02883,6118.0,0.263,1.11,3.16,0.49469624183610705,1.790091412127358,7.546227664847559,1.0570548668430306,0.7701082216960736
Kepler-1353 b,Kepler-1353,1.8,0.0,491.0,0.153,4776.0,-0.6146,0.76,4.68,1.587192303486781,1.541159071680806,2.4652990034817917,3.2486053542826046,0.5423242908253616
Kepler-1354 b,Kepler-1354,2.97,0.0,466.0,0.3521000000000001,6168.0,0.30208,1.16,2.95,2.3135250330323798,1.068153081183401,2.9887076586170265,4.351739796353374,0.8064758658669486
Kepler-1355 b,Kepler-1355,1.46,0.0,1448.0,0.0224,5352.0,-0.32922,0.8800000000000001,4.27,1.3164082336557241,1.7613002617433464,6.852108310568153,0.8283719376332646,0.6043159668533296
Kepler-1356 b,Kepler-1356,1.53,0.0,1714.0,0.0136,5106.0,-0.4863,0.8200000000000001,4.9,1.3762440252663892,1.7119945007591926,7.5842937961085,0.49103279386581633,0.5766133643039938
Kepler-1357 b,Kepler-1357,1.28,0.0,1177.0,0.041,5597.0,-0.14555,0.9300000000000002,4.57,1.1568811967920856,1.9035989509835904,6.111411905593742,1.3885748588072262,0.6418538861723948
Kepler-1358 b,Kepler-1358,1.12,0.0,827.0,0.0656,5181.0,-0.41347,0.8200000000000001,5.13,0.9001613499442714,1.9035989509835904,4.603508806661425,2.0873072023549093,0.5822156198526637
Kepler-1359 b,Kepler-1359,2.83,0.0,369.0,0.26657,4709.0,-0.7173,0.78,2.34,2.2407096892759584,1.1118575154181303,1.2386640441158665,4.102595350660984,0.5423242908253616
Kepler-136 b,Kepler-136,2.05,0.0,951.0,0.106,6165.0,0.46678,1.204,2.75,3.0349529867072724,2.6100697927420065,5.556766283729542,2.5320208070676036,0.8565407274683811
Kepler-136 c,Kepler-136,1.99,0.0,847.0,0.133,6165.0,0.46678,1.204,2.75,1.7263316639055994,1.4398351280479205,5.094020103030187,2.8564262397367304,0.8565407274683811
Kepler-1360 b,Kepler-1360,3.4,0.0,933.0,0.2866,6778.0,0.92337,1.5100000000000002,1.55,2.5257286443082556,0.9593502213346021,4.425612805336803,3.7263833409986415,1.0402767116551463
Kepler-1361 b,Kepler-1361,0.86,0.0,1061.0,0.04304,5131.0,-0.43672,0.83,4.9,0.4485245975686113,1.7732559976634952,5.231477532753966,1.520726813917738,0.5822156198526637
Kepler-1362 b,Kepler-1362,2.6,0.0,248.0,0.4626,4857.0,-0.60131,0.8,3.09,2.1126345090356,1.184789984909162,0.6986321107905149,4.921480720281973,0.5538851132264376
Kepler-1363 b,Kepler-1363,1.25,0.0,988.0,0.0363,4839.0,-0.62622,0.76,4.17,1.1314021114911006,1.9329696377795786,5.2622704116915875,1.371673226375777,0.5423242908253616
Kepler-1364 b,Kepler-1364,2.15,0.0,1299.0,0.1284,6805.0,0.792,1.49,1.58,1.8357763546448291,1.3635373739972745,6.511834478716893,2.6617941891549592,1.0260415958332743
Kepler-1365 b,Kepler-1365,0.92,0.0,969.0,0.07839,5770.0,0.42479,1.0,6.03,0.5429055172294024,1.8066480817218056,6.125230287270975,2.163315537126752,0.7178397931503169
Kepler-1365 c,Kepler-1365,0.8,0.0,1137.0,0.05701,5770.0,0.42479,1.0,6.03,0.3625576070968879,1.7387102481382395,6.7627722805835475,1.753482852275674,0.7178397931503169
Kepler-1366 b,Kepler-1366,1.43,0.0,783.0,0.0273,4070.0,-0.99602,0.62,3.98,1.2892326482767593,1.7817091333745536,4.912515170093923,1.1520174912734307,0.4700036292457356
Kepler-1367 b,Kepler-1367,0.92,0.0,998.0,0.0236,4106.0,-0.90488,0.62,3.89,0.5429055172294024,1.8066480817218056,5.421565441635479,0.9454961792660428,0.4700036292457356
Kepler-1368 b,Kepler-1368,1.65,0.0,2085.0,0.0153,5906.0,0.05077,1.07,3.47,1.4724720573609429,1.631199404215613,8.486786972218347,0.5162008429561473,0.7323678937132266
Kepler-1369 b,Kepler-1369,2.69,0.0,667.0,0.1741,5761.0,-0.01005,0.99,4.07,2.1633230256605382,1.1537315878891892,3.641735434305119,3.2911275724454048,0.688134638736401
Kepler-137 b,Kepler-137,1.47,0.0,742.0,0.077,5187.0,-0.29234,0.8500000000000001,4.27,1.324418957401803,1.752672080520008,4.469694046425642,2.2445731738455743,0.5888971591861462
Kepler-137 c,Kepler-137,1.88,0.0,568.0,0.13,5187.0,-0.29234,0.8500000000000001,4.27,1.6467336971777973,1.4973884086254774,3.426702672070517,2.9824318639480913,0.5888971591861462
Kepler-1370 b,Kepler-1370,1.84,0.0,770.0,0.1576299999999999,6202.0,0.45795,1.19,2.88,1.617406082083277,1.5173226235262947,4.894752950978847,3.0570234214278678,0.8285518175661483
Kepler-1370 c,Kepler-1370,1.27,0.0,1075.0,0.0808399999999999,6202.0,0.45795,1.19,2.88,1.1474024528375417,1.9125010869241836,6.224007782647824,2.1331506747652424,0.8285518175661483
Kepler-1371 b,Kepler-1371,0.73,0.0,1015.0,0.04214,5361.0,-0.19829,0.87,4.37,0.27383666562972786,1.695615608675153,6.030120196796816,1.4920506759388938,0.6043159668533296
Kepler-1371 c,Kepler-1371,0.64,0.0,1216.0,0.02937,5361.0,-0.19829,0.87,4.37,0.17898265552844,1.631199404215613,6.750246132480571,1.1004148930002553,0.6043159668533296
Kepler-1372 b,Kepler-1372,1.27,0.0,1655.0,0.024,5677.0,0.0124,0.98,5.01,1.1474024528375417,1.9125010869241836,7.685867494200696,0.8379207039581865,0.6780335427498971
Kepler-1373 b,Kepler-1373,1.16,0.0,1887.0,0.02598,6299.0,0.77358,1.22,2.51,0.9745596399981308,1.918392120161421,9.034426243698832,0.8290899915018661,0.8458682675776092
Kepler-1374 b,Kepler-1374,2.29,0.0,737.0,0.0918,5323.0,-0.36814,0.8500000000000001,4.47,1.925707441737794,1.3029127521808397,4.107408851551302,2.4555436685472722,0.5933268452777344
Kepler-1375 b,Kepler-1375,1.74,0.0,1543.0,0.0471,6704.0,0.82249,1.4700000000000002,1.66,1.5432981099295553,1.5769147207285403,7.98934415475744,1.458712506319927,1.0224509277025458
Kepler-1376 b,Kepler-1376,1.05,0.0,1042.0,0.0598,5659.0,-0.07062,0.98,4.68,0.7701082216960736,1.873339456220478,5.634439541904954,1.841946523958083,0.6780335427498971
Kepler-1377 b,Kepler-1377,1.25,0.0,1873.0,0.0153,5218.0,-0.29327,0.86,5.01,1.1314021114911006,1.9329696377795786,7.975980522510227,0.5544185467875231,0.598836501088704
Kepler-1378 b,Kepler-1378,2.2,0.0,525.0,0.0885,4407.0,-0.90346,0.7,6.46,1.8687205103641835,1.3428648031925547,2.7642414807519526,2.5614037993924708,0.5128236264286637
Kepler-1379 b,Kepler-1379,1.3,0.0,1564.0,0.0171,5188.0,-0.40329,0.83,5.01,1.1755733298042381,1.8870696490323797,7.378414318399695,0.6322506305869003,0.5822156198526637
Kepler-138 c,Kepler-138,1.51,0.017,410.0,0.0913,3841.0,-1.25181,0.535,2.21,1.1939224684724346,1.5260563034950494,2.0541237336955462,2.6933763988684167,0.4285303810391605
Kepler-138 d,Kepler-138,1.51,0.01,345.0,0.1288,3841.0,-1.25181,0.535,2.21,1.1314021114911006,1.5260563034950494,1.4816045409242156,3.181892287370258,0.4285303810391605
Kepler-138 e,Kepler-138,0.797,0.112,292.0,0.1803,3841.0,-1.25181,0.535,2.21,0.35767444427181583,1.7351891177396608,1.0043016091968684,3.6694417602214613,0.4285303810391605
Kepler-1380 b,Kepler-1380,1.43,0.0,786.0,0.0917,5570.0,0.47259,0.96,4.79,1.2892326482767593,1.7817091333745536,4.511957804265912,2.425760187559364,0.6626879730752367
Kepler-1381 b,Kepler-1381,2.25,0.0,649.0,0.1727999999999999,5747.0,-0.11708,0.96,4.07,1.900613874140137,1.3190856114264407,3.4242952273525558,3.2727679461777948,0.6626879730752367
Kepler-1382 b,Kepler-1382,1.88,0.0,959.0,0.14023,6161.0,0.57225,1.36,2.75,1.6467336971777973,1.4973884086254774,5.295668862355113,2.8540710950210872,1.000631880307906
Kepler-1383 b,Kepler-1383,1.41,0.0,928.0,0.11397,6370.0,0.56772,1.26,2.24,1.2725655957915476,1.7984040119467237,5.448442813125674,2.7019890896210996,0.8919980393051105
Kepler-1384 b,Kepler-1384,1.94,0.0,608.0,0.1126,4919.0,-0.539,0.78,4.57,1.6900958154515549,1.4655675420143985,3.503453082366503,2.7949999252468976,0.5538851132264376
Kepler-1385 b,Kepler-1385,0.85,0.0,1423.0,0.04262,5732.0,0.45032,1.15,4.37,0.43372857338102383,1.7681496035889213,7.373045944641865,1.3581002718837918,0.8285518175661483
Kepler-1386 b,Kepler-1386,1.24,0.0,1011.0,0.068,5733.0,0.00882,1.02,5.01,1.1216775615991057,1.9416152247724325,5.285905658991025,2.0463660035024334,0.708035793053696
Kepler-1387 b,Kepler-1387,0.93,0.0,1123.0,0.031,5046.0,-0.56045,0.8200000000000001,4.37,0.559044196036465,1.8115620965242347,5.708146272757702,1.1876990997869237,0.5709795465857378
Kepler-1388 b,Kepler-1388,2.59,0.0,434.0,0.0882,4098.0,-1.1068,0.63,4.47,2.1065702090680887,1.1878434223960523,2.927132182061734,2.5866702267109054,0.4762341789963716
Kepler-1388 c,Kepler-1388,2.26,0.0,566.0,0.0519,4098.0,-1.1068,0.63,4.47,1.9065751436566365,1.3164082336557241,3.9520895146412296,1.877337828410173,0.4762341789963716
Kepler-1388 d,Kepler-1388,2.86,0.0,363.0,0.126,4098.0,-1.1068,0.63,4.47,2.256541154492639,1.1019400787607843,2.2679936482244267,3.089077606127814,0.4762341789963716
Kepler-1388 e,Kepler-1388,2.46,0.0,299.0,0.1861,4098.0,-1.1068,0.63,4.47,2.030776369698555,1.235471471385307,1.6034198401085373,3.654099285532958,0.4762341789963716
Kepler-1389 b,Kepler-1389,1.77,0.0,300.0,0.38249,5078.0,-0.53422,0.81,2.09,1.5644405465033646,1.55814461804655,1.054660401138927,4.607697939525553,0.5538851132264376
Kepler-139 b,Kepler-139,2.94,0.0,752.0,0.127,5594.0,0.01598,1.078,5.1,2.0794415416798357,1.1535542851057337,4.186315840760911,2.819653827922461,0.832909122935104
Kepler-139 c,Kepler-139,3.38,0.0,350.0,0.586,5594.0,0.01598,1.078,5.1,2.639057329615259,2.272401826815476,1.3920278929676515,5.063056179846983,0.832909122935104
Kepler-139 d,Kepler-139,1.695,0.0,972.0,0.0755533961,5622.0,0.01598,1.078,5.1,1.0986122886681096,1.8358508335299004,5.155024196721561,2.116942016696556,0.7153977894947651
Kepler-139 e,Kepler-139,13.7,0.013121,174.57,3.2357963899999995,5622.0,0.01598,1.078,5.1,5.937536205082426,0.5922212619699848,0.14695051266027964,7.624929178767353,0.7153977894947651
Kepler-139 f,Kepler-139,6.67,0.038991,490.8,0.102,5630.0,0.01598,1.078,2.82,3.6109179126442243,0.5110256037686569,2.9214870505242105,5.87493073085203,0.7153977894947651
Kepler-1390 b,Kepler-1390,1.18,0.0,934.0,0.0662,5753.0,-0.10022,0.98,4.47,1.0152306797290587,1.9300710850255671,5.148267433819156,2.012261766165561,0.6830968447064438
Kepler-1391 b,Kepler-1391,1.68,0.0,513.0,0.30045,5840.0,0.43939,1.03,5.5,1.4951487660319727,1.6114359150967734,3.5361652420726397,4.014746245930974,0.7419373447293773
Kepler-1392 b,Kepler-1392,1.96,0.0,714.0,0.1189,5479.0,-0.231,0.8800000000000001,4.68,1.7047480922384253,1.4539530095937054,4.133885736842633,2.7813650783631134,0.6151856390902335
Kepler-1393 b,Kepler-1393,0.8,0.0,1249.0,0.0337,5697.0,0.15136,0.95,3.47,0.3625576070968879,1.7387102481382395,6.355013312114854,1.2365110819657028,0.6523251860396903
Kepler-1394 b,Kepler-1394,1.39,0.0,1947.0,0.05474,6481.0,0.81107,1.6399999999999997,1.91,1.2556160374777745,1.8148247421590513,7.612833500760036,1.5968922901837719,1.2669476034873244
Kepler-1395 b,Kepler-1395,0.8,0.0,1311.0,0.04974,6138.0,0.27693,1.17,2.88,0.3625576070968879,1.7387102481382395,6.595139598236186,1.5654246834206413,0.8020015854720274
Kepler-1396 b,Kepler-1396,2.07,0.0,786.0,0.1406,6195.0,0.20377,1.18,2.75,1.7817091333745536,1.4011829736136412,4.287935711274286,2.9559848108925433,0.8197798314933114
Kepler-1397 b,Kepler-1397,1.72,0.0,551.0,0.25861,6026.0,0.59141,1.09,3.55,1.5282278570085572,1.589235205116581,4.079281684545055,3.8805314095437744,0.7514160886839212
Kepler-1398 b,Kepler-1398,0.9,0.0,1510.0,0.03909,6126.0,0.31211,1.13,3.09,0.510425543744651,1.7950872593207297,7.131289154110095,1.3318795657027187,0.7793248768009976
Kepler-1398 c,Kepler-1398,1.03,0.0,1324.0,0.05087,6126.0,0.31211,1.13,3.09,0.7323678937132266,1.860974538249528,6.605545522227522,1.6367176049138403,0.7793248768009976
Kepler-1399 b,Kepler-1399,1.25,0.0,1610.0,0.0276,5735.0,0.00959,0.97,4.37,1.1314021114911006,1.9329696377795786,7.443225904449021,0.9702685816561816,0.6729444732424258
Kepler-14 b,Kepler-14,12.733,0.035,1605.0,0.0771,6395.0,0.799,1.512,2.2,7.890080911858867,2.0918640616783932,6.937809104310602,2.0528566492316886,1.1144856378244
Kepler-140 b,Kepler-140,1.61,0.0,1301.0,0.045,6077.0,0.25061,1.044,0.88,1.4398351280479205,1.6563214983329508,6.744877461562384,1.4479231844395302,0.8276780735175515
Kepler-140 c,Kepler-140,1.8,0.0,428.0,0.414,6077.0,0.25061,1.044,0.88,1.587192303486781,1.541159071680806,2.3939785214232563,4.525621244725188,0.8276780735175515
Kepler-1400 b,Kepler-1400,1.62,0.0,725.0,0.0771,5044.0,-0.57763,0.83,4.57,1.449269160281279,1.6505798557652755,3.8180858825495783,2.30925223909964,0.5766133643039938
Kepler-1401 b,Kepler-1401,1.68,0.0,808.0,0.0975,5964.0,0.14,1.07,3.55,1.4951487660319727,1.6114359150967734,4.6240900708406025,2.5014904133709033,0.7419373447293773
Kepler-1402 b,Kepler-1402,0.76,0.0,1789.0,0.0322,5416.0,0.44774,0.9,4.57,0.30968815271439554,1.7119945007591926,7.820888631576204,1.1098420449318431,0.6259384308664953
Kepler-1403 b,Kepler-1403,2.14,0.0,1238.0,0.064,6060.0,0.37208,1.11,3.31,1.827769906751088,1.3686394258811698,6.551999912102788,1.8237299274312602,0.7654678421395714
Kepler-1404 b,Kepler-1404,2.01,0.0,596.0,0.1142999999999999,5261.0,-0.37049,0.8400000000000001,4.57,1.7404661748405044,1.430311246536665,3.6889044538014413,2.829174250831753,0.5877866649021191
Kepler-1405 b,Kepler-1405,3.96,0.0,565.0,0.1778,5925.0,0.02238,1.05,3.63,2.766319109226186,0.8415671856782186,3.5496748563933864,3.375107255003741,0.7275486072772778
Kepler-1406 b,Kepler-1406,1.1,0.0,854.0,0.0987,5892.0,0.135,1.05,5.01,0.8628899551470399,1.8961194845522977,4.8433205694088235,2.536000371428902,0.7514160886839212
Kepler-1407 b,Kepler-1407,2.25,0.0,826.0,0.1502,6010.0,0.27131,1.1,3.24,1.900613874140137,1.3190856114264407,4.377855447355066,3.04790482528149,0.7654678421395714
Kepler-1408 b,Kepler-1408,0.89,0.0,1616.0,0.04218,6170.0,0.57889,1.21,2.57,0.49469624183610705,1.790091412127358,7.592501268152523,1.3857772049176713,0.8544153281560676
Kepler-1409 b,Kepler-1409,1.04,0.0,1733.0,0.01553,5160.0,-0.4219,0.83,4.79,0.7514160886839212,1.8671761085128091,7.348029460177161,0.5680741582782829,0.5822156198526637
Kepler-141 b,Kepler-141,0.69,0.0,968.0,0.039,4910.0,-0.44625,0.878,12.39,0.2287279296081104,1.667706820558076,5.4366130170511955,1.4128571750125896,0.5805382361772911
Kepler-141 c,Kepler-141,1.41,0.0,738.0,0.067,4910.0,-0.44625,0.878,12.39,1.2725655957915476,1.7984040119467237,4.361976976868178,2.080766413649252,0.5805382361772911
Kepler-1410 b,Kepler-1410,1.78,0.0,290.0,0.2543,4092.0,-1.158,0.63,4.07,1.5727739280625088,1.551808799597464,0.7227059828014898,4.124973471306678,0.4700036292457356
Kepler-1411 b,Kepler-1411,2.82,0.0,441.0,0.4001,5664.0,0.04081,0.95,4.17,2.2353763433005955,1.11514159061932,2.2952583176075847,4.467230104216598,0.6523251860396903
Kepler-1412 b,Kepler-1412,0.83,0.0,1397.0,0.04608,5880.0,0.38332,1.06,6.31,0.40413088509502765,1.7561322915849038,6.992814000780881,1.5292262954961973,0.8197798314933114
Kepler-1413 b,Kepler-1413,1.82,0.0,661.0,0.1066,5196.0,-0.39085,0.8400000000000001,4.68,1.6034198401085373,1.5303947050936475,3.780204430807298,2.6520415401606563,0.5877866649021191
Kepler-1414 b,Kepler-1414,1.23,0.0,1033.0,0.0426,4951.0,-0.46384,0.8,4.68,1.1118575154181303,1.9487632180377197,5.3493146171189405,1.5075741980564068,0.5596157879354227
Kepler-1415 b,Kepler-1415,1.29,0.0,1846.0,0.01416,5267.0,-0.29708,0.89,4.17,1.1662709371419244,1.8961194845522977,7.668130641546724,0.49251342219338906,0.6097655716208943
Kepler-1416 b,Kepler-1416,0.88,0.0,1870.0,0.0257,6019.0,0.28393,1.09,2.95,0.4793349566746199,1.7850704810772584,7.885912214532059,0.9143486552635912,0.7654678421395714
Kepler-1417 b,Kepler-1417,1.0,0.0,695.0,0.14062,5839.0,0.39458,1.02,4.07,0.6790482561804436,1.8468787684491346,4.7478149256291475,3.0610761562383737,0.7030975114131134
Kepler-1418 b,Kepler-1418,1.66,0.0,419.0,0.131,4770.0,-0.616,0.77,3.63,1.47932922708708,1.623340817603092,2.115049969147204,3.1559974715557617,0.5423242908253616
Kepler-1419 b,Kepler-1419,2.86,0.0,510.0,0.2390999999999999,5796.0,0.04229,1.01,4.37,2.256541154492639,1.1019400787607843,3.102027352371593,3.7732571253182225,0.6981347220709844
Kepler-142 b,Kepler-142,1.99,0.0,1597.0,0.032,5790.0,0.10706,0.978,7.59,1.7263316639055994,1.4398351280479205,7.130024848485484,1.106630721604331,0.8193392057977047
Kepler-142 c,Kepler-142,2.86,0.0,1201.0,0.057,5790.0,0.10706,0.978,7.59,2.256541154492639,1.1019400787607843,5.99257393151348,1.751232917171488,0.8193392057977047
Kepler-142 d,Kepler-142,2.16,0.0,582.0,0.242,5790.0,0.10706,0.978,7.59,1.8421356765531218,1.3609765531356006,3.1386197611025386,3.756751117281688,0.8193392057977047
Kepler-1420 b,Kepler-1420,1.28,0.0,806.0,0.0671,5187.0,-0.23199,0.8200000000000001,4.9,1.1568811967920856,1.9035989509835904,4.886778852591487,2.041168387250956,0.5822156198526637
Kepler-1421 b,Kepler-1421,0.93,0.0,1209.0,0.07576,6335.0,0.59941,1.25,2.75,0.559044196036465,1.8115620965242347,6.477204643602737,2.0685210293527825,0.8837675401685949
Kepler-1422 b,Kepler-1422,2.02,0.0,833.0,0.1499,6194.0,0.44726,1.15,3.02,1.747459210331475,1.425515074273172,5.061961921261596,2.9757945413315516,0.8020015854720274
Kepler-1423 b,Kepler-1423,1.06,0.0,741.0,0.1586,4939.0,-0.52,0.79,4.68,0.7884573603642702,1.8779371654691073,4.278885875754368,3.217089350071931,0.5596157879354227
Kepler-1424 b,Kepler-1424,1.16,0.0,629.0,0.19068,5838.0,0.27098,1.02,5.25,0.9745596399981308,1.918392120161421,4.087655574071304,3.421299781015666,0.7275486072772778
Kepler-1425 b,Kepler-1425,0.94,0.0,676.0,0.11435,5718.0,0.39762,0.97,4.07,0.5760514086836981,1.8164520818184267,5.381761973502671,2.7378762944791375,0.6678293725756554
Kepler-1426 b,Kepler-1426,1.56,0.0,797.0,0.1187,5831.0,0.0355,1.02,4.07,1.3987168811184478,1.6882490928583902,4.5666372362713075,2.7249940204079186,0.7030975114131134
Kepler-1427 b,Kepler-1427,1.1,0.0,1844.0,0.0197,5793.0,0.0156,1.01,4.07,0.8628899551470399,1.8961194845522977,7.9126098488212,0.6775117701019978,0.6981347220709844
Kepler-1428 b,Kepler-1428,1.64,0.0,1049.0,0.11051,6184.0,0.94388,1.2800000000000002,2.04,1.4655675420143985,1.6389967146756448,6.707569910174395,2.4575415929182056,0.8586616190375187
Kepler-1429 b,Kepler-1429,1.29,0.0,1199.0,0.055,5902.0,0.13795,1.05,4.17,1.1662709371419244,1.8961194845522977,6.313830615046432,1.7019942912794348,0.7275486072772778
Kepler-143 b,Kepler-143,2.41,0.0,838.0,0.127,5848.0,0.29363,0.982,9.33,2.0001277349601105,1.2556160374777745,4.781926284309164,2.8336593034250823,0.858237800425538
Kepler-143 c,Kepler-143,3.37,0.0,703.0,0.181,5848.0,0.29363,0.982,9.33,2.509599262378372,0.9631743177730056,4.089332020398556,3.3351469982365285,0.858237800425538
Kepler-1430 b,Kepler-1430,1.18,0.0,969.0,0.0304,4796.0,-0.81553,0.77,2.09,1.0152306797290587,1.9300710850255671,5.344914651924819,1.2414159568231888,0.5423242908253616
Kepler-1431 b,Kepler-1431,1.47,0.0,1064.0,0.0648,5806.0,0.24349,1.03,4.27,1.324418957401803,1.752672080520008,6.154473731411229,1.9265839175789088,0.708035793053696
Kepler-1432 b,Kepler-1432,2.22,0.0,709.0,0.1696,6031.0,0.4492,1.09,3.47,1.8809906029559977,1.332366019094335,4.78946479503366,3.2153055028470354,0.7561219797213337
Kepler-1433 b,Kepler-1433,1.56,0.0,1226.0,0.0516,6097.0,0.247,1.14,3.02,1.3987168811184478,1.6882490928583902,6.284917436320188,1.6362595175984151,0.7839015438284094
Kepler-1434 b,Kepler-1434,1.11,0.0,1320.0,0.0917,6291.0,0.86244,1.4700000000000002,2.57,0.8796267475025636,1.8976198599275325,6.831186280987053,2.203133328455326,1.1118575154181303
Kepler-1435 b,Kepler-1435,0.86,0.0,1331.0,0.05456,6356.0,0.4683,1.21,2.63,0.4485245975686113,1.7732559976634952,6.796696335860384,1.696245283782661,0.8415671856782186
Kepler-1436 b,Kepler-1436,1.31,0.0,1001.0,0.0907,5972.0,0.80118,1.06,3.8,1.184789984909162,1.8794650496471605,6.650381242589241,2.3707778044383176,0.7371640659767197
Kepler-1437 b,Kepler-1437,1.37,0.0,770.0,0.0951,5557.0,0.31615,0.9300000000000002,4.57,1.2383742310432684,1.8309801823813363,4.432482078162375,2.4790181884455356,0.6418538861723948
Kepler-1438 b,Kepler-1438,0.94,0.0,1490.0,0.0346,5530.0,0.12254,0.97,5.37,0.5760514086836981,1.8164520818184267,6.331715350232544,1.1997900959847745,0.6729444732424258
Kepler-1439 b,Kepler-1439,1.46,0.0,420.0,0.0594,3578.0,-1.54394,0.4600000000000001,4.07,1.3164082336557241,1.7613002617433464,2.3106524640718042,2.2054053004525085,0.35767444427181583
Kepler-144 b,Kepler-144,1.33,0.0,1253.0,0.066,6075.0,0.28203,1.154,0.94,1.2029723039923526,1.8625285401162623,6.058466437907606,1.9293847828106436,0.8042412280655322
Kepler-144 c,Kepler-144,1.35,0.0,1046.0,0.094,6075.0,0.28203,1.154,0.94,1.2208299213923592,1.8468787684491346,5.338724875180883,2.4073652902997447,0.8042412280655322
Kepler-1440 b,Kepler-1440,1.26,0.0,597.0,0.2343099999999999,5698.0,0.37679,0.98,4.47,1.1410330045520618,1.9242486522741338,3.8227108017474567,3.7101389608222175,0.6729444732424258
Kepler-1441 b,Kepler-1441,1.31,0.0,682.0,0.2346,5802.0,0.32471,1.0,3.89,1.184789984909162,1.8794650496471605,3.5277125513923786,3.6998684508124744,0.6931471805599453
Kepler-1442 b,Kepler-1442,3.93,0.0,522.0,0.40814,6394.0,0.65109,1.34,1.7,2.7536607123542622,0.8458682675776092,3.2947992908723354,4.411783161298711,0.8919980393051105
Kepler-1443 b,Kepler-1443,0.97,0.0,1602.0,0.03783,6289.0,0.56075,1.19,2.63,0.6264730472919525,1.8309801823813363,7.940998479465117,1.229088705853489,0.8197798314933114
Kepler-1444 b,Kepler-1444,2.18,0.0,581.0,0.20906,5810.0,0.02131,1.03,4.79,1.8547342683894434,1.3506671834767394,3.2936864072763763,3.538647969116254,0.7178397931503169
Kepler-1445 b,Kepler-1445,0.96,0.0,987.0,0.09587,6150.0,0.33963,1.13,3.8,0.6097655716208943,1.827769906751088,5.519651281457536,2.451050141063387,0.8153648132841945
Kepler-1446 b,Kepler-1446,0.82,0.0,1539.0,0.01405,4865.0,-0.65135,0.81,2.63,0.39001300354924273,1.749199854809259,7.101950233841377,0.5247094944343005,0.5596157879354227
Kepler-1447 b,Kepler-1447,2.9,0.0,522.0,0.2836,5722.0,-0.04217,0.97,4.17,2.277267285009756,1.0885619528146082,2.429129634319002,4.054819096636514,0.6678293725756554
Kepler-1448 b,Kepler-1448,1.61,0.0,811.0,0.1057999999999999,5774.0,-0.06927,0.95,3.55,1.4398351280479205,1.6563214983329508,4.47329456467451,2.5855554816263058,0.6575200029167942
Kepler-1449 b,Kepler-1449,1.68,0.0,867.0,0.1176,5979.0,0.50864,1.08,3.47,1.4951487660319727,1.6114359150967734,5.609050461014937,2.6551733939707494,0.7419373447293773
Kepler-145 b,Kepler-145,2.65,0.43,873.0,0.17308,6022.0,0.69164,1.32,3.24,3.6402142821326553,2.639057329615259,5.047963191362234,3.1760100766387094,1.0473189942805592
Kepler-145 c,Kepler-145,4.32,0.11,709.0,0.26244,6022.0,0.69164,1.32,3.24,4.387014176184921,1.275362800412609,4.222341920285456,3.7815042132197583,1.0473189942805592
Kepler-1450 b,Kepler-1450,1.71,0.0,308.0,0.2401,4524.0,-0.7677,0.71,4.37,1.5195132049061133,1.5933085305042167,1.4056066721522633,4.016552674828791,0.5187937934151676
Kepler-1451 b,Kepler-1451,3.35,0.0,523.0,0.2101,5782.0,-0.11938,1.0,4.17,2.501435951739211,0.9707789171582246,2.9832041229767206,3.6006555149951707,0.688134638736401
Kepler-1452 b,Kepler-1452,2.7,0.0,810.0,0.25764,6101.0,0.72107,1.41,3.24,2.169053700369523,1.1505720275988207,4.310812548114221,3.7822275056575485,1.1184149159642893
Kepler-1453 b,Kepler-1453,2.67,0.0,503.0,0.262,5665.0,-0.13974,0.97,4.27,2.1529243184396396,1.1631508098056809,2.5563742344226426,3.874553086419958,0.6626879730752367
Kepler-1454 b,Kepler-1454,1.88,0.0,492.0,0.2447,5448.0,-0.25509,0.9,4.57,1.6467336971777973,1.4973884086254774,2.3105532626432224,3.8718663707569254,0.6205764877251099
Kepler-1455 b,Kepler-1455,2.16,0.0,298.0,0.2149,4075.0,-1.14066,0.62,4.17,1.8421356765531218,1.3609765531356006,0.9294043710195381,3.917543022064563,0.4700036292457356
Kepler-1456 b,Kepler-1456,1.14,0.0,433.0,0.1132,4231.0,-0.957,0.64,3.72,0.9360933591703346,1.9095425048844383,2.222892324084797,2.9516436420885306,0.4824261492442927
Kepler-1457 b,Kepler-1457,1.99,0.0,478.0,0.26391,5866.0,0.21547,1.01,3.72,1.7263316639055994,1.4398351280479205,3.1973661413803183,3.953376525223811,0.6981347220709844
Kepler-1458 b,Kepler-1458,2.76,0.0,493.0,0.24869,5653.0,-0.24032,0.96,4.17,2.2027647577118348,1.1314021114911006,2.229261428575202,3.8915605990856315,0.6626879730752367
Kepler-1459 b,Kepler-1459,1.36,0.0,349.0,0.2829,4828.0,-0.52327,0.78,3.89,1.2296405510745139,1.8389610707123492,1.5065188584262592,4.156836632995303,0.5538851132264376
Kepler-146 b,Kepler-146,3.71,0.0,639.0,0.1999999999999999,5948.0,0.14794,1.079,0.91,2.6602595372658615,0.8878912573524571,3.52311998561896,3.470686099086078,0.7920871284148489
Kepler-146 c,Kepler-146,3.13,0.0,473.0,0.364,5948.0,0.14794,1.079,0.91,2.3942522815198695,1.0224509277025458,2.387569416899043,4.353269212866244,0.7920871284148489
Kepler-1460 b,Kepler-1460,1.96,0.0,391.0,0.1614,4422.0,-0.84407,0.7,3.98,1.7047480922384253,1.4539530095937054,1.8670215370618484,3.432803429906865,0.5128236264286637
Kepler-1461 b,Kepler-1461,2.03,0.0,451.0,0.1715,4919.0,-0.64483,0.79,3.24,1.7544036826842861,1.420695787837223,2.2905125117597764,3.4127793015418275,0.5538851132264376
Kepler-1462 b,Kepler-1462,3.82,0.0,390.0,0.3094,5756.0,-0.31369,1.0,4.07,2.70805020110221,0.8671004876833832,1.7411676831119949,4.199437553598497,0.6931471805599453
Kepler-1463 b,Kepler-1463,1.86,0.0,619.0,0.1693999999999999,5679.0,0.09195,0.96,4.79,1.6331544390514163,1.5085119938441398,4.0713147331074095,3.264179537470003,0.6678293725756554
Kepler-1464 b,Kepler-1464,1.66,0.0,564.0,0.20066,5828.0,0.42978,1.02,3.89,1.47932922708708,1.623340817603092,4.505051463651454,3.4897755614083783,0.6981347220709844
Kepler-1464 c,Kepler-1464,1.0,0.0,1023.0,0.06101,5828.0,0.42978,1.02,3.89,0.6790482561804436,1.8468787684491346,6.876837203346942,1.844962567778127,0.6981347220709844
Kepler-1465 b,Kepler-1465,1.77,0.0,668.0,0.1939,4726.0,-0.65202,0.75,3.72,1.5644405465033646,1.55814461804655,1.9804495924728855,3.491273009314461,0.5364933705145685
Kepler-1466 b,Kepler-1466,1.55,0.0,585.0,0.17981,5884.0,-0.02273,1.01,3.89,1.3912819026309298,1.6974487897568138,3.130044611161585,3.471191145866613,0.7030975114131134
Kepler-1467 b,Kepler-1467,3.3,0.0,411.0,0.2388,5332.0,-0.35052,0.86,4.37,2.4765384001174837,0.9820784724121581,2.1879595671527423,3.8723858150002433,0.598836501088704
Kepler-1468 b,Kepler-1468,1.73,0.0,1093.0,0.0817,5893.0,0.53118,1.04,3.55,1.534714366238164,1.5810384379124023,6.1786741379747125,2.2235255099783866,0.7178397931503169
Kepler-1468 c,Kepler-1468,1.15,0.0,1448.0,0.0466,5893.0,0.53118,1.04,3.55,0.9555114450274365,1.9139771019523042,7.300180401499095,1.514144378691229,0.7178397931503169
Kepler-1468 d,Kepler-1468,3.33187146,0.0,819.0,0.1456,5794.0,0.53118,1.072,3.55,2.4932054526026954,0.9745596399981308,3.9847156908215866,3.0248346153226233,0.9146894505071812
Kepler-1469 b,Kepler-1469,2.8,0.0,551.0,0.1466,5507.0,-0.2739,0.9200000000000002,4.47,2.224623551524334,1.1216775615991057,3.2542815779987535,3.129543069016905,0.636576829071551
Kepler-147 b,Kepler-147,1.53,0.0,953.0,0.1129999999999999,6012.0,0.42733,1.145,5.5,1.3762440252663892,1.7119945007591926,5.41880784488266,2.6108477253680586,0.9034081060431414
Kepler-147 c,Kepler-147,2.43,0.0,689.0,0.216,6012.0,0.42733,1.145,5.5,2.012232791986386,1.247032293786383,4.131752736282508,3.538533863244822,0.9034081060431414
Kepler-1470 b,Kepler-1470,1.07,0.0,574.0,0.116,4961.0,-0.48551,0.8,4.57,0.8064758658669486,1.8809906029559977,3.2155904338766716,2.8504226635376875,0.5653138090500605
Kepler-1471 b,Kepler-1471,1.41,0.0,1238.0,0.0453,5660.0,-0.19895,0.95,4.57,1.2725655957915476,1.7984040119467237,5.753312047935012,1.5344975280752962,0.6575200029167942
Kepler-1471 c,Kepler-1471,1.88,0.0,841.0,0.0981,5533.0,-0.19895,0.934,4.57,1.6467336971777973,1.4973884086254774,4.783316371371566,2.5340529489465364,0.7728821485787989
Kepler-1472 b,Kepler-1472,1.9,0.0,613.0,0.2322,6159.0,0.42003,1.16,3.09,1.6620303625532709,1.4861396960896067,4.061804152737461,3.6669222263823924,0.8109302162163288
Kepler-1473 b,Kepler-1473,1.19,0.0,783.0,0.1160599999999999,6046.0,0.19358,1.09,2.63,1.0331844833456545,1.9315214116032138,4.7185970807581015,2.7361422388500656,0.7371640659767197
Kepler-1474 b,Kepler-1474,2.16,0.0,561.0,0.2108,5870.0,0.0291,1.04,3.8,1.8421356765531218,1.3609765531356006,3.1087037522131524,3.622561890084252,0.712949807856125
Kepler-1475 b,Kepler-1475,2.92,0.0,441.0,0.373,6214.0,0.25381,1.18,2.82,2.2874714551839976,1.0818051703517284,2.6919208191723265,4.4209753637274565,0.8241754429663495
Kepler-1476 b,Kepler-1476,1.67,0.0,860.0,0.0932,5663.0,-0.2429,0.98,4.57,1.4883995840570443,1.6193882432872684,4.339132181594182,2.429978004635723,0.6729444732424258
Kepler-1477 b,Kepler-1477,1.18,0.0,674.0,0.0911,5100.0,-0.19624,0.81,4.68,1.0152306797290587,1.9300710850255671,4.371509017944503,2.530142903912679,0.5766133643039938
Kepler-1478 b,Kepler-1478,1.73,0.0,598.0,0.1681,5904.0,0.30415,1.04,3.98,1.534714366238164,1.5810384379124023,4.457621001595364,3.2989453407977773,0.7227059828014898
Kepler-1479 b,Kepler-1479,1.83,0.0,746.0,0.11341,5796.0,0.14528,0.99,4.27,1.6114359150967734,1.5260563034950494,4.600901086335884,2.742941917913667,0.6830968447064438
Kepler-148 b,Kepler-148,1.8,0.0,1284.0,0.028,5272.0,-0.38342,0.86,11.2,1.587192303486781,1.541159071680806,6.4134868256314865,1.0040693477940423,0.6157260335913605
Kepler-148 c,Kepler-148,3.6,0.0,957.0,0.05,5272.0,-0.38342,0.86,11.2,2.6100697927420065,0.9082585601768908,5.237489286535387,1.6448133573952384,0.6157260335913605
Kepler-148 d,Kepler-148,8.68,0.0,413.0,0.2607,5172.0,-0.38342,0.86,4.68,4.048300623720694,0.3873011374804932,2.019160610794906,3.9673987843737852,0.5933268452777344
Kepler-1480 b,Kepler-1480,1.67,0.0,721.0,0.1525,5156.0,-0.44868,0.8500000000000001,4.79,1.4883995840570443,1.6193882432872684,2.8516886779700137,3.1409920957223827,0.5933268452777344
Kepler-1481 b,Kepler-1481,1.23,0.0,797.0,0.059,4908.0,-0.58658,0.8,3.89,1.1118575154181303,1.9487632180377197,4.289637185380534,1.937620164749354,0.5596157879354227
Kepler-1482 b,Kepler-1482,1.01,0.0,678.0,0.09968,5381.0,-0.08288,0.8800000000000001,4.47,0.6981347220709844,1.8547342683894434,4.471627364726833,2.5842867309934388,0.6097655716208943
Kepler-1483 b,Kepler-1483,1.52,0.0,1131.0,0.0958,6337.0,0.39403,1.25,2.4,1.366091653802371,1.7173950539391927,5.583563975665176,2.3521859379967656,0.8754687373538999
Kepler-1484 b,Kepler-1484,2.11,0.0,624.0,0.1939,5730.0,0.79551,0.94,3.98,1.8082887711792655,1.3812818192963463,3.6087534096346516,3.4485552062371045,0.6523251860396903
Kepler-1485 b,Kepler-1485,1.47,0.0,728.0,0.14732,6087.0,0.28006,1.11,2.51,1.324418957401803,1.752672080520008,4.456391716629188,3.0405035394260347,0.7514160886839212
Kepler-1486 b,Kepler-1486,2.32,0.0,538.0,0.2846,5965.0,0.31179,1.08,3.55,1.9444805562457188,1.2919836816486496,3.1515387246921907,4.019074456847951,0.7514160886839212
Kepler-1487 b,Kepler-1487,2.13,0.0,1682.0,0.0898,6541.0,0.55664,1.3799999999999997,1.95,1.8213182714695995,1.3737155789130306,5.781650511754515,2.1185977852069184,0.9669838461896731
Kepler-1487 c,Kepler-1487,7.97,0.0,991.0,0.2588,5745.0,0.55664,1.8009999999999995,1.95,3.906004933102583,0.4246139269469252,5.432323646395771,3.6055171710750953,1.6003971677819513
Kepler-1488 b,Kepler-1488,1.86,0.0,650.0,0.24153,5820.0,0.58748,1.05,6.92,1.6331544390514163,1.5085119938441398,4.308581904065314,3.7091474926973222,0.8372475245337022
Kepler-1488 c,Kepler-1488,1.65156749,0.0,1212.0,0.06959,5710.0,0.58748,1.003,5.75,1.4747630091074988,1.631199404215613,6.635421483477155,1.9682683151815503,0.9258449446789667
Kepler-1489 b,Kepler-1489,1.77,0.0,400.0,0.3678999999999999,5655.0,0.19764,0.9300000000000002,4.07,1.5644405465033646,1.55814461804655,2.5566845284287005,4.4223855339821,0.6418538861723948
Kepler-149 b,Kepler-149,4.21,0.0,540.0,0.184,5381.0,-0.11929,1.013,14.0,2.8622008809294686,0.7975071958841881,3.204371138665319,3.4078069237683097,0.6693666518945418
Kepler-149 c,Kepler-149,1.61,0.0,436.0,0.281,5381.0,-0.11929,1.013,14.0,1.4398351280479205,1.6563214983329508,2.405502627000732,4.031197570236379,0.6693666518945418
Kepler-149 d,Kepler-149,3.96,0.0,306.0,0.571,5381.0,-0.11929,1.013,14.0,2.766319109226186,0.8415671856782186,1.237214138105738,5.081516358712931,0.6693666518945418
Kepler-1490 b,Kepler-1490,3.04,0.0,348.0,0.3729,5515.0,-0.31879,0.9,4.57,2.349468678892896,1.0473189942805592,1.5661127876957266,4.537279891796479,0.6259384308664953
Kepler-1491 b,Kepler-1491,1.51,0.0,821.0,0.127,5728.0,0.35471,1.0,4.57,1.358409157630355,1.724550719534605,4.93525060985649,2.867113150240178,0.688134638736401
Kepler-1491 c,Kepler-1491,2.44,0.0,530.0,0.3045,5626.0,0.35471,0.991,4.57,2.018895041811802,1.244154593958768,2.9785861147190205,4.136282174209708,0.8708748683436724
Kepler-1492 b,Kepler-1492,1.49,0.0,801.0,0.1262,4712.0,-0.75433,0.77,2.82,1.3428648031925547,1.7404661748405044,2.5275669535818954,2.8765291715179586,0.5423242908253616
Kepler-1493 b,Kepler-1493,1.41,0.0,874.0,0.1197,5863.0,0.249,1.06,6.46,1.2725655957915476,1.7984040119467237,4.933826241409298,2.7739501887734765,0.8285518175661483
Kepler-1494 b,Kepler-1494,3.07,0.0,415.0,0.3982,5659.0,0.07901,0.96,4.37,2.3646204839134985,1.0402767116551463,2.3138217249200332,4.5226629989785545,0.6626879730752367
Kepler-1495 b,Kepler-1495,2.94,0.0,443.0,0.3677,5831.0,0.0523,1.03,4.17,2.298577071596507,1.0784095813505903,2.312535423847214,4.457519654349153,0.712949807856125
Kepler-1496 b,Kepler-1496,2.22,0.0,535.0,0.3211,6182.0,0.3041,1.18,2.95,1.8809906029559977,1.332366019094335,2.964396393244138,4.184471661830762,0.8197798314933114
Kepler-1497 b,Kepler-1497,1.66,0.0,924.0,0.0817,5675.0,-0.0734,0.96,4.27,1.47932922708708,1.623340817603092,5.155485717440494,2.2764462013461384,0.6678293725756554
Kepler-1498 b,Kepler-1498,1.33,0.0,564.0,0.2528,5256.0,-0.16563,0.86,4.17,1.2029723039923526,1.8625285401162623,2.3850863145057892,3.8928688298417047,0.5933268452777344
Kepler-1499 b,Kepler-1499,1.19,0.0,409.0,0.23225,5097.0,-0.46443,0.8200000000000001,4.68,1.0331844833456545,1.9315214116032138,2.1247733516779195,3.8111147857966023,0.5766133643039938
Kepler-15 b,Kepler-15,10.76,0.06,1251.0,0.05714,5515.0,-0.087,1.018,3.7,5.350720045341085,0.6575200029167942,6.067677623402952,1.7821773739011961,0.6891391591624065
Kepler-150 b,Kepler-150,1.25,0.0,1131.0,0.044,5560.0,-0.16141,0.9559999999999998,1.74,1.1314021114911006,1.9329696377795786,5.908794641369854,1.4879602098939817,0.6621723762605147
Kepler-150 c,Kepler-150,3.69,0.0,876.0,0.073,5560.0,-0.16141,0.9559999999999998,1.74,2.653241964607215,0.8919980393051105,4.891033104782762,2.1260863108963135,0.6621723762605147
Kepler-150 d,Kepler-150,2.79,0.0,734.0,0.104,5560.0,-0.16141,0.9559999999999998,1.74,2.2192034840549946,1.1216775615991057,4.191803945983669,2.607192864231266,0.6621723762605147
Kepler-150 e,Kepler-150,3.12,0.0,544.0,0.189,5560.0,-0.16141,0.9559999999999998,1.74,2.3896797998449797,1.0260415958332743,3.028731751817099,3.4603010670487824,0.6621723762605147
Kepler-150 f,Kepler-150,3.64,0.1549,329.4,1.2400000000000002,5528.0,-0.16141,0.97,1.74,2.631888840136646,0.9042181506398859,1.3237974726884572,6.458666285972378,0.6446599455028563
Kepler-1500 b,Kepler-1500,1.2,0.0,928.0,0.1236,5845.0,0.27456,1.0,4.07,1.0543120297715298,1.9387416595767009,4.8889797700259985,2.774649753105756,0.6931471805599453
Kepler-1501 b,Kepler-1501,1.56,0.0,787.0,0.11592,6229.0,0.20231,1.2,2.75,1.3987168811184478,1.6882490928583902,4.6151304177823445,2.74447555575066,0.832909122935104
Kepler-1502 b,Kepler-1502,3.18,0.0,608.0,0.2482,6666.0,0.74202,1.44,1.7,2.4159137783010487,1.007957920399979,4.36085406944108,3.754394753517006,1.000631880307906
Kepler-1503 b,Kepler-1503,2.27,0.0,321.0,0.3771,5069.0,-0.14398,0.77,5.13,1.9125010869241836,1.3110318766193438,1.892509372328198,4.576460683988973,0.5538851132264376
Kepler-1504 b,Kepler-1504,2.13,0.0,485.0,0.3704,5393.0,0.46829,0.8500000000000001,4.47,1.8213182714695995,1.3737155789130306,3.264613716542055,4.422496603240271,0.5933268452777344
Kepler-1505 b,Kepler-1505,0.93,0.0,525.0,0.18298,5686.0,0.14944,0.9300000000000002,1.7,0.559044196036465,1.8115620965242347,3.6141828472103064,3.4613807014132734,0.6205764877251099
Kepler-1506 b,Kepler-1506,1.32,0.0,783.0,0.1167999999999999,5676.0,0.42561,0.95,3.98,1.1939224684724346,1.8718021769015913,5.467245463383749,2.7102421570106245,0.6575200029167942
Kepler-1507 b,Kepler-1507,0.84,0.0,630.0,0.1194599999999999,5410.0,-0.32427,0.89,4.57,0.41871033485818504,1.7613002617433464,3.449225350672737,2.836186642948307,0.6151856390902335
Kepler-1508 b,Kepler-1508,1.33,0.0,967.0,0.1628999999999999,6158.0,0.53713,1.14,2.69,1.2029723039923526,1.8625285401162623,4.763412483718604,3.0775726137483517,0.7975071958841881
Kepler-1509 b,Kepler-1509,1.85,0.0,667.0,0.1706999999999999,5780.0,0.39912,1.0,3.98,1.6253112615903906,1.5129270120532565,4.431780619932793,3.2746442395512125,0.688134638736401
Kepler-151 b,Kepler-151,3.06,0.0,639.0,0.116,5460.0,-0.33413,0.87,4.6,2.359910159613315,1.0438040521731147,3.731172366304188,2.786797177370571,0.6043159668533296
Kepler-151 c,Kepler-151,2.09,0.0,544.0,0.16,5460.0,-0.33413,0.87,4.6,1.7950872593207297,1.3912819026309298,3.1093734100430392,3.2455026437238037,0.6043159668533296
Kepler-1510 b,Kepler-1510,3.36,0.0,537.0,0.4089,6200.0,0.37703,1.19,2.75,2.501435951739211,0.9631743177730056,2.7104473257019315,4.450898577182552,0.8241754429663495
Kepler-1511 b,Kepler-1511,1.68,0.0,903.0,0.1753,6064.0,0.83813,1.17,3.31,1.4951487660319727,1.6114359150967734,5.434677878437974,3.1879331685821874,0.8285518175661483
Kepler-1512 b,Kepler-1512,1.18,0.0,322.0,0.13693,4372.0,-1.695,0.73,1.78,1.0152306797290587,1.9300710850255671,0.9555114450274365,3.0615071858261915,0.5128236264286637
Kepler-1513 b,Kepler-1513,8.594,0.306,346.0,0.5697100000000002,5491.0,-0.12901,0.943,7.0,3.8981252344467747,0.8346467428336448,1.172482137234565,5.086881264815647,0.6678293725756554
Kepler-1513 c,Kepler-1513,11.0,0.125,354.4,0.102,5491.0,-0.12901,0.943,7.0,4.449011648128996,0.2993635772256188,1.6237503493997303,6.736254960819766,0.6678293725756554
Kepler-1514 b,Kepler-1514,12.419572,0.401,387.9,0.7529999999999999,6145.0,0.32838,1.1960000000000002,2.9,7.4260384658695,1.7613002617433464,1.4422019930581866,5.388303580984435,0.8281150409704297
Kepler-1514 c,Kepler-1514,1.1758241,0.32,1066.0,0.0997,6145.0,0.32838,1.1960000000000002,2.9,1.007957920399979,1.9286186519452522,5.267858159063328,2.443579406123112,0.8281150409704297
Kepler-1515 b,Kepler-1515,9.55,0.0,380.0,0.7523500000000001,6511.0,0.56587,1.3,1.82,4.207673247529104,0.34924742810993575,1.9483357762701516,5.372085428510263,0.8796267475025636
Kepler-1516 b,Kepler-1516,1.75,0.0,967.0,0.0718,5904.0,0.44571,1.04,4.07,1.5496879080283263,1.5686159179138452,6.423657593499208,2.111342234263015,0.7275486072772778
Kepler-1517 b,Kepler-1517,9.76,0.0,2336.0,0.078,7010.0,0.87873,1.58,1.38,4.244200317766478,0.3407487933884732,7.331703844010125,1.8788669570849985,1.0818051703517284
Kepler-1518 b,Kepler-1518,3.05,0.0,1351.0,0.0593,6846.0,0.69092,1.54,1.48,2.354228326145884,1.0473189942805592,6.985140304298343,1.8102178993782654,1.0577902941478545
Kepler-1518 c,Kepler-1518,2.9,0.0,1094.0,0.0905,6432.0,0.69092,1.06,1.48,2.277267285009756,1.0885619528146082,5.8269730852113995,2.3637766881683526,0.8522854018982426
Kepler-1519 b,Kepler-1519,7.06,0.0,342.0,0.7655,5644.0,0.32617,0.94,3.98,3.703768066607687,0.4811908186363,1.5981747201553897,5.488106553142129,0.6471032420585385
Kepler-152 b,Kepler-152,2.79,0.0,551.0,0.124,5088.0,-0.46488,0.779,2.0,2.2192034840549946,1.1216775615991057,3.094853364421798,2.9553254532536575,0.5446471722415014
Kepler-152 c,Kepler-152,2.39,0.0,326.0,0.356,5088.0,-0.46488,0.779,2.0,1.9878743481543455,1.264126727145683,1.2725655957915476,4.491498057711302,0.5446471722415014
Kepler-1520 b,Kepler-1520,5.77,0.0,1437.0,0.0129,4677.0,-0.67309,0.76,4.47,3.370738174177447,0.5900064216404319,7.034727960204378,0.5029266520681803,0.5364933705145685
Kepler-1521 b,Kepler-1521,2.5,0.0,391.0,0.23476,5042.0,-0.5691,0.81,4.47,2.0541237336955462,1.2208299213923592,1.8118888405232207,3.8742880753922684,0.5653138090500605
Kepler-1522 b,Kepler-1522,1.73,0.0,1374.0,0.0288,5706.0,0.09172,0.96,3.89,1.534714366238164,1.5810384379124023,7.322812237855576,1.0465780781155674,0.6575200029167942
Kepler-1523 b,Kepler-1523,1.58,0.0,1676.0,0.01867,5708.0,-0.09894,0.97,4.37,1.415853163361435,1.6770965609079151,7.704877265547606,0.6620438326716532,0.6729444732424258
Kepler-1524 b,Kepler-1524,3.54,0.0,438.0,0.3392,6179.0,-0.00637,1.17,2.88,2.5877640352277083,0.924258901523332,2.245273726280932,4.27621407658249,0.8109302162163288
Kepler-1525 b,Kepler-1525,0.91,0.0,1343.0,0.03557,5748.0,-0.0112,1.07,2.82,0.5265021031509982,1.80005827204275,6.573828200695849,1.2286462507814189,0.712949807856125
Kepler-1526 b,Kepler-1526,2.43,0.0,787.0,0.0418,4601.0,-0.70671,0.73,4.68,2.012232791986386,1.247032293786383,4.606139715842095,1.59099528893337,0.5247285289349821
Kepler-1527 b,Kepler-1527,4.77,0.0,450.0,0.6276,6224.0,0.48222,1.21,2.82,3.0633909220278057,0.708035793053696,2.1762279041175234,5.082210983679496,0.8415671856782186
Kepler-1528 b,Kepler-1528,1.46,0.0,1549.0,0.0296,5857.0,-0.06429,1.03,3.89,1.3164082336557241,1.7613002617433464,7.010177381730153,1.0264394396220062,0.708035793053696
Kepler-1529 b,Kepler-1529,2.1,0.0,817.0,0.0525,5048.0,-0.52049,0.81,4.79,1.801709800081223,1.3862943611198906,4.76016336795359,1.8467299971308648,0.5709795465857378
Kepler-153 b,Kepler-153,2.92,0.0,621.0,0.129,5404.0,-0.4463,0.756,13.8,2.2874714551839976,1.0818051703517284,3.1183480570941793,2.989222480756144,0.6376344706296866
Kepler-153 c,Kepler-153,2.53,0.0,458.0,0.237,5404.0,-0.4463,0.756,13.8,2.0719132752590443,1.208960345836975,2.0044485626384057,3.8691639374819657,0.6376344706296866
Kepler-1530 b,Kepler-1530,1.64,0.0,1484.0,0.03553,5477.0,-0.31086,0.9200000000000002,4.27,1.4655675420143985,1.6389967146756448,5.870880404511999,1.27827570462279,0.6312717768418579
Kepler-1530 c,Kepler-1530,1.65,0.0,1167.0,0.05744,5477.0,-0.31086,0.9200000000000002,4.27,1.4724720573609429,1.631199404215613,4.9139701968056535,1.844152753404949,0.6312717768418579
Kepler-1530 d,Kepler-1530,3.27870115,0.0,972.0,0.08276,5678.0,-0.31086,1.015,1.17,2.468099531471619,0.9858167945227653,4.251348311031766,2.3231335332790346,0.8342126208385481
Kepler-1532 b,Kepler-1532,1.35,0.0,1681.0,0.0206,5559.0,-0.14116,0.91,4.27,1.2208299213923592,1.8468787684491346,7.442353287180367,0.7389154304852485,0.6312717768418579
Kepler-1533 b,Kepler-1533,3.46,0.0,330.0,0.93416,6431.0,0.66241,1.31,2.19,2.5494451709255714,0.9439058989071286,1.7554412065539433,5.735110261483301,0.9202827531436926
Kepler-1534 b,Kepler-1534,1.89,0.0,955.0,0.0599,5442.0,-0.233,0.9,4.57,1.6544112780768316,1.4906543764441333,5.285789215970766,1.9045952830938817,0.6205764877251099
Kepler-1535 b,Kepler-1535,2.55,0.0,384.0,0.5329,6021.0,0.16473,1.08,3.47,2.084429083190875,1.2029723039923526,1.8537948601475076,4.941243771730029,0.7466879474879752
Kepler-1536 b,Kepler-1536,3.14,0.0,166.0,0.8507,4434.0,-0.8224,0.71,2.95,2.3978952727983707,1.0188473201992472,0.17647114311577897,5.901971997280494,0.5128236264286637
Kepler-1537 b,Kepler-1537,1.18,0.0,1800.0,0.0245,5079.0,-0.42348,0.81,5.01,1.0152306797290587,1.9300710850255671,6.571118228779912,0.8938217024693211,0.5709795465857378
Kepler-1538 b,Kepler-1538,2.82,0.0,346.0,0.6095,5837.0,-0.08496,1.03,4.37,2.2353763433005955,1.11514159061932,1.0949388833018008,5.171272428461001,0.708035793053696
Kepler-1539 b,Kepler-1539,2.7,0.0,301.0,0.4765,5176.0,-0.42607,0.8400000000000001,4.79,2.169053700369523,1.1505720275988207,0.944683806375373,4.900103460563771,0.5877866649021191
Kepler-154 b,Kepler-154,2.26,0.0,561.0,0.198,5690.0,0.03322,0.933,8.91,1.9065751436566365,1.3164082336557241,3.371081757757532,3.5275519322551974,0.6936470556015963
Kepler-154 c,Kepler-154,2.95,0.0,454.0,0.303,5690.0,0.03322,0.933,8.91,2.303584593327129,1.0750024230289759,2.5703960358034146,4.1479370813654635,0.6936470556015963
Kepler-154 d,Kepler-154,3.84,0.0,657.0,0.14354,5769.0,0.03322,0.98,4.47,2.714694743820879,0.8628899551470399,3.9890210829154573,3.070367409553861,0.6830968447064438
Kepler-154 e,Kepler-154,1.5,0.0,1140.0,0.04766,5769.0,0.03322,0.98,4.47,1.3506671834767394,1.7334238922150915,6.176708911668112,1.5958996118087934,0.6830968447064438
Kepler-154 f,Kepler-154,1.5,0.0,838.0,0.08832,5769.0,0.03322,0.98,4.47,1.3506671834767394,1.7334238922150915,4.947936856743424,2.3905370711463396,0.6830968447064438
Kepler-1540 b,Kepler-1540,2.49,0.0,266.0,0.4426,4540.0,-0.81759,0.74,2.51,2.048982334195127,1.2267122912954256,0.6146449524049877,4.839555255600213,0.5247285289349821
Kepler-1541 b,Kepler-1541,1.16,0.0,1048.0,0.07555,5282.0,-0.33627,0.86,4.47,0.9745596399981308,1.918392120161421,4.338074747144699,2.2414447371471753,0.5933268452777344
Kepler-1542 b,Kepler-1542,0.76,0.0,1160.0,0.04765,5564.0,0.07026,0.94,8.51,0.30968815271439554,1.7119945007591926,6.252745532733068,1.5996236739599443,0.688134638736401
Kepler-1542 c,Kepler-1542,0.65,0.0,1287.0,0.0387,5564.0,0.07026,0.94,8.51,0.1889660995126232,1.6409365794934714,6.668332436128176,1.3589823121120066,0.688134638736401
Kepler-1542 d,Kepler-1542,0.87,0.0,1010.0,0.0629,5564.0,0.07026,0.94,8.51,0.46373401623214017,1.7783364488959144,5.69979453337834,1.9448720933189798,0.688134638736401
Kepler-1542 e,Kepler-1542,0.76,0.0,1065.0,0.05649,5564.0,0.07026,0.94,8.51,0.30968815271439554,1.7119945007591926,5.916199367186013,1.8084785171107938,0.688134638736401
Kepler-1543 b,Kepler-1543,2.71,0.0,1774.0,0.0867,6561.0,0.48688,1.3899999999999997,1.91,2.174751721484161,1.1474024528375417,5.931319029252913,2.075320899734014,0.9745596399981308
Kepler-1544 b,Kepler-1544,1.78,0.0,269.0,0.54465,4886.0,-0.606,0.81,2.34,1.5727739280625088,1.551808799597464,0.6059539688575679,5.134687078543639,0.5538851132264376
Kepler-1545 b,Kepler-1545,2.7,0.0,274.0,0.5442,5201.0,-0.27681,0.8400000000000001,4.47,2.169053700369523,1.1505720275988207,0.8787965274465745,5.104079181945489,0.5877866649021191
Kepler-1546 b,Kepler-1546,3.13,0.0,671.0,0.1366,5623.0,-0.12963,0.95,3.72,2.3942522815198695,1.0224509277025458,3.6190469445152553,3.0251695684138125,0.6575200029167942
Kepler-1548 b,Kepler-1548,2.64,0.0,350.0,0.4679,5706.0,-0.30667,0.99,4.37,2.135349173618132,1.172482137234565,1.076025789995314,4.834921291257424,0.6780335427498971
Kepler-1549 b,Kepler-1549,2.57,0.0,286.0,0.6687,5324.0,-0.27333,0.8800000000000001,4.79,2.0955609235597192,1.1969481893889715,0.7811580578826586,5.374753015059999,0.6097655716208943
Kepler-155 b,Kepler-155,2.09,0.0,614.0,0.056,4508.0,-1.21,0.635,2.9,1.7950872593207297,1.3912819026309298,3.1986731175506815,1.9360320927331354,0.4824261492442927
Kepler-155 c,Kepler-155,2.24,0.0,286.0,0.242,4508.0,-1.21,0.635,2.9,1.8946168546677629,1.324418957401803,0.8241754429663495,3.9827012585279467,0.4824261492442927
Kepler-1550 b,Kepler-1550,3.02,0.0,348.0,0.7681,5991.0,0.11945,1.07,3.55,2.339880877737743,1.0543120297715298,1.1954364733036495,5.4231104807557315,0.7466879474879752
Kepler-1551 b,Kepler-1551,2.66,0.0,722.0,0.1772,6136.0,0.24402,1.14,2.88,2.1471001901536506,1.1662709371419244,4.117751796221719,3.2385753017465198,0.7975071958841881
Kepler-1552 b,Kepler-1552,2.47,0.0,268.0,0.6011,5202.0,-0.20141,0.8500000000000001,3.31,2.0360119837525,1.2325602611778486,1.0487215190546446,5.224519324053463,0.5766133643039938
Kepler-1553 b,Kepler-1553,1.15,0.0,926.0,0.0481,5288.0,-0.33811,0.8500000000000001,4.57,0.9555114450274365,1.9139771019523042,5.1186283415994485,1.6568211463888323,0.5933268452777344
Kepler-1554 b,Kepler-1554,2.9,0.0,288.0,0.59527,5297.0,-0.39312,0.8400000000000001,4.68,2.277267285009756,1.0885619528146082,0.7001227942963706,5.293750825753758,0.5933268452777344
Kepler-1555 b,Kepler-1555,1.61,0.0,959.0,0.0805,5866.0,0.38933,1.04,4.37,1.4398351280479205,1.6563214983329508,6.182626082568611,2.208825508894598,0.7227059828014898
Kepler-1556 b,Kepler-1556,1.96,0.0,797.0,0.0829,5608.0,-0.23063,0.97,4.9,1.7047480922384253,1.4539530095937054,4.534082264272361,2.2851473931910777,0.6678293725756554
Kepler-1557 b,Kepler-1557,1.53,0.0,1287.0,0.049,6099.0,0.11938,1.11,3.31,1.3762440252663892,1.7119945007591926,6.4716397079877135,1.5561056903190893,0.7747271675523681
Kepler-1558 b,Kepler-1558,0.68,0.0,1019.0,0.04278,5101.0,-0.48006,0.83,4.9,0.2183319943169877,1.6601310267496183,5.251676391216862,1.505122090893298,0.5822156198526637
Kepler-1559 b,Kepler-1559,0.72,0.0,1609.0,0.01835,5316.0,-0.27638,0.86,4.27,0.2615947376884625,1.6863989535702286,7.390837385878666,0.679005368851059,0.598836501088704
Kepler-156 b,Kepler-156,2.3,0.0,867.0,0.054,5094.0,-0.43985,0.864,3.39,1.9315214116032138,1.297463147413275,4.913220901989214,1.7873256543821054,0.5916680116100914
Kepler-156 c,Kepler-156,2.55,0.0,588.0,0.117,5094.0,-0.43985,0.864,3.39,2.084429083190875,1.2029723039923526,3.3891922745347234,2.827715967012891,0.5916680116100914
Kepler-1560 b,Kepler-1560,0.89,0.0,1269.0,0.04175,5815.0,-0.03447,1.02,4.17,0.49469624183610705,1.790091412127358,6.388425261824713,1.3942519751578015,0.7030975114131134
Kepler-1561 b,Kepler-1561,1.09,0.0,1682.0,0.0194,5957.0,-0.02044,1.07,3.39,0.8415671856782186,1.8870696490323797,7.768874468937253,0.6957473008156281,0.7466879474879752
Kepler-1562 b,Kepler-1562,3.55,0.0,554.0,0.3308,5760.0,0.49073,1.02,4.79,2.5877640352277083,0.9202827531436926,3.489452429417043,4.17859035071708,0.7178397931503169
Kepler-1563 b,Kepler-1563,0.75,0.0,1134.0,0.0442,5765.0,-0.0102,1.0,4.07,0.2978798974282269,1.7083778602890038,5.970164298937279,1.4890237639340813,0.688134638736401
Kepler-1564 b,Kepler-1564,1.47,0.0,635.0,0.1327,5528.0,-0.13536,0.9300000000000002,4.57,1.324418957401803,1.752672080520008,3.749833433450934,2.9472790528627293,0.6418538861723948
Kepler-1565 b,Kepler-1565,1.19,0.0,1234.0,0.0241,4940.0,-0.56447,0.76,5.62,1.0331844833456545,1.9315214116032138,6.2374766093258,0.9314506127929743,0.5481214085096876
Kepler-1566 b,Kepler-1566,0.79,0.0,1871.0,0.01198,5254.0,-0.43675,0.8400000000000001,5.01,0.34924742810993575,1.7334238922150915,7.758753712366606,0.43172737465102684,0.5933268452777344
Kepler-1567 b,Kepler-1567,2.73,0.0,330.0,0.552,5655.0,-0.12183,0.95,4.17,2.186051276738094,1.1410330045520618,1.3145297948905799,5.043293353400106,0.6575200029167942
Kepler-1568 b,Kepler-1568,1.3,0.0,729.0,0.15157,5956.0,0.25777,1.09,4.57,1.1755733298042381,1.8870696490323797,4.298210148580771,3.087645417231826,0.7839015438284094
Kepler-1569 b,Kepler-1569,1.68,0.0,1222.0,0.06669,6319.0,0.33545,1.25,2.45,1.4951487660319727,1.6114359150967734,6.207889579634028,1.9157162318566698,0.8754687373538999
Kepler-157 b,Kepler-157,1.32,0.0,1546.0,0.028,5774.0,0.09117,0.95,7.59,1.1939224684724346,1.8718021769015913,7.360936323690195,1.0051591168899092,0.714908672341458
Kepler-157 c,Kepler-157,2.24,0.0,779.0,0.11,5774.0,0.09117,0.95,7.59,1.8946168546677629,1.324418957401803,4.632337782059002,2.676937859409584,0.714908672341458
Kepler-157 d,Kepler-157,1.46,0.0,969.0,0.0706,5866.0,0.09117,1.02,4.07,1.3164082336557241,1.7613002617433464,5.501494917221368,2.082653221211342,0.708035793053696
Kepler-1570 b,Kepler-1570,1.07,0.0,836.0,0.16699,5550.0,0.41425,0.9200000000000002,4.17,0.8064758658669486,1.8809906029559977,4.3497229436696685,3.3159646038450408,0.636576829071551
Kepler-1571 b,Kepler-1571,1.52,0.0,1476.0,0.04287,6297.0,0.194,1.23,2.34,1.366091653802371,1.7173950539391927,6.6308575129615415,1.4783161582974806,0.8712933659434192
Kepler-1572 b,Kepler-1572,0.94,0.0,1293.0,0.05838,5618.0,0.37265,0.97,4.79,0.5760514086836981,1.8164520818184267,6.370796130009622,1.8711075064431604,0.6678293725756554
Kepler-1573 b,Kepler-1573,1.2,0.0,1379.0,0.0364,5808.0,0.16867,1.01,4.07,1.0543120297715298,1.9387416595767009,7.203490338914532,1.285300796436675,0.6931471805599453
Kepler-1574 b,Kepler-1574,1.29,0.0,1003.0,0.0743,5892.0,0.15604,1.06,3.8,1.1662709371419244,1.8961194845522977,5.67256008942749,2.072219701857256,0.7323678937132266
Kepler-1575 b,Kepler-1575,1.31,0.0,1312.0,0.0366,5667.0,-0.03716,0.95,4.17,1.184789984909162,1.8794650496471605,6.690443440129569,1.2678323190533216,0.6523251860396903
Kepler-1576 b,Kepler-1576,1.04,0.0,1059.0,0.07211,5876.0,-0.06329,1.05,4.07,0.7514160886839212,1.8671761085128091,5.060110937556781,2.0775296814892936,0.7227059828014898
Kepler-1577 b,Kepler-1577,1.13,0.0,1125.0,0.0657,4862.0,-0.60727,0.78,4.27,0.9202827531436926,1.9095425048844383,4.073308174156004,1.9886415154500847,0.5538851132264376
Kepler-1578 b,Kepler-1578,1.04,0.0,1700.0,0.0252,5545.0,-0.16523,0.9,4.27,0.7514160886839212,1.8671761085128091,7.304810455878853,0.8964499619065529,0.6205764877251099
Kepler-1579 b,Kepler-1579,0.84,0.0,1139.0,0.014,4584.0,-0.94024,0.75,2.24,0.41871033485818504,1.7613002617433464,5.985547073343945,0.615135848120954,0.5306282510621704
Kepler-158 b,Kepler-158,2.12,0.0,500.0,0.111,4623.0,-0.75667,0.655,13.9,1.8148247421590513,1.3762440252663892,2.6833475884618383,2.8740833750697594,0.4848922417394862
Kepler-158 c,Kepler-158,1.9,0.0,418.0,0.158,4623.0,-0.75667,0.655,13.9,1.6620303625532709,1.4861396960896067,2.0382288458457616,3.3861305447873833,0.4848922417394862
Kepler-1580 b,Kepler-1580,2.11,0.0,733.0,0.33571,6228.0,0.92628,1.4700000000000002,2.75,1.8082887711792655,1.3812818192963463,4.431863869521053,4.054302261925179,1.1474024528375417
Kepler-1581 b,Kepler-1581,0.8,0.0,1108.0,0.06865,6022.0,0.39085,1.12,4.17,0.3625576070968879,1.7387102481382395,6.156686569954916,1.9856602426664265,0.8020015854720274
Kepler-1582 b,Kepler-1582,1.49,0.0,354.0,0.0316,3208.0,-2.38864,0.28,7.76,1.3428648031925547,1.7404661748405044,1.252762968495368,1.7644186111289457,0.26236426446749106
Kepler-1583 b,Kepler-1583,0.6,0.0,788.0,0.08307,5645.0,-0.01774,0.94,4.27,0.14496577025018573,1.6034198401085373,4.830766726263368,2.33486577493649,0.6471032420585385
Kepler-1584 b,Kepler-1584,1.61,0.0,886.0,0.1167999999999999,6069.0,0.25226,1.1,3.31,1.4398351280479205,1.6563214983329508,5.097082067282707,2.6672080605456916,0.7561219797213337
Kepler-1585 b,Kepler-1585,1.79,0.0,1064.0,0.0445,5538.0,-0.43354,0.94,4.37,1.5810384379124023,1.547562508716013,5.214615054015172,1.522298447241527,0.6471032420585385
Kepler-1586 b,Kepler-1586,1.52,0.0,1013.0,0.12208,6681.0,0.18311,1.45,1.7,1.366091653802371,1.7173950539391927,4.670686354073109,2.809699109258883,1.0116009116784799
Kepler-1587 b,Kepler-1587,1.33,0.0,981.0,0.08747,5933.0,0.32586,1.08,5.01,1.2029723039923526,1.8625285401162623,5.544008793122501,2.342387050653544,0.7975071958841881
Kepler-1588 b,Kepler-1588,0.76,0.0,925.0,0.07419,5817.0,0.3203,0.96,5.5,0.30968815271439554,1.7119945007591926,5.888296071618115,2.1803403249716378,0.688134638736401
Kepler-1589 b,Kepler-1589,1.09,0.0,2102.0,0.0205,6166.0,0.32934,1.18,2.75,0.8415671856782186,1.8870696490323797,8.562125447227356,0.6889711099023583,0.8109302162163288
Kepler-159 b,Kepler-159,2.38,0.0,447.0,0.082,4625.0,-0.75443,0.628,2.51,1.9823798288367047,1.2669476034873244,3.5398862847684254,2.4105083919157124,0.5086232002107907
Kepler-159 c,Kepler-159,3.41,0.0,275.0,0.218,4625.0,-0.75443,0.628,2.51,2.5257286443082556,0.9516578757114464,1.7563049882436528,3.7976395047990135,0.5086232002107907
Kepler-1590 b,Kepler-1590,1.14,0.0,1020.0,0.07116,6053.0,0.06336,1.11,3.39,0.9360933591703346,1.9095425048844383,5.150269692106094,2.1538075566090855,0.7701082216960736
Kepler-1591 b,Kepler-1591,1.27,0.0,892.0,0.0794,6082.0,0.43389,1.1,3.24,1.1474024528375417,1.9125010869241836,6.087760604411705,2.217577106785398,0.7701082216960736
Kepler-1592 b,Kepler-1592,1.54,0.0,1202.0,0.04,6213.0,0.50716,1.18,2.69,1.3837912309017721,1.7047480922384253,7.559736655926253,1.4004686027479771,0.8241754429663495
Kepler-1593 b,Kepler-1593,3.17,0.0,260.0,0.55494,4995.0,-0.652,0.81,3.63,2.4159137783010487,1.0152306797290587,0.6360475885193725,5.167695081221785,0.5709795465857378
Kepler-1594 b,Kepler-1594,1.06,0.0,1360.0,0.0396,5946.0,-0.00032,1.06,3.89,0.7884573603642702,1.8779371654691073,6.5123602965316545,1.312658071168165,0.7323678937132266
Kepler-1595 b,Kepler-1595,1.23,0.0,980.0,0.051,5203.0,-0.36327,0.8400000000000001,4.68,1.1118575154181303,1.9487632180377197,5.2287957838893915,1.7162821692034753,0.5877866649021191
Kepler-1596 b,Kepler-1596,1.9,0.0,471.0,0.3237,5706.0,0.43061,0.95,3.89,1.6620303625532709,1.4861396960896067,3.537416824905965,4.210249969570528,0.6523251860396903
Kepler-1597 b,Kepler-1597,1.06,0.0,1497.0,0.04136,6377.0,0.43429,1.25,2.4,0.7884573603642702,1.8779371654691073,7.267044502711645,1.3728396992398642,0.8712933659434192
Kepler-1598 b,Kepler-1598,0.95,0.0,1236.0,0.05207,5940.0,-0.03931,1.07,3.8,0.5927742064131581,1.8213182714695995,5.734828843061527,1.6755909851065964,0.7371640659767197
Kepler-1599 b,Kepler-1599,1.62,0.0,407.0,0.4823,5767.0,0.24119,0.99,4.27,1.449269160281279,1.6505798557652755,2.218768606900935,4.815135711280927,0.688134638736401
Kepler-16 b,Kepler-16,8.4493,0.0069,336.72,0.7048000000000001,4450.0,-0.90301,0.6896999999999999,3.8,4.6712668675629425,0.6749832099322741,1.3824752775157,5.437104921318263,0.5001083989247855
Kepler-160 b,Kepler-160,1.715,0.0,1134.0,0.05511,5471.0,0.00432,1.003,6.03,1.5238800240724537,1.5912739418064292,5.985494260360992,1.6694782694834656,0.7504722471792148
Kepler-160 c,Kepler-160,3.76,0.0,771.0,0.1192,5471.0,0.00432,1.003,6.03,2.681021528714291,0.8796267475025636,4.452578290624826,2.687808649492846,0.7504722471792148
Kepler-160 d,Kepler-160,2.839553935,0.1995,629.983,0.1699999999999999,5471.0,0.00432,1.003,6.03,4.61512051684126,1.269760544863939,3.3039483817945188,3.4339872044851463,0.7504722471792148
Kepler-1600 b,Kepler-1600,3.13,0.0,209.0,0.98141,5214.0,-0.33945,0.86,4.68,2.3942522815198695,1.0224509277025458,0.33647223662121295,5.959381723302277,0.598836501088704
Kepler-1600 c,Kepler-1600,1.94206512,0.0,786.0,0.06961,5119.0,-0.33945,0.818,6.92,1.691939133945844,1.463255402256019,4.450852825603734,2.1160205386435997,0.6064993738342731
Kepler-1601 b,Kepler-1601,0.82,0.0,1507.0,0.03281,5869.0,0.08501,1.04,4.27,0.39001300354924273,1.749199854809259,6.90850699637181,1.166027764275619,0.7275486072772778
Kepler-1602 b,Kepler-1602,1.34,0.0,1159.0,0.09744,6296.0,0.20142,1.22,2.51,1.2119409739751128,1.8547342683894434,4.832361533908796,2.4997391071747046,0.8586616190375187
Kepler-1603 b,Kepler-1603,1.29,0.0,1522.0,0.0350999999999999,6241.0,0.7055,1.21,2.82,1.1662709371419244,1.8961194845522977,7.14713431859675,1.1852911620512083,0.8372475245337022
Kepler-1604 b,Kepler-1604,1.41,0.0,2023.0,0.01406,4976.0,-0.52707,0.81,4.17,1.2725655957915476,1.7984040119467237,7.238784155937284,0.520984401803426,0.5653138090500605
Kepler-1605 b,Kepler-1605,1.08,0.0,528.0,0.3656699999999999,5280.0,0.42869,0.86,4.68,0.8241754429663495,1.884034745337226,2.8754837009578154,4.463105914536174,0.598836501088704
Kepler-1606 b,Kepler-1606,2.07,0.0,324.0,0.6421,5422.0,-0.171,0.9,4.27,1.7817091333745536,1.4011829736136412,0.8285518175661483,5.285410550797221,0.6205764877251099
Kepler-1607 b,Kepler-1607,0.92,0.0,913.0,0.11978,6116.0,0.70881,1.14,3.16,0.5429055172294024,1.8066480817218056,6.110651041899145,2.6842606333107857,0.7929925155296614
Kepler-1608 b,Kepler-1608,1.73,0.0,612.0,0.1126,4992.0,-0.537,0.75,5.13,1.534714366238164,1.5810384379124023,3.5328102684640474,2.8606893734631003,0.5423242908253616
Kepler-1609 b,Kepler-1609,2.22,0.0,429.0,0.4679,6132.0,0.48383,1.18,3.02,1.8809906029559977,1.332366019094335,2.637270019041163,4.747903275348781,0.8197798314933114
Kepler-161 b,Kepler-161,2.12,0.0,868.0,0.054,5078.0,-0.44679,0.853,0.91,1.2892326482767593,0.37156355643248307,4.823502180305079,1.7785653078408432,0.5911144549947938
Kepler-161 c,Kepler-161,2.05,0.0,769.0,0.068,5078.0,-0.44679,0.853,0.91,1.5282278570085572,0.8372475245337022,4.346412410314712,2.087439472790898,0.5911144549947938
Kepler-1610 b,Kepler-1610,1.61,0.0,750.0,0.0777,5383.0,-0.48291,0.91,4.68,1.4398351280479205,1.6563214983329508,4.046763666592653,2.272313057682255,0.6259384308664953
Kepler-1610 c,Kepler-1610,2.09,0.0,433.0,0.2323,5295.0,-0.48291,0.825,4.68,1.7950872593207297,1.3912819026309298,2.234306252240751,3.82831935550903,0.5877866649021191
Kepler-1611 b,Kepler-1611,0.81,0.0,1243.0,0.0586,5605.0,-0.113,0.94,5.01,0.3763795272130677,1.7457155307266483,4.991928066630559,1.8207101416122966,0.6575200029167942
Kepler-1612 b,Kepler-1612,1.03,0.0,1030.0,0.0482,5643.0,-0.18821,0.96,4.57,0.7323678937132266,1.860974538249528,5.599340055936891,1.592891982377977,0.6626879730752367
Kepler-1613 b,Kepler-1613,2.08,0.0,1926.0,0.02755,6005.0,0.63777,1.08,3.55,1.7884205679625405,1.3962446919730587,8.824475370658305,0.9236356517880031,0.7514160886839212
Kepler-1614 b,Kepler-1614,1.49,0.0,981.0,0.0471,5121.0,-0.27096,0.79,5.5,1.3428648031925547,1.7404661748405044,5.625363170771602,1.5987033223300249,0.5653138090500605
Kepler-1615 b,Kepler-1615,2.06,0.0,658.0,0.2788,5865.0,0.38923,1.04,3.89,1.7749523509116738,1.4060969884160703,3.471065425629483,3.877692793614972,0.7178397931503169
Kepler-1616 b,Kepler-1616,1.02,0.0,1337.0,0.07318,6266.0,0.63778,1.21,2.75,0.712949807856125,1.8547342683894434,6.587358536438884,2.04934873226934,0.8501509293696101
Kepler-1617 b,Kepler-1617,1.2,0.0,736.0,0.17707,6167.0,0.34078,1.15,3.02,1.0543120297715298,1.9387416595767009,4.184931483771308,3.3491514251481487,0.7975071958841881
Kepler-1618 b,Kepler-1618,1.26,0.0,1267.0,0.07109,6620.0,0.69003,1.41,1.78,1.1410330045520618,1.9242486522741338,6.807833281073893,1.9612575148559894,0.9745596399981308
Kepler-1619 b,Kepler-1619,0.76,0.0,797.0,0.15413,5852.0,0.32575,1.0,4.27,0.30968815271439554,1.7119945007591926,4.325919139014163,3.203664367045505,0.6931471805599453
Kepler-162 b,Kepler-162,1.26,0.0,961.0,0.069,5816.0,0.1554,1.053,4.57,1.1410330045520618,1.9242486522741338,5.726671836350251,2.0693657004505703,0.6719235441083187
Kepler-162 c,Kepler-162,3.03,0.0,681.0,0.137,5816.0,0.1554,1.053,4.57,2.344686269012681,1.0508216248317612,4.357375271232752,3.017804626993442,0.6719235441083187
Kepler-1620 b,Kepler-1620,1.61,0.0,428.0,0.4322,6157.0,0.293,1.15,3.02,1.4398351280479205,1.6563214983329508,2.188295946591918,4.634261199221767,0.8020015854720274
Kepler-1621 b,Kepler-1621,2.16,0.0,469.0,0.4204,6158.0,0.47822,1.15,2.69,1.8421356765531218,1.3609765531356006,2.711710161933697,4.535431114734759,0.8064758658669486
Kepler-1622 b,Kepler-1622,1.47,0.0,922.0,0.10136,6436.0,0.37304,1.31,2.19,1.324418957401803,1.752672080520008,5.468081237959005,2.4691052713084254,0.9162907318741551
Kepler-1623 b,Kepler-1623,1.31,0.0,1000.0,0.0518,5772.0,-0.17154,1.0,4.27,1.184789984909162,1.8794650496471605,5.497496040408414,1.679203401641765,0.6931471805599453
Kepler-1624 b,Kepler-1624,5.7,0.0,540.0,0.0327,3636.0,-1.32262,0.5,4.47,3.353406717825807,0.5982868995359851,1.9473377010464987,1.4563577136375194,0.3852624007906449
Kepler-1625 b,Kepler-1625,6.06,0.0,350.0,0.8776200000000001,5677.0,0.43696,0.96,4.37,3.4531571205928664,0.5630384952129249,1.4586150226995167,5.664275410375015,0.6626879730752367
Kepler-1626 b,Kepler-1626,2.02,0.0,1352.0,0.0536999999999999,6826.0,0.61079,1.5100000000000002,1.55,1.747459210331475,1.425515074273172,7.19267403699488,1.636981026287648,1.0473189942805592
Kepler-1627 b,Kepler-1627,3.69,0.0,794.0,0.0643,5445.0,-0.30321,0.87,4.68,2.653241964607215,0.8919980393051105,4.9706462858798925,2.1044800127469516,0.6097655716208943
Kepler-1628 b,Kepler-1628,6.43,0.0,240.0,0.2952,3724.0,-1.33,0.55,5.13,3.5496173867804286,0.530039842689795,0.5822156198526637,4.348702928944104,0.41871033485818504
Kepler-1629 b,Kepler-1629,0.77,0.0,1081.0,0.0485,5776.0,-0.13437,1.01,4.27,0.3228078744271551,1.7209792871670078,5.757187371374829,1.5843166123203614,0.6981347220709844
Kepler-163 b,Kepler-163,1.05,0.0,906.0,0.078,5776.0,-0.13799,0.8819999999999999,4.27,0.7701082216960736,1.873339456220478,4.7588521845728815,2.175993790705813,0.6507614640635074
Kepler-163 c,Kepler-163,2.26,0.0,648.0,0.152,5776.0,-0.13799,0.8819999999999999,4.27,1.9065751436566365,1.3164082336557241,3.4416353024355306,3.1067038079623135,0.6507614640635074
Kepler-1630 b,Kepler-1630,2.19,0.0,182.0,1.1218,4736.0,-0.6464,0.6599999999999999,5.01,1.860974538249528,1.3454723665996355,0.23111172096338664,6.236364506042052,0.48858001481867097
Kepler-1631 b,Kepler-1631,1.35,0.0,1122.0,0.0511,5679.0,0.00722,0.97,4.17,1.2208299213923592,1.8468787684491346,6.104610179947619,1.6282870107561838,0.6678293725756554
Kepler-1632 b,Kepler-1632,2.47,0.0,369.0,0.6761999999999999,6137.0,0.40631,1.12,3.09,2.0360119837525,1.2325602611778486,1.9547282975061946,6.107698735029847,0.7839015438284094
Kepler-1633 b,Kepler-1633,1.58,0.0,925.0,0.3875,6256.0,0.64606,1.2,2.82,1.415853163361435,1.6770965609079151,3.305347056005321,5.233268160366387,0.8415671856782186
Kepler-1634 b,Kepler-1634,3.19,0.0,282.0,1.0525,5474.0,-0.26507,0.9200000000000002,4.47,2.424802725718295,1.007957920399979,0.4343764516025845,5.9292599376118735,0.636576829071551
Kepler-1635 b,Kepler-1635,3.64,0.0,200.0,1.12664,5347.0,-0.27981,0.89,4.9,2.631888840136646,0.9042181506398859,0.33647223662121295,6.154074581205607,0.6151856390902335
Kepler-1636 b,Kepler-1636,3.23,0.0,248.0,1.12191,5797.0,0.23674,1.01,3.98,2.4423470353692043,0.9969486348916093,0.7961549306341744,6.055560431233744,0.7030975114131134
Kepler-1637 b,Kepler-1637,0.89,0.0,1093.0,0.0596,5789.0,0.0229,1.02,4.17,0.49469624183610705,1.790091412127358,5.825350929158236,1.9614464391638655,0.7030975114131134
Kepler-1638 b,Kepler-1638,1.87,0.0,304.0,0.745,5710.0,-0.114,0.97,4.37,1.6409365794934714,1.5040773967762742,1.324418957401803,5.561976292579454,0.6678293725756554
Kepler-1639 b,Kepler-1639,2.58,0.0,1003.0,0.0932,6150.0,0.14514,1.12,3.16,2.1016921506146558,1.1939224684724346,5.240942458686713,2.3867867096348654,0.7793248768009976
Kepler-164 b,Kepler-164,1.41,0.0,1141.0,0.058,5888.0,0.11291,1.036,0.62,1.2725655957915476,1.7984040119467237,5.918684154868409,1.7975808255396248,0.7645371766466182
Kepler-164 c,Kepler-164,2.73,0.0,881.0,0.097,5888.0,0.11291,1.036,0.62,2.186051276738094,1.1410330045520618,4.886484527405314,2.480373306363392,0.7645371766466182
Kepler-164 d,Kepler-164,2.45,0.0,637.0,0.187,5888.0,0.11291,1.036,0.62,2.0241930674493576,1.2383742310432684,3.607940511608584,3.4007562510450167,0.7645371766466182
Kepler-164 e,Kepler-164,4.24,0.0,429.0,0.4025,5888.0,0.11291,0.966,0.62,2.8735646395797834,0.7884573603642702,2.196112848483529,4.5631693927909325,0.7405077519197829
Kepler-1640 b,Kepler-1640,4.82,0.0,1228.0,0.0835999999999999,6324.0,0.47,1.27,2.4,3.077312260546414,0.7030975114131134,6.288601778330518,2.149948070342874,0.8878912573524571
Kepler-1641 b,Kepler-1641,3.11,0.0,908.0,0.1473,6152.0,0.13083,1.12,3.02,2.3841650799864684,1.0296194171811583,4.428767080557696,3.028792995164463,0.7839015438284094
Kepler-1641 c,Kepler-1641,2.95,0.0,767.0,0.2065,6152.0,0.13083,1.12,3.02,2.303584593327129,1.0750024230289759,3.764566535960271,3.51622735704938,0.7839015438284094
Kepler-1642 b,Kepler-1642,3.2,0.0,895.0,0.1016,5355.0,-0.40452,0.8800000000000001,4.47,2.424802725718295,1.0043016091968684,3.711496743979345,2.5806524392461165,0.6097655716208943
Kepler-1642 c,Kepler-1642,2.66,0.0,1095.0,0.0678,5355.0,-0.40452,0.8800000000000001,4.47,2.1471001901536506,1.1662709371419244,4.5068073515711875,2.034886049865674,0.6097655716208943
Kepler-1643 b,Kepler-1643,2.32,0.0,799.0,0.0531,4916.0,-0.47156,0.8450000000000001,0.046,1.9444805562457188,1.2919836816486496,4.932695374014422,1.8472977658309722,0.6178846960593984
Kepler-1644 b,Kepler-1644,1.88,0.0,606.0,0.142,5499.0,-0.215,0.89,4.27,1.6467336971777973,1.4973884086254774,3.492256112609122,3.0951601367791186,0.6205764877251099
Kepler-1645 b,Kepler-1645,1.78,0.0,754.0,0.1285,5812.0,0.33586,1.02,4.17,1.5727739280625088,1.551808799597464,4.938336965600578,2.8436269397464025,0.7030975114131134
Kepler-1646 b,Kepler-1646,1.23,0.0,365.0,0.0295,3299.0,-1.77984,0.24,4.68,1.1118575154181303,1.9487632180377197,1.6486586255873816,1.7021235292660124,0.23111172096338664
Kepler-1647 b,Kepler-1647,11.8739,0.0581,369.6,2.7204999999999995,6210.0,0.64425,1.2207,4.4,6.182084906716632,0.9516578757114464,1.6220203791396473,7.010846291264307,1.026149116934394
Kepler-1649 b,Kepler-1649,1.017,0.0,307.0,0.0514,3240.0,-2.28735,0.1977,4.789,0.708035793053696,1.8531680973566984,1.165647690004268,2.271001439123398,0.20839532896530152
Kepler-1649 c,Kepler-1649,1.06,0.0,234.0,0.0649,3240.0,-2.28735,0.1977,4.69101,0.7884573603642702,1.8779371654691073,0.5596157879354227,3.0221438956055025,0.20839532896530152
Kepler-165 b,Kepler-165,2.32,0.0,716.0,0.072,5211.0,-0.4723,0.7460000000000001,10.5,1.9444805562457188,1.2919836816486496,4.1075733414684406,2.2171195750937853,0.5709795465857378
Kepler-165 c,Kepler-165,2.23,0.0,581.0,0.11,5211.0,-0.4723,0.7460000000000001,10.5,1.8870696490323797,1.3270750014599193,3.293278039442661,2.7919617229459472,0.5709795465857378
Kepler-1650 b,Kepler-1650,0.96,0.01,602.0,0.0167,3410.0,-1.871,0.326,3.82,0.6097655716208943,1.827769906751088,4.017499514358493,0.9314472927029973,0.288181947493432
Kepler-1651 b,Kepler-1651,1.84,0.13,393.0,0.0692,3713.0,-1.368,0.522,3.35,1.617406082083277,1.5173226235262947,1.8946168546677629,2.3868011573183407,0.4074631107708374
Kepler-1652 b,Kepler-1652,1.6,0.0,268.0,0.1654,3638.0,-1.638,0.404,3.2,1.4327007339340463,1.66392609771817,0.5933268452777344,3.666051364719368,0.32353172534547814
Kepler-1653 b,Kepler-1653,2.17,0.0,284.0,0.4706,4807.0,-0.636,0.719,7.7,1.8484548129046003,1.355835153635182,0.6830968447064438,4.950548361032645,0.5265021031509982
Kepler-1654 b,Kepler-1654,9.180171,0.26,206.0,2.026,5597.0,0.08991,1.011,5.0,5.074642424070548,0.7884573603642702,0.26236426446749106,6.955435875427959,0.7788660559624828
Kepler-1655 b,Kepler-1655,2.213,0.19,938.0,0.1029,6148.0,0.14315,1.03,2.56,1.8562979903656263,1.3137236682850553,4.86830338551846,2.5551226718101394,0.708035793053696
Kepler-1656 c,Kepler-1656,14.0,0.527,523.6,3.0530000000000004,5569.0,0.02083,1.03,6.31,4.847331743138063,0.22554067591393126,4.24025353873041,7.560080465021827,0.7419373447293773
Kepler-166 b,Kepler-166,2.27,0.0,772.0,0.072,5413.0,-0.38508,0.8110000000000002,5.01,1.9125010869241836,1.3110318766193438,4.363646245517394,2.1575886846745194,0.555033878430311
Kepler-166 c,Kepler-166,2.38,0.0,468.0,0.195,5413.0,-0.38508,0.8110000000000002,5.01,1.9823798288367047,1.2669476034873244,2.4429555458413215,3.56275714630836,0.555033878430311
Kepler-166 d,Kepler-166,1.73,0.0,1313.0,0.0244899999999999,5350.0,-0.38508,0.8800000000000001,4.47,1.534714366238164,1.5810384379124023,6.480671665869363,0.9376622955888047,0.6043159668533296
Kepler-1660 AB b,Kepler-1660 A,12.9,0.05541,573.0,0.8,6305.24,0.66823,1.1366,3.1169999999999995,7.369978347855175,1.6213664832993742,3.3697220579459874,5.482738384596756,0.9126842362800434
Kepler-1661 b,Kepler-1661,3.87,0.057,243.0,0.633,5100.0,-0.51299,0.841,2.0,2.8903717578961645,0.9555114450274365,0.6312717768418579,5.17082484603276,0.5664495275139878
Kepler-1663 b,Kepler-1663,3.30395896,0.0,362.0,0.1072,3844.0,-1.10944,0.610816,0.0,2.4765384001174837,0.9783261227936075,1.623340817603092,2.9234088619705836,0.48771460978888886
Kepler-1664 b,Kepler-1664,3.03320653,0.0,776.0,0.1137,5735.81,0.0501,0.944,8.2,2.34660197841082,1.0508216248317612,4.4596818792394854,2.733509999005454,0.7285143243972366
Kepler-1665 b,Kepler-1665,2.83910787,0.0,906.0,0.096,5049.84,-0.45048,0.842,13.9,2.2449559801574095,1.1085626195212777,3.7232808808312687,2.5614663758401,0.5753682073953099
Kepler-1666 b,Kepler-1666,2.88273782,0.0,672.0,0.1761,6293.0,0.26839,1.23,0.41,2.2679936482244267,1.095273387402595,3.8965031937701093,3.290176431484894,0.7635404044289941
Kepler-1666 c,Kepler-1666,3.23564749,0.0,578.0,0.2383,6293.0,0.26839,1.23,0.41,2.4423470353692043,0.9932517730102834,3.3083508312958037,3.730877556747826,0.7635404044289941
Kepler-1667 b,Kepler-1667,2.98385261,0.0,655.0,0.35905,5941.54,0.12316,1.09,4.7,2.321406847234633,1.0647107369924282,2.33214389523559,4.437675367852559,0.7359719681505611
Kepler-1668 b,Kepler-1668,4.34764405,0.0,721.0,0.124,5542.0,-0.05567,0.98,3.880500000000001,2.91235066461494,0.7701082216960736,4.171151270461866,2.799352359508996,0.7017996398390847
Kepler-1669 b,Kepler-1669,2.78043818,0.0,530.0,0.0745,4303.0,-0.80265,0.67,13.9,2.21375387928743,1.1249295969854831,2.9785861147190205,2.352532682326573,0.5389144140303326
Kepler-1669 c,Kepler-1669,1.90120972,0.0,958.0,0.0228,4224.0,-0.80265,0.609,13.9,1.6620303625532709,1.4838746894587547,5.299716387461744,0.9590896682365033,0.47187687362741587
Kepler-1669 d,Kepler-1669,1.22,0.0,669.0,0.0468,4224.0,-0.80265,0.609,13.9,1.091923300517313,1.9444805562457188,3.877431560658527,1.7456128675162979,0.47187687362741587
Kepler-167 b,Kepler-167,1.718,0.0,918.0,0.04825,4884.0,-0.5391,0.777,7.1,1.5260563034950494,1.589235205116581,4.816257350268889,1.6851303529403152,0.559044196036465
Kepler-167 c,Kepler-167,1.674,0.0,771.0,0.0684,4884.0,-0.5391,0.777,7.1,1.4906543764441333,1.6154199841116479,4.1299529896894684,2.1289583465438664,0.559044196036465
Kepler-167 d,Kepler-167,1.238,0.0,538.0,0.1404,4884.0,-0.5391,0.777,7.1,1.1184149159642893,1.9416152247724325,2.7401300945656217,3.1269267502162155,0.559044196036465
Kepler-167 e,Kepler-167,10.16,0.29,134.4,1.883,4884.0,-0.5391,0.777,7.1,5.77457232504901,0.9858167945227653,0.09531017980432487,6.977497782757915,0.559044196036465
Kepler-1670 b,Kepler-1670,3.3564801,0.0,731.0,0.1528,5838.0,0.3828,1.05,0.3,2.501435951739211,0.9669838461896731,4.229312422632585,3.068043632764769,0.9238183282947222
Kepler-1671 b,Kepler-1671,1.32557381,0.0,962.0,0.04946,5135.55,-0.26621,0.866,2.24,1.199964782928397,1.8671761085128091,5.327876168789581,1.6424606113651519,0.6574013430272471
Kepler-1672 b,Kepler-1672,2.97022762,0.0,423.0,0.55374,6131.95,0.17867,1.16,4.19,2.3135250330323798,1.068153081183401,1.6863989535702286,5.023077566986143,0.7364030108975175
Kepler-1673 b,Kepler-1673,2.9355194,0.0,611.0,0.2136299999999999,6014.95,0.17906,1.11,1.62,2.295560478057081,1.0784095813505903,3.449987545831587,3.549295495898657,0.7569010189144908
Kepler-1674 b,Kepler-1674,3.2057749,0.0,417.0,0.3017000000000001,5473.91,-0.20584,0.96,0.5,2.4336133554004498,1.0043016091968684,2.0955609235597192,4.152001648000824,0.629820191887111
Kepler-1675 b,Kepler-1675,3.12483349,0.0,465.0,0.32185,5853.19,0.12938,1.06,1.7,2.391511302188447,1.0260415958332743,2.5494451709255714,4.1594797803006385,0.7554879759665192
Kepler-1676 b,Kepler-1676,3.3769596,0.0,782.0,0.1954,5878.3,0.0835,1.07,0.3,2.509599262378372,0.9593502213346021,3.539508997459668,3.4314711386186443,0.7230263198376169
Kepler-1677 b,Kepler-1677,2.70216183,0.0,712.0,0.1599,6013.72,0.2648,1.11,2.29,2.1701959049483,1.1505720275988207,4.100989104940769,3.138272960336101,0.8107479773896202
Kepler-1678 b,Kepler-1678,3.30422249,0.0,329.0,0.5302,5754.0,-0.16208,1.03,0.3,2.4765384001174837,0.9783261227936075,1.3297240096314962,5.003771794074853,0.607031402401929
Kepler-1679 b,Kepler-1679,2.0692036,0.0,813.0,0.0892,5501.0,-0.20132,0.96,0.4,1.780024213009634,1.4011829736136412,4.647271362006727,2.37525546086116,0.6276460629416684
Kepler-168 b,Kepler-168,1.46,0.0,1240.0,0.056,6282.0,0.36071,1.113,2.29,1.3164082336557241,1.7613002617433464,6.587638165209409,1.6910899705620555,0.7452651348220518
Kepler-168 c,Kepler-168,2.69,0.0,862.0,0.116,6282.0,0.36071,1.113,2.29,2.1633230256605382,1.1537315878891892,5.13581020168694,2.6527659358305353,0.7452651348220518
Kepler-1680 b,Kepler-1680,1.35954736,0.0,771.0,0.07642,5021.0,-0.52356,0.834,13.8,1.2296405510745139,1.8389610707123492,3.912023005428146,2.2797503534881773,0.5442172654596711
Kepler-1681 b,Kepler-1681,2.55321772,0.0,442.0,0.32,5756.4,-0.2933,0.893,3.3,2.085672091430472,1.2029723039923526,1.8453002361560848,4.2612083723739635,0.5647454657554212
Kepler-1682 b,Kepler-1682,2.88940836,0.0,694.0,0.1134,5619.12,-0.1957,0.99,5.7,2.272125885509337,1.091923300517313,4.020698022053802,2.7621216328899374,0.61101533382094
Kepler-1683 b,Kepler-1683,1.87477762,0.0,669.0,0.1182,5429.0,-0.19763,0.95,13.6,1.6428726885203377,1.4996230464268938,3.8778455536265595,2.7746927572049827,0.6420259766271409
Kepler-1684 b,Kepler-1684,2.87084792,0.0,347.0,0.2253,4706.54,-0.70657,0.75,4.749999999999999,2.2617630984737906,1.0986122886681096,1.4861396960896067,3.8857919600566846,0.5108786223615402
Kepler-1685 b,Kepler-1685,2.57673985,0.0,625.0,0.1485,5484.0,-0.24507,0.96,1.457,2.0992441689760155,1.1939224684724346,3.6111881463980646,3.0676109770193998,0.6072902278751786
Kepler-1686 b,Kepler-1686,1.42553017,0.0,913.0,0.08827,5714.96,0.14075,1.02,4.37,1.2864740258376797,1.7867469274045107,5.125153747538848,2.333101688832011,0.7882346082841403
Kepler-1687 b,Kepler-1687,1.65623882,0.0,598.0,0.0532,4132.0,-0.85865,0.65,3.73,1.4770487243883548,1.6272778305624314,3.441058915087286,1.9139092530429493,0.5458755358234199
Kepler-1688 b,Kepler-1688,1.26174569,0.0,772.0,0.0577,4632.11,-0.636,0.8139999999999998,14.0,1.1410330045520618,1.9213246735826988,4.442768896629268,1.8901134966728443,0.5573274574174105
Kepler-1689 b,Kepler-1689,0.94678642,0.0,879.0,0.0784,5731.43,-0.01555,1.023,2.5,0.5872309549683961,1.8196988379172965,5.012633296758929,2.2495007219015903,0.691249380876786
Kepler-169 b,Kepler-169,1.13,0.0,962.0,0.04,4997.0,-0.49611,0.825,0.79,0.9202827531436926,1.9095425048844383,5.2792415750427155,1.447064619389646,0.5670169034157332
Kepler-169 c,Kepler-169,1.21,0.0,776.0,0.062,4997.0,-0.49611,0.825,0.79,1.0715836162801904,1.9401794743463283,4.429065265804507,1.9734515223706,0.5670169034157332
Kepler-169 d,Kepler-169,1.25,0.0,702.0,0.075,4997.0,-0.49611,0.825,0.79,1.1314021114911006,1.9329696377795786,4.0347714706871995,2.235175788431454,0.5670169034157332
Kepler-169 e,Kepler-169,2.2,0.0,595.0,0.105,4997.0,-0.49611,0.825,0.79,1.8687205103641835,1.3428648031925547,3.3860160596664914,2.692401868761071,0.5670169034157332
Kepler-169 f,Kepler-169,2.58,0.0,321.0,0.359,4997.0,-0.49611,0.825,0.79,2.1016921506146558,1.1939224684724346,1.235180731450129,4.47836123276439,0.5670169034157332
Kepler-1690 b,Kepler-1690,2.81109223,0.0,267.0,0.7097,5404.0,-0.24308,0.94,8.5,2.2300144001592104,1.11514159061932,0.7884573603642702,5.462288241462727,0.6218369832892621
Kepler-1691 b,Kepler-1691,1.83470985,0.0,1283.0,0.0495,6000.0,0.17462,1.11,0.61,1.6134299337036377,1.5216989981260935,6.4654135082863124,1.5786075020414978,0.7568353402426776
Kepler-1692 b,Kepler-1692,1.11177184,0.0,897.0,0.0646,5146.0,-0.32425,0.87,6.1,0.8837675401685949,1.8991179875485544,5.040064638120259,1.9401306225783874,0.6238715905404469
Kepler-1693 b,Kepler-1693,1.28938413,0.0,807.0,0.1011,5432.34,-0.21808,0.95,0.8,1.1662709371419244,1.8976198599275325,4.618777189394308,2.5726045965901836,0.6303644504521153
Kepler-1693 c,Kepler-1693,0.97698289,0.0,1059.0,0.0588,5553.0,-0.21808,0.941,0.8,0.6386909947638865,1.8357763546448291,5.69618703553437,1.8506115291413157,0.7409845099741055
Kepler-1694 b,Kepler-1694,1.17986031,0.0,956.0,0.0449,4954.0,-0.50811,0.8200000000000001,0.7,1.0152306797290587,1.9300710850255671,5.29159482078721,1.5882673899958015,0.5632002133431324
Kepler-1695 b,Kepler-1695,1.11948901,0.0,957.0,0.0529,5473.19,-0.10357,0.96,0.5,0.9001613499442714,1.9050881545350582,5.2961650519798935,1.746221510899531,0.686703967573086
Kepler-1696 b,Kepler-1696,2.80982017,0.0,454.0,0.3244000000000001,5712.0,0.13884,1.02,7.683000000000002,2.2289385528257473,1.11514159061932,2.401525040848949,4.203810140568807,0.7875979002251009
Kepler-1697 b,Kepler-1697,1.25954761,0.0,630.0,0.2008,4681.53,-0.58813,0.7470000000000001,6.837999999999999,1.1378330018213914,1.9213246735826988,3.6454498961866,3.5408694649276415,0.5723029642674273
Kepler-1698 b,Kepler-1698,1.07315686,0.0,1351.0,0.02065,4975.03,-0.51767,0.822,1.66,0.8109302162163288,1.8809906029559977,6.549078332372732,0.7933092074589263,0.5548604994515611
Kepler-1699 b,Kepler-1699,1.56671124,0.0,1010.0,0.0418,5575.53,-0.339,0.81,1.964,1.4060969884160703,1.6863989535702286,5.507970327679748,1.5020353131420492,0.5452270504833231
Kepler-17 b,Kepler-17,14.68,0.011,1570.0,0.02591,5781.0,0.01164,1.04,1.8,6.658845101030894,0.8544153281560676,7.301664541421028,0.9105586548653363,0.6983038619948767
Kepler-170 b,Kepler-170,3.2,0.0,899.0,0.08,5679.0,-0.05453,1.066,1.58,4.426043520090656,2.7013612129514133,4.923783904307991,2.1894826860841548,0.7104958188945583
Kepler-170 c,Kepler-170,2.86,0.0,702.0,0.131,5679.0,-0.05453,1.066,1.58,2.256541154492639,1.1019400787607843,3.9451095584159352,2.8716341332832473,0.7104958188945583
Kepler-1700 b,Kepler-1700,2.90129941,0.0,329.0,0.7609400000000001,6031.0,0.15405,1.12,2.75,2.278292400425001,1.0885619528146082,1.1631508098056809,5.460602018604995,0.7389328357090785
Kepler-1701 b,Kepler-1701,2.22186207,0.0,273.0,0.5738,5146.0,-0.35064,0.87,1.29,1.8825138324965192,1.332366019094335,0.832909122935104,5.136586361850091,0.6098834994497432
Kepler-1702 b,Kepler-1702,1.60190793,0.0,555.0,0.1275,5093.0,-0.49585,0.8500000000000001,3.33,1.4350845252893227,1.66392609771817,3.152736022363656,2.970476002137826,0.5456571029250505
Kepler-1705 b,Kepler-1705,2.03,0.033,789.0,0.08,6312.0,0.35411,1.139,2.59,1.6992786164338898,1.3806165226587246,4.529799878963315,2.30608097527073,0.8149222374858662
Kepler-1705 c,Kepler-1705,2.05,0.028,918.62,0.102,6312.0,0.35411,1.139,2.59,1.8594181177018698,1.5104380139821956,5.320754135232141,2.5079719227189963,0.8149222374858662
Kepler-1708 b,Kepler-1708,9.96,0.4,238.858,1.6399999999999997,6157.0,0.182,1.088,3.16,7.28825169573036,1.269760544863939,0.44532664153329504,6.6040970648911,0.7499999921527281
Kepler-1709 b,Kepler-1709,3.12424875,0.0,472.0,0.32704,5918.0,0.11547,1.003,2.34,2.391511302188447,1.0260415958332743,2.541601993464546,4.200273878132388,0.714419315835485
Kepler-171 b,Kepler-171,2.34,0.0,1053.0,0.05,5642.0,-0.07917,0.978,2.4,1.9572739077056285,1.2837077723447896,5.720895212932711,1.6422868302851392,0.609221945622184
Kepler-171 c,Kepler-171,2.56,0.0,752.0,0.098,5642.0,-0.07917,0.978,2.4,2.089391872533004,1.199964782928397,4.380838429037072,2.5228013238835647,0.609221945622184
Kepler-171 d,Kepler-171,1.89,0.0,497.0,0.223,5642.0,-0.07917,0.978,2.4,1.6544112780768316,1.4906543764441333,2.779005590035859,3.7036576910584023,0.609221945622184
Kepler-1710 b,Kepler-1710,3.19744103,0.0,694.0,0.11583,5650.0,-0.14261,0.932,2.69,1.5029527178953497,0.7477537300508171,3.910021002757473,2.7670170033772497,0.6413274318301488
Kepler-1711 b,Kepler-1711,1.923,0.0,669.0,0.1463,5706.0,0.00966,0.94,6.6,1.6789639750827106,1.4747630091074988,3.8792931808052273,3.093802302831454,0.7100042976263682
Kepler-1712 b,Kepler-1712,2.28372556,0.0,391.0,0.0903,3732.0,-1.17916,0.515,1.03,1.9213246735826988,1.3056264580524357,1.8748743759385615,2.6956401526758826,0.4114471797857119
Kepler-1713 b,Kepler-1713,1.71673535,0.0,900.0,0.14185,6477.0,0.48598,1.3,3.72,1.5238800240724537,1.589235205116581,4.9788005705762375,2.9450493449605983,0.8997547632340556
Kepler-1714 b,Kepler-1714,3.26437302,0.0,1211.0,0.10549,6150.0,0.76008,1.448,2.29,2.4595888418037104,0.9895411936137477,6.225152312297863,2.4226144952342534,1.126875753940969
Kepler-1715 b,Kepler-1715,4.14042267,0.0,646.0,0.2242899999999999,6212.0,0.41691,1.082,3.47,2.833213344056216,0.8064758658669486,3.9889840465642745,3.5999745076344816,0.7925399244379802
Kepler-1716 b,Kepler-1716,2.4247685,0.0,408.0,0.1883599999999999,4894.0,-0.62363,0.7529999999999999,7.9,2.0095554142156695,1.2499017362143359,1.9878743481543455,3.5995290149227133,0.521171915820135
Kepler-1717 b,Kepler-1717,2.98929758,0.0,780.0,0.2013999999999999,6200.0,0.59298,1.158,0.33,2.3233676321765744,1.0612565021243408,4.485147143388361,3.4548265999705055,0.9707789171582246
Kepler-1718 b,Kepler-1718,2.5685207,0.0,345.0,0.48418,5731.0,-0.0399,0.8460000000000001,10.72,2.0943301541735866,1.1969481893889715,1.547562508716013,4.91403630980677,0.6450068052320104
Kepler-1719 b,Kepler-1719,3.95000623,0.0,1287.0,0.06868,5687.0,0.52557,1.08,6.61,2.760009940032921,0.8415671856782186,6.533643478531968,1.9670508128540902,1.0206507471983979
Kepler-172 b,Kepler-172,2.35,0.0,1256.0,0.04,5526.0,-0.03187,1.081,2.69,1.9629077254238845,1.2781522025001875,6.462211649908748,1.3712591466305926,0.7347688552507647
Kepler-172 c,Kepler-172,2.86,0.0,970.0,0.068,5526.0,-0.03187,1.081,2.69,2.256541154492639,1.1019400787607843,5.430331984451144,1.9999918664611211,0.7347688552507647
Kepler-172 d,Kepler-172,2.25,0.0,736.0,0.118,5526.0,-0.03187,1.081,2.69,1.900613874140137,1.3190856114264407,4.334541868102138,2.749007802427447,0.7347688552507647
Kepler-172 e,Kepler-172,2.76,0.0,550.0,0.211,5526.0,-0.03187,1.081,2.69,2.2027647577118348,1.1314021114911006,3.195852817710661,3.5868117334735627,0.7347688552507647
Kepler-1720 b,Kepler-1720,3.21585295,0.0,697.0,0.1043,5573.0,-0.33619,0.939,0.5,2.4336133554004498,1.000631880307906,4.040592106222854,2.6178628711999363,0.609221945622184
Kepler-1721 b,Kepler-1721,3.11856756,0.0,924.0,0.0519,5351.0,-0.40675,0.89,0.7,2.388762789235098,1.0260415958332743,5.15675380222625,1.7214049652473333,0.5855619698800079
Kepler-1722 b,Kepler-1722,2.86719266,0.0,753.0,0.0819,5506.0,-0.16963,0.876,1.4,2.2596775919827694,1.0986122886681096,4.345621952780082,2.32028450950396,0.5810976767513224
Kepler-1723 b,Kepler-1723,2.88046569,0.0,568.0,0.2249,6072.0,0.03393,0.96,3.3,2.2669579153508947,1.095273387402595,3.240245850604393,3.70752698243224,0.6981347220709844
Kepler-1724 b,Kepler-1724,2.83677238,0.0,999.0,0.0683,6092.0,0.05537,1.016,0.3,2.2438960966453663,1.1085626195212777,5.4637470556717735,2.00880715712935,0.664233170395303
Kepler-1725 b,Kepler-1725,2.8125177,0.0,767.0,0.13263,6020.0,0.19852,1.049,0.89,2.231089091288976,1.11514159061932,4.443827035579329,2.8746883091565376,0.7347688552507647
Kepler-1726 b,Kepler-1726,2.50861954,0.0,582.0,0.12794,5316.0,-0.36975,0.876,2.51,2.0592388343623163,1.2178757094949273,3.2188758248682006,2.965082293234127,0.5900064216404319
Kepler-1727 b,Kepler-1727,3.17321625,0.0,757.0,0.0796,5349.0,-0.25065,0.8240000000000001,9.7,2.4159137783010487,1.0116009116784799,4.366278277705742,2.305510782587375,0.598836501088704
Kepler-1728 b,Kepler-1728,2.95501875,0.0,886.0,0.0535,5170.0,-0.41612,0.891,12.8,2.3065771142635825,1.0750024230289759,4.986888900366255,1.754922577792716,0.5916680116100914
Kepler-1729 b,Kepler-1729,3.89404186,0.0,595.0,0.0418,3837.0,-0.66329,0.544,1.2,2.7343675094195836,0.8501509293696101,3.4236109764990554,1.6526832378826755,0.4167347003663952
Kepler-173 b,Kepler-173,1.29,0.0,1179.0,0.048,6031.0,0.07365,1.067,3.3,1.1662709371419244,1.8961194845522977,6.397754315090703,1.6608421806638263,0.6673164205254237
Kepler-173 c,Kepler-173,2.43,0.0,956.0,0.074,6031.0,0.07365,1.067,3.3,2.012232791986386,1.247032293786383,5.558440660376988,2.1978662603025505,0.6673164205254237
Kepler-1730 b,Kepler-1730,4.48524519,0.0,833.0,0.1130999999999999,5942.0,0.07455,1.009,7.4,2.9652730660692823,0.7514160886839212,4.7427558489406545,2.6953161150219818,0.761739972025557
Kepler-1731 b,Kepler-1731,2.93295657,0.0,486.0,0.1399,4859.0,-0.59961,0.7809999999999999,2.14,2.2945529212967815,1.0784095813505903,2.6602595372658615,3.1250616871546395,0.5423242908253616
Kepler-1732 b,Kepler-1732,4.09903273,0.0,699.0,0.2015,5821.0,0.29575,1.043,2.0,2.8154087194227095,0.8109302162163288,3.3339886319687055,3.5059297246608434,0.9138878472578447
Kepler-1733 b,Kepler-1733,3.63582354,0.0,1021.0,0.0933,6320.0,0.42985,1.2729999999999997,0.2,2.624668592163159,0.9001613499442714,5.55338585064662,2.3252835161683274,0.8118187102774439
Kepler-1734 b,Kepler-1734,3.08851092,0.0,985.0,0.0714,6061.0,0.14406,1.05,0.3,2.3739750890807185,1.0367368849500223,5.411244185403247,2.053719832138293,0.6780335427498971
Kepler-1735 b,Kepler-1735,1.19429134,0.0,502.0,0.0621,3975.0,-1.19302,0.535,8.17,1.0438040521731147,1.937301774518713,2.773213527008623,2.1653818060664514,0.4114471797857119
Kepler-1736 b,Kepler-1736,3.8765856,0.0,566.0,0.2188,6085.0,0.40206,0.976,1.7,2.72785282839839,0.8544153281560676,3.229617921400103,3.6586856474897775,0.6795552270404783
Kepler-1737 b,Kepler-1737,5.395,0.0,383.0,0.297,5043.0,-0.344,0.834,13.7,3.261935314328648,0.6302073807860712,1.8066480817218056,4.183842433390741,0.6318035503188933
Kepler-1738 b,Kepler-1738,2.82472883,0.0,957.0,0.0781,6063.0,-0.00542,1.079,0.3,2.2375130962503307,1.1118575154181303,5.296666003798806,2.1604026926474846,0.6936470556015963
Kepler-1739 b,Kepler-1739,2.43056832,0.0,839.0,0.0697,5757.0,-0.14011,0.865,0.4,2.012232791986386,1.247032293786383,4.774912960575186,2.1215079551095997,0.5664495275139878
Kepler-174 b,Kepler-174,1.96,0.0,553.0,0.1,4880.0,-0.5704,0.602,4.9,1.7047480922384253,1.4539530095937054,3.2354575844598785,2.7068354636072702,0.4836599556932212
Kepler-174 c,Kepler-174,1.49,0.0,377.0,0.214,4880.0,-0.5704,0.602,4.9,1.3428648031925547,1.7404661748405044,1.839914511115102,3.8066742452567794,0.4836599556932212
Kepler-174 d,Kepler-174,2.19,0.0,212.0,0.677,4880.0,-0.5704,0.602,4.9,1.860974538249528,1.3454723665996355,0.4252677354043441,5.514854060566806,0.4836599556932212
Kepler-1740 b,Kepler-1740,3.32321414,0.0,858.0,0.0779,5705.0,-0.07942,0.943,3.1441,2.4849066497880004,0.9745596399981308,4.859424732327354,2.2161990268204868,0.6444820085786643
Kepler-1741 b,Kepler-1741,1.273,0.0,615.0,0.0296,3683.0,-1.24232,0.454,13.4,1.1505720275988207,1.9095425048844383,3.5493299891638506,1.3237778090909953,0.353469812989784
Kepler-1742 b,Kepler-1742,2.1782413,0.0,462.0,0.2587,5776.0,-0.18376,0.939,0.5,1.8531680973566984,1.3506671834767394,2.462149662665384,3.921541540298568,0.6146449524049877
Kepler-1743 b,Kepler-1743,1.59887007,0.0,1144.0,0.084,5855.0,0.59938,1.266,3.72,1.430311246536665,1.66392609771817,6.246106765481563,2.1575258149489422,0.9604989865384754
Kepler-1744 b,Kepler-1744,3.76754004,0.0,532.0,0.20945,5986.0,-0.09777,0.886,7.76,2.681021528714291,0.8754687373538999,3.091042453358316,3.640243177253245,0.6151856390902335
Kepler-1745 b,Kepler-1745,1.92872921,0.0,1449.0,0.0408,5611.0,0.00651,0.995,2.1,1.682688374173693,1.4701758451005928,6.9522409540214145,1.390333704974876,0.8754687373538999
Kepler-1746 b,Kepler-1746,8.93504475,0.0,310.0,0.94082,6018.0,0.496,1.09,5.75,4.096009841541162,0.37500590062345585,1.4816045409242156,5.775209731377055,0.8268035653726189
Kepler-1747 b,Kepler-1747,4.26508,0.0,875.0,0.066,5477.0,-0.20529,0.983,0.7,2.8791984572980396,0.7839015438284094,4.936845220125501,1.978283292037841,0.6232610530957788
Kepler-1748 b,Kepler-1748,2.71275017,0.0,955.0,0.0615,5774.0,-0.34954,0.916,2.4763,2.175887439948088,1.1474024528375417,5.284877454181334,1.9203754947044067,0.6227247162633994
Kepler-1749 b,Kepler-1749,1.61301783,0.0,420.0,0.0956,3957.0,-0.94989,0.551,3.72,1.4422019930581866,1.6544112780768316,2.1210632163706555,2.7430375804313956,0.44018854416655007
Kepler-175 b,Kepler-175,2.56,0.0,827.0,0.105,6064.0,0.19402,0.969,3.39,2.089391872533004,1.199964782928397,4.87243779400952,2.5574997548716794,0.6981347220709844
Kepler-175 c,Kepler-175,3.1,0.0,583.0,0.213,6064.0,0.19402,0.969,3.39,2.379546134130174,1.0331844833456545,3.4949912609485163,3.5563548973172137,0.6981347220709844
Kepler-1750 b,Kepler-1750,6.00434637,0.0,298.0,0.6785000000000001,5644.0,0.06117,0.981,0.5,3.4372078191851885,0.5675839575845996,1.0473189942805592,5.3322935946686965,0.6775257996569884
Kepler-1751 b,Kepler-1751,1.82417378,0.0,984.0,0.0712,6052.0,0.03608,0.974,1.9,1.6054298910365616,1.5260563034950494,5.404747310163883,2.081602971980499,0.676509539406922
Kepler-1752 b,Kepler-1752,4.54060463,0.0,419.0,0.2698,5446.0,-0.39819,0.8240000000000001,7.2,2.9806186357439426,0.7419373447293773,2.115049969147204,4.0493210702527325,0.5993858007454709
Kepler-1753 b,Kepler-1753,2.22678077,0.0,583.0,0.1179,5180.0,-0.55992,0.86,6.2,1.8855533485144158,1.3297240096314962,3.3467411958660964,2.8334839262690767,0.5704144151776482
Kepler-1754 b,Kepler-1754,2.43996509,0.0,672.0,0.0718,4723.0,-0.61192,0.734,7.44,2.018895041811802,1.244154593958768,3.8958936234982624,2.218763121239956,0.5579000311519196
Kepler-1755 b,Kepler-1755,5.91688317,0.0,631.0,0.1668,6086.0,0.27353,1.003,0.3,3.414442608412176,0.5766133643039938,3.6488384045767526,3.2508433533127215,0.6528458837864196
Kepler-1756 b,Kepler-1756,1.47199944,0.0,1093.0,0.0319,4915.0,-0.459,0.7809999999999999,13.7,1.3270750014599193,1.752672080520008,5.827179352800126,1.2106753174172702,0.5944312076207876
Kepler-1757 b,Kepler-1757,2.94660251,0.0,549.0,0.1335,5288.0,-0.36941,0.8279999999999998,0.7,2.301584592660462,1.0750024230289759,3.1135153092103742,3.028025231669832,0.5538851132264376
Kepler-1758 b,Kepler-1758,2.57059831,0.0,1028.0,0.0919,5557.0,0.48544,1.035,0.4,2.0955609235597192,1.1969481893889715,4.550080219670131,2.395821309531673,0.9616464335949523
Kepler-1759 b,Kepler-1759,0.9037791,0.0,954.0,0.0429,5017.0,-0.56331,0.76,13.8,0.5164100020598913,1.7967470107390942,5.281679725395013,1.551857549044784,0.586118607801422
Kepler-176 c,Kepler-176,2.6,0.0,633.0,0.102,5232.0,-0.40427,0.86,2.45,0.8458682675776092,0.396760667478018,3.7045313220521585,2.621744902053599,0.6371057896763205
Kepler-176 d,Kepler-176,2.51,0.0,501.0,0.163,5232.0,-0.40427,0.86,2.45,1.000631880307906,0.4700036292457356,2.805539822379467,3.286608265011867,0.6371057896763205
Kepler-176 e,Kepler-176,1.45,0.0,398.0,0.25654,5295.0,-0.40427,0.87,4.68,0.4192036342186777,0.04018178963283183,1.9768549529047348,3.9544269160590697,0.6043159668533296
Kepler-1760 b,Kepler-1760,2.28995546,0.0,480.0,0.2084,5229.0,-0.26,0.821,0.6,1.925707441737794,1.3029127521808397,2.6071242825122494,3.6718884053240606,0.6434315883140125
Kepler-1761 b,Kepler-1761,1.39109603,0.0,613.0,0.0413,3871.0,-1.1701,0.573,3.9,1.2556160374777745,1.8115620965242347,3.5363108554693294,1.6181082166798737,0.4265740713183996
Kepler-1762 b,Kepler-1762,2.76022913,0.0,714.0,0.204,6572.0,0.33126,1.2980000000000005,0.28,2.2027647577118348,1.1314021114911006,4.135006543940991,3.4190078510923065,0.8055826098897335
Kepler-1763 b,Kepler-1763,1.14651332,0.0,1822.0,0.0257,5897.0,0.27421,1.026,5.4,0.9516578757114464,1.916922612182061,7.8626011179276,0.9083714739631796,0.8149222374858662
Kepler-1764 b,Kepler-1764,4.55527871,0.0,511.0,0.3512,6461.0,0.41465,1.162,0.24,2.9856819377004897,0.7371640659767197,2.843163674909384,4.269253992926001,0.7565913531164801
Kepler-1765 b,Kepler-1765,2.49508857,0.0,855.0,0.0917,5692.0,-0.136,0.946,11.9,2.0515563381903004,1.2237754316221157,4.847959489549136,2.4352698370628065,0.7246458476193163
Kepler-1766 b,Kepler-1766,2.27904508,0.0,406.0,0.4161,5868.0,0.17488,0.915,12.02,1.918392120161421,1.308332819650179,2.174751721484161,4.663580587874938,0.7139297197424739
Kepler-1767 b,Kepler-1767,3.01299077,0.0,393.0,0.2873,5243.0,-0.50273,0.887,0.6,2.336019869080283,1.0577902941478545,1.8961194845522977,4.105256451916484,0.6048622656923737
Kepler-1768 b,Kepler-1768,2.23346338,0.0,933.0,0.1286,6050.0,0.28665,1.2400000000000002,4.208,1.890095369948917,1.3270750014599193,5.193845344951326,2.781046574802089,0.944683806375373
Kepler-1769 b,Kepler-1769,4.465,0.0,483.0,0.40598,6071.0,0.21523,1.061,1.02,2.9549102790337356,0.7514160886839212,2.2925347571405443,4.5019573257997205,0.8307328435125084
Kepler-177 b,Kepler-177,3.5,0.0,549.0,0.21101,5732.0,0.24,0.921,11.75,1.922787731634459,0.5596157879354227,3.4468078929142076,3.633897787087778,0.8432898389896648
Kepler-177 c,Kepler-177,8.73,0.0,497.0,0.25655,5732.0,0.24,0.921,11.75,2.7536607123542622,0.11422114409002286,3.2733640101522705,3.9201748883597345,0.8432898389896648
Kepler-1770 b,Kepler-1770,2.84141754,0.0,699.0,0.1261,5602.0,-0.2091,0.941,12.3,2.2460147415056513,1.1052568313867783,4.0505668148762055,2.881549616436835,0.6976370858327973
Kepler-1771 b,Kepler-1771,4.05537256,0.0,391.0,0.3815,5661.0,-0.0924,0.941,0.8,2.803360380906535,0.8241754429663495,1.873339456220478,4.495846239527127,0.6595903970311026
Kepler-1772 b,Kepler-1772,2.68609988,0.0,1155.0,0.04391,5541.0,0.47201,0.942,7.94,2.1610215286722587,1.1568811967920856,7.303843225277705,1.4386709520797716,0.6595903970311026
Kepler-1773 b,Kepler-1773,3.50469499,0.0,623.0,0.24831,6183.0,0.40462,1.241,2.91,2.5726122302071057,0.9321640810304452,3.6938669956249752,3.733128370265,0.832909122935104
Kepler-1774 b,Kepler-1774,3.18179549,0.0,522.0,0.29496,6214.0,0.19049,1.101,2.5,2.4159137783010487,1.007957920399979,2.856470206220483,4.107109435792055,0.7523590401917915
Kepler-1775 b,Kepler-1775,3.64762153,0.0,522.0,0.39565,5818.0,0.24607,1.149,2.57,2.631888840136646,0.9001613499442714,2.388762789235098,4.461923170087851,0.9734269232449642
Kepler-1776 b,Kepler-1776,2.61157023,0.0,603.0,0.2093,5872.0,0.16391,1.041,0.6,2.1198634561787513,1.1817271953786161,3.4307561839036995,3.583849491039807,0.766862218382226
Kepler-1777 b,Kepler-1777,2.13189678,0.0,819.0,0.10301,5771.0,-0.03321,0.984,0.46,1.8229350866965048,1.3711807233098425,4.280824129164719,2.579019164950992,0.7265819566461827
Kepler-1778 b,Kepler-1778,3.01665969,0.0,942.0,0.0956,6310.0,0.0978,1.143,0.3,2.337952236831337,1.0543120297715298,5.231856999847767,2.4058093681139843,0.739553553374101
Kepler-1779 b,Kepler-1779,3.03295685,0.0,730.0,0.1264,5730.0,-0.04999,1.008,0.6,2.3456445824544927,1.0508216248317612,4.2244952466871455,2.853223523053112,0.7207623475929187
Kepler-178 b,Kepler-178,2.9,0.0,846.0,0.085,5676.0,-0.20778,0.852,9.12,2.277267285009756,1.0885619528146082,4.4493464407003485,2.358652901228729,0.7256143706974468
Kepler-178 c,Kepler-178,2.88,0.0,656.0,0.142,5676.0,-0.20778,0.852,9.12,2.2669579153508947,1.095273387402595,3.451446798065282,3.070505831299329,0.7256143706974468
Kepler-178 d,Kepler-178,3.95,0.0,392.0,0.397,5676.0,-0.20778,0.852,9.12,2.760009940032921,0.8415671856782186,1.5839149552030145,4.58168646938842,0.7256143706974468
Kepler-1780 b,Kepler-1780,3.60600667,0.0,340.0,0.4276,5403.0,-0.2166,0.8680000000000001,0.6,2.617395832834079,0.9122827104766162,1.420695787837223,4.704517656772506,0.6248683398066509
Kepler-1781 b,Kepler-1781,2.38091029,0.0,1003.0,0.0574,5568.0,-0.36088,1.053,0.9,1.9823798288367047,1.2669476034873244,5.481097151672685,1.7728365293933777,0.6714126884139392
Kepler-1782 b,Kepler-1782,2.22927435,0.0,773.0,0.05825,4931.0,-0.55623,0.7940000000000002,2.88,1.8870696490323797,1.3297240096314962,4.465908118654584,1.9104650239735639,0.5504308783583501
Kepler-1783 b,Kepler-1783,1.31946731,0.0,1088.0,0.07595,5129.0,-0.45102,0.887,1.15,1.1939224684724346,1.8718021769015913,4.197201947661808,2.227585654325177,1.0228105752518277
Kepler-1784 b,Kepler-1784,2.79936489,0.0,724.0,0.1072,5442.0,-0.12103,0.887,13.8,2.2235418856535927,1.1184149159642893,4.186619838331271,2.680370623770938,0.6800619410112898
Kepler-1785 b,Kepler-1785,2.70422447,0.0,666.0,0.13917,5618.0,0.00308,0.911,0.3,2.1713368063840917,1.1505720275988207,3.877431560658527,3.0245869794341687,0.6911451778892722
Kepler-1786 b,Kepler-1786,3.16305828,0.0,501.0,0.35722,5808.0,0.15863,1.058,7.76,2.4069451083182885,1.0116009116784799,2.4595888418037104,4.376336687583792,0.8742179554522473
Kepler-1787 b,Kepler-1787,2.31898181,0.0,540.0,0.227,6060.0,-0.0984,1.008,0.3,1.9444805562457188,1.2919836816486496,3.046425387869509,3.696691401987714,0.6549259677397475
Kepler-1788 b,Kepler-1788,2.37850461,0.0,956.0,0.0343,4786.0,-0.61055,0.6860000000000002,13.8,1.9810014688665833,1.2669476034873244,5.292349594768245,1.3350326754433057,0.532978428407124
Kepler-1789 b,Kepler-1789,2.83137505,0.0,380.0,0.3543,5436.0,-0.23129,0.9200000000000002,4.5,2.2407096892759584,1.1085626195212777,1.776645831418007,4.397308065078465,0.635518067723309
Kepler-179 b,Kepler-179,1.64,0.0,1075.0,0.036,5302.0,-0.27765,0.893,1.74,1.4655675420143985,1.6389967146756448,5.8896034568680165,1.3179957128899156,0.5647454657554212
Kepler-179 c,Kepler-179,2.0,0.0,810.0,0.064,5302.0,-0.27765,0.893,1.74,1.7334238922150915,1.4350845252893227,4.762028625095514,2.0014975676233835,0.5647454657554212
Kepler-1790 b,Kepler-1790,3.1446145,0.0,682.0,0.20989,5866.0,0.38334,1.02,2.88,2.3978952727983707,1.0188473201992472,3.9160150266976834,3.4839717276276976,0.8616233305318468
Kepler-1791 b,Kepler-1791,3.12103321,0.0,1021.0,0.0761,5887.0,0.176,0.985,3.73,2.3896797998449797,1.0260415958332743,5.553502073407041,2.1657178573697573,0.7779477822524103
Kepler-1792 b,Kepler-1792,2.51990972,0.0,1047.0,0.0488,5229.0,-0.50826,0.878,7.415999999999999,2.065596134857783,1.2149127443642704,5.6517169523528485,1.6478467191574615,0.6956440607585325
Kepler-1793 b,Kepler-1793,3.79037518,0.0,713.0,0.0787,5191.0,-0.23389,0.8500000000000001,3.6,2.6946271807700692,0.8712933659434192,4.130997879870137,2.280339456746112,0.5675839575845996
Kepler-1794 b,Kepler-1794,1.79426276,0.0,703.0,0.0821,5052.0,-0.6106,0.7729999999999999,14.0,1.5830939370944987,1.5432981099295553,4.070564033556697,2.3761125108944685,0.5966362801791015
Kepler-1795 b,Kepler-1795,1.66301611,0.0,520.0,0.1002,4500.0,-0.757,0.768,5.8,1.4816045409242156,1.6213664832993742,2.9069010598473755,2.6644604862251082,0.5235443961737654
Kepler-1796 b,Kepler-1796,2.75047868,0.0,598.0,0.1879,6036.0,0.11795,1.018,0.4,2.1972245773362196,1.1346227261911428,3.4436180975461075,3.416276422657074,0.6673164205254237
Kepler-1797 b,Kepler-1797,3.05774442,0.0,684.0,0.1637,6244.0,0.06183,1.069,0.4,2.3589654264301534,1.0438040521731147,3.9642358768750805,3.192917803786105,0.6976370858327973
Kepler-1798 b,Kepler-1798,2.30911251,0.0,408.0,0.1082,3967.0,-0.95681,0.593,4.36,1.937301774518713,1.2947271675944,2.017566137961748,2.882333975184055,0.461845441544272
Kepler-1799 b,Kepler-1799,4.12801189,0.0,770.0,0.1028,5831.0,0.31428,1.016,0.5,2.827313621929028,0.8064758658669486,4.4312928759767996,2.559526982924319,0.6528458837864196
Kepler-18 b,Kepler-18,2.0,0.0,1165.0,0.0447,5345.0,-0.031,0.972,10.0,2.066862759472976,1.7749523509116738,5.8769932092221016,1.5051268459118454,0.745739630679116
Kepler-18 c,Kepler-18,5.49,0.0,899.0,0.0752,5345.0,-0.031,0.972,10.0,2.9069010598473755,0.46373401623214017,4.844824678429215,2.1565865936627078,0.745739630679116
Kepler-18 d,Kepler-18,6.98,0.0,720.0,0.1172,5345.0,-0.031,0.972,10.0,2.856470206220483,0.23901690047049992,3.968819131427557,2.7637295958064567,0.745739630679116
Kepler-180 b,Kepler-180,1.5,0.0,781.0,0.109,5731.0,-0.13204,0.95,9.7,1.3506671834767394,1.7334238922150915,4.2920882509035785,2.6957835389571865,0.7241612340891147
Kepler-180 c,Kepler-180,3.01,0.0,540.0,0.2289999999999999,5731.0,-0.13204,0.95,9.7,2.334083760053417,1.0577902941478545,2.857791172440768,3.7585401858658978,0.7241612340891147
Kepler-1800 b,Kepler-1800,0.99679734,0.0,1533.0,0.05098,5343.0,-0.18759,1.33,11.75,0.6734545472142092,1.8453002361560848,5.493061443340548,1.7159631205942183,1.2544757864990428
Kepler-1801 b,Kepler-1801,2.70926154,0.0,829.0,0.0915,5738.0,-0.22269,0.9360000000000002,8.1,2.174751721484161,1.1505720275988207,4.723130983621656,2.437194641075039,0.6836017677164139
Kepler-1801 c,Kepler-1801,2.91,0.0,371.0,0.4572,5738.0,-0.22269,0.9360000000000002,8.1,2.2823823856765264,1.085189268335969,1.6992786164338898,4.767146023538128,0.6836017677164139
Kepler-1802 b,Kepler-1802,1.671,0.0,581.0,0.0662,4245.0,-0.925,0.649,13.9,1.4883995840570443,1.617406082083277,3.328985047548231,2.8003376400553464,0.49286529838899784
Kepler-1802 c,Kepler-1802,2.322,0.0,357.0,0.1748,4245.0,-0.925,0.649,13.9,1.9459101490553132,1.2892326482767593,1.5810384379124023,3.5303554978968092,0.49286529838899784
Kepler-1804 b,Kepler-1804,1.59615726,0.0,913.0,0.1017,5109.0,-0.51152,0.929,14.0,1.430311246536665,1.667706820558076,5.1096356266014,2.586898986745043,0.982452934127824
Kepler-1805 b,Kepler-1805,1.54502915,0.0,479.0,0.0699,3867.0,-1.17695,0.581,1.65,1.3862943611198906,1.6992786164338898,2.601207105484161,2.287262341443071,0.43954442176102704
Kepler-1806 b,Kepler-1806,2.35560189,0.0,729.0,0.0813,5311.0,-0.43504,0.8840000000000001,0.6,1.9671123567059163,1.2781522025001875,4.217888748313555,2.305911596740378,0.5810976767513224
Kepler-1807 b,Kepler-1807,2.70393215,0.0,1108.0,0.0988,6455.0,0.60255,1.087,2.95,2.1713368063840917,1.1505720275988207,5.878407824815685,2.473222022136161,0.9146894505071812
Kepler-1808 b,Kepler-1808,3.02511302,0.0,601.0,0.1467,5530.0,-0.06242,0.7729999999999999,12.1,2.341805806147327,1.0543120297715298,3.4638591427868666,3.1921375500368567,0.6376344706296866
Kepler-1809 b,Kepler-1809,1.513,0.0,877.0,0.04444,4901.0,-0.47061,0.8069999999999999,1.55,1.3609765531356006,1.7227665977411035,5.0701612734102826,1.5596802593982126,0.5399960010657705
Kepler-181 b,Kepler-181,1.27,0.0,1041.0,0.04,5333.0,-0.37878,0.81,6.46,1.1474024528375417,1.9125010869241836,5.5474560963793085,1.4201818876972208,0.559044196036465
Kepler-181 c,Kepler-181,1.99,0.0,937.0,0.049,5333.0,-0.37878,0.81,6.46,1.7263316639055994,1.4398351280479205,5.131010522671224,1.6681122100747545,0.559044196036465
Kepler-1810 b,Kepler-1810,3.91815325,0.0,380.0,0.4137,5492.0,-0.15834,0.921,4.5,2.747270914255491,0.8458682675776092,1.776645831418007,4.626275916817123,0.7011153502091222
Kepler-1811 b,Kepler-1811,3.84829873,0.0,455.0,0.3462,5561.0,0.1541,0.946,0.4,2.714694743820879,0.8586616190375187,2.4078456036515385,4.3492748818553855,0.7839015438284094
Kepler-1812 b,Kepler-1812,2.3249424,0.0,1034.0,0.0765,6174.0,0.27988,1.162,1.0,1.9473377010464987,1.2892326482767593,5.603372647057163,2.099883643880114,0.7433648967205627
Kepler-1813 b,Kepler-1813,1.413,0.0,1059.0,0.0364,5167.0,-0.4,0.812,2.3,1.275362800412609,1.7967470107390942,5.7011122461003225,1.3397686461116136,0.5805382361772911
Kepler-1814 b,Kepler-1814,2.36961357,0.0,1022.0,0.03765,4922.0,-0.50574,0.79,2.82,1.9754689512968577,1.269760544863939,5.384036241950574,1.3700023529081269,0.6004834956965259
Kepler-1814 c,Kepler-1814,1.76,0.0,1711.0,0.0133,4922.0,-0.50574,0.79,2.82,1.55814461804655,1.5644405465033646,7.607018717047323,0.4862962839358966,0.6004834956965259
Kepler-1815 b,Kepler-1815,2.7489262,0.0,763.0,0.0984,5516.0,-0.03006,0.856,13.5,2.196112848483529,1.1346227261911428,4.3945726038424,2.57956506951559,0.676509539406922
Kepler-1816 b,Kepler-1816,1.9679397,0.0,310.0,0.35647,5051.0,-0.53145,0.7859999999999999,0.7,1.7101878155342436,1.4516138272405332,1.0986122886681096,4.527219449324872,0.5341514490694874
Kepler-1817 b,Kepler-1817,2.27349126,0.0,463.0,0.2347999999999999,5316.0,-0.38044,0.878,0.4,1.9154509415706047,1.3110318766193438,2.47232786758114,3.8132893314493237,0.6497176226326093
Kepler-1818 b,Kepler-1818,1.71360684,0.0,1209.0,0.055,6047.0,0.261,1.021,5.4,1.5216989981260935,1.5912739418064292,6.225013771136073,1.7307542291836082,0.7556523859113424
Kepler-1819 b,Kepler-1819,3.90351256,0.0,760.0,0.1337,6090.0,0.0865,1.173,0.4,2.740840023925201,0.8501509293696101,4.3819016268607305,2.861452048052673,0.7280315824134471
Kepler-182 b,Kepler-182,2.58,0.0,935.0,0.096,6250.0,0.34366,1.1140000000000003,5.25,2.1016921506146558,1.1939224684724346,5.483912725266368,2.381931435184487,0.7636056442085066
Kepler-182 c,Kepler-182,3.43,0.0,729.0,0.1569999999999999,6250.0,0.34366,1.1140000000000003,5.25,2.533696813957432,0.9477893989335261,4.498163872302924,3.0765904332715017,0.7636056442085066
Kepler-1820 b,Kepler-1820,3.11883067,0.0,561.0,0.1964,5841.0,-0.02202,1.0469999999999997,0.4,2.388762789235098,1.0260415958332743,3.1949928844048685,3.4667509908609713,0.6580380034463774
Kepler-1821 b,Kepler-1821,2.59248115,0.0,644.0,0.1244,5475.0,-0.12374,0.946,0.4,2.1090003439213802,1.1878434223960523,3.72834052299485,2.8598036882433444,0.6333971761541713
Kepler-1822 b,Kepler-1822,2.64755943,0.0,507.0,0.1416,5165.0,-0.28559,0.782,0.8,2.1400661634962708,1.169381359556317,2.812410216426453,3.1412774589557753,0.5318040301511824
Kepler-1823 b,Kepler-1823,2.0861268,0.0,718.0,0.15332,6000.0,0.28744,1.068,1.88,1.791759469228055,1.3937663759585917,4.3694478524670215,3.0957314102702727,0.7542422799197561
Kepler-1824 b,Kepler-1824,2.38127597,0.0,421.0,0.4267,6002.0,0.171,1.1349999999999998,0.33,1.9823798288367047,1.2669476034873244,2.1341664413690826,4.570692606992248,0.7328485474114974
Kepler-1825 b,Kepler-1825,1.42200732,0.0,1520.0,0.0187,5123.0,-0.53158,0.8279999999999998,14.0,1.2837077723447896,1.790091412127358,7.143380607798402,0.7059992211408349,0.6135627012171029
Kepler-1826 b,Kepler-1826,1.47519116,0.0,806.0,0.0213,3821.0,-1.12218,0.49,5.62,1.3297240096314962,1.7509374747077997,4.608365076884611,0.9614017637574717,0.39608794629556743
Kepler-1827 b,Kepler-1827,1.85644292,0.0,1329.0,0.04647,5423.0,0.187,0.915,10.96,1.62924053973028,1.5085119938441398,7.016071422465596,1.5476944012944,0.8771340166729611
Kepler-1828 b,Kepler-1828,2.11598626,0.0,799.0,0.0924,5806.0,-0.11128,0.996,0.4,1.81319474994812,1.3812818192963463,4.577490616881349,2.422481440699317,0.6413274318301488
Kepler-1829 b,Kepler-1829,2.47887001,0.0,860.0,0.0559,5230.0,-0.39395,0.8729999999999999,4.4,2.0425181875752383,1.2296405510745139,4.8703765616746875,1.822405042208969,0.5749265491725143
Kepler-183 b,Kepler-183,2.06,0.0,1088.0,0.064,5888.0,0.026,0.99,5.62,1.7749523509116738,1.4060969884160703,5.64489904441885,1.9003066520643752,0.6719235441083187
Kepler-183 c,Kepler-183,2.27,0.0,857.0,0.103,5888.0,0.026,0.99,5.62,3.6027767550605247,2.8791984572980396,4.697904323369674,2.5366346371828543,0.6719235441083187
Kepler-1830 b,Kepler-1830,3.32992941,0.0,681.0,0.31769,6160.0,0.63129,1.443,2.4,2.4932054526026954,0.9745596399981308,3.6054978451748854,4.051668443451719,1.11382925447297
Kepler-1831 b,Kepler-1831,1.97019818,0.0,1051.0,0.0655,6063.0,-0.0455,1.117,0.3,1.7119945007591926,1.449269160281279,5.668811385712148,1.9145477680000116,0.6991292522374928
Kepler-1832 b,Kepler-1832,1.22719556,0.0,1022.0,0.037,5242.0,-0.33658,0.684,14.0,1.1052568313867783,1.9473377010464987,5.55419912645002,1.4204034484918828,0.5434864060055391
Kepler-1833 b,Kepler-1833,1.30027362,0.0,1177.0,0.07545,6164.0,0.4374,1.286,3.89,1.1755733298042381,1.8870696490323797,6.087229169092361,2.065866047477524,0.8944540372649807
Kepler-1834 b,Kepler-1834,1.4593834,0.0,848.0,0.04911,4821.0,-0.57662,0.765,12.2,1.3164082336557241,1.763017000362401,4.665324108807838,1.7233039851083582,0.5810976767513224
Kepler-1834 c,Kepler-1834,1.22,0.0,1541.0,0.015,4821.0,-0.57662,0.765,12.2,1.091923300517313,1.9444805562457188,7.1968513512648,0.5691085980174532,0.5810976767513224
Kepler-1835 b,Kepler-1835,3.53387773,0.0,808.0,0.0997,5903.0,0.07829,0.922,4.8,2.580216829592325,0.924258901523332,4.6245805795079145,2.5621839896618406,0.6734545472142092
Kepler-1836 b,Kepler-1836,2.55303229,0.0,1093.0,0.0602,6123.0,0.01616,1.053,1.2299999999999998,2.085672091430472,1.2029723039923526,5.826442487392089,1.8332484318356375,0.6866259635696798
Kepler-1837 b,Kepler-1837,2.06673842,0.0,1012.0,0.065,5966.0,-0.06826,1.049,0.5,1.7783364488959144,1.4011829736136412,5.516769932374123,1.9324035996073,0.6734545472142092
Kepler-1838 b,Kepler-1838,1.66049425,0.0,1097.0,0.11082,5877.0,0.53674,1.187,4.47,1.4816045409242156,1.6253112615903906,5.6080055192624325,2.5761783860452905,1.0862022685914283
Kepler-1839 b,Kepler-1839,1.9493759,0.0,1049.0,0.0583,5926.0,0.19174,1.03,0.4,1.6974487897568138,1.4609379041156565,5.660596577206601,1.8011749762303548,0.6621723762605147
Kepler-184 b,Kepler-184,2.36,0.0,780.0,0.092,5788.0,-0.22509,0.872,2.95,1.969905654611529,1.275362800412609,4.267751501626481,2.45852639726746,0.6275414234619514
Kepler-184 c,Kepler-184,1.97,0.0,630.0,0.141,5788.0,-0.22509,0.872,2.95,2.2823823856765264,1.9906103279732201,3.4299467949481413,3.0588481425767653,0.6275414234619514
Kepler-184 d,Kepler-184,2.49,0.0,559.0,0.179,5788.0,-0.22509,0.872,2.95,2.048982334195127,1.2267122912954256,2.9733332786105118,3.401942370755522,0.6275414234619514
Kepler-1840 b,Kepler-1840,2.77771129,0.0,284.0,0.4620600000000001,4898.0,-0.58706,0.7740000000000001,14.0,2.211565694606877,1.1249295969854831,0.832909122935104,4.884240299746993,0.5894519442211803
Kepler-1841 b,Kepler-1841,1.48912557,0.0,542.0,0.1606,5190.0,-0.27843,0.823,11.6,1.3402504226184837,1.7387102481382395,3.0610517396746335,3.2916056931299558,0.6413274318301488
Kepler-1842 b,Kepler-1842,2.35388681,0.0,822.0,0.116,5970.0,-0.02604,1.057,7.0,1.965712776351493,1.2781522025001875,4.691989877940651,2.7098086281627527,0.7565913531164801
Kepler-1843 b,Kepler-1843,2.70909809,0.0,772.0,0.17871,5422.0,0.394,1.02,6.17,2.174751721484161,1.1505720275988207,4.725616339063959,3.2787811220562264,1.023170093501251
Kepler-1844 b,Kepler-1844,3.03648191,0.0,1074.0,0.0478,5776.0,0.22606,0.939,6.991999999999999,2.347558458636777,1.0508216248317612,5.753365974845029,1.5942247776947014,0.6146449524049877
Kepler-1845 b,Kepler-1845,2.43836702,0.0,584.0,0.0885,4703.0,-0.57817,0.6860000000000002,1.0,2.017566137961748,1.244154593958768,3.3488509012899463,2.534212527779593,0.5312163134137247
Kepler-1846 b,Kepler-1846,1.76378826,0.0,552.0,0.11054,4825.0,-0.53047,0.785,14.0,1.5602476682433286,1.5623463049002497,3.2386784521643803,2.761281272686222,0.5492768101402434
Kepler-1847 b,Kepler-1847,2.74516914,0.0,843.0,0.0989,6122.0,0.09941,1.041,0.4,2.1938856760707046,1.1378330018213914,4.791151703613533,2.495656966672608,0.6749832099322741
Kepler-1848 b,Kepler-1848,1.4088539,0.0,774.0,0.05835,4847.0,-0.51304,0.756,1.82,1.2725655957915476,1.80005827204275,4.557029810660157,1.8876785725402188,0.5521594872589679
Kepler-1849 b,Kepler-1849,2.38685349,0.0,355.0,0.2597,4806.0,-0.66231,0.7090000000000001,13.5,1.986503546020567,1.264126727145683,1.5602476682433286,4.065480303607615,0.5475432067011534
Kepler-185 b,Kepler-185,1.17,0.0,1237.0,0.026,5208.0,-0.50448,0.763,11.9,0.9969486348916093,1.927164106234258,6.16648241343756,0.9680859003018585,0.5911144549947938
Kepler-185 c,Kepler-185,2.02,0.0,530.0,0.139,5208.0,-0.50448,0.763,11.9,1.747459210331475,1.425515074273172,2.8349177730444675,3.0786497067801624,0.5911144549947938
Kepler-1850 b,Kepler-1850,0.72909663,0.0,1008.0,0.0206,4239.0,-0.81005,0.611,13.8,0.27231459532065916,1.6937790608678513,5.50594110620421,0.8695344995422949,0.4700036292457356
Kepler-1851 b,Kepler-1851,3.90012032,0.0,776.0,0.1016,5982.0,0.06007,0.967,0.3,2.740840023925201,0.8501509293696101,4.463376180370204,2.5667093178223332,0.6307397204313283
Kepler-1852 b,Kepler-1852,1.88610592,0.0,760.0,0.0762,5237.0,-0.43168,0.927,8.6,1.6524974018945473,1.4951487660319727,4.383275854074314,2.1939904769334175,0.6021277821727767
Kepler-1853 b,Kepler-1853,1.51862272,0.0,386.0,0.2395,4821.0,-0.56217,0.765,14.0,1.366091653802371,1.7191887763932197,1.8293763327993617,3.909784478795902,0.5810976767513224
Kepler-1854 b,Kepler-1854,2.58746104,0.0,420.0,0.20894,5026.0,-0.479,0.8,12.88,2.105352923464337,1.1908875647772805,2.1198634561787513,3.7094440572092786,0.5647454657554212
Kepler-1855 b,Kepler-1855,1.216205,0.0,849.0,0.0115,3460.0,-1.2949,0.385,5.85,1.085189268335969,1.9444805562457188,4.476995847264583,0.5465774327993275,0.3045391895182038
Kepler-1856 b,Kepler-1856,1.73447868,0.0,1344.0,0.0215,4948.0,-0.33065,0.782,10.9,1.5390154481375546,1.578978704949392,6.651222975522572,0.8337783302823145,0.5966362801791015
Kepler-1857 b,Kepler-1857,1.96065412,0.0,946.0,0.08308,6074.0,0.2052,0.8729999999999999,7.94,1.7047480922384253,1.4539530095937054,5.38632824387075,2.2969100121419923,0.6956440607585325
Kepler-1858 b,Kepler-1858,2.42168247,0.0,330.0,0.3575,4939.0,-0.45269,0.785,0.7,2.0068708488450007,1.2499017362143359,1.332366019094335,4.489440561676357,0.5982868995359851
Kepler-1859 b,Kepler-1859,1.58313575,0.0,1455.0,0.0394,5887.0,0.15429,1.09,2.5,1.4182774069729414,1.6733512381777533,6.963331886870878,1.316300976697468,0.8042412280655322
Kepler-1859 c,Kepler-1859,1.66,0.0,1327.0,0.0473,5887.0,0.15429,1.09,2.5,1.47932922708708,1.623340817603092,6.598263766932699,1.5252844426436112,0.8042412280655322
Kepler-186 b,Kepler-186,1.07,0.0,571.0,0.0343,3788.0,-1.385,0.478,4.0,0.8064758658669486,1.8809906029559977,3.647328026955701,1.5865357894600929,0.38662202030668447
Kepler-186 c,Kepler-186,1.25,0.0,464.0,0.0451,3788.0,-1.385,0.478,4.0,1.1314021114911006,1.9329696377795786,2.7067159780890733,2.112308216388355,0.38662202030668447
Kepler-186 d,Kepler-186,1.4,0.0,379.0,0.0781,3788.0,-1.385,0.478,4.0,1.264126727145683,1.8066480817218056,2.104621840210134,2.663261739430353,0.38662202030668447
Kepler-186 e,Kepler-186,1.27,0.0,319.0,0.11,3788.0,-1.385,0.478,4.0,1.1474024528375417,1.9125010869241836,1.5277939233935904,3.153065198948329,0.38662202030668447
Kepler-186 f,Kepler-186,1.17,0.04,177.0,0.432,3755.0,-1.26,0.544,4.0,0.9969486348916093,1.927164106234258,0.26236426446749106,4.874770514574054,0.42068207391302476
Kepler-1860 b,Kepler-1860,1.13863767,0.0,697.0,0.10625,5420.0,-0.18091,0.8739999999999999,1.55,0.9360933591703346,1.9125010869241836,4.048300623720694,2.620107465441801,0.6248683398066509
Kepler-1861 b,Kepler-1861,2.20677414,0.0,617.0,0.24082,5855.0,0.30017,1.161,4.57,1.8718021769015913,1.3376291891386096,3.481240089335692,3.7143181663515126,0.8641549774536266
Kepler-1862 b,Kepler-1862,2.203,0.0,645.0,0.1199,5644.0,-0.21515,0.9,0.4,1.8702625307159986,1.3402504226184837,3.7386215460087504,2.8365782980078467,0.5911144549947938
Kepler-1863 b,Kepler-1863,2.26309256,0.0,508.0,0.23678,5871.0,0.40952,1.097,12.02,1.9080599249242156,1.3137236682850553,3.7495040759303713,3.828589233389494,0.6846108495376589
Kepler-1864 b,Kepler-1864,0.75408365,0.0,1156.0,0.049,5854.0,0.03004,1.03,1.62,0.302324349188651,1.7083778602890038,6.060524083039477,1.5854546021243794,0.6825916666204287
Kepler-1865 b,Kepler-1865,1.57686072,0.0,1203.0,0.0344,5420.0,-0.32913,0.8489999999999999,11.6,1.4134230285081433,1.6789639750827106,6.206858144962131,1.2595995295796008,0.6264730472919525
Kepler-1866 b,Kepler-1866,2.08215108,0.0,834.0,0.1016,5791.0,0.14386,1.03,0.3,1.790091412127358,1.3962446919730587,4.748057673536639,2.5384553139992225,0.733809162278835
Kepler-1867 b,Kepler-1867,1.15985997,0.0,768.0,0.0872,5693.0,0.21949,0.911,0.5,0.9745596399981308,1.918392120161421,4.422688616392771,2.387602448318228,0.5966362801791015
Kepler-1868 b,Kepler-1868,3.14950109,0.0,215.0,0.62348,4658.0,-0.66249,0.7429999999999999,14.0,2.4069451083182885,1.0224509277025458,0.4054651081081644,5.356746623136265,0.5223588595796638
Kepler-1869 b,Kepler-1869,1.11955354,0.0,865.0,0.07976,5808.0,-0.05012,0.987,1.29,0.9001613499442714,1.9050881545350582,4.93806460126142,2.21564938288706,0.6429059641231986
Kepler-1869 c,Kepler-1869,0.74,0.0,1455.0,0.028,5808.0,-0.05012,0.987,1.29,0.2851789422336624,1.6992786164338898,6.963984372248567,0.9994651352196098,0.6429059641231986
Kepler-187 b,Kepler-187,1.41,0.0,1244.0,0.059,6105.0,0.49267,1.081,6.46,1.2725655957915476,1.7984040119467237,6.805987191708368,1.7815178692934994,0.8272409150406441
Kepler-187 c,Kepler-187,2.67,0.0,963.0,0.099,6105.0,0.49267,1.081,6.46,2.1529243184396396,1.1631508098056809,5.784237405046585,2.454470036549758,0.8272409150406441
Kepler-1870 b,Kepler-1870,2.10143764,0.0,1046.0,0.0452,5508.0,-0.22577,0.955,0.79,1.803358605071407,1.3862943611198906,5.665041646339771,1.5275638689383015,0.6097655716208943
Kepler-1871 b,Kepler-1871,2.42172881,0.0,1403.0,0.0308,5741.0,0.00294,1.02,5.7,2.0068708488450007,1.2499017362143359,6.822360775965189,1.0827200124340368,0.6657759837638133
Kepler-1872 b,Kepler-1872,2.38421141,0.0,1005.0,0.0465,5223.0,-0.50562,0.913,4.646,1.9851308622085946,1.2669476034873244,5.489970250770876,1.5739993369008263,0.6339278208999741
Kepler-1873 b,Kepler-1873,1.62573811,0.0,1787.0,0.0128,5151.0,-0.40951,0.903,1.0,1.4539530095937054,1.6467336971777973,7.7886882269751965,0.4439432398468702,0.5833323145527387
Kepler-1874 b,Kepler-1874,2.21110724,0.0,356.0,0.2633,4701.0,-0.577,0.758,13.8,1.8748743759385615,1.3376291891386096,1.5665304114228238,4.05305718564369,0.5738004229273791
Kepler-1875 b,Kepler-1875,3.22686692,0.0,559.0,0.2038999999999999,6161.0,0.4066,0.95,0.3,2.4423470353692043,1.000631880307906,3.1801349965517702,3.5683657930974593,0.6216511788548753
Kepler-1876 b,Kepler-1876,0.853,0.098,1299.0,0.0758,6104.0,0.42894,1.187,4.4,1.2237754316221157,2.995732273553991,6.16541785423142,2.0784472975829384,0.9070481505072225
Kepler-1877 b,Kepler-1877,0.624086,0.0,1278.0,0.03472,5615.0,-0.07722,1.022,4.9,0.16466662155523387,1.6193882432872684,6.539730453847818,1.2171564905639571,0.6606239888543853
Kepler-1878 b,Kepler-1878,2.92019781,0.0,1063.0,0.0521,5918.0,0.18689,0.9559999999999998,4.729,2.288486168614544,1.085189268335969,5.715711045521475,1.6948593477360516,0.6232610530957788
Kepler-1879 b,Kepler-1879,2.06512018,0.0,987.0,0.0957,5865.0,0.38444,1.023,7.94,1.7783364488959144,1.4036429994545037,5.495527535835742,2.45215964343726,0.8704561955303556
Kepler-188 b,Kepler-188,1.68,0.0,1463.0,0.032,6021.0,0.03447,1.021,5.8,1.4951487660319727,1.6114359150967734,6.97563352950988,1.1190346585247137,0.7612730096075457
Kepler-188 c,Kepler-188,3.19,0.0,1025.0,0.066,6021.0,0.03447,1.021,5.8,2.424802725718295,1.007957920399979,5.554307513267192,1.9454175992011187,0.7612730096075457
Kepler-1880 b,Kepler-1880,2.11686218,0.0,606.0,0.054,4380.0,-0.76168,0.524,13.6,1.81319474994812,1.3787660946990992,3.4882920885130893,1.989136542621525,0.4252677354043441
Kepler-1881 b,Kepler-1881,2.98104391,0.0,289.0,0.53325,5135.0,-0.3067,0.812,0.9,2.3194422100604686,1.0647107369924282,0.9162907318741551,5.077633270791972,0.6280751838162304
Kepler-1882 b,Kepler-1882,1.48674404,0.0,894.0,0.11636,5691.0,0.23674,1.068,6.61,1.3376291891386096,1.7404661748405044,4.812997033190408,2.6937687117152564,0.8993480111438429
Kepler-1883 b,Kepler-1883,3.25107395,0.0,416.0,0.4438,6208.0,-0.01559,1.086,1.812,2.451005098112319,0.9932517730102834,2.089391872533004,4.648488281853763,0.7050757514252192
Kepler-1884 b,Kepler-1884,1.81406781,0.0,864.0,0.0845,5984.0,0.27711,0.993,0.3,1.599387576580599,1.534714366238164,4.889747443486393,2.301416445491486,0.6450068052320104
Kepler-1885 b,Kepler-1885,1.51110555,0.0,1205.0,0.036,5591.0,-0.17642,0.977,0.9,1.358409157630355,1.7227665977411035,6.214748088623106,1.2591879642203732,0.6205764877251099
Kepler-1886 b,Kepler-1886,2.58158428,0.0,580.0,0.16,5745.0,-0.16101,0.9280000000000002,1.99,2.1016921506146558,1.1908875647772805,3.3207101307494686,3.2298474439299723,0.6081338062329886
Kepler-1887 b,Kepler-1887,2.92454357,0.0,625.0,0.1421,5749.0,-0.18953,0.961,0.5,2.2905125117597764,1.0818051703517284,3.61469455592456,3.042019318485135,0.6227247162633994
Kepler-1888 b,Kepler-1888,1.32578716,0.0,886.0,0.0956,5557.0,0.37424,0.8969999999999999,11.3,1.199964782928397,1.8671761085128091,4.988185165258664,2.517026876707489,0.8104856729771787
Kepler-1889 b,Kepler-1889,2.94360686,0.0,493.0,0.2082,5646.0,0.21977,0.864,7.075,2.300583090323373,1.0750024230289759,2.70805020110221,3.6455464839500507,0.5971867894140341
Kepler-189 b,Kepler-189,1.21,0.0,678.0,0.0879999999999999,5235.0,-0.44774,0.8030000000000002,3.98,1.0715836162801904,1.9401794743463283,3.837062362161403,2.433607302750554,0.5596157879354227
Kepler-189 c,Kepler-189,2.38,0.0,544.0,0.137,5235.0,-0.44774,0.8030000000000002,3.98,3.1654750481410856,2.327277705584417,2.9862373389921895,3.050924093804663,0.5596157879354227
Kepler-1890 b,Kepler-1890,0.86867375,0.0,1328.0,0.05712,6046.0,0.26655,1.024,2.65,0.461845441544272,1.7783364488959144,6.202535517187923,1.7614016344400125,0.8738006802532029
Kepler-1891 b,Kepler-1891,1.52139156,0.0,1017.0,0.0473,5516.0,-0.23134,0.8729999999999999,3.7,1.3686394258811698,1.7173950539391927,5.538436022068208,1.6138860507819643,0.6026752773958697
Kepler-1892 b,Kepler-1892,1.83707938,0.0,822.0,0.0633,5383.0,-0.30112,0.851,0.5,1.6154199841116479,1.5195132049061133,4.691714787388277,1.9921433277382388,0.5647454657554212
Kepler-1893 b,Kepler-1893,1.70557445,0.0,1194.0,0.0504,5633.0,0.15984,0.973,13.9,1.515127232962859,1.5953389880545987,6.1737444363671905,1.6446834129658088,0.7710337192170165
Kepler-1894 b,Kepler-1894,1.20117759,0.0,1231.0,0.0385,5772.0,-0.26976,0.999,0.5,1.0543120297715298,1.9358598132018119,6.300877533574368,1.3251261612635534,0.6423800635062922
Kepler-1894 c,Kepler-1894,1.21,0.0,1007.0,0.0576,5772.0,-0.26976,0.999,0.5,1.0715836162801904,1.9401794743463283,5.497414096703693,1.8006679786958508,0.6423800635062922
Kepler-1895 b,Kepler-1895,2.11934728,0.0,789.0,0.0615,5076.0,-0.22959,0.86,1.2,1.8148247421590513,1.3787660946990992,4.5266679578331335,1.9559015100426886,0.5670169034157332
Kepler-1896 b,Kepler-1896,3.09935997,0.0,536.0,0.2529,6122.0,0.17382,1.07,1.125,2.379546134130174,1.0331844833456545,3.0204248861443626,3.8258156929465374,0.6911451778892722
Kepler-1897 b,Kepler-1897,2.81407954,0.0,505.0,0.1546,5165.0,-0.38987,0.8590000000000001,4.2,2.2321626286975,1.11514159061932,2.799108932049177,3.2276492523530993,0.5658818295140691
Kepler-1898 b,Kepler-1898,0.93353523,0.0,1167.0,0.05063,5702.0,-0.23539,0.8370000000000001,13.18,0.5653138090500605,1.81319474994812,5.32593253358101,1.7519127337103235,0.7537718023763802
Kepler-1899 b,Kepler-1899,1.55098292,0.0,851.0,0.0457,4791.0,-0.67239,0.7590000000000001,13.9,1.3912819026309298,1.695615608675153,4.8307108619020225,1.6284127258143186,0.555033878430311
Kepler-19 b,Kepler-19,2.209,0.41,851.0,0.0846,5541.0,-0.16056,0.9360000000000002,1.9,1.9600947840472698,1.410986973710262,4.484131857611035,2.330879990047711,0.620038708739307
Kepler-19 c,Kepler-19,3.68,0.21,661.7239999999999,0.1765736996,5544.0,-0.16056,0.9360000000000002,1.9,2.6461747973841225,0.8919980393051105,3.175522597999948,3.392190272502181,0.620038708739307
Kepler-19 d,Kepler-19,5.06,0.05,483.5,0.102,5544.0,-0.16056,0.9360000000000002,1.9,3.157000421150113,0.669878553620591,2.3958377919951244,4.158101528024852,0.620038708739307
Kepler-190 b,Kepler-190,1.56,0.0,1166.0,0.03,5106.0,-0.44055,0.834,1.48,1.3987168811184478,1.6882490928583902,6.036050648481042,1.1052565002608956,0.5850050219402422
Kepler-190 c,Kepler-190,1.46,0.0,948.0,0.045,5106.0,-0.44055,0.834,1.48,1.3164082336557241,1.7613002617433464,5.207839989915232,1.560882760647095,0.5850050219402422
Kepler-1900 b,Kepler-1900,1.62314676,0.0,1356.0,0.042,6173.0,0.21994,1.104,0.4,1.4516138272405332,1.6486586255873816,6.683798897410901,1.382845896243807,0.7134398838277077
Kepler-1901 b,Kepler-1901,1.47418907,0.0,1132.0,0.0453,5696.0,-0.00315,1.022,0.7,1.3270750014599193,1.749199854809259,5.967197468964984,1.5005444757982904,0.6528458837864196
Kepler-1902 b,Kepler-1902,1.17563613,0.0,601.0,0.0385,3729.0,-1.11736,0.52,4.321,1.007957920399979,1.9286186519452522,3.460723360976182,1.5732344209820233,0.41475515501525706
Kepler-1903 b,Kepler-1903,2.28642395,0.0,769.0,0.1321,6347.0,0.29209,1.053,0.23,1.9242486522741338,1.3056264580524357,4.425564936688365,2.8941368665261193,0.6911451778892722
Kepler-1904 b,Kepler-1904,1.3904994,0.0,567.0,0.0436,3805.0,-1.29761,0.526,5.83,1.2556160374777745,1.81319474994812,3.2339614622862416,1.7186546136820327,0.4034631054374913
Kepler-1905 b,Kepler-1905,1.4460734,0.0,1212.0,0.0451,5788.0,-0.02528,1.038,0.3,1.3056264580524357,1.7732559976634952,6.233920409454565,1.4870284254870065,0.7006191953986463
Kepler-1906 b,Kepler-1906,2.77615754,0.0,901.0,0.0738,5868.0,0.24215,0.987,0.5,2.211565694606877,1.128171090909654,5.054460773636285,2.123780142326362,0.6386909947638865
Kepler-1907 b,Kepler-1907,0.86973029,0.0,856.0,0.05444,5159.0,-0.62479,0.752,14.0,0.4631048875545789,1.7783364488959144,4.330733340286331,1.8949852206472702,0.5877866649021191
Kepler-1907 c,Kepler-1907,1.15547044,0.0,620.0,0.10371,5159.0,-0.62479,0.752,14.0,0.9669838461896731,1.918392120161421,3.0726933146901194,2.7640460989637097,0.5877866649021191
Kepler-1909 b,Kepler-1909,1.09217411,0.0,1031.0,0.0306,4935.0,-0.57623,0.663,13.9,0.8458682675776092,1.888583653863595,5.587286110882417,1.2213047074836616,0.521765563804325
Kepler-191 b,Kepler-191,1.34,0.0,722.0,0.087,5282.0,-0.4145,0.857,1.0,1.2119409739751128,1.8547342683894434,3.9357395320454622,2.39239215840247,0.5816568045265821
Kepler-191 c,Kepler-191,1.86,0.0,596.0,0.128,5282.0,-0.4145,0.857,1.0,1.6331544390514163,1.5085119938441398,3.186352633162641,2.9305805511135907,0.5816568045265821
Kepler-191 d,Kepler-191,2.28,0.0,857.0,0.06104,5215.0,-0.4145,0.8400000000000001,4.9,1.9198594718553708,1.308332819650179,4.611152257665639,1.9380278821643888,0.5877866649021191
Kepler-1910 b,Kepler-1910,1.184,0.0,645.0,0.0536,4234.0,-0.927,0.636,13.9,1.0224509277025458,1.9300710850255671,3.734808386002336,1.9004299733749257,0.4940862997616926
Kepler-1911 b,Kepler-1911,1.011,0.0,987.0,0.0636,5721.0,-0.07794,0.954,6.228,0.6981347220709844,1.851599469584072,5.4157892426882075,1.944594985177735,0.6790482561804436
Kepler-1912 b,Kepler-1912,1.35670508,0.0,976.0,0.06489,5734.0,-0.04936,0.977,2.24,1.2267122912954256,1.840549633397487,5.312220271717028,1.9543345407248383,0.6739643611431714
Kepler-1913 b,Kepler-1913,1.51852059,0.0,818.0,0.1209,6214.0,-0.05481,1.169,1.717,1.366091653802371,1.7191887763932197,4.670021158307708,2.721032241906058,0.7304429653036423
Kepler-1914 b,Kepler-1914,2.9429803,0.0,585.0,0.1954,5982.0,0.07728,1.0469999999999997,2.343,2.299580583973747,1.0750024230289759,3.3555024224000256,3.4603432614233784,0.6729444732424258
Kepler-1915 b,Kepler-1915,3.21798413,0.0,809.0,0.114,6020.0,0.06133,1.03,4.316,2.4336133554004498,0.9969486348916093,4.625462889255854,2.697016191701492,0.7212486106708201
Kepler-1916 b,Kepler-1916,2.61757235,0.0,635.0,0.2053,6246.0,0.21407,1.18,1.34,2.122261538862764,1.1786549963416462,3.6773128177424708,3.4736513416439765,0.7381205462026765
Kepler-1917 b,Kepler-1917,1.88971288,0.0,675.0,0.103,5530.0,-0.29551,0.8819999999999999,1.403,1.6544112780768316,1.4906543764441333,3.911822985425479,2.632061488541405,0.5810976767513224
Kepler-1918 b,Kepler-1918,2.29763023,0.0,497.0,0.2524,5889.0,-0.3081,0.967,2.055,1.9300710850255671,1.3001916620664788,2.7363136663750693,3.8723753273783244,0.6544063522435147
Kepler-1919 b,Kepler-1919,2.62390658,0.0,479.0,0.2107,5513.0,-0.27362,0.8680000000000001,3.053,2.1258479144939915,1.1755733298042381,2.599722324216582,3.660649730872975,0.597736995755287
Kepler-192 b,Kepler-192,2.74,0.0,803.0,0.09,5479.0,-0.09429,1.028,2.95,2.191653532286764,1.1378330018213914,4.666237062936483,2.3912135451459267,0.696641069814201
Kepler-192 c,Kepler-192,2.79,0.0,623.0,0.15,5479.0,-0.09429,1.028,2.95,2.2192034840549946,1.1216775615991057,3.669084826785757,3.101145787807367,0.696641069814201
Kepler-192 d,Kepler-192,1.02,0.0,926.0,0.0686,5487.0,-0.09429,0.94,6.76,0.712949807856125,1.8547342683894434,5.231514951401821,2.0109319181419263,0.6626879730752367
Kepler-1920 b,Kepler-1920,2.95415848,0.0,660.0,0.2043,6277.0,0.10034,1.2390000000000003,1.3059999999999998,2.305580601973844,1.0715836162801904,3.8258113086090804,3.4421505931730847,0.770571077524749
Kepler-1921 b,Kepler-1921,2.89459458,0.0,967.0,0.15865,6120.0,0.80624,1.251,3.39,2.2741856184723477,1.091923300517313,5.38081858805978,3.046178189067452,1.0986122886681096
Kepler-1921 c,Kepler-1921,1.41,0.0,1791.0,0.0454,6120.0,0.80624,1.251,3.39,1.2725655957915476,1.7984040119467237,7.798715895103954,1.424846788519983,1.0986122886681096
Kepler-1922 b,Kepler-1922,2.29064904,0.0,740.0,0.1077,5931.0,0.15221,0.9529999999999998,2.5740000000000007,1.925707441737794,1.3029127521808397,4.2781927309286685,2.6548322473244084,0.6221880916194514
Kepler-1923 b,Kepler-1923,1.95958179,0.0,553.0,0.2846,5881.0,0.257,1.109,4.759,1.7047480922384253,1.4562867329399256,2.2648832258100344,3.981730007862882,0.830297018707179
Kepler-1924 b,Kepler-1924,2.65446572,0.0,821.0,0.1216,5726.0,0.45229,1.018,6.614000000000002,2.143589361503588,1.1662709371419244,4.686197024630465,2.793108024648286,0.826366024346168
Kepler-1925 b,Kepler-1925,3.00177922,0.0,531.0,0.2588,5856.0,0.36494,1.057,3.576,2.330200260027019,1.0612565021243408,2.9826470340053355,3.865275157460486,0.7381205462026765
Kepler-1926 b,Kepler-1926,2.31495961,0.0,451.0,0.2197,5256.0,-0.64728,0.768,4.9268,1.9416152247724325,1.2919836816486496,2.379546134130174,3.7814062368145573,0.6054082662519384
Kepler-1927 b,Kepler-1927,3.40627075,0.0,677.0,0.3873299999999999,6056.0,0.77402,1.408,2.88,2.5257286443082556,0.9555114450274365,3.5751506887855933,4.314154519681461,1.2473196088293017
Kepler-1928 b,Kepler-1928,1.992,0.43,621.0,0.194,5720.0,-0.09151,1.01,0.105,1.728109442151599,1.4398351280479205,3.6584202466292277,3.0242142826696155,0.6523251860396903
Kepler-1929 b,Kepler-1929,3.07250761,0.0,566.0,0.30883,5786.0,0.5928,1.006,6.92,2.365559892155434,1.0402767116551463,3.6428355156125294,4.100368038609061,0.9046229270064731
Kepler-193 b,Kepler-193,2.39,0.0,979.0,0.106,6335.0,0.09956,1.051,0.3,1.9878743481543455,1.264126727145683,4.773249129918929,2.5167670085349894,0.764071518896644
Kepler-193 c,Kepler-193,2.75,0.0,595.0,0.286,6335.0,0.09956,1.051,0.3,2.1972245773362196,1.1346227261911428,2.834741587461865,3.945409308386002,0.764071518896644
Kepler-1930 b,Kepler-1930,1.52955541,0.0,643.0,0.10233,5083.0,-0.50545,0.8440000000000001,0.62,1.3737155789130306,1.7101878155342436,3.484312288372662,2.6409697968263237,0.6119371251344021
Kepler-1931 b,Kepler-1931,2.65323514,0.0,619.0,0.23329,6167.0,0.4741,1.174,4.57,2.143589361503588,1.169381359556317,3.9646154555473165,3.6782253855454594,0.7979575449122904
Kepler-1932 b,Kepler-1932,1.51482218,0.0,1891.0,0.0123,5278.0,-0.35191,0.911,1.45,1.3635373739972745,1.7227665977411035,7.937696073087627,0.42145460209418584,0.596085467716814
Kepler-1933 b,Kepler-1933,1.17984089,0.0,1058.0,0.05605,5661.0,-0.11595,0.964,1.86,1.0152306797290587,1.9300710850255671,5.527442989539794,1.7822628914700456,0.6971392018294827
Kepler-1934 b,Kepler-1934,0.91307734,0.0,1700.0,0.02466,5925.0,0.1085,0.968,3.16,0.5318040301511824,1.803358605071407,7.515671315179421,0.8836683571509485,0.7104958188945583
Kepler-1935 b,Kepler-1935,2.50271696,0.0,1083.0,0.0463,5570.0,0.16401,0.8450000000000001,7.6626,2.05668455455722,1.2208299213923592,5.786222306929459,1.5996703733574975,0.6413274318301488
Kepler-1936 b,Kepler-1936,3.16615594,0.0,524.0,0.52662,6501.0,0.45627,1.419,2.57,2.4159137783010487,1.0188473201992472,2.341805806147327,4.8485633172492815,1.0487215190546446
Kepler-1937 b,Kepler-1937,3.0229133,0.0,1014.0,0.0915,6457.0,0.20922,1.19,2.45,2.340843805111136,1.0543120297715298,5.100475998096045,2.3691777142103216,0.7866375236472842
Kepler-1938 b,Kepler-1938,1.82828927,0.0,527.0,0.0938,4522.0,-0.64954,0.646,4.226,1.6094379124341003,1.5260563034950494,2.9575110607337933,2.6435188010059507,0.5038010088290262
Kepler-1939 b,Kepler-1939,1.16480773,0.0,816.0,0.0334,4353.0,-0.80789,0.648,5.579,0.9858167945227653,1.922787731634459,4.660983250807304,1.332540121088099,0.47187687362741587
Kepler-194 b,Kepler-194,1.51,0.0,1648.0,0.032,6089.0,0.0427,0.94,2.5,1.358409157630355,1.724550719534605,6.860844996726942,1.128909006285388,0.7055697005585024
Kepler-194 c,Kepler-194,2.59,0.0,815.0,0.131,6089.0,0.0427,0.94,2.5,2.1065702090680887,1.1878434223960523,4.059666847340709,2.907339870659652,0.7055697005585024
Kepler-194 d,Kepler-194,2.4,0.0,562.0,0.275,6089.0,0.0427,0.94,2.5,1.9947003132247452,1.2584609896100059,2.629223420556239,3.985551736997284,0.7055697005585024
Kepler-1940 b,Kepler-1940,1.54732469,0.0,885.0,0.0525,5431.0,-0.37735,0.8019999999999999,2.6169999999999995,1.3887912413184778,1.6974487897568138,4.985180724623787,1.7834937623670717,0.5405785819153385
Kepler-1941 b,Kepler-1941,2.64976949,0.0,666.0,0.2054,6404.0,0.43611,1.175,1.3609,2.1412419425852827,1.169381359556317,3.861361090625918,3.47615333277531,0.761739972025557
Kepler-1942 b,Kepler-1942,2.1170287,0.0,1012.0,0.0516,5834.0,-0.07518,0.852,3.339,1.81319474994812,1.3787660946990992,5.514798774988696,1.727407596448373,0.586118607801422
Kepler-1943 b,Kepler-1943,1.54869189,0.0,1098.0,0.05975,6032.0,0.44535,1.055,5.25,1.3912819026309298,1.6992786164338898,6.586447478880696,1.7664724554704727,0.6795552270404783
Kepler-1944 b,Kepler-1944,2.75971163,0.0,801.0,0.0918,5585.0,-0.08284,1.064,1.6689999999999998,2.2027647577118348,1.1314021114911006,4.59127408079598,2.3834809605001332,0.6790482561804436
Kepler-1945 b,Kepler-1945,1.289,0.0,808.0,0.0597,4991.0,-0.441,0.7670000000000001,7.840000000000001,1.1662709371419244,1.8976198599275325,4.622223940553919,1.9572795542998558,0.5900064216404319
Kepler-1946 b,Kepler-1946,2.48812698,0.0,1143.0,0.0394,5505.0,-0.27885,0.887,5.333,2.0476928433652555,1.2267122912954256,6.002725899385,1.3950534146145606,0.6275414234619514
Kepler-1947 b,Kepler-1947,1.0101666,0.0,1298.0,0.07375,6040.0,0.11057,0.984,0.98,0.6981347220709844,1.8531680973566984,5.439816928821736,2.074884951045502,0.9880530981010458
Kepler-1948 b,Kepler-1948,1.03283226,0.0,399.0,0.1022,3872.0,-0.8617,0.585,3.568,0.7371640659767197,1.8625285401162623,1.943048916774281,2.80767225624488,0.4427608928518613
Kepler-1949 b,Kepler-1949,2.21964541,0.0,1709.0,0.0352,6028.0,0.7131,1.194,3.867,1.8809906029559977,1.332366019094335,7.609490476728616,1.1657349951082785,0.8977193462887195
Kepler-195 b,Kepler-195,2.03,0.0,751.0,0.077,5329.0,-0.36708,0.867,2.19,1.7544036826842861,1.420695787837223,4.319459502405053,2.230860493733974,0.5738004229273791
Kepler-195 c,Kepler-195,1.55,0.0,469.0,0.197,5329.0,-0.36708,0.867,2.19,1.3912819026309298,1.6974487897568138,2.508053352628247,3.5581117532584225,0.5738004229273791
Kepler-1950 b,Kepler-1950,1.52696349,0.0,752.0,0.0871,5455.0,-0.22345,0.7590000000000001,5.933,1.3737155789130306,1.713797927758343,4.341595188879544,2.4661400103210656,0.6162661362239876
Kepler-1951 b,Kepler-1951,2.32107188,0.0,728.0,0.1435,5468.0,0.50112,0.9230000000000002,10.968,1.9459101490553132,1.2919836816486496,4.208714372037514,3.07536569763627,0.8355144218468673
Kepler-1952 b,Kepler-1952,1.23923346,0.0,725.0,0.1724,5973.0,0.291,0.922,6.952000000000001,1.1216775615991057,1.943048916774281,4.193737306100135,3.3397048893759007,0.8350806764486118
Kepler-1953 b,Kepler-1953,1.28574667,0.0,731.0,0.0607,4858.0,-0.62962,0.7859999999999999,3.215,1.1631508098056809,1.900613874140137,4.228584037430304,1.980402645193678,0.5347374438123036
Kepler-1954 b,Kepler-1954,1.80235934,0.0,949.0,0.0625,5840.0,0.04503,0.942,3.717,1.589235205116581,1.5390154481375546,5.263156401454447,1.9291170748049626,0.6146449524049877
Kepler-1955 b,Kepler-1955,1.16654878,0.0,853.0,0.11959,5825.0,0.22965,1.049,4.37,0.9895411936137477,1.9242486522741338,4.747537427275013,2.725575705695146,0.8289884034713584
Kepler-1956 b,Kepler-1956,1.08940238,0.0,674.0,0.0563,4391.0,-1.04512,0.671,6.016,0.8415671856782186,1.888583653863595,3.9084165098340344,1.9378376343783834,0.5199835615507563
Kepler-1957 b,Kepler-1957,0.94374867,0.0,1099.0,0.0299,4904.0,-0.60069,0.745,7.845000000000001,0.5822156198526637,1.8180767775454285,5.8466410667341115,1.1589607929950698,0.5721088521828892
Kepler-1958 b,Kepler-1958,2.05124311,0.0,806.0,0.0856,5749.0,-0.00092,0.961,2.794,1.7681496035889213,1.4085449700547104,4.611152257665639,2.334918678563098,0.6227247162633994
Kepler-1959 b,Kepler-1959,1.14315727,0.0,811.0,0.0617,5071.0,-0.47365,0.768,10.157000000000002,0.9439058989071286,1.9139771019523042,4.637153231841142,1.999679751003758,0.5938791789012764
Kepler-196 b,Kepler-196,1.9,0.0,536.0,0.138,5128.0,-0.39257,0.839,3.09,1.6620303625532709,1.4861396960896067,3.0789238644407555,3.079148637889066,0.5777363290486176
Kepler-196 c,Kepler-196,2.24,0.0,407.0,0.24,5128.0,-0.39257,0.839,3.09,1.8946168546677629,1.324418957401803,2.064327903869788,3.8800727280882015,0.5777363290486176
Kepler-196 d,Kepler-196,2.66065673,0.0,297.0,0.4545,5132.0,-0.39257,0.8049999999999999,3.09,2.1471001901536506,1.1662709371419244,1.0296194171811583,4.812834565078475,0.5709795465857378
Kepler-1960 b,Kepler-1960,1.30749704,0.0,1547.0,0.0354,6371.0,0.27069,1.117,1.7599,1.1817271953786161,1.8809906029559977,7.210183096579758,1.1932980359792809,0.7285143243972366
Kepler-1961 b,Kepler-1961,1.6187808,0.0,866.0,0.0588,5401.0,-0.27557,0.8709999999999999,1.6350000000000002,1.4469189829363254,1.6505798557652755,4.897690535080121,1.887783046322192,0.5749265491725143
Kepler-1962 b,Kepler-1962,1.21463929,0.0,901.0,0.0783,5700.0,-0.12198,1.003,3.502,1.0818051703517284,1.943048916774281,5.0559272832879625,2.1962752208399126,0.6961426895397438
Kepler-1963 b,Kepler-1963,0.74437023,0.0,1448.0,0.02915,5726.0,-0.2592,0.915,4.07,0.29042829811980614,1.7029282555214393,6.418854212631938,1.0859524932219597,0.6825916666204287
Kepler-1964 b,Kepler-1964,1.7810587,0.0,986.0,0.0322,4803.0,-0.631,0.752,4.987,1.5748464676644813,1.5539252025038417,5.415211118019536,1.2357127190269404,0.5294510878891555
Kepler-1965 b,Kepler-1965,1.35415138,0.0,492.0,0.22971,5852.0,-0.07602,0.9280000000000002,4.57,1.2237754316221157,1.8421356765531218,2.6946271807700692,3.758141912059193,0.6081338062329886
Kepler-1966 b,Kepler-1966,1.10479327,0.0,733.0,0.0763,5009.0,-0.56655,0.797,8.075,0.8712933659434192,1.8961194845522977,4.2381562642541795,2.2635770494569782,0.6097655716208943
Kepler-1967 b,Kepler-1967,0.73022577,0.0,1086.0,0.06686,4970.0,-0.56664,0.996,6.92,0.27383666562972786,1.695615608675153,4.062165663857866,2.114047068461053,1.0317599816802692
Kepler-1968 b,Kepler-1968,1.50004034,0.0,744.0,0.0696,5008.0,-0.64972,0.8440000000000001,4.5902,1.3506671834767394,1.7334238922150915,4.292648823522665,2.1139757851804934,0.5810976767513224
Kepler-1969 b,Kepler-1969,1.68161001,0.0,999.0,0.0717,6046.0,-0.1809,1.111,0.9377,1.4973884086254774,1.6114359150967734,5.4675958983700355,2.0343814207727258,0.696641069814201
Kepler-197 b,Kepler-197,1.02,0.02,1142.0,0.06,6004.0,0.22187,0.857,5.37,0.712949807856125,1.8547342683894434,6.069018005323048,1.8869647950505448,0.7514160886839212
Kepler-197 c,Kepler-197,1.23,0.08,930.0,0.09,6004.0,0.22187,0.857,5.37,1.840549633397487,2.8154087194227095,5.252090165181718,2.4291908713196504,0.7514160886839212
Kepler-197 d,Kepler-197,1.22,0.03,810.0,0.119,6004.0,0.22187,0.857,5.37,1.091923300517313,1.9444805562457188,4.7013072965182126,2.8140642831389946,0.7514160886839212
Kepler-197 e,Kepler-197,0.91,0.38,691.0,0.164,6004.0,0.22187,0.857,5.37,0.5265021031509982,1.80005827204275,4.076536943572136,3.2661301435638723,0.7514160886839212
Kepler-1972 b,Kepler-1972,0.802,0.067,1084.0,0.08006,5818.0,0.29447,1.12,7.4,1.1052568313867783,3.144152278672264,5.83568754553614,2.1452585420893904,0.8687797492031033
Kepler-1972 c,Kepler-1972,0.868,0.043,1215.0,0.10493,5818.0,0.29447,1.12,7.4,1.1346227261911428,2.9652730660692823,5.295312857527738,2.511994764853613,0.8687797492031033
Kepler-1976 b,Kepler-1976,12.21,0.0,1103.0,0.0565,5712.0,0.04119,0.976,0.3,2.3243465847755584,1.269760544863939,5.859075359062237,1.7849562537481962,0.7333289701927772
Kepler-1977 b,Kepler-1977,1.66,0.0,798.0,0.0486,4805.0,-0.69414,0.769,1.3,1.47932922708708,1.623340817603092,4.570682255529418,1.711456668427678,0.5235443961737654
Kepler-1978 b,Kepler-1978,2.67,0.0,676.0,0.0914,5251.0,-0.29793,0.8690000000000001,0.6,2.1529243184396396,1.1631508098056809,3.9180050771056933,2.472302109443495,0.5754891370917128
Kepler-198 b,Kepler-198,2.82,0.0,655.0,0.131,5574.0,-0.1089,0.995,0.51,2.2353763433005955,1.11514159061932,3.8187886695681605,2.9333267825559526,0.6626879730752367
Kepler-198 c,Kepler-198,2.47,0.0,465.0,0.259,5574.0,-0.1089,0.995,0.51,2.0360119837525,1.2325602611778486,2.5139798972737073,3.923307416297741,0.6626879730752367
Kepler-198 d,Kepler-198,1.53,0.0,1562.0,0.02342,5636.0,-0.1089,0.97,3.72,1.3762440252663892,1.7119945007591926,7.276221630229455,0.8380456604839043,0.6575200029167942
Kepler-1980 b,Kepler-1980,2.21,0.0,564.0,0.2049,5819.0,0.22397,1.049,3.427,1.8748743759385615,1.3376291891386096,3.2168738221975275,3.5271166475067157,0.688134638736401
Kepler-1981 b,Kepler-1981,9.23,0.0,390.0,1.3292,5874.0,0.24356,1.519,3.4082100000000004,4.151039905898646,0.3625576070968879,1.864080130807681,6.119290582590958,1.3877932372436264
Kepler-1982 b,Kepler-1982,0.77,0.0,1282.0,0.0511,6202.0,0.37137,1.213,2.63,0.3228078744271551,1.7209792871670078,6.460498956812166,1.573428686690333,0.7523590401917915
Kepler-1983 b,Kepler-1983,2.33,0.0,807.0,0.0689,5135.0,-0.48076,0.812,13.7,1.951608170169951,1.2864740258376797,4.616406817914079,2.1196857056881915,0.6280751838162304
Kepler-1984 b,Kepler-1984,6.81,0.0,675.0,0.0238,3638.0,-1.55,0.45,13.8,3.6454498961866,0.5001690435774618,3.9084165098340344,1.0962135269382483,0.3506568716131693
Kepler-1985 b,Kepler-1985,2.27,0.0,1129.0,0.0426,5370.0,-0.155,0.877,9.776000000000002,1.9125010869241836,1.3110318766193438,5.949808871839149,1.4862860405843488,0.6760010217249748
Kepler-1986 b,Kepler-1986,1.89,0.0,579.0,0.1307,5549.0,-0.41148,0.776,5.449,1.6544112780768316,1.4906543764441333,3.318540147981146,3.022810652573182,0.5492768101402434
Kepler-1987 b,Kepler-1987,1.23,0.0,997.0,0.0318,4769.0,-0.61631,0.799,3.708,1.1118575154181303,1.9487632180377197,5.456943729830456,1.2077246579129028,0.538829820175588
Kepler-1987 c,Kepler-1987,1.33,0.0,860.0,0.0427,4769.0,-0.61631,0.799,3.5819999999999994,1.2029723039923526,1.8625285401162623,4.870913350921119,1.5365019550488281,0.538829820175588
Kepler-1987 d,Kepler-1987,2.66,0.0,744.0,0.0571,4769.0,-0.61631,0.799,2.94,2.1471001901536506,1.1662709371419244,4.295651418927136,1.8938517731953783,0.538829820175588
Kepler-1987 e,Kepler-1987,1.92,0.0,643.0,0.0765,4769.0,-0.61631,0.799,3.241,1.6770965609079151,1.4770487243883548,3.721588628523641,2.2765408725181264,0.538829820175588
Kepler-1988 b,Kepler-1988,1.53,0.0,1105.0,0.1038,6033.0,0.582,1.1270000000000002,5.101000000000001,1.3762440252663892,1.7119945007591926,5.865872979059716,2.5253287475602084,1.0253244928982774
Kepler-1989 b,Kepler-1989,4.62,0.0,904.0,0.0918,6032.0,0.27935,0.999,4.328,3.0106208860477417,0.7323678937132266,5.06871550517278,2.41242766672619,0.7227059828014898
Kepler-199 b,Kepler-199,3.11,0.0,595.0,0.158,5644.0,-0.09685,0.96,1.45,2.3841650799864684,1.0296194171811583,3.486732669768418,3.2042738936774384,0.676509539406922
Kepler-199 c,Kepler-199,3.25,0.0,420.0,0.316,5644.0,-0.09685,0.96,1.45,2.451005098112319,0.9932517730102834,2.1843644616066147,4.220880409644901,0.676509539406922
Kepler-1990 b,Kepler-1990,3.27,0.0,1554.0,0.0286,5751.0,0.11702,1.028,2.5,2.4595888418037104,0.9858167945227653,7.2253868540411625,1.0061812298810031,0.7280315824134471
Kepler-1990 c,Kepler-1990,0.98,0.0,1170.0,0.0504,5751.0,0.11702,1.028,2.5,0.6439569363691736,1.8373699804801074,6.093750340648732,1.6230349661015617,0.7280315824134471
Kepler-1991 b,Kepler-1991,1.47,0.0,760.0,0.1065,5478.0,-0.1085,0.914,6.76,1.324418957401803,1.752672080520008,4.379398183320189,2.6575143685399354,0.7193021380367964
Kepler-1991 c,Kepler-1991,2.57,0.0,634.0,0.1528,5478.0,-0.1085,0.914,6.76,2.0955609235597192,1.1969481893889715,3.6704608685899185,3.1692738787129136,0.7193021380367964
Kepler-1992 b,Kepler-1992,0.91,0.0,637.0,0.1169,5383.0,-0.00858,0.8739999999999999,13.49,0.5265021031509982,1.80005827204275,3.688629422858727,2.810078599417999,0.6108519378331151
Kepler-1993 b,Kepler-1993,4.15,0.0,903.0,0.1943,5159.0,0.778,1.3730000000000002,4.68,2.8390784635086144,0.8064758658669486,5.06543908613693,3.3198634465464867,1.401675463158193
Kepler-1995 b,Kepler-1995,4.28,0.0,375.0,0.3259000000000001,5029.0,-0.55559,0.847,2.04,2.884800712846709,0.7793248768009976,1.7334238922150915,4.31425472509877,0.6575200029167942
Kepler-1996 b,Kepler-1996,2.26,0.0,392.0,0.1789,4580.0,-0.65721,0.748,14.0,1.9065751436566365,1.3164082336557241,1.888583653863595,3.5078425617851137,0.5158131652770298
Kepler-1996 c,Kepler-1996,2.81,0.0,276.0,0.3608,4580.0,-0.65721,0.748,14.0,2.2300144001592104,1.1184149159642893,0.8671004876833832,4.540415372661051,0.5158131652770298
Kepler-1997 b,Kepler-1997,2.28,0.0,660.0,0.1815,6215.0,0.13162,1.111,1.5965,1.9198594718553708,1.308332819650179,3.8255932774297583,3.3235091938189276,0.7188149273085231
Kepler-1998 b,Kepler-1998,0.6,0.0,1187.0,0.0405,5640.0,-0.0658,0.962,4.27,0.14496577025018573,1.6034198401085373,6.15126353090491,1.3944290223649218,0.6528458837864196
Kepler-1999 b,Kepler-1999,3.29,0.0,577.0,0.0713,4406.0,-0.77323,0.632,2.466,2.468099531471619,0.9820784724121581,3.3021134234382563,2.2762078316795273,0.48735226758034855
Kepler-20 b,Kepler-20,1.773,0.083,1187.0,0.04565,5495.0,-0.16451,0.929,5.6,2.3702437414678603,2.341805806147327,5.805134968916488,1.5467334204364387,0.65044842602683
Kepler-20 c,Kepler-20,2.894,0.076,828.0,0.0936,5495.0,-0.16451,0.929,5.6,2.4932054526026954,1.2556160374777745,4.378269585796169,2.4726718927858684,0.65044842602683
Kepler-20 d,Kepler-20,2.606,0.082,430.0,0.3473999999999999,5495.0,-0.16451,0.929,5.6,2.667228206581955,1.62924053973028,1.9035989509835904,4.3645174267299085,0.65044842602683
Kepler-20 e,Kepler-20,0.821,0.092,1004.0,0.0637,5495.0,-0.16451,0.929,5.6,0.5653138090500605,2.1400661634962708,5.14049328135447,1.959881831797084,0.65044842602683
Kepler-20 f,Kepler-20,0.952,0.094,681.0,0.1387,5495.0,-0.16451,0.929,5.6,0.8754687373538999,2.2407096892759584,3.6082115510464816,3.0242384831792952,0.65044842602683
Kepler-20 g,Kepler-20,4.71,0.15,524.0,0.2055,5495.0,-0.16451,0.948,7.6,3.0426158594528414,0.7178397931503169,2.2799498877090976,3.581850881355413,0.6749322921390403
Kepler-200 b,Kepler-200,2.13,0.0,854.0,0.08,5678.0,0.00778,0.972,6.3,1.8213182714695995,1.3737155789130306,5.075604972272271,2.2612218061682063,0.6647477060382473
Kepler-200 c,Kepler-200,1.59,0.0,806.0,0.09,5678.0,0.00778,0.972,6.3,1.423108334242607,1.6695918352538475,4.847025573824042,2.417890127606963,0.6647477060382473
Kepler-2000 b,Kepler-2000,2.73,0.0,530.0,0.0562,3757.0,-1.05272,0.581,6.0,2.186051276738094,1.1410330045520618,2.982140320034524,1.9992016140909803,0.45488999143568737
Kepler-2000 c,Kepler-2000,1.57,0.0,359.0,0.1228,3757.0,-1.05272,0.581,6.0,1.4085449700547104,1.6845453849209058,1.5933085305042167,3.073527910762352,0.45488999143568737
Kepler-2001 b,Kepler-2001,1.04,0.0,1402.0,0.0197,5081.0,-0.54627,0.864,4.0,0.7514160886839212,1.8671761085128091,6.815946960497949,0.7371693305561632,0.5709795465857378
Kepler-2001 c,Kepler-2001,1.82,0.0,597.0,0.1084,5081.0,-0.54627,0.864,4.0,1.6034198401085373,1.5303947050936475,3.4372078191851885,2.7142034436162716,0.5709795465857378
Kepler-201 b,Kepler-201,2.46,0.0,683.0,0.175,6065.0,0.34816,1.098,4.07,2.030776369698555,1.235471471385307,4.182797954563212,3.2836174378812206,0.8015530544037318
Kepler-201 c,Kepler-201,2.85,0.0,378.0,0.573,6065.0,0.34816,1.098,4.07,2.2512917986064953,1.1052568313867783,1.9506133573258813,5.029679843274141,0.8015530544037318
Kepler-202 b,Kepler-202,1.63,0.0,802.0,0.045,4668.0,-0.63817,0.6829999999999999,3.24,1.4562867329399256,1.6428726885203377,4.695961078269728,1.6232277934646253,0.5110256037686569
Kepler-202 c,Kepler-202,1.85,0.0,505.0,0.1129999999999999,4668.0,-0.63817,0.6829999999999999,3.24,1.6253112615903906,1.5129270120532565,2.8942531046041373,2.849694023803207,0.5110256037686569
Kepler-203 b,Kepler-203,2.57,0.0,1308.0,0.043,5821.0,0.0937,1.06,1.78,2.0955609235597192,1.1969481893889715,6.506105383685131,1.426163181513987,0.7485818874480461
Kepler-204 b,Kepler-204,2.53,0.0,828.0,0.117,5812.0,0.02981,1.038,1.41,2.0719132752590443,1.208960345836975,4.39077574930613,2.7344307541728385,0.8055826098897335
Kepler-204 c,Kepler-204,1.79,0.0,683.0,0.173,5812.0,0.02981,1.038,1.41,1.5810384379124023,1.547562508716013,3.634581650706087,3.2831865575639547,0.8055826098897335
Kepler-205 b,Kepler-205,1.51,0.0,757.0,0.032,4321.0,-0.95618,0.592,4.42,1.358409157630355,1.724550719534605,4.640170467172712,1.3232587101070659,0.4356709501652303
Kepler-205 c,Kepler-205,1.64,0.0,389.0,0.122,4321.0,-0.95618,0.592,4.42,1.4655675420143985,1.6389967146756448,2.096790180014449,3.0590143494447113,0.4356709501652303
Kepler-206 b,Kepler-206,1.2,0.0,983.0,0.078,5764.0,0.08357,0.957,8.32,1.0543120297715298,1.9387416595767009,5.264103697203185,2.172702691837815,0.7816158285475535
Kepler-206 c,Kepler-206,1.77,0.0,825.0,0.111,5764.0,0.08357,0.957,8.32,1.5644405465033646,1.55814461804655,4.569646629919045,2.648828790158084,0.7816158285475535
Kepler-206 d,Kepler-206,1.19,0.0,681.0,0.163,5764.0,0.08357,0.957,8.32,1.0331844833456545,1.9315214116032138,3.8104331496665127,3.196336103144306,0.7816158285475535
Kepler-207 b,Kepler-207,1.57,0.0,1930.0,0.029,5920.0,0.5343,1.3130000000000002,3.63,1.4085449700547104,1.6845453849209058,8.318331924616908,0.9600645255455682,0.9508853766386541
Kepler-207 c,Kepler-207,1.5,0.0,1556.0,0.044,5920.0,0.5343,1.3130000000000002,3.63,1.3506671834767394,1.7334238922150915,7.463773173683649,1.40402892006356,0.9508853766386541
Kepler-207 d,Kepler-207,3.31,0.0,1254.0,0.068,5920.0,0.5343,1.3130000000000002,3.63,2.4849066497880004,0.9820784724121581,6.597969373490095,1.926883863185272,0.9508853766386541
Kepler-208 b,Kepler-208,1.63,0.0,1379.0,0.054,6092.0,0.30912,1.082,4.68,1.4562867329399256,1.6428726885203377,6.462367771596553,1.654151206020108,0.8389776287714849
Kepler-208 c,Kepler-208,1.39,0.0,1141.0,0.079,6092.0,0.30912,1.082,4.68,1.2556160374777745,1.8148247421590513,5.707658287314549,2.1361317278627663,0.8389776287714849
Kepler-208 d,Kepler-208,1.2,0.0,999.0,0.103,6092.0,0.30912,1.082,4.68,1.0543120297715298,1.9387416595767009,5.177747325798409,2.4958289503697384,0.8389776287714849
Kepler-208 e,Kepler-208,1.48,0.0,880.0,0.132,6092.0,0.30912,1.082,4.68,1.332366019094335,1.7457155307266483,4.676047946621528,2.8483602830764787,0.8389776287714849
Kepler-209 b,Kepler-209,2.26,0.0,668.0,0.122,5513.0,-0.12879,0.971,1.95,1.9065751436566365,1.3164082336557241,3.9052400531313136,2.8383673920437618,0.6601073264817452
Kepler-209 c,Kepler-209,3.1,0.0,486.0,0.231,5513.0,-0.12879,0.971,1.95,2.379546134130174,1.0331844833456545,2.68355256950181,3.7553664351450418,0.6601073264817452
Kepler-21 b,Kepler-21,1.639,0.0,2015.0,0.0434,6305.0,0.715,1.408,2.84,2.1400661634962708,2.33214389523559,7.919356190660617,1.3312628250475134,1.065400154461996
Kepler-210 b,Kepler-210,2.94,0.0,737.0,0.032,4559.0,-0.79874,0.77,1.78,2.298577071596507,1.0784095813505903,4.813313798612019,1.2393111832707573,0.5007752879124893
Kepler-210 c,Kepler-210,3.62,0.0,497.0,0.07,4559.0,-0.79874,0.77,1.78,2.624668592163159,0.9082585601768908,3.2748780149834857,2.1941657929101277,0.5007752879124893
Kepler-211 b,Kepler-211,1.26,0.0,954.0,0.048,5123.0,-0.4133,0.867,1.55,1.1410330045520618,1.9242486522741338,5.0700858936848805,1.6367758036756086,0.5966362801791015
Kepler-212 b,Kepler-212,1.09,0.0,830.0,0.133,5852.0,0.38347,1.166,5.13,0.8415671856782186,1.8870696490323797,4.904281692899586,2.848251583141499,0.8981267612464839
Kepler-212 c,Kepler-212,2.74,0.0,664.0,0.207,5852.0,0.38347,1.166,5.13,2.191653532286764,1.1378330018213914,4.019297687899189,3.490586246852276,0.8981267612464839
Kepler-213 b,Kepler-213,1.62,0.0,1326.0,0.036,5696.0,0.082,1.07,1.62,1.449269160281279,1.6505798557652755,6.726795594419076,1.2419504374830161,0.7861820465271349
Kepler-213 c,Kepler-213,2.34,0.0,1060.0,0.057,5696.0,0.082,1.07,1.62,1.9572739077056285,1.2837077723447896,5.830520846873122,1.7618090669879056,0.7861820465271349
Kepler-214 b,Kepler-214,2.61,0.0,758.0,0.13,6169.0,0.5108,1.11,1.58,2.1186622548331173,1.1817271953786161,5.285242258660315,2.8130432892668216,0.8552660300363806
Kepler-214 c,Kepler-214,2.13,0.0,619.0,0.194,6169.0,0.5108,1.11,1.58,1.8213182714695995,1.3737155789130306,4.480105704833517,3.3938303113165884,0.8552660300363806
Kepler-215 b,Kepler-215,1.62,0.0,784.0,0.084,5739.0,-0.1172,0.788,1.62,1.449269160281279,1.6505798557652755,4.6641275363266175,2.338017099592567,0.7065568674698629
Kepler-215 c,Kepler-215,1.77,0.0,675.0,0.1129999999999999,5739.0,-0.1172,0.788,1.62,1.5644405465033646,1.55814461804655,4.072337506959011,2.751563482857942,0.7065568674698629
Kepler-215 d,Kepler-215,2.39,0.0,527.0,0.185,5739.0,-0.1172,0.788,1.62,3.202746442938317,2.3513752571634776,3.109239514347586,3.461490120960699,0.7065568674698629
Kepler-215 e,Kepler-215,1.75,0.0,405.0,0.314,5739.0,-0.1172,0.788,1.62,1.5496879080283263,1.5686159179138452,2.133456129986074,4.236437264525691,0.7065568674698629
Kepler-216 b,Kepler-216,2.35,0.0,1069.0,0.079,6091.0,0.51836,1.126,0.28,1.9629077254238845,1.2781522025001875,6.293482123452125,2.1625918388683867,0.8153648132841945
Kepler-216 c,Kepler-216,3.04,0.0,814.0,0.136,6091.0,0.51836,1.126,0.28,2.349468678892896,1.0473189942805592,5.209797579752862,2.9127130445995553,0.8153648132841945
Kepler-217 b,Kepler-217,2.23,0.0,1413.0,0.065,6171.0,0.75356,1.342,2.4,1.8870696490323797,1.3270750014599193,7.220722715141898,1.8523751498280467,1.0292622105333165
Kepler-217 c,Kepler-217,1.85,0.0,1208.0,0.089,6171.0,0.75356,1.342,2.4,1.6253112615903906,1.5129270120532565,6.595518184473973,2.2603041180125456,1.0292622105333165
Kepler-217 d,Kepler-217,1.32,0.0,1574.0,0.0534,6341.0,0.75356,1.37,2.63,1.1939224684724346,1.8718021769015913,7.650050654848812,1.586557183640454,1.0152306797290587
Kepler-218 b,Kepler-218,1.48,0.0,1156.0,0.046,5502.0,0.00935,1.019,3.02,1.332366019094335,1.7457155307266483,6.134820024993271,1.5302511883020988,0.7241612340891147
Kepler-218 c,Kepler-218,3.14,0.0,500.0,0.248,5502.0,0.00935,1.019,3.02,2.3978952727983707,1.0188473201992472,2.841823231196714,3.8220890199577755,0.7241612340891147
Kepler-218 d,Kepler-218,2.66,0.0,356.0,0.4988399999999999,5542.0,0.00935,1.01,5.62,2.1471001901536506,1.1662709371419244,1.6327637377375972,4.832500677422531,0.7030975114131134
Kepler-219 b,Kepler-219,2.95,0.0,1307.0,0.057,5786.0,0.2139,1.164,4.0,2.303584593327129,1.0750024230289759,6.126283860007019,1.7201761024464741,0.9126842362800434
Kepler-219 c,Kepler-219,3.58,0.0,766.0,0.165,5786.0,0.2139,1.164,4.0,2.6026896854443837,0.9162907318741551,4.009240456143505,3.1660914404108134,0.9126842362800434
Kepler-219 d,Kepler-219,2.81,0.0,598.0,0.272,5786.0,0.2139,1.164,4.0,3.0007198150650303,1.7457155307266483,3.044998514856909,3.8898519335801685,0.9126842362800434
Kepler-220 b,Kepler-220,0.81,0.0,759.0,0.046,4632.0,-0.67594,0.7289999999999999,6.0,0.3763795272130677,1.7457155307266483,4.663448528029832,1.6408991756931828,0.510425543744651
Kepler-220 c,Kepler-220,1.57,0.0,586.0,0.076,4632.0,-0.67594,0.7289999999999999,6.0,1.4085449700547104,1.6845453849209058,3.645998048795567,2.3059991584346626,0.510425543744651
Kepler-220 d,Kepler-220,0.98,0.0,401.0,0.163,4632.0,-0.67594,0.7289999999999999,6.0,0.6439569363691736,1.8373699804801074,2.2200726714195813,3.371507534501267,0.510425543744651
Kepler-220 e,Kepler-220,1.33,0.0,341.0,0.226,4632.0,-0.67594,0.7289999999999999,6.0,1.2029723039923526,1.8625285401162623,1.662789087931095,3.8480759466755416,0.510425543744651
Kepler-221 b,Kepler-221,1.71,0.0,1090.0,0.037,5243.0,-0.40429,0.8539999999999999,1.78,1.9395686556506577,0.173953307123438,5.7362012609117015,1.333923117532751,0.5993858007454709
Kepler-221 c,Kepler-221,2.93,0.0,860.0,0.059,5243.0,-0.40429,0.8539999999999999,1.78,2.33214389523559,1.0784095813505903,4.794434254348621,1.9007014637270765,0.5993858007454709
Kepler-221 d,Kepler-221,2.73,0.0,712.0,0.087,5243.0,-0.40429,0.8539999999999999,1.78,1.5282278570085572,0.6418538861723948,4.048178452209193,2.4016663352142564,0.5993858007454709
Kepler-221 e,Kepler-221,2.63,0.0,582.0,0.13,5243.0,-0.40429,0.8539999999999999,1.78,2.1823432870378836,0.4510756193602167,3.2640786096990295,2.963721192432956,0.5993858007454709
Kepler-222 b,Kepler-222,3.16,0.0,1004.0,0.048,5433.0,-0.33784,0.933,1.17,2.4069451083182885,1.0152306797290587,5.336426885630721,1.596754010778334,0.6254035284734258
Kepler-222 c,Kepler-222,4.64,0.0,734.0,0.091,5433.0,-0.33784,0.933,1.17,3.0155349008501706,0.7275486072772778,4.095610427343335,2.4059364917274357,0.6254035284734258
Kepler-222 d,Kepler-222,3.69,0.0,522.0,0.18,5433.0,-0.33784,0.933,1.17,2.653241964607215,0.8919980393051105,2.778011492408171,3.370116400160026,0.6254035284734258
Kepler-223 b,Kepler-223,2.99,0.078,1042.0,0.07525,5803.0,0.37128,1.125,8.91,2.128231705849268,0.9321640810304452,6.09819337619786,2.1263835705273526,1.000631880307906
Kepler-223 c,Kepler-223,3.44,0.15,947.0,0.09117,5803.0,0.37128,1.125,8.91,1.8082887711792655,0.5364933705145685,5.715295939614092,2.383763155907834,1.000631880307906
Kepler-223 d,Kepler-223,5.24,0.037,827.0,0.11956,5803.0,0.37128,1.125,8.91,2.1972245773362196,0.2700271372130601,5.175872858089434,2.7592938609246525,1.000631880307906
Kepler-223 e,Kepler-223,4.6,0.051,751.0,0.14481,5803.0,0.37128,1.125,8.91,1.7578579175523736,0.2468600779315258,4.794814863161827,3.031373028604969,1.000631880307906
Kepler-224 b,Kepler-224,1.39,0.0,937.0,0.038,5018.0,-0.51445,0.777,2.29,1.2556160374777745,1.8148247421590513,5.310685564083501,1.4189851467807992,0.5164100020598913
Kepler-224 c,Kepler-224,3.12,0.0,758.0,0.058,5018.0,-0.51445,0.777,2.29,2.3896797998449797,1.0260415958332743,4.46971694780087,1.9351384852863047,0.5164100020598913
Kepler-224 d,Kepler-224,2.3,0.0,610.0,0.089,5018.0,-0.51445,0.777,2.29,1.9315214116032138,1.297463147413275,3.618805641477688,2.5136069120685245,0.5164100020598913
Kepler-224 e,Kepler-224,1.97,0.0,517.0,0.124,5018.0,-0.51445,0.777,2.29,1.7119945007591926,1.449269160281279,2.982241683371492,2.977750414652545,0.5164100020598913
Kepler-225 b,Kepler-225,1.2,0.0,579.0,0.056,3682.0,-0.99568,0.593,2.88,1.0543120297715298,1.9387416595767009,3.6859501679413595,2.046269249891581,0.3920420877760237
Kepler-225 c,Kepler-225,1.84,0.0,412.0,0.111,3682.0,-0.99568,0.593,2.88,1.617406082083277,1.5173226235262947,2.3890379807242446,2.9853906831687937,0.3920420877760237
Kepler-226 c,Kepler-226,2.27,0.0,919.0,0.058,5571.0,-0.23921,0.904,4.17,3.832979798087693,3.100092288878234,5.201327276484285,1.8483847317088131,0.5888971591861462
Kepler-226 d,Kepler-226,1.22,0.0,800.0,0.076,5571.0,-0.23921,0.904,4.17,1.091923300517313,1.9444805562457188,4.6505736694419415,2.2092677661385354,0.5888971591861462
Kepler-227 b,Kepler-227,3.11,0.0,793.0,0.09,5854.0,-0.12113,0.954,3.98,2.3841650799864684,1.0296194171811583,4.66004655349545,2.350233176666326,0.7376424204464965
Kepler-227 c,Kepler-227,3.04,0.0,443.0,0.2899999999999999,5854.0,-0.12113,0.954,3.98,2.349468678892896,1.0473189942805592,2.414662996399396,4.014916973657342,0.7376424204464965
Kepler-228 b,Kepler-228,1.53,0.0,1360.0,0.038,6043.0,0.11115,1.006,6.76,1.3762440252663892,1.7119945007591926,6.762470513858497,1.2715976204517425,0.7001227942963706
Kepler-228 c,Kepler-228,2.7,0.0,1160.0,0.052,6043.0,0.11115,1.006,6.76,2.169053700369523,1.1505720275988207,6.127563266327492,1.6359715609846015,0.7001227942963706
Kepler-228 d,Kepler-228,4.04,0.0,835.0,0.101,6043.0,0.11115,1.006,6.76,2.797281334830153,0.8241754429663495,4.818489638481535,2.4927331096613714,0.7001227942963706
Kepler-229 b,Kepler-229,2.2,0.0,823.0,0.062,5120.0,-0.53795,0.808,2.04,1.8687205103641835,1.3428648031925547,4.346619640042558,1.9814113159022946,0.5469646703818638
Kepler-229 c,Kepler-229,4.92,0.0,600.0,0.117,5120.0,-0.53795,0.808,2.04,3.1135153092103742,0.6891391591624065,3.119585735720989,2.837242744519339,0.5469646703818638
Kepler-229 d,Kepler-229,3.85,0.0,439.0,0.22,5120.0,-0.53795,0.808,2.04,2.7212954278522306,0.8628899551470399,1.968789271576241,3.7422996450525945,0.5469646703818638
Kepler-23 b,Kepler-23,1.638,0.017,1157.0,0.07212,5828.0,0.39783,1.078,9.12,1.269760544863939,1.431953438071591,6.1027979395700696,2.0918640616783932,0.935308737709917
Kepler-23 c,Kepler-23,3.005,0.021,1008.0,0.09501,5828.0,0.39783,1.078,9.12,2.175887439948088,0.9465847977237344,5.554470071469192,2.4630018143999504,0.935308737709917
Kepler-23 d,Kepler-23,2.206,0.01,896.0,0.12012,5828.0,0.39783,1.078,9.12,1.6937790608678513,1.1819060137454873,5.08783087562687,2.7893229212309465,0.935308737709917
Kepler-230 b,Kepler-230,4.26,0.0,506.0,0.191,5588.0,-0.36784,0.784,1.8,2.8791984572980396,0.7839015438284094,2.5506943903260035,3.515286343361996,0.5971867894140341
Kepler-230 c,Kepler-230,2.04,0.0,359.0,0.38,5588.0,-0.36784,0.784,1.8,1.7613002617433464,1.415853163361435,1.3802762887943276,4.530158257696794,0.5971867894140341
Kepler-231 b,Kepler-231,1.73,0.0,488.0,0.074,3767.0,-1.03621,0.58,3.15,3.594568774642695,2.6946271807700692,2.76499748154396,2.403811826334712,0.3987761199573678
Kepler-231 c,Kepler-231,1.93,0.0,393.0,0.114,3767.0,-1.03621,0.58,3.15,3.2228678461377385,0.6780335427498971,1.9833435516344988,3.009219214509832,0.3987761199573678
Kepler-232 b,Kepler-232,3.08,0.0,1104.0,0.054,5847.0,0.05183,0.97,1.4,2.3693087250369538,1.0367368849500223,6.020010700871754,1.692164154667298,0.6770177986300616
Kepler-232 c,Kepler-232,3.83,0.0,806.0,0.101,5847.0,0.05183,0.97,1.4,2.70805020110221,0.8628899551470399,4.766642568046085,2.516029681059604,0.6770177986300616
Kepler-233 b,Kepler-233,2.43,0.0,751.0,0.077,5360.0,-0.32754,0.855,0.6,2.012232791986386,1.247032293786383,4.45586939309012,2.2483804067203335,0.5641767992629853
Kepler-233 c,Kepler-233,2.71,0.0,390.0,0.287,5360.0,-0.32754,0.855,0.6,2.174751721484161,1.1474024528375417,1.9733863403393312,4.1177185008659825,0.5641767992629853
Kepler-234 b,Kepler-234,3.7,0.0,1420.0,0.04,6224.0,0.23955,1.129,2.88,2.653241964607215,0.8878912573524571,6.916433513935584,1.3114377241712212,0.7481087386339197
Kepler-234 c,Kepler-234,3.51,0.0,1025.0,0.077,6224.0,0.23955,1.129,2.88,2.5726122302071057,0.9321640810304452,5.614236980411057,2.105602587788906,0.7481087386339197
Kepler-235 b,Kepler-235,2.23,0.0,731.0,0.037,4255.0,-1.10237,0.581,6.0,1.8870696490323797,1.3270750014599193,3.8066624897703196,1.4679254988778234,0.4408322519454557
Kepler-235 c,Kepler-235,1.28,0.0,555.0,0.065,4255.0,-1.10237,0.581,6.0,1.1568811967920856,1.9035989509835904,2.7212954278522306,2.1775777245732235,0.4408322519454557
Kepler-235 d,Kepler-235,2.05,0.0,401.0,0.122,4255.0,-1.10237,0.581,6.0,1.7681496035889213,1.410986973710262,1.6154199841116479,3.0474015272599795,0.4408322519454557
Kepler-235 e,Kepler-235,2.22,0.0,306.0,0.213,4255.0,-1.10237,0.581,6.0,1.8809906029559977,1.332366019094335,0.8458682675776092,3.8540478369584537,0.4408322519454557
Kepler-236 b,Kepler-236,1.57,0.0,469.0,0.065,3750.0,-1.22915,0.596005,0.91,1.4085449700547104,1.6845453849209058,2.8113285505557117,2.2295423532787395,0.412109650826833
Kepler-236 c,Kepler-236,2.0,0.0,329.0,0.132,3750.0,-1.22915,0.596005,0.91,1.7334238922150915,1.4350845252893227,1.5690324977990615,3.217600091466276,0.412109650826833
Kepler-237 b,Kepler-237,1.41,0.0,823.0,0.05,4861.0,-0.47742,0.6959999999999998,3.02,1.2725655957915476,1.7984040119467237,4.835972335229573,1.7431128447563076,0.5452270504833231
Kepler-237 c,Kepler-237,2.08,0.0,687.0,0.071,4861.0,-0.47742,0.6959999999999998,3.02,1.7884205679625405,1.3962446919730587,4.121343456388876,2.208673894159349,0.5452270504833231
Kepler-238 c,Kepler-238,2.39,0.0,1146.0,0.069,5751.0,0.43048,1.229,4.79,5.033843879233137,1.4350845252893227,6.385696802283018,1.9678892576374223,0.8878912573524571
Kepler-238 d,Kepler-238,3.07,0.0,888.0,0.115,5751.0,0.43048,1.229,4.79,3.1822118404966093,1.3737155789130306,5.3682164939277035,2.6556017836764996,0.8878912573524571
Kepler-238 e,Kepler-238,5.6,0.0,731.0,0.17286,5800.0,0.43048,1.06,4.79,5.139907629800395,0.43178241642553783,4.599765607529232,3.204939159129328,0.6729444732424258
Kepler-238 f,Kepler-238,2.0,0.0,568.0,0.28635,5800.0,0.43048,1.06,4.79,2.6741486494265287,0.9932517730102834,3.6073710895565654,3.9405521515421196,0.6729444732424258
Kepler-239 b,Kepler-239,2.33,0.0,616.0,0.095,4914.0,-0.47489,0.7569999999999999,3.31,1.951608170169951,1.2864740258376797,3.5764383747681867,2.546554355918293,0.5670169034157332
Kepler-239 c,Kepler-239,2.51,0.0,366.0,0.268,4914.0,-0.47489,0.7569999999999999,3.31,2.060513531794317,1.2178757094949273,1.6705330117939114,4.047045001551073,0.5670169034157332
Kepler-24 b,Kepler-24,2.348,0.023,1050.0,0.08045,6028.0,0.064,1.06,3.02,2.4965057856313524,1.73810795783475,5.534361348334756,2.2126603854660587,0.741461040838496
Kepler-24 c,Kepler-24,2.514,0.014,915.0,0.10612,6028.0,0.064,1.06,3.02,2.3969857684155302,1.485787145263084,4.982420987615083,2.5900171341906173,0.741461040838496
Kepler-24 e,Kepler-24,2.78,0.0,792.0,0.138,5897.0,0.064,1.046,3.02,3.303650702757143,0.2700271372130601,4.412871017968863,2.9956500201712744,0.8281150409704297
Kepler-240 b,Kepler-240,1.37,0.0,864.0,0.048,4985.0,-0.52355,0.8680000000000001,1.91,1.2383742310432684,1.8309801823813363,4.967978283630271,1.637927210921505,0.553310235372146
Kepler-241 b,Kepler-241,2.33,0.0,562.0,0.094,4699.0,-0.60729,0.671,13.9,1.951608170169951,1.2864740258376797,3.202746442938317,2.618715545571626,0.511625303936555
Kepler-241 c,Kepler-241,2.57,0.0,397.0,0.189,4699.0,-0.60729,0.671,13.9,2.0955609235597192,1.1969481893889715,1.9286186519452522,3.6126995138390874,0.511625303936555
Kepler-242 b,Kepler-242,2.61,0.0,742.0,0.075,5020.0,-0.61267,0.748,2.69,2.1186622548331173,1.1817271953786161,3.801493598483071,2.219632739737677,0.6151856390902335
Kepler-242 c,Kepler-242,2.0,0.0,613.0,0.109,5020.0,-0.61267,0.748,2.69,1.7334238922150915,1.4350845252893227,3.067959907550872,2.740612965891412,0.6151856390902335
Kepler-243 b,Kepler-243,2.45,0.0,850.0,0.062,5228.0,-0.37337,0.904,1.86,2.0241930674493576,1.2383742310432684,4.7579341905397206,1.9044096505937866,0.6108519378331151
Kepler-243 c,Kepler-243,1.99,0.0,559.0,0.142,5228.0,-0.37337,0.904,1.86,1.7263316639055994,1.4398351280479205,3.1232455938529506,3.045770135215557,0.6108519378331151
Kepler-244 b,Kepler-244,2.76,0.0,1038.0,0.05,5554.0,-0.25619,0.933,2.4,2.2027647577118348,1.1314021114911006,5.494997838920852,1.6699292547809859,0.5894519442211803
Kepler-244 c,Kepler-244,2.05,0.0,791.0,0.087,5554.0,-0.25619,0.933,2.4,1.7681496035889213,1.410986973710262,4.413694861000678,2.3765130203692504,0.5894519442211803
Kepler-244 d,Kepler-244,2.31,0.0,622.0,0.14,5554.0,-0.25619,0.933,2.4,2.785011242238338,2.0515563381903004,3.474045036139574,3.046919609828179,0.5894519442211803
Kepler-245 b,Kepler-245,2.57,0.0,753.0,0.071,5100.0,-0.39579,0.856,3.63,4.995724681360501,0.11332868530700317,4.366265579212419,2.138911379342573,0.5850050219402422
Kepler-245 c,Kepler-245,2.18,0.0,568.0,0.124,5100.0,-0.39579,0.856,3.63,3.3214324131932926,2.341805806147327,3.2639256694219094,2.915650215106223,0.5850050219402422
Kepler-245 d,Kepler-245,3.03,0.0,445.0,0.202,5100.0,-0.39579,0.856,3.63,3.1179499062782403,0.011038847115216341,2.3506130620046273,3.61837941170099,0.5850050219402422
Kepler-246 b,Kepler-246,2.34,0.0,896.0,0.052,5206.0,-0.41338,0.853,1.26,1.9572739077056285,1.2837077723447896,4.960134667920373,1.7230915449400435,0.6048622656923737
Kepler-246 c,Kepler-246,1.5,0.0,667.0,0.095,5206.0,-0.41338,0.853,1.26,1.3506671834767394,1.7334238922150915,3.7889057681810607,2.500383020552495,0.6048622656923737
Kepler-247 b,Kepler-247,1.64,0.0,970.0,0.042,5100.0,-0.42165,0.887,2.14,1.4655675420143985,1.6389967146756448,5.380408743495651,1.466989163825547,0.5698489642154517
Kepler-247 c,Kepler-247,4.09,0.0,686.0,0.084,5100.0,-0.42165,0.887,2.14,2.8154087194227095,0.8153648132841945,4.005495133413343,2.3455920906553662,0.5698489642154517
Kepler-247 d,Kepler-247,3.94,0.0,530.0,0.14,5100.0,-0.42165,0.887,2.14,2.7536607123542622,0.8415671856782186,3.0061775314155295,3.0670250582118754,0.5698489642154517
Kepler-248 b,Kepler-248,3.02,0.0,819.0,0.066,5190.0,-0.41834,0.8379999999999999,2.34,2.339880877737743,1.0543120297715298,4.385906597872319,1.988997689572791,0.6048622656923737
Kepler-248 c,Kepler-248,4.07,0.0,598.0,0.123,5190.0,-0.41834,0.8379999999999999,2.34,2.8094026953624973,0.8197798314933114,3.155254216570876,2.847202914456789,0.6048622656923737
Kepler-249 b,Kepler-249,1.09,0.0,554.0,0.035,3568.0,-1.49485,0.510238,3.86,0.8415671856782186,1.8870696490323797,3.229222116922345,1.460134565284107,0.39339252687389514
Kepler-249 c,Kepler-249,1.51,0.0,429.0,0.058,3568.0,-1.49485,0.510238,3.86,1.358409157630355,1.724550719534605,2.6048355296212233,2.0935542374645113,0.39339252687389514
Kepler-249 d,Kepler-249,1.57,0.0,332.0,0.097,3568.0,-1.49485,0.510238,3.86,1.4085449700547104,1.6845453849209058,1.7000096106184874,2.7953562513380805,0.39339252687389514
Kepler-25 b,Kepler-25,2.748,0.0029,1185.0,0.0695,6354.0,0.4216,1.165,2.75,2.272125885509337,1.199964782928397,6.298875714740758,1.9793859577343529,0.8398415597107488
Kepler-25 c,Kepler-25,5.217,0.0061,934.0,0.1117,6354.0,0.4216,1.165,2.75,2.785011242238338,0.46247536282494395,5.352672967285588,2.618905641404406,0.8398415597107488
Kepler-25 d,Kepler-25,10.0,0.13,473.0100000000001,0.4164221832,6354.0,0.4216,1.165,2.75,4.289088639014612,0.33289441527332897,2.5631535093118947,4.8154311114712876,0.8398415597107488
Kepler-250 b,Kepler-250,1.13,0.0,938.0,0.048,5160.0,-0.45709,0.8060000000000002,13.2,0.9202827531436926,1.9095425048844383,5.00463734229262,1.6386356786361902,0.5905605917848442
Kepler-250 c,Kepler-250,2.28,0.0,782.0,0.069,5160.0,-0.45709,0.8060000000000002,13.2,1.9198594718553708,1.308332819650179,4.283572768662055,2.0988524255879266,0.5905605917848442
Kepler-250 d,Kepler-250,2.18,0.0,579.0,0.127,5160.0,-0.45709,0.8060000000000002,13.2,1.8547342683894434,1.3506671834767394,3.1118695111830332,2.925755632610225,0.5905605917848442
Kepler-251 b,Kepler-251,1.33,0.0,990.0,0.053,5526.0,-0.17197,0.891,2.0,1.2029723039923526,1.8625285401162623,5.318948082256895,1.7562939365507406,0.636576829071551
Kepler-251 c,Kepler-251,2.77,0.0,655.0,0.122,5526.0,-0.17197,0.891,2.0,2.2082744135228043,1.128171090909654,3.6877037632602145,2.863003016275733,0.636576829071551
Kepler-251 d,Kepler-251,2.77,0.0,536.0,0.182,5526.0,-0.17197,0.891,2.0,2.2082744135228043,1.128171090909654,2.916526715373016,3.438268381991513,0.636576829071551
Kepler-251 e,Kepler-251,2.77,0.0,360.0,0.404,5526.0,-0.17197,0.891,2.0,2.2082744135228043,1.128171090909654,1.5146875758882896,4.611551392712377,0.636576829071551
Kepler-252 b,Kepler-252,1.23,0.0,587.0,0.058,4208.0,-0.78566,0.61,13.9,1.1118575154181303,1.9487632180377197,3.695457769474059,2.0371068150153713,0.4376095614347316
Kepler-252 c,Kepler-252,2.15,0.0,499.0,0.08,4208.0,-0.78566,0.61,13.9,1.8357763546448291,1.3635373739972745,3.0683784635388447,2.4721981545274154,0.4376095614347316
Kepler-253 b,Kepler-253,1.63,0.0,949.0,0.046,5208.0,-0.38741,0.86,3.72,1.4562867329399256,1.6428726885203377,5.274772345222847,1.565274090222644,0.5799784824543073
Kepler-253 c,Kepler-253,2.65,0.0,680.0,0.089,5208.0,-0.38741,0.86,3.72,2.1412419425852827,1.169381359556317,3.956479985376674,2.4232041921067924,0.5799784824543073
Kepler-253 d,Kepler-253,3.17,0.0,563.0,0.13,5208.0,-0.38741,0.86,3.72,2.4159137783010487,1.0152306797290587,3.222230192680774,2.9507280561353486,0.5799784824543073
Kepler-254 b,Kepler-254,3.87,0.0,1013.0,0.064,5957.0,-0.12491,0.8489999999999999,0.3,2.72785282839839,0.8586616190375187,5.222197371633361,1.9208358279092137,0.6471032420585385
Kepler-254 c,Kepler-254,2.15,0.0,787.0,0.105,5957.0,-0.12491,0.8489999999999999,0.3,1.4350845252893227,1.0188473201992472,4.222811066594402,2.596163473008362,0.6471032420585385
Kepler-254 d,Kepler-254,2.5,0.0,686.0,0.139,5957.0,-0.12491,0.8489999999999999,0.3,2.0541237336955462,1.2208299213923592,3.684971829282919,2.982975095688736,0.6471032420585385
Kepler-255 b,Kepler-255,1.55,0.0,971.0,0.063,5573.0,-0.18311,0.867,2.4,1.3912819026309298,1.6974487897568138,5.167040573260391,1.9042851536446945,0.6590732002261939
Kepler-255 c,Kepler-255,2.99,0.0,807.0,0.092,5573.0,-0.18311,0.867,2.4,2.3243465847755584,1.0647107369924282,4.433954727534241,2.3929783865184646,0.6590732002261939
Kepler-255 d,Kepler-255,1.32,0.0,1710.0,0.0192,5431.0,-0.18311,0.9,4.37,1.1939224684724346,1.8718021769015913,7.430760430263439,0.7157022213902816,0.6205764877251099
Kepler-256 b,Kepler-256,1.59,0.0,1681.0,0.027,5551.0,-0.0591,1.037,1.82,1.423108334242607,1.6695918352538475,7.112273653533141,0.9633624680105707,0.8333438110532286
Kepler-256 c,Kepler-256,2.15,0.0,1315.0,0.045,5551.0,-0.0591,1.037,1.82,1.8357763546448291,1.3635373739972745,6.127013278535578,1.478878100287738,0.8333438110532286
Kepler-256 d,Kepler-256,2.48,0.0,1097.0,0.064,5551.0,-0.0591,1.037,1.82,2.0425181875752383,1.2296405510745139,5.403127730900382,1.9226666716754188,0.8333438110532286
Kepler-256 e,Kepler-256,2.35,0.0,897.0,0.096,5551.0,-0.0591,1.037,1.82,1.9629077254238845,1.2781522025001875,4.604169685654508,2.4580125573848846,0.8333438110532286
Kepler-257 b,Kepler-257,2.61,0.0,1237.0,0.034,5180.0,-0.37756,0.916,1.48,2.1186622548331173,1.1817271953786161,5.842384324093829,1.2186644516105054,0.7114781372446687
Kepler-257 c,Kepler-257,5.41,0.0,881.0,0.066,5180.0,-0.37756,0.916,1.48,3.265759410767051,0.6286086594223741,4.4953553199808844,2.0257089588563133,0.7114781372446687
Kepler-257 d,Kepler-257,4.95,0.0,567.0,0.16,5180.0,-0.37756,0.916,1.48,3.122364924487357,0.6846108495376589,2.785011242238338,3.245110701216724,0.7114781372446687
Kepler-258 b,Kepler-258,4.06,0.0,642.0,0.103,4942.0,-0.57541,0.8200000000000001,13.7,2.803360380906535,0.8197798314933114,3.3600628383036004,2.65304617079297,0.6497176226326093
Kepler-258 c,Kepler-258,3.61,0.0,470.0,0.1929999999999999,4942.0,-0.57541,0.8200000000000001,13.7,2.617395832834079,0.9082585601768908,2.1955565202355225,3.545386581716954,0.6497176226326093
Kepler-259 b,Kepler-259,2.8,0.0,879.0,0.079,5938.0,-0.15271,0.867,0.4,2.224623551524334,1.1216775615991057,4.740146783800334,2.209956185364619,0.6408007001877362
Kepler-259 c,Kepler-259,2.7,0.0,530.0,0.217,5938.0,-0.15271,0.867,0.4,2.169053700369523,1.1505720275988207,2.7759580397093853,3.6356087058525848,0.6408007001877362
Kepler-26 b,Kepler-26,2.78,0.021,431.0,0.08551,3914.0,-1.06048,0.544,2.95,1.8115620965242347,0.8153648132841945,2.151762203259462,2.5862591440482876,0.4134332777573413
Kepler-26 c,Kepler-26,2.72,0.013,385.0,0.10725,3914.0,-1.06048,0.544,2.95,1.9740810260220096,0.9593502213346021,1.7613002617433464,2.904488315453534,0.4134332777573413
Kepler-26 d,Kepler-26,1.07,0.0,652.0,0.039,4486.0,-1.06048,0.593,2.95,0.8064758658669486,1.8809906029559977,3.4901235908565567,1.513789855555745,0.4517123592734841
Kepler-26 e,Kepler-26,2.41,0.0,276.0,0.22,4486.0,-1.06048,0.593,2.95,2.0001277349601105,1.2556160374777745,1.0126912261604701,3.867609464854115,0.4517123592734841
Kepler-260 b,Kepler-260,2.01,0.0,782.0,0.075,5250.0,-0.09198,1.013,1.15,1.7404661748405044,1.430311246536665,4.891356139812334,2.2178328712812503,0.6216511788548753
Kepler-260 c,Kepler-260,1.74,0.0,372.0,0.332,5250.0,-0.09198,1.013,1.15,1.5432981099295553,1.5769147207285403,2.0509134580652977,4.344456871951646,0.6216511788548753
Kepler-261 b,Kepler-261,2.18,0.0,672.0,0.0879999999999999,5098.0,-0.471,0.834,0.87,1.8547342683894434,1.3506671834767394,3.8454343842708583,2.431965243624084,0.5844477636366044
Kepler-261 c,Kepler-261,2.0,0.0,505.0,0.156,5098.0,-0.471,0.834,0.87,1.7334238922150915,1.4350845252893227,2.741613917940351,3.2414533436873443,0.5844477636366044
Kepler-262 b,Kepler-262,1.36,0.0,734.0,0.108,5841.0,-0.13988,0.816,3.55,1.2296405510745139,1.8389610707123492,3.935133879925238,2.643394695344427,0.6318035503188933
Kepler-262 c,Kepler-262,1.64,0.0,618.0,0.152,5841.0,-0.13988,0.816,3.55,1.4655675420143985,1.6389967146756448,3.26804686887465,3.129113992477964,0.6318035503188933
Kepler-263 b,Kepler-263,2.67,0.0,548.0,0.12,5265.0,-0.45614,0.793,2.24,2.1529243184396396,1.1631508098056809,3.2311205512846377,2.8660840175006506,0.5794184152316024
Kepler-263 c,Kepler-263,2.47,0.0,386.0,0.242,5265.0,-0.45614,0.793,2.24,2.0360119837525,1.2325602611778486,1.9450526386411842,3.878109860581816,0.5794184152316024
Kepler-264 b,Kepler-264,3.33,0.0,772.0,0.249,6158.0,0.68915,1.4260000000000002,2.45,2.4932054526026954,0.9745596399981308,4.387983855148009,3.7330453954069776,0.9360933591703346
Kepler-264 c,Kepler-264,2.83,0.0,511.0,0.5659999999999998,6158.0,0.68915,1.4260000000000002,2.45,2.2407096892759584,1.1118575154181303,2.794044394269071,4.949477795743001,0.9360933591703346
Kepler-265 b,Kepler-265,1.86,0.0,1022.0,0.069,5835.0,0.00548,0.97,0.28,1.6331544390514163,1.5085119938441398,5.399645764132459,2.0600372400414573,0.7433648967205627
Kepler-265 c,Kepler-265,2.63,0.0,755.0,0.127,5835.0,0.00548,0.97,0.28,2.1294214739848565,1.1755733298042381,4.195079395889834,2.8919780781837763,0.7433648967205627
Kepler-265 d,Kepler-265,2.49,0.0,554.0,0.236,5835.0,0.00548,0.97,0.28,2.048982334195127,1.2267122912954256,2.9927779137275543,3.787153804602253,0.7433648967205627
Kepler-265 e,Kepler-265,2.59,0.0,476.0,0.319,5835.0,0.00548,0.97,0.28,2.1065702090680887,1.1878434223960523,2.4295701047485343,4.231654573533373,0.7433648967205627
Kepler-266 b,Kepler-266,2.48,0.0,1066.0,0.071,5885.0,0.01163,0.9469999999999998,4.79,2.0425181875752383,1.2296405510745139,5.444160779239064,2.030557185574483,0.7070500857289368
Kepler-266 c,Kepler-266,3.89,0.0,421.0,0.4569999999999999,5885.0,0.01163,0.9469999999999998,4.79,2.7343675094195836,0.8501509293696101,1.8858567926071705,4.688808891075095,0.7070500857289368
Kepler-267 c,Kepler-267,2.13,0.0,484.0,0.06,4258.0,-1.22915,0.541571,3.06,1.8213182714695995,1.3737155789130306,2.9222471842915136,2.064004247437781,0.4414755456311975
Kepler-267 d,Kepler-267,2.27,0.0,301.0,0.1539999999999999,4258.0,-1.22915,0.541571,3.06,1.9125010869241836,1.3110318766193438,1.293904911826543,3.383186657947381,0.4414755456311975
Kepler-268 b,Kepler-268,2.55,0.0,695.0,0.18,6081.0,0.31808,1.109,1.71,2.084429083190875,1.2029723039923526,4.188639074895994,3.2933945526502777,0.8215403953283443
Kepler-268 c,Kepler-268,3.38,0.0,471.0,0.391,6081.0,0.31808,1.109,1.71,2.517696472610991,0.9631743177730056,2.6852591128013947,4.436116930677934,0.8215403953283443
Kepler-269 b,Kepler-269,2.47,0.0,1007.0,0.061,5847.0,0.36836,0.9200000000000002,6.46,2.0360119837525,1.2325602611778486,6.406714955950943,1.8447816182847596,0.6724341389624037
Kepler-269 c,Kepler-269,1.69,0.0,875.0,0.081,5847.0,0.36836,0.9200000000000002,6.46,1.5040773967762742,1.6054298910365616,5.839478190110101,2.2113355476431686,0.6724341389624037
Kepler-27 b,Kepler-27,4.0,0.0,610.0,0.118,5400.0,-0.32941,0.65,1.62,7.971192791975681,1.269760544863939,3.3905071104539646,2.793297801329472,0.46373401623214017
Kepler-27 d,Kepler-27,2.7061946,0.0,810.0,0.06578,5251.0,-0.32941,0.926,1.62,2.172476407647025,1.1505720275988207,4.490881039585964,2.021056041291746,0.5971867894140341
Kepler-270 b,Kepler-270,2.01,0.0,984.0,0.107,6067.0,0.31211,1.17,2.73,1.7404661748405044,1.430311246536665,5.189406110019932,2.523814333183348,0.9005677714089189
Kepler-270 c,Kepler-270,1.77,0.0,756.0,0.18,6067.0,0.31211,1.17,2.73,1.5644405465033646,1.55814461804655,4.146952824992974,3.2681568019026237,0.9005677714089189
Kepler-271 b,Kepler-271,1.23,0.0,759.0,0.08784,5555.0,-0.25319,0.9,4.57,1.1118575154181303,1.9487632180377197,4.34324682430868,2.436720632460108,0.6259384308664953
Kepler-271 c,Kepler-271,0.95,0.0,850.0,0.06993,5555.0,-0.25319,0.9,4.57,0.5927742064131581,1.8213182714695995,4.792736299354753,2.1295240454186386,0.6259384308664953
Kepler-271 d,Kepler-271,0.66,0.0,954.0,0.05554,5555.0,-0.25319,0.9,4.57,0.19803085049913446,1.6467336971777973,5.248827707789298,1.832537528383166,0.6259384308664953
Kepler-272 d,Kepler-272,2.25,0.0,777.0,0.091,5297.0,0.06634,0.91,13.18,1.900613874140137,1.3190856114264407,4.956777310193575,2.47966828682389,0.6570017339235921
Kepler-273 b,Kepler-273,1.5,0.0,1209.0,0.037,5626.0,-0.34099,0.756,10.47,1.3506671834767394,1.7334238922150915,5.658213118112838,1.3703001326579916,0.596085467716814
Kepler-273 c,Kepler-273,1.98,0.0,865.0,0.073,5626.0,-0.34099,0.756,10.47,1.7191887763932197,1.4445632692438664,4.329245391734468,2.1988817590074086,0.596085467716814
Kepler-274 b,Kepler-274,1.54,0.0,961.0,0.101,6023.0,0.2013,0.883,12.88,1.3837912309017721,1.7047480922384253,5.002683764308635,2.5364539619103144,0.696641069814201
Kepler-274 c,Kepler-274,1.84,0.0,678.0,0.204,6023.0,0.2013,0.883,12.88,1.617406082083277,1.5173226235262947,3.624820817813216,3.5321630982529615,0.696641069814201
Kepler-275 b,Kepler-275,2.34,0.0,1015.0,0.098,6165.0,0.44934,1.189,3.39,1.9572739077056285,1.2837077723447896,5.588371623144873,2.4248630778793676,0.8683601981166051
Kepler-275 c,Kepler-275,3.38,0.0,875.0,0.132,6165.0,0.44934,1.189,3.39,2.517696472610991,0.9631743177730056,4.993828175779875,2.8383843045073376,0.8683601981166051
Kepler-275 d,Kepler-275,3.33,0.0,671.0,0.2239999999999999,6165.0,0.44934,1.189,3.39,2.4932054526026954,0.9745596399981308,3.9454577815143836,3.602124280665013,0.8683601981166051
Kepler-276 c,Kepler-276,2.9,0.0,563.0,0.1861899999999999,5693.0,-0.08948,1.1,0.4,2.8678989020441064,0.636576829071551,3.0346163916039575,3.492986217289887,0.708035793053696
Kepler-276 d,Kepler-276,2.8,0.0,489.0,0.24666,5693.0,-0.08948,1.1,0.4,2.8507065015037334,0.5653138090500605,2.5074832039669053,3.9049581077060243,0.708035793053696
Kepler-277 b,Kepler-277,2.92,0.0,964.0,0.14168,5946.0,0.56791,1.12,3.89,4.480740107609915,2.322387720290225,5.294535223252576,2.9082116760244956,0.9895411936137477
Kepler-277 c,Kepler-277,3.36,0.0,778.0,0.2178099999999999,5946.0,0.56791,1.12,3.89,4.177459468932607,2.174751721484161,4.4414505359137975,3.526536979635294,0.9895411936137477
Kepler-279 c,Kepler-279,4.3,0.0,774.0,0.2236,6689.45,0.5188,1.1,0.22,3.919991175077323,0.26236426446749106,4.113444328190033,3.603757200697101,0.7275486072772778
Kepler-279 d,Kepler-279,3.1,0.0,574.0,0.2901,6689.45,0.5188,1.1,0.22,3.6506582412937387,0.26236426446749106,3.6038388611258636,4.0148322694092835,0.7275486072772778
Kepler-279 e,Kepler-279,4.13,0.0,552.0,0.4389999999999999,6689.45,0.5188,1.164,0.22,4.04305126783455,2.1162555148025524,3.133753571451366,4.598680171329347,0.8878912573524571
Kepler-28 b,Kepler-28,1.959,0.0,585.0,0.05687,4499.3,-0.74494,0.684,1.91,0.9669838461896731,0.7818112327958608,4.1522517697201655,1.9329696377795786,0.5092243423990168
Kepler-28 c,Kepler-28,1.857,0.017,509.0,0.07519,4499.3,-0.74494,0.684,1.91,1.1184149159642893,1.016808058201665,3.6081573490355736,2.301584592660462,0.5092243423990168
Kepler-280 b,Kepler-280,1.45,0.0,1425.0,0.032,5744.0,-0.06437,0.962,5.62,1.308332819650179,1.769854633840005,6.712827395298174,1.1440769294089648,0.6344581842112658
Kepler-280 c,Kepler-280,2.01,0.0,1088.0,0.056,5744.0,-0.06437,0.962,5.62,1.7404661748405044,1.430311246536665,5.635093128529338,1.7590797570093357,0.6344581842112658
Kepler-281 c,Kepler-281,5.31,0.0,513.0,0.2149999999999999,5723.0,0.14638,0.95,0.6,5.0883614745374,0.005087039048557106,3.589141988326131,3.6199947821303504,0.6413274318301488
Kepler-281 d,Kepler-281,5.93747806,0.0,321.0,0.5456,5717.0,0.14638,0.984,0.6,6.484635235635252,2.5877640352277083,1.2556160374777745,5.005770166532324,0.6333971761541713
Kepler-282 b,Kepler-282,1.01,0.0,817.0,0.082,5602.0,0.10587,0.86,12.88,0.6981347220709844,1.8547342683894434,5.282873725054183,2.324397855476849,0.6439569363691736
Kepler-282 c,Kepler-282,1.2,0.0,717.0,0.106,5602.0,0.10587,0.86,12.88,1.0543120297715298,1.9387416595767009,4.76317343513084,2.6836702779527326,0.6439569363691736
Kepler-282 d,Kepler-282,2.46,0.0,588.0,0.15837,5656.0,0.10587,0.97,12.88,4.127134385045092,3.157000421150113,3.976836488760148,3.250607023029654,0.636576829071551
Kepler-282 e,Kepler-282,3.1,0.0,484.0,0.23332,5656.0,0.10587,0.97,12.88,4.046553898385752,2.4336133554004498,3.223425459566772,3.8143440222230507,0.636576829071551
Kepler-283 b,Kepler-283,2.13,0.0,488.0,0.082,4351.0,-0.98297,0.5960000000000001,3.09,1.8213182714695995,1.3737155789130306,2.848391685655282,2.48558566920213,0.4485245975686113
Kepler-283 c,Kepler-283,1.82,0.0,240.0,0.341,4351.0,-0.98297,0.5960000000000001,3.09,1.6034198401085373,1.5303947050936475,0.6673164205254237,4.540564579933711,0.4485245975686113
Kepler-284 b,Kepler-284,2.24,0.0,686.0,0.104,5615.0,-0.34097,0.766,0.5,1.8946168546677629,1.324418957401803,3.6729024995907955,2.6173337141164303,0.5955343516929448
Kepler-284 c,Kepler-284,2.61,0.0,478.0,0.213,5615.0,-0.34097,0.766,0.5,2.1186622548331173,1.1817271953786161,2.306776297612514,3.6510336513380497,0.5955343516929448
Kepler-285 b,Kepler-285,1.34,0.0,1131.0,0.036,5411.0,-0.27923,0.915,2.88,1.2119409739751128,1.8547342683894434,6.062405187128295,1.2902973705150145,0.5922212619699848
Kepler-285 c,Kepler-285,1.12,0.0,851.0,0.064,5411.0,-0.27923,0.915,2.88,0.9001613499442714,1.9035989509835904,4.927746317417193,1.9722287560731422,0.5922212619699848
Kepler-286 b,Kepler-286,1.24,0.0,1367.0,0.027,5580.0,-0.11623,0.83,2.75,1.1216775615991057,1.9416152247724325,6.746529630482915,1.0282978299836691,0.6221880916194514
Kepler-286 c,Kepler-286,1.37,0.0,1098.0,0.042,5580.0,-0.11623,0.83,2.75,1.2383742310432684,1.8309801823813363,5.869296913133774,1.4969621432906728,0.6221880916194514
Kepler-286 d,Kepler-286,1.33,0.0,919.0,0.061,5580.0,-0.11623,0.83,2.75,1.2029723039923526,1.8625285401162623,5.164214382024556,1.9335950572147165,0.6221880916194514
Kepler-286 e,Kepler-286,1.77,0.0,539.0,0.176,5580.0,-0.11623,0.83,2.75,1.5644405465033646,1.55814461804655,3.0726933146901194,3.4085466098065513,0.6221880916194514
Kepler-287 c,Kepler-287,3.26,0.0,513.0,0.246,5806.0,-0.13438,0.963,2.88,4.204692619390966,2.797281334830153,2.5994994167594045,3.8254165500830446,0.7090205297162355
Kepler-288 b,Kepler-288,1.67,0.0,1197.0,0.065,5918.0,0.05605,0.842,12.3,1.4883995840570443,1.6193882432872684,5.5146417198922375,1.9597180933899419,0.7376424204464965
Kepler-288 c,Kepler-288,2.85,0.0,815.0,0.14,5918.0,0.05605,0.842,12.3,2.2512917986064953,1.1052568313867783,3.99172103832354,3.010905180607583,0.7376424204464965
Kepler-288 d,Kepler-288,2.67,0.0,570.0,0.287,5918.0,0.05605,0.842,12.3,2.1529243184396396,1.1631508098056809,2.6143986450207546,4.0541081947999285,0.7376424204464965
Kepler-289 b,Kepler-289,2.49,0.0,607.0,0.21183,5990.0,0.061,1.08,0.65,1.547562508716013,0.8960880245566356,3.345367496701485,3.570610988155326,0.6931471805599453
Kepler-289 c,Kepler-289,11.23,0.0,394.0,0.50155,5990.0,0.061,1.08,0.65,5.063733625091271,0.5068176023684519,1.7718968401318032,4.843181068781435,0.6931471805599453
Kepler-289 d,Kepler-289,3.03,0.022861,489.3,0.33,5990.0,0.061,1.08,0.65,1.8453002361560848,0.76080582903376,2.686981066510344,4.20511342636168,0.6931471805599453
Kepler-289 e,Kepler-289,2.94,0.0,286.0,0.9342,5990.0,0.061,1.061,0.65,2.91235066461494,1.366091653802371,0.9477893989335261,5.802334666183915,0.6856189141391538
Kepler-29 b,Kepler-29,2.55,0.0,777.0,0.08482,5378.0,-0.29687,0.7609999999999999,0.3,1.791759469228055,0.9745596399981308,4.041295341132285,2.428313370347168,0.5492768101402434
Kepler-29 c,Kepler-29,2.34,0.0,715.0,0.10027,5378.0,-0.29687,0.7609999999999999,0.3,1.7047480922384253,1.068153081183401,3.5667118201397288,2.6592891365093814,0.5492768101402434
Kepler-290 b,Kepler-290,2.25,0.0,594.0,0.11,5147.0,-0.58591,0.756,1.1,1.900613874140137,1.3190856114264407,3.162813280931661,2.7465877963682033,0.5556077665378838
Kepler-290 c,Kepler-290,2.7,0.0,437.0,0.205,5147.0,-0.58591,0.756,1.1,2.169053700369523,1.1505720275988207,2.0276217929500393,3.6315233442628307,0.5556077665378838
Kepler-290 d,Kepler-290,0.86,0.0,1589.0,0.0154,5142.0,-0.58591,0.8400000000000001,1.1,0.4485245975686113,1.7732559976634952,7.316408632563357,0.5675939082153639,0.5624688569178291
Kepler-291 b,Kepler-291,2.16,0.0,1212.0,0.047,6002.0,0.07135,1.023,7.76,1.8421356765531218,1.3609765531356006,6.443135530605067,1.5143601256244317,0.7011153502091222
Kepler-291 c,Kepler-291,1.88,0.0,1035.0,0.065,6002.0,0.07135,1.023,7.76,1.6467336971777973,1.4973884086254774,5.810353257644976,1.9022248329490736,0.7011153502091222
Kepler-292 b,Kepler-292,1.32,0.0,1130.0,0.035,5299.0,-0.33691,0.865,5.13,1.1939224684724346,1.8718021769015913,5.9796475000237,1.275593779321519,0.6021277821727767
Kepler-292 c,Kepler-292,1.47,0.0,1001.0,0.045,5299.0,-0.33691,0.865,5.13,1.324418957401803,1.752672080520008,5.494771913807904,1.5508199634024336,0.6021277821727767
Kepler-292 d,Kepler-292,2.23,0.0,808.0,0.068,5299.0,-0.33691,0.865,5.13,1.8870696490323797,1.3270750014599193,4.644438974908791,2.086377308544927,0.6021277821727767
Kepler-292 e,Kepler-292,2.67,0.0,678.0,0.097,5299.0,-0.33691,0.865,5.13,2.1529243184396396,1.1631508098056809,3.949781111030748,2.5633334371807086,0.6021277821727767
Kepler-292 f,Kepler-292,2.35,0.0,563.0,0.141,5299.0,-0.33691,0.865,5.13,1.9629077254238845,1.2781522025001875,3.231792050134747,3.0834792424295596,0.6021277821727767
Kepler-293 b,Kepler-293,3.07,0.0,657.0,0.144,5804.0,-0.23265,0.934,1.32,2.3646204839134985,1.0402767116551463,3.3993289706021277,3.00836198196409,0.6714126884139392
Kepler-293 c,Kepler-293,3.83,0.0,466.0,0.286,5804.0,-0.23265,0.934,1.32,2.70805020110221,0.8628899551470399,2.1146880218669053,4.010160874457434,0.6714126884139392
Kepler-294 b,Kepler-294,1.77,0.0,1087.0,0.048,5913.0,-0.14755,0.9469999999999998,3.98,1.5644405465033646,1.55814461804655,5.801516986119574,1.5478203478130814,0.681074599325676
Kepler-294 c,Kepler-294,2.71,0.0,895.0,0.071,5913.0,-0.14755,0.9469999999999998,3.98,2.174751721484161,1.1474024528375417,5.027105577912488,2.0316159121972315,0.681074599325676
Kepler-295 b,Kepler-295,1.22,0.0,741.0,0.099,5603.0,0.62949,0.89,6.46,1.091923300517313,1.9444805562457188,5.664695085948154,2.6133851731426723,0.6408007001877362
Kepler-295 c,Kepler-295,1.17,0.0,621.0,0.142,5603.0,0.62949,0.89,6.46,0.9969486348916093,1.927164106234258,4.958639998977875,3.1146816509915047,0.6408007001877362
Kepler-295 d,Kepler-295,1.36,0.0,533.0,0.192,5603.0,0.62949,0.89,6.46,1.2296405510745139,1.8389610707123492,4.663080539272925,3.5520298193511572,0.6408007001877362
Kepler-296 b,Kepler-296,1.61,0.33,495.0,0.079,3740.0,-1.50864,0.4979999999999999,4.2,1.4398351280479205,1.3862943611198906,2.0149030205422647,2.473540971135842,0.3920420877760237
Kepler-296 c,Kepler-296,2.0,0.33,606.0,0.0521,3740.0,-1.50864,0.4979999999999999,4.2,1.7334238922150915,0.7884573603642702,2.760009940032921,1.9230269720200437,0.3920420877760237
Kepler-296 d,Kepler-296,2.09,0.33,403.0,0.118,3740.0,-1.50864,0.4979999999999999,4.2,1.7950872593207297,1.0647107369924282,1.3609765531356006,3.037367904981947,0.3920420877760237
Kepler-296 e,Kepler-296,1.53,0.33,337.0,0.1689999999999999,3740.0,-1.50864,0.4979999999999999,4.2,1.3762440252663892,1.62924053973028,0.8796267475025636,3.5594001264884474,0.3920420877760237
Kepler-296 f,Kepler-296,1.8,0.33,274.0,0.255,3740.0,-1.50864,0.4979999999999999,4.2,1.587192303486781,1.4350845252893227,0.4824261492442927,4.164123546863347,0.3920420877760237
Kepler-297 b,Kepler-297,2.87,0.0,509.0,0.217,5619.0,-0.09608,0.927,1.9,3.9019726695746444,2.509599262378372,2.8601416192476425,3.6856699591907787,0.6497176226326093
Kepler-297 c,Kepler-297,6.54,0.0,409.0,0.336,5619.0,-0.09608,0.927,1.9,3.763522997109702,0.6026752773958697,2.061786606441115,4.32968195883113,0.6497176226326093
Kepler-298 b,Kepler-298,1.96,0.0,540.0,0.08,4465.0,-0.73284,0.6599999999999999,2.4,1.7047480922384253,1.4539530095937054,3.2467633283550916,2.440211190858954,0.4586898693454621
Kepler-298 c,Kepler-298,1.93,0.0,416.0,0.136,4465.0,-0.73284,0.6599999999999999,2.4,1.682688374173693,1.4701758451005928,2.2717134293269585,3.17508317230936,0.4586898693454621
Kepler-298 d,Kepler-298,2.5,0.0,277.0,0.305,4465.0,-0.73284,0.6599999999999999,2.4,2.0541237336955462,1.2208299213923592,0.9987919533858988,4.362762683015926,0.4586898693454621
Kepler-299 b,Kepler-299,1.32,0.0,1258.0,0.04,5617.0,-0.04352,1.004,3.24,1.1939224684724346,1.8718021769015913,6.434654057146249,1.3679083699207961,0.7090205297162355
Kepler-299 c,Kepler-299,2.65,0.0,946.0,0.07,5617.0,-0.04352,1.004,3.24,2.1412419425852827,1.169381359556317,5.296084876395321,2.0650731844548407,0.7090205297162355
Kepler-299 d,Kepler-299,1.86,0.0,729.0,0.118,5617.0,-0.04352,1.004,3.24,1.6331544390514163,1.5085119938441398,4.262116338001324,2.7760069982717024,0.7090205297162355
Kepler-299 e,Kepler-299,1.87,0.0,534.0,0.22,5617.0,-0.04352,1.004,3.24,1.6409365794934714,1.5040773967762742,3.052774013921188,3.670855214049361,0.7090205297162355
Kepler-30 b,Kepler-30,3.9,0.042,524.0,0.18,5498.0,-0.23658,0.99,2.0,2.509599262378372,0.7030975114131134,2.855262580782597,3.412280404111257,0.6678293725756554
Kepler-30 c,Kepler-30,12.3,0.0111,411.0,0.3,5498.0,-0.23658,0.99,2.0,6.46302945692067,1.0577902941478545,1.9764393540901362,4.116156688729482,0.6678293725756554
Kepler-30 d,Kepler-30,8.8,0.022,308.0,0.5,5498.0,-0.23658,0.99,2.0,3.1822118404966093,0.173953307123438,1.085864715845607,4.972198923932242,0.6678293725756554
Kepler-300 b,Kepler-300,1.67,0.0,812.0,0.094,5986.0,0.33994,1.07,3.63,1.4883995840570443,1.6193882432872684,5.584195312541938,2.4376706397950736,0.6418538861723948
Kepler-300 c,Kepler-300,2.25,0.0,516.0,0.232,5986.0,0.33994,1.07,3.63,1.900613874140137,1.3190856114264407,3.789810172692377,3.7308596976048047,0.6418538861723948
Kepler-301 b,Kepler-301,1.35,0.0,1278.0,0.036,5815.0,-0.07963,1.022,1.45,1.2208299213923592,1.8468787684491346,6.501945611520216,1.2552037017668376,0.6418538861723948
Kepler-301 c,Kepler-301,1.35,0.0,989.0,0.06,5815.0,-0.07963,1.022,1.45,1.2208299213923592,1.8468787684491346,5.47847408176248,1.8592663927965898,0.6418538861723948
Kepler-301 d,Kepler-301,1.75,0.0,725.0,0.112,5815.0,-0.07963,1.022,1.45,1.5496879080283263,1.5686159179138452,4.247509041627831,2.6913273504216524,0.6418538861723948
Kepler-302 b,Kepler-302,4.06,0.0,634.0,0.1929999999999999,5740.0,0.04949,1.021,4.47,2.803360380906535,0.8197798314933114,3.473425015659036,3.439908477803256,0.7975071958841881
Kepler-302 c,Kepler-302,12.45,0.0,392.0,0.503,5740.0,0.04949,1.021,4.47,2.3243465847755584,1.269760544863939,1.7200844325211642,4.854232399937276,0.7975071958841881
Kepler-303 b,Kepler-303,0.89,0.0,802.0,0.024,3944.0,-1.0655,0.575,7.71,0.49469624183610705,1.790091412127358,4.986588472937703,1.0774073786329028,0.3954147722546629
Kepler-303 c,Kepler-303,1.14,0.0,521.0,0.057,3944.0,-1.0655,0.575,7.71,0.9360933591703346,1.9095425048844383,3.290303064209194,2.0870561021896856,0.3954147722546629
Kepler-304 b,Kepler-304,2.86,0.0,875.0,0.039,4731.0,-0.6616,0.7370000000000001,2.09,2.256541154492639,1.1019400787607843,4.942684736354409,1.4576166174821126,0.5229518035638313
Kepler-304 c,Kepler-304,2.17,0.0,746.0,0.054,4731.0,-0.6616,0.7370000000000001,2.09,1.8484548129046003,1.355835153635182,4.312113697198855,1.8430775466418372,0.5229518035638313
Kepler-304 d,Kepler-304,2.75,0.0,611.0,0.08,4731.0,-0.6616,0.7370000000000001,2.09,2.1972245773362196,1.1346227261911428,3.531055368920369,2.3658857545494745,0.5229518035638313
Kepler-304 e,Kepler-304,1.2,0.0,1137.0,0.02317,4817.0,-0.6616,0.8,2.09,1.0543120297715298,1.9387416595767009,5.987089992681965,0.9159494548457742,0.5481214085096876
Kepler-305 b,Kepler-305,3.6,0.005,836.0,0.05746,5080.0,-0.42318,0.76,4.37,2.4423470353692043,0.8064758658669486,4.735443777737304,1.8698001742309183,0.5877866649021191
Kepler-305 c,Kepler-305,3.3,0.0,728.0,0.07568,5080.0,-0.42318,0.76,4.37,1.9459101490553132,0.6507614640635074,4.191168746857641,2.2290461896591753,0.5877866649021191
Kepler-305 d,Kepler-305,2.76,0.0,576.0,0.1209099999999999,5090.0,-0.42318,0.8270000000000001,4.37,1.9740810260220096,0.9677554115744038,3.278012281091777,2.8758219768814333,0.5833323145527387
Kepler-305 e,Kepler-305,1.7938153,0.0,1000.0,0.04017,4974.0,-0.42318,0.8200000000000001,4.37,1.5830939370944987,1.5432981099295553,5.399971020274537,1.4363646579507137,0.6028279750965883
Kepler-306 b,Kepler-306,1.52,0.0,830.0,0.05,4954.0,-0.4693,0.75,2.63,1.366091653802371,1.7173950539391927,4.8540204696457065,1.730980272965606,0.5417427264007122
Kepler-306 c,Kepler-306,2.35,0.0,716.0,0.067,4954.0,-0.4693,0.75,2.63,1.9629077254238845,1.2781522025001875,4.268983908476675,2.1090237659771787,0.5417427264007122
Kepler-306 d,Kepler-306,2.47,0.0,535.0,0.12,4954.0,-0.4693,0.75,2.63,2.0360119837525,1.2325602611778486,3.1347548122027935,2.9083559572548383,0.5417427264007122
Kepler-306 e,Kepler-306,2.27,0.0,390.0,0.227,4954.0,-0.4693,0.75,2.63,1.9125010869241836,1.3110318766193438,1.9719955195309882,3.8251783418137966,0.5417427264007122
Kepler-307 b,Kepler-307,2.43,0.0,797.0,0.09359,5367.0,-0.12151,0.907,0.95,2.1329823086078656,1.2864740258376797,4.1059436980654525,2.435436254313704,0.5955343516929448
Kepler-307 c,Kepler-307,2.2,0.0,739.0,0.10896,5367.0,-0.12151,0.907,0.95,1.534714366238164,1.007957920399979,3.8066624897703196,2.644250962183741,0.5955343516929448
Kepler-308 b,Kepler-308,2.12,0.0,833.0,0.09,5895.0,-0.11567,0.9200000000000002,0.5,1.8148247421590513,1.3762440252663892,4.697202271434585,2.369769610393896,0.6632033041868732
Kepler-308 c,Kepler-308,2.16,0.0,714.0,0.123,5895.0,-0.11567,0.9200000000000002,0.5,1.8421356765531218,1.3609765531356006,4.08898019972295,2.7962020941227683,0.6632033041868732
Kepler-309 b,Kepler-309,1.56,0.0,531.0,0.059,4713.0,-0.574,0.816,3.02,1.3987168811184478,1.6882490928583902,4.610088073332042,1.934943520517987,0.5429055172294024
Kepler-309 c,Kepler-309,2.51,0.0,204.0,0.401,4713.0,-0.574,0.816,3.02,2.060513531794317,1.2178757094949273,1.1448595398334294,4.666795558651019,0.5429055172294024
Kepler-31 b,Kepler-31,5.5,0.0,781.0,0.16,6340.0,0.30134,1.21,0.28,3.6307682335566227,0.5766133643039938,4.526927523926608,3.0847179503305724,0.7975071958841881
Kepler-31 c,Kepler-31,5.3,0.0,615.0,0.26,6340.0,0.30134,1.21,0.28,7.309680796791769,0.5481214085096876,3.5905497200407273,3.7757862423010145,0.7975071958841881
Kepler-31 d,Kepler-31,3.9,0.0,484.0,0.4,6340.0,0.30134,1.21,0.28,7.678901850295501,0.07417939817425151,2.5494451709255714,4.484640757444919,0.7975071958841881
Kepler-310 b,Kepler-310,1.19,0.0,665.0,0.111,5797.0,-0.23934,0.8539999999999999,1.9,1.0331844833456545,1.9315214116032138,3.8495091000389037,2.703419361965314,0.6291418505840329
Kepler-310 c,Kepler-310,3.38,0.0,417.0,0.281,5797.0,-0.23934,0.8539999999999999,1.9,2.517696472610991,0.9631743177730056,2.0929745559624204,4.051357378147556,0.6291418505840329
Kepler-310 d,Kepler-310,2.47,0.0,353.0,0.392,5797.0,-0.23934,0.8539999999999999,1.9,2.0794415416798357,1.4586150226995167,1.5398734490481913,4.541976094033796,0.6291418505840329
Kepler-311 b,Kepler-311,1.7,0.0,960.0,0.087,5905.0,0.19328,0.994,1.95,1.5107219394949427,1.599387576580599,5.310058172751057,2.320041047437401,0.7829878845597348
Kepler-311 c,Kepler-311,1.43,0.0,744.0,0.1449999999999999,5905.0,0.19328,0.994,1.95,1.2892326482767593,1.7817091333745536,4.2966865875068665,3.0319815571491007,0.7829878845597348
Kepler-311 d,Kepler-311,2.05,0.0,327.0,0.7325999999999999,5903.0,0.19328,0.974,1.95,1.7681496035889213,1.410986973710262,1.3110318766193438,5.451211511551676,0.7682546530467507
Kepler-312 b,Kepler-312,1.29,0.0,1685.0,0.031,6115.0,0.59751,1.314,2.88,1.1662709371419244,1.8961194845522977,8.324826632087893,1.0197202243061358,0.9030028375472197
Kepler-312 c,Kepler-312,3.15,0.0,754.0,0.153,6115.0,0.59751,1.314,2.88,2.4069451083182885,1.0224509277025458,5.116939364466295,3.0324215160065946,0.9030028375472197
Kepler-313 b,Kepler-313,2.53,0.0,883.0,0.125,5727.0,0.31196,1.1140000000000003,7.08,2.0719132752590443,1.208960345836975,4.96563792816552,2.7707381359607792,0.9305880365749795
Kepler-313 c,Kepler-313,2.57,0.0,683.0,0.208,5727.0,0.31196,1.1140000000000003,7.08,2.0955609235597192,1.1969481893889715,3.9531649487593215,3.504754462107835,0.9305880365749795
Kepler-314 b,Kepler-314,0.83,0.0,1195.0,0.035,5378.0,-0.22569,0.99,0.98,0.40413088509502765,1.7561322915849038,6.193739863567894,1.2415775008890357,0.6678293725756554
Kepler-314 c,Kepler-314,2.9,0.0,890.0,0.064,5378.0,-0.22569,0.99,0.98,2.277267285009756,1.0885619528146082,5.017127507332583,1.9402357945993935,0.6678293725756554
Kepler-315 b,Kepler-315,3.77,0.0,409.0,0.4019999999999999,5796.0,0.00383,0.831,12.3,2.6878474937846906,0.8754687373538999,2.0378379918247607,4.575753126000639,0.7114781372446687
Kepler-315 c,Kepler-315,4.15,0.0,291.0,0.7910000000000001,5796.0,0.00383,0.831,12.3,2.8390784635086144,0.8064758658669486,1.0013669042292743,5.585259171319296,0.7114781372446687
Kepler-316 b,Kepler-316,1.06,0.0,837.0,0.027,4204.0,-0.93554,0.587,3.31,0.7884573603642702,1.8779371654691073,5.110637479509396,1.175730107637408,0.41871033485818504
Kepler-316 c,Kepler-316,1.16,0.0,577.0,0.058,4204.0,-0.93554,0.587,3.31,0.9745596399981308,1.918392120161421,3.6474583218131476,2.057677156394137,0.41871033485818504
Kepler-317 c,Kepler-317,1.72,0.0,837.0,0.083,5497.0,-0.2078,0.865,3.72,1.5282278570085572,1.589235205116581,4.41595693593629,2.279829128888809,0.6632033041868732
Kepler-318 b,Kepler-318,4.71,0.0,1039.0,0.056,5746.0,0.00394,1.073,0.95,3.039749158970765,0.7178397931503169,5.811587001284638,1.7339034591832674,0.7834448185407259
Kepler-318 c,Kepler-318,3.68,0.0,762.0,0.105,5746.0,0.00394,1.073,0.95,2.6461747973841225,0.8919980393051105,4.5799857024490365,2.550616906050766,0.7834448185407259
Kepler-319 b,Kepler-319,1.63,0.0,1023.0,0.051,5526.0,-0.18116,0.933,1.07,1.4562867329399256,1.6428726885203377,5.539948955974378,1.6794685119616757,0.6434315883140125
Kepler-319 c,Kepler-319,2.63,0.0,876.0,0.069,5526.0,-0.18116,0.933,1.07,2.1294214739848565,1.1755733298042381,4.922481446553787,2.0720841674571484,0.6434315883140125
Kepler-319 d,Kepler-319,2.29,0.0,528.0,0.191,5526.0,-0.18116,0.933,1.07,1.925707441737794,1.3029127521808397,2.942436976495767,3.489877296423663,0.6434315883140125
Kepler-32 b,Kepler-32,2.2,0.0,514.0,0.05,3900.0,-1.29243,0.58,5.6,7.1731917424865985,0.3784364357202451,3.1365805821413706,1.9317011056022075,0.4252677354043441
Kepler-32 c,Kepler-32,2.0,0.0,451.0,0.09,3900.0,-1.29243,0.58,5.6,5.074548619839908,0.2851789422336624,2.4578779774000807,2.2774929005822893,0.4252677354043441
Kepler-32 d,Kepler-32,2.7,0.0,328.0,0.13,3900.0,-1.29243,0.58,5.6,3.7113476432884394,0.41871033485818504,1.532772827498615,3.1688533016562004,0.4252677354043441
Kepler-32 e,Kepler-32,1.5,0.0,652.0,0.033,3900.0,-1.29243,0.58,5.6,1.6256674973434977,0.08709470685093376,4.054372900510851,1.3599503857802886,0.4252677354043441
Kepler-32 f,Kepler-32,0.82,0.0,1026.0,0.013,3900.0,-1.29243,0.58,5.6,6.877531095423533,0.9162907318741551,5.859774315648402,0.5555848173359413,0.4252677354043441
Kepler-320 b,Kepler-320,1.14,0.0,1292.0,0.085,6435.0,0.37419,1.072,2.14,0.9360933591703346,1.9095425048844383,5.640342017092766,2.2376789309515046,0.745739630679116
Kepler-320 c,Kepler-320,1.37,0.0,1002.0,0.142,6435.0,0.37419,1.072,2.14,1.2383742310432684,1.8309801823813363,4.6310231007771945,2.9410087341763194,0.745739630679116
Kepler-321 b,Kepler-321,1.77,0.0,1042.0,0.057,5740.0,-0.00798,1.024,2.09,1.5644405465033646,1.55814461804655,5.6942538881896985,1.7775555697648255,0.7857263618530385
Kepler-321 c,Kepler-321,2.32,0.0,752.0,0.11,5740.0,-0.00798,1.024,2.09,1.9444805562457188,1.2919836816486496,4.395719951805884,2.645743569667041,0.7857263618530385
Kepler-322 b,Kepler-322,1.01,0.0,1373.0,0.027,5388.0,-0.28786,0.908,1.1,0.6981347220709844,1.8547342683894434,6.601473295680703,0.9760257345674039,0.636576829071551
Kepler-322 c,Kepler-322,1.67,0.0,996.0,0.051,5388.0,-0.28786,0.908,1.1,1.4883995840570443,1.6193882432872684,5.32010821210616,1.6747075412473111,0.636576829071551
Kepler-323 b,Kepler-323,1.381,0.095,1838.0,0.02778,6004.0,0.15091,1.015,5.4,1.589235205116581,2.2192034840549946,7.550135342488429,0.985192719231269,0.7514160886839212
Kepler-323 c,Kepler-323,1.57,0.095,1431.0,0.0458,6004.0,0.15091,1.015,5.4,2.0541237336955462,2.3608540011180215,6.55250788703459,1.5159670779964665,0.7514160886839212
Kepler-324 b,Kepler-324,1.14,0.0,935.0,0.05,5194.0,-0.30825,0.901,3.39,7.789620183841275,1.3862943611198906,5.274741630019331,1.683675804719265,0.6097655716208943
Kepler-324 c,Kepler-324,3.15,0.0,410.0,0.26,5194.0,-0.30825,0.901,3.39,1.9740810260220096,1.0043016091968684,2.108150468316289,3.9666174729428474,0.6097655716208943
Kepler-324 e,Kepler-324,2.03862444,0.0,635.0,0.10972,5191.0,-0.30825,0.8440000000000001,3.39,5.463891125300026,0.14842000511827327,3.686376323895818,2.7066759025197036,0.6021277821727767
Kepler-325 b,Kepler-325,2.91,0.0,1017.0,0.053,5752.0,-0.25468,0.914,0.93,2.2823823856765264,1.085189268335969,5.354480285046882,1.7127954434568435,0.6946460566836812
Kepler-325 c,Kepler-325,2.54,0.0,721.0,0.105,5752.0,-0.25468,0.914,0.93,2.0781907597781832,1.205970806988609,3.9897985295977128,2.6219236688855903,0.6946460566836812
Kepler-325 d,Kepler-325,2.79,0.0,498.0,0.22,5752.0,-0.25468,0.914,0.93,2.2192034840549946,1.1216775615991057,2.5713136775287393,3.6817336082638468,0.6946460566836812
Kepler-326 d,Kepler-326,1.21,0.0,781.0,0.066,5105.0,-0.15657,0.91,13.18,2.066862759472976,3.109060958860994,5.202048727568428,2.0498695693515665,0.588342066193819
Kepler-327 b,Kepler-327,1.11,0.0,682.0,0.029,3799.0,-1.25964,0.5919130000000001,3.28,0.8796267475025636,1.8976198599275325,4.30482156376491,1.2668278780106563,0.40011750178156913
Kepler-327 d,Kepler-327,1.73,0.0,387.0,0.09,3799.0,-1.25964,0.5919130000000001,3.28,1.534714366238164,1.5810384379124023,2.150598735996164,2.7060119252285824,0.40011750178156913
Kepler-328 b,Kepler-328,2.3,0.0,602.0,0.2199,6064.0,0.44013,1.15,2.57,3.3843902633457743,2.174751721484161,4.061804152737461,3.5813220826901357,0.7227059828014898
Kepler-328 c,Kepler-328,5.4,0.0,475.0,0.354,6064.0,0.44013,1.15,2.57,3.6988297849671046,0.4700036292457356,3.1365805821413706,4.280990090496109,0.7227059828014898
Kepler-329 b,Kepler-329,1.4,0.0,547.0,0.061,4257.0,-0.97062,0.602,3.47,1.264126727145683,1.8066480817218056,3.730237305037501,2.1301818269360195,0.42068207391302476
Kepler-329 c,Kepler-329,1.93,0.0,402.0,0.1129999999999999,4257.0,-0.97062,0.602,3.47,1.682688374173693,1.4701758451005928,2.554821318511528,2.9798435638797285,0.42068207391302476
Kepler-33 b,Kepler-33,1.74,0.0,1336.0,0.0677,5904.0,0.556,1.291,4.27,1.5432981099295553,1.5769147207285403,6.613398983371227,1.8973094669330244,1.0367368849500223
Kepler-33 c,Kepler-33,3.2,0.0,1009.0,0.1189,5904.0,0.556,1.291,4.27,0.3293037471426004,0.12221763272424921,5.492069181664394,2.651523587634367,1.0367368849500223
Kepler-33 d,Kepler-33,5.35,0.0,853.0,0.1662,5904.0,0.556,1.291,4.27,1.5912739418064292,0.22314355131420976,4.825838676865661,3.1257055937395615,1.0367368849500223
Kepler-33 e,Kepler-33,4.02,0.0,752.0,0.2138,5904.0,0.556,1.291,4.27,1.8825138324965192,0.5877866649021191,4.327042326341122,3.489952792495806,1.0367368849500223
Kepler-33 f,Kepler-33,4.46,0.0,691.0,0.2535,5904.0,0.556,1.291,4.27,2.3608540011180215,0.6418538861723948,3.9923672061096362,3.7383603320666245,1.0367368849500223
Kepler-330 b,Kepler-330,1.35,0.0,714.0,0.075,5117.0,-0.44191,0.848,3.47,1.2208299213923592,1.8468787684491346,4.213282486293615,2.225680290276508,0.5434864060055391
Kepler-330 c,Kepler-330,1.95,0.0,573.0,0.116,5117.0,-0.44191,0.848,3.47,1.6974487897568138,1.4609379041156565,3.356060535990626,2.8305856004424443,0.5434864060055391
Kepler-331 b,Kepler-331,1.82,0.0,540.0,0.065,4347.0,-0.78358,0.653,1.2,1.6034198401085373,1.5303947050936475,3.6104853866859243,2.246807654580205,0.40011750178156913
Kepler-331 c,Kepler-331,1.84,0.0,425.0,0.105,4347.0,-0.78358,0.653,1.2,1.617406082083277,1.5173226235262947,2.7005555193399498,2.905868286283148,0.40011750178156913
Kepler-331 d,Kepler-331,1.64,0.0,346.0,0.159,4347.0,-0.78358,0.653,1.2,1.4655675420143985,1.6389967146756448,1.9551530161364907,3.500569844664548,0.40011750178156913
Kepler-332 b,Kepler-332,1.17,0.0,703.0,0.07,4955.0,-0.5837,0.7429999999999999,2.82,0.9969486348916093,1.927164106234258,4.002083063795795,2.1548184583827688,0.5423242908253616
Kepler-332 c,Kepler-332,1.09,0.0,550.0,0.114,4955.0,-0.5837,0.7429999999999999,2.82,0.8415671856782186,1.8870696490323797,3.0438555487357193,2.832955781478058,0.5423242908253616
Kepler-332 d,Kepler-332,1.18,0.0,427.0,0.189,4955.0,-0.5837,0.7429999999999999,2.82,1.0152306797290587,1.9300710850255671,2.1105767706105474,3.561373869785054,0.5423242908253616
Kepler-333 c,Kepler-333,1.11,0.0,386.0,0.135,4259.0,-0.92812,0.601,3.24,0.8796267475025636,1.8976198599275325,2.0855478601115967,3.222398014668679,0.42787870294506447
Kepler-334 b,Kepler-334,1.12,0.0,1090.0,0.061,5828.0,0.05556,1.022,2.75,0.9001613499442714,1.9035989509835904,5.710367412949554,1.8672254117796088,0.7265819566461827
Kepler-334 c,Kepler-334,1.43,0.0,822.0,0.107,5828.0,0.05556,1.022,2.75,1.2892326482767593,1.7817091333745536,4.587108043169683,2.6216208365286726,0.7265819566461827
Kepler-334 d,Kepler-334,1.41,0.0,656.0,0.168,5828.0,0.05556,1.022,2.75,1.2725655957915476,1.7984040119467237,3.7006844995636987,3.261877458248887,0.7265819566461827
Kepler-335 b,Kepler-335,3.39,0.0,1290.0,0.075,5877.0,0.57766,1.3669999999999998,3.09,2.517696472610991,0.9593502213346021,6.58219686929867,2.0231794759998216,1.0487215190546446
Kepler-335 c,Kepler-335,3.07,0.0,592.0,0.356,5877.0,0.57766,1.3669999999999998,3.09,2.3646204839134985,1.0402767116551463,3.4975676054818488,4.231849887888161,1.0487215190546446
Kepler-336 b,Kepler-336,1.02,0.0,1625.0,0.033,5867.0,0.26,1.09,4.9,0.712949807856125,1.8547342683894434,7.410649532421847,1.1068525773741935,0.8346467428336448
Kepler-336 c,Kepler-336,2.1,0.0,967.0,0.092,5867.0,0.26,1.09,4.9,1.801709800081223,1.3862943611198906,5.337105293755297,2.36085409545764,0.8346467428336448
Kepler-336 d,Kepler-336,2.37,0.0,749.0,0.1539999999999999,5867.0,0.26,1.09,4.9,1.9754689512968577,1.269760544863939,4.3222766302681075,3.076333532900802,0.8346467428336448
Kepler-337 b,Kepler-337,1.54,0.0,1458.0,0.045,5684.0,0.48057,1.081,7.94,1.3837912309017721,1.7047480922384253,7.371496842355609,1.4569347746637737,1.0155929329480173
Kepler-337 c,Kepler-337,2.05,0.0,1017.0,0.0929999999999999,5684.0,0.48057,1.081,7.94,1.7681496035889213,1.410986973710262,5.932802061542565,2.3696081189419087,1.0155929329480173
Kepler-338 b,Kepler-338,2.44,0.04,1005.0,0.117,5923.0,0.5857,1.105,6.46,3.4531571205928664,2.533696813957432,5.551431285884411,2.6896809140828886,1.0061314358739446
Kepler-338 c,Kepler-338,2.34,0.03,831.0,0.172,5923.0,0.5857,1.105,6.46,1.9572739077056285,1.2837077723447896,4.792877215058383,3.2312333946093874,1.0061314358739446
Kepler-338 d,Kepler-338,3.0,0.03,680.0,0.257,5923.0,0.5857,1.105,6.46,2.329227023940467,1.0612565021243408,3.9992276970646286,3.8161949995750515,1.0061314358739446
Kepler-338 e,Kepler-338,1.56,0.05,1143.0,0.08979,5999.0,0.5857,1.14,6.46,2.2512917986064953,2.5877640352277083,6.062677618792128,2.336116576202838,1.0061314358739446
Kepler-339 b,Kepler-339,1.42,0.0,1023.0,0.055,5631.0,-0.31322,0.87,0.98,1.2809338454620645,1.790091412127358,5.081062691713966,1.7880285178768005,0.5888971591861462
Kepler-34 b,Kepler-34,8.564,0.182,376.92,1.0896,5913.0,0.173,1.0479,5.739599999999999,4.2615524812060075,0.47809579914307176,1.783765570735651,5.669266941428969,0.7709412079999655
Kepler-340 b,Kepler-340,2.53,0.0,1092.0,0.134,6620.0,0.86749,1.65,1.29,2.0719132752590443,1.208960345836975,5.617926793229479,2.7628153051114572,1.0473189942805592
Kepler-340 c,Kepler-340,3.37,0.0,946.0,0.178,6620.0,0.86749,1.65,1.29,2.509599262378372,0.9631743177730056,5.047629170714083,3.170721556474188,1.0473189942805592
Kepler-341 b,Kepler-341,1.18,0.0,1085.0,0.06,6012.0,0.12721,0.976,9.12,1.0152306797290587,1.9300710850255671,6.0476014671785485,1.8238277414734467,0.7050757514252192
Kepler-341 c,Kepler-341,1.7,0.0,940.0,0.08,6012.0,0.12721,0.976,9.12,1.5107219394949427,1.599387576580599,5.474075766200316,2.1983805755793764,0.7050757514252192
Kepler-341 d,Kepler-341,1.85,0.0,622.0,0.182,6012.0,0.12721,0.976,9.12,1.6253112615903906,1.5129270120532565,3.8377950260738483,3.3557226702999916,0.7050757514252192
Kepler-341 e,Kepler-341,1.99,0.0,539.0,0.242,6012.0,0.12721,0.976,9.12,1.7263316639055994,1.4398351280479205,3.2834268459276474,3.7721462434614703,0.7050757514252192
Kepler-342 b,Kepler-342,2.25,0.0,905.0,0.128,6175.0,0.45345,1.213,2.82,1.900613874140137,1.3190856114264407,5.083024170403468,2.7831773394438786,0.9050275395954444
Kepler-342 c,Kepler-342,1.96,0.0,754.0,0.185,6175.0,0.45345,1.213,2.82,1.7047480922384253,1.4539530095937054,4.360419880919823,3.304471259884963,0.9050275395954444
Kepler-342 d,Kepler-342,2.49,0.0,658.0,0.242,6175.0,0.45345,1.213,2.82,2.048982334195127,1.2267122912954256,3.8248952580313795,3.700297939374068,0.9050275395954444
Kepler-342 e,Kepler-342,0.88,0.0,1897.0,0.02909,6366.0,0.45345,1.26,2.04,0.4793349566746199,1.7850704810772584,8.043124350382604,0.972377870347943,0.8501509293696101
Kepler-343 b,Kepler-343,2.41,0.0,1024.0,0.0879999999999999,5807.0,0.2162,1.055,6.46,2.0001277349601105,1.2556160374777745,5.333066558874855,2.2994351370879347,0.8891250638013856
Kepler-343 c,Kepler-343,2.02,0.0,746.0,0.167,5807.0,0.2162,1.055,6.46,1.747459210331475,1.425515074273172,4.076384236845108,3.1872538798104095,0.8891250638013856
Kepler-344 b,Kepler-344,2.61,0.0,643.0,0.153,5774.0,-0.18481,0.931,2.51,2.1186622548331173,1.1817271953786161,3.3438154134240197,3.133925377249396,0.681074599325676
Kepler-344 c,Kepler-344,2.95,0.0,360.0,0.488,5774.0,-0.18481,0.931,2.51,2.303584593327129,1.0750024230289759,1.3010087668375303,4.841007304021167,0.681074599325676
Kepler-345 b,Kepler-345,0.74,0.0,622.0,0.066,4504.0,-0.49534,0.61,2.75,0.3920420877760237,1.7578579175523736,3.5937442589988975,2.1300827297422664,0.4842762885324542
Kepler-345 c,Kepler-345,1.2,0.0,575.0,0.077,4504.0,-0.49534,0.61,2.75,1.1631508098056809,0.7975071958841881,3.2895206644375325,2.3405961324793756,0.4842762885324542
Kepler-346 b,Kepler-346,2.66,0.0,1008.0,0.071,6033.0,-0.15256,0.943,2.4,2.1471001901536506,1.1662709371419244,4.90791573249174,2.016385521095077,0.7035924384214839
Kepler-346 c,Kepler-346,3.07,0.0,654.0,0.168,6033.0,-0.15256,0.943,2.4,2.3646204839134985,1.0402767116551463,3.211327407110871,3.2129200846039785,0.7035924384214839
Kepler-347 b,Kepler-347,1.97,0.0,908.0,0.11,6088.0,0.34232,0.922,11.75,1.7119945007591926,1.449269160281279,5.201525589720691,2.6245497445213477,0.6956440607585325
Kepler-347 c,Kepler-347,1.75,0.0,705.0,0.183,6088.0,0.34232,0.922,11.75,1.5496879080283263,1.5686159179138452,4.200309894941208,3.343599024002291,0.6956440607585325
Kepler-347 d,Kepler-347,3.04,0.0,482.0,0.3802,5592.0,0.34232,1.0,11.75,2.349468678892896,1.0473189942805592,2.6210388241125804,4.460344902509177,0.8964961045459756
Kepler-348 b,Kepler-348,1.52,0.0,1196.0,0.076,6177.0,0.4331,1.189,2.29,1.366091653802371,1.7173950539391927,6.086642900041708,2.0865127317821606,0.858237800425538
Kepler-348 c,Kepler-348,1.33,0.0,888.0,0.138,6177.0,0.4331,1.189,2.29,1.2029723039923526,1.8625285401162623,4.899770770248098,2.9050100380194257,0.858237800425538
Kepler-349 c,Kepler-349,1.96,0.0,763.0,0.105,5956.0,-0.0073,1.083,0.55,1.7047480922384253,1.4539530095937054,4.559032002208041,2.583818593023725,0.6559643894322293
Kepler-35 b,Kepler-35,8.16,0.042,381.79,0.60347,5606.0,-0.027,0.8877,9.714,3.722386761418851,0.3435897043900769,1.7297361969756406,4.8862656140450635,0.7072473049387269
Kepler-350 b,Kepler-350,1.85,0.0,1037.0,0.104,6186.0,0.42842,1.19,4.0,2.884800712846709,1.7749523509116738,5.555750261003763,2.500580011756585,0.9297990818989473
Kepler-350 c,Kepler-350,3.1,0.0,888.0,0.1384999999999999,6492.3,0.42842,1.0,4.0,1.9600947840472698,0.30010459245033805,4.937455096554743,2.9364598620889195,0.8109302162163288
Kepler-350 d,Kepler-350,2.8,0.0,782.0,0.1786,6492.3,0.42842,1.0,4.0,2.766319109226186,1.3056264580524357,4.433634254655966,3.3008612596094924,0.8109302162163288
Kepler-351 b,Kepler-351,3.06,0.0,498.0,0.214,5643.0,-0.38644,0.81,2.9,1.7578579175523736,0.6528458837864196,2.5636408093781164,3.6390303532188635,0.6173454671436633
Kepler-351 c,Kepler-351,3.19,0.0,431.0,0.287,5643.0,-0.38644,0.81,2.9,2.4932054526026954,1.0577902941478545,2.0427775573082445,4.064711302208645,0.6173454671436633
Kepler-351 d,Kepler-351,2.72,0.0,318.0,0.5177,5225.0,-0.38644,0.81,4.9,2.180417459019838,1.144222799920162,1.0949388833018008,4.966643329135631,0.5766133643039938
Kepler-352 b,Kepler-352,0.86,0.0,694.0,0.085,5212.0,-0.43235,0.798,1.7,0.4485245975686113,1.7732559976634952,3.9394241417760854,2.4029162827678783,0.5771750043075246
Kepler-352 c,Kepler-352,1.24,0.0,591.0,0.118,5212.0,-0.43235,0.798,1.7,1.1216775615991057,1.9416152247724325,3.309557126106969,2.8526119104920458,0.5771750043075246
Kepler-352 d,Kepler-352,0.80628032,0.0,788.0,0.06574,5208.0,-0.43235,0.796,1.7,0.3708736633385453,1.7422190236679187,4.410371107683024,2.065251333595564,0.5721088521828892
Kepler-353 b,Kepler-353,0.89,0.0,534.0,0.051,3903.0,-1.18709,0.553,4.59,0.49469624183610705,1.790091412127358,3.3389318309246305,1.9162279592018305,0.4081282255276481
Kepler-353 c,Kepler-353,1.38,0.0,472.0,0.065,3903.0,-1.18709,0.553,4.59,1.247032293786383,1.8229350866965048,2.8656805341937175,2.2418679543980655,0.4081282255276481
Kepler-354 b,Kepler-354,1.84,0.0,741.0,0.054,4648.0,-0.71394,0.6520000000000001,13.8,1.617406082083277,1.5173226235262947,4.187303495162183,1.868204945384631,0.5152159720672835
Kepler-354 c,Kepler-354,1.31,0.0,508.0,0.115,4648.0,-0.71394,0.6520000000000001,13.8,1.184789984909162,1.8794650496471605,2.7346272159526626,2.886720767802218,0.5152159720672835
Kepler-354 d,Kepler-354,1.24,0.0,451.0,0.146,4648.0,-0.71394,0.6520000000000001,13.8,1.1216775615991057,1.9416152247724325,2.2974720436072227,3.227234473825964,0.5152159720672835
Kepler-355 b,Kepler-355,1.46,0.0,840.0,0.102,6184.0,0.19516,0.933,10.0,1.3164082336557241,1.7613002617433464,5.048592388706976,2.487560624878459,0.7256143706974468
Kepler-355 c,Kepler-355,2.71,0.0,633.0,0.179,6184.0,0.19516,0.933,10.0,2.174751721484161,1.1474024528375417,3.931296080771731,3.286993956548484,0.7256143706974468
Kepler-356 b,Kepler-356,1.57,0.0,1294.0,0.057,6133.0,0.46128,1.163,4.17,1.4085449700547104,1.6845453849209058,6.7404945366031,1.72503117450761,0.8480118911208606
Kepler-356 c,Kepler-356,1.81,0.0,913.0,0.115,6133.0,0.46128,1.163,4.17,1.5953389880545987,1.534714366238164,5.348858378041754,2.647707806122701,0.8480118911208606
Kepler-357 b,Kepler-357,1.84,0.0,793.0,0.063,5036.0,-0.55635,0.7940000000000002,2.14,1.617406082083277,1.5173226235262947,4.256605125012738,2.011622177791991,0.6064993738342731
Kepler-357 c,Kepler-357,2.67,0.0,576.0,0.12,5036.0,-0.55635,0.7940000000000002,2.14,2.1529243184396396,1.1631508098056809,3.0157309600606803,2.882472305885877,0.6064993738342731
Kepler-357 d,Kepler-357,3.43,0.0,402.0,0.246,5036.0,-0.55635,0.7940000000000002,2.14,2.533696813957432,0.9477893989335261,1.7261537121300612,3.921970861030726,0.6064993738342731
Kepler-358 b,Kepler-358,2.72,0.0,554.0,0.21,5908.0,-0.13809,0.94,0.4,2.180417459019838,1.144222799920162,3.1269798101636637,3.5570741994271957,0.669878553620591
Kepler-358 c,Kepler-358,2.85,0.0,411.0,0.381,5908.0,-0.13809,0.94,0.4,2.2512917986064953,1.1052568313867783,2.028016659687648,4.4366138799187755,0.669878553620591
Kepler-359 b,Kepler-359,3.53,0.0,671.0,0.178,6248.0,-0.09657,0.8270000000000001,3.02,2.580216829592325,0.924258901523332,3.214867803470662,3.2795276274917047,0.7352483565785808
Kepler-359 c,Kepler-359,4.3,0.0,512.0,0.307,6248.0,-0.09657,0.8270000000000001,3.02,1.3609765531356006,0.09531017980432487,2.2082744135228043,4.0722356174191106,0.7352483565785808
Kepler-359 d,Kepler-359,4.01,0.0,464.0,0.3719999999999999,6248.0,-0.09657,0.8270000000000001,3.02,1.308332819650179,0.09531017980432487,1.8718021769015913,4.357934882468249,0.7352483565785808
Kepler-36 b,Kepler-36,1.498,0.0,978.0,0.11419,5979.0,0.51005,1.034,7.41,1.5748464676644813,1.9823798288367047,5.5134287461649825,2.6992280669291,0.9685036033210892
Kepler-36 c,Kepler-36,3.679,0.0,928.0,0.12692,5979.0,0.51005,1.034,7.41,2.0955609235597192,0.5805382361772911,5.2574953720277815,2.8459930987138193,0.9685036033210892
Kepler-360 b,Kepler-360,1.65,0.0,1116.0,0.044,6053.0,-0.13236,0.994,1.41,1.4724720573609429,1.631199404215613,6.031727985664895,1.4562102731404927,0.7217346374118578
Kepler-360 c,Kepler-360,2.1,0.0,860.0,0.075,6053.0,-0.13236,0.994,1.41,1.801709800081223,1.3862943611198906,4.993828175779875,2.102478394011531,0.7217346374118578
Kepler-361 b,Kepler-361,1.45,0.0,1060.0,0.086,6169.0,0.45876,1.191,3.89,1.308332819650179,1.769854633840005,6.0232175422883305,2.2498819631501004,0.8514321595256586
Kepler-361 c,Kepler-361,2.52,0.0,568.0,0.3,6169.0,0.45876,1.191,3.89,2.066862759472976,1.2149127443642704,3.5538612424358482,4.028703620308653,0.8514321595256586
Kepler-362 b,Kepler-362,0.88,0.0,838.0,0.087,5788.0,0.20872,0.904,12.88,0.4793349566746199,1.7850704810772584,5.339152160986373,2.4272056770248684,0.5434864060055391
Kepler-362 c,Kepler-362,1.45,0.0,543.0,0.207,5788.0,0.20872,0.904,12.88,1.308332819650179,1.769854633840005,3.628784379562596,3.6601270623860147,0.5434864060055391
Kepler-363 b,Kepler-363,1.16,0.0,1347.0,0.048,5593.0,0.36465,1.226,5.5,0.9745596399981308,1.918392120161421,6.908997507097206,1.529218255772682,0.9102726595485922
Kepler-363 d,Kepler-363,2.05,0.0,905.0,0.107,5593.0,0.36465,1.226,5.5,1.7681496035889213,1.410986973710262,5.321843445343817,2.5597145257614144,0.9102726595485922
Kepler-364 b,Kepler-364,1.55,0.0,753.0,0.178,6108.0,0.35128,1.076,0.63,1.3912819026309298,1.6974487897568138,4.244343779498307,3.2863743857623278,0.8259282917937638
Kepler-364 c,Kepler-364,2.15,0.0,568.0,0.312,6108.0,0.35128,1.076,0.63,1.8357763546448291,1.3635373739972745,3.1456167230912833,4.11055622356694,0.8259282917937638
Kepler-365 b,Kepler-365,2.04,0.0,865.0,0.098,6012.0,0.112,1.02,4.0,1.7613002617433464,1.415853163361435,4.891476312259941,2.4565845899651806,0.7168637071772613
Kepler-365 c,Kepler-365,1.64,0.0,729.0,0.137,6012.0,0.112,1.02,4.0,1.4655675420143985,1.6389967146756448,4.217594110715667,2.933012311168953,0.7168637071772613
Kepler-366 b,Kepler-366,1.46,0.0,1326.0,0.045,6209.0,0.57277,1.088,6.61,1.3164082336557241,1.7613002617433464,7.535996404205425,1.4544106151566811,0.7168637071772613
Kepler-366 c,Kepler-366,1.79,0.0,848.0,0.11,6209.0,0.57277,1.088,6.61,1.5810384379124023,1.547562508716013,5.661570625846892,2.6038860066038176,0.7168637071772613
Kepler-367 b,Kepler-367,1.3,0.0,401.0,0.201,4710.0,-0.61671,0.768,2.29,1.1755733298042381,1.8870696490323797,1.943764992708925,3.658825422266451,0.5276827408324136
Kepler-367 c,Kepler-367,1.2,0.0,357.0,0.253,4710.0,-0.61671,0.768,2.29,1.0543120297715298,1.9387416595767009,1.5604577302123817,3.9996425424509683,0.5276827408324136
Kepler-368 b,Kepler-368,3.26,0.0,800.0,0.186,5502.0,0.56235,1.165,6.46,2.4595888418037104,0.9932517730102834,4.687487228477305,3.3267496594922403,1.1049256507247018
Kepler-368 c,Kepler-368,3.88,0.0,575.0,0.36,5502.0,0.56235,1.165,6.46,2.72785282839839,0.8544153281560676,3.3905071104539646,4.29564234284343,1.1049256507247018
Kepler-369 b,Kepler-369,1.13,0.0,687.0,0.03,3591.0,-1.42022,0.5,4.17,0.9202827531436926,1.9095425048844383,3.72074142726268,1.317146834817357,0.38594244161930047
Kepler-369 c,Kepler-369,1.41,0.0,391.0,0.094,3591.0,-1.42022,0.5,4.17,1.2725655957915476,1.7984040119467237,1.6505798557652755,2.764529584453129,0.38594244161930047
Kepler-37 c,Kepler-37,0.755,0.099,615.0,0.139,5357.0,-0.32187,0.79,7.6,0.832909122935104,2.772588722239781,3.214867803470662,3.104669544987705,0.5816568045265821
Kepler-37 d,Kepler-37,2.03,0.1,499.0,0.2109,5357.0,-0.32187,0.79,7.6,1.0986122886681096,0.832909122935104,2.432735777459091,3.7084924114631246,0.5816568045265821
Kepler-370 b,Kepler-370,1.59,0.0,1040.0,0.054,5852.0,0.00609,0.982,6.03,1.423108334242607,1.6695918352538475,5.8930630942386255,1.7191045434550443,0.6418538861723948
Kepler-370 c,Kepler-370,1.91,0.0,647.0,0.14,5852.0,0.00609,0.982,6.03,1.6695918352538475,1.4816045409242156,4.0109086039800665,2.996878116824778,0.6418538861723948
Kepler-371 b,Kepler-371,1.89,0.0,554.0,0.1999999999999999,5666.0,0.24392,0.876,12.88,1.6544112780768316,1.4906543764441333,3.7550650555696934,3.576921612770848,0.6891391591624065
Kepler-371 c,Kepler-371,1.78,0.0,443.0,0.313,5666.0,0.24392,0.876,12.88,1.5727739280625088,1.551808799597464,2.8938656471504203,4.23364284639977,0.6891391591624065
Kepler-372 b,Kepler-372,1.36,0.0,1081.0,0.075,6509.0,0.32073,1.202,2.349,1.2296405510745139,1.8389610707123492,5.9548705810319404,2.0604742953557884,0.7594029763370106
Kepler-372 c,Kepler-372,2.09,0.0,755.0,0.1539999999999999,6509.0,0.32073,1.202,2.349,1.7950872593207297,1.3912819026309298,4.531319103912211,3.047079308997465,0.7594029763370106
Kepler-372 d,Kepler-372,1.69,0.0,660.0,0.201,6509.0,0.32073,1.202,2.349,1.5040773967762742,1.6054298910365616,3.9976684499566395,3.4369688195659616,0.7594029763370106
Kepler-373 b,Kepler-373,1.36,0.0,1054.0,0.06,5787.0,0.21244,0.981,10.96,1.2296405510745139,1.8389610707123492,6.120016060692109,1.877219629814498,0.6124792774924905
Kepler-373 c,Kepler-373,1.24,0.0,729.0,0.126,5787.0,0.21244,0.981,10.96,1.1216775615991057,1.9416152247724325,4.6516338363981315,2.8750295547679565,0.6124792774924905
Kepler-374 b,Kepler-374,1.03,0.0,1761.0,0.029,5977.0,0.27435,1.033,8.51,0.7323678937132266,1.860974538249528,7.6087024602897575,1.0639538989386101,0.647626665258136
Kepler-374 c,Kepler-374,1.1,0.0,1467.0,0.042,5977.0,0.27435,1.033,8.51,0.8628899551470399,1.8961194845522977,6.874809477328414,1.454608635745398,0.647626665258136
Kepler-374 d,Kepler-374,1.31,0.0,1272.0,0.056,5977.0,0.27435,1.033,8.51,1.184789984909162,1.8794650496471605,6.308278753121267,1.7964516105621773,0.647626665258136
Kepler-375 b,Kepler-375,1.45,0.0,851.0,0.101,5826.0,-0.16278,0.891,0.4,1.308332819650179,1.769854633840005,4.18119481512083,2.574589967850561,0.6081338062329886
Kepler-375 c,Kepler-375,2.65,0.0,720.0,0.141,5826.0,-0.16278,0.891,0.4,2.1412419425852827,1.169381359556317,3.530821149455661,3.0438710827806994,0.6081338062329886
Kepler-376 b,Kepler-376,1.07,0.0,1242.0,0.057,5900.0,0.35663,0.968,1.91,0.8064758658669486,1.8809906029559977,6.538012463993503,1.7783700631958124,0.7770286645406475
Kepler-376 c,Kepler-376,1.79,0.0,873.0,0.115,5900.0,0.35663,0.968,1.91,1.5810384379124023,1.547562508716013,5.131613220649158,2.7194731764549256,0.7770286645406475
Kepler-377 b,Kepler-377,1.39,0.0,875.0,0.109,5949.0,0.21756,1.043,5.5,1.2556160374777745,1.8148247421590513,4.942442102779869,2.6033952882999802,0.7993073763883359
Kepler-377 c,Kepler-377,2.06,0.0,677.0,0.182,5949.0,0.21756,1.043,5.5,1.7749523509116738,1.4060969884160703,3.9289784460775596,3.3327392243329617,0.7993073763883359
Kepler-378 b,Kepler-378,0.75,0.0,503.0,0.112,4661.0,-0.65539,0.78,3.24,0.2978798974282269,1.7083778602890038,2.934866997782716,2.8386316385510106,0.5134222496132567
Kepler-378 c,Kepler-378,0.7,0.0,414.0,0.166,4661.0,-0.65539,0.78,3.24,0.23980399220731702,1.6752256529721035,2.2155009860869326,3.3980594301045612,0.5134222496132567
Kepler-379 b,Kepler-379,1.66,0.0,775.0,0.152,6054.0,0.27953,1.125,2.24,1.47932922708708,1.623340817603092,4.514654494235315,3.049196260283312,0.8355144218468673
Kepler-379 c,Kepler-379,2.29,0.0,530.0,0.326,6054.0,0.27953,1.125,2.24,1.925707441737794,1.3029127521808397,3.0346163916039575,4.15551330264582,0.8355144218468673
Kepler-38 b,Kepler-38,4.3,0.032,475.0,0.4632,5623.0,0.49161,0.941,10.0,4.812184355372417,1.269760544863939,2.750857336781829,4.669074130824704,1.0123279200710973
Kepler-380 b,Kepler-380,1.19,0.0,1317.0,0.05,6045.0,0.2776,0.99,4.43,1.0331844833456545,1.9315214116032138,6.695913867188184,1.5955055056299399,0.7993073763883359
Kepler-380 c,Kepler-380,1.27,0.0,1056.0,0.078,6045.0,0.2776,0.99,4.43,1.1474024528375417,1.9125010869241836,5.812831180571039,2.1552449685946495,0.7993073763883359
Kepler-381 b,Kepler-381,0.99,0.0,1576.0,0.066,6152.0,0.5139,1.1439999999999997,2.57,0.6611403844248589,1.8421356765531218,6.575194383085037,1.8914571311528638,0.9431273858277147
Kepler-381 c,Kepler-381,1.12,0.0,1180.0,0.117,6152.0,0.5139,1.1439999999999997,2.57,0.9001613499442714,1.9035989509835904,5.421998529559095,2.6666471350147885,0.9431273858277147
Kepler-381 d,Kepler-381,1.0667865,0.0,1387.0,0.08364,6197.0,0.5139,1.198,2.57,0.8020015854720274,1.8825138324965192,6.081533744196849,2.2253043978580207,1.1593937609279688
Kepler-382 b,Kepler-382,1.32,0.0,1166.0,0.055,5600.0,0.14553,1.002,7.08,1.1939224684724346,1.8718021769015913,5.946637145811938,1.834524375073124,0.6652619770704096
Kepler-382 c,Kepler-382,1.59,0.0,882.0,0.097,5600.0,0.14553,1.002,7.08,1.423108334242607,1.6695918352538475,4.834240141426463,2.577387147998769,0.6652619770704096
Kepler-383 b,Kepler-383,1.32,0.0,545.0,0.095,4710.0,-0.698,0.669,13.9,1.1939224684724346,1.8718021769015913,3.086943153607375,2.6322148301615913,0.5140205146625099
Kepler-383 c,Kepler-383,1.24,0.0,406.0,0.172,4710.0,-0.698,0.669,13.9,1.1216775615991057,1.9416152247724325,2.0068708488450007,3.4719897752597526,0.5140205146625099
Kepler-384 b,Kepler-384,1.12,0.0,670.0,0.148,5577.0,0.39588,0.8819999999999999,12.88,0.9001613499442714,1.9035989509835904,4.630340733130035,3.1611218313529412,0.6323350411631878
Kepler-384 c,Kepler-384,1.13,0.0,531.0,0.236,5577.0,0.39588,0.8819999999999999,12.88,0.9202827531436926,1.9095425048844383,3.7159837903059443,3.8361839450361574,0.6323350411631878
Kepler-385 b,Kepler-385,2.73,0.0,951.0,0.097,6326.0,0.14374,0.992,3.31,2.624668592163159,1.4951487660319727,4.97617496564425,2.4018588619360832,0.7542422799197561
Kepler-385 c,Kepler-385,3.04,0.0,829.0,0.127,6326.0,0.14374,0.992,3.31,2.653241964607215,1.275362800412609,4.432660336578129,2.7827346404001485,0.7542422799197561
Kepler-385 d,Kepler-385,2.6186448,0.0,535.0,0.2872,5829.0,0.14374,1.05,3.31,2.1234584270966104,1.1786549963416462,2.772588722239781,4.05032126845146,0.7687183674070194
Kepler-386 b,Kepler-386,1.39,0.0,651.0,0.096,5178.0,-0.40199,0.825,9.9,1.2556160374777745,1.8148247421590513,3.79012652113022,2.5885479384216143,0.5692831933375594
Kepler-386 c,Kepler-386,1.58,0.0,513.0,0.155,5178.0,-0.40199,0.825,9.9,1.415853163361435,1.6770965609079151,2.871132305320661,3.265509684931662,0.5692831933375594
Kepler-387 b,Kepler-387,1.03,0.0,994.0,0.068,5774.0,0.13738,0.8500000000000001,1.01,0.7323678937132266,1.860974538249528,5.720577315119432,2.0530508506700187,0.7158866675294348
Kepler-387 c,Kepler-387,0.89,0.0,826.0,0.098,5774.0,0.13738,0.8500000000000001,1.01,0.49469624183610705,1.790091412127358,4.983353164933347,2.552374392189943,0.7158866675294348
Kepler-388 b,Kepler-388,0.81,0.0,830.0,0.036,4498.0,-0.43932,0.635,13.9,0.3763795272130677,1.7457155307266483,4.729244501090018,1.428710684022948,0.46121512321265623
Kepler-388 c,Kepler-388,0.86,0.0,515.0,0.0929999999999999,4498.0,-0.43932,0.635,13.9,0.4485245975686113,1.7732559976634952,2.8701690505786455,2.6600500048259623,0.46121512321265623
Kepler-389 b,Kepler-389,1.51,0.0,1047.0,0.041,5376.0,-0.51588,0.765,1.86,1.358409157630355,1.724550719534605,5.124309157917539,1.4455314324980084,0.5833323145527387
Kepler-389 c,Kepler-389,1.46,0.0,636.0,0.11,5376.0,-0.51588,0.765,1.86,1.3164082336557241,1.7613002617433464,3.1669507520032814,2.74157717151998,0.5833323145527387
Kepler-390 b,Kepler-390,0.82,0.0,786.0,0.065,5166.0,-0.352,0.7870000000000001,3.24,0.39001300354924273,1.749199854809259,4.614843250683778,2.0461546286613164,0.5743636445699783
Kepler-390 c,Kepler-390,0.79,0.0,630.0,0.101,5166.0,-0.352,0.7870000000000001,3.24,0.34924742810993575,1.7334238922150915,3.745992033570172,2.643335451103912,0.5743636445699783
Kepler-392 b,Kepler-392,1.0,0.0,1125.0,0.059,5938.0,0.19453,0.8739999999999999,2.97,0.6790482561804436,1.8468787684491346,6.112916399972001,1.847170997039576,0.7556523859113424
Kepler-392 c,Kepler-392,1.1,0.0,901.0,0.0929999999999999,5938.0,0.19453,0.8739999999999999,2.97,0.8628899551470399,1.8961194845522977,5.226273416680193,2.435639196734348,0.7556523859113424
Kepler-393 b,Kepler-393,1.29,0.0,1052.0,0.091,6189.0,0.52394,1.256,2.82,1.1662709371419244,1.8961194845522977,6.065674121242905,2.3206624092673365,0.8679404709331083
Kepler-393 c,Kepler-393,1.33,0.0,901.0,0.124,6189.0,0.52394,1.256,2.82,1.2029723039923526,1.8625285401162623,5.4476550539153985,2.7481430978953014,0.8679404709331083
Kepler-394 b,Kepler-394,1.6,0.0,1035.0,0.083,6402.0,0.05347,0.87,0.25,1.4327007339340463,1.66392609771817,5.11066160816338,2.197781422269298,0.757060506303598
Kepler-394 c,Kepler-394,1.66,0.0,901.0,0.11,6402.0,0.05347,0.87,0.25,1.47932922708708,1.623340817603092,4.559419398231084,2.574951933713028,0.757060506303598
Kepler-394 d,Kepler-394,1.50066814,0.0,1165.0,0.05904,6398.0,0.05347,1.141,0.25,1.3506671834767394,1.7316555451583495,5.713732805509369,1.8891251452034623,0.7424134218628633
Kepler-395 b,Kepler-395,1.03,0.0,576.0,0.061,4262.0,-1.194,0.622827,1.6,0.7323678937132266,1.860974538249528,2.9338568698359033,2.086211821526373,0.4421184257561999
Kepler-395 c,Kepler-395,1.32,0.0,341.0,0.177,4262.0,-1.194,0.622827,1.6,1.1939224684724346,1.8718021769015913,1.1346227261911428,3.583220616184668,0.4421184257561999
Kepler-396 b,Kepler-396,3.5,0.0,496.0,0.24067,5656.0,-0.13461,0.8500000000000001,0.62,4.33729074083249,2.3683728335320486,2.6899541168328014,3.784053260983532,0.7227059828014898
Kepler-396 c,Kepler-396,5.3,0.0,390.0,0.38946,5656.0,-0.13461,0.8500000000000001,0.62,2.9391619220655967,0.5074198306311578,1.8316210026531856,4.494294489642154,0.7227059828014898
Kepler-397 b,Kepler-397,2.46,0.0,539.0,0.144,5307.0,-0.376,0.8440000000000001,5.25,2.030776369698555,1.235471471385307,3.044998514856909,3.146345948404667,0.5692831933375594
Kepler-397 c,Kepler-397,6.18,0.0,295.0,0.48,5307.0,-0.376,0.8440000000000001,5.25,3.484312288372662,0.5515836162381584,1.0296194171811583,4.9163138233579975,0.5692831933375594
Kepler-398 b,Kepler-398,0.93,0.0,755.0,0.044,4493.0,-0.81101,0.649,2.34,0.559044196036465,1.8115620965242347,4.410213136518509,1.625591340474874,0.47809579914307176
Kepler-398 c,Kepler-398,1.01,0.0,536.0,0.087,4493.0,-0.81101,0.649,2.34,0.6981347220709844,1.8547342683894434,3.0706542000712505,2.5192607323894487,0.47809579914307176
Kepler-398 d,Kepler-398,0.88,0.0,636.0,0.0618,4557.0,-0.81101,0.7199999999999999,2.34,0.4793349566746199,1.7850704810772584,3.73363769145571,2.058520465427741,0.5128236264286637
Kepler-399 b,Kepler-399,0.96,0.0,773.0,0.103,5502.0,-0.418,0.902,3.98,0.6097655716208943,1.827769906751088,3.6008675767907232,2.7360077868054233,0.5187937934151676
Kepler-399 c,Kepler-399,1.43,0.0,630.0,0.155,5502.0,-0.418,0.902,3.98,1.2892326482767593,1.7817091333745536,2.8148097376737438,3.32055441053322,0.5187937934151676
Kepler-399 d,Kepler-399,1.89,0.0,486.0,0.261,5502.0,-0.418,0.902,3.98,1.6544112780768316,1.4906543764441333,1.8825138324965192,4.078123983722012,0.5187937934151676
Kepler-4 b,Kepler-4,4.002,0.0,1650.0,0.0456,5857.0,0.354,1.223,4.5,3.2375798096619723,1.068153081183401,7.128039546437485,1.4382841628898493,0.9110771648212677
Kepler-40 b,Kepler-40,13.11,0.0,1620.0,0.08,6510.0,0.81889,1.48,2.8,6.551366008520565,0.9858167945227653,7.080838459756258,2.06350142029433,1.1410330045520618
Kepler-400 b,Kepler-400,1.65,0.0,939.0,0.087,5886.0,0.152,1.08,3.63,1.4724720573609429,1.631199404215613,5.217053079717073,2.305021023704328,0.7631395523799803
Kepler-400 c,Kepler-400,1.49,0.0,755.0,0.134,5886.0,0.152,1.08,3.63,1.3428648031925547,1.7404661748405044,4.35491234218231,2.909129394935721,0.7631395523799803
Kepler-401 b,Kepler-401,1.71,0.0,889.0,0.122,6117.0,0.56611,1.173,3.55,1.5195132049061133,1.5933085305042167,5.5422434570447745,2.7332652788099256,0.8471549930392929
Kepler-401 c,Kepler-401,2.15,0.0,598.0,0.269,6117.0,0.56611,1.173,3.55,1.8357763546448291,1.3635373739972745,3.9702164390058767,3.8778086738074347,0.8471549930392929
Kepler-401 d,Kepler-401,2.27,0.0,380.0,0.66886,6184.0,0.56611,1.17,3.39,1.9125010869241836,1.3110318766193438,2.2497116033869773,5.221740838477284,0.8285518175661483
Kepler-402 b,Kepler-402,1.22,0.0,1311.0,0.051,6090.0,0.2035,1.072,1.4,1.091923300517313,1.9444805562457188,6.431079842646064,1.6151716431384158,0.8171331603409365
Kepler-402 c,Kepler-402,1.56,0.0,1140.0,0.068,6090.0,0.2035,1.072,1.4,1.3987168811184478,1.6882490928583902,5.872041730244958,1.9635846030321136,0.8171331603409365
Kepler-402 d,Kepler-402,1.38,0.0,1006.0,0.087,6090.0,0.2035,1.072,1.4,1.247032293786383,1.8229350866965048,5.371925570981531,2.294663701450756,0.8171331603409365
Kepler-402 e,Kepler-402,1.46,0.0,931.0,0.102,6090.0,0.2035,1.072,1.4,1.3164082336557241,1.7613002617433464,5.065634712314861,2.50494299160088,0.8171331603409365
Kepler-403 b,Kepler-403,1.25,0.0,1194.0,0.076,6090.0,0.64405,1.299,3.09,1.1314021114911006,1.9329696377795786,6.5373536971955595,2.0833665786342612,0.845438990902204
Kepler-403 c,Kepler-403,1.75,0.0,604.0,0.297,6090.0,0.64405,1.299,3.09,1.5496879080283263,1.5686159179138452,3.8319836310823874,4.012424728571677,0.845438990902204
Kepler-403 d,Kepler-403,1.42,0.0,958.0,0.12178,6209.0,0.64405,1.25,3.09,1.2809338454620645,1.790091412127358,5.657022747753175,2.6818151376959647,0.8960880245566356
Kepler-404 b,Kepler-404,1.27,0.0,730.0,0.102,5654.0,-0.33704,0.86,1.35,1.1474024528375417,1.9125010869241836,3.8184592996498306,2.5517745651540293,0.6333971761541713
Kepler-404 c,Kepler-404,1.72,0.0,678.0,0.118,5654.0,-0.33704,0.86,1.35,1.5282278570085572,1.589235205116581,3.5308504298890133,2.756914394277459,0.6333971761541713
Kepler-405 b,Kepler-405,2.08,0.0,785.0,0.095,5818.0,-0.33143,0.8729999999999999,2.09,1.7884205679625405,1.3962446919730587,4.036415263091129,2.4521974042741266,0.6381628722271858
Kepler-405 c,Kepler-405,4.66,0.0,557.0,0.188,5818.0,-0.33143,0.8729999999999999,2.09,3.0252910757955354,0.7227059828014898,2.713767161431439,3.4251313976477773,0.6381628722271858
Kepler-406 b,Kepler-406,1.43,0.0,1302.0,0.03599,5538.0,0.0482,1.07,5.84,1.9947003132247452,2.551006451492524,6.718932233236836,1.2314780431380354,0.7275486072772778
Kepler-406 c,Kepler-406,0.85,0.0,1050.0,0.05531,5538.0,0.0482,1.07,5.84,1.3110318766193438,3.234355395716587,5.8601278871519416,1.7269222368140458,0.7275486072772778
Kepler-407 b,Kepler-407,1.19,0.0,1983.0,0.01531,5487.0,-0.10791,0.99,2.88,1.0750024230289759,1.9281212899091646,8.319475642233119,0.5124118051149599,0.712949807856125
Kepler-407 c,Kepler-407,12.3,0.221479,583.6610000000001,3.27090369,5476.0,-0.03934,1.0,7.47,8.294299608857235,2.5494451709255714,3.3456669968681987,8.006700845440367,0.6981347220709844
Kepler-408 b,Kepler-408,0.82,0.0,1561.0,0.03592,6104.0,0.28298,1.08,6.68,1.791759469228055,1.269760544863939,7.316269733105407,1.2427184046309807,0.8020015854720274
Kepler-41 b,Kepler-41,14.46,0.0,1790.0,0.03101,5750.0,0.26161,1.15,4.4,5.1872740677547124,0.2851789422336624,7.619601046237114,1.049267340634565,0.8285518175661483
Kepler-410 A b,Kepler-410 A,2.838,0.17,866.0,0.1226,6273.0,0.435,1.214,2.76,2.2449559801574095,1.1085626195212777,5.07829394257007,2.9356450573093107,0.8552660300363806
Kepler-411 b,Kepler-411,2.401,0.146,1138.0,0.0375,4974.0,-0.57899,0.87,0.212,3.280911215787653,2.424802725718295,5.3097517441737,1.3875825310726013,0.598836501088704
Kepler-411 c,Kepler-411,4.421,0.108,838.0,0.0739,4974.0,-0.57899,0.87,0.212,3.3105430133940246,0.9932517730102834,4.04305126783455,2.178657153528683,0.598836501088704
Kepler-411 d,Kepler-411,3.319,0.128,410.0,0.279,4974.0,-0.57899,0.87,0.212,2.785011242238338,1.1939224684724346,1.589235205116581,4.077882299690365,0.598836501088704
Kepler-411 e,Kepler-411,3.28,0.016,503.0,0.186,4974.0,-0.57899,0.87,0.212,2.468099531471619,0.9858167945227653,2.6209326447196384,3.4815393676244,0.598836501088704
Kepler-412 b,Kepler-412,15.031269,0.0038,1850.0,0.02897,5750.0,0.26854,1.167,5.37,5.704042540836061,0.41871033485818504,7.671037944664044,1.0009481538175782,0.8272409150406441
Kepler-413 b,Kepler-413,4.347,0.1181,462.81000000000006,0.3553,4700.0,-0.42994,0.8200000000000001,4.558999999999999,4.219507705176107,1.4350845252893227,2.1995378087631208,4.208595441225374,0.574419949291144
Kepler-414 b,Kepler-414,1.71,0.0,1024.0,0.0543,5536.0,-0.16917,0.89,1.55,1.5040773967762742,1.578978704949392,5.48964408819452,1.7404661748405044,0.6657759837638133
Kepler-414 c,Kepler-414,3.01,0.0,890.0,0.07195,5536.0,-0.16917,0.89,1.55,3.4307561839036995,1.9487632180377197,4.927876679461744,2.1005913004025705,0.6657759837638133
Kepler-415 c,Kepler-415,2.01,0.0,543.0,0.0695,4362.0,-0.80504,0.67,4.9,1.7404661748405044,1.430311246536665,3.3045763430577297,2.272950287864355,0.49652383905513103
Kepler-416 b,Kepler-416,2.48,0.0,986.0,0.0674,5718.0,0.02791,1.0,2.69,4.0809215418899605,3.091042453358316,5.416495879548501,1.99047370661909,0.7299611536826616
Kepler-416 c,Kepler-416,2.352,0.0,791.0,0.10454,5718.0,0.02791,1.0,2.69,1.9643112344262046,1.2781522025001875,4.544060446521114,2.5808984154417263,0.7299611536826616
Kepler-416 d,Kepler-416,1.61,0.0,1253.0,0.0407,5670.0,0.02791,0.949,2.69,1.4398351280479205,1.6563214983329508,6.370328973418967,1.405225797765163,0.7040871205982797
Kepler-417 b,Kepler-417,2.31,0.0,671.0,0.1006,5177.0,-0.41061,0.9,4.9,2.4849066497880004,1.7749523509116738,3.7982718308851333,2.59009215013154,0.5911144549947938
Kepler-417 c,Kepler-417,2.69,0.0,616.0,0.1194,5177.0,-0.41061,0.9,4.9,2.1633230256605382,1.1537315878891892,3.464735402466143,2.8298547691759692,0.5911144549947938
Kepler-418 b,Kepler-418,13.45,0.2,434.0,0.39249,5820.0,0.11114,0.98,7.0,5.859678053261759,1.269760544863939,2.29020882192599,4.473677399707176,0.7371640659767197
Kepler-418 c,Kepler-418,5.22108654,0.0,835.0,0.10632,5822.0,0.11114,0.957,2.1,3.2068032436339315,0.6497176226326093,4.687671407499835,2.5816022232790488,0.7328485474114974
Kepler-419 c,Kepler-419,12.6,0.184,513.1,1.68,6430.0,0.7268,1.3899999999999997,2.14,7.749796490223519,1.9974177062012453,3.2238691220727764,6.51688810072953,1.007957920399979
Kepler-42 b,Kepler-42,0.78,0.04,519.0,0.0116,3068.0,-2.62,0.13,4.5,0.5341186232083331,0.13976194237515868,3.152223070313424,0.7946956797064055,0.15700374880966467
Kepler-42 d,Kepler-42,0.57,0.02,450.0,0.0154,3068.0,-2.62,0.13,4.5,0.30585469554201944,0.4382549309311553,2.605500546086416,1.0526273362105871,0.15700374880966467
Kepler-421 b,Kepler-421,4.16,0.041,185.0,1.219,5308.0,-0.398,0.7940000000000002,4.0,2.8390784635086144,0.8020015854720274,0.18232155679395454,6.5584791816612436,0.5636078092049601
Kepler-422 b,Kepler-422,12.89,0.0,1028.0,0.082,5972.0,0.24,1.15,3.4,4.924786876970218,0.32208349916911333,5.583432396964946,2.1850899496426957,0.8064758658669486
Kepler-423 b,Kepler-423,13.361,0.019,1605.0,0.03585,5560.0,-0.018,0.8500000000000001,11.0,5.247555509869817,0.37775126954064864,6.477200029279416,1.304088283798815,0.6678293725756554
Kepler-424 b,Kepler-424,9.98,0.0,1116.0,0.044,5460.0,-0.15,1.01,4.9,5.794080112636982,1.0784095813505903,6.156457663280015,1.4613703859879206,0.6626879730752367
Kepler-424 c,Kepler-424,12.7,0.3654829999999999,503.1,0.73,5460.0,-0.15,1.01,4.9,7.7035402720052275,1.937301774518713,3.9858971616046524,5.412984441526163,0.6626879730752367
Kepler-425 b,Kepler-425,10.962,0.33,1070.0,0.0464,5170.0,-0.323,0.9300000000000002,5.0,4.387635873438392,0.23901690047049992,5.438235818414077,1.5679945082121565,0.6205764877251099
Kepler-426 b,Kepler-426,12.22,0.18,1300.0,0.0414,5725.0,-0.089,0.91,6.0,4.691898189497915,0.23111172096338664,6.0203507931372044,1.43924700015831,0.6523251860396903
Kepler-427 b,Kepler-427,13.79,0.57,1100.0,0.091,5800.0,0.29,0.96,7.0,4.534425781462334,0.14842000511827327,5.345778075955409,2.424005416801556,0.8544153281560676
Kepler-428 b,Kepler-428,12.11,0.22,1070.0,0.0433,5150.0,-0.39,0.87,5.0,6.00297306929085,0.7030975114131134,5.278563538061175,1.509757355227783,0.5877866649021191
Kepler-43 b,Kepler-43,13.663771,0.017,1620.0,0.046,6041.0,0.326,1.32,0.69,6.934972409610687,1.791759469228055,7.038006924109921,1.3923000160183578,0.8837675401685949
Kepler-430 b,Kepler-430,3.25,0.0,667.0,0.2244,5884.0,0.31207,1.166,4.68,2.451005098112319,0.9932517730102834,3.7339484174815145,3.6100526735679654,0.9102726595485922
Kepler-430 c,Kepler-430,1.75,0.0,458.0,0.4757,5884.0,0.31207,1.166,4.68,1.5496879080283263,1.5686159179138452,2.3121393057988575,4.718311353714772,0.9102726595485922
Kepler-431 b,Kepler-431,0.764,0.0,1032.0,0.0719,6004.0,0.49839,1.071,4.34,0.31481073984003355,1.715598108262491,6.360516330989608,2.054508275134624,0.7381205462026765
Kepler-431 c,Kepler-431,0.668,0.0,951.0,0.0847,6004.0,0.49839,1.071,4.34,0.20620083058389768,1.6524974018945473,6.031994498987936,2.2724351160431624,0.7381205462026765
Kepler-431 d,Kepler-431,1.11,0.0,856.0,0.1045,6004.0,0.49839,1.071,4.34,0.8796267475025636,1.8976198599275325,5.612536690660348,2.558931285135974,0.7381205462026765
Kepler-432 b,Kepler-432,12.834305,0.5134,812.0,0.301,4995.0,0.92561,1.32,4.2,7.4503471502837195,1.6974487897568138,4.593563083446339,3.979702756483038,1.6213664832993742
Kepler-432 c,Kepler-432,13.3,0.498,892.0049999999999,0.102,4995.0,0.92561,1.32,4.2,6.650701856992126,1.0296194171811583,4.503428559926011,6.009304465236313,1.6213664832993742
Kepler-433 b,Kepler-433,16.25,0.119,1776.0,0.0679,6360.0,0.88,1.46,2.67,6.799323384799824,0.7561219797213337,7.428725274180145,1.8459451845302672,1.1817271953786161
Kepler-434 b,Kepler-434,12.67,0.131,1000.0,0.1142999999999999,5977.0,0.33,1.198,4.0,6.813400642500844,1.2237754316221157,5.070695050523918,2.6300677513058126,0.8671004876833832
Kepler-435 b,Kepler-435,22.31,0.114,1729.0,0.0948,6161.0,1.129,1.538,2.25,5.590875033946567,0.1231021971339834,6.520498881500795,2.261779098345792,1.43746264769429
Kepler-436 b,Kepler-436,2.73,0.19,322.0,0.3389999999999999,4651.0,-0.701,0.7289999999999999,3.0,2.186051276738094,1.1410330045520618,0.9895411936137477,4.1744188078598485,0.5288619862520892
Kepler-436 c,Kepler-436,2.33,0.0,503.0,0.11452,4685.0,-0.701,0.75,4.07,1.951608170169951,1.2864740258376797,2.7421295147550726,2.879037699433366,0.5364933705145685
Kepler-437 b,Kepler-437,2.14,0.02,308.0,0.288,4551.0,-0.762,0.7070000000000001,2.9,1.827769906751088,1.3686394258811698,1.1474024528375417,4.214356519393721,0.5187937934151676
Kepler-438 b,Kepler-438,1.12,0.03,288.0,0.166,3748.0,-1.357,0.544,4.4,0.9001613499442714,1.9035989509835904,0.8754687373538999,3.589975549609463,0.41871033485818504
Kepler-439 b,Kepler-439,2.24,0.03,291.0,0.563,5431.0,-0.236,0.8840000000000001,7.2,1.8946168546677629,1.324418957401803,1.0402767116551463,5.188165390154079,0.6237971024251521
Kepler-44 b,Kepler-44,12.22,0.066,1544.0,0.0446,5800.0,0.34743,1.12,5.8,5.764626680205501,0.6575200029167942,7.012316175029397,1.4461491101897508,0.8544153281560676
Kepler-440 b,Kepler-440,1.86,0.34,229.0,0.242,4134.0,-1.102,0.575,1.3,1.6331544390514163,1.5085119938441398,0.7884573603642702,4.626064472109852,0.4440445900756395
Kepler-441 b,Kepler-441,1.64,0.1,189.0,0.64,4340.0,-1.051,0.572,1.9,1.4655675420143985,1.6389967146756448,0.1906203596086497,5.3387306375522146,0.4382549309311553
Kepler-442 b,Kepler-442,1.34,0.04,241.0,0.4089999999999999,4402.0,-0.932,0.609,2.9,1.2119409739751128,1.8547342683894434,0.5068176023684519,4.730085945404136,0.4687528473440829
Kepler-443 b,Kepler-443,2.33,0.11,233.0,0.495,4723.0,-0.664,0.738,3.2,1.951608170169951,1.2864740258376797,0.6205764877251099,5.185536611100047,0.5341514490694874
Kepler-444 d,Kepler-444,0.53,0.18,783.0,0.06,5046.0,-0.42455,0.758,11.23,0.18232155679395454,2.186051276738094,4.7062636105481435,1.972606606265881,0.5607579925141997
Kepler-444 e,Kepler-444,0.546,0.1,727.0,0.0696,5046.0,-0.42455,0.758,11.23,0.09531017980432487,1.7578579175523736,4.410905594224258,2.168309766576529,0.5607579925141997
Kepler-444 f,Kepler-444,0.741,0.29,673.0,0.0811,5046.0,-0.42455,0.758,11.23,0.2866815721181974,1.7011051009599243,4.109479449806371,2.374020339453553,0.5607579925141997
Kepler-445 b,Kepler-445,1.58,0.0,401.0,0.0217,3157.0,-2.09994,0.18,6.61,1.415853163361435,1.6770965609079151,2.926221410789862,1.3823242406105298,0.1906203596086497
Kepler-445 c,Kepler-445,2.51,0.0,341.0,0.0301,3157.0,-2.09994,0.18,6.61,2.060513531794317,1.2178757094949273,2.3201302722097945,1.7700639816015533,0.1906203596086497
Kepler-445 d,Kepler-445,1.25,0.0,305.0,0.0439,3157.0,-2.09994,0.18,6.61,1.1314021114911006,1.9329696377795786,1.670344847337622,2.214054380580481,0.1906203596086497
Kepler-446 b,Kepler-446,1.5,0.0,648.0,0.0182,3359.0,-2.24766,0.22,3.72,1.3506671834767394,1.7334238922150915,2.8456649122893687,0.9421179201022979,0.2151113796169455
Kepler-446 c,Kepler-446,1.11,0.0,520.0,0.0283,3359.0,-2.24766,0.22,3.72,0.8796267475025636,1.8976198599275325,2.041869468772079,1.3952984523503114,0.2151113796169455
Kepler-446 d,Kepler-446,1.35,0.0,436.0,0.0403,3359.0,-2.24766,0.22,3.72,1.2208299213923592,1.8468787684491346,1.4602416060719734,1.8162766192713025,0.2151113796169455
Kepler-447 b,Kepler-447,18.49,0.123,882.0,0.0769,5493.0,-0.19007,1.0,1.62,6.07858216845348,0.33647223662121295,4.7878166899809855,2.1741039344427056,0.7178397931503169
Kepler-449 b,Kepler-449,2.056,0.03,917.0,0.1027,5649.18,0.296,1.02,9.77,1.7715567619105355,1.4085449700547104,5.126401482467963,2.608776309494298,0.9030028375472197
Kepler-449 c,Kepler-449,2.764,0.05,661.0,0.1979,5649.18,0.296,1.02,9.77,2.2049722641270453,1.1314021114911006,3.830596006732417,3.5459526337918654,0.9030028375472197
Kepler-45 b,Kepler-45,10.76,0.11,1000.0,0.03,3820.0,-1.27572,0.5900000000000001,0.5,5.084486566638785,0.5877866649021191,4.23945449739721,1.2398916299356841,0.4382549309311553
Kepler-450 b,Kepler-450,6.14,0.02,769.0,0.20092,6197.21,0.55403,1.19,2.57,3.0155349008501706,0.5596157879354227,4.5572921057436275,3.382858616396945,0.9713923653240539
Kepler-450 c,Kepler-450,2.62,0.02,944.0,0.13351,6197.21,0.55403,1.19,2.57,2.6026896854443837,2.2823823856765264,5.369386081979327,2.7980819289033234,0.9713923653240539
Kepler-452 b,Kepler-452,1.63,0.0,265.0,1.046,5757.0,0.08448,1.037,6.0,1.4562867329399256,1.6428726885203377,0.7419373447293773,5.955430550974114,0.7466879474879752
Kepler-453 b,Kepler-453,6.204,0.0359,331.62,0.7903,5527.0,-0.2205,0.944,2.49,2.833213344056216,1.269760544863939,1.338654323256089,5.486881895375719,0.6059539688575679
Kepler-454 b,Kepler-454,2.37,0.32,916.0,0.09528,5687.0,0.05259,1.03,5.25,1.8562979903656263,1.172482137234565,4.776599301615622,2.448739896548302,0.7256143706974468
Kepler-454 c,Kepler-454,12.9,0.0053,562.36,1.287,5687.0,0.05259,1.03,5.25,7.268506185785738,1.541159071680806,3.1015550292714282,6.263760101881796,0.7256143706974468
Kepler-457 d,KOI-7892,2.98467257,0.0,1008.0,0.0996,6474.0,0.2987,1.148,1.8159,2.321406847234633,1.0647107369924282,5.503174740174929,2.4587851343019596,0.8073683246499681
Kepler-458 c,KIC 9663113,4.2,0.0,798.0,0.17012,6117.21,0.7919,1.15,2.14,2.856470206220483,0.7975071958841881,5.637596374783653,3.0791669510648805,1.1680201851313912
Kepler-46 b,Kepler-46,9.057,0.01,543.0,0.1968,5155.0,-0.255,0.902,9.7,7.553810852008231,2.70805020110221,2.4765384001174837,3.543892409637456,0.6616565134685745
Kepler-46 c,Kepler-46,13.5,0.0146,455.0,0.2799,5155.0,-0.255,0.902,9.7,4.791641454141088,0.23665190133900202,2.2680638242441757,4.060632647736565,0.6616565134685745
Kepler-46 d,Kepler-46,1.64,0.0,845.0,0.067,5309.0,-0.255,0.883,2.34,1.4655675420143985,1.6389967146756448,4.536313019578504,2.0498310718535446,0.5822156198526637
Kepler-460 c,KIC 5437945,5.52,0.0,389.0,0.75318,6146.0,0.64137,1.17,3.16,3.299533727885655,0.6168059473032227,2.128231705849268,5.3987522819796725,0.8153648132841945
Kepler-461 b,Kepler-461,2.58,0.0,886.0,0.07895,5634.0,0.24622,0.98,2.51,2.1016921506146558,1.1939224684724346,5.544810189549725,2.2314953523627916,0.6471032420585385
Kepler-462 b,Kepler-462,3.0,0.042,611.0,0.4172,7500.0,0.92588,1.5900000000000003,0.5,4.005513348515485,2.33214389523559,3.4741070170494734,4.450696453985097,0.9439058989071286
Kepler-462 c,Kepler-462,4.0,0.11,453.0,0.7583999999999999,7500.0,0.92588,1.5900000000000003,0.5,1.9459101490553132,0.33647223662121295,2.395164274287139,5.340514415247825,0.9439058989071286
Kepler-463 b,Kepler-463,3.05,0.0,880.0,0.07925,5661.0,0.07904,0.87,7.41,2.354228326145884,1.0473189942805592,5.118227318086316,2.3006849722073857,0.6418538861723948
Kepler-464 b,Kepler-464,3.3,0.0,1163.0,0.07931,5933.0,0.48379,1.21,4.9,2.4765384001174837,0.9820784724121581,6.206586007319279,2.111057113727258,0.9516578757114464
Kepler-465 b,Kepler-465,2.95,0.0,996.0,0.09195,6310.0,0.33805,1.23,2.19,2.303584593327129,1.0750024230289759,5.432935668272798,2.3924872636604797,0.8285518175661483
Kepler-466 b,Kepler-466,2.85,0.0,503.0,0.26769,5927.0,-0.06719,1.04,3.47,2.2512917986064953,1.1052568313867783,2.6026896854443837,3.9527668478386047,0.7178397931503169
Kepler-466 c,Kepler-466,1.25,0.0,1206.0,0.04658,5927.0,-0.06719,1.04,3.47,1.1314021114911006,1.9329696377795786,6.019565977218857,1.5495209824197398,0.7178397931503169
Kepler-467 b,Kepler-467,2.25,0.0,712.0,0.16848,5809.0,0.32254,1.05,8.13,1.900613874140137,1.3190856114264407,4.300667435805967,3.2578365784656937,0.8628899551470399
Kepler-468 b,Kepler-468,13.34,0.0,484.0,0.2213,5498.0,-0.28606,0.96,2.0,2.3243465847755584,1.269760544863939,2.5047909730933755,3.6757627314709094,0.6259384308664953
Kepler-47 b,Kepler-47,3.05,0.021,507.4309999999999,0.2877,5636.0,-0.076,0.957,3.5714,1.1216775615991057,0.33647223662121295,2.4498209142075025,3.9212661555949166,0.6606239888543853
Kepler-47 c,Kepler-47,4.65,0.044,361.4,0.9638,5636.0,-0.076,0.957,5.175,1.4279160358107101,0.15700374880966467,1.6027923064325016,5.717774133282937,0.6606239888543853
Kepler-47 d,Kepler-47,7.04,0.024,335.62,0.6992,5636.0,-0.076,0.957,4.488,2.9967317738870745,0.26236426446749106,1.3024627571611713,5.238386878764823,0.6606239888543853
Kepler-471 b,Kepler-471,14.96,0.0,1308.0,0.0626,6733.0,0.71017,1.49,1.58,2.3243465847755584,1.269760544863939,7.045670299455263,1.7941290886277508,1.0296194171811583
Kepler-472 b,Kepler-472,3.22,0.0,876.0,0.04823,4996.0,-0.51255,0.8500000000000001,2.69,2.4423470353692043,1.0043016091968684,4.943326717673403,1.6440819211270123,0.5766133643039938
Kepler-473 b,Kepler-473,4.08,0.0,879.0,0.1204799999999999,5816.0,0.5248,1.06,6.92,2.8094026953624973,0.8153648132841945,5.498708022802869,2.744531077790613,0.8501509293696101
Kepler-474 b,Kepler-474,3.06,0.0,1115.0,0.06092,5785.0,0.41682,0.99,6.76,2.359910159613315,1.0438040521731147,6.510353574083528,1.8962205207392615,0.7323678937132266
Kepler-475 b,Kepler-475,2.49,0.0,980.0,0.03989,5009.0,-0.46424,0.86,2.69,2.048982334195127,1.2267122912954256,5.377415012406686,1.412329532806052,0.5822156198526637
Kepler-476 b,Kepler-476,3.08,0.0,807.0,0.1126,5837.0,0.0949,1.03,5.37,2.3693087250369538,1.0367368849500223,4.616011209165967,2.7084771812665376,0.7371640659767197
Kepler-477 b,Kepler-477,2.07,0.0,649.0,0.0911,5240.0,-0.372,0.87,2.09,1.7817091333745536,1.4011829736136412,3.6816030451431603,2.494849268565226,0.5822156198526637
Kepler-478 b,Kepler-478,2.71,0.0,640.0,0.1032,5210.0,-0.371,0.8500000000000001,4.9,2.174751721484161,1.1474024528375417,3.702782359282928,2.6547730172997626,0.5877866649021191
Kepler-479 b,Kepler-479,2.12,0.0,649.0,0.09636,5247.0,-0.40903,0.86,4.27,1.8148247421590513,1.3762440252663892,3.657208172157471,2.602201645631585,0.5933268452777344
Kepler-48 b,Kepler-48,1.88,0.0,932.0,0.05394,5194.0,-0.28926,0.8800000000000001,3.14,1.597365331199831,1.4422019930581866,5.159744716684097,1.7540576020440435,0.636576829071551
Kepler-48 c,Kepler-48,2.71,0.0,736.0,0.08633,5194.0,-0.28926,0.8800000000000001,3.14,2.7479117345273405,1.6114359150967734,4.228190488708995,2.367806193621224,0.636576829071551
Kepler-48 d,Kepler-48,2.04,0.0,448.0,0.2330199999999999,5194.0,-0.28926,0.8800000000000001,3.14,2.189416394888408,1.8050046959780757,2.3313668944194976,3.78182547786598,0.636576829071551
Kepler-48 e,Kepler-48,13.4,0.003142,243.0,1.8982747479999995,5194.0,-0.28926,0.8800000000000001,3.14,6.489204931325317,0.9162907318741551,0.5237900520052899,6.890609120147166,0.636576829071551
Kepler-480 b,Kepler-480,2.78,0.0,1312.0,0.06024,6322.0,0.47779,1.25,2.34,2.21375387928743,1.1249295969854831,6.639977789413202,1.7782661415257606,0.8501509293696101
Kepler-481 b,Kepler-481,2.5,0.0,899.0,0.08926,5802.0,0.20725,1.01,6.17,2.0541237336955462,1.2208299213923592,5.219501406112323,2.403409647014792,0.7371640659767197
Kepler-482 b,Kepler-482,2.36,0.0,352.0,0.25787,4871.0,-0.53864,0.75,6.03,1.969905654611529,1.275362800412609,1.6930434962888974,4.049245827136949,0.5423242908253616
Kepler-483 b,Kepler-483,3.21,0.0,755.0,0.19471,6346.0,0.43879,1.2800000000000002,2.63,2.4336133554004498,1.0043016091968684,4.135086553542185,3.4413504805215793,0.9042181506398859
Kepler-484 b,Kepler-484,2.28,0.0,766.0,0.09036,5668.0,-0.13505,0.96,1.48,1.9198594718553708,1.308332819650179,4.517747815461278,2.4020293804056183,0.6259384308664953
Kepler-485 b,Kepler-485,14.41,0.0,1243.0,0.04401,5958.0,0.07908,1.07,3.72,2.3243465847755584,1.269760544863939,6.434568990445076,1.4453317936646277,0.7371640659767197
Kepler-487 b,Kepler-487,11.42,0.0,662.0,0.11819,5444.0,-0.17269,0.91,5.62,2.3243465847755584,1.269760544863939,3.96066077703404,2.794764047350625,0.6312717768418579
Kepler-487 c,Kepler-487,2.68,0.0,487.0,0.21864,5444.0,-0.17269,0.91,5.62,2.157559320943788,1.1568811967920856,2.774960906384837,3.680141327644068,0.6312717768418579
Kepler-487 d,Kepler-487,2.77513568,0.0,1226.0,0.03445,5422.0,-0.17269,0.8739999999999999,4.68,2.21046980408624,1.128171090909654,6.313185661783185,1.229169690529482,0.6349882663864131
Kepler-489 b,Kepler-489,7.72,0.0,538.0,0.12109,5014.0,-0.51802,0.8200000000000001,3.31,3.8522730010223722,0.4388998841944018,3.0735263009940113,2.905604926185216,0.5653138090500605
Kepler-49 b,Kepler-49,2.579,0.0,509.0,0.05929,4095.6,-1.13077,0.607,2.88,2.3767644911682972,1.4066142565706126,3.112670508021872,2.1041341542702074,0.4811908186363
Kepler-49 c,Kepler-49,2.444,0.008,443.0,0.07821,4095.6,-1.13077,0.607,2.88,2.238579763018133,1.4133449232682274,2.590842000196669,2.477378383367209,0.4811908186363
Kepler-49 d,Kepler-49,1.6,0.0,717.0,0.031,4252.0,-1.13077,0.549,2.88,5.467984188883744,3.044522437723423,4.180369341573185,1.2743983690176757,0.4440445900756395
Kepler-49 e,Kepler-49,1.56,0.0,371.0,0.116,4252.0,-1.13077,0.549,2.88,0.7120425336622371,0.044973365642731154,1.9548698904267852,2.975330975089984,0.4440445900756395
Kepler-490 b,Kepler-490,11.65,0.0,1597.0,0.0453,6045.0,0.36497,1.08,3.47,2.3243465847755584,1.269760544863939,6.9665165187212,1.4513081959967369,0.7514160886839212
Kepler-491 b,Kepler-491,8.92,0.0,1111.0,0.05191,5582.0,-0.05683,1.04,4.47,4.0943445622221,0.3763795272130677,5.747844016173166,1.6535283859566008,0.708035793053696
Kepler-493 b,Kepler-493,15.13,0.0,1438.0,0.0439,6457.0,0.43813,1.36,2.0,2.3243465847755584,1.269760544863939,7.25511729188527,1.3872630370518333,0.9321640810304452
Kepler-495 b,Kepler-495,5.23,0.0,1200.0,0.0427,5346.0,-0.2375,0.86,4.37,3.2108436531709366,0.6491952930307625,5.739860434015339,1.4845629380488772,0.6043159668533296
Kepler-495 c,Kepler-495,1.21936414,0.0,1000.0,0.0614,5392.0,-0.2375,0.8880000000000001,0.6,1.091923300517313,1.9459101490553132,4.692539832124998,1.931029955061127,0.7357276280950636
Kepler-496 b,Kepler-496,2.32,0.0,747.0,0.0747,5293.0,-0.41551,0.86,4.57,1.9444805562457188,1.2919836816486496,4.157726164386925,2.230944007725122,0.598836501088704
Kepler-497 b,Kepler-497,6.04,0.0,1210.0,0.0457,5834.0,0.25216,1.09,3.55,3.4468078929142076,0.5641767992629853,7.030213590705474,1.5202139814055515,0.7466879474879752
Kepler-498 b,Kepler-498,3.03,0.0,931.0,0.0897,5744.0,0.17242,0.98,3.89,2.344686269012681,1.0508216248317612,5.317016443980521,2.3621506657453475,0.6729444732424258
Kepler-499 b,Kepler-499,2.17,0.0,844.0,0.0598,5312.0,-0.27919,0.87,4.57,1.8484548129046003,1.355835153635182,5.007002035130493,1.8919860969564775,0.6043159668533296
Kepler-5 b,Kepler-5,15.984034,0.0,1750.0,0.0538,6297.0,0.65242,1.374,2.88,6.510167756063359,0.33647223662121295,7.508654486393516,1.5147899673039813,1.0271162869630397
Kepler-50 b,Kepler-50,1.71,0.0,1196.0,0.077,6225.0,0.53582,1.2400000000000002,3.8,2.2925347571405443,1.953002084583339,6.205980991721673,2.176175707135178,0.9477893989335261
Kepler-50 c,Kepler-50,2.17,0.0,1125.0,0.087,6225.0,0.53582,1.2400000000000002,3.8,2.2192034840549946,2.32720092214884,5.964720080905001,2.339540742827131,0.9477893989335261
Kepler-500 b,Kepler-500,2.58,0.0,909.0,0.08361,5813.0,0.11615,1.02,4.37,2.1016921506146558,1.1939224684724346,5.271357184965254,2.2521676673425155,0.708035793053696
Kepler-501 b,Kepler-501,4.3,0.0,1125.0,0.0627,5904.0,0.21635,1.03,3.31,2.89591193827178,0.7793248768009976,5.786455565989255,1.8932140022581139,0.712949807856125
Kepler-501 c,Kepler-501,1.68119739,0.0,1304.0,0.0467,5794.0,0.21635,1.032,0.3,1.4973884086254774,1.6114359150967734,6.529185234336617,1.5309919416474516,0.7957037688850374
Kepler-502 b,Kepler-502,4.77,0.0,1217.0,0.0535,6125.0,0.34908,1.15,3.09,3.0633909220278057,0.708035793053696,6.757524074632343,1.665225312085683,0.7975071958841881
Kepler-504 b,Kepler-504,1.59,0.0,374.0,0.0646,3519.0,-1.57681,0.33,4.17,1.423108334242607,1.6695918352538475,1.944623607529848,2.356057177184323,0.2851789422336624
Kepler-505 b,Kepler-505,2.6,0.0,314.0,0.1445,3931.0,-1.07864,0.55,3.16,2.1126345090356,1.184789984909162,1.5349298602590387,3.35067501599759,0.4252677354043441
Kepler-506 b,Kepler-506,2.73,0.0,1080.0,0.07437,6236.0,0.28755,1.19,1.74,2.186051276738094,1.1410330045520618,5.8037695793649515,2.06475998056197,0.7839015438284094
Kepler-507 b,Kepler-507,1.3,0.0,1407.0,0.04781,6113.0,0.32648,1.16,3.8,1.9016480103878475,2.7618112281313922,6.77801896165517,1.5190966906049577,0.8415671856782186
Kepler-508 b,Kepler-508,1.64,0.0,710.0,0.17274,6025.0,0.28949,1.16,3.55,1.4655675420143985,1.6389967146756448,4.11695370508296,3.269907189195068,0.8109302162163288
Kepler-509 b,Kepler-509,2.49,0.0,584.0,0.23702,6060.0,0.23291,1.1,4.27,2.048982334195127,1.2267122912954256,3.3837459880483998,3.755275715458102,0.7884573603642702
Kepler-51 b,Kepler-51,7.1,0.04,543.0,0.2514,6018.0,-0.1417,1.04,0.3,1.1314021114911006,0.0295588022415444,2.408655356721112,3.8319836310823874,0.6626879730752367
Kepler-51 c,Kepler-51,9.0,0.014,439.0,0.384,6018.0,-0.1417,1.04,0.3,1.6094379124341003,0.0295588022415444,1.6735388378406242,4.457968638249039,0.6626879730752367
Kepler-51 d,Kepler-51,9.7,0.008,381.0,0.509,6018.0,-0.1417,1.04,0.3,2.151762203259462,0.044973365642731154,1.2430011912934145,4.876677143756945,0.6626879730752367
Kepler-51 e,Kepler-51,2.18,0.02,566.39,0.102,5674.0,-0.1417,0.96,0.7,1.8562979903656263,1.3506671834767394,2.990417025004304,5.580800950240972,0.6259384308664953
Kepler-510 b,Kepler-510,2.47,0.0,797.0,0.1352,5746.0,0.33243,0.91,10.47,2.0360119837525,1.2325602611778486,4.748309028906783,3.0231817741413014,0.8796267475025636
Kepler-511 b,Kepler-511,6.35,0.0,332.0,0.8567200000000001,5770.0,0.49754,1.0,7.94,3.529297384289471,0.5364933705145685,1.6501959049062682,5.695877529408319,0.7884573603642702
Kepler-511 c,Kepler-511,4.20964327,0.0,742.0,0.1717699999999999,5866.0,0.49754,0.958,9.12,2.8622008809294686,0.7975071958841881,4.630837932736669,3.318884022231226,0.882527101721346
Kepler-512 b,Kepler-512,2.69,0.0,652.0,0.21395,5997.0,0.21625,1.17,3.72,2.1633230256605382,1.1537315878891892,3.5064278888692493,3.5677248591023303,0.832909122935104
Kepler-513 b,Kepler-513,2.2,0.0,623.0,0.1779,5849.0,0.07874,1.02,5.5,1.8687205103641835,1.3428648031925547,3.625060673900714,3.396598685181088,0.7227059828014898
Kepler-514 b,Kepler-514,1.72,0.0,1248.0,0.06559,6106.0,0.35265,1.2800000000000002,2.69,1.5282278570085572,1.589235205116581,6.229323296865817,1.894886900908761,0.8919980393051105
Kepler-515 b,Kepler-515,1.46,0.0,564.0,0.1333,5293.0,-0.312,0.9,3.39,1.3164082336557241,1.7613002617433464,3.891207865714226,3.0427929992970038,0.6043159668533296
Kepler-516 b,Kepler-516,5.74,0.0,1095.0,0.1992,7099.0,0.79832,1.62,1.32,3.3638415951183864,0.5938791789012764,5.1680947794980625,3.2524894689024544,1.1052568313867783
Kepler-517 b,Kepler-517,2.67,0.0,467.0,0.28682,5690.0,-0.01857,0.95,6.31,2.1529243184396396,1.1631508098056809,2.447118243726344,4.125977630940379,0.6830968447064438
Kepler-518 b,Kepler-518,2.11,0.0,839.0,0.07996,5842.0,-0.04002,0.96,1.35,1.8082887711792655,1.3812818192963463,4.900202677796813,2.2525579311433526,0.6312717768418579
Kepler-519 b,Kepler-519,2.1,0.0,532.0,0.15932,5260.0,-0.33467,0.89,1.91,1.801709800081223,1.3862943611198906,3.0383127210891097,3.231116386584959,0.5877866649021191
Kepler-52 b,Kepler-52,2.1,0.0,553.0,0.0637,4075.0,-0.99568,0.54,1.01,4.912654885736052,1.4701758451005928,3.1663185741295248,2.1835038212437445,0.41871033485818504
Kepler-52 c,Kepler-52,1.84,0.012,433.0,0.10379,4075.0,-0.99568,0.54,1.01,3.8372994592322094,3.044522437723423,2.256541154492639,2.855607886253605,0.41871033485818504
Kepler-52 d,Kepler-52,1.95,0.0,332.0,0.182,4263.0,-0.99568,0.577,1.01,4.498447632066024,2.9444389791664403,1.3724489542978375,3.6228777563887267,0.4421184257561999
Kepler-520 b,Kepler-520,1.66,0.0,711.0,0.14628,6112.0,0.51032,1.1,2.04,1.47932922708708,1.623340817603092,4.107096246147264,3.028884671283917,0.7371640659767197
Kepler-520 c,Kepler-520,1.07,0.0,1107.0,0.06035,6112.0,0.51032,1.1,2.04,0.8064758658669486,1.8809906029559977,5.865589484132377,1.8263287739625853,0.7371640659767197
Kepler-521 b,Kepler-521,3.18,0.0,803.0,0.17116,6406.0,0.67119,1.34,1.78,2.4159137783010487,1.007957920399979,5.085198400755791,3.144502740529195,0.9001613499442714
Kepler-522 b,Kepler-522,6.91,0.0,761.0,0.25029,6392.0,0.65452,1.54,1.7,3.6686767467964168,0.4922542381805553,4.172154008792637,3.678430768475148,1.091923300517313
Kepler-523 b,Kepler-523,1.96,0.0,884.0,0.06159,5515.0,-0.27953,0.9300000000000002,2.45,1.7047480922384253,1.4539530095937054,5.011534889339091,1.9222002946534522,0.6205764877251099
Kepler-524 b,Kepler-524,1.91,0.0,974.0,0.07955,6014.0,0.43947,1.09,3.02,1.6695918352538475,1.4816045409242156,6.075890710310228,2.1943535788502233,0.7419373447293773
Kepler-524 c,Kepler-524,0.96,0.0,1574.0,0.03046,6014.0,0.43947,1.09,3.02,0.6097655716208943,1.827769906751088,7.993058729988206,1.0609031732750678,0.7419373447293773
Kepler-525 b,Kepler-525,2.63,0.0,832.0,0.14386,5573.0,0.525,0.95,10.47,2.1294214739848565,1.1755733298042381,5.177459608774577,2.9798086290969135,0.7654678421395714
Kepler-526 b,Kepler-526,1.99,0.0,1099.0,0.06518,5894.0,0.35055,1.15,2.14,1.7263316639055994,1.4398351280479205,6.372216792420741,1.8653968319482408,0.76080582903376
Kepler-527 b,Kepler-527,2.84,0.0,1157.0,0.11646,6388.0,0.32269,1.2800000000000002,2.4,2.2460147415056513,1.1085626195212777,4.997523036283252,2.659234979718849,0.8960880245566356
Kepler-528 b,Kepler-528,2.08,0.0,708.0,0.14219,5807.0,0.15784,1.01,5.5,1.7884205679625405,1.3962446919730587,4.248080870495038,3.0341341010311296,0.7227059828014898
Kepler-529 b,Kepler-529,1.86,0.0,1662.0,0.0309,6087.0,0.207,1.07,3.98,1.6331544390514163,1.5085119938441398,7.500756104270301,1.0920433144562918,0.76080582903376
Kepler-529 c,Kepler-529,2.0,0.0,891.0,0.1075,6087.0,0.207,1.07,3.98,1.7334238922150915,1.4350845252893227,5.013431381398257,2.6271656313844667,0.76080582903376
Kepler-529 d,Kepler-529,2.79502603,0.0,633.0,0.2134,6078.0,0.241,1.005,0.2,2.2213750375685026,1.1216775615991057,3.6615082573178044,3.6072951282783507,0.7834448185407259
Kepler-53 b,Kepler-53,2.89,0.0,701.0,0.1361,5858.0,0.03558,0.98,0.3,4.718498871295094,0.7793248768009976,4.127085996777624,2.9780240290063134,0.636576829071551
Kepler-53 c,Kepler-53,3.17,0.0,550.0,0.22091,5858.0,0.03558,0.98,0.3,3.6109179126442243,0.6523251860396903,3.1853604055303837,3.677775629192208,0.636576829071551
Kepler-53 d,Kepler-53,2.12,0.0,870.0,0.091,6085.0,0.03558,0.966,0.3,3.642592030475047,0.8754687373538999,4.982592408938259,2.375088249548358,0.6719235441083187
Kepler-530 b,Kepler-530,3.01,0.0,488.0,0.21491,5697.0,-0.13247,0.97,1.78,2.334083760053417,1.0577902941478545,2.7237923080508177,3.696585164720577,0.636576829071551
Kepler-531 b,Kepler-531,2.78,0.0,453.0,0.17446,4893.0,-0.55216,0.78,7.76,2.21375387928743,1.1249295969854831,2.3985314340412547,3.430266012332931,0.5596157879354227
Kepler-532 b,Kepler-532,2.57,0.0,620.0,0.10151,5192.0,-0.45789,0.87,2.0,2.0955609235597192,1.1969481893889715,3.557887691041423,2.6336797699963297,0.5822156198526637
Kepler-533 b,Kepler-533,3.38,0.0,423.0,0.16704,4758.0,-0.62007,0.78,3.24,2.517696472610991,0.9631743177730056,2.2792141066708056,3.384770030208261,0.5423242908253616
Kepler-534 b,Kepler-534,2.24,0.0,721.0,0.1272,5884.0,0.14739,1.05,1.58,1.8946168546677629,1.324418957401803,4.173617743116608,2.8308543950990894,0.6830968447064438
Kepler-534 c,Kepler-534,1.227,0.0,933.0,0.0761,5936.0,0.14739,1.075,1.58,1.1052568313867783,1.9473377010464987,5.191177490990133,2.125691549763698,0.6754922453212245
Kepler-535 b,Kepler-535,2.36,0.0,1247.0,0.06011,6123.0,0.3406,1.18,3.24,1.969905654611529,1.275362800412609,6.401736417535207,1.7755151672466059,0.8197798314933114
Kepler-536 b,Kepler-536,3.1,0.0,1877.0,0.02835,5524.0,-0.21446,0.9200000000000002,4.79,2.379546134130174,1.0331844833456545,6.795495462231557,1.039245190066985,0.636576829071551
Kepler-537 b,Kepler-537,1.41,0.0,1181.0,0.04317,5763.0,-0.03874,1.07,1.45,1.2725655957915476,1.7984040119467237,6.094747405930826,1.446343574832595,0.688134638736401
Kepler-538 b,Kepler-538,2.215,0.21,417.0,0.3553999999999999,5534.0,-0.17887,0.8920000000000001,5.3,2.631888840136646,2.0149030205422647,1.803358605071407,4.415676329636323,0.6268471088027133
Kepler-539 b,Kepler-539,8.373123,0.39,387.6,0.4987999999999999,5820.0,-0.06048,1.048,0.91,5.734295837341157,1.3609765531356006,1.5435117623179335,4.841288638043855,0.6688544879909007
Kepler-539 c,Kepler-539,13.3,0.5,253.0,2.4200000000000004,5820.0,-0.06048,1.048,0.91,6.6382955007905045,1.0224509277025458,1.0483484658280033,6.90875477931522,0.6688544879909007
Kepler-54 b,Kepler-54,2.1,0.022,453.0,0.0619,3705.0,-1.30103,0.51,4.83,0.6830968447064438,0.5653138090500605,2.592040591994968,2.198439772021321,0.4054651081081644
Kepler-54 c,Kepler-54,1.23,0.0,395.0,0.0809,3705.0,-1.30103,0.51,4.83,0.5306282510621704,1.2168005755324622,1.4036429994545037,2.5704514929145583,0.4054651081081644
Kepler-54 d,Kepler-54,1.53,0.0,328.0,0.126,4252.0,-1.30103,0.518,4.83,2.5721999314832087,2.322387720290225,1.4872702784598928,3.0908467069285064,0.4408322519454557
Kepler-540 b,Kepler-540,2.71,0.0,355.0,0.58822,5946.0,0.20658,1.02,4.9,2.174751721484161,1.1474024528375417,1.7092832474038167,5.157358333745957,0.7323678937132266
Kepler-541 b,Kepler-541,3.36,0.0,1673.0,0.06447,6166.0,0.75505,1.41,3.09,2.501435951739211,0.9631743177730056,7.28200763115445,1.8050143143528716,1.1184149159642893
Kepler-542 b,Kepler-542,1.57,0.0,698.0,0.10703,5526.0,-0.12185,0.9300000000000002,4.57,1.4085449700547104,1.6845453849209058,4.136333875161029,2.6493594840026686,0.6418538861723948
Kepler-543 b,Kepler-543,2.5,0.0,521.0,0.1022999999999999,4671.0,-0.64251,0.7,5.75,2.0541237336955462,1.2208299213923592,3.1814231478175494,2.7013356864511184,0.5128236264286637
Kepler-544 b,Kepler-544,2.12,0.0,748.0,0.15482,6206.0,0.52864,1.16,2.63,1.8148247421590513,1.3762440252663892,4.844431151160568,3.1097825404226747,0.7975071958841881
Kepler-545 b,Kepler-545,2.69,0.0,806.0,0.11248,5882.0,0.10684,1.04,4.47,2.1633230256605382,1.1537315878891892,4.626373792239115,2.656710631258002,0.7275486072772778
Kepler-546 b,Kepler-546,7.0,0.0,1258.0,0.0502,5967.0,0.27057,1.11,3.31,3.6913763343125234,0.48612301112561884,6.538327939213226,1.6384179565478534,0.7654678421395714
Kepler-547 b,Kepler-547,4.0,0.0,768.0,0.058,4828.0,-0.55508,0.78,2.88,2.7788192719904172,0.832909122935104,4.4854064400195215,1.947392519658054,0.5481214085096876
Kepler-548 b,Kepler-548,11.99,0.0,1017.0,0.0495,5535.0,-0.2012,0.9300000000000002,4.37,2.3243465847755584,1.269760544863939,5.472417721682915,1.696384915985138,0.6418538861723948
Kepler-549 b,Kepler-549,2.57,0.0,487.0,0.23236,5360.0,-0.30618,0.8800000000000001,4.57,2.4849066497880004,1.0647107369924282,2.3560310686996715,3.7830427241959477,0.6097655716208943
Kepler-549 c,Kepler-549,2.93,0.0,349.0,0.45332,5360.0,-0.30618,0.8800000000000001,4.57,2.2935443483418965,1.0818051703517284,1.2556160374777745,4.771027768974683,0.6097655716208943
Kepler-549 d,Kepler-549,4.2,0.0,586.0,0.1574999999999999,5312.0,-0.30618,0.8590000000000001,1.66,2.856470206220483,0.7975071958841881,3.3648791189880436,3.243170548750382,0.6861225656229808
Kepler-55 b,Kepler-55,2.43,0.0,400.0,0.1593,4362.0,-0.76324,0.62,2.34,3.784189633918261,2.8622008809294686,2.0336593490247084,3.365506122518506,0.4574248470388754
Kepler-55 d,Kepler-55,1.59,0.0,931.0,0.029,4503.0,-0.76324,0.631,2.34,1.423108334242607,1.6695918352538475,5.27814016910922,1.1666132461487568,0.48180867469549804
Kepler-55 e,Kepler-55,1.55,0.0,728.0,0.048,4503.0,-0.76324,0.631,2.34,1.3912819026309298,1.6974487897568138,4.306184467364918,1.7258927775734945,0.48180867469549804
Kepler-55 f,Kepler-55,1.59,0.0,559.0,0.081,4503.0,-0.76324,0.631,2.34,1.423108334242607,1.6695918352538475,3.2748023691572077,2.4157838591476355,0.48180867469549804
Kepler-550 b,Kepler-550,4.42,0.0,760.0,0.0747,5322.0,-0.38383,0.87,4.68,2.9391619220655967,0.76080582903376,4.360011060616201,2.2617739431024875,0.6043159668533296
Kepler-551 b,Kepler-551,2.73,0.0,483.0,0.0893,4286.0,-0.89514,0.65,3.8,2.186051276738094,1.1410330045520618,2.7334580050367427,2.593496901728061,0.48858001481867097
Kepler-552 b,Kepler-552,3.95,0.0,1103.0,0.0612,5863.0,0.06292,1.03,3.89,2.760009940032921,0.8415671856782186,5.886087364644599,1.8347256856605476,0.712949807856125
Kepler-553 b,Kepler-553,4.74139884,0.0,1089.0,0.04766,5191.0,-0.27084,0.889,8.8,4.762236911874488,1.269760544863939,5.4638318050256105,1.6155128227443545,0.6429059641231986
Kepler-553 c,Kepler-553,11.57887706,0.346,251.0,0.8980000000000001,5191.0,-0.27084,0.889,8.8,7.664088657436996,2.143589361503588,0.4631048875545789,5.796787484444973,0.6429059641231986
Kepler-554 b,Kepler-554,4.29,0.0,1346.0,0.03022,5447.0,-0.11758,0.9300000000000002,5.62,2.8903717578961645,0.7793248768009976,6.778722324623997,1.0654720181788413,0.6523251860396903
Kepler-555 b,Kepler-555,2.83,0.0,664.0,0.1201,5894.0,0.26392,1.03,3.89,2.2407096892759584,1.1118575154181303,4.870407243109353,2.8459410648255896,0.712949807856125
Kepler-556 b,Kepler-556,2.24,0.0,766.0,0.09833,5740.0,-0.04785,1.0,4.17,1.8946168546677629,1.324418957401803,4.414505925415808,2.543405229648611,0.6830968447064438
Kepler-557 b,Kepler-557,2.67,0.0,1281.0,0.0469,6068.0,0.72814,1.11,3.24,2.1529243184396396,1.1631508098056809,7.967856442679713,1.5488360699457147,0.7701082216960736
Kepler-558 b,Kepler-558,2.37,0.0,498.0,0.1759,5242.0,-0.38422,0.8500000000000001,4.47,1.9754689512968577,1.269760544863939,2.7866765215573994,3.4014608596154576,0.5933268452777344
Kepler-559 b,Kepler-559,3.61,0.0,706.0,0.1277,5630.0,-0.12141,0.96,4.37,2.617395832834079,0.9082585601768908,3.773748955591691,2.922490566930072,0.6678293725756554
Kepler-56 b,Kepler-56,6.51,0.04,1378.0,0.1028,4840.0,0.90455,1.32,3.5,3.139832617527748,0.36603103886275734,6.709603076120103,2.442486156126246,1.6544112780768316
Kepler-56 c,Kepler-56,9.8,0.0,1087.0,0.1652,4840.0,0.90455,1.32,3.5,5.204006687076795,0.7227059828014898,5.762698971791281,3.1091676495979064,1.6544112780768316
Kepler-56 d,Kepler-56,12.8,0.2,582.832,2.16,4819.44,0.90455,1.29,4.37,7.487173694213739,1.7351891177396608,3.4776743875389746,6.910750787961936,1.6521122702696187
Kepler-560 b,Kepler-560,1.72,0.17,298.0,0.0899,3556.0,-1.717,0.3399999999999999,4.07,1.5282278570085572,1.589235205116581,1.2412685890696329,2.969267371498531,0.2851789422336624
Kepler-561 b,Kepler-561,6.96,0.0,446.0,0.2925599999999999,5646.0,-0.17974,0.96,4.27,3.681351187693145,0.4891933236388768,2.1476841317760833,4.083655124880345,0.6626879730752367
Kepler-561 c,Kepler-561,2.68,0.0,989.0,0.05947,5646.0,-0.17974,0.96,4.27,2.157559320943788,1.1568811967920856,5.215837524807744,1.848480321713106,0.6626879730752367
Kepler-562 b,Kepler-562,5.21,0.0,658.0,0.1333,5575.0,0.01578,0.9300000000000002,4.57,3.2068032436339315,0.6528458837864196,4.225884389663229,2.944929092514953,0.6418538861723948
Kepler-563 b,Kepler-563,3.09,0.0,546.0,0.1418,5066.0,-0.44389,0.8,5.37,2.374905754573672,1.0367368849500223,2.9825457117498155,3.1434764934843304,0.5709795465857378
Kepler-564 b,Kepler-564,4.63,0.0,1129.0,0.0484,5626.0,-0.06437,0.95,4.27,3.0155349008501706,0.7275486072772778,5.967182100388088,1.5583198205924242,0.6523251860396903
Kepler-565 b,Kepler-565,3.64,0.0,1063.0,0.0501,5735.0,-0.0551,0.98,4.07,2.631888840136646,0.9042181506398859,5.7119490373225945,1.6570363622225122,0.6678293725756554
Kepler-566 b,Kepler-566,2.15,0.0,526.0,0.1247,5132.0,-0.52379,0.83,4.57,1.8357763546448291,1.3635373739972745,2.883626839769683,2.9667125573394597,0.5822156198526637
Kepler-567 b,Kepler-567,2.25,0.0,611.0,0.1229,5148.0,-0.40926,0.8400000000000001,4.68,1.900613874140137,1.3190856114264407,3.30089811034559,2.8646535136226086,0.5822156198526637
Kepler-568 b,Kepler-568,2.26,0.0,429.0,0.0794,3768.0,-1.33039,0.55,5.89,1.9065751436566365,1.3164082336557241,2.2375130962503307,2.4868609680301224,0.4252677354043441
Kepler-569 b,Kepler-569,3.16,0.0,526.0,0.19784,5616.0,-0.10661,0.95,4.9,2.4069451083182885,1.0152306797290587,3.0113103035173094,3.5607308400226025,0.6575200029167942
Kepler-57 b,Kepler-57,3.135,0.0162,850.0,0.05988,5187.9,-0.34241,0.8590000000000001,3.31,3.260401571696699,1.698552393016866,4.831101846909936,1.9050881545350582,0.6021277821727767
Kepler-57 c,Kepler-57,2.196,0.0725,671.0,0.09588,5187.9,-0.34241,0.8590000000000001,3.31,2.061786606441115,1.5104380139821956,3.903466502745025,2.533696813957432,0.6021277821727767
Kepler-570 b,Kepler-570,2.45,0.0,1009.0,0.0497,5496.0,-0.29611,0.9300000000000002,5.01,2.0241930674493576,1.2383742310432684,5.370824057334785,1.6680203568721264,0.6418538861723948
Kepler-571 b,Kepler-571,2.64,0.0,978.0,0.0546,5527.0,-0.22253,0.9300000000000002,4.68,2.135349173618132,1.172482137234565,5.393791169329028,1.7576164035626316,0.6418538861723948
Kepler-572 b,Kepler-572,2.58,0.0,553.0,0.1192,5212.0,-0.43426,0.83,4.68,2.1016921506146558,1.1939224684724346,3.328232345851373,2.901709180747718,0.5822156198526637
Kepler-573 b,Kepler-573,2.79,0.0,646.0,0.14527,5746.0,0.0286,0.99,5.89,2.2192034840549946,1.1216775615991057,3.85946575468947,3.1434320443657935,0.7030975114131134
Kepler-574 b,Kepler-574,2.39,0.0,858.0,0.0723,5612.0,-0.21429,0.95,4.17,1.9878743481543455,1.264126727145683,4.79966731871218,2.1585766229697483,0.6471032420585385
Kepler-575 b,Kepler-575,2.39,0.0,803.0,0.0788,5710.0,-0.08379,0.97,3.98,1.9878743481543455,1.264126727145683,4.962753717036517,2.3397767721262634,0.6678293725756554
Kepler-576 b,Kepler-576,3.27,0.0,541.0,0.179,5672.0,-0.21068,0.99,4.47,2.4595888418037104,0.9858167945227653,2.880153057701833,3.431124010745494,0.6780335427498971
Kepler-577 b,Kepler-577,2.55,0.0,314.0,0.1348,4984.0,-0.555,0.78,3.8,2.084429083190875,1.2029723039923526,1.9003148757824004,3.2845055945024915,0.5481214085096876
Kepler-578 b,Kepler-578,2.0,0.0,1774.0,0.0266,5334.0,-0.3369,0.87,4.68,1.7334238922150915,1.4350845252893227,6.2103952367692115,0.9619841808332774,0.6043159668533296
Kepler-579 b,Kepler-579,2.0,0.0,730.0,0.0853999999999999,5636.0,-0.31094,0.99,4.07,1.7334238922150915,1.4350845252893227,4.120807963763443,2.3673027134048845,0.6729444732424258
Kepler-58 b,Kepler-58,2.78,0.04,920.0,0.09291,5843.0,-0.00422,0.95,2.14,3.597312260588446,2.4069451083182885,4.736128270493488,2.4175637912806183,0.708035793053696
Kepler-58 c,Kepler-58,2.86,0.0,799.0,0.12307,5843.0,-0.00422,0.95,2.14,3.9889840465642745,2.3978952727983707,4.180354048598012,2.8078446629830407,0.708035793053696
Kepler-58 d,Kepler-58,2.94,0.0,583.0,0.236,6099.0,-0.00422,1.024,2.14,5.506724873729351,0.4252677354043441,2.9571993238372074,3.716041478610068,0.7547125362181002
Kepler-580 b,Kepler-580,2.57,0.0,558.0,0.0683,4298.0,-0.89626,0.67,3.47,2.0955609235597192,1.1969481893889715,3.221392654992475,2.221637438713148,0.49469624183610705
Kepler-581 b,Kepler-581,2.63,0.0,521.0,0.2259,5772.0,-0.16946,1.0,4.07,2.1294214739848565,1.1755733298042381,2.5945081597030812,3.728267992126146,0.6931471805599453
Kepler-582 b,Kepler-582,3.68,0.0,603.0,0.1254,5564.0,-0.41418,0.9300000000000002,4.47,2.6461747973841225,0.8919980393051105,3.2602480679739325,2.9700224236030857,0.6471032420585385
Kepler-583 b,Kepler-583,2.28,0.0,1017.0,0.0689,5523.0,-0.10059,0.94,4.47,1.9198594718553708,1.308332819650179,5.191283228943757,2.0162388346119133,0.6471032420585385
Kepler-584 b,Kepler-584,4.21,0.0,664.0,0.2281,6195.0,0.52004,1.17,2.88,2.8622008809294686,0.7975071958841881,4.3481983561757245,3.588534959384713,0.8064758658669486
Kepler-585 b,Kepler-585,2.83,0.0,1178.0,0.03841,5593.0,-0.16334,0.96,3.63,2.2407096892759584,1.1118575154181303,6.194709426513876,1.3223849095432332,0.6575200029167942
Kepler-586 b,Kepler-586,2.79,0.0,1365.0,0.0331,5575.0,-0.14099,0.94,4.17,2.2192034840549946,1.1216775615991057,6.559687472844546,1.1329242376304143,0.6523251860396903
Kepler-587 b,Kepler-587,2.23,0.0,764.0,0.0952,5549.0,-0.23792,0.9200000000000002,4.79,1.8870696490323797,1.3270750014599193,4.276179889714634,2.4799174251130447,0.636576829071551
Kepler-588 b,Kepler-588,2.63,0.0,1176.0,0.052,5835.0,0.20713,1.01,4.07,2.1294214739848565,1.1755733298042381,6.577965663824787,1.652808724501432,0.6931471805599453
Kepler-589 b,Kepler-589,2.27,0.0,656.0,0.1196,5296.0,-0.34669,0.8800000000000001,4.47,1.9125010869241836,1.3110318766193438,3.500801360207602,2.865033969085479,0.6043159668533296
Kepler-589 c,Kepler-589,1.11727238,0.0,1098.0,0.0426,5372.0,-0.34669,0.8319999999999999,14.0,0.8960880245566356,1.9035989509835904,5.845310971696471,1.509542460518551,0.6502396795486688
Kepler-59 b,Kepler-59,1.1,0.0,864.0,0.09943,6074.0,0.32374,1.04,0.26,1.62924053973028,2.272125885509337,5.239151055878821,2.554756874753513,0.6626879730752367
Kepler-59 c,Kepler-59,1.98,0.0,752.0,0.13114,6074.0,0.32374,1.04,0.26,1.5706970841176697,0.9631743177730056,4.68896890792342,2.9433923000099274,0.6626879730752367
Kepler-590 b,Kepler-590,4.02,0.0,1056.0,0.0647,6000.0,0.47712,1.1,3.55,2.785011242238338,0.8285518175661483,6.6636625683550355,1.9246810507472414,0.7654678421395714
Kepler-591 b,Kepler-591,3.39,0.0,436.0,0.3553999999999999,5677.0,-0.078,0.97,4.17,2.517696472610991,0.9593502213346021,1.889339797566919,4.408783333863776,0.6626879730752367
Kepler-592 b,Kepler-592,2.39,0.0,1367.0,0.0397,5913.0,0.18506,1.04,3.89,1.9878743481543455,1.264126727145683,6.842498633388244,1.3403007899364165,0.712949807856125
Kepler-593 b,Kepler-593,2.87,0.0,706.0,0.1508,5967.0,0.07929,1.08,3.63,2.2617630984737906,1.0986122886681096,4.127456913672303,3.1008618003859523,0.7419373447293773
Kepler-594 b,Kepler-594,2.18,0.0,678.0,0.1089,5485.0,-0.19321,0.91,4.27,1.8547342683894434,1.3506671834767394,4.1009228775822235,2.6841796817006136,0.6259384308664953
Kepler-595 b,Kepler-595,3.708,0.0,535.0,0.1582,5138.5,-0.34768,0.9300000000000002,2.7,2.91235066461494,0.8020015854720274,2.911371924935918,3.2696795490358053,0.5993858007454709
Kepler-595 c,Kepler-595,1.009,0.0,679.0,0.0983,5138.5,-0.34768,0.9300000000000002,2.7,1.4586150226995167,2.066862759472976,3.936325297951111,2.594210878775646,0.5993858007454709
Kepler-596 b,Kepler-596,3.46,0.0,725.0,0.15161,6267.0,0.31445,1.21,2.69,2.5494451709255714,0.9439058989071286,4.422472558488413,3.104596837607294,0.8415671856782186
Kepler-597 b,Kepler-597,2.37,0.0,743.0,0.10916,5683.0,-0.0334,0.97,4.27,1.9754689512968577,1.269760544863939,4.34866373100476,2.640745804053949,0.6678293725756554
Kepler-598 b,Kepler-598,1.5,0.0,1050.0,0.04487,5307.0,-0.25753,0.87,7.59,1.3506671834767394,1.7334238922150915,5.585025214597295,1.547935690138993,0.6205764877251099
Kepler-598 c,Kepler-598,3.02420941,0.0,367.0,0.36672,5245.0,-0.25753,0.9,12.3,2.341805806147327,1.0543120297715298,1.547562508716013,4.471575934245118,0.6420201881329308
Kepler-599 b,Kepler-599,2.84,0.0,623.0,0.1128,5127.0,-0.52232,0.83,5.01,2.2460147415056513,1.1085626195212777,3.2373834964239405,2.812748088470394,0.5822156198526637
Kepler-6 b,Kepler-6,14.616536,0.0,1460.0,0.04852,5647.0,0.18916,1.209,3.8,5.362748569427209,0.33647223662121295,6.676098089277723,1.4433123928845144,0.8717116884761877
Kepler-60 b,Kepler-60,1.71,0.0,1102.0,0.07255,5905.0,0.36906,1.041,8.91,1.6467336971777973,1.7263316639055994,5.765191102784844,2.095979040318765,0.8140364978353984
Kepler-60 c,Kepler-60,1.9,0.039,1023.0,0.08422,5905.0,0.36906,1.041,8.91,1.578978704949392,1.4011829736136412,5.4680601411351315,2.2944218643220946,0.8140364978353984
Kepler-60 d,Kepler-60,1.99,0.002,929.0,0.10203,5905.0,0.36906,1.041,8.91,1.6409365794934714,1.3635373739972745,5.087596335232384,2.557080013698152,0.8140364978353984
Kepler-600 b,Kepler-600,2.9,0.0,528.0,0.1536,5279.0,-0.33922,0.8400000000000001,4.57,2.277267285009756,1.0885619528146082,3.0531517644214774,3.2057977208563972,0.5933268452777344
Kepler-601 b,Kepler-601,1.9,0.0,833.0,0.05494,5160.0,-0.42817,0.8500000000000001,4.07,1.6620303625532709,1.4861396960896067,4.715091286352229,1.852990721281665,0.5822156198526637
Kepler-602 b,Kepler-602,2.09,0.0,852.0,0.1224,6062.0,0.32624,1.08,3.16,1.7950872593207297,1.3912819026309298,4.865863824968384,2.7902257078189705,0.7561219797213337
Kepler-603 b,Kepler-603,2.65,0.0,731.0,0.16052,5808.0,0.39156,1.01,4.37,2.1412419425852827,1.169381359556317,4.593097604753822,3.093475217241691,0.6981347220709844
Kepler-603 c,Kepler-603,6.5,0.0,401.0,0.53439,5808.0,0.39156,1.01,4.37,3.56953269648137,0.5247285289349821,2.2823823856765264,4.8590956933220975,0.6981347220709844
Kepler-603 d,Kepler-603,1.32,0.0,1098.0,0.07117,5808.0,0.39156,1.01,4.37,1.1939224684724346,1.8718021769015913,6.211402967473243,1.9764572561053133,0.6981347220709844
Kepler-604 b,Kepler-604,2.59,0.0,637.0,0.1735,5890.0,0.09179,1.02,3.72,2.1065702090680887,1.1878434223960523,3.8708259405778076,3.290452688410264,0.708035793053696
Kepler-605 b,Kepler-605,1.44,0.0,1133.0,0.04244,5462.0,-0.24849,0.91,4.47,1.3001916620664788,1.776645831418007,5.761164196894307,1.4778561759371658,0.6312717768418579
Kepler-605 c,Kepler-605,0.86,0.0,1278.0,0.03336,5462.0,-0.24849,0.91,4.47,0.4485245975686113,1.7732559976634952,6.242281629510705,1.2116288761705165,0.6312717768418579
Kepler-606 b,Kepler-606,3.31,0.0,683.0,0.1699999999999999,6161.0,0.25434,1.13,2.88,2.4849066497880004,0.9820784724121581,4.288306440172731,3.231427123537392,0.7975071958841881
Kepler-607 b,Kepler-607,0.87,0.0,1874.0,0.0137,5196.0,-0.38192,0.8400000000000001,4.9,0.46373401623214017,1.7783364488959144,7.742234038957451,0.49357561660916316,0.5877866649021191
Kepler-607 c,Kepler-607,2.76001201,0.0,473.0,0.21507,5244.0,-0.38192,0.808,7.76,2.2027647577118348,1.1314021114911006,2.2823823856765264,3.7056578996984255,0.635518067723309
Kepler-608 b,Kepler-608,3.64,0.0,1069.0,0.0685,5820.0,0.04113,1.0,3.8,2.631888840136646,0.9042181506398859,5.602716428254697,2.0031697929221237,0.6981347220709844
Kepler-609 b,Kepler-609,3.35,0.0,932.0,0.0682,5971.0,0.06548,1.09,3.72,2.501435951739211,0.9707789171582246,5.557055834985032,2.017727117822944,0.76080582903376
Kepler-61 b,Kepler-61,2.15,0.25,273.0,0.24861,4017.0,-0.97062,0.635,1.0,1.8357763546448291,1.3635373739972745,0.9895411936137477,4.1088646339066255,0.4824261492442927
Kepler-610 b,Kepler-610,4.19,0.0,888.0,0.0719,5943.0,-0.11034,1.1,3.55,2.8507065015037334,0.7975071958841881,4.942156576124016,2.079057287113505,0.7561219797213337
Kepler-610 c,Kepler-610,3.3,0.0,318.0,0.5594,5943.0,-0.11034,1.1,3.55,2.4765384001174837,0.9820784724121581,1.1930129640895941,5.029548113866405,0.7561219797213337
Kepler-611 b,Kepler-611,1.65,0.0,1513.0,0.0350999999999999,5761.0,0.38338,1.01,4.47,1.4724720573609429,1.631199404215613,7.510047888753013,1.234608687084649,0.6981347220709844
Kepler-612 b,Kepler-612,2.84,0.0,1046.0,0.0452,5693.0,0.30512,0.98,4.47,2.2460147415056513,1.1085626195212777,6.905842450692024,1.5522655624264556,0.6729444732424258
Kepler-613 b,Kepler-613,2.29,0.0,713.0,0.1232,5723.0,-0.05698,0.98,4.27,1.925707441737794,1.3029127521808397,4.208699506459503,2.8201755519783713,0.6729444732424258
Kepler-614 b,Kepler-614,2.39,0.0,641.0,0.1027,5268.0,-0.41844,0.8500000000000001,4.79,1.9878743481543455,1.264126727145683,3.6428355156125294,2.710375172260946,0.5933268452777344
Kepler-615 b,Kepler-615,1.74,0.0,620.0,0.085,4655.0,-0.695,0.73,3.72,1.5432981099295553,1.5769147207285403,3.004692014925463,2.429732727600114,0.5247285289349821
Kepler-616 b,Kepler-616,2.43,0.0,860.0,0.0927,5753.0,-0.11149,0.98,3.89,2.012232791986386,1.247032293786383,4.868918108144241,2.3976787502681502,0.6780335427498971
Kepler-616 c,Kepler-616,3.41,0.0,413.0,0.4024,5753.0,-0.11149,0.98,3.89,2.5257286443082556,0.9516578757114464,2.061786606441115,4.515369711443086,0.6780335427498971
Kepler-616 d,Kepler-616,2.653,0.0,499.0,0.2749,6004.0,-0.11149,1.061,0.4,2.1424163408412245,1.1662709371419244,2.753023566744941,3.9525390694444362,0.6815805441884798
Kepler-617 b,Kepler-617,1.32,0.0,750.0,0.0219,3712.0,-1.30507,0.51,3.98,1.1939224684724346,1.8718021769015913,4.618037051694915,0.9868223141915131,0.3920420877760237
Kepler-618 b,Kepler-618,2.6,0.0,1296.0,0.0449,5860.0,0.1732,1.05,4.27,2.1126345090356,1.184789984909162,6.5199861690196,1.5251362379732418,0.7323678937132266
Kepler-619 b,Kepler-619,3.16,0.0,1073.0,0.06014,5980.0,-0.04002,1.09,3.47,2.4069451083182885,1.0152306797290587,5.416749080655943,1.8569652984473046,0.7466879474879752
Kepler-619 c,Kepler-619,1.69,0.0,1767.0,0.02216,5980.0,-0.04002,1.09,3.47,1.5040773967762742,1.6054298910365616,7.41089564667513,0.7922977158412096,0.7466879474879752
Kepler-619 d,Kepler-619,4.17,0.0,830.0,0.1021,6122.0,-0.04002,1.041,0.78,2.8449093838194073,0.8020015854720274,4.728007095947154,2.5399425354356273,0.6749832099322741
Kepler-62 b,Kepler-62,1.31,0.0,750.0,0.0553,4925.0,-0.678,0.69,7.0,2.302585092994046,1.269760544863939,4.398465768625654,1.9043337033416483,0.49469624183610705
Kepler-62 c,Kepler-62,0.54,0.0,578.0,0.0929,4925.0,-0.678,0.69,7.0,1.6094379124341003,1.269760544863939,3.3840173124523023,2.598361815191297,0.49469624183610705
Kepler-62 d,Kepler-62,1.95,0.0,510.0,0.12,4925.0,-0.678,0.69,7.0,2.70805020110221,1.269760544863939,2.9019708937395166,2.9530366498863563,0.49469624183610705
Kepler-62 e,Kepler-62,1.61,0.0,270.0,0.427,4925.0,-0.678,0.69,7.0,3.6109179126442243,1.269760544863939,0.8552660300363806,4.81532899928881,0.49469624183610705
Kepler-62 f,Kepler-62,1.41,0.0,208.0,0.718,4925.0,-0.678,0.69,7.0,3.58351893845611,1.269760544863939,0.4054651081081644,5.592072212329254,0.49469624183610705
Kepler-620 b,Kepler-620,3.32,0.0,849.0,0.1053,6155.0,0.34079,1.15,3.02,2.4849066497880004,0.9745596399981308,5.393859337668497,2.63287786959077,0.7975071958841881
Kepler-621 b,Kepler-621,2.3,0.0,737.0,0.031,4521.0,-0.759,0.7199999999999999,3.63,1.9315214116032138,1.297463147413275,4.256463411698536,1.2887128840216167,0.5187937934151676
Kepler-622 b,Kepler-622,2.13,0.0,446.0,0.0978,4201.0,-0.86159,0.64,3.47,1.8213182714695995,1.3737155789130306,2.6016521103123904,2.7266931209034126,0.4762341789963716
Kepler-623 b,Kepler-623,3.01,0.0,825.0,0.0853999999999999,5443.0,-0.31821,0.9,4.47,2.334083760053417,1.0577902941478545,4.357964448323123,2.3096577566386527,0.6205764877251099
Kepler-624 b,Kepler-624,2.31,0.0,852.0,0.11638,6117.0,0.29097,1.1,3.72,1.9387416595767009,1.2947271675944,4.880959316939865,2.7464049028373663,0.7793248768009976
Kepler-625 b,Kepler-625,1.99,0.0,852.0,0.08137,5789.0,0.40647,1.04,1.51,1.7263316639055994,1.4398351280479205,6.0133067597019325,2.1692736670322255,0.6729444732424258
Kepler-625 c,Kepler-625,1.05,0.0,1048.0,0.05379,5789.0,0.40647,1.04,1.51,0.7701082216960736,1.873339456220478,6.838546669939798,1.641975787391861,0.6729444732424258
Kepler-626 b,Kepler-626,2.29,0.0,784.0,0.10913,5813.0,-0.04194,1.01,5.37,1.925707441737794,1.3029127521808397,4.2597883767369344,2.7399268322538695,0.7178397931503169
Kepler-627 b,Kepler-627,3.73,0.0,685.0,0.2266099999999999,6424.0,0.38539,1.3,2.24,2.667228206581955,0.8837675401685949,3.696425907869337,3.7304878025768735,0.9122827104766162
Kepler-629 b,Kepler-629,1.38,0.0,816.0,0.07107,5444.0,-0.28344,0.9300000000000002,1.91,1.247032293786383,1.8229350866965048,4.645803362683383,2.1088286544263006,0.6097655716208943
Kepler-63 b,Kepler-63,6.11,0.45,791.0,0.08,5576.0,-0.157,0.984,0.21,4.795790545596741,1.3862943611198906,4.618787054197185,2.3450841284946424,0.6423800635062922
Kepler-630 b,Kepler-630,3.18,0.0,343.0,0.56201,5829.0,0.30233,1.02,4.47,2.4159137783010487,1.007957920399979,1.882209372150127,5.090520412122427,0.712949807856125
Kepler-631 b,Kepler-631,2.9,0.0,828.0,0.1401699999999999,6185.0,0.38915,1.2400000000000002,2.51,2.277267285009756,1.0885619528146082,4.555317958028524,2.9433747599280813,0.8458682675776092
Kepler-632 b,Kepler-632,2.21,0.0,500.0,0.1885,5322.0,-0.292,0.91,3.02,1.8748743759385615,1.3376291891386096,2.7549337870010606,3.46562987624161,0.6097655716208943
Kepler-633 b,Kepler-633,1.63,0.0,1021.0,0.08185,5899.0,0.16,1.02,6.03,1.4562867329399256,1.6428726885203377,6.121395716700013,2.2516503848330847,0.7654678421395714
Kepler-633 c,Kepler-633,2.296,0.0,725.0,0.16246,5877.0,0.236,0.997,8.13,1.9300710850255671,1.3001916620664788,4.757032535297338,3.210165976422491,0.8175747589349973
Kepler-634 b,Kepler-634,1.89,0.0,1309.0,0.05765,6075.0,0.42075,1.03,5.37,1.6544112780768316,1.4906543764441333,6.696841636525557,1.8196180842516205,0.8064758658669486
Kepler-635 b,Kepler-635,2.64,0.0,802.0,0.18332,6174.0,0.73514,1.33,2.34,2.135349173618132,1.172482137234565,5.272625129499574,3.1966183565458555,0.9202827531436926
Kepler-636 b,Kepler-636,4.45,0.0,614.0,0.1185,5203.0,-0.374,0.8500000000000001,5.01,2.9496883350525844,0.7561219797213337,4.226965123498996,2.8379468964520056,0.5877866649021191
Kepler-637 b,Kepler-637,4.75,0.0,1002.0,0.16619,6096.0,0.38249,1.6399999999999997,2.19,3.054001181677967,0.712949807856125,4.171382760875338,3.1865941837390173,1.269760544863939
Kepler-638 b,Kepler-638,1.83,0.0,1111.0,0.06695,5382.0,0.53162,0.8800000000000001,11.75,1.6114359150967734,1.5260563034950494,6.772584829551883,1.957235613187092,0.6575200029167942
Kepler-639 b,Kepler-639,2.38,0.0,957.0,0.09358,5896.0,0.48255,1.14,4.37,1.9823798288367047,1.2669476034873244,5.693146108534642,2.417181274688014,0.8285518175661483
Kepler-640 b,Kepler-640,2.56,0.0,609.0,0.1541799999999999,5653.0,-0.02367,1.01,2.09,2.089391872533004,1.199964782928397,3.5852396793541765,3.1462251146385105,0.6626879730752367
Kepler-641 b,Kepler-641,1.85,0.0,926.0,0.0894999999999999,5713.0,0.39002,1.02,7.08,1.6253112615903906,1.5129270120532565,5.745525644763915,2.350385787800084,0.7561219797213337
Kepler-642 b,Kepler-642,2.9,0.0,1810.0,0.05631,6570.0,0.39758,1.4,1.95,2.277267285009756,1.0885619528146082,6.5797691334212045,1.6896268032685118,0.9783261227936075
Kepler-643 b,Kepler-643,10.16,0.37,963.0,0.13485,4908.0,0.47818,1.0,12.02,5.774577321609718,0.9858167945227653,5.359934436900933,2.8529523165006325,1.2584609896100059
Kepler-644 b,Kepler-644,3.15,0.0,1655.0,0.04641,6747.0,0.71041,1.49,1.62,2.4069451083182885,1.0224509277025458,7.776018955445293,1.4288549481319637,1.0331844833456545
Kepler-645 b,Kepler-645,2.1,0.0,1730.0,0.04541,6170.0,0.45106,1.13,2.95,1.801709800081223,1.3862943611198906,7.219467793618336,1.4529765098421346,0.7929925155296614
Kepler-646 b,Kepler-646,1.99,0.0,632.0,0.11251,5634.0,-0.25878,0.9300000000000002,4.57,1.7263316639055994,1.4398351280479205,3.669416269200672,2.825752975759988,0.6471032420585385
Kepler-647 b,Kepler-647,1.17,0.0,788.0,0.12237,6020.0,0.41834,1.03,4.27,0.9969486348916093,1.927164106234258,5.098609540711443,2.846388806375851,0.7275486072772778
Kepler-647 c,Kepler-647,4.00135002,0.0,644.0,0.1829099999999999,5906.74,0.41834,1.07,2.75,2.7788192719904172,0.832909122935104,4.248495242049359,3.423164331787712,0.9344095894842493
Kepler-648 b,Kepler-648,3.22,0.0,674.0,0.13324,5741.0,-0.05328,1.05,1.82,2.4423470353692043,1.0043016091968684,3.878176624644316,2.9135008127235626,0.6830968447064438
Kepler-649 b,Kepler-649,2.26,0.0,564.0,0.17522,5871.0,-0.0439,0.97,2.95,1.9065751436566365,1.3164082336557241,3.263734461176427,3.4309900316400928,0.6626879730752367
Kepler-65 b,Kepler-65,1.42,0.028,1740.0,0.035,6211.0,0.4674,1.25,2.9,1.2237754316221157,1.6863989535702286,7.748069524886624,1.1489599694373283,0.8796267475025636
Kepler-65 c,Kepler-65,2.58,0.02,1246.0,0.068,6211.0,0.4674,1.25,2.9,1.8562979903656263,0.9707789171582246,6.415083865796189,1.925699278439168,0.8796267475025636
Kepler-65 d,Kepler-65,1.52,0.014,1117.0,0.084,6211.0,0.4674,1.25,2.9,1.6370530794670737,1.9021075263969205,5.980274673338815,2.2117004062338443,0.8796267475025636
Kepler-65 e,Kepler-65,13.9,0.283,564.6,0.8539307543999999,6220.0,0.4674,1.248,3.31,5.564520407322694,0.4265740713183996,2.9786687992567766,5.559912104236499,0.8907677746430692
Kepler-650 b,Kepler-650,2.96,0.0,1507.0,0.0421,5849.0,0.284,1.08,6.46,2.3085671646715933,1.0715836162801904,7.106507772233838,1.3942986382521054,0.8544153281560676
Kepler-651 b,Kepler-651,2.37,0.0,574.0,0.1407799999999999,5522.0,-0.25322,0.9200000000000002,3.55,1.9754689512968577,1.269760544863939,3.3401372483576917,3.108400698973113,0.6259384308664953
Kepler-652 b,Kepler-652,2.49,0.0,974.0,0.04958,5490.0,-0.27008,0.97,1.48,2.048982334195127,1.2267122912954256,5.360747416421503,1.6451915705612579,0.6312717768418579
Kepler-653 b,Kepler-653,1.95,0.0,819.0,0.11945,5665.0,0.11872,1.02,7.76,1.6974487897568138,1.4609379041156565,4.5150704084316455,2.754137653376879,0.7839015438284094
Kepler-653 c,Kepler-653,0.78,0.0,2078.0,0.01855,5665.0,0.11872,1.02,7.76,0.3357576956833441,1.7263316639055994,8.227983285754801,0.6420520118073728,0.7839015438284094
Kepler-654 b,Kepler-654,2.07,0.0,831.0,0.11664,5865.0,0.4622,1.04,5.37,1.7817091333745536,1.4011829736136412,5.439430569472352,2.6895230477631817,0.7466879474879752
Kepler-655 b,Kepler-655,2.71,0.0,588.0,0.25697,6170.0,0.32385,1.15,3.39,2.174751721484161,1.1474024528375417,3.393400397359931,3.8587558864351044,0.8064758658669486
Kepler-656 b,Kepler-656,3.12,0.0,1569.0,0.02231,5281.0,-0.29864,0.86,4.37,2.3896797998449797,1.0260415958332743,6.830197980119696,0.8154794500759783,0.598836501088704
Kepler-656 c,Kepler-656,1.41,0.0,975.0,0.0602,5550.0,-0.29864,1.05,2.4,1.2725655957915476,1.7984040119467237,5.367143557477889,1.8333002341709488,0.669878553620591
Kepler-657 b,Kepler-657,3.52,0.0,616.0,0.17337,5808.0,0.27898,1.01,4.17,2.580216829592325,0.9321640810304452,4.146304301152812,3.2403830447950326,0.6981347220709844
Kepler-658 b,Kepler-658,1.63,0.0,871.0,0.0188,4103.0,-0.89922,0.63,3.09,1.4562867329399256,1.6428726885203377,5.414966426163217,0.8272744789723406,0.4700036292457356
Kepler-659 b,Kepler-659,2.5,0.0,513.0,0.1204,4870.0,-0.52596,0.79,3.24,2.0541237336955462,1.2208299213923592,3.1049901844905126,2.9270141500346454,0.5538851132264376
Kepler-66 b,Kepler-66,2.8,0.0,699.0,0.1352,5962.0,0.05113,1.038,1.0,2.224623551524334,1.1216775615991057,4.156458270876644,2.9346977396100584,0.6760010217249748
Kepler-660 b,Kepler-660,2.57,0.0,649.0,0.0759,4779.0,-0.62564,0.75,4.57,2.0955609235597192,1.1969481893889715,3.8086604924329928,2.3295757401523485,0.5364933705145685
Kepler-661 b,Kepler-661,3.07,0.0,678.0,0.0585,4483.0,-0.81411,0.7,4.27,2.3646204839134985,1.0402767116551463,3.840054281911054,1.9500873155350162,0.5128236264286637
Kepler-662 b,Kepler-662,2.18,0.0,530.0,0.1408,4897.0,-0.35557,0.79,3.63,1.8547342683894434,1.3506671834767394,3.2118109271460793,3.1213500863652848,0.5538851132264376
Kepler-663 b,Kepler-663,2.6,0.0,917.0,0.0559,5264.0,-0.31305,0.86,4.57,2.1126345090356,1.184789984909162,5.129774446847087,1.7912231320916698,0.598836501088704
Kepler-664 b,Kepler-664,2.66,0.0,1406.0,0.0374,5754.0,-0.11113,1.01,4.68,2.1471001901536506,1.1662709371419244,6.482243063695021,1.2600487384126875,0.7030975114131134
Kepler-665 b,Kepler-665,2.6,0.0,593.0,0.1148,4913.0,-0.59538,0.79,4.68,2.1126345090356,1.184789984909162,3.078187453490184,2.8339837560362104,0.5538851132264376
Kepler-666 b,Kepler-666,2.4,0.0,1133.0,0.0542,5887.0,0.18164,1.03,3.8,1.9947003132247452,1.2584609896100059,6.357225091692818,1.7045227795847082,0.7178397931503169
Kepler-667 b,Kepler-667,4.73,0.0,516.0,0.2288,5327.0,0.55691,0.91,4.68,3.0492730404820207,0.712949807856125,4.2879494444254265,3.7480825502766577,0.6259384308664953
Kepler-668 b,Kepler-668,2.7,0.0,790.0,0.0768,5352.0,-0.39647,0.87,3.89,2.169053700369523,1.1505720275988207,4.364613400503003,2.2357940517701897,0.598836501088704
Kepler-669 b,Kepler-669,4.83,0.0,1243.0,0.0529,6038.0,0.35828,1.15,3.16,3.0819099697950434,0.6981347220709844,6.718729297676635,1.6342372254781175,0.7884573603642702
Kepler-67 b,Kepler-67,2.94,0.0,602.0,0.1171,5331.0,-0.37633,0.865,1.0,2.298577071596507,1.0784095813505903,3.4531571205928664,2.8169584162256895,0.5754891370917128
Kepler-670 b,Kepler-670,13.18,0.0,1219.0,0.0383,5709.0,-0.1003,0.99,4.79,2.3243465847755584,1.269760544863939,6.271409893125539,1.3393350435774716,0.688134638736401
Kepler-671 b,Kepler-671,2.69,0.0,1012.0,0.0503,5624.0,-0.08086,0.97,4.47,2.1633230256605382,1.1537315878891892,5.8064533765435185,1.6641076319974015,0.6678293725756554
Kepler-672 b,Kepler-672,2.5,0.0,529.0,0.2163,5627.0,-0.11219,0.95,4.07,2.0541237336955462,1.2208299213923592,2.854168709232204,3.673193629793765,0.6523251860396903
Kepler-673 b,Kepler-673,6.54,0.0,1023.0,0.0455,5355.0,-0.34402,0.8800000000000001,4.47,3.5779478934066544,0.521171915820135,5.539127933028005,1.5536568986488877,0.6097655716208943
Kepler-674 b,Kepler-674,1.69,0.0,822.0,0.028,4192.0,-0.90665,0.6000000000000001,3.31,1.5040773967762742,1.6054298910365616,4.993902749270389,1.1766165653829914,0.4510756193602167
Kepler-675 b,Kepler-675,2.44,0.0,1070.0,0.0325,4945.0,-0.50669,0.79,4.68,2.018895041811802,1.244154593958768,5.735109938430635,1.2052034497711015,0.5596157879354227
Kepler-676 b,Kepler-676,3.04,0.0,396.0,0.0798,3701.0,-1.29468,0.51,4.27,2.349468678892896,1.0473189942805592,2.223650104905903,2.533555670663853,0.3987761199573678
Kepler-677 b,Kepler-677,5.38,0.0,1015.0,0.067,5723.0,0.38964,1.0,4.57,3.258096538021482,0.6323350411631878,6.528358422205203,2.024895169662951,0.688134638736401
Kepler-678 b,Kepler-678,5.14,0.0,833.0,0.0732,5520.0,0.44927,0.94,4.47,3.1822118404966093,0.6601073264817452,4.741796783519916,2.113243421555115,0.6471032420585385
Kepler-679 b,Kepler-679,3.01,0.0,677.0,0.0983,5403.0,-0.34758,0.87,4.47,2.334083760053417,1.0577902941478545,4.043086354938289,2.5947759386342573,0.6097655716208943
Kepler-68 b,Kepler-68,2.357,0.09,1275.0,0.06135,5847.0,0.23106,1.057,6.84,2.200552367428894,1.4747630091074988,6.091309882077698,1.85610306355613,0.813770622883684
Kepler-68 c,Kepler-68,0.979,0.099,1052.0,0.09008,5847.0,0.23106,1.057,6.84,0.832909122935104,2.1400661634962708,5.3230099791384085,2.3613281339822874,0.813770622883684
Kepler-68 d,Kepler-68,13.9,0.102,270.975,1.469,5847.0,0.23106,1.057,6.84,5.5909869805108565,0.4356709501652303,0.9129530860780047,6.451449405658597,0.813770622883684
Kepler-68 e,Kepler-68,11.2,0.33,255.84,4.6,5847.0,0.23106,1.057,6.84,4.471059502178253,0.2911759617060367,0.7069205377285579,8.147867129923947,0.813770622883684
Kepler-680 b,Kepler-680,2.42,0.0,1147.0,0.0469,5890.0,0.19729,1.08,3.72,2.0068708488450007,1.252762968495368,6.561907226442441,1.5454168661299963,0.7466879474879752
Kepler-681 b,Kepler-681,3.08,0.0,489.0,0.1635,5021.0,-0.45672,0.8,5.01,2.3693087250369538,1.0367368849500223,2.7180665363776986,3.310337023566438,0.5653138090500605
Kepler-682 b,Kepler-682,7.37,0.0,753.0,0.1057999999999999,5559.0,0.47994,0.9200000000000002,3.98,3.775057150354989,0.4605844073292439,5.727179939962203,2.610944900311893,0.636576829071551
Kepler-683 b,Kepler-683,1.97,0.0,1332.0,0.0354999999999999,5703.0,-0.04054,0.96,4.37,1.7119945007591926,1.449269160281279,6.555756527450683,1.2638959601255422,0.6678293725756554
Kepler-684 b,Kepler-684,3.36,0.0,812.0,0.064,5493.0,0.20867,0.89,4.37,2.501435951739211,0.9631743177730056,4.64314011723972,2.0503090320926654,0.6205764877251099
Kepler-685 b,Kepler-685,10.58,0.0,1579.0,0.0265,5963.0,-0.05138,1.11,3.39,4.379523504455763,0.3118867611485983,7.037136571843376,0.9652798095923089,0.7701082216960736
Kepler-686 b,Kepler-686,12.15,0.0,1539.0,0.0258,5649.0,0.10792,0.94,4.47,2.3243465847755584,1.269760544863939,7.665707976283155,0.9534884243310457,0.6523251860396903
Kepler-687 b,Kepler-687,3.52,0.0,518.0,0.1326,4841.0,-0.56669,0.77,5.5,2.580216829592325,0.9321640810304452,2.8122900890913334,3.068325910895599,0.5481214085096876
Kepler-688 b,Kepler-688,9.76,0.0,1005.0,0.046,5715.0,-0.02364,0.98,4.27,4.244200317766478,0.3407487933884732,6.1310351668343035,1.5884056456170217,0.6729444732424258
Kepler-689 b,Kepler-689,2.89,0.0,536.0,0.1449,5518.0,-0.15327,0.91,4.57,2.272125885509337,1.091923300517313,3.5928365059004053,3.1513059742637384,0.6312717768418579
Kepler-69 b,Kepler-69,2.24,0.16,779.0,0.094,5638.0,-0.097,0.81,13.18,1.8946168546677629,1.324418957401803,4.82444225276792,2.6893661359820404,0.6575200029167942
Kepler-69 c,Kepler-69,1.71,0.14,299.0,0.64,5638.0,-0.097,0.81,13.18,1.5195132049061133,1.5933085305042167,1.3048131192520074,5.494957997653385,0.6575200029167942
Kepler-690 b,Kepler-690,5.95,0.0,964.0,0.081,5913.0,0.14056,1.11,3.55,3.4210000089583352,0.5721088521828892,5.423631968619767,2.1688358908221743,0.7701082216960736
Kepler-691 b,Kepler-691,2.09,0.0,460.0,0.0649,3715.0,-1.30464,0.53,3.98,1.7950872593207297,1.3912819026309298,2.6387001229674167,2.2098532763527703,0.4054651081081644
Kepler-692 b,Kepler-692,3.11,0.0,639.0,0.1494999999999999,5440.0,-0.23346,0.9,4.68,2.3841650799864684,1.0296194171811583,3.3845258473741833,3.127327697023973,0.6205764877251099
Kepler-693 b,Kepler-693,10.18,0.0,600.0,0.1121,4881.0,-0.42704,0.76,4.47,4.314817884980432,0.32497785719547784,3.485569166881497,2.7957944568039514,0.5423242908253616
Kepler-694 b,Kepler-694,2.8,0.0,914.0,0.0659,5700.0,-0.07753,0.97,4.07,2.224623551524334,1.1216775615991057,5.334832499841856,1.9968533152122707,0.6678293725756554
Kepler-695 b,Kepler-695,9.21,0.0,1021.0,0.0374,5181.0,-0.15936,0.8400000000000001,4.47,4.147885329150131,0.36325325929885494,6.214736090230891,1.3963264767474048,0.5877866649021191
Kepler-696 b,Kepler-696,6.14,0.0,1234.0,0.0535,5903.0,0.15095,1.06,3.98,3.475067230228611,0.5556077665378838,6.411037996217978,1.646815692852669,0.7323678937132266
Kepler-697 b,Kepler-697,4.13,0.0,1151.0,0.0471,5513.0,-0.02543,0.9200000000000002,4.37,2.833213344056216,0.8109302162163288,6.15959420697885,1.5496604437446047,0.6312717768418579
Kepler-698 b,Kepler-698,3.68,0.0,727.0,0.1255,5612.0,0.38841,0.94,4.27,2.6461747973841225,0.8919980393051105,5.156506075692031,2.8524253806096946,0.6471032420585385
Kepler-7 b,Kepler-7,18.180998,0.0,1630.0,0.06067,5933.0,0.69639,1.359,2.9,4.9499154635809495,0.1310282624064041,7.2270159571585735,1.7724898638504494,1.0872142437157404
Kepler-700 b,Kepler-700,5.99,0.0,452.0,0.3576999999999999,5692.0,0.22961,0.98,4.37,3.4339872044851463,0.5692831933375594,2.5703960358034146,4.405157832549045,0.6729444732424258
Kepler-701 b,Kepler-701,2.84,0.0,777.0,0.0894999999999999,5343.0,-0.27626,0.8800000000000001,4.47,2.2460147415056513,1.1085626195212777,4.33889729277381,2.429687393096339,0.6097655716208943
Kepler-702 b,Kepler-702,9.17,0.0,713.0,0.0879999999999999,5419.0,-0.15908,0.9,4.47,4.139955073474153,0.36464311358790924,4.498764680073641,2.444630865703078,0.6205764877251099
Kepler-703 b,Kepler-703,8.2,0.0,1038.0,0.0535,6185.0,0.06672,1.18,2.69,3.9531649487593215,0.4114471797857119,5.924544525781961,1.7198197163768205,0.8197798314933114
Kepler-704 b,Kepler-704,2.61,0.0,1121.0,0.047,5616.0,0.03582,0.97,5.13,2.1186622548331173,1.1817271953786161,6.244407648380708,1.5606301896105161,0.6729444732424258
Kepler-705 b,Kepler-705,2.11,0.0,265.0,0.232,3722.0,-1.385,0.53,3.89,1.8082887711792655,1.3812818192963463,0.5475432067011534,4.044034184613544,0.412109650826833
Kepler-707 b,Kepler-707,1.33,0.0,1160.0,0.0325,5099.0,-0.5014,0.8,4.9,1.2029723039923526,1.8625285401162623,5.822077971574472,1.1747991879497903,0.5653138090500605
Kepler-708 b,Kepler-708,2.93,0.0,1221.0,0.0426,5692.0,0.03695,0.97,4.37,2.2935443483418965,1.0818051703517284,6.53053500343922,1.4274103775314728,0.6729444732424258
Kepler-709 b,Kepler-709,2.92,0.0,613.0,0.1173,5071.0,-0.48148,0.8,4.9,2.2874714551839976,1.0818051703517284,3.374716504412558,2.838215491255148,0.5709795465857378
Kepler-710 b,Kepler-710,1.88,0.0,1174.0,0.0524,5611.0,0.26474,0.94,4.17,1.6467336971777973,1.4973884086254774,6.567898119969564,1.6765890540172352,0.6471032420585385
Kepler-711 b,Kepler-711,3.41,0.0,487.0,0.1429,5222.0,-0.49939,0.8400000000000001,4.37,2.5257286443082556,0.9516578757114464,2.80753347958716,3.2023050439100813,0.5877866649021191
Kepler-712 b,Kepler-712,3.41,0.0,521.0,0.13615,5148.0,-0.48393,0.8400000000000001,3.31,2.5257286443082556,0.9516578757114464,2.8214384084472655,3.092063613160764,0.5766133643039938
Kepler-712 c,Kepler-712,4.85,0.0,236.0,0.66479,5148.0,-0.48393,0.8400000000000001,3.31,3.091042453358316,0.6981347220709844,0.5080216964332565,5.428865118791078,0.5766133643039938
Kepler-713 b,Kepler-713,2.48,0.0,905.0,0.0748,5785.0,0.08457,0.98,3.8,2.0425181875752383,1.2296405510745139,5.434957048432502,2.1295571366015307,0.688134638736401
Kepler-714 b,Kepler-714,9.67,0.0,986.0,0.0832,5995.0,0.4599,1.09,3.55,4.22829253473184,0.34429867287067695,6.184161261994982,2.208152206715197,0.7514160886839212
Kepler-715 b,Kepler-715,3.75,0.0,876.0,0.0933,5871.0,0.16457,1.04,3.98,2.6741486494265287,0.8796267475025636,5.206245936327547,2.398488728486885,0.712949807856125
Kepler-716 b,Kepler-716,2.9,0.0,720.0,0.0862799999999999,5099.0,-0.50424,0.83,4.57,2.277267285009756,1.0885619528146082,3.77260000560547,2.4311264524613,0.5766133643039938
Kepler-716 c,Kepler-716,1.39281536,0.0,992.0,0.04548,5012.0,-0.50424,0.83,2.75,1.2584609896100059,1.8115620965242347,5.02912987673242,1.6034178280340785,0.5551389245775245
Kepler-717 b,Kepler-717,2.42,0.0,1139.0,0.052,5485.0,0.60439,0.8800000000000001,4.37,2.0068708488450007,1.252762968495368,5.988961416889864,1.6879533430289053,0.6151856390902335
Kepler-718 b,Kepler-718,16.56,0.0,1497.0,0.0322,6191.0,0.13394,1.18,2.57,2.3243465847755584,1.269760544863939,7.189318670425741,1.1159117546226098,0.832909122935104
Kepler-719 b,Kepler-719,8.52,0.0,998.0,0.0556,5777.0,0.44767,0.99,3.98,4.0163830207523885,0.3947411447451887,5.46077629424574,1.7929783559171024,0.6830968447064438
Kepler-720 b,Kepler-720,8.41,0.0,1162.0,0.0539,5618.0,0.03222,0.95,3.63,3.996364153861897,0.40078751855705325,5.954699416542448,1.741925905756844,0.6523251860396903
Kepler-721 b,Kepler-721,2.64,0.0,850.0,0.0583,5075.0,-0.3619,0.8200000000000001,4.9,2.135349173618132,1.172482137234565,4.93986226764467,1.8550511802958856,0.5766133643039938
Kepler-722 b,Kepler-722,2.63,0.0,1182.0,0.0514,5863.0,-0.03923,1.03,4.37,2.1294214739848565,1.1755733298042381,6.029725665381947,1.6279795984111467,0.7178397931503169
Kepler-722 c,Kepler-722,2.82,0.0,401.0,0.4470999999999999,5863.0,-0.03923,1.03,4.37,2.2353763433005955,1.11514159061932,1.8687205103641835,4.664803719191358,0.7178397931503169
Kepler-723 b,Kepler-723,12.19,0.0,1016.0,0.0479,5539.0,-0.172,0.9200000000000002,4.57,2.3243465847755584,1.269760544863939,5.531332037657509,1.6257590093678882,0.636576829071551
Kepler-724 b,Kepler-724,3.29,0.0,1155.0,0.0433,5437.0,-0.22344,0.9,4.37,2.468099531471619,0.9820784724121581,5.830124334415233,1.4620848883051067,0.6205764877251099
Kepler-725 b,Kepler-725,10.8,0.231,514.0,0.2237999999999999,5395.0,-0.31304,0.95,1.6,4.414009680526933,0.3045391895182038,2.5726122302071057,3.7048443345141853,0.6312717768418579
Kepler-725 c,Kepler-725,3.08,0.436,268.0,0.6743999999999999,5395.0,-0.31304,0.95,1.6,2.3702437414678603,1.0367368849500223,0.8754687373538999,5.340135664593069,0.6312717768418579
Kepler-726 b,Kepler-726,3.26,0.0,543.0,0.1406,5452.0,-0.31868,0.8800000000000001,4.47,2.4595888418037104,0.9932517730102834,3.269416836361918,3.126958362005568,0.6151856390902335
Kepler-727 b,Kepler-727,2.53,0.0,964.0,0.0546,5441.0,-0.3172,0.89,4.79,2.0719132752590443,1.208960345836975,5.180012319667498,1.8171809895965296,0.6205764877251099
Kepler-728 b,Kepler-728,3.34,0.0,982.0,0.0625,5660.0,0.22726,0.95,4.07,2.4932054526026954,0.9707789171582246,6.185199884841606,1.9085757065744158,0.6575200029167942
Kepler-729 b,Kepler-729,3.58,0.0,1273.0,0.0432,5633.0,0.26135,0.94,4.27,2.6026896854443837,0.9162907318741551,6.994436518148939,1.4270412441793505,0.6471032420585385
Kepler-730 b,Kepler-730,12.3299,0.0,1219.0,0.0694,5620.0,0.23596,1.0469999999999997,9.5,2.3243465847755584,1.269760544863939,6.039771261100874,2.0137934462589997,0.880041599199034
Kepler-730 c,Kepler-730,1.56926,0.0,1607.0,0.03997,5620.0,0.23596,1.0469999999999997,9.5,1.4085449700547104,1.6845453849209058,6.807680767753548,1.3485622182958528,0.880041599199034
Kepler-731 b,Kepler-731,13.88,0.0,1212.0,0.0505,5849.0,0.03524,1.03,3.8,2.3243465847755584,1.269760544863939,6.126220502149804,1.5801334093617814,0.7227059828014898
Kepler-732 b,Kepler-732,2.18,0.0,407.0,0.0691,3631.0,-1.375,0.49,4.47,1.8547342683894434,1.3506671834767394,2.2574831190816256,2.3483052206583817,0.3784364357202451
Kepler-732 c,Kepler-732,1.27,0.0,893.0,0.0143,3631.0,-1.375,0.49,4.47,1.1474024528375417,1.9125010869241836,5.302538445247257,0.6381846554025034,0.3784364357202451
Kepler-733 b,Kepler-733,2.82,0.0,595.0,0.1483,5418.0,-0.29785,0.9,4.27,2.2353763433005955,1.11514159061932,3.23895292429738,3.0834797123336646,0.6205764877251099
Kepler-734 b,Kepler-734,3.56,0.0,784.0,0.0583,5326.0,0.37395,0.8500000000000001,2.34,2.5952547069568657,0.9202827531436926,4.502583597212991,1.9607780514120208,0.5766133643039938
Kepler-735 b,Kepler-735,2.95,0.0,657.0,0.0965,5107.0,-0.51697,0.8500000000000001,4.37,2.303584593327129,1.0750024230289759,3.5168744977219317,2.526941498902677,0.5877866649021191
Kepler-736 b,Kepler-736,2.93,0.0,996.0,0.0428,5217.0,-0.34984,0.86,4.27,2.2935443483418965,1.0818051703517284,5.455453585215661,1.526376254479187,0.5933268452777344
Kepler-737 b,Kepler-737,1.96,0.0,298.0,0.1422,3813.0,-1.30149,0.51,3.89,1.7047480922384253,1.4539530095937054,1.1930129640895941,3.387745779502639,0.3920420877760237
Kepler-738 b,Kepler-738,2.5,0.0,530.0,0.1552,5327.0,-0.21263,0.86,4.57,2.0541237336955462,1.2208299213923592,3.3549439971446935,3.2420928412041508,0.598836501088704
Kepler-739 b,Kepler-739,3.32,0.0,775.0,0.1054,5601.0,0.01798,0.9300000000000002,4.27,2.4849066497880004,0.9745596399981308,4.76185764546732,2.6050930653820528,0.6418538861723948
Kepler-74 b,Kepler-74,10.76,0.0,1078.0,0.0781,6000.0,0.3321,1.18,0.8,5.304398836863904,0.6312717768418579,5.82506161403596,2.1211484645354886,0.7514160886839212
Kepler-740 b,Kepler-740,4.57,0.0,1131.0,0.0462,5438.0,-0.12268,0.91,4.79,2.990719731730447,0.7371640659767197,6.072735730665163,1.5225940594479048,0.6259384308664953
Kepler-741 b,Kepler-741,2.97,0.0,1051.0,0.0744,6129.0,0.33161,1.16,3.16,2.3135250330323798,1.068153081183401,6.137711935181447,2.084307650445083,0.8064758658669486
Kepler-742 b,Kepler-742,3.24,0.0,690.0,0.0744,4642.0,-0.69172,0.76,2.57,2.451005098112319,0.9969486348916093,3.6661480421118444,2.2365380466576,0.5364933705145685
Kepler-743 b,Kepler-743,1.21,0.0,1101.0,0.04166,5486.0,-0.17633,0.94,1.86,1.0715836162801904,1.9401794743463283,5.987084970748672,1.4301348962988805,0.6151856390902335
Kepler-744 b,Kepler-744,1.62,0.0,750.0,0.09735,5594.0,-0.22215,0.94,5.13,1.449269160281279,1.6505798557652755,4.158179711051356,2.569724433234558,0.6575200029167942
Kepler-745 b,Kepler-745,2.16,0.0,931.0,0.0915,5849.0,0.37557,1.04,4.07,1.8421356765531218,1.3609765531356006,5.659572803990878,2.391642634826519,0.712949807856125
Kepler-746 b,Kepler-746,1.11,0.0,1156.0,0.0435,5418.0,-0.172,0.91,8.71,0.8796267475025636,1.8976198599275325,6.0464497679403255,1.4999784542441954,0.6575200029167942
Kepler-747 b,Kepler-747,5.27,0.0,456.0,0.1916,5096.0,-0.432,0.8200000000000001,4.79,3.2228678461377385,0.6444820085786643,2.4150205223238337,3.6005291594466726,0.5766133643039938
Kepler-748 b,Kepler-748,2.52,0.0,938.0,0.0745,5934.0,0.36017,1.07,3.72,2.066862759472976,1.2149127443642704,6.088541347337298,2.12911559248731,0.7419373447293773
Kepler-749 b,Kepler-749,3.1,0.0,454.0,0.1054,5009.0,-0.49432,0.79,4.57,2.379546134130174,1.0331844833456545,3.243802556392059,2.9078386447673994,0.5596157879354227
Kepler-75 b,Kepler-75,11.77,0.57,767.0,0.0818,5200.0,-0.21487,0.91,6.2,8.07430655065844,2.4849066497880004,4.677341999281058,2.291009513739902,0.636576829071551
Kepler-750 b,Kepler-750,3.07,0.0,1163.0,0.08742,6160.0,0.34371,1.15,3.09,2.3646204839134985,1.0402767116551463,5.54806389965678,2.3445780934591367,0.8020015854720274
Kepler-750 c,Kepler-750,1.62,0.0,1537.0,0.05009,6160.0,0.34371,1.15,3.09,1.449269160281279,1.6505798557652755,6.658770705908101,1.6270794258127483,0.8020015854720274
Kepler-751 b,Kepler-751,2.46,0.0,679.0,0.1263,5387.0,-0.26401,0.87,4.47,2.030776369698555,1.235471471385307,3.6891294228691436,2.914788254321196,0.6097655716208943
Kepler-752 b,Kepler-752,2.81,0.0,632.0,0.1353,5373.0,-0.12488,0.87,4.07,2.2300144001592104,1.1184149159642893,3.8346666861799172,2.9870684835770844,0.6043159668533296
Kepler-753 b,Kepler-753,1.91,0.0,641.0,0.054,4346.0,-0.86467,0.6800000000000002,3.63,1.6695918352538475,1.4816045409242156,3.7535898354826918,1.9092054128160314,0.5007752879124893
Kepler-754 b,Kepler-754,2.01,0.0,758.0,0.116,5935.0,0.41554,1.06,3.8,1.7404661748405044,1.430311246536665,5.382074704891954,2.7446793346531853,0.7323678937132266
Kepler-755 b,Kepler-755,1.76,0.0,1331.0,0.02156,5043.0,-0.45664,0.8200000000000001,4.9,1.55814461804655,1.5644405465033646,6.792218718110684,0.8193790348855208,0.5709795465857378
Kepler-755 c,Kepler-755,1.26,0.0,1016.0,0.037,5043.0,-0.45664,0.8200000000000001,4.9,1.1410330045520618,1.9242486522741338,5.715625402855564,1.3488867507419406,0.5709795465857378
Kepler-756 b,Kepler-756,1.12,0.0,1741.0,0.0219,5282.0,-0.358,0.8200000000000001,4.47,0.9001613499442714,1.9035989509835904,7.684935656151772,0.799696833813328,0.5822156198526637
Kepler-757 b,Kepler-757,1.36,0.0,1734.0,0.019,6014.0,0.16044,1.08,3.31,1.2296405510745139,1.8389610707123492,8.115656257917943,0.7044227818640637,0.7561219797213337
Kepler-758 b,Kepler-758,2.48,0.0,1005.0,0.10754,6228.0,0.56281,1.16,3.8,2.0425181875752383,1.2296405510745139,5.858484431074022,2.573353207523993,0.8837675401685949
Kepler-758 c,Kepler-758,1.69,0.0,1372.0,0.05768,6228.0,0.56281,1.16,3.8,1.5040773967762742,1.6054298910365616,7.10070515456527,1.7505797475366198,0.8837675401685949
Kepler-758 d,Kepler-758,2.12,0.0,843.0,0.1527,6228.0,0.56281,1.16,3.8,1.8148247421590513,1.3762440252663892,5.16003757524412,3.0678956995169315,0.8837675401685949
Kepler-758 e,Kepler-758,1.53,0.0,1144.0,0.0829,6228.0,0.56281,1.16,3.8,1.3762440252663892,1.7119945007591926,6.37910846357914,2.2184936560997732,0.8837675401685949
Kepler-759 b,Kepler-759,2.27,0.0,533.0,0.2329,5860.0,0.061,1.04,3.89,1.9125010869241836,1.3110318766193438,2.9967317738870745,3.756677929260144,0.712949807856125
Kepler-76 b,Kepler-76,15.24424,0.0,2140.0,0.0274,6409.0,0.45116,1.2,0.62,6.46121548818075,0.7419373447293773,8.184422535484405,0.9341030661250014,0.8415671856782186
Kepler-760 b,Kepler-760,3.06,0.0,748.0,0.08087,5322.0,-0.27997,0.89,4.57,2.359910159613315,1.0438040521731147,4.447416355937815,2.27255817968561,0.6151856390902335
Kepler-760 c,Kepler-760,1.48,0.0,1139.0,0.03489,5322.0,-0.27997,0.89,4.57,1.332366019094335,1.7457155307266483,6.119523493174014,1.243282279885872,0.6151856390902335
Kepler-761 b,Kepler-761,2.03,0.0,767.0,0.0874,5706.0,-0.11728,0.95,4.07,1.7544036826842861,1.420695787837223,4.568993634668925,2.4094687581704726,0.6575200029167942
Kepler-762 b,Kepler-762,12.68,0.0,1302.0,0.0493,5944.0,0.31816,1.06,3.8,2.3243465847755584,1.269760544863939,6.972356923127409,1.562462042017965,0.7323678937132266
Kepler-763 b,Kepler-763,1.22,0.0,1414.0,0.0205,5166.0,-0.3339,0.8400000000000001,4.79,1.091923300517313,1.9444805562457188,6.882528748883177,0.7868886578663662,0.5877866649021191
Kepler-763 c,Kepler-763,1.42,0.0,938.0,0.0466,4999.0,-0.3339,0.8,2.1,1.2809338454620645,1.790091412127358,5.214392131610276,1.6285886096229611,0.6113946786876863
Kepler-763 d,Kepler-763,1.67,0.0,804.0,0.0634,4999.0,-0.3339,0.8,2.1,1.4883995840570443,1.6193882432872684,4.603268378698495,2.0153389721682107,0.6113946786876863
Kepler-764 b,Kepler-764,1.64,0.0,875.0,0.0724,5557.0,-0.13604,0.9200000000000002,4.17,1.4655675420143985,1.6389967146756448,5.084238853340888,2.1206841709209017,0.636576829071551
Kepler-765 b,Kepler-765,2.43,0.0,641.0,0.1754,5901.0,0.14595,1.05,3.72,2.012232791986386,1.247032293786383,3.910962443230825,3.355695097486675,0.7227059828014898
Kepler-766 b,Kepler-766,3.39,0.0,990.0,0.066,5992.0,0.45132,1.1,3.63,2.517696472610991,0.9593502213346021,5.430003307373411,1.9601339438438952,0.7654678421395714
Kepler-767 b,Kepler-767,6.64,0.0,366.0,0.5874000000000001,5694.0,0.47562,0.96,4.07,3.6027767550605247,0.5128236264286637,2.338434745887743,5.090850356761971,0.6626879730752367
Kepler-768 b,Kepler-768,1.79,0.0,618.0,0.092,5108.0,-0.46575,0.8200000000000001,4.57,1.5810384379124023,1.547562508716013,3.727835709224349,2.516970604393677,0.5766133643039938
Kepler-769 b,Kepler-769,2.92,0.0,1037.0,0.0778,6186.0,0.1791,1.19,2.88,2.2874714551839976,1.0818051703517284,5.48946651194467,2.1313328423509814,0.8241754429663495
Kepler-769 c,Kepler-769,1.79,0.0,803.0,0.1297,6186.0,0.1791,1.19,2.88,1.5810384379124023,1.547562508716013,4.474617210614909,2.832449369949359,0.8241754429663495
Kepler-77 b,Kepler-77,10.761,0.0,1440.0,0.04501,5520.0,-0.046,0.95,7.5,4.924794141218133,0.47187687362741587,6.072747254894279,1.521432777102902,0.688134638736401
Kepler-770 b,Kepler-770,2.3,0.0,1171.0,0.1693999999999999,5598.0,0.05399,0.94,4.57,1.9315214116032138,1.297463147413275,3.3581506921197892,2.9919954372699955,0.6523251860396903
Kepler-770 d,Kepler-770,1.4,0.0,1941.0,0.0616,5598.0,0.05399,0.94,4.57,1.264126727145683,1.8066480817218056,5.350682086753899,1.6394717901589293,0.6523251860396903
Kepler-771 b,Kepler-771,1.82,0.0,890.0,0.0843,5906.0,0.3549,1.03,3.72,1.6034198401085373,1.5303947050936475,5.829815827103366,2.2757130891548862,0.7178397931503169
Kepler-772 b,Kepler-772,1.82,0.0,866.0,0.11153,5714.0,0.47515,0.98,8.13,1.6034198401085373,1.5303947050936475,5.581901052073654,2.6384909814132445,0.7466879474879752
Kepler-773 b,Kepler-773,1.43,0.0,1160.0,0.04682,5850.0,0.09508,1.04,2.82,1.2892326482767593,1.7817091333745536,6.1978830106395195,1.557955139254472,0.6981347220709844
Kepler-774 b,Kepler-774,3.17,0.0,1422.0,0.1082,6403.0,0.75268,1.5700000000000005,2.14,2.4159137783010487,1.0152306797290587,6.114073696100088,2.492343287656858,1.2296405510745139
Kepler-775 b,Kepler-775,1.19,0.0,1612.0,0.01834,5468.0,-0.26699,0.9200000000000002,1.86,1.0331844833456545,1.9315214116032138,7.3117192609640345,0.6805020295684476,0.6097655716208943
Kepler-776 b,Kepler-776,1.28,0.0,904.0,0.0523,5071.0,-0.43656,0.83,4.37,1.1568811967920856,1.9035989509835904,4.913257645216523,1.7744755999958781,0.5766133643039938
Kepler-777 b,Kepler-777,1.47,0.0,569.0,0.0519,4043.0,-0.96766,0.58,3.16,1.324418957401803,1.752672080520008,3.554004301905914,1.9062966487141006,0.44468582126144574
Kepler-778 b,Kepler-778,1.68,0.0,977.0,0.0453,5102.0,-0.41318,0.81,5.25,1.4951487660319727,1.6114359150967734,5.382511445344049,1.5593532053053896,0.5709795465857378
Kepler-779 b,Kepler-779,0.92,0.0,425.0,0.0533,3804.0,-1.2339,0.4600000000000001,3.89,0.5429055172294024,1.8066480817218056,2.7743371927738982,2.0915111883147994,0.36464311358790924
Kepler-78 b,Kepler-78,1.201,0.0,2223.0,0.00901,5058.0,-0.49785,0.779,0.625,0.9858167945227653,1.8453002361560848,8.31164394850298,0.303806952471531,0.5581861951258282
Kepler-780 b,Kepler-780,0.89,0.0,2099.0,0.015,5769.0,0.0169,1.01,4.9,0.49469624183610705,1.790091412127358,8.428047174065794,0.5172301692107961,0.7030975114131134
Kepler-781 b,Kepler-781,2.89,0.0,629.0,0.1019,5162.0,-0.38375,0.81,4.9,2.272125885509337,1.091923300517313,3.8154460235688155,2.654232544243701,0.5766133643039938
Kepler-782 b,Kepler-782,3.21,0.0,350.0,0.54494,5867.0,0.10995,0.98,5.25,2.4336133554004498,1.0043016091968684,1.6068345265639854,5.073205196274449,0.6981347220709844
Kepler-783 b,Kepler-783,0.78,0.0,991.0,0.04958,5521.0,-0.23092,0.9300000000000002,3.89,0.3357576956833441,1.7263316639055994,5.438531380636422,1.6663183816510205,0.636576829071551
Kepler-783 c,Kepler-783,2.33153725,0.0,840.0,0.06903,5411.49,-0.23092,0.94,9.7,1.951608170169951,1.2864740258376797,4.738826570800765,2.0861626543146357,0.6270543854975417
Kepler-784 b,Kepler-784,1.58,0.0,688.0,0.2211099999999999,5674.0,0.85693,1.0,9.12,1.415853163361435,1.6770965609079151,5.274971971053045,3.484074978008196,0.8415671856782186
Kepler-784 c,Kepler-784,1.55,0.0,844.0,0.1309,5676.0,0.85693,1.016,2.88,1.3912819026309298,1.6974487897568138,4.794715587871366,2.8990691589459776,0.9110771648212677
Kepler-785 b,Kepler-785,13.02,0.0,753.0,0.025,4739.0,-0.68251,0.77,2.82,2.3243465847755584,1.269760544863939,5.105108760317015,1.0898274567770827,0.5364933705145685
Kepler-786 b,Kepler-786,2.43,0.0,348.0,0.25483,4838.0,-0.58348,0.81,2.51,2.012232791986386,1.247032293786383,1.5385861714621492,3.9987390649825407,0.5538851132264376
Kepler-787 b,Kepler-787,1.28,0.0,1115.0,0.0159,4248.0,-0.89537,0.65,3.39,1.1568811967920856,1.9035989509835904,6.203654324288166,0.6566442299022273,0.4824261492442927
Kepler-788 b,Kepler-788,2.55,0.0,984.0,0.0835,6159.0,0.33615,1.16,3.02,2.084429083190875,1.2029723039923526,5.881066363682817,2.2405461322842215,0.8020015854720274
Kepler-789 b,Kepler-789,2.12,0.0,1419.0,0.0951,5870.0,0.49628,1.01,3.72,1.8148247421590513,1.3762440252663892,5.747288862965341,2.2657631345269467,0.7030975114131134
Kepler-79 b,Kepler-79,3.47,0.015,929.0,0.117,6174.0,0.342,1.165,3.44,2.4765384001174837,0.8878912573524571,5.329835413264582,2.673079112158158,0.833778310299691
Kepler-79 c,Kepler-79,3.72,0.03,734.0,0.187,6174.0,0.342,1.165,3.44,1.9315214116032138,0.4824261492442927,4.391543703365722,3.3464912526300723,0.833778310299691
Kepler-79 d,Kepler-79,7.16,0.025,592.0,0.287,6174.0,0.342,1.165,3.44,1.9459101490553132,0.08617769624105233,3.551741565895302,3.9719923537762787,0.833778310299691
Kepler-79 e,Kepler-79,3.49,0.012,511.0,0.386,6174.0,0.342,1.165,3.44,1.62924053973028,0.4252677354043441,2.984671326194566,4.407522583040231,0.833778310299691
Kepler-790 b,Kepler-790,2.18,0.0,634.0,0.101,5208.0,-0.42384,0.8400000000000001,4.9,1.8547342683894434,1.3506671834767394,3.6705627223280386,2.690205125311245,0.5877866649021191
Kepler-791 b,Kepler-791,3.05,0.0,939.0,0.1256,6383.0,0.40273,1.3,2.24,2.354228326145884,1.0473189942805592,4.9491640640081505,2.7443162908308927,0.9042181506398859
Kepler-792 b,Kepler-792,1.96,0.0,852.0,0.0988,5971.0,0.27379,1.09,3.39,1.7047480922384253,1.4539530095937054,5.176330507193565,2.5096961820717505,0.7514160886839212
Kepler-793 b,Kepler-793,1.37,0.0,1177.0,0.0491,5745.0,0.11018,0.98,4.27,1.2383742310432684,1.8309801823813363,6.427146816743429,1.6566146595554734,0.6780335427498971
Kepler-794 b,Kepler-794,2.11,0.0,952.0,0.10036,5839.0,0.50637,1.19,4.07,1.8082887711792655,1.3812818192963463,5.707010592007626,2.4957848767450694,0.8671004876833832
Kepler-795 b,Kepler-795,1.68,0.0,580.0,0.1803,5631.0,-0.02178,0.94,6.46,1.4951487660319727,1.6114359150967734,3.3978584803966405,3.42163190404182,0.6729444732424258
Kepler-796 b,Kepler-796,1.3,0.0,1109.0,0.07317,5475.0,0.57234,0.9300000000000002,11.75,1.1755733298042381,1.8870696490323797,6.870327517529898,2.00159839590378,0.7371640659767197
Kepler-797 b,Kepler-797,2.17,0.0,605.0,0.181,5680.0,0.46974,0.96,3.89,1.8484548129046003,1.355835153635182,4.511957804265912,3.3347860718612443,0.6678293725756554
Kepler-798 b,Kepler-798,2.39,0.0,864.0,0.1174,6224.0,0.22222,1.19,2.82,1.9878743481543455,1.264126727145683,4.9620611066021825,2.689161846651211,0.8285518175661483
Kepler-799 b,Kepler-799,6.88,0.0,433.0,0.5167,5681.0,-0.09,0.95,3.98,3.6609942506244004,0.49469624183610705,1.9955163067420747,4.901270650384494,0.6575200029167942
Kepler-799 c,Kepler-799,2.78068551,0.0,893.0,0.1214,5588.0,0.349,1.031,0.5,2.21375387928743,1.1249295969854831,5.018934096910951,2.784653126270617,0.9528155065565274
Kepler-8 b,Kepler-8,15.871944,0.0,1680.0,0.0474,6213.0,0.605,1.213,3.47,5.23920251071117,0.23901690047049992,7.276474103343275,1.5090647392823182,0.9106749930885194
Kepler-80 b,Kepler-80,2.67,0.0049,547.0,0.0648,4540.0,-0.76955,0.73,2.0,2.0706530356467567,0.8671004876833832,4.014254631211338,2.085977634809451,0.5176026080450145
Kepler-80 c,Kepler-80,2.74,0.0079,495.0,0.0792,4540.0,-0.76955,0.73,2.0,2.046401687601636,0.7975071958841881,3.6238608177394878,2.353615602856767,0.5176026080450145
Kepler-80 d,Kepler-80,1.53,0.0041,722.0,0.0372,4540.0,-0.76955,0.73,2.0,2.0476928433652555,2.084429083190875,5.109726196740486,1.4041883052937,0.5176026080450145
Kepler-80 e,Kepler-80,1.6,0.0035,629.0,0.0491,4540.0,-0.76955,0.73,2.0,1.635105659182678,1.55814461804655,4.562064335452987,1.7307507111407292,0.5176026080450145
Kepler-800 b,Kepler-800,2.85,0.0,675.0,0.1106,5315.0,-0.35798,0.8500000000000001,4.68,2.2512917986064953,1.1052568313867783,3.825854909141014,2.7167958633991764,0.598836501088704
Kepler-801 b,Kepler-801,2.0,0.0,419.0,0.0795,4435.0,-0.79815,0.67,3.55,1.7334238922150915,1.4350845252893227,2.737091069886624,2.5192503075259483,0.48858001481867097
Kepler-802 b,Kepler-802,3.54,0.0,489.0,0.2265,5507.0,-0.22563,0.9300000000000002,4.68,2.5877640352277083,0.924258901523332,2.6747002214206557,3.715003902114175,0.6418538861723948
Kepler-803 b,Kepler-803,3.79,0.0,543.0,0.26721,5919.0,0.24057,1.05,4.9,2.6946271807700692,0.8712933659434192,3.085664381054598,3.9374252572869515,0.7514160886839212
Kepler-804 b,Kepler-804,1.94,0.0,779.0,0.11287,5817.0,0.04956,1.01,5.25,1.6900958154515549,1.4655675420143985,4.43588725565642,2.7327150741208515,0.7178397931503169
Kepler-804 c,Kepler-804,1.14,0.0,890.0,0.08654,5817.0,0.04956,1.01,5.25,0.9360933591703346,1.9095425048844383,4.961718121861641,2.365733601949643,0.7178397931503169
Kepler-805 b,Kepler-805,2.89,0.0,743.0,0.19852,6112.0,0.5408,1.19,4.27,2.272125885509337,1.091923300517313,4.471330174317038,3.4614734909904614,0.9745596399981308
Kepler-806 b,Kepler-806,1.14,0.0,1089.0,0.07684,5770.0,0.40655,0.99,7.76,0.9360933591703346,1.9095425048844383,6.027321435865515,2.2074165093645095,0.7701082216960736
Kepler-808 b,Kepler-808,1.46,0.0,1322.0,0.01314,4653.0,-0.6837,0.76,1.95,1.3164082336557241,1.7613002617433464,7.26494009291507,0.48939707541226324,0.5364933705145685
Kepler-809 b,Kepler-809,3.01,0.0,478.0,0.2901,5734.0,0.00145,0.99,4.37,2.334083760053417,1.0577902941478545,2.6500679185638627,4.0367037967752,0.6830968447064438
Kepler-81 b,Kepler-81,2.42,0.0,635.0,0.0522,4385.0,-0.88941,0.64,3.63,2.9014215940827497,2.0373166153791646,3.7123518102990785,1.9394608253754062,0.46373401623214017
Kepler-81 c,Kepler-81,2.37,0.0,502.0,0.08347,4385.0,-0.88941,0.64,3.63,1.667706820558076,1.0188473201992472,2.810606789427302,2.5680215564985067,0.46373401623214017
Kepler-81 d,Kepler-81,1.21,0.0,418.0,0.128,4500.0,-0.88941,0.648,3.63,1.0715836162801904,1.9401794743463283,2.1408893539937472,3.0836445196391775,0.4668737362368079
Kepler-810 b,Kepler-810,1.93,0.0,1105.0,0.055,5803.0,-0.03156,1.03,4.17,1.682688374173693,1.4701758451005928,5.862485633351413,1.7222760935350103,0.712949807856125
Kepler-811 b,Kepler-811,2.7,0.0,730.0,0.15911,5747.0,0.32275,1.01,7.94,2.169053700369523,1.1505720275988207,4.376888456817758,3.2021152262833192,0.8064758658669486
Kepler-812 b,Kepler-812,3.55,0.0,1163.0,0.1024,6761.0,0.75193,1.45,1.66,2.5877640352277083,0.9202827531436926,6.047175942299017,2.4084903381598104,0.9969486348916093
Kepler-813 b,Kepler-813,2.14,0.0,817.0,0.1439,5743.0,-0.0712,0.95,3.98,1.827769906751088,1.3686394258811698,4.04375277610604,3.002185077858912,0.6575200029167942
Kepler-814 b,Kepler-814,2.12,0.0,1164.0,0.0695,6162.0,0.66937,1.15,3.02,1.8148247421590513,1.3762440252663892,6.841747946335552,1.9666906034448473,0.7975071958841881
Kepler-815 b,Kepler-815,4.11,0.0,1374.0,0.09473,5028.0,0.85698,1.25,4.9,2.8213788864092133,0.8109302162163288,6.887691337546391,2.2591592447204034,1.4861396960896067
Kepler-816 b,Kepler-816,10.24,0.0,668.0,0.0894999999999999,5286.0,-0.37445,0.9,4.17,4.324132656254979,0.3228078744271551,3.9428043610175814,2.4429403937320906,0.6151856390902335
Kepler-817 b,Kepler-817,9.03,0.0,1124.0,0.0493,5861.0,0.08609,1.03,3.55,4.11414718951828,0.3708736633385453,6.312103162355174,1.6074571979135865,0.708035793053696
Kepler-818 b,Kepler-818,5.11,0.0,786.0,0.0886,5638.0,-0.124,0.94,3.98,3.173878458937465,0.664233170395303,4.622803795999431,2.4011070018523877,0.6523251860396903
Kepler-819 b,Kepler-819,2.76,0.0,485.0,0.1894,5279.0,-0.39773,0.86,4.47,2.2027647577118348,1.1314021114911006,2.389954739130953,3.5322129188413953,0.5933268452777344
Kepler-82 b,Kepler-82,4.07,0.0033,562.0,0.1682999999999999,5401.0,-0.18507,0.91,1.41,2.5764217586237734,0.6830968447064438,3.0232501595907304,3.3120018028576848,0.6408007001877362
Kepler-82 c,Kepler-82,5.34,0.007,450.0,0.2626,5401.0,-0.18507,0.91,1.41,2.7013612129514133,0.4014570867106256,2.201105924044192,3.961574784257394,0.6408007001877362
Kepler-82 e,Kepler-82,2.47,0.0,926.0,0.063,5428.0,-0.18507,0.946,1.41,5.5413419734553955,0.43178241642553783,4.979055183720468,1.9318410706517433,0.6652619770704096
Kepler-82 f,Kepler-82,4.84,0.0014,400.4,0.3395,5401.0,-0.18507,0.91,1.41,3.086486636822455,0.6981347220709844,2.00006561035235,4.340318831274091,0.6408007001877362
Kepler-820 b,Kepler-820,6.09,0.0,554.0,0.56004,6260.0,0.6895,1.23,2.63,3.459466289786131,0.559044196036465,2.846535967191864,4.858523277670769,0.8586616190375187
Kepler-821 b,Kepler-821,1.31,0.0,1215.0,0.029,5191.0,-0.36439,0.8400000000000001,4.79,1.184789984909162,1.8794650496471605,6.210238565904249,1.0725416264199825,0.5877866649021191
Kepler-822 b,Kepler-822,1.77,0.0,1239.0,0.04078,5928.0,-0.00495,1.06,3.55,1.5644405465033646,1.55814461804655,6.284484845842366,1.4405384998183026,0.7323678937132266
Kepler-823 b,Kepler-823,1.57,0.0,1277.0,0.0507,5643.0,0.33549,0.98,4.47,1.4085449700547104,1.6845453849209058,6.690038227549011,1.6425033398552997,0.6729444732424258
Kepler-824 b,Kepler-824,1.87,0.0,1231.0,0.055,6035.0,0.12216,1.15,3.31,1.6409365794934714,1.5040773967762742,6.121624011165742,1.7073567467386608,0.7975071958841881
Kepler-825 b,Kepler-825,1.53,0.0,1270.0,0.0453,5976.0,0.11956,1.03,3.55,1.3762440252663892,1.7119945007591926,6.600501592548546,1.5631008608221746,0.7323678937132266
Kepler-825 c,Kepler-825,1.84,0.0,981.0,0.0759,5976.0,0.11956,1.03,3.55,1.617406082083277,1.5173226235262947,5.570738582231763,2.217225943052546,0.7323678937132266
Kepler-826 b,Kepler-826,1.25,0.0,1305.0,0.05202,6079.0,0.34865,1.05,4.37,1.1314021114911006,1.9329696377795786,6.71928002698416,1.7024890097046412,0.7654678421395714
Kepler-827 b,Kepler-827,5.63,0.0,574.0,0.2742,5602.0,0.23172,0.9300000000000002,4.37,3.332204510175204,0.6048622656923737,3.2028277404465935,3.9689566056327363,0.6471032420585385
Kepler-828 b,Kepler-828,1.51,0.0,1848.0,0.01228,5039.0,-0.54299,0.81,4.57,1.358409157630355,1.724550719534605,7.5154311687379485,0.4497098055323454,0.5709795465857378
Kepler-829 b,Kepler-829,2.11,0.0,857.0,0.0678,5698.0,0.04004,0.98,4.68,1.8082887711792655,1.3812818192963463,5.515322113902837,2.0647561903146423,0.6780335427498971
Kepler-83 b,Kepler-83,2.83,0.0,460.0,0.07295,4082.0,-1.10237,0.6599999999999999,3.09,1.3711807233098425,0.6043159668533296,2.7980127745799397,2.3767644911682972,0.4762341789963716
Kepler-83 c,Kepler-83,2.36,0.0,362.0,0.11796,4082.0,-1.10237,0.6599999999999999,3.09,1.1085626195212777,0.32208349916911333,1.9315214116032138,3.0487989944906833,0.4762341789963716
Kepler-83 d,Kepler-83,1.94,0.0,569.0,0.051,4648.0,-1.10237,0.58,3.09,1.62924053973028,0.44468582126144574,3.39484390768998,1.8196657741616202,0.46624658036802324
Kepler-830 b,Kepler-830,1.7,0.0,907.0,0.1033,6037.0,0.169,1.07,3.47,1.5107219394949427,1.599387576580599,5.0825217528963655,2.5093513755594117,0.7466879474879752
Kepler-831 b,Kepler-831,1.27,0.0,992.0,0.05984,5732.0,0.01191,0.99,4.17,1.1474024528375417,1.9125010869241836,5.588180808083374,1.8903278821907747,0.6780335427498971
Kepler-832 b,Kepler-832,2.06,0.0,965.0,0.075,5596.0,0.07025,0.9200000000000002,4.37,1.7749523509116738,1.4060969884160703,5.552292695933914,2.0967525994557286,0.6418538861723948
Kepler-833 b,Kepler-833,2.02,0.0,382.0,0.1139,4339.0,-0.79309,0.64,3.72,1.747459210331475,1.425515074273172,2.231411273539521,2.9833914275950186,0.4824261492442927
Kepler-834 b,Kepler-834,2.02,0.0,378.0,0.0862,4554.0,-0.7453,0.7,2.69,1.747459210331475,1.425515074273172,2.552954630561847,2.6619282846914953,0.5068176023684519
Kepler-835 b,Kepler-835,2.79,0.0,921.0,0.107,5954.0,0.32995,1.08,3.63,2.2192034840549946,1.1216775615991057,5.143591521344881,2.5192351068543846,0.7466879474879752
Kepler-836 b,Kepler-836,2.73,0.0,869.0,0.1013,5895.0,0.04883,1.03,4.27,2.186051276738094,1.1410330045520618,4.918498075123426,2.5145563273500957,0.712949807856125
Kepler-837 b,Kepler-837,2.56,0.0,701.0,0.1143999999999999,5403.0,-0.27122,0.8500000000000001,3.98,2.089391872533004,1.199964782928397,4.042454598634811,2.8656574737376332,0.5933268452777344
Kepler-838 b,Kepler-838,2.73,0.0,777.0,0.1266,5770.0,-0.09867,0.98,4.17,2.186051276738094,1.1410330045520618,4.12856883959402,2.8183731797476566,0.6729444732424258
Kepler-839 b,Kepler-839,2.57,0.0,626.0,0.2316,6058.0,0.43706,1.22,2.82,2.0955609235597192,1.1969481893889715,3.856573718433756,3.658792636046568,0.8372475245337022
Kepler-84 b,Kepler-84,2.23,0.0,985.0,0.0827,6039.0,0.39,1.0,3.98,3.713572066704308,3.0349529867072724,5.408023426636094,2.2748027119815943,0.8878912573524571
Kepler-84 c,Kepler-84,2.36,0.0,865.0,0.1072,6039.0,0.39,1.0,3.98,3.054001181677967,2.2449559801574095,4.892076957972121,2.6306650700526655,0.8878912573524571
Kepler-84 d,Kepler-84,1.38,0.0,1254.0,0.052,6031.0,0.212,1.06,3.98,1.247032293786383,1.8229350866965048,6.372022019509962,1.653366181484369,0.7742662318447373
Kepler-84 e,Kepler-84,2.6,0.0,672.0,0.181,6031.0,0.212,1.06,3.98,2.1126345090356,1.184789984909162,3.8977212207172864,3.3475992929245955,0.7742662318447373
Kepler-84 f,Kepler-84,2.2,0.0,572.0,0.25,6031.0,0.212,1.06,3.98,1.8687205103641835,1.3428648031925547,3.269568939183719,3.8188582405744618,0.7742662318447373
Kepler-841 b,Kepler-841,5.23,0.0,416.0,0.479,5324.0,-0.36224,0.8500000000000001,4.47,3.2108436531709366,0.6491952930307625,0.9738046380747618,4.831666827805814,0.5933268452777344
Kepler-842 b,Kepler-842,1.6,0.0,1252.0,0.0204,4848.0,-0.61238,0.78,4.37,1.4327007339340463,1.66392609771817,6.380037787545929,0.7973127039988944,0.5481214085096876
Kepler-843 b,Kepler-843,2.59,0.0,1523.0,0.0313,5830.0,-0.04723,1.02,4.17,2.1065702090680887,1.1878434223960523,6.79271809502213,1.116412854679655,0.708035793053696
Kepler-844 b,Kepler-844,1.68,0.0,713.0,0.0298,4128.0,-0.92083,0.5900000000000001,3.8,1.4951487660319727,1.6114359150967734,4.5070279998366845,1.2845442246370793,0.4510756193602167
Kepler-845 b,Kepler-845,2.04,0.0,1361.0,0.01668,4913.0,-0.60474,0.79,4.79,1.7613002617433464,1.415853163361435,6.650923084360134,0.656410486594868,0.5596157879354227
Kepler-846 b,Kepler-846,2.48,0.0,624.0,0.1399,5579.0,-0.21715,0.94,4.37,2.0425181875752383,1.2296405510745139,3.5911563655853214,3.035333772372285,0.6471032420585385
Kepler-847 b,Kepler-847,1.18,0.0,1054.0,0.0315,4940.0,-0.5065,0.83,3.89,1.0152306797290587,1.9300710850255671,5.6812300701856895,1.2069379723668887,0.5709795465857378
Kepler-848 b,Kepler-848,1.7,0.0,1086.0,0.0758599999999999,5695.0,0.59369,1.01,8.32,1.5107219394949427,1.599387576580599,6.679320252473725,2.068297699074786,0.7884573603642702
Kepler-849 b,Kepler-849,8.08167508,0.078,362.7,1.137,5950.0,0.57287,1.259,4.7,5.702977826280176,1.4085449700547104,1.3506671834767394,5.980466995110111,1.0374458534306226
Kepler-85 b,Kepler-85,1.778,0.02,809.0,0.07885,5505.2,-0.2123,0.9280000000000002,1.38,1.0438040521731147,1.0365570815523175,4.682390452781605,2.2300144001592104,0.6286086594223741
Kepler-85 c,Kepler-85,1.978,0.027,706.0,0.10363,5505.2,-0.2123,0.9280000000000002,1.38,1.1474024528375417,0.9271404601283952,4.142007106740409,2.6034301519721073,0.6286086594223741
Kepler-85 d,Kepler-85,1.2,0.0,626.0,0.13,5436.0,-0.2123,0.9469999999999998,1.38,2.271794902905586,1.6863989535702286,3.6735119769828146,2.93986167717987,0.6381628722271858
Kepler-85 e,Kepler-85,1.27,0.0,559.0,0.163,5436.0,-0.2123,0.9469999999999998,1.38,0.4700036292457356,0.9555114450274365,3.2315156052146365,3.2663985576142203,0.6381628722271858
Kepler-850 b,Kepler-850,1.78,0.0,995.0,0.0744,5932.0,0.17325,1.06,3.89,1.5727739280625088,1.551808799597464,5.799949862710108,2.103284864457398,0.7371640659767197
Kepler-851 b,Kepler-851,1.68,0.0,900.0,0.0802,5455.0,-0.273,0.89,4.47,1.4951487660319727,1.6114359150967734,4.6523209117744235,2.2520280096418963,0.6151856390902335
Kepler-852 b,Kepler-852,2.54,0.0,565.0,0.27967,6100.0,0.827,1.19,1.48,2.0781907597781832,1.205970806988609,4.534007104154432,3.8271398436356896,0.7701082216960736
Kepler-853 b,Kepler-853,1.69,0.0,1187.0,0.079,6350.0,0.51032,1.3,2.69,1.5040773967762742,1.6054298910365616,6.215209917292881,2.1003372759736756,0.9360933591703346
Kepler-855 b,Kepler-855,8.35,0.0,996.0,0.0762,5835.0,0.33305,1.03,4.17,3.983413001514819,0.4034631054374913,6.006803796965718,2.1845480242739956,0.708035793053696
Kepler-856 b,Kepler-856,9.3,0.0,824.0,0.0787,5535.0,-0.02166,0.96,4.27,4.163559631243574,0.35907206853845386,5.040174678673551,2.2002954789541476,0.6575200029167942
Kepler-857 b,Kepler-857,6.8,0.0,390.0,0.3750999999999999,5773.0,-0.07143,0.99,4.27,3.6428355156125294,0.5007752879124893,1.9090979616452883,4.458423793131199,0.688134638736401
Kepler-858 b,Kepler-858,4.87,0.0,399.0,0.33939,5653.0,-0.1131,0.96,3.39,3.0955776085237074,0.6931471805599453,1.9930663259330903,4.345570360575491,0.6471032420585385
Kepler-859 b,Kepler-859,3.09,0.0,528.0,0.13157,5020.0,-0.55638,0.81,4.57,2.374905754573672,1.0367368849500223,2.7661304121787347,3.0625389578074635,0.5709795465857378
Kepler-860 b,Kepler-860,3.24,0.0,1050.0,0.058,5836.0,-0.15726,1.04,4.27,2.451005098112319,0.9969486348916093,5.457971446279727,1.8085148856134698,0.7227059828014898
Kepler-861 b,Kepler-861,2.28,0.0,966.0,0.0463,5047.0,-0.42701,0.8200000000000001,4.47,1.9198594718553708,1.308332819650179,5.289730605610714,1.5993131041106237,0.5766133643039938
Kepler-862 b,Kepler-862,2.21,0.0,1097.0,0.039,5333.0,-0.10252,0.8800000000000001,4.79,1.8748743759385615,1.3376291891386096,6.306809815594967,1.422786483418042,0.6097655716208943
Kepler-863 b,Kepler-863,2.9,0.0,718.0,0.122,5678.0,0.21514,0.96,3.8,2.277267285009756,1.0885619528146082,4.777677069393655,2.809078470518146,0.6678293725756554
Kepler-864 b,Kepler-864,2.4,0.0,1143.0,0.0687,5754.0,0.2078,1.0,4.68,1.9947003132247452,1.2584609896100059,6.143681215082254,1.9218751691771396,0.6931471805599453
Kepler-864 c,Kepler-864,1.62,0.0,1532.0,0.0382,6213.0,0.2078,1.27,0.3,1.449269160281279,1.6505798557652755,7.174754937238715,1.23008004804882,0.7861820465271349
Kepler-865 b,Kepler-865,2.49,0.0,694.0,0.1057,5570.0,-0.29754,0.9300000000000002,4.27,2.048982334195127,1.2267122912954256,3.85782021941383,2.7189237320776147,0.6523251860396903
Kepler-865 c,Kepler-865,0.89,0.0,914.0,0.061,5440.0,-0.29754,0.782,4.27,0.49469624183610705,1.790091412127358,5.111867299170302,1.9753582752695795,0.6339278208999741
Kepler-866 b,Kepler-866,1.63,0.0,996.0,0.0331,4751.0,-0.70483,0.75,4.27,1.4562867329399256,1.6428726885203377,5.2838481910782775,1.2856539482294758,0.5364933705145685
Kepler-867 b,Kepler-867,4.64,0.0,327.0,0.5375,5541.0,0.11686,0.9200000000000002,5.89,3.0155349008501706,0.7275486072772778,1.3137236682850553,5.0188820426635905,0.6471032420585385
Kepler-868 b,Kepler-868,2.05,0.0,1047.0,0.0574999999999999,5614.0,0.06838,0.9300000000000002,3.89,1.7681496035889213,1.410986973710262,6.03556276892978,1.7971644874310013,0.636576829071551
Kepler-869 b,Kepler-869,3.61,0.0,494.0,0.2244,5664.0,-0.11047,0.97,4.79,2.617395832834079,0.9082585601768908,2.903287983162711,3.7239756997751434,0.6678293725756554
Kepler-87 b,Kepler-87,13.49,0.036,478.0,0.481,5600.0,0.32604,1.1,7.5,5.784440377673656,0.5475432067011534,2.322681794693168,4.7513147594465845,1.0367368849500223
Kepler-87 c,Kepler-87,6.14,0.039,403.0,0.6759999999999999,5600.0,0.32604,1.1,7.5,2.0014800002101243,0.1414995622736995,1.7327169285942716,5.258701935503897,1.0367368849500223
Kepler-870 b,Kepler-870,2.78,0.0,691.0,0.1539,5857.0,0.04289,1.01,3.8,2.21375387928743,1.1249295969854831,4.023009664617478,3.1072182845003273,0.7030975114131134
Kepler-871 b,Kepler-871,3.74,0.0,640.0,0.1572,5993.0,0.30895,1.11,3.47,2.6741486494265287,0.8837675401685949,4.391011152745346,3.137487957539613,0.76080582903376
Kepler-872 b,Kepler-872,1.99,0.0,1230.0,0.0362,5902.0,-0.14573,1.05,4.17,1.7263316639055994,1.4398351280479205,6.317265764671229,1.2750429358535738,0.7323678937132266
Kepler-873 b,Kepler-873,3.75,0.0,749.0,0.1542,6163.0,0.13449,1.18,2.95,2.6741486494265287,0.8796267475025636,4.234323872275541,3.0705328529427947,0.8197798314933114
Kepler-874 b,Kepler-874,3.94,0.0,560.0,0.2233999999999999,6020.0,0.13758,1.09,3.31,2.7536607123542622,0.8415671856782186,3.4850482138320995,3.7152456094525603,0.7561219797213337
Kepler-875 b,Kepler-875,2.9,0.0,569.0,0.1770999999999999,5958.0,0.13542,1.06,3.39,2.277267285009756,1.0885619528146082,3.747879227166533,3.350162997614079,0.7466879474879752
Kepler-876 b,Kepler-876,1.43,0.0,923.0,0.0548999999999999,5060.0,-0.33828,0.81,5.25,1.2892326482767593,1.7817091333745536,5.035301890088036,1.815537860793675,0.5709795465857378
Kepler-877 b,Kepler-877,2.12,0.0,632.0,0.1301,5261.0,-0.343,0.8500000000000001,4.57,1.8148247421590513,1.3762440252663892,3.658677945380815,2.968282500700646,0.5933268452777344
Kepler-878 b,Kepler-878,1.93,0.0,501.0,0.165,5044.0,-0.17433,0.81,4.57,1.682688374173693,1.4701758451005928,3.332525887099536,3.2936939530871165,0.5709795465857378
Kepler-879 b,Kepler-879,2.57,0.0,580.0,0.2012,5792.0,0.0334,1.02,4.27,2.0955609235597192,1.1969481893889715,3.4054549719147964,3.5376376917807524,0.7030975114131134
Kepler-88 d,KOI-142,13.1,0.41,245.792,2.466329866,5466.0,-0.16507,0.99,1.6,6.873315992987751,1.2119409739751128,0.6962237821818638,7.247080584585756,0.6402736909528771
Kepler-880 b,Kepler-880,2.66,0.0,1622.0,0.0915,6761.0,0.66603,1.46,1.66,2.1471001901536506,1.1662709371419244,6.375312682991179,2.1650100787972844,1.007957920399979
Kepler-880 c,Kepler-880,2.87,0.0,1407.0,0.1216,6900.0,0.66603,1.714,1.41,2.2617630984737906,1.0986122886681096,6.832729963120384,2.5499273749590174,1.2806560290968938
Kepler-881 b,Kepler-881,1.78,0.0,1217.0,0.0552,5961.0,0.11975,1.06,3.8,1.5727739280625088,1.551808799597464,6.2907706727203525,1.6946022825896132,0.7371640659767197
Kepler-882 b,Kepler-882,1.23,0.0,903.0,0.04741,5476.0,-0.27313,0.9,4.57,1.1118575154181303,1.9487632180377197,5.560793163257115,1.607343654205409,0.6259384308664953
Kepler-883 b,Kepler-883,1.78,0.0,818.0,0.10288,6116.0,0.29567,1.06,3.02,1.5727739280625088,1.551808799597464,5.100183450737855,2.6379821611144116,0.7371640659767197
Kepler-884 b,Kepler-884,1.23,0.0,964.0,0.06116,5715.0,-0.31335,1.0,2.45,1.1118575154181303,1.9487632180377197,4.9452074887738,1.9019873908227223,0.6626879730752367
Kepler-885 b,Kepler-885,2.5,0.0,830.0,0.14403,6187.0,0.41686,1.21,3.16,2.0541237336955462,1.2208299213923592,4.83346842902207,2.9504592153349254,0.8544153281560676
Kepler-886 b,Kepler-886,1.52,0.0,1111.0,0.06428,6098.0,0.04165,1.1,3.39,1.366091653802371,1.7173950539391927,5.448597709130528,1.9798233503298044,0.7701082216960736
Kepler-887 b,Kepler-887,1.84,0.0,785.0,0.15431,6194.0,0.44617,1.19,3.09,1.617406082083277,1.5173226235262947,4.708105763859413,3.0644318744413237,0.8285518175661483
Kepler-887 c,Kepler-887,1.13,0.0,1089.0,0.0801,6194.0,0.44617,1.19,3.09,0.9202827531436926,1.9095425048844383,6.013658919742745,2.1562243528135707,0.8285518175661483
Kepler-888 b,Kepler-888,1.76,0.0,417.0,0.3148099999999999,5875.0,-0.04319,0.97,1.48,1.55814461804655,1.5644405465033646,2.1808693343099494,4.27246154355292,0.6418538861723948
Kepler-889 b,Kepler-889,1.09,0.0,1328.0,0.04975,5961.0,0.38344,1.14,3.98,0.8415671856782186,1.8870696490323797,6.8623268578173455,1.5569731953567174,0.8109302162163288
Kepler-890 b,Kepler-890,8.89,0.0,540.0,0.2943999999999999,5954.0,0.32651,1.09,3.63,4.087655574071304,0.37706563358646644,3.441283105201441,3.9845065517878377,0.7561219797213337
Kepler-891 b,Kepler-891,6.41,0.0,486.0,0.2880999999999999,5887.0,0.58754,1.06,3.55,3.543853682063679,0.5312163134137247,3.8138808192767386,3.9972728572262013,0.7275486072772778
Kepler-892 b,Kepler-892,2.81,0.0,556.0,0.1015,4747.0,-0.73492,0.75,5.01,2.2300144001592104,1.1184149159642893,2.9547019239959993,2.691385933599115,0.5423242908253616
Kepler-893 b,Kepler-893,3.03,0.0,1034.0,0.0699,5820.0,0.05966,1.0,3.8,2.344686269012681,1.0508216248317612,5.5882631249284405,1.993142312416445,0.688134638736401
Kepler-894 b,Kepler-894,2.78,0.0,896.0,0.0916,5603.0,-0.12306,0.87,4.27,2.21375387928743,1.1249295969854831,4.794806590597374,2.379844608100905,0.6151856390902335
Kepler-895 b,Kepler-895,1.54,0.0,771.0,0.0328,4315.0,-0.85369,0.65,2.63,1.3837912309017721,1.7047480922384253,4.678281232805414,1.3366424368418548,0.4762341789963716
Kepler-896 b,Kepler-896,2.53,0.0,303.0,0.56378,5262.0,0.48148,0.8400000000000001,5.01,2.0719132752590443,1.208960345836975,1.095273387402595,4.980501779272402,0.5933268452777344
Kepler-896 c,Kepler-896,3.15,0.0,515.0,0.1792,5510.0,0.48148,0.877,7.59,2.4069451083182885,1.0224509277025458,2.8656235882069705,3.4191111870411097,0.5894519442211803
Kepler-897 b,Kepler-897,2.39,0.0,855.0,0.077,5839.0,0.28762,1.03,4.37,1.9878743481543455,1.264126727145683,5.872740130992023,2.2024624136679387,0.712949807856125
Kepler-898 b,Kepler-898,1.49,0.0,616.0,0.0545,4223.0,-0.87506,0.65,3.98,1.3428648031925547,1.7404661748405044,3.640476714885769,1.9272542186223407,0.4824261492442927
Kepler-899 b,Kepler-899,2.68,0.0,640.0,0.1392,5595.0,0.04831,0.9300000000000002,4.07,2.157559320943788,1.1568811967920856,4.14627265508246,3.0046381447926302,0.6471032420585385
Kepler-9 b,Kepler-9,8.29,0.0609,661.0,0.143,5774.0,-0.038,1.022,2.0,3.793239469438179,0.3506568716131693,3.8964828807464134,3.0076069892141586,0.6719235441083187
Kepler-9 c,Kepler-9,8.08,0.06691,523.0,0.227,5774.0,-0.038,1.022,2.0,3.4307561839036995,0.2700271372130601,2.9908704741370835,3.6885118865692625,0.6719235441083187
Kepler-9 d,Kepler-9,1.64,0.0,2026.0,0.0273,5777.0,-0.038,1.07,1.0,2.242268105165923,2.6773961980137675,7.200915817198044,0.9527580425067346,0.7030975114131134
Kepler-90 i,KOI-351,1.32,0.0,709.0,0.1201380843,6015.0,0.26853,1.12,0.53,1.1939224684724346,1.8718021769015913,4.5886730121995045,2.7375520437927876,0.8285518175661483
Kepler-900 b,Kepler-900,2.08,0.0,716.0,0.0679,4836.0,-0.6084,0.78,4.57,1.7884205679625405,1.3962446919730587,4.0093130422033845,2.0783545260924043,0.5481214085096876
Kepler-901 b,Kepler-901,1.37,0.0,704.0,0.0378,4184.0,-0.98404,0.5900000000000001,3.8,1.2383742310432684,1.8309801823813363,4.244530248985985,1.5079575025316225,0.4510756193602167
Kepler-902 b,Kepler-902,2.54,0.0,556.0,0.223,5647.0,0.10835,0.95,4.37,2.0781907597781832,1.205970806988609,3.253277251585533,3.7162502989875064,0.6575200029167942
Kepler-903 b,Kepler-903,2.01,0.0,842.0,0.09081,5682.0,0.36464,0.98,4.79,1.7404661748405044,1.430311246536665,5.619839113761162,2.429285768045437,0.6780335427498971
Kepler-903 c,Kepler-903,2.53,0.0,462.0,0.30249,5682.0,0.36464,0.98,4.79,2.0719132752590443,1.208960345836975,3.250025593860417,4.157676976617767,0.6780335427498971
Kepler-904 b,Kepler-904,1.77,0.0,1332.0,0.0417,6160.0,0.15444,1.16,3.02,1.5644405465033646,1.55814461804655,6.775844287084669,1.3916968990950487,0.8109302162163288
Kepler-905 b,Kepler-905,1.41,0.0,928.0,0.05689,5461.0,-0.21507,0.95,1.66,1.2725655957915476,1.7984040119467237,5.229883267490119,1.8054563237486363,0.6205764877251099
Kepler-906 b,Kepler-906,2.11,0.0,537.0,0.2236299999999999,6035.0,0.09641,1.06,1.86,1.8082887711792655,1.3812818192963463,3.13492883874228,3.754152024521409,0.7030975114131134
Kepler-907 b,Kepler-907,1.2,0.0,879.0,0.1225,6106.0,0.378,1.08,5.37,1.0543120297715298,1.9387416595767009,4.9320248935143445,2.825312698931913,0.8671004876833832
Kepler-908 b,Kepler-908,1.22,0.0,1783.0,0.02526,5973.0,0.26406,1.11,3.02,1.091923300517313,1.9444805562457188,8.10322231157679,0.8504062249840395,0.7514160886839212
Kepler-909 b,Kepler-909,1.47,0.0,852.0,0.11873,6154.0,0.273,1.17,2.88,1.324418957401803,1.752672080520008,4.853903508301298,2.703567045427246,0.8020015854720274
Kepler-910 b,Kepler-910,0.82,0.0,1752.0,0.03752,6230.0,0.49442,1.26,3.39,0.39001300354924273,1.749199854809259,7.654003793440668,1.2132404313978222,0.9162907318741551
Kepler-911 b,Kepler-911,2.6,0.0,931.0,0.15594,6112.0,0.70686,1.34,3.55,2.1126345090356,1.184789984909162,5.296941420368106,3.059199955923328,1.095273387402595
Kepler-912 b,Kepler-912,2.8,0.0,1218.0,0.0339,5998.0,0.55177,1.07,3.16,2.224623551524334,1.1216775615991057,6.255654067858193,1.262644350154056,0.7466879474879752
Kepler-913 b,Kepler-913,2.06,0.0,1129.0,0.1009,4687.0,-0.28163,0.63,5.62,1.7749523509116738,1.4060969884160703,4.092676505121403,2.4245128792920987,0.4762341789963716
Kepler-913 c,Kepler-913,3.8580709,0.0,1357.0,0.0699,6068.0,-0.28163,1.294,5.62,2.7212954278522306,0.8586616190375187,4.818828898091086,1.9371749388096986,1.0285474142198225
Kepler-914 b,Kepler-914,1.38,0.0,1192.0,0.05454,5877.0,0.24467,1.1,3.98,1.247032293786383,1.8229350866965048,6.344544536935578,1.688187257305207,0.7654678421395714
Kepler-915 b,Kepler-915,1.5,0.0,1319.0,0.05655,6173.0,0.50553,1.21,3.39,1.3506671834767394,1.7334238922150915,6.74022499004262,1.72185476071548,0.8671004876833832
Kepler-916 b,Kepler-916,1.76,0.0,503.0,0.1885,5248.0,-0.27846,0.8500000000000001,4.79,1.55814461804655,1.5644405465033646,2.7525773231522876,3.5054636928966074,0.5933268452777344
Kepler-917 b,Kepler-917,1.91,0.0,991.0,0.0378,5418.0,0.76372,0.8,4.17,1.6695918352538475,1.4816045409242156,5.434202237568402,1.3788704658265507,0.5653138090500605
Kepler-918 b,Kepler-918,1.74,0.0,1052.0,0.0569,6028.0,-0.01801,1.11,3.24,1.5432981099295553,1.5769147207285403,5.5595348198327335,1.7671028665309862,0.76080582903376
Kepler-919 b,Kepler-919,2.25,0.0,869.0,0.0981,6113.0,0.16662,1.15,3.02,1.900613874140137,1.3190856114264407,5.0428765794032735,2.4887354638488635,0.7929925155296614
Kepler-92 b,Kepler-92,3.51,0.17,975.0,0.12232,5883.0,0.55818,1.21,3.98,4.178992036282385,1.1307796597436837,5.555962822623279,2.6911752838773655,0.9932517730102834
Kepler-92 c,Kepler-92,2.6,0.04,781.0,0.19054,5883.0,0.55818,1.21,3.98,1.9600947840472698,1.7486997297675768,4.674761545012309,3.3222623935740137,0.9932517730102834
Kepler-92 d,Kepler-92,2.067,0.07,637.0,0.28682,5904.34,0.55818,1.07,3.98,2.5546410707036435,2.135097487101402,3.8679457181872183,3.919133664663194,1.0357399342590785
Kepler-920 b,Kepler-920,2.42,0.0,907.0,0.065,5403.0,-0.18293,0.89,4.37,2.0068708488450007,1.252762968495368,5.037848305048334,2.019150924077783,0.6151856390902335
Kepler-920 c,Kepler-920,3.8,0.0,364.0,0.4029,5403.0,-0.18293,0.89,4.37,2.6946271807700692,0.8671004876833832,1.6066339851013662,4.623279334079035,0.6151856390902335
Kepler-921 b,Kepler-921,2.87,0.0,492.0,0.2716,5663.0,-0.0296,0.9300000000000002,4.27,2.2617630984737906,1.0986122886681096,2.7730261265645604,3.9570084933683387,0.6471032420585385
Kepler-922 b,Kepler-922,1.42,0.0,1876.0,0.01795,5671.0,-0.13328,0.95,4.37,1.2809338454620645,1.790091412127358,7.6702577986630365,0.6618973678457631,0.6575200029167942
Kepler-923 b,Kepler-923,1.38,0.0,1104.0,0.07592,5988.0,0.3325,1.11,4.68,1.247032293786383,1.8229350866965048,5.9703328369723705,2.071115067607295,0.8153648132841945
Kepler-924 b,Kepler-924,3.07,0.0,610.0,0.31318,6167.0,0.31382,1.14,3.09,2.3646204839134985,1.0402767116551463,3.0443795703755123,4.127731169836844,0.8020015854720274
Kepler-925 b,Kepler-925,2.34,0.0,394.0,0.1805,4673.0,-0.68406,0.77,2.57,1.9572739077056285,1.2837077723447896,1.9217638157986412,3.5515652901084485,0.5423242908253616
Kepler-926 b,Kepler-926,2.31,0.0,524.0,0.2739,5806.0,0.17281,1.01,4.37,1.9387416595767009,1.2947271675944,2.9382620463994407,3.971590317430679,0.6981347220709844
Kepler-927 b,Kepler-927,1.72,0.0,906.0,0.0866,5743.0,-0.08583,0.99,4.37,1.5282278570085572,1.589235205116581,4.871633729227502,2.314018511647425,0.688134638736401
Kepler-928 b,Kepler-928,1.59,0.0,894.0,0.0444,4700.0,-0.71877,0.73,4.37,1.423108334242607,1.6695918352538475,4.719480532165502,1.5958381133694122,0.5306282510621704
Kepler-929 b,Kepler-929,1.11,0.0,2362.0,0.01982,5869.0,0.46075,1.01,3.47,0.8796267475025636,1.8976198599275325,9.00711377965733,0.6528626119130315,0.7030975114131134
Kepler-93 b,Kepler-93,1.478,0.0,1133.0,0.05343,5669.0,-0.10565,0.911,6.6,1.7334238922150915,2.189416394888408,5.62040086571715,1.745146394977629,0.6518042170255629
Kepler-93 c,Kepler-93,2.839553935,0.1072999999999999,589.1899999999999,0.102,5669.0,-0.10565,0.91,5.05,6.86171134048073,1.269760544863939,3.2259985260029773,7.2868764117507,0.6523251860396903
Kepler-930 b,Kepler-930,2.13,0.0,561.0,0.34593,6335.0,0.37758,1.25,2.34,1.8213182714695995,1.3737155789130306,2.882059529065415,4.282921202627224,0.8754687373538999
Kepler-931 b,Kepler-931,1.33,0.0,744.0,0.0719,5241.0,-0.35,0.86,4.68,1.2029723039923526,1.8625285401162623,4.296468746312235,2.2013890903683038,0.5933268452777344
Kepler-932 b,Kepler-932,1.37,0.0,1276.0,0.02876,5331.0,-0.32176,0.87,4.68,1.2383742310432684,1.8309801823813363,6.333664989047376,1.0720757540646322,0.6097655716208943
Kepler-933 b,Kepler-933,2.46,0.0,602.0,0.1041,5346.0,-0.21081,0.87,4.68,2.030776369698555,1.235471471385307,4.132330539043147,2.721586838677445,0.6097655716208943
Kepler-934 b,Kepler-934,2.09,0.0,384.0,0.2658,5001.0,-0.47799,0.81,4.47,1.7950872593207297,1.3912819026309298,1.743269260067621,4.037312568037909,0.5709795465857378
Kepler-935 b,Kepler-935,1.35,0.0,879.0,0.0527,4830.0,-0.63887,0.78,3.8,1.2208299213923592,1.8468787684491346,4.560246039134096,1.7716993571855228,0.5481214085096876
Kepler-936 b,Kepler-936,1.45,0.0,867.0,0.0953999999999999,5482.0,-0.19,0.9200000000000002,4.57,1.308332819650179,1.769854633840005,4.902010196224638,2.447666964635692,0.636576829071551
Kepler-937 b,Kepler-937,3.72,0.0,495.0,0.3214,6095.0,0.28097,1.15,3.24,2.667228206581955,0.8878912573524571,3.073942534090551,4.229295340791627,0.7975071958841881
Kepler-937 c,Kepler-937,2.67,0.0,377.0,0.5545,6095.0,0.28097,1.15,3.24,2.1529243184396396,1.1631508098056809,2.0706530356467567,5.039179756826655,0.7975071958841881
Kepler-938 b,Kepler-938,2.22,0.0,544.0,0.2689,5533.0,-0.174,0.9200000000000002,4.27,1.8809906029559977,1.332366019094335,2.258633205464863,3.982105661284343,0.636576829071551
Kepler-939 b,Kepler-939,1.75,0.0,692.0,0.1153,5471.0,0.39065,0.8800000000000001,4.47,1.5496879080283263,1.5686159179138452,4.01078177745141,2.764953145275525,0.6151856390902335
Kepler-94 b,Kepler-94,3.51,0.0,997.0,0.03377,4781.0,-0.61348,0.81,1.41,2.4714836294558595,0.8960880245566356,5.380330439468711,1.2550631781264967,0.5653138090500605
Kepler-94 c,Kepler-94,12.5,0.345931,424.9,1.596806621,4781.0,-0.61348,0.81,1.41,8.047829357457841,2.281361456542419,3.189561560557548,6.710888450746147,0.5653138090500605
Kepler-940 b,Kepler-940,3.34,0.0,486.0,0.3058999999999999,5769.0,-0.05668,0.97,3.63,2.4932054526026954,0.9707789171582246,2.443997845944369,4.10466653522889,0.6729444732424258
Kepler-941 b,Kepler-941,3.08,0.0,722.0,0.1311,5539.0,-0.20576,0.89,4.07,2.3693087250369538,1.0367368849500223,3.8718674554510515,2.9136515561320087,0.6205764877251099
Kepler-942 b,Kepler-942,2.13,0.0,379.0,0.22737,4861.0,-0.58453,0.81,4.17,1.8213182714695995,1.3737155789130306,1.7845669986465504,3.8278622861048843,0.5596157879354227
Kepler-943 b,Kepler-943,5.93,0.0,455.0,0.2559,5612.0,0.40676,0.9300000000000002,4.27,3.417726683613366,0.5749265491725143,2.412335956953165,3.927308461336619,0.6471032420585385
Kepler-944 b,Kepler-944,2.63,0.0,459.0,0.2288,5409.0,-0.07777,0.86,4.47,2.1294214739848565,1.1755733298042381,3.052774013921188,3.7913632442116842,0.6043159668533296
Kepler-945 b,Kepler-945,2.63,0.0,616.0,0.2037,5718.0,0.02447,0.97,4.47,2.1294214739848565,1.1755733298042381,3.487436238112395,3.4658415659671773,0.6780335427498971
Kepler-946 b,Kepler-946,1.93,0.0,857.0,0.1002,5665.0,0.13422,0.94,4.17,1.682688374173693,1.4701758451005928,4.8288895714779745,2.548790716191783,0.6575200029167942
Kepler-947 b,Kepler-947,2.28,0.0,573.0,0.1773,5508.0,0.14245,0.9,4.27,1.9198594718553708,1.308332819650179,3.9693480720474157,3.3309334062362,0.6259384308664953
Kepler-948 b,Kepler-948,1.85,0.0,841.0,0.0749,5679.0,-0.10938,0.96,4.17,1.6253112615903906,1.5129270120532565,4.8457842355335625,2.171161901693491,0.6626879730752367
Kepler-949 b,Kepler-949,2.91,0.0,782.0,0.07739,5403.0,-0.44164,0.89,4.57,2.2823823856765264,1.085189268335969,4.085001047218948,2.2710229368664865,0.6205764877251099
Kepler-949 c,Kepler-949,2.97,0.0,582.0,0.1394,5211.0,-0.44164,0.817,1.74,2.3135250330323798,1.068153081183401,3.339321977944068,3.0909324327608174,0.6392188385343897
Kepler-95 b,Kepler-95,3.42,0.0,927.0,0.10232,5699.0,0.28105,1.08,5.63,2.639057329615259,0.9969486348916093,5.192023081730119,2.527574938857048,0.8796267475025636
Kepler-950 b,Kepler-950,8.98,0.0,360.0,0.3982,5857.0,0.35461,1.02,3.8,4.104294893075269,0.37294191640260427,1.6034198401085373,4.602346609445064,0.7030975114131134
Kepler-951 b,Kepler-951,5.59,0.0,340.0,0.3091,4834.0,-0.64183,0.77,4.27,3.3214324131932926,0.6097655716208943,1.2447307967981036,4.283935583014625,0.5481214085096876
Kepler-952 b,Kepler-952,7.65,0.0,369.0,0.5183,5730.0,0.09668,1.0,4.27,3.8372994592322094,0.4427608928518613,1.7993968963572664,4.877901236087417,0.688134638736401
Kepler-953 b,Kepler-953,4.21,0.0,410.0,0.392,5416.0,-0.119,0.95,8.71,2.8622008809294686,0.7975071958841881,1.922787731634459,4.493193974571815,0.688134638736401
Kepler-953 c,Kepler-953,1.19,0.0,873.0,0.0862,5416.0,-0.119,0.95,8.71,1.0331844833456545,1.9315214116032138,4.804348859848469,2.3134925023351123,0.688134638736401
Kepler-954 b,Kepler-954,2.32,0.0,545.0,0.1202,4990.0,-0.5722,0.8200000000000001,3.39,1.9444805562457188,1.2919836816486496,3.1148921387232487,2.878173551362461,0.5653138090500605
Kepler-955 b,Kepler-955,3.13,0.0,664.0,0.1083,5350.0,-0.4085,0.89,4.37,2.3942522815198695,1.0224509277025458,3.5290334198351516,2.7429308508160473,0.6097655716208943
Kepler-956 b,Kepler-956,3.0,0.0,1056.0,0.06017,6040.0,0.05208,1.1,3.47,2.329227023940467,1.0612565021243408,5.730288076933466,1.8323690621526882,0.7654678421395714
Kepler-957 b,Kepler-957,5.5,0.0,769.0,0.0559,4963.0,-0.46836,0.81,2.75,3.292126286607793,0.6178846960593984,4.835575308162993,1.9325952604732493,0.5596157879354227
Kepler-958 b,Kepler-958,2.06,0.0,749.0,0.08631,5421.0,-0.28165,0.91,4.37,1.7749523509116738,1.4060969884160703,4.312006449967072,2.3765676751439124,0.6205764877251099
Kepler-959 b,Kepler-959,4.38,0.0,1912.0,0.1633,7005.0,0.73752,1.6000000000000003,1.35,2.9231615807191558,0.7654678421395714,5.117203080709147,2.760057303468218,1.1019400787607843
Kepler-96 b,Kepler-96,2.67,0.0,711.0,0.1261,5690.0,-0.05231,1.0,2.34,2.247072383063787,1.1817271953786161,4.069436926515916,2.847145254489665,0.7030975114131134
Kepler-960 b,Kepler-960,2.29,0.0,1391.0,0.03807,4755.0,-0.6289,0.77,3.63,1.925707441737794,1.3029127521808397,4.869248365479148,1.4175173676108588,0.5423242908253616
Kepler-961 b,Kepler-961,2.55,0.0,642.0,0.12585,5582.0,-0.19378,0.96,2.82,2.084429083190875,1.2029723039923526,3.7232808808312687,2.883530305103091,0.6418538861723948
Kepler-962 b,Kepler-962,1.97,0.0,689.0,0.09874,5478.0,-0.26115,0.9300000000000002,2.4,1.7119945007591926,1.449269160281279,4.004109813930389,2.5693299325630945,0.6205764877251099
Kepler-963 b,Kepler-963,2.66,0.0,802.0,0.0849,5461.0,-0.22463,0.91,4.07,2.1471001901536506,1.1662709371419244,4.436680525924929,2.395787329919766,0.6259384308664953
Kepler-963 c,Kepler-963,0.6,0.0669999999999999,1595.0,0.102,5169.47,-0.22463,0.821,13.2,0.14496577025018573,1.6034198401085373,6.982781587231268,0.6522121588190212,0.6564831961883539
Kepler-964 b,Kepler-964,2.12,0.0,652.0,0.1073,5427.0,-0.306,0.9300000000000002,1.91,1.8148247421590513,1.3762440252663892,3.8047940787102923,2.6756999007861606,0.6097655716208943
Kepler-965 b,Kepler-965,3.38,0.0,393.0,0.50998,5886.0,0.14794,1.05,5.5,2.517696472610991,0.9631743177730056,1.7884205679625405,4.90714510088705,0.7654678421395714
Kepler-966 b,Kepler-966,4.13,0.0,391.0,0.3906999999999999,5840.0,0.23291,1.02,4.07,2.833213344056216,0.8109302162163288,2.4825705899904524,4.61261859757057,0.7030975114131134
Kepler-967 b,Kepler-967,2.35,0.0,638.0,0.1027,5178.0,-0.71759,0.8400000000000001,5.89,1.9629077254238845,1.2781522025001875,3.6913763343125234,2.6551509715750488,0.5877866649021191
Kepler-967 c,Kepler-967,3.65,0.0,258.0,0.6253,5178.0,-0.71759,0.8400000000000001,5.89,2.631888840136646,0.9001613499442714,0.7178397931503169,5.29687257433824,0.5877866649021191
Kepler-968 b,Kepler-968,2.0,0.0,745.0,0.0389,4598.0,-0.7626,0.76,2.14,1.7334238922150915,1.4350845252893227,4.653093307718173,1.5460685695145586,0.5306282510621704
Kepler-968 c,Kepler-968,1.69,0.0,644.0,0.052,4598.0,-0.7626,0.76,2.14,1.5040773967762742,1.6054298910365616,4.080076590424396,1.9035102612087418,0.5306282510621704
Kepler-969 b,Kepler-969,2.07,0.0,465.0,0.19726,5214.0,-0.38876,0.9200000000000002,1.51,1.7817091333745536,1.4011829736136412,2.4128734468881685,3.5602836158637863,0.598836501088704
Kepler-969 c,Kepler-969,0.99,0.0,1270.0,0.0265,5214.0,-0.38876,0.9200000000000002,1.51,0.6611403844248589,1.8421356765531218,6.337853521373138,0.9869111969384551,0.598836501088704
Kepler-97 b,Kepler-97,1.48,0.0,1328.0,0.03563,5779.0,-0.02505,0.94,8.42,1.5062971535145868,1.8625285401162623,6.645044154365619,1.2772158310936514,0.6830968447064438
Kepler-97 c,Kepler-97,2.839553935,0.197,466.55,0.102,5779.0,-0.02505,0.94,8.42,5.84354441703136,1.269760544863939,2.8424358060302484,6.672032945461067,0.6830968447064438
Kepler-970 b,Kepler-970,2.609,0.34,464.0,0.139,4290.0,-0.77469,0.67,0.105,2.1174596088673567,1.1817271953786161,2.4941141305389136,2.875626072687823,0.5364933705145685
Kepler-971 b,Kepler-971,2.13,0.0,1087.0,0.08679,5431.0,-0.29873,0.8800000000000001,4.47,1.8213182714695995,1.3737155789130306,4.428027197234566,2.3599769335878493,0.6151856390902335
Kepler-972 b,Kepler-972,4.65,0.0,1060.0,0.0734,6146.0,0.19129,1.15,2.82,3.0204248861443626,0.7275486072772778,5.589171901415155,2.084345190368488,0.7975071958841881
Kepler-973 b,Kepler-973,1.96,0.0,402.0,0.2489,5213.0,-0.34416,0.86,2.29,1.7047480922384253,1.4539530095937054,2.18515199610195,3.9241043926796424,0.5766133643039938
Kepler-974 b,Kepler-974,1.57,0.0,577.0,0.0419,3687.0,-1.35426,0.52,4.37,1.4085449700547104,1.6845453849209058,3.3847630751987308,1.6475997024337974,0.4054651081081644
Kepler-975 b,Kepler-975,1.48,0.0,1599.0,0.02898,4897.0,-0.51184,0.8,3.89,1.332366019094335,1.7457155307266483,5.798177083938571,1.0886772515546586,0.5596157879354227
Kepler-975 c,Kepler-975,10.69,0.0,1168.0,0.0567,4883.0,-0.51184,0.9509999999999998,13.9,4.396915247167632,0.30821972366932904,6.088591257838705,1.8014149348305595,0.9809542451998772
Kepler-976 b,Kepler-976,3.96,0.0,324.0,0.4217000000000001,5232.0,-0.35971,0.87,4.68,2.766319109226186,0.8415671856782186,1.2977363341380992,4.672421413159361,0.6043159668533296
Kepler-977 b,Kepler-977,2.62,0.0,544.0,0.162,5315.0,-0.47627,0.87,4.57,2.124653884501384,1.1786549963416462,2.7050456920819115,3.3269508488324235,0.6043159668533296
Kepler-978 b,Kepler-978,2.99,0.0,546.0,0.2726,6002.0,0.143,1.07,3.63,2.3243465847755584,1.0647107369924282,3.09058780456667,3.9243892453244893,0.7371640659767197
Kepler-979 b,Kepler-979,2.72,0.0,792.0,0.0753,5310.0,-0.31956,0.87,4.57,2.180417459019838,1.144222799920162,4.367433166120873,2.2069563474530445,0.6043159668533296
Kepler-98 b,Kepler-98,1.99,0.0,1592.0,0.02614,5539.0,-0.13324,0.99,2.79,1.515127232962859,1.1568811967920856,7.010662888724493,0.9328252797132452,0.7466879474879752
Kepler-980 b,Kepler-980,2.67,0.0,845.0,0.09993,5935.0,0.2618,1.05,3.55,2.1529243184396396,1.1631508098056809,5.14246440532826,2.5298023387364736,0.7227059828014898
Kepler-981 b,Kepler-981,2.31,0.0,1103.0,0.0535,5718.0,-0.08124,0.98,4.07,1.9387416595767009,1.2947271675944,5.824438416599549,1.6992343258735527,0.6729444732424258
Kepler-982 b,Kepler-982,2.25,0.0,955.0,0.1277,6139.0,0.51095,1.16,3.55,1.900613874140137,1.3190856114264407,5.226837476421015,2.8198194628066826,0.8285518175661483
Kepler-983 b,Kepler-983,2.36,0.0,485.0,0.3148,6052.0,0.15,1.13,1.41,1.969905654611529,1.275362800412609,3.4656421484049207,4.112274656376135,0.7323678937132266
Kepler-984 b,Kepler-984,2.12,0.0,484.0,0.23688,5610.0,-0.10846,0.96,3.98,1.8148247421590513,1.3762440252663892,2.7074500210301777,3.7849672224270314,0.6575200029167942
Kepler-985 b,Kepler-985,2.98,0.0,323.0,0.44664,5434.0,-0.28282,0.91,3.39,2.3194422100604686,1.0647107369924282,1.2237754316221157,4.765006679469113,0.6151856390902335
Kepler-986 b,Kepler-986,2.36,0.0,465.0,0.29131,5642.0,-0.04683,0.96,6.17,1.969905654611529,1.275362800412609,2.472918410475933,4.050653765649247,0.6830968447064438
Kepler-987 b,Kepler-987,3.26,0.0,351.0,0.4238,5637.0,-0.14468,0.97,2.45,2.4595888418037104,0.9932517730102834,1.579597070423079,4.666296468304794,0.6471032420585385
Kepler-988 b,Kepler-988,2.07,0.0,368.0,0.1085,4005.0,-1.04739,0.55,3.16,1.7817091333745536,1.4011829736136412,2.0228711901914416,2.931769614842487,0.4252677354043441
Kepler-989 b,Kepler-989,2.21,0.0,805.0,0.0734,5074.0,-0.42689,0.8200000000000001,4.68,1.8748743759385615,1.3376291891386096,4.3221439250725044,2.1932517351503176,0.5766133643039938
Kepler-99 b,Kepler-99,1.48,0.0,810.0,0.05071,4782.0,-0.58545,0.79,1.47,1.9671123567059163,2.4765384001174837,4.69173312911295,1.7234056791993244,0.5481214085096876
Kepler-990 b,Kepler-990,2.6,0.0,903.0,0.08595,5948.0,-0.05003,1.05,3.55,2.1126345090356,1.184789984909162,4.694096395182493,2.390342667175956,0.7323678937132266
Kepler-990 c,Kepler-990,1.53,0.0,2386.0,0.01232,5948.0,-0.05003,1.05,3.55,1.3762440252663892,1.7119945007591926,8.570430594798655,0.4307132138633103,0.7323678937132266
Kepler-991 b,Kepler-991,2.54,0.0,260.0,0.3104,4392.0,-0.83074,0.64,3.47,2.0781907597781832,1.205970806988609,0.8633118070832684,4.425256750142017,0.4762341789963716
Kepler-992 b,Kepler-992,1.62,0.0,510.0,0.13372,4944.0,-0.56959,0.8,3.02,1.449269160281279,1.6505798557652755,2.7906128080840324,3.052128893246891,0.5538851132264376
Kepler-993 b,Kepler-993,2.97,0.0,352.0,0.13,3843.0,-1.22868,0.57,3.89,2.3135250330323798,1.068153081183401,1.600195331067168,3.139207990887407,0.43178241642553783
Kepler-994 b,Kepler-994,1.6,0.0,957.0,0.0177,3934.0,-1.13919,0.56,3.24,1.4327007339340463,1.66392609771817,5.50119290228974,0.7660102559368391,0.43178241642553783
Kepler-995 b,Kepler-995,2.7,0.0,517.0,0.1701,5206.0,-0.41918,0.83,5.01,2.169053700369523,1.1505720275988207,2.558776498354456,3.3764714231158135,0.5877866649021191
Kepler-996 b,Kepler-996,1.98,0.0,1272.0,0.0474,6014.0,0.24247,1.09,3.63,1.7191887763932197,1.4445632692438664,6.584903264580828,1.5624701093954863,0.76080582903376
Kepler-997 b,Kepler-997,1.36,0.0,1709.0,0.04022,6150.0,0.49569,1.22,3.63,1.2296405510745139,1.8389610707123492,7.550204251213589,1.3103056604275398,0.9400072584914712
Kepler-998 b,Kepler-998,2.32,0.0,1020.0,0.0626,6058.0,0.1929,1.12,3.31,1.9444805562457188,1.2919836816486496,6.018391247630281,1.8951847129545947,0.7793248768009976
Kepler-999 b,Kepler-999,2.34,0.0,1355.0,0.06918,6237.0,0.5381,1.29,3.09,1.9572739077056285,1.2837077723447896,6.608234066332708,1.9447461886304103,0.9745596399981308
L 168-9 b,L 168-9,1.63,0.0,998.0,0.0208,3842.0,-1.14086,0.614,4.6765,1.623340817603092,1.8213182714695995,5.013130844285646,0.8761043852869403,0.47250050944432276
L 363-38 b,L 363-38,2.0,0.0923,330.0,0.048,3129.0,-1.88606,0.21,8.07,1.7351891177396608,1.43746264769429,1.178698370702687,2.280441728308356,0.24216155714997162
L 98-59 b,L 98-59,0.837,0.031,620.0,0.0223,3415.0,-1.91364,0.2923,4.94,0.3784364357202451,1.667706820558076,3.2386784521643803,1.179612691451407,0.27421682149821036
L 98-59 c,L 98-59,1.329,0.002,526.0,0.0309,3415.0,-1.91364,0.2923,4.94,1.0986122886681096,1.7404661748405044,2.617395832834079,1.5455767938076324,0.27421682149821036
L 98-59 d,L 98-59,1.627,0.006,416.0,0.0494,3415.0,-1.91364,0.2923,4.94,0.9707789171582246,1.1631508098056809,1.7867469274045107,2.1342527098372,0.27421682149821036
L 98-59 e,L 98-59,1.49,0.012,347.0,0.0712,3415.0,-1.91364,0.2923,4.94,1.3402504226184837,1.8245492920510458,1.2237754316221157,2.626681058547203,0.27421682149821036
L 98-59 f,L 98-59,1.48,0.044,285.0,0.1052,3415.0,-1.91364,0.2923,4.94,1.33500106673234,1.791759469228055,0.7419373447293773,3.1807169477674293,0.27421682149821036
LHS 1140 b,LHS 1140,1.73,0.043,226.0,0.0946,3096.0,-2.42022,0.1844,5.0,1.8870696490323797,1.9315214116032138,0.35767444427181583,3.247938581769499,0.19548454332023552
LHS 1140 c,LHS 1140,1.272,0.05,422.0,0.027,3096.0,-2.42022,0.1844,5.0,1.068153081183401,1.8082887711792655,1.840549633397487,1.5640094912693085,0.19548454332023552
LHS 1478 b,LHS 1478,1.242,0.013026,595.0,0.01848,3381.0,-2.14569,0.236,3.918,1.2029723039923526,2.0373166153791646,3.1934431384907693,1.081648480110352,0.2199384203652614
LHS 1678 b,LHS 1678,0.685,0.033,830.44,0.01239,3490.0,-1.83863,0.345,7.0,0.30010459245033805,1.9459101490553132,4.557029810660157,0.6207014799132609,0.2844267797311083
LHS 1678 c,LHS 1678,0.941,0.039,510.9,0.0327,3490.0,-1.83863,0.345,7.0,0.8754687373538999,2.451005098112319,2.6741486494265287,1.546345598368106,0.2844267797311083
LHS 1678 d,LHS 1678,0.981,0.036,462.95,0.04,3490.0,-1.83863,0.345,7.0,0.645531326618282,1.8373699804801074,2.312535423847214,1.7859464228315964,0.2844267797311083
LHS 1815 b,LHS 1815,1.088,0.0,617.0,0.0404,3643.0,-1.38722,0.502,5.589,0.9477893989335261,2.0412203288596382,3.3094913657158904,1.5715977179262963,0.4061315526513249
LHS 1903 b,LHS 1903,1.382,0.015,796.0,0.02656,3664.0,-1.32451,0.538,7.08,1.4539530095937054,2.05668455455722,4.214495163352562,1.1491500677258148,0.4311328548567422
LHS 1903 c,LHS 1903,2.046,0.089,559.0,0.05387,3664.0,-1.32451,0.538,7.08,1.713797927758343,1.3635373739972745,2.8449093838194073,1.9777112343905268,0.4311328548567422
LHS 1903 d,LHS 1903,2.5,0.112,442.0,0.08604,3664.0,-1.32451,0.538,7.08,1.9401794743463283,1.128171090909654,1.9947003132247452,2.6075878181308596,0.4311328548567422
LHS 1903 e,LHS 1903,1.732,0.014,333.0,0.15135,3664.0,-1.32451,0.538,7.08,1.9154509415706047,1.9600947840472698,1.11514159061932,3.411732689897538,0.4311328548567422
LHS 3844 b,LHS 3844,1.303,0.007866,805.0,0.00622,3036.0,-2.56543,0.151,4.009,1.1786549963416462,1.8855533485144158,4.264087336809195,0.38044067930621556,0.17311261770864478
LHS 475 b,LHS 475,0.991,0.0,586.0,0.02037,3300.0,-2.06449,0.262,4.284999999999999,0.6632033041868732,1.8421356765531218,3.0819099697950434,1.1082615841156565,0.24600033345713726
LP 714-47 b,LP 714-47,4.7,0.04,700.0,0.0417,3950.0,-1.12494,0.5900000000000001,4.11861,3.459466289786131,0.9932517730102834,3.677416504830107,1.6197915282935713,0.4599532933922342
LP 791-18 b,LP 791-18,1.212,0.0,564.3,0.00978,2960.0,-2.63827,0.139,0.5,1.0784095813505903,1.9444805562457188,3.2244602031621015,0.6668022298605247,0.16720791898390644
LP 791-18 c,LP 791-18,2.488,0.0001,324.4,0.02961,2960.0,-2.63827,0.139,0.5,2.0992441689760155,1.269760544863939,1.291159166004852,1.7900763869727447,0.16720791898390644
LP 791-18 d,LP 791-18,1.032,0.0011,395.5,0.01992,2960.0,-2.63827,0.139,0.5,0.6471032420585385,1.715598108262491,1.9213246735826988,1.3230483376805227,0.16720791898390644
LSPM J2116+0234 b,LSPM J2116+0234,3.71,0.183,369.26,0.0876,3475.0,-1.69897,0.4299999999999999,2.0,2.6602595372658615,0.8878912573524571,1.5634173792565806,2.7369550678917185,0.3583735005743138
LTT 1445 A b,LTT 1445 A,1.34,0.18,431.0,0.0381,3562.0,-2.04591,0.257,6.112,1.3164082336557241,1.9740810260220096,1.9021075263969205,1.8498339402113613,0.23980399220731702
LTT 1445 A c,LTT 1445 A,1.147,0.223,508.0,0.02661,3340.0,-2.04591,0.257,3.317,0.9321640810304452,1.8825138324965192,2.4765384001174837,1.4168001662689111,0.23507212217948356
LTT 3780 b,LTT 3780,1.325,0.0,903.0,0.01195,3358.0,-1.78252,0.381,3.1,1.2412685890696329,1.916922612182061,4.718498871295094,0.5700634830598427,0.32208349916911333
LTT 3780 c,LTT 3780,2.39,0.024,359.0,0.0757,3358.0,-1.78252,0.381,3.1,2.201659174404085,1.4445632692438664,1.324418957401803,2.584169914935452,0.32208349916911333
LTT 9779 b,LTT 9779,4.72,0.0,1978.0,0.01679,5443.0,-0.16749,1.02,2.0,3.411807560774171,0.9305880365749795,6.92233842610688,0.5833613319888717,0.6673164205254237
Lupus-TR-3 b,Lupus-TR-3,9.976,0.0,1076.6,0.0464,5000.0,-1.46393,0.87,3.8456,5.554628733752985,0.8754687373538999,5.406657260580885,1.5920984490573973,0.598836501088704
M62H b,M62H,2.839553935,0.1217999999999999,1466.0,0.102,5549.0,-0.07632,1.4,4.589499999999999,6.667002803190034,1.269760544863939,6.42854826091484,0.12481163530007564,0.668536814587228
MASCARA-4 b,MASCARA-4,16.98160576,0.0,2250.0,0.0474,7800.0,1.08743,1.75,0.8,6.279201458799815,0.3927175352856617,8.499983958364256,1.3413213672770903,1.0260415958332743
MOA-2008-BLG-310L b,MOA-2008-BLG-310L,5.18,0.29916,636.766,1.1,5549.0,-0.07632,0.21,6.677000000000001,3.1945831322991562,0.6549259677397475,3.535374102073791,2.4950335327117,0.668536814587228
MOA-2008-BLG-379L b,MOA-2008-BLG-379L,13.0,0.491373,55.9,2.7000000000000006,5549.0,-0.07632,0.56,6.938,7.170888478512505,1.4469189829363254,0.03828456146044015,2.4950335327117,0.668536814587228
MOA-2009-BLG-266L b,MOA-2009-BLG-266L,3.21,0.1296,61.4,3.2000000000000006,5549.0,-0.07632,0.56,7.903,2.4336133554004498,1.0043016091968684,0.018183006757796265,7.937731775260109,0.668536814587228
MOA-2009-BLG-319L b,MOA-2009-BLG-319L,9.64,0.2223,530.4,2.03,5549.0,-0.07632,0.524,5.2363,4.223909766576744,0.3457151037023904,3.0045672479417798,2.4950335327117,0.668536814587228
MOA-2009-BLG-387L b,MOA-2009-BLG-387L,13.2,0.2847,69.39,1.8000000000000005,5549.0,-0.07632,0.19,5.822,6.7226297948554485,1.091923300517313,0.015337601962999188,7.591357046698551,0.668536814587228
MOA-2010-BLG-073L b,MOA-2010-BLG-073L,12.4,0.3965679,647.5,1.21,5549.0,-0.07632,0.16,5.776000000000001,8.160803920954665,2.4069451083182885,3.4325489937269347,2.4950335327117,0.668536814587228
MOA-2010-BLG-117L b,MOA-2010-BLG-117L,14.2,0.34987,658.866,2.4200000000000004,5549.0,-0.07632,0.58,3.9403,5.14166355650266,0.28216689176367077,3.742571115747934,2.4950335327117,0.668536814587228
MOA-2010-BLG-328L b,MOA-2010-BLG-328L,2.99,0.1045,414.94,0.9200000000000002,5549.0,-0.07632,0.11,7.244,2.322387720290225,1.0612565021243408,1.8819922730486407,2.4950335327117,0.668536814587228
MOA-2010-BLG-353L b,MOA-2010-BLG-353L,11.1,0.1445479999999999,375.87,1.72,5549.0,-0.07632,0.18,6.4047,4.465908118654584,0.29713723122253605,1.6283300202420876,2.4950335327117,0.668536814587228
MOA-2010-BLG-477L b,MOA-2010-BLG-477L,13.6,0.29946,664.366,2.0,5950.0,-0.07632,0.67,2.3111,6.175867270105761,0.7178397931503169,3.707591274511389,2.4950335327117,0.668536814587228
MOA-2011-BLG-028L b,MOA-2011-BLG-028L,5.99,0.157,700.51,4.14,5549.0,-0.07632,0.75,8.201699999999999,3.4339872044851463,0.5692831933375594,3.977757172833222,2.4950335327117,0.668536814587228
MOA-2011-BLG-262L b,MOA-2011-BLG-262L,4.29,0.2319,443.29,0.95,5549.0,-0.07632,0.11,6.953,2.8903717578961645,0.7793248768009976,2.480846111061738,2.4950335327117,0.668536814587228
MOA-2011-BLG-291L b,MOA-2011-BLG-291L,4.43,0.3353,545.484,0.69,5549.0,-0.07632,0.15,6.234,2.9444389791664403,0.76080582903376,3.006957534422231,2.4950335327117,0.668536814587228
MOA-2011-BLG-293L b,MOA-2011-BLG-293L,12.9,0.26143,589.4110000000001,1.1,5549.0,-0.07632,0.86,8.086,7.313886831633462,1.5769147207285403,3.120563913824862,8.006700845440367,0.668536814587228
MOA-2011-BLG-322L b,MOA-2011-BLG-322L,12.4,0.4346279,665.92,4.3,5549.0,-0.07632,0.39,5.569000000000001,8.213652703029998,2.451005098112319,3.7178469200475908,2.4950335327117,0.668536814587228
MOA-2012-BLG-505L b,MOA-2012-BLG-505L,2.48,0.0893,362.28,0.9,5549.0,-0.07632,0.1,7.337999999999999,2.0412203288596382,1.2267122912954256,1.4979763202802636,2.4950335327117,0.668536814587228
MOA-2013-BLG-220L b,MOA-2013-BLG-220L,13.2,0.3702499999999999,639.566,3.03,5549.0,-0.07632,0.8800000000000001,7.1240000000000006,6.77078942390898,1.1249295969854831,3.721922265630684,2.4950335327117,0.668536814587228
MOA-2016-BLG-227L b,MOA-2016-BLG-227L,13.2,0.4865,662.33,1.3899999999999997,5549.0,-0.07632,0.2899999999999999,5.953,6.792344427470809,1.1410330045520618,3.7715290520095186,2.4950335327117,0.668536814587228
MOA-2016-BLG-319L b,MOA-2016-BLG-319L,14.1,0.37271,585.46,0.95,5549.0,-0.07632,0.15,4.186,5.303304908059076,0.3307415619122279,3.762377581483417,2.4950335327117,0.668536814587228
MOA-2016-BLG-526L b,MOA-2016-BLG-526L,3.97,0.1626,329.92,2.07,5549.0,-0.07632,0.37,7.9017,2.768702124820454,0.8372475245337022,1.2697945292713007,2.4950335327117,0.668536814587228
MOA-2020-BLG-135L b,MOA-2020-BLG-135L,3.37,0.0968,440.205,1.11,5549.0,-0.07632,0.23,7.231,2.509599262378372,0.9631743177730056,1.9741132471384855,2.4950335327117,0.668536814587228
MOA-2020-BLG-208L b,MOA-2020-BLG-208L,7.71,0.2719999999999999,545.392,2.74,5549.0,-0.07632,0.4299999999999999,6.2163,3.8501476017100584,0.43954442176102704,2.862475130526531,2.4950335327117,0.668536814587228
MOA-2022-BLG-033L b,MOA-2022-BLG-033L,3.52,0.1347,443.3440000000001,2.1500000000000004,5549.0,-0.07632,0.51,8.281,2.5764217586237734,0.9282193027394289,2.4811788900710052,2.4950335327117,0.668536814587228
MOA-2022-BLG-091L b,MOA-2022-BLG-091L,13.0,0.3045,663.01,3.44,5549.0,-0.07632,0.75,6.5483,7.040539876313207,1.3480731482996928,3.7700443171980154,2.4950335327117,0.668536814587228
MOA-2022-BLG-249L b,MOA-2022-BLG-249L,2.04,0.1456,320.38,1.63,5549.0,-0.07632,0.18,7.845000000000001,1.763017000362401,1.4182774069729414,1.2014294586691365,2.4950335327117,0.668536814587228
MOA-2022-BLG-563L b,MOA-2022-BLG-563L,14.0,0.34527,670.11,2.1500000000000004,5549.0,-0.07632,0.48,3.8443,4.853056009537661,0.22713557258374723,3.728389138224023,2.4950335327117,0.668536814587228
NGC 2682 Sand 1429 b,NGC 2682 Sand 1429,13.4,0.0,683.0,0.384,6000.0,0.73989,1.26,4.3,6.351044748745614,0.8372475245337022,3.6510637963983337,4.362843815257108,1.1410330045520618
NGC 2682 YBP 1194 b,NGC 2682 YBP 1194,12.3,0.3,1044.302,0.102,5780.0,-0.01121,1.01,4.15,4.631866643198659,0.26236426446749106,5.173538651112639,2.074303363823712,0.688134638736401
NGC 2682 YBP 1514 b,NGC 2682 YBP 1514,14.0,0.28,1213.6,0.102,5725.0,-0.01797,0.96,4.15,4.853060982546624,0.22713557258374723,5.648656583209798,1.8112352457287118,0.636576829071551
NGC 2682 YBP 401 b,NGC 2682 YBP 401,14.3,0.15,1281.176,0.102,6165.0,0.28942,1.14,3.560999999999999,4.991804434480881,0.24294617861038947,6.0484741803711355,1.6266882658406279,0.7956229894491814
NGTS-1 b,NGTS-1,14.90797,0.016,790.0,0.0326,3916.0,-1.15326,0.617,6.910000000000001,5.557129020267968,0.3506568716131693,4.194189897191817,1.2939866194837204,0.4529846240761407
NGTS-10 b,NGTS-10,13.506845,0.0,1332.0,0.0143,4600.0,-0.75673,0.6959999999999998,10.4,6.534004599538855,0.8878912573524571,6.263419698327288,0.5692234292427231,0.5288619862520892
NGTS-11 b,NGTS-11,9.157753,0.13,435.0,0.201,5050.0,-0.39518,0.862,3.9,4.7035077785504225,0.5766133643039938,2.3264969130403585,3.5960876754736284,0.6054082662519384
NGTS-12 b,NGTS-12,11.747032,0.0,1257.0,0.0757,5690.0,0.33843,1.021,9.4,4.206312798728626,0.20130685670503531,6.0330862217988015,2.1439182640329015,0.9512717007694006
NGTS-13 b,NGTS-13,12.800678,0.086,1605.0,0.0548999999999999,5819.0,0.5172,1.3,4.23,7.3390812276057344,1.6134299337036377,7.00033446027523,1.6329643819292057,1.0253244928982774
NGTS-14 A b,NGTS-14 A,4.976796,0.0,1143.0,0.0403,5187.0,-0.31088,0.8980000000000001,5.9,3.409177456002376,0.8733832308628786,5.261560016822186,1.5119832408500957,0.6108519378331151
NGTS-15 b,NGTS-15,12.32987877,0.0,1146.0,0.0441,5600.0,-0.08571,0.995,3.28,5.479342807329743,0.5538851132264376,6.054439346269371,1.4530717803037094,0.669878553620591
NGTS-16 b,NGTS-16,14.57167491,0.0,1177.0,0.0523,5550.0,0.11732,1.002,10.29,5.3612524816825875,0.32208349916911333,6.175867270105761,1.765641341072996,0.7943490610689127
NGTS-17 b,NGTS-17,13.89913607,0.0,1457.0,0.0391,5650.0,0.2412,1.025,9.22,5.496433951476874,0.4054651081081644,7.057036981697891,1.4451597894035408,0.848868055556721
NGTS-18 b,NGTS-18,13.56286665,0.0,1381.0,0.0448,5610.0,0.2703,1.003,10.84,4.875134866746971,0.2468600779315258,6.740519359606223,1.39902547547362,0.8721298360883852
NGTS-2 b,NGTS-2,17.878355,0.0,1468.0,0.063,6478.0,0.63077,1.6399999999999997,2.17,5.464654348000298,0.20375683751401966,6.99057873218125,1.7067758531228072,0.9939922395380071
NGTS-20 b,NGTS-20,11.99360935,0.432,688.0,0.313,5980.0,0.64503,1.4700000000000002,4.1,6.854490202815216,1.3912819026309298,2.049562063027107,4.010766375991985,1.0224509277025458
NGTS-21 b,NGTS-21,14.90794433,0.0,1357.0,0.0236,4660.0,-0.53854,0.7199999999999999,10.02,6.621505567571319,0.8109302162163288,6.244720727855666,0.9334977188990538,0.6205764877251099
NGTS-23 b,NGTS-23,14.20177855,0.0,1327.0,0.0504,6057.0,0.2833,1.01,6.39,5.277240877032792,0.3177261938001576,6.218066820355341,1.624608770807021,0.8064758658669486
NGTS-24 b,NGTS-24,13.60770257,0.0,1499.0,0.0479,5820.0,0.44592,1.26,4.77,5.113617613926826,0.3074846997479606,5.973376948309326,1.496913933663926,0.9707789171582246
NGTS-25 b,NGTS-25,11.46678726,0.0,1101.0,0.0388,5321.0,-0.29158,0.91,3.49,5.318572597629159,0.5538851132264376,5.793705741133595,1.3410597808635927,0.6205764877251099
NGTS-26 b,NGTS-26,14.88552637,0.0,1331.0,0.049,5550.0,0.10106,0.96,11.5,4.541227698813648,0.14236724128692196,6.261491684321042,1.7083647986094976,0.7701082216960736
NGTS-27 b,NGTS-27,15.64773706,0.0,1783.0,0.0446,5700.0,0.51375,1.07,7.9,5.244242551262816,0.23586232372198446,7.427144133408616,1.4748586795881407,1.0188473201992472
NGTS-3 A b,NGTS-3 A,16.58932,0.05486,1434.44,0.023,5600.0,-0.144,1.017,3.3201,6.629938253218881,0.2700271372130601,6.909321951110218,0.9840887351236234,0.6575200029167942
NGTS-30 b,NGTS-30,10.40193409,0.294,500.0,0.408,5455.0,-0.18738,0.94,1.1,5.723961732717456,0.9122827104766162,5.1582331222391895,4.598129256718653,0.6486726904581158
NGTS-31 b,NGTS-31,18.04645893,0.0,1410.0,0.064,5710.0,0.443,0.96,9.97,5.877645626007046,0.26236426446749106,6.467698726104354,1.6414662841364327,0.9932517730102834
NGTS-32 b,NGTS-32,15.91675259,0.0,1750.0,0.044,5680.0,0.47092,1.07,8.03,5.2048974550054385,0.2151113796169455,7.349230824613334,1.461427343485398,1.0473189942805592
NGTS-33 b,NGTS-33,18.38272835,0.0,1991.0,0.048,7437.0,0.77159,1.6000000000000003,0.03,7.051610672966753,0.173953307123438,7.8713112033234065,1.3423351590394006,0.9042181506398859
NGTS-34 b,NGTS-34,3.65,0.0891,624.0,0.257,6134.0,0.37658,1.266,2.7,3.0007198150650303,1.1505720275988207,3.6224116757283986,3.787061642115259,0.8616233305318468
NGTS-35 b,NGTS-35,10.9,0.192,451.0,0.16,4717.0,-0.59688,0.7889999999999999,1.5,5.030437921392435,0.49774038421733524,2.3835842661854936,3.2673303898733894,0.5613286059390974
NGTS-4 b,NGTS-4,3.18,0.0,1650.0,0.019,5143.0,-0.3533,0.75,6.879,3.0726933146901194,1.4929040961781488,6.788953837426461,0.8490181512665502,0.6097655716208943
NGTS-5 b,NGTS-5,12.733424,0.0,952.0,0.0382,4987.0,-0.51087,0.661,4.909999999999999,4.301129301495314,0.17730901497041035,4.627450134345807,1.4717806716199031,0.553310235372146
NGTS-6 b,NGTS-6,14.863134,0.0,1283.9,0.01677,4730.0,-0.59176,0.7670000000000001,9.77,6.05578672453244,0.5370779949100564,6.892057308046188,0.6323663902998539,0.5618988939499913
NGTS-8 b,NGTS-8,12.21781,0.01,1345.0,0.035,5241.0,-0.20993,0.89,12.48,5.692323402892307,0.636576829071551,6.222576268071369,1.2526772505359745,0.6830968447064438
NGTS-9 b,NGTS-9,11.99363,0.06,1448.0,0.058,6330.0,0.38944,1.34,0.96,6.827311740986859,1.3686394258811698,6.593044534142437,1.6929091973521406,0.8671004876833832
OGLE-2003-BLG-235L b,OGLE-2003-BLG-235L,13.2,0.3537099999999999,64.65,4.3,5549.0,-0.07632,0.63,6.2780000000000005,6.7226297948554485,1.091923300517313,0.04851156725546708,2.4950335327117,0.668536814587228
OGLE-2005-BLG-071L b,OGLE-2005-BLG-071L,13.0,0.455473,55.0,3.6000000000000005,5549.0,-0.07632,0.4600000000000001,6.938,7.0909098220799835,1.3862943611198906,0.03828456146044015,2.4950335327117,0.668536814587228
OGLE-2005-BLG-169L b,OGLE-2005-BLG-169L,3.84,0.1288,347.6,3.5000000000000004,5549.0,-0.07632,0.69,9.070000000000002,2.714694743820879,0.8628899551470399,1.4344806197508795,2.4950335327117,0.668536814587228
OGLE-2005-BLG-390L b,OGLE-2005-BLG-390L,2.21,0.2141,50.0,2.6000000000000005,5549.0,-0.07632,0.22,7.909999999999999,1.8718021769015913,1.33500106673234,0.016676002397831572,8.097426298597213,0.668536814587228
OGLE-2006-BLG-109L b,OGLE-2006-BLG-109L,14.0,0.1386121,82.0,2.3,5549.0,-0.07632,0.51,6.428400000000001,5.44673737166631,0.3804891220379872,0.01715799255624745,7.4896915302060805,0.668536814587228
OGLE-2006-BLG-109L c,OGLE-2006-BLG-109L,11.1,0.15,59.0,4.5,5549.0,-0.07632,0.51,6.2014000000000005,4.465908118654584,0.29713723122253605,0.018183006757796265,8.502789961105494,0.668536814587228
OGLE-2006-BLG-284L A b,OGLE-2006-BLG-284L A,14.3,0.37571,652.72,2.17,5549.0,-0.07632,0.35,3.965,4.976733742420574,0.23980399220731702,3.582450661280781,2.4950335327117,0.668536814587228
OGLE-2007-BLG-349L AB c,OGLE-2007-BLG-349L A,10.7,0.1873999999999999,67.4,2.59,5549.0,-0.07632,0.41,5.9277,4.394449154672439,0.30674913516900665,0.016676002397831572,7.846980982138788,0.668536814587228
OGLE-2007-BLG-368L b,OGLE-2007-BLG-368L,4.72,0.1914,608.4100000000001,2.8,5549.0,-0.07632,0.64,8.701699999999999,3.044522437723423,0.7178397931503169,3.5790201461663913,2.4950335327117,0.668536814587228
OGLE-2008-BLG-355L b,OGLE-2008-BLG-355L,12.9,0.28373,672.7900000000001,1.7000000000000002,5549.0,-0.07632,0.37,6.965999999999999,7.313886831633462,1.5769147207285403,3.7468173664635414,2.4950335327117,0.668536814587228
OGLE-2011-BLG-0251L b,OGLE-2011-BLG-0251L,14.2,0.2358,583.392,2.72,5549.0,-0.07632,0.26,3.928,5.14166355650266,0.28216689176367077,3.7369601103243433,2.4950335327117,0.668536814587228
OGLE-2011-BLG-0265L b,OGLE-2011-BLG-0265L,13.9,0.24566,61.42999999999999,1.89,5549.0,-0.07632,0.211,6.794999999999999,5.638354669333745,0.4529846240761407,0.04756495368513915,2.4950335327117,0.668536814587228
OGLE-2012-BLG-0026L b,OGLE-2012-BLG-0026L,7.72,0.2394999999999999,664.792,4.0,5549.0,-0.07632,1.06,5.0,3.8522730010223722,0.4388998841944018,3.8639988923228215,2.4950335327117,0.668536814587228
OGLE-2012-BLG-0406L b,OGLE-2012-BLG-0406L,13.2,0.4218,61.24,3.45,5549.0,-0.07632,0.44,6.7780000000000005,6.767343125265392,1.1216775615991057,0.04851156725546708,2.4950335327117,0.668536814587228
OGLE-2012-BLG-0563L b,OGLE-2012-BLG-0563L,13.6,0.188202,646.1,0.74,5549.0,-0.07632,0.3399999999999999,5.4647,4.795790545596741,0.23269776411902143,3.5265514394025117,2.4950335327117,0.668536814587228
OGLE-2012-BLG-0724L b,OGLE-2012-BLG-0724L,14.3,0.2592,652.72,1.6000000000000003,5549.0,-0.07632,0.2899999999999999,4.334,5.017279836814924,0.24842135849847827,3.582450661280781,2.4950335327117,0.668536814587228
OGLE-2012-BLG-0838L b,OGLE-2012-BLG-0838L,8.39,0.2061,156.44000000000003,4.43,5549.0,-0.07632,0.4,6.892,3.9908341858524357,0.4014570867106256,0.11394186980072665,2.4950335327117,0.668536814587228
OGLE-2012-BLG-0950L b,OGLE-2012-BLG-0950L,6.56,0.2693,571.6,2.6000000000000005,5549.0,-0.07632,0.57,6.3163,3.58351893845611,0.5193888544264786,3.476499413350757,2.4950335327117,0.668536814587228
OGLE-2013-BLG-0102L b,OGLE-2013-BLG-0102L,12.3,0.4158200000000001,644.966,0.8,5549.0,-0.07632,0.096,4.0314000000000005,8.31898612539206,2.5726122302071057,3.3811417437154163,2.4950335327117,0.668536814587228
OGLE-2013-BLG-0132L b,OGLE-2013-BLG-0132L,11.6,0.2561,668.71,3.6000000000000005,5549.0,-0.07632,0.54,5.3763,4.532599493153256,0.28065745751481647,3.813580048428663,2.4950335327117,0.668536814587228
OGLE-2013-BLG-0341L B b,OGLE-2013-BLG-0341L B,1.16,0.1731999999999999,467.7,0.702,5549.0,-0.07632,0.1127,8.145500000000002,0.9783261227936075,1.922787731634459,2.4130012774197436,2.4950335327117,0.668536814587228
OGLE-2013-BLG-0911L b,OGLE-2013-BLG-0911L,12.5,0.29722,666.466,0.39,5549.0,-0.07632,0.2899999999999999,4.566,8.013343181386672,2.2512917986064953,3.6292597942529694,2.4950335327117,0.668536814587228
OGLE-2013-BLG-1721L b,OGLE-2013-BLG-1721L,14.1,0.24166,175.17000000000002,2.6000000000000005,5549.0,-0.07632,0.4600000000000001,4.519,5.303304908059076,0.3307415619122279,0.16492926017958473,2.4950335327117,0.668536814587228
OGLE-2013-BLG-1761L b,OGLE-2013-BLG-1761L,13.2,0.4690600000000001,288.03,1.8000000000000005,5549.0,-0.07632,0.33,5.978,6.7580945044277305,1.11514159061932,0.777648494798945,2.4950335327117,0.668536814587228
OGLE-2014-BLG-0124L b,OGLE-2014-BLG-0124L,14.1,0.31157,593.62,3.48,5549.0,-0.07632,0.9,6.497,5.335557583996455,0.3400373027857091,3.667196675962104,2.4950335327117,0.668536814587228
OGLE-2014-BLG-0221L b,OGLE-2014-BLG-0221L,12.9,0.3515,669.4100000000001,3.76,5549.0,-0.07632,0.69,7.084299999999999,7.232410519438673,1.5129270120532565,3.8202548554233404,2.4950335327117,0.668536814587228
OGLE-2014-BLG-0319L b,OGLE-2014-BLG-0319L,14.1,0.37121,644.966,3.49,5549.0,-0.07632,0.52,4.2403,5.2048974550054385,0.3038014543316642,3.553573486048807,2.4950335327117,0.668536814587228
OGLE-2014-BLG-0676L b,OGLE-2014-BLG-0676L,13.0,0.3742,700.21,4.530000000000001,5549.0,-0.07632,0.73,7.024299999999999,7.065279010321041,1.3686394258811698,3.7976684863186065,2.4950335327117,0.668536814587228
OGLE-2014-BLG-1722L b,OGLE-2014-BLG-1722L,8.59,0.3207,633.721,1.5,5549.0,-0.07632,0.4,6.2973,4.030694535145645,0.3913661837286627,3.3485820190544286,2.4950335327117,0.668536814587228
OGLE-2014-BLG-1722L c,OGLE-2014-BLG-1722L,11.0,0.1589479999999999,585.6,1.7000000000000002,5549.0,-0.07632,0.4,6.3237000000000005,4.439115601658009,0.29713723122253605,3.789733991478692,2.4950335327117,0.668536814587228
OGLE-2014-BLG-1760L b,OGLE-2014-BLG-1760L,14.2,0.37011,633.2520000000001,1.75,5549.0,-0.07632,0.51,4.2403,5.198497031265826,0.2963940130538024,3.3675040136556413,2.4950335327117,0.668536814587228
OGLE-2015-BLG-0051L b,OGLE-2015-BLG-0051L,14.0,0.2635820000000001,668.71,0.73,5549.0,-0.07632,0.1,5.35,5.442417710521793,0.37912113276856246,3.816793490395567,2.4950335327117,0.668536814587228
OGLE-2015-BLG-0954L b,OGLE-2015-BLG-0954L,13.1,0.388143,681.92,1.6000000000000003,5549.0,-0.07632,0.3,6.053,7.00397413672268,1.3056264580524357,3.762232434446267,2.4950335327117,0.668536814587228
OGLE-2015-BLG-0966L b,OGLE-2015-BLG-0966L,4.86,0.2269,355.2,2.7000000000000006,5549.0,-0.07632,0.38,7.389,3.091042453358316,0.6981347220709844,1.489161453652709,2.4950335327117,0.668536814587228
OGLE-2015-BLG-1609L b,OGLE-2015-BLG-1609L,10.4,0.135482,700.047,0.102,5549.0,-0.07632,0.1699999999999999,6.4917,4.347419890615386,0.316998126785834,3.861000838553634,2.4950335327117,0.668536814587228
OGLE-2015-BLG-1649L b,OGLE-2015-BLG-1649L,13.2,0.38461,192.48,2.07,5549.0,-0.07632,0.3399999999999999,5.978,6.694562058521095,1.0750024230289759,0.6057165770837635,2.4950335327117,0.668536814587228
OGLE-2015-BLG-1670L b,OGLE-2015-BLG-1670L,4.42,0.254,611.61,2.62,5549.0,-0.07632,0.55,7.754300000000001,2.9391619220655967,0.76080582903376,3.5322438756425543,2.4950335327117,0.668536814587228
OGLE-2016-BLG-1067L b,OGLE-2016-BLG-1067L,14.3,0.37571,652.72,1.7000000000000002,5549.0,-0.07632,0.3,3.965,4.948759890378168,0.23348984336835407,3.582450661280781,2.4950335327117,0.668536814587228
OGLE-2016-BLG-1093L b,OGLE-2016-BLG-1093L,14.0,0.3487699999999999,627.4,2.13,5549.0,-0.07632,0.4600000000000001,5.6103,5.423443018961046,0.37294191640260427,3.3297521544838915,2.4950335327117,0.668536814587228
OGLE-2016-BLG-1227L b,OGLE-2016-BLG-1227L,13.9,0.24706,61.84,3.4000000000000004,5549.0,-0.07632,0.1,6.688999999999998,5.5254529391317835,0.4134332777573413,0.04907195804510374,2.4950335327117,0.668536814587228
OGLE-2016-BLG-1598L b,OGLE-2016-BLG-1598L,13.6,0.24006,340.2,2.5,5549.0,-0.07632,0.55,4.471,4.80217339346659,0.2342812957246657,1.620606240112127,2.4950335327117,0.668536814587228
OGLE-2016-BLG-1800L b,OGLE-2016-BLG-1800L,13.2,0.38811,60.83,1.88,5549.0,-0.07632,0.41,6.7780000000000005,6.714383582612618,1.0885619528146082,0.047004562895502484,2.4950335327117,0.668536814587228
OGLE-2017-BLG-0173L b,OGLE-2017-BLG-0173L,1.62,0.0935,292.98,3.913,5549.0,-0.07632,0.396,9.521,1.451379607775825,1.6544112780768316,0.9857041690131283,2.4950335327117,0.668536814587228
OGLE-2017-BLG-0364L b,OGLE-2017-BLG-0364L,10.3,0.1743,424.614,3.79,5549.0,-0.07632,0.49,6.0837,4.341204640153626,0.3228078744271551,1.8970883355722101,2.4950335327117,0.668536814587228
OGLE-2017-BLG-0373L b,OGLE-2017-BLG-0373L,14.0,0.3515899999999999,670.11,2.4240000000000004,5549.0,-0.07632,0.248,4.148999999999999,4.852030263919617,0.22633844221072896,3.728389138224023,2.4950335327117,0.668536814587228
OGLE-2017-BLG-0406L b,OGLE-2017-BLG-0406L,14.2,0.3543699999999999,652.72,3.5000000000000004,5549.0,-0.07632,0.56,4.4603,4.875197323201151,0.22234323114344062,3.582450661280781,2.4950335327117,0.668536814587228
OGLE-2017-BLG-0482L b,OGLE-2017-BLG-0482L,2.95,0.076648,353.5,1.8000000000000005,5549.0,-0.07632,0.1999999999999999,7.890000000000001,2.302585092994046,1.0750024230289759,1.4331323868069685,2.4950335327117,0.668536814587228
OGLE-2017-BLG-0604L b,OGLE-2017-BLG-0604L,14.2,0.24889,695.4,4.06,5549.0,-0.07632,0.7,3.8333,5.081404364984463,0.2677344346420849,3.883116807816401,2.4950335327117,0.668536814587228
OGLE-2017-BLG-0640L b,OGLE-2017-BLG-0640L,13.5,0.2504,187.79,1.14,5549.0,-0.07632,0.32,5.917,6.245878094648458,0.7654678421395714,0.2289598602904453,2.4950335327117,0.668536814587228
OGLE-2017-BLG-1049L b,OGLE-2017-BLG-1049L,12.8,0.3005,619.4100000000001,3.92,5549.0,-0.07632,0.55,6.8583,7.473637108496206,1.724550719534605,3.3667164075221954,2.4950335327117,0.668536814587228
OGLE-2017-BLG-1099L b,OGLE-2017-BLG-1099L,13.1,0.4315829999999999,60.74,2.73,5549.0,-0.07632,0.45,6.878,6.867809763929008,1.208960345836975,0.04851156725546708,2.4950335327117,0.668536814587228
OGLE-2017-BLG-1140L b,OGLE-2017-BLG-1140L,13.5,0.2497999999999999,187.79,1.02,5549.0,-0.07632,0.211,5.917,6.226536669287466,0.7561219797213337,0.2289598602904453,2.4950335327117,0.668536814587228
OGLE-2017-BLG-1237L b,OGLE-2017-BLG-1237L,13.0,0.491373,55.5,2.53,5549.0,-0.07632,0.4600000000000001,6.938,7.09734034798633,1.3912819026309298,0.036777557100475484,2.4950335327117,0.668536814587228
OGLE-2017-BLG-1275L b,OGLE-2017-BLG-1275L,12.8,0.2987,619.11,2.09,5549.0,-0.07632,0.63,6.8583,7.536997125259398,1.776645831418007,3.3667164075221954,2.4950335327117,0.668536814587228
OGLE-2017-BLG-1375L b,OGLE-2017-BLG-1375L,12.4,0.3456678999999999,644.11,3.04,5549.0,-0.07632,0.81,7.813300000000001,8.184792654165078,2.424802725718295,3.4043901661680693,2.4950335327117,0.668536814587228
OGLE-2017-BLG-1434L b,OGLE-2017-BLG-1434L,1.94,0.1223,356.7,1.18,5549.0,-0.07632,0.234,7.775999999999999,1.691939133945844,1.4655675420143985,1.534655458287584,2.4950335327117,0.668536814587228
OGLE-2017-BLG-1691L b,OGLE-2017-BLG-1691L,3.92,0.1426,348.32,2.4100000000000006,5549.0,-0.07632,0.45,8.9227,2.7485589766545253,0.8458682675776092,1.4455559487094267,2.4950335327117,0.668536814587228
OGLE-2017-BLG-1806L b,OGLE-2017-BLG-1806L,2.15,0.1456,314.63,1.75,5549.0,-0.07632,0.38,7.845000000000001,1.8357763546448291,1.3635373739972745,1.1174639119738956,2.4950335327117,0.668536814587228
OGLE-2018-BLG-0298L b,OGLE-2018-BLG-0298L,7.56,0.2996,633.001,2.86,5549.0,-0.07632,0.69,5.8373,3.817623904025823,0.4485245975686113,3.334523494553269,2.4950335327117,0.668536814587228
OGLE-2018-BLG-0383L b,OGLE-2018-BLG-0383L,2.41,0.067248,326.797,1.8000000000000005,5549.0,-0.07632,0.1,7.539,2.0014800002101243,1.2556160374777745,1.3015894816521585,2.4950335327117,0.668536814587228
OGLE-2018-BLG-0506L b,OGLE-2018-BLG-0506L,4.18,0.242,663.6,3.0,5549.0,-0.07632,0.63,8.130300000000002,2.8507065015037334,0.8020015854720274,3.7738047305788975,2.4950335327117,0.668536814587228
OGLE-2018-BLG-0516L b,OGLE-2018-BLG-0516L,4.73,0.2304,355.2,2.2,5549.0,-0.07632,0.4699999999999999,8.189,3.0492730404820207,0.712949807856125,1.489161453652709,2.4950335327117,0.668536814587228
OGLE-2018-BLG-0532L b,OGLE-2018-BLG-0532L,2.37,0.1468999999999999,366.9,1.064,5549.0,-0.07632,0.195,7.775999999999999,1.977962372729982,1.2725655957915476,1.6407278510891523,2.4950335327117,0.668536814587228
OGLE-2018-BLG-0567L b,OGLE-2018-BLG-0567L,12.3,0.17786,129.01000000000002,2.72,5549.0,-0.07632,0.25,6.419700000000001,4.631861679873728,0.26236426446749106,0.11394186980072665,2.4950335327117,0.668536814587228
OGLE-2018-BLG-0596L b,OGLE-2018-BLG-0596L,3.81,0.1186,416.986,0.97,5549.0,-0.07632,0.231,7.624,2.703372611551099,0.8671004876833832,1.8992607239073405,2.4950335327117,0.668536814587228
OGLE-2018-BLG-0677L b,OGLE-2018-BLG-0677L,1.82,0.1636999999999999,437.8440000000001,0.63,5549.0,-0.07632,0.12,8.518,1.601405740736836,1.5282278570085572,1.9901418965311681,2.4950335327117,0.668536814587228
OGLE-2018-BLG-0799L b,OGLE-2018-BLG-0799L,10.9,0.2105999999999999,421.91,1.2800000000000002,5549.0,-0.07632,0.0929999999999999,5.608,4.4264667058937635,0.3008450589780618,1.978616114170648,2.4950335327117,0.668536814587228
OGLE-2018-BLG-0932L b,OGLE-2018-BLG-0932L,13.9,0.25416,551.8399999999999,1.75,5549.0,-0.07632,0.7199999999999999,6.9893,5.648506812843462,0.45679173527350503,2.939594105245385,2.4950335327117,0.668536814587228
OGLE-2018-BLG-0962L b,OGLE-2018-BLG-0962L,13.6,0.25898,62.24,3.59,5549.0,-0.07632,0.54,7.086,6.056526521954128,0.6575200029167942,0.04851156725546708,2.4950335327117,0.668536814587228
OGLE-2018-BLG-0977L b,OGLE-2018-BLG-0977L,2.41,0.1407,341.42,2.0,5549.0,-0.07632,0.4699999999999999,8.757000000000001,2.0014800002101243,1.2556160374777745,1.442912977649891,2.4950335327117,0.668536814587228
OGLE-2018-BLG-1011L b,OGLE-2018-BLG-1011L,13.5,0.2895479999999999,479.0100000000001,1.8000000000000005,5549.0,-0.07632,0.18,6.486,6.3473892096560105,0.8197798314933114,2.8048884003931,2.4950335327117,0.668536814587228
OGLE-2018-BLG-1011L c,OGLE-2018-BLG-1011L,13.2,0.4640599999999999,419.04,0.8,5549.0,-0.07632,0.18,5.5840000000000005,6.792344427470809,1.1410330045520618,2.7000758257345607,2.4950335327117,0.668536814587228
OGLE-2018-BLG-1119L b,OGLE-2018-BLG-1119L,13.9,0.19206,61.84,4.06,5549.0,-0.07632,0.48,5.7272,5.670652523048195,0.46499108742219125,0.05033195784871537,2.4950335327117,0.668536814587228
OGLE-2018-BLG-1126L b,OGLE-2018-BLG-1126L,4.41,0.2076,352.6,3.23,5549.0,-0.07632,0.69,8.189,2.9337712698957374,0.76080582903376,1.519213049743292,2.4950335327117,0.668536814587228
OGLE-2018-BLG-1185L b,OGLE-2018-BLG-1185L,2.83,0.1031,349.6,1.54,5549.0,-0.07632,0.37,7.890000000000001,2.2407096892759584,1.1118575154181303,1.4153615654293523,2.4950335327117,0.668536814587228
OGLE-2018-BLG-1212L b,OGLE-2018-BLG-1212L,9.32,0.204648,573.8,1.68,5549.0,-0.07632,0.16,6.271,4.167683021948493,0.3583735005743138,3.538349641063548,2.4950335327117,0.668536814587228
OGLE-2018-BLG-1269L b,OGLE-2018-BLG-1269L,14.1,0.2468,627.5319999999999,4.51,5549.0,-0.07632,1.11,4.068899999999999,5.351858133476067,0.3450071390710503,3.5383657336131074,2.4950335327117,0.668536814587228
OGLE-2018-BLG-1367L b,OGLE-2018-BLG-1367L,13.8,0.18196,314.86,1.21,5549.0,-0.07632,0.28,5.2942,5.713524819030195,0.4891933236388768,1.346037237850768,2.4950335327117,0.668536814587228
OGLE-2018-BLG-1428L b,OGLE-2018-BLG-1428L,14.0,0.18666,176.11,3.3,5549.0,-0.07632,0.4299999999999999,5.6107,5.484796933490655,0.3927175352856617,0.1650943164265441,2.4950335327117,0.668536814587228
OGLE-2018-BLG-1647L b,OGLE-2018-BLG-1647L,13.8,0.18196,334.52,1.36,5549.0,-0.07632,0.092,5.8732,5.734290841420239,0.49774038421733524,1.5205762568879515,2.4950335327117,0.668536814587228
OGLE-2018-BLG-1700L b,OGLE-2018-BLG-1700L,12.9,0.562663,196.23,2.8,5549.0,-0.07632,0.4199999999999999,6.938,7.244941546337007,1.5216989981260935,0.20786297702972223,2.4950335327117,0.668536814587228
OGLE-2019-BLG-0249L b,OGLE-2019-BLG-0249L,12.7,0.29754,649.392,1.84,5549.0,-0.07632,0.91,7.114,7.724861167679121,1.9558604799084813,3.648960192238943,2.4950335327117,0.668536814587228
OGLE-2019-BLG-0299L b,OGLE-2019-BLG-0299L,12.7,0.481953,137.43,2.8,5549.0,-0.07632,0.5900000000000001,6.712000000000001,7.5897872597201195,1.840549633397487,0.09071178555239784,2.4950335327117,0.668536814587228
OGLE-2019-BLG-0304L b,OGLE-2019-BLG-0304L,14.2,0.34431,643.966,1.23,5549.0,-0.07632,0.27,3.19,5.094317448296389,0.2707902047815628,3.548255579508408,2.4950335327117,0.668536814587228
OGLE-2019-BLG-0362L b,OGLE-2019-BLG-0362L,13.1,0.540983,358.28,2.18,5549.0,-0.07632,0.4199999999999999,6.878,6.944203505054061,1.2612978709452054,1.6843328604651462,2.4950335327117,0.668536814587228
OGLE-2019-BLG-0468L b,OGLE-2019-BLG-0468L,13.1,0.3595,659.01,3.29,5549.0,-0.07632,0.9200000000000002,7.784999999999999,6.994988780976015,1.297463147413275,3.779863172630977,2.4950335327117,0.668536814587228
OGLE-2019-BLG-0468L c,OGLE-2019-BLG-0468L,12.5,0.42268,719.6,2.77,5549.0,-0.07632,0.9200000000000002,6.590000000000001,8.08616603612751,2.316487998163037,3.835460389266305,2.4950335327117,0.668536814587228
OGLE-2019-BLG-0960L b,OGLE-2019-BLG-0960L,1.39,0.251,300.17999999999995,1.9,5549.0,-0.07632,0.5,9.3445,1.252762968495368,1.8115620965242347,1.0237891831616266,2.4950335327117,0.668536814587228
OGLE-2019-BLG-1053L b,OGLE-2019-BLG-1053L,1.38,0.2265,59.44,3.4000000000000004,5549.0,-0.07632,0.61,9.3445,1.247032293786383,1.8229350866965048,0.0412139831533562,2.4950335327117,0.668536814587228
OGLE-2019-BLG-1470L AB c,OGLE-2019-BLG-1470L A,13.3,0.2476,59.94,3.2000000000000006,5549.0,-0.07632,0.57,6.722,6.551398135111042,0.9669838461896731,0.04851156725546708,2.4950335327117,0.668536814587228
OGLE-2019-BLG-1492L b,OGLE-2019-BLG-1492L,6.79,0.2192999999999999,566.6,2.7000000000000006,5549.0,-0.07632,0.6800000000000002,6.3163,3.6402142821326553,0.501381164937991,3.482464113263221,2.4950335327117,0.668536814587228
OGLE-2023-BLG-0836L b,OGLE-2023-BLG-0836L,12.9,0.3515,633.4100000000001,3.7,5549.0,-0.07632,0.71,6.818299999999999,7.234705073953395,1.515127232962859,3.381174045106311,2.4950335327117,0.668536814587228
OGLE-TR-10 b,OGLE-TR-10,14.011,0.0,1702.0,0.0434,5950.0,0.188,1.14,3.1,5.288499326943995,0.33647223662121295,7.213420446279761,1.4112986324567025,0.7747271675523681
OGLE-TR-111 b,OGLE-TR-111,11.421971,0.0,1019.0,0.0473,5040.0,-0.33862,0.8200000000000001,8.8,5.1693412969527595,0.5007752879124893,5.393912121042559,1.612323006544723,0.6043159668533296
OGLE-TR-113 b,OGLE-TR-113,12.251,0.0,1342.0,0.02289,4790.0,-0.529,0.779,13.2,5.995080501657358,0.7884573603642702,6.271772056691215,0.8889093397536973,0.5732368838873878
OGLE-TR-182 b,OGLE-TR-182,12.666,0.0,1550.0,0.051,5924.0,0.24059,1.14,4.3,5.774536017473538,0.3435897043900769,6.653289688178336,1.6052491518126457,0.76080582903376
OGLE-TR-211 b,OGLE-TR-211,15.244,0.0,1686.0,0.051,6325.0,0.26657,1.33,2.6,5.794083158163028,0.3506568716131693,7.1273379257668905,1.5427081923726602,0.9707789171582246
OGLE-TR-56 b,OGLE-TR-56,15.278,0.0,2212.0,0.02383,6050.0,0.35,1.228,3.0,6.093050447861794,0.5187937934151676,8.266069751403446,0.7938604193351573,0.8599319982047708
OGLE2-TR-L9 b,OGLE2-TR-L9,18.046,0.09749,2034.0,0.0308,6933.0,0.51197,1.5200000000000002,1.0,7.266251064182805,0.8109302162163288,8.327572468404398,1.2486211171447217,0.9282193027394289
PH1 b,PH1,6.18,0.0702,481.0,0.6520000000000001,6407.0,0.66,1.528,2.0,5.135798437050262,1.269760544863939,3.052398337205955,4.93675191210489,1.0057657383017578
PH2 b,PH2,9.33708092,0.215,295.1,0.833,5734.0,-0.05849,0.966,4.1,4.478302070287072,0.4574248470388754,0.7884573603642702,5.647301784051148,0.6673164205254237
POTS-1 b,POTS-1,10.548,0.02853,1163.855,0.03734,4400.0,-1.0869,0.6950000000000001,7.444000000000001,6.600088162597273,1.4906543764441333,5.557380192712098,1.4256664089753444,0.46247536282494395
PSR B1257+12 c,PSR B1257+12,1.91,0.0186,519.1,0.36,5549.0,-0.07632,1.4,3.0,1.667706820558076,1.47932922708708,2.5873081929977224,4.212748146039382,0.668536814587228
PSR B1257+12 d,PSR B1257+12,1.8,0.0264,463.9,0.4600000000000001,5549.0,-0.07632,1.4,3.0,1.589235205116581,1.541159071680806,2.9423865863988206,4.597252927042943,0.668536814587228
PSR J2322-2650 b,PSR J2322-2650,13.9,0.0017,1801.0,0.0102,5549.0,-0.07632,1.4,2.47,5.535928030700058,1.0438040521731147,7.590135553346859,0.27987467161060664,0.668536814587228
Pr0201 b,Pr0201,14.2,0.0,1313.02,0.06,6174.0,0.24469,1.2400000000000002,0.976,5.151140148849461,0.2844267797311083,6.087737709191868,1.6912759306497327,0.7654678421395714
Pr0211 b,Pr0211,13.4,0.011,1369.519,0.03176,5300.0,-0.33603,0.9350000000000002,0.578,6.394460609630173,0.8586616190375187,5.971906817485471,1.146163590526332,0.6026752773958697
Qatar-1 b,Qatar-1,12.811887,0.0,1418.0,0.02332,5013.0,-0.43771,0.8379999999999999,1.19,6.02168337420364,0.7304429653036423,5.94889101954892,0.8837775401185954,0.5894519442211803
Qatar-10 b,Qatar-10,17.295487,0.0,1955.0,0.0286,6124.0,0.29951,1.156,3.2,5.459257290071765,0.22154226994723591,7.505206205220581,0.9727924190052065,0.8127064156175845
Qatar-2 b,Qatar-2,14.056,0.0,1344.0,0.02153,4645.0,-0.6832,0.7429999999999999,5.0,6.676623657820743,0.945072533299607,6.470688831437942,0.8489178917132532,0.5743636445699783
Qatar-3 b,Qatar-3,12.285064,0.0,1681.0,0.03783,6007.0,0.27875,1.145,0.31,7.223184294803463,1.6094379124341003,7.193685818395112,1.255023383260474,0.820660500858905
Qatar-4 b,Qatar-4,12.722215,0.0,1385.0,0.02803,5215.0,-0.31785,0.8960000000000001,0.17,7.570321079646175,1.8082887711792655,6.421622267806518,1.0315305897269003,0.6146449524049877
Qatar-5 b,Qatar-5,12.408363,0.0,1415.0,0.04127,5747.0,0.05614,1.128,0.53,7.225500104340895,1.599387576580599,6.507277712385012,1.3556371701202137,0.7304429653036423
Qatar-6 b,Qatar-6,11.903958,0.0,1006.0,0.0423,5052.0,-0.51428,0.822,1.02,5.362748569427209,0.5259112611840315,5.169924179279637,1.5054531167061795,0.5434864060055391
Qatar-7 b,Qatar-7,19.0553,0.0,2053.0,0.0352,6387.0,0.56348,1.4090000000000005,1.69,6.394460609630173,0.406797553341943,7.968074386872452,1.1092376391689969,0.9415685390584236
Qatar-8 b,Qatar-8,14.403565,0.0,1457.0,0.0474,5738.0,0.22789,1.029,8.3,4.778408363517725,0.19556678354397528,6.549862450866305,1.5507383115753226,0.8394096875381973
Qatar-9 b,Qatar-9,11.309881,0.0,1134.0,0.0234,4309.0,-0.82102,0.719,7.5,5.938110446506709,0.8878912573524571,5.3550237337858695,0.9324518349009194,0.5282725373697112
Ross 128 b,Ross 128,1.11,0.116,301.0,0.0496,3192.0,-2.44129,0.168,5.0,0.8754687373538999,1.891604804197771,0.8671004876833832,2.385620241922758,0.1795677685973336
Ross 176 b,Ross 176,1.84,0.25,682.0,0.0464,4041.0,-1.10891,0.577,3.0,1.7173950539391927,1.6154199841116479,3.616308761279101,1.792864491798999,0.4504384737508955
Ross 508 b,Ross 508,1.83,0.33,312.29,0.05366,3071.0,-2.44503,0.1773999999999999,6.072000000000001,1.6094379124341003,1.5238800240724537,1.0698574711290958,2.4655539212721855,0.19169416304061945
SWEEPS-11 b,SWEEPS-11,12.666,0.0130099999999999,1735.997,0.03,5549.0,-0.07632,1.1,5.2262200000000005,8.033924367221118,2.234306252240751,7.414946093136733,1.0281898243715637,0.8960880245566356
SWEEPS-4 b,SWEEPS-4,9.079,0.0613,1125.848,0.055,5549.0,-0.07632,1.2400000000000002,5.016399999999999,7.097300680865411,2.28949985344539,5.6273966492933205,1.6486586255873816,0.7793248768009976
TAP 26 b,TAP 26,13.5,0.18646,1010.737,0.0968,4620.0,-0.25,1.04,0.017,6.270227840224336,0.7793248768009976,5.0629695658008265,2.4672517145492794,0.7747271675523681
TCP J05074264+2447555 b,TCP J05074264+2447555,4.72,0.30776,883.5799999999999,0.94,5805.0,0.31745,0.586,10.052,3.044522437723423,0.7178397931503169,4.400874452807984,2.4950335327117,0.8857779147050504
TIC 139270665 b,TIC 139270665,7.22979255,0.105,703.0,0.163,5844.0,0.03222,1.035,3.4,4.9982560021333535,1.1410330045520618,3.720862499966987,3.2037215770965233,0.7011153502091222
TIC 139270665 c,TIC 139270665,12.9,0.566,200.0,2.0,5844.0,0.03222,1.035,3.4,7.34934715883017,1.6054298910365616,0.1906203596086497,6.918695219020472,0.7011153502091222
TIC 172900988 b,TIC 172900988 Aa,11.25,0.0271,567.38,0.90281,6050.0,0.67103,1.2383999999999995,3.1,6.849066282633458,1.534714366238164,3.293080606904639,5.305551139609915,0.8688636383017642
TIC 237913194 b,TIC 237913194,12.520453,0.575,974.0,0.1207,5788.0,0.07773,1.026,5.7,6.426853859945733,1.0462658082959004,4.4353967709315825,2.783087479412413,0.7362066700203923
TIC 257060897 b,TIC 257060897,17.26183028,0.039,1775.0,0.04922,5993.0,0.60531,1.187,5.6,5.310755738470334,0.1947440767925117,7.498623247344675,1.5390232571199398,1.051870026115978
TIC 279401253 b,TIC 279401253,11.2089807,0.448,488.9,0.369,5951.0,0.09691,1.13,1.2,7.576848682580021,2.1529243184396396,2.936918924549145,4.354141431184346,0.7227059828014898
TIC 279401253 c,TIC 279401253,12.6,0.254,540.1,0.591,5951.0,0.09691,1.13,1.2,7.843842294657842,2.0794415416798357,2.954332635847054,5.051777237427431,0.7227059828014898
TIC 365102760 b,TIC 365102760,6.21,0.406,1446.38,0.0622,4900.0,0.707,1.17,6.3,3.005682604407159,0.3625576070968879,6.589149858731642,1.6511274351829006,1.4182774069729414
TIC 434398831 b,TIC 434398831,3.51,0.04,1250.0,0.04641,5638.0,-0.14351,0.992,0.061,2.5726122302071057,0.9321640810304452,5.896132617130068,1.5444734872789545,0.6465795447436106
TIC 434398831 c,TIC 434398831,5.63,0.013,1050.0,0.06572,5638.0,-0.14351,0.992,0.061,3.332204510175204,0.6048622656923737,5.348553256465351,1.9755093110926536,0.6465795447436106
TIC 46432937 b,TIC 46432937,13.31626907,0.009,872.0,0.02065,3572.0,-1.3851,0.563,7.4,6.925645198217956,1.2149127443642704,4.514479764926142,0.8921805103611729,0.42520237379119624
TIC 4672985 b,TIC 4672985,11.5004142,0.018,517.2,0.33,5757.0,0.11394,1.01,7.71,8.306505222561423,2.747270914255491,3.038096918488777,4.249180721340452,0.7654678421395714
TIC 88785435 b,TIC 88785435,5.03,0.131,635.0,0.08432,3998.0,-0.69596,0.724,0.016,3.148453360571655,0.674473915294324,3.570252638301684,2.44311569639535,0.647626665258136
TOI-1011 b,TOI-1011,1.45,0.0,1364.0,0.102,5475.0,-0.1549,0.91,6.284999999999999,1.617406082083277,2.1138429683971682,6.357143582277135,1.2442980995114976,0.6523251860396903
TOI-1052 b,TOI-1052,2.87,0.18,1135.0,0.09103,6146.0,0.38373,1.204,2.3,2.884800712846709,1.5953389880545987,5.5093883366279774,2.31645870779325,0.8171331603409365
TOI-1052 c,TOI-1052,6.48,0.237,719.0,0.2263,6146.0,0.38373,1.204,2.3,3.563882963939251,0.5265021031509982,3.7062280924485496,3.605660875363003,0.8171331603409365
TOI-1054.01,TOI-1054,2.43432,0.0,853.0,0.102,6122.0,0.23193,1.14,3.339,2.0149030205422647,1.247032293786383,4.489442786064102,2.8038321181058925,0.7747271675523681
TOI-1062 b,TOI-1062,2.265,0.177,1077.0,0.052,5328.0,-0.27446,0.94,2.5,2.4114394979061275,1.766441661243765,5.4510384535657,1.6317784928714854,0.6097655716208943
TOI-1062 c,TOI-1062,3.1,0.14,859.0,0.08,5328.0,-0.27446,0.94,2.5,2.377692565480851,1.0296194171811583,4.564348191467836,2.194108616657962,0.6097655716208943
TOI-1064 b,TOI-1064,2.587,0.047,784.0,0.0615199999999999,4734.0,-0.62342,0.748,9.4,2.6741486494265287,1.6678237948483927,4.157319361383489,2.007390606220849,0.5458065926612362
TOI-1064 c,TOI-1064,2.651,0.088,634.0,0.09429,4734.0,-0.62342,0.748,9.4,1.252762968495368,0.5720558033717627,3.3250360206965914,2.582227987675633,0.5458065926612362
TOI-1075 b,TOI-1075,1.791,0.0,1323.0,0.01159,3875.0,-1.14436,0.604,6.0,2.3933394562625097,2.334083760053417,6.234802805707711,0.47295726297190843,0.45805755822733496
TOI-1107 b,TOI-1107,14.57167491,0.025,1728.0,0.0561,6311.0,0.67117,1.35,2.6,6.971410751081019,1.0612565021243408,6.278521424165844,1.624964488873256,1.0331844833456545
TOI-1117 b,TOI-1117,2.46,0.0,1538.0,0.033,5635.0,-0.4437,0.97,4.42,2.2925347571405443,1.4586150226995167,6.834108738813838,1.1719123154742537,0.7178397931503169
TOI-1117 c,TOI-1117,2.91,0.0,1210.0,0.0534,5635.0,-0.4437,0.97,4.42,2.280339484046726,1.085189268335969,5.87493073085203,1.719009548863391,0.7178397931503169
TOI-1117 d,TOI-1117,3.27,0.0,978.0,0.0817,5635.0,-0.4437,0.97,4.42,2.4604431776096263,0.9858167945227653,5.030437921392435,2.268511112660294,0.7178397931503169
TOI-1130 b,TOI-1130,3.66,0.052162,825.0,0.0453,4360.0,-0.85387,0.745,5.4,3.0349529867072724,1.172482137234565,4.370712874773608,1.6242386392926227,0.5288619862520892
TOI-1130 c,TOI-1130,13.0,0.0398,650.0,0.0731,4360.0,-0.85387,0.745,5.4,5.820082930352362,0.6026982656373852,3.4339872044851463,2.235396642559805,0.5288619862520892
TOI-1135 b,TOI-1135,9.34085,0.0,1074.28,0.082337403,5962.7,0.23096,1.1560389999999998,0.562,3.95928819789526,0.3435897043900769,5.544763296232015,2.200300763243224,0.7654678421395714
TOI-1136 b,TOI-1136,1.9,0.027,1216.0,0.05106,5770.0,-0.02687,1.022,0.7,1.5040773967762742,1.33500106673234,5.9985982716713995,1.6433947959122825,0.6770177986300616
TOI-1136 c,TOI-1136,2.879,0.11,1062.0,0.0669,5770.0,-0.02687,1.022,0.7,1.9906103279732201,0.8960880245566356,5.452719443343858,1.9820216379722526,0.6770177986300616
TOI-1136 d,TOI-1136,4.627,0.042,843.0,0.1062,5770.0,-0.02687,1.022,0.7,2.2353763433005955,1.0331844833456545,6.441523726501194,2.60416267413776,0.6770177986300616
TOI-1136 e,TOI-1136,2.639,0.0425,737.0,0.14,5770.0,-0.02687,1.022,0.7,1.9558604799084813,1.0331844833456545,3.901509936267473,2.9857324414756574,0.6770177986300616
TOI-1136 f,TOI-1136,3.73591482,0.001,658.0,0.174,5770.0,-0.02687,1.022,0.7,2.3702437414678603,0.636576829071551,3.3117393777566755,3.307655637253791,0.6770177986300616
TOI-1136 g,TOI-1136,2.53,0.04,574.0,0.2289999999999999,5770.0,-0.02687,1.022,0.7,1.8870696490323797,1.0647107369924282,3.2481158430304453,3.7024124683965205,0.6770177986300616
TOI-1173 b,TOI-1173,9.19,0.023,868.0,0.0696,5350.0,-0.16877,0.911,8.7,3.3463891451671604,0.178146185383474,4.890349128221754,2.087491553217969,0.6595903970311026
TOI-1174 b,TOI-1174,2.562,0.0,713.83,0.07994,5030.0,-0.4034,0.8500000000000001,2.7,3.4965075614664802,2.4849066497880004,3.9706692008608795,2.2979230106569237,0.5653138090500605
TOI-1180 b,TOI-1180,3.072,0.0,638.18,0.080799,4738.0,-0.57675,0.75,5.0,2.3978952727983707,1.0750024230289759,3.636796374243711,2.369005627470483,0.5481214085096876
TOI-1181 b,TOI-1181,17.02644168,0.011,1942.12,0.0364,6054.0,0.64246,1.467,2.7,5.928843364967349,0.3987761199573678,9.556833658307777,1.132430292409315,1.0855270491194542
TOI-1184 b,TOI-1184,2.39,0.0,715.47,0.056027,4534.0,-0.70115,0.71,5.3,2.0541237336955462,1.2892326482767593,4.06971028126374,1.9093104487763173,0.5247285289349821
TOI-1194 b,TOI-1194,8.71664516,0.0,1264.29,0.034,5394.0,-0.1512,0.9835,4.9,4.795790545596741,0.688134638736401,5.321472212014525,1.1971429136313925,0.6733525532317658
TOI-1199 b,TOI-1199,10.5140239,0.03,1486.0,0.04988,5710.0,0.30428,1.23,4.2,4.343298660614751,0.30601302913650436,5.784175890055362,1.541472298851317,0.8960880245566356
TOI-1201 b,TOI-1201,2.415,0.0,703.0,0.0287,3476.0,-1.46852,0.512,3.719,1.9851308622085946,1.2383742310432684,3.728100167267218,1.2504707147165097,0.4107842695857643
TOI-1203 b,TOI-1203,1.52,0.067,1361.2,0.04869,5737.0,0.12977,0.886,12.5,1.5062971535145868,1.8687205103641835,6.351234695954017,1.640411015052083,0.7788660559624828
TOI-1203 c,TOI-1203,2.2,0.092,919.2,0.102,5737.0,0.12977,0.886,12.5,1.8656293177945105,1.3402504226184837,4.797437997645362,2.644513844296838,0.7788660559624828
TOI-1203 e,TOI-1203,7.31,0.152,517.692,0.102,5737.0,0.12977,0.886,12.5,3.763522997109702,0.46499108742219125,3.451652826579406,5.325883894265842,0.7788660559624828
TOI-1203.01,TOI-1203,2.918,0.032,743.6,0.1632,5737.0,0.12977,0.886,12.5,2.127040520479115,0.9669838461896731,3.9512437185814275,3.277245558097834,0.7788660559624828
TOI-122 b,TOI-122,2.72,0.0,471.0,0.0392,3403.0,-1.85387,0.312,2.0,2.180417459019838,1.144222799920162,2.2823823856765264,1.804680630316576,0.288181947493432
TOI-1221 b,TOI-1221,2.91,0.21,440.0,0.387,5592.0,-0.01689,0.9300000000000002,10.0,7.015173158864057,1.269760544863939,1.9544450515051506,4.529182694798388,0.7085282825982476
TOI-1224 b,TOI-1224,2.104,0.2166,541.0,0.0354999999999999,3326.0,-1.6968,0.4,0.21,1.8050046959780757,1.3862943611198906,2.7033391213720908,1.6444718926704538,0.3393253056036194
TOI-1224 c,TOI-1224,2.884,0.0,303.12,0.102,3326.0,-1.6968,0.4,0.21,2.269028309465203,1.095273387402595,1.0970110073011359,2.9415646416871843,0.3393253056036194
TOI-1227 b,TOI-1227,9.57246952,0.2746909999999999,243.77,0.0886,3072.0,-2.60033,0.1699999999999999,0.011,4.212127597878484,0.3485419607085434,1.43746264769429,3.345119677762443,0.44468582126144574
TOI-1230.01,TOI-1230,3.23968384,0.01,688.61,0.102,5696.0,0.21468,1.14,4.706999999999999,2.451005098112319,0.9969486348916093,3.9915529662848828,3.260291482478239,0.7667739655331112
TOI-1231 b,TOI-1231,3.65,0.087,329.6,0.1288,3553.0,-1.48678,0.485,3.5510000000000006,2.797281334830153,1.007957920399979,1.0750024230289759,3.228651328558803,0.3893357261782807
TOI-1233.01,HD 108236,2.539,0.055,708.0,0.1074,5660.0,-0.14997,0.8690000000000001,6.7,2.0769384114617173,1.205970806988609,4.005139872588955,2.7196944759597304,0.6296747576043717
TOI-1235 b,TOI-1235,1.69,0.049,775.0,0.03845,3997.0,-1.05404,0.63,5.3,2.0399207835175526,2.1102132003465894,4.115779842942166,1.49171552493858,0.48180867469549804
TOI-1238 b,TOI-1238,1.21,0.25,1133.0,0.0139,4089.0,-1.08249,0.5900000000000001,0.8,1.5602476682433286,2.541601993464546,6.093569770045136,0.567922335702416,0.4574248470388754
TOI-1238 c,TOI-1238,2.11,0.15,695.0,0.037,4089.0,-1.08249,0.5900000000000001,0.8,2.2321626286975,1.7749523509116738,4.1588830833596715,1.4573900867251703,0.4574248470388754
TOI-1243 b,TOI-1243,2.33,0.05462,450.0,0.102,3515.0,-1.44551,0.515,4.798000000000001,2.1633230256605382,1.4586150226995167,2.9050633066391547,1.7333316441441147,0.41277168329060254
TOI-1244 b,TOI-1244,2.467,0.0,714.86,0.060694,4599.0,-0.62893,0.73,5.9,2.028148247292285,1.297463147413275,4.054043265448575,2.0015227672685736,0.5429055172294024
TOI-1246 b,TOI-1246,3.01,0.0397,955.0,0.049,5151.0,-0.30103,0.87,6.3,2.2082744135228043,0.9669838461896731,5.2832037287379885,1.669109609773956,0.6205764877251099
TOI-1246 c,TOI-1246,2.45109846,0.0,862.49,0.061,5213.0,-0.30103,0.8889000000000001,6.3,2.312535423847214,1.47932922708708,4.867534450455582,1.9321207971531913,0.6232074323552635
TOI-1246 d,TOI-1246,3.43139739,0.0,587.77,0.132,5213.0,-0.30103,0.8889000000000001,6.3,1.8562979903656263,0.5481214085096876,3.367295829986474,2.978325348270727,0.6232074323552635
TOI-1246 e,TOI-1246,3.5141875,0.0,463.98,0.212,5213.0,-0.30103,0.8889000000000001,6.3,2.740840023925201,1.0402767116551463,2.4849066497880004,3.661649049050582,0.6232074323552635
TOI-1248 b,TOI-1248,6.8084859,0.0,952.09,0.051,5205.0,-0.30016,0.9042,5.5,3.3463891451671604,0.3852624007906449,5.313569952204386,1.6789930977929688,0.6251894873767182
TOI-1249 b,TOI-1249,3.2710301,0.0,726.89,0.109,5497.0,-0.10127,1.0062,4.0,2.5572273113676265,1.0438040521731147,3.9041077623783322,2.6446950506164266,0.682338981843342
TOI-125 b,TOI-125,2.726,0.194,1037.0,0.05186,5320.0,-0.28483,0.8590000000000001,6.8,2.3513752571634776,1.2725655957915476,5.225746673713202,1.7323314228962148,0.6141039732194924
TOI-125 c,TOI-125,2.759,0.066,827.8,0.0814,5320.0,-0.28483,0.8590000000000001,6.8,2.0320878452963655,1.0043016091968684,4.364244464878084,2.317531831877243,0.6141039732194924
TOI-125 d,TOI-125,2.93,0.168,638.1,0.137,5320.0,-0.28483,0.8590000000000001,6.8,2.681021528714291,1.3812818192963463,3.3214324131932926,3.043569602968151,0.6141039732194924
TOI-1259 A b,TOI-1259 A,11.45557828,0.0,963.0,0.0407,4775.0,-0.58996,0.744,4.8,4.949910486982275,0.4140944348062189,5.037854143954849,1.4991716052569466,0.5370779949100564
TOI-1260 b,TOI-1260,2.41,0.0,871.0,0.0367,4227.0,-0.88941,0.679,6.7,2.25758772706331,1.4701758451005928,4.570371680445396,1.4176629325078844,0.5140205146625099
TOI-1260 c,TOI-1260,2.76,0.0,651.0,0.0657,4227.0,-0.88941,0.679,6.7,2.653241964607215,1.4929040961781488,3.4278393126085764,2.1392580723726873,0.5140205146625099
TOI-1260 d,TOI-1260,3.12,0.0,499.0,0.1116,4227.0,-0.88941,0.679,6.7,2.552565298261815,1.144222799920162,2.4265710727750367,2.868362658128991,0.5140205146625099
TOI-1266 b,TOI-1266,2.52,0.039,415.0,0.073,3563.0,-1.58021,0.437,4.6,1.6974487897568138,0.9321640810304452,1.7439688053917064,2.476076108403184,0.3529078573694884
TOI-1266 c,TOI-1266,1.98,0.071,346.0,0.105,3563.0,-1.58021,0.437,4.6,1.4279160358107101,1.1786549963416462,1.2296405510745139,2.985818292040178,0.3529078573694884
TOI-1266 d,TOI-1266,1.74,0.087,288.0,0.1513,3563.0,-1.58021,0.437,4.6,1.5432981099295553,1.5769147207285403,0.832909122935104,3.5118140594656855,0.3529078573694884
TOI-1268 b,TOI-1268,9.1,0.105,918.9,0.0711,5300.0,-0.28785,0.96,0.245,4.578826210648489,0.5364933705145685,4.522844541061877,2.2145960819122643,0.6523251860396903
TOI-1269 b,TOI-1269,2.40144286,0.0,1004.9,0.0496,5499.0,-0.21968,0.9027,3.1,2.0014800002101243,1.2612978709452054,5.447613711706116,1.658797685773994,0.6163201304466189
TOI-1272 b,TOI-1272,4.13204907,0.35,975.0,0.0417,5065.0,-0.42597,0.8772000000000001,1.1,3.332204510175204,1.128171090909654,4.800695850265629,1.4623267304330558,0.5841132595358101
TOI-1272 c,TOI-1272,4.95,0.12,697.0,0.079,5065.0,-0.42597,0.8772000000000001,1.1,3.122364924487357,0.6846108495376589,3.8260874534517115,2.2701755311959997,0.5841132595358101
TOI-1273 b,TOI-1273,11.09689089,0.055,1211.0,0.0548999999999999,5690.0,0.02938,1.06,3.1,4.270507000945887,0.2468600779315258,5.420592519741846,1.7283396110425902,0.7227059828014898
TOI-1279 b,TOI-1279,2.66146528,0.0,759.0,0.085,5457.0,-0.24336,0.8784,4.2,2.451005098112319,1.3987168811184478,4.327252288449675,2.362191785131107,0.6111776176926946
TOI-128.01,TOI-128,2.21898,0.0857999999999999,1344.51,0.05381019,6086.0,0.18874,0.851969,5.138,1.8809906029559977,1.33500106673234,5.211702274663455,1.78178793498343,0.7561219797213337
TOI-1288 b,TOI-1288,4.96846551,0.0,1203.44,0.0374,5388.0,-0.1549,0.9552,6.5,3.8088822465086327,1.0885619528146082,7.089585048201737,1.308286305054878,0.6720767499406537
TOI-1288 c,TOI-1288,11.1,0.0,368.8,1.07,5388.0,-0.1549,0.9552,6.5,4.462453883786496,0.2956502421009578,1.7091372698666958,6.0330862217988015,0.6720767499406537
TOI-1294 b,TOI-1294,10.12369881,0.0,1392.74,0.051,5718.0,0.36847,1.1578,6.2,4.1728476237100445,0.29266961396281993,5.744598069155976,1.5923511618039088,0.9386782507517843
TOI-1294 c,TOI-1294,14.3,0.0,615.21,0.61,5718.0,0.36847,1.1578,6.2,4.997212273764115,0.24373018492259815,3.3772922571888047,5.080783053998338,0.9386782507517843
TOI-1295 b,TOI-1295,15.69257298,0.024,2360.0,0.047,6280.0,0.58659,1.3799999999999997,2.0,6.114381797741654,0.5007752879124893,7.496097345175956,1.43434229752548,0.9932517730102834
TOI-1296 b,TOI-1296,14.11645916,0.0,1414.84,0.051,5567.0,0.40157,1.1576,7.1,4.56746831880408,0.173953307123438,6.984344676993439,1.5982502836434396,0.9943992625404257
TOI-1298 b,TOI-1298,9.65807033,0.0,1278.0,0.057,5752.0,0.32056,1.2187,4.3,4.605170185988092,0.4700036292457356,6.597156206606375,1.7114786637670454,0.8975563338179047
TOI-1301.01,TOI-1301,2.477,0.007,737.36,0.059866,4820.0,-0.59857,0.77,4.3950000000000005,2.0412203288596382,1.2296405510745139,4.297965447047447,1.9595886290710407,0.5492768101402434
TOI-132 b,TOI-132,3.42,0.059,1395.0,0.026,5397.0,-0.22185,0.97,6.34,3.152736022363656,1.4060969884160703,6.7580945044277305,1.1345268695070054,0.6418538861723948
TOI-1333 b,TOI-1333,15.647764,0.073,1679.0,0.0626,6274.0,0.71349,1.464,2.33,6.62573329131936,0.7323678937132266,7.015577761510883,1.7440070913720758,1.0732944806838198
TOI-1338 b,TOI-1338 A,7.661,0.0331,254.65,0.4607,5723.2,0.32898,1.0936,4.4,2.509599262378372,0.44468582126144574,0.6900423656064666,4.56850723896036,0.8385453832493022
TOI-1338 c,TOI-1338 A,10.3,0.037,379.82,0.7940000000000002,5723.2,0.32898,1.0936,4.4,4.335982696172475,0.3213585988111648,1.7033931730241405,5.378929143040425,0.8385453832493022
TOI-1346 b,TOI-1346,2.39,0.1677,1324.0,0.102,5099.0,-0.47288,0.8200000000000001,5.157000000000001,1.9878743481543455,1.264126727145683,6.151756686648267,1.0160469407003088,0.5766133643039938
TOI-1346 c,TOI-1346,2.23,0.0829999999999999,928.0,0.102,5099.0,-0.47288,0.8200000000000001,5.42,1.8870696490323797,1.3270750014599193,4.641158758320314,1.8721956379471796,0.5766133643039938
TOI-1347 b,TOI-1347,1.8,0.0,1400.0,0.0171,5464.0,-0.25964,0.913,1.4,2.4932054526026954,2.388762789235098,7.537500092736675,0.6137919440239654,0.6043159668533296
TOI-1347 c,TOI-1347,1.6,0.0,1000.0,0.0546,5464.0,-0.25964,0.913,1.4,2.0014800002101243,1.62924053973028,5.218539040589241,1.7650666993226891,0.6043159668533296
TOI-1386 b,TOI-1386,6.2163865,0.0,615.03,0.173,5735.0,0.0103,1.0363,3.2,3.845883202923601,0.712949807856125,3.5745903077118086,3.2898970378789545,0.7048286853337833
TOI-1386 c,TOI-1386,10.3,0.38,327.4,0.75,5735.0,0.0103,1.0363,3.2,4.333361462692601,0.32063317259146684,1.0192082658808412,5.4510384535657,0.7048286853337833
TOI-139 b,TOI-139,2.4566,0.0253,561.17,0.102,4570.0,-0.77842,0.69,4.4005,2.028148247292285,1.2383742310432684,3.1536714821206084,2.490793455165101,0.5310399310162306
TOI-1408 c,TOI-1408,2.22,0.1353,1864.0,0.03587,6117.0,0.47129,1.312,2.7,2.151762203259462,1.5686159179138452,7.604072429872903,1.1525952958661643,0.9282193027394289
TOI-1410 c,TOI-1410,5.63,0.0,425.61500000000007,0.239,4635.0,-0.6216,0.7941,6.6,3.332204510175204,0.6048622656923737,2.0820234755887923,3.8828001467512427,0.5629245935099714
TOI-1410.01,TOI-1410,3.10083009,0.0,1236.7,0.0207,4635.0,-0.6216,0.7941,6.6,2.6026896854443837,1.1939224684724346,6.339550334625157,0.7960962911160842,0.5629245935099714
TOI-1411 b,TOI-1411,1.19880592,0.0,976.4,0.02122,4115.0,-1.01323,0.6045,9.6,1.0986122886681096,1.9960599327407849,5.590427122326969,0.8969255105020549,0.47871556984775704
TOI-1416 b,TOI-1416,1.62,0.0,1517.0,0.019,4884.0,-0.46008,0.798,6.9,1.4996230464268938,1.7047480922384253,6.784457062637643,0.7274311124523257,0.5838901946229959
TOI-1420 b,TOI-1420,11.89,0.17,957.0,0.071,5510.0,-0.15181,0.987,10.7,3.261935314328648,0.07881118042428978,4.941642422609304,2.0739397218878883,0.6538864666066427
TOI-1422 b,TOI-1422,3.83,0.2,870.0,0.107,5840.0,0.04766,0.9903,4.6,2.3513752571634776,0.6575200029167942,4.516503985988369,2.638981612463073,0.7026023393307004
TOI-1422 c,TOI-1422,2.61,0.2,628.0,0.205,5840.0,0.04766,0.9903,4.6,2.70805020110221,1.667706820558076,3.443498057704654,3.5713142072398543,0.7026023393307004
TOI-1431 b,TOI-1431,16.70138124,0.0022,2370.0,0.046,7690.0,1.06819,1.9,0.29,6.900352576305092,0.7747271675523681,8.575650760987806,1.2947920969932905,1.0715836162801904
TOI-1437 b,TOI-1437,2.24,0.17,794.23,0.14,6008.0,0.28466,1.1,6.7,2.3608540011180215,1.5912739418064292,4.418840607796598,2.9877475805683043,0.7747271675523681
TOI-1438 b,TOI-1438,3.04,0.0,971.0,0.0553,5230.0,-0.34679,0.876,2.2,2.341805806147327,1.0296194171811583,4.983606621708336,1.8147709947863482,0.598836501088704
TOI-1438 c,TOI-1438,2.75,0.0,794.0,0.083,5230.0,-0.34679,0.876,2.2,2.451005098112319,1.3609765531356006,4.189654742026425,2.344503030749066,0.598836501088704
TOI-1439 b,TOI-1439,4.2427861,0.157,748.4,0.192,5841.0,0.44091,1.2313000000000005,4.6,3.676300671907076,1.324418957401803,4.2403982641047495,3.3549439971446935,0.9625634442048339
TOI-1442 b,TOI-1442,1.17,0.069466,1072.0,0.0071,3330.0,-1.97722,0.2899999999999999,4.470000000000001,0.9969486348916093,1.927164106234258,5.3376544190874755,0.34292828002344056,0.2700271372130601
TOI-1443 b,TOI-1443,2.30381001,0.0,520.66,0.147,5224.0,-0.42022,0.7662999999999999,7.4,3.4339872044851463,2.70805020110221,2.8824291879193136,3.200332067262967,0.560244161895718
TOI-1444 b,TOI-1444,1.41792246,0.0,2130.02,0.0116,5460.0,-0.17587,0.9513,3.8,1.5216989981260935,2.0592388343623163,8.52310096609924,0.38544898202274,0.6473649879048176
TOI-1448 b,TOI-1448,2.749,0.36,426.0,0.0567,3412.0,-1.75498,0.3719999999999999,2.9780100000000003,3.0204248861443626,1.269760544863939,1.864080130807681,2.2096191134041354,0.32208349916911333
TOI-1450 A b,TOI-1450 A,1.13,0.0112,722.0,0.102,3437.0,-1.56499,0.48,4.994999999999999,0.8144794657274703,1.7561322915849038,3.8275386147357127,1.1131485895179098,0.39406706315579504
TOI-1450 A c,TOI-1450 A,1.13,0.0109,533.0,0.102,3437.0,-1.56499,0.48,5.442,0.9270328284060572,1.9198594718553708,2.825178580878747,1.8031608919524975,0.39406706315579504
TOI-1451 b,TOI-1451,2.61143902,0.0,723.33,0.127,5801.0,0.02449,1.0022,4.0,2.785011242238338,1.7351891177396608,3.9893839665856015,2.8643667622855817,0.7012145516377041
TOI-1452 b,TOI-1452,1.672,0.0,326.0,0.061,3185.0,-2.1549,0.249,6.037999999999999,1.7613002617433464,1.8870696490323797,1.0296194171811583,2.4900608440783603,0.24294617861038947
TOI-1453 b,TOI-1453,1.173,0.0,944.2,0.102,4975.0,-0.57539,0.7149999999999999,12.0,1.199964782928397,2.2208638440246196,4.894850261102546,1.6702549863186833,0.5423242908253616
TOI-1453 c,TOI-1453,2.224,0.0,819.8,0.102,4975.0,-0.57539,0.7149999999999999,12.0,1.3737155789130306,0.9050821497547679,4.334672938290411,2.0266600615456176,0.5423242908253616
TOI-1467 b,TOI-1467,1.92,0.0,506.07,0.050748,3834.0,-1.42022,0.489,7.2,2.302585092994046,2.4849066497880004,2.9512577834521614,1.9417797922921485,0.3994470357826014
TOI-1468 b,TOI-1468,1.401,0.0099,683.5,0.02107,3376.0,-1.7921,0.3527,6.784999999999999,1.3962446919730587,1.9600947840472698,3.6216707044204863,1.057970868121171,0.31583211586812704
TOI-1468 c,TOI-1468,2.126,0.111,338.1,0.08608,3376.0,-1.7921,0.3527,6.495,1.62924053973028,1.1969481893889715,1.1410330045520618,2.8053267493665595,0.31583211586812704
TOI-1470 b,TOI-1470,2.18,0.3,734.0,0.0285,3709.0,-1.42481,0.471,1.3,2.1186622548331173,1.5810384379124023,3.856510295497887,1.2604740189244306,0.38458189719174024
TOI-1470 c,TOI-1470,2.47,0.5,373.0,0.106,3709.0,-1.42481,0.471,1.3,2.1090003439213802,1.297463147413275,1.4701758451005928,2.9490682475501027,0.38458189719174024
TOI-1472 b,TOI-1472,4.058,0.041,891.0,0.064,5100.0,-0.35556,0.87,3.1,2.94706710157271,0.9122827104766162,4.709711266000215,1.996519845986212,0.6097655716208943
TOI-1472 c,TOI-1472,3.334,0.172,662.0,0.116,5100.0,-0.35556,0.87,3.1,3.096934154062958,1.420695787837223,3.5212990468818033,2.805671326794792,0.6097655716208943
TOI-1478 b,TOI-1478,11.99360935,0.055,918.0,0.0818,5597.0,-0.01278,0.9469999999999998,9.1,5.637247288299756,0.6312717768418579,5.568394120850759,2.414145403146961,0.7168637071772613
TOI-150.01,TOI-150,14.067295,0.262,1404.5,0.07037,6255.0,0.49651,1.351,2.346,6.683052137138609,0.9858167945227653,6.62263259516594,1.9253410480932271,0.9266370239282994
TOI-1516 b,TOI-1516,15.24421375,0.1266,1839.0,0.102,6520.0,0.39065,1.14,4.82,6.9130788497205735,0.9400072584914712,7.550045911872061,1.117111452445613,0.76080582903376
TOI-157 b,TOI-157,14.414774,0.0,1588.0,0.03138,5404.0,0.01995,0.948,12.82,5.9296939251341385,0.5223588595796638,6.968850378341948,1.1264036723400372,0.773343722554222
TOI-1601 b,TOI-1601,14.19902343,0.0,1493.97,0.069,5982.0,0.74772,1.5055,2.4,5.961005339623274,0.5538851132264376,6.977673055945453,1.8455766592431215,1.161587087829498
TOI-163 b,TOI-163,16.690201,0.0,1669.0,0.058,6495.0,0.63649,1.4352,1.823,5.962943151573972,0.3987761199573678,7.306606966553999,1.6546609600967983,0.9738046380747618
TOI-1630.01,TOI-1630,2.417,0.0,584.0,0.101151,5504.0,-0.26764,0.95,1.985,2.004179057179289,1.252762968495368,4.035655565873421,2.569227480383605,0.6043159668533296
TOI-1634 b,TOI-1634,1.773,0.0,924.0,0.01545,3472.0,-1.5784,0.451,4.6315,2.1482677326096886,2.151762203259462,4.804021044733257,0.6878056901663903,0.37156355643248307
TOI-1634 c,TOI-1634,2.839553935,0.0,336.88,0.102,3472.0,-1.5784,0.451,1.306,2.3243465847755584,1.269760544863939,1.4060040092110193,4.6443908991413725,0.37156355643248307
TOI-1648 b,TOI-1648,2.54,0.178,799.0,0.0694,4850.0,-0.45377,0.83,5.7,2.128231705849268,1.2499017362143359,3.346480690272554,2.1200557546149925,0.5933268452777344
TOI-1659.01,TOI-1659,2.255,0.0168,1031.14,0.065757,5977.0,0.06555,1.1,1.3241999999999998,1.9035989509835904,1.3190856114264407,5.596345731053962,1.9282634039684403,0.6961426895397438
TOI-1669 b,TOI-1669,14.1,0.0,676.3,1.27,5497.0,-0.03574,0.9867,7.7,5.2574953720277815,0.3177261938001576,2.802777096088662,6.2166061010848646,0.7208109845424188
TOI-1669 c,TOI-1669,2.2963977,0.0,1285.16,0.0376,5497.0,-0.03574,0.9867,7.7,2.639057329615259,1.9459101490553132,5.840632936405139,1.3029272901186415,0.7208109845424188
TOI-1670 c,TOI-1670,11.06326395,0.09,684.0,0.249,6170.0,0.40046,1.21,2.53,5.304457956525706,0.5933268452777344,2.7441506667269326,3.731693702777348,0.8398415597107488
TOI-1680 b,TOI-1680,1.466,0.1222,404.0,0.03144,3225.0,-2.36251,0.1798,4.9977,1.3217558399823195,1.7578579175523736,1.6882490928583902,1.7583120385617488,0.19111610447544983
TOI-1683.01,TOI-1683,2.6382,0.10216,929.25,0.036507593,4402.0,-0.78662,0.6946610000000001,6.0815,2.1341664413690826,1.172482137234565,5.100207832953469,1.400575794243658,0.5306282510621704
TOI-1685 b,TOI-1685,1.421,0.0,1000.0,0.01164,3470.0,-1.51856,0.466,1.4,1.4036429994545037,1.840549633397487,5.365976015021851,0.512308062410648,0.3798053613275868
TOI-169 b,TOI-169,12.172974,0.0,1715.0,0.03524,5880.0,0.25261,1.1470000000000002,4.7,5.531029116306184,0.5653138090500605,7.275172319452771,1.180329808445169,0.8276780735175515
TOI-1691 b,TOI-1691,3.66,0.0,703.49,0.129365,5759.0,-0.03058,1.03,6.6,2.747270914255491,1.0152306797290587,4.0965088850514775,2.8756465914346614,0.6931471805599453
TOI-1693 b,TOI-1693,1.41,0.0024,764.0,0.0226,3499.0,-1.55409,0.49,5.974,1.2725655957915476,1.7984040119467237,4.0608015669470445,1.0176537200552849,0.3784364357202451
TOI-1694 b,TOI-1694,5.3422266,0.0,943.19,0.045,5058.0,-0.41794,0.853,4.3,3.475067230228611,0.7561219797213337,5.279583987402255,1.5623687365144874,0.5897846675647921
TOI-1694 c,TOI-1694,13.8,0.0,650.52,0.1,5058.0,-0.41794,0.853,4.3,5.697093486505405,0.48304324275353905,2.6906205003459935,5.976604684200958,0.5897846675647921
TOI-1695 b,TOI-1695,1.9,0.097,698.0,0.033548,3690.0,-1.3536,0.513,3.58,1.9960599327407849,1.791759469228055,3.6888794541139363,1.4193129722849618,0.4154154389613325
TOI-1696 b,TOI-1696,3.09,0.0,489.0,0.0229,3185.0,-2.14813,0.255,7.1,3.9080149840306073,2.3456445824544927,2.6741486494265287,1.252851821690663,0.24490504309572247
TOI-1710 b,TOI-1710,5.20315158,0.0,602.99,0.166,5684.0,-0.06349,1.0258,1.5,3.152736022363656,0.6259384308664953,3.5263605246161616,3.2301471442178866,0.671617062009582
TOI-1716.01,TOI-1716,3.143,0.0332,959.0,0.080496,5879.0,0.21525,1.07,5.4,2.3978952727983707,1.0188473201992472,5.544513161392399,2.206335893388593,0.8064758658669486
TOI-172 b,TOI-172,10.816685,0.3806,1198.0,0.0914,5645.0,0.4609,1.128,7.4,7.452192800478155,2.143589361503588,5.703782474656201,2.3492062398786375,1.0213712083246624
TOI-1723 b,TOI-1723,3.435,0.0,782.98,0.113496,5777.0,0.06446,1.04,4.8,2.4336133554004498,0.9555114450274365,4.5364629879783,2.6896834022348632,0.7371640659767197
TOI-1728 b,TOI-1728,5.05,0.057,767.0,0.0391,3980.0,-1.05552,0.646,7.1,3.3243163373261977,0.76080582903376,4.073801660990771,1.5021889481123425,0.485076953743213
TOI-1736 b,TOI-1736,3.18175535,0.0,1099.79,0.073,5636.0,0.27068,1.0373,9.2,2.5877640352277083,1.128171090909654,5.8009091853869235,2.0885345744649366,0.8873149596375816
TOI-1736 c,TOI-1736,12.5,0.3685,249.0,1.37,5636.0,0.27068,1.0373,9.2,7.937731775260109,2.1838015570040787,0.6418538861723948,6.349575958832676,0.8873149596375816
TOI-1739 b,TOI-1739,1.946,0.0102,755.55,0.073872,4814.0,-0.52433,0.78,6.3,1.695615608675153,1.463255402256019,4.005695481290781,2.2303736265974083,0.5771750043075246
TOI-1742 b,TOI-1742,2.36507598,0.3,694.09,0.1539999999999999,5815.0,0.12123,1.0861,3.9,2.3702437414678603,1.6094379124341003,4.087957541897249,3.1031993488562195,0.7565913531164801
TOI-1743 b,TOI-1743,1.83,0.046673,485.0,0.03589,3277.0,-1.97074,0.3389999999999999,9.7,1.6114359150967734,1.5260563034950494,2.4751677132561447,1.6612797963189125,0.2911759617060367
TOI-1744.01,TOI-1744,2.68,0.0,598.0,0.164086,6179.0,0.23178,1.18,2.228,2.157559320943788,1.1568811967920856,4.163715140146772,3.150241585936335,0.76080582903376
TOI-1749 b,TOI-1749,1.39,0.14,831.0,0.0291,3985.0,-1.15649,0.58,0.8,4.060443010546419,1.269760544863939,4.440742376914887,1.2203548823254782,0.4382549309311553
TOI-1749 c,TOI-1749,2.12,0.019,673.0,0.0443,3985.0,-1.15649,0.58,0.8,2.70805020110221,1.269760544863939,3.615068745465348,1.7034563492066037,0.4382549309311553
TOI-1749 d,TOI-1749,2.52,0.062,533.0,0.0707,3985.0,-1.15649,0.58,0.8,2.772588722239781,1.269760544863939,2.721782151488325,2.3075427833132736,0.4382549309311553
TOI-1751 b,TOI-1751,2.9507845,0.327,651.64,0.2149999999999999,5970.0,0.29732,0.9382,9.0,3.0204248861443626,1.635105659182678,5.265386033712976,3.6498402444878932,0.8388479747314994
TOI-1753 b,TOI-1753,2.47852533,0.0,1005.43,0.059,5621.0,-0.06956,0.9483,5.9,2.8678989020441064,1.9387416595767009,5.476446815389782,1.8538904696118648,0.6787946743355449
TOI-1758 b,TOI-1758,3.62,0.0,551.44,0.141409,5169.0,-0.37263,0.8800000000000001,7.5,2.066862759472976,0.6043159668533296,3.093312601892855,3.077546089657869,0.5933268452777344
TOI-1759 b,TOI-1759,3.14,0.0,443.0,0.1177,4065.0,-1.05715,0.606,5.0,2.468099531471619,1.068153081183401,2.0001277349601105,2.9882135788758033,0.4681268692328754
TOI-1768.01,TOI-1768,3.453,0.0015,1566.0,0.076381,5994.0,0.145,1.1,3.157,2.5494451709255714,0.9439058989071286,5.488400391735755,2.1207878366106065,0.7419373447293773
TOI-1772.01,TOI-1772,2.905,0.0,877.67,0.078375,5583.0,-0.06194,0.99,4.439,2.280339484046726,1.0885619528146082,4.955333978311167,2.2032339154854172,0.6906440503418267
TOI-1774.01,TOI-1774,2.78,0.05,824.0,0.102,5746.0,0.10143,0.991,7.4,2.2512917986064953,1.1537315878891892,4.314295021038174,2.8741226759389233,0.7562628148740206
TOI-1775 b,TOI-1775,8.04728896,0.0,707.89,0.08,5284.0,-0.31605,0.9218,0.8,4.574710978503383,0.6981347220709844,4.033224192542998,2.4195282115743715,0.6036600140584092
TOI-1776 b,TOI-1776,1.21612741,0.0,1269.21,0.0378,5785.0,-0.05306,0.9196,5.1,0.8754687373538999,1.635105659182678,6.330317697104139,1.3349663292868967,0.6604173559370264
TOI-1777.01,TOI-1777,2.246,0.0,580.0,0.119466,5859.0,0.01189,1.06,2.19,1.8976198599275325,1.3217558399823195,4.281377226523952,2.750478071848745,0.6830968447064438
TOI-178 b,TOI-178,1.2,0.036064,1040.0,0.02607,4316.0,-0.86646,0.647,6.0,0.6729444732424258,1.4213624737653248,5.564695635546879,1.069718899323624,0.5080216964332565
TOI-178 c,TOI-178,1.754,0.00032,873.0,0.037,4316.0,-0.86646,0.647,6.0,1.7298840655099674,1.757313976539832,4.59123250621447,1.444206130005542,0.5080216964332565
TOI-178 d,TOI-178,2.695,0.0068,690.0,0.0592,4316.0,-0.86646,0.647,6.0,1.8245492920510458,0.9006116550457741,3.254725477761898,2.022549577633106,0.5080216964332565
TOI-178 e,TOI-178,2.301,0.00038,600.0,0.0783,4316.0,-0.86646,0.647,6.0,1.4996230464268938,0.9487222969821266,3.1276461086374168,2.394542385421065,0.5080216964332565
TOI-178 f,TOI-178,2.417,0.00045,521.0,0.1039,4316.0,-0.86646,0.647,6.0,1.891604804197771,1.1682857285158685,0.4744313125728873,2.7870677681139524,0.5080216964332565
TOI-178 g,TOI-178,2.939,0.00043,470.0,0.1275,4316.0,-0.86646,0.647,6.0,1.6863989535702286,0.672622482633503,3.020317563312303,3.0780783264899605,0.5080216964332565
TOI-1782.01,TOI-1782,2.368,0.0248,697.84,0.05024,4336.0,-0.84649,0.6800000000000002,4.42,1.9740810260220096,1.2725655957915476,4.047427642434349,1.7896975161966007,0.5122246446796981
TOI-1782.02,TOI-1782,1.839,0.0573,974.95,0.025739,4336.0,-0.84649,0.6800000000000002,8.547,1.617406082083277,1.5195132049061133,5.37142841336536,1.0399318560862252,0.5122246446796981
TOI-1789 b,TOI-1789,16.14093221,0.0424999999999999,1927.0,0.04882,5991.0,0.7364,1.507,2.73,5.409321409555913,0.2468600779315258,7.741099090035366,1.4371452576639443,1.1531004739521795
TOI-1794 b,TOI-1794,3.29701268,0.0,992.91,0.082,5631.0,0.19728,0.9698,10.8,2.272125885509337,0.8372475245337022,5.437700976494941,2.278858633527399,0.8399279117681402
TOI-1798.01,TOI-1798,2.448,0.0,734.31,0.074984,5165.0,-0.41567,0.87,2.6,2.0149030205422647,1.2837077723447896,4.252202646837681,2.1996130926721364,0.5766133643039938
TOI-1798.02,TOI-1798,1.464,0.0,1935.83,0.010789,5165.0,-0.41567,0.87,2.6,1.8870696490323797,2.498973906999436,8.115652373200227,0.3631223898178763,0.5766133643039938
TOI-1799 b,TOI-1799,1.642,0.0,922.72,0.072502,5690.0,-0.06198,1.01,5.1,1.6094379124341003,2.1412419425852827,5.107519991273039,2.0911935733710894,0.6714126884139392
TOI-1801 b,TOI-1801,2.079,0.0,493.7,0.075,3863.0,-1.23003,0.556,0.7,1.9077631449843613,1.5477752520419934,2.4619450381506534,2.4547798612727876,0.4363175715909291
TOI-1803 b,TOI-1803,2.99,0.0,747.0,0.06,4687.0,-0.65365,0.756,1.4,2.4265710727750367,1.1475008606937425,4.07753744390572,1.9869543360318533,0.5394130806179032
TOI-1803 c,TOI-1803,4.29,0.0,588.0,0.097,4687.0,-0.65365,0.756,1.4,2.1972245773362196,0.34997706313094656,3.1354942159291497,2.6308652228940472,0.5394130806179032
TOI-1806.01,TOI-1806,3.4095367,0.169033,337.47,0.087735044,3272.0,-1.77852,0.392935,3.1411,2.5257286443082556,0.9516578757114464,1.1465449424234124,2.781639471610633,0.3375966042829222
TOI-1807 b,TOI-1807,1.49681583,0.0,1694.1,0.0122,4914.0,-0.53313,0.8048,2.1,1.235471471385307,1.6054298910365616,7.250081774512228,0.43784902275512516,0.5573274574174105
TOI-181 b,TOI-181,6.9559,0.1543,895.1,0.0539,4994.0,-0.52578,0.822,5.4,3.853730537026629,0.5631523839437581,4.638895055389712,1.7105494138025117,0.5567545556543905
TOI-1811 b,TOI-1811,11.14172682,0.052,962.2,0.04389,4766.0,-0.56019,0.817,5.9,5.736343921726015,0.8020015854720274,4.0426002889658825,1.5503408795094156,0.5704144151776482
TOI-1820 b,TOI-1820,12.778238,0.043,1375.0,0.061,5734.0,0.29432,1.04,11.0,6.5957878036888395,1.0986122886681096,5.681008437089846,1.7682646140398122,0.9202827531436926
TOI-1823 b,TOI-1823,7.5406241,0.0,423.63,0.212,4927.0,-0.46092,0.8413999999999999,6.3,4.225372824628505,0.6205764877251099,2.3318720136189386,3.6838669122903918,0.5905051885880656
TOI-1824 b,TOI-1824,2.7438269,0.0,528.67,0.151,5165.0,-0.37263,0.8801,2.5,2.833213344056216,1.6563214983329508,2.7491089675897706,3.1700440458328822,0.5945967568306683
TOI-1836 b,TOI-1836,8.00321222,0.0,966.0,0.1597,6380.0,0.5682,1.307,6.6,3.6752174842052137,0.3435897043900769,5.040313830269731,3.062493276273724,0.946625931670228
TOI-1836 c,TOI-1836,2.59987579,0.0,2007.6,0.03089,6237.0,0.56984,1.2518,3.2,2.1972245773362196,1.3862943611198906,8.000678079832534,1.0198385616091006,0.9728222826098099
TOI-1842 b,TOI-1842,12.3485023,0.276,1199.55,0.1,6039.0,0.69504,1.4642999999999995,2.5,4.504244267398131,0.23111172096338664,5.873916171416795,2.358390412369985,1.1092224677801252
TOI-1846 b,TOI-1846,1.792,0.05835,568.1,0.03646,3568.0,-1.63714,0.418,7.2,1.5830939370944987,1.547562508716013,2.9096295745005794,1.5954756318624246,0.3343270802748248
TOI-1853 b,TOI-1853,3.46,0.03,1479.0,0.0213,4985.0,-0.43227,0.8370000000000001,4.628,4.3067641501733345,2.3739750890807185,6.0783988377932054,0.8080932179619303,0.5922212619699848
TOI-1855 b,TOI-1855,18.49481816,0.033,1701.0,0.02398,5359.0,-0.09474,0.987,8.2,5.889153779376632,0.2700271372130601,6.748949447396245,0.8604179740477502,0.7134398838277077
TOI-1859 b,TOI-1859,9.75181321,0.57,615.0,0.337,6341.0,0.47671,1.287,1.41,4.242764567340374,0.3407487933884732,3.2102789776426826,4.166408911886867,0.8586616190375187
TOI-1860 b,TOI-1860,1.31,0.086,1885.0,0.0204,5752.0,-0.09475,0.99,0.133,1.184789984909162,1.8794650496471605,6.777308267616612,0.7257163500085128,0.6626879730752367
TOI-1883 b,TOI-1883,5.65,0.0844999999999999,524.92,0.0468,3477.0,-1.49377,0.492,8.263,3.339321977944068,0.6037693694087286,2.9414661436138085,1.7059074199582716,0.4014570867106256
TOI-1898 b,TOI-1898,9.39553231,0.485,674.54,0.269,6241.0,0.55121,1.2484,3.1,4.867534450455582,0.6151856390902335,3.951386016148956,3.839932627331243,0.9605372559937144
TOI-1899 b,TOI-1899,11.09689089,0.044,378.0,0.1525,3926.0,-1.05685,0.632,7.1,5.365719125439763,0.6151856390902335,1.4816045409242156,3.4042032594815175,0.47436908675537554
TOI-1937 A b,TOI-1937 A,13.97759893,0.0,2097.0,0.01932,5814.0,0.0799,1.072,3.6,6.461210483888241,0.8241754429663495,8.080546965824498,0.6661250697943342,0.7323678937132266
TOI-198 b,TOI-198,1.44,0.02256,368.0,0.1,3650.0,-1.43315,0.467,5.3,1.3001916620664788,1.776645831418007,2.130526689406373,2.417270001072189,0.36533731701738503
TOI-199 b,TOI-199,9.07927437,0.09,358.0,0.4254,5255.0,-0.33819,0.9360000000000002,0.8,4.007893558921076,0.3343270802748248,1.3225022280321113,4.662060786191391,0.598836501088704
TOI-199 c,TOI-199,11.4,0.096,448.9,0.8069999999999999,5255.0,-0.33819,0.9360000000000002,0.8,4.499720265889363,0.2851789422336624,2.5427376534360797,5.615643189089502,0.598836501088704
TOI-2000 b,TOI-2000,2.7,0.0,1488.0,0.04271,5611.0,0.05956,1.082,5.3,2.4849066497880004,1.4036429994545037,6.444131256700441,1.4105795736609599,0.7579981528795616
TOI-2000 c,TOI-2000,8.14,0.063,1038.0,0.0878,5611.0,0.05956,1.082,5.3,4.415219602029645,0.6037693694087286,5.0106352940962555,2.31521055536137,0.7579981528795616
TOI-201 b,TOI-201,11.82547464,0.318,759.0,0.3026,6394.0,0.41497,1.316,0.87,5.2221945447319165,0.5031965966014996,3.4425088563674366,3.988575555735848,0.849723487602042
TOI-2010 b,TOI-2010,11.81426566,0.212,400.2,0.5516,5929.0,0.11361,1.112,1.9,6.015491893091735,0.8586616190375187,1.6272778305624314,4.961683291831745,0.7318870088758759
TOI-2015 b,TOI-2015,3.309,0.0789,530.9,0.029322,3297.0,-1.49214,0.3040999999999999,5.5,2.322387720290225,0.8754687373538999,2.6521850682608146,1.4697704755931533,0.28314680365001954
TOI-2015 c,TOI-2015,2.93,0.00033,448.0,0.041232,3297.0,-1.49214,0.3040999999999999,5.5,2.2935443483418965,1.0818051703517284,2.038619547159581,1.8844595790947425,0.28314680365001954
TOI-2018 b,TOI-2018,2.268,0.0,576.34,0.102,4174.0,-1.0,0.57,3.9215,2.322387720290225,1.6733512381777533,3.2986403400036273,2.1324588303848184,0.4824261492442927
TOI-2019 b,TOI-2019,5.33275337,0.0,917.46,0.128,5626.0,0.44075,1.1832,6.4,3.5667118201397288,0.8109302162163288,4.844596451476195,2.793885331028862,1.0100360515596662
TOI-2025 b,TOI-2025,11.89272852,0.394,1166.0,0.0892,5977.0,0.38739,1.199,4.5,7.043319086900764,1.556037135706985,5.842726111296036,2.2897124144393275,0.8997547632340556
TOI-2031 A b,TOI-2031 A,14.20177855,0.076,1358.0,0.066,6490.0,0.39094,1.174,2.0,5.542293311237882,0.3987761199573678,6.342121418721152,1.9044162830466163,0.80692219481879
TOI-2046 b,TOI-2046,16.14093221,0.1064799999999999,1828.82,0.102,6250.0,0.27967,1.13,0.45,6.5957878036888395,0.6703901934373291,7.880295901002435,0.9151637770990992,0.7929925155296614
TOI-2048 b,TOI-2048,2.61,0.13,646.0,0.102,5185.0,-0.38722,0.83,0.3,2.1186622548331173,1.1817271953786161,3.4023633683021246,2.69396412315811,0.5822156198526637
TOI-206 b,TOI-206,1.3,0.0133759999999999,910.0,0.0112,3383.0,-1.83581,0.35,4.636,1.1755733298042381,1.8870696490323797,4.777089493162307,0.551762402098332,0.30010459245033805
TOI-2068 b,TOI-2068,1.821,0.0694,520.62,0.0632,3710.0,-1.31069,0.559,7.0,1.6034198401085373,1.5282278570085572,2.5824869781268642,2.1712130815126973,0.4285303810391605
TOI-2076 b,TOI-2076,2.39,0.0,738.0,0.0682,5201.0,-0.42285,0.883,0.338,2.8390784635086144,1.62924053973028,3.919991175077323,2.429678871072122,0.5732368838873878
TOI-2076 c,TOI-2076,3.69441587,0.0,543.16,0.142,5192.0,-0.37779,0.8556999999999999,2.7,4.02535169073515,1.9459101490553132,3.517497837358316,3.091738892606376,0.5855619698800079
TOI-2076 d,TOI-2076,3.43087751,0.0,457.68,0.199,5192.0,-0.37779,0.8556999999999999,2.7,3.4011973816621555,1.6094379124341003,2.8622008809294686,3.587004135871673,0.5855619698800079
TOI-2076 e,TOI-2076,1.355,0.043,1138.0,0.0385,5192.0,-0.42285,0.8556999999999999,0.21,1.2237754316221157,1.840549633397487,5.769981822005483,1.3918649415859048,0.5855619698800079
TOI-2081 b,TOI-2081,2.04,0.1113,488.0,0.0752,3800.0,-1.33847,0.54,2.482,1.7613002617433464,1.415853163361435,2.2082744135228043,2.442811275419202,0.42787870294506447
TOI-2084 b,TOI-2084,2.47,0.13587,527.0,0.05006,3551.0,-1.49214,0.4529999999999999,7.5,2.0360119837525,1.2325602611778486,2.624668592163159,1.9570513829488312,0.3886579897917831
TOI-2088 b,TOI-2088,3.6831179,0.0,300.33,0.472,5081.0,-0.36151,0.9027,4.5,3.6375861597263857,1.0986122886681096,1.0056925827364156,4.834136511998524,0.6141580843095735
TOI-2093 b,TOI-2093,3.25,0.0,535.0,0.097,4426.0,-0.73565,0.745,6.6,2.451005098112319,0.9932517730102834,3.1414955356008205,2.6272738910749225,0.5475432067011534
TOI-2093 c,TOI-2093,2.3,0.0,329.0,0.257,4426.0,-0.73565,0.745,6.6,2.8213788864092133,2.0794415416798357,1.4023399395383582,4.003899843508813,0.5475432067011534
TOI-2095 b,TOI-2095,1.25,0.0,347.0,0.101,3759.0,-1.45892,0.44,1.0,1.62924053973028,1.269760544863939,1.4883995840570443,2.92664154013586,0.36464311358790924
TOI-2095 c,TOI-2095,1.33,0.0,297.0,0.137,3759.0,-1.45892,0.44,1.0,2.128231705849268,1.269760544863939,1.0438040521731147,3.373220314484557,0.36464311358790924
TOI-2096 b,TOI-2096,1.243,0.15,445.0,0.025,3300.0,-2.22768,0.231,4.0,1.1249295969854831,1.9387416595767009,2.341805806147327,1.4156257831435806,0.21107097007994052
TOI-2096 c,TOI-2096,1.914,0.1,349.0,0.04,3300.0,-2.22768,0.231,4.0,1.6714733033535532,1.47932922708708,1.547562508716013,1.9998354053618224,0.21107097007994052
TOI-2107 b,TOI-2107,13.57407563,0.033,1397.0,0.03515,5627.0,-0.10458,0.961,4.0,5.578965676777814,0.45552430798090127,6.2333670440171485,1.239691247454266,0.6585557357903262
TOI-2120 b,TOI-2120,2.122,0.32,384.0,0.0377,3131.0,-2.28651,0.211,3.645000000000001,2.0541237336955462,1.269760544863939,1.5282278570085572,1.9168956118175544,0.21913552991667093
TOI-2128 b,TOI-2128,2.08874836,0.0,780.53,0.127,5968.0,0.15625,1.0251,4.7,1.7047480922384253,1.3029127521808397,4.468565504216114,2.8530943996493656,0.7501889209271423
TOI-2133 b,TOI-2133,2.37,0.048,798.0,0.041,4250.0,-0.85248,0.644,6.221000000000001,1.9754689512968577,1.269760544863939,4.408025710542498,1.574152065132156,0.4824261492442927
TOI-2134 b,TOI-2134,2.69,0.06,666.0,0.078,4580.0,-0.7167,0.744,3.8,2.315501318260592,1.282876401921402,3.4965075614664802,2.325246424416801,0.5359084041334539
TOI-2136 b,TOI-2136,2.19,0.0,395.0,0.057,3342.0,-1.88606,0.3399999999999999,4.6,1.9974177062012453,1.4678743481123135,1.6094379124341003,2.1806352884006404,0.29266961396281993
TOI-2141 b,TOI-2141,3.147,0.21,728.0,0.1322,5635.0,-0.05,0.8960000000000001,9.0,3.0492730404820207,1.5129270120532565,3.877431560658527,2.958113891981532,0.6678293725756554
TOI-2141 c,TOI-2141,2.35,0.0548999999999999,1095.0,0.0585,5635.0,-0.05,0.8960000000000001,9.0,1.965712776351493,1.2809338454620645,5.488937726156687,1.8660007658270112,0.6678293725756554
TOI-2141 d,TOI-2141,3.97,0.11273,491.4,0.2906,5635.0,-0.05,0.8960000000000001,9.0,2.766319109226186,0.8372475245337022,2.379546134130174,4.118223836012044,0.6678293725756554
TOI-2145 b,TOI-2145,12.24020692,0.214,1484.0,0.1117,6206.0,0.99651,1.7099999999999995,1.6,7.4990166510689145,1.8468787684491346,6.2479248791526665,2.421356795313995,1.3217558399823195
TOI-2152 A b,TOI-2152,14.35870428,0.057,1802.0,0.05064,6630.0,0.65321,1.516,0.83,6.802899515704281,0.9820784724121581,7.6947515269868845,1.4764437925955598,0.9601162114141847
TOI-2154 b,TOI-2154,16.28664896,0.117,1580.0,0.0513,6280.0,0.43457,1.233,2.9,5.681544140529046,0.31481073984003355,6.914626219911856,1.5736200637646436,0.8738006802532029
TOI-2158 b,TOI-2158,10.76062147,0.07,1188.0,0.075,5673.0,0.2308,1.12,8.0,5.566890369692183,0.76080582903376,4.412784959918413,2.2618433035906076,0.8796267475025636
TOI-216.01,TOI-216,10.1,0.0046,497.0,0.2069,5026.0,-0.44159,0.77,6.197,5.1872959019112495,0.5653138090500605,2.4069451083182885,3.5702515366454097,0.5584722772333437
TOI-216.02,TOI-216,8.0,0.16,628.0,0.1293,5026.0,-0.44159,0.77,4.117,2.983248474684172,0.29266961396281993,3.292126286607793,2.8992615706031053,0.5584722772333437
TOI-2169 A b,TOI-2169 A,12.50922246,0.045,1364.0,0.0896,6270.0,0.66558,1.4199999999999997,2.51,5.800873062713939,0.6523251860396903,6.359573868672378,2.2208139474319877,1.0367368849500223
TOI-2180 b,TOI-2180,11.32107051,0.3683,348.0,0.8279999999999998,5695.0,0.40552,1.111,8.1,6.776070478972679,1.463255402256019,1.3110318766193438,5.567542655649251,0.9692626166402607
TOI-2184 b,TOI-2184,11.39953337,0.08,1676.05,0.102,5966.0,0.98154,1.53,2.3,5.335557583996455,0.5653138090500605,7.265429723253953,2.067726942920898,1.3609765531356006
TOI-2193 A b,TOI-2193 A,19.83989584,0.0,1763.0,0.03319,5966.0,0.25018,1.082,5.5,5.702977826280176,0.058268908123975775,7.3783837129967145,1.138657501571627,0.8100409320314447
TOI-2194 b,TOI-2194,1.9892,0.006,590.88,0.102,4756.0,-0.68955,0.74,3.878,1.724550719534605,1.4398351280479205,2.7247499803246233,2.7934690161936175,0.5252609315622465
TOI-2196 b,TOI-2196,3.51,0.0,1860.0,0.02234,5634.0,-0.00436,1.032,4.5,3.295836866004329,1.4609379041156565,7.601402334583733,0.7860575740882791,0.714419315835485
TOI-220 b,TOI-220,3.03,0.032,805.0,0.08911,5298.0,-0.26668,0.825,10.1,2.6946271807700692,1.3164082336557241,4.9324949979121335,2.4591839735308247,0.6195006403916468
TOI-2202 b,TOI-2202,10.95117414,0.022,652.07,0.09564,5169.0,-0.40121,0.841,6.4,5.664060152808978,0.7884573603642702,3.777929168947442,2.558204159677317,0.5922212619699848
TOI-2202 c,TOI-2202,13.4,0.0622,636.9110000000001,0.15544,5144.0,-0.40121,0.823,7.48,4.773043553393633,0.2374408560150342,3.3265239605306007,3.2454943865055346,0.5844477636366044
TOI-2207 b,TOI-2207,11.1529358,0.174,1259.0,0.0853999999999999,6101.0,0.4843,1.296,3.3,5.320128663742859,0.5877866649021191,6.008813185442595,2.197443220098815,0.9415685390584236
TOI-2211.01,TOI-2211,1.561,0.0,1056.92,0.04011,5253.0,-0.32094,0.9,3.401,1.4011829736136412,1.6900958154515549,5.694169753473141,1.4092016631865245,0.6064993738342731
TOI-2236 b,TOI-2236,14.36991326,0.0,1688.0,0.05009,6248.0,0.53275,1.343,2.52,6.220925865358119,0.6575200029167942,7.213031659834869,1.511072915423279,0.945072533299607
TOI-2257 b,TOI-2257,2.194,0.496,256.0,0.1449999999999999,3430.0,-1.86713,0.328,2.854,1.864080130807681,1.3454723665996355,0.5130032510137649,3.5887647661219515,0.27231459532065916
TOI-2266 b,TOI-2266,1.54,0.0002,550.0,0.02,3200.0,-2.16716,0.23,0.3,1.3837912309017721,1.7047480922384253,2.639057329615259,1.2018659865431125,0.2151113796169455
TOI-2274 b,TOI-2274,2.45,0.0527,771.46,0.05,3943.0,-1.06233,0.612,4.717,2.0241930674493576,1.2383742310432684,4.439207687146464,1.3028122036477443,0.4891933236388768
TOI-2285 b,TOI-2285,1.77,0.3,358.0,0.1363,3491.0,-1.54212,0.454,3.839,3.0204248861443626,1.269760544863939,1.5912739418064292,2.6834233680149864,0.38117241553911985
TOI-2295 b,TOI-2295,16.47720163,0.334,747.0,0.1992,5730.0,0.31387,1.168,10.5,5.631569625027991,0.29266961396281993,3.76331879992877,3.4350608859473772,0.8997547632340556
TOI-2295 c,TOI-2295,12.8,0.194,234.9,2.018,5730.0,0.31387,1.168,10.5,7.486623045867256,1.7351891177396608,0.4206533693966281,6.874715424903937,0.8997547632340556
TOI-2322 b,TOI-2322,0.994,0.0,603.1,0.0924,4664.0,-0.74232,0.703,3.9,1.1969481893889715,2.6210388241125804,3.1372318358276905,2.510182019371794,0.5080216964332565
TOI-2322 c,TOI-2322,1.874,0.0,496.8,0.1362,4664.0,-0.74232,0.703,3.9,2.9496883350525844,2.753023566744941,2.4114394979061275,3.0552046082130886,0.5080216964332565
TOI-2328 b,TOI-2328,9.97599282,0.057,842.0,0.127,5525.0,-0.17005,0.95,4.0,3.9484040196810697,0.2546422183735807,3.0491877287862095,2.8960207721281668,0.6418538861723948
TOI-2337 b,TOI-2337,10.08808263,0.019,1272.46,0.102,4780.0,0.689,1.325,4.9,6.233479804702692,1.3137236682850553,6.430655974872928,1.3848733519644436,1.4398351280479205
TOI-2345 b,TOI-2345,1.504,0.0749,1478.0,0.01705,4687.0,-0.63639,0.727,6.3,1.501852701754163,1.8931119634883424,6.674561391814426,0.719232627583982,0.5475432067011534
TOI-2345 c,TOI-2345,2.451,0.0584999999999999,544.0,0.1257,4687.0,-0.63639,0.727,6.3,2.1126345090356,1.3110318766193438,2.745345985845907,3.093961008411951,0.5475432067011534
TOI-2346 b,TOI-2346,16.11851425,0.086,1689.0,0.0473,6480.0,0.48144,1.271,1.9,5.9791571829499865,0.41871033485818504,7.215975002651466,1.4658453094380746,0.8671004876833832
TOI-2364 b,TOI-2364,8.60849718,0.0,1091.0,0.04871,5306.0,-0.25181,0.954,3.5,4.283743674759131,0.4762341789963716,5.472270673671475,1.6133804703289507,0.6344581842112658
TOI-2368 b,TOI-2368,10.83908434,0.061,1000.0,0.05649,5360.0,-0.27491,0.8969999999999999,4.2,5.335557583996455,0.6312717768418579,5.098198574314832,1.8205100646995769,0.6130211360806604
TOI-237 b,TOI-237,1.44,0.0,388.0,0.0341,3212.0,-2.38722,0.179,4.5,1.3001916620664788,1.776645831418007,1.547562508716013,1.861922455863184,0.1914464645709552
TOI-2373 b,TOI-2373,10.42435205,0.112,860.0,0.112,5651.0,0.05115,1.041,5.9,7.991864296861677,2.7343675094195836,4.260883899040708,2.662821288143378,0.7428892724547594
TOI-2374 b,TOI-2374,6.81,0.13,885.0,0.0471,4802.0,-0.51956,0.75,4.1,4.054216771131322,0.6830968447064438,4.894618946926334,1.6702714536018382,0.5247285289349821
TOI-2379 b,TOI-2379,11.72459381,0.342,624.0,0.0526299999999999,3707.0,-1.12907,0.645,10.4,7.512995203729195,1.9754689512968577,3.269568939183719,1.867080694378336,0.4836599556932212
TOI-238 b,TOI-238,1.559,0.18,1378.0,0.0212,5059.0,-0.47083,0.7809999999999999,7.9,1.4747630091074988,2.0541237336955462,6.625524985208601,0.8211440986953518,0.5630384952129249
TOI-238 c,TOI-238,2.18,0.36,696.0,0.0749,5059.0,-0.47083,0.79,4.3,2.0412203288596382,1.0402767116551463,4.08260930600368,2.2476695620108087,0.5498540107334691
TOI-2382 b,TOI-2382,12.25141591,0.18,1426.0,0.059,6033.0,0.37967,1.26,3.1,5.464649357094757,0.5187937934151676,6.536691597591305,1.7336369613870348,0.882527101721346
TOI-2384 b,TOI-2384,11.48920522,0.0,889.7,0.02793,3943.0,-1.11907,0.635,9.4,6.439111761421016,1.1817271953786161,4.6568134191399295,1.142853404126862,0.4770413065973863
TOI-2406 b,TOI-2406,2.86,0.17,449.0,0.02267,3100.0,-2.46218,0.166,4.248,2.8094026953624973,1.269760544863939,2.0399207835175526,1.4052851638776458,0.1856493468866293
TOI-2407 b,TOI-2407,4.26,0.08,705.0,0.033,3530.0,-1.34872,0.548,4.05861,2.8791984572980396,0.7839015438284094,3.7376696182833684,1.3091349303058315,0.44916296337388373
TOI-2411 b,TOI-2411,1.68,0.1493,1355.0,0.0144,4099.0,-0.87076,0.65,4.6005,1.4951487660319727,1.6114359150967734,6.481436537464309,0.5781258154784918,0.5187937934151676
TOI-2416 b,TOI-2416,9.86390302,0.32,1080.0,0.0831,5808.0,0.197,1.118,4.9,6.861172159546718,1.8562979903656263,4.882271478895685,2.2273742513648345,0.8046885552928527
TOI-2420 b,TOI-2420,15.02003414,0.055,1571.6,0.0684,5707.0,0.68664,1.158,5.3,5.689098298895004,0.39001300354924273,6.925595197110468,1.923173768223857,1.2146159644244159
TOI-2421 b,TOI-2421,10.36830715,0.0,1534.0,0.0543,5607.0,0.436,1.131,7.5,4.671302993668973,0.41871033485818504,6.829361211554125,1.6766110598937982,1.0116009116784799
TOI-2427 b,TOI-2427,1.8,0.098032,1117.0,0.0202,4072.0,-0.94244,0.64,4.5485,1.587192303486781,1.541159071680806,4.154398040574998,0.8355148988632323,0.5007752879124893
TOI-244 b,TOI-244,1.52,0.0593,458.0,0.0559,3433.0,-1.64264,0.428,7.0,1.3029127521808397,1.6486586255873816,2.1162555148025524,2.127901294126469,0.3548733219921042
TOI-2443 b,TOI-2443,2.363,0.301,519.0,0.105,4375.0,-0.86487,0.642,7.5,1.7578579175523736,1.0986122886681096,2.6597769033343233,2.813525510171021,0.4891933236388768
TOI-2445 b,TOI-2445,1.25,0.016866,1060.0,0.0064,3333.0,-2.08408,0.25,4.279000000000001,1.1314021114911006,1.9329696377795786,5.325384718187904,0.3156338316639354,0.23901690047049992
TOI-2447 b,TOI-2447,9.60609646,0.17,414.0,0.347,5730.0,0.04891,1.034,2.1,4.835540075910478,0.5732368838873878,3.819760775900535,4.253295701385002,0.6961426895397438
TOI-2449 b,TOI-2449,11.24,0.098,400.0,0.45,6021.0,0.14808,1.079,2.5,5.407171771460119,0.620038708739307,5.896169867183533,4.674180070663651,0.7251302264129961
TOI-2458 b,TOI-2458,2.83,0.087,1509.4,0.0482,6005.0,0.34128,1.05,5.7,2.6609585935683597,1.4422019930581866,6.763884908562435,1.5553174675252497,0.8372475245337022
TOI-2458 c,TOI-2458,3.18,0.29,848.6470000000002,0.129,6005.0,0.34128,1.05,5.7,2.4176979000945504,1.0116009116784799,4.628220184799533,2.8652248754742087,0.8372475245337022
TOI-2459 b,TOI-2459,2.9531,0.0264,445.01,0.102,4195.0,-0.89565,0.6599999999999999,5.182,2.305580601973844,1.0750024230289759,2.253258284856994,3.0009545138892655,0.515872864987504
TOI-2485 b,TOI-2485,12.1393261,0.0341,1134.0,0.1093,6016.4,0.51983,1.163,6.0,6.643271522962465,1.2119409739751128,5.622572419230658,2.5042835328732025,1.000631880307906
TOI-2497 b,TOI-2497,11.14172682,0.195,1595.0,0.1166,7360.0,1.16732,1.859,1.0,7.334938121710961,1.9600947840472698,6.9065630685816615,2.455792671097789,1.2119409739751128
TOI-2498 b,TOI-2498,6.06,0.089,1443.0,0.0491,5905.0,0.27089,1.12,3.6,3.5729072778615154,0.6205764877251099,6.673899430342025,1.5556682913209494,0.8153648132841945
TOI-251 b,TOI-251,2.74,0.0,1041.19,0.05741,5875.0,-0.0804,1.036,0.18,5.764658045374483,1.269760544863939,5.630301690394412,1.7813336420110737,0.6318035503188933
TOI-2524 b,TOI-2524,11.2089807,0.0,1100.0,0.073,5831.0,0.11628,1.007,6.7,5.320128663742859,0.5822156198526637,5.354740232160924,2.1024070539345754,0.750944279286162
TOI-2525 b,TOI-2525,8.67575106,0.17,512.97,0.1511,5096.0,-0.44009,0.8489999999999999,3.99,3.321345268241047,0.20294084399669032,2.854416374413186,3.1898835821015226,0.5794184152316024
TOI-2525 c,TOI-2525,10.13291855,0.157,399.96,0.249,5096.0,-0.44009,0.8489999999999999,3.99,5.346217913220379,0.7466879474879752,1.9527155113867531,3.917048357169643,0.5794184152316024
TOI-2529 b,TOI-2529,11.54525012,0.021,636.0,0.3269999999999999,5802.0,0.46389,1.11,7.23,6.61300625753854,1.297463147413275,4.2762924380949245,4.183497949025391,0.9932517730102834
TOI-2537 b,TOI-2537,11.25381662,0.364,338.0,0.3714999999999999,4870.0,-0.52143,0.7710000000000001,1.1,6.031650486468035,0.9555114450274365,2.133515341875839,4.554952102827406,0.5715443588006965
TOI-2537 c,TOI-2537,12.7,0.287,123.1,2.78,4870.0,-0.52143,0.7710000000000001,1.1,7.740185758085556,1.9685099809725544,0.09050914949923253,7.560601162768557,0.5715443588006965
TOI-2545 b,TOI-2545,2.75,0.0259,1022.99,0.102,5846.29,0.21828,1.055,6.960000000000001,2.1972245773362196,1.1346227261911428,5.559995626537483,2.196561802193734,0.812369180410583
TOI-2567 b,TOI-2567,10.92875618,0.0,1352.0,0.0672,5611.0,0.40483,1.13,7.6,4.172593505292182,0.23822918873225063,6.326149473155099,1.9436138001775483,0.9880530981010458
TOI-257 b,TOI-257,7.16253867,0.0,1027.0,0.1528,6095.0,0.63649,1.407,3.015,3.803553666159772,0.5007752879124893,5.231108616854587,2.964663602033286,1.0532661869012327
TOI-2570 b,TOI-2570,13.64132951,0.0,1431.0,0.04145,5771.0,0.07882,1.063,4.4,5.566890369692183,0.44660705143933954,6.551080335043404,1.3834807817149033,0.739553553374101
TOI-2583 A b,TOI-2583 A,14.4595851,0.0,1456.0,0.0571,5936.0,0.38828,1.215,4.4,4.387724144868645,0.13453089295760615,6.622603336383981,1.7085094639477032,0.9070481505072225
TOI-2587 A b,TOI-2587 A,12.07207221,0.0,1445.0,0.0635,5760.0,0.47129,1.15,6.7,4.25258106554995,0.19556678354397528,6.591673732008658,1.865109058644176,1.002835333274341
TOI-2589 b,TOI-2589,12.10569916,0.522,592.0,0.3,5579.0,-0.00436,0.9300000000000002,11.0,7.015173158864057,1.4929040961781488,3.12440689111717,4.137207672248112,0.7275486072772778
TOI-261.01,TOI-261,3.0449863,0.1674999999999999,1722.49,0.034792189,5890.3,0.24978,0.496728,9.988,2.3523271848888596,1.0473189942805592,6.7751327303766,1.473371973415914,0.824254387218591
TOI-261.02,TOI-261,3.34822227,0.0293,1007.53,0.102,5890.3,0.24978,1.069,6.757,2.501435951739211,0.9707789171582246,5.499322051683972,2.6418647153141714,0.8389041602127536
TOI-262 b,TOI-262,2.07,0.0,584.0,0.163,5310.0,-0.28987,0.913,0.8,1.7817091333745536,1.4011829736136412,4.058947064590805,2.4969414403082095,0.6168059473032227
TOI-2641 b,TOI-2641,18.10250383,0.18,1387.0,0.0607,6100.0,0.34044,1.16,10.8,4.81771185624439,0.0880108773227133,6.401917196727186,1.7717223944512124,0.8484400649659807
TOI-2669 b,TOI-2669,19.72780603,0.09,1226.0,0.102,4800.0,0.906,1.19,5.9,5.272360011892237,0.1301506844650451,5.9310614632502014,1.9745531367824067,1.62924053973028
TOI-269 b,TOI-269,2.77,0.425,531.0,0.0345,3514.0,-1.64675,0.3916999999999999,2.662,2.2823823856765264,1.1878434223960523,2.995732273553991,1.5470752410842499,0.3350426438116185
TOI-270 b,TOI-270,1.28,0.0167,600.0,0.03197,3506.0,-1.7122,0.386,5.862,0.9082585601768908,1.587192303486781,3.0409971836915837,1.4724537085687517,0.32208349916911333
TOI-270 c,TOI-270,2.33,0.0044,489.0,0.04526,3506.0,-1.7122,0.386,3.791,1.9740810260220096,1.308332819650179,2.39248978032163,1.896196058197038,0.32208349916911333
TOI-270 d,TOI-270,2.0,0.0066,383.0,0.0721,3506.0,-1.7122,0.386,5.7410000000000005,1.6486586255873816,1.3609765531356006,1.5929019437940009,2.5162389593414782,0.32208349916911333
TOI-2714 b,TOI-2714,13.72,0.164,1603.0,0.036,5665.0,0.16017,1.07,5.5,5.43372200355424,0.3987761199573678,6.852823795455919,1.2525878102989239,0.8109302162163288
TOI-2719 b,TOI-2719,5.98,0.1618,1710.0,0.102,5762.0,0.43619,1.02,7.959999999999999,3.4307561839036995,0.5698489642154517,6.774555260018726,1.4761213538739446,0.9895411936137477
TOI-2768 b,TOI-2768,2.63,0.1519999999999999,855.0,0.027,4008.0,-0.99801,0.63,4.492,2.1294214739848565,1.1755733298042381,4.5003184297791154,0.9194896100035546,0.5050087384444258
TOI-277 b,TOI-277,2.65,0.1286,587.92,0.0269,4031.0,-1.3504,0.16,4.3867,2.1412419425852827,1.169381359556317,3.3754008266181454,1.6082371918575815,0.30895420772732063
TOI-2796 b,TOI-2796,17.26183028,0.0,1205.0,0.0569,5764.0,0.05538,1.063,4.0,4.947656438394639,0.13976194237515868,5.8664680569332965,1.759322069296821,0.7270653987634059
TOI-2803 A b,TOI-2803 A,18.11371281,0.0,1893.0,0.03185,6280.0,0.33646,1.118,3.7,5.739415660385637,0.2523139286139896,7.67368812926773,1.0859637149963461,0.8087055211942177
TOI-2818 b,TOI-2818,15.27784069,0.0,1376.0,0.0493,5721.0,0.16435,0.977,9.5,5.423443018961046,0.29266961396281993,6.395261598115449,1.6173483423211312,0.8015530544037318
TOI-283 b,TOI-283,2.34,0.0,661.0,0.123,5213.0,-0.33724,0.8,10.4,2.020222182019865,1.3376291891386096,3.4468078929142076,2.924099312953831,0.6151856390902335
TOI-2842 b,TOI-2842,12.84549188,0.0,1471.0,0.0475,5910.0,0.24551,1.1349999999999998,4.7,4.775727064461322,0.2654364635044612,6.662877235521921,1.5154361522753415,0.8175747589349973
TOI-286 b,TOI-286,1.42,0.0,979.0,0.0503,5152.0,-0.41364,0.8319999999999999,4.51,1.7101878155342436,2.2648832258100344,4.474698108881964,1.706877532461316,0.5766133643039938
TOI-286 c,TOI-286,1.88,0.0,475.0,0.213,5152.0,-0.41364,0.8319999999999999,3.45,1.551808799597464,1.4085449700547104,3.15460180208119,3.697884437276651,0.5766133643039938
TOI-2876 b,TOI-2876,9.6397234,0.13,929.0,0.0654,5271.0,-0.27654,0.939,3.8,4.007893558921076,0.2851789422336624,4.829912458665998,1.9878254565482114,0.6275414234619514
TOI-2886 b,TOI-2886,18.6405349,0.11,1978.0,0.02871,6240.0,0.32222,1.229,1.7,6.100228745709445,0.3199072197465178,7.848153086199526,0.9562807836259738,0.80692219481879
TOI-2969 b,TOI-2969,12.32987877,0.0,1186.0,0.0261,4738.0,-0.58503,0.71,7.766999999999999,5.912640342083472,0.7419373447293773,5.948034989180646,1.0380532522009087,0.5306282510621704
TOI-2977 b,TOI-2977,13.15934334,0.0,1544.0,0.03386,5691.0,0.03703,0.9360000000000002,9.8,6.28217650686188,0.8241754429663495,6.855198028243461,1.2091279138862174,0.7289968334536425
TOI-2981 b,TOI-2981,13.4,0.035,1358.0,0.048,5940.0,0.11594,1.03,4.5,6.459904454377535,0.9001613499442714,6.323670553439229,1.5263825546171899,0.7323678937132266
TOI-2986 b,TOI-2986,9.292245,0.14,1622.0,0.04489,5906.0,0.36773,1.122,6.3,4.581080707708149,0.5068176023684519,7.053585727193677,1.453571207744692,0.8993480111438429
TOI-2989 b,TOI-2989,12.55405838,0.0,1001.0,0.0384,4672.0,-0.73755,0.77,4.675000000000001,6.861172159546718,1.308332819650179,4.8283137373023015,1.4165403058657178,0.5653138090500605
TOI-2992 b,TOI-2992,13.75341932,0.089,1726.0,0.0434,6000.0,0.4456,1.21,4.6,6.965428344825466,1.172482137234565,7.3031700512368,1.3882454564948092,0.9341306500024861
TOI-3023 b,TOI-3023,16.43236571,0.0,1596.0,0.0505,5760.0,0.44404,1.12,7.0,5.288537763437058,0.21913552991667093,6.98933526597456,1.589540689063853,0.9813291280533772
TOI-3071 b,TOI-3071,7.16,0.09,2155.0,0.0249,6177.0,0.41667,1.29,0.95,4.237000862623624,0.7030975114131134,7.8557810840780515,0.8184300222321268,0.8372475245337022
TOI-3082 b,TOI-3082,3.6621,0.1617,1032.78,0.102,4263.0,-0.86121,0.6639999999999999,7.362999999999999,2.639057329615259,0.8960880245566356,4.887699003199072,1.0739462340584052,0.5215875064100213
TOI-3135 b,TOI-3135,13.65253849,0.24,1292.0,0.04756,5890.0,0.02119,1.044,1.8,5.794120493152574,0.5306282510621704,6.142037405587356,1.5489569615465033,0.6856189141391538
TOI-3160 A b,TOI-3160 A,13.7646283,0.18,1539.0,0.0505,6190.0,0.3784,1.088,5.5,5.938105447597803,0.5822156198526637,6.839476438228843,1.6036775533764933,0.8527117502312838
TOI-3235 b,TOI-3235,11.39953337,0.029,604.0,0.02709,3388.8,-1.78968,0.3939,6.289,5.3582635966617875,0.5766133643039938,2.7005756695936753,1.2788813015453775,0.31459173775863847
TOI-3261 b,TOI-3261,3.82,0.0,1722.0,0.01714,5068.0,-0.36653,0.861,6.5,3.4436180975461075,1.3862943611198906,7.2909747781429814,0.6329369322539478,0.6146449524049877
TOI-3288 b,TOI-3288,11.2089807,0.0,1059.0,0.0215,3933.0,-0.95861,0.64,8.290000000000001,6.509689635343987,1.2809338454620645,5.480638923341991,0.8894799124668806,0.5128236264286637
TOI-329 b,TOI-329,4.94057819,0.39,1213.02,0.0638,5614.0,0.3251,1.0678,8.7,3.7232808808312687,1.0438040521731147,6.3593574092605705,1.902762535712071,0.929246443034371
TOI-332 b,TOI-332,3.2,0.0,1871.0,0.0159,5251.0,-0.22143,0.8800000000000001,5.0,4.063885354737392,2.3608540011180215,8.338382265141485,0.5749479332995278,0.6259384308664953
TOI-3321 b,TOI-3321,15.55806521,0.054,1616.0,0.047,5850.0,0.40483,1.041,8.1,5.176584313158255,0.22713557258374723,6.876181017065547,1.5374078261333886,0.9357011253939784
TOI-333 b,TOI-333,4.26,0.0,1445.0,0.049,6241.0,0.21559,1.2,1.0,3.0492730404820207,0.8837675401685949,6.479271103375489,1.5655383328367294,0.7419373447293773
TOI-3331 A b,TOI-3331 A,12.97999965,0.0,1488.0,0.03144,5609.0,-0.09313,1.016,2.1,6.582676566404686,1.0367368849500223,6.7086943981838845,1.1046020143919115,0.6688544879909007
TOI-3353.01,TOI-3353,2.6667555,0.00809,1264.36,0.060118218,6365.0,-0.0264,1.332089,1.6,2.150598735996164,1.1631508098056809,5.749528645495884,1.7344474847732136,0.7034439860373134
TOI-3364 b,TOI-3364,12.22899794,0.0,1264.0,0.0675,5706.0,0.28556,1.186,5.4,6.276217533390927,0.9555114450274365,6.054439346269371,1.928166776609155,0.8833542316278902
TOI-3464 b,TOI-3464,13.7646283,0.25,1693.0,0.0515,6370.0,0.55871,1.3630000000000002,2.1,5.987169106774036,0.6043159668533296,7.223295679562314,1.5372019592666153,0.9400072584914712
TOI-3474 b,TOI-3474,14.67255574,0.13,1451.0,0.0502,6020.0,0.26951,1.121,4.7,5.272360011892237,0.29042829811980614,6.608000625296087,1.585044907456885,0.8135933336358124
TOI-3486 b,TOI-3486,10.5700688,0.078,1190.0,0.03138,4930.0,-0.4828,0.8370000000000001,5.8,4.60679349750472,0.3784364357202451,5.814130531825066,1.1686920071006688,0.5810976767513224
TOI-3493 b,TOI-3493,3.22,0.0289999999999999,1102.0,0.102,5844.0,0.19294,1.023,7.3,2.299580583973747,0.9042181506398859,5.5053315359323625,2.214787956467141,0.8011043220650376
TOI-3523 A b,TOI-3523 A,15.9727975,0.047,1984.0,0.03559,6450.0,0.51455,1.131,4.3,6.07861635038113,0.461845441544272,7.85979918056211,1.1953122658928004,0.8952713646500796
TOI-3568 b,TOI-3568,5.3,0.035,899.0,0.0485,4969.0,0.33,0.78,6.1,3.3105430133940246,0.6830968447064438,4.876327218979577,1.6897202836937173,0.5417427264007122
TOI-3593 b,TOI-3593,11.02963701,0.105,1170.0,0.0481,5550.0,-0.14146,1.015,1.8,6.339891053833693,1.1969481893889715,5.733341276897746,1.573040842645111,0.6512829764612464
TOI-3629 b,TOI-3629,8.29464572,0.05,690.0,0.043,3870.0,-1.12494,0.63,7.0,4.4264667058937635,0.5877866649021191,3.6888794541139363,1.596666909222321,0.4700036292457356
TOI-3682 b,TOI-3682,12.80065596,0.22,1657.0,0.048,5703.0,0.45788,1.32,4.2,4.25258106554995,0.16636153721522526,7.138073034044347,1.469311241553586,1.0061314358739446
TOI-3688 A b,TOI-3688 A,13.08088048,0.0,1534.0,0.0456,5950.0,0.2833,1.199,3.3,5.7445143494677975,0.5653138090500605,6.830118009254985,1.44599502680853,0.833778310299691
TOI-3693 b,TOI-3693,12.59889431,0.0,801.0,0.0813,5321.0,-0.3439,0.867,3.0,5.784394174699796,0.636576829071551,4.242764567340374,2.3113977472355547,0.5827741230785748
TOI-3714 b,TOI-3714,11.32107051,0.03,750.0,0.027,3660.0,-1.40671,0.53,2.9,5.409321409555913,0.6151856390902335,4.007333185232471,1.1489406343089972,0.412109650826833
TOI-375 b,TOI-375,10.77183045,0.087,1373.0,0.099,5259.9,0.75997,1.441,2.94,5.471354973916142,0.7114781372446687,6.387384242372615,2.3470506815562566,1.3609765531356006
TOI-375 c,TOI-375,13.4,0.21286,596.0,0.524,5259.9,0.75997,1.441,2.94,6.507794929560369,0.9282193027394289,3.094219220268645,4.757891273005756,1.3609765531356006
TOI-375 d,TOI-375,13.6,0.1428,434.0,0.984,5259.9,0.75997,1.441,2.94,6.101653098892361,0.6795552270404783,1.9401794743463283,5.700109069289892,1.3609765531356006
TOI-3757 b,TOI-3757,12.0,0.14,759.0,0.03845,3913.0,-1.06048,0.64,7.1,4.457829598089382,0.23901690047049992,4.032469158504013,1.4903734811408855,0.4824261492442927
TOI-3785 b,TOI-3785,5.14,0.11,582.0,0.043,3576.0,-1.43533,0.52,8.0,2.7694588292308535,0.4762341789963716,3.0007198150650303,1.736024271547118,0.4054651081081644
TOI-3807 b,TOI-3807,18.49481816,0.0,1646.0,0.0421,5772.0,0.33244,1.181,5.6,5.803753120869158,0.25386672395705034,7.115582126184454,1.3607131081806154,0.9034081060431414
TOI-3819 b,TOI-3819,13.13692538,0.0,1633.0,0.04611,5859.0,0.39967,1.2419999999999998,4.5,5.868702193300388,0.6151856390902335,7.079184394609668,1.4455802283806822,0.9313763692921959
TOI-3837 b,TOI-3837,10.87271128,0.221,1178.0,0.099,5905.0,0.19618,0.89,11.2,5.239197525172031,0.598836501088704,4.934941449727056,2.556347079115621,0.7884573603642702
TOI-3856 b,TOI-3856,13.59649359,0.083,1544.0,0.0325,5622.0,0.00087,1.096,2.6,5.151135165757803,0.31554040058017735,6.856461984594587,1.1130421818447294,0.7202758479481979
TOI-3877 b,TOI-3877,11.67975789,0.22,1445.0,0.0529,5731.0,0.3075,1.16,5.9,4.613119702685525,0.29416103854949005,6.593044534142437,1.6338565362734696,0.8940451229268354
TOI-3884 b,TOI-3884,6.43,0.06,441.0,0.0361,3180.0,-2.03152,0.298,8.200000000000001,3.5142284036242013,0.5128236264286637,1.986503546020567,1.7128213790177256,0.2639015437863775
TOI-3894 b,TOI-3894,15.27784069,0.05,1531.0,0.05354,6000.0,0.41896,1.138,5.7,5.566890369692183,0.33647223662121295,6.306098263981105,1.674202657981,0.9170904120447194
TOI-3912 b,TOI-3912,14.28024141,0.0,1512.0,0.0463,5725.0,0.27323,1.088,7.5,4.867829278066574,0.21752781252857406,6.7721646246757885,1.5026600372410819,0.8721298360883852
TOI-3919 b,TOI-3919,12.31866979,0.259,1198.0,0.0795,6100.0,0.33606,1.208,3.1,7.11815737696356,1.5325568680981427,5.222094852633533,2.1321803283398695,0.8411360582733945
TOI-3976 A b,TOI-3976 A,12.27383387,0.0,1295.0,0.0743,5975.0,0.41296,1.254,3.8,4.036361771559287,0.1527210870176639,6.152732694704104,2.029155897337152,0.9166906518954819
TOI-3980 b,TOI-3980,14.4595851,0.16,1621.0,0.0494,5840.0,0.44248,1.2400000000000002,4.7,5.239197525172031,0.22314355131420976,7.050989447068045,1.5279947278837966,0.9654617758806043
TOI-3984 A b,TOI-3984 A,7.9,0.23,563.0,0.041,3476.0,-1.57408,0.49,2.9,3.8066624897703196,0.3987761199573678,2.8735646395797834,1.677718049986554,0.3852624007906449
TOI-4010 b,TOI-4010,3.02,0.03,1441.0,0.0229,4960.0,-0.3996,0.8800000000000001,6.1,2.4849066497880004,1.1631508098056809,6.5722825426940075,0.8537065664054899,0.6043159668533296
TOI-4010 c,TOI-4010,5.93,0.03,907.0,0.058,4960.0,-0.3996,0.8800000000000001,6.1,3.0591764461105257,0.4054651081081644,4.727387818712341,1.8585850605257013,0.6043159668533296
TOI-4010 d,TOI-4010,6.18,0.07,650.0,0.1129999999999999,4960.0,-0.3996,0.8800000000000001,6.1,3.667400422436812,0.6418538861723948,3.4339872044851463,2.7542248843894783,0.6043159668533296
TOI-4010 e,TOI-4010,13.3,0.26,174.0,1.5700000000000005,4960.0,-0.3996,0.8800000000000001,6.1,6.541029999189903,0.9631743177730056,0.13976194237515868,6.637258031284457,0.6043159668533296
TOI-406 c,TOI-406,1.32,0.032,584.0,0.0322,3392.0,-1.71444,0.408,5.747999999999999,1.1249295969854831,1.7749523509116738,2.995732273553991,1.460343992286096,0.3435897043900769
TOI-406.01,TOI-406,2.08,0.056,368.0,0.0809,3392.0,-1.71444,0.408,5.112699999999999,2.0241930674493576,1.62924053973028,1.3862943611198906,2.651527961331208,0.3435897043900769
TOI-4087 b,TOI-4087,13.04725353,0.0,1458.0,0.04469,6060.0,0.17609,1.178,0.8,5.451101700964683,0.4510756193602167,6.626585290145579,1.4297090317489114,0.7476353658440151
TOI-411 b,HD 22946,1.362,0.126,1241.0,0.05727,6169.0,0.20919,1.098,2.5,2.688527534613346,2.993730270883318,6.206856129399975,1.6174646121163934,0.7499999921527281
TOI-411 c,HD 22946,2.328,0.16,931.0,0.1017,6169.0,0.20919,1.098,2.5,2.372111155642656,1.423108334242607,5.061011501421323,2.358311431904009,0.7499999921527281
TOI-4137 b,TOI-4137,13.57407563,0.0,1570.0,0.05222,6202.0,0.43933,1.3130000000000002,2.1,6.1283373331047475,0.6981347220709844,6.921658184151129,1.5689517365204648,0.8911780310590798
TOI-4145 A b,TOI-4145 A,13.30506009,0.0,1074.0,0.04823,5281.0,-0.28735,0.905,4.7,4.92483202348851,0.2776317365982795,5.4116460518550396,1.6226389539974437,0.620038708739307
TOI-4153 b,TOI-4153,16.11851425,0.039,1669.0,0.06311,6860.0,0.71349,1.572,0.4,5.9040058011092125,0.39001300354924273,7.100857844623054,1.7258714334606535,0.9574326752053302
TOI-4155 b,TOI-4155,3.21,0.0659999999999999,1255.0,0.102,5724.0,0.0658,1.16,2.2161,2.4336133554004498,1.0043016091968684,6.376322104055654,1.4634241380193393,0.6678293725756554
TOI-4184 b,TOI-4184,2.43,0.047033,412.0,0.0336,3238.0,-2.2644,0.2109,6.7,2.012232791986386,1.247032293786383,1.7578579175523736,1.7752879556070669,0.2108280255915609
TOI-4201 b,TOI-4201,13.67495645,0.041,725.0,0.04,3794.0,-1.11919,0.61,1.4,6.671038082850597,1.0367368849500223,3.832979798087693,1.522117993304785,0.48858001481867097
TOI-421 b,TOI-421,2.64,0.13,922.0,0.0554,5291.0,-0.26777,0.833,10.9,2.0412203288596382,1.1118700153400058,5.04709579109903,1.8241582478612963,0.6237971024251521
TOI-421 c,TOI-421,5.09,0.19,635.0,0.117,5291.0,-0.26777,0.833,10.9,2.714694743820879,0.4637069718412866,3.564449375735759,2.837178472533867,0.6237971024251521
TOI-4214 b,TOI-4214,10.68215861,0.17,1642.0,0.05018,6370.0,0.48287,1.382,1.1,5.113617613926826,0.5538851132264376,7.099201743553092,1.5021618967101682,0.8895359945653354
TOI-4308 b,TOI-4308,2.4189,0.0,763.05,0.102,5243.0,-0.36795,0.9,1.3299999999999998,2.005525858729668,1.252762968495368,4.0317880755558395,2.317592023611084,0.5841132595358101
TOI-431 b,TOI-431,1.28,0.0,1862.0,0.0113,4850.0,-0.56509,0.78,4.7975,1.4036429994545037,2.1972245773362196,7.659853917694649,0.3988076630840392,0.5486992761940722
TOI-431 c,TOI-431,1.49,0.0,867.0,0.052,4850.0,-0.56509,0.78,5.024,1.3428648031925547,1.7404661748405044,4.724861515233047,1.766339091881144,0.5486992761940722
TOI-431 d,TOI-431,3.29,0.0,633.0,0.098,4850.0,-0.56509,0.78,5.1770000000000005,2.388762789235098,0.8586616190375187,3.3795923309764295,2.5997988443200475,0.5486992761940722
TOI-4329 b,TOI-4329,16.81347105,0.068,2027.12,0.102,6000.0,0.79931,1.538,2.39,4.969971503380563,0.1527210870176639,8.29194031704347,1.366678216434748,1.1969481893889715
TOI-4336 A b,TOI-4336 A,2.137,0.0,309.4,0.0849,3307.0,-1.95861,0.3059999999999999,6.7,1.4655675420143985,1.0543120297715298,0.9282193027394289,2.852805510914187,0.28216689176367077
TOI-4336 A c,TOI-4336 A,1.251,0.0,399.5,0.05092,3307.0,-1.95861,0.3059999999999999,6.7,0.9360933591703346,1.6770965609079151,1.6563214983329508,2.1502804082689124,0.28216689176367077
TOI-4342 b,TOI-4342,2.329,0.0,639.0,0.0519,3866.0,-1.12494,0.587,3.5029999999999992,2.1162555148025524,1.430311246536665,3.3603753871419,1.877670952667593,0.4687528473440829
TOI-4342 c,TOI-4342,2.349,0.0,514.0,0.0804,3866.0,-1.12494,0.587,4.788,1.7578579175523736,1.1019400787607843,2.533696813957432,2.458619312132613,0.4687528473440829
TOI-4364 b,TOI-4364,2.01,0.29,488.0,0.04753,3528.0,-1.51215,0.487,0.71,1.7404661748405044,1.430311246536665,2.6625506170308437,1.8600439342988664,0.3841733726405422
TOI-4377 b,TOI-4377,15.10970598,0.045,1162.08,0.0579,4974.0,0.82217,1.36,3.88,5.72084208023388,0.6318035503188933,6.068385309655161,1.6823316190943525,1.5085119938441398
TOI-4379 b,TOI-4379,16.69017226,0.018,1869.38,0.102,6020.0,0.63749,1.372,4.51,5.871393631533517,0.34924742810993575,7.9680044573171855,1.4477468754328569,1.0905801169708456
TOI-4406 b,TOI-4406,11.2089807,0.15,904.0,0.201,6219.0,0.36173,1.19,2.9,4.5679720558740255,0.3162695293036934,4.077628965141252,3.4366816357588896,0.8285518175661483
TOI-4438 b,TOI-4438,2.52,0.14,435.0,0.0534,3422.0,-1.76802,0.368,5.1,1.8562979903656263,1.0473189942805592,1.9459101490553132,2.133726107750072,0.3162695293036934
TOI-444 b,TOI-444,2.77,0.014,609.0,0.133,5225.0,-0.41794,0.96,0.57,2.2082744135228043,1.128171090909654,3.1974233573337765,2.9425213522209215,0.5760514086836981
TOI-4443.01,TOI-4443,1.7193265,0.0,1638.82,0.029962645,5834.0,0.03349,1.049133,3.224,1.5260563034950494,1.587192303486781,7.086077515813252,1.047268712314688,0.7017748549103029
TOI-4463 A b,TOI-4463 A,13.26022417,0.0,1395.0,0.04036,5640.0,0.01115,1.056,4.1,5.534794647906262,0.4668737362368079,6.452048954437226,1.3560206518932338,0.7236763855947682
TOI-4465 b,TOI-4465,14.01122587,0.24,427.0,0.4159999999999999,5545.0,-0.07267,0.9300000000000002,6.259,7.535301676927178,1.5539252025038417,4.879219756708576,4.634151539985087,0.7001227942963706
TOI-4479 b,TOI-4479,2.82,0.16429,861.0,0.0164,3400.0,-1.60432,0.4519999999999999,3.188,2.2353763433005955,1.11514159061932,4.537961436294641,0.7695988327202764,0.3722529739020508
TOI-4487 A b,TOI-4487 A,14.60530185,0.083,1639.0,0.05448,6206.0,0.55267,1.378,2.45,5.987169106774036,0.5306282510621704,7.093404625868766,1.6002096426320964,0.9685036033210892
TOI-4495 b,TOI-4495,2.483,0.078,1735.0,0.03957,6210.0,0.36656,1.247,1.9,2.1633230256605382,1.3110318766193438,6.910032683726177,1.2717221028965142,0.8368145303723583
TOI-4495 c,TOI-4495,4.03,0.023,1365.0,0.06323,6210.0,0.36656,1.247,1.9,3.186352633162641,1.0647107369924282,5.851127189213062,1.82221269336153,0.8368145303723583
TOI-4504 b,TOI-4504,2.691,0.0,1234.03,0.03392,5315.0,-0.20761,0.89,10.0,2.1644717908644115,1.1537315878891892,6.308197525853703,1.231434263048338,0.6523251860396903
TOI-4504 c,TOI-4504,11.09689089,0.032,182.8,0.3569,5315.0,-0.20761,0.89,10.0,7.088678504274472,1.75958057086382,0.2342021786709435,4.43048495807597,0.6523251860396903
TOI-4504 d,TOI-4504,13.6,0.0445,538.3,0.2219,5315.0,-0.20761,0.89,10.0,6.111989866730946,0.6851150088626811,2.7814293827944043,3.7272199723169637,0.6523251860396903
TOI-4507 b,TOI-4507,8.2,0.09,562.01,0.456,6260.0,0.14922,1.11,0.7,3.044522437723423,0.18232155679395454,3.2018435964706837,4.6598109164547346,0.712949807856125
TOI-451 b,TOI-451,1.91,0.0,1491.0,0.0283,5550.0,-0.1891,0.95,0.12,1.6695918352538475,1.4816045409242156,6.5456197388024755,1.0503680254676262,0.6307397204313283
TOI-451 c,TOI-451,3.1,0.0,875.0,0.0823,5550.0,-0.1891,0.95,0.12,2.379546134130174,1.0331844833456545,4.42505978279123,2.3216543141587827,0.6307397204313283
TOI-451 d,TOI-451,4.07,0.0,722.0,0.1208,5550.0,-0.1891,0.95,0.12,2.8094026953624973,0.8197798314933114,3.66962527639179,2.854455995150593,0.6307397204313283
TOI-4515 b,TOI-4515,12.17,0.461,705.0,0.118,5433.0,-0.23582,0.949,1.2,6.45833828334479,1.078749659571858,3.7681226114630535,2.789104458525208,0.6205764877251099
TOI-4527.01,TOI-4527,0.9086617,0.043,1362.93,0.008332353,3702.0,-1.39838,0.483901,5.095,0.524136637825663,1.80005827204275,6.350025311768526,0.3360753721666463,0.39605295241276367
TOI-4529 b,TOI-4529,1.77,0.0533,511.0,0.102,3697.0,-1.41263,0.482,6.36,1.7749523509116738,1.7578579175523736,2.7478412643954364,1.9285571674969828,0.3920420877760237
TOI-4551 b,TOI-4551,11.85910158,0.101,1655.0,0.0994,4896.0,0.80277,1.31,4.92,6.162397175626655,1.007957920399979,7.129890321922691,2.3938699091548004,1.515127232962859
TOI-4559 b,TOI-4559,1.415,0.030786,554.16,0.0359,3558.0,-1.6925,0.392,7.0,1.2781522025001875,1.7950872593207297,2.8195915758351173,1.6026128747605308,0.3177261938001576
TOI-4582 b,TOI-4582,10.53644186,0.51,614.66,0.102,5190.0,0.612,1.34,4.0521,5.132552325361227,0.5827741230785748,3.547727671357929,3.4667978387461043,1.252762968495368
TOI-4600 b,TOI-4600,6.8,0.25,347.0,0.349,5170.0,-0.37675,0.89,2.3,6.867809763929008,1.269760544863939,1.462305877525986,4.42708245389619,0.5933268452777344
TOI-4600 c,TOI-4600,9.42,0.21,191.0,1.152,5170.0,-0.37675,0.89,2.3,7.988634370787672,1.269760544863939,3.899681157175536,6.181711076520251,0.5933268452777344
TOI-4602.01,TOI-4602,2.550449,0.0,1380.27,0.05099712,6011.9,0.19715,1.116795,3.28,2.084429083190875,1.2029723039923526,6.404721718089594,1.6056726527322152,0.7685514550078224
TOI-4603 b,TOI-4603,11.67975789,0.325,1677.0,0.0888,6264.0,1.01703,1.765,1.64,8.318207516143852,2.714694743820879,7.084226422097916,2.1097270215747805,1.318550709033371
TOI-4633 c,TOI-4633,3.2,0.117,268.57,0.847,5800.0,0.31136,1.1,1.3,4.820281565605037,1.269760544863939,0.9400072584914712,5.609268477814087,0.7178397931503169
TOI-4638.01,TOI-4638,2.933,0.0,779.83,0.093013,5700.0,-0.11858,1.02,1.4336,2.2945529212967815,1.0784095813505903,4.486499256270413,2.4233785959319993,0.6392188385343897
TOI-4641 b,TOI-4641,8.18255591,0.074,950.11,0.173,6560.0,0.69461,1.41,2.69,7.115578824058774,1.269760544863939,5.2656918968849915,3.139547295441991,1.000631880307906
TOI-4666 b,TOI-4666,12.44196858,0.0,713.0,0.0333,3512.0,-1.22185,0.58,6.853,5.409321409555913,0.49469624183610705,4.007333185232471,1.3632603023683936,0.46373401623214017
TOI-469.01,TOI-469,3.41,0.0,716.0,0.111,5289.0,-0.14921,0.901,11.2,2.312535423847214,0.832909122935104,4.3267781604434035,2.683130296849712,0.6830968447064438
TOI-470 b,TOI-470,4.34,0.057,660.0,0.119,5190.0,-0.35799,0.87,1.4,2.91235066461494,0.7747271675523681,3.8233032609184447,2.5795711666514074,0.6048622656923737
TOI-4734 b,TOI-4734,10.9175472,0.12,1468.0,0.074,6070.0,0.62428,1.391,3.2,4.137702713336697,0.23111172096338664,6.654152520183219,1.9790178476177387,1.0497721232486361
TOI-4773 b,TOI-4773,15.22179579,0.024,2255.0,0.03216,6740.0,0.64836,1.452,1.07,7.431695829596985,1.2892326482767593,8.26379842644902,1.0098849311347395,0.9360933591703346
TOI-4791 b,TOI-4791,12.44196858,0.0,1472.0,0.0555,6058.0,0.38021,1.2419999999999998,3.3,6.600120291372722,1.128171090909654,6.664664089858231,1.664092750497491,0.8792117236327345
TOI-4794 b,TOI-4794,14.35870428,0.1,1673.0,0.0492,6390.0,0.49969,1.25,2.7,5.734290841420239,0.4510756193602167,7.1785454837637,1.5185962857582957,0.8964961045459756
TOI-480 b,TOI-480,2.85372018,0.0,1198.94,0.077,6174.0,0.46195,1.2793,2.7,3.0819099697950434,1.776645831418007,6.277622333425695,2.0625745910650637,0.9113585888285927
TOI-481 b,TOI-481,11.09691,0.153,1370.0,0.097,5735.0,0.43457,1.14,6.7,6.1888387013073904,1.085189268335969,5.5378302070120915,2.4275520402323427,0.9783261227936075
TOI-4860 b,TOI-4860,8.7,0.008,694.0,0.01808,3260.0,-1.83565,0.3399999999999999,4.5,4.473921899378137,0.5596157879354227,3.7727609380946383,0.9253531835307054,0.30601302913650436
TOI-4914 b,TOI-4914,12.87,0.408,894.0,0.098,5805.0,0.00903,1.03,5.3,5.429345628954441,0.46373401623214017,2.950117562293119,2.451054234836125,0.6931471805599453
TOI-4940 b,TOI-4940,6.61,0.0820999999999999,643.0,0.165,5504.0,0.04766,1.012,9.8,4.499809670330265,1.269760544863939,3.7247580501488344,3.290928952989524,0.7714961469709217
TOI-4961 b,TOI-4961,12.34108775,0.182,919.0,0.0726,5380.0,-0.20135,0.912,8.0,6.351044748745614,0.9820784724121581,4.7535901911063645,2.137613982886877,0.6481498146292095
TOI-4994 b,TOI-4994,8.54124329,0.319,717.6,0.1515,5640.0,0.0086,1.005,6.3,4.499720265889363,0.5766133643039938,3.713572066704308,3.1131589790656617,0.7202758479481979
TOI-500 b,TOI-500,1.166,0.063,1617.0,0.01189,4440.0,-0.70002,0.74,5.0,0.8837675401685949,1.7732559976634952,7.037905963447182,0.4370781097163631,0.5176026080450145
TOI-500 c,TOI-500,2.09,0.072,648.801,0.102,4440.0,-0.70002,0.74,5.0,1.7967470107390942,1.3937663759585917,3.4546009985144273,2.03282152104461,0.5176026080450145
TOI-500 d,TOI-500,6.35,0.016,540.556,0.102,4440.0,-0.70002,0.74,5.0,3.5298837226234783,0.5370779949100564,2.9079798105663928,3.3044294732208583,0.5176026080450145
TOI-500 e,TOI-500,3.99,0.073,393.4,0.102,4440.0,-0.70002,0.74,5.0,2.775708849576025,0.832909122935104,1.7063073976388101,4.131961425793407,0.5176026080450145
TOI-5005 b,TOI-5005,6.25,0.0186,1040.0,0.06614,5749.0,-0.00451,0.97,2.2,3.517497837358316,0.5538851132264376,5.424950017481403,1.9890386563857512,0.6575200029167942
TOI-5027 b,TOI-5027,10.76062147,0.385,1056.0,0.0929999999999999,5909.0,-0.03058,1.02,0.4,6.4661655360583765,1.3711807233098425,5.257036933627621,2.4198061930163925,0.6523251860396903
TOI-5076 b,TOI-5076,3.48935569,0.0,550.0,0.1481,4780.0,-0.47366,0.7889999999999999,8.4,2.841746426474402,1.1249295969854831,2.6273678444524347,3.196350504003514,0.6119371251344021
TOI-5082.01,TOI-5082,2.54811,0.0,1164.91,0.051204842,5670.0,-0.08961,0.99665,1.9265,2.0831845279586703,1.2029723039923526,5.543566773044463,1.6563447805046674,0.6575200029167942
TOI-5108 b,TOI-5108,6.6,0.1253,1180.0,0.073,5808.0,0.27505,1.1,5.8,3.4965075614664802,0.4700036292457356,4.818546189743249,2.0481548011624486,0.8285518175661483
TOI-512 b,TOI-512,1.54,0.02,1009.0,0.102,5277.0,-0.25696,0.74,8.235,1.5195132049061133,1.8906825087274528,4.852030263919617,2.1027746940373806,0.636576829071551
TOI-5126 b,TOI-5126,4.74,0.0,1442.0,0.06519,6150.0,0.29885,1.2400000000000002,0.8,3.054001181677967,0.712949807856125,6.148468295917647,1.8654495028671654,0.80692219481879
TOI-5126 c,TOI-5126,3.86,0.0,971.0,0.1439,6150.0,0.29885,1.2400000000000002,0.8,2.7212954278522306,0.8586616190375187,4.574710978503383,2.939156631046308,0.80692219481879
TOI-5143 c,TOI-5143,16.25302201,0.0647,904.48,0.05602,5183.0,-0.28635,0.864,7.4,2.3243465847755584,1.269760544863939,5.069938886875185,1.8261144858507423,0.6162661362239876
TOI-5153 b,TOI-5153,11.88151954,0.091,906.0,0.158,6300.0,0.46423,1.2400000000000002,5.4,6.944203505054061,1.47932922708708,3.9230796547783346,3.060115938952031,0.8754687373538999
TOI-5174 b,TOI-5174,5.351,0.2021,808.37,0.102,5643.77,0.03946,1.0,6.604000000000001,3.250374491927572,0.6360475885193725,4.624101845866949,2.5812985170846874,0.7393482817106559
TOI-5181 A b,TOI-5181 A,13.34989601,0.15,1585.0,0.0522,6060.0,0.45788,1.25,4.1,5.803753120869158,0.5653138090500605,6.960347729101308,1.5876481300524123,0.9282193027394289
TOI-519 b,TOI-519,11.54525012,0.33,687.0,0.0159,3322.0,-1.85078,0.3350000000000001,5.4,4.9982560021333535,0.44468582126144574,4.007333185232471,0.817677535110299,0.30010459245033805
TOI-5205 b,TOI-5205,11.6,0.02,737.0,0.0199,3430.0,-1.7122,0.392,6.539999999999999,5.840641657373398,0.7929925155296614,3.912023005428146,0.9672716374734085,0.33217731233833214
TOI-521 b,TOI-521,1.98,0.0,794.0,0.0195,3544.0,-1.5986,0.4199999999999999,0.8,1.840549633397487,1.5686159179138452,4.204692619390966,0.9332856840819796,0.35136084911496357
TOI-5210 b,TOI-5210,10.72699453,0.066,1286.0,0.0557,5723.0,0.15229,1.105,5.3,4.418837342851509,0.31042155942127037,6.124683390894205,1.7166957250851516,0.7925399244379802
TOI-5218 b,TOI-5218,9.86,0.0,783.0,0.0469,4230.0,-0.82391,0.739,6.7,6.489204931325317,1.269760544863939,4.143134726391533,1.6660926883586515,0.5353230953663781
TOI-5232 b,TOI-5232,12.778238,0.035,1772.0,0.05593,6500.0,0.71265,1.3889999999999998,2.37,6.61300625753854,1.085189268335969,7.085784302690734,1.6285872283296376,1.0242478733792473
TOI-5238 b,TOI-5238,5.22,0.2518,1042.0,0.102,5631.0,-0.02335,1.0,5.539000000000001,3.2068032436339315,0.6502396795486688,5.2828229455893885,1.770224412141605,0.704497521041141
TOI-5261 b,TOI-5261,11.60129502,0.1585,1244.0,0.05134,5790.0,0.02078,1.037,4.2,8.203262524819934,2.631888840136646,5.078866987071445,1.6391863665934954,0.7035924384214839
TOI-5293 A b,TOI-5293 A,11.9,0.38,675.0,0.034,3586.0,-1.37414,0.54,2.9,5.1440000061636795,0.44468582126144574,3.572345637857985,1.3687129600731391,0.41871033485818504
TOI-530 b,TOI-530,9.30345398,0.0,565.0,0.052,3659.0,-1.3098,0.53,5.162,4.853056009537661,0.6575200029167942,2.7251694929095986,1.9998025129336632,0.43178241642553783
TOI-5300 b,TOI-5300,9.86390302,0.0,1043.0,0.0295,4610.0,-0.76195,0.67,7.301,5.255916231049055,0.7419373447293773,5.293304824724492,1.1824005882306503,0.5007752879124893
TOI-5301 b,TOI-5301,13.09208946,0.33,1648.0,0.073,6240.0,0.81624,1.483,2.43,7.076080740828868,1.355835153635182,6.065630017608642,1.925540955576535,1.1600209167967532
TOI-5319 b,TOI-5319,2.83,0.201,695.0,0.0506,3580.0,-1.45905,0.5,3.3300000000000005,2.2407096892759584,1.1118575154181303,3.683577925814204,1.6250218496360502,0.3954147722546629
TOI-532 b,TOI-532,5.82,0.0,867.0,0.0296,3927.0,-1.09528,0.639,7.1,4.135166556742356,1.000631880307906,4.554928969551344,1.2019660321048105,0.47747564408443655
TOI-5322 b,TOI-5322,16.6117094,0.055,1350.0,0.0604,5692.0,0.3075,0.998,9.7,5.220478237315371,0.1988508587451652,6.318968113746434,1.8599352269684781,0.9009740277622618
TOI-5340 b,TOI-5340,15.07607904,0.13,1566.0,0.0628,5990.0,0.5955,1.35,3.5,5.6026874634154264,0.35767444427181583,6.912742820493176,1.7816147181431652,1.044508029674909
TOI-5344 b,TOI-5344,10.60369574,0.054,689.0,0.04041,3747.0,-1.21254,0.612,10.9,4.882387470652426,0.47250050944432276,3.6635616461296463,1.5670776520560106,0.46247536282494395
TOI-5349 b,TOI-5349,10.2,0.03,719.0,0.0369,3751.0,-1.20066,0.61,9.0,4.855150391255861,0.5068176023684519,3.817712325956905,1.4627740364180715,0.4574248470388754
TOI-5350 b,TOI-5350,12.41955062,0.0165,1195.0,0.0796,6220.0,0.33445,1.167,3.1,7.647542314467097,1.9501867058225737,5.777277640034581,2.149593224818473,0.8166913666514003
TOI-5386 A b,TOI-5386 A,14.70618268,0.072,1488.0,0.04856,6094.0,0.28488,1.165,3.4,5.050498509903059,0.2374408560150342,6.706862336602747,1.5307335048373893,0.8087055211942177
TOI-5388.01,TOI-5388,0.99,0.105686,488.0,0.024335855,3440.0,-1.94539,0.2919999999999999,4.627,1.1631508098056809,2.5572273113676265,1.4591497634211392,1.2794535281105577,0.26236426446749106
TOI-5398 b,TOI-5398,10.3,0.13,947.0,0.098,6000.0,0.11725,1.146,0.65,4.089332020398556,0.2546422183735807,4.782588072753696,2.45018985209647,0.7183274790902435
TOI-5398 c,TOI-5398,3.52,0.14,1242.0,0.057,6000.0,0.11725,1.146,0.65,2.5494451709255714,0.9162907318741551,5.917826080104081,1.7531416409698148,0.7183274790902435
TOI-540 b,TOI-540,0.903,0.0,611.0,0.01223,3216.0,-2.46092,0.159,1.1,0.5152159720672835,1.7967470107390942,3.1945831322991562,0.8060959276281272,0.17353305076087533
TOI-544 b,TOI-544,2.018,0.0,999.0,0.0225,4169.0,-0.90049,0.631,9.0,1.358409157630355,1.0750024230289759,5.485605734953259,0.9354468757351395,0.4842762885324542
TOI-544 c,TOI-544,4.92,0.32,437.426,0.102,4169.0,-0.90049,0.631,9.0,3.1135153092103742,0.6891391591624065,2.0548068815126515,3.933569209849131,0.4842762885324542
TOI-5489 b,TOI-5489,1.4,0.0365,624.0,0.102,3547.0,-1.60776,0.41,6.916,1.264126727145683,1.8066480817218056,3.262460080829179,1.4236431309723758,0.3506568716131693
TOI-5489 c,TOI-5489,1.28,0.0389999999999999,536.0,0.102,3547.0,-1.60776,0.41,6.4510000000000005,1.1568811967920856,1.9035989509835904,2.6990969063766252,1.7785492640869929,0.3506568716131693
TOI-5542 b,TOI-5542,11.30986153,0.018,441.0,0.332,5700.0,1.057,0.89,10.8,6.041524136739679,0.9555114450274365,2.3608540011180215,4.332360305533998,0.7217346374118578
TOI-5573 b,TOI-5573,9.75,0.072,528.0,0.0712,3790.0,-1.15927,0.619,9.7,4.727387818712341,0.5074198306311578,2.6333266549062735,2.282136413591138,0.46624658036802324
TOI-558 b,TOI-558,12.17295304,0.298,1061.0,0.1291,6466.0,0.54654,1.3490000000000002,1.79,7.046090594879061,1.5040773967762742,5.520882350524438,2.745607416024588,0.9146894505071812
TOI-559 b,TOI-559,12.22899794,0.151,1180.0,0.0723,5925.0,0.22737,1.026,6.8,7.555459767517562,1.9080599249242156,6.00614377807704,2.077428203774579,0.8033459728580209
TOI-5592 b,TOI-5592,17.14974047,0.062,1789.0,0.03935,6237.0,0.4216,1.194,3.6,5.658533117040989,0.1988508587451652,7.44600149832412,1.2833156178999587,0.8725478089262363
TOI-5616 b,TOI-5616,10.78,0.0,939.0,0.0272,3996.0,-0.99268,0.6660000000000001,7.2,6.437751649736401,1.269760544863939,4.927253685157205,1.0995615046866751,0.4983481022548781
TOI-5634 A b,TOI-5634 A,10.42,0.0,837.0,0.0272,3896.0,-1.24489,0.556,7.4,6.3784261836515865,1.269760544863939,4.356708826689592,1.1642556055440596,0.43178241642553783
TOI-564 b,TOI-564,11.43318,0.072,1714.0,0.02734,5640.0,0.03262,0.998,7.3,6.144154067103807,0.9932517730102834,7.261225091971921,0.9749912449565168,0.7362066700203923
TOI-5678 b,TOI-5678,4.91,0.14,513.0,0.249,5485.0,-0.13069,0.905,8.5,3.044522437723423,0.6564831961883539,1.5762740196556668,3.88629937151791,0.6616565134685745
TOI-5688 A b,TOI-5688 A,10.3,0.128,742.0,0.03379,3713.0,-1.22841,0.6000000000000001,7.2,4.8283137373023015,0.4762341789963716,3.937690752176724,1.373248449571942,0.4510756193602167
TOI-5704 b,TOI-5704,3.2274,0.0365,949.07,0.102,4590.0,-0.63927,0.73,7.614,2.4423470353692043,1.000631880307906,4.836792094244123,1.5625802397994986,0.5638923447026829
TOI-5713 b,TOI-5713,1.77,0.24,347.2,0.06008,3225.0,-2.05849,0.2653,4.5,1.5644405465033646,1.55814461804655,1.1803151559752607,2.437289834475485,0.2617486904252765
TOI-5716 b,TOI-5716,0.96,0.0601,400.0,0.102,3436.0,-2.24692,0.19,3.15,0.6097655716208943,1.827769906751088,1.4837159467010597,2.0497938604886747,0.1988508587451652
TOI-5720 b,TOI-5720,1.09,0.060426,708.0,0.018288,3325.0,-1.79183,0.383,5.0,1.667706820558076,1.269760544863939,3.754198920234579,0.8897231175661842,0.32425505268262117
TOI-5726.01,TOI-5726,2.554,0.0,1093.03,0.062186,5874.0,0.11832,1.06,3.688,2.085672091430472,1.2029723039923526,5.828798547972468,1.870435892421426,0.7447904137117838
TOI-5728 b,TOI-5728,1.31,0.0273,382.0,0.102,3419.0,-1.74669,0.36,6.339699999999999,1.184789984909162,1.8794650496471605,1.5067405141957577,2.525537426027205,0.31481073984003355
TOI-5734 b,TOI-5734,2.76,0.0632,788.0,0.0607,4790.0,-0.69494,0.736,6.058,2.2027647577118348,1.1314021114911006,4.049657468932862,1.971886411282449,0.5353230953663781
TOI-5736 b,TOI-5736,1.56,0.098,1311.0,0.102,3949.0,-1.1332,0.57,3.895,1.3987168811184478,1.6882490928583902,6.203512165617618,0.5001629792776914,0.4574248470388754
TOI-5786 b,TOI-5786,8.54,0.14493,1040.0,0.114,6235.0,0.39733,1.23,2.5,4.304065093204169,0.49469624183610705,5.928157267681155,2.623153459421778,0.8586616190375187
TOI-5788 b,TOI-5788,1.528,0.061,910.0,0.064,5615.0,-0.14752,0.87,5.72,1.551808799597464,1.907193228976987,5.171052015502161,1.9934421070492385,0.6259384308664953
TOI-5788 c,TOI-5788,2.272,0.046,667.0,0.1197,5615.0,-0.14752,0.87,5.72,2.0014800002101243,1.3943838031771765,3.927896354584436,2.8456859426846233,0.6259384308664953
TOI-5789 b,TOI-5789,1.26,0.0,1201.0,0.03608,5185.0,-0.32883,0.821,9.4,1.1378330018213914,1.9198594718553708,6.208497166942956,1.32539985913908,0.6059539688575679
TOI-5789 c,TOI-5789,2.86,0.067,718.0,0.1009,5185.0,-0.32883,0.821,9.4,1.791759469228055,0.7701082216960736,2.27412388817201,2.6338831092522352,0.6059539688575679
TOI-5789 d,TOI-5789,1.91,0.096,545.0,0.1756,5185.0,-0.32883,0.821,9.4,1.665818245870208,1.4770487243883548,2.894633887022862,3.4226326623822203,0.6059539688575679
TOI-5789 e,TOI-5789,3.43,0.071,424.0,0.2901,5185.0,-0.32883,0.821,9.4,2.534490149976828,0.9477893989335261,1.8947409335212844,4.158570534521372,0.6059539688575679
TOI-5795 b,TOI-5795,5.62,0.25,1136.78,0.064,5715.0,0.05308,0.901,10.2,3.2051824977361982,0.5481214085096876,5.487598399907498,1.9658013578622087,0.7333289701927772
TOI-5799 b,TOI-5799,1.733,0.0942699999999999,505.0,0.0348,3452.0,-1.82974,0.325,9.6,1.536867219599265,1.578978704949392,2.558002204858551,1.6418096478707387,0.2783890255401883
TOI-5799 c,TOI-5799,1.76,0.0832,337.0,0.0782,3452.0,-1.82974,0.325,9.6,1.55814461804655,1.5644405465033646,1.1636610394743563,2.7087465585890467,0.2783890255401883
TOI-5800 b,TOI-5800,2.46,0.3,1108.0,0.0344,4850.0,-0.51004,0.7779999999999999,8.1,2.3513752571634776,1.4951487660319727,5.617363649345871,1.28864950307403,0.5726730270920708
TOI-5803 b,TOI-5803,3.2732,0.0,678.87,0.102,5134.0,-0.43899,0.87,1.719,2.4595888418037104,0.9858167945227653,4.313774560157658,1.8536460395504624,0.5667332557042867
TOI-5817 b,TOI-5817,3.08,0.2,950.0,0.1223,5770.0,0.31175,0.97,9.7,2.424802725718295,1.0750024230289759,4.850960942399091,2.810023586906793,0.8866559267444644
TOI-5938 b,TOI-5938,3.82,0.0356999999999999,1077.0,0.0308,4650.0,-0.70991,0.744,7.077000000000001,2.70805020110221,0.8671004876833832,5.522552322063948,1.1818572482710654,0.5376622777195503
TOI-6000 b,TOI-6000,0.94,0.0411,1120.0,0.102,3419.0,-1.75585,0.37,5.619,0.5760514086836981,1.8164520818184267,5.559712700215191,0.3708453675621022,0.32208349916911333
TOI-6002 b,TOI-6002,1.65,0.15,321.4,0.05722,3229.0,-2.23508,0.2101,6.35,1.4724720573609429,1.631199404215613,0.986674635427245,2.476943444126503,0.21768870063124585
TOI-6008 b,TOI-6008,1.03,0.06567,707.0,0.010777,3075.0,-2.32873,0.23,3.0,1.6094379124341003,1.269760544863939,3.7495040759303713,0.6191963422139062,0.21672298351128702
TOI-6016 b,TOI-6016,13.67495645,0.0,1890.0,0.055,6110.0,0.4609,1.31,0.3,5.921200965548348,0.5933268452777344,6.846943139585379,1.6141641262696984,0.9202827531436926
TOI-6029 b,TOI-6029,14.39233122,0.091,1484.0,0.102,6223.0,0.79934,1.548,2.31,6.255076965845212,0.6719235441083187,6.694307075520643,1.916731417434922,1.2053718252396433
TOI-6034 b,TOI-6034,11.92,0.04,714.0,0.02949,3635.0,-1.4034,0.514,7.8,5.541263545158426,0.598836501088704,3.784189633918261,1.2742963101262514,0.3981047537018719
TOI-6038 A b,TOI-6038 A,6.41,0.0803,1439.0,0.069,6110.0,0.53275,1.291,3.65,4.375757021660286,0.9631743177730056,6.57507584059962,1.9208459499352177,0.9738046380747618
TOI-6041 b,TOI-6041,4.55,0.1875,605.6,0.1651,5445.0,-0.21254,0.8850000000000001,7.9,3.3978584803966405,1.0260415958332743,3.152736022363656,3.2976666723685875,0.6307397204313283
TOI-6041 c,TOI-6041,10.5,0.19421,403.5,0.3721,5445.0,-0.21254,0.8850000000000001,7.9,4.368181227851829,0.31481073984003355,1.6900958154515549,4.48863636973214,0.6307397204313283
TOI-6054.01,TOI-6054,2.64,0.164,1360.0,0.0763,6047.0,0.52244,1.1069999999999998,6.0,2.6026896854443837,1.547562508716013,6.3473892096560105,2.140234149385851,0.9790777199729199
TOI-6054.02,TOI-6054,2.82,0.332,1143.0,0.1079,6047.0,0.52244,1.1069999999999998,6.0,2.33214389523559,1.1786549963416462,5.655991810819852,2.6073923881616383,0.9790777199729199
TOI-6086 b,TOI-6086,1.18,0.0279259999999999,634.0,0.01541,3200.0,-2.19791,0.254,2.0,1.0152306797290587,1.9300710850255671,3.3250360206965914,0.8708214973087484,0.2303177550622101
TOI-6109 b,TOI-6109,4.8704,0.0876,700.0,0.0599,5660.0,-0.05453,1.03,0.075,3.0955776085237074,0.6931471805599453,3.7122321450198164,1.9006850225806262,0.7035924384214839
TOI-6109 c,TOI-6109,4.8326,0.1131,786.0,0.0786,5660.0,-0.05453,1.03,0.075,3.0819099697950434,0.6981347220709844,4.164978530816702,2.255375868480696,0.7035924384214839
TOI-6130 b,TOI-6130,14.3474953,0.036,1750.0,0.036,6110.0,0.4609,1.31,0.3,5.813293845632116,0.49469624183610705,7.048386408721883,1.2216198747837295,0.9202827531436926
TOI-615 b,TOI-615,18.97680433,0.39,1666.0,0.0678,6850.0,0.7679,1.449,1.7,4.9363093488034995,0.08065790301745447,7.160069207596127,1.7337062375109173,1.0050339417085437
TOI-620 b,TOI-620,3.76,0.22,603.6,0.04825,3708.0,-1.28819,0.577,7.2,2.681021528714291,0.8796267475025636,3.0819099697950434,1.8080949655149152,0.4382549309311553
TOI-622 b,TOI-622,9.2362001,0.42,1388.0,0.0708,6400.0,0.47407,1.3130000000000002,0.9,4.577819619194987,0.41012091964435843,6.401917196727186,2.0018195371555256,0.881699287104536
TOI-6223 b,TOI-6223,5.07,0.0822199999999999,714.0,0.04018,3895.0,-1.12203,0.5819999999999999,9.8,3.1612467120315646,0.6693666518945418,3.7580463104646435,1.5800542088618892,0.45488999143568737
TOI-6255 b,TOI-6255,1.079,0.0,1256.46,0.102,3421.0,-1.77344,0.353,7.85,0.8919980393051105,1.9878743481543455,6.3801130453292965,0.21364453012551282,0.31481073984003355
TOI-628 b,TOI-628,11.88154,0.072,1586.0,0.0486,6250.0,0.39445,1.311,1.28,7.607313812822552,2.0255131996542803,6.960252847939891,1.4837766120869682,0.8522854018982426
TOI-6303 b,TOI-6303,11.59,0.02,541.0,0.0761,3977.0,-1.08672,0.644,6.4,7.821643126239982,2.2844211223663744,2.7265447837383743,2.3499681724458297,0.47561286801024616
TOI-6324 b,TOI-6324,1.059,0.0,1216.0,0.102,3247.0,-1.99802,0.269,2.817,0.7747271675523681,1.8578592709325787,5.653229257221325,0.24625129891317693,0.25696509978972043
TOI-6330 b,TOI-6330,10.89,0.34,495.0,0.05763,3539.0,-1.43168,0.531,7.6,8.064636475774222,2.6789646202071133,2.395164274287139,2.0605166655473686,0.3987761199573678
TOI-6383 A b,TOI-6383 A,11.29,0.05,745.0,0.02292,3444.0,-1.48678,0.4580000000000001,6.58,5.805134968916488,0.8153648132841945,3.9569963710708773,1.0262519500513603,0.3763795272130677
TOI-640 b,TOI-640,19.2794468,0.013,1816.0,0.06608,6460.0,0.83442,1.536,1.99,5.2048974550054385,0.12927233570413918,7.048490660455162,1.7923887711760416,1.125578736897924
TOI-6420 b,TOI-6420,11.93756445,0.078,1213.0,0.0753,6020.0,0.31175,1.165,4.4,7.8660294186365896,2.2407096892759584,4.678597212064934,2.074618429149611,0.838112950810131
TOI-6448 b,TOI-6448,8.47398941,0.2,745.0,0.131,5910.0,-0.04191,1.03,0.034,4.007333185232471,0.3974329364109001,3.371260374576841,2.76280735273684,0.6402736909528771
TOI-6478 b,TOI-6478,4.6,0.1609999999999999,204.4,0.1136,3230.0,-2.24244,0.23,6.0,3.005682604407159,0.7323678937132266,0.00029995500899797546,3.555491451208616,0.21026092548319608
TOI-654.01,TOI-654,2.378,0.0,794.0,0.01944,3521.0,-1.60906,0.4189999999999999,2.73,2.2731562823032334,1.5238800240724537,4.189654742026425,0.9272548061415335,0.35767444427181583
TOI-663 b,TOI-663,2.27,0.1639999999999999,674.0,0.0295,3681.0,-1.37033,0.514,2.5035,1.695615608675153,1.1216775615991057,3.914021008090819,1.2806287989401046,0.4134332777573413
TOI-663 c,TOI-663,2.26,0.1152,553.0,0.0437,3681.0,-1.37033,0.514,3.755500000000001,1.536867219599265,1.0043016091968684,3.148453360571655,1.7396852910827603,0.4134332777573413
TOI-663 d,TOI-663,1.92,0.0522399999999999,482.0,0.0576,3681.0,-1.37033,0.514,3.712,1.8245492920510458,1.6094379124341003,2.631888840136646,2.092200647002506,0.4134332777573413
TOI-6651 b,TOI-6651,5.09,0.091,1493.0,0.0633,5940.0,0.52244,1.323,3.71,4.127134385045092,1.2584609896100059,6.706862336602747,1.8012101703365717,1.0009994598011094
TOI-669 b,TOI-669,2.58606487,0.0,1124.85,0.048,5597.0,-0.06248,0.9245,7.9,2.3978952727983707,1.4279160358107101,5.96409335031185,1.5984077027215817,0.6872297067959077
TOI-6692 b,TOI-6692,11.67975789,0.537,467.0,0.512,5890.0,0.31806,1.0469999999999997,7.8,5.288537763437058,0.5187937934151676,5.2114148927191515,4.8837484441904015,0.8691991243403046
TOI-6695 b,TOI-6695,9.52763359,0.04,599.0,0.4019999999999999,6400.0,0.54033,1.338,2.1,4.215735385239287,0.3435897043900769,4.465200972133684,4.399240128741784,0.9230677161531788
TOI-6695 c,TOI-6695,13.6,0.022,415.0,0.8379999999999999,6400.0,0.54033,1.338,2.1,6.1352427399542115,0.6981347220709844,1.855315945557703,5.494706180553427,0.9230677161531788
TOI-672 b,TOI-672,5.2604,0.1691,676.15,0.102,3765.0,-1.32055,0.5399,5.1761,3.2228678461377385,0.6471032420585385,3.5402112181889454,1.5333287083817222,0.4344412163446815
TOI-674 b,TOI-674,5.25,0.0,635.0,0.025,3514.0,-1.61439,0.4199999999999999,8.598,3.202746442938317,0.6471032420585385,3.673765816303888,1.0909641158144967,0.3506568716131693
TOI-677 b,TOI-677,13.11450742,0.46,1252.0,0.1041,6295.0,0.31172,1.181,2.92,5.974319034864868,0.6703901934373291,3.6541456596685693,2.504431338135931,0.8241754429663495
TOI-682.01,TOI-682,3.74186,0.1974999999999999,1090.0,0.102,5085.0,-0.14982,0.8500000000000001,6.8601,2.6741486494265287,0.8837675401685949,5.4615410476500506,2.0591417378118644,0.7323678937132266
TOI-6894 b,TOI-6894,9.5836785,0.029,417.9,0.02604,3007.0,-2.42597,0.207,4.719100000000001,3.9962754069092967,0.288181947493432,1.8779371654691073,1.4749396433923285,0.20506104376344406
TOI-700 b,TOI-700,0.914,0.075,417.0,0.0677,3459.0,-1.64016,0.415,1.5,0.532978428407124,1.803358605071407,1.7884205679625405,2.395822125312396,0.35136084911496357
TOI-700 c,TOI-700,2.6,0.068,356.0,0.0929,3459.0,-1.64016,0.415,1.5,2.1126345090356,1.184789984909162,1.2919836816486496,2.8362168877231078,0.35136084911496357
TOI-700 d,TOI-700,1.073,0.042,268.8,0.1633,3459.0,-1.64016,0.415,1.5,0.8109302162163288,1.8809906029559977,0.6151856390902335,3.6486812233459496,0.35136084911496357
TOI-700 e,TOI-700,0.953,0.059,272.9,0.134,3459.0,-1.64016,0.415,1.5,0.597736995755287,1.8229350866965048,0.8197798314933114,3.3607149128298635,0.35136084911496357
TOI-7009 b,TOI-7009,3.71,0.0918,872.0,0.0287,4080.0,-0.88845,0.583,5.8100000000000005,2.6602595372658615,0.8878912573524571,3.77074511458352,1.200163919725855,0.44724664212311926
TOI-7041 b,TOI-7041,11.43316031,0.04,882.37,0.102,4700.0,0.88081,1.07,10.3,4.748562283716842,0.35136084911496357,4.971610295123038,2.3694022660313627,1.62924053973028
TOI-712 b,TOI-712,2.049,0.54,650.0,0.07928,4622.0,-0.72793,0.732,0.83,1.766441661243765,1.410986973710262,3.1612467120315646,2.3543575675564363,0.5152159720672835
TOI-712 c,TOI-712,2.701,0.089,369.9,0.2447,4622.0,-0.72793,0.732,0.83,2.1701959049483,1.1505720275988207,1.4060969884160703,3.9645976185760947,0.5152159720672835
TOI-712 d,TOI-712,2.474,0.073,313.6,0.3405,4622.0,-0.72793,0.732,0.83,2.038619547159581,1.2296405510745139,0.9555114450274365,4.45248043847934,0.5152159720672835
TOI-7149 b,TOI-7149,13.2,0.078,593.0,0.02603,3363.0,-1.91542,0.344,7.8,5.41610040220442,0.4252677354043441,3.0726933146901194,1.295291846489424,0.3008450589780618
TOI-715 b,TOI-715,1.55,0.039867,234.0,0.083,3075.0,-2.30899,0.225,6.2,1.3912819026309298,1.6974487897568138,0.5128236264286637,3.0100297754156795,0.2151113796169455
TOI-7166 b,TOI-7166,2.01,0.0,249.0,0.06191,3099.0,-2.3869,0.19,4.0,1.7404661748405044,1.430311246536665,0.7275486072772778,2.633372358603223,0.20048886074940359
TOI-733 b,TOI-733,1.992,0.046,1055.8,0.0618,5585.0,-0.08619,0.9559999999999998,4.4,1.9050881545350582,1.6054298910365616,5.338018733399589,1.772366807884349,0.6673164205254237
TOI-7384 b,TOI-7384,3.56,0.4,378.0,0.0439,3185.0,-2.02507,0.318,4.629,2.5952547069568657,0.9202827531436926,1.7749523509116738,1.978795700015114,0.2768738737351776
TOI-7510 b,TOI-7510,7.31,0.0572,878.0,0.1019,5720.0,0.01115,1.063,4.4,2.9496883350525844,0.22713557258374723,7.426258494469342,2.528195120054607,0.7104958188945583
TOI-7510 c,TOI-7510,10.81,0.0091,702.0,0.1595,5720.0,0.01115,1.063,4.4,4.882801922586371,0.4529846240761407,4.536984488648421,3.1599213553206846,0.7104958188945583
TOI-7510 d,TOI-7510,10.52,0.04,542.4,0.2672,5720.0,0.01115,1.063,4.4,5.25227342804663,0.636576829071551,3.07285996746944,3.9093086849911436,0.7104958188945583
TOI-756 b,TOI-756,2.81,0.0,934.0,0.018,3657.0,-1.38722,0.505,3.2,2.382320061012899,1.2296405510745139,4.852030263919617,0.806140765084095,0.4087928982008391
TOI-756 c,TOI-756,13.0,0.445,194.0,0.4389999999999999,3657.0,-1.38722,0.505,3.2,7.161005093022982,1.4398351280479205,0.2151113796169455,5.0132984115157395,0.4087928982008391
TOI-757 b,TOI-757,2.5,0.39,641.0,0.122,5278.0,-0.37675,0.8,7.5,2.4423470353692043,1.5260563034950494,3.233346616096654,2.9160497926576645,0.5766133643039938
TOI-762 A b,TOI-762 A,8.33948164,0.083,555.4,0.03418,3266.0,-1.73283,0.442,9.3,4.3916666470862324,0.5653138090500605,2.890438422340708,1.4977647583786795,0.35417181372061385
TOI-763 b,TOI-763,2.28,0.04,1038.0,0.06,5450.0,-0.15377,0.917,4.684,2.378619779270043,1.706564623164823,5.214582434328101,1.8879329126767124,0.6402736909528771
TOI-763 c,TOI-763,2.63,0.04,800.0,0.1011,5450.0,-0.15377,0.917,4.697000000000001,2.334083760053417,1.3402504226184837,4.1792921443848,2.5857846338957886,0.6402736909528771
TOI-771 b,TOI-771,1.36,0.055,543.0,0.0208,3370.0,-2.20343,0.22,6.7,1.244154593958768,1.8562979903656263,2.70805020110221,1.2017750410124326,0.20863886511132804
TOI-771 c,TOI-771,1.5,0.065,365.0,0.046,3370.0,-2.20343,0.22,6.7,1.3532545070416904,1.7351891177396608,1.3862943611198906,2.1529243184396396,0.20863886511132804
TOI-776 b,TOI-776,1.798,0.052,520.0,0.0653,3725.0,-1.3098,0.542,6.1,1.791759469228055,1.7578579175523736,2.5257286443082556,2.2242580793421056,0.4363175715909291
TOI-776 c,TOI-776,2.047,0.089,420.0,0.1001,3725.0,-1.3098,0.542,6.1,2.066862759472976,1.6863989535702286,1.7749523509116738,2.8133300935100696,0.4363175715909291
TOI-778 b,TOI-778,15.4,0.21,1561.0,0.06,6643.0,0.76042,1.4,1.95,6.778784897685177,0.832909122935104,6.60078436722252,1.7287506219870372,0.9969486348916093
TOI-782 b,TOI-782,2.734,0.19,435.0,0.0578,3370.0,-1.70246,0.397,3.08101,3.0007198150650303,1.269760544863939,1.9329696377795786,2.1998878609790937,0.3457151037023904
TOI-784 b,HD 307842,1.93,0.0,1256.0,0.038,5558.0,-0.19034,0.91,5.602,2.367436065313662,2.128231705849268,6.028023065918276,1.3342208940557139,0.645531326618282
TOI-813 b,TOI-813,6.71,0.0,610.0,0.423,5907.0,0.61906,1.32,3.73,3.6216707044204863,0.5080216964332565,3.1822118404966093,4.441369258611499,1.0784095813505903
TOI-815 b,TOI-815,2.94,0.2,686.0,0.0903,4869.0,-0.50459,0.776,0.2,2.151762203259462,0.9707789171582246,3.6349511120883804,2.501211254365499,0.5709795465857378
TOI-815 c,TOI-815,2.62,0.22,469.0,0.1929999999999999,4869.0,-0.50459,0.776,0.2,3.1986731175506815,2.1041341542702074,2.200552367428894,3.582856079925038,0.5709795465857378
TOI-824 b,TOI-824,2.926,0.01,1253.0,0.02177,4600.0,-0.70997,0.71,7.5,2.968720724307141,1.6154199841116479,6.023447592961033,0.8725386154029897,0.5276827408324136
TOI-833 b,TOI-833,1.27,0.0361,1118.0,0.0171,3920.0,-1.11104,0.61,6.175,1.1474024528375417,1.9125010869241836,5.60237044973511,0.7138698256863728,0.4700036292457356
TOI-836 b,TOI-836,1.704,0.053,871.0,0.0422,4552.0,-0.85276,0.678,5.4,1.7101878155342436,1.7950872593207297,4.379999581589249,1.5720952745928143,0.5098251234324072
TOI-836.01,TOI-836,2.587,0.078,665.0,0.075,4552.0,-0.85276,0.678,5.4,2.3608540011180215,1.4011829736136412,3.3216850888493377,2.261289027786704,0.5098251234324072
TOI-837 b,TOI-837,9.16894621,0.0,995.3,0.0888,5995.0,0.1271,1.142,0.035,4.799560012798689,0.636576829071551,5.10594547390058,2.232689453420296,0.7188149273085231
TOI-849 b,TOI-849,3.64,0.0,1932.0,0.0155,5257.0,-0.2184,0.97,6.7,3.756538102587751,1.8870696490323797,7.747190884111037,0.568461123782229,0.6780335427498971
TOI-858 B b,TOI-858 B,14.06727078,0.15,1529.0,0.04435,5842.0,0.25285,1.081,6.8,5.859678053261759,0.5247285289349821,6.813334703362645,1.4538870728404862,0.8363813486458531
TOI-871 b,TOI-871,1.664,0.0693,621.0,0.1054,4929.0,-0.56004,0.758,5.9,1.4838746894587547,1.623340817603092,3.2495989975110415,2.7319337059653828,0.5417427264007122
TOI-880 c,TOI-880,4.95,0.0364,805.0,0.0635,5050.0,-0.44771,0.87,5.2,3.122364924487357,0.6846108495376589,4.317444112568282,1.9997582891862116,0.6043159668533296
TOI-880.02,TOI-880,2.19,0.051,1085.0,0.0349,5050.0,-0.44771,0.87,5.2,1.860974538249528,1.3454723665996355,5.713290793645097,1.2741637578259253,0.6043159668533296
TOI-892 b,TOI-892,11.99363,0.125,1397.0,0.092,6261.0,0.43136,1.2800000000000002,2.2,5.713529814611081,0.6739643611431714,6.349151229067155,2.4532921360186584,0.8712933659434192
TOI-904 b,TOI-904,2.426,0.1871,429.43,0.056,3770.2,-1.29243,0.557,1.5,2.0095554142156695,1.2499017362143359,2.231829955342104,2.4746205959195002,0.4233050262364954
TOI-904 c,TOI-904,2.167,0.2972,217.26,0.312,3770.2,-1.29243,0.557,1.5,1.8468787684491346,1.355835153635182,0.43495918333586703,4.442647727072323,0.4233050262364954
TOI-905 b,TOI-905,13.125739,0.024,1192.0,0.04666,5570.0,-0.13668,0.968,3.4,5.361257470271864,0.4154154389613325,5.823045895483019,1.5559303789538335,0.6512829764612464
TOI-907.01,TOI-907,9.6158851,0.0091,1846.6,0.055225481,6272.0,0.75862,1.069357,3.9872,4.219507705176107,0.346422567474381,7.456264704688964,1.7200688370548822,1.11834595933847
TOI-908 b,TOI-908,3.186,0.132,1317.0,0.041657,5626.0,-0.03953,0.95,4.6,2.841239868678712,1.3196202278518978,4.405303611578375,1.4312180123337634,0.7070500857289368
TOI-912 b,TOI-912,1.93,0.58,551.0,0.041,3572.0,-1.59007,0.418,0.8,1.8082887711792655,1.6094379124341003,2.772588722239781,1.7366112277548191,0.3499523981779055
TOI-913 b,TOI-913,2.4528,0.0,712.01,0.102,4969.0,-0.53057,0.8200000000000001,4.471,2.0268315914075385,1.2383742310432684,3.5902241857339856,2.4930933802071165,0.5495654520819213
TOI-942 b,TOI-942,3.89,0.34,1120.0,0.04866,4969.0,-0.35853,0.822,0.053,2.833213344056216,1.269760544863939,5.571613962411966,1.6722643437820173,0.6386909947638865
TOI-942 c,TOI-942,4.67,0.32,884.79,0.08598,4969.0,-0.35853,0.822,0.053,3.6375861597263857,1.269760544863939,4.443710675975451,2.412001850966764,0.6386909947638865
TOI-954 b,TOI-954,9.550068,0.14,1526.0,0.04963,5710.0,0.53529,1.201,6.14,4.030737518236068,0.30010459245033805,7.2399325913204695,1.5443601312552993,1.0619483042965183
TOI-969 b,TOI-969,2.765,0.0464,941.0,0.02636,4435.0,-0.70042,0.734,2.03,2.312535423847214,1.205970806988609,5.241747015059643,1.03805888306574,0.5134222496132567
TYC 2187-512-1 b,TYC 2187-512-1,12.5,0.05,341.2,1.22,3734.0,-1.38091,0.4979999999999999,3.066,4.662338246042626,0.25851069515150105,1.6406934029768712,6.5408856886333355,0.40212620684264977
TrES-1 b,TrES-1,12.66617,0.0,1140.0,0.03925,5230.0,-0.30071,1.04,3.7,5.59090190226494,0.5376622777195503,5.766626435837704,1.3937837455347868,0.6151856390902335
TrES-2 b,TrES-2,15.24424,0.0,1466.0,0.03568,5850.0,0.03841,1.36,3.55,6.162402177191105,0.6333971761541713,6.807784656164226,1.2443361336754015,0.7514160886839212
TrES-3 b,TrES-3,14.975,0.0,1638.0,0.02282,5650.0,-0.20412,0.9280000000000002,0.9,6.410224222854149,0.6901426715396466,6.933912379661757,0.8355949953570228,0.6037693694087286
TrES-4 b,TrES-4,18.04649,0.0,1778.0,0.05084,6200.0,0.72552,1.08,2.2,5.517080939747183,0.09440067542148431,7.730743614105934,1.5159949882224688,0.9783261227936075
TrES-5 b,TrES-5,13.383546,0.0,1480.0,0.02459,5171.0,-0.34382,0.901,7.4,6.345488455154249,0.8372475245337022,6.095808796542178,0.9091641419493987,0.6248683398066509
UKIRT-2017-BLG-001L b,UKIRT-2017-BLG-001L,13.7,0.27944,557.0,4.18,5549.0,-0.07632,0.81,7.6923,6.0112671744041615,0.6259384308664953,2.88005275809197,2.4950335327117,0.668536814587228
UZ For c,UZ For,2.839553935,0.05,63.04,2.8,5286.9,-0.07632,0.7,6.519,7.803108339641412,1.269760544863939,0.025651024568709706,7.558647146644969,0.668536814587228
V1298 Tau b,V1298 Tau,9.41,0.0079,666.0,0.1685,4970.0,-0.02045,1.1,0.02,2.6461747973841225,0.08617769624105233,3.5322256440685598,3.224460441825557,0.8415671856782186
V1298 Tau c,V1298 Tau,5.08,0.0094,953.0,0.0824,4970.0,-0.02045,1.1,0.02,1.7404661748405044,0.18232155679395454,4.990432586778736,2.224533169061584,0.8415671856782186
V1298 Tau d,V1298 Tau,6.53,0.0087,831.0,0.1081,4970.0,-0.02045,1.1,0.02,1.9459101490553132,0.11332868530700317,4.454347296253507,2.5953587313968822,0.8415671856782186
V1298 Tau e,V1298 Tau,10.17,0.0124,527.0,0.2689,4970.0,-0.02045,1.1,0.02,2.791165107812717,0.07696104113612832,2.3978952727983707,3.9055564220737704,0.8415671856782186
V830 Tau b,V830 Tau,14.0,0.0,1455.429,0.057,4250.0,0.08,1.0,0.0022,5.409326399254286,0.36880112373657287,6.486945583472329,1.7795181828057012,1.0986122886681096
WASP-1 b,WASP-1,16.623,0.0,1812.0,0.03889,6110.0,0.44091,1.2400000000000002,3.4,5.607326638838572,0.2986220124901153,7.660358163145624,1.258445478126067,0.9042181506398859
WASP-10 b,WASP-10,12.106,0.0473,1370.0,0.0378099999999999,4675.0,-0.64029,0.75,7.0,6.909873034953138,1.6370530794670737,5.164970528320875,1.409219950028427,0.5294510878891555
WASP-100 b,WASP-100,14.90797,0.0,2190.0,0.04574,6900.0,0.76571,0.77,1.57,5.995122349185894,0.4252677354043441,8.613208976767861,1.347912096370488,0.9439058989071286
WASP-101 b,WASP-101,16.02887,0.0,1560.0,0.05057,6380.0,0.42052,1.41,1.14,5.094322429690618,0.2151113796169455,6.994089843652639,1.5229471271857995,0.8372475245337022
WASP-102 b,WASP-102,14.90794433,0.0,1671.0,0.041,5990.0,0.35701,1.08,0.67,5.291742142815085,0.2776317365982795,7.165493475060845,1.3109814710363352,0.8649974374866045
WASP-104 b,WASP-104,12.745,0.0,1516.0,0.02918,5475.0,-0.18964,1.076,3.0,6.004536239064869,0.7294791098073357,6.767039857189916,1.013567594670875,0.674473915294324
WASP-105 b,WASP-105,10.76064,0.0,900.0,0.075,5070.0,-0.02427,0.89,4.6505,6.351049752125816,1.2947271675944,5.1212030286268195,2.1829994335872867,0.6418538861723948
WASP-106 b,WASP-106,12.10569916,0.023,1140.0,0.0900999999999999,6002.0,0.42198,1.175,2.5,6.420660546167144,1.0508216248317612,5.795543028653017,2.331142423055902,0.9042181506398859
WASP-107 b,WASP-107,10.53646,0.06,736.0,0.055,4425.0,-0.87943,0.6829999999999999,3.4,3.449987545831587,0.12575120530556033,3.9512437185814275,1.9053075054758815,0.5128236264286637
WASP-107 c,WASP-107,13.2,0.28,344.59000000000003,0.102,4425.0,-0.87943,0.6829999999999999,3.4,4.7535901911063645,0.24294617861038947,1.779825347664716,6.9930151229329605,0.5128236264286637
WASP-108 b,WASP-108,15.13212395,0.0,1589.0,0.102,6783.0,0.31716,1.167,4.64,5.6507435840578415,0.39030476869999925,7.216095568491122,1.3017033591326201,0.8519228628413518
WASP-11 b,WASP-11,12.44199,0.0,992.0,0.0435,4800.0,0.0,1.4199999999999997,7.6,5.529769109062623,0.4898062565419153,5.2256821555029145,1.5523319678058538,0.636576829071551
WASP-110 b,WASP-110,13.19297028,0.0,1158.0,0.102,5392.0,-0.229,0.8139999999999998,11.0,5.048460381316566,0.33399273662873197,5.634789603169249,1.5641062228410096,0.6168059473032227
WASP-113 b,WASP-113,15.793481,0.0,1496.0,0.05885,5890.0,0.51621,1.318,6.2,5.02367819774876,0.20538682972495073,6.7122329744489555,1.7123858944398904,0.9585836440644065
WASP-114 b,WASP-114,15.008851,0.012,2043.0,0.02851,5940.0,0.33294,1.289,4.3,6.333708079858017,0.6780335427498971,7.999411698252234,0.9356125769464148,0.8878912573524571
WASP-116 b,WASP-116,13.67495645,0.0,1414.0,0.065,6250.0,0.49624,1.25,1.7,5.320128663742859,0.35767444427181583,6.498282149476434,2.029883582831492,0.8862438105218584
WASP-117 b,WASP-117,11.88154,0.3,1001.0,0.09459,6040.0,0.27413,1.29,4.6,4.567977015979323,0.2960221967267823,5.360313752947424,2.39986152028438,0.7975071958841881
WASP-118 b,WASP-118,16.14096,0.0,1729.0,0.05453,6410.0,0.65885,1.32,1.17,5.1020872526491186,0.20945022418220727,8.792924638759551,1.6186044708713632,0.9917691930500604
WASP-119 b,WASP-119,15.6926,0.058,1600.0,0.0363,5650.0,0.07465,1.02,8.0,5.971085548741905,0.5306282510621704,6.812193707581592,1.252702966695296,0.7884573603642702
WASP-120 b,WASP-120,15.58048317,0.057,1749.0,0.0514,6450.0,0.67509,1.393,0.7,7.3411438723470805,1.204204877394898,7.506343892206326,1.5285027020985253,0.9874684149212163
WASP-123 b,WASP-123,15.13212395,0.0,1500.0,0.04263,5740.0,0.16234,1.166,6.9,5.658538111697014,0.39924111250271643,6.632428563779719,1.380689581143877,0.826366024346168
WASP-124 b,WASP-124,13.89916,0.017,1400.0,0.0449,6050.0,0.14934,1.07,2.1,5.2559212170289955,0.35767444427181583,6.618738983517219,1.4753692326395305,0.7030975114131134
WASP-126 b,WASP-126,10.51358773,0.18,1480.0,0.0449,5800.0,0.15879,1.12,6.4,4.514150787600923,0.3435897043900769,6.633762282133321,1.4560139684703524,0.8197798314933114
WASP-126 c,WASP-126,9.38,0.05,967.33,0.102,5800.0,0.15879,1.12,6.4,4.177459468932607,0.3555743384946994,4.99842206942211,2.1552445050953364,0.8197798314933114
WASP-127 b,WASP-127,14.694999,0.0,1400.0,0.0484,5620.0,0.27574,0.95,11.41,3.9768102643779026,0.0925791812930932,6.558156667214439,1.6444308607863676,0.8471549930392929
WASP-129 b,WASP-129,10.42437,0.096,1100.0,0.0628,5900.0,0.11182,1.0,1.0,5.764658045374483,0.9555114450274365,5.848517826205174,1.9092676523011127,0.6418538861723948
WASP-13 b,WASP-13,13.67498,0.0,1531.0,0.05362,5950.0,0.43636,0.7199999999999999,5.0,4.7485672524171285,0.20048886074940359,6.4269883324993415,1.6776590195208385,0.8628899551470399
WASP-130 b,WASP-130,9.97601,0.0,833.0,0.1012,5625.0,-0.03215,1.04,2.0,5.971085548741905,1.205970806988609,4.049260023733231,2.5297987501785135,0.6729444732424258
WASP-131 b,WASP-131,13.74221034,0.0,1460.0,0.0608,5990.0,0.53005,1.06,7.0,4.474687343067433,0.1792142340632317,6.904121083285393,1.844037591013869,0.9403978072173882
WASP-132 b,WASP-132,10.09929161,0.0163,682.0,0.0674,4686.0,-0.57512,0.7889999999999999,7.2,4.920203953510347,0.5481214085096876,4.085976312551584,2.095993351574462,0.5641767992629853
WASP-132 c,WASP-132,1.841,0.0,1329.0,0.01833,4686.0,-0.57512,0.7889999999999999,7.2,1.9823798288367047,1.8671761085128091,6.674561391814426,0.6988987286510798,0.5641767992629853
WASP-132 d,WASP-132,12.8,0.12,107.0,2.7100000000000004,4686.0,-0.57512,0.7889999999999999,7.2,7.403057788293656,1.667706820558076,0.035656677208034684,7.505272228526832,0.5641767992629853
WASP-133 b,WASP-133,13.56289,0.17,1790.0,0.0345,5700.0,0.30545,1.16,6.8,5.912645340651483,0.6312717768418579,7.628418205290511,1.1557557209143534,0.8919980393051105
WASP-135 b,WASP-135,14.5717,0.0,1403.66,0.0243,5675.0,-0.32573,0.98,0.6,6.405025131576295,0.7701082216960736,6.822644022891591,0.8760433222483786,0.6729444732424258
WASP-136 b,WASP-136,16.81347105,0.0,1630.0,0.0660999999999999,6250.0,0.82265,1.41,3.62,6.1757027962272435,0.4596546376879476,7.519943619847728,1.8270239353006001,1.220871218474726
WASP-138 b,WASP-138,12.21781,0.0835999999999999,1590.0,0.0494,6272.0,0.43503,1.22,3.44,5.962943151573972,0.7884573603642702,7.034150016153713,1.5335138614377948,0.8586616190375187
WASP-139 b,WASP-139,8.9672,0.0,910.0,0.062,5310.0,-0.34535,0.9200000000000002,0.5,3.642471836924006,0.2700271372130601,4.801621446687853,1.935031475997262,0.5877866649021191
WASP-14 b,WASP-14,15.46842,0.09,1872.0,0.037,6475.0,0.42732,1.62,0.75,7.941159382337665,1.1786549963416462,7.213274813763555,1.1767300679320618,0.8754687373538999
WASP-140 b,WASP-140,14.23540549,0.047,1270.0,0.0322999999999999,5300.0,-0.29437,0.9,0.5,6.654803339282353,0.9470817842922428,6.199141098694788,1.174333203140245,0.6259384308664953
WASP-141 b,WASP-141,13.56289,0.0,1540.0,0.0469,5900.0,0.31468,1.25,5.0,6.752226800425979,1.091923300517313,6.968430911262222,1.461088936793174,0.8628899551470399
WASP-142 b,WASP-142,17.14977,0.0,2000.0,0.0347,6010.0,0.51325,1.33,2.0,5.59090190226494,0.2700271372130601,8.052590566452734,1.116081476656878,0.9707789171582246
WASP-144 b,WASP-144,9.52765,0.0,1260.0,0.0316,5200.0,-0.12928,0.81,8.71,4.947661414934444,0.6678293725756554,6.655292205546612,1.1873296318917281,0.5933268452777344
WASP-145 A b,WASP-145 A,10.0881,0.0,1200.0,0.0261,4900.0,-0.68352,0.76,6.99,5.648511807312879,0.9555114450274365,5.750669877341661,1.0185000035741207,0.5187937934151676
WASP-147 b,WASP-147,12.498035,0.0,1404.0,0.0548999999999999,5702.0,0.28685,1.044,8.47,4.4819087336736745,0.23348984336835407,6.462237099406602,1.7232539789515835,0.8874796500200355
WASP-148 b,WASP-148,8.47398941,0.208,940.0,0.08215,5555.0,-0.13906,0.954,3.6,4.524141814816184,0.6048622656923737,4.299989230582207,2.282770983631947,0.6481498146292095
WASP-148 c,WASP-148,13.9,0.1809,590.0,0.2044,5555.0,-0.13906,0.954,3.6,4.8330125648210585,0.22713557258374723,3.2491979862703766,3.5702085243962576,0.6481498146292095
WASP-149 b,WASP-149,15.24421375,0.0,1855.0,0.024,5750.0,0.04343,1.05,0.6,5.755640788633449,0.3987761199573678,7.584264818389059,0.8470748355190065,0.7323678937132266
WASP-15 b,WASP-15,15.80469,0.0,1676.0,0.05165,6300.0,0.49,1.18,2.4,5.151140148849461,0.23348984336835407,7.121847268229484,1.5585866256099705,0.9082585601768908
WASP-150 b,WASP-150,11.99363,0.3775,1460.0,0.0694,6218.0,0.55826,1.394,2.95,7.897237660457563,2.255493485460195,6.751928495277232,1.893745347195875,0.9749369273068886
WASP-151 b,WASP-151,13.30506009,0.0,1312.0,0.055,5871.0,0.14485,1.081,5.5,4.61940613835343,0.22366421574495737,6.133398042996649,1.71081646057185,0.779783487219492
WASP-153 b,WASP-153,17.37395,0.009,1700.0,0.048,5914.0,0.45958,1.336,4.0,4.827943268687277,0.13976194237515868,7.244941546337007,1.466169900975512,1.0043016091968684
WASP-154 b,WASP-154,10.76062147,0.0,994.0,0.044,4774.0,-0.50063,0.8,7.367999999999999,5.298120261024019,0.6312717768418579,5.093750200806762,1.571045879830229,0.6004834956965259
WASP-155 b,WASP-155,13.45077684,0.0,1468.0,0.043,5660.0,0.14142,1.09,1.7,5.6270041698227775,0.4824261492442927,6.648984550024776,1.4135235100777062,0.8064758658669486
WASP-156 b,WASP-156,6.02802815,0.0,934.5,0.0458,4987.0,-0.41794,0.8711999999999999,5.6,3.756538102587751,0.7178397931503169,5.017279836814924,1.57612149298344,0.6025658023287068
WASP-157 b,WASP-157,11.19,0.0,1193.0,0.0499,5772.0,0.07934,1.06,1.6,5.211857219421488,0.49469624183610705,6.041498944795757,1.5997154016279747,0.7419373447293773
WASP-158 b,WASP-158,11.99363,0.0,1590.0,0.0517,6350.0,0.48338,1.3799999999999997,1.93,6.788685328105468,1.410986973710262,6.806843740819751,1.538228228490216,0.8712933659434192
WASP-159 b,WASP-159,15.46842,0.0,1850.0,0.0538,6120.0,0.678,1.41,3.4,5.169383958401464,0.2468600779315258,7.3783337429787155,1.5769975685362354,1.1346227261911428
WASP-16 b,WASP-16,13.67498,0.0,1389.0,0.0415,5700.0,0.01005,1.7800000000000002,8.6,5.97916218239049,0.4523486940070148,6.179844796235829,1.4155132997891107,0.76080582903376
WASP-160 B b,WASP-160 B,12.21781,0.0,1119.0,0.0452,5298.0,-0.31796,0.87,9.75,4.492636672448205,0.2499802052677694,5.354579545556169,1.5620307834304725,0.6248683398066509
WASP-161 b,WASP-161,12.811887,0.14226,1557.0,0.0673,6400.0,0.64738,1.3899999999999997,2.099,6.675062150252372,1.1631508098056809,6.898714534329988,1.8572416855702039,0.997686370078149
WASP-162 b,WASP-162,11.209,0.434,910.0,0.0871,5300.0,0.05436,0.95,12.97,7.410780155882974,2.066862759472976,4.811517466384714,2.3631795967098763,0.7466879474879752
WASP-163 b,WASP-163,13.473218,0.017653,1638.0,0.0266,5500.0,-0.07572,0.97,6.67,6.38913619830381,0.8837675401685949,7.0909098220799835,0.95923082723423,0.7006191953986463
WASP-164 b,WASP-164,12.643752,0.0,1610.0,0.02818,5806.0,-0.06732,0.946,4.08,6.519114691538932,1.085189268335969,6.9510180044937195,1.0214163999574484,0.6585557357903262
WASP-165 b,WASP-165,14.12334,0.0,1624.0,0.04823,5599.0,0.42831,1.248,4.77,5.3477365709254245,0.36464311358790924,7.225868879535556,1.4963832055915698,1.0116009116784799
WASP-166 b,WASP-166,7.06167,0.0,1270.0,0.0641,6050.0,0.2826,1.19,2.1,3.4995583575973326,0.43178241642553783,6.089044875446846,1.863078078533357,0.7975071958841881
WASP-167 b,WASP-167,17.71022,0.012564,2329.0,0.0365,7000.0,0.89734,1.5900000000000003,1.29,7.841351405012646,1.269760544863939,8.073842398607605,1.1059054951311407,1.0260415958332743
WASP-168 b,WASP-168,16.8135,0.0,1340.0,0.0519,6000.0,0.15518,1.08,3.96,4.9014794370853885,0.14842000511827327,5.634382377406951,1.6397067538003292,0.7514160886839212
WASP-169 b,WASP-169,14.616536,0.0,1604.0,0.0681,6110.0,0.78882,1.3370000000000002,3.802,5.189075048657442,0.2851789422336624,7.30509271352105,1.888797216534015,1.1022722494995967
WASP-17 b,WASP-17,20.96083,0.0,1755.0,0.0515,6550.0,0.61272,2.28,2.65,5.517080939747183,0.07881118042428978,7.164867313065426,1.5550725356087631,0.9122827104766162
WASP-170 b,WASP-170,12.285064,0.0079,1422.0,0.0337,5600.0,-0.11351,0.9300000000000002,6.106000000000001,6.233484806991821,0.9555114450274365,6.523562306149512,1.2074009873857126,0.6616565134685745
WASP-171 b,WASP-171,10.98482,0.0,1642.0,0.0504,5965.0,0.67172,1.171,5.908,5.845072871537827,0.9162907318741551,7.091109635588041,1.5724884931389653,0.9696419073711496
WASP-172 b,WASP-172,17.59813,0.0,1740.0,0.0694,6900.0,0.93444,1.49,1.79,5.013166088931706,0.14842000511827327,7.318207928601341,1.8683242899039143,1.068153081183401
WASP-173 A b,WASP-173 A,13.4508,0.0,1880.0,0.0248,5800.0,0.08279,1.05,6.78,7.067995408987499,1.3454723665996355,7.560601162768557,0.8698920414504896,0.7466879474879752
WASP-174 b,WASP-174,16.10730527,0.0,1528.0,0.05503,6399.0,0.43616,1.2400000000000002,2.2,4.662338246042626,0.126632650933366,6.805611805313434,1.6551185804607775,0.8531379168688864
WASP-175 b,WASP-175,13.540472,0.0,1571.0,0.04403,6229.0,0.78882,1.212,1.745,5.754639390511154,0.5538851132264376,6.477632145185467,1.4024852533579764,0.790273891290668
WASP-176 b,WASP-176,16.869545,0.0,1721.0,0.0535,5941.0,0.61653,1.345,4.81,5.608536009488722,0.2700271372130601,7.440875305345018,1.5890417170112097,1.0732944806838198
WASP-177 b,WASP-177,17.71022,0.0678999999999999,1142.0,0.03957,5017.0,-0.41167,0.876,9.7,5.090417290864581,0.15871169115482087,5.637548650637755,1.4040660057977998,0.6339278208999741
WASP-18 c,WASP-18,8.58,0.015,1593.67,0.035,6400.0,0.38999,1.22,1.0,4.028916756899646,0.3920420877760237,7.0548135499995706,1.1492420296194317,0.8020015854720274
WASP-180 A b,WASP-180 A,13.89916,0.0,1540.0,0.048,6600.0,0.31533,1.3,1.2,5.659645965418116,0.4762341789963716,6.823707904992448,1.483707782106461,0.7839015438284094
WASP-181 b,WASP-181,13.271456,0.084,1186.0,0.05427,5839.0,0.04879,1.04,2.5,4.564672826268257,0.21268909341035083,5.949207147887138,1.7082884360009163,0.6754922453212245
WASP-182 b,WASP-182,9.52765,0.0,1479.0,0.0451,5638.0,0.15545,1.076,5.952,3.8720098503757043,0.27611543608031547,6.6297079760481274,1.4763600855045333,0.8501509293696101
WASP-184 b,WASP-184,14.90797,0.0,1480.0,0.0627,6000.0,0.50133,1.23,4.7,5.204902439616828,0.2776317365982795,6.507304577695778,1.8215933145479328,0.9745596399981308
WASP-185 b,WASP-185,14.01125,0.24,1160.0,0.0904,5900.0,0.41219,1.12,6.6,5.7445193455535435,0.5068176023684519,6.497265367668725,2.340607973647719,0.9162907318741551
WASP-186 b,WASP-186,12.44199,0.33,1378.4,0.06,6361.0,0.50022,1.22,3.1,7.202097076156544,1.5729813754234852,6.750089846307979,1.7962160240194498,0.9042181506398859
WASP-187 b,WASP-187,18.38276,0.0,1760.0,0.0653,6150.0,0.96727,1.54,2.55,5.542298303728719,0.20212418409013425,7.375105390762309,1.8161069816277986,1.3428648031925547
WASP-188 b,WASP-188,14.81827249,0.0,1666.0,0.072,6850.0,0.74277,1.5,1.514,6.130413966649762,0.5766133643039938,7.153833801578843,1.9093818993954748,1.0402767116551463
WASP-19 b,WASP-19,15.86070769,0.0126,2113.0,0.01652,5616.0,-0.04335,0.965,6.4,5.907468569265608,0.40945712937770185,8.108021221376747,0.5815665377360565,0.6961426895397438
WASP-190 b,WASP-190,12.89035,0.0,1500.0,0.0663,6400.0,0.69146,1.35,1.9223,5.764658045374483,0.596085467716814,6.61757943299361,1.851246660101378,0.9555114450274365
WASP-192 b,WASP-192,13.78707,0.0,1620.0,0.0408,5910.0,0.28203,1.09,5.7,6.595792808967695,0.9631743177730056,6.157279787797661,1.355493987197108,0.8415671856782186
WASP-193 b,WASP-193,14.78464554,0.081,1250.0,0.0668,6080.0,0.26007,1.018,6.8,3.5999603015681365,0.058268908123975775,5.998936561946683,1.9804975488167513,0.7943490610689127
WASP-194 b,WASP-194,15.47960235,0.0,1693.0,0.047,6405.0,0.48157,1.29,0.75,5.924604800195815,0.4382549309311553,7.2196420401307355,1.4311212055126554,0.8792117236327345
WASP-195 b,WASP-195,10.31226224,0.0,1522.0,0.063,6300.0,0.5414,1.3,0.6,3.5279520319080753,0.14842000511827327,6.792344427470809,1.8003768989617521,0.9470139045169956
WASP-197 b,WASP-197,14.44837612,0.0,1665.0,0.065,6050.0,0.77067,1.36,2.6,6.0022171513013385,0.5538851132264376,7.152268856032539,1.8192494663004881,1.1352656063161453
WASP-2 b,WASP-2,12.116929,0.0054,1311.0,0.03144,5180.0,-0.31336,0.895,8.2,5.693394472372197,0.6491952930307625,6.20050917404269,1.148092690759006,0.6237971024251521
WASP-20 b,WASP-20,15.46839337,0.0,1362.0,0.05999,5940.0,0.239,1.2,7.0,4.603578920596599,0.1453904205579088,5.5639991987201505,1.7748921406244946,0.8073683246499681
WASP-21 b,WASP-21,11.99,0.0,1333.0,0.052,5800.0,0.30426,1.01,12.0,4.567935499377866,0.2776317365982795,6.5596772752289185,1.6719397359103567,0.7227059828014898
WASP-22 b,WASP-22,13.78707,0.02,1502.0,0.047,6000.0,0.245,1.46,3.0,5.365724114138609,0.3674170404706345,6.731857127875078,1.5113155822387638,0.8064758658669486
WASP-23 b,WASP-23,10.783,0.062,1076.55,0.0376,5150.0,-0.37679,0.78,6.2,5.641729750253191,0.7747271675523681,5.763407067198236,1.3723033416689498,0.5681506903852601
WASP-24 b,WASP-24,15.46842,0.0,1772.0,0.03651,6075.0,0.33131,1.4300000000000002,3.8,5.97916218239049,0.4836599556932212,6.841043731866206,1.2063330168318047,0.8837675401685949
WASP-25 b,WASP-25,13.80946422,0.0,1217.0,0.0473,5697.0,-0.143,0.962,1.9,5.194373744122737,0.33588992425312747,5.834810737062605,1.5612626361823398,0.6333971761541713
WASP-26 b,WASP-26,13.56289,0.0,1650.0,0.04,6034.0,0.28725,0.86,6.0,5.602692457057012,0.5323914016805512,7.111941388130568,1.3235142929971828,0.7975071958841881
WASP-28 b,WASP-28,13.66374747,0.0,1456.0,0.0442,6084.0,0.15,0.993,5.5,5.647386548237057,0.5014798881083082,6.5462831325596005,1.4836104708826314,0.733809162278835
WASP-29 b,WASP-29,8.63093,0.03,970.0,0.0457,4800.0,-0.52509,0.77,14.0,4.30542767797727,0.5007752879124893,5.466256828379907,1.5938632546650964,0.5822156198526637
WASP-3 b,WASP-3,15.91678,0.0,2020.0,0.0315,6400.0,0.43416,1.62,2.1,6.650701856992126,0.636576829071551,7.520938915401698,1.0462060945355491,0.8919980393051105
WASP-31 b,WASP-31,17.363,0.0,1423.7,0.04659,6302.0,0.33572,1.163,1.0,5.0298887510181425,0.15871169115482087,6.879295823237733,1.4829467306934963,0.8118187102774439
WASP-32 b,WASP-32,10.76064,0.0,1388.0,0.0394,6140.0,0.19345,0.7199999999999999,2.22,6.729696105313034,1.4445632692438664,6.425403726955403,1.3133633883382652,0.6678293725756554
WASP-34 b,WASP-34,11.209,0.04,1250.0,0.0524,5700.0,0.0393,0.96,7.8,5.187300886034053,0.3450071390710503,5.4422531948253265,1.6710371180129933,0.6471032420585385
WASP-35 b,WASP-35,14.5717,0.0,1338.29,0.04317,5990.0,0.1443,1.05,5.0,5.4234480089739066,0.32063317259146684,6.632136946125538,1.4258948098567956,0.7323678937132266
WASP-36 b,WASP-36,14.874343,0.0,1733.0,0.02677,5959.0,0.00087,1.081,1.4,6.6219336481684055,0.8153648132841945,7.260949421955962,0.9311265193273678,0.6856189141391538
WASP-37 b,WASP-37,13.002,0.0,1232.5,0.0446,5800.0,-0.021,0.925,11.0,6.351007873302185,0.9282193027394289,6.303230144254733,1.5211462252879988,0.6946460566836812
WASP-38 b,WASP-38,13.78707,0.03,1250.0,0.07522,6180.0,0.45294,1.7600000000000002,3.29,6.997902334588958,1.1939224684724346,5.932473095108781,2.063296915731324,0.924258901523332
WASP-39 b,WASP-39,14.336311,0.0,1166.0,0.04828,5485.0,-0.12792,0.913,8.5,4.503250743042766,0.15443635330441893,5.759749994478093,1.6204360307998256,0.6621723762605147
WASP-4 b,WASP-4,15.12091496,0.0053,1653.0,0.02261,5436.0,-0.17897,0.899,7.0,5.94645172185273,0.49906716323113415,7.08139080452592,0.8493946579984086,0.6481498146292095
WASP-41 b,WASP-41,12.3299,0.0,1244.0,0.04022,5545.0,-0.19512,0.81,1.2,5.602692457057012,0.555033878430311,5.843976207854254,1.3993092981973854,0.6043159668533296
WASP-41 c,WASP-41,13.1,0.294,241.0,1.07,5545.0,-0.19512,0.9300000000000002,1.2,6.919386770150485,1.244154593958768,0.6745396138337526,6.045005314036012,0.6259384308664953
WASP-42 b,WASP-42,12.576498,0.062,1021.0,0.0561,5315.0,-0.36094,0.9509999999999998,4.4,5.126914443927466,0.38117241553911985,4.928108392254775,1.7887017825985998,0.6376344706296866
WASP-43 b,WASP-43,10.424,0.0,1426.7,0.0142,4400.0,-0.82509,0.58,7.0,6.339854767299576,1.370926883988769,6.524876126996621,0.5952448941481426,0.4700036292457356
WASP-44 b,WASP-44,12.3299,0.0,1337.0,0.03453,5420.0,-0.19777,0.9350000000000002,10.3,5.625864535839483,0.5938791789012764,6.280395838960195,1.230752213650399,0.6450068052320104
WASP-45 b,WASP-45,10.603714,0.0,1153.0,0.03963,5150.0,-0.33555,0.8500000000000001,12.7,5.728111183643313,0.8829407521926009,5.68697535633982,1.4173299849447762,0.6178846960593984
WASP-46 b,WASP-46,13.159366,0.0,1636.0,0.02335,5600.0,-0.11113,0.8279999999999998,9.6,6.410265831777476,0.9030028375472197,7.156364451355746,0.8880425339754153,0.6195006403916468
WASP-47 b,WASP-47,12.86,0.0006,1275.0,0.052,5565.0,0.03167,1.058,6.5,5.926926025970411,0.6896410412306576,6.016157159698354,1.6407720310724014,0.7682546530467507
WASP-47 c,WASP-47,2.839553935,0.264,247.0,1.393,5565.0,0.03167,1.058,6.5,6.104793232414985,1.269760544863939,0.4376095614347316,6.381088172218791,0.7682546530467507
WASP-47 d,WASP-47,3.65,0.001,885.0,0.085,5565.0,0.03167,1.058,6.5,2.803360380906535,1.0296194171811583,4.983606621708336,2.3056305508759283,0.7682546530467507
WASP-47 e,WASP-47,1.83,0.0,1992.0,0.01673,5565.0,0.03167,1.058,6.5,2.302585092994046,1.986503546020567,8.227108234348146,0.5819977190190292,0.7682546530467507
WASP-48 b,WASP-48,16.8135,0.0,2035.0,0.03444,5920.0,0.58013,0.8800000000000001,7.9,5.542298303728719,0.34712953109520095,8.134837032809664,1.145378183163227,0.9477893989335261
WASP-49 b,WASP-49,12.44199,0.0,1400.0,0.0379,5600.0,-0.05339,0.9200000000000002,11.9,4.7757320343253795,0.25309062768216184,6.42401111954388,1.330184221178233,0.6780335427498971
WASP-5 b,WASP-5,12.184,0.038,1706.0,0.0267,5700.0,0.06717,0.96,5.4,6.220888336379343,0.9707789171582246,7.352746310072581,0.9663859108079447,0.7075430608436777
WASP-50 b,WASP-50,13.069694,0.009,1394.84,0.0293,5400.0,-0.19792,0.8920000000000001,7.0,6.148102211823024,0.8437200390393196,6.538631453983112,1.0835324912330162,0.6113946786876863
WASP-52 b,WASP-52,14.24,0.0,1315.0,0.0272,5000.0,-0.35366,0.87,0.4,4.991792206294776,0.2546422183735807,6.408137445960221,1.0115208357452152,0.5822156198526637
WASP-53 b,WASP-53,12.038466,0.03,1053.0,0.04101,4953.0,-0.46344,0.839,3.746,6.52005183446702,1.1878434223960523,5.49168436391452,1.4609017781730993,0.5866749360494286
WASP-54 b,WASP-54,17.71022,0.07,1759.0,0.04988,6100.0,0.57477,1.08,6.9,5.23920251071117,0.15443635330441893,7.402516884535649,1.5462084008362533,1.0152306797290587
WASP-55 b,WASP-55,14.72860064,0.0,1342.0,0.0558,6096.0,0.16259,1.071,3.05,5.232430985455214,0.29427951141207825,6.22455842927536,1.6984795769943817,0.7371640659767197
WASP-56 b,WASP-56,10.53646,0.0,1216.0,0.05614,5600.0,0.10256,0.71,6.2,4.9699764807056805,0.4593217808988751,6.10662191649543,1.7258155164895612,0.6729444732424258
WASP-57 b,WASP-57,11.76945,0.0,1338.0,0.03769,5600.0,-0.00509,0.886,2.6,5.326333814924586,0.5265021031509982,6.55590439481961,1.3451907019358682,0.6559643894322293
WASP-58 b,WASP-58,16.02887,0.0,1270.0,0.0562,5800.0,0.16,1.06,12.8,5.734295837341157,0.37156355643248307,6.005641576437212,1.7946187110309157,0.7975071958841881
WASP-59 b,WASP-59,8.687,0.1,670.0,0.0697,4650.0,-0.79407,0.719,0.5,5.6177742307239615,1.2237754316221157,3.664402318306775,2.188249420845935,0.47809579914307176
WASP-6 b,WASP-6,12.5428494,0.054,1167.0,0.04217,5438.0,-0.29675,0.8539999999999999,3.2,5.00680039071159,0.3648500366223059,5.666426688112432,1.4727019850539853,0.5822156198526637
WASP-60 b,WASP-60,9.86392,0.0,1479.0,0.05548,5900.0,0.34748,1.19,1.7,5.169383958401464,0.32063317259146684,6.831407030050508,1.6686497720659463,0.7747271675523681
WASP-61 b,WASP-61,15.80469,0.0,1624.4,0.0521,6250.0,0.42541,1.82,2.7,6.74850676056134,0.8850064418343887,6.968878411815422,1.5801944604644318,0.9360933591703346
WASP-62 b,WASP-62,14.79588,0.0,1475.3,0.0571,6230.0,0.3456,1.11,2.6,5.113622595908496,0.23269776411902143,6.483492598341005,1.6886094715371134,0.8020015854720274
WASP-63 b,WASP-63,15.80469,0.0,1469.91,0.0574,5550.0,0.44936,1.2800000000000002,8.3,4.7757320343253795,0.1595645696713384,7.006940486613475,1.6823314331544061,1.0508216248317612
WASP-64 b,WASP-64,14.247,0.0,1689.0,0.02648,5400.0,-0.022,1.004,1.2,6.003751255415413,0.6004834956965259,7.355409382838482,0.9451859353419525,0.7217346374118578
WASP-65 b,WASP-65,12.464,0.0,1480.0,0.0334,5600.0,0.05497,0.9300000000000002,8.0,6.2017659904088935,0.9162907318741551,6.864853310314639,1.19737839895037,0.6981347220709844
WASP-66 b,WASP-66,15.6926,0.0,1569.7,0.0546,6600.0,0.63724,1.33,3.7,6.617269947735973,0.7626732432085555,7.269459285957938,1.6265014978599808,1.0152306797290587
WASP-67 b,WASP-67,12.89035,0.0,1003.0,0.05179,5200.0,-0.29441,0.91,12.6,4.924836999206741,0.32786386208461277,5.242308762012179,1.7253382881089214,0.6312717768418579
WASP-68 b,WASP-68,14.79588,0.0,1490.0,0.06206,5910.0,0.505,1.49,5.7,5.8413867285761105,0.5098251234324072,6.738720342818307,1.805711682846059,1.0260415958332743
WASP-69 b,WASP-69,11.21,0.0,971.0,0.0453,4792.0,-0.48149,0.83,1.8,4.425804257019769,0.25541711186450544,5.201566349235703,1.5827116895092102,0.588342066193819
WASP-7 b,WASP-7,14.90797,0.034,1487.0,0.0617,6400.0,0.53682,1.276,2.4,5.723966728470122,0.4382549309311553,6.419483396685764,1.7841710162773667,0.8887139641039206
WASP-70 A b,WASP-70 A,13.047,0.0,1387.0,0.04853,5763.0,0.1624,1.106,9.5,5.239161665339277,0.40479821912046066,6.477210488381711,1.5503289551676243,0.795252403497099
WASP-71 b,WASP-71,13.22662,0.0,2016.1,0.046,6050.0,0.76845,0.76,3.0,6.093081388955488,0.7419373447293773,8.127289287295435,1.3619171362895706,1.0367368849500223
WASP-74 b,WASP-74,15.24424,0.0,1865.0,0.03443,5990.0,0.39971,0.98,3.49,5.437372972569874,0.31459173775863847,6.276942316868702,1.1435059825584184,0.8837675401685949
WASP-75 b,WASP-75,14.235,0.0,1710.0,0.0375,6100.0,0.30426,1.14,3.5,5.832058414884768,0.5247285289349821,7.4133673356952405,1.2482364535523902,0.8153648132841945
WASP-76 b,WASP-76,20.78145022,0.0,2228.0,0.033,6329.0,0.65418,1.4579999999999995,1.816,5.6529753633256705,0.15700374880966467,8.31996102188653,1.0331424824636297,1.0137803531514122
WASP-77 A b,WASP-77 A,13.56,0.01353,1674.0,0.023233633,5617.0,-0.12901,0.903,6.2,6.273464435900284,0.8458682675776092,7.273092595999522,0.858674074468424,0.6471032420585385
WASP-79 b,WASP-79,17.14974047,0.0,1716.2,0.0519,6600.0,0.66447,1.3899999999999997,1.4,5.6026874634154264,0.12221763272424921,7.406703869194784,1.539528621162781,0.9202827531436926
WASP-8 b,WASP-8,12.66617,0.31,1059.0,0.0801,5600.0,-0.05754,1.34,3.0,6.694918678093093,1.1314021114911006,5.347669277670006,2.21470643093051,0.708035793053696
WASP-80 b,WASP-80,11.197791,0.002,825.0,0.0344,4143.0,-1.03998,0.577,7.0,5.147451103779833,0.5405785819153385,4.296495979056889,1.4031151795924244,0.46121512321265623
WASP-81 b,WASP-81,16.017661,0.066,1623.0,0.03908,5870.0,0.24551,1.08,5.884,5.449741776333155,0.2866815721181974,6.942244721149668,1.312775961288093,0.8254903675476585
WASP-82 b,WASP-82,18.15858,0.0,2190.0,0.0447,6480.0,0.79422,1.48,2.0657,5.921205964231928,0.30306317449008324,8.177035371368614,1.3098964613898718,1.1314021114911006
WASP-83 b,WASP-83,11.65736,0.0,1120.0,0.059,5510.0,-0.04966,1.11,5.0,4.567977015979323,0.30010459245033805,5.480117954327864,1.786956620660224,0.7178397931503169
WASP-84 b,WASP-84,10.72,0.0,732.0,0.0778,5280.0,-0.325,0.853,2.1,5.3981627015177525,0.6830968447064438,3.5750162259643607,2.2537620586843965,0.5698489642154517
WASP-84 c,WASP-84,1.95,0.0297,1329.0,0.02359,5280.0,-0.325,0.853,2.1,2.785011242238338,2.501435951739211,7.2815095375218135,0.8948157461658572,0.5698489642154517
WASP-85 A b,WASP-85 A,13.89916,0.0,1452.0,0.039,6112.0,-0.07144,1.09,2.804,5.999072905008865,0.6312717768418579,6.463537596126806,1.2962814932507527,0.6601073264817452
WASP-87 b,WASP-87,15.524465,0.0,2049.54,0.02946,6450.0,0.53683,1.204,1.999,6.542283758359851,0.7030975114131134,8.335934229867938,0.9868591615172414,0.9658425107034028
WASP-88 b,WASP-88,16.36514,0.0,1772.0,0.06431,6430.0,0.72351,0.94,3.0,4.9014794370853885,0.13190507087993858,7.306903343182487,1.7840632625935846,1.0296194171811583
WASP-89 b,WASP-89,11.65736,0.193,1120.0,0.0427,5130.0,-0.34333,0.9200000000000002,1.3,7.537002134713918,2.0794415416798357,5.634265537299289,1.4716512389302698,0.6312717768418579
WASP-90 b,WASP-90,18.27067,0.0,1840.0,0.0562,6430.0,0.63014,1.5499999999999998,4.4,5.304462943744508,0.17647114311577897,7.441610025188569,1.5925446209133898,1.091923300517313
WASP-91 b,WASP-91,11.54527,0.0,1160.0,0.037,4920.0,-0.3827,0.8400000000000001,6.7186,6.056531522339089,0.9516578757114464,5.809811366900624,1.3346275759407054,0.6205764877251099
WASP-92 b,WASP-92,16.376349,0.0,1871.0,0.0348,6280.0,0.27461,1.19,2.29,5.548504520805371,0.29713723122253605,7.392187316321653,1.1552050129062321,0.8505781885087738
WASP-93 b,WASP-93,17.900773,0.0,1942.0,0.04211,6700.0,0.61784,1.334,0.7,6.148917126801926,0.3913661837286627,7.836817546485018,1.3170868505281859,0.9258449446789667
WASP-94 A b,WASP-94 A,17.71022,0.0,1604.0,0.055,6170.0,0.50992,1.6699999999999997,2.7,5.074642424070548,0.11154137473290741,6.918081776699441,1.5994259596823421,0.9082585601768908
WASP-94 B b,WASP-94 B,14.1,0.0,1884.9,0.0335,6040.0,0.35112,1.2400000000000002,4.0,5.28528784986426,0.32570013963930183,7.382410301662331,1.1014050519385261,0.8544153281560676
WASP-95 b,WASP-95,13.78707,0.0,1570.0,0.03416,5830.0,0.17781,1.46,2.4,6.1283423343032775,0.6097655716208943,7.217544747180233,1.158348672981131,0.8020015854720274
WASP-96 b,WASP-96,13.45,0.0,1285.0,0.0453,5540.0,0.03226,1.06,8.0,5.034026246886832,0.31481073984003355,6.249975242259483,1.4873290789909948,0.7178397931503169
WASP-97 b,WASP-97,12.77826,0.0,1555.0,0.03303,5640.0,0.07149,1.18,4.8,6.071312158828464,0.7929925155296614,7.255499462129457,1.1225761805214562,0.7323678937132266
WASP-98 b,WASP-98,12.823096,0.0,1171.0,0.03762,5473.0,-0.3578,0.8090000000000002,2.7,5.683713295838321,0.5675839575845996,5.601686255011851,1.3769105606580707,0.554459660786052
WASP-99 b,WASP-99,11.43318,0.0,1480.0,0.0717,6150.0,0.5433,1.21,3.0,6.650701856992126,1.332366019094335,6.721217004316254,1.9099142876165247,0.9707789171582246
WTS-1 b,WTS-1,16.7,0.1,1500.0,0.047,6250.0,0.08842,1.2,2.55,7.15104649609911,0.9593502213346021,6.683892116711384,1.4706486068943416,0.7654678421395714
WTS-2 b,WTS-2,15.277867,0.0,2000.0,0.01855,5000.0,-0.28812,0.8200000000000001,0.6,5.877650624092201,0.43178241642553783,7.8421416526696035,0.7024571083790546,0.5607579925141997
Wendelstein-1 b,Wendelstein-1,11.5609626,0.012,2198.0,0.0282,4251.0,-0.9377,0.65,7.401999999999999,5.242568687975985,0.5423242908253616,4.741571705854086,1.2983960454618755,0.4762341789963716
Wolf 1061 b,Wolf 1061,1.21,0.15,440.843,0.0375,3342.0,-1.9914,0.294,5.433,1.068153081183401,1.9344157696295783,2.1210632163706555,1.7727295433212493,0.2677344346420849
Wolf 1061 c,Wolf 1061,1.66,0.11,291.4,0.089,3342.0,-1.9914,0.294,4.956,1.4838746894587547,1.62924053973028,0.832909122935104,2.9376740432358877,0.2677344346420849
Wolf 1061 d,Wolf 1061,2.69,0.55,144.64,0.4699999999999999,3342.0,-1.9914,0.294,2.2461,2.1633230256605382,1.1537315878891892,0.058268908123975775,5.385457901863037,0.2677344346420849
Wolf 1069 b,Wolf 1069,1.08,0.0525,250.1,0.0672,3158.0,-2.53106,0.167,3.71101,0.8153648132841945,1.8718021769015913,0.5019866750987865,2.8072316656833207,0.1666155269723372
Wolf 327 b,Wolf 327,1.24,0.0,996.0,0.01,3542.0,-1.62986,0.405,4.1,1.2612978709452054,2.1090003439213802,5.459159891664867,0.4532862314806165,0.3407487933884732
Wolf 503 b,Wolf 503,2.043,0.41,790.0,0.05706,4716.0,-0.67572,0.688,11.0,1.9823798288367047,1.366091653802371,4.257030144499196,1.946091561170569,0.524136637825663
XO-1 b,XO-1,12.77826,0.0,1210.0,0.0488,5750.0,-0.08628,0.8800000000000001,0.9,5.578970669975675,0.49469624183610705,5.777187819072476,1.5976749998467363,0.6312717768418579
XO-2 N b,XO-2 N,11.130537,0.028,1328.0,0.0368,5340.0,-0.08823,0.971,7.8,5.197898951899526,0.5394130806179032,6.061540831491175,1.2853302172418308,0.688134638736401
XO-2 S b,XO-2 S,10.9,0.18,692.0,0.13,5399.0,-0.12302,0.98,7.1,4.426471658091573,0.3008450589780618,3.8869268173632867,2.952668184082964,0.6931471805599453
XO-2 S c,XO-2 S,13.6,0.1528,573.3610000000001,0.4756,5399.0,-0.12302,0.982,7.1,6.078579877027652,0.6683420616409741,3.022162559290921,4.802380355275797,0.7030975114131134
XO-4 b,XO-4,14.01125,0.0,1630.0,0.05524,6397.0,0.53558,1.1,2.1,6.114386798786617,0.6043159668533296,7.015056909457009,1.6341461346587383,0.8960880245566356
XO-5 b,XO-5,12.78,0.0,1230.0,0.0515,5430.0,-0.06,1.04,8.5,5.938063770380866,0.7227059828014898,5.987657057811373,1.6463011951844504,0.7561219797213337
XO-6 b,XO-6,23.20263,0.0,1577.0,0.0815,6720.0,0.53614,1.4700000000000002,1.88,7.243836010403761,0.4824261492442927,6.365414908027491,1.5612976840106667,1.0750024230289759
XO-7 b,XO-7,15.389957,0.038,1743.0,0.04421,6250.0,0.43132,1.4050000000000002,1.18,5.422044788170766,0.29266961396281993,7.340186835320115,1.3517397686732868,0.9082585601768908
YZ Cet b,YZ Cet,0.913,0.06,471.2,0.01634,3151.0,-2.65857,0.142,3.8,0.5306282510621704,1.80005827204275,2.2202898502672155,1.1055448693700538,0.14583044821153943
YZ Cet c,YZ Cet,1.05,0.0,410.3,0.02156,3151.0,-2.65857,0.142,3.8,0.76080582903376,1.8578592709325787,1.7439688053917064,1.4011558796505441,0.14583044821153943
YZ Cet d,YZ Cet,1.03,0.07,356.7,0.02851,3151.0,-2.65857,0.142,3.8,0.7371640659767197,1.8687205103641835,1.308332819650179,1.7327628964203374,0.14583044821153943
bet Pic c,bet Pic,12.5,0.314,1250.0,2.6800000000000006,8038.68,0.95282,1.7949999999999997,0.0165,8.078211284058442,2.309560706730471,5.259919709737088,7.084879611908244,0.9338005365819497
eps Eri b,eps Eri,14.1,0.07,526.22,3.53,5020.38,-0.41928,0.8200000000000001,0.6,5.350752065230796,0.34429867287067695,3.7276981865021304,7.890582534656536,0.5648057254519919
gam Cep b,gam Cep,12.7,0.15,578.1659999999999,2.13,4775.0,1.073,1.27,5.7,7.649057891930959,1.891604804197771,3.4776743875389746,6.81783057145415,1.747459210331475
kap CrB b,kap CrB,13.4,0.04,187.51,2.5,4840.0,1.03583,1.33,3.42,6.3837832858018,0.8544153281560676,0.20859084916569515,7.134635838973256,1.7369512327330598
nu Oct A b,nu Oct A,13.3,0.195,632.2,1.2400000000000002,4910.0,1.12057,1.5700000000000005,2.7,6.546848839638397,0.9669838461896731,3.605310694686004,5.999928625520111,1.7984040119467237
pi Men c,HD 39091,2.0189,0.0,1169.8,0.06839,5998.0,0.15836,1.07,2.98,1.5325568680981427,1.33500106673234,5.736572297479192,1.9834591222230589,0.7747271675523681
pi Men d,HD 39091,3.72,0.22,496.2,0.506,5998.0,0.15957,1.07,3.92,2.6658383522929006,0.8878912573524571,2.906094076377669,4.833420674670446,0.7839015438284094
psi1 Dra B b,psi1 Dra B,13.5,0.4,646.0,4.43,6212.0,0.32579,1.19,3.3,6.1888387013073904,0.7371640659767197,2.9098951372530206,8.044947049617722,0.8134758621973062
rho CrB b,rho CrB,13.7,0.038,614.0,0.2245,5817.0,0.26007,0.95,10.2,5.853312348843028,0.555033878430311,3.5751506887855933,3.709755035001252,0.8501509293696101
rho CrB c,rho CrB,5.78,0.096,448.1,0.4206,5817.0,0.26007,0.95,10.2,3.374168709274236,0.5888971591861462,2.3841650799864684,4.636571949127623,0.8501509293696101
rho CrB d,rho CrB,4.94,0.0,453.34,0.8270000000000001,5817.0,0.26007,0.95,10.2,3.1179499062782403,0.6856189141391538,2.395902743238856,5.6461533618195645,0.8501509293696101
rho CrB e,rho CrB,1.77,0.126,970.42,0.1061,5817.0,0.26007,0.95,10.2,1.5665304114228238,1.5602476682433286,4.953245611303385,2.635407821110098,0.8501509293696101
tau Boo b,tau Boo,12.8,0.011,1595.4,0.049,6466.27,0.50548,1.32,2.0,7.545389749611823,1.7833912195575383,7.022280719214445,1.4615077649159993,0.886194345159968
tau Cet e,tau Cet,1.81,0.18,336.9,0.538,5310.0,-0.30539,0.7829999999999999,12.12,1.5953389880545987,1.534714366238164,1.3660219501446882,5.099073430558133,0.6043159668533296
tau Cet f,tau Cet,1.81,0.16,314.92,1.334,5310.0,-0.30539,0.7829999999999999,12.12,1.5953389880545987,1.534714366238164,1.1379946462923312,6.456973716382993,0.6043159668533296
tau Cet g,tau Cet,1.18,0.06,633.3,0.133,5310.0,-0.30539,0.7829999999999999,12.12,1.0116009116784799,1.9242486522741338,3.4494150905627547,3.044522437723423,0.6043159668533296
tau Cet h,tau Cet,1.19,0.23,466.35,0.243,5310.0,-0.30539,0.7829999999999999,12.12,1.0402767116551463,1.9416152247724325,2.058045416748013,3.9201895680945396,0.6043159668533296
ups And b,ups And,14.0,0.0215,1444.4,0.05922166,6156.77,0.52541,1.3,5.0,5.391493452611536,0.36325325929885494,6.535024843814344,1.7258035885552916,0.9400072584914712
ups And d,ups And,12.5,0.2987,580.5,2.51329,6156.77,0.52541,1.3,5.0,8.089096256153132,2.3194422100604686,3.310615547158079,7.152629010433056,0.9400072584914712
