pl_name,hostname,pl_rade,pl_bmasse,pl_dens,pl_orbeccen,pl_eqt,pl_insol,pl_orbper,pl_orbsmax,st_teff,st_lum,st_rad,st_mass,st_age
11 Com b,11 Com,12.2,4914.898485849997,14.900000000000004,0.238,581.332,31.256544484965783,323.2099999999999,1.178,4874.0,1.97823,13.760000000000002,2.09,1.1804999999999999
11 UMi b,11 UMi,12.3,4684.814200000002,13.799999999999997,0.08,499.0,16.28496922345855,516.21997,1.53,4213.0,2.42951,29.79,2.7799999999999994,1.56
14 And b,14 And,13.1,1131.1513005100005,2.76,0.0,621.8,39.29982406939498,186.76,0.7749999999999999,4888.0,1.83992,11.550000000000002,1.7800000000000002,4.5
14 Her b,14 Her,12.6,2559.4721615699996,7.029999999999999,0.373,277.86,2.53741043308684,1765.0388999999996,2.774,5338.0,-0.15273,0.9300000000000002,0.91,3.9
16 Cyg B b,16 Cyg B,13.5,565.7374000000002,1.26,0.68,513.8,63.77931033924582,798.5,1.6599999999999997,5750.0,0.09729,1.13,1.08,7.4
17 Sco b,17 Sco,12.9,1373.0187182400005,3.5099999999999993,0.06,475.4,24.61791172019271,578.3799999999999,1.45,4157.0,2.25435,25.920000000000005,1.22,5.13
18 Del b,18 Del,12.5,2926.2461432500004,8.23,0.024,584.8,31.256544484965783,982.85,2.4760000000000004,4980.0,1.63367,8.8,2.1,1.1
1RXS J160929.1-210524 b,1RXS J160929.1-210524,18.647,2999.9999999999995,2.54,0.402559,1700.0,313.8227323442796,11.122139999999998,330.0,4060.0,-0.37,1.3131600000000003,0.8500000000000001,0.005
24 Boo b,24 Boo,13.9,280.64248337999993,0.574,0.032,1044.3,257.28094357627276,30.329999999999995,0.194,4816.0,1.87691,12.19,1.05,6.92
24 Sex b,24 Sex,13.4,632.4600000000003,1.44,0.09,606.2,36.141030506135436,452.8000000000001,1.333,5098.0,1.164,4.9,1.54,2.7
24 Sex c,24 Sex,13.9,273.31999999999994,0.559,0.29,623.266,29.5683276181823,882.9999999999998,2.08,5098.0,1.164,4.9,1.54,2.7
2M0437 b,2MASS J04372171+2651014,13.0,1271.3136280000003,3.18,0.436799,1450.0,335.2317255235809,11.122139999999998,118.00000000000003,3100.0,-1.16368,0.8400000000000001,0.16999999999999998,0.0025
2MASS J01033563-5515561 AB b,2MASS J01033563-5515561 A,12.3,4131.789999999999,12.2,0.40854,1448.6,367.55298177911834,11.122139999999998,84.00000000000001,5549.0,-0.07632,0.95138,0.19,0.03
2MASS J01225093-2439505 b,2MASS J01225093-2439505,11.209,7786.500000000001,30.4,0.50954,1600.0,710.6759384941918,11.122139999999998,52.00000000000001,3530.0,-1.72,0.36645,0.4,0.12
2MASS J02192210-3925225 b,2MASS J02192210-3925225,16.14096,4417.837000000001,5.77,0.531839,1649.0,458.39340432648413,11.122139999999998,155.99999999999994,3064.0,-2.23,0.281,0.108,0.035
2MASS J0249-0557 c,2MASS J0249-0557 A,12.4,3686.8095211999985,10.600000000000001,0.54284,1812.3,221.88592544024547,11.122139999999998,1949.9999999999993,2859.0,-2.59,0.31595899999999993,0.046,0.022
2MASS J03590986+2009361 b,2MASS J03590986+2009361,12.2,5720.911326000004,17.300000000000004,0.52904,2369.0,543.4118937837462,11.122139999999998,572.0000000000002,2943.0,-2.24602,0.289776,0.264996,0.027649999999999997
2MASS J04414489+2301513 b,2MASS J04414489+2301513,12.6,2383.6,6.550000000000001,0.4875,620.177,27.93206934586094,11.122139999999998,14.999999999999998,2936.0,-2.44363,0.231916,0.019,0.001
2MASS J11011926-7732383 b,2MASS J11011926-7732383,11.9,8899.195395999997,29.000000000000004,0.4399400000000001,2677.0,3196.913019799837,11.122139999999998,266.00000000000006,5549.0,-0.07632,0.95138,0.94,0.1102
2MASS J11550485-7919108 b,2MASS J11550485-7919108,12.1,6356.568139999998,19.7,0.52904,2506.0,635.4323286774622,11.122139999999998,587.0,3021.0,-1.56774,0.600455,0.58846,0.10075
2MASS J12073346-3932539 b,2MASS J12073346-3932539,12.9,1589.15,4.07,0.5215,1250.0,94.23216051547769,11.122139999999998,55.00000000000002,2825.0,-2.56086,0.21887,0.024,0.008
2MASS J19383260+4603591 b,2MASS J19383260+4603591,13.4,603.8770000000001,1.3799999999999997,0.33,387.26,6.266381078033655,405.99999999999983,0.9200000000000002,29564.0,1.45,0.203,0.48,6.2916
2MASS J21252752-8138278 b,2MASS J21252752-8138278,12.4,3813.940883999999,11.0,0.47576,1616.0,458.39340432648413,11.122139999999998,7492.999999999995,3592.0,-1.16815,0.6728320000000001,0.643977,0.39575000000000005
2MASS J22362452+4751425 b,2MASS J22362452+4751425,12.3,3972.8749999999995,11.700000000000003,0.48904,1625.4,458.39340432648413,11.122139999999998,229.99999999999994,4045.0,-1.02143,0.641152,0.6000000000000001,0.12
2MASS J22501512+2325342 b,2MASS J22501512+2325342,11.9,9534.852210000003,31.100000000000005,0.52904,1600.0,710.6759384941918,11.122139999999998,517.9999999999999,3352.0,-1.66196,0.437589,0.433173,0.15
4 UMa b,4 UMa,12.6,2511.480072110001,6.900000000000002,0.453,404.6,14.382249089623139,270.27,0.877,4415.0,2.06236,18.109999999999996,1.234,4.604
47 UMa b,47 UMa,13.2,804.08,1.92,0.032,257.90999999999997,0.627103069853579,1078.0,2.1,5872.0,0.1978,1.21334,1.06,6.48
47 UMa c,47 UMa,14.2,171.621,0.329,0.098,227.75,0.6653179133554648,2390.9999999999995,3.6000000000000005,5872.0,0.1978,1.21334,1.06,6.48
47 UMa d,47 UMa,13.5,521.2199999999999,1.16,0.16,336.71,3.014860251742273,14002.000000000007,11.599999999999998,5872.0,0.1978,1.21334,1.06,6.48
51 Eri b,51 Eri,2.8395539349999996,3464.329636299997,2.56,0.57,807.0,65.39419986732663,9099.999999999995,10.399999999999999,7422.0,0.7574,1.45,1.75,0.0232
51 Peg b,51 Peg,14.3,146.2018,0.275,0.013,1252.42,439.0683943094727,4.230785,0.0527,5758.0,0.13631,1.17561,1.03,10.0
55 Cnc B b,55 Cnc B,1.69,3.5000000000000004,3.9800000000000004,0.0,422.68,8.410473097276553,6.7994,0.044,3286.0,-2.10811,0.274,0.26,10.0
55 Cnc B c,55 Cnc B,2.16,5.299999999999999,2.89,0.0,305.03000000000003,1.6679589675996542,33.74699999999999,0.13,3286.0,-2.10811,0.274,0.26,10.0
55 Cnc b,55 Cnc,13.9,263.97850000000005,0.54,0.0029,700.0,68.1238452514723,14.651552000000002,0.118,5198.0,-0.19695,0.9799999999999999,1.015,10.0
55 Cnc c,55 Cnc,8.51,54.47380000000001,0.486,0.088,517.363,8.00293123690389,44.393600000000006,0.247,5198.0,-0.19695,0.9799999999999999,1.015,10.0
55 Cnc d,55 Cnc,13.0,1232.4930000000004,3.08,0.0913,499.2,41.29965619316017,4799.000000000001,5.6,5198.0,-0.19695,0.9799999999999999,1.015,10.0
55 Cnc e,55 Cnc,1.875,7.990000000000001,6.660000000000002,0.05,1958.0,2657.8322000000007,0.7365474000000001,0.01544,5172.0,-0.19695,0.9430000000000001,0.905,5.5
55 Cnc f,55 Cnc,7.59,44.812,0.563,0.063,336.2,3.0036114364563176,260.57999999999987,0.8019999999999999,5198.0,-0.19695,0.9799999999999999,1.015,10.0
6 Lyn b,6 Lyn,13.4,597.8352335700002,1.37,0.042,403.73,5.21412504280787,919.8600000000004,2.0280000000000005,4941.0,1.1186,4.94,1.32,2.353
61 Vir b,61 Vir,2.11,5.1,2.98,0.12,1090.0790000000002,292.37452736594616,4.215,0.050201,5577.0,-0.095,0.963,0.942,8.96
61 Vir c,61 Vir,4.46,18.199999999999996,1.13,0.14,533.8399999999999,15.232287836456816,38.021,0.21749999999999997,5577.0,-0.095,0.963,0.942,8.96
61 Vir d,61 Vir,5.11,22.900000000000006,0.9430000000000001,0.35,362.2,4.817373181603491,123.01000000000003,0.476,5577.0,-0.095,0.963,0.942,8.96
7 CMa b,7 CMa,13.4,587.9855000000002,1.34,0.06,354.12,4.076535687006761,735.0999999999998,1.758,4826.0,1.06258,4.869999999999999,1.34,4.3
7 CMa c,7 CMa,13.9,276.5120999999999,0.5659999999999998,0.08,366.62,7.822038408484973,995.9999999999999,2.1529999999999996,4826.0,1.06258,4.869999999999999,1.34,4.3
70 Vir b,70 Vir,12.6,2380.4499999999994,6.540000000000002,0.3988,425.466,24.501820476638294,116.688,0.481,5495.0,0.4513,1.89,1.09,7.77
75 Cet b,75 Cet,13.3,787.8966209500002,1.8399999999999999,0.093,665.5,20.54315483695788,696.6200000000001,1.912,4809.0,1.7145,10.379999999999999,1.92,1.6099999999999999
75 Cet c,75 Cet,13.9,289.8595071799999,0.593,0.023,357.1,4.34026085951327,2051.620000000001,3.9290000000000003,4809.0,1.7145,10.379999999999999,1.92,3.3549999999999995
8 UMi b,8 UMi,13.5,524.4168715500002,1.17,0.062,599.571,34.098063077465845,93.31,0.4620000000000001,4847.0,1.72346,10.73,1.5100000000000002,1.7
81 Cet b,81 Cet,13.1,1051.05854195,2.5699999999999994,0.037,223.88000000000002,0.35295832533431093,1005.5699999999997,2.104,4734.0,1.76027,11.209999999999999,1.23,6.151300000000001
91 Aqr b,91 Aqr,13.1,1016.9999999999999,2.49,0.027,606.2,34.2160179598346,181.40000000000006,0.7,4665.0,1.69239,11.0,1.4,3.56
AB Aur b,AB Aur,12.5,2860.455663,8.05,0.4,1252.4,193.2237160381736,11.122139999999998,93.9,9770.0,1.77085,2.9588699999999997,2.4,0.003
AB Pic b,AB Pic,12.3,4290.5,12.7,0.45044000000000006,595.144,39.2795682672505,11.122139999999998,260.00000000000006,5285.0,-0.22631,0.9993939999999999,0.9,0.03
AF Lep b,AF Lep,13.0,1147.36054927,2.8699999999999997,0.015,1400.0,149.77195169197347,8904.999999999993,8.996000000000002,6140.0,0.29,1.25,1.218,0.024
AT2021ueyL b,AT2021ueyL,13.6,425.89006538,0.9300000000000002,0.36893,333.4,3.465690430280041,4168.69,4.01,3680.0,-0.07632,0.95138,0.49,6.5
AU Mic b,AU Mic,3.95677019,20.12,1.32,0.00577,600.0,21.200000000000003,8.463080000000001,0.0649,3678.0,-1.0381,0.744,0.51,0.0201
AU Mic c,AU Mic,2.52202066,9.6,1.22,0.00338,459.0,7.300000000000001,18.85969,0.1108,3678.0,-1.0381,0.744,0.51,0.0201
AU Mic d,AU Mic,1.02,1.053,5.449999999999999,0.00305,807.4,85.88137740220623,12.735960000000002,0.102,3678.0,-1.0381,0.744,0.51,0.0201
AU Mic e,AU Mic,4.87,21.10000000000001,1.0,0.1557,480.01000000000005,10.510345376860812,33.11000000000001,0.102,3665.0,-0.99,0.8200000000000001,0.6000000000000001,0.0185
BD+03 2562 b,BD+03 2562,12.7,2034.1119999999996,5.46,0.2,588.7,31.384321052486218,481.90000000000003,1.3,4095.0,2.7,32.35000000000001,1.14,5.2
BD+05 4868 A b,BD+05 4868 A,2.8395539349999996,6.2,2.56,0.12410000000000002,1820.0,1077.3503561826874,1.271869,0.0208,4596.0,-0.7167,0.69,0.7,11.1
BD+14 4559 b,BD+14 4559,13.8,330.5432,0.691,0.29,186.19,0.2564981605568436,268.9399999999999,0.78,4864.0,-0.32,0.86,0.49,5.561
BD+15 2375 b,BD+15 2375,13.8,337.21763,0.705,0.001,601.71,32.25200311628521,153.21999999999997,0.576,4649.0,1.57,8.95,1.08,7.41
BD+15 2940 b,BD+15 2940,13.7,352.77999999999986,0.754,0.26,515.466,24.152347291296323,137.47999999999993,0.539,4796.0,2.01,14.699999999999998,1.1,7.1
BD+20 2457 b,BD+20 2457,12.1,6807.630000000003,21.10000000000001,0.15,578.1659999999999,31.256544484965783,379.63000000000017,1.45,4137.0,3.17,48.99999999999999,2.8,2.0017000000000005
BD+20 2457 c,BD+20 2457,12.4,3963.1700000000023,11.4,0.18,582.832,31.256544484965783,621.9899999999999,2.01,4137.0,3.17,48.99999999999999,2.8,1.4550000000000003
BD+20 274 b,BD+20 274,13.0,1334.886,3.3400000000000003,0.21,420.93999999999994,7.874675118681313,578.1999999999998,1.3,4296.0,1.96,17.300000000000004,0.8,5.234100000000001
BD+20 594 b,BD+20 594,2.57807,22.248100000000004,7.890000000000001,0.0,546.0,21.041883607932846,41.685500000000005,0.241,5766.0,-0.05552,1.08,1.6699999999999997,3.34
BD+37 3172 b,BD+37 3172,12.4,3368.981114199998,9.71,0.59,538.966,19.025707101421606,1887.76,4.6499999999999995,4500.0,2.84,50.239999999999995,3.7500000000000004,3.285
BD+42 2315 b,BD+42 2315,14.2,174.80562385000002,0.3350000000000001,0.73,527.766,39.85733656554377,123.04999999999998,0.54,4500.0,1.99,17.850000000000005,1.3799999999999997,5.274
BD+45 564 b,BD+45 564,13.6,432.2466335199998,0.944,0.12,448.8,12.060845569876488,307.8799999999999,0.83,5004.0,-0.39918,0.813064,0.81,5.415000000000001
BD+48 738 b,BD+48 738,13.9,289.22530000000006,0.592,0.2,605.6659999999999,29.86350947154319,392.5999999999999,1.0,4414.0,1.69,11.0,0.74,4.3921
BD+48 740 b,BD+48 740,13.5,540.311,1.21,0.76,400.6,6.250960214680051,732.9999999999997,1.7000000000000002,4534.0,1.64,10.329999999999998,1.09,5.618
BD+49 828 b,BD+49 828,13.5,508.50000000000006,1.14,0.35,347.41999999999996,4.816639203647652,2590.0,4.199999999999999,4943.0,1.47,7.599999999999999,1.5200000000000002,2.34
BD+55 362 b,BD+55 362,14.0,228.8364530400001,0.4580000000000001,0.27,438.2,37.46355496496663,265.59000000000003,0.78,5012.0,-0.31295,0.896193,0.909,5.763
BD+60 1417 b,BD+60 1417,14.68376472,4767.426104999996,8.269999999999998,0.39963899999999997,1303.0,301.0458646615281,11.122139999999998,1662.0000000000005,4993.0,0.35595,0.797,1.0,0.1
BD+63 1405 b,BD+63 1405,12.4,3305.4154327999995,9.53,0.88,556.6,31.200713168721222,1198.4800000000002,2.0599999999999996,5000.0,-0.41295,0.8047239999999999,0.816,5.122999999999999
BD-06 1339 b,BD-06 1339,2.8395539349999996,1523.0337263400006,2.56,0.0,949.8,110.82879370148355,3.8728000000000002,0.0428,4324.0,-1.022,0.686355,0.7,4.4
BD-06 1339 c,BD-06 1339,8.38,53.00000000000001,0.49500000000000005,0.31,396.8,4.237561955976045,125.94,0.435,4324.0,-1.022,0.686355,0.7,4.4
BD-08 2823 b,BD-08 2823,2.8395539349999996,2948.494131739999,2.56,0.15,618.2,33.74280195049086,5.6,0.06,4816.0,-0.62597,0.71,0.5,4.5
BD-08 2823 c,BD-08 2823,12.5,103.99999999999997,0.293,0.19,350.29,4.704058911557706,237.5999999999999,0.6800000000000002,4746.0,-0.62597,0.71,0.74,4.5
BD-10 3166 b,BD-10 3166,14.1,187.51969999999994,0.368,0.02,1292.6,410.0058630680254,3.4877699999999994,0.04,5393.0,-0.1912,0.91,1.4700000000000002,0.25
BD-11 4672 b,BD-11 4672,14.1,206.58949999999993,0.405,0.05,526.22,36.89282112814516,1634.0000000000005,2.36,4550.0,-0.8041,0.639,0.651,7.4
BD-11 4672 c,BD-11 4672,4.04,15.37,1.2800000000000002,0.4,265.91999999999996,1.5134164146303446,74.2,0.3,4550.0,-0.8041,0.639,0.651,7.4
BD-13 2130 b,BD-13 2130,12.5,3108.377400000001,8.750000000000002,0.21,599.766,36.94235316602243,714.2999900000001,1.6599999999999997,4545.0,2.04268,19.17,2.1200000000000006,0.74
BD-14 3065 b,BD-14 3065 A,21.59,3932.000000000002,2.1500000000000004,0.066,2001.0,646.761,4.2889731,0.0656,6935.0,1.06,2.35,1.4100000000000001,2.24
BD-17 63 b,BD-17 63,12.8,1639.9945801200001,4.3,0.5439,195.7,0.20430394970869584,655.5699999999999,1.34,4714.0,-0.678,0.74,0.7410000000000001,4.3
BD-210397 b,BD-210397,14.0,213.99999999999991,0.42899999999999994,0.1,84.22,0.02,1890.9999999999995,2.63,4051.0,-0.86967,0.7470000000000001,0.679,6.2
BD-210397 c,BD-210397,12.9,1525.5763536000004,3.91,0.43,85.66,0.0039,6240.0,5.9,4051.0,-0.86967,0.7470000000000001,0.69,4.0
BEBOP-3 b,BEBOP-3,14.2,177.34825111,0.33999999999999997,0.247,614.1,27.859953556256734,547.0000000000002,1.444,6033.0,0.38321,1.4140000000000001,1.083,5.184
BEBOP-4 AB b,BEBOP-4 A,2.8395539349999996,8358.887104100006,2.56,0.428,596.966,25.82941971045193,1823.4999999999998,3.634,5701.43,0.85933,2.7564499999999996,1.507,3.51542
Barnard b,Barnard's star,0.72,0.299,4.3999999999999995,0.03,438.0,6.759999999999999,3.1542,0.0229,3195.0,-2.44977,0.185,0.162,4.74
Barnard c,Barnard's star,0.743,0.3350000000000001,4.49,0.08,400.0,5.032659190378013,4.1244,0.0274,3195.0,-2.44977,0.185,0.162,5.366
Barnard d,Barnard's star,0.694,0.263,4.32,0.04,483.0,9.736666781179217,2.3402,0.0188,3195.0,-2.44977,0.185,0.162,5.254
Barnard e,Barnard's star,0.637,0.19299999999999998,4.1,0.04,340.0,2.863611313537907,6.739199999999999,0.0381,3195.0,-2.44977,0.185,0.162,6.757000000000001
CD Cet b,CD Cet,1.82,3.95,3.6000000000000005,0.13491,464.0,8.600000000000001,2.2907,0.0185,3130.0,-2.53254,0.175,0.161,3.0
CD-35 2722 b,CD-35 2722,17.37392009,9375.938006500006,9.82,0.531839,1800.0,221.88592544024547,11.122139999999998,67.00000000000001,3689.0,-1.26481,0.558549,0.4,0.1
CFBDSIR J145829+101343 b,CFBDSIR J145829+101343,12.4,3337.099999999998,9.620000000000001,0.42443,370.0,9.42442218903906,10037.500000000007,2.6000000000000005,580.5,-0.07632,0.95138,0.021,6.113
CFHTWIR-Oph 98 b,CFHTWIR-Oph 98 A,20.8487041,2479.0615746000003,1.5,0.31319899999999995,1800.0,216.74228724175973,8040000.0,200.0,2320.0,-2.85,0.245,0.0147,0.003
CHXR 73 b,CHXR 73,12.3,3994.4860000000003,11.799999999999999,0.44720000000000004,1711.9,257.06368777656644,11.122139999999998,210.00000000000003,3099.0,-0.07632,0.95138,0.35,0.002
CI Tau c,CI Tau,13.0,1144.1822652,2.86,0.58,671.29,41.26136988293544,25.2,0.16999999999999998,3807.0,-0.25458,1.880857,0.9,0.0025
COCONUTS-2 b,COCONUTS-2 A,12.44196858,2542.6272559999998,7.249999999999998,0.275,434.0,24.11176824722159,401999999.9999998,7505.999999999994,3406.0,-1.732,0.388,0.37,0.475
CT Cha b,CT Cha,24.66,5403.000000000002,1.9799999999999998,0.33161999999999997,2600.0,2170.6408760133795,11.122139999999998,440.0,4403.0,-0.10177,1.6796939999999998,0.94,0.002
CoRoT-1 b,CoRoT-1,16.7,327.35,0.38,0.0,1898.0,2852.6300000000015,1.5089557,0.02752,5950.0,0.29793,1.11,0.9500000000000001,1.6
CoRoT-10 b,CoRoT-10,10.87,873.9999999999997,3.7,0.53,600.0,16.108899999999995,13.2406,0.1055,5075.0,-0.72608,0.79,0.89,3.0
CoRoT-11 b,CoRoT-11,16.03,740.51,0.99,0.0,1657.0,1890.6490000000006,2.9943300000000006,0.0436,6440.0,0.37753,1.37,1.27,2.0
CoRoT-12 b,CoRoT-12,16.14,291.43800000000005,0.411,0.07,1442.0,661.1334000000003,2.828042,0.04016,5675.0,0.07,1.116,1.078,6.3
CoRoT-13 b,CoRoT-13,9.92,415.70399999999984,2.34,0.0,1700.0,546.5339000000001,4.03519,0.051,5945.0,0.07314,1.01,1.09,1.635
CoRoT-14 b,CoRoT-14,12.22,2415.3999999999996,7.300000000000001,0.0,1952.0,2421.4314941674406,1.51214,0.027,6035.0,0.11884,1.21,1.13,4.2
CoRoT-16 b,CoRoT-16,13.11,170.032,0.44,0.33,1048.9,190.40549650497093,5.352270000000001,0.0618,5650.0,-0.43496,1.19,1.098,6.73
CoRoT-17 b,CoRoT-17,11.43,772.2899999999997,2.8199999999999994,0.0,1626.0,962.1011412864284,3.7681000000000004,0.0461,5740.0,0.13421,1.5900000000000003,1.04,10.7
CoRoT-18 b,CoRoT-18,14.68,1102.8200000000004,2.2,0.08,1550.0,823.7008999999999,1.9000693000000002,0.0295,5440.0,-0.17,1.0,0.9500000000000001,0.6
CoRoT-19 b,CoRoT-19,14.46,352.77999999999986,0.71,0.047,2000.0,1103.8090000000002,3.8971299999999998,0.0518,6090.0,0.544,1.65,1.21,5.0
CoRoT-2 b,CoRoT-2,16.432,1102.8200000000004,1.4700000000000002,0.0143,1521.0,932.9076000000001,1.7429935,0.02798,5625.0,-0.13055,0.906,0.9599999999999999,2.7
CoRoT-20 b,CoRoT-20,9.41556,1366.6690000000003,8.87,0.59,1024.0,180.87039999999996,9.24285,0.09,5880.0,0.17,1.02,1.14,0.1
CoRoT-20 c,CoRoT-20,12.2,5403.110000000004,16.4,0.6,550.3,17.688627486173253,1674.9999999999998,2.8999999999999995,5880.0,0.17,1.02,1.14,0.1
CoRoT-21 b,CoRoT-21,14.5717,718.2957999999999,1.3599999999999999,0.0,2154.864,4012.0518271124233,2.72474,0.0417,6200.0,0.705,1.9499999999999997,1.29,4.1
CoRoT-22 b,CoRoT-22,4.88,12.2,0.249,0.077,885.0,600.2012353589536,9.75598,0.092,5939.0,0.01352,1.136,1.099,3.3
CoRoT-23 b,CoRoT-23,11.77,889.9,3.0,0.16,1660.0,772.1845852271514,3.6313,0.048,5900.0,0.08678,1.6100000000000003,1.14,7.2
CoRoT-24 b,CoRoT-24,3.7,5.700000000000001,0.9,0.0,1070.0,205.6831248843075,5.1134,0.056,4950.0,-0.60148,0.86,0.91,11.0
CoRoT-24 c,CoRoT-24,5.0,28.000000000000004,1.3,0.0,850.0,88.21005005995217,11.759000000000002,0.098,4950.0,-0.60148,0.86,0.91,11.0
CoRoT-25 b,CoRoT-25,12.11,85.80999999999997,0.15,0.0,1330.0,356.54159387355435,4.86069,0.057800000000000004,6040.0,0.14101,1.19,1.09,4.5
CoRoT-26 b,CoRoT-26,14.12,165.26,0.28,0.0,1600.0,1087.8681948959202,4.20474,0.0526,5590.0,0.451,1.79,1.09,8.6
CoRoT-27 b,CoRoT-27,11.287,3302.110000000001,12.600000000000001,0.065,1500.0,855.1471060953861,3.5753199999999996,0.0476,5900.0,-0.16641,1.08,1.05,4.21
CoRoT-28 b,CoRoT-28,10.704595,153.82972,0.69,0.047,1338.753,647.5655201556455,5.20851,0.0603,5150.0,0.38849,1.7800000000000002,1.01,12.0
CoRoT-29 b,CoRoT-29,10.0881,270.1555000000001,1.45,0.082,1136.6439999999998,322.2998609306674,2.85057,0.0386,5260.0,-0.09414,0.9,0.97,4.5
CoRoT-3 b,CoRoT-3,11.32,6883.909999999996,26.4,0.0,1695.0,1002.2694782587333,4.2568,0.05783,6740.0,0.39086,1.56,1.37,2.2
CoRoT-30 b,CoRoT-30,11.309881,921.707,3.4499999999999997,0.007,1058.0,183.86449561347712,9.060050000000002,0.0844,5650.0,-0.19653,0.91,0.9799999999999999,3.0
CoRoT-31 b,CoRoT-31,16.36514,266.97720000000004,0.33,0.02,1637.6,1365.7002401783068,4.629409999999999,0.0586,5700.0,0.39778,2.1500000000000004,1.25,4.7
CoRoT-32 b,CoRoT-32,6.38913,47.674499999999995,1.1,0.07809999999999999,938.0,132.26,6.718369999999999,0.071,5970.0,-0.1549,0.79,1.08,1.1187
CoRoT-35 b,CoRoT-35,18.83108758,349.61124770000004,0.2899999999999999,0.0,1747.0,1496.2970962830432,3.2274799999999995,0.0429,6390.0,0.36247,1.65,1.01,6.1
CoRoT-36 b,CoRoT-36,15.80466279,216.12331676000008,0.25,0.0,1567.0,721.2589236174924,5.616531,0.066,6730.0,0.81257,1.5200000000000002,1.32,2.1
CoRoT-4 b,CoRoT-4,13.34,228.82999999999993,0.5250000000000001,0.0,1074.0,203.9517,9.202049999999998,0.09,6190.0,0.18482,1.17,1.16,1.0
CoRoT-5 b,CoRoT-5,15.558,148.42000000000004,0.217,0.09,1438.0,786.2949000000001,4.0378962,0.04947,6100.0,0.18,1.186,1.0,6.9
CoRoT-6 b,CoRoT-6,13.068,940.7399999999999,2.3199999999999994,0.1,1017.0,199.19427927585306,8.886593000000001,0.0855,6090.0,0.02573,1.025,1.05,2.5
CoRoT-7 b,CoRoT-7,1.68135,4.07660518,9.354999999999999,0.0,1756.0,1769.3092696295544,0.85359163,0.017016,5275.0,-0.28938,0.83,0.8200000000000001,1.8
CoRoT-7 c,CoRoT-7,2.83,8.400000000000002,2.04,0.0,1097.4,267.540596249609,3.6979999999999995,0.046,5256.0,-0.28938,0.8642729999999998,0.899,1.8
CoRoT-7 d,CoRoT-7,4.31,17.141999999999996,1.18,0.08349999999999999,837.4,93.01698976987672,8.965999999999998,0.102,5250.0,-0.28938,0.8389,0.915,1.8
CoRoT-8 b,CoRoT-8,6.39,69.92000000000003,1.6000000000000003,0.0,870.0,127.92975344914971,6.212290000000001,0.063,5080.0,-0.4,0.77,0.8800000000000001,3.0
CoRoT-9 b,CoRoT-9,11.948794,266.97720000000004,0.86,0.133,420.0,30.749577459406947,95.27265600000003,0.4021,5625.0,-0.25426,0.9599999999999999,0.9599999999999999,6.0
DE CVn b,DE CVn,12.4,3823.2733016099974,11.0,0.0,320.52,3.2096749860880323,4098.1,5.749999999999999,3579.0,-1.57398,0.424754,0.51,4.8027
DENIS-P J082303.1-491201 b,DENIS-P J082303.1-491201,11.9,9057.769999999999,29.5,0.345,465.4,23.153417881781685,246.3600000000001,0.36,5549.0,-0.07632,0.95138,0.075,1.0
DH Tau b,DH Tau,30.2643,3496.0000000000014,0.6929999999999998,0.354699,2200.0,609.5771025155212,11.122139999999998,330.0,4371.0,-0.21153,0.27,0.33,0.001
DMPP-1 b,DMPP-1,5.29,24.270000000000003,0.9010000000000001,0.083,877.0,133.85290290818304,18.569999999999997,0.1462,6196.0,0.31955,1.26,1.21,2.01
DMPP-1 c,DMPP-1,3.06,9.6,1.8399999999999999,0.057,1239.0,382.21954997426116,6.5840000000000005,0.0733,6196.0,0.31955,1.26,1.21,2.01
DMPP-1 d,DMPP-1,1.65,3.3500000000000005,4.1,0.07,1632.0,1167.946858661213,2.8820000000000006,0.0422,6196.0,0.31955,1.26,1.21,2.01
DMPP-1 e,DMPP-1,1.86,4.129999999999999,3.5300000000000002,0.07,1314.0,603.525628403618,5.516,0.0651,6196.0,0.31955,1.26,1.21,2.01
DMPP-2 b,DMPP-2,14.3,138.89170999999996,0.261,0.078,1000.0,198.61183249112895,5.2072,0.0664,6500.0,0.1038,1.7800000000000002,1.44,2.0
DMPP-3 A b,DMPP-3 A,1.41,2.58,5.06,0.14,854.0,109.02568999930759,6.6732000000000005,0.0662,5138.0,-0.29268,0.91,0.87,10.9
DMPP-4 b,DMPP-4,3.53,12.2,1.5200000000000002,0.063,1567.6,1066.842043020247,3.4982000000000006,0.04853,6400.0,0.45939,1.3799999999999997,1.25,2.15
DP Leo b,DP Leo,12.7,1995.8883199999998,5.3500000000000005,0.39,488.2,42.513458886045946,10220.000000000004,8.189999999999998,13500.0,-2.4,0.0115,0.69,3.1017
DS Tuc A b,DS Tuc A,5.7,413.1789999999999,2.56,0.0,850.0,115.82759999999998,8.138268000000002,0.102,5428.0,-0.13966,0.964,1.01,0.045
EPIC 201170410.02,EPIC 201170410,1.047,1.15,5.51,0.0,592.2,24.603388613668407,6.798699999999999,0.0349,3648.0,-1.9,0.282,0.287,4.779999999999999
EPIC 201238110 b,EPIC 201238110,1.87,4.16,3.5000000000000004,0.09866000000000001,388.3,4.070109554179137,28.165599999999998,0.102,3587.0,-1.50834,0.374,0.41000000000000003,3.6799999999999997
EPIC 201427007 b,EPIC 201427007,1.5,2.86,4.66,0.04,1478.5,676.1169623774249,0.72091,0.102,5633.0,-0.04875,0.94,0.9300000000000002,7.784999999999999
EPIC 201497682 b,EPIC 201497682,0.692,0.26,4.3100000000000005,0.0186,807.2,88.75629717520161,2.13174,0.102,4991.0,-0.76627,0.554,0.78,6.106
EPIC 201595106 b,EPIC 201595106,1.565,7.67,11.100000000000001,0.0,2038.0,2852.000000000001,0.87724,0.0177,5679.0,-0.04915,0.9799999999999999,0.9580000000000001,6.0
EPIC 201615463 c,K2-166,1.22,1.9799999999999998,5.989999999999999,0.0,1337.42,705.9074348702886,3.8046400000000005,0.102,5960.0,0.45848,1.6100000000000003,1.073,5.574
EPIC 201754305 d,K2-16,1.03,1.08,5.43,0.010432,1029.1,192.51428165769374,2.7157799999999996,0.102,4761.0,-0.76082,0.544,0.67,8.218000000000002
EPIC 201757695.02,EPIC 201757695,0.90819,0.688,5.05,0.0,1011.9799999999999,245.47292889013957,2.0478,0.0296,4520.0,-0.36351,0.655,0.727,5.707999999999999
EPIC 201833600 c,K2-50,1.0,0.9719999999999999,5.34,0.017,784.7900000000001,80.14486228538938,3.96151,0.102,4326.0,-0.87356,0.6339999999999999,0.611,6.098
EPIC 201841433 b,EPIC 201841433,1.04,1.12,5.47,0.020999999999999998,898.82,126.80857838535049,4.1698,0.035,5053.0,-0.63455,0.6284610000000002,0.8019999999999999,4.298499999999999
EPIC 205950854 c,K2-168,1.31,2.2700000000000005,5.55,0.0,960.6,156.74498507335875,8.050721999999999,0.102,5502.7,-0.17649,0.83,0.877,4.129
EPIC 206024342 b,EPIC 206024342,1.7,3.5300000000000002,3.95,0.0046,893.8,139.3924777029117,4.50756,0.102,5724.0,-0.16992,0.823,0.9280000000000002,1.6800000000000004
EPIC 206024342 c,EPIC 206024342,1.4,2.54,5.09,0.039,1605.6,1000.072829758711,0.911724,0.102,5724.0,-0.16992,1.1,0.9280000000000002,6.723000000000001
EPIC 206024342 d,EPIC 206024342,2.6,7.269999999999999,2.2700000000000005,0.0649,871.6,106.75888170582324,14.647530999999999,0.102,5724.0,-0.16992,1.1,0.9280000000000002,7.37
EPIC 206032309 b,EPIC 206032309,1.01,1.01,5.390000000000001,0.0551,612.1800000000001,21.297089452890383,2.87814,0.102,3489.0,-1.73006,0.37344,0.221,3.3609999999999998
EPIC 206042996 b,EPIC 206042996,1.7,3.5300000000000002,3.95,0.0,569.6,30.427476908664072,5.2986,0.102,4114.0,-0.97996,0.5,0.565,4.063
EPIC 206042996 c,EPIC 206042996,1.2,1.8700000000000003,5.950000000000001,0.114032,1207.4699999999998,344.0597361306343,0.354884,0.102,4114.0,-0.97996,0.5,0.565,4.246
EPIC 206215704 b,EPIC 206215704,1.0,0.9719999999999999,5.34,0.048586000000000004,453.68999999999994,8.150359462167884,2.2554360000000004,0.102,3297.0,-2.08843,0.25,0.407,3.742
EPIC 206317286 b,EPIC 206317286,0.96,0.8400000000000001,5.219999999999999,0.008,1161.79,253.0087594354513,1.5825200000000001,0.102,4752.0,-0.59336,0.669,0.7109999999999999,8.443999999999999
EPIC 206317286 c,EPIC 206317286,2.094,5.03,3.01,0.01,597.7,28.61073542771571,17.515471999999995,0.102,4752.0,-0.59336,0.758,0.8319999999999999,4.3906
EPIC 211822797 b,EPIC 211822797,1.92,4.35,3.38,0.06,431.0,3.5000000000000004,21.1701963,0.1195,4057.0,-1.15304,0.58,0.62,0.79
EPIC 211945201 b,EPIC 211945201,5.76,11.0,0.33,0.0,817.0,100.99999999999996,19.492209999999996,0.1493,6069.0,0.37334,1.3899999999999997,1.17,3.99
EPIC 212297394 b,EPIC 212297394,1.48,2.79,4.73,0.0284,1149.0,290.28642338553396,2.289363,0.102,5171.0,-0.46654,0.8,0.83,5.353
EPIC 212297394 c,EPIC 212297394,2.27,5.77,2.7100000000000004,0.026000000000000002,866.0,110.16955242299817,5.213965,0.102,5171.0,-0.46654,0.8,0.83,5.63
EPIC 212424622 b,EPIC 212424622,2.17,5.3500000000000005,2.88,0.0,791.1,77.56037508271697,18.098300000000002,0.102,5782.33,0.17917,1.2247,1.106,4.816
EPIC 212499991 b,EPIC 212499991,1.6,3.1899999999999995,4.279999999999999,0.0,531.866,25.001003678780236,34.88499999999999,0.102,4982.79,-0.4966,0.7575409999999999,0.9119999999999999,3.336
EPIC 212587672 b,EPIC 212587672,1.26,2.13,5.849999999999999,0.0,756.0,77.81452399303737,15.28078,0.102,6004.0,0.03848,0.9799999999999999,0.99,4.324
EPIC 212587672 c,EPIC 212587672,2.32,5.989999999999999,2.6400000000000006,0.0,658.0,48.69860229403024,23.228555000000007,0.102,6004.0,0.03848,0.9799999999999999,0.99,4.443
EPIC 212624936 b,EPIC 212624936,1.2,1.8700000000000003,5.950000000000001,0.0073999999999999995,1637.8,1209.2027739545117,0.578657,0.102,5765.0,-0.12371,0.9300000000000002,1.0,1.8541
EPIC 212624936 c,EPIC 212624936,2.3,5.9,2.66,0.0,764.1,71.62346154886883,11.811437,0.102,5765.0,-0.12371,0.9300000000000002,1.0,1.3140000000000003
EPIC 212737443 b,EPIC 212737443,2.586,7.2,2.29,0.2,536.0,13.117933052214521,13.602999999999998,0.098,4684.0,-0.75057,0.6730000000000002,0.69,7.963100000000002
EPIC 212737443 c,EPIC 212737443,2.69,7.700000000000002,2.17,0.2,316.0,1.6209982805530991,65.55000000000001,0.28,4684.0,-0.75057,0.6730000000000002,0.69,5.736
EPIC 220492298 b,EPIC 220492298,0.99,0.9370000000000002,5.3100000000000005,0.0073999999999999995,1610.2,1392.4622478153578,0.7624060000000001,0.102,5620.0,-0.0088,0.89,0.9500000000000001,3.651
EPIC 220554210 c,K2-282,1.6,3.1899999999999995,4.279999999999999,0.12940000000000002,1246.09,452.1141706896433,0.7053100000000001,0.102,5499.0,-0.21463,1.0,0.94,7.297
EPIC 220674823 b,EPIC 220674823,1.676,7.800000000000002,9.09,0.0,2299.0,4656.000000000001,0.5713127,0.01314,5578.0,-0.11919,0.99,0.913,7.5
EPIC 220674823 c,EPIC 220674823,2.84,7.320000000000001,1.72,0.17,804.0,70.0,13.339890000000002,0.1073,5578.0,-0.11919,0.99,0.913,7.5
EPIC 228836835 b,EPIC 228836835,1.1,1.37,5.66,0.0323,932.0,117.20214613207949,0.728113,0.102,3782.0,-1.61153,0.32,0.418179,7.028999999999999
EPIC 229004835 b,EPIC 229004835,2.332,10.399999999999999,4.49,0.23,804.0,69.70000000000002,16.141131999999995,0.1237,5868.0,0.02989,0.999,0.97,4.9
EPIC 246851721 b,EPIC 246851721,11.780659,953.49,3.0999999999999996,0.18675000000000003,1401.0,641.9999999999998,6.180235000000001,0.07229,6202.0,0.52634,1.586,1.3169999999999997,3.02
EPIC 248847494 b,EPIC 248847494,12.44199,4131.789999999999,2.56,0.0,183.0,0.19,3650.000000000003,4.5,4898.0,0.54805,2.7000000000000006,0.9,7.667000000000002
EPIC 249893012 b,EPIC 249893012,1.95,8.750000000000002,6.390000000000001,0.06,1616.0,1036.9999999999998,3.5951,0.047,5430.0,0.35568,1.7099999999999997,1.05,9.0
EPIC 249893012 c,EPIC 249893012,3.67,14.670000000000002,1.62,0.07,990.0,160.00000000000003,15.624000000000002,0.13,5430.0,0.35568,1.7099999999999997,1.05,9.0
EPIC 249893012 d,EPIC 249893012,3.94,10.18,0.91,0.15,752.0,53.00000000000001,35.74700000000001,0.22,5430.0,0.35568,1.7099999999999997,1.05,9.0
FU Tau b,FU Tau,12.2,5085.2800000000025,15.400000000000002,0.5357,2375.0,1012.0307218776393,11.122139999999998,800.0000000000003,2838.0,-0.69897,0.95138,0.05,0.001
G 192-15 b,G 192-15,1.02,1.03,5.33,0.0,453.6,7.060000000000001,2.27476,0.01723,2999.0,-2.67285,0.170718,0.132,3.148
G 192-15 c,G 192-15,3.87,14.3,1.3599999999999999,0.676,55.9,0.0016,1219.0000000000005,1.137,2999.0,-2.67285,0.170718,0.132,4.266799999999999
G 196-3 b,G 196-3,12.0,8263.538582000005,26.299999999999994,0.52524,1670.0,272.6522218958865,11.122139999999998,349.9999999999999,3517.0,-1.42456,0.522432,0.519782,0.14399999999999996
G 261-6 b,G 261-6,1.1,1.37,5.66,0.0,322.3,1.8000000000000003,5.4536,0.02971,2907.0,-2.82122,0.153162,0.118,6.206
G 264-012 b,G 264-012,1.39,2.5,5.12,0.004876000000000001,587.0,20.499999999999996,2.3053800000000004,0.02279,3326.0,-1.97224,0.305,0.297,5.32
G 264-012 c,G 264-012,1.76,3.7500000000000004,3.7800000000000002,0.06159300000000001,387.0,3.8700000000000006,8.051800000000002,0.0525,3326.0,-1.97224,0.305,0.297,6.616
G 268-110 b,G 268-110,1.13,1.5200000000000002,5.789999999999999,0.0,534.0,13.569999999999999,1.43263,0.012829999999999998,5549.0,-2.63971,0.177,0.137,6.564
G 9-40 b,G 9-40,1.9,3.9999999999999996,3.2000000000000006,0.0,440.6,6.27,5.7459982,0.0418,3395.0,-1.96019,0.3026,0.2952,9.9
GJ 1002 b,GJ 1002,1.03,1.08,5.43,0.009007000000000001,230.9,0.67,10.3465,0.0457,3024.0,-2.85201,0.137,0.12,6.736
GJ 1002 c,GJ 1002,1.1,1.3599999999999999,5.61,0.020542,181.7,0.257,21.201999999999998,0.0738,3024.0,-2.85201,0.137,0.12,7.19
GJ 1061 b,GJ 1061,1.1,1.37,5.66,0.31,384.46000000000004,3.8,3.204,0.021,2953.0,-2.76955,0.156,0.12,7.0
GJ 1061 c,GJ 1061,1.18,1.7400000000000002,5.82,0.29,301.75,1.4,6.688999999999998,0.035,2953.0,-2.76955,0.156,0.12,7.0
GJ 1061 d,GJ 1061,1.16,1.6399999999999997,5.77,0.53,327.906,0.6000000000000001,13.031,0.054,2953.0,-2.76955,0.156,0.12,7.0
GJ 1132 b,GJ 1132,1.19151465,1.83704819,5.970000000000001,0.0118,583.8,19.3,1.62892911,0.0157,3229.0,-2.32148,0.22109999999999996,0.19449999999999998,5.0
GJ 1132 c,GJ 1132,1.43,2.6400000000000006,4.96,0.27,300.0,1.522004854241257,8.929000000000002,0.0476,3270.0,-2.35853,0.21050000000000002,0.181,5.0
GJ 1148 b,GJ 1148,11.9,96.70000000000002,0.315,0.38,558.862,13.56708426609893,41.38,0.166,3287.0,-1.86908,0.3585189999999999,0.34404499999999993,4.034000000000001
GJ 1148 c,GJ 1148,9.71,68.06000000000002,0.4089999999999999,0.342,332.32700000000006,2.1828416297197286,532.58,0.9119999999999999,3287.0,-1.86908,0.3585189999999999,0.34404499999999993,5.618
GJ 1151 c,GJ 1151,3.25,10.620000000000001,1.7000000000000002,0.40280000000000005,247.5,0.7727179839063895,389.69999999999993,0.5714,3280.0,-2.47952,0.1781,0.1639,2.7741
GJ 1214 b,GJ 1214,2.733,8.41,2.26,0.0062,567.0,17.2,1.5804045309999997,0.01505,3101.0,-2.40894,0.2162,0.182,3.0
GJ 1252 b,GJ 1252,1.193,1.32,4.199999999999999,0.0,1089.0,233.00000000000006,0.5182331,0.00915,3458.0,-1.70774,0.391,0.381,3.9
GJ 1265 b,GJ 1265,2.63,7.3999999999999995,2.24,0.04,454.525,9.15389943846684,3.6511000000000005,0.026,3236.0,-2.4389,0.192,0.178,4.840999999999999
GJ 1289 b,GJ 1289,2.38,6.27,2.56,0.0,150.0,0.12350809529982688,111.73999999999995,0.27,3296.0,-2.25995,0.245012,0.21,4.252999999999999
GJ 143 b,GJ 143,2.61,22.700000000000003,6.999999999999998,0.188,422.0,10.861200000000004,35.61253,0.1915,4640.0,-0.6862,0.6950000000000001,0.73,3.8
GJ 15 A b,GJ 15 A,1.55,3.0300000000000002,4.47,0.094,550.0,14.916908632579437,11.440699999999996,0.072,3607.0,-1.655,0.38,0.38,5.095000000000001
GJ 15 A c,GJ 15 A,6.67,36.0,0.6669999999999999,0.27,247.18400000000003,0.5813398320207679,7600.000000000004,5.4,3607.0,-1.655,0.38,0.38,5.18
GJ 160.2 b,GJ 160.2,3.17,10.2,1.7600000000000002,0.06,772.367,73.24622864584191,5.2354,0.053,4347.0,-0.79588,0.655173,0.69,3.3989999999999996
GJ 163 b,GJ 163,3.25,10.600000000000001,1.7000000000000002,0.073,370.8,3.688216870947156,8.63182,0.0607,3500.0,-1.708,0.409738,0.4,6.0
GJ 163 c,GJ 163,2.5,6.800000000000002,2.3900000000000006,0.099,323.34700000000004,2.087872716518733,25.630580000000002,0.1254,3500.0,-1.708,0.409738,0.4,6.0
GJ 163 d,GJ 163,5.92,29.4,0.779,0.373,303.62,1.5536147078562683,603.9511599999997,1.0304,3500.0,-1.708,0.409738,0.4,6.0
GJ 179 b,GJ 179,13.8,301.9369866499999,0.631,0.21,300.0,1.5699586784044204,2288.0000000000005,2.4100000000000006,3370.0,-1.796,0.38,0.357,4.6899999999999995
GJ 180 b,GJ 180,2.43,6.490000000000002,2.49,0.07,358.39,3.215866142313564,17.132999999999996,0.092,3371.0,-1.88606,0.413049,0.42999999999999994,4.260000000000001
GJ 180 c,GJ 180,2.41,6.400000000000001,2.5100000000000002,0.09,370.28999999999996,3.4549865309695056,24.328999999999997,0.129,3371.0,-1.88606,0.413049,0.42999999999999994,3.7670000000000003
GJ 180 d,GJ 180,2.66,7.559999999999999,2.21,0.14,235.18800000000002,0.9282130634816194,106.29999999999998,0.309,3371.0,-1.88606,0.413049,0.42999999999999994,1.052
GJ 2030 b,GJ 2030,2.03,4.767426109999999,3.13,0.239,1567.3,1284.1595449907898,2.38129,0.034,5485.0,0.6123,2.24104,0.9599999999999999,8.558
GJ 2030 c,GJ 2030,12.3,4069.1570948200024,12.0,0.041,1109.59,221.9054966675037,25533.113529999988,16.760999999999996,5485.0,0.6123,2.24104,0.9599999999999999,7.606999999999999
GJ 2056 b,GJ 2056,4.17,16.2,1.23,0.72,575.4010000000001,25.5899632586927,69.971,0.283,4069.95,-0.90505,0.709495,0.62,5.5478499999999995
GJ 2126 b,GJ 2126,13.6,413.17692909999994,0.903,0.85,778.1,10.11980111681893,272.7,0.71,4159.0,-0.84527,0.7279999999999999,0.65,5.487
GJ 229 A c,GJ 229,2.87,8.581366989999998,1.99,0.366,308.21999999999997,1.6319501193941557,121.93268000000006,0.384,3564.0,-1.55284,0.4600000000000001,0.509,0.4
GJ 229 b,GJ 229,3.97,14.937935129999996,1.31,0.404,281.36,1.9128569520001513,579.4749500000001,1.086,3564.0,-1.55284,0.4600000000000001,0.509,0.4
GJ 238 b,GJ 238,0.566,0.126,3.8199999999999994,0.05600999999999999,758.0,107.26199999999999,1.7446999,0.02123,3485.0,-1.61618,0.4314,0.4193,6.685
GJ 251 b,GJ 251,1.79,3.8500000000000005,3.6900000000000004,0.0,336.0,2.37,14.237000000000002,0.0808,3342.0,-1.80967,0.36,0.35,6.8
GJ 251 c,GJ 251,1.8,3.88,3.6600000000000006,0.0,216.0,0.404,53.647000000000006,0.196,3342.0,-1.80967,0.36,0.35,6.8
GJ 27.1 b,GJ 27.1,3.66,13.000000000000004,1.46,0.08,476.0,9.963207091175077,15.819000000000004,0.10100000000000002,3542.0,-1.58503,0.518887,0.53,3.967
GJ 273 b,GJ 273,1.51,2.89,4.61,0.1,284.8,1.06,18.6498,0.091101,3382.0,-2.05552,0.293,0.2899999999999999,4.369000000000001
GJ 273 c,GJ 273,1.06,1.18,5.44,0.17,442.9,6.660000000000002,4.723399999999999,0.036467,3382.0,-2.05552,0.293,0.2899999999999999,4.343999999999999
GJ 3021 b,GJ 3021,13.1,1071.0399999999995,2.62,0.511,350.0,4.45245941416541,133.71000000000004,0.49,5540.0,-0.18,0.9,0.9,0.37
GJ 3082 b,GJ 3082,2.79,8.2,2.07,0.22,445.334,8.639123155119519,11.949,0.079,3910.0,-1.46273,0.4652160000000001,0.4699999999999999,4.70901
GJ 3090 b,GJ 3090,2.18,4.52,2.4,0.25,723.0,45.39999999999999,2.8531019799999995,0.0316,3707.0,-1.34199,0.516,0.519,2.7265
GJ 3090 c,GJ 3090,3.14,10.000000000000002,1.77,0.0,407.2,4.58,15.940700000000001,0.0997,3707.0,-1.34199,0.516,0.519,3.1599999999999997
GJ 3138 b,GJ 3138,1.18,1.7800000000000002,5.950000000000001,0.19,892.985,118.09999999999994,1.22003,0.0197,3717.0,-1.34679,0.5,0.6810000000000002,2.505
GJ 3138 c,GJ 3138,1.88,4.18,3.46,0.11,511.5,13.899999999999997,5.974000000000001,0.057,3717.0,-1.34679,0.5,0.6810000000000002,4.648000000000001
GJ 3138 d,GJ 3138,3.23,10.5,1.7099999999999997,0.32,134.29000000000002,0.1,257.80000000000007,0.698,3717.0,-1.34679,0.5,0.6810000000000002,2.2699999999999996
GJ 317 b,GJ 317,13.3,794.4999999999998,1.8599999999999999,0.0826,283.9,0.9836906359342195,695.6899999999998,1.1380000000000001,3496.0,-1.68663,0.403,0.40199999999999997,5.0
GJ 317 c,GJ 317,13.6,454.49462200999983,0.9929999999999999,0.217,185.96,0.2319723973746778,6500.000000000003,5.040000000000001,3496.0,-1.68663,0.403,0.40199999999999997,5.0
GJ 3222 b,GJ 3222,3.4,11.441822649999999,1.6000000000000003,0.929,683.2180000000001,41.101181420336246,10.666690000000001,0.091,5257.46,-0.252,0.931389,0.89,8.694
GJ 328 b,GJ 328,13.3,797.7493015700003,1.8599999999999999,0.227,132.35000000000002,0.09638616894275687,3770.9999999999977,4.109999999999999,3897.0,-1.08,0.63,0.65,4.949999999999999
GJ 328 c,GJ 328,4.91,21.4,0.9929999999999999,0.19829999999999998,331.80699999999996,2.241401418089466,241.8,0.657,3897.0,-1.08,0.63,0.65,6.81
GJ 3293 b,GJ 3293,5.19,23.54,0.925,0.06,290.61,1.07,30.598700000000004,0.14339,3466.0,-1.65758,0.404,0.41999999999999993,6.2829999999999995
GJ 3293 c,GJ 3293,4.87,21.090000000000003,1.0,0.11,176.33,0.16999999999999998,122.6196,0.36175,3466.0,-1.65758,0.404,0.41999999999999993,5.9799999999999995
GJ 3293 d,GJ 3293,2.67,7.599999999999999,2.19,0.12,301.202,0.5900000000000001,48.134499999999996,0.19393999999999997,3466.0,-1.65758,0.404,0.41999999999999993,3.221
GJ 3293 e,GJ 3293,1.63,3.2800000000000002,4.16,0.21,371.9,3.3400000000000003,13.2543,0.08208,3466.0,-1.65758,0.404,0.41999999999999993,4.170000000000001
GJ 3323 b,GJ 3323,1.23,2.0200000000000005,5.96,0.23,343.81000000000006,2.58,5.3636,0.03282,3159.0,-2.56864,0.119,0.164,5.991999999999999
GJ 3323 c,GJ 3323,1.32,2.31,5.52,0.17,176.07,0.16999999999999998,40.540000000000006,0.1264,3159.0,-2.56864,0.119,0.164,5.574
GJ 3341 b,GJ 3341,2.46,6.599999999999998,2.44,0.31,395.58000000000004,4.602495989104645,14.207000000000003,0.08900000000000001,3526.0,-1.538,0.43899999999999995,0.4699999999999999,3.5379999999999994
GJ 338 B b,GJ 338 B,3.25,10.600000000000001,1.7000000000000002,0.109,391.0,4.462244743747388,24.422000000000004,0.142,4014.0,-1.10127,0.58,0.64,4.0
GJ 341 b,GJ 341,0.88,3.9999999999999996,2.56,0.0,629.0,13.799999999999997,7.576859999999998,0.102,3770.0,-1.31072,0.5066,0.48,3.1519999999999997
GJ 3470 b,GJ 3470,4.57,13.899999999999997,0.8,0.017,593.5,29.658399999999993,3.3366496,0.03549999999999999,3600.0,-1.5376,0.547,0.539,1.65
GJ 3473 b,GJ 3473,1.264,1.8599999999999999,5.03,0.0,773.0,59.39999999999999,1.1980035,0.01589,3347.0,-1.82391,0.364,0.36,3.6079999999999997
GJ 3473 c,GJ 3473,2.63,7.409999999999998,2.24,0.0,329.1,1.9499999999999997,15.508999999999997,0.0876,3347.0,-1.82391,0.364,0.36,3.682
GJ 3512 b,GJ 3512,14.3,146.51889563000003,0.275,0.4279,323.498,1.5016803239149006,203.10900000000004,0.3376,3141.0,-2.8041,0.139,0.123,5.5
GJ 3512 c,GJ 3512,14.3,143.97626836999999,0.271,0.089,255.9,0.8615265421560997,2354.0,1.7310000000000003,3141.0,-2.8041,0.139,0.123,5.5
GJ 357 b,GJ 357,1.2,1.8399999999999999,5.6,0.0434,518.0,12.600000000000001,3.9305999999999996,0.036,3505.0,-1.79833,0.337,0.342,6.054
GJ 357 c,GJ 357,1.66,3.4000000000000004,4.08,0.0328,401.2,4.450000000000001,9.124699999999999,0.061,3505.0,-1.79833,0.337,0.342,5.686000000000001
GJ 357 d,GJ 357,2.34,6.1000000000000005,2.62,0.2894,219.6,0.38,55.66100000000001,0.204,3505.0,-1.79833,0.337,0.342,2.144
GJ 3634 b,GJ 3634,2.83,8.400000000000002,2.04,0.08,695.5,41.25355615125676,2.6456100000000005,0.0287,3517.0,-1.699,0.42999999999999994,0.45000000000000007,5.0
GJ 367 b,GJ 367,0.699,0.633,10.2,0.06,1365.0,579.0,0.3219225,0.00709,3522.0,-1.5391,0.4580000000000001,0.455,6.029
GJ 367 c,GJ 367,1.86,4.129999999999999,3.5300000000000002,0.09,482.73,10.087842077671509,11.530100000000001,0.102,3522.0,-1.5391,0.4580000000000001,0.455,2.896
GJ 367 d,GJ 367,2.33,6.030000000000001,2.62,0.14,326.49,2.161625280852931,34.36900000000001,0.102,3522.0,-1.5391,0.4580000000000001,0.455,4.6259999999999994
GJ 3779 b,GJ 3779,2.75,8.000000000000002,2.1100000000000003,0.07,498.91,11.649166035109452,3.0231999999999997,0.026,3324.0,-2.06198,0.281,0.27,4.324
GJ 3929 b,GJ 3929,1.09,1.75,7.300000000000001,0.0,568.0,17.300000000000004,2.616235,0.0252,3384.0,-1.96257,0.32,0.31300000000000006,7.1
GJ 3929 c,GJ 3929,2.26,5.71,2.72,0.0,317.0,1.68,15.039999999999997,0.081,3384.0,-1.96257,0.32,0.31300000000000006,7.1
GJ 393 b,GJ 393,1.17,1.7099999999999997,5.869999999999999,0.11023999999999998,485.0,9.21,7.026790000000001,0.05402,3579.0,-1.57073,0.426,0.426,4.907
GJ 3942 b,GJ 3942,2.57,7.1400000000000015,2.31,0.121,590.0,22.937422428966435,6.904999999999999,0.0608,3867.0,-1.12,0.61,0.63,2.73
GJ 3988 b,GJ 3988,1.74,3.6900000000000004,3.8500000000000005,0.0,348.0,2.45,6.944199999999999,0.0405,3273.0,-2.39513,0.19734,0.1842,5.369
GJ 3998 b,GJ 3998,1.39,2.5,5.12,0.0,666.9,47.99999999999999,2.65033,0.03,3726.0,-1.358,0.5,0.52,8.38
GJ 3998 c,GJ 3998,2.5,6.820000000000001,2.4,0.0,389.9,5.4,13.727000000000002,0.09,3726.0,-1.358,0.5,0.52,8.38
GJ 3998 d,GJ 3998,2.34,6.069999999999999,2.6000000000000005,0.0,289.74,1.2,41.78,0.189,3726.0,-1.358,0.5,0.52,8.38
GJ 411 b,GJ 411,1.45,2.6899999999999995,4.85,0.063,349.83,3.13,12.939400000000001,0.07879,3719.0,-1.70997,0.36849999999999994,0.3899,8.047
GJ 414 A b,GJ 414 A,2.63,7.599999999999999,2.3,0.45,308.6,1.5217025744710497,50.8,0.2324,4120.0,-0.92445,0.6800000000000002,0.65,12.4
GJ 414 A c,GJ 414 A,8.4,53.83000000000001,0.499,0.105,124.7,0.09793304834249905,749.8300000000002,1.4,4120.0,-0.92445,0.6800000000000002,0.65,12.4
GJ 422 b,GJ 422,3.33,11.070000000000002,1.65,0.11,385.9,4.05391457503452,20.129000000000005,0.11100000000000002,3323.0,-1.95861,0.370328,0.35,4.1297
GJ 4274 b,GJ 4274,1.53,2.9700000000000006,4.56,0.018680000000000002,574.4,14.699999999999998,1.6339000000000001,0.0153,3228.0,-2.46218,0.19,0.18,0.12
GJ 4274 c,GJ 4274,2.83,8.39,2.0299999999999994,0.18673,158.88000000000002,0.1,69.56999999999996,0.186,3228.0,-2.46218,0.19,0.18,0.12
GJ 4276 b,GJ 4276,4.22,16.570000000000004,1.21,0.37,389.25,4.037398122161257,13.352,0.082,3387.0,-1.70553,0.407,0.406,6.9
GJ 433 b,GJ 433,2.33,6.043,2.63,0.04,549.13,16.13257596217848,7.3705,0.062,3461.0,-1.69897,0.5,0.48,5.7780000000000005
GJ 433 c,GJ 433,6.27,32.422,0.7230000000000001,0.12,176.01000000000002,0.18811909404461746,5094.105,4.818999999999999,3461.0,-1.69897,0.5,0.48,6.1499999999999995
GJ 433 d,GJ 433,2.14,5.223,2.9299999999999997,0.07,322.89,1.4541547958941043,36.059,0.178,3461.0,-1.69897,0.5,0.48,4.9799999999999995
GJ 436 b,GJ 436,4.17,22.099999999999998,1.8000000000000003,0.13827,686.0,29.4322,2.64388312,0.0291,3586.11,-1.585,0.455,0.4699999999999999,6.0
GJ 463 b,GJ 463,13.1,1080.6165837999995,2.6400000000000006,0.146,256.776,0.518723108587208,3459.0000000000023,3.5300000000000002,3563.0,-1.52293,0.483,0.486,5.2747
GJ 480 b,GJ 480,3.69,13.2,1.44,0.1,411.187,5.578586773964368,9.566999999999998,0.068,3381.0,-1.61155,0.45581499999999997,0.45000000000000007,3.4610000000000007
GJ 486 b,GJ 486,1.289,2.7699999999999996,6.660000000000002,0.00086,696.3,39.199999999999996,1.4671212699999998,0.01714,3317.0,-1.93892,0.3243,0.312,4.0
GJ 504 b,GJ 504,12.10569916,1271.3000000000004,3.9399999999999995,0.4960920000000001,510.0,55.58036301646894,11.122139999999998,43.50000000000001,6234.0,0.332,1.26,1.22,0.16
GJ 508.2 b,GJ 508.2,2.8395539349999996,587.9825529500002,2.56,0.27,239.41400000000004,0.6036470261171627,5299.999999999998,4.85,3720.0,-1.222,0.53,0.54,2.8967
GJ 514 b,GJ 514,2.13,5.199999999999999,2.9600000000000004,0.45,202.0,0.28,140.42999999999998,0.42199999999999993,3728.0,-1.36653,0.5,0.51,0.8
GJ 536 b,GJ 536,2.41,6.37,2.5,0.0,451.0,9.9,8.708739999999999,0.0668,3641.0,-1.35291,0.5289999999999999,0.528,4.2
GJ 536 c,GJ 536,2.3,5.89,2.66,0.0,290.5,1.6920000000000002,32.76100000000001,0.1617,3641.0,-1.35291,0.5289999999999999,0.528,4.2
GJ 581 b,GJ 581,4.79,20.499999999999996,1.02,0.0342,469.09,10.028600718563807,5.3686,0.0399,3500.0,-1.90781,0.302,0.295,4.3
GJ 581 c,GJ 581,2.5,6.809999999999998,2.3900000000000006,0.032,375.9,3.892396027903023,12.9211,0.0718,3500.0,-1.90781,0.302,0.295,4.3
GJ 581 e,GJ 581,1.38,2.48,5.19,0.012,603.75,24.988466615512092,3.1481,0.02799,3500.0,-1.90781,0.302,0.295,4.3
GJ 625 b,GJ 625,1.49,2.8199999999999994,4.68,0.13,307.62,1.774248893273307,14.628,0.078361,3499.0,-1.894,0.30999999999999994,0.3,5.656000000000001
GJ 649 b,GJ 649,10.8,81.99972901,0.358,0.083,311.06,2.6932298905392145,600.0999999999999,1.112,3734.0,-1.361,0.5,0.51,0.44
GJ 667 C b,GJ 667 C,2.25,5.680000000000001,2.74,0.2,717.515,49.31142494525275,7.2029999999999985,0.050431,3350.0,-1.863,0.95138,0.33,2.0
GJ 667 C c,GJ 667 C,1.77,3.8,3.7699999999999996,0.02,455.4,10.684707267642718,28.14,0.125,3350.0,-1.863,0.95138,0.33,2.0
GJ 667 C e,GJ 667 C,1.45,2.7000000000000006,4.869999999999999,0.02,325.40999999999997,1.9456900128904446,62.24000000000001,0.213,3350.0,-1.863,0.95138,0.33,2.0
GJ 667 C f,GJ 667 C,1.45,2.7000000000000006,4.869999999999999,0.03,334.11,2.503902327277914,39.025999999999996,0.156,3350.0,-1.863,0.95138,0.33,2.0
GJ 667 C g,GJ 667 C,1.99,4.6,3.21,0.08,255.66,0.9399876470301827,256.19999999999993,0.549,3350.0,-1.863,0.95138,0.33,2.0
GJ 674 b,GJ 674,3.33,11.09,1.65,0.2,489.4,9.91805049686463,4.6937999999999995,0.039,3600.0,-1.796,0.36463,0.35,0.55
GJ 676 A b,GJ 676 A,12.8,1840.8621333399994,4.82,0.319,251.99,1.46566791479248,1051.4452100000003,1.7350000000000003,3734.0,-1.04251,0.69,0.626,6.4607
GJ 676 A c,GJ 676 A,12.3,4288.140867239999,12.7,0.295,436.2,23.420328999513966,13921.423019999993,9.726000000000003,3734.0,-1.04251,0.69,0.626,8.064699999999998
GJ 676 A d,GJ 676 A,1.78,3.81394088,3.7200000000000006,0.192,727.4,48.81654483505058,3.60076,0.039,3734.0,-1.04251,0.69,0.626,4.3580000000000005
GJ 676 A e,GJ 676 A,2.47,6.67439655,2.43,0.152,361.68,3.9780735595453747,35.47358,0.181,3734.0,-1.04251,0.69,0.626,4.89
GJ 680 b,GJ 680,12.0,7977.4930157,25.400000000000002,0.381,287.97999999999996,2.262576564737155,17281.66514000001,10.137999999999998,3563.0,-1.51379,0.45933000000000007,0.456,5.6747
GJ 682 b,GJ 682,1.93,4.3999999999999995,3.36,0.08,356.283,2.9327762032989257,17.478000000000005,0.08,3028.0,-2.69897,0.29825499999999994,0.27,5.9377
GJ 682 c,GJ 682,2.89,8.699999999999998,1.9799999999999998,0.1,319.837,1.6921459131401302,57.31999999999999,0.176,3028.0,-2.69897,0.29825499999999994,0.27,4.4907
GJ 685 b,GJ 685,2.95,9.000000000000002,1.9299999999999997,0.0,418.383,7.924222882263571,24.160000000000004,0.1344,3816.0,-1.253,0.54,0.55,3.469
GJ 687 b,GJ 687,4.32,17.2,1.17,0.17,347.15999999999997,3.311864916966713,38.142,0.163,3413.0,-1.672,0.41830000000000006,0.4,5.647
GJ 687 c,GJ 687,4.14,16.0,1.2400000000000002,0.4,252.27200000000002,1.7783388237725786,727.5619999999999,1.165,3413.0,-1.672,0.41830000000000006,0.4,5.184699999999999
GJ 720 A b,GJ 720 A,3.77,13.640000000000004,1.4,0.12,401.0,5.165060598132189,19.465999999999998,0.119,3837.0,-1.217,0.56,0.57,3.507999999999999
GJ 724 b,GJ 724,3.27,10.750000000000002,1.69,0.577,611.0,23.32,5.101284,0.04685,3799.0,-1.2909,0.52226,0.5271,5.08
GJ 740 b,GJ 740,1.53,2.9600000000000004,4.540000000000001,0.24,829.0,78.99999999999997,2.3775599999999995,0.029,3913.0,-1.206,0.56,0.58,2.378
GJ 806 b,GJ 806,1.331,1.8999999999999997,4.3999999999999995,0.0214,940.0,129.99999999999994,0.9263237,0.01406,3600.0,-1.58528,0.4144,0.41300000000000003,5.0
GJ 806 c,GJ 806,2.28,5.800000000000001,2.6899999999999995,0.07024000000000001,490.0,9.5,6.64064,0.0523,3600.0,-1.58528,0.4144,0.41300000000000003,5.0
GJ 832 b,GJ 832,13.8,314.65012292999995,0.6580000000000001,0.05,81.88,0.015045862441319028,3853.0000000000005,3.7,3472.0,-1.585,0.441557,0.45000000000000007,8.1
GJ 849 b,GJ 849,13.9,283.82076745000006,0.581,0.029,262.64,1.2168924047603018,1925.3100000000006,2.3199999999999994,3467.0,-1.59,0.45000000000000007,0.45000000000000007,3.0
GJ 849 c,GJ 849,13.8,314.65012292999995,0.6580000000000001,0.092,491.64,25.857451672307477,5990.000000000002,4.949999999999999,3467.0,-1.59,0.45000000000000007,0.45000000000000007,3.0
GJ 86 b,GJ 86,12.9,1404.8085999999998,3.6000000000000005,0.04,726.5,39.734953320321665,15.764909999999999,0.11,5182.0,-0.38952,0.77,0.9300000000000002,11.3
GJ 876 b,GJ 876,13.3,723.2235000000001,1.69,0.0324,453.0,7.623715153371189,61.1166,0.208317,3293.74,-1.90658,0.3,0.32,1.0
GJ 876 c,GJ 876,14.0,226.98459999999994,0.455,0.25591,681.1,19.36208875183066,30.088100000000004,0.12959,3293.74,-1.90658,0.3,0.32,1.0
GJ 876 d,GJ 876,2.51,6.830000000000001,2.37,0.207,1056.585,164.7689423296259,1.9377799999999996,0.02080665,3293.74,-1.90658,0.3,0.32,1.0
GJ 876 e,GJ 876,3.92,14.599999999999998,1.33,0.055,307.69,2.0144202677389402,124.25999999999996,0.33430000000000004,3293.74,-1.90658,0.3,0.32,1.0
GJ 887 b,GJ 887,1.8,3.9000000000000004,3.67,0.14,426.0,7.800000000000002,9.2619,0.0683,3688.0,-1.43415,0.468,0.49500000000000005,2.9
GJ 887 c,GJ 887,2.43,6.499999999999999,2.49,0.17,320.0,2.5,21.784,0.121,3688.0,-1.43415,0.468,0.49500000000000005,2.9
GJ 887 d,GJ 887,2.34,6.1000000000000005,2.62,0.211,241.0,0.81,50.769999999999996,0.21200000000000002,3688.0,-1.43415,0.468,0.49500000000000005,2.9
GJ 887 e,GJ 887,1.12,1.46,5.71,0.0524,544.0,20.9,4.424899999999999,0.0417,3688.0,-1.43415,0.468,0.49500000000000005,2.9
GJ 896 A b,GJ 896 A,13.3,718.29219982,1.68,0.35,250.38000000000002,0.7506093260866364,284.38999999999993,0.63965,3345.0,-1.75523,0.394682,0.43599,3.9799999999999995
GJ 900 b,GJ 900 A,12.4,3496.1124770000006,10.1,0.60292,582.592,52.123956788347016,11.122139999999998,12000.0,3976.0,-0.921,0.716187,1.08,0.2
GJ 9066 c,GJ 9066,9.6,66.74396546999998,0.41500000000000004,0.46,299.0,1.7104809493415267,771.3599999999999,0.8800000000000001,3154.0,-2.59517,0.164,0.15,4.1621
GJ 9404 b,GJ 9404,3.48,11.9,1.5499999999999998,0.49,711.5,44.92066364230112,13.458600000000002,0.0943,3811.0,-1.0,0.626041,0.62,5.661
GJ 96 b,GJ 96,4.67,19.660000000000004,1.06,0.44,399.5,4.936405601111767,73.94,0.291,3785.0,-1.05159,0.5806119999999999,0.6000000000000001,5.38
GJ 9689 b,GJ 9689,3.07,9.65,1.8300000000000003,0.29,453.04,7.943654948564159,18.27,0.1139,3836.0,-1.2,0.57,0.5900000000000001,8.9
GJ 9714 b,GJ 9714,12.5,2988.540511019999,8.41,0.155,417.8,16.313015670707543,19240.754670000013,12.319,4263.0,-0.88386,0.662662,0.67,5.220000000000001
GJ 9773 b,GJ 9773,14.2,172.58082500000006,0.331,0.218,494.992,27.142376112456507,2964.999999999999,2.9209999999999994,3528.0,-1.73666,0.362,0.358,4.859999999999999
GJ 9827 b,GJ 9827,1.44,4.279999999999999,7.858,0.0,1035.01,317.99999999999994,1.208974,0.0189,4236.0,-1.00436,0.58,0.62,5.465
GJ 9827 c,GJ 9827,1.13,1.8599999999999999,7.1419999999999995,0.0,715.94,72.99999999999997,3.6481029999999994,0.0395,4236.0,-1.00436,0.58,0.62,5.465
GJ 9827 d,GJ 9827,1.98,3.0200000000000005,2.5100000000000002,0.0,675.0,34.9,6.201829999999999,0.053,4236.0,-1.00436,0.58,0.62,5.465
GPX-1 b,GPX-1,16.47720163,6261.219617900001,8.222423000000001,0.0,2300.0,4650.000000000001,1.7445790000000003,0.0338,7000.0,0.72673,1.56,1.68,0.27
GQ Lup b,GQ Lup,33.6,6355.999999999999,0.921,0.2638,2650.0,2170.6408760133795,11.122139999999998,100.00000000000003,4360.0,-0.07239,1.9415300000000002,0.7,0.001
GSC 06214-00210 b,GSC 06214-00210,20.1762,5000.000000000003,3.3500000000000005,0.511899,2300.0,1357.864721189025,11.122139999999998,320.0,4200.0,-0.42,0.90484,0.9,0.005
GU Psc b,GU Psc,14.179,3591.2999999999997,6.920000000000001,0.57444,1050.0,103.65265002834727,11.122139999999998,2000.0,4031.81,-1.60189,0.450458,0.325,0.1
Gaia-1 b,Gaia-1,13.77583728,533.9517237599999,1.12,0.073853,1159.07,426.53510000000006,3.0525240000000005,0.04047,5470.0,-0.1588,0.952,0.949,6.09
Gaia-2 b,Gaia-2,14.81827249,259.6658085200001,0.43899999999999995,0.0749,1213.23,512.0235000000002,3.6915223999999998,0.0467,5720.0,0.0574,1.064,1.0,5.714
Gaia-4 b,Gaia-4,12.4,3750.3752026,10.8,0.338,438.9,23.420328999513966,571.3000000000001,0.102,4034.0,-0.99957,0.624,0.644,6.8
Gaia-5 b,Gaia-5,12.1,6633.078854089998,20.6,0.6423,668.7,13.832299668402715,358.6200000000002,0.102,3447.0,-1.82594,0.345,0.33899999999999997,8.2
Gaia22dkvL b,Gaia22dkvL,14.1,187.83658853999998,0.368,0.30630999999999997,627.5319999999999,33.410637065883186,11.122139999999998,1.4,5549.0,-0.07632,0.95138,1.145,3.8888999999999996
Gl 378 b,Gl 378,3.66,13.020000000000001,1.46,0.109,830.0,83.65780283988803,3.8220000000000005,0.039435,3879.0,-1.22185,0.56,0.56,3.257
Gl 410 b,Gl 410,2.83,8.400000000000002,2.04,0.07980000000000001,736.17,54.06105083710696,6.02,0.0531,3842.0,-1.239,0.543,0.55,0.48
Gl 49 b,Gl 49,2.24,5.63,2.75,0.363,444.71100000000007,8.778931182351293,13.850800000000001,0.0905,3805.0,-1.30645,0.511,0.515,1.6035
Gl 686 b,Gl 686,2.46,6.624000000000001,2.45,0.05,379.0,3.6642240057938658,15.529999999999996,0.091,3656.0,-1.53,0.42700000000000005,0.426,5.506
Gl 725 A b,Gl 725 A,1.48,2.7799999999999994,4.709999999999999,0.0,402.91999999999996,5.810148361046807,11.220099999999999,0.068,3433.0,-1.809,0.351,0.33,6.2
Gliese 12 b,Gliese 12,0.958,3.8700000000000006,2.56,0.5,314.6,1.62,12.761408000000001,0.0668,3296.0,-2.13787,0.2617,0.24140000000000003,7.0
HAT-P-1 b,HAT-P-1,14.784671,166.86074999999997,0.282,0.0,1322.0,259.68699999999995,4.465299759999999,0.05561,5980.0,0.22463,1.174,1.151,3.6
HAT-P-11 b,HAT-P-11,4.36,25.000000000000004,1.172,0.251,838.0,100.76999999999998,4.888,0.05258,4653.0,-0.56702,0.6829999999999999,0.8110000000000002,2.69
HAT-P-11 c,HAT-P-11,13.2,851.78013076,2.04,0.652,282.5,0.9616009199844737,3361.0000000000014,4.1,4653.0,-0.56702,0.6829999999999999,0.8110000000000002,2.69
HAT-P-12 b,HAT-P-12,10.749,67.05899999999998,0.3192,0.0,963.0,118.07500000000005,3.2130598000000004,0.0384,4650.0,-0.678,0.7009999999999998,0.7330000000000001,2.5
HAT-P-13 b,HAT-P-13,14.258,270.462,0.340833,0.0133,1740.0,1978.5245000000007,2.91625,0.04383,5653.0,0.346,1.7560000000000002,1.32,5.0
HAT-P-13 c,HAT-P-13,12.3,4538.421000000002,13.399999999999999,0.6616,340.0,3.6697419763888774,446.27,1.258,5653.0,0.346,1.7560000000000002,1.32,5.0
HAT-P-14 b,HAT-P-14,15.91678,1093.3352000000004,1.56,0.11,1624.0,1038.7799999999997,4.62767,0.0596,6600.0,0.64412,1.82,2.65,1.6
HAT-P-15 b,HAT-P-15,11.88154,616.5902000000001,1.96,0.19,904.0,79.75780000000003,10.863499999999998,0.0965,5568.0,0.03019,1.07,1.0,6.8
HAT-P-16 b,HAT-P-16,14.68376472,1341.5604300000005,2.4799889999999998,0.0462,1566.0,1597.5900000000001,2.7759672699999998,0.0413,6140.0,0.29447,1.158,1.218,0.5
HAT-P-17 b,HAT-P-17,11.76945,184.3414,0.44,0.35,800.0,110.51200000000004,10.338520000000003,0.0892,5246.0,-0.28893,0.87,0.99,7.0
HAT-P-17 c,HAT-P-17,13.1,1080.6000000000004,2.6400000000000006,0.39,251.24600000000004,0.5398263545188435,5583.999999999996,5.6,5336.96,-0.28893,0.838682,0.9200000000000002,7.0
HAT-P-18 b,HAT-P-18,11.153,62.61000000000001,0.25,0.084,852.0,82.24070000000002,5.508023,0.0559,4803.0,-0.569,0.7490000000000001,0.77,12.4
HAT-P-19 b,HAT-P-19,11.29865255,88.03846874,0.3350000000000001,0.07,981.2,154.00000000000003,4.00878322,0.04599,4962.0,-0.48545,0.7729999999999999,0.8069999999999999,7.2
HAT-P-2 b,HAT-P-2,10.659759,2866.812231140001,7.290000000000002,0.5172,1540.0,588.5180000000001,5.6335158,0.06814,6380.0,0.53,1.3899999999999997,1.33,1.44
HAT-P-2 c,HAT-P-2,12.4,3400.763954900001,9.8,0.37,889.3,74.66657413693156,8500.000000000005,0.102,6412.0,0.577,1.416,1.33,1.44
HAT-P-20 b,HAT-P-20,9.718,2302.899,13.779999999999998,0.015,970.0,85.11679999999997,2.8753169999999995,0.0361,4595.0,-0.721,0.694,0.756,6.7
HAT-P-21 b,HAT-P-21,12.44199,1547.8320999999994,3.633781,0.23,1367.0,459.5419999999998,4.12448,0.05037,5588.0,0.18184,1.21,1.2400000000000002,10.2
HAT-P-22 b,HAT-P-22,12.89035,785.0401000000002,2.1399999999999997,0.02,1463.0,325.5690000000001,3.2122200000000003,0.0414,5302.0,-0.114,1.11,1.13,12.4
HAT-P-23 b,HAT-P-23,15.334,664.2369999999999,1.01,0.106,2056.0,2796.2342000000003,1.212884,0.0232,5905.0,0.199,1.203,1.13,4.0
HAT-P-24 b,HAT-P-24,14.5717,238.37249999999992,0.44,0.07,1637.0,1294.929,3.35524,0.04651,6373.0,0.408,1.3799999999999997,1.37,2.8
HAT-P-25 b,HAT-P-25,12.722215,180.84527000000008,0.483,0.023,1182.0,325.0,3.6528151400000004,0.0466,5519.0,-0.15181,0.919,1.012,3.2
HAT-P-26 b,HAT-P-26,7.06167,22.248100000000004,0.258608,0.12,1080.0,185.0743,4.23452,0.04748,5079.0,-0.35928,0.87,1.12,9.0
HAT-P-27 b,HAT-P-27,11.43,197.05000000000007,0.76,0.0,1091.99,336.0384,3.0395770000000004,0.04,5316.0,-0.26926,0.8646730000000001,0.9159999999999999,4.4
HAT-P-28 b,HAT-P-28,13.585,198.95300000000003,0.44,0.051,1384.0,554.7121999999998,3.2572150000000004,0.0434,5680.0,0.053,1.103,1.025,6.1
HAT-P-29 b,HAT-P-29,13.11453,279.69039999999995,0.710842,0.09,1281.0,433.0000000000001,5.72319,0.0667,6087.0,0.31175,1.3,1.45,2.2
HAT-P-3 b,HAT-P-3,10.53646,206.58949999999993,0.855,0.0,1189.0,176.587,2.8997,0.03866,5185.0,-0.36,0.87,1.06,1.6
HAT-P-30 b,HAT-P-30,16.14096,263.79889999999995,0.309,0.04,1630.0,1467.9572999999998,2.8106,0.0419,6304.0,0.312,1.31,1.5499999999999998,1.0
HAT-P-31 b,HAT-P-31,12.21781,721.4741000000001,2.18,0.25,1450.0,746.9025000000001,5.00542,0.061,6065.0,0.43315,1.3899999999999997,1.31,3.17
HAT-P-32 b,HAT-P-32,22.19382,216.12439999999992,0.108,0.159,1835.7,1841.0000000000002,2.1500082,0.03397,6001.0,0.33806,1.3669999999999998,1.1319999999999997,2.7
HAT-P-33 b,HAT-P-33,20.73665,292.4036000000001,0.19999999999999998,0.0,1782.0,1701.3799999999994,3.47447,0.04995,6446.0,0.618,1.79,1.82,2.3
HAT-P-34 b,HAT-P-34,13.417173,1058.3739,2.5,0.432,1520.0,433.78000000000014,5.452653999999999,0.06774,6442.0,0.6003,1.53,1.392,1.7
HAT-P-35 b,HAT-P-35,14.930388,335.6284800000002,0.55,0.02,1581.0,999.6687999999999,3.646706,0.04978,6096.0,0.38307,1.435,1.2359999999999998,3.5
HAT-P-36 b,HAT-P-36,14.313893,587.4134060000001,1.175,0.063,1780.97,1821.0,1.3273468300000002,0.0241,5620.0,0.02243,1.041,1.03,6.6
HAT-P-37 b,HAT-P-37,13.204,371.5279999999999,0.89,0.058,1271.0,412.3913999999999,2.7974359999999994,0.0379,5500.0,-0.208,0.877,0.929,3.6
HAT-P-38 b,HAT-P-38,9.247,84.85700000000001,0.5900000000000001,0.067,1082.0,243.03369999999998,4.640381999999999,0.0523,5330.0,-0.208,0.9230000000000002,0.886,10.1
HAT-P-39 b,HAT-P-39,17.609,190.37199999999999,0.19,0.0,1752.0,1915.6934000000008,3.5438700000000005,0.0509,6430.0,0.607,1.625,1.404,2.0
HAT-P-4 b,HAT-P-4,14.28,213.2549999999999,0.403,0.0,1686.0,1438.0,3.056536,0.04438,5860.0,0.431,1.596,1.248,3.9
HAT-P-40 b,HAT-P-40,17.03768,152.5584,0.15,0.0,1770.0,1747.4151000000004,4.4572400000000005,0.0608,6080.0,0.778,1.9400000000000002,1.03,2.7
HAT-P-41 b,HAT-P-41,22.97845,378.21769999999987,0.204,0.0,1941.0,2485.072099999999,2.69405,0.04258,6390.0,0.628,2.0499999999999994,2.56,2.2
HAT-P-42 b,HAT-P-42,14.348,331.801,0.61,0.0,1428.0,684.0973000000001,4.641878,0.057499999999999996,5743.0,0.356,1.53,1.178,5.2
HAT-P-43 b,HAT-P-43,13.63,210.395,0.39,0.0,1353.0,521.877,3.3326414,0.0444,5693.0,0.05986,1.08,1.03,5.7
HAT-P-44 b,HAT-P-44,13.922,111.87100000000004,0.23000000000000004,0.044,1108.0,185.11900000000009,4.301219,0.0507,5295.0,-0.194,0.949,0.942,7.5
HAT-P-44 c,HAT-P-44,13.0,1271.3000000000004,3.18,0.494,197.57,0.2090028501191698,872.1999999999997,1.7520000000000002,5295.0,-0.194,0.949,0.942,7.5
HAT-P-45 b,HAT-P-45,15.984,283.4920000000001,0.38,0.049,1652.0,1052.2389999999998,3.1289920000000007,0.0452,6330.0,0.4,1.319,1.259,2.0
HAT-P-46 b,HAT-P-46,14.392,156.68399999999994,0.28,0.123,1458.0,1405.4797999999998,4.463129,0.0577,6120.0,0.391,1.396,1.284,2.5
HAT-P-49 b,HAT-P-49,17.82231,699.2260000000001,0.75,0.0,2131.0,4392.03,2.69155,0.04378,6820.0,0.814,2.0599999999999996,2.2199999999999998,1.5
HAT-P-5 b,HAT-P-5,13.56289,311.4734,0.6684029999999999,0.0,1517.0,850.6754000000001,2.7884899999999995,0.04073,5960.0,0.187,1.12,1.04,2.6
HAT-P-50 b,HAT-P-50,14.437192,429.07050000000004,0.78,0.115,1862.0,2108.4362000000006,3.1220108999999994,0.0453,6280.0,0.60314,1.698,1.2729999999999997,3.37
HAT-P-51 b,HAT-P-51,13.50682174,97.57332094999997,0.21800000000000003,0.07,1168.2,309.99999999999994,4.21802091,0.05042,5453.0,-0.10237,0.9949999999999999,0.9609999999999999,8.1
HAT-P-52 b,HAT-P-52,11.309881,259.9849400000001,0.9799999999999999,0.047,1218.0,227.759,2.7535953,0.03694,5131.0,-0.30452,0.893,0.887,9.4
HAT-P-53 b,HAT-P-53,14.773462,471.65972,0.8,0.134,1778.0,1400.0226000000002,1.9616241000000003,0.03159,5956.0,0.21748,1.209,1.0929999999999997,4.67
HAT-P-54 b,HAT-P-54,10.581296,241.5508,1.118,0.074,818.0,88.67130000000002,3.7998469999999998,0.04117,4390.0,-0.9017,0.617,0.645,3.9
HAT-P-55 b,HAT-P-55,14.84069045,189.4257305700001,0.318,0.17,1367.0,583.0,3.5852312999999993,0.04628,5804.0,0.09656,1.105,1.028,5.3
HAT-P-56 b,HAT-P-56,16.92559,734.1873000000003,0.75,0.29,1840.0,3515.0000000000027,2.79083,0.0423,6566.0,0.55274,1.4700000000000002,1.4199999999999997,2.01
HAT-P-57 b,HAT-P-57,19.50366,448.14030000000014,0.332,0.0,2200.0,2726.632800000001,2.4653,0.0406,6330.0,0.80618,1.85,2.7699999999999996,1.0
HAT-P-58 b,HAT-P-58,14.93036229,118.23216740000001,0.194,0.073,1622.0,1146.0000000000005,4.0138379,0.04994,6078.0,0.45637,1.53,1.031,7.11
HAT-P-59 b,HAT-P-59,12.58768533,489.45574678,1.347,0.03,1277.8,441.4000000000001,4.1419771,0.050640000000000004,5678.0,0.05385,1.1038,1.008,7.3
HAT-P-6 b,HAT-P-6,16.58932,419.53560000000004,0.558,0.0,1675.0,1099.44,3.8529800000000005,0.05239,6570.0,0.55267,1.62,1.79,2.3
HAT-P-60 b,HAT-P-60,18.28184752,182.43350561999995,0.164,0.25,1772.0,1634.0000000000005,4.7947813,0.06277,6212.0,0.80889,2.197,1.435,2.765
HAT-P-61 b,HAT-P-61,10.07687365,335.9446261999999,1.8000000000000003,0.113,1505.0,849.4999999999999,1.9023128900000001,0.0301,5587.0,-0.1152,0.938,1.004,2.6
HAT-P-62 b,HAT-P-62,12.02723629,241.86741773000008,0.77,0.101,1512.0,867.2000000000002,2.6453235000000004,0.03772,5629.0,0.09061,1.17,1.023,8.1
HAT-P-63 b,HAT-P-63,12.5428494,195.14664190000008,0.54,0.069,1237.0,387.4000000000001,3.3777279999999994,0.04294,5400.0,-0.1463,0.9661,0.925,9.0
HAT-P-64 b,HAT-P-64,19.08889413,184.34047606000001,0.144,0.101,1766.0,1610.9999999999995,4.007232,0.05387,6457.0,0.66839,1.7350000000000003,1.2980000000000003,2.88
HAT-P-65 b,HAT-P-65,18.05766791,176.07693748000003,0.164,0.304,1818.0,1821.0,2.6054475100000003,0.04042,5872.0,0.47276,1.666,1.2970000000000002,3.9
HAT-P-66 b,HAT-P-66,17.82231,248.86088999999993,0.242,0.09,1896.0,1939.5100000000007,2.972086,0.04363,6002.0,0.6149,1.8810000000000002,1.255,4.66
HAT-P-67 b,HAT-P-67,23.9872187,143.02278314999998,0.061,0.0,1903.0,2029.1700000000005,4.810106900000001,0.06505,6640.0,1.07773,2.62,1.73,1.46
HAT-P-68 b,HAT-P-68,12.016048,230.10892000000004,0.727,0.041,1027.8,184.80000000000007,2.29840551,0.02996,4508.0,-0.77911,0.6701000000000001,0.6785000000000001,11.1
HAT-P-69 b,HAT-P-69,18.786284,1137.8314,1.02,0.0,1930.0,2320.179999999999,4.786949100000001,0.06555,7394.0,1.0,1.926,1.6480000000000001,1.27
HAT-P-7 b,HAT-P-7,16.92559,584.8072000000002,0.712,0.0,2733.0,4353.4079999999985,2.20474,0.03809,6389.0,0.8142,1.9999999999999996,1.56,1.78
HAT-P-70 b,HAT-P-70,20.96083,2154.887399999999,1.54,0.0,2562.0,5405.599999999996,2.74432452,0.04739,8450.0,1.22272,1.8579999999999997,1.89,0.6
HAT-P-8 b,HAT-P-8,15.6926,406.8224,0.6856440000000001,0.0,1713.0,1519.9644999999996,3.07634,0.04496,6200.0,0.519,1.5700000000000003,1.27,3.4
HAT-P-9 b,HAT-P-9,15.614137,238.05466999999996,0.342,0.084,1540.0,930.9999999999998,3.92281072,0.05287,6350.0,0.4183,1.338,1.2809999999999997,1.6
HATS-1 b,HATS-1,14.594,589.55,1.03,0.12,1359.0,489.94610000000006,3.446459,0.0444,5870.0,0.04139,1.038,0.9859999999999999,6.0
HATS-10 b,HATS-10,10.861521,167.17858,0.7,0.501,1407.0,836.8558,3.3128459999999995,0.04490999999999999,5880.0,0.117,1.105,1.101,3.3
HATS-11 b,HATS-11,18.03,263.79889999999995,0.315,0.34,1596.0,1027.296,3.619188,0.0507,6563.0,0.40312,1.54,1.33,7.7
HATS-12 b,HATS-12,7.76,759.6137000000001,1.12,0.085,1446.0,566.4817,3.142702,0.04410000000000001,6357.0,0.86332,1.17,1.16,2.36
HATS-13 b,HATS-13,13.585308,172.58169000000007,0.377,0.181,1244.0,315.9877999999999,3.0440498999999996,0.04057,5523.0,-0.32121,0.887,0.9620000000000001,2.5
HATS-14 b,HATS-14,11.646151,340.39593,1.191,0.142,1276.0,505.8839999999999,2.7667641000000005,0.03815000000000001,5346.0,-0.17274,0.933,0.9670000000000001,4.9
HATS-15 b,HATS-15,12.385945,689.6911000000002,1.97,0.126,1505.0,2201.3362999999995,1.74748753,0.02712,5311.0,-0.20412,0.922,0.8709999999999999,11.0
HATS-16 b,HATS-16,14.5717,1039.3040999999996,1.8599999999999999,0.0,1592.0,994.8095,2.6865020000000004,0.03744,5738.0,0.17319,1.238,0.97,9.5
HATS-17 b,HATS-17,8.709393,425.25653999999986,3.5000000000000004,0.029,814.0,72.70000000000003,16.254611,0.1308,5846.0,0.09342,1.091,1.131,2.1
HATS-18 b,HATS-18,14.896761,629.1444850000001,1.1169,0.166,2069.48,2989.999999999998,0.83784,0.0174,5600.0,-0.03152,1.02,1.037,4.2
HATS-2 b,HATS-2,12.57647635,435.42491759,1.20684,0.0,1550.0,950.0562999999999,1.35413379,0.02317,5227.0,-0.268,0.876,0.9040000000000001,7.2
HATS-22 b,HATS-22,10.682177,870.8542000000002,3.8900000000000006,0.079,858.0,111.29900000000004,4.722812399999999,0.05025,4803.0,-0.64589,0.689,0.7590000000000001,6.812
HATS-23 b,HATS-23,20.84874,467.2101000000002,0.2899999999999999,0.114,1654.0,810.5200815779763,2.1605155999999996,0.03397,5780.0,0.15534,1.199,1.121,4.2
HATS-24 b,HATS-24,15.636555,718.2957999999999,1.03,0.0,2166.0,2706.9606000000003,1.3484978,0.0238,6125.0,0.19,1.12,1.07,3.7
HATS-25 b,HATS-25,14.12334,194.82978999999992,0.38,0.176,1277.0,454.87210000000016,4.2986432,0.05163,5715.0,0.06819,1.1069999999999998,0.994,7.5
HATS-26 b,HATS-26,19.61575,206.58949999999993,0.153,0.245,1918.0,2236.5715999999993,3.3023881,0.04735,6071.0,0.70415,2.04,1.299,4.04
HATS-27 b,HATS-27,16.8135,168.4499,0.18,0.581,1659.0,1342.5733,4.637038,0.0611,6438.0,0.66932,1.7400000000000002,1.415,2.3
HATS-28 b,HATS-28,13.383546,213.58175999999995,0.48,0.202,1253.0,316.064596040513,3.1810781000000006,0.04131,5498.0,-0.15739,0.922,0.929,6.2
HATS-29 b,HATS-29,14.022459,207.54299000000003,0.411,0.158,1212.0,355.9999999999999,4.6058749,0.05475,5670.0,0.02938,1.073,1.032,5.5
HATS-3 b,HATS-3,15.48,340.382,0.51,0.0,1648.0,1212.0043999999998,3.5478509999999996,0.0485,6351.0,0.456,1.404,1.209,3.2
HATS-30 b,HATS-30,13.170575,224.38798000000003,0.543,0.096,1414.0,718.9097000000004,3.1743516000000005,0.04354000000000001,5943.0,0.09691,1.061,1.0929999999999997,2.3
HATS-31 b,HATS-31,18.38276,279.69039999999995,0.243,0.233,1823.0,1619.4059999999995,3.37796,0.0478,6050.0,0.61909,1.8700000000000003,1.275,4.3
HATS-32 b,HATS-32,14.000041,292.4036000000001,0.58,0.471,1437.0,614.5933999999999,2.8126548,0.040240000000000005,5700.0,0.0569,1.097,1.099,3.5
HATS-33 b,HATS-33,13.78707,378.85336000000007,0.79,0.08,1429.0,757.1283999999998,2.5495551,0.03727,5659.0,-0.01773,1.022,1.062,3.0
HATS-34 b,HATS-34,16.02887,299.0780300000001,0.4,0.108,1445.0,691.8428000000001,2.1061607,0.03166,5380.0,-0.14026,0.9799999999999999,0.955,7.7
HATS-35 b,HATS-35,16.409976,388.38825999999983,0.484,0.306,2037.0,2440.7000000000003,1.8209993000000004,0.031990000000000005,6300.0,0.46538,1.433,1.3169999999999997,2.13
HATS-36 b,HATS-36,12.92,1022.1412799999997,2.1200000000000006,0.105,1203.0,560.9999999999999,4.175186,0.0523,5950.0,0.21484,1.1,1.1,0.62
HATS-37 A b,HATS-37 A,6.792654,31.465170000000008,0.55,0.0,1085.0,229.6999999999999,4.3315366,0.04913,5326.0,-0.25571,0.877,0.8430000000000001,11.46
HATS-38 b,HATS-38,6.882326,23.519419999999997,0.403,0.0,1294.0,464.7,4.375021,0.05036,5732.0,0.07151,1.105,0.89,11.89
HATS-39 b,HATS-39,17.59813,200.23290000000003,0.20200000000000004,0.275,1645.0,1547.1014000000005,4.5776348,0.06007,6572.0,0.64048,1.621,1.379,2.06
HATS-4 b,HATS-4,11.433,420.471,1.5499999999999998,0.013,1315.0,558.8280000000002,2.5167290000000007,0.0362,5403.0,-0.187,0.925,1.001,2.1
HATS-40 b,HATS-40,17.71022,505.3497,0.49,0.312,2101.0,3163.3762,3.2642736,0.04997,6460.0,0.90309,2.26,1.561,2.07
HATS-41 b,HATS-41,14.90797,3082.951000000002,5.1,0.38,1710.0,1300.3125000000005,4.193648999999999,0.0583,6424.0,0.65321,1.7099999999999997,1.496,1.34
HATS-42 b,HATS-42,15.6926,597.5203999999999,0.83,0.229,1856.0,1637.2058000000002,2.292102,0.03689,6060.0,0.42488,1.48,1.2729999999999997,3.26
HATS-43 b,HATS-43,13.22662,82.95363000000003,0.191,0.173,1003.0,192.2328,4.3888497,0.04944,5099.0,-0.39794,0.812,0.8370000000000001,8.6
HATS-44 b,HATS-44,11.960003,177.98479999999998,0.56,0.279,1161.0,306.4169999999999,2.7439004000000002,0.03649,5080.0,-0.39794,0.847,0.86,9.7
HATS-45 b,HATS-45,14.414774,222.48100000000005,0.41000000000000003,0.24,1518.0,811.3504000000004,4.1876244,0.05511,6450.0,0.42488,1.315,1.2720000000000002,1.52
HATS-46 b,HATS-46,10.121727,54.98458999999999,0.28,0.559,1054.0,209.76990000000004,4.7423728999999994,0.05367,5495.0,-0.22988,0.853,0.917,3.0
HATS-47 b,HATS-47,12.520453,117.27927,0.331,0.088,852.9,87.73000000000005,3.9228037999999996,0.04269,4512.0,-0.79615,0.6564000000000001,0.6739999999999999,8.1
HATS-48 A b,HATS-48 A,8.9672,77.23269000000003,0.589,0.162,954.6,137.6,3.1316666,0.03769,4546.0,-0.70885,0.7151999999999998,0.7279,11.97
HATS-49 b,HATS-49,8.574885,112.19398999999997,0.9859999999999999,0.071,834.8,80.44999999999999,4.1480467,0.04515,4405.0,-0.78489,0.6977,0.7133,10.5
HATS-5 b,HATS-5,10.223,75.32300000000001,0.39,0.019,1025.0,183.2395,4.763387,0.0542,5304.0,-0.268,0.8709999999999999,0.9360000000000002,3.6
HATS-50 b,HATS-50,12.66617,123.9537,0.33,0.516,1275.39,625.3022999999997,3.8297015000000005,0.05045999999999999,5990.0,0.14301,1.117,1.168,1.2
HATS-51 b,HATS-51,15.80469,244.0934399999999,0.33999999999999997,0.33,1553.0,740.2246000000002,3.3488702000000004,0.04639,5758.0,0.30963,1.44,1.187,4.74
HATS-52 b,HATS-52,15.490838,711.9392,1.06,0.246,1834.0,1310.2199999999998,1.36665436,0.02498,6010.0,0.06819,1.046,1.111,1.2
HATS-53 b,HATS-53,15.02006,189.10885,0.303,0.33,1312.0,471.61,3.8537768,0.04753,5644.0,0.04532,1.101,0.964,9.0
HATS-54 b,HATS-54,11.37711541,239.3247904700001,0.77,0.0,1429.0,476.96500000000003,2.5441764999999994,0.037,5621.0,0.11461,1.23,1.05,7.96
HATS-55 b,HATS-55,14.022459,292.72143000000005,0.587,0.092,1367.0,355.9090000000001,4.2042000999999996,0.05412,6214.0,0.22891,1.126,1.1955,0.4
HATS-56 b,HATS-56,18.920792,191.33365999999998,0.155,0.019,1902.0,1080.8699999999997,4.324799,0.06043,6536.0,0.89763,2.201,1.573,1.894
HATS-57 b,HATS-57,12.767051,1000.2110100000002,2.65,0.028,1413.4,570.2330000000001,2.3506210000000003,0.03493,5587.0,-0.0942,0.9599999999999999,1.026,2.5
HATS-58 A b,HATS-58 A,12.273855,327.3649000000001,0.9599999999999999,0.168,1721.0,382.7103000000002,4.2180896,0.05798,7175.0,0.68931,1.433,1.461,0.31
HATS-59 b,HATS-59,12.621334,256.17098000000004,0.7,0.129,1128.0,269.00000000000006,5.416081,0.061119999999999994,5670.0,-0.00436,1.036,1.038,4.3
HATS-59 c,HATS-59,12.3,4036.4410000000034,11.9,0.083,175.9,0.159,1421.9999999999998,2.5040000000000004,5670.0,-0.00436,1.036,1.038,4.3
HATS-6 b,HATS-6,11.186582,101.38777000000002,0.399,0.0,712.8,47.33149999999999,3.3252724999999996,0.03623,3724.0,-1.09983,0.57,0.574,8.1
HATS-60 b,HATS-60,12.923977,210.40345999999997,0.537,0.191,1528.0,903.9000000000002,3.5608289999999996,0.04708,5688.0,0.30016,1.46,1.097,7.55
HATS-61 b,HATS-61,13.394755,1080.6220000000003,2.4700000000000006,0.092,1226.1,374.19999999999993,7.817952999999999,0.07908,5542.0,0.36922,1.6639999999999997,1.076,8.9
HATS-62 b,HATS-62,11.825495,56.89157000000002,0.076,0.298,1237.0,387.4000000000001,3.2768836999999995,0.04163,5416.0,-0.17328,0.933,0.8960000000000001,9.55
HATS-63 b,HATS-63,13.529263,305.1168,0.67,0.136,1398.3,634.1000000000004,3.0566526999999994,0.04026,5627.0,0.01199,1.07,0.931,10.3
HATS-64 b,HATS-64,18.819911,305.1168,0.245,0.151,1793.0,1711.0,4.908897,0.06562,6554.0,0.86747,2.113,1.564,1.861
HATS-65 b,HATS-65,16.824709,260.9384300000001,0.3,0.062,1634.0,1178.0000000000002,3.105161,0.044969999999999996,6277.0,0.37658,1.31,1.2569999999999997,1.78
HATS-66 b,HATS-66,15.815899,1694.0339,2.34,0.064,1998.0,2637.0,3.1414391,0.04714,6626.0,0.76716,1.8410000000000002,1.411,2.17
HATS-67 b,HATS-67,18.887165,460.8535000000001,0.374,0.057,2193.0,3820.9999999999977,1.6091788,0.03032,6594.0,0.54654,1.441,1.435,0.51
HATS-68 b,HATS-68,13.809488,410.0007000000001,0.856,0.036,1741.0,1521.0000000000005,3.5862202,0.05071,6147.0,0.59218,1.7480000000000004,1.351,3.02
HATS-69 b,HATS-69,10.592505,183.38791000000003,0.4600000000000001,0.519,1295.7,466.6000000000002,2.2252576999999993,0.03211,5137.0,-0.31758,0.8785,0.8920000000000001,8.0
HATS-7 b,HATS-7,6.310667,38.1396,0.83,0.17,1084.0,211.61780000000002,3.185315,0.04012,4985.0,-0.43415,0.8149999999999998,0.8489999999999999,7.8
HATS-70 b,HATS-70,15.513256,4100.006999999996,6.639999999999998,0.18,2730.0,9110.000000000002,1.8882377999999997,0.03632,7930.0,1.07918,1.8810000000000002,1.7800000000000002,0.81
HATS-71 b,HATS-71,11.478016,117.59709999999997,0.41999999999999993,0.0,586.8,18.083200000000005,3.7955202000000003,0.03745,3405.0,-1.55988,0.4783,0.48610000000000003,3.2
HATS-72 b,HATS-72,8.0973816,39.85588200000001,0.411,0.013,739.3,49.58,7.327947400000001,0.06651699999999999,4656.1,-0.65896,0.7213999999999999,0.7311,12.17
HATS-74 A b,HATS-74 A,11.56766808,464.0294742199998,1.6399999999999997,0.044,895.1,106.89999999999996,1.7318560599999997,0.02384,3776.9,-1.2161,0.5758,0.601,11.0
HATS-75 b,HATS-75,9.90873894,156.05374784000009,0.878,0.064,772.3,59.26000000000001,2.7886556000000002,0.032742,3790.4,-1.19661,0.5848,0.6017,14.9
HATS-76 b,HATS-76,12.09449018,835.5708820000003,2.58,0.062,939.8,129.8,1.9416422999999998,0.02658,4016.0,-1.0381,0.6259000000000001,0.662,4.6
HATS-77 b,HATS-77,13.05846252,436.6962312200001,1.077,0.045,828.3,78.36999999999999,3.0876261999999994,0.03607,4071.0,-0.99183,0.6428,0.655,12.1
HATS-8 b,HATS-8,9.785457,43.86054000000001,0.259,0.376,1324.0,510.8195000000001,3.583893,0.04667,5679.0,-0.0252,1.086,1.056,5.1
HATS-9 b,HATS-9,13.85,266.02371000000005,0.626,0.075,1746.0,2292.083899999999,1.9152909999999999,0.0312,5599.0,0.3118,1.56,1.1,10.8
HD 100546 b,HD 100546,77.3421,2701.5414594999993,0.0321,0.40751,1752.6,484.96710462785404,11.122139999999998,53.00000000000001,10500.0,1.5,1.85288,2.4,0.0055
HD 100655 b,HD 100655,13.5,511.7062999999999,1.14,0.09,592.171,29.30659742669134,157.57001000000002,0.6800000000000002,4891.0,1.63347,10.059999999999999,2.28,1.309
HD 100777 b,HD 100777,13.7,390.92894061000004,0.835,0.38,665.2610000000001,20.658709529182353,383.0,1.06,5533.0,0.02119,1.04,1.08,5.7
HD 101581 b,HIP 56998,0.956,0.8270000000000001,5.199999999999999,0.007000000000000001,834.0,80.00000000000003,4.465690000000001,0.046,4675.0,-0.78186,0.63,0.653,6.88
HD 101581 c,HIP 56998,0.99,0.9370000000000002,5.3100000000000005,0.014000000000000002,747.0,52.00000000000001,6.20401,0.0573,4675.0,-0.78186,0.63,0.653,6.88
HD 10180 c,HD 10180,2.8395539349999996,2741.5878387800003,2.56,0.073,1049.8,266.21178535972,5.759690000000001,0.06412,5911.0,0.17319,1.109,1.06,4.3
HD 10180 d,HD 10180,2.8395539349999996,3295.8805805900024,2.56,0.131,813.4,98.6088409855538,16.357,0.12859,5911.0,0.17319,1.109,1.06,4.3
HD 10180 e,HD 10180,5.39,25.1,0.881,0.051,561.64,20.311782603190466,49.748,0.2699,5911.0,0.17319,1.109,1.06,4.3
HD 10180 f,HD 10180,5.24,23.9,0.913,0.119,403.836,4.849521911386024,122.74399999999997,0.4929,5911.0,0.17319,1.109,1.06,4.3
HD 10180 g,HD 10180,2.8395539349999996,3375.3376823400013,2.56,0.263,485.5,28.323824517458863,604.6700000000001,1.427,5911.0,0.17319,1.109,1.06,4.3
HD 10180 h,HD 10180,9.4,64.39999999999999,0.426,0.095,315.23,2.4738391750808684,2204.999999999999,3.3809999999999993,5911.0,0.17319,1.109,1.06,4.3
HD 101930 b,HD 101930,10.6,79.45749999999998,0.367,0.11,396.248,5.53288160874685,70.45999999999998,0.3,5108.0,-0.3098,0.86,0.57,1.0
HD 102117 b,HD 102117,8.47,54.03110000000002,0.489,0.12,749.9,55.3813227940325,20.813300000000005,0.15,5655.0,0.15737,1.23,1.06,10.0
HD 102195 b,HD 102195,14.2,130.31029999999998,0.25,0.0,1067.1,251.97009940389273,4.113770000000001,0.05,5301.0,-0.33442,0.8200000000000001,0.76,2.4
HD 102272 b,HD 102272,12.9,1570.0801999999999,4.02,0.05,567.5,29.625954223168755,127.58000000000001,0.51,4790.0,1.66167,10.3,1.45,3.735699999999999
HD 102329 b,HD 102329,12.6,2593.4928000000004,7.12,0.21,581.332,31.256544484965783,778.09998,1.8100000000000003,4745.0,1.29226,9.82,3.21,1.6
HD 102329 c,HD 102329,13.5,483.10159999999996,1.08,0.209,1344.1,182.7186389786753,1122.9999999999998,0.102,4830.0,1.29226,6.300000000000001,1.3,1.6
HD 102365 b,HD 102365,4.14,16.0,1.2400000000000002,0.34,426.3,5.080211117675571,122.10000000000001,0.4600000000000001,5630.0,-0.05665,0.95138,0.8500000000000001,9.0
HD 102843 b,HD 102843,13.1,113.89999999999998,0.278,0.11,175.82,0.1677483010236824,3090.942000000002,4.074,5436.0,-0.13814,0.961488,0.9500000000000001,6.664
HD 102888 b,HD 102888,12.8,1808.4436358300006,4.74,0.11,621.8,40.231108991380744,252.05999999999997,1.05,4990.0,1.61584,8.600000000000001,2.4200000000000004,1.3125
HD 102956 b,HD 102956,13.8,305.1168,0.638,0.037,1535.846,502.28611262457844,6.494700000000001,0.0807,4985.0,1.06446,4.55,1.6599999999999997,2.3
HD 103197 b,HD 103197,5.83,28.604699999999998,0.793,0.0,427.6,7.149921047780326,47.84,0.25,5250.0,-0.3279,0.8800000000000001,0.8,9.1
HD 103720 b,HD 103720,14.1,197.04599999999996,0.386,0.086,972.8900000000001,119.92748008811897,4.555699999999999,0.0498,5017.0,-0.45834,0.73,0.7940000000000002,3.8
HD 103774 b,HD 103774,13.3,116.00000000000003,0.271,0.09,1462.6,716.8507817644054,5.8881,0.07,6489.0,0.544,1.5810469999999999,1.335,1.05
HD 103891 b,HD 103891,13.2,918.5240962300002,2.19,0.31,192.01,0.815603719231247,1919.0000000000002,3.27,6072.0,0.78604,2.2199999999999998,1.2800000000000002,3.68
HD 103949 b,HD 103949,3.35,11.2,1.6399999999999997,0.19,290.32,1.158667342306342,120.87799999999999,0.43899999999999995,4792.0,-0.56946,0.7531130000000001,0.77,5.788
HD 104067 b,HD 104067,9.2,62.100000000000016,0.438,0.123,408.52200000000005,5.2444523591123335,55.85100000000002,0.2674,4952.0,-0.51256,0.78,0.8200000000000001,4.33
HD 104067 c,HD 104067,3.69,13.2,1.44,0.29,713.8199999999999,46.54265251208255,13.899200000000004,0.10579999999999999,4952.0,-0.51256,0.78,0.8200000000000001,4.33
HD 10442 b,HD 10442,13.6,472.61320999999987,1.03,0.132,542.4,19.102579499161628,1032.3000000000004,2.01,4912.0,0.31,1.97,1.01,10.65
HD 104985 b,HD 104985,12.8,1766.8081145100005,4.63,0.047,542.7,18.682350046898442,199.67999999999995,0.7149999999999999,4738.0,1.76989,11.119999999999997,1.22,5.256200000000001
HD 105618 b,HD 105618,5.44,25.426272560000008,0.8680000000000001,0.455,931.4,104.85476266159786,10.022449999999997,0.091,5671.0,0.17967,1.27399,1.01,8.506000000000002
HD 105618 c,HD 105618,11.9,8419.592329840001,27.5,0.126,543.1,21.93663573752014,77114.07157999999,35.730999999999995,5671.0,0.17967,1.27399,1.01,1.7144
HD 105779 b,HD 105779,14.1,203.41018047999995,0.399,0.0,76.88,0.019319488593570702,2411.999999999999,3.38,5792.0,-0.10791,0.94,0.89,7.54
HD 106252 b,HD 106252,12.5,3178.2840699999997,8.939999999999998,0.48,618.801,21.121994931165958,1535.0000000000005,2.655,5874.0,0.1232,1.05,1.05,3.0
HD 106270 b,HD 106270,12.4,3623.243839799999,10.399999999999999,0.185,536.0,16.22056200272768,1887.9999999999993,3.3400000000000003,5509.0,0.75587,2.66,1.3899999999999997,4.3
HD 106315 b,HD 106315,2.44,12.600000000000001,4.699999999999999,0.093,1153.0,276.99999999999994,9.552370000000002,0.0907,6327.0,0.39454,1.296,1.091,4.48
HD 106315 c,HD 106315,4.35,15.199999999999996,1.01,0.22,886.0,97.00000000000003,21.05704,0.1536,6327.0,0.39454,1.296,1.091,4.48
HD 10647 b,HD 10647,13.8,298.7499999999999,0.625,0.15,562.302,19.30552378332483,989.2,2.0149999999999997,6218.0,0.149,1.1,1.11,1.4
HD 106515 A b,HD 106515 A,12.1,6006.956892300001,18.600000000000005,0.571,455.7,24.79831229286827,3625.9999999999977,4.48,5362.0,-0.16368,0.91,0.89,8.2
HD 106906 b,HD 106906,12.4,3496.0000000000014,10.1,0.47394,1800.0,425.5224914254715,11.122139999999998,649.9999999999998,6516.0,0.75,2.1235100000000005,1.5,0.013
HD 10697 b,HD 10697,12.8,1825.2885414000007,4.78,0.104,275.33299999999997,1.5602321069190586,1075.3799000000001,2.051,5641.0,0.47665,1.8630760000000004,0.99,6.98
HD 107148 b,HD 107148,9.6,66.74099999999999,0.41500000000000004,0.05,583.1809999999999,27.319564355326662,48.056000000000004,0.269,5797.0,0.12081,1.169193,1.12,5.6
HD 107148 c,HD 107148,4.7,19.896058280000002,1.05,0.34,793.8,71.37063137112982,18.3267,0.1407,5752.92,0.12081,1.169193,1.105215,5.6
HD 108147 b,HD 108147,10.9,82.95000000000003,0.352,0.53,890.0,86.68249753966008,10.898500000000002,0.102,6255.73,0.30297,1.20664,1.22,3.2
HD 108202 b,HD 108202,13.1,953.4852210000004,2.33,0.52,177.66000000000003,0.21704875421666867,2989.999999999998,3.7,4556.03,-0.76721,0.6635499999999999,0.74,6.5
HD 108236 b,HD 108236,1.615,3.2399999999999998,4.23,0.045,1099.0,312.18069999999994,3.7959629999999995,0.04527,5660.0,-0.14997,0.877,0.8690000000000001,6.7
HD 108236 c,HD 108236,2.071,4.94,3.0599999999999996,0.034,932.0,162.16749999999993,6.203449,0.062,5660.0,-0.14997,0.877,0.8690000000000001,6.7
HD 108236 e,HD 108236,3.083,9.71,1.82,0.058,636.0,35.0031,19.590024999999997,0.1367,5660.0,-0.14997,0.877,0.8690000000000001,6.7
HD 108236 f,HD 108236,2.017,4.719999999999999,3.16,0.051,580.1,20.009775347303282,29.54115,0.1758,5660.0,-0.14997,0.877,0.8690000000000001,6.7
HD 108341 b,HD 108341,13.3,715.11391575,1.6699999999999997,0.85,134.0,0.08426152346351364,1128.9999999999995,1.9999999999999996,5122.0,-0.37001,0.79,0.8430000000000001,4.9
HD 108863 b,HD 108863,13.3,767.2416200000002,1.79,0.032,657.5,31.92611900179435,437.70000000000016,1.32,4878.0,1.22531,5.739999999999999,1.5900000000000003,1.8
HD 108874 b,HD 108874,13.6,451.31860000000006,0.9859999999999999,0.13,573.3610000000001,23.693740542482843,394.48123,1.04,5600.0,-0.00072,1.05,1.1,8.0
HD 108874 c,HD 108874,13.8,314.6400000000001,0.6580000000000001,0.239,144.96,0.09793304834249905,1624.0,2.659,5551.0,-0.00072,1.05,0.9500000000000001,8.0
HD 109246 b,HD 109246,13.9,273.33379999999994,0.559,0.12,618.9010000000001,23.32817379239171,68.27000000000001,0.33,5844.0,0.10028,1.07,1.2,3.7629999999999995
HD 109271 b,HD 109271,4.31,17.162000000000003,1.18,0.25,1085.599,322.35297167275723,7.8543,0.079,5783.0,0.301,1.294595,1.0469999999999997,7.3
HD 109271 c,HD 109271,5.27,24.154,0.907,0.15,705.422,46.743208170699056,30.930000000000003,0.196,5783.0,0.301,1.294595,1.0469999999999997,7.3
HD 109286 b,HD 109286,13.2,950.3069369299998,2.2700000000000005,0.338,259.4,0.7090000000000001,520.0999999999999,1.259,5694.0,-0.08393,1.089,0.9799999999999999,8.129000000000001
HD 109749 b,HD 109749,11.1,85.81410000000001,0.345,0.0,1264.876,380.6105508474201,5.239891,0.0615,5824.0,0.19,1.22,1.13,3.3
HD 10975 b,HD 10975,14.3,143.02278314999998,0.269,0.442,585.732,31.14644292064948,283.8,0.9500000000000001,4840.0,1.78986,11.159999999999998,1.4100000000000001,3.4520000000000004
HD 109833 b,HD 109833,2.888,8.689999999999998,1.9799999999999998,0.18,786.0,63.45889999999998,9.188526000000001,0.102,5881.0,0.07188,1.0,1.08,0.027
HD 109833 c,HD 109833,2.59,7.220000000000001,2.28,0.3,756.7,77.4842,13.900148000000002,0.102,5881.0,0.07188,1.0,1.08,0.027
HD 109988 b,HD 109988,12.1,6935.333669149994,21.499999999999993,0.056,478.58000000000004,33.91068225420604,17132.158539999986,12.518000000000002,5185.97,-0.30725,0.869694,0.8800000000000001,6.034
HD 110014 b,HD 110014,12.4,3524.5899999999997,10.2,0.462,583.6,31.256544484965783,835.477,2.1399999999999997,4445.0,2.30408,20.9,2.17,0.95
HD 110067 b,HD 110067,2.2,5.6899999999999995,2.9400000000000004,0.0551,800.0,74.78135909573706,9.113678,0.0793,5266.0,-0.36224,0.788,0.798,8.1
HD 110067 c,HD 110067,2.388,6.300000000000001,2.56,0.058899999999999994,699.0,58.01335287672428,13.673694000000001,0.1039,5266.0,-0.36224,0.788,0.798,8.1
HD 110067 d,HD 110067,2.852,8.520000000000001,2.0200000000000005,0.07010000000000001,602.0,23.802866783465824,20.519617,0.1362,5266.0,-0.36224,0.788,0.798,8.1
HD 110067 e,HD 110067,1.94,3.9000000000000004,2.56,0.1002,533.0,14.848338577770056,30.793090999999997,0.1785,5266.0,-0.36224,0.788,0.798,8.1
HD 110067 f,HD 110067,2.601,5.040000000000001,1.5700000000000003,0.058300000000000005,489.0,9.806301416620778,41.05854000000001,0.2163,5266.0,-0.36224,0.788,0.798,8.1
HD 110067 g,HD 110067,2.607,8.400000000000002,2.56,0.06399999999999999,440.0,6.251947347950124,54.76992,0.2621,5266.0,-0.36224,0.788,0.798,8.1
HD 110082 b,HD 110082,3.2,10.3,1.73,0.2,957.2,198.39480000000003,10.182709999999998,0.11299999999999999,6200.0,0.28103,1.19,1.21,0.25
HD 110113 b,HD 110113,2.05,4.55,2.8999999999999995,0.093,1371.0,735.4900000000002,2.541,0.035,5732.0,-0.03235,0.9679999999999999,0.9970000000000001,4.0
HD 110113 c,HD 110113,2.11384817,10.5,6.109999999999999,0.045,990.0,199.90000000000003,6.744000000000001,0.068,5732.0,-0.03235,0.9679999999999999,0.9970000000000001,4.0
HD 110537 b,HD 110537,11.9,8612.832001289993,28.1,0.401,630.211,21.021332420361162,24469.673419999985,16.714,5718.0,0.11726,1.16626,1.02,6.4575000000000005
HD 11112 b,HD 11112,12.6,2598.5650556300006,7.1400000000000015,0.285,594.3100000000001,26.79379018420539,17244.907640000005,13.379999999999999,5905.64,0.37657,1.47368,1.07,5.838
HD 111232 b,HD 111232,12.6,2531.5032617599995,6.950000000000001,0.214,327.12,2.458798074682728,1169.1320199999996,2.1480000000000006,5512.0,-0.161,0.9,0.9599999999999999,5.2
HD 111232 c,HD 111232,12.2,5740.934515639996,17.4,0.558,443.5,24.07721664882688,26472.446230000023,17.25,5512.0,-0.161,0.9,0.9599999999999999,5.2
HD 111591 b,HD 111591,12.9,1398.4520000000002,3.58,0.26,598.9100000000001,36.94235316602243,1056.3999999999996,2.5,4884.0,1.58058,8.03,1.9400000000000002,1.41
HD 111998 b,HD 111998,12.9,1525.5763536000004,3.91,0.13,674.2,46.77401587719249,810.0000000000002,1.9099999999999997,6557.0,0.51231,1.45,1.4,1.7
HD 112300 b,HD 112300,12.2,5031.223682809998,15.199999999999996,0.36,821.6899999999999,84.83299266360594,466.6299999999999,1.33,3657.0,2.70121,65.80000000000003,1.4,5.564100000000001
HD 112570 b,HD 112570,13.1,1086.9731519399995,2.66,0.2,338.09,3.7363818860550833,2615.000000000001,3.9000000000000004,4750.0,1.6466,9.849999999999998,1.15,5.45
HD 112640 b,HD 112640,12.9,1589.15,4.07,0.24,581.332,31.256544484965783,613.1999999999998,1.7000000000000002,4155.0,2.45255,39.0,1.8000000000000003,1.6
HD 113337 b,HD 113337,13.1,1035.8027784099997,2.5300000000000002,0.28,614.4,34.22214706059512,317.5863899999999,1.022,6774.0,0.63246,1.5,1.4100000000000001,0.15
HD 113337 c,HD 113337,12.1,6299.676855149995,19.5,0.164,1240.2,197.5786952188242,5429.934770000003,6.8050000000000015,6774.0,0.63246,1.5,1.4100000000000001,0.15
HD 11343 c,HIP 8541,13.9,255.53403923000002,0.523,0.169,592.711,31.208824830153937,228.53730999999996,0.9230000000000002,4672.0,1.31,6.839999999999998,2.009,10.97
HD 113538 b,HD 113538,13.2,114.41000000000003,0.273,0.14,311.46,2.2457450751991512,663.2000000000003,1.2400000000000002,4462.0,-1.04576,0.53,0.585,4.3
HD 113538 c,HD 113538,13.8,295.56999999999994,0.6180000000000001,0.2,223.016,0.3850582082807029,1817.9999999999995,2.44,4462.0,-1.04576,0.53,0.585,4.3
HD 113996 b,HD 113996,12.7,2002.3290000000006,5.370000000000001,0.28,581.332,31.256544484965783,610.2000000000002,1.6000000000000003,4181.0,2.46389,25.110000000000003,1.49,3.24
HD 114082 b,HD 114082,11.2089807,2542.6272559999998,9.919999999999998,0.395,534.9,18.2564905964343,109.74999999999999,0.5109,6651.0,0.5832,1.49,1.4700000000000002,0.015
HD 114386 b,HD 114386,13.7,362.3262,0.7740000000000001,0.23,421.996,14.129201473767036,937.7000100000004,1.73,4836.0,-0.54,0.76,0.6000000000000001,1.4
HD 114729 b,HD 114729,13.9,262.20975,0.537,0.079,566.911,24.777381740185717,1121.79,2.067,5844.0,0.42095,1.473,0.9360000000000002,10.116
HD 114783 b,HD 114783,13.7,349.5999999999999,0.7470000000000001,0.144,497.34,38.78906030743854,493.7000000000001,1.16,5135.0,-0.3725,0.8406219999999999,0.853,6.0
HD 114783 c,HD 114783,13.4,603.8739733000001,1.3799999999999997,0.05,137.99,0.09274403004263468,4352.000000000002,5.0,5135.0,-0.3725,0.8406219999999999,0.9,6.0
HD 11505 b,HD 11505,12.6,2510.52658689,6.900000000000002,0.144,604.511,23.772889272114064,32669.22247,20.247,5757.15,0.15075,1.19568,1.03,4.067400000000001
HD 11506 b,HD 11506,12.9,1551.0026261600005,3.9699999999999998,0.379,236.89400000000006,0.5339868502920062,1617.7,2.8849999999999993,6123.0,0.33685,1.2400000000000002,1.22,2.5
HD 11506 c,HD 11506,14.0,127.13136280000002,0.255,0.228,688.9110000000001,26.943375663907368,223.92000000000007,0.7710000000000001,6123.0,0.33685,1.2400000000000002,1.22,2.5
HD 11506 d,HD 11506,12.3,4068.203609600002,12.0,0.29,568.566,26.87369563865781,26500.000000000004,18.199999999999996,6123.0,0.33685,1.2400000000000002,1.22,2.5
HD 115404 A b,HD 115404 A,6.09,30.829355479999993,0.75,0.232,702.42,47.132103185372465,10.494880000000002,0.08799999999999998,5019.17,-0.5197,0.727007,0.83,5.284999999999999
HD 115404 A c,HD 115404 A,12.5,3279.6713318300026,9.23,0.211,417.8,16.221603807869926,15319.225170000012,11.364000000000003,5019.17,-0.5197,0.727007,0.83,5.307
HD 115954 b,HD 115954,12.6,2685.6500391499985,7.379999999999998,0.487,144.9,0.064,3699.999999999998,5.0,5957.0,0.4809,1.213,1.18,4.78
HD 116029 b,HD 116029,13.6,444.962,0.9719999999999999,0.0,764.83,52.934907185434916,670.0000000000001,1.65,4819.0,1.05308,4.889999999999999,0.83,2.7
HD 116029 c,HD 116029,13.7,403.64409999999987,0.863,0.038,1145.208,362.026906487788,907.0000000000005,0.102,4951.0,1.05308,4.6,1.33,2.7
HD 117207 b,HD 117207,13.4,669.3466251399999,1.53,0.157,223.10999999999999,0.3671188682385986,2621.749999999999,3.7870000000000004,5732.0,0.06566,1.074,1.053,4.192
HD 11755 b,HD 11755,12.8,1789.3828999999994,4.6899999999999995,0.19,814.905,80.9877921700247,433.70001000000013,1.09,4312.0,2.16933,20.58,0.7199999999999999,10.2
HD 117618 b,HD 117618,8.59,55.30241999999998,0.479,0.15,700.7,56.37191919976435,25.8,0.18,5990.0,0.21304,1.2,1.077,5.6
HD 118203 b,HD 118203,12.778238,680.15279098,1.79,0.3136,1361.0,593.4000000000001,6.134977900000001,0.0713,5742.0,0.6458,2.04,1.27,4.73
HD 118203 c,HD 118203,12.4,3747.1969185300018,10.8,0.26,146.0,0.5873874093466863,5102.999999999996,6.279999999999999,5742.0,0.6458,2.04,1.27,4.73
HD 11964 b,HD 11964,14.1,197.99999999999997,0.388,0.041,76.88,0.019319488593570702,1945.0,3.16,5303.0,0.45905,2.00971,0.91,7.45
HD 11964 c,HD 11964,5.38,25.000000000000004,0.8819999999999999,0.3,695.0,62.22189593385597,37.91,0.22899999999999998,5303.0,0.45905,2.00971,0.91,7.45
HD 11977 b,HD 11977,12.7,2079.999999999999,5.58,0.4,581.332,31.256544484965783,711.0,1.9299999999999997,4970.0,1.83858,10.09,1.9099999999999997,1.2
HD 120084 b,HD 120084,12.7,2034.1018048000003,5.46,0.483,583.6,31.256544484965783,2142.0000000000005,4.21,4879.0,1.73783,10.369999999999997,2.16,1.02
HD 121504 b,HD 121504,13.6,479.9232999999998,1.05,0.03,658.9,14.869391858519267,63.32999999999997,0.33,6027.0,0.19,1.07,1.62,1.2
HD 12235 b,HD 12235,3.23,10.488337430000001,1.7099999999999997,0.376,1429.54,978.2059677996156,4.363049999999999,0.054,5986.0,0.57468,1.8018500000000002,1.1,5.941999999999999
HD 12235 c,HD 12235,12.5,3135.6950634600016,8.819999999999999,0.174,459.2,23.968208466099995,36336.706790000026,22.209999999999997,5986.0,0.57468,1.8018500000000002,1.1,4.795700000000001
HD 122562 c,HD 122562,10.1,73.10053361000003,0.39,0.228,552.432,16.542070684607012,84.96275999999996,0.406,4956.0,0.407,2.16627,1.241,5.5341
HD 124330 b,HD 124330,14.0,238.37130525,0.477,0.34,629.2900000000001,31.767495396912608,270.6599999999999,0.86,5873.0,0.33766,1.30446,1.15,6.752999999999998
HD 12484 b,HD 12484,13.2,947.1333999999997,2.26,0.07,567.8,19.719734370017626,58.82999999999998,0.297,5920.0,0.02217,1.001848,1.01,4.717999999999999
HD 125271 b,HD 125271,12.4,3465.60094993,9.990000000000002,0.165,587.6310000000001,24.38001497229714,14901.992949999989,10.816999999999997,4703.93,-0.60376,0.7513639999999999,0.75,4.74
HD 125390 b,HD 125390,11.9,8646.203984030002,28.199999999999992,0.597,581.332,31.256544484965783,1757.3915100000004,3.496,4882.0,1.12354,6.470000000000001,1.82,4.179
HD 125595 b,HD 125595,2.8395539349999996,3531.0736017699974,2.56,0.0,556.624,23.425205112637897,9.673699999999998,0.08,4691.0,-0.61738,0.74,0.2899999999999999,3.53
HD 125612 b,HD 125612,13.2,945.2216824200001,2.26,0.446,274.66999999999996,1.6168535607812515,557.69994,1.3490000000000002,5900.0,0.06,1.07,1.05,1.77
HD 125612 c,HD 125612,4.07,15.573591939999998,1.27,0.149,1242.6,473.5000737911607,4.15466,0.051,5900.0,0.06,1.07,1.05,1.77
HD 125612 d,HD 125612,12.7,2281.372305450001,6.120000000000001,0.115,433.3,22.179666370979543,2822.7269800000004,3.982,5900.0,0.06,1.07,1.05,1.77
HD 12648 b,HD 12648,13.4,622.9468000000003,1.4199999999999997,0.04,411.71000000000004,6.252020983374754,133.60001000000005,0.54,4835.0,1.75277,11.020000000000001,0.67,4.5
HD 126525 b,HD 126525,10.3,75.32571000000002,0.37900000000000006,0.035,314.9,2.375253708559037,960.4099999999999,1.837,5638.0,-0.0403,0.9790000000000001,0.8969999999999999,9.67
HD 12661 b,HD 12661,13.3,772.3269,1.8000000000000003,0.38,627.4010000000001,18.227964788356743,262.70861999999994,0.8400000000000001,5645.0,0.1327,1.2,1.2,6.39
HD 12661 c,HD 12661,13.2,899.4543918099997,2.1500000000000004,0.031,174.82,0.15729972862015743,1707.9999999999995,2.8145,5748.0,0.063,1.11,1.02,6.39
HD 126614 b,HD 126614,12.7,107.74382997000004,0.28900000000000003,0.548,367.87,11.135081005212935,1257.25303,2.249,5568.0,0.08279,1.369794,0.9599999999999999,7.2
HD 127506 b,HD 127506,5.67,27.333242999999996,0.8240000000000001,0.24,450.23999999999995,8.144561273531599,65.78395000000003,0.287,4595.32,-0.66256,0.7357660000000001,0.73,4.707000000000001
HD 128311 b,HD 128311,13.5,562.24127,1.26,0.303,379.4,5.549847533374766,453.01899999999983,1.084,4965.0,-0.5116,0.76,0.8279999999999998,0.96
HD 128311 c,HD 128311,13.0,1204.2578700000001,3.01,0.159,318.99,2.3063558934611805,921.5380000000005,1.7400000000000002,4965.0,-0.5116,0.76,0.8279999999999998,0.96
HD 128356 b,HD 128356,13.9,282.86870000000005,0.579,0.57,726.2,14.246748817949099,298.2000000000001,0.87,4875.0,-0.4437,0.8500000000000001,0.65,10.0
HD 128717 b,HD 128717,12.1,6293.002458599995,19.5,0.85,555.366,17.38590105088663,3420.0000000000027,4.85,6210.0,0.322,1.248,1.212,1.4
HD 129445 b,HD 129445,13.3,797.7493015700003,1.8599999999999999,0.7,282.65999999999997,1.0509678133371243,1840.0000000000007,2.8999999999999995,5646.0,0.08968,1.175816,0.99,7.111
HD 130322 b,HD 130322,13.7,365.49,0.7809999999999999,0.029,720.0,41.825310070062216,10.708709999999998,0.0925,5387.0,-0.23544,0.8500000000000001,0.9200000000000002,0.35
HD 131496 b,HD 131496,13.4,572.094,1.31,0.181,455.1,10.684549956767967,895.9999999999999,2.01,4846.0,0.99123,4.44,1.34,2.7
HD 13167 b,HD 13167,13.1,1052.0172999999998,2.5699999999999994,0.563,378.31,5.709800946471405,2612.9999999999995,4.1,5671.0,0.96025,2.3900000000000006,1.35,5.679
HD 13189 b,HD 13189,12.4,3480.238500000001,10.000000000000002,0.27,581.332,31.256544484965783,471.6000100000002,1.25,4175.0,2.63638,38.41,2.24,2.7335000000000003
HD 132406 b,HD 132406,12.8,1887.9007375800006,4.949999999999999,0.25,255.275,0.6065741378335148,908.0,1.9799999999999998,5766.0,0.25996,1.34,0.9730000000000001,7.187
HD 132563 b,HD 132563,13.6,473.54699999999985,1.03,0.22,492.1,27.457577898878416,1543.9999999999995,2.62,6289.0,0.37408,1.29577,1.2309999999999999,2.31
HD 133131 A b,HD 133131 A,13.6,451.31860000000006,0.9859999999999999,0.33,613.301,20.50924616116242,649.0,1.44,5799.0,-0.01658,0.9550140000000001,0.9500000000000001,9.7
HD 133131 A c,HD 133131 A,14.3,133.48860000000002,0.251,0.49,509.0,91.66703552296293,3567.9999999999995,4.49,5799.0,-0.01658,0.9550140000000001,0.9500000000000001,9.7
HD 133131 B b,HD 133131 B,13.3,794.575,1.8599999999999999,0.61,609.5709999999999,20.63308784774713,5769.000000000003,6.15,5805.0,-0.0092,0.989538,0.9300000000000002,9.7
HD 134060 b,HD 134060,3.16,10.1,1.7600000000000002,0.45,1373.3,701.348123525478,3.2695999999999996,0.0444,5966.0,0.15836,1.164285,1.095,5.6
HD 134060 c,HD 134060,5.91,29.290000000000003,0.78,0.11,333.64,2.787051062309708,1291.5646000000004,2.3927999999999994,5966.0,0.15836,1.164285,1.095,5.6
HD 134606 b,HD 134606,2.97,9.09,1.9099999999999997,0.092,937.2,136.7402015713583,12.089,0.1046,5576.0,0.06483,1.158,1.046,7.3
HD 134606 c,HD 134606,3.37,11.309999999999999,1.62,0.055,520.6,15.100021218412023,58.88300000000002,0.3007,5576.0,0.06483,1.158,1.046,7.3
HD 134606 d,HD 134606,7.59,44.80000000000001,0.563,0.092,330.64,2.7418694228078184,966.5000000000002,1.941,5576.0,0.06483,1.158,1.046,7.3
HD 134606 e,HD 134606,1.33,2.34,5.47,0.2,1185.586,485.87262304761293,4.3203,0.0527,5576.0,0.06483,1.158,1.046,7.3
HD 134606 f,HD 134606,2.24,5.63,2.75,0.081,675.018,54.168606103334916,26.914999999999996,0.1784,5576.0,0.06483,1.158,1.046,7.3
HD 134987 b,HD 134987,13.5,511.7062999999999,1.14,0.23,460.91999999999996,12.870563439979405,258.17999,0.81,5736.0,0.25527,1.22,1.1,8.4
HD 134987 c,HD 134987,13.9,260.00000000000006,0.532,0.12,330.06,3.0225187781758054,5000.000000000003,5.800000000000001,5585.0,0.25527,1.25,1.1,8.4
HD 135344 A b,HD 135344 A,16.25302201,3178.2840699999997,4.07,0.5,1585.0,469.83899879733065,11.122139999999998,16.500000000000004,9540.0,1.22,1.5,2.3199999999999994,0.027369999999999995
HD 135625 b,HD 135625,13.3,731.0053360999998,1.7099999999999997,0.16,391.15,5.711414166876634,4055.0000000000023,5.4,6040.64,0.34446,1.35743,1.2800000000000002,4.4
HD 135694 b,HD 135694,2.857,6.1000000000000005,2.0499999999999994,0.0,750.83,71.79999999999998,15.923475568000004,0.124695,5712.0,0.03941,1.08,1.02,9.8
HD 135872 b,HD 135872,12.8,1744.5601260200003,4.57,0.164,194.18,0.2567521202682029,2422.325969999999,4.172,4992.0,0.937,3.9303799999999995,1.646,4.462
HD 136118 b,HD 136118,12.3,4164.187788509999,12.300000000000002,0.344,895.9399999999999,35.07878533541439,1187.5976499999997,2.327,6097.0,0.56868,1.6775400000000003,1.18,4.373900000000001
HD 136352 b,HD 136352,1.664,4.719999999999999,5.623888000000001,0.0,905.0,111.60000000000001,11.577970000000002,0.0964,5664.0,0.0162,1.058,0.87,12.3
HD 136352 c,HD 136352,2.916,11.240000000000002,2.497668,0.0,677.0,35.099999999999994,27.592209999999998,0.1721,5664.0,0.0162,1.058,0.87,12.3
HD 136352 d,HD 136352,2.562,8.819999999999999,2.878108,0.0,431.0,5.739999999999999,107.24499999999998,0.425,5664.0,0.0162,1.058,0.87,12.3
HD 136418 b,HD 136418,13.3,680.1562000000001,1.5900000000000003,0.25,602.17,36.12993923300898,464.29998999999987,1.29,4989.0,0.83251,3.7800000000000002,1.48,4.0
HD 136925 b,HD 136925,13.9,266.97586188000014,0.546,0.103,169.15,0.1669794812054196,4540.000000000001,5.13,5773.19,0.13441,1.193078,0.875104,8.8286
HD 13724 c,HD 13724,8.18,50.85254512000001,0.511,0.651,591.4010000000001,22.245494716269057,142.22894999999994,0.534,5835.31,0.05467,1.04198,1.004,6.545
HD 137388 b,HD 137388,9.32,63.56600000000002,0.43099999999999994,0.36,347.5,3.5060822995394023,330.0,0.89,5181.0,-0.33724,0.8800000000000001,0.6800000000000002,6.45
HD 137496 b,HD 137496,1.31,4.039999999999999,10.49,0.0,2130.0,3248.1510594687256,1.6211599999999997,0.02732,5799.0,0.36633,1.5900000000000003,1.04,8.3
HD 137496 c,HD 137496,12.6,2434.5655976200005,6.6899999999999995,0.477,370.0,9.968251169233639,479.89999999999986,1.2163,5799.0,0.36633,1.5900000000000003,1.04,8.3
HD 13808 b,HD 13808,3.35,11.2,1.6399999999999997,0.071,640.8,27.9133556519221,14.1815,0.10519,5035.0,-0.43455,0.7809999999999999,0.7710000000000001,7.2
HD 13808 c,HD 13808,3.13,9.96,1.7800000000000002,0.156,413.6,4.75445464855339,53.753,0.2554,5035.0,-0.43455,0.7809999999999999,0.7710000000000001,7.2
HD 13908 b,HD 13908,13.9,274.91000000000014,0.562,0.02,1298.636,340.6437981391447,19.382000000000005,0.15399999999999997,6255.0,0.602,1.6699999999999997,1.29,2.9
HD 13908 c,HD 13908,12.8,1630.4000000000003,4.27,0.12,423.2,9.931603082745378,930.9999999999998,2.0299999999999994,6255.0,0.602,1.6699999999999997,1.29,2.9
HD 13931 b,HD 13931,13.2,889.9195395999997,2.13,0.02,266.6,1.0267515901710684,4217.999999999998,5.15,5867.0,0.1959,1.25,1.3,8.4
HD 139357 b,HD 139357,12.1,6315.568275500003,19.6,0.099,547.1,21.738124247823116,1124.7913900000005,2.9489999999999994,4700.0,1.82295,11.47,2.6899999999999995,3.07
HD 1397 b,HD 1397,11.500434,131.89944999999997,0.477,0.251,1228.3,355.9999999999999,11.535329999999998,0.10969999999999999,5521.0,0.65992,2.3359999999999994,1.324,4.51
HD 14067 b,HD 14067,12.2,4862.7746271,14.699999999999998,0.65,1326.3899999999999,157.01546783086147,2744.0,5.15,4815.0,1.898,12.4,2.4,0.69
HD 140901 b,HD 140901,4.07,15.573591939999998,1.27,0.472,825.47,92.85024815621345,9.023780000000002,0.085,5610.0,-0.10237,0.9500000000000001,0.99,3.2
HD 140901 c,HD 140901,13.4,572.0911326000002,1.31,0.77,242.358,0.6089645372950021,14386.000000000011,11.799999999999999,5610.0,-0.10237,0.9500000000000001,1.06,3.2
HD 141004 b,HD 141004,3.77,13.634838660000002,1.4,0.16,953.8779999999999,134.6999645560043,15.508300000000002,0.1238,5885.38,0.346,1.389372,1.051904,6.32
HD 141399 b,HD 141399,14.3,143.34133,0.269,0.04,467.2,24.525281163514133,94.43999999999997,0.41500000000000004,5600.0,0.2014,1.3872360000000001,1.07,7.994299999999998
HD 141399 c,HD 141399,13.6,422.71390000000014,0.9230000000000002,0.048,400.0,8.293113303370205,201.98999999999995,0.689,5600.0,0.2014,1.3872360000000001,1.07,7.989
HD 141399 d,HD 141399,13.7,375.03940000000006,0.8009999999999999,0.074,350.02,3.3471988003272357,1069.7999999999997,2.09,5600.0,0.2014,1.3872360000000001,1.07,8.311
HD 141399 e,HD 141399,14.1,209.76780000000002,0.411,0.26,532.9,14.519947502076825,5000.000000000003,5.0,5600.0,0.2014,1.3872360000000001,1.07,8.4493
HD 141937 b,HD 141937,11.9,8714.854919939999,28.400000000000002,0.41,639.301,18.895369515628616,653.21997,1.5,5870.0,0.022,1.03,1.09,2.32
HD 142 A d,HD 142,10.9,82.63538582000002,0.351,0.13,569.241,27.432252020851806,108.45298999999997,0.474,6245.0,0.47418,1.4700000000000002,1.21,3.12
HD 142 b,HD 142,12.7,2256.5816897000004,6.049999999999999,0.158,471.3,38.396992112404206,351.4339399999999,1.0390000000000001,6245.0,0.47418,1.4700000000000002,1.21,3.12
HD 142 c,HD 142,12.4,3464.647464710003,9.990000000000002,0.277,472.1,32.47602013885162,10159.642790000004,9.811,6245.0,0.47418,1.4700000000000002,1.21,3.12
HD 142022 A b,HD 142022 A,12.9,1433.4061155699997,3.67,0.53,142.7,0.07826043503409336,1928.0,2.9299999999999997,5421.0,0.00432,1.04,0.9,7.0
HD 142245 b,HD 142245,13.1,975.7380999999997,2.3900000000000006,0.0,187.51,0.23329114270538032,1299.0,2.7799999999999994,4922.0,1.13033,4.63,3.5000000000000004,2.3
HD 142415 b,HD 142415,13.5,530.7761,1.19,0.5,802.5,24.048686339300033,386.29999000000004,1.06,5940.0,0.06,1.04,1.07,1.1
HD 143105 b,HD 143105,13.7,384.5742999999999,0.822,0.07,1800.5,1983.5514662753842,2.1974,0.0379,6380.0,0.55557,1.6473040000000003,1.5100000000000002,1.9060000000000001
HD 143361 b,HD 143361,12.9,1382.5535704499996,3.5399999999999996,0.197,422.9,7.768834053812919,1039.15,1.9880000000000002,5507.0,-0.09151,0.9159999999999999,0.9679999999999999,2.942
HD 143811 AB b,HD 143811 A,15.69257298,1938.7532827000002,2.76,0.19,1042.0,206.13989975423755,116999.99999999991,62.99999999999998,6791.0,0.64102,1.68398,1.32,0.018
HD 144899 b,HD 144899,4.77,20.34101805,1.03,0.821,658.8199999999999,38.65709718155897,40.43914,0.242,6126.0,0.53733,1.64802,1.16,3.5519999999999996
HD 145377 b,HD 145377,12.8,1913.3366,5.01,0.31,482.366,37.450792660544856,103.94999999999999,0.45000000000000007,6014.0,0.19312,1.05,1.2,1.3
HD 145457 b,HD 145457,13.2,888.0125691599999,2.1200000000000006,0.111,606.2,36.141030506135436,176.12999999999994,0.762,4757.0,1.65514,9.9,1.8999999999999997,2.605
HD 145675 c,14 Her,12.9,1597.0877451799993,4.09,0.393,245.88199999999998,0.6835430615140214,15732.458890000002,11.924,5338.0,-0.15273,0.9300000000000002,0.91,3.9
HD 145934 b,HD 145934,13.4,658.5404593000001,1.5,0.078,522.4399999999999,23.139127565621358,2751.5343300000013,4.889999999999999,4823.75,1.35455,6.930586999999999,2.058,1.56
HD 1461 b,HD 1461,2.42,6.440000000000001,2.5,0.172,1168.203,318.2885818796025,5.77152,0.0634,5765.0,0.0954,1.152288,1.02,7.12
HD 1461 c,HD 1461,2.23,5.59,2.7699999999999996,0.305,783.053,87.72377128659643,13.5052,0.11170000000000001,5765.0,0.0954,1.152288,1.02,7.12
HD 147018 b,HD 147018,13.4,674.0000000000002,1.54,0.4686,612.18,20.935484757821015,44.236000000000004,0.2388,5441.0,-0.14757,0.937948,0.927,6.36
HD 147018 c,HD 147018,12.7,2079.999999999999,5.58,0.133,485.8,41.41289773007309,1007.9999999999995,1.9220000000000002,5441.0,-0.14757,0.937948,0.927,6.36
HD 147379 b,HD 147379,4.94,21.6,0.9850000000000001,0.063,344.2,2.901648217179953,86.58000000000001,0.3193,4090.0,-1.09691,0.628304,0.58,7.529999999999999
HD 147513 b,HD 147513,13.7,385.00000000000006,0.823,0.26,573.17,25.99032940044158,528.4000000000001,1.32,5883.0,-0.01,0.9799999999999999,1.11,0.3
HD 14787 b,HD 14787,13.7,356.2874299999998,0.7609999999999999,0.155,596.87,27.413054873713044,676.6000000000004,1.7000000000000002,4946.0,1.11506,5.01,1.4300000000000002,2.52
HD 147873 b,HD 147873,12.8,1633.6461999999997,4.279999999999999,0.207,722.4,53.39056267036051,116.59600000000003,0.522,5972.0,0.77743,2.29,1.3799999999999997,4.0
HD 147873 c,HD 147873,13.3,731.009,1.7099999999999997,0.23,598.2,27.285760404449753,491.54000000000013,1.3599999999999999,5972.0,0.77743,2.29,1.3799999999999997,4.0
HD 148156 b,HD 148156,13.9,270.1440000000001,0.553,0.52,344.32,4.496623369519504,1026.9999999999995,2.45,6308.0,0.25042,1.21,1.22,1.643
HD 148164 b,HD 148164,13.7,390.93090000000007,0.835,0.587,611.4100000000001,23.590624907827568,328.5500000000002,0.9929999999999999,6032.0,0.33,1.34,1.21,2.41
HD 148164 c,HD 148164,12.8,1640.0028000000002,4.3,0.125,250.76500000000001,0.7600667652441983,5061.999999999998,6.15,6032.0,0.33,1.34,1.21,2.41
HD 149026 b,HD 149026,8.29466,120.77540000000002,0.75,0.0,1626.0,1095.9100000000005,2.87589,0.04364,6179.0,0.48,1.4100000000000001,1.4199999999999997,2.6
HD 149143 b,HD 149143,13.6,422.71390000000014,0.9230000000000002,0.0167,1442.6299999999999,683.4712181538463,4.07182,0.053,5856.0,0.35,1.44,1.2,4.28
HD 149806 b,HD 149806,12.3,4003.6844429799985,11.799999999999999,0.357,455.7,23.89467401049135,16521.52778000001,12.404,5352.05,-0.2446,0.89,0.9300000000000002,8.36
HD 150010 b,HD 150010,13.3,762.7881767999997,1.7800000000000002,0.2,594.4,27.95514625198847,562.0000000000001,1.4,4153.0,1.98227,16.2,1.3,4.9
HD 1502 b,HD 1502,13.2,874.0325000000004,2.09,0.031,606.2,36.141030506135436,428.50000000000017,1.262,4947.0,1.06446,4.67,1.46,2.4
HD 150706 b,HD 150706,13.3,772.3230290099999,1.8000000000000003,0.38,228.84,0.5547369684978899,5893.999999999997,6.7,5961.0,0.03175,0.9599999999999999,1.17,3.0
HD 151450 b,HD 151450,6.94,38.45723724999999,0.632,0.496,731.9,55.992385223909665,21.892879999999998,0.16,6091.98,0.23147,1.17184,1.14,2.207
HD 151450 c,HD 151450,12.8,1636.1806392399994,4.29,0.138,257.7,0.569943167370099,18144.762359999993,14.131000000000004,6091.98,0.23147,1.17184,1.14,2.6893999999999996
HD 152079 b,HD 152079,13.2,845.7456299999999,2.0200000000000005,0.532,242.792,0.7192878703795362,2918.92,4.187,5907.0,0.10721,1.128,1.1470000000000002,1.622
HD 152581 b,HD 152581,13.4,594.0242700000001,1.3599999999999999,0.04,357.12,3.9960941081722012,686.4999999999997,1.6599999999999997,5027.0,1.17319,5.140000000000001,1.3,12.0
HD 152843 b,HD 152843,3.05,9.82,1.8999999999999997,0.046,1003.11,265.40000000000003,11.620710000000003,0.1049,6310.0,0.44992,1.4300000000000002,1.15,3.97
HD 152843 c,HD 152843,5.94,9.670000000000002,0.253,0.074,253.08,133.09999999999994,19.502103999999996,0.1482,6310.0,0.44992,1.4300000000000002,1.15,3.97
HD 15337 b,HD 15337,1.77,6.519000000000001,6.458000000000001,0.058,1001.0,161.7314,4.7559804,0.05245,5131.0,-0.32606,0.855,0.829,9.6
HD 15337 c,HD 15337,2.526,6.792,2.303,0.096,656.1,29.178199999999997,17.180546000000003,0.1235,5131.0,-0.32606,0.855,0.829,9.6
HD 153557 b,HD 153557,4.77,20.34101805,1.03,0.065,840.4979999999999,100.95706683865721,7.299030000000001,0.068,4837.0,-0.56249,0.745171,0.79,4.613
HD 153557 c,HD 153557,4.36,17.48056238,1.16,0.511,649.095,30.38431762469882,15.27018,0.11100000000000002,4837.0,-0.56249,0.745171,0.79,4.6129999999999995
HD 153557 d,HD 153557,11.9,8725.661085779995,28.500000000000004,0.152,557.6,35.681973246176334,40654.64809000001,21.449000000000005,4837.0,-0.56249,0.745171,0.79,1.4434
HD 153950 b,HD 153950,13.2,937.5985000000003,2.24,0.34,580.966,34.020614658441005,499.3999899999999,1.2800000000000002,6124.0,0.34635,1.2800000000000002,1.25,4.3
HD 154088 b,HD 154088,2.46,6.599999999999998,2.44,0.344,709.47,48.40452015331192,18.560000000000002,0.134,5374.0,-0.13077,0.9500000000000001,0.91,8.0
HD 154345 b,HD 154345,13.7,378.21580433,0.808,0.04,82.94,0.01826948804576515,3341.5588399999983,4.21,5468.0,-0.21934,0.8500000000000001,0.71,9.527
HD 154391 b,HD 154391,12.5,2892.238503700001,8.14,0.2,582.832,31.256544484965783,5162.999999999996,7.460000000000001,4909.0,1.58115,8.56,2.07,1.1
HD 154672 b,HD 154672,12.8,1706.7471,4.47,0.61,460.5,41.03676286113978,163.93999999999994,0.6000000000000001,5743.0,0.25722,1.32,1.18,8.0
HD 154857 b,HD 154857,13.3,778.6835000000003,1.82,0.46,658.4,19.227414912233712,408.6000099999999,1.29,5589.0,0.66269,2.3,1.96,5.64
HD 154857 c,HD 154857,13.2,819.97,1.96,0.06,359.5,3.8134550883676783,3452.000000000002,5.359999999999999,5605.0,0.66269,1.7600000000000002,1.718,5.64
HD 155193 b,HD 155193,14.0,238.37130525,0.477,0.21,633.6,36.353256421468366,352.64999999999986,1.04,6239.0,0.6411,1.7643900000000001,1.221,3.3076999999999996
HD 155358 b,HD 155358,13.8,314.6516999999999,0.6580000000000001,0.17,579.711,30.009956099734627,194.29999999999995,0.63,5905.0,0.29949,1.3799999999999997,1.15,10.7
HD 155358 c,HD 155358,13.9,260.99999999999994,0.534,0.16,579.561,30.009956099734627,391.9000000000001,1.02,5900.0,0.29949,1.3799999999999997,0.9200000000000002,10.7
HD 155918 b,HD 155918,2.67,7.627881770000001,2.2,0.194,1665.864,1333.6444522712538,1.8756700000000002,0.03,5771.84,0.01635,1.01906,1.03,12.3
HD 155918 c,HD 155918,12.8,1878.0480569600006,4.92,0.071,330.65,2.8948457558558585,17202.19446000001,13.183,5771.84,0.01635,1.01906,1.03,12.3
HD 156098 b,HD 156098,4.12,15.891420349999997,1.25,0.109,1124.4,349.4801605651867,21.858489999999996,0.167,6419.19,1.06554,2.7571599999999994,1.29,2.214
HD 156098 c,HD 156098,12.8,1661.6069117999996,4.35,0.391,474.5,42.31579159782507,7841.583900000007,8.415000000000001,6419.19,1.06554,2.7571599999999994,1.29,1.8594999999999995
HD 156279 b,HD 156279,12.5,2997.757534819997,8.430000000000001,0.647,518.7,80.71268550774347,133.40355,0.502,5453.0,-0.14596,0.9500000000000001,0.94,4.1
HD 156279 c,HD 156279,12.5,3098.826968249999,8.719999999999999,0.261,442.7,24.383868970149415,4818.253580000001,5.486000000000001,5453.0,-0.14596,0.9500000000000001,0.94,4.1
HD 156411 b,HD 156411,14.0,235.17999999999995,0.471,0.22,567.24,22.35608713104658,842.2000000000003,1.88,5900.0,0.731,2.16,1.25,4.28
HD 156668 b,HD 156668,1.87,4.15,3.49,0.0,1017.4,314.0857012232857,4.6455,0.05,4850.0,0.23,0.7199999999999999,0.772,8.6
HD 156668 c,HD 156668,6.17,31.496795129999995,0.7370000000000001,0.089,166.59,0.17219118884003684,811.2999999999997,1.5700000000000003,4903.69,-0.54025,0.7745279999999999,0.785167,8.6
HD 156846 b,HD 156846,12.4,3391.2460999999994,9.77,0.85,534.7,17.251904107304256,359.51000999999985,1.12,6090.0,0.69723,1.8999999999999997,1.3799999999999997,2.4
HD 158038 b,HD 158038,13.5,486.27989999999994,1.09,0.29,450.5,9.764285306322503,521.0000000000002,1.5,4860.0,1.07555,4.5,1.3,2.5
HD 158259 b,HD 158259,1.28228,2.2199999999999998,6.120000000000001,0.0073999999999999995,1462.0,759.1829999999997,2.178,0.102,5801.89,0.21233,1.21,1.08,4.781999999999999
HD 158259 c,HD 158259,2.23,5.6,2.7699999999999996,0.0625,1240.852,496.7046775369545,3.432,0.102,5801.89,0.21233,1.21,1.08,4.911
HD 158259 d,HD 158259,2.18,5.41,2.8699999999999997,0.0093,1306.5,550.2921802254166,5.198081400000001,0.102,5801.89,0.21233,1.21,1.08,5.495
HD 158259 e,HD 158259,2.34,6.080000000000001,2.6100000000000003,0.0167,1045.299,220.78443970082145,7.951000000000001,0.102,5801.89,0.21233,1.21,1.08,6.223000000000001
HD 158259 f,HD 158259,2.35,6.14,2.6000000000000005,0.00394,900.5,174.3792173513734,12.028,0.102,5801.89,0.21233,1.21,1.08,5.504
HD 158996 b,HD 158996,12.3,4449.620000000003,13.1,0.13,584.8,31.256544484965783,820.2000000000002,2.1,4069.0,3.01481,50.300000000000004,1.8000000000000003,1.6
HD 15906 b,HD 15906,2.24,5.65,2.76,0.11,668.0,33.13999999999999,10.924709,0.09,4757.0,-0.56864,0.762,0.79,4.355
HD 15906 c,HD 15906,2.93,8.909999999999998,1.9499999999999997,0.04,532.0,13.370000000000001,21.583298,0.141,4757.0,-0.56864,0.762,0.79,4.736000000000001
HD 159243 b,HD 159243,13.7,359.1300000000001,0.7670000000000001,0.02,1019.1599999999999,145.67270697220593,12.619999999999997,0.11,6123.0,0.114,1.12,1.125,1.25
HD 159243 c,HD 159243,13.4,603.9,1.3799999999999997,0.075,381.65999999999997,3.3773812100438945,248.39999999999998,0.8,6123.0,0.114,1.12,1.125,1.25
HD 159868 b,HD 159868,13.3,704.9469400000003,1.65,0.024,212.06,0.3293828450427193,1184.1000000000001,2.3199999999999994,5534.0,0.55574,2.13,1.19,7.57
HD 159868 c,HD 159868,14.0,244.0934399999999,0.489,0.184,572.46,29.63466470342836,350.9999999999999,1.032,5534.0,0.55574,2.13,1.19,7.57
HD 1605 b,HD 1605,13.8,296.85321999999996,0.621,0.095,616.3,36.07742088566937,577.2000000000003,1.492,4915.0,0.81,3.49,1.33,4.36
HD 1605 c,HD 1605,13.0,1150.5446000000004,2.88,0.099,584.8,30.435073485156803,2148.9999999999995,3.5839999999999996,4915.0,0.81,3.49,1.33,4.36
HD 160691 b,HD 160691,2.8395539349999996,1366.6621501,2.56,0.0505,439.1,7.830712033123125,645.0,1.5,5773.0,0.27848,1.33,1.13,5.7
HD 160691 c,HD 160691,2.8395539349999996,1398.4449908000001,2.56,0.039,278.63,0.842156471683808,3947.000000000002,4.17,5773.0,0.27848,1.33,1.13,5.7
HD 160691 d,HD 160691,3.23,10.49,1.7099999999999997,0.0,900.0,194.13387817335004,9.639200000000002,0.0952,5773.0,0.27848,1.33,1.13,5.7
HD 160691 e,HD 160691,2.8395539349999996,2224.7988489999993,2.56,0.0666,552.8399999999999,19.362552274624772,307.90000000000003,0.9599999999999999,5773.0,0.27848,1.33,1.13,5.7
HD 161178 b,HD 161178,14.1,181.16219199000005,0.355,0.044,751.4,31.55713847296519,279.29999999999995,0.8500000000000001,4786.0,1.75097,10.950000000000001,1.06,5.241000000000001
HD 16141 b,HD 16141,10.9,82.6358,0.351,0.25,571.5,31.776574903711364,75.52299999999998,0.36,5757.0,0.36558,1.48,1.11,7.51
HD 16175 b,HD 16175,12.8,1875.1876013000003,4.91,0.6,861.5,58.208817337084795,990.0000000000002,2.1200000000000006,5981.0,0.50786,1.72,1.63,3.3
HD 162020 b,HD 162020,12.5,3127.447199999999,8.8,0.28,650.0,26.3387388137085,8.428199999999999,0.08,4723.0,-0.60206,0.75,0.41999999999999993,6.0
HD 163607 b,HD 163607,13.9,249.05158799999995,0.51,0.7441,522.2,38.84582676559481,75.22029999999998,0.362,5522.0,0.42,1.7600000000000002,1.12,8.6
HD 163607 c,HD 163607,13.3,699.5438300000003,1.63,0.08,363.21999999999997,3.8374089073707998,1272.0000000000005,2.3900000000000006,5522.0,0.42,1.7600000000000002,1.12,8.6
HD 16417 b,HD 16417,5.0,22.099999999999998,0.9719999999999999,0.2,872.3,158.43577421087107,17.240000000000002,0.14,5841.0,0.44317,1.6399840000000003,1.2,7.0
HD 164509 b,HD 164509,14.3,140.79868999999997,0.265,0.238,574.4,25.66241093764221,280.17,0.87,5859.0,0.12,1.11,1.12,2.32
HD 164595 b,HD 164595,4.16,16.139999999999997,1.23,0.088,518.0840000000001,12.658015476709632,40.00000000000001,0.23000000000000004,5790.0,0.01725,1.023606,0.99,7.12
HD 164604 b,HD 164604,12.3,4195.334972399996,12.4,0.479,457.666,24.319101154157696,653.8999999999999,1.362,4663.0,-0.58503,0.78,0.77,1.6
HD 164604 c,HD 164604,12.5,3019.3698664999984,8.489999999999998,0.196,408.9,15.251688530668513,5387.000000000004,5.555999999999999,4663.0,-0.58503,0.78,0.77,1.6
HD 164922 b,HD 164922,13.3,116.00000000000003,0.271,0.08,159.4,0.1578,1207.0000000000002,2.16,5390.0,-0.14874,0.946,0.926,9.58
HD 164922 c,HD 164922,3.66,13.000000000000004,1.46,0.12,400.5,6.290000000000001,75.74000000000002,0.341,5390.0,-0.14874,0.946,0.926,9.58
HD 164922 d,HD 164922,1.83,3.9999999999999996,3.59,0.12,895.427,121.26553607825981,12.457999999999998,0.103,5390.0,-0.14874,0.946,0.926,9.58
HD 164922 e,HD 164922,3.23,10.52012027,1.72,0.086,555.992,16.95821295035755,41.763000000000005,0.2292,5393.43,-0.15304,1.001813,0.9211459999999999,9.58
HD 165131 b,HD 165131,12.1,5943.391210900006,18.4,0.6708,629.9100000000001,25.51422233028542,2342.6000000000004,3.5399999999999996,5870.0,0.08329,1.06419,1.06,2.7
HD 165155 b,HD 165155,13.2,918.5287000000001,2.19,0.2,445.2,11.414435472708837,434.5,1.13,5426.0,-0.1549,0.9500000000000001,1.02,11.0
HD 1666 b,HD 1666,12.7,2040.0000000000002,5.47,0.63,671.5,15.212211933769385,270.00000000000006,0.94,6317.0,0.73,1.9299999999999997,1.5,1.76
HD 166724 b,HD 166724,13.0,1207.7479466000004,3.0200000000000005,0.734,237.07799999999997,0.4583568205688908,5143.999999999995,5.42,5127.0,-0.509,0.797485,0.81,4.0
HD 167042 b,HD 167042,13.6,444.00628457999994,0.97,0.01,740.33,42.13354305247492,417.66999999999996,1.22,4919.0,1.0569,4.63,1.3899999999999997,2.2
HD 167677 b,HD 167677,13.2,905.8109599500003,2.16,0.182,289.0,0.9383964357957499,1820.0000000000007,2.877,5474.0,-0.13215,0.95271,0.9599999999999999,11.5
HD 167768 b,HD 167768,13.9,270.15414594999993,0.553,0.149,1462.946,305.38199743150165,20.6532,0.1512,4851.0,1.66932,9.7,1.08,5.31
HD 168009 b,HD 168009,3.05,9.53485221,1.85,0.12,911.5,105.75954504546533,15.147899999999996,0.1192,5778.33,0.14982,1.209505,0.986073,9.68
HD 168443 b,HD 168443,12.6,2424.3950886000002,6.660000000000002,0.53,802.1,32.94347499512444,58.11186999999999,0.2919999999999999,5491.0,0.38246,1.711479,0.9799999999999999,11.08
HD 168443 c,HD 168443,12.2,5500.338411540002,16.600000000000005,0.21,394.7,11.782408090360256,1753.1096000000007,2.842,5491.0,0.38246,1.711479,0.9799999999999999,11.08
HD 168746 b,HD 168746,11.1,85.81410000000001,0.345,0.11,900.0,108.00230316604475,6.404000000000001,0.07,5570.0,0.04139,1.09,1.07,8.0
HD 168863 b,HD 168863,12.7,2154.8765994600008,5.78,0.187,271.5,0.7712008850177422,14773.93271999999,10.960999999999999,4905.0,-0.50098,0.7778260000000001,0.8,6.195000000000001
HD 1690 b,HD 1690,12.5,2793.725700000001,7.860000000000001,0.64,584.866,33.34659174273639,533.0000000000001,1.3599999999999999,4374.0,1.51983,21.659999999999997,1.8599999999999999,6.7
HD 16905 b,HD 16905,12.4,3591.460999100003,10.399999999999999,0.68,556.6,31.200713168721222,10256.0,8.8,4866.12,-0.51804,0.7749399999999999,0.8500000000000001,6.1
HD 169142 b,HD 169142,13.1,953.4852210000004,2.33,0.42366000000000004,1574.7,428.9430061458667,11.122139999999998,37.199999999999996,7246.0,0.76845,1.53702,1.85,0.006
HD 169830 b,HD 169830,13.2,804.4236981199997,1.92,0.294,345.0,4.416421460723241,225.67372000000003,0.765,6300.0,0.662,1.935709,1.17,2.2
HD 169830 c,HD 169830,12.6,2437.42605328,6.7,0.246,473.3,33.941144176611076,1818.8233899999996,3.075,6300.0,0.662,1.935709,1.17,2.2
HD 170469 b,HD 170469,14.1,209.76780000000002,0.411,0.11,336.56,3.1219254449241283,1145.0000000000005,2.24,5842.0,0.204,1.2400000000000002,1.1,6.7
HD 17092 b,HD 17092,12.5,3219.6179000000025,9.060000000000002,0.17,582.832,31.256544484965783,359.89999,1.31,4326.0,1.75563,13.580000000000004,6.7299999999999995,2.6
HD 171028 b,HD 171028,13.2,832.7146000000004,1.99,0.59,632.8900000000001,26.662124704012157,550.0000000000002,1.32,5671.0,0.73291,2.4700000000000006,1.53,8.59
HD 171238 b,HD 171238,12.5,2796.8899816,7.870000000000002,0.358,456.8,27.41890737939359,1515.0000000000002,2.518,5467.0,-0.20273,1.01,0.9200000000000002,7.0
HD 17156 b,HD 17156,12.26262489,1036.1206068200004,3.08,0.6772,888.0,68.79999999999998,21.2164294,0.1632,6046.0,0.44091,1.517,1.285,3.3
HD 173416 b,HD 173416,13.4,585.1220972899998,1.34,0.208,596.0699999999999,28.108510461646016,322.03000000000003,1.158,4683.0,1.892,13.5,1.9999999999999996,1.73
HD 174205 b,HD 174205,13.0,1334.8793094,3.3400000000000003,0.4,583.6,31.256544484965783,581.9999999999999,1.7000000000000002,4308.0,2.3784,26.60000000000001,1.8000000000000003,1.7
HD 175167 b,HD 175167,12.3,4703.8604236,13.899999999999997,0.51,563.6,19.271842955129333,1175.0,2.4,5635.0,0.45593,1.75,1.09,8.28
HD 175541 b,HD 175541,14.1,190.06234,0.373,0.11,564.2,28.939229255149627,298.43,0.9749999999999999,5013.0,0.934,4.1899999999999995,1.3899999999999997,1.9
HD 175607 b,HD 175607,2.8395539349999996,2456.177929300001,2.56,0.11,543.597,17.17456335303344,29.009999999999998,0.102,5392.0,-0.27097,0.7,0.71,10.32
HD 17674 b,HD 17674,13.9,276.5120999999999,0.5659999999999998,0.13,316.66999999999996,2.234270890834318,623.8000000000002,1.4199999999999997,5904.0,0.20472,1.18,0.9799999999999999,8.4
HD 176986 b,HD 176986,2.8395539349999996,1487.7547731699995,2.56,0.066,767.0,81.69999999999996,6.491640000000001,0.062956,4931.0,-0.48017,0.782,0.7889999999999999,4.3
HD 176986 c,HD 176986,2.8395539349999996,2097.985314609999,2.56,0.111,558.0,22.900000000000006,16.8124,0.11873,4931.0,-0.48017,0.782,0.7889999999999999,4.3
HD 176986 d,HD 176986,2.49,6.759999999999999,2.4100000000000006,0.062,363.0,4.09,61.37600000000001,0.28149,4931.0,-0.48017,0.782,0.7889999999999999,4.3
HD 177565 b,HD 177565,4.0,15.099999999999998,1.3,0.0593,525.8,12.783279623275071,44.504999999999995,0.246,5627.0,-0.05395,0.9714889999999999,1.0,6.88
HD 177830 b,HD 177830,13.5,537.1326999999999,1.2,0.1,643.2,27.51669875711388,410.1000099999999,1.14,4901.0,0.68502,3.26,1.7000000000000002,4.4
HD 177830 c,HD 177830,7.87,47.6725,0.537,0.3,590.6020000000001,29.58791777493315,110.89999999999995,0.5137,4949.0,0.68502,2.62,1.4700000000000002,4.4
HD 178911 B b,HD 178911 B,12.6,2552.1748999999995,7.01,0.11,535.3,15.184293549132112,71.48399999999998,0.33999999999999997,5588.0,-0.04317,1.08,1.2400000000000002,4.659
HD 179079 b,HD 179079,2.8395539349999996,4195.334972399996,2.56,0.049,985.6,155.15046046303448,14.478999999999997,0.1214,5646.0,0.38,1.63,1.14,6.99
HD 179949 b,HD 179949,13.9,291.12,0.5960000000000001,0.022,1519.3,849.6952470514477,3.0925139999999995,0.0443,6168.0,0.30146,1.2668649999999997,1.21,2.56
HD 180053 b,HD 180053,13.3,697.3190200000001,1.63,0.081,594.01,23.636198708510477,213.72000000000006,0.8430000000000001,5131.0,1.09897,4.06,1.75,4.055000000000001
HD 18015 b,HD 18015,13.1,1048.8337431,2.56,0.148,346.07,3.7556526619341546,2278.0,3.8700000000000006,5603.0,0.9738,3.13,1.49,4.51
HD 180314 b,HD 180314,12.0,7216.929637750005,22.900000000000006,0.247,581.332,31.256544484965783,394.7300000000001,1.448,4917.0,1.64345,9.2,2.6000000000000005,1.295
HD 180617 b,HD 180617,3.53,12.214000000000002,1.53,0.101,341.7,2.995556594748135,105.91100000000004,0.34299999999999997,3534.0,-1.49,0.481,0.484,2.339
HD 180902 b,HD 180902,13.5,535.54355,1.2,0.107,597.47,29.422129841103715,510.9000000000001,1.4,4961.0,0.97313,4.16,1.4100000000000001,2.8
HD 181234 b,HD 181234,12.5,2980.9126292499977,8.39,0.726,586.3,25.65148622651839,7593.405119999996,7.427,5386.0,-0.09853,1.059423,0.94,6.32
HD 181342 b,HD 181342,13.2,807.2882000000002,1.9299999999999997,0.022,360.84,4.052367706769511,564.1000000000001,1.592,4945.0,1.17,4.709999999999999,1.69,2.0
HD 18143 b,HD 18143,3.28,10.80616584,1.68,0.224,654.061,35.13702950277238,10.2851,0.08799999999999998,5078.0,-0.31953,0.87,0.8500000000000001,9.4
HD 18143 c,HD 18143,12.5,3177.6484131899997,8.939999999999998,0.194,426.1,21.69896745187522,28982.417639999978,17.530000000000005,5078.0,-0.31953,0.87,0.8500000000000001,9.4
HD 181433 b,HD 181433,2.8395539349999996,1708.6455160300006,2.56,0.4,776.816,52.177483930439706,9.374300000000002,0.08,4918.0,-0.45618,0.79,0.63,6.7
HD 181433 c,HD 181433,2.8395539349999996,2207.000458210001,2.56,0.28,458.5,26.907674667628488,962.0000000000002,1.7600000000000002,4962.0,-0.511,0.79,0.78,6.7
HD 181433 d,HD 181433,13.2,858.1366989,2.0499999999999994,0.48,134.94,0.07826043503409336,2171.9999999999995,3.0,4962.0,-0.511,0.79,0.78,6.7
HD 181720 b,HD 181720,14.0,127.13200000000003,0.255,0.26,566.5,22.292873123364803,956.0000000000001,1.85,5736.0,0.288,1.5,1.03,8.6077
HD 183263 b,HD 183263,13.1,1103.1824006999998,2.7000000000000006,0.383,398.3,5.6314112626603645,624.8740399999998,1.46,5948.0,0.25025,1.23,1.06,8.13
HD 183263 c,HD 183263,12.5,2958.9824691700005,8.320000000000002,0.051,544.6,19.131093100378934,4667.978409999998,5.584999999999999,5948.0,0.25025,1.23,1.06,8.13
HD 183579 b,HD 183579,3.49,20.4,2.65,0.061,752.0,58.10000000000001,17.471290999999997,0.1322,5784.0,-0.03386,0.9599999999999999,0.996,3.1
HD 184010 b,HD 184010,12.1,98.52680616999999,0.30599999999999994,0.0,511.3,23.541023095091177,286.6000000000001,0.94,4971.0,1.11694,4.86,1.35,2.76
HD 184010 c,HD 184010,11.8,95.34852209999997,0.31900000000000006,0.0,511.3,23.541023095091177,484.29999999999995,1.334,4971.0,1.11694,4.86,1.35,2.76
HD 184010 d,HD 184010,14.3,143.02278314999998,0.269,0.0,347.0,4.352173203497986,836.3999999999996,1.92,4971.0,1.11694,4.86,1.35,2.76
HD 18438 b,HD 18438,12.1,6674.396547,20.7,0.1,589.21,31.256544484965783,803.0000000000001,2.1,3860.0,2.96802,88.47499999999997,1.8399999999999999,5.5
HD 185269 b,HD 185269,13.8,321.0083,0.671,0.229,1465.7,758.4049081384316,6.83776,0.077,5923.0,0.69362,1.9999999999999996,1.3,4.0
HD 185283 b,HD 185283,13.6,413.17692909999994,0.903,0.07,90.28,0.02037057186177919,4060.0000000000023,4.6,4848.0,-0.56072,0.7433030000000002,0.8,6.0
HD 18599 b,HD 18599,2.6,24.10000000000001,7.5,0.34,863.0,145.0,4.1374354,0.048,5145.0,-0.42946,0.7670000000000001,0.863,0.4
HD 187085 b,HD 187085,13.9,265.7058800000001,0.544,0.251,214.95999999999998,0.36908904127809555,1019.7400000000004,2.1,6117.0,2.13,1.27,1.189,2.747
HD 187123 b,HD 187123,14.2,166.21800000000002,0.31900000000000006,0.0103,1314.52,366.28288304204705,3.0965828,0.0426,5790.0,0.12713,1.15043,1.04,7.4
HD 187123 c,HD 187123,13.2,912.1675280900004,2.18,0.252,328.15999999999997,3.085314011769747,3809.999999999998,4.889999999999999,5790.0,0.12713,1.15043,1.04,7.4
HD 18742 b,HD 18742,13.1,1080.6220000000003,2.6400000000000006,0.04,637.7,54.582868428804176,765.9999999999999,1.82,4940.0,1.14301,5.13,1.3599999999999999,2.3
HD 188015 b,HD 188015,13.6,476.72,1.04,0.137,522.0,36.397446229278955,461.2,1.203,5746.0,0.05892,1.125296,1.09,6.61
HD 188641 b,HD 188641,11.9,9333.031171550001,30.4,0.034,1189.29,266.9576580617612,14583.810379999999,12.027000000000001,5897.32,0.61512,1.9449199999999998,1.07,6.353
HD 189567 b,HD 189567,2.85,8.500000000000002,2.0200000000000005,0.189,845.3,132.3697686744426,14.288000000000004,0.11100000000000002,5726.0,0.32428,1.04,0.83,11.0
HD 189567 c,HD 189567,2.54,6.999999999999998,2.35,0.16,666.768,57.99627827812608,33.688,0.197,5726.0,0.32428,1.04,0.83,11.0
HD 189733 b,HD 189733,12.66617,359.14789999999994,0.9430000000000001,0.0,1209.0,355.9999999999999,2.21857567,0.03126,5052.0,-0.46119,0.75,0.79,1.4
HD 190007 b,HD 190007,4.06,15.499999999999998,1.27,0.136,641.1659999999999,28.770946139661117,11.724128,0.092,4610.0,-0.68,0.79,0.77,1.0
HD 190228 b,HD 190228,12.9,1598.6768872099997,4.09,0.559,453.1,30.055616200093965,1143.59858,2.4059999999999997,5360.0,0.697,2.58658,1.415,5.3069999999999995
HD 190360 b,HD 190360,13.4,572.0911326000002,1.31,0.34,150.0,0.10155197811493484,2854.000000000001,3.9000000000000004,5552.0,0.06647,1.14,1.0,8.5
HD 190360 c,HD 190360,4.59,19.069,1.08,0.237,758.1800000000001,70.16464214345942,17.111000000000004,0.1304,5549.0,0.06647,1.16804,0.9799999999999999,8.5
HD 190647 b,HD 190647,13.4,630.8925500000003,1.44,0.224,426.52,7.801102919055051,1176.4499999999996,2.231,5656.0,0.29667,1.376,1.069,7.957
HD 190984 b,HD 190984,13.0,1137.82569706,2.85,0.57,564.3,24.270561837878383,4885.0,5.5,5988.0,0.43,1.53,0.91,9.468100000000002
HD 191806 b,HD 191806,12.5,2966.610350940001,8.35,0.213,586.51,35.80279938380004,1603.38923,2.749,6010.0,0.3483,1.4022300000000003,1.07,2.9
HD 191939 b,HD 191939,3.41,10.000000000000002,1.4,0.031,880.0,100.00000000000003,8.8803256,0.0804,5348.0,-0.18709,0.94,0.81,8.7
HD 191939 c,HD 191939,3.195,8.000000000000002,1.35,0.034,600.0,21.000000000000004,28.579743000000004,0.1752,5348.0,-0.18709,0.94,0.81,8.7
HD 191939 d,HD 191939,2.995,2.8,0.57,0.031,540.0,14.3,38.35303699999999,0.2132,5348.0,-0.18709,0.94,0.81,8.7
HD 191939 e,HD 191939,13.0,112.2,0.281,0.031,390.0,3.9000000000000004,101.12000000000003,0.407,5348.0,-0.18709,0.94,0.81,8.7
HD 191939 f,HD 191939,13.2,915.3458121600002,2.19,0.0,125.0,0.09627606871990813,2897.999999999999,3.71,5348.0,-0.18709,0.94,0.81,8.7
HD 191939 g,HD 191939,3.74,13.5,1.4199999999999997,0.03,278.0,0.99,284.00000000000006,0.812,5348.0,-0.18709,0.94,0.81,8.7
HD 192263 b,HD 192263,14.2,177.98479999999998,0.342,0.05,486.0,21.597075741906604,24.355599999999995,0.15,4976.0,-0.47,0.74,0.6599999999999999,2.09
HD 192310 b,HD 192310,4.27,16.899999999999995,1.19,0.13,355.0,3.664880965128778,74.71999999999997,0.32,5166.0,-0.41454,0.8579219999999999,0.8,7.81
HD 192310 c,HD 192310,5.25,23.999999999999996,0.9109999999999999,0.32,185.0,0.21571932950716544,525.7999999999997,1.18,5166.0,-0.41454,0.8579219999999999,0.8,7.81
HD 192699 b,HD 192699,13.4,666.1716799999999,1.5200000000000002,0.082,365.55999999999995,4.395857414409397,340.93999999999994,1.063,5041.0,1.009,4.41,1.3799999999999997,1.8
HD 194490 b,HD 194490,12.4,3561.90295725,10.3,0.251,593.3709999999999,27.861919565160747,13092.183480000007,11.116,5861.32,0.1474,1.14911,1.06,5.222
HD 195019 b,HD 195019,13.0,1264.9633999999996,3.16,0.01,917.2299999999999,97.62149931309227,18.20132,0.14,5751.0,0.3331,1.48,1.21,3.2
HD 196050 b,HD 196050,12.9,1493.7935128999995,3.8199999999999994,0.2,627.701,32.2501935699492,1392.0,2.65,5879.0,0.26,1.4199999999999997,1.27,4.3
HD 196067 b,HD 196067,12.4,3623.243839799999,10.399999999999999,0.56292,927.009,30.1570431422336,3413.7000000000016,4.709999999999999,6072.0,0.549,1.7099999999999997,1.16,4.2
HD 196067 c,HD 196067,3.21,10.399999999999999,1.73,0.235,1544.1399999999999,1059.8197986956632,4.601088000000001,0.102,6072.0,0.549,1.7099999999999997,1.16,4.2
HD 19615 b,HD 19615,12.6,2701.5414594999993,7.419999999999998,0.2,588.7,33.48264753138287,401.99999999999983,1.1,4263.0,2.51455,32.3,1.1,6.7
HD 196885 A b,HD 196885 A,13.2,819.97,1.96,0.48,355.24,3.975809610426893,1332.9999999999995,2.37,6254.0,0.38,1.31,1.2800000000000002,3.12
HD 197037 b,HD 197037,13.9,251.00000000000003,0.514,0.22,575.912,29.275498739814108,1035.7000000000003,2.07,6150.0,0.23857,1.105,1.11,1.9
HD 199509 b,HD 199509,7.43,43.22466335,0.579,0.373,488.9,15.34334965047959,99.62167000000002,0.426,5796.02,-0.08419,0.9200000000000002,1.04,1.6
HD 19994 b,HD 19994,13.6,435.4100000000001,0.9509999999999998,0.063,602.3,26.99693550914961,466.20000000000005,1.305,6188.0,0.58,1.79647,1.365,2.4
HD 20003 b,HD 20003,3.43,11.660000000000002,1.5900000000000003,0.36,762.17,76.70814464196896,11.8482,0.09740000000000001,5494.0,-0.14267,0.921637,0.8749999999999999,7.852999999999999
HD 20003 c,HD 20003,3.89,14.439999999999998,1.35,0.1,532.384,13.798608568048838,33.9239,0.1964,5494.0,-0.14267,0.921637,0.8749999999999999,7.3549999999999995
HD 200964 b,HD 200964,13.5,508.21016999999995,1.14,0.087,525.6,23.026043217914726,606.3000000000002,1.565,4982.0,1.064,4.92,1.3899999999999997,3.0
HD 200964 c,HD 200964,13.7,385.84561999999994,0.825,0.243,544.2,19.117719188733616,852.5000000000001,1.96,4982.0,1.064,4.92,1.3899999999999997,3.0
HD 202206 c,HD 202206,12.2,5689.156999999997,17.2,0.22,589.9010000000001,26.10634791715885,1259.9999999999995,2.4100000000000006,5766.0,0.03486,1.04,1.07,2.9
HD 202696 b,HD 202696,2.8395539349999996,634.3886799999999,2.56,0.011,500.0,20.668316001435,517.8000000000001,1.566,5040.0,1.36922,6.43,1.9099999999999997,1.32
HD 202696 c,HD 202696,2.8395539349999996,592.4351199999999,2.56,0.028,575.202,30.73212668853536,946.6,2.342,5040.0,1.36922,6.43,1.9099999999999997,1.32
HD 202772 A b,HD 202772 A,17.317905,323.2331100000001,0.34299999999999997,0.038,2132.0,3439.999999999999,3.3089579999999996,0.05208,6272.0,0.97128,2.591,1.72,1.7
HD 203030 b,HD 203030,14.4595851,3496.1124770000006,6.349999999999999,0.49033999999999994,1040.0,145.69804197865628,11.122139999999998,487.1000000000001,5603.0,-0.2272,0.856458,0.94,0.1
HD 20329 b,HD 20329,1.72,7.419999999999998,8.059999999999999,0.0,2141.0,3474.0,0.926118,0.018,5596.0,0.04922,1.13,0.9,11.0
HD 203387 b,HD 203387,13.1,1106.0428563599999,2.7000000000000006,0.732,556.4,21.998663309322843,512.5352,1.7709999999999997,5174.32,1.86,10.585199999999997,2.817,3.614
HD 203387 c,HD 203387,12.6,2378.9456264,6.529999999999999,0.202,331.16999999999996,5.487290237581266,2481.0722699999997,5.067000000000001,5174.32,1.86,10.585199999999997,2.817,3.001
HD 2039 b,HD 2039,12.7,1999.1507000000001,5.359999999999999,0.71,196.04,0.16670323296992562,1120.0,2.2,5945.0,0.1939,1.19,1.23,6.0
HD 204313 b,HD 204313,12.9,1466.7780982999996,3.7500000000000004,0.1,330.8,3.432286837521342,2041.1153900000006,3.185,5767.0,0.09981,1.1,1.03,3.38
HD 204313 c,HD 204313,4.31,17.16273398,1.18,0.059,550.04,18.567507187133227,34.95875,0.21100000000000002,5767.0,0.09981,1.1,1.03,3.38
HD 204313 e,HD 204313,12.2,4868.177710019998,14.699999999999998,0.253,607.111,23.208258628815287,7325.646659999994,7.457000000000001,5767.0,0.09981,1.1,1.03,3.38
HD 204941 b,HD 204941,10.1,73.10089999999998,0.39,0.37,81.72,0.015535442133005933,1732.9999999999995,2.55,5026.0,-0.50864,0.78,0.58,6.67
HD 205158 b,HD 205158,13.9,124.58873554000002,0.255,0.145,814.109,75.10689574124754,25.337979999999995,0.177,6133.55,0.65266,1.8774100000000005,1.16,4.2447
HD 205739 b,HD 205739,13.6,435.4100000000001,0.9509999999999998,0.27,597.9,26.626648044622193,279.7999999999999,0.8960000000000001,6176.0,0.36,1.33,1.22,2.84
HD 206255 b,HD 206255,6.47,34.199999999999996,0.694,0.23,591.4,26.780422194985995,96.04499999999999,0.4610000000000001,5635.0,0.65156,2.221489,1.4199999999999997,3.27121
HD 206610 b,HD 206610,13.4,647.1018800000002,1.48,0.1,597.47,29.422129841103715,673.2,1.7400000000000002,4842.0,1.27646,6.120000000000001,1.5499999999999998,3.0
HD 206893 b,HD 206893,14.01122587,8899.195395999997,17.799999999999997,0.14,1429.2,207.41382900507216,9349.999999999996,9.6,6500.0,0.4561,1.31116,1.32,0.155
HD 206893 c,HD 206893,16.36511182,4036.4207688999986,5.06,0.41,1181.9,142.02210988704906,2089.999999999999,3.5300000000000002,6500.0,0.4561,1.31116,1.32,0.155
HD 207496 b,HD 207496,2.25,6.1000000000000005,3.1700000000000004,0.231,743.0,72.90000000000002,6.441008,0.0629,4819.0,-0.50858,0.769,0.8,0.52
HD 20781 b,HD 20781,1.21,1.9299999999999997,5.989999999999999,0.1,966.125,169.1473589866432,5.3134999999999994,0.0529,5256.0,-0.3098,0.833609,0.7,9.9675
HD 20781 c,HD 20781,2.17,5.33,2.8699999999999997,0.09,653.9,32.33528103327496,13.890500000000001,0.1004,5256.0,-0.3098,0.833609,0.7,9.232
HD 20781 d,HD 20781,3.25,10.61,1.7000000000000002,0.11,547.9970000000001,17.30614713494782,29.158000000000005,0.1647,5256.0,-0.3098,0.833609,0.7,8.078
HD 20781 e,HD 20781,3.83,14.030000000000001,1.37,0.06,389.3,3.9656715728018557,85.50729999999997,0.3374,5256.0,-0.3098,0.833609,0.7,7.638
HD 20782 b,HD 20782,13.6,472.82999999999987,1.03,0.95,664.8,15.072282853690815,597.0642999999999,1.3649,5782.13,0.10674,1.12681,1.04,5.53
HD 207832 b,HD 207832,14.2,177.98479999999998,0.342,0.197,556.7,30.44098538729225,160.06999999999996,0.586,5726.0,-0.11,0.89,1.05,1.36
HD 207832 c,HD 207832,14.0,232.01590000000007,0.465,0.27,295.8,2.269838003911942,1155.7000000000003,2.112,5710.0,-0.112,0.9010000000000001,0.94,1.36
HD 207897 b,HD 207897,2.34302132,14.799999999999997,6.290000000000001,0.0,581.75,26.500000000000004,16.20166,0.117,5106.0,-0.42136,0.7827000000000001,0.8207999999999999,4.7
HD 20794 b,HD 20794,1.45,2.7000000000000006,4.869999999999999,0.064,660.0,36.6621557497501,18.314,0.1257,5368.0,-0.16311,0.9300000000000002,0.79,5.76
HD 20794 d,HD 20794,2.04,4.8,3.1100000000000003,0.077,388.0,4.241730958622151,89.67999999999998,0.3625,5368.0,-0.16311,0.9300000000000002,0.79,5.76
HD 20794 e,HD 20794,2.03,4.769999999999999,3.13,0.29,336.0,2.5374398040848467,147.01999999999998,0.509,5401.0,-0.16311,0.9300000000000002,0.813,5.76
HD 20794 f,HD 20794,2.28,5.82,2.7000000000000006,0.45,278.71999999999997,0.8943332996428789,647.6,1.3541000000000003,5368.0,-0.16311,0.9300000000000002,0.79,5.76
HD 208487 b,HD 208487,14.3,146.20106722000003,0.275,0.37,619.211,32.23089127153131,129.36000000000004,0.53,6134.0,0.233,1.16,1.15,1.95
HD 208527 b,HD 208527,12.5,3146.400000000001,8.850000000000001,0.08,493.8,22.669203511260804,875.4999999999999,2.1,4035.0,2.86322,51.10000000000001,1.6000000000000003,2.0
HD 20868 b,HD 20868,13.7,397.2875000000002,0.8489999999999999,0.75,502.0,94.73597107357898,380.8500100000001,0.9500000000000001,4802.0,-0.529,0.76,0.39,4.5
HD 208897 b,HD 208897,13.7,379.4871179600001,0.8110000000000002,0.02,604.3,29.86350947154319,358.2700000000001,1.063,4860.0,1.09,4.98,1.25,3.8253
HD 209458 b,HD 209458,15.58051,232.01590000000007,0.362,0.0,1459.0,587.0979999999997,3.52474859,0.04707,6091.0,0.23086,1.19,1.23,3.1
HD 210193 b,HD 210193,14.3,153.10000000000005,0.288,0.24,320.76000000000005,2.1949221062006403,649.9179999999999,1.487,5790.0,0.05578,1.05971,1.04,5.3585
HD 210277 b,HD 210277,13.6,410.0007000000001,0.8960000000000001,0.48,503.7,73.48725935645682,442.19000000000005,1.13,5538.0,-0.032,1.07,1.01,12.0
HD 210702 b,HD 210702,13.6,481.51003660000015,1.05,0.071,375.84,3.8779824013818405,355.5,1.079,4912.0,1.03543,4.540000000000001,1.33,2.1
HD 211403 b,HD 211403,12.8,1760.7693747800006,4.61,0.084,380.0,3.44,223.79999999999993,0.768,6273.0,0.36406,1.206,1.2,2.5134999999999996
HD 211810 b,HD 211810,14.0,212.94609999999992,0.426,0.68,634.71,20.21657752880066,1558.0,2.656,5652.0,0.07,1.13,1.03,6.509500000000001
HD 211970 b,HD 211970,3.66,13.000000000000004,1.46,0.15,440.254,6.828577250661272,25.201000000000004,0.143,4127.0,-1.06479,0.5741749999999999,0.61,3.9
HD 212301 b,HD 212301,14.2,162.09330000000006,0.311,0.0,1615.7,1122.3803321214482,2.24571,0.03,6239.0,0.24304,1.16,1.5499999999999998,1.0
HD 212771 b,HD 212771,13.3,759.6137000000001,1.77,0.076,572.0,28.983864176079713,380.7,1.19,5003.0,1.18752,5.269999999999999,1.56,6.0
HD 213240 b,HD 213240,12.8,1655.8860004700002,4.34,0.42,505.3,45.405375452814226,882.7000100000005,1.89,5979.0,0.42935,1.5100000000000002,1.5700000000000003,4.6
HD 213472 b,HD 213472,13.1,1112.3994244999994,2.72,0.53,625.841,24.862791079531853,16999.99999999999,13.000000000000004,5729.54,0.28533,1.433902,1.0481320000000003,8.030999999999999
HD 213519 b,HD 213519,2.99,9.217023799999998,1.89,0.413,892.5,95.32050766463574,11.122139999999998,0.099,5840.0,0.0895,1.08287,1.05,4.0969999999999995
HD 213885 b,HD 213885,1.745,8.829999999999998,9.149999999999999,0.0,2128.0,1882.9399999999998,1.008035,0.02012,5978.0,0.13862,1.1011,1.068,3.8
HD 213885 c,HD 213885,4.71,19.949999999999996,1.05,0.0,1265.4,380.6250219609319,4.785030000000001,0.056798,5978.0,0.13862,1.1011,1.068,3.8
HD 21411 b,HD 21411,9.52,65.9,0.41999999999999993,0.4,398.27,4.211785445219542,84.28800000000001,0.362,5605.0,-0.26595,0.8256050000000001,0.89,5.93
HD 214823 b,HD 214823,12.1,5914.786654269998,18.299999999999997,0.161,1185.012,274.7390391371312,1854.8442400000004,3.08,6215.0,0.63849,2.04,1.115,2.7
HD 215152 b,HD 215152,2.8395539349999996,565.4167360500002,2.56,0.0,833.1,87.49637593367598,5.75999,0.057638,4935.0,-0.52254,0.73,0.77,4.67
HD 215152 c,HD 215152,2.8395539349999996,468.7969003300001,2.56,0.0,908.2,128.004640063413,7.282429999999998,0.067393,4935.0,-0.52254,0.73,0.77,4.7620000000000005
HD 215152 d,HD 215152,2.8395539349999996,770.4160585700004,2.56,0.0,665.2149999999999,41.369377517474334,10.864989999999999,0.08799,4935.0,-0.52254,0.73,0.77,4.683999999999999
HD 215152 e,HD 215152,2.8395539349999996,975.4153810800001,2.56,0.0,525.366,18.14824667267468,25.1967,0.15417,4935.0,-0.52254,0.73,0.77,4.242
HD 21520 b,HD 21520,2.697,17.7,1.35,0.0,637.0,25.743100000000002,25.1292,0.1726,5871.0,0.06595,1.044,1.09,5.3
HD 215497 b,HD 215497,2.8395539349999996,1588.8242065899994,2.56,0.16,997.6,161.50986600230752,3.9340400000000004,0.05,5110.0,-0.41,0.8500000000000001,0.67,5.8
HD 215497 c,HD 215497,13.0,111.23994245,0.278,0.47,311.05,2.236225634477842,565.9999999999998,1.31,5113.0,-0.41,0.8500000000000001,0.9200000000000002,5.8
HD 216435 b,HD 216435,13.7,400.39999999999986,0.856,0.07,569.1099999999999,23.789819442282035,1310.9999999999995,2.56,5999.0,0.55689,1.800029,1.3,3.0
HD 216437 b,HD 216437,13.0,1334.8793094,3.3400000000000003,0.31,559.566,16.351383793596312,1358.9999999999995,2.5699999999999994,5909.0,0.35,1.3940000000000001,1.22,4.9
HD 216520 b,HD 216520,3.18,10.259999999999998,1.75,0.09,565.0,19.870297400495957,35.45000000000001,0.198,5103.0,-0.452,0.76,0.8200000000000001,6.0
HD 216520 c,HD 216520,3.03,9.440000000000001,1.8599999999999999,0.12,287.76,1.1249161687839921,154.43,0.528,5103.0,-0.452,0.76,0.8200000000000001,6.0
HD 216536 b,HD 216536,13.8,333.7215,0.698,0.38,502.532,37.36360075657923,148.60000999999997,0.61,4639.0,1.8,9.829999999999998,0.81,3.8
HD 216770 b,HD 216770,14.1,181.1631,0.355,0.37,603.0210000000001,17.9099399179578,118.45000000000002,0.4600000000000001,5399.0,-0.1,0.9300000000000002,0.74,3.1
HD 21693 b,HD 21693,2.8,8.23,2.0599999999999996,0.12,571.76,22.635451145069887,22.6786,0.1455,5430.0,-0.20761,0.9143779999999999,0.8,7.261
HD 21693 c,HD 21693,4.34,17.37,1.17,0.07,483.74300000000005,9.845669254685866,53.73569999999998,0.2586,5430.0,-0.20761,0.9143779999999999,0.8,7.4437
HD 217107 b,HD 217107,13.6,413.1789999999999,0.903,0.13,1086.8,209.34480959303255,7.12682,0.08,5622.0,0.09754,1.11,1.0,5.84
HD 217107 c,HD 217107,12.9,1430.2278314999996,3.6600000000000006,0.517,249.106,0.5240821209533579,4270.0,5.32,5575.0,0.09754,1.19931,0.9799999999999999,5.84
HD 21749 c,GJ 143,0.892,3.7,31.930000000000007,0.021410000000000002,701.0,144.76500000000001,7.789929999999998,0.0695,4640.0,-0.6862,0.6950000000000001,0.73,3.8
HD 217786 b,HD 217786,12.3,4402.559093760002,13.000000000000004,0.311,618.801,32.687645342713054,1301.3600900000001,2.4460000000000006,5966.0,0.27646,1.27,1.14,7.6
HD 217786 c,HD 217786,2.61,7.31005336,2.26,0.399,1463.349,1009.9446697504042,2.5222099999999994,0.038,5966.0,0.27646,1.27,1.14,7.6
HD 217958 b,HD 217958,14.2,166.54208527000003,0.32,0.156,573.561,29.568404840198024,2560.197739999999,3.7580000000000005,5930.64,0.29231,1.3261899999999998,1.08,6.948000000000002
HD 218566 b,HD 218566,9.32,63.56600000000002,0.43099999999999994,0.3,326.054,2.2520041964346853,225.69999999999996,0.69,4730.0,-0.45223,0.8500000000000001,0.76,8.5
HD 219077 b,HD 219077,12.5,3057.509275339998,8.600000000000001,0.768,496.6,98.4601345859019,5478.688610000001,5.935,5362.0,0.425,1.9099999999999997,0.9200000000000002,8.9
HD 219134 b,HD 219134,1.602,4.74,6.34,0.0,1015.0,176.2,3.0929259999999994,0.03876,4699.0,-0.57741,0.7779999999999999,0.81,11.0
HD 219134 c,HD 219134,1.511,4.359999999999999,6.950000000000001,0.062,782.0,62.100000000000016,6.76458,0.0653,4699.0,-0.57741,0.7779999999999999,0.81,11.0
HD 219134 d,HD 219134,1.61,16.169999999999998,2.56,0.138,410.5,4.719999999999999,46.858999999999995,0.237,4699.0,-0.57741,0.7779999999999999,0.81,11.0
HD 219134 f,HD 219134,1.31,7.300000000000001,2.56,0.148,522.6,12.38,22.717,0.1463,4699.0,-0.57741,0.7779999999999999,0.81,11.0
HD 219134 g,HD 219134,3.28,10.806220000000001,1.68,0.0,359.5,3.403965144967023,94.20000000000002,0.3753,4913.0,-0.50864,0.77,0.7940000000000002,12.46
HD 219134 h,HD 219134,12.7,108.06220000000005,0.2899999999999999,0.06,134.78,0.09672938241064868,2247.0,3.1100000000000003,4913.0,-0.50864,0.77,0.7940000000000002,12.46
HD 219139 b,HD 219139,14.0,247.90615746000003,0.496,0.11,589.2,28.18160274671767,275.5,0.94,4831.0,1.79463,11.219999999999999,1.46,3.1189999999999998
HD 219415 b,HD 219415,13.8,317.8299999999999,0.665,0.4,191.01,0.7896576027109767,2093.2999999999997,3.2000000000000006,4820.0,0.62,2.8999999999999995,1.0,7.233
HD 219666 b,HD 219666,4.898,17.600000000000005,0.87,0.05,1076.0,64.26479999999998,6.034468,0.06356,5540.0,-0.0278,1.059,1.02,10.0
HD 219828 b,HD 219828,4.59,19.06970442,1.08,0.091,1373.3,599.7079121909501,3.83483,0.049,5891.0,0.42,1.56,1.04,5.69
HD 219828 c,HD 219828,12.2,5102.4172459799975,15.400000000000002,0.811,1178.3,250.126138541692,4789.872969999997,5.657,5891.0,0.42,1.56,1.04,5.69
HD 220074 b,HD 220074,12.2,5288.691199999996,16.0,0.14,449.5,21.23811162758105,672.0999800000002,1.6000000000000003,3787.0,2.89354,54.91999999999999,2.2,4.5
HD 220197 b,HD 220197,9.32,63.56600000000002,0.43099999999999994,0.187,140.87,0.09793304834249905,1728.0000000000007,2.729,5683.0,-0.00343,0.9799999999999999,0.91,10.165
HD 220689 b,HD 220689,13.7,381.3940883999999,0.8149999999999998,0.054,330.7,3.4699762577473,2266.3999999999996,3.396,5921.0,0.093,1.068,1.016,4.586
HD 220773 b,HD 220773,13.6,460.80000000000007,1.01,0.51,369.66999999999996,6.917681226344216,3724.700000000003,4.94,5940.0,0.49796,1.6796959999999999,1.16,4.4
HD 220842 b,HD 220842,13.1,1010.6994000000003,2.4700000000000006,0.404,580.966,31.42186285612544,218.4699999999999,0.74,5960.0,0.35703,1.41647,1.13,4.905
HD 221287 b,HD 221287,13.1,982.0499999999996,2.4,0.08,594.402,26.403057890627046,456.09999999999997,1.25,6304.0,0.22011,1.13864,1.25,1.3
HD 221416 b,HD 221416,9.17,60.50000000000002,0.43099999999999994,0.115,789.15,91.65420000000002,14.2767,0.1228,5080.0,0.71181,2.9429999999999996,1.212,4.9
HD 221420 b,HD 221420,12.0,7278.270520300005,23.1,0.14,1212.29,228.70231033177396,10090.000000000004,10.149999999999999,5847.0,0.60293,1.9470000000000003,1.351,3.65
HD 221585 b,HD 221585,13.5,511.7062999999999,1.14,0.123,365.66999999999996,5.964543322360763,1173.0000000000005,2.3060000000000005,5620.0,0.4216,1.8505750000000003,1.19,6.2
HD 222076 b,HD 222076,13.5,495.81480000000016,1.11,0.08,358.53999999999996,4.0966966198241,871.0,1.8300000000000003,4806.0,0.92942,4.1,1.07,4.5
HD 222155 b,HD 222155,13.4,581.6259848099999,1.33,0.16,562.96,15.816525904850677,3998.9999999999995,5.140000000000001,5701.0,0.50892,1.85,1.21,8.2
HD 222237 b,HD 222237,12.8,1649.5294323300006,4.32,0.56,384.563,6.3898900530216824,14892.000000000004,10.8,4751.0,-0.66555,0.71,0.76,8.8
HD 222582 b,HD 222582,12.6,2660.2370999999994,7.31,0.73,775.5,11.25484036866196,572.3799999999998,1.34,5790.0,0.11471,1.13,1.12,10.24
HD 224018 b,HD 224018,0.91,4.1,17.1,0.06,968.0,178.155059441964,10.641300000000001,0.0952,5784.0,0.12385,1.1470000000000002,1.013,7.0
HD 224018 c,HD 224018,2.42,10.399999999999999,3.9999999999999996,0.02,641.0,28.212631598142934,36.57669,0.217,5784.0,0.12385,1.1470000000000002,1.013,7.0
HD 224018 d,HD 224018,2.4,4.199999999999999,1.7000000000000002,0.04,411.0,4.913076463280094,138.07309999999995,0.53,5784.0,0.12385,1.1470000000000002,1.013,7.0
HD 224538 b,HD 224538,12.7,2075.73732612,5.57,0.476,486.3,61.813138821846486,1202.0519900000004,2.375,6097.0,0.46982,1.54,1.23,2.0
HD 224693 b,HD 224693,14.0,222.48100000000005,0.44599999999999995,0.104,840.1,79.13938123539225,26.690400000000004,0.191,5894.0,0.61,1.9299999999999997,1.31,4.12
HD 22496 b,HD 22496,2.22,5.57,2.8,0.0369,573.0,26.0,5.0907100000000005,0.051,4385.0,-1.17393,0.6739999999999999,0.684,4.3839999999999995
HD 22532 b,HD 22532,13.4,673.7962228400002,1.54,0.03,595.571,28.108510461646016,872.6000000000003,1.8999999999999997,5038.0,1.27416,5.6899999999999995,1.5700000000000003,2.2600000000000002
HD 22781 b,HD 22781,12.3,4338.199999999996,12.800000000000002,0.8191,793.3,10.11980111681893,528.0700000000003,1.167,5027.0,-0.47556,0.7434749999999999,0.75,4.8
HD 22946 d,HD 22946,2.607,26.570000000000004,10.8,0.002,546.0,18.560999999999996,47.42489,0.2958,6169.0,0.20919,1.117,1.098,2.5
HD 23079 b,HD 23079,13.2,845.4235626199996,2.0200000000000005,0.07348,364.8,3.7450245820599912,735.7399999999998,1.6000000000000003,5994.0,0.13033,1.08,1.16,2.6
HD 23079 c,HD 23079,2.8,8.260000000000002,2.07,0.097,955.82,167.1198784255183,5.748913,0.102,5994.0,0.13033,1.08,1.16,2.6
HD 23127 b,HD 23127,13.5,485.3264099999998,1.08,0.406,604.3,29.96431829012618,1211.1699999999998,2.37,5843.0,0.45175,1.49,1.208,4.508
HD 231701 b,HD 231701,13.7,359.14789999999994,0.768,0.13,685.954,27.228921655247294,141.63000000000002,0.567,6101.0,0.47,1.53,1.21,3.43
HD 233604 b,HD 233604,12.7,2089.644,5.61,0.05,573.7,31.256544484965783,192.0,0.7470000000000001,4791.0,1.75,10.9,1.5,2.4
HD 233832 b,HD 233832,13.5,565.7374000000002,1.26,0.359,82.97999999999999,0.01698727665349154,2057.9999999999995,2.827,4981.0,-0.52273,0.6800000000000002,0.71,5.417
HD 23472 b,HD 23472,2.0,8.320000000000002,6.15,0.072,543.0,16.0,17.667087,0.1162,4684.0,-0.62525,0.71,0.67,6.2895
HD 23472 c,HD 23472,1.87,3.41,3.0999999999999996,0.063,467.0,7.959999999999999,29.797490000000007,0.1646,4684.0,-0.62525,0.71,0.67,7.855500000000001
HD 23472 d,HD 23472,0.75,0.55,7.5,0.07,909.0,117.00000000000004,3.9766400000000006,0.04298,4684.0,-0.62525,0.71,0.67,8.500499999999999
HD 23472 e,HD 23472,0.818,0.7199999999999999,7.5,0.07,723.0,46.7,7.907539999999999,0.068,4684.0,-0.62525,0.71,0.67,6.0515
HD 23472 f,HD 23472,1.137,0.77,3.0,0.07,630.0,26.299999999999994,12.1621839,0.0906,4684.0,-0.62525,0.71,0.67,4.905500000000001
HD 235088 b,HD 235088,1.982,4.15,2.9222160000000006,0.0,805.0,70.0,7.4341325000000005,0.0706,5075.0,-0.4437,0.772,0.8489999999999999,0.7
HD 23596 b,HD 23596,12.4,3786.6076409999987,10.9,0.282,462.8,29.634646105666345,1535.11912,2.694,6040.0,0.45821,1.53,1.1,5.68
HD 238090 b,HD 238090,2.52,6.890000000000001,2.37,0.3,469.6,8.1,13.671000000000001,0.0932,3933.0,-1.15366,0.57,0.578,2.1815000000000007
HD 238914 b,HD 238914,12.8,1906.9799999999996,5.0,0.56,143.85999999999999,0.07309208078447496,4100.000000000004,5.700000000000001,4769.0,1.85,12.729999999999999,1.4700000000000002,7.0840000000000005
HD 240210 b,HD 240210,12.8,1655.8199999999997,4.34,0.15,626.9100000000001,62.08177510319131,501.74999999999994,1.16,4297.0,1.55,25.456816000000003,0.8200000000000001,5.085
HD 240237 b,HD 240237,12.2,5050.318699999997,15.300000000000004,0.4,634.4100000000001,28.863949578352702,745.70001,1.92,3926.0,2.49,71.23,8.76,4.42
HD 24040 b,HD 24040,12.9,1589.142035,4.07,0.04,255.44500000000002,0.5853423857514595,3668.0000000000014,4.92,5802.0,0.27569,1.3,1.11,6.68
HD 24040 c,HD 24040,9.35,63.88350980999999,0.42899999999999994,0.11,383.62,4.655670944611747,515.4,1.3,5776.49,0.27569,1.387296,1.10394,6.68
HD 24064 b,HD 24064,12.3,4096.828699999998,12.099999999999998,0.35,584.866,33.34659174273639,535.5999800000001,1.29,4052.0,2.54628,40.00000000000001,1.6100000000000003,9.0
HD 24085 b,HD 24085,3.46,11.799999999999999,1.5700000000000003,0.22,1671.6,1565.048018467367,2.0455000000000005,0.034,6034.0,0.37712,1.4125510000000001,1.22,4.267
HD 25015 b,HD 25015,12.5,2884.92845034,8.120000000000001,0.341,328.79,3.9399527883019676,6134.427000000005,6.247999999999999,5160.0,-0.38416,0.83,0.86,4.0
HD 25171 b,HD 25171,13.9,290.81445000000014,0.595,0.042,335.24,3.170260181987796,1802.2900000000006,2.971,6125.0,0.27646,1.23,1.076,4.802
HD 25463 b,HD 25463,2.54535814,8.699999999999998,2.8699999999999997,0.0,1198.46,461.40000000000015,7.049142300000001,0.076,6353.0,0.47276,1.4182,1.251,2.3
HD 25463 c,HD 25463,1.36354953,4.3,9.09,0.0,1585.57,1413.5000000000005,3.0440500000000004,0.0443,6353.0,0.47276,1.4182,1.251,2.3
HD 25723 b,HD 25723,13.3,794.5710175000003,1.8599999999999999,0.04,595.571,28.108510461646016,457.0100000000001,1.49,4766.0,1.94443,13.760000000000002,2.1200000000000006,0.95
HD 25912 b,HD 25912,6.9,38.139408839999994,0.638,0.05,545.0,17.99841952407953,41.831559999999996,0.242,5920.58,0.04058,0.9958960000000001,1.08,2.0004
HD 25912 c,HD 25912,12.2,5252.7500824900035,15.900000000000004,0.051,562.241,23.388133581632147,26308.65619000001,17.848000000000003,5920.58,0.04058,0.9958960000000001,1.08,3.6747
HD 260655 b,HD 260655,1.24,2.1399999999999997,6.2,0.039,709.0,42.20000000000001,2.7695300000000005,0.02933,3803.0,-1.43997,0.43899999999999995,0.43899999999999995,5.0
HD 260655 c,HD 260655,1.533,3.09,4.699999999999999,0.038,557.0,16.100000000000005,5.705879999999999,0.047490000000000004,3803.0,-1.43997,0.43899999999999995,0.43899999999999995,5.0
HD 26161 b,HD 26161,11.9,9045.396463220006,29.5,0.922,678.4,41.42055711513886,10942.290129999998,10.086999999999996,6057.62,0.39304,1.455981,1.12,4.772
HD 2638 b,HD 2638,14.3,133.48860000000002,0.251,0.0,1163.955,272.6222299790832,3.4441999999999995,0.04,5186.0,-0.33,0.94,0.77,3.0
HD 2685 b,HD 2685,16.14096,371.8610999999999,0.486,0.091,2061.0,1436.4900000000007,4.12688,0.0568,6801.0,0.66839,1.56,1.4300000000000002,1.31
HD 27442 b,HD 27442,13.5,495.80000000000007,1.11,0.06,362.32,4.026630467696309,428.1,1.2710000000000001,4846.0,0.8509,3.18,1.23,10.0
HD 27631 b,HD 27631,13.5,495.8123149199999,1.11,0.141,175.72000000000003,0.16686167667297233,2198.1400000000003,3.2419999999999995,5737.0,-0.056,0.9230000000000002,0.944,4.01
HD 27894 b,HD 27894,14.1,196.73578392999997,0.386,0.047,650.702,32.719682480041726,18.019389999999998,0.125,4875.0,-0.449,0.8917670000000001,0.81,3.9
HD 27894 c,HD 27894,8.24,51.488459999999996,0.506,0.015,533.4680000000001,17.808386005529595,36.07,0.198,4875.0,-0.449,0.8917670000000001,0.8,3.9
HD 27894 d,HD 27894,12.7,2063.65984665,5.539999999999999,0.343,245.98199999999997,0.5732221360030334,5019.542440000003,5.362000000000001,4875.0,-0.449,0.8917670000000001,0.81,3.9
HD 27969 b,HD 27969,12.9,1525.5763536000004,3.91,0.182,261.0,0.76,654.5,1.552,5966.0,0.5282,1.27,1.16,4.665
HD 28109 b,HD 28109,2.69,6.2,1.8000000000000003,0.0071,867.0,98.74749999999996,22.891053999999997,0.1357,6189.0,0.43297,1.425,1.227,3.2
HD 28109 c,HD 28109,4.13,9.2,0.7,0.0039,643.0,29.95349999999999,55.99711999999999,0.30799999999999994,6189.0,0.43297,1.425,1.227,3.2
HD 28109 d,HD 28109,3.11,5.800000000000001,1.1,0.0054,561.0,17.374500000000005,84.28989999999999,0.411,6189.0,0.43297,1.425,1.227,3.2
HD 28185 b,HD 28185,12.8,1859.2961809499998,4.869999999999999,0.063,503.2,57.152768382160495,385.9199999999999,1.034,5602.0,-0.01323,1.048,0.974,8.3
HD 28185 c,HD 28185,12.8,1906.9704419999996,5.0,0.15,548.5,32.16471472872105,9090.000000000002,8.500000000000002,5602.0,-0.01323,1.048,0.974,8.3
HD 28192 b,HD 28192,12.2,99.79811979999998,0.302,0.104,871.6049999999999,84.01225834260151,14.232829999999998,0.118,5919.87,0.10347,1.07094,1.08,3.226
HD 28254 b,HD 28254,13.0,1207.7479466000004,3.0200000000000005,0.95,275.85699999999997,3.322608787338086,1332.9999999999995,2.45,5664.0,0.34,1.48,1.1,6.0
HD 284149 AB b,HD 284149 A,12.0,8352.530535960006,26.60000000000001,0.56154,2395.0,2291.4630716682473,11.122139999999998,431.16,6035.0,0.34242,1.3599999999999999,1.13,0.025
HD 28471 b,HD 28471,1.75,3.7200000000000006,3.8099999999999996,0.195,1377.0,707.6501864686245,3.1649000000000003,0.042,5766.0,0.06167,1.08,0.9799999999999999,6.56
HD 28471 c,HD 28471,2.26,5.720000000000001,2.72,0.088,1066.0,264.31818374105603,6.124500000000001,0.065,5766.0,0.06167,1.08,0.9799999999999999,6.56
HD 28471 d,HD 28471,2.06,4.91,3.09,0.093,945.0,137.93579649062573,11.681000000000001,0.1,5766.0,0.06167,1.08,0.9799999999999999,6.56
HD 285507 b,HD 285507,13.8,311.4734,0.651,0.09,948.8,68.58952683314297,6.0881,0.06,4503.0,-0.71932,0.69,0.8200000000000001,0.625
HD 285968 b,HD 285968,2.83,8.400000000000002,2.04,0.0,450.0,9.835437137293336,8.783599999999998,0.066,3703.49,-1.658,0.4782139999999999,0.5,3.62
HD 28678 b,HD 28678,13.5,490.0938600000002,1.09,0.149,597.47,28.036221823107812,380.1999999999999,1.18,4972.0,1.35984,6.4799999999999995,1.53,1.8
HD 29021 b,HD 29021,12.9,1420.6929792899996,3.64,0.453,245.606,0.6587096947323521,1365.0000000000002,2.294,5560.0,-0.18111,0.8500000000000001,0.86,5.5
HD 290327 b,HD 290327,13.3,772.3269,1.8000000000000003,0.08,140.68,0.09638616894275687,2442.999999999999,3.43,5505.0,-0.14,0.9500000000000001,0.8400000000000001,7.492699999999999
HD 29399 b,HD 29399,13.5,498.9905989900002,1.11,0.05,353.21999999999997,3.9763311273284563,892.6999999999998,1.9129999999999998,4845.0,1.00173,4.5,1.17,6.2
HD 2952 b,HD 2952,13.9,284.77425267000007,0.583,0.269,573.0,28.18160274671767,312.0800000000001,1.117,4853.0,1.76782,10.9,1.9099999999999997,2.9558999999999997
HD 29985 b,HD 29985,12.8,1739.4748715100004,4.56,0.261,338.7,4.550520959118242,20608.140489999998,13.39,4678.0,-0.84623,0.574666,0.75,3.6019999999999994
HD 30177 b,HD 30177,12.6,2670.7121040199995,7.340000000000002,0.207,334.11,3.9486556426658717,2514.534220000001,3.6039999999999996,5580.0,0.0835,1.019,0.9799999999999999,2.525
HD 30177 c,HD 30177,12.7,1954.6447030500005,5.24,0.039,533.72,23.94974073307044,12085.451860000001,10.257999999999997,5580.0,0.0835,1.019,0.9799999999999999,2.525
HD 30562 b,HD 30562,13.6,467.20775829,1.02,0.76,658.0,36.63190984406006,1156.9999999999995,2.34,5882.0,0.45,1.6100000000000003,1.12,3.6
HD 30669 b,HD 30669,14.3,149.37000000000003,0.281,0.18,275.33,1.3168345095675695,1684.0,2.6899999999999995,5400.0,-0.14602,0.91,0.9200000000000002,4.8
HD 30856 b,HD 30856,13.5,491.6830100000002,1.1,0.061,409.2,5.834548911357604,847.0,1.85,4895.0,0.99564,4.3999999999999995,1.17,3.8
HD 31253 b,HD 31253,14.1,197.0546,0.386,0.3,580.211,26.308456037568437,466.00000000000006,1.26,6130.0,0.51667,1.75,1.7000000000000002,3.0
HD 31527 b,HD 31527,3.22,10.469999999999999,1.72,0.1,785.3,83.66482183301922,16.5535,0.1254,5898.0,0.07918,1.073694,0.9599999999999999,4.841
HD 31527 c,HD 31527,3.85,14.160000000000002,1.3599999999999999,0.04,513.04,18.737960381879162,51.2053,0.2663,5898.0,0.07918,1.073694,0.9599999999999999,4.848
HD 31527 d,HD 31527,3.46,11.82,1.5700000000000003,0.24,348.91999999999996,3.523930751102681,271.67370000000005,0.8098,5898.0,0.07918,1.073694,0.9599999999999999,4.96
HD 3167 b,HD 3167,1.67,4.97,5.6,0.0,1774.0,1650.0000000000007,0.959641,0.01796,5261.0,-0.27003,0.8800000000000001,0.8370000000000001,7.8
HD 3167 c,HD 3167,3.0,11.130000000000003,2.1100000000000003,0.06,564.0,16.899999999999995,29.845399999999998,0.1776,5261.0,-0.27003,0.8800000000000001,0.8370000000000001,7.8
HD 3167 d,HD 3167,1.92,4.330000000000001,3.36,0.12,859.5,88.90000000000003,8.411200000000001,0.0763,5261.0,-0.27003,0.8800000000000001,0.8370000000000001,7.8
HD 3167 e,HD 3167,2.83,8.41,2.04,0.15,374.8,4.443032565724007,96.62999999999997,0.3885,5261.0,-0.27003,0.8800000000000001,0.8370000000000001,7.8
HD 32518 b,HD 32518,13.2,905.4931315399999,2.16,0.028,624.6,52.25800027633132,157.35,0.5939999999999999,4580.0,1.66577,10.220000000000002,1.13,5.83
HD 32963 b,HD 32963,13.4,657.9048024899997,1.5,0.07,173.17000000000002,0.16553499688468376,2371.9999999999995,3.41,5727.0,0.06398,1.111044,0.94,4.99
HD 330075 b,HD 330075,14.3,152.5584,0.287,0.0,990.0,211.31928847063767,3.3877300000000004,0.04,5000.0,-0.33,0.8400000000000001,0.4699999999999999,6.2
HD 331093 b,HD 331093,13.6,476.74261049999984,1.04,0.59,385.9,5.929749438651488,621.6199999999998,1.44,5544.0,0.00646,1.1112,1.03,6.3420000000000005
HD 33142 b,HD 33142,13.7,400.4637928199999,0.856,0.049,589.2,28.18160274671767,330.0,1.074,5025.4,1.00043,4.17,1.5200000000000002,2.72
HD 33142 c,HD 33142,13.9,282.86728223000006,0.579,0.081,577.6510000000001,28.18160274671767,810.2000000000004,1.955,5025.4,1.00043,4.17,1.5200000000000002,2.72
HD 33142 d,HD 33142,9.32,63.5656814,0.43099999999999994,0.191,590.266,33.05832421987775,89.89999999999998,0.45199999999999996,5025.4,1.00043,4.17,1.5200000000000002,2.72
HD 332231 b,HD 332231,9.07303305,74.10000000000002,0.55,0.0,798.3,98.09,18.712024000000003,0.14499999999999996,6128.0,0.30792,1.266,1.1642,2.9
HD 33283 b,HD 33283,12.5,104.56607000000001,0.294,0.399,1220.56,323.1455836904725,18.1991,0.1508,5935.0,0.64,1.97,1.3799999999999997,3.63
HD 33564 b,HD 33564,12.5,2892.1000000000004,8.14,0.34,577.0,28.070446035338982,387.99999999999983,1.1,6250.0,0.53504,1.4367,1.25,3.0
HD 33844 b,HD 33844,13.4,638.8383000000001,1.46,0.15,597.47,29.422129841103715,551.4000200000002,1.6000000000000003,4861.0,1.17,5.390000000000001,1.8399999999999999,2.42
HD 33844 c,HD 33844,13.5,556.2025000000002,1.2400000000000002,0.13,627.7,35.793113506434594,915.9999999999998,2.24,4861.0,1.14922,5.29,1.7800000000000002,1.88
HD 34445 b,HD 34445,13.9,260.6206,0.533,0.27,583.691,31.21858358522962,1049.0,2.07,5879.0,0.3032,1.3799999999999997,1.14,8.5
HD 34445 c,HD 34445,8.42,53.50000000000001,0.492,0.036,392.57,4.7629802905890815,214.6699999999999,0.7181,5836.0,0.3032,1.3799999999999997,1.07,8.5
HD 34445 d,HD 34445,6.07,30.699999999999996,0.754,0.027,485.3,13.789306668316787,117.87000000000002,0.4817000000000001,5836.0,0.3032,1.3799999999999997,1.07,8.5
HD 34445 e,HD 34445,4.26,16.8,1.19,0.09,561.781,18.87951457970506,49.175,0.2687,5836.0,0.3032,1.3799999999999997,1.07,8.5
HD 34445 f,HD 34445,6.88,37.89999999999999,0.64,0.031,347.41999999999996,3.0525672584035632,676.7999999999997,1.543,5836.0,0.3032,1.3799999999999997,1.07,8.5
HD 34445 g,HD 34445,13.6,120.60000000000001,0.263,0.032,320.86,3.8816996598891316,5699.999999999998,6.359999999999999,5836.0,0.3032,1.3799999999999997,1.07,8.5
HD 35759 b,HD 35759,13.0,1195.0407999999995,2.99,0.389,655.1,37.69308152116303,82.467,0.389,6060.0,0.53724,1.7599739999999997,1.15,4.432
HD 35843 b,HD 35843,2.29,5.84,2.67,0.0,788.0,89.66808612462526,9.899099999999999,0.08799999999999998,5666.0,-0.12494,0.8969999999999999,0.94,2.5
HD 35843 c,HD 35843,2.54,11.320000000000002,3.8,0.153,479.0,11.381400000000003,46.9622,0.25,5666.0,-0.12494,0.8969999999999999,0.94,2.5
HD 360 b,HD 360,14.0,238.37130525,0.477,0.139,582.566,31.14644292064948,273.09999999999997,0.9799999999999999,4770.0,1.74162,10.86,1.69,2.458
HD 36384 b,HD 36384,12.7,2097.6674862000004,5.63,0.2,852.99,66.57634222632434,489.9999999999999,1.3,3940.0,2.58915,38.39999999999999,1.14,0.113
HD 3651 b,HD 3651,10.1,72.46524000000001,0.386,0.645,542.1,17.302431728071348,62.24999999999999,0.295,5221.0,-0.27415,0.8719539999999999,0.799,3.0
HD 37124 b,HD 37124,14.0,214.53525000000002,0.42999999999999994,0.054,493.6,29.060879029012003,154.37800000000004,0.53364,5698.64,-0.11224,0.949168,0.8500000000000001,4.0
HD 37124 c,HD 37124,14.1,207.22516000000002,0.406,0.125,491.0,29.18643169464776,885.4999999999997,1.7099999999999997,5698.64,-0.11224,0.949168,0.8500000000000001,4.0
HD 37124 d,HD 37124,14.0,221.20968,0.443,0.16,175.67000000000002,0.1601735125904186,1862.0000000000007,2.807,5698.64,-0.11224,0.949168,0.8500000000000001,4.0
HD 37605 b,HD 37605,13.2,854.9626999999998,2.04,0.6745,562.088,14.790296481265601,55.012920000000015,0.277,5329.0,-0.22,0.91,0.94,5.65
HD 37605 c,HD 37605,13.1,1013.8777000000002,2.48,0.03,172.97,0.15669449772646113,2720.0,3.7399999999999998,5329.0,-0.22,0.91,0.94,5.65
HD 3765 b,HD 3765,8.56,54.984314410000025,0.482,0.298,251.2,0.9133455518022174,1210.9999999999998,2.1080000000000005,5049.8,-0.41634,0.83061,0.851785,2.0
HD 38283 b,HD 38283,14.0,127.13200000000003,0.255,0.41,567.5,22.675731937229365,363.20001000000013,1.02,5981.0,0.41069,1.49,1.37,6.2
HD 38529 b,HD 38529,14.1,206.58846455000008,0.405,0.256,1181.615,253.75815406653987,14.309899999999999,0.11500000000000002,5697.0,0.8342,2.8578380000000005,0.9799999999999999,4.5
HD 38529 c,HD 38529,12.5,3299.058864659997,9.280000000000001,0.357,656.7,69.3931821537472,2127.6056599999993,3.226,5697.0,0.8342,2.8578380000000005,0.9799999999999999,4.5
HD 38801 b,HD 38801,12.5,3082.3153400000015,8.669999999999998,0.017,762.33,50.498192372235266,685.2499999999999,1.6229999999999998,5338.0,0.65896,2.0289999999999995,1.207,6.072
HD 39091 b,HD 39091,12.3,4481.3805387,13.2,0.642,902.409,48.46836350123167,2088.8,3.2800000000000002,5998.0,0.15957,1.17,1.07,3.92
HD 39194 b,HD 39194,1.83,3.9999999999999996,3.59,0.207,736.47,39.52247405338304,5.636800000000001,0.056,5205.0,-0.40894,0.7837419999999999,0.67,10.0
HD 39194 c,HD 39194,2.39,6.300000000000001,2.54,0.154,534.5,17.489101780800045,14.030000000000001,0.103,5205.0,-0.40894,0.7837419999999999,0.67,10.0
HD 39194 d,HD 39194,1.83,3.9999999999999996,3.59,0.333,373.25000000000006,4.136270648360502,33.910000000000004,0.185,5205.0,-0.40894,0.7837419999999999,0.67,10.0
HD 39855 b,HD 39855,2.85,8.500000000000002,2.0200000000000005,0.14,1064.5,293.0520732653695,3.2498000000000005,0.041,5576.0,-0.31625,0.7446650000000001,0.87,2.9919999999999995
HD 40307 b,HD 40307,2.8395539349999996,1188.99607059,2.56,0.2,910.0,122.18878364221405,4.3123000000000005,0.0468,4956.0,-0.639,0.7166839999999999,0.77,4.5
HD 40307 c,HD 40307,2.8395539349999996,1868.5132047499997,2.56,0.06,696.0,41.10738905515373,9.618400000000001,0.0799,4956.0,-0.639,0.7166839999999999,0.77,4.5
HD 40307 d,HD 40307,2.8395539349999996,1775.3894814999999,2.56,0.07,541.0,19.65537542598534,20.432000000000002,0.1321,4956.0,-0.639,0.7166839999999999,0.77,4.5
HD 40307 f,HD 40307,2.13,5.199999999999999,2.9600000000000004,0.02,398.0,5.484202477886644,51.760000000000005,0.247,4956.0,-0.639,0.7166839999999999,0.77,4.5
HD 40307 g,HD 40307,2.56,7.100000000000001,2.33,0.29,255.0,0.8022258449627768,197.8,0.6000000000000001,4956.0,-0.639,0.7166839999999999,0.77,4.5
HD 40956 b,HD 40956,13.2,858.1409999999996,2.0499999999999994,0.24,598.37,33.23942030081352,578.5999999999999,1.4,4869.0,1.66436,8.56,1.9999999999999996,1.35
HD 40979 b,HD 40979,12.9,1484.2660999999998,3.8,0.25,560.966,16.057602264124313,264.14999,0.8500000000000001,6165.0,0.29056,1.21,1.45,3.56
HD 41004 A b,HD 41004 A,13.2,807.2499999999997,1.9299999999999997,0.74,531.866,26.152043068596782,963.0,0.102,5310.0,-0.293,0.8500000000000001,0.9500000000000001,0.22
HD 41004 B b,HD 41004 B,12.1,5838.290000000001,18.100000000000005,0.081,1854.3,1582.476704688544,1.3283,0.102,5036.0,-0.20175,1.0413699999999997,0.4,4.47021
HD 4113 b,HD 4113,13.5,541.26177712,1.21,0.899,388.95,5.718455987578539,526.5238999999999,1.2800000000000002,5688.0,0.086,1.077514,1.008,5.0
HD 42012 b,HD 42012,13.5,508.5280000000001,1.14,0.2,190.20999999999998,0.220594154006338,857.5000000000002,1.6699999999999997,5405.0,-0.26975,0.8200000000000001,0.83,4.1
HD 4203 b,HD 4203,13.3,708.7608999999998,1.6599999999999997,0.52,372.1,6.75156754072517,431.88000000000017,1.17,5596.0,0.29285,1.4199999999999997,1.25,8.52
HD 4203 c,HD 4203,13.3,689.66,1.6100000000000003,0.24,144.17000000000002,0.09668905698587836,6700.0,6.950000000000001,5582.0,0.29285,1.49795,0.99,8.52
HD 4208 b,HD 4208,13.9,257.44229999999993,0.527,0.042,297.34000000000003,2.2481247109444062,832.9699999999999,1.6620000000000001,5717.0,-0.09961,0.8460000000000001,0.883,3.813
HD 42618 b,HD 42618,3.89,14.400000000000002,1.34,0.19,337.0,3.16,149.61000000000007,0.554,5727.0,-0.00877,0.999,1.015,3.72
HD 4308 b,HD 4308,4.12,15.891499999999997,1.25,0.0,712.1020000000001,60.72502002365833,15.56,0.12,5686.0,-0.004,1.02,0.9300000000000002,4.3
HD 4313 b,HD 4313,13.4,612.4584100000002,1.4,0.147,597.47,29.422129841103715,356.21,1.157,4943.0,1.14922,5.140000000000001,1.63,2.0
HD 43197 b,HD 43197,14.2,175.75910906999997,0.337,0.742,418.86,26.71547533908742,308.9207199999999,0.8819999999999999,5508.0,-0.137,1.0,0.9599999999999999,6.550999999999999
HD 43197 c,HD 43197,12.6,2500.6739062800007,6.869999999999999,0.149,561.7610000000001,32.44747994412269,9295.973499999998,8.54,5508.0,-0.137,1.0,0.9599999999999999,6.714499999999999
HD 43691 b,HD 43691,13.2,810.4665000000003,1.9400000000000002,0.0796,891.7,48.588239023424734,36.9987,0.238,6093.0,0.5,1.6000000000000003,1.32,2.39
HD 44219 b,HD 44219,14.1,184.34047606000001,0.36100000000000004,0.41,620.921,22.51195813169346,471.99999999999983,1.26,5752.0,0.26,1.32,1.2,8.4
HD 45184 b,HD 45184,3.52,12.19,1.54,0.07,1164.4,300.0344085421311,5.885399999999999,0.0644,5869.0,0.05308,1.075139,1.03,6.8
HD 45184 c,HD 45184,2.91,8.809999999999999,1.96,0.07,892.1,137.56068345233822,13.135399999999999,0.11,5869.0,0.05308,1.075139,1.03,6.8
HD 45350 b,HD 45350,13.5,568.8899999999998,1.27,0.778,145.60999999999999,0.08621696186102239,963.6000000000001,1.92,5566.0,0.14065,1.26442,0.9799999999999999,8.0
HD 45364 b,HD 45364,9.03,60.164917449999976,0.449,0.067,341.82,3.1192660685874545,225.79000000000005,0.6793000000000001,5466.0,-0.19586,0.89,0.8200000000000001,8.4719
HD 45364 c,HD 45364,14.2,174.48779544,0.3350000000000001,0.019,477.36,27.305312299855906,345.43000000000006,0.902,5466.0,-0.19586,0.89,0.8200000000000001,8.7297
HD 45652 b,HD 45652,14.3,137.62038999999993,0.259,0.607,597.71,20.104533179109488,44.07299999999999,0.237,5294.0,-0.2,0.94,0.9200000000000002,8.4
HD 457 b,HD 457,11.9,8445.3364308,27.5,0.565,729.71,16.053009266684647,20324.58152999999,15.369000000000002,6114.04,0.31574,1.2819399999999999,1.15,4.0851
HD 46375 b,HD 46375,10.0,71.79999999999998,0.395,0.063,1102.375,288.7204947465947,3.023573,0.0398,5285.0,-0.24502,0.914196,0.9200000000000002,9.0
HD 47186 b,HD 47186,5.02,22.248100000000004,0.966,0.04,1246.9,414.823497162678,4.0845,0.05,5657.0,0.04298,1.08,0.9599999999999999,6.5
HD 47186 c,HD 47186,13.0,111.41999999999997,0.279,0.249,218.97000000000003,0.5302551596747735,1353.6000000000004,2.3950000000000005,5657.0,0.04298,1.08,0.9599999999999999,6.5
HD 4732 b,HD 4732,13.4,631.2072163000001,1.44,0.266,530.2,16.072519273443742,371.74,1.129,4898.0,1.11826,5.03,1.3899999999999997,1.47
HD 4732 c,HD 4732,13.1,1069.49258955,2.6100000000000003,0.187,582.832,29.30659742669134,3184.199999999997,4.725,4898.0,1.11826,5.03,1.3899999999999997,1.47
HD 47366 b,HD 47366,13.4,661.7187433699997,1.5100000000000002,0.071,657.5,26.926605845354224,360.0799999999999,1.207,4866.0,1.41664,7.300000000000001,1.8100000000000003,1.61
HD 47366 c,HD 47366,13.5,483.73483544999993,1.08,0.161,597.47,28.036221823107812,677.53,1.8399999999999999,4866.0,1.41664,7.300000000000001,1.8100000000000003,1.61
HD 47536 b,HD 47536,12.6,2330.0000000000005,6.400000000000001,0.2,586.366,33.34659174273639,712.1299999999997,1.9299999999999997,4380.0,2.24845,23.470000000000006,2.1,10.15
HD 4760 b,HD 4760,12.3,4417.837000000001,13.000000000000004,0.23,587.2,33.48264753138287,434.00000000000006,1.14,4076.0,2.93,42.400000000000006,1.05,6.047500000000001
HD 48265 b,HD 48265,13.5,484.69075000000015,1.08,0.211,446.3,10.599555404128369,778.5100000000002,1.814,5733.0,0.58433,1.901,1.312,4.201
HD 48948 b,HD 48948,2.06,4.879999999999999,3.0700000000000003,0.055,957.0,138.85000000000002,7.340129999999999,0.0652,4593.0,-0.78885,0.679,0.6860000000000002,11.48
HD 48948 c,HD 48948,2.6,7.269999999999999,2.2700000000000005,0.55,553.0,15.499999999999998,38.06,0.1951,4593.0,-0.78885,0.679,0.6860000000000002,11.48
HD 48948 d,HD 48948,3.24,10.59,1.7099999999999997,0.055,349.0,2.46,151.91999999999993,0.4894,4593.0,-0.78885,0.679,0.6860000000000002,11.48
HD 4917 b,HD 4917,13.5,513.2954500000001,1.15,0.066,376.21999999999997,3.991608746167281,400.49999999999994,1.167,4802.0,1.45591,5.01,1.32,3.9092999999999996
HD 49674 b,HD 49674,6.2,31.783,0.7330000000000001,0.09,1129.2220000000002,279.999803040134,4.947369999999999,0.06,5602.0,-0.02162,1.02,1.03,3.62
HD 50499 b,HD 50499,13.5,519.9698800000001,1.16,0.266,333.90999999999997,3.4642832861710113,2447.099999999999,3.833,6102.0,0.37632,1.351,1.2530000000000001,2.391
HD 50499 c,HD 50499,13.2,931.2418999999998,2.2199999999999998,0.0,569.1,24.89006463280572,8619.900000000001,9.02,6099.0,0.37632,1.4199999999999997,1.31,2.4
HD 50554 b,HD 50554,12.8,1859.2961809499998,4.869999999999999,0.501,213.0,0.3144355845516763,1292.9999999999995,2.353,5987.0,0.143,1.02,1.04,2.16
HD 51608 b,HD 51608,3.62,12.77,1.48,0.09,708.267,41.13727098959173,14.072599999999998,0.1059,5358.0,-0.24413,0.9161359999999998,0.8,7.205999999999999
HD 51608 c,HD 51608,3.87,14.309999999999997,1.3599999999999999,0.14,398.836,5.197551706683658,95.94459999999998,0.3809,5358.0,-0.24413,0.9161359999999998,0.8,8.211
HD 52265 b,HD 52265,13.7,384.5742999999999,0.822,0.27,405.0,11.742133733410636,119.26999999999998,0.52,6136.0,0.297,1.32,1.204,3.5
HD 5278 b,HD 5278,2.45,7.800000000000002,2.8999999999999995,0.08,943.0,132.0,14.339156000000001,0.1202,6203.0,0.28035,1.194,1.126,3.0
HD 5278 c,HD 5278,4.49,18.4,1.12,0.07,606.2,28.147691103462364,40.870000000000005,0.24160000000000004,6203.0,0.28035,1.194,1.126,3.0
HD 5319 b,HD 5319,13.5,494.54348000000016,1.1,0.092,450.5,10.089910682919278,637.1000000000003,1.5700000000000003,4871.0,0.908,4.06,1.27,3.1
HD 5319 c,HD 5319,13.8,334.6749899999999,0.7,0.183,548.2,21.933084554010055,872.1999999999997,1.9299999999999997,4871.0,0.908,4.06,1.27,3.1
HD 55696 b,HD 55696,12.9,1357.12729789,3.4699999999999998,0.705,947.9,39.24818191974616,1826.9999999999995,3.18,6012.0,0.43,1.5200000000000002,1.29,2.64
HD 5583 b,HD 5583,12.8,1837.0574000000004,4.8100000000000005,0.076,527.7,29.467221022268212,139.35,0.53,4830.0,1.61,9.09,1.01,7.41
HD 5608 b,HD 5608,13.7,371.22357938000005,0.793,0.11,450.5,10.354757451863671,768.7,1.79,4807.0,1.15473,5.43,1.29,1.72
HD 564 b,HD 564,12.5,104.88000000000001,0.295,0.096,568.5,26.90721185832494,492.3000000000002,1.2,5902.0,0.01893,1.01,0.9609999999999999,5.5
HD 56414 b,HD 56414,3.71,13.299999999999999,1.4300000000000002,0.68,1133.0,257.06600000000003,29.049920000000004,0.22899999999999998,8500.0,1.15806,1.7509999999999997,1.89,0.42
HD 56957 b,HD 56957,12.8,1880.9085126300001,4.93,0.273,142.32000000000002,0.08747032007396012,5859.089919999997,6.426000000000001,5743.0,0.49108,1.7779300000000002,1.03,7.3757
HD 5891 b,HD 5891,12.6,2425.0428999999995,6.660000000000002,0.07,467.6,31.932807420684373,177.10999999999999,0.64,4673.0,1.5955,10.64,1.9299999999999997,1.5
HD 59686 A b,HD 59686 A,12.7,2199.3835999999997,5.9,0.05,584.8,31.256544484965783,299.3600000000001,1.086,4658.0,1.82166,13.2,1.8999999999999997,1.73
HD 60292 b,HD 60292,12.7,2065.8950000000004,5.539999999999999,0.27,581.332,31.256544484965783,495.3999999999999,1.5,4348.0,2.3941,26.999999999999996,1.7000000000000002,1.8
HD 60532 b,HD 60532,13.8,336.8998,0.704,0.26,786.2,52.38948062673759,201.89999999999995,0.77,6245.0,1.00089,2.5699999999999994,1.5,2.8
HD 60532 c,HD 60532,13.3,797.7532999999997,1.8599999999999999,0.03,666.6,25.695069348687532,600.0999999999999,1.6000000000000003,6245.0,1.00089,2.5699999999999994,1.5,2.8
HD 6061 b,HD 6061,2.42763557,10.000000000000002,3.8199999999999994,0.0,1075.31,339.10000000000014,5.254899999999999,0.06,5934.0,0.05538,1.0072,1.0269,2.4
HD 62364 b,HD 62364,12.1,5965.639199390003,18.499999999999996,0.607,145.45,0.072,5138.0,6.15,6255.0,0.43297,1.4009999999999998,1.157,3.901
HD 62364 c,HD 62364,12.0,7923.462186509997,25.2,0.773,568.566,26.510533901100544,74839.94555000006,36.983999999999995,6255.0,0.43297,1.4009999999999998,1.19,3.901
HD 62509 b,HD 62509,13.3,730.9999999999998,1.7099999999999997,0.02,657.5,29.91911870391221,589.6399999999999,1.6399999999999997,4892.63,1.612,8.9,1.9999999999999996,0.98
HD 62549 b,HD 62549,12.6,2707.580199229999,7.4399999999999995,0.15,333.4,3.1643226657916244,14306.88519,11.842000000000002,5930.46,0.22846,1.23227,1.08,5.643000000000001
HD 63433 b,HD 63433,2.14,21.754999999999995,12.997999999999998,0.24,967.11,145.57069999999996,7.107947499999998,0.072,5553.0,-0.1261,0.9339999999999999,0.9559999999999998,0.414
HD 63433 c,HD 63433,2.692,15.539000000000001,4.63,0.21,678.92,35.3582,20.543828099999995,0.146,5553.0,-0.1261,0.9339999999999999,0.9559999999999998,0.414
HD 63433 d,HD 63433,1.073,1.25,5.5600000000000005,0.16,1040.0,269.04219822706204,4.209075,0.0503,5688.0,-0.12494,0.9119999999999999,0.99,0.414
HD 63454 b,HD 63454,12.31,79.45749999999998,0.234,0.0,1287.7549999999999,477.6026918355567,2.81805,0.04,4812.0,-0.592,0.77,0.41999999999999993,1.0
HD 63765 b,HD 63765,14.2,168.4499,0.32300000000000006,0.24,186.09,0.2549998230512088,357.9999999999999,0.94,5449.0,-0.25647,0.83,0.65,4.77
HD 63935 b,HD 63935,2.91575244,10.5,2.3199999999999994,0.0,825.22,115.59999999999997,9.058806999999998,0.083,5513.0,-0.11464,0.9597999999999999,0.9405999999999999,6.6
HD 63935 c,HD 63935,3.06451296,11.100000000000001,2.1100000000000003,0.0,619.59,36.699999999999996,21.4027,0.148,5513.0,-0.11464,0.9597999999999999,0.9405999999999999,6.6
HD 64114 b,HD 64114,4.41,17.799999999999997,1.14,0.12,470.25,9.487348991276626,45.791000000000004,0.246,5676.0,-0.13735,0.8828580000000001,0.9500000000000001,1.4034
HD 64121 b,HD 64121,13.2,813.6407219200003,1.9400000000000002,0.11,335.77,5.043311840403721,623.0000000000001,1.5100000000000002,5078.0,1.24797,5.44,1.6399999999999997,4.108
HD 6434 b,HD 6434,14.2,155.7367,0.299,0.17,766.1490000000001,69.04160407357112,21.998000000000005,0.14,5769.0,0.05,1.12,1.1,11.27
HD 65216 b,HD 65216,13.6,411.5898499999999,0.899,0.27,350.71999999999997,5.479276107262355,577.6000000000001,1.3009999999999997,5612.0,-0.1498,0.8800000000000001,0.8739999999999999,4.0
HD 65216 c,HD 65216,13.4,645.1949,1.4700000000000002,0.17,335.277,3.8750281757047205,5370.000000000004,5.749999999999999,5612.0,-0.1498,0.8800000000000001,0.8739999999999999,4.0
HD 66141 b,HD 66141,12.8,1906.9,5.0,0.07,603.2,43.24907713592273,480.50000000000006,1.2,4323.0,2.24,21.4,1.1,6.84
HD 66428 b,HD 66428,12.4,3478.949743020001,10.000000000000002,0.471,618.801,21.488465624831573,2269.81726,3.3949999999999996,5716.0,0.09579,1.13,1.01,3.515
HD 66428 c,HD 66428,13.5,560.6493099499999,1.25,0.207,238.96800000000002,0.5199617655208181,10478.844369999997,9.408000000000001,5716.0,0.09579,1.13,1.01,3.515
HD 67087 b,HD 67087,13.1,973.0,2.3799999999999994,0.17,612.066,31.604088744249392,352.1999999999999,1.08,6330.0,0.54,1.5499999999999998,1.3599999999999999,1.45
HD 67087 c,HD 67087,12.9,1539.9999999999995,3.9399999999999995,0.76,958.3,33.03484216421722,2374.0000000000005,3.8599999999999994,6330.0,0.54,1.5499999999999998,1.3599999999999999,1.45
HD 68402 b,HD 68402,12.6,2510.844415299999,6.900000000000002,0.03,339.94999999999993,4.104852265389859,1102.9999999999998,2.18,5950.0,0.06819,1.02,1.12,2.0
HD 6860 b,HD 6860,11.9,8981.830781819997,29.299999999999997,0.28,1162.511,334.33547026651553,663.8700000000001,2.0299999999999994,3802.0,3.22398,86.39999999999998,2.49,3.4637000000000002
HD 68988 b,HD 68988,13.4,626.1251000000001,1.4300000000000002,0.12,1350.42,437.347943258045,6.2771099999999995,0.07,5932.0,0.22184,1.19,1.2800000000000002,6.0
HD 68988 c,HD 68988,12.2,4776.960957210001,14.499999999999998,0.45,452.2,18.684399794416073,16000.000000000002,13.2,5883.41,0.22184,1.255733,1.171665,6.0
HD 69123 b,HD 69123,13.1,982.0897776299997,2.4,0.19,345.77,3.879110689991508,1193.3,2.482,4842.0,1.46997,7.720000000000001,1.68,3.127
HD 69830 b,HD 69830,3.17,10.2,1.7600000000000002,0.1,826.298,98.2850545887427,8.666999999999998,0.0785,5385.0,-0.22,0.886947,0.86,7.0
HD 69830 c,HD 69830,3.46,11.799999999999999,1.5700000000000003,0.13,539.9970000000001,15.629025255380673,31.559999999999995,0.186,5385.0,-0.22,0.886947,0.86,7.0
HD 69830 d,HD 69830,4.45,18.100000000000005,1.13,0.07,348.12,3.1197245051904794,197.0,0.63,5385.0,-0.22,0.886947,0.86,7.0
HD 70573 b,HD 70573,12.8,1899.9999999999993,4.98,0.4,561.566,33.04633347465433,851.7999999999998,1.7600000000000002,5737.0,-0.00083,0.976919,1.0,0.102
HD 70642 b,HD 70642,13.0,1239.5307873,3.0999999999999996,0.175,241.252,0.8063701950248785,2124.54,3.3180000000000005,5732.0,0.01204,0.984,1.078,0.919
HD 7199 b,HD 7199,2.8395539349999996,3639.135260150002,2.56,0.19,445.55,26.88613255114404,614.9999999999998,1.3599999999999999,5371.0,-0.1549,0.97,0.77,6.79
HD 72490 b,HD 72490,13.5,561.9234399999998,1.26,0.124,618.0,53.44204992986283,858.0000000000005,1.88,4934.0,1.09107,4.96,1.21,5.555200000000001
HD 72659 b,HD 72659,13.2,949.6712801199997,2.2700000000000005,0.2393,348.87,3.554082465855084,3548.999999999998,4.606999999999999,5929.0,0.37397,1.3599999999999999,1.033,8.0
HD 72659 c,HD 72659,12.1,6165.871095800002,19.100000000000005,0.114,1272.08,178.21783432736493,35499.99999999999,21.499999999999993,5929.0,0.37397,1.3599999999999999,1.033,8.0
HD 72892 b,HD 72892,12.8,1737.8857294800005,4.55,0.419,657.49,26.75910971838715,39.44602999999999,0.228,5688.0,0.14613,1.22,1.01,8.0
HD 73256 c,HD 73256,12.2,5085.254512,15.400000000000002,0.16,505.7,56.85074465673632,2690.0000000000005,3.8,5570.0,-0.13198,0.944723,1.0,2.2
HD 73267 b,HD 73267,13.0,1321.5305163100002,3.3100000000000005,0.261,212.71999999999997,0.2960089234752811,1257.9915899999996,2.229,5387.0,-0.106,0.909,0.9300000000000002,8.14
HD 73267 c,HD 73267,12.8,1630.7775563199998,4.27,0.089,525.5,38.40691433439903,17071.780449999984,12.687999999999999,5387.0,-0.106,0.909,0.9300000000000002,8.14
HD 73344 b,HD 73344,2.884,10.48,2.4510000000000005,0.03,911.0,111.97290000000004,15.611000000000004,0.131,6252.6,0.26184,1.22,1.2,1.15
HD 73344 c,HD 73344,13.5,118.54999581000001,0.265,0.124,576.512,31.785539097071783,65.94000000000003,0.3388,6148.0,0.26184,1.22,1.19,1.15
HD 73344 d,HD 73344,13.2,810.4624378499997,1.9400000000000002,0.18,440.8,8.85301413795678,5823.000000000002,6.7,6148.0,0.26184,1.22,1.19,1.15
HD 73526 b,HD 73526,13.1,978.9163999999997,2.3900000000000006,0.19,589.71,24.9875413872684,188.29999999999995,0.65,5601.0,0.33788,1.53,1.14,9.2
HD 73526 c,HD 73526,13.3,715.0899999999998,1.6699999999999997,0.28,431.6,8.233456807655728,379.0999999999999,1.03,5601.0,0.33788,1.53,1.014,9.2
HD 73534 b,HD 73534,13.7,353.42695999999995,0.7549999999999999,0.126,192.70999999999998,0.2407291377457042,1750.0000000000002,2.99,4917.0,0.522,2.58,1.16,7.04
HD 73583 b,HD 73583,2.79,10.2,2.58,0.09,714.0,43.29999999999999,6.398042000000002,0.0604,4511.0,-0.74425,0.65,0.73,0.48
HD 73583 c,HD 73583,2.39,9.7,3.88,0.08,498.0,10.2,18.879740000000005,0.1242,4511.0,-0.74425,0.65,0.73,0.48
HD 74156 b,HD 74156,13.5,532.3625817300002,1.19,0.636,727.466,17.541102031161167,51.635639999999995,0.28,6068.0,0.40075,1.510576,1.1,3.7
HD 74156 c,HD 74156,12.5,2753.9831466499995,7.750000000000001,0.377,476.8,46.32209885561578,2448.4872599999994,3.678,6068.0,0.40075,1.510576,1.1,3.7
HD 7449 b,HD 7449,12.6,2597.9293988199997,7.1400000000000015,0.752,514.832,57.4379030915232,1270.5519499999996,2.438,6024.0,0.10138,0.97,1.1960000000000002,2.1
HD 74698 b,HD 74698,5.12,23.000000000000004,0.942,0.1,939.4,123.00000000000003,15.017,0.121,5783.0,0.25285,1.333,1.0390000000000001,7.847
HD 74698 c,HD 74698,14.0,125.99999999999999,0.252,0.2,140.57000000000002,0.08799999999999998,3448.999999999999,4.5,5783.0,0.25285,1.333,1.0390000000000001,7.847
HD 75289 b,HD 75289,14.2,155.7367,0.299,0.03,1260.0,513.0427863883632,3.5092699999999994,0.05,6117.0,0.31247,1.23,1.29,5.6
HD 75302 b,HD 75302,12.8,1716.2733978,4.5,0.39,204.82,0.42500659948067976,4355.999999999999,5.299999999999999,5697.46,-0.07549,0.940904,1.06,2.1
HD 75784 b,HD 75784,13.8,317.8299999999999,0.665,0.097,597.9,30.763042411287227,341.19999999999993,1.032,4867.0,0.756,3.4000000000000004,1.26,4.0
HD 75784 c,HD 75784,12.8,1792.5611999999999,4.699999999999999,0.489,1171.773,323.7760570059255,7900.000000000007,8.400000000000002,4867.0,0.756,3.4000000000000004,1.26,4.0
HD 75898 b,HD 75898,13.2,810.4624378499997,1.9400000000000002,0.105,654.1,45.38749555963342,422.8200000000001,1.2025,6122.0,0.46,1.5499999999999998,1.295,3.2
HD 75898 c,HD 75898,12.6,2698.3631754300004,7.409999999999998,0.08,542.6,16.388687699971015,6717.0000000000055,7.3900000000000015,6122.0,0.46,1.5499999999999998,1.295,3.2
HD 76700 b,HD 76700,9.6,66.7443,0.41500000000000004,0.09,1369.032,584.2829952304759,3.9709699999999994,0.05,5644.0,0.25719,1.37,0.99,11.0
HD 76920 b,HD 76920,13.1,994.8029139099997,2.43,0.8782,609.766,34.34495969919155,415.8910000000002,1.091,4664.0,1.46982,8.330000000000002,1.0,5.2
HD 77338 b,HD 77338,4.12,15.900000000000004,1.25,0.09,1093.738,236.28338757480702,5.7361,0.06,5341.0,-0.2596,0.97,1.37,4.807
HD 77946 b,HD 77946,2.89646124,10.9,2.44,0.211,1128.86,413.1008000000001,6.527363000000001,0.073,6007.0,0.30878,1.3174,1.1972999999999998,3.1
HD 79181 b,HD 79181,14.1,203.41018047999995,0.399,0.259,564.7,29.44837689973108,273.09999999999997,0.9,4862.0,1.78965,11.059999999999999,1.2800000000000002,4.0304
HD 7924 b,HD 7924,2.8395539349999996,2058.2567637299994,2.56,0.06,825.9,113.70000000000002,5.39792,0.06,5131.0,-0.40636,0.78,0.65,0.88
HD 7924 c,HD 7924,2.8395539349999996,1762.6763452200005,2.56,0.098,583.6,28.35,15.299000000000003,0.1134,5075.0,-0.40636,0.7821,0.8319999999999999,0.88
HD 7924 d,HD 7924,2.8395539349999996,1568.1653601399998,2.56,0.21,499.0,15.169999999999998,24.450999999999997,0.15510000000000002,5075.0,-0.40636,0.7821,0.8319999999999999,0.88
HD 79498 b,HD 79498,13.6,425.89219999999995,0.9300000000000002,0.575,180.91000000000003,0.24452901176197744,1806.9999999999995,2.98,5748.0,0.03,1.05,1.08,2.71
HD 80606 b,HD 80606,11.56766808,1323.4692695899998,5.08,0.93183,405.0,11.209481718182724,111.43676499999998,0.46030000000000004,5565.0,-0.00237,1.05,1.05,5.9
HD 80653 b,HD 80653,1.613,5.720000000000001,7.47,0.0,2463.0,6130.000000000002,0.719573,0.01661,5959.0,0.24,1.22,1.18,2.67
HD 80869 b,HD 80869,12.8,1609.8008814599998,4.22,0.924,203.2,0.142,1752.9206700000004,2.9049999999999994,5837.0,0.39977,1.062,1.06,4.6472
HD 80883 b,HD 80883,12.8,1748.0562385000007,4.58,0.203,173.96,0.16607317851594977,6383.783520000003,6.4620000000000015,5177.91,-0.36654,0.8148419999999998,0.8800000000000001,3.5191000000000003
HD 80913 b,HD 80913,12.0,7505.2000029000055,23.9,0.313,953.4399999999999,39.33159155748899,10839.833410000007,9.95,6013.24,0.50831,1.6541999999999997,1.11,5.284
HD 81040 b,HD 81040,12.6,2301.0776666799998,6.319999999999999,0.525,425.0,22.726596535016363,1002.7000000000003,1.946,5755.0,-0.07676,0.91,0.99,1.79
HD 81688 b,HD 81688,13.5,525.6881851800002,1.17,0.04,365.4599999999999,4.2905413392224805,183.92999999999995,0.648,4797.0,1.78032,11.130000000000003,1.07,1.48
HD 81817 b,HD 81817,12.0,7668.563804099996,24.399999999999995,0.097,1222.6,228.70291384502926,1021.20159,3.2330000000000005,4140.0,3.26076,83.79999999999998,4.3,0.15
HD 81817 c,HD 81817,12.0,7185.78245386,22.900000000000006,0.095,1221.411,228.70291384502926,622.9780199999998,2.325,4140.0,3.26076,83.79999999999998,4.3,0.15
HD 82886 b,HD 82886,13.3,740.5439,1.73,0.07,528.14,23.026043217914726,704.9999999999999,1.58,4953.0,1.14301,5.26,2.5300000000000002,7.0
HD 82943 b,HD 82943,13.5,534.2499999999999,1.19,0.162,514.2,28.66427972281413,441.4699999999999,1.18306,5935.0,0.19405,1.1826,1.08,2.35
HD 82943 c,HD 82943,13.4,622.6029999999997,1.4199999999999997,0.3663,654.4010000000001,24.253101707109618,220.0780000000001,0.74345,5935.0,0.19405,1.1826,1.08,2.35
HD 8326 b,HD 8326,9.58,66.6,0.4159999999999999,0.2,349.19,3.225688845920023,158.991,0.533,4914.0,-0.49184,0.7831810000000001,0.8,7.1875
HD 83443 b,HD 83443,14.1,127.76701961000002,0.25,0.012,1212.127,432.5523059934112,2.985628,0.0406,5442.0,-0.10403,0.94,1.0,2.64
HD 83443 c,HD 83443,13.6,476.74261049999984,1.04,0.76,424.21000000000004,7.467208807380586,8240.999999999995,8.000000000000002,5442.0,-0.10403,0.94,1.0,2.64
HD 8535 b,HD 8535,14.0,216.12439999999992,0.43300000000000005,0.15,333.69,3.5833333458200385,1312.9999999999995,2.45,6136.0,0.33266,1.19,1.13,3.933
HD 85390 b,HD 85390,6.16,31.465170000000008,0.74,0.5,342.5,3.5616530341006456,799.5199999999999,1.3730000000000002,5186.0,-0.36653,0.8,0.758,7.2
HD 85426 c,TOI-1774,3.19,10.3,1.7400000000000002,0.06,640.0,28.725012461370227,35.72999999999999,0.102,5746.0,0.10143,1.1303,0.991,7.4
HD 8574 b,HD 8574,13.4,645.1949,1.4700000000000002,0.3,591.4,25.1160091071157,227.00000000000006,0.76,6064.0,0.37649,1.3799999999999997,1.34,5.6
HD 86065 b,HD 86065,12.5,2877.300568569999,8.1,0.219,319.0,2.0021009725177974,25775.788590000007,15.947000000000001,4927.56,-0.4902,0.7803470000000001,0.81,1.9746700000000001
HD 86081 b,HD 86081,13.6,470.3883999999999,1.03,0.0119,1854.1,2005.9832065167857,2.1378431,0.0346,5939.0,0.38,1.46,1.21,3.61
HD 86226 b,HD 86226,14.3,143.02350000000004,0.269,0.059,176.0,0.16113671732863022,1628.0,2.73,5863.0,0.07188,1.053,1.019,4.6
HD 86226 c,HD 86226,2.16,7.249999999999998,3.9699999999999998,0.075,1311.0,647.9009999999998,3.98442,0.049,5863.0,0.07188,1.053,1.019,4.6
HD 86264 b,HD 86264,12.5,3117.261015859998,8.77,0.821,491.4,122.40917479969143,1488.7912299999998,2.763,6210.0,0.66,1.88,1.26,2.24
HD 86728 b,HD 86728,3.03,9.429999999999998,1.8599999999999999,0.067,677.734,40.63845787400645,31.15149999999999,0.1916,5610.0,0.13513,1.237,0.9670000000000001,9.52
HD 8673 b,HD 8673,12.3,4210.590735940001,12.4,0.73,1184.08,227.70972706644702,1644.6909700000003,2.9700000000000006,6389.05,0.52992,1.50225,1.2800000000000002,1.2842999999999998
HD 86950 b,HD 86950,13.0,1144.188,2.86,0.17,554.01,21.650465667754766,1270.0000000000002,2.72,4805.0,1.55991,8.8,1.6599999999999997,2.3040000000000003
HD 87646 b,HD 87646,12.4,3941.092000000003,11.4,0.05,1286.218,415.58686870838153,13.480999999999998,0.117,5770.0,0.95972,1.5499999999999998,1.12,6.9510000000000005
HD 87816 b,HD 87816,12.7,2142.16346318,5.749999999999999,0.78,556.4,21.650465667754766,484.16999999999985,1.618,4989.0,1.65514,9.000000000000002,2.4100000000000006,3.2590000000000003
HD 87816 c,HD 87816,12.4,3877.506565399997,11.2,0.19,582.832,31.256544484965783,7595.999999999997,10.139999999999999,4989.0,1.65514,9.000000000000002,2.4100000000000006,1.7375
HD 87883 b,HD 87883,12.7,2005.4972481700008,5.379999999999999,0.72,187.86999999999998,0.21972241775853912,3005.9999999999973,3.7699999999999996,4980.0,-0.47108,0.798557,0.8,7.6
HD 88072 b,HD 88072,12.6,2511.7979005199995,6.900000000000002,0.156,582.61,27.743238040209306,18538.792930000003,13.895000000000001,5785.33,0.03137,1.032,1.04,5.9515
HD 88133 b,HD 88133,13.8,324.1865999999999,0.678,0.031,1661.1,1384.7521571825494,3.414884,0.0479,5392.0,0.49678,2.2,1.26,5.37
HD 88986 b,HD 88986,2.49,17.2,6.1000000000000005,0.24,460.0,14.66845945566824,146.05,0.58,5861.0,0.3934,1.543,1.25,7.9
HD 89307 b,HD 89307,13.4,642.0133821399997,1.4700000000000002,0.2,359.25999999999993,4.149879326624487,2166.0000000000005,3.27,5955.0,0.13131,1.1,1.27,2.31
HD 89345 b,HD 89345,7.39794,34.961299999999994,0.471,0.22,1089.0,275.64269999999993,11.8143,0.1066,5576.0,0.42488,1.747,1.157,7.53
HD 89744 b,HD 89744,12.6,2653.8805,7.290000000000002,0.677,582.066,26.445160617240916,256.78,0.917,6291.0,0.79579,2.13257,1.8599999999999999,1.88
HD 89839 b,HD 89839,12.9,1592.32031907,4.08,0.187,585.21,34.82725016597584,3440.9999999999973,4.760999999999999,6314.0,0.37479,1.28588,1.21,1.6
HD 90156 b,HD 90156,4.43,17.979999999999997,1.14,0.31,376.5,4.608969572121503,49.769999999999996,0.25,5599.0,-0.14267,0.920286,0.8400000000000001,4.4
HD 9174 b,HD 9174,13.7,352.79129999999986,0.754,0.12,192.70999999999998,0.22449396855502224,1178.9999999999995,2.2,5577.0,0.38202,1.6699999999999997,1.03,9.0
HD 92788 b,HD 92788,13.0,1195.0407999999995,2.99,0.35,797.2,21.571553713603976,325.803,0.97,5744.0,0.02,1.14,1.15,2.55
HD 92788 c,HD 92788,13.0,1166.4360999999994,2.9199999999999995,0.46,228.60599999999994,0.4744461722463753,11611.297499999993,10.5,5744.0,0.02,1.14,1.15,2.55
HD 93083 b,HD 93083,13.4,117.58999999999997,0.269,0.14,434.0,15.587995597923149,143.57999999999998,0.477,4995.0,-0.38722,0.850835,0.7,7.71
HD 93351 b,HD 93351,1.69,3.4961124799999994,3.9800000000000004,0.549,1281.0,593.8954743920661,2.4594600000000004,0.035,5408.0,-0.19371,0.9114349999999999,0.94,6.581999999999999
HD 93351 c,HD 93351,12.3,4154.017279490004,12.300000000000002,0.109,437.3,26.154366925291257,14010.294100000006,11.153999999999996,5408.0,-0.19371,0.9114349999999999,0.94,6.271
HD 93385 b,HD 93385,1.88,4.199999999999999,3.4699999999999998,0.295,1057.4,238.34388419284346,7.342599999999999,0.0756,5977.0,0.20683,1.18484,1.04,3.3
HD 93385 c,HD 93385,2.56,7.100000000000001,2.33,0.2,940.5599999999998,100.48002528368076,13.18,0.112,5977.0,0.20683,1.18484,1.04,3.3
HD 93385 d,HD 93385,2.89,8.699999999999998,1.9799999999999998,0.09,543.38,18.096364033447845,45.849999999999994,0.2565,5977.0,0.20683,1.18484,1.04,3.3
HD 93963 A b,HD 93963 A,1.46954368,2.8,4.8100000000000005,0.0,1842.23,2897.999999999999,1.0376109,0.02061,5908.0,0.06781,1.0311,1.0844000000000003,1.3
HD 93963 A c,HD 93963 A,3.11976057,18.4,3.3100000000000005,0.0,1212.45,543.7999999999998,3.6451389,0.04726,5908.0,0.06781,1.0311,1.0844000000000003,1.3
HD 9446 b,HD 9446,14.0,222.472,0.44599999999999995,0.2,656.3979999999999,29.98861325257453,30.052,0.189,5793.0,0.04139,1.0,1.0,4.287
HD 9446 c,HD 9446,13.4,578.4260000000002,1.32,0.06,402.96,4.402158748339624,192.89999999999998,0.6540000000000001,5793.0,0.04139,1.0,1.0,4.681100000000001
HD 94771 b,HD 94771,14.2,169.00000000000006,0.324,0.39,190.79999999999998,0.271,2164.0,3.48,5631.0,0.51587,1.9030000000000005,1.2,5.733
HD 94834 b,HD 94834,13.7,400.4658000000001,0.856,0.14,999.9,191.00757422835613,1576.0000000000002,2.74,4798.0,0.99301,4.199999999999999,1.11,6.449
HD 94890 b,HD 94890,13.3,676.97450691,1.58,0.22,632.2,35.793113506434594,824.6100000000001,2.07,4867.0,1.7635,10.710000000000004,1.7400000000000002,2.4305
HD 94890 c,HD 94890,12.5,2831.851106369999,7.969999999999999,0.05,584.8,31.256544484965783,2492.1900000000005,4.330000000000001,4867.0,1.7635,10.710000000000004,1.7400000000000002,2.359
HD 95086 b,HD 95086,12.9,1589.0000000000005,4.07,0.4492000000000001,1000.0,162.85974977830418,11.122139999999998,55.70000000000002,7595.0,0.82124,1.48667,1.6000000000000003,0.017
HD 95089 b,HD 95089,13.7,400.4658000000001,0.856,0.119,589.2,28.18160274671767,464.4000000000001,1.3599999999999999,4918.0,1.13033,5.08,1.54,2.5
HD 95089 c,HD 95089,13.1,1096.5134999999998,2.6800000000000006,0.284,599.766,36.3740772535201,1784.9999999999995,3.33,4918.0,1.13033,5.08,1.54,2.5
HD 95127 b,HD 95127,12.4,3378.532900000002,9.739999999999998,0.11,467.6,27.757358608760654,481.9999999999998,1.2800000000000002,4218.0,2.28,41.01,3.7,5.5
HD 95338 b,HD 95338,4.27174254,42.9,3.9800000000000004,0.197,443.0,7.419999999999998,55.082694,0.262,5097.0,-0.3098,0.8680000000000001,0.848,9.5
HD 95544 b,HD 95544,12.8,1913.6448385499996,5.01,0.049,156.5,0.1,2041.5415199999995,3.1659999999999995,5722.0,0.47797,1.088,1.01,5.741
HD 95735 c,GJ 411,3.76,13.600000000000001,1.4100000000000001,0.132,292.44,1.2432839315147575,2945.9999999999995,2.9400000000000004,3719.0,-1.70997,0.36849999999999994,0.3899,8.047
HD 95872 b,HD 95872,13.0,1188.6841999999997,2.9700000000000006,0.06,85.44,0.016650687758140523,4374.999999999997,5.15,5312.0,-0.24208,0.8400000000000001,0.7,10.0
HD 96063 b,HD 96063,13.7,403.64409999999987,0.863,0.17,785.29,34.98817716230999,362.4999999999999,1.11,5020.0,1.1038,4.75,1.37,9.0
HD 96127 b,HD 96127,12.1,6661.716799999996,20.7,0.3,581.332,31.256544484965783,647.29999,1.4199999999999997,3943.0,2.86,51.10000000000001,10.939999999999998,4.067
HD 96167 b,HD 96167,14.0,227.88410999999988,0.456,0.685,593.3,26.459828132034218,498.03999999999996,1.332,5733.0,0.57,1.9400000000000002,1.27,4.85
HD 96700 b,HD 96700,2.93,8.9,1.9400000000000002,0.138,1046.469,229.40483115990594,8.1245,0.0777,5845.0,0.13988,1.16,0.89,8.6
HD 96700 c,HD 96700,1.69,3.5000000000000004,3.9800000000000004,0.293,791.77,80.08752543708708,19.880000000000003,0.141,5845.0,0.13988,1.16,0.89,8.6
HD 96700 d,HD 96700,3.61,12.7,1.48,0.27,443.35,12.16240209591318,103.49999999999999,0.42400000000000004,5845.0,0.13988,1.16,0.89,8.6
HD 96992 b,HD 96992,13.7,362.3262,0.7740000000000001,0.41,471.8,28.744284727610687,514.0000000000001,1.2400000000000002,4725.0,1.47,7.43,0.9599999999999999,6.8575
HD 97037 b,HD 97037,12.1,6707.768529729995,20.8,0.357,618.801,31.472777559594878,6449.083369999999,6.925000000000002,5874.1,0.23365,1.26356,1.06,6.602000000000001
HD 97048 b,HD 97048,13.3,794.575,1.8599999999999999,0.3016,1565.5,567.3128393369433,11.122139999999998,129.99999999999994,10000.0,1.60206,2.25,2.4,0.003
HD 97658 b,HD 97658,2.12,8.3,4.8,0.05,751.0,41.924,9.489711599999998,0.0805,5212.0,-0.45469,0.7279999999999999,0.8500000000000001,3.9
HD 98219 b,HD 98219,13.4,624.2181200000002,1.4300000000000002,0.079,791.5899999999999,36.146882701885545,433.80000000000007,1.26,4925.0,1.04922,4.6,1.4100000000000001,4.0
HD 98649 b,HD 98649,12.5,3082.9355479000014,8.669999999999998,0.852,621.511,18.95765920099987,5383.999999999996,5.970000000000001,5759.0,-0.01412,1.01,0.97,4.44
HD 98736 b,HD 98736,13.3,740.5439,1.73,0.226,185.60999999999999,0.22053463405308094,968.7999999999998,1.8640000000000003,5271.0,-0.22,0.9300000000000002,0.9200000000000002,7.39
HD 99109 b,HD 99109,14.3,139.8452,0.263,0.09,493.2,26.778108394169248,439.29999,1.11,5282.0,-0.17178,0.9799999999999999,0.76,1.0
HD 99283 b,HD 99283,13.8,308.2935547899999,0.645,0.2,591.1110000000001,28.18160274671767,310.4,1.08,4886.0,1.80963,11.209999999999999,1.7600000000000002,2.521
HD 99492 b,HD 99492,5.44,25.5,0.87,0.034,640.6800000000001,32.10138175705079,17.0503,0.12,4929.0,-0.4749,0.822539,0.8500000000000001,4.8
HD 99492 c,HD 99492,4.42,17.9,1.14,0.063,398.43600000000004,4.445447431267006,95.23299999999998,0.102,4929.0,-0.4749,0.822539,0.8500000000000001,4.8
HD 99706 b,HD 99706,13.7,390.93090000000007,0.835,0.25,615.2,20.51330027605891,840.9999999999998,1.9799999999999998,4862.0,1.18752,5.52,1.46,2.1
HD 99706 c,HD 99706,12.8,1808.4527000000007,4.74,0.411,881.79,91.00632393550487,1278.0000000000005,0.102,4891.0,1.18752,5.4,1.72,2.1
HIP 105854 b,HIP 105854,12.6,2606.1000000000004,7.159999999999999,0.02,584.8,31.256544484965783,184.2,0.81,4780.0,1.67,10.305119,2.1,1.5960000000000003
HIP 107772 b,HIP 107772,3.64,12.899999999999999,1.4700000000000002,0.18,355.307,4.009347586385738,55.19899999999999,0.243,4006.0,-1.16322,0.513922,0.63,3.12
HIP 107773 b,HIP 107773,13.4,629.3034000000002,1.44,0.09,574.3,29.30659742669134,144.30000000000004,0.7199999999999999,4945.0,1.87,11.599999999999998,2.4200000000000004,1.4742
HIP 109384 b,HIP 109384,13.5,495.81480000000016,1.11,0.549,457.3,15.255896939062314,499.48000000000013,1.134,5180.0,-0.31878,0.831075,0.78,4.9003
HIP 109600 b,HIP 109600,13.2,851.7844,2.04,0.163,568.4,24.496065359235782,232.07999999999993,0.7060000000000001,5530.0,-0.07873,0.9719579999999999,0.87,7.741
HIP 111909 b,HIP 111909,13.7,384.5723724700001,0.822,0.20939999999999998,450.5,10.040653126433742,487.08000000000015,1.32,4891.0,1.02,4.530000000000001,1.2800000000000002,4.3
HIP 111909 c,HIP 111909,13.9,257.44100966999997,0.527,0.22489999999999996,604.1659999999999,29.86350947154319,893.6300000000002,1.97,4891.0,1.02,4.530000000000001,1.2800000000000002,4.3
HIP 113103 b,HIP 113103,1.829,3.9999999999999996,3.59,0.17,721.0,42.12610205522124,7.610303,0.06899,4930.0,-0.57629,0.742,0.7609999999999999,0.47
HIP 113103 c,HIP 113103,2.4,6.349999999999999,2.5200000000000005,0.17,585.0,180.48699999999997,14.245648,0.10479,4930.0,-0.57629,0.742,0.7609999999999999,0.47
HIP 114933 b,HIP 114933,13.4,616.5871095799997,1.4100000000000001,0.21,350.34,4.268802560612236,1481.6000000000001,2.8400000000000003,4823.0,1.13988,5.269999999999999,1.3899999999999997,3.4
HIP 116454 b,HIP 116454,2.469,9.7,3.5300000000000002,0.215,753.2,51.28580000000001,9.1004157,0.0792,5048.0,-0.47314,0.758,0.8,5.5
HIP 12961 b,HIP 12961,13.2,114.41879999999998,0.273,0.17,559.3,14.017111777053508,57.43499999999998,0.25,3901.0,-1.00302,0.65,0.69,3.689999999999999
HIP 14810 b,HIP 14810,13.0,1239.537,3.0999999999999996,0.14399,1133.8,247.43258728819094,6.673892000000002,0.0696,5544.0,-0.01,1.07,1.01,5.84
HIP 14810 c,HIP 14810,13.6,416.35730000000007,0.91,0.1566,594.201,22.988544028480185,147.74699999999996,0.549,5544.0,-0.01,1.07,1.01,5.84
HIP 14810 d,HIP 14810,14.1,187.51969999999994,0.368,0.185,272.52,1.4237520102625347,981.7999999999997,1.9400000000000002,5544.0,-0.01,1.07,1.01,5.84
HIP 18606 b,HIP 18606,14.0,244.72787339000007,0.49,0.20680000000000004,530.0,17.027454001408948,674.9399999999997,1.6100000000000003,4860.0,1.06,4.83,1.21,5.29
HIP 19976 b,HIP 19976,4.94,21.612331680000004,0.9850000000000001,0.304,437.724,6.848490318605551,50.65904999999999,0.234,4316.0,-0.72939,0.7723190000000001,0.67,6.888
HIP 21152 b,HIP 21152,12.0,7627.881768000003,24.299999999999997,0.36,1300.0,142.1113859472567,21999.999999999993,16.999999999999996,6655.0,0.63565,1.59186,1.4,0.65
HIP 29442 c,TOI-469,1.551,4.5,6.300000000000001,0.0573,1123.0,451.00000000000017,3.5379558999999996,0.04518,5289.0,-0.14921,0.9799999999999999,0.9010000000000001,11.2
HIP 29442 d,TOI-469,1.538,5.140000000000001,11.0,0.010000000000000002,920.0,202.99999999999994,6.429574999999998,0.0673,5289.0,-0.14921,0.9799999999999999,0.9010000000000001,11.2
HIP 34222 b,HIP 34222,13.9,263.79757781,0.54,0.305,450.7,20.49462508385654,159.98599999999996,0.492,4050.0,-1.03267,0.6186,0.62,4.56
HIP 35173 b,HIP 35173,3.61,12.7,1.48,0.16,446.40299999999996,8.292037826064345,41.516000000000005,0.217,4881.0,-0.51439,0.773404,0.79,6.055
HIP 35965 b,HIP 35965,12.6,2589.9836886400003,7.110000000000002,0.138,436.0,24.855735314671136,26125.56497000001,15.898000000000003,4836.0,-0.62021,0.697551,0.78,4.30567
HIP 38594 b,HIP 38594,2.77,8.1,2.09,0.17,342.36,3.001230598790777,60.722,0.256,4086.3,-1.06243,0.626646,0.61,2.627
HIP 38594 c,HIP 38594,7.94,48.400000000000006,0.531,0.16,175.32999999999998,0.18718274796578854,3477.768,3.8049999999999997,4086.3,-1.06243,0.626646,0.61,6.912000000000001
HIP 39017 b,HIP 39017,12.0,7500.750405200001,23.9,0.55,1279.0,149.52466401963875,31000.000000000015,22.099999999999998,7201.0,0.74788,1.51987,1.5200000000000002,0.115
HIP 41378 b,HIP 41378,2.595,6.890000000000001,2.17,0.0089,959.0,140.00000000000003,15.572079999999998,0.102,6320.0,0.39646,1.2729999999999997,1.16,4.279
HIP 41378 c,HIP 41378,2.727,4.3999999999999995,1.19,0.02955,757.0,54.000000000000014,31.706030000000002,0.102,6320.0,0.39646,1.2729999999999997,1.16,4.279
HIP 41378 d,HIP 41378,3.54,4.6,0.56,0.0,367.0,3.01,278.3618,0.102,6320.0,0.39646,1.2729999999999997,1.16,4.279
HIP 41378 e,HIP 41378,4.92,12.0,0.55,0.04431,335.0,2.1,368.9999999999999,0.102,6320.0,0.39646,1.2729999999999997,1.16,4.279
HIP 41378 f,HIP 41378,9.2,12.0,0.09,0.09573,294.0,1.2400000000000002,542.0797500000001,0.102,6320.0,0.39646,1.2729999999999997,1.16,4.279
HIP 41378 g,HIP 41378,2.54,6.999999999999998,2.35,0.012199999999999999,605.0,22.300000000000004,62.06000000000002,0.102,6320.0,0.39646,1.2729999999999997,1.16,4.279
HIP 4845 b,HIP 4845,3.89,14.400000000000002,1.34,0.25,436.36800000000005,6.82077966245212,34.14999999999999,0.176,4010.0,-1.0339,0.603999,0.62,5.1305
HIP 48714 b,HIP 48714,5.11,22.900000000000006,0.9430000000000001,0.5,635.981,25.346656817822478,17.817999999999998,0.112,4015.5,-1.15565,0.595456,0.58,5.723
HIP 5158 b,HIP 5158,13.6,451.00000000000017,0.9850000000000001,0.52,620.1310000000001,16.016484558843636,345.72,0.89,4962.0,-0.95861,0.75,0.78,6.0
HIP 5158 c,HIP 5158,12.2,4780.163200000003,14.499999999999998,0.14,411.5,15.348054922111622,9017.759999999995,7.700000000000002,4813.0,-0.5608,0.754089,0.78,6.0
HIP 54373 b,HIP 54373,2.87,8.620000000000001,1.9999999999999996,0.2,473.947,8.280265758925337,7.759999999999999,0.063,4021.0,-1.22239,0.564998,0.57,2.303
HIP 54373 c,HIP 54373,3.57,12.440000000000001,1.5,0.2,481.009,9.029993809036643,15.144000000000002,0.099,4021.0,-1.22239,0.564998,0.57,3.0471
HIP 54515 b,HIP 54515,12.2,5625.562803899997,16.999999999999996,0.42,1285.0,147.03975494493162,32999.99999999999,24.800000000000004,8100.0,1.02101,1.64915,1.8999999999999997,0.115
HIP 54597 b,HIP 54597,13.3,762.7881767999997,1.7800000000000002,0.03,92.96,0.0143,3273.9999999999995,3.9999999999999996,4799.0,-0.68194,0.6599999999999999,0.8,4.3
HIP 55507 b,HIP 55507,12.6,2585.534090950001,7.100000000000001,0.362,449.7,27.690457725708605,5138.437269999997,5.062,4171.0,-0.8453,0.723643,0.65,6.828
HIP 56640 b,HIP 56640,12.7,2151.698315390001,5.77,0.118,176.32999999999998,0.17107733244782397,2675.576030000001,4.55,4769.0,1.05,4.93,1.75,9.15
HIP 57274 b,HIP 57274,2.8395539349999996,3359.4462619900005,2.56,0.19,1194.8,260.6753057682271,8.135200000000001,0.07,4510.0,0.19,0.78,0.2899999999999999,7.87
HIP 57274 c,HIP 57274,14.2,129.99999999999994,0.249,0.05,580.711,28.915446210099308,32.03,0.178,4640.0,0.19,0.6800000000000002,0.73,7.87
HIP 57274 d,HIP 57274,14.2,167.39999999999995,0.32100000000000006,0.27,351.2,4.97062218261754,431.69999999999993,1.01,4640.0,0.19,0.6800000000000002,0.73,7.87
HIP 5763 b,HIP 5763,14.2,162.09248757000006,0.311,0.054,583.48,18.454461044478446,30.014000000000003,0.16999999999999998,4352.0,-0.73999,0.7503779999999999,0.7199999999999999,5.868999999999999
HIP 63242 b,HIP 63242,12.5,2917.5600000000004,8.21,0.23,589.5,31.256544484965783,124.59999999999997,0.565,4830.0,1.63,10.275655000000002,1.54,2.75621
HIP 65 A b,HIP 65 A,22.75427,1021.1877900000003,0.48,0.0,1411.0,661.0,0.9809734,0.01782,4590.0,-0.67799,0.7242,0.7809999999999999,4.1
HIP 65407 b,HIP 65407,14.3,136.03123999999997,0.256,0.14,640.258,25.00873873908628,28.125000000000007,0.177,5460.0,-0.18603,0.952252,0.9300000000000002,7.516000000000001
HIP 65407 c,HIP 65407,13.9,249.17872000000008,0.51,0.12,598.501,19.674087189289743,67.29999999999998,0.316,5460.0,-0.18603,0.952252,0.9300000000000002,7.207000000000001
HIP 65426 b,HIP 65426,16.8135,2860.4700000000003,3.3100000000000005,0.4452,1500.0,554.315529984867,11.122139999999998,92.00000000000003,8840.0,1.26895,1.77,1.96,0.014
HIP 65891 b,HIP 65891,12.8,1871.37366042,4.9,0.128,597.4100000000001,32.7122294814764,1079.55726,2.7939999999999996,5000.0,1.65,8.929999999999998,2.49,1.5379999999999998
HIP 66074 b,HIP 66074,12.9,1589.142035,4.07,0.948,470.9,77.17799327396338,310.8999999999999,0.799,4300.0,-0.81816,0.69,0.705,7.9
HIP 67522 b,HIP 67522,9.9872018,71.40000000000002,0.394,0.064,1175.0,341.0877999999999,6.959473099999999,0.0748,5675.0,0.24304,1.3799999999999997,1.22,0.017
HIP 67522 c,HIP 67522,7.93595834,48.3,0.531,0.077,917.0,132.26853354698733,14.334892,0.1228,5675.0,0.24304,1.3799999999999997,1.22,0.017
HIP 67537 b,HIP 67537,12.3,4309.1175421100015,12.7,0.586,581.332,31.256544484965783,2523.6471300000003,4.807,4985.0,1.61669,8.689999999999998,2.316,2.5620000000000003
HIP 67851 b,HIP 67851,13.7,365.50266804999995,0.7809999999999999,0.13,567.2,29.50280445858735,89.23000000000002,0.41999999999999993,4840.0,1.16673,5.449999999999999,1.2800000000000002,5.46
HIP 67851 c,HIP 67851,12.7,2204.775659360001,5.910000000000001,0.3,314.57,3.942013656110455,3128.409999999997,4.55,4840.0,1.16673,5.449999999999999,1.2800000000000002,5.46
HIP 70849 b,HIP 70849,12.9,1430.2278314999996,3.6600000000000006,0.65,420.8,8.118825747064978,3649.0000000000005,3.9900000000000007,4105.0,-1.04817,0.633112,0.65,3.0
HIP 71135 b,HIP 71135,4.55,18.800000000000004,1.1,0.21,409.37,4.588527384572895,87.18999999999998,0.3350000000000001,4146.0,-0.908,0.6812959999999999,0.6599999999999999,6.821000000000001
HIP 74890 b,HIP 74890,13.3,762.7919999999999,1.7800000000000002,0.07,606.2,36.12993923300898,822.2999999999997,2.1,4850.0,1.21484,5.77,1.7400000000000002,4.41
HIP 75092 b,HIP 75092,13.5,568.9128485299998,1.27,0.42,333.7,5.092161473293898,926.3999999999997,2.0200000000000005,4891.0,1.01995,4.530000000000001,1.2800000000000002,4.3
HIP 77900 b,HIP 77900,12.1,6674.396547,20.7,0.46340000000000003,2507.0,4515.972328538972,11.122139999999998,3318.9999999999995,13646.0,-0.07632,0.95138,0.94,1.0495
HIP 78530 b,HIP 78530,12.0,7299.999999999996,23.200000000000003,0.4799000000000001,2700.0,7979.863934830952,11.122139999999998,739.9999999999998,10500.0,1.3684,2.10876,2.5,0.005
HIP 79098 AB b,HIP 79098 AB,12.1,6515.514999999998,20.200000000000003,0.44430000000000003,2450.0,4269.269928958599,11.122139999999998,344.99999999999983,9193.75,-0.07632,0.95138,3.7500000000000004,0.01
HIP 79431 b,HIP 79431,13.4,667.415,1.5200000000000002,0.29,307.23999999999995,1.4497938433860855,111.7,0.36,3191.0,-1.54921,0.478625,0.49,4.266
HIP 81208 C b,HIP 81208 C,12.3,4703.8604236,13.899999999999997,0.34851,2050.0,710.6298161209984,104099.99999999997,23.039999999999992,5549.0,-0.07632,0.95138,0.135,0.017
HIP 8152 b,HIP 8152,2.53625843,8.9,2.9700000000000006,0.0,794.96,88.90000000000003,10.751014000000001,0.09299999999999999,5618.0,-0.0804,0.9603,0.9373,6.0
HIP 8152 c,HIP 8152,2.52442508,10.7,3.63,0.2,650.68,39.900000000000006,19.605619999999995,0.139,5618.0,-0.0804,0.9603,0.9373,6.0
HIP 8541 b,HIP 8541,12.6,2451.7283316000003,6.7299999999999995,0.36,337.34000000000003,4.794482941188564,1852.1438699999999,3.7290000000000005,4672.0,1.31,6.839999999999998,2.009,10.97
HIP 86221 b,HIP 86221,14.0,225.65816897,0.45199999999999996,0.086,1466.4,887.7172962481009,2.224,0.031,5549.0,-0.07632,0.95138,0.79,8.9527
HIP 90988 b,HIP 90988,13.4,668.0753115099998,1.53,0.081,356.28999999999996,4.0966966198241,455.73816,1.3599999999999999,4883.0,0.88986,3.9399999999999995,1.613,4.55
HIP 91258 b,HIP 91258,13.7,346.4346999999999,0.74,0.02,1077.48,199.62296933824962,5.0505,0.06,5519.0,-0.222,0.89,0.97,2.4
HIP 94235 b,HIP 94235,3.0,379.00000000000006,2.56,0.32,1060.0,219.28410000000008,7.713056999999999,0.0787,5991.0,0.13759,1.08,1.094,0.118
HIP 948 b,HIP 948,12.1,6547.265184200003,20.300000000000004,0.23,598.971,15.639460142416198,24955.45756000002,15.037,4497.0,-0.75782,0.688488,0.71,4.960999999999999
HIP 9618 b,HIP 9618,3.82838127,8.3,0.81,0.0,640.88,40.29999999999999,20.772858000000006,0.14499999999999996,5649.0,-0.0716,0.9593,0.942,5.6
HIP 9618 c,HIP 9618,3.42855926,6.999999999999998,1.0,0.0,470.31,11.700000000000003,52.563629999999996,0.269,5649.0,-0.0716,0.9593,0.942,5.6
HIP 97166 b,HIP 97166,2.4801338,19.100000000000005,6.86,0.29,701.66,9.068599999999998,10.288914,0.091,5216.0,-0.32514,0.8418,0.9342,1.2
HIP 97166 c,HIP 97166,2.75,8.000000000000002,2.1100000000000003,0.0,642.0,37.26698811638031,16.432,0.124,5216.0,-0.32514,0.8418,0.9342,1.2
HIP 97233 b,HIP 97233,12.1,6098.173645109997,18.900000000000002,0.63,581.332,31.256544484965783,1062.2650599999997,2.4910000000000005,5020.0,1.204,5.34,1.8100000000000003,4.5520000000000005
HIP 99770 b,HIP 99770,12.2,5117.0373527,15.499999999999998,0.25,1269.9,193.0423795334153,18599.999999999996,16.899999999999995,8000.0,1.14176,1.9398600000000001,1.85,0.264
HN Lib b,HN Lib,2.2,5.46,2.8199999999999994,0.079,234.4,0.503,36.116,0.1417,3347.0,-1.99542,0.299,0.291,4.4
HN Peg b,HN Peg,11.7768,6991.569999999998,23.500000000000007,0.51574,602.176,48.44878219957983,11.122139999999998,773.0000000000002,6186.0,0.06024,1.006954,1.08,0.3
HR 2562 b,HR 2562,12.44199,4195.334972399996,12.0,0.5151600000000001,1255.0,252.25168633730692,11.122139999999998,26.999999999999996,6597.0,0.53147,1.334,1.3679999999999999,0.5
HR 5183 b,HR 5183,13.1,1052.0120271699998,2.5699999999999994,0.84,171.0,0.17562540451604913,26999.999999999978,17.999999999999996,5794.0,0.39748,1.53,1.07,7.7
HR 810 b,HR 810,12.7,1970.5361233999995,5.29,0.14,574.011,28.6566612053962,302.79999,0.9200000000000002,6167.0,0.25309,1.13,1.34,2.72
HR 858 b,HR 858,2.004,3.5499999999999994,2.44,0.0,1552.0,989.6999999999998,3.5852869999999997,0.04888,6354.0,0.36361,1.258,1.204,2.0
HR 858 c,HR 858,1.979,3.8,2.8999999999999995,0.0,1309.0,511.99999999999994,5.973864999999999,0.0687,6354.0,0.36361,1.258,1.204,2.0
HR 858 d,HR 858,2.001,7.100000000000001,4.9,0.0,1061.0,216.99999999999997,11.230510999999998,0.1046,6354.0,0.36361,1.258,1.204,2.0
HR 8799 b,HR 8799,13.0,2000.0,5.0,0.5033,1200.0,158.82611323527624,170000.00000000012,68.00000000000001,7204.58,0.69197,1.49338,1.5,0.06
HR 8799 c,HR 8799,13.0,2999.9999999999995,7.5,0.5,1200.0,152.0912726834431,68999.99999999997,37.99999999999999,7204.58,0.69197,1.49338,1.5,0.06
HR 8799 d,HR 8799,13.0,2999.9999999999995,7.5,0.6,1300.0,116.62964060186094,37000.00000000001,23.999999999999996,7204.58,0.69197,1.49338,1.5,0.06
HR 8799 e,HR 8799,13.11453,3178.2999999999997,7.739999999999999,0.15,1150.0,230.85820085025264,20815.600000000002,16.4,7400.0,0.73347,1.49338,1.5100000000000002,0.03
HS Psc b,HS Psc,13.6,464.0294742199998,1.01,0.27,1629.984,637.3188955070503,3.9860000000000007,0.0435,4203.0,-0.91364,0.65,0.69,0.133
HU Aqr AB b,HU Aqr,12.8,1875.1970000000006,4.91,0.0,248.93,0.7469349241022546,2389.999999999999,3.6000000000000005,5952.0,-0.07632,0.95138,0.8800000000000001,4.322000000000001
HU Aqr AB c,HU Aqr,12.9,1430.2350000000001,3.6600000000000006,0.51,479.7,70.68944363969713,4368.000000000002,5.4,5952.0,-0.07632,0.95138,0.8800000000000001,3.6693999999999996
IC 4651 9122 b,IC 4651 9122,12.7,2002.3290000000006,5.370000000000001,0.18,582.832,31.256544484965783,733.9999999999999,2.038,4740.1,1.6359,10.267424000000002,2.1,1.14
IRAS 04125+2902 b,IRAS 04125+2902,10.73820351,80.80000000000003,0.359,0.10038,854.0,41.4199,8.834978,0.077,4080.0,-0.33161,1.45,0.7,0.0033
ITG 15 b,ITG 15 A,12.1,6674.396547,20.7,0.4399400000000001,2601.0,3196.913019799837,11.122139999999998,435.0,5549.0,-0.07632,0.95138,0.94,0.07374
K2-10 b,K2-10,3.773,25.2,2.36,0.31,649.0,42.099999999999994,19.30553,0.137,5533.0,-0.10088,0.9559999999999998,0.8800000000000001,7.4670000000000005
K2-100 b,K2-100,3.88,21.800000000000004,2.04,0.0,1841.0,1914.9999999999998,1.6739034999999998,0.0301,5945.0,0.24969,1.2400000000000002,1.15,0.75
K2-101 b,K2-101,2.0,4.66,3.2000000000000006,0.1,618.0,29.053810367657178,14.676242900000002,0.1124,4927.0,-0.59482,0.76,0.8200000000000001,0.79
K2-102 b,K2-102,1.3,2.24,5.6,0.1,619.7,26.657003260794422,9.915614999999999,0.102,4695.0,-0.65738,0.71,0.77,0.79
K2-104 b,K2-104,1.79,3.8599999999999994,3.7,0.09,798.0,62.100000000000016,1.9741953999999997,0.0242,3712.0,-1.43415,0.48,0.51,0.79
K2-105 b,K2-105,3.4,15.400000000000002,2.24,0.0,805.0,100.00000000000003,8.26726,0.0796,5373.0,-0.18892,0.905,0.94,0.6
K2-107 b,K2-107,15.98,266.97720000000004,0.35,0.0,1649.0,1313.5760159099646,3.3139590000000005,0.0475,6061.0,0.46446,1.8100000000000003,1.3,4.25
K2-108 b,K2-108,5.33,59.39999999999999,2.2199999999999998,0.18,1360.0,762.0,4.733999,0.0581,5599.0,0.40539,1.7600000000000002,1.17,7.8
K2-11 b,K2-11,7.55,44.400000000000006,0.567,0.20004,734.0,9.839999999999998,39.93766999999999,0.2257,5433.0,-0.31039,5.15,1.35,2.7726999999999995
K2-110 b,K2-110,2.592,15.900000000000004,5.02,0.13,638.0,27.700000000000003,13.863750000000003,0.10207,5010.0,-0.56708,0.7129999999999999,0.738,8.0
K2-111 b,K2-111,1.82,5.58,5.0,0.1,1309.0,489.9999999999999,5.351800000000001,0.0565,5775.0,0.27875,1.25,0.8400000000000001,13.5
K2-111 c,K2-111,3.33,11.079999999999998,1.65,0.071,839.3130000000001,116.51722047519746,15.680499999999999,0.11568999999999999,5775.0,0.27875,1.25,0.8400000000000001,13.5
K2-113 b,K2-113,12.14,410.0007000000001,1.97,0.0,1098.0,277.39,5.817684999999999,0.0642,5660.0,0.0086,1.2400000000000002,1.04,5.9
K2-114 b,K2-114,10.59248676,638.83509807,2.9600000000000004,0.079,701.4,40.00000000000001,11.390930999999998,0.0944,4899.0,-0.4437,0.8319999999999999,0.863,7.6
K2-115 b,K2-115,11.80305668,321.00669107000004,1.07,0.063,696.0,20.439300000000003,20.272991400000002,0.1415,5870.0,-0.10791,0.855,0.9179999999999999,2.2
K2-116 b,K2-116,0.69,0.257,4.3,0.06,748.38,78.59999999999998,4.655410999999999,0.048,4348.35,-0.74639,0.6694,0.694512,8.975
K2-117 b,K2-117,2.03,4.78,3.14,0.06,868.0,145.80000000000004,1.2916,0.0189,3778.0,-1.35655,0.51,0.54,5.921999999999999
K2-117 c,K2-117,2.06,4.9,3.08,0.15,537.0,21.4,5.444016999999999,0.0492,3778.0,-1.35655,0.51,0.54,4.851
K2-118 b,K2-118,2.54,6.989999999999999,2.34,0.2,372.96000000000004,4.3,50.92092,0.245,4726.29,-0.56055,0.734626,0.7564460000000001,5.616999999999999
K2-119 b,K2-119,2.53,6.9399999999999995,2.35,0.07,666.0,54.899999999999984,7.727282999999999,0.0698,4740.0,-0.68533,0.71,0.76,3.6819999999999995
K2-12 b,K2-12,2.44,5.199999999999999,1.6000000000000003,0.5,1026.0,185.00000000000009,8.28246,0.0792,5672.0,0.07181,1.117,0.965,8.9
K2-121 b,K2-121,7.16,51.00000000000001,0.7,0.22,716.0,62.49999999999999,5.185738000000001,0.0525,4526.0,-0.74531,0.675,0.71,6.697
K2-122 b,K2-122,1.16,1.65,5.81,0.21,769.0,79.90000000000002,2.2193022999999994,0.0373,4009.0,-1.10237,0.5900000000000001,0.63,3.2245000000000004
K2-123 b,K2-123,2.76,8.05,2.1,0.06,338.0,2.8999999999999995,30.951524,0.16490000000000002,4035.0,-1.14267,0.5900000000000001,0.62,4.090999999999999
K2-124 b,K2-124,2.9,8.750000000000002,1.97,0.08,442.0,8.699999999999998,6.413650999999999,0.049,3570.0,-1.65919,0.388,0.39,3.84401
K2-125 b,K2-125,2.18,5.390000000000001,2.86,0.08,327.867,1.9999999999999996,21.750263999999998,0.121,3654.47,-1.64124,0.402049,0.494727,3.556
K2-126 b,K2-126,1.97,4.540000000000001,3.26,0.06,601.0,35.3,7.385655,0.0656,4339.0,-0.87762,0.65,0.69,3.8340000000000005
K2-127 b,K2-127,8.37,52.90000000000001,0.496,0.12,809.0,105.59999999999995,3.5881630000000007,0.0411,4575.0,-0.25445,0.6599999999999999,0.7199999999999999,6.917000000000002
K2-128 b,K2-128,1.42,2.6000000000000005,4.989999999999999,0.23,765.352,68.79999999999998,5.675819000000001,0.056,4469.51,-0.82159,0.777569,0.711248,5.942200000000001
K2-129 b,K2-129,1.04,1.12,5.47,0.13,385.41999999999996,4.5,8.239493,0.057,3459.09,-1.82842,0.36001000000000005,0.360031,4.654
K2-13 b,K2-13,1.89,4.23,3.44,0.0,511.0,22.800000000000004,39.91487999999999,0.2114,5698.0,-0.13534,0.78,0.8,2.2889999999999997
K2-130 b,K2-130,1.25,2.1,5.910000000000001,0.17,912.1779999999999,136.39999999999995,2.49412,0.032,4356.47,-0.79892,0.7442610000000001,0.69563,3.5875
K2-131 b,K2-131,1.69,7.9,8.8,0.0,2223.0,4070.0000000000023,0.3693038,0.00936,5120.0,-0.47906,0.7595,0.8030000000000002,5.3
K2-132 b,K2-132,14.5717,155.7367,0.277,0.29,1586.0,293.37400000000014,9.1751,0.0916,4840.0,0.94349,3.8500000000000005,1.08,8.5
K2-133 b,K2-133,1.34,2.36,5.390000000000001,0.0347,714.08,44.57264293289137,3.0713300000000006,0.03194,3655.0,-1.47886,0.455,0.4610000000000001,5.869
K2-133 c,K2-133,1.603,3.2000000000000006,4.27,0.0364,588.1,23.05249351130316,4.867840000000001,0.04341,3655.0,-1.47886,0.455,0.4610000000000001,4.7
K2-133 d,K2-133,2.003,4.67,3.1899999999999995,0.11700000000000002,734.0,48.325100000000006,11.024540000000004,0.07487,3655.0,-1.47886,0.455,0.4610000000000001,2.841
K2-133 e,K2-133,1.73,3.64,3.8599999999999994,0.09569999999999998,296.0,1.8000000000000003,26.584099999999992,0.1346,3655.0,-1.47886,0.455,0.4610000000000001,4.77
K2-136 b,K2-136,1.014,4.3,23.999999999999996,0.14,610.0,33.50000000000001,7.975200000000001,0.0707,4500.0,-0.7765,0.677,0.742,0.65
K2-136 c,K2-136,3.0,18.100000000000005,3.6900000000000004,0.047,470.0,11.91,17.307129999999997,0.1185,4500.0,-0.7765,0.677,0.742,0.65
K2-136 d,K2-136,1.565,3.0,4.3,0.071,420.0,7.0699999999999985,25.574999999999996,0.1538,4500.0,-0.7765,0.677,0.742,0.65
K2-137 b,K2-137,0.64,158.91500000000002,2.56,0.0,1471.0,725.5466619410539,0.179719,0.0058,3697.0,-1.48388,0.2899999999999999,0.46299999999999997,4.6850000000000005
K2-138 b,K2-138,1.51,3.0999999999999996,4.9,0.048,1157.0,485.99999999999994,2.35309,0.03385,5356.3,-0.28654,0.863,0.9350000000000002,2.8
K2-138 c,K2-138,2.299,6.3100000000000005,2.8,0.045,1012.0,278.9999999999999,3.5600400000000003,0.04461,5356.3,-0.28654,0.863,0.9350000000000002,2.8
K2-138 d,K2-138,2.39,7.919999999999998,3.0999999999999996,0.043,888.0,160.00000000000003,5.404790000000001,0.05893,5356.3,-0.28654,0.863,0.9350000000000002,2.8
K2-138 e,K2-138,3.39,12.97,1.8000000000000003,0.077,757.0,91.09999999999998,8.261460000000001,0.0782,5356.3,-0.28654,0.863,0.9350000000000002,2.8
K2-138 f,K2-138,2.904,1.63,0.4,0.062,653.0,51.00000000000001,12.75758,0.10447,5356.3,-0.28654,0.863,0.9350000000000002,2.8
K2-138 g,K2-138,3.013,4.32,0.9,0.059,445.0,9.29,41.967969999999994,0.23109,5356.3,-0.28654,0.863,0.9350000000000002,2.8
K2-139 b,K2-139,9.11,123.00020999999995,0.91,0.12,524.0,14.709514626184086,28.380619000000003,0.1796,5370.0,-0.29948,0.8800000000000001,0.9599999999999999,1.8
K2-14 b,K2-14,4.81,20.7,1.02,0.14,488.0,8.000000000000002,8.36802,0.0627,3789.0,-0.96847,0.45000000000000007,0.4699999999999999,5.8496
K2-140 b,K2-140,13.56286665,295.5804185100001,0.6599999999999999,0.0,962.0,204.00000000000006,6.5691880000000005,0.068,5585.0,-0.04915,1.06,0.9599999999999999,9.8
K2-141 b,K2-141,1.51,4.97,7.930000000000001,0.0,2103.0,3259.999999999999,0.2803244,0.00747,4570.0,-0.75,0.6810000000000002,0.708,6.3
K2-141 c,K2-141,7.0,8.000000000000002,0.081,0.092,695.0,39.099999999999994,7.7485,0.0683,4570.0,-0.75,0.6810000000000002,0.708,6.3
K2-146 b,K2-146,2.05,5.77,3.6900000000000004,0.129,534.0,20.7,2.6446000000000005,0.0248,3385.0,-1.82391,0.33,0.331,5.0
K2-146 c,K2-146,2.19,7.489999999999999,3.92,0.075,500.476,10.958514331611717,4.004979999999999,0.0327,3385.0,-1.82391,0.33,0.331,5.0
K2-147 b,K2-147,1.47286006,2.7699999999999996,4.759999999999999,0.38,1077.0,200.09999999999997,0.961939,0.01575,3690.0,-1.25181,0.578,0.563,3.397
K2-148 b,K2-148,1.33,2.33,5.44,0.045,741.28,48.800000000000004,4.38395,0.0454,4079.0,-0.99568,0.632,0.65,4.2747
K2-148 c,K2-148,1.73,3.64,3.8599999999999994,0.0632,620.4,26.500000000000004,6.9226,0.0616,4079.0,-0.99568,0.632,0.65,5.121
K2-148 d,K2-148,1.64,3.33,4.15,0.024037999999999997,533.316,16.8,9.7579,0.0774,4079.0,-0.99568,0.632,0.65,5.247000000000001
K2-149 b,K2-149,1.64,3.33,4.15,0.10389999999999999,444.56000000000006,6.999999999999998,11.332,0.083,3745.0,-1.3098,0.568,0.595,3.561
K2-15 b,K2-15,2.48,6.710000000000001,2.4200000000000004,0.0,676.0,47.99999999999999,11.810399999999998,0.091,5131.0,-0.45314,0.6800000000000002,0.7199999999999999,4.886
K2-150 b,K2-150,2.0,4.66,3.2000000000000006,0.07886000000000001,425.1,4.9,10.593569999999998,0.0727,3499.0,-1.58503,0.43600000000000005,0.45699999999999996,5.475
K2-151 b,K2-151,1.49,2.8300000000000005,4.699999999999999,0.02,566.0,20.8,3.835476,0.0373,3695.0,-1.55284,0.45000000000000007,0.4699999999999999,4.512
K2-152 b,K2-152,2.29,5.860000000000001,2.6800000000000006,0.028999999999999998,337.0,2.8999999999999995,32.6479,0.1716,4044.0,-1.06048,0.61,0.63,3.886
K2-153 b,K2-153,2.0,4.66,3.2000000000000006,0.039,497.0,11.799999999999999,7.515739999999999,0.0614,3845.0,-1.36653,0.53,0.55,3.4529999999999994
K2-154 b,K2-154,1.99,4.619999999999999,3.22,0.06090000000000001,715.0,57.50000000000001,3.6762599999999996,0.0405,4097.0,-1.01773,0.63,0.65,5.2780000000000005
K2-154 c,K2-154,2.07,4.94,3.0599999999999996,0.07089999999999999,552.0,20.499999999999996,7.954860000000002,0.0677,4097.0,-1.01773,0.63,0.65,5.47
K2-155 b,K2-155,1.8,3.8900000000000006,3.67,0.0248,708.0,19.899999999999995,6.3420000000000005,0.0562,4258.0,-1.22915,0.58,0.65,2.8989999999999996
K2-155 c,K2-155,2.6,7.269999999999999,2.2700000000000005,0.0633,583.0,6.999999999999998,13.849999999999998,0.0946,4258.0,-1.22915,0.58,0.65,2.547
K2-155 d,K2-155,1.9,4.27,3.42,0.0198,381.0,1.6699999999999997,40.71800000000001,0.19369999999999998,4258.0,-1.22915,0.58,0.65,2.377
K2-156 b,K2-156,1.1,1.37,5.66,0.05,1347.0,605.2766070296111,0.8131430000000001,0.0149,4460.0,-0.83803,0.62,0.6599999999999999,4.470999999999999
K2-157 b,K2-157,0.935,1.14,7.700000000000002,0.1465,2432.0,6659.999999999996,0.3652575,0.00962,5334.0,-0.2102,0.86,0.89,8.8
K2-157 c,K2-157,6.08,30.799999999999997,0.7529999999999999,0.2,587.0,22.649999999999995,25.942,0.165,5334.0,-0.2102,0.86,0.89,8.8
K2-157 d,K2-157,5.16,23.3,0.9319999999999999,0.5,429.1,6.46,66.5,0.309,5334.0,-0.2102,0.86,0.89,8.8
K2-158 b,K2-158,2.64,7.460000000000001,2.2299999999999995,0.0,794.0,82.26450518598874,10.060489999999998,0.0887,5503.0,-0.16298,0.9500000000000001,0.9200000000000002,4.785
K2-158 c,K2-158,1.28,2.18,5.71,0.0,948.0,174.53552567900073,5.9027899999999995,0.0622,5503.0,-0.16298,0.9500000000000001,0.9200000000000002,4.536
K2-159 b,K2-159,2.26,5.73,2.73,0.0,684.0,52.53133951982778,12.422050000000002,0.1013,5425.0,-0.29599,0.83,0.9,4.773999999999999
K2-16 b,K2-16,2.02,4.74,3.16,0.021532000000000003,658.0,44.5,7.618799999999999,0.0667,4742.0,-0.76082,0.6599999999999999,0.6800000000000002,7.334000000000001
K2-16 c,K2-16,2.54,6.989999999999999,2.34,0.09719,485.0,13.1,19.078629999999997,0.1229,4742.0,-0.76082,0.6599999999999999,0.6800000000000002,4.662
K2-160 b,K2-160,3.17824034,10.2,1.75,0.003,1021.2,205.34674100856574,3.7058710000000006,0.102,5649.0,-0.13676,0.913754,0.982829,1.3634
K2-161 b,K2-161,6.11721229,31.100000000000005,0.7470000000000001,0.096,1114.2549999999999,371.11519774874904,9.283187999999999,0.102,4972.0,0.91922,2.568173,0.9868759999999999,9.245000000000001
K2-162 b,K2-162,1.44,2.67,4.91,0.04440000000000001,631.0,27.264794509671646,9.458890000000004,0.0795,4842.0,-0.65691,0.69,0.75,5.508699999999999
K2-163 b,K2-163,2.46610713,6.6499999999999995,2.44,0.007000000000000001,742.144,53.983800943430694,6.673117,0.102,4937.0,-0.54141,0.762201,0.826112,2.425
K2-164 b,K2-164,3.24925008,10.600000000000001,1.7000000000000002,0.06760000000000001,1138.1,302.7449394779594,17.355065999999997,0.102,5791.0,0.59002,2.1960690000000005,1.1808940000000003,6.163
K2-165 b,K2-165,1.27443657,2.17,5.76,0.023799999999999998,999.5799999999999,182.01652086421302,2.354992,0.102,5185.0,-0.36982,0.803827,0.8348469999999999,5.434
K2-165 c,K2-165,1.55409035,3.0300000000000002,4.44,0.008,913.7,121.37587208862942,4.382745000000001,0.102,5185.0,-0.36982,0.803827,0.8348469999999999,6.124999999999999
K2-165 d,K2-165,2.64809498,7.5,2.2199999999999998,0.0,629.38,37.08189999999999,14.101360999999999,0.102,5185.0,-0.36982,0.803827,0.8348469999999999,5.432999999999999
K2-166 b,K2-166,2.19,5.43,2.8400000000000003,0.08800000000000001,1140.0,390.82975825699157,8.52695,0.0858,5960.0,0.45848,1.6100000000000003,1.16,5.562800000000001
K2-167 b,K2-167,2.36509493,6.499999999999999,2.8699999999999997,0.48,1220.0,317.0,9.978541000000002,0.0932,6310.0,0.50651,1.499,1.084,5.3
K2-168 b,K2-168,1.86,4.119999999999999,3.52,0.0,766.35,62.41923404509459,15.8523,0.102,5502.7,-0.17649,0.83,0.877,3.8089999999999997
K2-169 b,K2-169,1.27328671,2.16,5.749999999999999,0.0,935.4,146.09660540432014,6.380803,0.102,5548.0,-0.16063,0.9190529999999999,0.9861440000000001,0.9411999999999999
K2-17 b,K2-17,2.23,5.6,2.7699999999999996,0.18,487.0,4.91,17.96753,0.119,4320.0,-0.9966,0.6599999999999999,0.71,3.679
K2-170 b,K2-170,1.41817537,2.6000000000000005,5.01,0.0,913.132,162.19381323976987,7.576543999999999,0.102,5748.0,0.0717,0.981614,0.9636570000000001,4.043
K2-170 c,K2-170,1.8017647,3.9000000000000004,3.6600000000000006,0.0,786.8,88.20668915084391,12.400047,0.102,5748.0,0.0717,0.981614,0.9636570000000001,3.9219999999999997
K2-171 b,K2-171,2.68657205,7.690000000000001,2.18,0.15860000000000002,1324.886,509.15109242139556,5.628466,0.102,5250.0,0.51583,1.7174580000000002,0.8915870000000001,10.020000000000001
K2-172 b,K2-172,1.66608079,3.42,4.06,0.0,752.9350000000001,71.91030300129344,14.316940999999998,0.102,5569.0,-0.20215,0.868889,0.934356,1.927
K2-172 c,K2-172,3.20569097,10.399999999999999,1.73,0.0,539.9,23.141555722227398,29.626820000000002,0.102,5569.0,-0.20215,0.868889,0.934356,1.9400000000000002
K2-173 b,K2-173,1.60826194,3.22,4.25,0.0185,907.14,124.33087159740606,5.868699,0.102,5580.0,-0.05981,0.843154,0.881538,7.860999999999999
K2-174 b,K2-174,2.6,7.269999999999999,2.2700000000000005,0.014000000000000002,455.0,10.9555,19.562307,0.126,4455.0,-0.77269,0.6759999999999999,0.7,2.2640000000000002
K2-175 b,K2-175,2.03803688,4.8100000000000005,3.12,0.006900000000000001,1024.799,229.76293274974975,9.525988000000002,0.102,5909.0,0.41926,1.420038,1.094693,6.487
K2-176 b,K2-176,1.49090097,2.8300000000000005,4.6899999999999995,0.0,908.7,140.02014835996482,5.329439,0.102,5428.0,-0.34794,0.86416,0.9385450000000001,2.864
K2-177 b,K2-177,2.1162048,5.13,2.9700000000000006,0.047,941.9,172.48061297643477,14.155185000000001,0.102,6063.0,0.34158,1.213565,1.210525,3.1979999999999995
K2-178 b,K2-178,3.55790985,12.4,1.5100000000000002,0.07880000000000001,840.29,117.82600000000001,8.747818,0.102,5525.0,-0.28382,0.887267,0.95109,2.036
K2-179 b,K2-179,2.51267885,6.86,2.3799999999999994,0.0106,787.1,81.299895715224,5.172191,0.102,5015.0,-0.52287,0.768067,0.824345,5.54
K2-18 b,K2-18,2.37,8.92,4.109999999999999,0.2,284.0,1.005,32.939623,0.1429,3457.0,-1.59688,0.411,0.359,2.016
K2-18 c,K2-18,2.65,7.509999999999999,2.2199999999999998,0.47,363.0,3.803847991974041,8.962,0.06,3457.0,-1.59688,0.411,0.359,3.261
K2-180 b,K2-180,2.46597575,11.41003981,4.16,0.075,797.5,48.3,8.865663,0.0756,5365.0,-0.41341,0.719,0.7350000000000001,7.5
K2-181 b,K2-181,2.69,7.700000000000002,2.17,0.4,949.0,192.0,6.894100000000002,0.0706,5528.0,-0.01252,1.06,0.9599999999999999,5.9
K2-182 b,K2-182,2.71257333,20.97667486,5.700000000000001,0.071,965.8,146.89999999999998,4.736969600000001,0.05174,5128.0,-0.41117,0.7889999999999999,0.823,6.2
K2-183 b,K2-183,1.1,1.37,5.66,0.0073999999999999995,1619.3,1116.1352660380153,0.469285,0.102,5482.0,-0.13179,0.87,0.942219,2.558
K2-183 c,K2-183,2.3,5.9,2.66,0.0,787.0,81.42458484240973,10.787992000000003,0.0932,5482.0,-0.13179,0.87,0.942219,2.6059999999999994
K2-183 d,K2-183,2.3,5.9,2.66,0.0,615.0,34.26642128235249,22.620344000000003,0.1527,5482.0,-0.13179,0.87,0.942219,2.7429999999999994
K2-184 b,K2-184,1.47,2.76,4.769999999999999,0.0,533.0,21.650683978440647,16.978010200000003,0.16850000000000004,5245.0,-0.39912,0.75,0.8400000000000001,4.148000000000001
K2-185 b,K2-185,1.15,1.6000000000000003,5.78,0.0,809.0,99.27503116057136,10.616384,0.102,5788.0,-0.09029,0.94,0.9599999999999999,3.9450000000000003
K2-185 c,K2-185,2.39,6.300000000000001,2.54,0.0,477.0,14.56641541153691,52.71349399999998,0.102,5788.0,-0.09029,0.94,0.9599999999999999,3.525
K2-186 b,K2-186,3.17207779,10.2,1.7600000000000002,0.0,634.2,36.05912764712015,41.474219000000005,0.102,5784.0,0.0504,0.9808300000000001,1.018617,4.184
K2-187 b,K2-187,1.2,1.8700000000000003,5.950000000000001,0.0,1815.0,2011.9215053856963,0.7740100000000001,0.0164,5438.0,-0.19607,0.83,0.9669990000000002,1.5010000000000001
K2-187 c,K2-187,1.4,2.54,5.09,0.0,1173.0,407.25309326553395,2.871512,0.0392,5438.0,-0.19607,0.83,0.9669990000000002,1.5630000000000002
K2-187 d,K2-187,2.4,6.349999999999999,2.5200000000000005,0.0,865.0,128.4136814449333,7.149584000000001,0.072,5438.0,-0.19607,0.83,0.9669990000000002,1.752
K2-187 e,K2-187,1.9,4.27,3.42,0.0,698.0,58.152110722198636,13.606629000000002,0.1106,5438.0,-0.19607,0.83,0.9669990000000002,1.469
K2-188 b,K2-188,1.35,2.3900000000000006,5.34,0.0,1692.0,1829.0020585779403,1.7421689999999999,0.0289,5977.0,0.21087,1.19,1.06,3.902
K2-188 c,K2-188,2.83,8.400000000000002,2.04,0.029000000000000005,1026.0,230.62800000000004,7.8102529999999994,0.0785,5977.0,0.21087,1.19,1.06,4.391
K2-189 b,K2-189,1.403,2.55,5.07,0.0859,1203.0,496.99999999999994,2.5881199999999995,0.0361,5442.0,-0.21855,0.8790000000000001,0.8500000000000001,7.4030000000000005
K2-189 c,K2-189,2.31,5.950000000000001,2.65,0.0,877.0,140.00000000000003,6.679319999999999,0.068,5442.0,-0.21855,0.8790000000000001,0.8500000000000001,3.936
K2-19 b,K2-19,7.0,32.39999999999999,0.52,0.2,779.0,87.00000000000003,7.922200000000002,0.074,5322.0,-0.29196,0.8200000000000001,0.8800000000000001,8.0
K2-19 c,K2-19,4.1,10.8,0.87,0.21,679.0,51.00000000000001,11.899299999999997,0.0971,5322.0,-0.29196,0.8200000000000001,0.8800000000000001,8.0
K2-19 d,K2-19,1.11,10.000000000000002,40.00000000000001,0.0,1142.0,403.99999999999983,2.5081,0.0344,5322.0,-0.29196,0.8200000000000001,0.8800000000000001,8.0
K2-190 b,K2-190,1.35673729,2.4100000000000006,5.299999999999999,0.0,776.7,86.15779050308387,10.098857999999998,0.102,5631.0,-0.06781,0.9122059999999999,0.904597,3.8240000000000003
K2-190 c,K2-190,1.09308317,1.34,5.64,0.0,622.3,37.41273988127531,21.574022999999997,0.102,5631.0,-0.06781,0.9122059999999999,0.904597,3.5549999999999997
K2-191 b,K2-191,1.57889322,3.12,4.359999999999999,0.0073999999999999995,971.0,163.75023059480267,2.8586460000000002,0.102,5176.0,-0.34502,0.839696,0.900994,3.103
K2-192 b,K2-192,1.52,2.9199999999999995,4.57,0.0,939.0,186.65586608324264,4.162817,0.049,5222.0,-0.36021,0.81,0.9,3.314
K2-193 b,K2-193,3.95,14.799999999999997,1.32,0.0,739.0,57.207531819664155,14.786888999999999,0.1184,5817.0,-0.07572,0.9799999999999999,1.01,3.7159999999999997
K2-194 b,K2-194,3.64229858,12.899999999999999,1.4700000000000002,0.02,680.0,38.21765308130183,39.721386,0.102,5979.0,0.36302,1.281115,1.110086,5.623
K2-195 b,K2-195,3.13,9.96,1.7800000000000002,0.1193,720.0,47.29910301941622,15.852974999999997,0.1208,5713.0,-0.01196,0.99,0.94,6.5329999999999995
K2-195 c,K2-195,2.57581891,7.159999999999999,2.3,0.0,612.3,28.127436711515138,28.482785999999997,0.102,5712.0,-0.01196,0.9063670000000001,0.963364,3.224
K2-196 b,K2-196,3.59970536,12.600000000000001,1.48,0.022,710.8,56.571420093845745,48.324222000000006,0.102,6045.0,0.64355,1.5388010000000003,1.1620949999999999,4.6728000000000005
K2-197 b,K2-197,2.56,7.08,2.3199999999999994,0.0,848.0,128.37977052057437,8.357881,0.0806,5667.0,-0.11379,0.9300000000000002,1.0,1.7794999999999999
K2-198 b,K2-198,4.189,16.3,1.22,0.0,715.8,52.08463510692237,17.042868299999995,0.102,5212.9,-0.40084,0.7569999999999999,0.799,3.647
K2-198 c,K2-198,1.423,2.6100000000000003,4.98,0.023399999999999997,1229.9,313.44703320211636,3.3596055,0.102,5212.9,-0.40084,0.7569999999999999,0.799,5.162
K2-198 d,K2-198,2.438,6.519999999999998,2.4700000000000006,0.0996,943.2,132.9642181367927,7.4500177,0.102,5212.9,-0.40084,0.7569999999999999,0.799,5.544
K2-199 b,K2-199,1.73,6.900000000000002,7.2,0.02,913.0,116.20000000000003,3.2253993,0.0382,4491.0,-0.73283,0.6819999999999999,0.7109999999999999,5.04
K2-199 c,K2-199,2.85,12.4,2.8999999999999995,0.03,694.0,38.599999999999994,7.374489700000001,0.0662,4491.0,-0.73283,0.6819999999999999,0.7109999999999999,5.04
K2-200 b,K2-200,1.3643987,2.43,5.26,0.0073999999999999995,971.1,162.34920784851104,2.8498829999999997,0.102,5233.0,-0.4288,0.7917360000000001,0.860208,1.971
K2-201 b,K2-201,1.40006712,2.54,5.09,0.0073999999999999995,1327.626,501.7680392651349,1.05979,0.102,5507.0,-0.27594,0.878161,0.956055,1.3980000000000001
K2-201 c,K2-201,3.28568401,10.8,1.6699999999999997,0.0,660.4480000000001,35.4440443854259,22.779878000000004,0.102,5507.0,-0.27594,0.878161,0.956055,0.9119999999999999
K2-2016-BLG-0005L b,K2-2016-BLG-0005L,13.7,349.61124770000004,0.7470000000000001,0.14951209999999998,71.34,0.01884027680567855,4700.000000000002,4.16,5549.0,-0.07632,0.95138,0.5840000000000001,7.3024000000000004
K2-202 b,K2-202,2.30165603,5.910000000000001,2.66,0.014300000000000002,932.4,157.60862210774215,3.4051640000000005,0.102,5491.0,-0.33519,0.910685,0.971461,2.9146
K2-203 b,K2-203,1.26549392,2.1399999999999997,5.800000000000001,0.23,738.4,58.03667271917764,9.6952,0.0824,5026.0,-0.47237,0.765,0.793,6.9
K2-204 b,K2-204,3.17214154,10.2,1.7600000000000002,0.28,1148.0,296.2011248699922,7.055907999999999,0.0738,5783.0,0.19866,1.2530000000000001,1.076,6.5
K2-205 b,K2-205,1.99552771,4.64,3.21,0.0,730.735,82.09271528809768,26.672262999999994,0.102,5890.0,0.19406,1.077574,0.9510269999999998,5.670999999999999
K2-206 b,K2-206,2.79522879,8.220000000000002,2.07,0.0773,639.11,28.38044774514665,18.294549,0.102,5043.0,-0.43502,0.758046,0.7894810000000001,6.378
K2-207 b,K2-207,2.60585269,7.300000000000001,2.2700000000000005,0.07140000000000002,679.268,51.522990991097004,12.487490000000001,0.102,5522.0,-0.17314,0.928158,0.941851,6.197
K2-208 b,K2-208,1.67462172,3.4499999999999997,4.039999999999999,0.37,1122.0,315.15132522314207,4.190970000000001,0.048780000000000004,5500.0,-0.20135,0.872,0.881,6.1
K2-209 b,K2-209,0.86850263,0.586,4.92,0.0184,1004.3,174.22057916701178,2.080615,0.102,4720.0,-0.58815,0.712365,0.7447899999999998,6.396999999999999
K2-21 b,K2-21,1.84,4.039999999999999,2.7000000000000006,0.1,500.0,10.000000000000002,9.325038000000001,0.076,4222.06,-0.98492,0.6467830000000001,0.6760229999999999,1.0
K2-21 c,K2-21,2.49,6.759999999999999,5.4,0.21,420.0,5.1,15.501919999999998,0.107,4222.06,-0.98492,0.6467830000000001,0.6760229999999999,1.0
K2-210 b,K2-210,0.86,0.5659999999999998,4.889999999999999,0.0073999999999999995,1668.5,2228.0616449657987,0.57023,0.102,5500.0,-0.24869,0.89,0.9117169999999999,2.9779999999999998
K2-211 b,K2-211,1.33162691,2.33,5.42,0.19,1873.0,2244.0068266479925,0.6695610000000001,0.01419,5117.0,-0.383,0.818,0.851,6.5
K2-212 b,K2-212,2.65,7.509999999999999,2.2199999999999998,0.0017000000000000001,542.0,21.964,9.795647,0.0785,4349.0,-0.90958,0.678,0.622,5.924999999999999
K2-213 b,K2-213,1.51398464,2.8999999999999995,4.59,0.0097,1065.499,240.52446634018202,8.13087,0.102,5794.0,0.24679,1.2042400000000002,1.069596,5.868
K2-214 b,K2-214,2.51,6.849999999999998,2.3799999999999994,0.0,1001.0,238.00000000000009,8.59656,0.0834,5875.0,0.19579,1.2359999999999998,1.03,4.574
K2-215 b,K2-215,2.12381238,5.16,2.9600000000000004,0.0,856.0,115.73742861564911,8.269648,0.102,5704.0,-0.02639,0.9743979999999999,0.9999869999999998,4.075
K2-216 b,K2-216,1.75,8.000000000000002,8.2,0.0,1103.0,247.99999999999994,2.1748,0.028,4503.0,-0.72125,0.7199999999999999,0.7,7.291499999999999
K2-217 b,K2-217,3.57854073,12.5,1.5,0.039900000000000005,920.4,157.77887165520957,14.074523999999997,0.102,5967.0,0.23239,1.333718,1.102661,5.58
K2-218 b,K2-218,2.56948149,7.13,2.31,0.003,903.8,133.20351375048253,8.679885,0.102,5757.0,-0.00284,1.008231,1.047488,2.405
K2-219 b,K2-219,1.34762583,2.3799999999999994,5.34,0.0073999999999999995,1238.026,460.6093542102941,3.901287,0.102,5753.0,0.15097,1.189232,1.021545,5.705
K2-219 c,K2-219,1.43839723,2.66,4.91,0.0364,1120.5,252.3440574728747,6.667670000000002,0.102,5753.0,0.15097,1.189232,1.021545,6.5920000000000005
K2-219 d,K2-219,2.57634456,7.159999999999999,2.3,0.02,899.4,157.71597647327224,11.137278,0.102,5753.0,0.15097,1.189232,1.021545,6.920999999999999
K2-22 b,K2-22,2.3,444.962,2.56,0.19,2100.0,114.00000000000001,0.381073,0.009,3879.0,-1.0744,0.58,0.595292,2.638
K2-220 b,K2-220,2.37,6.21,2.56,0.0109,761.0,79.7,13.681860000000004,0.1104,5612.0,-0.06106,1.026,0.91,6.856999999999999
K2-221 b,K2-221,1.67890272,3.46,4.02,0.0073999999999999995,1177.216,315.9285749251699,2.399094,0.102,5716.0,-0.06367,0.947599,1.010842,3.835
K2-222 b,K2-222,2.35,8.699999999999998,3.6799999999999997,0.16,871.0,96.0,15.388570000000001,0.1206,5942.0,0.13852,1.115,0.9889999999999999,7.1
K2-223 b,K2-223,0.89,0.64,4.989999999999999,0.0,2271.0,3942.6680361018534,0.50557,0.0127,5859.0,-0.03543,1.0,1.06,2.2127000000000003
K2-223 c,K2-223,1.5,2.86,4.66,0.0,1091.0,338.37227606774536,4.562546,0.05489999999999999,5859.0,-0.03543,1.0,1.06,2.1237000000000004
K2-224 b,K2-224,1.56,3.0500000000000003,4.41,0.0,1002.0,227.08053563174855,4.47904,0.0516,5620.0,-0.24102,0.8400000000000001,0.91,2.2363
K2-224 c,K2-224,2.41,6.390000000000001,2.5100000000000002,0.0,764.0,77.57516427412918,10.09489,0.0886,5620.0,-0.24102,0.8400000000000001,0.91,2.9093
K2-225 b,K2-225,3.60929179,12.7,1.48,0.23,923.0,141.9167256867314,15.8723,0.1409,5520.0,0.38202,1.7000000000000002,1.482,0.0121
K2-226 b,K2-226,1.53899305,2.98,4.49,0.22,1187.0,351.5767553308659,3.27109,0.04095000000000001,5288.0,-0.25337,0.889,0.856,9.6
K2-227 b,K2-227,1.66551298,3.41,4.06,0.0,770.5,67.86601742895148,13.621832000000001,0.102,5673.0,-0.16664,0.8906659999999998,0.950811,2.913
K2-228 b,K2-228,1.21,1.92,5.96,0.006,914.0,125.20577245160315,2.6982799999999996,0.0338,4715.0,-0.84881,0.65,0.71,7.075500000000001
K2-229 b,K2-229,1.0,2.55,7.599999999999999,0.0,1818.0,2289.999999999999,0.5842159999999998,0.0131,5315.0,-0.38869,0.79,0.87,5.4
K2-229 c,K2-229,2.03,6.999999999999998,5.1,0.0,750.0,65.99999999999997,8.327270000000002,0.0769,5315.0,-0.38869,0.79,0.87,5.4
K2-230 b,K2-230,1.96,4.5,3.2800000000000002,0.034800000000000005,1529.0,1165.871696481252,2.86041,0.0409,5945.0,0.31741,1.3899999999999997,1.11,6.612
K2-231 b,K2-231,2.5,6.800000000000002,2.3900000000000006,0.0,756.636,69.58278272533384,13.841901,0.102,5695.0,-0.11208,0.9500000000000001,1.01,3.0
K2-232 b,K2-232,11.209,126.49633999999998,0.405,0.258,1030.0,312.15499999999986,11.168454000000002,0.10356,6154.0,0.23805,1.161,1.188,1.43
K2-233 b,K2-233,1.315,2.4,5.700000000000001,0.0,1127.0,269.00000000000006,2.4675829999999994,0.03293,4796.0,-0.52288,0.71,0.79,0.36
K2-233 c,K2-233,1.272,4.6,12.4,0.0,794.0,66.19999999999999,7.060240000000002,0.0664,4796.0,-0.52288,0.71,0.79,0.36
K2-233 d,K2-233,2.363,10.3,4.3,0.18,525.0,12.7,24.368100000000002,0.1516,4796.0,-0.52288,0.71,0.79,0.36
K2-237 b,K2-237,16.06246934,434.15360396,0.577,0.03,1759.0,1860.0,2.1805333200000003,0.03552,6180.0,0.3032,1.2359999999999998,1.256,1.09
K2-238 b,K2-238,14.5717,273.33379999999994,0.56,0.0,1587.0,1071.872412296015,3.2046599999999996,0.046,5630.0,0.36,1.5900000000000003,1.19,5.63
K2-239 b,K2-239,1.1,1.37,5.66,0.0715,502.0,10.923283300776248,5.24,0.04410000000000001,3420.0,-1.79588,0.36,0.4,6.483
K2-239 c,K2-239,1.0,0.9719999999999999,5.34,0.07531,427.0,5.756705235021473,7.775000000000001,0.0576,3420.0,-1.79588,0.36,0.4,5.989
K2-239 d,K2-239,1.1,1.37,5.66,0.0382,399.0,4.292169165861007,10.114999999999998,0.0685,3420.0,-1.79588,0.36,0.4,4.798
K2-24 b,K2-24,5.4,18.999999999999996,0.64,0.06,686.0,52.00000000000001,20.889770000000002,0.15399999999999997,5625.0,0.15836,1.16,1.07,5.1
K2-24 c,K2-24,7.5,15.400000000000002,0.19999999999999998,0.07,542.0,20.0,42.33910000000001,0.247,5625.0,0.15836,1.16,1.07,5.1
K2-240 b,K2-240,2.0,4.66,3.2000000000000006,0.0121,586.0,27.569187904152734,6.034000000000001,0.0513,3810.0,-1.27572,0.54,0.58,4.101999999999999
K2-240 c,K2-240,1.8,3.8900000000000006,3.67,0.014000000000000002,389.0,4.939191438638236,20.523000000000003,0.1159,3810.0,-1.27572,0.54,0.58,4.057
K2-241 b,K2-241,2.55,7.040000000000001,2.33,0.05450000000000001,507.0,11.86745151161689,26.819900000000004,0.1567,5262.0,-0.44608,0.75,0.71,7.010000000000001
K2-242 b,K2-242,2.54,6.989999999999999,2.34,0.06610000000000002,416.0,5.320277104614089,6.51389,0.0494,3459.0,-1.808,0.37,0.38,4.887700000000001
K2-243 b,K2-243,2.17,5.3500000000000005,2.88,0.0028,1035.0,232.2858410433273,11.541819999999998,0.1087,6570.0,0.42675,1.3899999999999997,1.29,2.3100000000000005
K2-243 c,K2-243,2.01,4.699999999999999,3.18,0.0,801.0,93.70042151755833,24.945979999999995,0.18169999999999997,6570.0,0.42675,1.3899999999999997,1.29,2.493
K2-244 b,K2-244,1.75,3.71,3.8,0.0731,638.0,31.539076050251648,21.06884,0.1418,5677.0,-0.118,0.9200000000000002,0.86,6.802
K2-245 b,K2-245,4.34,17.4,1.17,0.0794,923.0,82.99999999999997,11.893069999999998,0.0959,5793.0,0.1719,1.25,0.83,13.236
K2-246 b,K2-246,3.49,12.0,1.5499999999999998,0.08259999999999999,977.0,159.3372996634881,5.76918,0.0602,5610.0,-0.15088,0.94,0.87,6.85
K2-247 b,K2-247,2.12,5.140000000000001,2.9600000000000004,0.0799,979.0,173.11779209309694,2.25021,0.0304,4667.0,-0.88154,0.69,0.74,8.682999999999998
K2-247 c,K2-247,2.19,5.43,2.8400000000000003,0.0,688.0,41.39517374889826,6.4942400000000005,0.0615,4667.0,-0.88154,0.69,0.74,4.1819999999999995
K2-248 b,K2-248,2.57,7.13,2.31,0.0,886.0,138.38170808420486,7.172560000000001,0.0699,5528.0,-0.18938,0.9200000000000002,0.8800000000000001,3.4459999999999993
K2-249 b,K2-249,2.79,8.2,2.07,0.00071,1061.0,191.5540783305825,12.409,0.11510000000000001,6504.0,0.33627,1.5700000000000003,1.32,2.8499
K2-25 b,K2-25,3.44,24.499999999999996,3.3100000000000005,0.428,494.0,9.910000000000004,3.48456408,0.0287,3207.0,-2.08831,0.2932,0.2634,0.73
K2-250 b,K2-250,2.71257333,7.81,2.1500000000000004,0.21,1003.0,179.98084788690943,4.013919999999999,0.04606,5003.0,-0.44491,0.797,0.8090000000000002,8.2
K2-251 b,K2-251,2.35,6.120000000000001,2.59,0.10030000000000001,437.0,6.374442094941756,9.30075,0.0694,3717.0,-1.34211,0.49,0.52,3.518
K2-252 b,K2-252,1.74,3.6799999999999997,3.84,0.0487,639.0,29.19616772200447,13.81513,0.1041,5152.0,-0.40842,0.8200000000000001,0.79,7.218999999999999
K2-253 b,K2-253,12.67,9.22,2.56,0.014000000000000002,1238.0,365.8185000000001,4.00167,0.0506,6027.0,-0.07738,1.1,1.08,3.393
K2-254 b,K2-254,1.63,3.29,4.17,0.0232,791.0,73.34311394797228,4.09639,0.0448,4629.0,-0.82244,0.67,0.71,7.697
K2-254 c,K2-254,2.19,5.43,2.8400000000000003,0.0313,551.0,17.5407808224831,12.118389999999998,0.0923,4629.0,-0.82244,0.67,0.71,6.583000000000001
K2-255 b,K2-255,2.9,8.750000000000002,1.97,0.0633,1034.0,194.12167090779502,1.9641700000000002,0.0274,4676.0,-0.79022,0.69,0.71,7.834999999999999
K2-257 b,K2-257,0.83,0.49799999999999994,4.789999999999999,0.0172,789.0,94.36969824917483,1.60588,0.0216,3725.0,-1.38099,0.5,0.52,4.686999999999999
K2-258 b,K2-258,3.0,9.27,1.89,0.0057,831.0,102.50453123635269,19.092100000000002,0.149,6351.0,0.27219,1.31,1.21,1.8219999999999998
K2-259 b,K2-259,2.32,5.989999999999999,2.6400000000000006,0.0,795.0,87.63872471160236,15.480429999999997,0.1271,6059.0,0.16711,1.13,1.14,3.3579999999999997
K2-26 b,K2-26,2.67,7.610000000000001,2.2,0.1066,430.0,5.800000000000001,14.566500000000003,0.0962,3785.0,-1.3098,0.52,0.56,1.0
K2-260 b,K2-260,18.41635529,546.6648600399999,0.48,0.053,2090.0,2520.0299999999997,2.6266976200000003,0.04392,6860.0,0.78817,1.7549999999999994,1.637,0.65
K2-261 b,K2-261,9.26982704,68.96876432,0.473,0.274,1036.0,180.00000000000006,11.6334681,0.1086,5490.0,0.35392,1.663,1.1069999999999998,8.8
K2-263 b,K2-263,2.41,14.900000000000004,5.800000000000001,0.15,470.0,8.169999999999998,50.818946999999994,0.2573,5368.0,-0.25964,0.8500000000000001,0.8800000000000001,7.0
K2-264 b,K2-264,2.231,5.61,2.7799999999999994,0.5,496.0,14.198448864755761,5.840002,0.05023,3660.0,-1.48149,0.473,0.496,3.567
K2-264 c,K2-264,2.668,7.599999999999999,2.2,0.45,331.0,2.2071555577156627,19.660302000000005,0.11283,3660.0,-1.48149,0.473,0.496,2.7680000000000002
K2-265 b,K2-265,1.70824866,7.341836199999999,7.9,0.16,1366.0,592.0000000000002,2.36902,0.03359,5420.0,-0.18243,0.9200000000000002,0.9010000000000001,7.8
K2-266 b,K2-266,3.3,11.267823769999998,1.72,0.12488000000000002,1515.0,879.4999999999997,0.6585239999999999,0.01306,4285.0,-0.82333,0.703,0.6860000000000002,6.780500000000001
K2-266 c,K2-266,0.705,0.29013071999999995,4.55,0.042,664.5,32.39999999999999,7.814,0.0679,4285.0,-0.82333,0.703,0.6860000000000002,5.5185
K2-266 d,K2-266,2.93,8.9,2.0299999999999994,0.047,538.3,13.950000000000003,14.697,0.1035,4285.0,-0.82333,0.703,0.6860000000000002,3.8809999999999993
K2-266 e,K2-266,2.73,14.3,2.21,0.043,490.1,9.580999999999998,19.482000000000003,0.1249,4285.0,-0.82333,0.703,0.6860000000000002,4.019
K2-268 b,K2-268,1.5,2.86,4.66,0.0,1136.0,330.697869401928,2.151676,0.0308,5106.0,-0.42942,0.78,0.8400000000000001,4.162
K2-268 c,K2-268,2.69,7.700000000000002,2.17,0.0,696.0,57.393671957486866,9.327527000000002,0.0819,5106.0,-0.42942,0.78,0.8400000000000001,4.0920000000000005
K2-268 d,K2-268,1.49,2.8300000000000005,4.699999999999999,0.005,888.0,121.14957582401544,4.528598000000001,0.102,5106.0,-0.42942,0.78,0.8400000000000001,4.141
K2-268 e,K2-268,1.33,2.33,5.44,0.011,801.0,92.56326836356833,6.131243,0.102,5106.0,-0.42942,0.78,0.8400000000000001,4.43
K2-268 f,K2-268,2.23,5.6,2.7699999999999996,0.0,492.0,14.74992396589573,26.270570000000003,0.102,5106.0,-0.42942,0.78,0.8400000000000001,3.6730000000000005
K2-269 b,K2-269,1.57,3.09,4.39,0.0,1429.0,1032.3306108868226,4.144965,0.0531,6209.0,0.46786,1.45,1.16,3.279
K2-27 b,K2-27,4.74,30.199999999999996,1.7099999999999997,0.251,836.0,116.00000000000003,6.771346999999999,0.06702,5246.0,-0.26971,0.876,0.8800000000000001,10.3
K2-270 b,K2-270,1.38,2.48,5.19,0.0,1203.0,494.55194844485794,1.543069,0.0247,4877.0,-0.51819,0.77,0.8500000000000001,7.1696
K2-270 c,K2-270,2.95,9.009999999999998,1.9299999999999997,0.0118,848.0,110.49558223568144,4.400028,0.0497,4877.0,-0.51819,0.77,0.8500000000000001,5.6696
K2-271 b,K2-271,7.28,41.8,0.595,0.18393,893.0,133.8067,8.562421000000002,0.077,5644.0,-0.04982,0.99,0.83,10.1277
K2-272 b,K2-272,3.13,9.96,1.7800000000000002,0.0,747.0,72.48601374447125,14.453675600000004,0.1007,5397.0,-0.30214,0.83,0.86,4.127999999999999
K2-273 b,K2-273,3.05,9.53,1.85,0.024,849.0,94.074572924892,11.7195663,0.0729,5161.0,-0.35279,0.8500000000000001,0.89,5.7996
K2-274 b,K2-274,2.08,4.98,3.04,0.00035,655.0,40.911020097278765,14.133031399999998,0.0964,5044.0,-0.50903,0.7,0.79,1.229
K2-275 b,K2-275,2.34,6.080000000000001,2.6100000000000003,0.0,1166.0,161.24759999999998,3.2809626,0.0277,4841.0,-0.59332,0.69,0.77,3.126
K2-275 c,K2-275,2.21,5.52,2.81,0.0,653.0,45.75719999999999,8.4388385,0.0881,4841.0,-0.59332,0.69,0.77,2.9579999999999997
K2-276 b,K2-276,3.77,13.7,1.4,0.0946,583.0,23.399445634083115,18.718268999999996,0.1291,5139.0,-0.40538,0.8500000000000001,0.8200000000000001,6.483999999999999
K2-277 b,K2-277,2.18575124,7.3999999999999995,3.9999999999999996,0.52,1049.0,195.00000000000009,6.326768,0.0664,5680.0,-0.05061,0.9730000000000001,0.974,4.9
K2-278 b,K2-278,2.98,9.17,1.8999999999999997,0.0078,1711.0,1155.767912378431,3.334966,0.0488,6747.0,0.39867,1.6100000000000003,1.4,1.9440000000000002
K2-279 b,K2-279,1.21,1.92,5.96,0.0251,879.0,179.79509758498108,7.122605000000002,0.067,5558.0,-0.20451,0.86,0.79,6.244
K2-28 b,K2-28,2.32,5.989999999999999,2.6400000000000006,0.0,568.0,30.1,2.2604550000000003,0.0214,3214.0,-1.9397,0.288,0.257,5.4350000000000005
K2-280 b,K2-280,7.5,37.1,0.48,0.35,787.0,69.5,19.89526,0.1461,5500.0,0.13976,1.2800000000000002,1.03,8.96
K2-281 b,K2-281,8.18,50.9,0.511,0.16421,665.0,36.15640599131608,8.687720999999998,0.07730000000000001,4812.0,-0.64686,0.76,0.8200000000000001,4.361
K2-282 b,K2-282,2.5,6.800000000000002,2.3900000000000006,0.13410000000000002,1057.0,211.4884217330363,4.169783,0.0499,5499.0,-0.21463,1.0,0.94,7.561
K2-283 b,K2-283,3.52,12.2,1.54,0.0502,1186.0,320.478494115033,1.9210360000000002,0.0291,5060.0,-0.52364,0.8200000000000001,0.89,6.4502
K2-284 b,K2-284,2.78,8.15,2.08,0.078,653.0,42.60000000000001,4.795069,0.04771,4140.0,-1.01323,0.607,0.63,0.12
K2-285 b,K2-285,2.59,9.679999999999998,3.0700000000000003,0.0,1088.9,234.31000000000006,3.471745,0.03817,4975.0,-0.42183,0.7870000000000001,0.83,3.8062000000000014
K2-285 c,K2-285,3.53,15.679999999999996,1.9499999999999997,0.0,741.4,50.35000000000001,7.138048,0.0824,4975.0,-0.42183,0.7870000000000001,0.83,2.7521999999999998
K2-285 d,K2-285,2.48,6.499999999999999,2.56,0.0,619.9,24.61,10.45582,0.1178,4975.0,-0.42183,0.7870000000000001,0.83,4.4652
K2-285 e,K2-285,1.95,10.7,2.56,0.0,500.9,10.5,14.762890000000002,0.18041,4975.0,-0.42183,0.7870000000000001,0.83,4.6162
K2-286 b,K2-286,2.1,5.06,3.0,0.06420000000000001,347.0,3.362217831998343,27.359,0.1768,3926.0,-1.04576,0.62,0.64,2.7800000000000002
K2-287 b,K2-287,9.494023,100.11645000000004,0.63,0.478,804.0,90.09618991050937,14.893291000000001,0.1206,5695.0,-0.10829,1.07,1.056,4.5
K2-288 B b,K2-288 B,1.9,4.27,3.42,0.20820000000000002,226.36,0.6328436143930349,31.393463000000008,0.164,3341.0,-1.93,0.32,0.33,1.0
K2-289 b,K2-289,9.1,61.00000000000001,0.44499999999999995,0.07996,753.0,50.030852771077164,13.156968999999998,0.107,5529.0,-0.50479,1.025,0.9529999999999998,6.096210000000001
K2-29 b,K2-29,13.33871,232.01590000000007,0.53,0.066,1171.0,292.99999999999994,3.2588320999999993,0.04217,5358.0,-0.29533,0.86,0.94,2.6
K2-290 b,K2-290,3.06,10.9,4.1,0.0,1230.0,486.8428710457162,9.211650000000002,0.0923,6302.0,0.42035,1.511,1.194,4.0
K2-290 c,K2-290,11.276254,246.0004200000001,1.01,0.0,676.0,35.799627327278074,48.366850000000014,0.305,6302.0,0.42035,1.511,1.194,4.0
K2-291 b,K2-291,1.589,6.490000000000002,8.839999999999998,0.0,1278.0,632.9999999999999,2.225177,0.03261,5520.0,-0.16622,0.899,0.9339999999999999,3.72
K2-292 b,K2-292,2.63,24.499999999999996,7.3999999999999995,0.04,795.0,67.00000000000001,16.984100000000005,0.13,5725.0,0.09254,1.09,1.0,6.8
K2-293 b,K2-293,2.45,6.570000000000001,2.45,0.0,750.0,72.55895823025202,13.122499999999997,0.102,5532.0,-0.18023,0.9469999999999998,0.9580000000000001,3.3741000000000008
K2-294 b,K2-294,1.66,3.3899999999999997,4.07,0.09570000000000001,1425.0,527.7851951210239,2.5038699999999996,0.102,5612.0,0.08751,1.2,0.9869999999999999,7.371
K2-295 b,K2-295,10.054473,106.47305000000004,0.612,0.0,852.0,97.85950000000003,4.024867,0.0451,4444.0,-0.71623,0.7,0.74,6.81
K2-3 b,K2-3,2.078,5.11,3.1100000000000003,0.107,501.3,10.5,10.0546535,0.0747,3844.0,-1.23136,0.546,0.549,6.9
K2-3 c,K2-3,1.582,2.6800000000000006,3.7,0.048,371.8,3.1700000000000004,24.646729,0.1357,3844.0,-1.23136,0.546,0.549,6.9
K2-3 d,K2-3,1.458,2.2,17.499999999999996,0.091,305.2,1.44,44.55603000000001,0.20139999999999997,3844.0,-1.23136,0.546,0.549,6.9
K2-30 b,K2-30,11.646151,184.02357000000003,0.64,0.0,1092.0,298.99999999999994,4.098503,0.04839,5425.0,-0.25649,0.8440000000000001,0.9,3.9
K2-308 b,K2-308,9.916,70.6,0.398,0.12029999999999999,1213.76,512.9234000000001,3.38628,0.102,6100.0,0.283,1.2400000000000002,1.09,4.4642
K2-31 b,K2-31,11.88154,563.8304199999999,0.032,0.0,1688.0,1272.0000000000005,1.25785,0.022,5280.0,-0.11028,0.78,0.91,3.3770000000000002
K2-312 c,HD 80653,12.8,1719.4516818699992,4.51,0.853,236.89400000000006,0.5094300632284454,921.2000000000004,1.9609999999999999,5959.0,0.24,1.22,1.18,2.67
K2-315 b,K2-315,0.95,0.8090000000000002,5.180000000000001,0.0731,460.0,7.450000000000001,3.1443188999999996,0.102,3300.0,-2.38722,0.196,0.174,1.0
K2-316 b,K2-316,1.33,2.33,5.44,0.00549,841.0,106.87486081310213,1.133,0.0147,3436.0,-1.82964,0.37900000000000006,0.408,4.4319999999999995
K2-316 c,K2-316,1.83,4.01,3.6000000000000005,0.0736,423.0,5.007387838840096,5.26,0.0582,3436.0,-1.82964,0.37900000000000006,0.408,5.89
K2-317 b,K2-317,2.93,8.909999999999998,1.9499999999999997,0.106066,432.0,5.805224171670076,6.22,0.0542,3387.0,-1.87068,0.37900000000000006,0.403,3.894709999999999
K2-318 b,K2-318,1.66,3.3899999999999997,4.07,0.071,456.0,9.459547548653015,7.01,0.09110000000000001,3851.0,-1.27696,0.552,0.561,5.043
K2-319 b,K2-319,2.79,8.2,2.07,0.0,641.0,23.724826156928835,26.679999999999996,0.1516,5440.0,-0.23747,0.8980000000000001,0.9540000000000001,3.7670000000000003
K2-32 b,K2-32,5.299,14.999999999999998,0.55,0.03,837.0,79.5,8.991999999999999,0.0795,5271.0,-0.29607,0.86,0.83,7.9
K2-32 c,K2-32,3.134,8.1,1.4300000000000002,0.049,634.0,26.199999999999996,20.660929999999997,0.13843,5271.0,-0.29607,0.86,0.83,7.9
K2-32 d,K2-32,3.484,6.7,0.87,0.05,550.0,14.799999999999997,31.717010000000002,0.18422,5271.0,-0.29607,0.86,0.83,7.9
K2-32 e,K2-32,1.212,2.1,6.300000000000001,0.043,1066.0,207.5371964551943,4.34934,0.04899,5271.0,-0.29607,0.86,0.83,7.9
K2-320 b,K2-320,2.62,7.370000000000001,2.25,0.0476,698.0,50.3194265903839,1.995,0.0142,3157.0,-2.12527,0.3,0.117,4.022
K2-321 b,K2-321,2.05124347,4.86,3.09,0.44,830.0,68.55160000000002,2.2979749,0.02839,3750.0,-1.20066,0.595,0.578,3.3889999999999993
K2-322 b,K2-322,1.92,4.35,3.38,0.024,635.0,39.846596206138315,8.204999999999998,0.0594,4141.0,-1.03905,0.602,0.63,3.332
K2-323 b,K2-323,2.1,5.06,3.0,0.056100000000000004,318.0,2.214864036571302,24.93,0.1275,3710.0,-1.3393,0.549,0.478,4.142
K2-324 b,K2-324,2.43,6.4799999999999995,2.48,0.011,707.0,47.19575215514973,3.2620000000000005,0.0331,3752.0,-1.33305,0.505,0.517,4.805000000000001
K2-325 b,K2-325,2.2,5.480000000000001,2.8300000000000005,0.021433,423.0,5.531560245688549,6.930000000000001,0.0419,3287.0,-2.04801,0.298,0.274,5.933999999999999
K2-326 b,K2-326,2.28,5.82,2.7000000000000006,0.09738000000000001,1114.0,144.89261973988272,1.256,0.0198,3924.0,-0.97833,0.688,0.507,7.286
K2-329 b,K2-329,8.675766,82.6358,0.694,0.0697,650.0,45.699999999999996,12.455122499999998,0.1016,5282.0,-0.32514,0.822,0.9010000000000001,1.8
K2-33 b,K2-33,5.04,1175.9710000000002,2.56,0.0,850.0,104.6463655347001,5.4248650000000005,0.0409,3540.0,-0.82391,1.05,0.56,0.0093
K2-330 b,K2-330,2.77,8.1,2.09,0.00071,969.0,114.92899999999999,13.774797999999997,0.102,6232.0,0.47702,1.5,1.23,3.2329999999999997
K2-331 b,K2-331,1.79,3.8599999999999994,3.7,0.0,909.0,136.55015228131995,9.398977000000002,0.102,5994.0,0.05943,1.06,1.1,2.5095
K2-331 c,K2-331,2.72,7.849999999999999,2.1399999999999997,0.0194,673.0,43.29399198131897,22.996591,0.102,5994.0,0.05943,1.06,1.1,1.8760000000000001
K2-332 b,K2-332,2.2,5.480000000000001,2.8300000000000005,0.0382,266.0,0.9714542129103587,17.706319999999998,0.102,3315.0,-2.06542,0.28,0.27,4.569999999999999
K2-333 b,K2-333,6.18,31.599999999999994,0.736,0.1319,826.0,102.12659999999998,14.759286999999999,0.102,5880.0,0.16523,1.22,1.06,6.922
K2-334 b,K2-334,5.65,27.2,0.829,0.11359999999999999,1380.0,832.2293999999997,5.113981000000001,0.102,6502.0,0.51362,1.49,1.3599999999999999,1.6442999999999999
K2-335 b,K2-335,2.21,5.52,2.81,0.016,949.0,195.69299874464178,12.283211,0.102,6222.0,0.39509,1.33,1.23,2.7969999999999997
K2-336 b,K2-336,1.22,1.9799999999999998,5.989999999999999,0.0,569.0,27.473572547635342,21.194732999999996,0.102,5424.0,-0.34534,0.8,0.86,2.629
K2-337 b,K2-337,2.62,7.370000000000001,2.25,0.0391,850.0,119.45423667788333,16.273563,0.102,5869.0,0.24964,1.32,0.94,8.79
K2-338 b,K2-338,1.03,1.08,5.43,0.0,783.0,91.03801289344804,3.850614,0.102,4558.0,-0.83644,0.63,0.6599999999999999,3.531
K2-339 b,K2-339,1.92,4.35,3.38,0.0073999999999999995,508.0,13.062540506440588,19.507427999999997,0.102,4857.0,-0.65173,0.7199999999999999,0.74,5.511
K2-34 b,K2-34,13.75,539.67534,0.94,0.0,1687.0,963.566,2.9956348,0.0442,6168.0,0.3997,1.4199999999999997,1.16,2.88
K2-340 b,K2-340,3.36,11.2,1.62,0.09280000000000002,606.0,24.925575755770467,29.740451000000007,0.102,5532.0,-0.00232,1.13,0.9300000000000002,8.761
K2-341 b,K2-341,3.21,10.399999999999999,1.73,0.0228,598.0,34.035100126251436,36.552551,0.102,5817.0,0.12566,1.16,0.9799999999999999,7.0280000000000005
K2-342 b,K2-342,2.03,4.78,3.14,0.0,861.0,122.67509913367131,11.561052,0.102,5920.0,0.09264,1.09,1.01,4.506
K2-343 b,K2-343,1.65,3.36,4.109999999999999,0.10939999999999998,653.0,29.483405056441427,2.787174,0.102,3804.0,-1.43852,0.4600000000000001,0.49,3.3259999999999996
K2-343 c,K2-343,2.02,4.74,3.16,0.1843,465.0,8.39227253791679,7.676971999999999,0.102,3804.0,-1.43852,0.4600000000000001,0.49,2.4291
K2-344 b,K2-344,1.59,3.1500000000000004,4.3100000000000005,0.0068000000000000005,722.0,37.29659999999999,3.35585,0.102,4374.0,-1.22508,0.49,0.51,5.998
K2-345 b,K2-345,2.11,5.1,2.98,0.0493,437.0,6.270814430029629,10.367437,0.102,3779.0,-1.32045,0.52,0.56,3.842
K2-346 b,K2-346,2.26,5.73,2.73,0.0,450.0,8.8138,26.201446,0.102,4801.0,-0.66264,0.7,0.71,6.569
K2-347 b,K2-347,2.41,6.390000000000001,2.5100000000000002,0.12728,640.0,28.377852075439204,7.187257000000002,0.102,4599.0,-0.89434,0.63,0.6599999999999999,5.07
K2-348 b,K2-348,3.26,10.7,1.7000000000000002,0.11639999999999999,908.0,133.083,4.688418,0.102,5077.0,-0.38844,0.8500000000000001,0.83,5.899299999999999
K2-348 c,K2-348,2.67,7.610000000000001,2.2,0.0964,655.0,31.359250408286535,12.550171000000002,0.102,5077.0,-0.38844,0.8500000000000001,0.83,5.756
K2-349 b,K2-349,1.38,2.48,5.19,0.067432,518.0,14.229356487576784,9.032177999999998,0.102,4385.0,-0.36582,0.49,0.54,7.8065000000000015
K2-35 b,K2-35,1.32,2.3,5.5,0.13,979.0,210.99999999999997,2.3999640000000007,0.031,4402.71,-0.71881,0.619575,0.7019679999999999,3.1029999999999998
K2-35 c,K2-35,1.93,4.380000000000001,3.3500000000000005,0.12,766.0,68.00000000000001,5.608352000000001,0.055,4402.71,-0.71881,0.619575,0.7019679999999999,3.7239999999999993
K2-350 b,K2-350,1.54,2.99,4.5,0.0073999999999999995,1158.0,308.07715471246047,4.163873,0.102,5789.0,-0.01175,1.04,0.9799999999999999,4.999999999999998
K2-350 c,K2-350,2.74,7.950000000000001,2.1200000000000006,0.0,687.0,50.06160152108173,19.991943999999997,0.102,5789.0,-0.01175,1.04,0.9799999999999999,4.792
K2-351 b,K2-351,2.54,6.989999999999999,2.34,0.0,934.0,162.922446871728,7.806164000000002,0.102,5769.0,0.02389,1.05,1.02,4.584
K2-352 b,K2-352,1.37,2.45,5.24,0.0073999999999999995,1160.0,277.2806204830184,3.6659120000000005,0.102,5791.0,-0.06326,0.9500000000000001,0.9799999999999999,4.035
K2-352 c,K2-352,1.92,4.35,3.38,0.0,885.0,139.53897559557257,8.234885,0.102,5791.0,-0.06326,0.9500000000000001,0.9799999999999999,4.317
K2-352 d,K2-352,2.23,5.6,2.7699999999999996,0.0,727.0,61.64530569205575,14.871386999999997,0.102,5791.0,-0.06326,0.9500000000000001,0.9799999999999999,3.693
K2-353 b,K2-353,5.55,26.299999999999994,0.8450000000000001,0.259,735.0,33.0649,15.466805000000003,0.102,5698.0,-0.07632,0.99,0.87,7.519
K2-354 b,K2-354,1.56,3.0500000000000003,4.41,0.038169999999999996,543.0,14.770384976904353,3.7933059999999994,0.102,3669.0,-1.6137,0.41000000000000003,0.42999999999999994,5.947000000000001
K2-355 b,K2-355,2.25,5.6899999999999995,2.74,0.0,1066.0,254.85337529610803,5.7385647,0.0632,5790.0,-0.11465,0.9200000000000002,0.9599999999999999,3.4269999999999996
K2-356 b,K2-356,2.29,5.860000000000001,2.6800000000000006,0.0,624.0,31.744544732265616,21.026736600000003,0.1599,5568.0,-0.24375,0.86,0.9,4.184
K2-357 b,K2-357,3.72,13.399999999999999,1.4300000000000002,0.0,735.0,60.846467435150856,16.3488637,0.14499999999999996,5794.0,-0.06563,1.0,0.9799999999999999,4.0680000000000005
K2-358 b,K2-358,2.68,7.65,2.18,0.0,888.0,111.20689494406942,11.2510285,0.0863,5650.0,-0.16134,0.91,0.9300000000000002,3.836
K2-36 b,K2-36,1.43,4.3,8.000000000000002,0.093,1328.0,519.0,1.4226139999999998,0.02288,4916.0,-0.57,0.718,0.79,1.4
K2-36 c,K2-36,3.2,7.9,1.3,0.089,854.0,89.0,5.340888,0.05528,4916.0,-0.57,0.718,0.79,1.4
K2-360 c,EPIC 201595106,4.02,15.229999999999999,1.29,0.11,912.0,114.99999999999999,9.796919999999998,0.0883,5679.0,-0.04915,0.9799999999999999,0.9580000000000001,6.0
K2-365 b,K2-365,2.906,8.78,1.97,0.1076,642.5,30.80955284655182,23.448171999999996,0.102,5561.0,-0.01377,1.051,0.823,9.384
K2-366 b,K2-366,2.359,6.160000000000001,2.58,0.05589999999999999,699.21,54.852839106386384,15.937039,0.102,5601.0,-0.10862,0.94,0.825,7.650999999999999
K2-367 b,K2-367,2.413,6.410000000000001,2.5100000000000002,0.08109999999999999,507.6,12.08691292762934,20.645099000000002,0.102,4348.0,-0.85399,0.625,0.756,3.37
K2-368 b,K2-368,1.332,2.34,5.44,0.040131999999999994,764.646,65.33316726573327,5.025597999999999,0.102,4663.0,-0.69293,0.663,0.7460000000000001,5.369
K2-368 c,K2-368,1.361,2.4200000000000004,5.269999999999999,0.0,678.6,43.902482809785695,9.660186,0.102,4663.0,-0.69293,0.663,0.7460000000000001,4.235
K2-368 d,K2-368,1.948,4.450000000000001,3.3100000000000005,0.0073999999999999995,518.888,17.49427193577872,20.201085000000003,0.102,4663.0,-0.69293,0.663,0.7460000000000001,4.013999999999999
K2-369 b,K2-369,1.313,2.28,5.529999999999999,0.042899999999999994,927.1400000000001,129.96396392566004,5.761612,0.102,5682.0,-0.12109,0.881,0.7350000000000001,7.844800000000001
K2-37 b,K2-37,1.39,2.5100000000000002,5.140000000000001,0.0,949.0,193.0,4.4434,0.05105,5352.0,-0.40798,0.8090000000000002,0.8400000000000001,4.499
K2-37 c,K2-37,2.41,6.390000000000001,2.5100000000000002,0.0,839.0,118.00000000000003,6.429660000000001,0.06534,5352.0,-0.40798,0.8090000000000002,0.8400000000000001,4.191
K2-37 d,K2-37,2.31,12.5,4.699999999999999,0.0,646.0,41.29999999999999,14.09229,0.1102,5352.0,-0.40798,0.8090000000000002,0.8400000000000001,4.109
K2-370 b,K2-370,3.207,10.399999999999999,1.73,0.13520000000000001,1267.0,428.2049999999998,2.14084,0.102,5377.0,-0.12703,0.971,0.984,5.608
K2-371 b,K2-371,13.024,9.22,2.56,0.1197,956.83,198.09219999999993,3.1149050000000003,0.102,4925.0,-0.51657,0.736,0.9580000000000001,4.7940000000000005
K2-372 b,K2-372,2.945,8.980000000000002,1.9299999999999997,0.040600000000000004,833.2,95.2944640208579,9.844077000000002,0.102,5479.0,-0.12154,0.922,0.847,8.423
K2-373 b,K2-373,2.061,4.9,3.08,0.0,1008.2,227.4051039415431,11.020660000000001,0.102,6138.0,0.43238,1.4860000000000002,1.158,3.493
K2-374 b,K2-374,1.593,3.16,4.3,0.0155,1049.899,251.5786744750582,4.521952999999999,0.102,5789.0,-0.05943,0.907,0.7310000000000001,6.884
K2-374 c,K2-374,2.213,5.529999999999999,2.8,0.0688,693.283,47.15955605921123,16.434450000000002,0.102,5789.0,-0.05943,0.907,0.7310000000000001,8.074
K2-375 b,K2-375,2.243,5.66,2.76,0.0469,884.2479999999999,169.0962316612144,14.453895000000001,0.102,5822.0,0.39626,1.543,1.119,7.002
K2-376 b,K2-376,1.736,3.6600000000000006,3.84,0.06539999999999999,1244.3,407.37303509110495,5.776474999999999,0.102,5937.0,0.18908,1.149,0.9080000000000001,7.269
K2-377 b,K2-377,1.693,3.5099999999999993,3.9699999999999998,0.07273,622.875,25.818309147653032,12.832235,0.102,4200.0,-0.81809,0.691,0.821,5.497999999999999
K2-378 b,K2-378,2.88,8.650000000000002,1.99,0.14150000000000001,1068.0700000000002,194.00136811274382,2.0604380000000004,0.102,4823.0,-0.56665,0.732,0.9230000000000002,5.897000000000001
K2-379 b,K2-379,2.181,5.4,2.86,0.041299999999999996,699.7,49.24532249967444,8.777246999999997,0.102,4603.0,-0.6327,0.7509999999999999,0.856,5.05
K2-38 b,K2-38,1.54,7.300000000000001,11.0,0.197,1266.0,426.0000000000001,4.015929999999999,0.04994,5731.0,0.03743,1.06,1.03,6.7
K2-38 c,K2-38,2.29,8.3,3.8,0.161,916.0,117.00000000000004,10.561029999999999,0.09514,5731.0,0.03743,1.06,1.03,6.7
K2-380 b,K2-380,2.729,7.890000000000001,2.13,0.0021000000000000003,939.6,163.61579478146024,9.401312,0.102,5911.0,0.20189,1.32,0.9929999999999999,5.941999999999999
K2-381 b,K2-381,1.075,1.26,5.57,0.0512,631.0,27.549815061716306,7.938933399999999,0.102,4473.0,-0.73923,0.675,0.754,4.414
K2-381 c,K2-381,2.0,4.66,3.2000000000000006,0.032100000000000004,518.588,18.431450044261325,16.034656000000002,0.102,4473.0,-0.73923,0.675,0.754,2.844
K2-381 d,K2-381,1.689,3.5000000000000004,3.9900000000000007,0.032100000000000004,531.897,17.93823466411934,26.803022999999996,0.102,4473.0,-0.73923,0.675,0.754,3.3920000000000003
K2-382 b,K2-382,2.072,4.949999999999999,3.0599999999999996,0.0,604.9,35.04806437510619,21.700156,0.102,5452.0,-0.27952,0.8110000000000002,0.922,2.871
K2-383 b,K2-383,1.564,3.0700000000000003,4.41,0.0073999999999999995,1269.1,480.4111313885957,1.8659619999999997,0.102,5129.0,-0.39685,0.804,1.061,3.221
K2-384 b,K2-384,1.076,1.26,5.5600000000000005,0.0029560000000000003,612.6,29.24643938551434,2.2315270000000003,0.102,3623.0,-1.86986,0.348,0.33,4.6540099999999995
K2-384 c,K2-384,1.191,1.82,5.920000000000001,0.014860000000000002,621.55,28.396639967413297,4.194766000000001,0.102,3623.0,-1.86986,0.348,0.33,5.766
K2-384 d,K2-384,1.392,2.5200000000000005,5.13,0.02107,398.1,4.607241391764013,6.679582000000002,0.102,3623.0,-1.86986,0.348,0.33,5.7219999999999995
K2-384 e,K2-384,1.345,2.37,5.3500000000000005,0.02107,381.32,4.3000934506872746,9.715043000000001,0.102,3623.0,-1.86986,0.348,0.33,5.173699999999999
K2-384 f,K2-384,2.222,5.57,2.79,0.09720000000000001,433.9,6.23351534304374,13.627490000000003,0.102,3623.0,-1.86986,0.348,0.33,4.688000000000001
K2-385 b,K2-385,1.539,2.98,4.49,0.0689,1175.76,345.63758788327175,2.3808670000000003,0.102,4844.0,-0.51852,0.7609999999999999,0.927,7.095000000000001
K2-386 b,K2-386,2.32,5.989999999999999,2.6400000000000006,0.024,887.4220000000001,159.71905248140047,7.473222999999999,0.102,5749.0,-0.01919,0.97,0.9109999999999999,7.124
K2-387 b,K2-387,7.322,42.20000000000001,0.591,0.2238,439.082,6.8028926594545736,28.73532700000001,0.102,3572.0,-1.23884,0.585,0.57,5.2722
K2-388 b,K2-388,3.9,14.499999999999998,1.34,0.0915,874.0,137.99999999999997,6.33932,0.102,5310.0,-0.21167,0.91,0.9300000000000002,6.349
K2-389 b,K2-389,2.33,6.04,2.62,0.067,932.0,179.0,8.582889999999999,0.102,5773.0,0.10644,1.094,0.99,6.087000000000001
K2-389 c,K2-389,2.04,4.82,3.12,0.08990000000000001,753.809,85.32104281409936,20.851337000000004,0.102,5782.0,0.10644,1.084,0.8019999999999999,10.59
K2-39 b,K2-39,6.27704,28.604699999999998,0.9300000000000002,0.0,1670.0,1356.0000000000005,4.60543,0.05708,4881.0,0.67409,2.9700000000000006,0.6599999999999999,6.7
K2-390 b,K2-390,4.662,19.6,1.06,0.1577,1119.0,260.96499999999986,3.312792,0.102,5558.0,-0.09926,0.966,0.7889999999999999,10.1287
K2-391 b,K2-391,1.371,2.45,5.219999999999999,0.0195,1155.5,493.30252162990564,4.622654,0.102,5543.0,0.39142,0.5659999999999998,0.7569999999999999,9.584999999999999
K2-392 b,K2-392,1.85,4.08,3.5399999999999996,0.059199999999999996,807.8,81.11347887004167,15.398723,0.102,5726.0,0.04791,1.058,0.841,10.635
K2-393 b,K2-393,2.352,6.13,2.59,0.0338,898.007,108.51894885884559,10.413180999999998,0.102,5678.0,0.04296,1.071,0.881,10.655
K2-394 b,K2-394,1.692,3.5099999999999993,3.9800000000000004,0.024,643.0,28.506800000000002,5.095717,0.102,4938.0,-0.85841,0.631,0.478,7.961000000000003
K2-395 b,K2-395,2.597,7.260000000000001,2.28,0.1079,938.4509999999998,132.9636473413809,4.803352,0.102,5007.0,-0.41264,0.7829999999999999,0.952,5.860200000000001
K2-395 c,K2-395,3.395,11.4,1.6000000000000003,0.021700000000000004,737.223,56.41192010333897,8.491282,0.102,5007.0,-0.41264,0.7829999999999999,0.952,4.0355
K2-396 b,K2-396,1.579,3.12,4.35,0.1069,1453.4,710.6570146885571,0.673862,0.102,5236.0,-0.23007,0.9200000000000002,0.9540000000000001,4.6654
K2-396 c,K2-396,3.124,9.93,1.79,0.17539999999999997,625.9979999999999,27.570629162112503,25.760509999999996,0.102,5236.0,-0.23007,0.9200000000000002,0.9540000000000001,8.27
K2-397 b,K2-397,2.417,6.42,2.5,0.0898,990.9,155.6284955389213,3.5723260000000003,0.102,5387.0,-0.14497,0.966,0.9370000000000002,8.112
K2-398 b,K2-398,2.274,5.789999999999999,2.7100000000000004,0.0108,1304.3,495.42611831348063,6.393025,0.102,5946.0,0.25966,1.2390000000000003,0.945,7.875
K2-398 c,K2-398,5.098,22.800000000000004,0.946,0.16540000000000002,830.975,83.11123595537924,18.787839000000005,0.102,5946.0,0.25966,1.2390000000000003,0.945,8.264999999999999
K2-4 b,K2-4,2.1,5.06,3.0,0.08,563.0,15.599999999999996,10.003416999999999,0.078,4014.73,-0.91516,0.569359,0.635026,4.664
K2-400 b,K2-400,1.163,1.6699999999999997,5.83,0.012759999999999999,606.15,24.937562637088153,3.8650529999999996,0.102,3578.0,-1.74791,0.382,0.374,6.975
K2-401 b,K2-401,2.262,5.739999999999999,2.73,0.046599999999999996,767.571,60.760410163316415,6.293098999999999,0.102,4213.0,-0.8353,0.675,0.87,6.143
K2-402 b,K2-402,2.678,7.65,2.19,0.0361,849.6,86.54157655662354,17.274740000000005,0.102,5716.0,0.2095,1.2800000000000002,0.944,10.327000000000002
K2-403 b,K2-403,5.333,24.6,0.891,0.23600000000000004,949.0,134.88300000000004,33.58997900000001,0.102,5511.0,-0.17121,0.886,0.784,7.1655999999999995
K2-404 b,K2-404,2.53,6.9399999999999995,2.35,0.0853,469.76000000000005,9.195580077895702,13.115364999999997,0.102,3748.0,-1.23901,0.552,0.552,3.901
K2-405 b,K2-405,4.569,18.900000000000002,1.09,0.14579999999999999,969.0,146.57699999999994,3.435471,0.102,4927.0,-0.48798,0.765,1.034,3.9891999999999994
K2-406 b,K2-406,4.602,19.200000000000003,1.08,0.15733000000000003,707.2610000000001,41.28338941771544,22.549405999999998,0.102,5784.0,-0.05965,0.9609999999999999,0.798,7.7582
K2-407 b,K2-407,1.283,2.19,5.700000000000001,0.0,940.3720000000001,161.83665851094213,4.941906999999999,0.102,5563.0,-0.12724,0.927,0.881,3.3739999999999997
K2-407 c,K2-407,1.36,2.4200000000000004,5.29,0.0364,799.1800000000001,81.94836745427206,9.224530000000001,0.102,5563.0,-0.12724,0.927,0.881,6.077
K2-408 b,K2-408,1.677,3.4499999999999997,4.02,0.1237,671.626,31.669783399870585,20.978959000000003,0.102,5335.0,-0.33037,0.784,0.813,8.094
K2-409 b,K2-409,2.482,6.719999999999999,2.4200000000000004,0.1352,1481.24,659.2223596642904,1.9080839999999994,0.102,5742.0,0.17248,1.228,0.886,12.35
K2-411 b,K2-411,0.9898,0.9370000000000002,5.3100000000000005,0.0078,1388.8200000000002,619.0379999999998,3.2141,0.0511,5711.0,0.25809,1.375,1.018,6.863999999999999
K2-412 b,K2-412,2.116,5.13,2.98,0.0444,1081.3,243.51799999999997,5.9382,0.0586,5590.0,-0.07054,0.9769999999999999,0.893,9.885
K2-413 b,K2-413,0.7599,0.363,4.55,0.177,1552.9,921.7550000000001,0.8093999999999999,0.0117,4116.0,-0.83322,0.7,0.808,3.374
K2-413 c,K2-413,1.2327,2.0499999999999994,6.01,0.045,791.046,69.52899999999998,5.3301,0.0426,4116.0,-0.83322,0.7,0.808,5.558999999999999
K2-414 b,K2-414,1.219,1.9799999999999998,6.01,0.008499999999999999,800.1,72.11299999999997,4.3696,0.0487,4343.0,-0.70538,0.732,0.8139999999999998,8.257000000000001
K2-414 c,K2-414,1.9287,4.380000000000001,3.3500000000000005,0.033,745.1859999999999,56.13000000000001,6.6690000000000005,0.0552,4343.0,-0.70538,0.732,0.8139999999999998,6.842999999999999
K2-415 b,K2-415,1.015,7.5,2.56,0.12569999999999998,412.4,4.82,4.0179694,0.027,3173.0,-2.45469,0.1965,0.1635,5.0667
K2-416 b,K2-416,2.66,1652.7077164000007,2.56,0.0772,447.0,15.439736354950613,13.101999999999999,0.08799999999999998,3746.0,-1.27003,0.554,0.548,1.5090100000000004
K2-417 b,K2-417,3.31,699.2224954000003,2.56,0.06896,558.0,21.658476737476285,6.535000000000002,0.063,3861.0,-1.20204,0.5776,0.569,1.8400100000000001
K2-419 A b,K2-419 A,10.55,196.0,0.9159999999999999,0.042,377.0,3.3,20.358472520000003,0.1208,3711.0,-1.27654,0.541,0.562,7.4
K2-42 b,K2-42,2.15,5.269999999999999,2.91,0.0184,671.707,44.1,6.68796,0.0617,4613.0,-0.70324,0.643,0.702,7.0329999999999995
K2-43 b,K2-43,4.51,18.499999999999996,1.11,0.07,939.3,48.99999999999999,3.4711489999999996,0.03784,3840.6,-1.21241,0.542,0.571,4.684599999999999
K2-43 c,K2-43,2.42,6.440000000000001,2.5,0.0,1093.7,221.6205242404258,2.1988839999999996,0.102,3840.6,-1.21241,0.542,0.571,4.819
K2-44 b,K2-44,2.433,6.499999999999999,2.48,0.0,1211.0,646.0000000000002,5.657,0.06,5912.0,0.42968,1.58,1.15,4.784800000000001
K2-45 b,K2-45,6.71,36.400000000000006,0.662,0.1,1073.56,100.00000000000003,1.7292684,0.0224,4103.0,-0.73994,0.44499999999999995,0.503,6.2669999999999995
K2-46 b,K2-46,2.05,4.86,3.0999999999999996,0.0094,889.0,118.99999999999997,19.154100000000003,0.13821,6256.0,0.41312,1.29,0.9599999999999999,4.5159
K2-47 b,K2-47,1.89,4.23,3.44,0.0381,471.7,10.7,31.637199999999993,0.1779,5054.0,-0.48202,0.76,0.75,6.655999999999999
K2-48 b,K2-48,2.24,5.65,2.76,0.0,513.5,15.300000000000004,20.5065,0.1344,4899.0,-0.65663,0.73,0.77,5.446
K2-49 b,K2-49,1.93,4.380000000000001,3.3500000000000005,0.0303,746.2470000000001,58.999999999999986,2.77065,0.0309,4175.0,-0.77386,0.45000000000000007,0.51,4.561999999999999
K2-5 b,K2-5,1.91,4.3100000000000005,3.4000000000000004,0.059899999999999995,565.0,24.10000000000001,5.735939999999999,0.0532,3930.0,-1.08341,0.57,0.61,3.1959999999999997
K2-5 c,K2-5,2.26,5.73,2.73,0.0371,456.0,10.2,10.932410000000003,0.0818,3930.0,-1.08341,0.57,0.61,4.211
K2-50 b,K2-50,1.59,3.1500000000000004,4.3100000000000005,0.0,519.3,18.800000000000004,8.752899999999999,0.07049999999999998,4326.0,-0.87356,0.546,0.611,3.9659999999999997
K2-52 b,K2-52,18.0,9.22,2.56,0.0078,2004.0,1124.0000000000002,3.535055,0.054,7147.0,0.02701,2.192,1.6909999999999998,1.7434
K2-53 b,K2-53,2.6,7.269999999999999,2.2700000000000005,0.0,665.0,52.5,12.207720000000002,0.098,5263.0,-0.5788,0.8069999999999999,0.851,4.3062
K2-54 b,K2-54,2.6116925,7.329999999999999,2.26,0.24,560.0,6.1000000000000005,9.783299999999999,0.0761,3990.0,-1.02228,0.643,0.615,4.523
K2-55 b,K2-55,4.43,43.99999999999999,2.8,0.07,900.0,141.29999999999995,2.849271,0.03486,4300.0,-0.78432,0.7149999999999999,0.688,5.9671
K2-57 b,K2-57,2.30905002,5.9399999999999995,2.65,0.25,635.8,24.10000000000001,9.0073,0.0752,4413.0,-0.8122,0.671,0.6990000000000001,6.8
K2-58 b,K2-58,2.68,7.65,2.18,0.0,846.9,118.00000000000003,7.052539999999999,0.0692,5413.0,-0.39764,0.86,0.89,4.794
K2-58 c,K2-58,1.62,3.26,4.21,0.0,1170.4,462.0,2.5372599999999994,0.035,5413.0,-0.39764,0.86,0.89,4.628
K2-58 d,K2-58,1.71,3.57,3.92,0.0,562.8,24.6,22.882699999999993,0.1517,5413.0,-0.39764,0.86,0.89,4.136
K2-59 b,K2-59,2.41,6.390000000000001,2.5100000000000002,0.002,527.7,17.1,20.6921,0.1354,5055.0,-0.66037,0.7310000000000001,0.7740000000000001,5.1259999999999994
K2-59 c,K2-59,2.3,5.9,2.66,0.033,668.201,38.29999999999999,11.2954,0.0905,5055.0,-0.66037,0.7310000000000001,0.7740000000000001,5.719
K2-6 b,K2-6,2.5,6.800000000000002,2.3900000000000006,0.0,615.0,28.599999999999998,30.941910000000004,0.1898,5850.0,-0.12006,0.9599999999999999,0.97,3.656999999999999
K2-60 b,K2-60,7.655747,135.39558,1.7000000000000002,0.0,1400.0,1212.0000000000002,3.0026499999999996,0.045,5500.0,0.28233,1.12,0.97,10.0
K2-61 b,K2-61,1.92,4.35,3.38,0.0,1325.0,729.9999999999998,2.5733600000000005,0.0392,5748.0,-0.01524,0.9949999999999999,0.97,3.749
K2-62 b,K2-62,2.02,4.74,3.16,0.014400000000000001,666.0,46.7,6.671989999999999,0.0636,4455.0,-0.72658,0.6959999999999998,0.67,4.229999999999999
K2-62 c,K2-62,1.99,4.619999999999999,3.22,0.0184,495.0,14.3,16.19697,0.1148,4455.0,-0.72658,0.6959999999999998,0.67,2.8325
K2-63 b,K2-63,3.22,10.5,1.73,0.028700000000000003,897.9200000000001,188.00000000000006,20.257000000000005,0.1627,6771.0,0.21948,1.63,1.4,1.7429999999999999
K2-63 c,K2-63,3.9,14.499999999999998,1.34,0.0,892.1,138.99999999999994,25.4556,0.189,6771.0,0.21948,1.63,1.4,1.61
K2-64 b,K2-64,2.07,4.94,3.0599999999999996,0.035199999999999995,810.6,97.99999999999999,6.53044,0.0619,5312.0,-0.23421,0.726,0.7410000000000001,7.043999999999999
K2-65 b,K2-65,1.58,3.12,4.35,0.0,679.4,45.0,12.6475,0.1014,5213.0,-0.328,0.8400000000000001,0.87,2.939
K2-66 b,K2-66,2.49,21.299999999999997,7.800000000000002,0.0,1372.0,840.0000000000002,5.06963,0.05983,5887.0,0.50621,1.6699999999999997,1.11,5.047000000000001
K2-68 b,K2-68,1.58,3.12,4.35,0.0072,671.02,41.0,8.054280000000002,0.0708,4746.0,-0.67323,0.675,0.73,4.986
K2-69 b,K2-69,2.32,5.989999999999999,2.6400000000000006,0.06870000000000001,512.784,17.9,7.065990000000001,0.0591,4127.0,-1.35611,0.491,0.551,4.681
K2-7 b,K2-7,4.03523305,15.300000000000004,1.2800000000000002,0.24,786.0,125.0,28.678099999999997,0.1867,5700.0,0.35025,1.533,1.056,8.6
K2-70 b,K2-70,2.89,8.699999999999998,1.9799999999999998,0.0,736.9,61.99999999999999,13.978960000000002,0.1112,5622.0,-0.42935,0.9300000000000002,0.94,4.119
K2-71 b,K2-71,2.15,5.269999999999999,2.91,0.15000000000000002,513.4,13.399999999999999,6.985410000000001,0.0559,4006.0,-1.51871,0.426,0.477,4.51
K2-72 b,K2-72,1.08,1.2800000000000002,5.58,0.11,443.338,8.500000000000002,5.577212000000001,0.04,3360.47,-1.83673,0.330989,0.271365,5.711
K2-72 c,K2-72,1.16,1.65,5.81,0.11,324.22,2.2,15.189034,0.078,3360.47,-1.83673,0.330989,0.271365,4.73801
K2-72 d,K2-72,1.01,1.01,5.390000000000001,0.11,419.0,5.4,7.760177999999999,0.05,3360.47,-1.83673,0.330989,0.271365,4.476
K2-72 e,K2-72,1.29,2.21,5.66,0.11,278.07000000000005,1.2,24.158868,0.106,3360.47,-1.83673,0.330989,0.271365,3.68701
K2-73 b,K2-73,2.58,9.2,2.8,0.0558,968.0,208.99999999999994,7.49556,0.07619,5867.0,0.07609,1.058,1.02,5.258
K2-73 c,K2-73,13.0,1141.9999999999995,2.86,0.27013000000000004,186.1,0.285,999.9999999999999,0.102,5867.0,0.07609,1.058,1.02,5.545
K2-74 b,K2-74,2.31,5.950000000000001,2.65,0.0,720.4,59.09999999999999,19.566599999999998,0.1402,6060.0,0.05957,0.9799999999999999,0.9599999999999999,0.766
K2-75 b,K2-75,2.67,7.610000000000001,2.2,0.21670000000000003,1116.4,429.99999999999983,7.814199999999998,0.081,5995.0,0.34943,1.56,1.16,5.899800000000001
K2-75 c,K2-75,2.77,8.1,2.09,0.1702,824.3,137.99999999999997,18.310999999999996,0.1429,5995.0,0.34943,1.56,1.16,5.925800000000001
K2-77 b,K2-77,2.4996027,603.8770000000001,2.56,0.29,806.0,58.000000000000014,8.200084399999998,0.0753,5160.0,-0.39686,0.7919999999999999,0.847,4.7
K2-79 b,K2-79,4.09,9.2,0.73,0.23,1022.0,180.99999999999997,10.994700000000002,0.09880000000000001,5897.0,0.01823,1.265,1.066,6.5
K2-8 b,K2-8,3.58,12.5,1.5,0.16720000000000002,631.0,37.699999999999996,10.352390000000002,0.0856,4870.0,-0.55319,0.74,0.78,3.4620000000000006
K2-8 c,K2-8,2.41,6.390000000000001,2.5100000000000002,0.016,801.0,97.80000000000001,5.064160000000001,0.0532,4870.0,-0.55319,0.74,0.78,5.213
K2-80 b,K2-80,2.01,4.699999999999999,3.18,0.0,633.7,32.5,19.091799999999996,0.135,5441.0,-0.43238,0.87,0.9,4.484
K2-80 c,K2-80,1.47,2.76,4.769999999999999,0.0,958.9799999999999,166.00000000000006,5.605,0.0596,5441.0,-0.43238,0.87,0.9,4.483
K2-80 d,K2-80,2.55211506,7.040000000000001,2.33,0.0,547.8,22.513039136499458,28.867253000000005,0.102,5377.0,-0.43238,0.841458,0.9131109999999999,3.1959999999999997
K2-81 b,K2-81,1.97,4.540000000000001,3.26,0.06,793.908,62.89999999999997,6.102325000000001,0.059,4674.13,-0.5689,0.634663,0.7452730000000001,4.770999999999999
K2-83 b,K2-83,1.244,2.08,5.9399999999999995,0.07,750.467,41.50000000000001,2.74697,0.03014,3910.0,-1.20362,0.42400000000000004,0.484,6.060699999999999
K2-83 c,K2-83,1.483,2.8,4.719999999999999,0.06,447.204,7.419999999999998,9.997670000000001,0.07131,3910.0,-1.20362,0.42400000000000004,0.484,5.4497
K2-84 b,K2-84,2.41,6.390000000000001,2.5100000000000002,0.0,972.5,178.0,6.421500000000001,0.0665,5652.0,-0.42274,0.9300000000000002,0.9500000000000001,4.373
K2-84 c,K2-84,2.03,4.78,3.14,0.0,551.2,25.299999999999997,27.859999999999996,0.1768,5652.0,-0.42274,0.9300000000000002,0.9500000000000001,4.499999999999999
K2-85 b,K2-85,1.4,3.2000000000000006,5.9,0.24,1355.0,800.0000000000003,0.6845386261599999,0.013,4232.0,-0.81171,0.71,0.7,6.062499999999999
K2-86 b,K2-86,1.96,4.5,3.2800000000000002,0.0,815.5,78.0,8.77683,0.077,5482.0,-0.38611,0.76,0.79,4.447
K2-87 b,K2-87,7.6,44.89999999999999,0.562,0.18889999999999998,979.0,84.99999999999997,9.726618,0.094,5747.0,-0.09769,1.4009999999999998,1.164,4.8637
K2-88 b,K2-88,1.23,2.04,6.02,0.26,461.543,7.800000000000002,4.6122,0.0345,3537.0,-1.54478,0.256,0.258,5.155
K2-89 b,K2-89,0.615,0.16999999999999998,4.02,0.15,836.344,78.0,1.096026,0.01462,3691.0,-1.32653,0.318,0.347,6.755
K2-9 b,K2-9,2.25,5.6899999999999995,2.74,0.152,314.0,1.3599999999999999,18.4498,0.091,3390.0,-1.92082,0.30999999999999994,0.3,1.0
K2-90 b,K2-90,2.6,7.269999999999999,2.2700000000000005,0.07,502.0,10.2,13.733314,0.096,4484.0,-0.95318,0.619,0.629,3.0850000000000004
K2-90 c,K2-90,1.3,2.24,5.6,0.19,789.546,80.80000000000003,2.900706,0.035,4421.98,-0.95318,0.634754,0.704613,3.193
K2-91 b,K2-91,1.1,1.37,5.66,0.09,726.2,45.99999999999999,1.4195489999999997,0.0164,3622.0,-1.84126,0.284,0.2919999999999999,3.191
K2-95 b,K2-95,3.31,11.0,1.6699999999999997,0.16,474.0,10.267271635258544,10.1346454,0.0525,3566.0,-1.63451,0.4,0.41000000000000003,0.79
K2-97 b,K2-97,13.45077684,174.48779544,0.392,0.207,1566.0,114.14899999999996,8.407115000000001,0.08539999999999999,4673.0,0.86688,4.14,1.17,7.5
K2-98 b,K2-98,5.06645928,34.00763955,1.4,0.119,1185.0,339.0000000000001,10.136734900000002,0.0986,6260.0,0.50379,1.5179999999999998,1.246,3.4
K2-99 b,K2-99,11.88151954,276.51071409000014,0.9,0.22,1184.0,357.0,18.247830000000004,0.153,6069.0,0.89927,2.55,1.44,3.7
K2-99 c,K2-99,12.6,2669.7586188,7.329999999999999,0.21,390.0,10.224862558285178,522.2000000000002,1.4300000000000002,6069.0,0.89927,2.55,1.44,3.7
KELT-1 b,KELT-1,12.442,8654.149999999996,24.700000000000003,0.0099,2361.0,5165.9199999999955,1.217514,0.02466,6516.0,0.545,1.471,1.335,1.3279999999999998
KELT-10 b,KELT-10,15.681391,215.8065699999999,0.30799999999999994,0.035199999999999995,1377.0,600.0,4.166273899999999,0.0525,5948.0,0.21748,1.209,1.112,4.5
KELT-11 b,KELT-11,15.13212395,65.15482343000001,0.09299999999999999,0.0,1712.0,1432.9999999999998,4.73620865,0.0623,5375.0,0.74429,2.6899999999999995,1.44,4.65
KELT-12 b,KELT-12,19.95202,301.93850000000003,0.209,0.0,1800.0,1748.9999999999995,5.031623,0.06708,6279.0,0.89209,2.37,1.5909999999999997,2.2
KELT-14 b,KELT-14,19.537287,408.0937200000001,0.322,0.0,1970.0,826.1129999999999,1.7100566,0.03005,5720.0,0.27875,1.5200000000000002,1.2390000000000003,5.11
KELT-15 b,KELT-15,19.50366,416.35730000000007,0.36,0.0,1642.0,1612.7617999999998,3.3294400000000004,0.04613,6003.0,0.41162,1.7800000000000002,2.0599999999999996,3.8376000000000006
KELT-16 b,KELT-16,15.860735,874.0325000000004,1.2,0.0,2453.0,6992.032800000003,0.9689951000000001,0.02044,6236.0,0.4014,1.3599999999999999,1.211,3.1
KELT-17 b,KELT-17,17.093725,416.35730000000007,0.4600000000000001,0.0733,2087.0,3331.870699999999,3.0801716,0.04881,7454.0,0.87564,1.645,1.6350000000000002,0.65
KELT-18 b,KELT-18,17.59813,375.03940000000006,0.377,0.0,2085.0,3152.000000000002,2.8717518,0.0455,6670.0,0.81291,1.9079999999999995,1.524,1.9
KELT-19 A b,KELT-19 A,21.40919,1293.5681,0.744,0.06920000000000001,1935.0,2339.999999999999,4.6117093,0.0637,7500.0,0.97772,1.8300000000000003,1.62,0.9069999999999998
KELT-2 A b,KELT-2 A,15.13215,540.311,0.91,0.0,2080.0,3108.4500000000007,4.11379,0.05497,6327.0,0.6889,1.9299999999999997,1.54,3.97
KELT-20 b,KELT-20,19.514869,1074.9010599999997,0.8060000000000002,0.0,2262.0,4362.499999999998,3.4741085,0.0542,8720.0,1.1038,1.565,1.7600000000000002,0.6
KELT-21 b,KELT-21,17.777474,1242.7153000000003,1.2400000000000002,0.0,2051.0,2949.9999999999995,3.6127646999999996,0.05224,7598.0,0.90472,1.638,1.4579999999999997,1.6
KELT-23 A b,KELT-23 A,14.829507,298.12454000000014,0.503,0.0,1561.0,991.183,2.2552509999999995,0.03302,5899.0,0.03383,0.996,0.944,6.4
KELT-24 b,KELT-24,12.71098411,1458.83238813,3.9000000000000004,0.0319,1391.0,623.9999999999998,5.551492960000001,0.0665,6426.0,0.43933,1.338,1.268,1.98
KELT-3 b,KELT-3,17.48604,616.5902000000001,0.75,0.0,1816.0,1704.5700000000006,2.7033899999999997,0.04123,6304.0,0.62523,1.7000000000000002,1.96,3.0
KELT-4 A b,KELT-4 A,19.044091,286.68266,0.228,0.0,1823.0,1840.0000000000007,2.9895932,0.04317,6206.0,0.53529,1.603,1.201,4.44
KELT-6 b,KELT-6,14.5717,165.2716,0.27,0.22,1313.0,718.1879999999998,7.845700000000002,0.07939,6102.0,0.493,1.73,1.4199999999999997,6.1
KELT-6 c,KELT-6,13.0,1179.1493000000003,2.9500000000000006,0.21,671.954,47.915794710136794,1276.0,2.3900000000000006,6272.0,0.493,1.529,1.126,4.9
KELT-7 b,KELT-7,17.9344,441.7837000000002,0.442,0.0,2048.0,1775.3899999999994,2.7347700000000006,0.04415,6768.0,0.758,1.8100000000000003,1.7600000000000002,1.3
KELT-8 b,KELT-8,18.15858,209.76780000000002,0.167,0.04,1675.0,983.3097999999995,3.24406,0.0455,5754.0,0.26483,1.46,0.81,5.4
KELT-9 b,KELT-9,21.196219,915.3503999999999,0.53,0.0,4050.0,44899.99999999997,1.4811235000000003,0.03462,10170.0,1.72428,2.362,2.5200000000000005,0.3
KIC 10001893 b,KIC 10001893,2.8395539349999996,9.22,2.56,0.170732,1703.6,2369.5104988260737,0.21970000000000003,0.102,27500.0,1.43069,0.18,0.4699999999999999,6.662999999999999
KIC 10001893 c,KIC 10001893,2.8395539349999996,9.22,2.56,0.170732,1703.6,2369.5104988260737,0.32528,0.102,27500.0,1.43069,0.18,0.4699999999999999,6.662999999999999
KIC 10001893 d,KIC 10001893,2.8395539349999996,9.22,2.56,0.170732,1760.2,2369.5104988260737,0.8116099999999999,0.102,27500.0,1.43069,0.18,0.4699999999999999,6.6450000000000005
KIC 10068024 b,KIC 10068024,13.4,635.6568139999998,1.45,0.10090000000000002,1863.9,1981.28891793774,2.073549,0.102,6118.4,0.496,1.5739999999999998,1.22,0.56
KIC 10525077 b,KIC 10525077,5.5,25.89999999999999,0.855,0.188,356.0,3.347868633330461,854.0829999999999,0.102,6091.0,0.12899,1.01,1.01,2.6182
KIC 3526061 b,KIC 3526061,12.1,5768.585587049995,17.9,0.85,404.6,14.382249089623139,3551.999999999997,5.140000000000001,4829.0,1.21484,5.860000000000001,1.4199999999999997,5.2219999999999995
KIC 3558849 b,KIC 3558849,6.9,38.099999999999994,0.637,0.0507,342.91999999999996,3.254258162239972,1322.3000000000004,0.102,6175.0,0.40531,1.01,0.9799999999999999,3.4192
KIC 5437945 b,KIC 5437945,6.4,33.60000000000001,0.704,0.0,308.0,2.8999999999999995,440.7812999999999,1.19671,6340.0,0.64137,1.2400000000000002,1.07,5.01
KIC 5479689 b,KIC 5479689,14.2,158.91420349999999,0.305,0.10488999999999997,1275.607,374.41233833148783,1.7015309999999997,0.102,5459.1,-0.20099,0.8939999999999999,0.966,4.265
KIC 7917485 b,KIC 7917485,12.4,3750.3939999999993,10.8,0.15,717.9,42.10650959516889,840.0000000000002,0.102,7067.0,0.99564,2.009938,1.63,1.4195
KIC 8121913 b,KIC 8121913,13.4,667.4396546999998,1.5200000000000002,0.1058,1619.2,1210.377075889964,3.2946009999999997,0.102,5975.3,0.73994,2.233,1.456,2.8990000000000005
KIC 8540376 b,KOI-7892,4.1,15.8,1.26,0.0509,743.0,57.27426311573581,31.809899999999995,0.102,6474.0,0.2987,1.26,1.04,2.5360000000000005
KIC 8540376 c,KOI-7892,2.4,6.349999999999999,2.5200000000000005,0.0060999999999999995,615.6,36.70750562421702,75.2,0.102,6474.0,0.2987,1.26,1.04,1.5630000000000002
KIC 9663113 b,KIC 9663113,4.6,19.200000000000003,1.08,0.0,264.0,3.356,572.3846999999998,1.55346,6065.0,0.7919,1.03,0.9799999999999999,2.14
KMT-2016-BLG-0212L b,KMT-2016-BLG-0212L,12.2,5699.999999999998,17.2,0.46611,647.566,26.65017711196104,11.122139999999998,2.2,5549.0,-0.07632,0.95138,0.48,4.411700000000001
KMT-2016-BLG-1105L b,KMT-2016-BLG-1105L,1.33,2.3199999999999994,5.42,0.251,292.97999999999996,1.4058131923032935,11.122139999999998,2.44,5549.0,-0.07632,0.95138,0.41000000000000003,9.3445
KMT-2016-BLG-1107L b,KMT-2016-BLG-1107L,13.1,1042.9999999999995,2.55,0.2742,672.2,42.044412626415706,11.122139999999998,0.342,5549.0,-0.07632,0.95138,0.087,6.44
KMT-2016-BLG-1397L b,KMT-2016-BLG-1397L,12.7,2200.0,5.9,0.31328000000000006,658.11,39.7390040343239,11.122139999999998,5.1,5549.0,-0.07632,0.95138,0.45000000000000007,6.8583
KMT-2016-BLG-1820L b,KMT-2016-BLG-1820L,12.9,1450.0,3.71,0.23273000000000002,656.71,39.7390040343239,11.122139999999998,1.08,5549.0,-0.07632,0.95138,0.039,6.389
KMT-2016-BLG-1836L b,KMT-2016-BLG-1836L,13.3,700.0,1.63,0.2476,59.94,0.04970751398507926,11.122139999999998,3.5000000000000004,5549.0,-0.07632,0.95138,0.49,6.7219999999999995
KMT-2016-BLG-2142L b,KMT-2016-BLG-2142L,12.2,4922.999999999998,14.900000000000004,0.38580000000000003,647.566,28.404324157468707,11.122139999999998,0.83,5549.0,-0.07632,0.95138,0.073,3.3374
KMT-2016-BLG-2321L b,KMT-2016-BLG-2321L,13.8,301.9369866499999,0.631,0.28545999999999994,654.8,33.79487626508011,11.122139999999998,3.58,5549.0,-0.07632,0.95138,0.73,5.9117999999999995
KMT-2016-BLG-2364L b,KMT-2016-BLG-2364L,13.0,1250.0000000000005,3.13,0.491373,55.9,0.03746221906484509,11.122139999999998,2.63,5549.0,-0.07632,0.95138,0.5,6.938
KMT-2016-BLG-2397L b,KMT-2016-BLG-2397L,13.2,836.0,1.9999999999999996,0.35370999999999997,64.25,0.04970751398507926,11.122139999999998,3.64,5549.0,-0.07632,0.95138,0.64,6.7780000000000005
KMT-2016-BLG-2605L b,KMT-2016-BLG-2605L,14.0,245.0457017999999,0.491,0.258092,553.9,20.09232870156379,11.122139999999998,0.6810000000000002,5549.0,-0.07632,0.95138,0.064,5.581
KMT-2017-BLG-0165L b,KMT-2017-BLG-0165L,6.45,33.99999999999999,0.6959999999999998,0.1941,662.5,41.527063797017874,11.122139999999998,3.4499999999999997,5549.0,-0.07632,0.95138,0.76,7.2637
KMT-2017-BLG-0428L b,KMT-2017-BLG-0428L,2.23,5.59,2.7699999999999996,0.14279999999999998,319.88,2.1575420188303553,11.122139999999998,1.8100000000000003,5549.0,-0.07632,0.95138,0.33999999999999997,7.845000000000001
KMT-2017-BLG-0673L b,KMT-2017-BLG-0673L,13.0,1166.4302536900002,2.9199999999999995,0.534773,137.25,0.09412886437189885,11.122139999999998,2.34,5549.0,-0.07632,0.95138,0.63,6.878
KMT-2017-BLG-0849L b,KMT-2017-BLG-0849L,2.41,6.390000000000001,2.5100000000000002,0.08679999999999999,155.68,0.12350809529982688,11.122139999999998,2.73,5549.0,-0.07632,0.95138,0.19,7.627000000000001
KMT-2017-BLG-1003L b,KMT-2017-BLG-1003L,2.13,5.19,2.9500000000000006,0.1456,353.1,3.40919995547476,11.122139999999998,1.3799999999999997,5549.0,-0.07632,0.95138,0.32,8.355
KMT-2017-BLG-1038L b,KMT-2017-BLG-1038L,13.4,639.9999999999999,1.46,0.24779999999999996,188.01,0.2514212133919926,11.122139999999998,1.8000000000000003,5549.0,-0.07632,0.95138,0.37,6.286
KMT-2017-BLG-1057L b,KMT-2017-BLG-1057L,5.19,23.500000000000007,0.9239999999999999,0.2597,543.6,14.692543150805907,11.122139999999998,2.36,5549.0,-0.07632,0.95138,0.57,7.754300000000001
KMT-2017-BLG-1146L b,KMT-2017-BLG-1146L,14.0,229.99999999999994,0.4610000000000001,0.30901,662.4,40.022917930452294,11.122139999999998,1.6000000000000003,5549.0,-0.07632,0.95138,0.33,5.229
KMT-2017-BLG-1194L b,KMT-2017-BLG-1194L,1.7,3.5399999999999996,3.96,0.1223,319.4,2.177670355797667,11.122139999999998,1.7800000000000002,5549.0,-0.07632,0.95138,0.41000000000000003,10.401
KMT-2017-BLG-2197L b,KMT-2017-BLG-2197L,12.5,2809.6031178800004,7.9,0.40881999999999996,467.9,21.798605325053046,11.122139999999998,15.91,5549.0,-0.07632,0.95138,0.36,4.41223
KMT-2017-BLG-2331L b,KMT-2017-BLG-2331L,14.2,170.99999999999994,0.32800000000000007,0.34987,658.866,41.2063682370464,11.122139999999998,2.1399999999999997,5549.0,-0.07632,0.95138,0.4,3.9402999999999997
KMT-2017-BLG-2509L b,KMT-2017-BLG-2509L,13.4,664.2613706299998,1.5200000000000002,0.25029999999999997,174.53000000000003,0.176554878415967,11.122139999999998,2.1399999999999997,5549.0,-0.07632,0.95138,0.4600000000000001,6.7219999999999995
KMT-2018-BLG-0029L b,KMT-2018-BLG-0029L,2.67,7.59,2.19,0.1352,577.2,28.237551804892668,11.122139999999998,4.27,5549.0,-0.07632,0.95138,1.14,1.7856
KMT-2018-BLG-0030L b,KMT-2018-BLG-0030L,13.6,460.85119014999987,1.01,0.25898,62.239999999999995,0.04970751398507926,11.122139999999998,4.39,5549.0,-0.07632,0.95138,0.51,6.586
KMT-2018-BLG-0087L b,KMT-2018-BLG-0087L,10.1,73.10053361000003,0.39,0.31799,652.601,32.98055210148706,11.122139999999998,0.87,5549.0,-0.07632,0.95138,0.1,5.156000000000001
KMT-2018-BLG-0247L b,KMT-2018-BLG-0247L,13.4,670.6179387700003,1.53,0.23859999999999998,174.53000000000003,0.1774724337225896,11.122139999999998,2.46,5549.0,-0.07632,0.95138,0.2899999999999999,5.922
KMT-2018-BLG-0748L b,KMT-2018-BLG-0748L,9.01,60.00000000000001,0.451,0.26449999999999996,578.8,42.27197021259956,11.122139999999998,0.62,5549.0,-0.07632,0.95138,0.087,5.607100000000001
KMT-2018-BLG-0885L b,KMT-2018-BLG-0885L,11.9,9217.023803000006,30.1,0.5002899999999999,682.3,49.59231102006951,11.122139999999998,1.07,5549.0,-0.07632,0.95138,0.2899999999999999,3.0714000000000006
KMT-2018-BLG-1025L b,KMT-2018-BLG-1025L,2.34,6.059,2.6000000000000005,0.22069999999999998,675.25,48.453312429383985,11.122139999999998,1.305,5549.0,-0.07632,0.95138,0.219,8.355
KMT-2018-BLG-1292L b,KMT-2018-BLG-1292L,12.9,1399.9999999999995,3.58,0.24180000000000001,629.2239999999999,33.77092142903326,11.122139999999998,6.030000000000001,5549.0,-0.07632,0.95138,1.09,2.7517
KMT-2018-BLG-1743L b,KMT-2018-BLG-1743L,10.5,77.86795971000002,0.37,0.26308999999999994,659.5,38.7534001755097,11.122139999999998,1.449,5549.0,-0.07632,0.95138,0.19299999999999998,5.1321
KMT-2018-BLG-1976L b,KMT-2018-BLG-1976L,13.3,705.5790635399999,1.65,0.31344000000000005,675.11,43.38646308537139,11.122139999999998,3.5399999999999996,5549.0,-0.07632,0.95138,0.65,6.448300000000001
KMT-2018-BLG-1988L b,KMT-2018-BLG-1988L,2.22,5.5600000000000005,2.79,0.14279999999999998,314.63,1.779410233433131,11.122139999999998,3.09,5549.0,-0.07632,0.95138,0.4699999999999999,8.975
KMT-2018-BLG-1990L b,KMT-2018-BLG-1990L,12.9,110.99999999999996,0.284,0.18454200000000004,647.61,33.93794493655943,11.122139999999998,0.763,5549.0,-0.07632,0.95138,0.094,4.9887
KMT-2018-BLG-1996L b,KMT-2018-BLG-1996L,13.7,346.43296362999985,0.74,0.19546000000000002,158.68,0.12191693674422482,11.122139999999998,4.27,5549.0,-0.07632,0.95138,0.69,6.022
KMT-2018-BLG-2602L b,KMT-2018-BLG-2602L,13.7,365.50266804999995,0.7809999999999999,0.19874,173.54000000000002,0.17502321687662026,11.122139999999998,3.8099999999999996,5549.0,-0.07632,0.95138,0.6599999999999999,7.086
KMT-2019-BLG-0253L b,KMT-2019-BLG-0253L,2.99,9.2,1.89,0.09,578.46,26.71438434079172,11.122139999999998,3.0999999999999996,5549.0,-0.07632,0.95138,0.7,9.011
KMT-2019-BLG-0297L b,KMT-2019-BLG-0297L,12.1,6038.739733000003,18.699999999999996,0.44259000000000004,647.566,27.690166516781524,11.122139999999998,0.9599999999999999,5549.0,-0.07632,0.95138,0.21,3.3374
KMT-2019-BLG-0298L b,KMT-2019-BLG-0298L,13.4,575.2694166700002,1.31,0.28368000000000004,626.3100000000001,26.780936046983612,11.122139999999998,5.670000000000001,5549.0,-0.07632,0.95138,0.7,6.6913
KMT-2019-BLG-0335L b,KMT-2019-BLG-0335L,12.1,6674.396547,20.7,0.44959,647.566,27.690166516781524,11.122139999999998,1.6399999999999997,5549.0,-0.07632,0.95138,0.32,3.7064
KMT-2019-BLG-0371L b,KMT-2019-BLG-0371L,12.6,2447.2787339000006,6.719999999999999,0.2739,668.8,39.91713095826135,11.122139999999998,0.79,5549.0,-0.07632,0.95138,0.09,5.056
KMT-2019-BLG-0414L b,KMT-2019-BLG-0414L,12.9,1452.4758199900002,3.7200000000000006,0.24293000000000003,668.01,42.381987361375025,11.122139999999998,1.16,5549.0,-0.07632,0.95138,0.74,7.0943
KMT-2019-BLG-0578L b,KMT-2019-BLG-0578L,13.7,381.3940883999999,0.8149999999999998,0.25983999999999996,61.42999999999999,0.04871431676861245,11.122139999999998,1.9999999999999996,5549.0,-0.07632,0.95138,0.28,6.286
KMT-2019-BLG-0842L b,KMT-2019-BLG-0842L,3.19,10.28,1.7400000000000002,0.0908,745.4,42.35002777775725,11.122139999999998,3.3100000000000005,5549.0,-0.07632,0.95138,0.76,8.450999999999999
KMT-2019-BLG-0953L b,KMT-2019-BLG-0953L,4.06,15.499999999999998,1.27,0.20940000000000003,373.52,4.397938332343589,11.122139999999998,1.1,5549.0,-0.07632,0.95138,0.28,6.81
KMT-2019-BLG-1042L b,KMT-2019-BLG-1042L,9.05,60.387397329999985,0.448,0.20564799999999997,573.8,33.41008331545648,11.122139999999998,1.7000000000000002,5549.0,-0.07632,0.95138,0.3,6.271
KMT-2019-BLG-1216L b,KMT-2019-BLG-1216L,5.98,29.875870260000006,0.768,0.21239999999999998,355.2,3.433376368321662,11.122139999999998,2.44,5549.0,-0.07632,0.95138,0.39,8.189
KMT-2019-BLG-1339L b,KMT-2019-BLG-1339L,13.7,397.0,0.848,0.25048,157.21,0.12438090690747831,11.122139999999998,2.1500000000000004,5549.0,-0.07632,0.95138,0.48,7.086
KMT-2019-BLG-1367L b,KMT-2019-BLG-1367L,1.85,4.08,3.5399999999999996,0.1223,293.28,1.6783144377440067,11.122139999999998,1.7000000000000002,5549.0,-0.07632,0.95138,0.25,8.587
KMT-2019-BLG-1552L b,KMT-2019-BLG-1552L,13.0,1287.2050483500004,3.22,0.3949,649.11,32.39960541440178,11.122139999999998,2.6000000000000005,5549.0,-0.07632,0.95138,0.79,7.457299999999999
KMT-2019-BLG-1715L b,KMT-2019-BLG-1715L,13.2,813.6407219200003,1.9400000000000002,0.29771,64.25,0.04970751398507926,11.122139999999998,3.32,5549.0,-0.07632,0.95138,0.61,6.343
KMT-2019-BLG-1806L b,KMT-2019-BLG-1806L,2.0,4.67,3.21,0.141,633.8100000000001,26.672688138912513,11.122139999999998,3.0200000000000005,5549.0,-0.07632,0.95138,0.74,9.573000000000002
KMT-2019-BLG-1953L b,KMT-2019-BLG-1953L,14.1,200.0,0.392,0.14707199999999998,721.6,41.27628738138951,11.122139999999998,0.102,5549.0,-0.07632,0.95138,0.30999999999999994,6.2787
KMT-2019-BLG-2783L b,KMT-2019-BLG-2783L,13.7,368.6809521199999,0.788,0.18784,61.42999999999999,0.050036529420697876,11.122139999999998,1.85,5549.0,-0.07632,0.95138,0.33999999999999997,6.8287
KMT-2019-BLG-2974L b,KMT-2019-BLG-2974L,11.4,88.99195396000002,0.33,0.2561,668.71,40.61202292885806,11.122139999999998,1.9999999999999996,5549.0,-0.07632,0.95138,0.4699999999999999,5.0374
KMT-2020-BLG-0414L b,KMT-2020-BLG-0414L,1.2,1.8700000000000003,5.950000000000001,0.251,313.9,1.7246253740743342,11.122139999999998,2.07,5549.0,-0.07632,0.95138,0.49,9.3445
KMT-2020-BLG-0414L c,KMT-2020-BLG-0414L,11.9,8581.366989000007,28.000000000000004,0.42014000000000007,1399.2,434.95642122355554,11.122139999999998,22.300000000000004,5549.0,-0.07632,0.95138,0.49,1.0768
KMT-2021-BLG-0119L b,KMT-2021-BLG-0119L,12.8,1754.4128066399994,4.6,0.3005,619.4100000000001,27.983201615686514,11.122139999999998,2.9199999999999995,5549.0,-0.07632,0.95138,0.56,6.8583
KMT-2021-BLG-0171L b,KMT-2021-BLG-0171L,3.35,11.2,1.6399999999999997,0.3003,584.76,41.692567129144244,11.122139999999998,3.5000000000000004,5200.0,-0.07632,0.95138,0.78,8.998000000000001
KMT-2021-BLG-0192L b,KMT-2021-BLG-0192L,6.56,34.96112477,0.6810000000000002,0.18794799999999998,334.277,2.850068687903006,11.122139999999998,1.62,5549.0,-0.07632,0.95138,0.27,7.2637
KMT-2021-BLG-0240L b,KMT-2021-BLG-0240L,9.6,66.74396546999998,0.41500000000000004,0.21349999999999997,530.4,19.177482359331755,11.122139999999998,2.8,5549.0,-0.07632,0.95138,0.56,5.2363
KMT-2021-BLG-0320L b,KMT-2021-BLG-0320L,6.2,31.782840700000005,0.7330000000000001,0.25860000000000005,548.5319999999999,16.11193369739506,11.122139999999998,1.54,5549.0,-0.07632,0.95138,0.32,6.411
KMT-2021-BLG-0322L b,KMT-2021-BLG-0322L,12.7,2034.1018048000003,5.46,0.27957999999999994,705.2,40.44443925801781,11.122139999999998,0.102,5549.0,-0.07632,0.95138,0.62,7.4193
KMT-2021-BLG-0712L b,KMT-2021-BLG-0712L,6.91,38.19,0.636,0.2354,341.877,3.242855933494279,11.122139999999998,2.2199999999999998,5549.0,-0.07632,0.95138,0.22,6.688
KMT-2021-BLG-0736L b,KMT-2021-BLG-0736L,4.86,21.000000000000004,1.01,0.22690000000000002,362.7,4.305454729148309,11.122139999999998,3.9999999999999996,5549.0,-0.07632,0.95138,0.6000000000000001,8.189
KMT-2021-BLG-0748L b,KMT-2021-BLG-0748L,14.3,143.02278314999998,0.269,0.3198,659.0600000000001,41.837881887652614,11.122139999999998,2.43,5549.0,-0.07632,0.95138,0.36,3.3489999999999993
KMT-2021-BLG-0909L b,KMT-2021-BLG-0909L,13.7,400.4637928199999,0.856,0.23148,189.91,0.2508210863357319,11.122139999999998,1.75,5549.0,-0.07632,0.95138,0.38,6.286
KMT-2021-BLG-0912L b,KMT-2021-BLG-0912L,1.49,2.81,4.67,0.3025,618.958,28.11330904434329,11.122139999999998,3.14,5549.0,-0.07632,0.95138,0.8,11.218
KMT-2021-BLG-1077L b,KMT-2021-BLG-1077L,9.86,69.92224953999998,0.401,0.28490000000000004,647.4010000000001,32.013322387705834,11.122139999999998,1.26,5549.0,-0.07632,0.95138,0.14,5.1321
KMT-2021-BLG-1077L c,KMT-2021-BLG-1077L,10.6,79.45710175,0.367,0.28419,659.0409999999999,41.07095820474581,11.122139999999998,0.9300000000000002,5549.0,-0.07632,0.95138,0.14,4.6961
KMT-2021-BLG-1105L b,KMT-2021-BLG-1105L,13.6,413.17692909999994,0.903,0.26598,62.15,0.04970751398507926,11.122139999999998,3.5399999999999996,5549.0,-0.07632,0.95138,0.63,7.086
KMT-2021-BLG-1150L b,KMT-2021-BLG-1150L,13.9,279.68899816000004,0.572,0.25416,551.8399999999999,18.256261099217454,11.122139999999998,4.5,5549.0,-0.07632,0.95138,0.73,6.4893
KMT-2021-BLG-1253L b,KMT-2021-BLG-1253L,4.59,19.049999999999997,1.08,0.22960000000000003,355.2,3.59921753954183,11.122139999999998,1.5200000000000002,5549.0,-0.07632,0.95138,0.24,7.389
KMT-2021-BLG-1303L b,KMT-2021-BLG-1303L,13.6,120.77479465999996,0.264,0.18786,176.11,0.18216975324316834,11.122139999999998,2.89,5549.0,-0.07632,0.95138,0.57,4.7067
KMT-2021-BLG-1372L b,KMT-2021-BLG-1372L,9.12,61.26999999999998,0.44400000000000006,0.32270000000000004,589.5,34.94738271396374,11.122139999999998,2.37,5549.0,-0.07632,0.95138,0.41999999999999993,6.2973
KMT-2021-BLG-1391L b,KMT-2021-BLG-1391L,1.97,4.55,3.27,0.1223,314.07,2.219092501051595,11.122139999999998,2.29,5549.0,-0.07632,0.95138,0.37,7.845000000000001
KMT-2021-BLG-1547L b,KMT-2021-BLG-1547L,13.6,467.20775829,1.02,0.28615999999999997,656.72,39.75806704987866,11.122139999999998,4.5,5549.0,-0.07632,0.95138,0.7199999999999999,6.6913
KMT-2021-BLG-1554L b,KMT-2021-BLG-1554L,6.9,38.139408839999994,0.638,0.19308999999999998,574.74,42.27197021259956,11.122139999999998,0.7199999999999999,5549.0,-0.07632,0.95138,0.08,6.6287
KMT-2021-BLG-1689L b,KMT-2021-BLG-1689L,7.71,45.99999999999999,0.552,0.31379999999999997,613.5,37.04867435475052,11.122139999999998,2.5,4570.0,-0.07632,0.95138,0.58,6.009299999999999
KMT-2021-BLG-1770L b,KMT-2021-BLG-1770L,12.1,6674.396547,20.7,0.45316999999999996,647.566,27.690166516781524,11.122139999999998,0.9,5549.0,-0.07632,0.95138,0.13,3.3374
KMT-2021-BLG-1898L b,KMT-2021-BLG-1898L,14.0,232.01473710999997,0.465,0.34876999999999997,627.4,26.93141816853681,11.122139999999998,1.8999999999999997,5549.0,-0.07632,0.95138,0.48,5.6103
KMT-2021-BLG-2010L b,KMT-2021-BLG-2010L,13.8,340.07639548999987,0.7109999999999999,0.18445999999999999,328.21999999999997,3.5674278136571296,11.122139999999998,1.79,5549.0,-0.07632,0.95138,0.37,6.6107
KMT-2021-BLG-2294L b,KMT-2021-BLG-2294L,5.02,22.247988490000004,0.966,0.21830000000000002,382.77,4.4113615021674715,11.122139999999998,1.15,5549.0,-0.07632,0.95138,0.14,6.81
KMT-2021-BLG-2478L b,KMT-2021-BLG-2478L,13.9,286.0455663,0.585,0.24566,61.42999999999999,0.04871431676861245,11.122139999999998,1.85,5549.0,-0.07632,0.95138,0.19999999999999998,5.8575
KMT-2021-BLG-2609L b,KMT-2021-BLG-2609L,3.17,10.17050902,1.75,0.09659999999999999,353.5,3.3786912139403147,11.122139999999998,2.3,5549.0,-0.07632,0.95138,0.19999999999999998,7.81
KMT-2022-BLG-0303L b,KMT-2022-BLG-0303L,14.2,163.04597278999995,0.31300000000000006,0.37121,621.3,27.696472365880105,11.122139999999998,4.8100000000000005,5549.0,-0.07632,0.95138,0.368,4.034999999999999
KMT-2022-BLG-0371L b,KMT-2022-BLG-0371L,10.9,82.63538582000002,0.351,0.1926,436.692,6.648866130808179,11.122139999999998,3.0200000000000005,5549.0,-0.07632,0.95138,0.63,6.0837
KMT-2022-BLG-0440L b,KMT-2022-BLG-0440L,4.05,15.400000000000002,1.27,0.172948,412.096,5.082491867375312,11.122139999999998,1.8999999999999997,5549.0,-0.07632,0.95138,0.53,8.701699999999999
KMT-2022-BLG-1013L b,KMT-2022-BLG-1013L,12.1,98.52680616999999,0.30599999999999994,0.24694999999999995,664.9100000000001,43.67904359358654,11.122139999999998,1.3799999999999997,5549.0,-0.07632,0.95138,0.18,5.471
KMT-2022-BLG-1790L b,KMT-2022-BLG-1790L,13.5,549.8431441100001,1.23,0.31339999999999996,55.05,0.04970751398507926,11.122139999999998,5.25,5549.0,-0.07632,0.95138,0.58,6.207
KMT-2022-BLG-1818L b,KMT-2022-BLG-1818L,13.0,1271.3136280000003,3.18,0.3949,649.11,34.3684345904541,11.122139999999998,2.6000000000000005,5549.0,-0.07632,0.95138,0.79,7.009299999999999
KMT-2022-BLG-1818L c,KMT-2022-BLG-1818L,13.2,114.41822652000005,0.273,0.42453,570.6,32.180383864070414,11.122139999999998,12.600000000000001,5549.0,-0.07632,0.95138,0.79,6.0613
KMT-2022-BLG-2076L b,KMT-2022-BLG-2076L,13.9,279.68899816000004,0.572,0.19206000000000004,158.88000000000002,0.12191693674422482,11.122139999999998,5.670000000000001,5549.0,-0.07632,0.95138,0.67,6.664699999999999
KMT-2022-BLG-2286L b,KMT-2022-BLG-2286L,12.1,6038.739733000003,18.699999999999996,0.45059000000000005,647.566,27.690166516781524,11.122139999999998,2.0200000000000005,5549.0,-0.07632,0.95138,0.19999999999999998,3.7064
KMT-2023-BLG-0119L b,KMT-2023-BLG-0119L,11.0,83.70000000000002,0.346,0.18080000000000002,657.1,38.582097255074146,11.122139999999998,3.14,5549.0,-0.07632,0.95138,0.71,6.773700000000001
KMT-2023-BLG-0416L b,KMT-2023-BLG-0416L,3.67,13.030964689999998,1.45,0.12390000000000001,362.7,4.381430293684187,11.122139999999998,2.9600000000000004,5549.0,-0.07632,0.95138,0.63,8.7
KMT-2023-BLG-0469L b,KMT-2023-BLG-0469L,7.04,39.410722469999996,0.621,0.23479999999999998,432.48,5.958159448529649,11.122139999999998,2.31,5549.0,-0.07632,0.95138,0.4699999999999999,6.688
KMT-2023-BLG-0548L b,KMT-2023-BLG-0548L,13.1,1086.9731519399995,2.66,0.471483,666.8,42.347848658447944,11.122139999999998,6.849999999999998,5549.0,-0.07632,0.95138,0.7199999999999999,6.7583
KMT-2023-BLG-0735L b,KMT-2023-BLG-0735L,6.97,38.775065649999995,0.629,0.22160000000000002,347.7,3.468079931706213,11.122139999999998,2.9600000000000004,5549.0,-0.07632,0.95138,0.61,6.688
KMT-2023-BLG-0830L b,KMT-2023-BLG-0830L,4.41,17.79839079,1.14,0.20394800000000002,350.0,3.43527373394295,11.122139999999998,1.7000000000000002,5549.0,-0.07632,0.95138,0.22,7.389
KMT-2023-BLG-0949L b,KMT-2023-BLG-0949L,12.8,1900.6138738600002,4.98,0.2987,619.4100000000001,27.983201615686514,11.122139999999998,2.0299999999999994,5549.0,-0.07632,0.95138,0.48,6.8583
KMT-2023-BLG-1431L b,KMT-2023-BLG-1431L,3.76,13.600000000000001,1.4100000000000001,0.12680000000000002,420.954,5.63600868594305,11.122139999999998,3.2000000000000006,5549.0,-0.07632,0.95138,0.57,9.070000000000002
KMT-2023-BLG-1454L b,KMT-2023-BLG-1454L,14.1,200.23189641000005,0.393,0.34431,643.966,33.93794493655943,11.122139999999998,1.18,5549.0,-0.07632,0.95138,0.16999999999999998,3.5700000000000003
KMT-2023-BLG-1642L b,KMT-2023-BLG-1642L,13.8,343.25467956,0.718,0.17626,328.21999999999997,3.5674278136571296,11.122139999999998,1.4100000000000001,5549.0,-0.07632,0.95138,0.16999999999999998,6.6107
KMT-2023-BLG-1743L b,KMT-2023-BLG-1743L,12.1,6356.568139999998,19.7,0.46707,647.566,26.65017711196104,11.122139999999998,1.16,5549.0,-0.07632,0.95138,0.11,3.3374
KMT-2023-BLG-1866L b,KMT-2023-BLG-1866L,1.43,2.63,4.94,0.24500000000000002,300.17999999999995,1.7837228406765626,11.122139999999998,2.63,5549.0,-0.07632,0.95138,0.51,9.3445
KMT-2023-BLG-1896L b,KMT-2023-BLG-1896L,4.19,16.350000000000005,1.22,0.14592999999999998,611.7900000000001,28.250494732702272,11.122139999999998,2.86,5549.0,-0.07632,0.95138,0.7199999999999999,9.4387
KMT-2023-BLG-2209L b,KMT-2023-BLG-2209L,13.9,254.2627256000001,0.52,0.31267,665.01,43.84110956067161,11.122139999999998,3.5099999999999993,5549.0,-0.07632,0.95138,0.73,5.9943
KMT-2024-BLG-0176L b,KMT-2024-BLG-0176L,14.0,241.54958931999994,0.484,0.30311,662.4,40.022917930452294,11.122139999999998,1.32,5549.0,-0.07632,0.95138,0.103,5.229
KMT-2024-BLG-0349L b,KMT-2024-BLG-0349L,12.4,3769.4449070200017,10.9,0.3051679,654.8,30.519532310410913,11.122139999999998,6.46,5549.0,-0.07632,0.95138,0.6800000000000002,5.3717
KMT-2024-BLG-0404L b,KMT-2024-BLG-0404L,11.9,8657.645806679995,28.199999999999992,0.37028000000000005,638.066,28.626121738155103,11.122139999999998,0.8500000000000001,5549.0,-0.07632,0.95138,0.09,3.3374
KMT-2024-BLG-0404L c,KMT-2024-BLG-0404L,4.33,17.300000000000004,1.17,0.3213,736.26,54.06145439841674,11.122139999999998,0.102,5549.0,-0.07632,0.95138,0.09,5.772
KMT-2024-BLG-1005L b,KMT-2024-BLG-1005L,12.1,6674.396547,20.7,0.3607800000000001,647.566,28.404324157468707,11.122139999999998,0.78,5549.0,-0.07632,0.95138,0.055,3.3374
KMT-2024-BLG-1044L b,KMT-2024-BLG-1044L,2.7,7.750000000000001,2.16,0.1709,674.2,41.28139397157505,11.122139999999998,0.102,5549.0,-0.07632,0.95138,0.069,7.277000000000001
KMT-2024-BLG-1209L b,KMT-2024-BLG-1209L,13.2,839.0669944800002,1.9999999999999996,0.38275,645.3,33.36169989221714,11.122139999999998,2.5100000000000002,5549.0,-0.07632,0.95138,0.77,6.6583
KMT-2024-BLG-1281L b,KMT-2024-BLG-1281L,4.59,19.06970442,1.08,0.2744,353.4,3.523781017443195,11.122139999999998,1.96,5549.0,-0.07632,0.95138,0.32,7.389
KMT-2024-BLG-1870L b,KMT-2024-BLG-1870L,13.8,336.89811142000013,0.704,0.21216,157.74,0.12191693674422482,11.122139999999998,3.1500000000000004,5549.0,-0.07632,0.95138,0.67,6.422
KMT-2024-BLG-2059L b,KMT-2024-BLG-2059L,2.54,6.992224949999999,2.34,0.10389999999999999,249.46999999999997,0.6817775895825395,11.122139999999998,2.55,5549.0,-0.07632,0.95138,0.51,8.536999999999999
KMT-2024-BLG-2087L b,KMT-2024-BLG-2087L,12.9,1395.26670673,3.57,0.5408630000000001,196.23,0.23104447662099806,11.122139999999998,3.0300000000000002,5549.0,-0.07632,0.95138,0.48,6.938
KMT-2024-BLG-2242L b,KMT-2024-BLG-2242L,3.82,13.984449910000002,1.3799999999999997,0.1186,414.62600000000003,5.685481430035907,11.122139999999998,0.89,5549.0,-0.07632,0.95138,0.069,7.6240000000000006
KMT-2025-BLG-1616L b,KMT-2025-BLG-1616L,7.34,42.32000000000001,0.588,0.153848,338.277,2.9224397467553622,11.122139999999998,1.6000000000000003,5549.0,-0.07632,0.95138,0.26,7.1637
KOBE-1 b,KOBE-1,2.91,8.8,1.96,0.0,594.4,20.560000000000002,8.539900000000001,0.07006,4135.0,-0.99576,0.619,0.629,5.2865
KOBE-1 c,KOBE-1,3.56,12.4,1.5100000000000002,0.0,392.5,3.91,29.671000000000006,0.16071,4135.0,-0.99576,0.619,0.629,4.873499999999999
KOI-12 b,KOI-12,13.78707,349.6130000000001,0.7330000000000001,0.34,911.0,196.50700000000003,17.855182,0.15399999999999997,6635.0,0.62645,1.4,1.5,1.45
KOI-1257 b,KOI-1257,10.54,460.82999999999987,2.1,0.772,511.0,7.279999999999999,86.647661,0.382,5520.0,0.0292,1.13,0.99,9.3
KOI-13 b,KOI-13,16.948008,2949.4624000000013,3.6000000000000005,0.00064,2550.0,25339.90099999999,1.763588,0.03641,7650.0,0.971,1.7400000000000002,1.72,1.12
KOI-134 b,KOI-134,12.03844527,346.43296362999985,1.09,0.16,659.0,45.0,67.1277,0.363,6160.0,0.62325,1.6669999999999998,1.407,2.4
KOI-134 c,KOI-134,9.86,69.92224953999998,0.401,0.24,756.04,68.20571111310745,33.95,0.2305,6160.0,0.62325,1.6669999999999998,1.407,2.4
KOI-142 b,KOI-142,3.438,9.5,1.29,0.05561,758.0,68.56299999999997,10.916470000000002,0.09586,5466.0,-0.16507,0.8969999999999999,0.99,1.6
KOI-142 c,KOI-142,14.0,214.09999999999997,0.42899999999999994,0.05724,641.7180000000001,30.535843339393796,22.264919999999996,0.154121003,5466.0,-0.16507,0.8969999999999999,0.99,1.6
KOI-1599.01,KOI-1599,1.9,4.6,3.6900000000000004,0.014,660.0,44.80000000000001,20.441499999999998,0.14728,5833.0,0.16196,0.9719999999999999,1.02,4.7
KOI-1599.02,KOI-1599,1.9,9.000000000000002,7.21,0.0114,755.0,76.81,13.6088,0.112293,5833.0,0.16196,0.9719999999999999,1.02,4.7
KOI-1783.01,KOI-1783,8.86,71.0,0.56,0.0,412.0,5.700000000000001,134.46280000000002,0.52661,5922.0,0.21302,1.143,1.076,0.2
KOI-1783.02,KOI-1783,5.44,14.999999999999998,0.51,0.0,321.0,2.49,284.215,0.8669499999999999,5922.0,0.21302,1.143,1.076,0.2
KOI-1831 d,Kepler-324,1.13,2.2299999999999995,9.95,0.0,475.0,11.799999999999999,34.16899999999999,0.19924,5233.0,-0.30825,0.835,0.9010000000000001,3.39
KOI-1833 d,Kepler-968,2.58,11.020000000000001,4.5,0.0,613.0,27.350000000000005,7.685000000000001,0.0634,4413.0,-0.7626,0.6669999999999999,0.6810000000000002,2.14
KOI-1843.03,Kepler-974,0.61,8.000000000000002,2.56,0.08099999999999999,1654.0,784.1077158370163,0.17689129999999997,0.005,3584.0,-1.35426,0.45000000000000007,0.4600000000000001,4.79
KOI-217 b,KOI-217,12.442,9.22,2.56,0.0,1046.0,272.03299999999996,3.90512,0.0477,5545.0,-0.16872,0.86,0.9500000000000001,1.7
KOI-2513.01,KOI-2513,2.80224517,7310.053361000004,2000.0,0.36,758.0,78.18999999999997,19.005470000000003,0.5,5900.0,0.197,1.2,0.91,8.0
KOI-3503 b,KOI-3503,1.19,9.2,10.000000000000002,0.0,785.0,90.20000000000002,21.184999999999995,0.14247,6001.0,0.30005,1.255,0.858,11.48
KOI-3503 c,KOI-3503,1.21,10.36,10.000000000000002,0.0,686.0,52.5,31.828000000000007,0.18688,6001.0,0.30005,1.255,0.858,11.48
KOI-351 b,KOI-351,1.31,2.2700000000000005,5.55,0.0,1062.0,316.44199999999995,7.008151,0.074,6080.0,0.26853,1.2,1.2,0.53
KOI-351 c,KOI-351,1.19,1.8100000000000003,5.9,0.0,987.0,236.31499999999997,8.719374999999998,0.08900000000000001,6080.0,0.26853,1.2,1.2,0.53
KOI-351 d,KOI-351,2.87,8.600000000000001,1.9999999999999996,0.0,520.0,18.168000000000003,59.736670000000025,0.32,6080.0,0.26853,1.2,1.2,0.53
KOI-351 e,KOI-351,2.66,7.559999999999999,2.21,0.0,450.0,10.227999999999998,91.93913000000003,0.41999999999999993,6080.0,0.26853,1.2,1.2,0.53
KOI-351 f,KOI-351,2.88,8.650000000000002,1.99,0.0,407.0,6.796000000000002,124.91439999999999,0.48,6080.0,0.26853,1.2,1.2,0.53
KOI-351 g,KOI-351,7.718,14.999999999999998,0.272128,0.0292,342.0,3.387,210.73514,0.71704,6031.13,0.26853,1.185,1.2419999999999998,0.53
KOI-351 h,KOI-351,11.252,202.99999999999994,0.911829,0.0276,294.0,1.849,331.6029599999999,0.97062,6031.13,0.26853,1.185,1.2419999999999998,0.53
KOI-3680 b,KOI-3680,11.09691,613.4119000000001,2.46,0.496,347.0,3.3,141.24167099999997,0.534,5830.0,0.06783,0.9599999999999999,1.01,3.2
KOI-4777.01,KOI-4777,0.51,99.19999999999996,2.56,0.0,1180.0,320.0,0.4119999999999999,0.008,3515.0,-1.64043,0.4,0.41000000000000003,4.0
KOI-4978 b,KOI-4978,0.7,0.271,4.34,0.0073999999999999995,1277.026,498.30153224554635,0.9419670000000001,0.102,5050.28,-0.1769,0.966,0.8590000000000001,1.48
KOI-55 b,KOI-55,0.759,0.44,5.529999999999999,0.1384,1662.4489999999998,2015.4670320962807,0.240104,0.006,27730.0,1.36,0.203,0.496,6.917
KOI-55 c,KOI-55,0.867,0.655,5.52,0.1384,1804.9489999999998,1937.2862792549295,0.342887,0.0076,27730.0,1.36,0.203,0.496,6.917
KOI-7368 b,KOI-7368,2.22,5.5600000000000005,2.79,0.0,805.0,99.24,6.843034399999999,0.0678,5241.0,-0.31552,0.8739999999999999,0.8790000000000001,0.036
KOI-7913 b,KOI-7913 A,2.34,6.080000000000001,2.6100000000000003,0.0,432.0,8.269999999999998,24.278553000000002,0.1456,4324.0,-0.76792,0.788,0.76,0.036
KOI-94 b,KOI-94,1.71,10.5,10.1,0.25,1486.0,1053.1809999999996,3.743208,0.05119,6182.0,0.479,1.5200000000000002,1.277,3.16
KOI-94 c,KOI-94,4.32,15.599999999999996,0.91,0.43,1012.0,268.219,10.423648,0.1013,6182.0,0.479,1.5200000000000002,1.277,3.16
KOI-94 d,KOI-94,11.27,105.99999999999996,0.363,0.022,806.0,97.12,22.342988999999996,0.1684,6182.0,0.479,1.5200000000000002,1.277,3.16
KOI-94 e,KOI-94,6.56,35.0,0.6000000000000001,0.019,584.0,29.699999999999996,54.320310000000006,0.3046,6182.0,0.479,1.5200000000000002,1.277,3.16
KOI-984 b,KOI-984,4.3,17.1,1.18,0.12,1022.0,186.31000000000006,4.2881785,0.0504,5295.0,-0.324,0.818,0.9280000000000002,1.3
KOI-984 c,KOI-984,14.1,209.8,0.411,0.38,597.0,23.29502593173123,21.511999999999997,0.1467,5295.0,-0.324,0.818,0.9280000000000002,1.3
KOINTREAU-1 b,XEST 17-036,12.4,3368.981114199998,9.71,0.5811000000000001,590.0,32.194196584557744,11.122139999999998,690.0000000000002,3551.0,-0.07632,0.95138,0.26,0.0033
KOINTREAU-3 b,ISO-Oph 96,13.1,1080.6165837999995,2.6400000000000006,0.39176,1037.8,138.21582271045588,11.122139999999998,342.00000000000017,3920.0,-1.18009,0.7307949999999999,0.41000000000000003,0.002
KOINTREAU-4 b,2MASS J16262785-2625152,12.2,4862.7746271,14.699999999999998,0.47804,1377.6,222.28721537379786,11.122139999999998,182.00000000000006,3252.0,-0.07632,0.95138,0.94,0.0113
KPS-1 b,KPS-1,11.54527,346.4346999999999,1.31,0.0,1459.0,729.0,1.7062910000000002,0.0269,5165.0,-0.35281,0.907,0.8920000000000001,6.4079999999999995
Kapteyn c,Kapteyn,2.54,6.999999999999998,2.35,0.23,300.75,1.398200666279854,121.54,0.311,3550.0,-1.79289,0.291,0.281,2.3850000000000002
Kepler-10 b,Kepler-10,1.47,3.2399999999999998,5.539999999999999,0.0,2188.0,3741.779999999999,0.8374907,0.01685,5708.0,0.05467,1.065,0.91,10.6
Kepler-10 c,Kepler-10,2.355,11.290000000000001,4.75,0.136,579.0,18.299999999999997,45.294301000000004,0.241,5708.0,0.05467,1.065,0.91,10.6
Kepler-10 d,Kepler-10,3.49,12.0,1.5499999999999998,0.19,387.0,4.977807235417094,151.05999999999997,0.5379,5708.0,0.05467,1.065,0.91,10.6
Kepler-100 b,Kepler-100,1.34,4.01,12.357907999999998,0.13,1155.0,478.21399999999994,6.88734,0.07309,5837.0,0.39445,1.5100000000000002,1.13,6.92
Kepler-100 c,Kepler-100,2.2,7.049999999999999,1.7211020000000001,0.02,939.0,208.65700000000007,12.815899999999997,0.11061,5825.0,0.39445,1.49,1.08,6.46
Kepler-100 d,Kepler-100,1.61,3.0,2.695922,0.38,670.0,53.98100000000001,35.33310000000001,0.21747,5825.0,0.39445,1.49,1.08,6.46
Kepler-100 e,Kepler-100,5.27,24.142718269999996,0.906,0.026437,571.7,27.15992855940233,60.888588000000006,0.312391586,5884.0,0.39445,1.5,1.097,6.92
Kepler-1000 b,Kepler-1000,4.76,20.300000000000004,1.03,0.0,473.0,17.999999999999996,120.01812720000005,0.5326,6453.0,0.7147,1.5100000000000002,1.4,1.26
Kepler-1001 b,Kepler-1001,3.15,10.1,1.7800000000000002,0.0,693.0,40.852999999999994,14.305119829999997,0.11147,5491.0,-0.27856,0.8800000000000001,0.9,4.68
Kepler-1001 c,Kepler-1001,1.57799279,3.1100000000000003,4.35,0.0,804.0,72.40000000000002,9.181859999999999,0.08296,5376.0,-0.27856,0.836475,0.9300000000000002,1.82
Kepler-1002 b,Kepler-1002,1.71,3.57,3.92,0.0,1453.0,981.6800000000004,4.336429331,0.0564,6144.0,0.501,1.5700000000000003,1.22,4.07
Kepler-1003 b,Kepler-1003,1.78,3.8199999999999994,3.7200000000000006,0.0,1157.0,814.9249999999996,3.5548569149999993,0.04333000000000001,6109.0,0.28151,1.17,1.11,3.16
Kepler-1004 b,Kepler-1004,6.28,32.5,0.7210000000000001,0.0,1661.0,1610.0869999999998,5.28789787,0.06791,4972.0,0.71341,3.3899999999999997,1.11,7.76
Kepler-1005 b,Kepler-1005,1.5,2.86,4.66,0.0,1026.0,301.3290000000001,6.498015250000002,0.06717,5782.0,0.1356,1.06,1.0,6.17
Kepler-1006 b,Kepler-1006,1.54,2.99,4.5,0.0,791.0,153.49299999999994,19.76172042,0.1464,5328.0,-0.4,0.74,0.78,4.27
Kepler-1007 b,Kepler-1007,1.44,2.67,4.91,0.0,652.0,42.61999999999999,5.185002072999999,0.048,4587.0,-0.56838,0.7,0.73,4.17
Kepler-1008 b,Kepler-1008,1.28,2.18,5.71,0.0,627.0,35.408,12.439311929999999,0.09755,5066.0,-0.50671,0.78,0.81,6.76
Kepler-1009 b,Kepler-1009,2.17,5.3500000000000005,2.88,0.0,403.0,11.560999999999996,11.350119170000003,0.0796,4027.0,-0.98735,0.57,0.5900000000000001,3.16
Kepler-101 b,Kepler-101,5.77,51.10000000000001,1.45,0.086,1513.0,1240.3319999999999,3.4876811999999995,0.0474,5667.0,0.42034,1.56,1.17,5.9
Kepler-101 c,Kepler-101,1.25,3.7800000000000002,10.5,0.0,1413.0,596.0689999999997,6.029759999999999,0.0684,5667.0,0.42034,1.56,1.17,5.9
Kepler-1010 b,Kepler-1010,2.32,5.989999999999999,2.6400000000000006,0.0,477.0,10.169999999999998,34.2685705,0.19299999999999998,5253.0,-0.41164,0.8200000000000001,0.86,4.79
Kepler-1011 b,Kepler-1011,2.87,8.600000000000001,1.9999999999999996,0.0,920.0,108.78799999999998,5.753221974,0.0633,5416.0,-0.37597,0.8800000000000001,0.91,4.47
Kepler-1012 b,Kepler-1012,1.29,2.21,5.66,0.0,934.0,191.81099999999998,5.50860439,0.06066,5556.0,-0.19399,0.91,0.9500000000000001,3.72
Kepler-1013 b,Kepler-1013,2.15,5.269999999999999,2.91,0.0,766.0,16.101,18.930549589999995,0.137,4954.0,-0.53079,0.76,0.81,4.27
Kepler-1014 b,Kepler-1014,2.39,6.300000000000001,2.54,0.0,614.0,33.479,16.571103629999996,0.121,5388.0,-0.3365,0.8400000000000001,0.8800000000000001,4.79
Kepler-1015 b,Kepler-1015,3.55,12.300000000000002,1.5100000000000002,0.0,1040.0,172.11200000000005,16.004942139999997,0.1345,6769.0,0.55886,1.8100000000000003,1.49,1.58
Kepler-1016 b,Kepler-1016,2.18,5.390000000000001,2.86,0.0,1540.0,1445.2039999999997,1.9545243420000002,0.03044,5821.0,0.12363,1.0,0.99,3.89
Kepler-1016 c,Kepler-1016,3.68,13.1,1.44,0.0,407.0,7.070999999999999,105.65513690000003,0.4351900000000001,5821.0,0.12363,1.0,0.99,3.89
Kepler-1017 b,Kepler-1017,1.99,4.619999999999999,3.22,0.0,831.0,119.60299999999997,7.234004690000001,0.07196,5473.0,-0.16138,0.87,0.9300000000000002,2.95
Kepler-1018 b,Kepler-1018,2.58,7.180000000000001,2.3,0.0,498.0,12.097999999999999,49.101351400000006,0.253,5518.0,-0.08221,0.8800000000000001,0.91,4.47
Kepler-1019 b,Kepler-1019,1.46,2.73,4.82,0.0,1164.0,330.2490000000001,1.411229847,0.0221,4433.0,-0.80636,0.67,0.7,3.55
Kepler-102 b,Kepler-102,0.46,1.1,61.99999999999999,0.1,857.0,89.99999999999997,5.286965,0.05521,4909.0,-0.58436,0.724,0.8030000000000002,1.1
Kepler-102 c,Kepler-102,0.567,1.7000000000000002,52.00000000000001,0.094,777.0,61.00000000000001,7.071392,0.06702,4909.0,-0.58436,0.724,0.8030000000000002,1.1
Kepler-102 d,Kepler-102,1.154,3.0,10.7,0.092,686.0,36.89999999999999,10.311767000000003,0.08618,4909.0,-0.58436,0.724,0.8030000000000002,1.1
Kepler-102 e,Kepler-102,2.17,4.699999999999999,2.5,0.089,590.0,20.300000000000004,16.1456994,0.1162,4909.0,-0.58436,0.724,0.8030000000000002,1.1
Kepler-102 f,Kepler-102,0.861,4.3,36.99999999999999,0.1,495.0,10.000000000000002,27.453592,0.1656,4909.0,-0.58436,0.724,0.8030000000000002,1.1
Kepler-1020 b,Kepler-1020,2.28,5.82,2.7000000000000006,0.0,325.0,2.339,96.91514959999998,0.37594,5227.0,-0.43597,0.8,0.87,3.63
Kepler-1021 b,Kepler-1021,2.33,6.04,2.62,0.0,634.0,50.36999999999999,13.474695710000002,0.1034,5431.0,-0.28836,0.86,0.89,4.68
Kepler-1022 b,Kepler-1022,2.36,6.17,2.58,0.0,512.0,19.258000000000003,10.994698779999998,0.0805,4445.0,-0.85831,0.6800000000000002,0.71,3.63
Kepler-1023 b,Kepler-1023,2.63,7.409999999999998,2.24,0.0,524.0,6.977999999999998,62.13877140000001,0.30284,5494.0,-0.1926,0.89,0.9300000000000002,4.47
Kepler-1024 b,Kepler-1024,3.91,14.499999999999998,1.33,0.0,376.0,5.446,66.41621329999997,0.3033,5143.0,-0.34993,0.78,0.81,5.25
Kepler-1025 b,Kepler-1025,1.98,4.58,3.2399999999999998,0.0,1654.0,17.952,37.32294929999999,0.21606999999999998,6089.0,0.28708,1.13,1.09,3.31
Kepler-1026 b,Kepler-1026,2.21,5.52,2.81,0.0,425.0,5.9879999999999995,36.515605300000004,0.1977,4948.0,-0.61688,0.75,0.79,4.57
Kepler-1027 b,Kepler-1027,0.89,0.64,4.989999999999999,0.0,1268.0,1162.5100000000004,1.9078051989999998,0.02911,5436.0,0.01051,0.8200000000000001,0.91,1.41
Kepler-1028 b,Kepler-1028,1.33,2.33,5.44,0.0,1217.0,519.636,2.5146243199999994,0.0354,5522.0,-0.24485,0.87,0.9,4.68
Kepler-1029 b,Kepler-1029,1.26,2.13,5.849999999999999,0.0,790.0,92.16,4.417696479000001,0.047,5030.0,-0.61975,0.77,0.8200000000000001,4.07
Kepler-103 b,Kepler-103,3.4857,11.67,1.5200000000000002,0.171,973.0,150.53600000000006,15.965328700000004,0.133,6047.0,0.42431,1.492,1.212,6.03
Kepler-103 c,Kepler-103,5.4539,58.47,1.9799999999999998,0.103,434.0,5.970000000000001,179.60977999999997,0.6679,6047.0,0.42431,1.492,1.212,6.03
Kepler-1030 b,Kepler-1030,2.48,6.710000000000001,2.4200000000000004,0.0,529.0,16.881000000000004,19.32952416,0.1338,4983.0,-0.55288,0.76,0.8,4.37
Kepler-1031 b,Kepler-1031,0.87,0.5900000000000001,4.92,0.0,2024.0,3973.8599999999988,1.22621732,0.021800000000000003,6011.0,0.17,1.12,1.09,3.39
Kepler-1032 b,Kepler-1032,1.87,4.16,3.5000000000000004,0.0,802.0,176.14400000000006,3.290117953,0.0361,4647.0,-0.65547,0.71,0.77,1.86
Kepler-1033 b,Kepler-1033,2.51,6.849999999999998,2.3799999999999994,0.0,914.0,159.42199999999997,7.560528059999999,0.0761,5547.0,-0.12579,0.9200000000000002,0.94,5.01
Kepler-1034 b,Kepler-1034,2.26,5.73,2.73,0.0,675.0,36.787,12.124009429999997,0.0965,5198.0,-0.43881,0.8,0.83,4.79
Kepler-1035 b,Kepler-1035,1.17,1.7099999999999997,5.869999999999999,0.0,1301.0,1180.0639999999999,2.7140775549999994,0.03883,5763.0,0.209,0.97,0.9799999999999999,4.47
Kepler-1036 b,Kepler-1036,3.01,9.32,1.88,0.0,326.0,2.821,122.88080580000005,0.47726,5533.0,-0.20151,0.89,0.9500000000000001,3.24
Kepler-1037 b,Kepler-1037,1.28,2.18,5.71,0.0,1650.0,1015.4339999999996,1.063788673,0.0198,5105.0,-0.44752,0.78,0.8200000000000001,5.13
Kepler-1038 b,Kepler-1038,3.53,12.2,1.5200000000000002,0.0,285.0,1.512,148.46033820000005,0.5238,5335.0,-0.362,0.83,0.87,4.27
Kepler-1038 c,Kepler-1038,1.4162338,2.59,5.01,0.0,784.0,89.24000000000002,7.127659797999999,0.0692,5159.0,-0.362,0.821,0.8680000000000001,14.0
Kepler-1039 b,Kepler-1039,1.46,2.73,4.82,0.0,2080.0,668.1280000000003,0.9348842420000001,0.01714,4870.0,-0.64925,0.74,0.79,4.37
Kepler-104 b,Kepler-104,3.1,19.6,4.064848,0.0,852.0,119.90700000000004,11.427547999999998,0.094,5711.0,0.08926,1.3490000000000002,0.818,13.18
Kepler-104 c,Kepler-104,3.13,7.144308049999999,2.9948549999999994,0.0,668.0,45.438,23.668204999999993,0.153,5711.0,0.08926,1.3490000000000002,0.818,13.18
Kepler-104 d,Kepler-104,3.58,5.540221070000001,1.6685409999999998,0.0,515.0,16.012,51.755393999999995,0.257,5711.0,0.08926,1.3490000000000002,0.818,13.18
Kepler-1040 b,Kepler-1040,2.08,4.98,3.04,0.0,300.0,2.1209999999999996,201.12140000000005,0.6724899999999999,5694.0,-0.04375,0.9599999999999999,0.9799999999999999,4.17
Kepler-1041 b,Kepler-1041,2.94,8.959999999999999,1.9400000000000002,0.0,644.0,117.95600000000005,24.757642099999998,0.1688,5957.0,0.48914,1.08,1.06,3.55
Kepler-1042 b,Kepler-1042,2.19,5.43,2.8400000000000003,0.0,574.0,25.660000000000004,10.132025750000002,0.0756,4815.0,-0.6,0.7199999999999999,0.75,4.79
Kepler-1043 b,Kepler-1043,2.55,7.040000000000001,2.33,0.0,532.0,21.692,38.505339799999994,0.2159,5629.0,-0.07309,0.9,0.9200000000000002,4.47
Kepler-1044 b,Kepler-1044,2.67,7.610000000000001,2.2,0.0,1058.0,218.4970000000001,6.774088680000001,0.0741,5985.0,0.03099,1.11,1.08,3.55
Kepler-1045 b,Kepler-1045,2.69,7.700000000000002,2.17,0.0,512.0,19.127000000000002,26.41045478,0.1616,5301.0,-0.33356,0.8200000000000001,0.86,4.47
Kepler-1046 b,Kepler-1046,1.71,3.57,3.92,0.0,786.0,101.39999999999998,14.375080350000001,0.11858,5913.0,0.06429,1.04,1.04,3.63
Kepler-1047 b,Kepler-1047,2.09,5.02,3.0200000000000005,0.0,503.0,28.851,56.18868870000002,0.29871,5754.0,0.42359,1.13,1.08,4.47
Kepler-1047 c,Kepler-1047,0.99,0.9370000000000002,5.3100000000000005,0.0,1309.0,1323.065,3.18897601,0.04413,5754.0,0.42359,1.13,1.08,4.47
Kepler-1048 b,Kepler-1048,1.61,3.22,4.24,0.0,619.0,96.976,6.92101021,0.059,4651.0,-0.40925,0.7,0.75,3.98
Kepler-1049 b,Kepler-1049,0.95,0.8090000000000002,5.180000000000001,0.0,625.0,50.42699999999999,3.2734607359999996,0.0349,3864.0,-1.13956,0.49,0.51,3.8
Kepler-105 b,Kepler-105,2.53,10.8,3.6799999999999997,0.02,1418.0,341.8090000000002,5.412203400000001,0.06016,5933.0,0.09657,1.026,0.991,4.27
Kepler-105 c,Kepler-105,1.44,5.6,10.399999999999999,0.02,997.0,236.16699999999992,7.125919999999999,0.07229,5933.0,0.09657,1.026,0.991,4.27
Kepler-1050 b,Kepler-1050,1.6,3.1899999999999995,4.279999999999999,0.0,1039.0,62.02500000000002,15.378754600000002,0.12353,6010.0,0.05871,1.13,1.09,3.55
Kepler-1050 c,Kepler-1050,1.48,2.79,4.73,0.0,935.0,40.64399999999999,21.128456899999996,0.15264,6010.0,0.05871,1.13,1.09,3.55
Kepler-1051 b,Kepler-1051,3.4,11.500000000000002,1.6100000000000003,0.0,850.0,87.45699999999997,25.962002490000003,0.18395,6675.0,0.52413,1.73,1.4300000000000002,1.74
Kepler-1052 b,Kepler-1052,2.93,8.909999999999998,1.9499999999999997,0.0,522.0,20.976,34.853827599999995,0.20988,5888.0,-0.04685,1.03,1.03,3.55
Kepler-1052 c,Kepler-1052,2.3,5.9,2.66,0.0,302.0,1.96,180.92172900000003,0.6135,5818.0,-0.04685,0.848,0.9370000000000002,1.2
Kepler-1053 b,Kepler-1053,0.98,0.9040000000000001,5.28,0.0,953.0,139.81800000000004,2.414351654,0.0315,4529.0,-0.89512,0.69,0.74,3.09
Kepler-1054 b,Kepler-1054,2.63,7.409999999999998,2.24,0.0,1177.0,760.524,4.30655689,0.05542,6209.0,0.36867,1.34,1.22,2.82
Kepler-1055 b,Kepler-1055,1.23,2.04,6.02,0.0,1304.0,647.2560000000001,2.2950362329999994,0.0335,5723.0,-0.14818,0.94,0.9799999999999999,3.09
Kepler-1056 b,Kepler-1056,3.01,9.32,1.88,0.0,590.0,56.90999999999999,27.495605999999995,0.16289999999999996,6127.0,0.22658,1.2,1.12,2.95
Kepler-1057 b,Kepler-1057,3.36,11.2,1.62,0.0,724.0,69.21299999999998,14.088274480000003,0.1138,5987.0,-0.0058,1.1,1.07,3.09
Kepler-1058 b,Kepler-1058,2.72,7.849999999999999,2.1399999999999997,0.0,239.0,0.77,110.96546,0.36789999999999995,4644.0,-0.31631,0.69,0.73,3.39
Kepler-1059 b,Kepler-1059,1.73,3.64,3.8599999999999994,0.0,908.0,174.07400000000007,3.764191048,0.044,4906.0,-0.52036,0.7199999999999999,0.75,5.37
Kepler-106 b,Kepler-106,0.82,5.299999999999999,2.56,0.0,1021.0,277.2159999999999,6.16486,0.06491,5858.0,0.08255,1.04,1.0,4.83
Kepler-106 c,Kepler-106,2.5,10.44,3.2800000000000002,0.0,785.0,96.90500000000003,13.570800000000002,0.10987,5858.0,0.08255,1.04,1.0,4.83
Kepler-106 d,Kepler-106,0.95,8.1,2.56,0.0,649.0,45.357,23.9802,0.16063,5858.0,0.08255,1.04,1.0,4.83
Kepler-106 e,Kepler-106,2.56,11.170000000000002,3.0999999999999996,0.0,531.0,20.294000000000004,43.844500000000004,0.24006,5858.0,0.08255,1.04,1.0,4.83
Kepler-1060 b,Kepler-1060,2.38,6.26,2.55,0.0,484.0,17.415999999999997,46.87793670000001,0.2495,5797.0,0.07184,0.99,0.99,4.27
Kepler-1061 b,Kepler-1061,1.98,4.58,3.2399999999999998,0.0,1332.0,788.5010000000002,2.757982666,0.0388,6067.0,0.08762,1.07,1.09,2.14
Kepler-1062 b,Kepler-1062,1.76,3.7500000000000004,3.7800000000000002,0.0,583.0,33.76,9.304120779999998,0.0748,4597.0,-0.6822,0.7,0.75,2.45
Kepler-1063 b,Kepler-1063,1.49,2.8300000000000005,4.699999999999999,0.0,931.0,54.92999999999998,14.079714660000004,0.1176,5945.0,0.166,1.14,1.09,3.39
Kepler-1064 b,Kepler-1064,1.55,3.0200000000000005,4.460000000000001,0.0,570.0,24.869999999999997,16.540803219999997,0.1183,5153.0,-0.401,0.79,0.8500000000000001,3.89
Kepler-1065 b,Kepler-1065,3.73,13.399999999999999,1.4199999999999997,0.0,1092.0,419.91000000000014,3.6093089070000004,0.0455,5635.0,-0.11584,0.9300000000000002,0.94,4.47
Kepler-1065 c,Kepler-1065,1.6,3.1899999999999995,4.279999999999999,0.0,1256.0,734.6190000000003,2.37030743,0.0344,5635.0,-0.11584,0.9300000000000002,0.94,4.47
Kepler-1066 b,Kepler-1066,2.36,6.17,2.58,0.0,1290.0,710.0189999999998,1.9315598389999997,0.0298,5762.0,-0.18995,0.9799999999999999,0.9799999999999999,3.8
Kepler-1067 b,Kepler-1067,0.8,0.43700000000000006,4.6899999999999995,0.0,1872.0,2761.7569999999987,0.7621292609999999,0.0164,5592.0,-0.14725,0.9300000000000002,0.9500000000000001,4.79
Kepler-1067 c,Kepler-1067,1.74682428,3.7,3.8099999999999996,0.0,973.0,190.80000000000004,5.425839901000001,0.06069,5594.0,-0.14725,0.9339999999999999,0.9810000000000001,0.81
Kepler-1068 b,Kepler-1068,3.63,12.800000000000002,1.4700000000000002,0.0,702.0,55.93300000000002,16.92344113,0.13038,5806.0,-0.02521,1.01,1.01,4.17
Kepler-1069 b,Kepler-1069,1.6,3.1899999999999995,4.279999999999999,0.0,823.0,78.175,23.8990296,0.16587,5722.0,0.37196,0.9799999999999999,0.99,4.37
Kepler-107 b,Kepler-107,1.536,3.8,5.800000000000001,0.1,1592.0,1073.0000000000005,3.1800218,0.04544,5854.0,0.36449,1.4469999999999998,1.238,4.29
Kepler-107 c,Kepler-107,1.597,10.000000000000002,13.5,0.08,1378.0,602.0000000000002,4.901452,0.06064,5854.0,0.36449,1.4469999999999998,1.238,4.29
Kepler-107 d,Kepler-107,0.86,7.700000000000002,67.00000000000001,0.11,1173.0,315.00000000000006,7.95839,0.08377,5854.0,0.36449,1.4469999999999998,1.238,4.29
Kepler-107 e,Kepler-107,2.903,14.100000000000003,3.18,0.1,955.0,138.7,14.749143,0.12638,5854.0,0.36449,1.4469999999999998,1.238,4.29
Kepler-1070 b,Kepler-1070,1.73,3.64,3.8599999999999994,0.0,1101.0,380.1339999999999,6.221614700000001,0.06753,6261.0,0.28486,1.32,1.21,2.75
Kepler-1071 b,Kepler-1071,2.38,6.26,2.55,0.0,814.0,45.120000000000005,6.1799843999999995,0.0629,5215.0,-0.31262,0.81,0.86,4.27
Kepler-1072 b,Kepler-1072,1.58,3.12,4.35,0.0,1849.0,2944.0,1.569066502,0.02742,6199.0,0.36531,1.32,1.2,2.88
Kepler-1073 b,Kepler-1073,2.3,5.9,2.66,0.0,905.0,128.55000000000007,8.678885930000002,0.0805,5792.0,-0.01023,1.0,1.0,3.72
Kepler-1073 c,Kepler-1073,1.64,3.33,4.15,0.0,1169.0,357.082,4.02582254,0.0483,5792.0,-0.01023,1.0,1.0,3.72
Kepler-1073 d,Kepler-1073,1.48770949,2.8199999999999994,4.709999999999999,0.0,1369.0,828.5900000000004,2.504760027,0.0352,5509.0,-0.01023,1.116,0.9239999999999999,3.72
Kepler-1074 b,Kepler-1074,1.25,2.1,5.910000000000001,0.0,568.0,27.569,5.94566534,0.0536,4002.0,-1.12071,0.57,0.6000000000000001,3.55
Kepler-1075 b,Kepler-1075,1.42,2.6000000000000005,4.989999999999999,0.0,818.0,143.96799999999996,1.52372816,0.0208,3959.0,-1.11289,0.54,0.56,2.95
Kepler-1076 b,Kepler-1076,0.8,0.43700000000000006,4.6899999999999995,0.0,770.0,83.18,6.14727918,0.0611,4868.0,-0.557,0.74,0.79,3.72
Kepler-1077 b,Kepler-1077,2.77,8.1,2.09,0.0,576.0,26.928000000000004,34.35118740000001,0.2101,5816.0,0.00638,1.02,1.02,4.17
Kepler-1078 b,Kepler-1078,1.9,4.27,3.42,0.0,1122.0,373.9899999999999,3.00725242,0.0388,5612.0,0.50027,0.9200000000000002,0.94,4.37
Kepler-1079 b,Kepler-1079,1.63,3.29,4.17,0.0,887.0,195.35299999999998,13.24503188,0.1092,5758.0,0.263,1.3599999999999999,1.08,6.61
Kepler-108 b,Kepler-108,8.65,56.00000000000001,0.475,0.22,669.0,47.400000000000006,49.183921,0.2919999999999999,5854.0,0.707,2.192,1.247,3.89
Kepler-108 c,Kepler-108,8.18,50.9,0.511,0.04,426.0,7.800000000000002,190.32349399999998,0.7210000000000001,5854.0,0.707,2.192,1.247,3.89
Kepler-1080 b,Kepler-1080,3.28,10.8,1.68,0.0,548.0,55.45000000000002,77.25483960000001,0.3781,5956.0,0.86064,1.16,1.1,3.89
Kepler-1081 b,Kepler-1081,1.01,1.01,5.390000000000001,0.0,972.0,225.2160000000001,3.8569185469999994,0.04662,5345.0,-0.30601,0.8400000000000001,0.8800000000000001,4.68
Kepler-1082 b,Kepler-1082,1.12,1.46,5.71,0.0,1827.0,2949.556999999999,1.5432066039999999,0.02571,5923.0,0.3142,1.14,1.03,5.75
Kepler-1083 b,Kepler-1083,3.36,11.2,1.62,0.0,448.0,10.148,33.41779929999999,0.1899,5049.0,-0.47303,0.77,0.81,4.68
Kepler-1084 b,Kepler-1084,1.11,1.4100000000000001,5.670000000000001,0.0,1737.0,1766.5929999999996,2.0533367900000004,0.0324,6113.0,0.25259,1.2800000000000002,1.12,4.07
Kepler-1085 b,Kepler-1085,7.22,41.2,0.602,0.0,313.0,2.0549999999999997,219.32175279999996,0.7336099999999999,6000.0,0.07867,1.14,1.11,3.39
Kepler-1085 c,Kepler-1085,3.26817741,10.7,1.68,0.0,491.0,11.799999999999999,56.777100000000004,0.2979800000000001,5816.0,0.07867,1.0783,1.05,1.07
Kepler-1086 b,Kepler-1086,2.44,6.529999999999999,2.4700000000000006,0.0,433.0,9.157,18.78425728,0.1198,4350.0,-0.85997,0.6599999999999999,0.7,2.88
Kepler-1086 c,Kepler-1086,2.94,8.959999999999999,1.9400000000000002,0.0,211.0,0.519,161.51633450000003,0.503,4350.0,-0.85997,0.6599999999999999,0.7,2.88
Kepler-1087 b,Kepler-1087,0.61,0.165,3.9900000000000007,0.0,2161.0,3496.4930000000013,0.693842855,0.01554,5589.0,-0.09746,0.94,0.9599999999999999,3.55
Kepler-1088 b,Kepler-1088,1.42,2.6000000000000005,4.989999999999999,0.0,667.0,44.887,23.12748644,0.16163,5975.0,0.09007,1.08,1.08,3.02
Kepler-1089 b,Kepler-1089,1.83,4.01,3.6000000000000005,0.0,584.0,26.26599999999999,5.132485618,0.0497,3753.0,-1.29726,0.49,0.52,3.72
Kepler-109 b,Kepler-109,2.49,4.9,1.7000000000000002,0.11,1276.0,442.0,6.4816307,0.0701,5950.0,0.34654,1.387,1.094,6.2
Kepler-109 c,Kepler-109,2.65,8.2,2.4,0.098,859.0,91.00000000000001,21.22265,0.1546,5950.0,0.34654,1.387,1.094,6.2
Kepler-1090 b,Kepler-1090,2.25,5.6899999999999995,2.74,0.0,297.0,1.8249999999999997,198.6801790000001,0.63323,5321.0,-0.14595,0.8200000000000001,0.86,4.37
Kepler-1090 c,Kepler-1090,3.29265785,10.9,1.68,0.0,496.0,13.799999999999997,42.427200320000004,0.22621999999999998,5330.0,-0.14595,1.013,0.8690000000000001,12.59
Kepler-1091 b,Kepler-1091,1.46,2.73,4.82,0.0,1664.0,1740.8580000000002,1.434741564,0.0252,5851.0,0.07961,1.03,1.01,3.47
Kepler-1092 b,Kepler-1092,2.07,4.94,3.0599999999999996,0.0,508.0,17.016,58.60179249999999,0.2996,5862.0,0.09586,1.0,0.99,3.8
Kepler-1093 b,Kepler-1093,1.95,4.460000000000001,3.3100000000000005,0.0,776.0,98.8,25.082462599999992,0.17542999999999997,6166.0,0.46038,1.2,1.13,2.95
Kepler-1093 c,Kepler-1093,1.96,4.5,3.2800000000000002,0.0,508.0,18.100000000000005,89.72229199999998,0.41037,6166.0,0.46038,1.2,1.13,2.95
Kepler-1094 b,Kepler-1094,3.18,10.2,1.7400000000000002,0.0,480.0,10.335999999999999,78.10002309999997,0.3625,6112.0,0.17811,1.21,1.14,3.09
Kepler-1095 b,Kepler-1095,1.21,1.92,5.96,0.0,1108.0,356.5400000000002,4.27103091,0.0514,5658.0,-0.09285,0.9200000000000002,0.94,4.47
Kepler-1096 b,Kepler-1096,1.24,2.07,5.970000000000001,0.0,794.0,124.86599999999997,2.892217506,0.034,4306.0,-0.84044,0.63,0.6599999999999999,3.8
Kepler-1097 b,Kepler-1097,3.26,10.7,1.7000000000000002,0.0,267.0,1.3,187.747029,0.5791,5211.0,-0.40444,0.79,0.8200000000000001,4.9
Kepler-1098 b,Kepler-1098,1.3,2.24,5.6,0.0,1319.0,995.6700000000003,2.5430728550000006,0.0358,5794.0,0.15655,0.99,0.99,3.98
Kepler-1099 b,Kepler-1099,2.83,8.400000000000002,2.04,0.0,1558.0,766.3440000000002,2.168452593,0.0337,5837.0,-0.11906,1.0,1.01,3.63
Kepler-11 b,Kepler-11,1.8,1.8999999999999997,1.72,0.045,849.0,146.35999999999999,10.303899999999999,0.091,5663.0,0.1202,1.065,0.9609999999999999,8.5
Kepler-11 c,Kepler-11,2.87,2.8999999999999995,0.6599999999999999,0.026,786.0,107.22400000000005,13.024100000000002,0.107,5663.0,0.1202,1.065,0.9609999999999999,8.5
Kepler-11 d,Kepler-11,3.12,7.300000000000001,1.2800000000000002,0.004,653.0,51.114999999999995,22.684500000000007,0.155,5663.0,0.1202,1.065,0.9609999999999999,8.5
Kepler-11 e,Kepler-11,4.19,8.000000000000002,0.58,0.012,582.0,32.34000000000001,31.9996,0.195,5663.0,0.1202,1.065,0.9609999999999999,8.5
Kepler-11 f,Kepler-11,2.49,1.9999999999999996,0.69,0.013,513.0,19.530000000000005,46.688799999999986,0.25,5663.0,0.1202,1.065,0.9609999999999999,8.5
Kepler-11 g,Kepler-11,3.33,25.000000000000004,3.9999999999999996,0.15,376.0,5.65,118.38069999999999,0.466,5663.0,0.1202,1.065,0.9609999999999999,8.5
Kepler-110 b,Kepler-110,1.83,4.01,3.6000000000000005,0.0,1008.0,153.881,12.691112000000004,0.107,5960.0,0.27598,1.149,0.9889999999999999,4.47
Kepler-110 c,Kepler-110,2.21,5.52,2.81,0.0,743.0,45.336,31.719775000000006,0.198,5960.0,0.27598,1.149,0.9889999999999999,4.47
Kepler-1100 b,Kepler-1100,1.75,3.71,3.8,0.0,1000.0,238.50799999999998,6.422000579999998,0.06745,6247.0,0.08792,1.34,1.21,2.69
Kepler-1101 b,Kepler-1101,2.47,6.660000000000002,2.43,0.0,393.0,3.5770000000000004,81.31510589999998,0.34829999999999994,5614.0,-0.35135,0.91,0.94,4.27
Kepler-1102 b,Kepler-1102,2.66,7.559999999999999,2.21,0.0,546.0,22.980999999999998,51.328562299999994,0.2731,5724.0,0.13927,0.94,0.9599999999999999,4.37
Kepler-1103 b,Kepler-1103,2.27,5.77,2.7100000000000004,0.0,736.0,160.28200000000007,19.791919779999997,0.15336,6092.0,0.52181,1.15,1.11,3.31
Kepler-1104 b,Kepler-1104,1.23,2.04,6.02,0.0,1321.0,813.5239999999999,5.03728015,0.06321,6417.0,0.51439,1.4100000000000001,1.3,2.04
Kepler-1105 b,Kepler-1105,2.01,4.699999999999999,3.18,0.0,729.0,47.17999999999999,4.421572182,0.0471,4299.0,-0.94508,0.6800000000000002,0.71,8.71
Kepler-1106 b,Kepler-1106,1.65,3.36,4.109999999999999,0.0,2199.0,2399.974,1.2527521739999998,0.023900000000000005,6104.0,0.15896,1.17,1.11,3.09
Kepler-1107 b,Kepler-1107,1.34,2.36,5.390000000000001,0.0,1897.0,2387.260999999999,0.5710385180000002,0.01285,5268.0,-0.41703,0.8200000000000001,0.86,4.47
Kepler-1108 b,Kepler-1108,1.46,2.73,4.82,0.0,1063.0,206.41399999999996,4.51005748,0.0511,5406.0,-0.25795,0.8400000000000001,0.8800000000000001,4.17
Kepler-1109 b,Kepler-1109,2.19,5.43,2.8400000000000003,0.0,787.0,11.382,37.646738400000004,0.2466,5893.0,-0.07583,1.06,1.05,3.8
Kepler-111 b,Kepler-111,1.58,3.12,4.35,0.0,1356.0,677.503,3.341815,0.046,5952.0,0.19471,1.157,1.171,2.3
Kepler-111 c,Kepler-111,7.0840758,222.4798849,3.42,0.176,352.2,2.48,224.77833000000004,0.7509999999999999,5914.0,0.15836,1.145,1.118,3.4
Kepler-1110 b,Kepler-1110,2.66,7.559999999999999,2.21,0.0,609.0,43.135999999999996,9.693120319999998,0.0754,4781.0,-0.63653,0.7,0.73,4.79
Kepler-1111 b,Kepler-1111,2.0,4.66,3.2000000000000006,0.0,938.0,118.52,8.796178629999998,0.0872,6077.0,-0.0903,1.15,1.1,3.16
Kepler-1112 b,Kepler-1112,3.02,9.380000000000003,1.8700000000000003,0.0,918.0,254.96300000000008,14.36267939,0.1239,6496.0,0.54224,1.54,1.34,2.09
Kepler-1113 b,Kepler-1113,2.81,8.3,2.0599999999999996,0.0,558.0,22.849,42.3004954,0.2415,5931.0,0.07994,1.17,1.12,3.55
Kepler-1114 b,Kepler-1114,1.35,2.3900000000000006,5.34,0.0,631.0,39.321,14.974356940000003,0.11056,5374.0,-0.29317,0.83,0.87,4.27
Kepler-1115 b,Kepler-1115,1.7,3.5300000000000002,3.95,0.0,1381.0,516.101,23.554072500000004,0.2134,8480.0,1.25385,1.73,1.6000000000000003,1.12
Kepler-1116 b,Kepler-1116,2.54,6.989999999999999,2.34,0.0,488.0,15.792999999999997,41.69778269999999,0.23300000000000004,5641.0,-0.14676,0.9300000000000002,0.9500000000000001,4.9
Kepler-1117 b,Kepler-1117,1.11,1.4100000000000001,5.670000000000001,0.0,938.0,194.97600000000006,4.79028459,0.05485,5612.0,-0.22396,0.9300000000000002,0.9500000000000001,4.27
Kepler-1118 b,Kepler-1118,2.74,7.950000000000001,2.1200000000000006,0.0,502.0,20.011000000000003,38.6715075,0.20790000000000003,5688.0,-0.06047,0.97,0.9599999999999999,4.07
Kepler-1119 b,Kepler-1119,1.92,4.35,3.38,0.0,938.0,182.69000000000005,8.3265153,0.0812,6083.0,0.48586,1.17,1.11,3.09
Kepler-112 b,Kepler-112,2.36,6.17,2.58,0.0,809.0,123.81800000000001,8.408878000000001,0.076,5544.0,-0.08612,0.841,0.782,12.88
Kepler-112 c,Kepler-112,2.4,6.349999999999999,2.5200000000000005,0.0,538.0,24.255,28.574262999999995,0.172,5544.0,-0.08612,0.841,0.782,12.88
Kepler-1120 b,Kepler-1120,1.38,2.48,5.19,0.0,1027.0,206.87400000000002,2.9490290520000007,0.0369,4904.0,-0.58813,0.74,0.78,4.68
Kepler-1121 b,Kepler-1121,1.91,4.3100000000000005,3.4000000000000004,0.0,1008.0,205.27200000000008,13.151410809999996,0.11818,6231.0,0.47495,1.5900000000000003,1.29,3.02
Kepler-1122 b,Kepler-1122,2.04,4.82,3.12,0.0,526.0,23.263,42.191735699999995,0.2315,5544.0,0.05875,0.89,0.9200000000000002,4.68
Kepler-1123 b,Kepler-1123,1.67,3.43,4.05,0.0,1061.0,190.01600000000008,4.33946454,0.0497,5500.0,-0.29455,0.9,0.9300000000000002,5.13
Kepler-1124 b,Kepler-1124,1.28,2.18,5.71,0.0,621.0,50.777,2.852348975,0.0305,3658.0,-1.32347,0.33999999999999997,0.35,3.39
Kepler-1125 b,Kepler-1125,1.84,4.039999999999999,3.5599999999999996,0.0,778.0,41.04,17.670064199999995,0.1348,5683.0,0.64744,0.94,0.9500000000000001,4.17
Kepler-1126 b,Kepler-1126,1.73,3.64,3.8599999999999994,0.0,374.0,4.55,108.59332900000003,0.41251,5798.0,-0.09926,0.9300000000000002,0.9200000000000002,5.5
Kepler-1126 c,Kepler-1126,1.45,2.7000000000000006,4.869999999999999,0.0,305.0,2.0599999999999996,199.6687599999999,0.6193,5678.0,-0.09926,0.921,0.7940000000000002,12.3
Kepler-1127 b,Kepler-1127,1.96,4.5,3.2800000000000002,0.0,994.0,160.765,5.12330347,0.0556,5664.0,-0.25911,0.9500000000000001,0.97,4.37
Kepler-1128 b,Kepler-1128,3.65,12.899999999999999,1.46,0.0,424.0,6.4510000000000005,61.6178167,0.302,5543.0,-0.19585,0.91,0.94,4.57
Kepler-1129 b,Kepler-1129,2.96,9.060000000000002,1.92,0.0,737.0,32.26500000000001,24.339780399999995,0.16481,5831.0,-0.0274,1.0,1.0,4.07
Kepler-1129 c,Kepler-1129,2.73,7.9,2.13,0.0,503.0,7.005999999999999,76.53695859999998,0.35367,5831.0,-0.0274,1.0,1.0,4.07
Kepler-113 b,Kepler-113,1.82,11.700000000000003,10.73,0.0,775.0,105.33300000000001,4.7540000000000004,0.05123,4725.0,-0.57598,0.69,0.75,6.89
Kepler-113 c,Kepler-113,2.18,8.699999999999998,0.308247,0.0,628.0,45.59599999999999,8.925070000000002,0.07796,4725.0,-0.57598,0.69,0.75,6.89
Kepler-1130 b,Kepler-1130,0.8,0.43700000000000006,4.6899999999999995,0.0,904.0,162.64999999999998,5.452981750000001,0.05963,5403.0,-0.25964,0.81,0.9,1.58
Kepler-1130 c,Kepler-1130,0.79239584,0.42199999999999993,4.66,0.0,1072.0,316.90000000000003,3.2666399479999995,0.04238,5450.0,-0.25964,0.842,0.944,1.58
Kepler-1130 d,Kepler-1130,0.64472273,0.20200000000000004,4.14,0.0,981.0,221.39999999999998,4.272250175,0.05068,5450.0,-0.25964,0.842,0.944,1.58
Kepler-1131 b,Kepler-1131,1.59,3.1500000000000004,4.3100000000000005,0.0,1159.0,453.14199999999994,3.5323244900000006,0.0459,5851.0,-0.02783,1.04,1.03,4.17
Kepler-1132 b,Kepler-1132,2.35,6.120000000000001,2.59,0.0,384.0,4.547000000000001,62.89162279999999,0.28809999999999997,5298.0,-0.37811,0.83,0.87,4.57
Kepler-1133 b,Kepler-1133,1.97,4.540000000000001,3.26,0.0,703.0,55.758000000000024,11.55562343,0.0983,5569.0,-0.20972,0.9,0.9300000000000002,4.07
Kepler-1134 b,Kepler-1134,2.64,7.460000000000001,2.2299999999999995,0.0,611.0,29.864000000000004,17.13263989,0.1242,5281.0,-0.39721,0.81,0.8400000000000001,4.9
Kepler-1135 b,Kepler-1135,1.85,4.08,3.5399999999999996,0.0,451.0,25.760000000000005,76.95785699999998,0.3436,5656.0,0.43703,0.94,0.9599999999999999,4.47
Kepler-1136 b,Kepler-1136,1.64,3.33,4.15,0.0,922.0,150.05499999999998,2.3617243290000003,0.0299,4512.0,-0.85345,0.6800000000000002,0.7199999999999999,3.24
Kepler-1137 b,Kepler-1137,2.2,5.480000000000001,2.8300000000000005,0.0,1020.0,197.846,23.9210791,0.1871,6807.0,0.75429,1.8399999999999999,1.5,1.58
Kepler-1138 b,Kepler-1138,1.7,3.5300000000000002,3.95,0.0,1080.0,245.9040000000001,3.1706000500000004,0.0415,5582.0,-0.33299,0.9200000000000002,0.9500000000000001,4.37
Kepler-1139 b,Kepler-1139,1.19,1.8100000000000003,5.9,0.0,1693.0,1717.2759999999994,0.8131667190000001,0.01664,5550.0,-0.30419,0.91,0.94,4.47
Kepler-114 b,Kepler-114,1.26,1.09,2.5300000000000002,0.0,586.0,92.535,5.188548999999999,0.053,4605.0,-0.6853,0.6669999999999999,0.77,2.69
Kepler-114 c,Kepler-114,1.6,2.8,1.18,0.0,507.0,51.623000000000005,8.041000000000002,0.06482,4660.0,-0.6853,0.54,0.56,2.69
Kepler-114 d,Kepler-114,2.53,3.9000000000000004,0.22,0.0,446.0,31.016000000000005,11.776000000000002,0.08358,4660.0,-0.6853,0.54,0.56,2.69
Kepler-1140 b,Kepler-1140,2.77,8.1,2.09,0.0,500.0,13.051,24.0862707,0.1478,4850.0,-0.56584,0.73,0.76,5.01
Kepler-1141 b,Kepler-1141,0.82,0.477,4.75,0.0,1471.0,1146.9530000000002,2.3445119439999997,0.03496,5791.0,0.1551,1.07,1.01,6.17
Kepler-1142 b,Kepler-1142,1.47,2.76,4.769999999999999,0.0,902.0,147.817,18.302724800000004,0.1343,5685.0,0.43724,0.9599999999999999,0.97,5.37
Kepler-1143 b,Kepler-1143,1.67,3.43,4.05,0.0,976.0,173.05599999999998,2.888904849,0.0371,5053.0,-0.62275,0.77,0.81,4.79
Kepler-1143 c,Kepler-1143,3.6,12.600000000000001,1.48,0.0,234.0,0.568,210.63059100000004,0.6477,5053.0,-0.62275,0.77,0.81,4.79
Kepler-1144 b,Kepler-1144,1.99,4.619999999999999,3.22,0.0,811.0,62.061000000000014,17.14647302,0.1291,5753.0,0.05604,0.9599999999999999,0.9799999999999999,3.98
Kepler-1145 b,Kepler-1145,1.4,2.54,5.09,0.0,958.0,198.43000000000006,3.9707676599999995,0.0443,5064.0,-0.49839,0.75,0.79,4.79
Kepler-1146 b,Kepler-1146,1.23,2.04,6.02,0.0,1019.0,227.96200000000007,2.3522657970000003,0.0325,4692.0,-0.64244,0.7,0.74,4.9
Kepler-1147 b,Kepler-1147,2.61,7.320000000000001,2.26,0.0,872.0,206.56300000000007,10.627849970000002,0.0961,5941.0,0.23534,1.14,1.09,3.8
Kepler-1148 b,Kepler-1148,1.69,3.5000000000000004,3.9800000000000004,0.0,1397.0,815.4070000000002,1.104463509,0.0188,5054.0,-0.53105,0.77,0.81,4.57
Kepler-1149 b,Kepler-1149,1.44,2.67,4.91,0.0,1128.0,653.831,3.73089898,0.0473,5833.0,0.16546,1.01,1.02,3.98
Kepler-115 b,Kepler-115,1.09,1.32,5.6,0.0,1489.0,1215.7569999999998,2.4036789999999995,0.036,5979.0,0.22007,1.205,1.042,4.17
Kepler-115 c,Kepler-115,2.6,7.269999999999999,2.2700000000000005,0.0,960.0,209.101,8.990889000000001,0.087,5979.0,0.22007,1.205,1.042,4.17
Kepler-1150 b,Kepler-1150,1.02,1.04,5.390000000000001,0.0,1432.0,153.74099999999996,2.787868386,0.0382,4754.0,-0.66578,0.7199999999999999,0.76,4.68
Kepler-1151 b,Kepler-1151,2.22,5.5600000000000005,2.79,0.0,485.0,4.86,65.64784239999999,0.3197,5470.0,-0.34196,0.8500000000000001,0.8800000000000001,4.37
Kepler-1152 b,Kepler-1152,0.87,0.5900000000000001,4.92,0.0,806.0,139.60099999999997,1.6468019079999998,0.0223,3964.0,-1.09668,0.53,0.55,3.47
Kepler-1153 b,Kepler-1153,1.73,3.64,3.8599999999999994,0.0,1343.0,761.8080000000002,1.755835327,0.0277,5470.0,-0.28448,0.8800000000000001,0.91,4.57
Kepler-1154 b,Kepler-1154,2.34,6.080000000000001,2.6100000000000003,0.0,1314.0,652.9660000000002,5.185614200000001,0.0631,6327.0,0.45174,1.4300000000000002,1.26,2.29
Kepler-1154 c,Kepler-1154,2.36,6.17,2.58,0.0,1117.0,339.573,8.458083120000001,0.0875,6327.0,0.45174,1.4300000000000002,1.26,2.29
Kepler-1155 b,Kepler-1155,2.03,4.78,3.14,0.0,609.0,32.519999999999996,33.46974300000001,0.2006,5842.0,0.0472,1.03,1.03,3.72
Kepler-1156 b,Kepler-1156,1.32,2.3,5.5,0.0,787.0,83.01400000000002,11.895205110000001,0.09704,5778.0,-0.06802,1.0,1.0,4.47
Kepler-1157 b,Kepler-1157,1.09,1.32,5.6,0.0,732.0,95.44300000000003,4.45743164,0.0448,4679.0,-0.67539,0.71,0.76,3.39
Kepler-1158 b,Kepler-1158,2.34,6.080000000000001,2.6100000000000003,0.0,1079.0,449.69899999999984,13.539629300000003,0.12643,6203.0,0.84033,1.9499999999999997,1.4100000000000001,2.88
Kepler-1159 b,Kepler-1159,2.37,6.21,2.56,0.0,677.0,80.98399999999997,22.708167909999997,0.1603,6217.0,0.29847,1.2800000000000002,1.19,2.75
Kepler-116 b,Kepler-116,3.42,11.599999999999998,1.5900000000000003,0.0,1251.0,594.4510000000001,5.9687339999999995,0.069,6142.0,0.42073,1.4539999999999997,1.198,3.16
Kepler-116 c,Kepler-116,2.3,5.9,2.66,0.0,964.0,208.98199999999997,13.071629999999999,0.116,6142.0,0.42073,1.4539999999999997,1.198,3.16
Kepler-1160 b,Kepler-1160,2.14,5.219999999999999,2.9299999999999997,0.0,839.0,93.30800000000005,7.970349579999999,0.0755,5519.0,-0.34326,0.89,0.9200000000000002,4.57
Kepler-1161 b,Kepler-1161,2.13,5.180000000000001,2.9500000000000006,0.0,485.0,26.229,10.712525409999998,0.0784,4253.0,-0.65314,0.57,0.5900000000000001,3.39
Kepler-1162 b,Kepler-1162,2.21,5.52,2.81,0.0,490.0,12.245,32.56370689999999,0.19,5390.0,-0.32228,0.8400000000000001,0.89,4.37
Kepler-1162 c,Kepler-1162,1.81,3.9299999999999997,3.64,0.0,401.0,6.14,59.28406400000002,0.2832,5225.0,-0.32228,0.8590000000000001,0.861,0.5
Kepler-1163 b,Kepler-1163,1.03,1.08,5.43,0.0,1211.0,511.75700000000006,6.11786898,0.06868,6302.0,0.39636,1.35,1.22,2.88
Kepler-1164 b,Kepler-1164,1.12,1.46,5.71,0.0,936.0,181.2050000000001,3.97599768,0.04635,5183.0,-0.39926,0.79,0.8500000000000001,3.63
Kepler-1165 b,Kepler-1165,1.55,3.0200000000000005,4.460000000000001,0.0,946.0,464.7729999999999,9.478522000000002,0.0914,6080.0,0.55152,1.18,1.13,3.24
Kepler-1165 c,Kepler-1165,3.36093385,11.2,1.62,0.0,644.0,40.75999999999999,29.968700409999993,0.1969,6249.0,0.55152,1.076,1.13,0.3
Kepler-1166 b,Kepler-1166,1.69,3.5000000000000004,3.9800000000000004,0.0,486.0,14.188,33.24068820000001,0.19750000000000004,5446.0,-0.25594,0.86,0.9,4.9
Kepler-1167 b,Kepler-1167,1.71,3.57,3.92,0.0,1419.0,1039.6969999999997,1.003933739,0.0175,4971.0,-0.53589,0.75,0.79,4.27
Kepler-1168 b,Kepler-1168,2.5,6.800000000000002,2.3900000000000006,0.0,379.0,4.107,55.82265389999999,0.2663,5157.0,-0.5302,0.8200000000000001,0.87,4.27
Kepler-1169 b,Kepler-1169,0.94,0.779,5.15,0.0,1125.0,348.04600000000005,6.110091339999999,0.06931,6191.0,0.26202,1.23,1.2400000000000002,1.38
Kepler-117 b,Kepler-117,8.059,29.875,0.3,0.0493,984.0,157.54099999999994,18.795922799999996,0.1445,6150.0,0.53776,1.606,1.129,5.3
Kepler-117 c,Kepler-117,12.341,584.7800000000001,1.7400000000000002,0.0323,704.0,41.863,50.790391,0.2804,6150.0,0.53776,1.606,1.129,5.3
Kepler-1170 b,Kepler-1170,2.41,6.390000000000001,2.5100000000000002,0.0,705.0,69.537,9.98969327,0.08799999999999998,5069.0,-0.3384,0.76,0.8,4.9
Kepler-1171 b,Kepler-1171,2.56,7.08,2.3199999999999994,0.0,2700.0,10171.004999999996,1.44259224,0.0284,7044.0,0.86922,1.9499999999999997,1.58,1.35
Kepler-1172 b,Kepler-1172,3.2,10.3,1.73,0.0,675.0,26.356,26.020442299999992,0.16800000000000004,5558.0,-0.16073,0.89,0.9200000000000002,4.37
Kepler-1173 b,Kepler-1173,0.89,0.64,4.989999999999999,0.0,1650.0,1462.0980000000002,0.7698536,0.0156,5252.0,-0.43521,0.8200000000000001,0.86,4.79
Kepler-1174 b,Kepler-1174,1.59,3.1500000000000004,4.3100000000000005,0.0,1156.0,641.8139999999999,6.89225223,0.0732,5936.0,0.55531,1.04,1.04,3.55
Kepler-1175 b,Kepler-1175,2.99,9.22,1.8999999999999997,0.0,515.0,12.937999999999999,37.945629999999994,0.2181,5453.0,-0.3398,0.86,0.9,4.17
Kepler-1176 b,Kepler-1176,2.45,6.570000000000001,2.45,0.0,595.0,26.087,24.173857899999994,0.1589,5844.0,-0.11691,1.02,1.01,3.8
Kepler-1177 b,Kepler-1177,1.9,4.27,3.42,0.0,377.0,11.861999999999998,106.24754699999997,0.4301,5712.0,0.34212,0.97,0.9799999999999999,4.47
Kepler-1178 b,Kepler-1178,1.07,1.2400000000000002,5.5600000000000005,0.0,378.0,23.236999999999995,31.80633999999999,0.15959999999999996,4990.0,-0.27723,0.75,0.8,4.68
Kepler-1179 b,Kepler-1179,1.32,2.3,5.5,0.0,1137.0,288.5699999999999,2.685057492,0.03497,5212.0,-0.44424,0.81,0.8400000000000001,4.9
Kepler-118 b,Kepler-118,1.96,4.5,3.2800000000000002,0.0,784.0,79.75300000000003,7.518496000000002,0.073,5274.0,-0.37737,1.094,0.8110000000000002,13.9
Kepler-118 c,Kepler-118,7.68,45.699999999999996,0.554,0.0,564.0,21.409,20.17202,0.141,5274.0,-0.37737,1.094,0.8110000000000002,13.9
Kepler-1180 b,Kepler-1180,1.99,4.619999999999999,3.22,0.0,765.0,175.85499999999993,16.860128599999996,0.1246,6077.0,0.41746,1.14,1.09,3.09
Kepler-1181 b,Kepler-1181,1.57,3.09,4.39,0.0,1374.0,831.1429999999997,4.89337519,0.0621,6176.0,0.47243,1.3,1.17,3.24
Kepler-1181 c,Kepler-1181,1.83,4.01,3.6000000000000005,0.0,1124.0,377.2499999999999,8.934848869999998,0.0928,6688.0,0.47243,1.347,1.336,3.24
Kepler-1182 b,Kepler-1182,2.41,6.390000000000001,2.5100000000000002,0.0,796.0,197.882,11.173946170000004,0.0981,5924.0,0.25605,1.05,1.04,3.39
Kepler-1183 b,Kepler-1183,2.82,8.35,2.0499999999999994,0.0,555.0,61.663,28.505718899999994,0.1793,5765.0,0.25466,0.99,1.0,4.27
Kepler-1184 b,Kepler-1184,2.68,7.65,2.18,0.0,529.0,18.039,53.599104400000016,0.2863,5983.0,0.06532,1.07,1.05,3.55
Kepler-1185 b,Kepler-1185,1.33,2.33,5.44,0.0,355.0,9.309999999999999,104.35189760000003,0.42969999999999997,5622.0,0.28187,0.87,0.9599999999999999,1.55
Kepler-1186 b,Kepler-1186,2.23,5.6,2.7699999999999996,0.0,724.0,85.38500000000002,16.076776149999997,0.1281,5635.0,0.06369,0.9300000000000002,0.9500000000000001,4.47
Kepler-1187 b,Kepler-1187,2.61,7.320000000000001,2.26,0.0,701.0,72.95699999999997,18.870640679999998,0.1401,5975.0,0.13585,1.09,1.06,3.39
Kepler-1188 b,Kepler-1188,2.08,4.98,3.04,0.0,775.0,165.57300000000006,17.1369543,0.135,5913.0,0.39786,1.06,1.04,4.17
Kepler-1189 b,Kepler-1189,1.77,3.7800000000000002,3.7500000000000004,0.0,1158.0,449.93600000000015,3.7885898200000003,0.0467,6012.0,0.04086,1.16,1.11,3.39
Kepler-119 b,Kepler-119,3.6,12.600000000000001,1.48,0.0,1213.0,745.2850000000001,2.422082,0.035,5595.0,-0.0366,0.839,0.9179999999999999,3.63
Kepler-119 c,Kepler-119,0.92,0.7210000000000001,5.09,0.0,1016.0,367.3220000000001,4.125103,0.049,5595.0,-0.0366,0.839,0.9179999999999999,3.63
Kepler-1190 b,Kepler-1190,1.33,2.33,5.44,0.0,609.0,24.211,10.458434409999999,0.0845,4730.0,-0.7272,0.7199999999999999,0.76,3.98
Kepler-1191 b,Kepler-1191,1.51,2.89,4.61,0.0,952.0,167.18400000000008,5.6001485099999995,0.0587,5308.0,-0.22611,0.81,0.8500000000000001,4.57
Kepler-1192 b,Kepler-1192,2.36,6.17,2.58,0.0,600.0,34.74199999999999,25.2034787,0.1693,5438.0,-0.1283,0.83,0.86,4.47
Kepler-1193 b,Kepler-1193,1.32,2.3,5.5,0.0,1453.0,1286.3860000000004,2.8326521339999995,0.04004,5908.0,0.35069,1.21,1.08,5.01
Kepler-1194 b,Kepler-1194,1.51,2.89,4.61,0.0,676.0,49.35,16.22371307,0.1212,5590.0,-0.127,0.9200000000000002,0.94,4.79
Kepler-1195 b,Kepler-1195,2.08,4.98,3.04,0.0,702.0,79.03,8.496422410000001,0.0726,4965.0,-0.44607,0.71,0.74,4.47
Kepler-1196 b,Kepler-1196,2.23,5.6,2.7699999999999996,0.0,436.0,8.302,66.1849031,0.3179,5756.0,-0.04702,0.97,0.9799999999999999,3.98
Kepler-1197 b,Kepler-1197,1.25,2.1,5.910000000000001,0.0,1011.0,267.142,2.0323184499999996,0.02869,4708.0,-0.66629,0.7199999999999999,0.78,2.69
Kepler-1198 b,Kepler-1198,1.47,2.76,4.769999999999999,0.0,830.0,108.06900000000005,7.6847715999999995,0.0732,5517.0,-0.23165,0.9,0.9300000000000002,4.68
Kepler-1199 b,Kepler-1199,1.15,1.6000000000000003,5.78,0.0,931.0,131.70000000000005,15.044719800000001,0.11309,5889.0,0.18707,1.17,0.94,7.76
Kepler-12 b,Kepler-12,19.660586,137.30256000000006,0.11,0.0,1480.0,877.5389999999998,4.437962899999999,0.0553,5947.0,0.44933,1.483,1.166,4.0
Kepler-120 b,Kepler-120,2.15,8.500000000000002,4.699999999999999,0.0,575.0,42.69199999999999,6.312501,0.055,4096.0,-0.67701,0.534,0.6540000000000001,3.63
Kepler-120 c,Kepler-120,1.53,2.9600000000000004,4.540000000000001,0.0,455.0,16.625,12.794585,0.08799999999999998,4096.0,-0.67701,0.534,0.6540000000000001,3.63
Kepler-1200 b,Kepler-1200,1.06,1.2,5.539999999999999,0.0,1174.0,544.534,1.118549717,0.0188,4612.0,-0.68923,0.7,0.74,3.02
Kepler-1201 b,Kepler-1201,2.29,5.860000000000001,2.6800000000000006,0.0,789.0,89.43099999999997,15.18725932,0.1183,6177.0,0.04424,1.2400000000000002,1.15,2.95
Kepler-1202 b,Kepler-1202,2.94,8.959999999999999,1.9400000000000002,0.0,547.0,23.876,28.685132400000008,0.179,5834.0,-0.13389,1.04,1.03,4.17
Kepler-1203 b,Kepler-1203,1.06,1.2,5.539999999999999,0.0,1188.0,723.8059999999998,0.5880007649999999,0.0114,4105.0,-0.85362,0.61,0.64,3.47
Kepler-1204 b,Kepler-1204,3.05,9.53,1.85,0.0,448.0,7.021,85.73502849999997,0.3877,5825.0,-0.05771,1.03,1.03,4.27
Kepler-1205 b,Kepler-1205,1.41,2.5699999999999994,5.040000000000001,0.0,1667.0,1038.493,1.078390352,0.0196,5226.0,-0.41829,0.81,0.8400000000000001,4.9
Kepler-1206 b,Kepler-1206,1.64,3.33,4.15,0.0,1314.0,588.0209999999998,1.216997663,0.0201,4877.0,-0.61957,0.75,0.8,3.55
Kepler-1207 b,Kepler-1207,1.62,3.26,4.21,0.0,802.0,352.50799999999987,13.682371190000003,0.1156,5909.0,0.63789,1.06,1.06,3.63
Kepler-1208 b,Kepler-1208,2.32,5.989999999999999,2.6400000000000006,0.0,665.0,37.664,11.085076369999998,0.09009999999999999,5001.0,-0.55349,0.76,0.8,4.47
Kepler-1209 b,Kepler-1209,1.51,2.89,4.61,0.0,755.0,63.24599999999999,25.369116000000005,0.17515,6210.0,0.34256,1.3799999999999997,1.23,3.09
Kepler-121 b,Kepler-121,2.34,6.080000000000001,2.6100000000000003,0.0,997.0,220.48900000000003,3.1774220000000004,0.039,5311.0,-0.47396,0.7009999999999998,0.8590000000000001,0.5
Kepler-121 c,Kepler-121,2.27,5.77,2.7100000000000004,0.0,425.0,7.296000000000002,41.008010999999996,0.21600000000000003,5311.0,-0.47396,0.7009999999999998,0.8590000000000001,0.5
Kepler-1210 b,Kepler-1210,1.7,3.5300000000000002,3.95,0.0,856.0,152.04699999999997,8.071240729999998,0.0753,5568.0,-0.14879,0.9200000000000002,0.94,5.13
Kepler-1211 b,Kepler-1211,2.55,7.040000000000001,2.33,0.0,840.0,130.89999999999995,11.01816836,0.09763,5705.0,0.13445,0.94,0.9599999999999999,4.17
Kepler-1212 b,Kepler-1212,2.14,5.219999999999999,2.9299999999999997,0.0,795.0,142.09599999999998,12.941301459999998,0.1082,6051.0,0.21104,1.15,1.1,3.24
Kepler-1213 b,Kepler-1213,1.19,1.8100000000000003,5.9,0.0,1156.0,595.424,5.34982412,0.060259999999999994,6050.0,0.39455,1.21,1.14,3.47
Kepler-1214 b,Kepler-1214,2.36,6.17,2.58,0.0,591.0,23.18,18.826342640000004,0.128,5130.0,-0.41949,0.8,0.8500000000000001,4.68
Kepler-1215 b,Kepler-1215,1.22,1.9799999999999998,5.989999999999999,0.0,1046.0,253.964,4.767039629999999,0.0528,5616.0,-0.18176,0.9300000000000002,0.9500000000000001,4.79
Kepler-1216 b,Kepler-1216,1.39,2.5100000000000002,5.140000000000001,0.0,1191.0,415.5530000000001,4.37034536,0.0519,5743.0,0.0729,0.9799999999999999,0.99,4.07
Kepler-1217 b,Kepler-1217,1.99,4.619999999999999,3.22,0.0,1542.0,1302.9480000000005,2.032325072,0.0326,5905.0,0.08509,1.08,1.06,3.8
Kepler-1218 b,Kepler-1218,1.44,2.67,4.91,0.0,684.0,84.82999999999997,22.9221266,0.15698,5986.0,0.36296,1.1,1.06,3.8
Kepler-1219 b,Kepler-1219,2.12,5.140000000000001,2.9600000000000004,0.0,1159.0,430.6910000000001,16.104677490000004,0.14146,5944.0,0.92552,1.9400000000000002,1.25,4.37
Kepler-122 b,Kepler-122,2.34,6.080000000000001,2.6100000000000003,0.0,1159.0,448.102,5.766193000000001,0.064,6050.0,0.26993,1.216,0.9819999999999999,7.94
Kepler-122 c,Kepler-122,5.87,29.000000000000004,0.788,0.0,897.0,160.49899999999994,12.465988,0.108,6050.0,0.26993,1.216,0.9819999999999999,7.94
Kepler-122 d,Kepler-122,2.2,5.480000000000001,2.8300000000000005,0.0,747.0,77.13999999999997,21.587475000000005,0.155,6050.0,0.26993,1.216,0.9819999999999999,7.94
Kepler-122 e,Kepler-122,2.6,27.700000000000003,8.66,0.0,618.0,36.299,37.993272999999995,0.22700000000000004,6050.0,0.26993,1.216,0.9819999999999999,7.94
Kepler-122 f,Kepler-122,1.75,36.0,36.89999999999999,0.0,543.0,21.524,56.268000000000015,0.28575000000000006,5917.0,0.26993,0.949,1.03,7.94
Kepler-1220 b,Kepler-1220,1.52,2.9199999999999995,4.57,0.0,899.0,177.84199999999996,7.426937410000001,0.0734,5842.0,0.02481,0.99,1.0,3.63
Kepler-1221 b,Kepler-1221,1.88,4.1899999999999995,3.4699999999999998,0.0,632.0,37.81,12.000960419999998,0.0906,5194.0,-0.355,0.8200000000000001,0.87,4.57
Kepler-1222 b,Kepler-1222,0.79,0.418,4.66,0.0,1246.0,416.2310000000001,1.916944254,0.02801,5239.0,-0.45761,0.8,0.8400000000000001,4.37
Kepler-1223 b,Kepler-1223,1.22,1.9799999999999998,5.989999999999999,0.0,557.0,20.51,16.301259000000005,0.1186,4870.0,-0.54142,0.75,0.8,3.63
Kepler-1224 b,Kepler-1224,1.33,2.33,5.44,0.0,872.0,132.66299999999998,13.323516009999999,0.11625,6155.0,0.29282,1.22,1.18,2.34
Kepler-1225 b,Kepler-1225,1.82,3.9699999999999998,3.62,0.0,1453.0,324.2819999999999,7.010754340000001,0.0771,6140.0,0.33289,1.19,1.13,3.02
Kepler-1226 b,Kepler-1226,1.45,2.7000000000000006,4.869999999999999,0.0,809.0,140.37600000000006,17.292345300000004,0.13945000000000002,5923.0,0.35947,1.02,1.02,3.72
Kepler-1227 b,Kepler-1227,2.29,5.860000000000001,2.6800000000000006,0.0,369.0,4.179,94.28875769999999,0.38555,5747.0,-0.15834,0.9500000000000001,0.97,4.17
Kepler-1228 b,Kepler-1228,1.54,2.99,4.5,0.0,1757.0,1598.664,0.577369579,0.01186,5063.0,-0.5546,0.74,0.78,5.13
Kepler-1229 b,Kepler-1229,1.4,2.54,5.09,0.0,212.0,0.524,86.82898900000004,0.3006,3784.0,-1.533,0.51,0.54,3.72
Kepler-123 b,Kepler-123,2.94,55.3,12.0,0.0,817.0,138.80700000000002,17.232366000000003,0.135,6089.0,0.40952,1.264,1.079,5.01
Kepler-123 c,Kepler-123,1.48,2.79,4.73,0.0,706.0,77.39899999999997,26.695074000000005,0.181,6089.0,0.40952,1.264,1.079,5.01
Kepler-1230 b,Kepler-1230,2.71,7.800000000000002,2.1500000000000004,0.0,946.0,153.93299999999994,9.956615370000002,0.0921,5961.0,0.09626,1.08,1.06,3.47
Kepler-1231 b,Kepler-1231,1.42,2.6000000000000005,4.989999999999999,0.0,870.0,117.51499999999997,10.417251839999999,0.0914,5778.0,0.02302,1.0,1.01,4.17
Kepler-1232 b,Kepler-1232,1.93,4.380000000000001,3.3500000000000005,0.0,523.0,14.599999999999998,26.783918300000003,0.16544999999999999,5471.0,-0.35931,0.89,0.9200000000000002,4.79
Kepler-1233 b,Kepler-1233,2.6,7.269999999999999,2.2700000000000005,0.0,604.0,30.060999999999996,45.12630420000001,0.263,6198.0,0.22091,1.25,1.16,2.88
Kepler-1234 b,Kepler-1234,2.81,8.3,2.0599999999999996,0.0,625.0,40.11999999999999,11.940140289999999,0.096,4967.0,-0.45387,0.76,0.8,4.37
Kepler-1235 b,Kepler-1235,0.79,0.418,4.66,0.0,985.0,265.32500000000005,4.16055856,0.04836,5541.0,-0.15625,0.9,0.9300000000000002,4.57
Kepler-1236 b,Kepler-1236,2.14,5.219999999999999,2.9299999999999997,0.0,480.0,13.570999999999998,31.0571618,0.1803,5337.0,-0.37915,0.8200000000000001,0.86,4.07
Kepler-1237 b,Kepler-1237,2.86,8.55,2.01,0.0,366.0,4.042,84.57332259999997,0.3778,5472.0,-0.25798,0.9,0.94,4.57
Kepler-1238 b,Kepler-1238,1.93,4.380000000000001,3.3500000000000005,0.0,1389.0,1195.201,4.14787559,0.0541,6386.0,0.58441,1.48,1.3,2.14
Kepler-1239 b,Kepler-1239,2.9,8.750000000000002,1.97,0.0,1183.0,462.9100000000001,5.191040159999999,0.0625,6564.0,0.44712,1.5700000000000003,1.4,1.62
Kepler-124 b,Kepler-124,0.73,0.315,4.450000000000001,0.0,892.0,198.84300000000007,3.410493,0.039,4984.0,-0.46737,0.636,0.7060000000000001,1.82
Kepler-124 c,Kepler-124,1.75,3.71,3.8,0.0,560.0,30.716,13.821374999999998,0.1,4984.0,-0.46737,0.636,0.7060000000000001,1.82
Kepler-124 d,Kepler-124,1.11,1.4100000000000001,5.670000000000001,0.0,428.0,10.499,30.950851,0.16999999999999998,4984.0,-0.46737,0.636,0.7060000000000001,1.82
Kepler-1240 b,Kepler-1240,1.15,1.6000000000000003,5.78,0.0,1121.0,539.1290000000002,4.866381500000001,0.05791,5682.0,0.22254,0.9599999999999999,0.9799999999999999,4.07
Kepler-1241 b,Kepler-1241,2.63,7.409999999999998,2.24,0.0,612.0,31.456000000000003,18.552570100000004,0.1336,5261.0,-0.32438,0.8,0.8400000000000001,4.68
Kepler-1242 b,Kepler-1242,2.26,5.73,2.73,0.0,639.0,28.998000000000005,13.627984319999998,0.1039,4895.0,-0.51639,0.74,0.77,5.62
Kepler-1243 b,Kepler-1243,1.75,3.71,3.8,0.0,690.0,36.16199999999999,16.8320729,0.1256,5667.0,-0.24358,0.94,0.9599999999999999,4.37
Kepler-1244 b,Kepler-1244,1.35,2.3900000000000006,5.34,0.0,1839.0,4756.324999999996,3.7042817199999996,0.0502,6680.0,1.03224,1.77,1.46,1.7
Kepler-1245 b,Kepler-1245,1.44,2.67,4.91,0.0,1043.0,194.344,4.35409304,0.0484,5306.0,-0.41093,0.83,0.86,4.57
Kepler-1245 c,Kepler-1245,1.44,2.67,4.91,0.0,1190.0,328.9839999999999,2.936584681,0.0372,5306.0,-0.41093,0.83,0.86,4.57
Kepler-1246 b,Kepler-1246,1.36,2.4200000000000004,5.29,0.0,554.0,26.450999999999997,11.32271513,0.08480000000000001,4611.0,-0.7266,0.69,0.73,3.89
Kepler-1247 b,Kepler-1247,2.33,6.04,2.62,0.0,676.0,41.47200000000001,13.712202130000003,0.1091,5303.0,-0.34527,0.8200000000000001,0.86,4.68
Kepler-1248 b,Kepler-1248,1.18,1.7600000000000002,5.89,0.0,1035.0,271.24999999999994,7.46725407,0.0806,6149.0,0.276,1.21,1.21,1.51
Kepler-1249 b,Kepler-1249,2.38,6.26,2.55,0.0,647.0,98.33600000000001,24.334712699999997,0.167,6202.0,0.42782,1.2800000000000002,1.19,2.82
Kepler-125 b,Kepler-125,2.37,6.21,2.56,0.0,590.0,33.184,4.164389,0.041,3810.0,-1.3279,0.512,0.542101,1.09
Kepler-125 c,Kepler-125,0.74,0.33,4.47,0.0,529.0,16.809999999999995,5.774464,0.051,3810.0,-1.3279,0.512,0.542101,1.09
Kepler-1250 b,Kepler-1250,1.92,4.35,3.38,0.0,1431.0,1866.1929999999998,2.6075438339999994,0.0393,5717.0,0.34255,0.9799999999999999,0.99,4.57
Kepler-1251 b,Kepler-1251,1.84,4.039999999999999,3.5599999999999996,0.0,487.0,13.779999999999998,45.09046430000001,0.2478,5545.0,-0.15264,0.89,0.9200000000000002,4.79
Kepler-1252 b,Kepler-1252,1.67,3.43,4.05,0.0,665.0,57.579,15.054032899999997,0.1078,5949.0,-0.12958,1.09,1.06,3.89
Kepler-1253 b,Kepler-1253,1.33,2.33,5.44,0.0,501.0,21.624000000000002,68.88619149999997,0.31444,5850.0,0.34479,1.1,0.97,7.08
Kepler-1254 b,Kepler-1254,1.55,3.0200000000000005,4.460000000000001,0.0,660.0,33.978,9.991133129999998,0.0833,4985.0,-0.57202,0.75,0.78,5.62
Kepler-1254 c,Kepler-1254,1.3,2.24,5.6,0.0,927.0,132.39099999999993,3.6008427600000004,0.0422,4985.0,-0.57202,0.75,0.78,5.62
Kepler-1254 d,Kepler-1254,1.31,2.2700000000000005,5.55,0.0,794.0,71.30999999999999,5.72717226,0.057499999999999996,4985.0,-0.57202,0.75,0.78,5.62
Kepler-1255 b,Kepler-1255,2.32,5.989999999999999,2.6400000000000006,0.0,694.0,39.67100000000001,36.29193359999999,0.2226,6018.0,0.30726,1.12,1.08,3.55
Kepler-1256 b,Kepler-1256,1.49,2.8300000000000005,4.699999999999999,0.0,933.0,211.549,12.412775400000001,0.10733,6129.0,0.42833,1.3599999999999999,1.17,3.72
Kepler-1257 b,Kepler-1257,1.52,2.9199999999999995,4.57,0.0,1252.0,546.9079999999998,2.668313762,0.0376,5502.0,-0.13622,0.87,0.9,4.37
Kepler-1258 b,Kepler-1258,0.86,0.5659999999999998,4.889999999999999,0.0,2335.0,2775.000000000001,0.9849401669999999,0.01824,5839.0,0.09384,0.99,0.99,3.89
Kepler-1259 b,Kepler-1259,1.43,2.63,4.94,0.0,1681.0,2460.582,0.6630852579999998,0.0141,5053.0,-0.33296,0.77,0.8,5.25
Kepler-126 b,Kepler-126,1.52,4.11726105,5.762535,0.07,1009.0,298.088,10.495711000000002,0.099,6239.0,0.452,1.358,1.108,3.39
Kepler-126 c,Kepler-126,1.58,1.2794214799999999,1.695536,0.19,790.0,112.12800000000004,21.869740999999998,0.162,6239.0,0.452,1.358,1.108,3.39
Kepler-126 d,Kepler-126,2.5,54.59018723,18.398878000000003,0.02,475.0,14.714000000000004,100.28313400000002,0.448,6239.0,0.452,1.358,1.108,3.39
Kepler-1260 b,Kepler-1260,1.77,3.7800000000000002,3.7500000000000004,0.0,823.0,171.92600000000004,19.118775300000003,0.1444,5961.0,0.52565,1.08,1.06,3.8
Kepler-1261 b,Kepler-1261,2.26,5.73,2.73,0.0,396.0,4.744,48.430899100000005,0.239,5006.0,-0.5233,0.77,0.8200000000000001,4.47
Kepler-1262 b,Kepler-1262,1.82,3.9699999999999998,3.62,0.0,949.0,142.54499999999993,8.679002420000002,0.083,5771.0,-0.10541,0.9799999999999999,0.99,4.27
Kepler-1263 b,Kepler-1263,1.14,1.5499999999999998,5.749999999999999,0.0,907.0,144.81300000000002,4.55139967,0.0499,5213.0,-0.41402,0.8,0.8400000000000001,4.9
Kepler-1264 b,Kepler-1264,1.18,1.7600000000000002,5.89,0.0,1677.0,2367.8039999999996,0.9685260230000001,0.01839,5791.0,-0.05475,0.9799999999999999,0.99,4.17
Kepler-1265 b,Kepler-1265,1.35,2.3900000000000006,5.34,0.0,732.0,58.14999999999999,6.4944128899999995,0.0612,4630.0,-0.70004,0.69,0.71,5.25
Kepler-1266 b,Kepler-1266,2.58,7.180000000000001,2.3,0.0,489.0,10.312999999999999,28.474748000000005,0.16431,5044.0,-0.52996,0.76,0.8,5.13
Kepler-1266 c,Kepler-1266,1.68023962,3.46,4.01,0.0,881.0,110.4,4.86631012,0.0506,4996.0,-0.52996,0.831,0.7910000000000001,7.24
Kepler-1267 b,Kepler-1267,3.01,9.32,1.88,0.0,774.0,86.46900000000001,13.031394499999996,0.1057,6096.0,0.0025,1.2,1.15,3.24
Kepler-1268 b,Kepler-1268,2.03,4.78,3.14,0.0,627.0,40.652,40.990398600000006,0.2383,5904.0,0.34483,1.09,1.06,4.27
Kepler-1269 b,Kepler-1269,1.63,3.29,4.17,0.0,657.0,69.00400000000003,37.3331536,0.23611,5998.0,0.5557,1.15,1.1,3.55
Kepler-127 b,Kepler-127,1.4,2.54,5.09,0.47,884.0,159.16300000000007,14.435889,0.125,6106.0,0.40651,1.359,1.248,2.69
Kepler-127 c,Kepler-127,2.66,7.559999999999999,2.21,0.03,698.0,61.688,29.393195,0.19999999999999998,6106.0,0.40651,1.359,1.248,2.69
Kepler-127 d,Kepler-127,2.64,7.460000000000001,2.2299999999999995,0.03,590.0,31.51899999999999,48.630407999999996,0.28,6106.0,0.40651,1.359,1.248,2.69
Kepler-1270 b,Kepler-1270,3.32,11.0,1.65,0.0,1598.0,1217.3949999999998,6.03356196,0.07045,5047.0,0.71321,3.38,1.2800000000000002,4.37
Kepler-1271 b,Kepler-1271,1.48,2.79,4.73,0.0,1484.0,975.1809999999999,3.0255954999999997,0.04233,6143.0,0.21871,1.23,1.13,3.63
Kepler-1272 b,Kepler-1272,2.37,6.21,2.56,0.0,542.0,34.433,51.130970399999995,0.2705,5926.0,0.37031,1.09,1.06,3.89
Kepler-1273 b,Kepler-1273,2.49,6.759999999999999,2.4100000000000006,0.0,573.0,14.877000000000004,28.625653000000007,0.1857,5566.0,-0.3054,0.91,0.94,4.47
Kepler-1274 b,Kepler-1274,1.42,2.6000000000000005,4.989999999999999,0.0,1384.0,975.8099999999997,6.9815270300000005,0.08160999999999999,6179.0,0.79752,2.17,1.45,2.88
Kepler-1275 b,Kepler-1275,1.48,2.79,4.73,0.0,1368.0,822.4840000000004,3.6569111499999996,0.0488,6296.0,0.31503,1.3599999999999999,1.23,2.51
Kepler-1276 b,Kepler-1276,1.19,1.8100000000000003,5.9,0.0,886.0,139.76999999999998,12.572009499999998,0.10863,6188.0,0.2204,1.21,1.14,3.09
Kepler-1277 b,Kepler-1277,1.6,3.1899999999999995,4.279999999999999,0.0,496.0,12.110000000000001,40.83650120000001,0.21856999999999996,5578.0,-0.19906,0.9200000000000002,0.94,5.01
Kepler-1278 b,Kepler-1278,1.01,1.01,5.390000000000001,0.0,1213.0,1314.6700000000003,3.2394134400000003,0.04417,6074.0,0.36593,1.16,1.11,3.31
Kepler-1279 b,Kepler-1279,1.75,3.71,3.8,0.0,738.0,190.851,23.4774101,0.1785,6221.0,0.69281,1.33,1.21,2.82
Kepler-128 b,Kepler-128,1.421,3.7899999999999996,7.222837000000002,0.0,968.0,227.39799999999997,14.999999999999998,0.12545,6072.0,0.57542,1.6590000000000003,1.184,4.07
Kepler-128 c,Kepler-128,1.521,3.38,5.237935,0.037,843.0,130.97899999999998,22.800000000000004,0.16517,6072.0,0.57542,1.6590000000000003,1.184,4.07
Kepler-1280 b,Kepler-1280,1.87,4.16,3.5000000000000004,0.0,757.0,35.29299999999999,66.55790570000002,0.33982,6227.0,0.6788,1.32,1.2,2.82
Kepler-1281 b,Kepler-1281,1.64,3.33,4.15,0.0,1123.0,375.54999999999995,3.11602791,0.0415,5353.0,-0.292,0.83,0.87,4.37
Kepler-1282 b,Kepler-1282,1.55,3.0200000000000005,4.460000000000001,0.0,1418.0,672.5319999999998,2.131946513,0.0335,5504.0,-0.18287,0.89,0.9200000000000002,4.57
Kepler-1283 b,Kepler-1283,1.91,4.3100000000000005,3.4000000000000004,0.0,764.0,80.34000000000003,12.946097799999997,0.1062,6175.0,0.92675,1.25,1.16,2.88
Kepler-1284 b,Kepler-1284,1.21,1.92,5.96,0.0,1703.0,2190.082,0.664073806,0.0143,5123.0,-0.39518,0.79,0.8400000000000001,4.47
Kepler-1285 b,Kepler-1285,0.97,0.8709999999999999,5.24,0.0,874.0,181.59099999999998,14.796745800000002,0.12758,6170.0,0.48088,1.2800000000000002,1.2,2.75
Kepler-1286 b,Kepler-1286,2.15,5.269999999999999,2.91,0.0,888.0,151.76999999999998,11.254029289999998,0.0991,5753.0,0.12822,0.9799999999999999,1.0,4.17
Kepler-1287 b,Kepler-1287,1.54,2.99,4.5,0.0,796.0,78.156,11.476859089999998,0.0976,5715.0,-0.09078,0.94,0.9599999999999999,4.07
Kepler-1288 b,Kepler-1288,1.12,1.46,5.71,0.0,2017.0,1342.5000000000002,2.76122421,0.04135,6132.0,0.30207,1.29,1.2,2.88
Kepler-1289 b,Kepler-1289,1.52,2.9199999999999995,4.57,0.0,1113.0,223.44200000000006,7.990196270000002,0.0785,6080.0,0.16032,1.17,1.1,2.95
Kepler-129 b,Kepler-129,2.4,20.0,8.1,0.01,910.0,158.30599999999998,15.789999999999997,0.13,5770.0,0.46365,1.653,1.178,6.43
Kepler-129 c,Kepler-129,2.52,42.99999999999999,14.799999999999997,0.2,525.0,17.553999999999995,82.19999999999999,0.39,5770.0,0.46365,1.653,1.178,6.43
Kepler-129 d,Kepler-129,12.6,2637.9757781000008,7.249999999999998,0.15,143.35000000000002,0.08747032007396012,2646.000000000001,3.9999999999999996,5770.0,0.46365,1.653,1.178,6.43
Kepler-1290 b,Kepler-1290,1.42,2.6000000000000005,4.989999999999999,0.0,1098.0,443.22100000000006,4.695001340000001,0.0557,5660.0,0.06899,0.9300000000000002,0.9500000000000001,4.07
Kepler-1291 b,Kepler-1291,1.66,3.3899999999999997,4.07,0.0,739.0,62.822999999999986,8.630432760000001,0.0779,5216.0,-0.46748,0.8,0.8400000000000001,4.9
Kepler-1292 b,Kepler-1292,1.82,3.9699999999999998,3.62,0.0,1195.0,521.1010000000001,3.2764640499999995,0.0443,5556.0,-0.09051,0.9300000000000002,0.9500000000000001,4.68
Kepler-1293 b,Kepler-1293,0.97,0.8709999999999999,5.24,0.0,1183.0,929.1219999999997,5.57654784,0.06763,6241.0,0.60386,1.2800000000000002,1.18,2.82
Kepler-1294 b,Kepler-1294,3.19,10.3,1.7400000000000002,0.0,401.0,12.361999999999998,115.68622580000002,0.46840000000000004,5776.0,0.42138,0.97,0.99,3.98
Kepler-1295 b,Kepler-1295,1.55,3.0200000000000005,4.460000000000001,0.0,1029.0,279.94100000000003,3.81371974,0.0464,5486.0,-0.28279,0.89,0.9200000000000002,4.68
Kepler-1296 b,Kepler-1296,0.91,0.6929999999999998,5.05,0.0,1285.0,399.0149999999999,8.3839865,0.0896,5359.0,0.48615,0.83,0.87,4.17
Kepler-1297 b,Kepler-1297,0.97,0.8709999999999999,5.24,0.0,1790.0,2760.592999999999,1.68189002,0.0283,5818.0,0.30193,0.99,0.99,4.17
Kepler-1298 b,Kepler-1298,1.31,2.2700000000000005,5.55,0.0,1373.0,1003.0269999999997,7.12811928,0.0814,6339.0,0.83982,1.9999999999999996,1.45,2.57
Kepler-1299 b,Kepler-1299,2.98,9.17,1.8999999999999997,0.0,588.0,45.146,19.940087399999996,0.1357,5609.0,-0.10621,0.91,0.94,4.37
Kepler-130 b,Kepler-130,1.02,1.04,5.390000000000001,0.15,982.0,221.73100000000005,8.457458000000003,0.079,5884.0,0.19831,1.1270000000000002,0.927,5.89
Kepler-130 c,Kepler-130,2.9,8.750000000000002,1.97,0.0,683.0,46.011,27.508680000000002,0.178,5879.0,0.155,1.17,1.0,5.89
Kepler-130 d,Kepler-130,1.64,3.33,4.15,0.8,451.0,9.833999999999998,87.51790500000001,0.377,5884.0,0.19831,1.1270000000000002,0.927,5.89
Kepler-1300 b,Kepler-1300,1.37,2.45,5.24,0.0,954.0,149.40900000000002,22.241909199999995,0.16005,6130.0,0.63621,1.79,1.29,3.55
Kepler-1301 b,Kepler-1301,1.4,2.54,5.09,0.0,734.0,76.13900000000001,9.08237046,0.0815,5188.0,-0.34618,0.81,0.8500000000000001,4.9
Kepler-1302 b,Kepler-1302,1.43,2.63,4.94,0.0,778.0,58.34400000000003,8.83922659,0.0795,5236.0,-0.46714,0.8200000000000001,0.86,4.68
Kepler-1303 b,Kepler-1303,1.42,2.6000000000000005,4.989999999999999,0.0,891.0,182.37500000000006,7.561272240000001,0.0751,5771.0,-0.00195,1.0,1.01,4.47
Kepler-1304 b,Kepler-1304,2.29,5.860000000000001,2.6800000000000006,0.0,715.0,61.87,16.128885299999997,0.1202,5259.0,0.63938,0.81,0.8500000000000001,4.68
Kepler-1305 b,Kepler-1305,1.88,4.1899999999999995,3.4699999999999998,0.0,733.0,103.50999999999996,13.5630972,0.11089999999999998,5701.0,0.08368,0.9599999999999999,0.97,4.37
Kepler-1306 b,Kepler-1306,1.91,4.3100000000000005,3.4000000000000004,0.0,678.0,52.146,16.29595382,0.123,5727.0,-0.06343,0.97,0.9799999999999999,4.57
Kepler-1307 b,Kepler-1307,2.47,6.660000000000002,2.43,0.0,768.0,41.18500000000002,18.016210960000002,0.1369,5884.0,-0.20496,1.08,1.06,4.07
Kepler-1308 b,Kepler-1308,0.52,0.0933,3.6500000000000004,0.0,662.0,58.108000000000004,2.1043381189999995,0.025,3468.0,-1.50254,0.33999999999999997,0.35,3.72
Kepler-1309 b,Kepler-1309,2.37,6.21,2.56,0.0,491.0,13.769999999999998,28.843264700000002,0.1679,5235.0,-0.60322,0.8,0.8500000000000001,4.27
Kepler-131 b,Kepler-131,2.41,16.130000000000003,6.0,0.0,718.0,66.12199999999999,16.092,0.12789,5685.0,0.02191,1.03,1.02,3.66
Kepler-131 c,Kepler-131,0.84,8.250000000000002,77.69999999999997,0.0,615.0,35.73599999999999,25.5169,0.17391,5685.0,0.02191,1.03,1.02,3.66
Kepler-1310 b,Kepler-1310,1.44,2.67,4.91,0.0,1883.0,2830.9100000000003,0.679336272,0.01452,5549.0,-0.19177,0.8800000000000001,0.91,4.17
Kepler-1311 b,Kepler-1311,1.24,2.07,5.970000000000001,0.0,1019.0,296.92,11.1726994,0.10081999999999999,5748.0,0.47186,1.4,1.05,7.59
Kepler-1311 c,Kepler-1311,1.22,1.9799999999999998,5.989999999999999,0.0,1671.0,2144.5530000000003,2.5357342399999996,0.03753,5748.0,0.47186,1.4,1.05,7.59
Kepler-1311 d,Kepler-1311,9.65837605,67.5,0.4119999999999999,0.0,391.0,6.0,197.51100159999996,0.68434,5616.0,0.47186,1.6740000000000002,1.032,7.59
Kepler-1312 b,Kepler-1312,2.1,5.06,3.0,0.0,978.0,219.11700000000002,5.448325285999999,0.06053,5719.0,-0.09874,0.9200000000000002,0.99,2.0
Kepler-1312 c,Kepler-1312,1.02732734,1.07,5.42,0.0,1659.0,1770.2000000000007,1.116119981,0.02103,5721.0,-0.09874,0.905,0.983,0.89
Kepler-1313 b,Kepler-1313,1.76,3.7500000000000004,3.7800000000000002,0.0,1012.0,227.1980000000001,3.833091178,0.04619,5453.0,-0.3248,0.8500000000000001,0.9200000000000002,2.69
Kepler-1314 b,Kepler-1314,5.11,22.900000000000006,0.9430000000000001,0.0,625.0,36.04999999999999,5.424749281,0.0504,4188.0,-1.89109,0.5900000000000001,0.6000000000000001,6.03
Kepler-1315 b,Kepler-1315,1.38,2.48,5.19,0.0,1541.0,897.8999999999999,0.8433801099999999,0.01617,4861.0,-0.62783,0.75,0.8,3.47
Kepler-1315 c,Kepler-1315,1.84398883,4.06,3.5599999999999996,0.0,777.0,57.600000000000016,6.566060066000001,0.0635,4818.0,-0.62783,0.856,0.8090000000000002,1.62
Kepler-1316 b,Kepler-1316,3.54,12.300000000000002,1.5200000000000002,0.0,446.0,10.714,87.97321360000004,0.39764999999999995,5884.0,0.25347,1.12,1.04,5.13
Kepler-1317 b,Kepler-1317,1.56,3.0500000000000003,4.41,0.0,1796.0,2413.260999999999,0.568874427,0.0128,5144.0,-0.41358,0.79,0.83,4.79
Kepler-1318 b,Kepler-1318,3.11,9.849999999999998,1.8000000000000003,0.0,202.0,0.492,213.25766299999995,0.6085,4598.0,-0.72991,0.7,0.73,4.57
Kepler-1319 b,Kepler-1319,1.34,2.36,5.390000000000001,0.33,557.0,38.452000000000005,2.8867626449999997,0.0296,3655.0,-1.45739,0.54,0.56,5.37
Kepler-132 b,Kepler-132,1.21,1.92,5.96,0.0,1082.0,284.79999999999995,6.178196,0.067,6003.0,0.211,1.178,0.929,4.37
Kepler-132 c,Kepler-132,1.28,2.18,5.71,0.0,1069.0,271.0000000000001,6.4149140000000004,0.068,6003.0,0.211,1.178,0.929,4.37
Kepler-132 d,Kepler-132,1.55,3.0200000000000005,4.460000000000001,0.0,758.0,68.60000000000001,18.010199000000004,0.136,6003.0,0.211,1.178,0.929,4.37
Kepler-132 e,Kepler-132,1.18,1.7600000000000002,5.89,0.0,414.0,6.1000000000000005,110.28693740000001,0.43927000000000005,6023.0,0.157,1.1,1.03,4.37
Kepler-1320 b,Kepler-1320,1.7,3.5300000000000002,3.95,0.0,1389.0,672.1130000000003,0.868386528,0.0163,4817.0,-0.72896,0.74,0.8,3.16
Kepler-1321 b,Kepler-1321,4.92,21.499999999999993,0.9920000000000001,0.0,408.0,13.547,11.128304839999998,0.0781,4094.0,-0.8624,0.53,0.54,4.17
Kepler-1321 c,Kepler-1321,2.4,6.349999999999999,2.5200000000000005,0.0,697.0,115.90899999999998,2.2264910859999993,0.0267,4094.0,-0.8624,0.53,0.54,4.17
Kepler-1321 d,Kepler-1321,2.62843782,7.409999999999998,2.24,0.0,509.0,15.839999999999998,5.7209200860000005,0.0501,3640.0,-0.8624,0.503,0.513,6.26
Kepler-1322 b,Kepler-1322,1.61,3.22,4.24,0.0,1666.0,2651.424000000001,0.962867382,0.0183,5488.0,-0.10053,0.87,0.9,4.47
Kepler-1322 c,Kepler-1322,2.15492527,5.29,2.8999999999999995,0.0,883.0,144.06,6.459980011,0.0652,5704.0,-0.10053,0.804,0.8969999999999999,0.4
Kepler-1323 b,Kepler-1323,1.52,2.9199999999999995,4.57,0.0,2291.0,5067.6029999999955,0.9299066780000002,0.01911,6169.0,0.29462,1.4,1.18,3.55
Kepler-1324 b,Kepler-1324,1.51,2.89,4.61,0.0,895.0,98.41399999999999,4.115844679,0.0466,4776.0,-0.67302,0.73,0.78,2.88
Kepler-1325 b,Kepler-1325,2.86,8.55,2.01,0.0,564.0,18.152999999999995,33.8786838,0.2004,5550.0,-0.13603,0.91,0.9300000000000002,4.79
Kepler-1326 b,Kepler-1326,4.18,16.3,1.23,0.0,938.0,47.84,42.351426700000005,0.2743,6725.0,0.52296,1.7400000000000002,1.45,1.7
Kepler-1327 b,Kepler-1327,1.8,3.8900000000000006,3.67,0.0,831.0,79.90000000000002,14.888010979999999,0.11151,5885.0,0.0362,1.03,1.02,4.07
Kepler-1328 b,Kepler-1328,0.98,0.9040000000000001,5.28,0.0,1214.0,545.6720000000001,4.521588880000001,0.052,5780.0,0.2276,0.99,1.0,4.57
Kepler-1329 b,Kepler-1329,2.17,5.3500000000000005,2.88,0.0,577.0,26.645000000000003,9.33646594,0.0747,4500.0,-0.77081,0.69,0.7199999999999999,5.62
Kepler-133 b,Kepler-133,1.76,3.7500000000000004,3.7800000000000002,0.0,1041.0,408.5799999999999,8.129976,0.083,5736.0,0.4105,1.425,1.02,6.03
Kepler-133 c,Kepler-133,2.84,8.45,2.0299999999999994,0.0,663.0,67.16099999999999,31.517585999999998,0.204,5736.0,0.4105,1.425,1.02,6.03
Kepler-1330 b,Kepler-1330,1.65,3.36,4.109999999999999,0.0,879.0,322.3989999999999,10.107690679999997,0.0889,5608.0,0.42575,0.94,0.97,4.9
Kepler-1331 b,Kepler-1331,1.05,1.16,5.51,0.0,1244.0,547.2940000000001,0.7891616529999999,0.0142,4508.0,-0.90934,0.69,0.7199999999999999,4.17
Kepler-1332 b,Kepler-1332,1.37,2.45,5.24,0.0,728.0,77.55900000000003,11.87456832,0.09915,5581.0,-0.13733,0.9,0.9500000000000001,3.24
Kepler-1333 b,Kepler-1333,2.81,8.3,2.0599999999999996,0.0,428.0,3.2979999999999996,109.64718419999997,0.43820000000000003,5628.0,-0.18777,0.9200000000000002,0.94,4.57
Kepler-1334 b,Kepler-1334,2.29,5.860000000000001,2.6800000000000006,0.0,710.0,78.35499999999998,15.645917129999997,0.1229,5614.0,0.0276,0.91,0.94,4.27
Kepler-1335 b,Kepler-1335,1.45,2.7000000000000006,4.869999999999999,0.0,809.0,80.74100000000001,6.264068459999999,0.0615,4903.0,-0.5555,0.74,0.77,4.9
Kepler-1336 b,Kepler-1336,1.98,4.58,3.2399999999999998,0.0,793.0,103.72000000000003,23.198681,0.15845,5512.0,0.42052,1.3,0.94,12.3
Kepler-1336 c,Kepler-1336,1.71,3.57,3.92,0.0,1260.0,662.7129999999999,5.777212110000001,0.06272,5512.0,0.42052,1.3,0.94,12.3
Kepler-1337 b,Kepler-1337,2.41,6.390000000000001,2.5100000000000002,0.0,437.0,9.182999999999998,24.4002549,0.1441,4523.0,-0.74221,0.67,0.7,4.27
Kepler-1338 b,Kepler-1338,0.92,0.7210000000000001,5.09,0.0,2124.0,4712.110999999999,0.935118057,0.01937,5909.0,0.24719,1.05,1.04,3.8
Kepler-1339 b,Kepler-1339,0.71,0.285,4.380000000000001,0.0,1642.0,3094.817,1.341555127,0.02356,5586.0,0.18765,0.9300000000000002,0.94,5.62
Kepler-134 b,Kepler-134,2.0,4.66,3.2000000000000006,0.0,1105.0,301.367,5.317428999999999,0.06,5983.0,0.06051,1.176,0.9559999999999998,3.55
Kepler-134 c,Kepler-134,1.26,2.13,5.849999999999999,0.0,892.0,128.08600000000007,10.105784999999997,0.092,5983.0,0.06051,1.176,0.9559999999999998,3.55
Kepler-1340 b,Kepler-1340,1.55,3.0200000000000005,4.460000000000001,0.0,2174.0,4793.000999999997,0.6650269160000001,0.01523,6331.0,0.08683,1.4199999999999997,1.27,2.4
Kepler-1341 b,Kepler-1341,2.99,9.22,1.8999999999999997,0.0,241.0,1.141,132.99683220000003,0.47267,4662.0,-0.63776,0.7199999999999999,0.79,1.82
Kepler-1342 b,Kepler-1342,1.66,3.3899999999999997,4.07,0.0,1283.0,559.275,2.215710358,0.0313,5527.0,-0.26092,0.9,0.9300000000000002,4.37
Kepler-1343 b,Kepler-1343,1.93,4.380000000000001,3.3500000000000005,0.0,1294.0,1021.9040000000001,3.3518315800000003,0.0449,5759.0,0.19529,0.9300000000000002,0.9500000000000001,3.98
Kepler-1344 b,Kepler-1344,1.84,4.039999999999999,3.5599999999999996,0.0,1219.0,425.16899999999987,4.7683049,0.05501,5981.0,0.14599,1.13,1.09,3.63
Kepler-1345 b,Kepler-1345,2.36,6.17,2.58,0.0,693.0,68.46900000000001,44.61695569999999,0.26412,6449.0,0.69266,1.5499999999999998,1.32,2.24
Kepler-1346 b,Kepler-1346,1.58,3.12,4.35,0.0,1236.0,545.5750000000003,3.4016566800000003,0.044,6133.0,-0.00806,1.21,1.14,3.09
Kepler-1347 b,Kepler-1347,1.03,1.08,5.43,0.0,617.0,34.31999999999999,14.009475280000002,0.104,5193.0,-0.388,0.79,0.8200000000000001,5.62
Kepler-1348 b,Kepler-1348,1.94,4.42,3.33,0.0,636.0,49.665,27.572274200000003,0.1834,5911.0,0.20429,1.04,1.04,3.72
Kepler-1349 b,Kepler-1349,0.7,0.271,4.34,0.0,1668.0,1862.33,2.12823928,0.03421,6086.0,0.34263,1.2800000000000002,1.16,2.88
Kepler-135 b,Kepler-135,1.81,3.9299999999999997,3.64,0.0,1209.0,496.67799999999994,6.00253,0.067,6090.0,0.44809,1.275,1.0469999999999997,2.62
Kepler-135 c,Kepler-135,1.16,1.65,5.81,0.0,975.0,209.96700000000007,11.448708,0.103,6090.0,0.44809,1.275,1.0469999999999997,2.62
Kepler-1350 b,Kepler-1350,2.52,6.900000000000002,2.37,0.0,535.0,27.175999999999995,4.496860400000001,0.0413,3827.0,-1.2834,0.53,0.55,4.57
Kepler-1350 c,Kepler-1350,1.73,3.64,3.8599999999999994,0.0,730.0,94.05399999999996,1.7667890619999997,0.0222,3827.0,-1.2834,0.53,0.55,4.57
Kepler-1351 b,Kepler-1351,0.65,0.208,4.16,0.0,1212.0,421.96500000000015,0.916140768,0.0156,4439.0,-0.98254,0.67,0.7,4.17
Kepler-1352 b,Kepler-1352,0.89,0.64,4.989999999999999,0.0,1701.0,1892.5859999999993,1.877882748,0.02883,6118.0,0.263,1.16,1.11,3.16
Kepler-1353 b,Kepler-1353,1.8,3.8900000000000006,3.67,0.0,491.0,10.766999999999998,24.754396599999993,0.153,4776.0,-0.6146,0.7199999999999999,0.76,4.68
Kepler-1354 b,Kepler-1354,2.97,9.109999999999998,1.9099999999999997,0.0,466.0,18.86,76.613377,0.3521000000000001,6168.0,0.30208,1.2400000000000002,1.16,2.95
Kepler-1355 b,Kepler-1355,1.46,2.73,4.82,0.0,1448.0,944.8730000000003,1.2895881119999997,0.0224,5352.0,-0.32922,0.83,0.8800000000000001,4.27
Kepler-1356 b,Kepler-1356,1.53,2.9600000000000004,4.540000000000001,0.0,1714.0,1966.0570000000007,0.634002937,0.0136,5106.0,-0.4863,0.78,0.8200000000000001,4.9
Kepler-1357 b,Kepler-1357,1.28,2.18,5.71,0.0,1177.0,449.97499999999985,3.0091323999999995,0.041,5597.0,-0.14555,0.9,0.9300000000000002,4.57
Kepler-1358 b,Kepler-1358,1.12,1.46,5.71,0.0,827.0,98.83400000000002,7.063173409999999,0.0656,5181.0,-0.41347,0.79,0.8200000000000001,5.13
Kepler-1359 b,Kepler-1359,2.83,8.400000000000002,2.04,0.0,369.0,2.4510000000000005,59.49709520000001,0.26657,4709.0,-0.7173,0.7199999999999999,0.78,2.34
Kepler-136 b,Kepler-136,2.05,19.800000000000004,12.600000000000001,0.0,951.0,257.98399999999987,11.578900000000003,0.106,6165.0,0.46678,1.355,1.204,2.75
Kepler-136 c,Kepler-136,1.99,4.619999999999999,3.22,0.0,847.0,162.04399999999995,16.399235,0.133,6165.0,0.46678,1.355,1.204,2.75
Kepler-1360 b,Kepler-1360,3.4,11.500000000000002,1.6100000000000003,0.0,933.0,82.56399999999998,40.5286413,0.2866,6778.0,0.92337,1.8300000000000003,1.5100000000000002,1.55
Kepler-1361 b,Kepler-1361,0.86,0.5659999999999998,4.889999999999999,0.0,1061.0,186.06899999999996,3.57554956,0.04304,5131.0,-0.43672,0.79,0.83,4.9
Kepler-1362 b,Kepler-1362,2.6,7.269999999999999,2.2700000000000005,0.0,248.0,1.011,136.205626,0.4626,4857.0,-0.60131,0.74,0.8,3.09
Kepler-1363 b,Kepler-1363,1.25,2.1,5.910000000000001,0.0,988.0,191.91900000000004,2.9419409399999994,0.0363,4839.0,-0.62622,0.7199999999999999,0.76,4.17
Kepler-1364 b,Kepler-1364,2.15,5.269999999999999,2.91,0.0,1299.0,672.0599999999997,13.32196237,0.1284,6805.0,0.792,1.79,1.49,1.58
Kepler-1365 b,Kepler-1365,0.92,0.7210000000000001,5.09,0.0,969.0,456.25000000000006,7.699934849999999,0.07839,5770.0,0.42479,1.05,1.0,6.03
Kepler-1365 c,Kepler-1365,0.8,0.43700000000000006,4.6899999999999995,0.0,1137.0,864.0369999999999,4.77468005,0.05701,5770.0,0.42479,1.05,1.0,6.03
Kepler-1366 b,Kepler-1366,1.43,2.63,4.94,0.0,783.0,134.98099999999994,2.1645709679999996,0.0273,4070.0,-0.99602,0.6000000000000001,0.62,3.98
Kepler-1367 b,Kepler-1367,0.92,0.7210000000000001,5.09,0.0,998.0,225.23300000000003,1.574090272,0.0236,4106.0,-0.90488,0.6000000000000001,0.62,3.89
Kepler-1368 b,Kepler-1368,1.65,3.36,4.109999999999999,0.0,2085.0,4849.257000000003,0.675649486,0.0153,5906.0,0.05077,1.08,1.07,3.47
Kepler-1369 b,Kepler-1369,2.69,7.700000000000002,2.17,0.0,667.0,37.15800000000001,25.873148000000004,0.1741,5761.0,-0.01005,0.99,0.99,4.07
Kepler-137 b,Kepler-137,1.47,2.76,4.769999999999999,0.0,742.0,86.33000000000001,8.436387,0.077,5187.0,-0.29234,0.8019999999999999,0.8500000000000001,4.27
Kepler-137 c,Kepler-137,1.88,4.1899999999999995,3.4699999999999998,0.0,568.0,29.775,18.735753000000003,0.13,5187.0,-0.29234,0.8019999999999999,0.8500000000000001,4.27
Kepler-1370 b,Kepler-1370,1.84,4.039999999999999,3.5599999999999996,0.0,770.0,132.587,20.264168400000003,0.15762999999999996,6202.0,0.45795,1.29,1.19,2.88
Kepler-1370 c,Kepler-1370,1.27,2.1500000000000004,5.77,0.0,1075.0,503.72200000000015,7.441421130000001,0.08083999999999998,6202.0,0.45795,1.29,1.19,2.88
Kepler-1371 b,Kepler-1371,0.73,0.315,4.450000000000001,0.0,1015.0,414.76500000000004,3.4462039000000004,0.04214,5361.0,-0.19829,0.83,0.87,4.37
Kepler-1371 c,Kepler-1371,0.64,0.196,4.109999999999999,0.0,1216.0,853.2689999999998,2.00541269,0.02937,5361.0,-0.19829,0.83,0.87,4.37
Kepler-1372 b,Kepler-1372,1.27,2.1500000000000004,5.77,0.0,1655.0,2176.3580000000006,1.3115555679999997,0.024,5677.0,0.0124,0.97,0.9799999999999999,5.01
Kepler-1373 b,Kepler-1373,1.16,1.65,5.81,0.0,1887.0,8385.900000000007,1.2912327499999998,0.02598,6299.0,0.77358,1.33,1.22,2.51
Kepler-1374 b,Kepler-1374,2.29,5.860000000000001,2.6800000000000006,0.0,737.0,59.789,10.65276707,0.0918,5323.0,-0.36814,0.81,0.8500000000000001,4.47
Kepler-1375 b,Kepler-1375,1.74,3.6799999999999997,3.84,0.0,1543.0,2948.362000000001,3.3004191999999994,0.0471,6704.0,0.82249,1.7800000000000002,1.4700000000000002,1.66
Kepler-1376 b,Kepler-1376,1.05,1.16,5.51,0.0,1042.0,278.902,5.30880656,0.0598,5659.0,-0.07062,0.97,0.9799999999999999,4.68
Kepler-1377 b,Kepler-1377,1.25,2.1,5.910000000000001,0.0,1873.0,2909.209999999999,0.7409284220000001,0.0153,5218.0,-0.29327,0.8200000000000001,0.86,5.01
Kepler-1378 b,Kepler-1378,2.2,5.480000000000001,2.8300000000000005,0.0,525.0,14.867,11.953989360000001,0.0885,4407.0,-0.90346,0.67,0.7,6.46
Kepler-1379 b,Kepler-1379,1.3,2.24,5.6,0.0,1564.0,1600.0490000000004,0.881841146,0.0171,5188.0,-0.40329,0.79,0.83,5.01
Kepler-138 b,Kepler-138,0.64,0.07,1.7000000000000002,0.02,452.0,9.9,10.313399999999998,0.0753,3841.0,-1.25181,0.535,0.535,2.21
Kepler-138 c,Kepler-138,1.51,2.3,3.6000000000000005,0.017,410.0,6.800000000000002,13.7815,0.0913,3841.0,-1.25181,0.535,0.535,2.21
Kepler-138 d,Kepler-138,1.51,2.1,3.6000000000000005,0.01,345.0,3.4000000000000004,23.092299999999998,0.1288,3841.0,-1.25181,0.535,0.535,2.21
Kepler-138 e,Kepler-138,0.797,0.42999999999999994,4.67,0.112,292.0,1.73,38.230000000000004,0.1803,3841.0,-1.25181,0.535,0.535,2.21
Kepler-1380 b,Kepler-1380,1.43,2.63,4.94,0.0,786.0,90.09999999999997,10.310824499999999,0.0917,5570.0,0.47259,0.94,0.9599999999999999,4.79
Kepler-1381 b,Kepler-1381,2.25,5.6899999999999995,2.74,0.0,649.0,29.701000000000004,25.384268600000006,0.17279999999999998,5747.0,-0.11708,0.94,0.9599999999999999,4.07
Kepler-1382 b,Kepler-1382,1.88,4.1899999999999995,3.4699999999999998,0.0,959.0,198.471,16.358305499999997,0.14023,6161.0,0.57225,1.72,1.3599999999999999,2.75
Kepler-1383 b,Kepler-1383,1.41,2.5699999999999994,5.040000000000001,0.0,928.0,231.396,13.909358300000001,0.11397,6370.0,0.56772,1.44,1.26,2.24
Kepler-1384 b,Kepler-1384,1.94,4.42,3.33,0.0,608.0,32.23,15.362627529999996,0.1126,4919.0,-0.539,0.74,0.78,4.57
Kepler-1385 b,Kepler-1385,0.85,0.543,4.86,0.0,1423.0,1591.4769999999999,2.8887986200000006,0.04262,5732.0,0.45032,1.29,1.15,4.37
Kepler-1386 b,Kepler-1386,1.24,2.07,5.970000000000001,0.0,1011.0,196.53300000000002,6.739723809999998,0.068,5733.0,0.00882,1.03,1.02,5.01
Kepler-1387 b,Kepler-1387,0.93,0.7490000000000001,5.12,0.0,1123.0,300.31199999999995,2.279526656,0.031,5046.0,-0.56045,0.77,0.8200000000000001,4.37
Kepler-1388 b,Kepler-1388,2.59,7.220000000000001,2.28,0.0,434.0,17.673999999999996,12.285460299999999,0.08820000000000001,4098.0,-1.1068,0.61,0.63,4.47
Kepler-1388 c,Kepler-1388,2.26,5.73,2.73,0.0,566.0,51.044000000000004,5.536081510000001,0.0519,4098.0,-1.1068,0.61,0.63,4.47
Kepler-1388 d,Kepler-1388,2.86,8.55,2.01,0.0,363.0,8.66,20.956815800000005,0.126,4098.0,-1.1068,0.61,0.63,4.47
Kepler-1388 e,Kepler-1388,2.46,6.619999999999999,2.44,0.0,299.0,3.9699999999999998,37.6327084,0.1861,4098.0,-1.1068,0.61,0.63,4.47
Kepler-1389 b,Kepler-1389,1.77,3.7800000000000002,3.7500000000000004,0.0,300.0,1.871,99.25309509999998,0.38249,5078.0,-0.53422,0.74,0.81,2.09
Kepler-139 b,Kepler-139,2.94,6.999999999999998,2.1694380000000004,0.0,752.0,64.78000000000002,15.771044000000003,0.127,5594.0,0.01598,1.3,1.078,5.1
Kepler-139 c,Kepler-139,3.38,13.000000000000004,8.702676999999998,0.0,350.0,3.0230000000000006,157.07287800000006,0.586,5594.0,0.01598,1.3,1.078,5.1
Kepler-139 d,Kepler-139,1.695,1.9999999999999996,5.270467,0.0,972.0,172.30000000000007,7.305699921999999,0.0755533961,5622.0,0.01598,1.045,1.078,5.1
Kepler-139 e,Kepler-139,13.7,378.0,0.808,0.013121,174.57,0.15829664059214962,2047.6353729999998,3.2357963899999995,5622.0,0.01598,1.045,1.078,5.1
Kepler-139 f,Kepler-139,6.67,36.0,0.6669999999999999,0.038991,490.8,17.568879801501936,355.0,0.102,5630.0,0.01598,1.045,1.078,2.82
Kepler-1390 b,Kepler-1390,1.18,1.7600000000000002,5.89,0.0,934.0,171.13299999999998,6.48021673,0.0662,5753.0,-0.10022,0.9799999999999999,0.9799999999999999,4.47
Kepler-1391 b,Kepler-1391,1.68,3.46,4.01,0.0,513.0,33.335,54.40923329999997,0.30045,5840.0,0.43939,1.1,1.03,5.5
Kepler-1392 b,Kepler-1392,1.96,4.5,3.2800000000000002,0.0,714.0,61.42,15.141039700000004,0.1189,5479.0,-0.231,0.8500000000000001,0.8800000000000001,4.68
Kepler-1393 b,Kepler-1393,0.8,0.43700000000000006,4.6899999999999995,0.0,1249.0,574.3699999999998,2.44357812,0.0337,5697.0,0.15136,0.9200000000000002,0.9500000000000001,3.47
Kepler-1394 b,Kepler-1394,1.39,2.5100000000000002,5.140000000000001,0.0,1947.0,2023.0050000000006,3.9376637299999997,0.05474,6481.0,0.81107,2.55,1.6399999999999997,1.91
Kepler-1395 b,Kepler-1395,0.8,0.43700000000000006,4.6899999999999995,0.0,1311.0,730.5309999999997,3.7847064899999996,0.04974,6138.0,0.27693,1.23,1.17,2.88
Kepler-1396 b,Kepler-1396,2.07,4.94,3.0599999999999996,0.0,786.0,71.81599999999997,18.2206421,0.1406,6195.0,0.20377,1.27,1.18,2.75
Kepler-1397 b,Kepler-1397,1.72,3.6100000000000003,3.9000000000000004,0.0,551.0,58.103000000000016,47.449955,0.25861,6026.0,0.59141,1.12,1.09,3.55
Kepler-1398 b,Kepler-1398,0.9,0.6660000000000001,5.02,0.0,1510.0,1249.4880000000003,2.78815679,0.03909,6126.0,0.31211,1.18,1.13,3.09
Kepler-1398 c,Kepler-1398,1.03,1.08,5.43,0.0,1324.0,738.1829999999998,4.138275950000001,0.05087,6126.0,0.31211,1.18,1.13,3.09
Kepler-1399 b,Kepler-1399,1.25,2.1,5.910000000000001,0.0,1610.0,1707.2520000000004,1.638653058,0.0276,5735.0,0.00959,0.9599999999999999,0.97,4.37
Kepler-14 b,Kepler-14,12.733,2669.66,7.100000000000001,0.035,1605.0,1029.5100000000004,6.7901229999999995,0.0771,6395.0,0.799,2.048,1.512,2.2
Kepler-140 b,Kepler-140,1.61,3.22,4.24,0.0,1301.0,848.695,3.2542699999999996,0.045,6077.0,0.25061,1.288,1.044,0.88
Kepler-140 c,Kepler-140,1.8,3.8900000000000006,3.67,0.0,428.0,9.957,91.353282,0.414,6077.0,0.25061,1.288,1.044,0.88
Kepler-1400 b,Kepler-1400,1.62,3.26,4.21,0.0,725.0,44.516999999999996,9.066894210000001,0.0771,5044.0,-0.57763,0.78,0.83,4.57
Kepler-1401 b,Kepler-1401,1.68,3.46,4.01,0.0,808.0,100.91000000000003,11.200664449999998,0.0975,5964.0,0.14,1.1,1.07,3.55
Kepler-1402 b,Kepler-1402,0.76,0.363,4.540000000000001,0.0,1789.0,2491.119000000001,2.03387914,0.0322,5416.0,0.44774,0.87,0.9,4.57
Kepler-1403 b,Kepler-1403,2.14,5.219999999999999,2.9299999999999997,0.0,1238.0,699.644,5.19492202,0.064,6060.0,0.37208,1.15,1.11,3.31
Kepler-1404 b,Kepler-1404,2.01,4.699999999999999,3.18,0.0,596.0,39.00099999999999,15.9314739,0.11429999999999998,5261.0,-0.37049,0.8,0.8400000000000001,4.57
Kepler-1405 b,Kepler-1405,3.96,14.900000000000004,1.32,0.0,565.0,33.80199999999999,28.227418399999994,0.1778,5925.0,0.02238,1.07,1.05,3.63
Kepler-1406 b,Kepler-1406,1.1,1.37,5.66,0.0,854.0,125.89000000000004,11.629058280000002,0.0987,5892.0,0.135,1.12,1.05,5.01
Kepler-1407 b,Kepler-1407,2.25,5.6899999999999995,2.74,0.0,826.0,78.667,20.071150399999997,0.1502,6010.0,0.27131,1.15,1.1,3.24
Kepler-1408 b,Kepler-1408,0.89,0.64,4.989999999999999,0.0,1616.0,1982.2680000000003,2.9979319100000006,0.04218,6170.0,0.57889,1.35,1.21,2.57
Kepler-1409 b,Kepler-1409,1.04,1.12,5.47,0.0,1733.0,1552.1330000000007,0.7648649260000001,0.01553,5160.0,-0.4219,0.79,0.83,4.79
Kepler-141 b,Kepler-141,0.69,0.257,4.3,0.0,968.0,228.66299999999995,3.107675,0.039,4910.0,-0.44625,0.7870000000000001,0.878,12.39
Kepler-141 c,Kepler-141,1.41,2.5699999999999994,5.040000000000001,0.0,738.0,77.41199999999999,7.010606000000001,0.067,4910.0,-0.44625,0.7870000000000001,0.878,12.39
Kepler-1410 b,Kepler-1410,1.78,3.8199999999999994,3.7200000000000006,0.0,290.0,1.06,60.86616799999999,0.2543,4092.0,-1.158,0.6000000000000001,0.63,4.07
Kepler-1411 b,Kepler-1411,2.82,8.35,2.0499999999999994,0.0,441.0,8.927,86.1150888,0.4001,5664.0,0.04081,0.9200000000000002,0.9500000000000001,4.17
Kepler-1412 b,Kepler-1412,0.83,0.49799999999999994,4.789999999999999,0.0,1397.0,1087.7809999999995,3.6146051,0.04608,5880.0,0.38332,1.27,1.06,6.31
Kepler-1413 b,Kepler-1413,1.82,3.9699999999999998,3.62,0.0,661.0,42.825,13.1829642,0.1066,5196.0,-0.39085,0.8,0.8400000000000001,4.68
Kepler-1414 b,Kepler-1414,1.23,2.04,6.02,0.0,1033.0,209.464,3.5157631500000006,0.0426,4951.0,-0.46384,0.75,0.8,4.68
Kepler-1415 b,Kepler-1415,1.29,2.21,5.66,0.0,1846.0,2138.079,0.6364240800000001,0.01416,5267.0,-0.29708,0.8400000000000001,0.89,4.17
Kepler-1416 b,Kepler-1416,0.88,0.615,4.96,0.0,1870.0,2658.5499999999993,1.49514952,0.0257,6019.0,0.28393,1.15,1.09,2.95
Kepler-1417 b,Kepler-1417,1.0,0.9719999999999999,5.34,0.0,695.0,114.332,20.350521300000004,0.14062,5839.0,0.39458,1.02,1.02,4.07
Kepler-1418 b,Kepler-1418,1.66,3.3899999999999997,4.07,0.0,419.0,7.290000000000002,22.476442499999997,0.131,4770.0,-0.616,0.7199999999999999,0.77,3.63
Kepler-1419 b,Kepler-1419,2.86,8.55,2.01,0.0,510.0,21.242999999999995,42.52158949999999,0.23909999999999998,5796.0,0.04229,1.01,1.01,4.37
Kepler-142 b,Kepler-142,1.99,4.619999999999999,3.22,0.0,1597.0,1247.9080000000004,2.024152,0.032,5790.0,0.10706,1.2690000000000001,0.9779999999999999,7.59
Kepler-142 c,Kepler-142,2.86,8.55,2.01,0.0,1201.0,399.444,4.761702,0.057,5790.0,0.10706,1.2690000000000001,0.9779999999999999,7.59
Kepler-142 d,Kepler-142,2.16,5.3100000000000005,2.8999999999999995,0.0,582.0,22.072000000000003,41.809118000000005,0.242,5790.0,0.10706,1.2690000000000001,0.9779999999999999,7.59
Kepler-1420 b,Kepler-1420,1.28,2.18,5.71,0.0,806.0,131.52600000000004,6.699600060000002,0.0671,5187.0,-0.23199,0.79,0.8200000000000001,4.9
Kepler-1421 b,Kepler-1421,0.93,0.7490000000000001,5.12,0.0,1209.0,649.1510000000001,6.913111200000001,0.07576,6335.0,0.59941,1.4199999999999997,1.25,2.75
Kepler-1422 b,Kepler-1422,2.02,4.74,3.16,0.0,833.0,156.89999999999995,18.6051942,0.1499,6194.0,0.44726,1.23,1.15,3.02
Kepler-1423 b,Kepler-1423,1.06,1.2,5.539999999999999,0.0,741.0,71.16000000000001,23.955378000000003,0.1586,4939.0,-0.52,0.75,0.79,4.68
Kepler-1424 b,Kepler-1424,1.16,1.65,5.81,0.0,629.0,58.6,29.609174399999997,0.19068,5838.0,0.27098,1.07,1.02,5.25
Kepler-1425 b,Kepler-1425,0.94,0.779,5.15,0.0,676.0,216.40500000000006,14.454130200000002,0.11435,5718.0,0.39762,0.9500000000000001,0.97,4.07
Kepler-1426 b,Kepler-1426,1.56,3.0500000000000003,4.41,0.0,797.0,95.21999999999998,14.2563227,0.1187,5831.0,0.0355,1.02,1.02,4.07
Kepler-1427 b,Kepler-1427,1.1,1.37,5.66,0.0,1844.0,2730.51,0.968972376,0.0197,5793.0,0.0156,1.01,1.01,4.07
Kepler-1428 b,Kepler-1428,1.64,3.33,4.15,0.0,1049.0,817.5790000000001,10.67607169,0.11051,6184.0,0.94388,1.3599999999999999,1.2800000000000002,2.04
Kepler-1429 b,Kepler-1429,1.29,2.21,5.66,0.0,1199.0,551.1559999999998,4.48487493,0.055,5902.0,0.13795,1.07,1.05,4.17
Kepler-143 b,Kepler-143,2.41,6.390000000000001,2.5100000000000002,0.0,838.0,118.33399999999996,16.007582999999997,0.127,5848.0,0.29363,1.359,0.9819999999999999,9.33
Kepler-143 c,Kepler-143,3.37,11.300000000000002,1.62,0.0,703.0,58.699999999999996,27.082511,0.181,5848.0,0.29363,1.359,0.9819999999999999,9.33
Kepler-1430 b,Kepler-1430,1.18,1.7600000000000002,5.89,0.0,969.0,208.54000000000008,2.4605099299999997,0.0304,4796.0,-0.81553,0.7199999999999999,0.77,2.09
Kepler-1431 b,Kepler-1431,1.47,2.76,4.769999999999999,0.0,1064.0,469.8190000000001,5.866015260000001,0.0648,5806.0,0.24349,1.03,1.03,4.27
Kepler-1432 b,Kepler-1432,2.22,5.5600000000000005,2.79,0.0,709.0,119.23700000000002,23.9109011,0.1696,6031.0,0.4492,1.13,1.09,3.47
Kepler-1433 b,Kepler-1433,1.56,3.0500000000000003,4.41,0.0,1226.0,535.4200000000001,4.13592271,0.0516,6097.0,0.247,1.19,1.14,3.02
Kepler-1434 b,Kepler-1434,1.11,1.4100000000000001,5.670000000000001,0.0,1320.0,925.2890000000001,8.053336179999999,0.0917,6291.0,0.86244,2.04,1.4700000000000002,2.57
Kepler-1435 b,Kepler-1435,0.86,0.5659999999999998,4.889999999999999,0.0,1331.0,893.8859999999997,4.45343281,0.05456,6356.0,0.4683,1.32,1.21,2.63
Kepler-1436 b,Kepler-1436,1.31,2.2700000000000005,5.55,0.0,1001.0,772.0790000000002,9.705715999999999,0.0907,5972.0,0.80118,1.09,1.06,3.8
Kepler-1437 b,Kepler-1437,1.37,2.45,5.24,0.0,770.0,83.13999999999999,10.929546100000003,0.0951,5557.0,0.31615,0.9,0.9300000000000002,4.57
Kepler-1438 b,Kepler-1438,0.94,0.779,5.15,0.0,1490.0,561.12,2.3194200900000004,0.0346,5530.0,0.12254,0.9599999999999999,0.97,5.37
Kepler-1439 b,Kepler-1439,1.46,2.73,4.82,0.0,420.0,9.080999999999998,8.07392849,0.0594,3578.0,-1.54394,0.42999999999999994,0.4600000000000001,4.07
Kepler-144 b,Kepler-144,1.33,2.33,5.44,0.0,1253.0,426.71900000000005,5.885273000000001,0.066,6075.0,0.28203,1.235,1.154,0.94
Kepler-144 c,Kepler-144,1.35,2.3900000000000006,5.34,0.0,1046.0,207.24700000000004,10.104665,0.094,6075.0,0.28203,1.235,1.154,0.94
Kepler-1440 b,Kepler-1440,1.26,2.13,5.849999999999999,0.0,597.0,44.727999999999994,39.859483999999995,0.23430999999999996,5698.0,0.37679,0.9599999999999999,0.9799999999999999,4.47
Kepler-1441 b,Kepler-1441,1.31,2.2700000000000005,5.55,0.0,682.0,33.04599999999999,39.4419839,0.2346,5802.0,0.32471,1.0,1.0,3.89
Kepler-1442 b,Kepler-1442,3.93,14.699999999999998,1.33,0.0,522.0,25.971999999999994,81.41629410000004,0.40814000000000006,6394.0,0.65109,1.44,1.34,1.7
Kepler-1443 b,Kepler-1443,0.97,0.8709999999999999,5.24,0.0,1602.0,2809.165000000001,2.41811321,0.03783,6289.0,0.56075,1.27,1.19,2.63
Kepler-1444 b,Kepler-1444,2.18,5.390000000000001,2.86,0.0,581.0,25.942,33.42035034,0.20906,5810.0,0.02131,1.05,1.03,4.79
Kepler-1445 b,Kepler-1445,0.96,0.8400000000000001,5.219999999999999,0.0,987.0,248.54800000000006,10.600522509999998,0.09587,6150.0,0.33963,1.26,1.13,3.8
Kepler-1446 b,Kepler-1446,0.82,0.477,4.75,0.0,1539.0,1213.3329999999996,0.689967832,0.01405,4865.0,-0.65135,0.75,0.81,2.63
Kepler-1447 b,Kepler-1447,2.9,8.750000000000002,1.97,0.0,522.0,10.349,56.674728500000015,0.2836,5722.0,-0.04217,0.9500000000000001,0.97,4.17
Kepler-1448 b,Kepler-1448,1.61,3.22,4.24,0.0,811.0,86.64499999999998,12.270658650000001,0.10579999999999999,5774.0,-0.06927,0.9300000000000002,0.9500000000000001,3.55
Kepler-1449 b,Kepler-1449,1.68,3.46,4.01,0.0,867.0,271.8849999999999,13.227452799999998,0.1176,5979.0,0.50864,1.1,1.08,3.47
Kepler-145 b,Kepler-145,2.65,37.1,13.000000000000004,0.43,873.0,154.70500000000004,22.951,0.17308,6022.0,0.69164,1.85,1.32,3.24
Kepler-145 c,Kepler-145,4.32,79.39999999999999,2.58,0.11,709.0,67.19300000000001,42.882000000000005,0.26244,6022.0,0.69164,1.85,1.32,3.24
Kepler-1450 b,Kepler-1450,1.71,3.57,3.92,0.0,308.0,3.0779999999999994,54.50941660000002,0.2401,4524.0,-0.7677,0.6800000000000002,0.71,4.37
Kepler-1451 b,Kepler-1451,3.35,11.2,1.6399999999999997,0.0,523.0,18.750999999999998,35.62223300000001,0.2101,5782.0,-0.11938,0.99,1.0,4.17
Kepler-1452 b,Kepler-1452,2.7,7.750000000000001,2.16,0.0,810.0,73.50100000000003,42.913751,0.25764,6101.0,0.72107,2.0599999999999996,1.4100000000000001,3.24
Kepler-1453 b,Kepler-1453,2.67,7.610000000000001,2.2,0.0,503.0,11.889000000000001,47.161169599999994,0.262,5665.0,-0.13974,0.94,0.97,4.27
Kepler-1454 b,Kepler-1454,1.88,4.1899999999999995,3.4699999999999998,0.0,492.0,9.079999999999998,47.03194789999999,0.2447,5448.0,-0.25509,0.86,0.9,4.57
Kepler-1455 b,Kepler-1455,2.16,5.3100000000000005,2.8999999999999995,0.0,298.0,1.533,49.27676399999999,0.2149,4075.0,-1.14066,0.6000000000000001,0.62,4.17
Kepler-1456 b,Kepler-1456,1.14,1.5499999999999998,5.749999999999999,0.0,433.0,8.233999999999998,18.137382900000002,0.1132,4231.0,-0.957,0.62,0.64,3.72
Kepler-1457 b,Kepler-1457,1.99,4.619999999999999,3.22,0.0,478.0,23.467999999999996,51.111024300000004,0.26391,5866.0,0.21547,1.01,1.01,3.72
Kepler-1458 b,Kepler-1458,2.76,8.05,2.1,0.0,493.0,8.293,47.987276400000006,0.24869,5653.0,-0.24032,0.94,0.9599999999999999,4.17
Kepler-1459 b,Kepler-1459,1.36,2.4200000000000004,5.29,0.0,349.0,3.5110000000000006,62.869161099999985,0.2829,4828.0,-0.52327,0.74,0.78,3.89
Kepler-146 b,Kepler-146,3.71,13.299999999999999,1.4300000000000002,0.0,639.0,32.89000000000001,31.158799,0.19999999999999998,5948.0,0.14794,1.208,1.079,0.91
Kepler-146 c,Kepler-146,3.13,9.96,1.7800000000000002,0.0,473.0,9.886999999999999,76.73217099999997,0.364,5948.0,0.14794,1.208,1.079,0.91
Kepler-1460 b,Kepler-1460,1.96,4.5,3.2800000000000002,0.0,391.0,5.468999999999999,29.963324700000005,0.1614,4422.0,-0.84407,0.67,0.7,3.98
Kepler-1461 b,Kepler-1461,2.03,4.78,3.14,0.0,451.0,8.879999999999999,29.349477500000003,0.1715,4919.0,-0.64483,0.74,0.79,3.24
Kepler-1462 b,Kepler-1462,3.82,14.0,1.3799999999999997,0.0,390.0,4.704000000000001,65.6488341,0.30940000000000006,5756.0,-0.31369,1.0,1.0,4.07
Kepler-1463 b,Kepler-1463,1.86,4.119999999999999,3.52,0.0,619.0,57.634,25.158640000000002,0.16939999999999997,5679.0,0.09195,0.9500000000000001,0.9599999999999999,4.79
Kepler-1464 b,Kepler-1464,1.66,3.3899999999999997,4.07,0.0,564.0,89.47299999999997,31.77859009999999,0.20066,5828.0,0.42978,1.01,1.02,3.89
Kepler-1464 c,Kepler-1464,1.0,0.9719999999999999,5.34,0.0,1023.0,968.5549999999998,5.327862920000001,0.06101,5828.0,0.42978,1.01,1.02,3.89
Kepler-1465 b,Kepler-1465,1.77,3.7800000000000002,3.7500000000000004,0.0,668.0,6.246,31.8277111,0.1939,4726.0,-0.65202,0.71,0.75,3.72
Kepler-1466 b,Kepler-1466,1.55,3.0200000000000005,4.460000000000001,0.0,585.0,21.875000000000004,31.17504479999999,0.17981,5884.0,-0.02273,1.02,1.01,3.89
Kepler-1467 b,Kepler-1467,3.3,10.9,1.6699999999999997,0.0,411.0,7.917,47.0569043,0.2388,5332.0,-0.35052,0.8200000000000001,0.86,4.37
Kepler-1468 b,Kepler-1468,1.73,3.64,3.8599999999999994,0.0,1093.0,481.352,8.23984869,0.0817,5893.0,0.53118,1.05,1.04,3.55
Kepler-1468 c,Kepler-1468,1.15,1.6000000000000003,5.78,0.0,1448.0,1479.567,3.5455302099999995,0.0466,5893.0,0.53118,1.05,1.04,3.55
Kepler-1468 d,Kepler-1468,3.33187146,11.100000000000001,1.65,0.0,819.0,52.769999999999996,19.59059906,0.1456,5794.0,0.53118,1.496,1.072,3.55
Kepler-1469 b,Kepler-1469,2.8,8.250000000000002,2.07,0.0,551.0,24.900999999999993,21.8635301,0.1466,5507.0,-0.2739,0.89,0.9200000000000002,4.47
Kepler-147 b,Kepler-147,1.53,2.9600000000000004,4.540000000000001,0.0,953.0,224.61000000000004,12.610584000000001,0.11299999999999999,6012.0,0.42733,1.468,1.145,5.5
Kepler-147 c,Kepler-147,2.43,6.4799999999999995,2.48,0.0,689.0,61.28699999999999,33.416422999999995,0.21600000000000003,6012.0,0.42733,1.468,1.145,5.5
Kepler-1470 b,Kepler-1470,1.07,1.2400000000000002,5.5600000000000005,0.0,574.0,23.918000000000006,16.295090300000002,0.116,4961.0,-0.48551,0.76,0.8,4.57
Kepler-1471 b,Kepler-1471,1.41,2.5699999999999994,5.040000000000001,0.0,1238.0,314.23299999999995,3.63899398,0.0453,5660.0,-0.19895,0.9300000000000002,0.9500000000000001,4.57
Kepler-1471 c,Kepler-1471,1.88,4.1899999999999995,3.4699999999999998,0.0,841.0,118.50000000000003,11.604488099999998,0.0981,5533.0,-0.19895,1.166,0.9339999999999999,4.57
Kepler-1472 b,Kepler-1472,1.9,4.27,3.42,0.0,613.0,57.078999999999986,38.131283100000005,0.2322,6159.0,0.42003,1.25,1.16,3.09
Kepler-1473 b,Kepler-1473,1.19,1.8100000000000003,5.9,0.0,783.0,111.01099999999998,14.427355099999998,0.11605999999999998,6046.0,0.19358,1.09,1.09,2.63
Kepler-1474 b,Kepler-1474,2.16,5.3100000000000005,2.8999999999999995,0.0,561.0,21.392000000000003,36.4333452,0.2108,5870.0,0.0291,1.04,1.04,3.8
Kepler-1475 b,Kepler-1475,2.92,8.850000000000001,1.9499999999999997,0.0,441.0,13.760000000000002,82.17737400000003,0.373,6214.0,0.25381,1.2800000000000002,1.18,2.82
Kepler-1476 b,Kepler-1476,1.67,3.43,4.05,0.0,860.0,75.64099999999998,10.358632239999999,0.0932,5663.0,-0.2429,0.9599999999999999,0.9799999999999999,4.57
Kepler-1477 b,Kepler-1477,1.18,1.7600000000000002,5.89,0.0,674.0,78.16300000000001,11.555300209999999,0.09110000000000001,5100.0,-0.19624,0.78,0.81,4.68
Kepler-1478 b,Kepler-1478,1.73,3.64,3.8599999999999994,0.0,598.0,85.28199999999997,26.0840594,0.1681,5904.0,0.30415,1.06,1.04,3.98
Kepler-1479 b,Kepler-1479,1.83,4.01,3.6000000000000005,0.0,746.0,98.57399999999998,14.53261362,0.11341,5796.0,0.14528,0.9799999999999999,0.99,4.27
Kepler-148 b,Kepler-148,1.8,3.8900000000000006,3.67,0.0,1284.0,609.0169999999999,1.7293659999999997,0.028,5272.0,-0.38342,0.851,0.86,11.2
Kepler-148 c,Kepler-148,3.6,12.600000000000001,1.48,0.0,957.0,187.197,4.1800429999999995,0.05,5272.0,-0.38342,0.851,0.86,11.2
Kepler-148 d,Kepler-148,8.68,56.300000000000004,0.473,0.0,413.0,6.532000000000001,51.846885749999984,0.2607,5172.0,-0.38342,0.81,0.86,4.68
Kepler-1480 b,Kepler-1480,1.67,3.43,4.05,0.0,721.0,16.316999999999997,22.126799479999995,0.1525,5156.0,-0.44868,0.81,0.8500000000000001,4.79
Kepler-1481 b,Kepler-1481,1.23,2.04,6.02,0.0,797.0,71.93999999999998,5.9422099799999994,0.059,4908.0,-0.58658,0.75,0.8,3.89
Kepler-1482 b,Kepler-1482,1.01,1.01,5.390000000000001,0.0,678.0,86.499,12.253832169999999,0.09968,5381.0,-0.08288,0.8400000000000001,0.8800000000000001,4.47
Kepler-1483 b,Kepler-1483,1.52,2.9199999999999995,4.57,0.0,1131.0,265.018,9.5085156,0.0958,6337.0,0.39403,1.4,1.25,2.4
Kepler-1484 b,Kepler-1484,2.11,5.1,2.98,0.0,624.0,35.92000000000001,30.454913599999998,0.1939,5730.0,0.79551,0.9200000000000002,0.94,3.98
Kepler-1485 b,Kepler-1485,1.47,2.76,4.769999999999999,0.0,728.0,85.17599999999996,19.915772499999996,0.14732,6087.0,0.28006,1.12,1.11,2.51
Kepler-1486 b,Kepler-1486,2.32,5.989999999999999,2.6400000000000006,0.0,538.0,22.372,54.64957590000003,0.2846,5965.0,0.31179,1.12,1.08,3.55
Kepler-1487 b,Kepler-1487,2.13,5.180000000000001,2.9500000000000006,0.0,1682.0,323.2939999999999,7.319463629999999,0.0898,6541.0,0.55664,1.63,1.3799999999999997,1.95
Kepler-1487 c,Kepler-1487,7.97,48.7,0.5289999999999999,0.0,991.0,227.6800000000001,35.800711199999995,0.2588,5745.0,0.55664,3.955,1.8009999999999997,1.95
Kepler-1488 b,Kepler-1488,1.86,4.119999999999999,3.52,0.0,650.0,73.33500000000002,39.81899320000001,0.24153,5820.0,0.58748,1.31,1.05,6.92
Kepler-1488 c,Kepler-1488,1.65156749,3.37,4.109999999999999,0.0,1212.0,760.5999999999997,6.158269882,0.06959,5710.0,0.58748,1.524,1.003,5.75
Kepler-1489 b,Kepler-1489,1.77,3.7800000000000002,3.7500000000000004,0.0,400.0,11.893,82.29475100000002,0.36789999999999995,5655.0,0.19764,0.9,0.9300000000000002,4.07
Kepler-1489 c,Kepler-1489,0.51,0.087,3.6000000000000005,0.03066,1690.7,2482.154046160735,0.680741,0.102,5565.53,0.19764,0.9570000000000001,0.9769999999999999,4.07
Kepler-149 b,Kepler-149,4.21,16.500000000000004,1.22,0.0,540.0,23.639999999999997,29.198943000000003,0.184,5381.0,-0.11929,0.9529999999999998,1.013,14.0
Kepler-149 c,Kepler-149,1.61,3.22,4.24,0.0,436.0,10.084,55.328328,0.281,5381.0,-0.11929,0.9529999999999998,1.013,14.0
Kepler-149 d,Kepler-149,3.96,14.900000000000004,1.32,0.0,306.0,2.4460000000000006,160.01803199999998,0.571,5381.0,-0.11929,0.9529999999999998,1.013,14.0
Kepler-1490 b,Kepler-1490,3.04,9.479999999999999,1.85,0.0,348.0,3.7879999999999994,92.43629730000004,0.3729,5515.0,-0.31879,0.87,0.9,4.57
Kepler-1491 b,Kepler-1491,1.51,2.89,4.61,0.0,821.0,138.10800000000006,16.586176199999997,0.127,5728.0,0.35471,0.99,1.0,4.57
Kepler-1491 c,Kepler-1491,2.44,6.529999999999999,2.4700000000000006,0.0,530.0,18.66,61.56976499999998,0.3045,5626.0,0.35471,1.3889999999999998,0.991,4.57
Kepler-1492 b,Kepler-1492,1.49,2.8300000000000005,4.699999999999999,0.0,801.0,11.523,16.75255007,0.1262,4712.0,-0.75433,0.7199999999999999,0.77,2.82
Kepler-1493 b,Kepler-1493,1.41,2.5699999999999994,5.040000000000001,0.0,874.0,137.90999999999997,15.0217983,0.1197,5863.0,0.249,1.29,1.06,6.46
Kepler-1494 b,Kepler-1494,3.07,9.640000000000002,1.8300000000000003,0.0,415.0,9.113,91.08048200000003,0.3982,5659.0,0.07901,0.94,0.9599999999999999,4.37
Kepler-1495 b,Kepler-1495,2.94,8.959999999999999,1.9400000000000002,0.0,443.0,9.1,85.27325600000002,0.3677,5831.0,0.0523,1.04,1.03,4.17
Kepler-1496 b,Kepler-1496,2.22,5.5600000000000005,2.79,0.0,535.0,18.382999999999996,64.6588017,0.3211,6182.0,0.3041,1.27,1.18,2.95
Kepler-1497 b,Kepler-1497,1.66,3.3899999999999997,4.07,0.0,924.0,172.38,8.74199772,0.0817,5675.0,-0.0734,0.9500000000000001,0.9599999999999999,4.27
Kepler-1498 b,Kepler-1498,1.33,2.33,5.44,0.0,564.0,9.86,48.05140500000001,0.2528,5256.0,-0.16563,0.81,0.86,4.17
Kepler-1499 b,Kepler-1499,1.19,1.8100000000000003,5.9,0.0,409.0,7.371000000000001,44.2008,0.23225,5097.0,-0.46443,0.78,0.8200000000000001,4.68
Kepler-15 b,Kepler-15,10.76,209.7599999999999,0.9300000000000002,0.06,1251.0,430.6770000000001,4.942782,0.05714,5515.0,-0.087,0.9920000000000001,1.018,3.7
Kepler-150 b,Kepler-150,1.25,2.1,5.910000000000001,0.0,1131.0,367.2620000000001,3.4280539999999995,0.044,5560.0,-0.16141,0.939,0.9559999999999998,1.74
Kepler-150 c,Kepler-150,3.69,13.2,1.44,0.0,876.0,132.09099999999998,7.381998,0.073,5560.0,-0.16141,0.939,0.9559999999999998,1.74
Kepler-150 d,Kepler-150,2.79,8.2,2.07,0.0,734.0,65.14199999999997,12.560929999999999,0.104,5560.0,-0.16141,0.939,0.9559999999999998,1.74
Kepler-150 e,Kepler-150,3.12,9.910000000000004,1.79,0.0,544.0,19.671,30.826556999999998,0.189,5560.0,-0.16141,0.939,0.9559999999999998,1.74
Kepler-150 f,Kepler-150,3.64,12.899999999999999,1.4700000000000002,0.1549,329.4,2.7576639434647228,637.2092999999999,1.2400000000000002,5528.0,-0.16141,0.905339,0.97,1.74
Kepler-1500 b,Kepler-1500,1.2,1.8700000000000003,5.950000000000001,0.0,928.0,131.818,15.0330105,0.1236,5845.0,0.27456,1.0,1.0,4.07
Kepler-1501 b,Kepler-1501,1.56,3.0500000000000003,4.41,0.0,787.0,100.00100000000005,14.556453299999996,0.11592,6229.0,0.20231,1.3,1.2,2.75
Kepler-1502 b,Kepler-1502,3.18,10.2,1.7400000000000002,0.0,608.0,77.32399999999997,41.7083629,0.2482,6666.0,0.74202,1.72,1.44,1.7
Kepler-1503 b,Kepler-1503,2.27,5.77,2.7100000000000004,0.0,321.0,5.636,96.16987000000002,0.3771,5069.0,-0.14398,0.74,0.77,5.13
Kepler-1504 b,Kepler-1504,2.13,5.180000000000001,2.9500000000000006,0.0,485.0,25.17000000000001,82.30400300000002,0.3704,5393.0,0.46829,0.81,0.8500000000000001,4.47
Kepler-1505 b,Kepler-1505,0.93,0.7490000000000001,5.12,0.0,525.0,36.121,30.86093659999999,0.18298,5686.0,0.14944,0.86,0.9300000000000002,1.7
Kepler-1506 b,Kepler-1506,1.32,2.3,5.5,0.0,783.0,235.80700000000002,14.0329154,0.11679999999999999,5676.0,0.42561,0.9300000000000002,0.9500000000000001,3.98
Kepler-1507 b,Kepler-1507,0.84,0.52,4.82,0.0,630.0,30.475999999999996,16.050621299999996,0.11945999999999998,5410.0,-0.32427,0.8500000000000001,0.89,4.57
Kepler-1508 b,Kepler-1508,1.33,2.33,5.44,0.0,967.0,116.14500000000004,20.7056504,0.16289999999999996,6158.0,0.53713,1.22,1.14,2.69
Kepler-1509 b,Kepler-1509,1.85,4.08,3.5399999999999996,0.0,667.0,83.08099999999996,25.4338197,0.17069999999999996,5780.0,0.39912,0.99,1.0,3.98
Kepler-151 b,Kepler-151,3.06,9.59,1.8399999999999999,0.0,639.0,40.728,15.228957999999999,0.116,5460.0,-0.33413,0.83,0.87,4.6
Kepler-151 c,Kepler-151,2.09,5.02,3.0200000000000005,0.0,544.0,21.406999999999996,24.674611999999996,0.16,5460.0,-0.33413,0.83,0.87,4.6
Kepler-1510 b,Kepler-1510,3.36,11.2,1.62,0.0,537.0,14.035999999999998,84.70392099999998,0.4089,6200.0,0.37703,1.2800000000000002,1.19,2.75
Kepler-1511 b,Kepler-1511,1.68,3.46,4.01,0.0,903.0,228.21899999999988,23.2382792,0.1753,6064.0,0.83813,1.29,1.17,3.31
Kepler-1512 b,Kepler-1512,1.18,1.7600000000000002,5.89,0.0,322.0,1.6000000000000003,20.359725989999998,0.13693,4372.0,-1.695,0.67,0.73,1.78
Kepler-1513 b,Kepler-1513,8.594,48.30991786,1.304,0.306,346.0,2.2299999999999995,160.88419999999996,0.5697100000000002,5491.0,-0.12901,0.9500000000000001,0.9430000000000001,7.0
Kepler-1513 c,Kepler-1513,11.0,84.54235626000002,0.349,0.125,354.4,4.072076751427804,841.4,0.102,5491.0,-0.12901,0.9500000000000001,0.9430000000000001,7.0
Kepler-1514 b,Kepler-1514,12.419572,1678.1423999999993,4.82,0.401,387.9,3.23,217.83184000000006,0.7529999999999999,6145.0,0.32838,1.2890000000000001,1.1960000000000002,2.9
Kepler-1514 c,Kepler-1514,1.1758241,1.7400000000000002,5.879999999999999,0.32,1066.0,193.0,10.514181000000002,0.0997,6145.0,0.32838,1.2890000000000001,1.1960000000000002,2.9
Kepler-1515 b,Kepler-1515,9.55,66.19999999999999,0.418,0.0,380.0,6.0169999999999995,214.31141640000004,0.7523500000000001,6511.0,0.56587,1.4100000000000001,1.3,1.82
Kepler-1516 b,Kepler-1516,1.75,3.71,3.8,0.0,967.0,615.2529999999998,7.259319790000002,0.0718,5904.0,0.44571,1.07,1.04,4.07
Kepler-1517 b,Kepler-1517,9.76,68.7,0.406,0.0,2336.0,1526.983,5.546083665,0.078,7010.0,0.87873,1.9499999999999997,1.58,1.38
Kepler-1518 b,Kepler-1518,3.05,9.53,1.85,0.0,1351.0,1079.4580000000005,5.11177904,0.0593,6846.0,0.69092,1.88,1.54,1.48
Kepler-1518 c,Kepler-1518,2.9,8.750000000000002,1.97,0.0,1094.0,338.33000000000004,9.6310258,0.0905,6432.0,0.69092,1.345,1.06,1.48
Kepler-1519 b,Kepler-1519,7.06,39.60000000000001,0.6180000000000001,0.0,342.0,3.9440000000000004,240.79893970000006,0.7655,5644.0,0.32617,0.91,0.94,3.98
Kepler-152 b,Kepler-152,2.79,8.2,2.07,0.0,551.0,21.084,18.207972999999996,0.124,5088.0,-0.46488,0.724,0.779,2.0
Kepler-152 c,Kepler-152,2.39,6.300000000000001,2.54,0.0,326.0,2.5699999999999994,88.25505499999998,0.356,5088.0,-0.46488,0.724,0.779,2.0
Kepler-1520 b,Kepler-1520,5.77,28.1,0.804,0.0,1437.0,1134.3860000000002,0.653553572,0.0129,4677.0,-0.67309,0.71,0.76,4.47
Kepler-1521 b,Kepler-1521,2.5,6.800000000000002,2.3900000000000006,0.0,391.0,5.122,47.14840804999999,0.23476,5042.0,-0.5691,0.76,0.81,4.47
Kepler-1522 b,Kepler-1522,1.73,3.64,3.8599999999999994,0.0,1374.0,1513.457,1.847889171,0.0288,5706.0,0.09172,0.9300000000000002,0.9599999999999999,3.89
Kepler-1523 b,Kepler-1523,1.58,3.12,4.35,0.0,1676.0,2218.1449999999995,0.93875077,0.01867,5708.0,-0.09894,0.9599999999999999,0.97,4.37
Kepler-1524 b,Kepler-1524,3.54,12.300000000000002,1.5200000000000002,0.0,438.0,8.442999999999998,70.9674603,0.3392,6179.0,-0.00637,1.25,1.17,2.88
Kepler-1525 b,Kepler-1525,0.91,0.6929999999999998,5.05,0.0,1343.0,715.106,2.416601183,0.03557,5748.0,-0.0112,1.04,1.07,2.82
Kepler-1526 b,Kepler-1526,2.43,6.4799999999999995,2.48,0.0,787.0,99.09700000000001,3.908632005,0.0418,4601.0,-0.70671,0.69,0.73,4.68
Kepler-1527 b,Kepler-1527,4.77,20.4,1.03,0.0,450.0,7.813,160.12991800000003,0.6276,6224.0,0.48222,1.32,1.21,2.82
Kepler-1528 b,Kepler-1528,1.46,2.73,4.82,0.0,1549.0,1106.8509999999997,1.7911102050000003,0.0296,5857.0,-0.06429,1.03,1.03,3.89
Kepler-1529 b,Kepler-1529,2.1,5.06,3.0,0.0,817.0,115.76499999999997,5.3390568599999995,0.0525,5048.0,-0.52049,0.77,0.81,4.79
Kepler-153 b,Kepler-153,2.92,8.850000000000001,1.9499999999999997,0.0,621.0,21.609,18.870227,0.129,5404.0,-0.4463,0.8920000000000001,0.756,13.8
Kepler-153 c,Kepler-153,2.53,6.9399999999999995,2.35,0.0,458.0,6.421999999999999,46.90232000000001,0.237,5404.0,-0.4463,0.8920000000000001,0.756,13.8
Kepler-1530 b,Kepler-1530,1.64,3.33,4.15,0.0,1484.0,353.5609999999999,2.5904434,0.03553,5477.0,-0.31086,0.8800000000000001,0.9200000000000002,4.27
Kepler-1530 c,Kepler-1530,1.65,3.36,4.109999999999999,0.0,1167.0,135.17900000000006,5.3227406,0.05744,5477.0,-0.31086,0.8800000000000001,0.9200000000000002,4.27
Kepler-1530 d,Kepler-1530,3.27870115,10.8,1.68,0.0,972.0,69.20000000000003,9.20761013,0.08276,5678.0,-0.31086,1.303,1.015,1.17
Kepler-1531 b,Kepler-1531,1.11,1.4100000000000001,5.670000000000001,0.0,2537.0,4457.200000000003,1.138543376,0.02204,6260.0,0.30365,1.27,1.16,2.82
Kepler-1532 b,Kepler-1532,1.35,2.3900000000000006,5.34,0.0,1681.0,1705.7620000000004,1.093663559,0.0206,5559.0,-0.14116,0.8800000000000001,0.91,4.27
Kepler-1533 b,Kepler-1533,3.46,11.799999999999999,1.5700000000000003,0.0,330.0,4.786,308.5470999999999,0.93416,6431.0,0.66241,1.5100000000000002,1.31,2.19
Kepler-1534 b,Kepler-1534,1.89,4.23,3.44,0.0,955.0,196.50999999999993,5.716688719999999,0.0599,5442.0,-0.233,0.86,0.9,4.57
Kepler-1535 b,Kepler-1535,2.55,7.040000000000001,2.33,0.0,384.0,5.384,138.94420000000002,0.5329,6021.0,0.16473,1.11,1.08,3.47
Kepler-1536 b,Kepler-1536,3.14,10.000000000000002,1.77,0.0,166.0,0.19299999999999998,364.75803099999985,0.8507,4434.0,-0.8224,0.67,0.71,2.95
Kepler-1537 b,Kepler-1537,1.18,1.7600000000000002,5.89,0.0,1800.0,713.1679999999998,1.444453798,0.0245,5079.0,-0.42348,0.77,0.81,5.01
Kepler-1538 b,Kepler-1538,2.82,8.35,2.0499999999999994,0.0,346.0,1.9889999999999999,175.13881899999998,0.6095,5837.0,-0.08496,1.03,1.03,4.37
Kepler-1539 b,Kepler-1539,2.7,7.750000000000001,2.16,0.0,301.0,1.572,133.30367409999997,0.4765,5176.0,-0.42607,0.8,0.8400000000000001,4.79
Kepler-154 b,Kepler-154,2.26,5.73,2.73,0.0,561.0,28.110000000000007,33.040532,0.198,5690.0,0.03322,1.001,0.933,8.91
Kepler-154 c,Kepler-154,2.95,9.009999999999998,1.9299999999999997,0.0,454.0,12.070999999999998,62.303275999999975,0.303,5690.0,0.03322,1.001,0.933,8.91
Kepler-154 d,Kepler-154,3.84,14.100000000000003,1.37,0.0,657.0,53.002,20.549818829999996,0.14354,5769.0,0.03322,0.9799999999999999,0.9799999999999999,4.47
Kepler-154 e,Kepler-154,1.5,2.86,4.66,0.0,1140.0,480.40500000000003,3.93276465,0.04766,5769.0,0.03322,0.9799999999999999,0.9799999999999999,4.47
Kepler-154 f,Kepler-154,1.5,2.86,4.66,0.0,838.0,139.88399999999993,9.919356840000003,0.08832,5769.0,0.03322,0.9799999999999999,0.9799999999999999,4.47
Kepler-1540 b,Kepler-1540,2.49,6.759999999999999,2.4100000000000006,0.0,266.0,0.8489999999999999,125.4131177,0.4426,4540.0,-0.81759,0.69,0.74,2.51
Kepler-1541 b,Kepler-1541,1.16,1.65,5.81,0.0,1048.0,75.56,8.406911989999998,0.07555,5282.0,-0.33627,0.81,0.86,4.47
Kepler-1542 b,Kepler-1542,0.76,0.363,4.540000000000001,0.0,1160.0,518.437,3.9511688199999995,0.04765,5564.0,0.07026,0.99,0.94,8.51
Kepler-1542 c,Kepler-1542,0.65,0.208,4.16,0.0,1287.0,786.0819999999999,2.89223021,0.0387,5564.0,0.07026,0.99,0.94,8.51
Kepler-1542 d,Kepler-1542,0.87,0.5900000000000001,4.92,0.0,1010.0,297.806,5.99273738,0.0629,5564.0,0.07026,0.99,0.94,8.51
Kepler-1542 e,Kepler-1542,0.76,0.363,4.540000000000001,0.0,1065.0,369.9990000000001,5.101157559999999,0.05649,5564.0,0.07026,0.99,0.94,8.51
Kepler-1543 b,Kepler-1543,2.71,7.800000000000002,2.1500000000000004,0.0,1774.0,375.65100000000007,6.967102690000001,0.0867,6561.0,0.48688,1.65,1.3899999999999997,1.91
Kepler-1544 b,Kepler-1544,1.78,3.8199999999999994,3.7200000000000006,0.0,269.0,0.833,168.81117399999997,0.54465,4886.0,-0.606,0.74,0.81,2.34
Kepler-1545 b,Kepler-1545,2.7,7.750000000000001,2.16,0.0,274.0,1.408,163.69234899999995,0.5442,5201.0,-0.27681,0.8,0.8400000000000001,4.47
Kepler-1546 b,Kepler-1546,3.13,9.96,1.7800000000000002,0.0,671.0,36.30199999999999,19.5974971,0.1366,5623.0,-0.12963,0.9300000000000002,0.9500000000000001,3.72
Kepler-1547 b,Kepler-1547,0.9,0.6660000000000001,5.02,0.0,3186.0,5760.943999999996,0.6929796760000001,0.01556,6078.0,0.22242,1.18,1.12,3.39
Kepler-1548 b,Kepler-1548,2.64,7.460000000000001,2.2299999999999995,0.0,350.0,1.9330000000000003,124.82867900000005,0.4679,5706.0,-0.30667,0.97,0.99,4.37
Kepler-1549 b,Kepler-1549,2.57,7.13,2.31,0.0,286.0,1.184,214.88654499999998,0.6687,5324.0,-0.27333,0.8400000000000001,0.8800000000000001,4.79
Kepler-155 b,Kepler-155,2.09,5.02,3.0200000000000005,0.0,614.0,23.500000000000007,5.931193999999999,0.056,4508.0,-1.21,0.62,0.635,2.9
Kepler-155 c,Kepler-155,2.24,5.65,2.76,0.0,286.0,1.2800000000000002,52.661793,0.242,4508.0,-1.21,0.62,0.635,2.9
Kepler-1550 b,Kepler-1550,3.02,9.380000000000003,1.8700000000000003,0.0,348.0,2.3049999999999997,225.58280899999994,0.7681,5991.0,0.11945,1.11,1.07,3.55
Kepler-1551 b,Kepler-1551,2.66,7.559999999999999,2.21,0.0,722.0,60.42099999999998,24.497369799999998,0.1772,6136.0,0.24402,1.22,1.14,2.88
Kepler-1552 b,Kepler-1552,2.47,6.660000000000002,2.43,0.0,268.0,1.8539999999999999,184.7718529999999,0.6011,5202.0,-0.20141,0.78,0.8500000000000001,3.31
Kepler-1553 b,Kepler-1553,1.15,1.6000000000000003,5.78,0.0,926.0,166.10599999999994,4.24261881,0.0481,5288.0,-0.33811,0.81,0.8500000000000001,4.57
Kepler-1554 b,Kepler-1554,2.9,8.750000000000002,1.97,0.0,288.0,1.014,198.088774,0.59527,5297.0,-0.39312,0.81,0.8400000000000001,4.68
Kepler-1555 b,Kepler-1555,1.61,3.22,4.24,0.0,959.0,483.262,8.10501635,0.0805,5866.0,0.38933,1.06,1.04,4.37
Kepler-1556 b,Kepler-1556,1.96,4.5,3.2800000000000002,0.0,797.0,92.13799999999998,8.827134569999998,0.0829,5608.0,-0.23063,0.9500000000000001,0.97,4.9
Kepler-1557 b,Kepler-1557,1.53,2.9600000000000004,4.540000000000001,0.0,1287.0,645.5429999999999,3.7403249599999997,0.049,6099.0,0.11938,1.17,1.11,3.31
Kepler-1558 b,Kepler-1558,0.68,0.244,4.259999999999999,0.0,1019.0,189.88599999999997,3.5047035800000006,0.04278,5101.0,-0.48006,0.79,0.83,4.9
Kepler-1559 b,Kepler-1559,0.72,0.299,4.3999999999999995,0.0,1609.0,1620.0629999999996,0.971915428,0.01835,5316.0,-0.27638,0.8200000000000001,0.86,4.27
Kepler-156 b,Kepler-156,2.3,5.9,2.66,0.0,867.0,135.07700000000003,4.973456,0.054,5094.0,-0.43985,0.8069999999999999,0.864,3.39
Kepler-156 c,Kepler-156,2.55,7.040000000000001,2.33,0.0,588.0,28.642000000000003,15.906801000000002,0.117,5094.0,-0.43985,0.8069999999999999,0.864,3.39
Kepler-1560 b,Kepler-1560,0.89,0.64,4.989999999999999,0.0,1269.0,593.9190000000002,3.0319574399999993,0.04175,5815.0,-0.03447,1.02,1.02,4.17
Kepler-1561 b,Kepler-1561,1.09,1.32,5.6,0.0,1682.0,2364.806999999999,1.005207007,0.0194,5957.0,-0.02044,1.11,1.07,3.39
Kepler-1562 b,Kepler-1562,3.55,12.300000000000002,1.5100000000000002,0.0,554.0,31.768000000000008,64.27377519999999,0.3308,5760.0,0.49073,1.05,1.02,4.79
Kepler-1563 b,Kepler-1563,0.75,0.347,4.52,0.0,1134.0,390.57000000000016,3.43276598,0.0442,5765.0,-0.0102,0.99,1.0,4.07
Kepler-1564 b,Kepler-1564,1.47,2.76,4.769999999999999,0.0,635.0,41.51400000000001,18.054038100000003,0.1327,5528.0,-0.13536,0.9,0.9300000000000002,4.57
Kepler-1565 b,Kepler-1565,1.19,1.8100000000000003,5.9,0.0,1234.0,510.56599999999986,1.538188437,0.0241,4940.0,-0.56447,0.73,0.76,5.62
Kepler-1566 b,Kepler-1566,0.79,0.418,4.66,0.0,1871.0,2340.984,0.539915238,0.01198,5254.0,-0.43675,0.81,0.8400000000000001,5.01
Kepler-1567 b,Kepler-1567,2.73,7.9,2.13,0.0,330.0,2.723,153.97957800000003,0.552,5655.0,-0.12183,0.9300000000000002,0.9500000000000001,4.17
Kepler-1568 b,Kepler-1568,1.3,2.24,5.6,0.0,729.0,72.56799999999998,20.925392,0.15157,5956.0,0.25777,1.19,1.09,4.57
Kepler-1569 b,Kepler-1569,1.68,3.46,4.01,0.0,1222.0,495.6519999999999,5.79180156,0.06669,6319.0,0.33545,1.4,1.25,2.45
Kepler-157 b,Kepler-157,1.32,2.3,5.5,0.0,1546.0,1572.3090000000002,1.7323420000000003,0.028,5774.0,0.09117,1.044,0.9500000000000001,7.59
Kepler-157 c,Kepler-157,2.24,5.65,2.76,0.0,779.0,101.75399999999999,13.540500000000002,0.11,5774.0,0.09117,1.044,0.9500000000000001,7.59
Kepler-157 d,Kepler-157,1.46,2.73,4.82,0.0,969.0,244.05799999999994,7.02573474,0.0706,5866.0,0.09117,1.03,1.02,4.07
Kepler-1570 b,Kepler-1570,1.07,1.2400000000000002,5.5600000000000005,0.0,836.0,76.45700000000001,26.548955,0.16699,5550.0,0.41425,0.89,0.9200000000000002,4.17
Kepler-1571 b,Kepler-1571,1.52,2.9199999999999995,4.57,0.0,1476.0,757.1320000000003,3.38555488,0.04287,6297.0,0.194,1.3899999999999997,1.23,2.34
Kepler-1572 b,Kepler-1572,0.94,0.779,5.15,0.0,1293.0,583.5229999999998,5.495486209999999,0.05838,5618.0,0.37265,0.9500000000000001,0.97,4.79
Kepler-1573 b,Kepler-1573,1.2,1.8700000000000003,5.950000000000001,0.0,1379.0,1343.114,2.6157554,0.0364,5808.0,0.16867,1.0,1.01,4.07
Kepler-1574 b,Kepler-1574,1.29,2.21,5.66,0.0,1003.0,289.778,6.9424334000000005,0.0743,5892.0,0.15604,1.08,1.06,3.8
Kepler-1575 b,Kepler-1575,1.31,2.2700000000000005,5.55,0.0,1312.0,803.6789999999999,2.5531421299999995,0.0366,5667.0,-0.03716,0.9200000000000002,0.9500000000000001,4.17
Kepler-1576 b,Kepler-1576,1.04,1.12,5.47,0.0,1059.0,156.60800000000003,6.98471973,0.07211,5876.0,-0.06329,1.06,1.05,4.07
Kepler-1577 b,Kepler-1577,1.13,1.5100000000000002,5.749999999999999,0.0,1125.0,57.751000000000026,6.30560247,0.0657,4862.0,-0.60727,0.74,0.78,4.27
Kepler-1578 b,Kepler-1578,1.04,1.12,5.47,0.0,1700.0,1486.438,1.4508869070000001,0.0252,5545.0,-0.16523,0.86,0.9,4.27
Kepler-1579 b,Kepler-1579,0.84,0.52,4.82,0.0,1139.0,396.6400000000001,0.849907889,0.014,4584.0,-0.94024,0.7,0.75,2.24
Kepler-158 b,Kepler-158,2.12,5.140000000000001,2.9600000000000004,0.0,500.0,13.634,16.709184000000004,0.11100000000000002,4623.0,-0.75667,0.624,0.655,13.9
Kepler-158 c,Kepler-158,1.9,4.27,3.42,0.0,418.0,6.677000000000001,28.551383,0.158,4623.0,-0.75667,0.624,0.655,13.9
Kepler-158 d,Kepler-158,0.43,0.0472,3.26,0.085,1201.87,362.6505148807154,0.645088,0.102,4895.97,-0.75667,0.668,0.656,13.9
Kepler-1580 b,Kepler-1580,2.11,5.1,2.98,0.0,733.0,83.088,56.644927900000006,0.33571,6228.0,0.92628,2.1500000000000004,1.4700000000000002,2.75
Kepler-1581 b,Kepler-1581,0.8,0.43700000000000006,4.6899999999999995,0.0,1108.0,470.86199999999997,6.2838549100000005,0.06865,6022.0,0.39085,1.23,1.12,4.17
Kepler-1582 b,Kepler-1582,1.49,2.8300000000000005,4.699999999999999,0.0,354.0,2.5,4.83817712,0.0316,3208.0,-2.38864,0.3,0.28,7.76
Kepler-1583 b,Kepler-1583,0.6,0.156,3.9699999999999998,0.0,788.0,124.30700000000004,9.32807355,0.08307,5645.0,-0.01774,0.91,0.94,4.27
Kepler-1584 b,Kepler-1584,1.61,3.22,4.24,0.0,886.0,162.54400000000004,13.3997099,0.11679999999999999,6069.0,0.25226,1.13,1.1,3.31
Kepler-1585 b,Kepler-1585,1.79,3.8599999999999994,3.7,0.0,1064.0,182.94100000000003,3.5827463,0.0445,5538.0,-0.43354,0.91,0.94,4.37
Kepler-1586 b,Kepler-1586,1.52,2.9199999999999995,4.57,0.0,1013.0,105.77099999999999,15.6049212,0.12208000000000001,6681.0,0.18311,1.75,1.45,1.7
Kepler-1587 b,Kepler-1587,1.33,2.33,5.44,0.0,981.0,254.70099999999994,9.406046699999997,0.08747,5933.0,0.32586,1.22,1.08,5.01
Kepler-1588 b,Kepler-1588,0.76,0.363,4.540000000000001,0.0,925.0,359.7900000000001,7.849317390000001,0.07419,5817.0,0.3203,0.99,0.9599999999999999,5.5
Kepler-1589 b,Kepler-1589,1.09,1.32,5.6,0.0,2102.0,5228.785000000002,0.9916652740000002,0.0205,6166.0,0.32934,1.25,1.18,2.75
Kepler-159 b,Kepler-159,2.38,6.26,2.55,0.0,447.0,33.46300000000001,10.139623000000002,0.082,4625.0,-0.75443,0.663,0.628,2.51
Kepler-159 c,Kepler-159,3.41,11.500000000000002,1.5900000000000003,0.0,275.0,4.791,43.595791999999996,0.21800000000000003,4625.0,-0.75443,0.663,0.628,2.51
Kepler-1590 b,Kepler-1590,1.14,1.5499999999999998,5.749999999999999,0.0,1020.0,171.47800000000007,7.61760804,0.07116,6053.0,0.06336,1.16,1.11,3.39
Kepler-1591 b,Kepler-1591,1.27,2.1500000000000004,5.77,0.0,892.0,439.4340000000002,8.185049489999999,0.0794,6082.0,0.43389,1.16,1.1,3.24
Kepler-1592 b,Kepler-1592,1.54,2.99,4.5,0.0,1202.0,1918.3400000000001,3.0571006900000004,0.04,6213.0,0.50716,1.2800000000000002,1.18,2.69
Kepler-1593 b,Kepler-1593,3.17,10.2,1.7600000000000002,0.0,260.0,0.889,174.50983500000007,0.55494,4995.0,-0.652,0.77,0.81,3.63
Kepler-1594 b,Kepler-1594,1.06,1.2,5.539999999999999,0.0,1360.0,672.4139999999999,2.71603809,0.0396,5946.0,-0.00032,1.08,1.06,3.89
Kepler-1595 b,Kepler-1595,1.23,2.04,6.02,0.0,980.0,185.56800000000004,4.56380468,0.051,5203.0,-0.36327,0.8,0.8400000000000001,4.68
Kepler-1596 b,Kepler-1596,1.9,4.27,3.42,0.0,471.0,33.378,66.37337900000001,0.3237,5706.0,0.43061,0.9200000000000002,0.9500000000000001,3.89
Kepler-1597 b,Kepler-1597,1.06,1.2,5.539999999999999,0.0,1497.0,1431.3109999999997,2.94654179,0.04136,6377.0,0.43429,1.3899999999999997,1.25,2.4
Kepler-1598 b,Kepler-1598,0.95,0.8090000000000002,5.180000000000001,0.0,1236.0,308.46000000000004,4.341951230000001,0.05207,5940.0,-0.03931,1.09,1.07,3.8
Kepler-1599 b,Kepler-1599,1.62,3.26,4.21,0.0,407.0,8.196,122.36355299999995,0.48230000000000006,5767.0,0.24119,0.99,0.99,4.27
Kepler-16 b,Kepler-16,8.4493,105.833,0.964,0.0069,336.71999999999997,2.9847527992825786,228.77600000000007,0.7048000000000001,4450.0,-0.90301,0.6489,0.6896999999999999,3.8
Kepler-160 b,Kepler-160,1.715,3.59,3.91,0.0,1134.0,396.6190000000002,4.309397,0.05511,5471.0,0.00432,1.118,1.003,6.03
Kepler-160 c,Kepler-160,3.76,13.600000000000001,1.4100000000000001,0.0,771.0,84.848,13.699429000000004,0.1192,5471.0,0.00432,1.118,1.003,6.03
Kepler-160 d,Kepler-160,2.8395539349999996,100.00000000000003,2.56,0.1995,629.983,26.21990158820593,30.0,0.16999999999999998,5471.0,0.00432,1.118,1.003,6.03
Kepler-1600 b,Kepler-1600,3.13,9.96,1.7800000000000002,0.0,209.0,0.4,386.37054800000016,0.98141,5214.0,-0.33945,0.8200000000000001,0.86,4.68
Kepler-1600 c,Kepler-1600,1.94206512,4.43,3.32,0.0,786.0,84.69999999999999,7.298049926999998,0.06961,5119.0,-0.33945,0.834,0.818,6.92
Kepler-1601 b,Kepler-1601,0.82,0.477,4.75,0.0,1507.0,999.7519999999998,2.2092195100000005,0.03281,5869.0,0.08501,1.07,1.04,4.27
Kepler-1602 b,Kepler-1602,1.34,2.36,5.390000000000001,0.0,1159.0,124.50700000000002,11.179316049999997,0.09744,6296.0,0.20142,1.3599999999999999,1.22,2.51
Kepler-1603 b,Kepler-1603,1.29,2.21,5.66,0.0,1522.0,1269.4599999999998,2.27163926,0.03509999999999999,6241.0,0.7055,1.31,1.21,2.82
Kepler-1604 b,Kepler-1604,1.41,2.5699999999999994,5.040000000000001,0.0,2023.0,1391.4000000000005,0.683684256,0.01406,4976.0,-0.52707,0.76,0.81,4.17
Kepler-1605 b,Kepler-1605,1.08,1.2800000000000002,5.58,0.0,528.0,16.734,85.75654949999999,0.36566999999999994,5280.0,0.42869,0.8200000000000001,0.86,4.68
Kepler-1606 b,Kepler-1606,2.07,4.94,3.0599999999999996,0.0,324.0,1.29,196.43522400000003,0.6421,5422.0,-0.171,0.86,0.9,4.27
Kepler-1607 b,Kepler-1607,0.92,0.7210000000000001,5.09,0.0,913.0,449.6320000000001,13.647367599999999,0.11978,6116.0,0.70881,1.21,1.14,3.16
Kepler-1608 b,Kepler-1608,1.73,3.64,3.8599999999999994,0.0,612.0,33.22,16.4735686,0.1126,4992.0,-0.537,0.7199999999999999,0.75,5.13
Kepler-1609 b,Kepler-1609,2.22,5.5600000000000005,2.79,0.0,429.0,12.975,114.34218999999996,0.4679,6132.0,0.48383,1.27,1.18,3.02
Kepler-161 b,Kepler-161,2.12,2.63,0.45000000000000007,0.0,868.0,123.39999999999996,4.921355,0.054,5078.0,-0.44679,0.8060000000000002,0.853,0.91
Kepler-161 c,Kepler-161,2.05,3.6100000000000003,1.31,0.0,769.0,76.201,7.064239999999998,0.068,5078.0,-0.44679,0.8060000000000002,0.853,0.91
Kepler-1610 b,Kepler-1610,1.61,3.22,4.24,0.0,750.0,56.21199999999999,8.701815740000002,0.0777,5383.0,-0.48291,0.87,0.91,4.68
Kepler-1610 c,Kepler-1610,2.09,5.02,3.0200000000000005,0.0,433.0,8.339999999999998,44.9851885,0.2323,5295.0,-0.48291,0.8,0.825,4.68
Kepler-1611 b,Kepler-1611,0.81,0.45699999999999996,4.73,0.0,1243.0,146.21999999999994,5.1762429,0.0586,5605.0,-0.113,0.9300000000000002,0.94,5.01
Kepler-1612 b,Kepler-1612,1.03,1.08,5.43,0.0,1030.0,269.2479999999999,3.9179510100000003,0.0482,5643.0,-0.18821,0.94,0.9599999999999999,4.57
Kepler-1613 b,Kepler-1613,2.08,4.98,3.04,0.0,1926.0,6797.623000000005,1.5184299,0.02755,6005.0,0.63777,1.12,1.08,3.55
Kepler-1614 b,Kepler-1614,1.49,2.8300000000000005,4.699999999999999,0.0,981.0,276.37299999999993,3.9466140999999997,0.0471,5121.0,-0.27096,0.76,0.79,5.5
Kepler-1615 b,Kepler-1615,2.06,4.9,3.08,0.0,658.0,31.171,47.3126192,0.2788,5865.0,0.38923,1.05,1.04,3.89
Kepler-1616 b,Kepler-1616,1.02,1.04,5.390000000000001,0.0,1337.0,724.8610000000001,6.762843770000002,0.07318,6266.0,0.63778,1.34,1.21,2.75
Kepler-1617 b,Kepler-1617,1.2,1.8700000000000003,5.950000000000001,0.0,736.0,64.689,27.4785572,0.17707,6167.0,0.34078,1.22,1.15,3.02
Kepler-1618 b,Kepler-1618,1.26,2.13,5.849999999999999,0.0,1267.0,903.9079999999997,6.10826019,0.07109000000000001,6620.0,0.69003,1.65,1.4100000000000001,1.78
Kepler-1619 b,Kepler-1619,0.76,0.363,4.540000000000001,0.0,797.0,74.635,23.622591300000003,0.15413,5852.0,0.32575,1.0,1.0,4.27
Kepler-162 b,Kepler-162,1.26,2.13,5.849999999999999,0.0,961.0,305.94600000000014,6.919798000000002,0.069,5816.0,0.1554,0.9580000000000001,1.053,4.57
Kepler-162 c,Kepler-162,3.03,9.429999999999998,1.8599999999999999,0.0,681.0,77.05199999999998,19.446355,0.137,5816.0,0.1554,0.9580000000000001,1.053,4.57
Kepler-1620 b,Kepler-1620,1.61,3.22,4.24,0.0,428.0,7.919999999999998,101.95182900000005,0.43220000000000003,6157.0,0.293,1.23,1.15,3.02
Kepler-1621 b,Kepler-1621,2.16,5.3100000000000005,2.8999999999999995,0.0,469.0,14.055,92.26371399999996,0.4204,6158.0,0.47822,1.2400000000000002,1.15,2.69
Kepler-1622 b,Kepler-1622,1.47,2.76,4.769999999999999,0.0,922.0,236.005,10.811873699999998,0.10136,6436.0,0.37304,1.5,1.31,2.19
Kepler-1623 b,Kepler-1623,1.31,2.2700000000000005,5.55,0.0,1000.0,243.08000000000004,4.36128348,0.0518,5772.0,-0.17154,1.0,1.0,4.27
Kepler-1624 b,Kepler-1624,5.7,27.6,0.8189999999999998,0.0,540.0,6.01,3.2903045179999997,0.0327,3636.0,-1.32262,0.4699999999999999,0.5,4.47
Kepler-1625 b,Kepler-1625,6.06,30.599999999999998,0.756,0.0,350.0,3.3,287.37894899999986,0.8776200000000001,5677.0,0.43696,0.94,0.9599999999999999,4.37
Kepler-1626 b,Kepler-1626,2.02,4.74,3.16,0.0,1352.0,1328.6539999999995,4.13962966,0.05369999999999999,6826.0,0.61079,1.85,1.5100000000000002,1.55
Kepler-1627 b,Kepler-1627,3.69,13.2,1.44,0.0,794.0,143.12,7.20283653,0.0643,5445.0,-0.30321,0.8400000000000001,0.87,4.68
Kepler-1628 b,Kepler-1628,6.43,33.8,0.6990000000000001,0.0,240.0,0.79,76.37803300000003,0.2952,3724.0,-1.33,0.52,0.55,5.13
Kepler-1629 b,Kepler-1629,0.77,0.381,4.59,0.0,1081.0,315.4569999999999,3.8759580700000003,0.0485,5776.0,-0.13437,1.01,1.01,4.27
Kepler-163 b,Kepler-163,1.05,1.16,5.51,0.0,906.0,115.61200000000002,7.810937000000002,0.078,5776.0,-0.13799,0.917,0.8819999999999999,4.27
Kepler-163 c,Kepler-163,2.26,5.73,2.73,0.0,648.0,30.237999999999996,21.347261999999997,0.152,5776.0,-0.13799,0.917,0.8819999999999999,4.27
Kepler-1630 b,Kepler-1630,2.19,5.43,2.8400000000000003,0.0,182.0,0.26,509.99740199999985,1.1218,4736.0,-0.6464,0.63,0.6599999999999999,5.01
Kepler-1631 b,Kepler-1631,1.35,2.3900000000000006,5.34,0.0,1122.0,446.91799999999995,4.09513932,0.0511,5679.0,0.00722,0.9500000000000001,0.97,4.17
Kepler-1632 b,Kepler-1632,2.47,6.660000000000002,2.43,0.0,369.0,6.061999999999999,448.30355799999984,0.6761999999999999,6137.0,0.40631,1.19,1.12,3.09
Kepler-1633 b,Kepler-1633,1.58,3.12,4.35,0.0,925.0,26.257999999999996,186.404271,0.3875,6256.0,0.64606,1.32,1.2,2.82
Kepler-1634 b,Kepler-1634,3.19,10.3,1.7400000000000002,0.0,282.0,0.544,374.876239,1.0525,5474.0,-0.26507,0.89,0.9200000000000002,4.47
Kepler-1635 b,Kepler-1635,3.64,12.899999999999999,1.4700000000000002,0.0,200.0,0.4,469.63111,1.12664,5347.0,-0.27981,0.8500000000000001,0.89,4.9
Kepler-1636 b,Kepler-1636,3.23,10.5,1.7099999999999997,0.0,248.0,1.217,425.47785000000005,1.12191,5797.0,0.23674,1.02,1.01,3.98
Kepler-1637 b,Kepler-1637,0.89,0.64,4.989999999999999,0.0,1093.0,337.78000000000003,6.10960324,0.0596,5789.0,0.0229,1.02,1.02,4.17
Kepler-1638 b,Kepler-1638,1.87,4.16,3.5000000000000004,0.0,304.0,2.76,259.3368299999999,0.745,5710.0,-0.114,0.9500000000000001,0.97,4.37
Kepler-1639 b,Kepler-1639,2.58,7.180000000000001,2.3,0.0,1003.0,187.84799999999996,9.878482000000002,0.0932,6150.0,0.14514,1.18,1.12,3.16
Kepler-164 b,Kepler-164,1.41,2.5699999999999994,5.040000000000001,0.0,1141.0,370.9220000000001,5.035029999999999,0.058,5888.0,0.11291,1.148,1.036,0.62
Kepler-164 c,Kepler-164,2.73,7.9,2.13,0.0,881.0,131.48700000000002,10.945723000000001,0.097,5888.0,0.11291,1.148,1.036,0.62
Kepler-164 d,Kepler-164,2.45,6.570000000000001,2.45,0.0,637.0,35.88999999999999,28.986768999999995,0.187,5888.0,0.11291,1.148,1.036,0.62
Kepler-164 e,Kepler-164,4.24,16.7,1.2,0.0,429.0,7.990000000000001,94.88690200000005,0.4025,5888.0,0.11291,1.097,0.966,0.62
Kepler-1640 b,Kepler-1640,4.82,20.7,1.02,0.0,1228.0,537.4000000000001,7.5844126,0.08359999999999998,6324.0,0.47,1.4300000000000002,1.27,2.4
Kepler-1641 b,Kepler-1641,3.11,9.849999999999998,1.8000000000000003,0.0,908.0,82.82799999999997,19.672266000000008,0.1473,6152.0,0.13083,1.19,1.12,3.02
Kepler-1641 c,Kepler-1641,2.95,9.009999999999998,1.9299999999999997,0.0,767.0,42.14500000000001,32.657212,0.2065,6152.0,0.13083,1.19,1.12,3.02
Kepler-1642 b,Kepler-1642,3.2,10.3,1.73,0.0,895.0,39.915000000000006,12.205751300000003,0.1016,5355.0,-0.40452,0.8400000000000001,0.8800000000000001,4.47
Kepler-1642 c,Kepler-1642,2.66,7.559999999999999,2.21,0.0,1095.0,89.632,6.651380200000002,0.0678,5355.0,-0.40452,0.8400000000000001,0.8800000000000001,4.47
Kepler-1643 b,Kepler-1643,2.32,5.989999999999999,2.6400000000000006,0.0,799.0,137.75300000000004,5.342657000000001,0.0531,4916.0,-0.47156,0.855,0.8450000000000001,0.046
Kepler-1644 b,Kepler-1644,1.88,4.1899999999999995,3.4699999999999998,0.0,606.0,31.859999999999992,21.090775799999996,0.142,5499.0,-0.215,0.86,0.89,4.27
Kepler-1645 b,Kepler-1645,1.78,3.8199999999999994,3.7200000000000006,0.0,754.0,138.538,16.1779561,0.1285,5812.0,0.33586,1.02,1.02,4.17
Kepler-1646 b,Kepler-1646,1.23,2.04,6.02,0.0,365.0,4.199999999999999,4.48558383,0.0295,3299.0,-1.77984,0.26,0.24,4.68
Kepler-1647 b,Kepler-1647,11.8739,483.0000000000002,1.5900000000000003,0.0581,369.6,4.063309794964428,1107.5922999999998,2.7204999999999995,6210.0,0.64425,1.7903,1.2207,4.4
Kepler-1649 b,Kepler-1649,1.017,1.03,5.379999999999999,0.0,307.0,2.208,8.689099000000002,0.0514,3240.0,-2.28735,0.2317,0.1977,4.789
Kepler-1649 c,Kepler-1649,1.06,1.2,5.539999999999999,0.0,234.0,0.75,19.535269999999997,0.0649,3240.0,-2.28735,0.2317,0.1977,4.6910099999999995
Kepler-165 b,Kepler-165,2.32,5.989999999999999,2.6400000000000006,0.0,716.0,59.798999999999985,8.180847999999997,0.072,5211.0,-0.4723,0.77,0.7460000000000001,10.5
Kepler-165 c,Kepler-165,2.23,5.6,2.7699999999999996,0.0,581.0,25.930999999999997,15.31299,0.11,5211.0,-0.4723,0.77,0.7460000000000001,10.5
Kepler-1650 b,Kepler-1650,0.96,0.8400000000000001,5.219999999999999,0.01,602.0,54.562,1.53818001,0.0167,3410.0,-1.871,0.3340000000000001,0.326,3.82
Kepler-1651 b,Kepler-1651,1.84,4.039999999999999,3.5599999999999996,0.13,393.0,5.65,9.87863917,0.0692,3713.0,-1.368,0.503,0.522,3.35
Kepler-1652 b,Kepler-1652,1.6,3.1899999999999995,4.279999999999999,0.0,268.0,0.81,38.09722,0.1654,3638.0,-1.638,0.382,0.404,3.2
Kepler-1653 b,Kepler-1653,2.17,5.3500000000000005,2.88,0.0,284.0,0.9799999999999999,140.25240000000002,0.4706,4807.0,-0.636,0.6929999999999998,0.719,7.7
Kepler-1654 b,Kepler-1654,9.180171,158.91500000000002,1.2,0.26,206.0,0.3,1047.8355999999999,2.026,5597.0,0.08991,1.179,1.011,5.0
Kepler-1655 b,Kepler-1655,2.213,5.4,2.72,0.19,938.0,129.10000000000002,11.8728787,0.10290000000000002,6148.0,0.14315,1.03,1.03,2.56
Kepler-1656 b,Kepler-1656,4.574,47.80000000000001,2.13,0.838,651.0,24.6,31.56200000000001,0.1974,5569.0,0.02083,1.1,1.03,6.31
Kepler-1656 c,Kepler-1656,14.0,126.39999999999996,0.253,0.527,523.6,68.42545164841327,1919.0000000000002,3.0530000000000004,5569.0,0.02083,1.1,1.03,6.31
Kepler-166 b,Kepler-166,2.27,5.77,2.7100000000000004,0.0,772.0,77.54300000000003,7.650254000000002,0.072,5413.0,-0.38508,0.742,0.8110000000000002,5.01
Kepler-166 c,Kepler-166,2.38,6.26,2.55,0.0,468.0,10.507,34.26028099999999,0.195,5413.0,-0.38508,0.742,0.8110000000000002,5.01
Kepler-166 d,Kepler-166,1.73,3.64,3.8599999999999994,0.0,1313.0,651.4089999999999,1.554003928,0.024489999999999998,5350.0,-0.38508,0.83,0.8800000000000001,4.47
Kepler-1660 AB b,Kepler-1660 A,12.9,1586.5994077399996,4.06,0.05541,573.0,28.070446035338982,239.5044,0.8,6305.24,0.66823,1.491,1.1366,3.1169999999999995
Kepler-1661 b,Kepler-1661,3.87,16.999999999999996,1.6000000000000003,0.057,243.0,0.8800000000000001,175.05999999999997,0.633,5100.0,-0.51299,0.762,0.841,2.0
Kepler-1663 b,Kepler-1663,3.30395896,10.9,1.6599999999999997,0.0,362.0,4.07,17.604599999999998,0.1072,3844.0,-1.10944,0.62859,0.610816,0.0
Kepler-1664 b,Kepler-1664,3.03320653,9.450000000000001,1.8599999999999999,0.0,776.0,85.45999999999998,14.386799999999997,0.1137,5735.81,0.0501,1.072,0.944,8.2
Kepler-1665 b,Kepler-1665,2.83910787,8.440000000000001,2.0299999999999994,0.0,906.0,40.400000000000006,11.954799999999999,0.096,5049.84,-0.45048,0.777785,0.842,13.9
Kepler-1666 b,Kepler-1666,2.88273782,8.66,1.99,0.0,672.0,48.230000000000004,25.8476,0.1761,6293.0,0.26839,1.14586,1.23,0.41
Kepler-1666 c,Kepler-1666,3.23564749,10.5,1.7000000000000002,0.0,578.0,26.340000000000003,40.7157,0.2383,6293.0,0.26839,1.14586,1.23,0.41
Kepler-1667 b,Kepler-1667,2.98385261,9.189999999999998,1.8999999999999997,0.0,655.0,9.299999999999999,83.57809999999998,0.35905,5941.54,0.12316,1.08751,1.09,4.7
Kepler-1668 b,Kepler-1668,4.34764405,17.4,1.16,0.0,721.0,63.79000000000003,15.434000000000001,0.124,5542.0,-0.05567,1.01738,0.9799999999999999,3.8805000000000005
Kepler-1669 b,Kepler-1669,2.78043818,8.15,2.08,0.0,530.0,18.66,9.512159999999998,0.0745,4303.0,-0.80265,0.7141450000000001,0.67,13.9
Kepler-1669 c,Kepler-1669,1.90120972,4.27,3.41,0.0,958.0,199.27999999999992,1.609320045,0.0228,4224.0,-0.80265,0.603,0.609,13.9
Kepler-1669 d,Kepler-1669,1.22,1.9799999999999998,5.989999999999999,0.0,669.0,47.29999999999999,4.729411769999999,0.0468,4224.0,-0.80265,0.603,0.609,13.9
Kepler-167 b,Kepler-167,1.718,3.6000000000000005,3.9000000000000004,0.0,918.0,122.50199999999998,4.3931539,0.04825,4884.0,-0.5391,0.7490000000000001,0.777,7.1
Kepler-167 c,Kepler-167,1.674,3.44,4.03,0.0,771.0,61.175000000000004,7.406106,0.0684,4884.0,-0.5391,0.7490000000000001,0.777,7.1
Kepler-167 d,Kepler-167,1.238,2.0599999999999996,5.970000000000001,0.0,538.0,14.488999999999999,21.803789999999992,0.1404,4884.0,-0.5391,0.7490000000000001,0.777,7.1
Kepler-167 e,Kepler-167,10.16,321.00669107000004,1.68,0.29,134.4,0.1,1071.2320499999996,1.8829999999999998,4884.0,-0.5391,0.7490000000000001,0.777,7.1
Kepler-1670 b,Kepler-1670,3.3564801,11.2,1.63,0.0,731.0,67.67,20.4998,0.1528,5838.0,0.3828,1.51889,1.05,0.3
Kepler-1671 b,Kepler-1671,1.32557381,2.3199999999999994,5.47,0.0,962.0,205.00000000000003,4.16787,0.04946,5135.55,-0.26621,0.9297710000000001,0.866,2.24
Kepler-1672 b,Kepler-1672,2.97022762,9.109999999999998,1.9099999999999997,0.0,423.0,4.3999999999999995,150.87800000000001,0.55374,6131.95,0.17867,1.08841,1.16,4.19
Kepler-1673 b,Kepler-1673,2.9355194,8.929999999999998,1.9400000000000002,0.0,611.0,30.499999999999993,33.788799999999995,0.21362999999999996,6014.95,0.17906,1.13166,1.11,1.62
Kepler-1674 b,Kepler-1674,3.2057749,10.399999999999999,1.73,0.0,417.0,7.13,62.561099999999996,0.3017000000000001,5473.91,-0.20584,0.877273,0.9599999999999999,0.5
Kepler-1675 b,Kepler-1675,3.12483349,9.93,1.79,0.0,465.0,11.799999999999999,63.03820000000002,0.32185,5853.19,0.12938,1.12865,1.06,1.7
Kepler-1676 b,Kepler-1676,3.3769596,11.300000000000002,1.6100000000000003,0.0,782.0,33.45000000000001,29.922099999999997,0.1954,5878.3,0.0835,1.06066,1.07,0.3
Kepler-1677 b,Kepler-1677,2.70216183,7.759999999999999,2.16,0.0,712.0,59.39999999999999,22.064,0.1599,6013.72,0.2648,1.24959,1.11,2.29
Kepler-1678 b,Kepler-1678,3.30422249,10.9,1.6599999999999997,0.0,329.0,2.7799999999999994,147.97400000000005,0.5302,5754.0,-0.16208,0.8349760000000002,1.03,0.3
Kepler-1679 b,Kepler-1679,2.0692036,4.93,3.0599999999999996,0.0,813.0,103.3,9.75376,0.0892,5501.0,-0.20132,0.8731959999999999,0.9599999999999999,0.4
Kepler-168 b,Kepler-168,1.46,2.73,4.82,0.0,1240.0,725.0639999999999,4.425390999999999,0.056,6282.0,0.36071,1.1069999999999998,1.113,2.29
Kepler-168 c,Kepler-168,2.69,7.700000000000002,2.17,0.0,862.0,169.00199999999995,13.193242,0.116,6282.0,0.36071,1.1069999999999998,1.113,2.29
Kepler-1680 b,Kepler-1680,1.35954736,2.4200000000000004,5.29,0.0,771.0,48.99999999999999,8.774239999999999,0.07642,5021.0,-0.52356,0.7232589999999999,0.834,13.8
Kepler-1681 b,Kepler-1681,2.55321772,7.049999999999999,2.33,0.0,442.0,5.33,69.89559999999999,0.32,5756.4,-0.2933,0.7590000000000001,0.893,3.3
Kepler-1682 b,Kepler-1682,2.88940836,8.699999999999998,1.9799999999999998,0.0,694.0,54.73999999999998,14.833400000000001,0.1134,5619.12,-0.1957,0.842301,0.99,5.7
Kepler-1683 b,Kepler-1683,1.87477762,4.17,3.48,0.0,669.0,47.32,15.0337,0.1182,5429.0,-0.19763,0.900327,0.9500000000000001,13.6
Kepler-1684 b,Kepler-1684,2.87084792,8.600000000000001,1.9999999999999996,0.0,347.0,3.42,47.70550000000001,0.2253,4706.54,-0.70657,0.6667549999999999,0.75,4.749999999999999
Kepler-1685 b,Kepler-1685,2.57673985,7.159999999999999,2.3,0.0,625.0,36.01,20.490500000000004,0.1485,5484.0,-0.24507,0.835451,0.9599999999999999,1.457
Kepler-1686 b,Kepler-1686,1.42553017,2.62,4.97,0.0,913.0,167.20000000000002,9.309869999999998,0.08827,5714.96,0.14075,1.1995099999999999,1.02,4.37
Kepler-1687 b,Kepler-1687,1.65623882,3.38,4.09,0.0,598.0,30.219999999999995,5.77954,0.0532,4132.0,-0.85865,0.726119,0.65,3.73
Kepler-1688 b,Kepler-1688,1.26174569,2.13,5.83,0.0,772.0,84.01000000000002,5.62012,0.0577,4632.11,-0.636,0.7460000000000001,0.8139999999999998,14.0
Kepler-1689 b,Kepler-1689,0.94678642,0.799,5.17,0.0,879.0,149.29999999999998,8.483,0.0784,5731.43,-0.01555,0.996208,1.023,2.5
Kepler-169 b,Kepler-169,1.13,1.5100000000000002,5.749999999999999,0.0,962.0,195.22100000000006,3.2506190000000004,0.04,4997.0,-0.49611,0.763,0.825,0.79
Kepler-169 c,Kepler-169,1.21,1.92,5.96,0.0,776.0,82.85299999999997,6.195468999999999,0.062,4997.0,-0.49611,0.763,0.825,0.79
Kepler-169 d,Kepler-169,1.25,2.1,5.910000000000001,0.0,702.0,55.53000000000001,8.348124999999998,0.075,4997.0,-0.49611,0.763,0.825,0.79
Kepler-169 e,Kepler-169,2.2,5.480000000000001,2.8300000000000005,0.0,595.0,28.548000000000002,13.767102000000003,0.105,4997.0,-0.49611,0.763,0.825,0.79
Kepler-169 f,Kepler-169,2.58,7.180000000000001,2.3,0.0,321.0,2.4389999999999996,87.09019499999997,0.359,4997.0,-0.49611,0.763,0.825,0.79
Kepler-1690 b,Kepler-1690,2.81109223,8.3,2.0499999999999994,0.0,267.0,1.2,234.63599999999994,0.7097,5404.0,-0.24308,0.8623459999999998,0.94,8.5
Kepler-1691 b,Kepler-1691,1.83470985,4.02,3.58,0.0,1283.0,641.5299999999997,3.8482,0.0495,6000.0,0.17462,1.13152,1.11,0.61
Kepler-1692 b,Kepler-1692,1.11177184,1.4199999999999997,5.680000000000001,0.0,897.0,153.48,5.9596599999999995,0.0646,5146.0,-0.32425,0.866139,0.87,6.1
Kepler-1693 b,Kepler-1693,1.28938413,2.21,5.670000000000001,0.0,807.0,100.36999999999996,12.0999,0.1011,5432.34,-0.21808,0.8782950000000002,0.9500000000000001,0.8
Kepler-1693 c,Kepler-1693,0.97698289,0.8939999999999999,5.269999999999999,0.0,1059.0,296.7300000000001,5.363709927,0.0588,5553.0,-0.21808,1.098,0.9410000000000001,0.8
Kepler-1694 b,Kepler-1694,1.17986031,1.7600000000000002,5.89,0.0,956.0,197.65999999999997,3.8952600000000004,0.0449,4954.0,-0.50811,0.756284,0.8200000000000001,0.7
Kepler-1695 b,Kepler-1695,1.11948901,1.46,5.720000000000001,0.0,957.0,198.5699999999999,4.732899999999999,0.0529,5473.19,-0.10357,0.9871549999999999,0.9599999999999999,0.5
Kepler-1696 b,Kepler-1696,2.80982017,8.290000000000001,2.0499999999999994,0.0,454.0,10.039999999999997,65.94089999999998,0.3244000000000001,5712.0,0.13884,1.19811,1.02,7.683000000000002
Kepler-1697 b,Kepler-1697,1.25954761,2.1200000000000006,5.83,0.0,630.0,37.3,33.496900000000004,0.2008,4681.53,-0.58813,0.7723439999999999,0.7470000000000001,6.837999999999999
Kepler-1698 b,Kepler-1698,1.07315686,1.25,5.5600000000000005,0.0,1351.0,697.6000000000001,1.2107,0.02065,4975.03,-0.51767,0.741698,0.822,1.66
Kepler-1699 b,Kepler-1699,1.56671124,3.08,4.3999999999999995,0.0,1010.0,245.6500000000001,3.49082,0.0418,5575.53,-0.339,0.7250000000000001,0.81,1.9639999999999997
Kepler-17 b,Kepler-17,14.68,778.6499999999999,1.35,0.011,1570.0,1481.7660000000003,1.4857108,0.02591,5781.0,0.01164,1.01034,1.04,1.8
Kepler-170 b,Kepler-170,3.2,82.6,13.899999999999997,0.0,899.0,136.52200000000005,7.930591999999999,0.08,5679.0,-0.05453,1.035,1.066,1.58
Kepler-170 c,Kepler-170,2.86,8.55,2.01,0.0,702.0,50.682,16.665863,0.131,5679.0,-0.05453,1.035,1.066,1.58
Kepler-1700 b,Kepler-1700,2.90129941,8.76,1.97,0.0,329.0,2.2,234.23899999999992,0.7609400000000001,6031.0,0.15405,1.0937,1.12,2.75
Kepler-1701 b,Kepler-1701,2.22186207,5.57,2.79,0.0,273.0,1.3,169.13399999999996,0.5738,5146.0,-0.35064,0.840217,0.87,1.29
Kepler-1702 b,Kepler-1702,1.60190793,3.2000000000000006,4.279999999999999,0.0,555.0,22.400000000000002,18.501199999999997,0.1275,5093.0,-0.49585,0.725742,0.8500000000000001,3.3299999999999996
Kepler-1704 b,Kepler-1704,11.94877343,1322.1661731199993,4.07,0.92,253.8,0.342,988.8811199999997,2.027,5746.0,0.45179,1.697,1.1319999999999997,7.4
Kepler-1705 b,Kepler-1705,2.03,4.47,2.977353,0.033,789.0,91.74000000000004,9.035020000000001,0.08,6312.0,0.35411,1.259,1.139,2.59
Kepler-1705 c,Kepler-1705,2.05,5.42,3.5287139999999995,0.028,918.6200000000001,203.5380732124686,11.279999999999998,0.102,6312.0,0.35411,1.259,1.139,2.59
Kepler-1708 b,Kepler-1708,9.96,1462.0106722000005,2.56,0.4,238.858,0.561,737.1131000000001,1.6399999999999997,6157.0,0.182,1.117,1.088,3.16
Kepler-1709 b,Kepler-1709,3.12424875,9.93,1.79,0.0,472.0,11.700000000000003,65.70459747000002,0.32704,5918.0,0.11547,1.043,1.003,2.34
Kepler-171 b,Kepler-171,2.34,6.080000000000001,2.6100000000000003,0.0,1053.0,304.17800000000005,4.1669719999999995,0.05,5642.0,-0.07917,0.839,0.9779999999999999,2.4
Kepler-171 c,Kepler-171,2.56,7.08,2.3199999999999994,0.0,752.0,78.90500000000002,11.463462000000002,0.098,5642.0,-0.07917,0.839,0.9779999999999999,2.4
Kepler-171 d,Kepler-171,1.89,4.23,3.44,0.0,497.0,15.103000000000002,39.59551900000001,0.223,5642.0,-0.07917,0.839,0.9779999999999999,2.4
Kepler-1710 b,Kepler-1710,3.19744103,3.49494179,1.11225,0.0,694.0,48.89999999999999,14.91110039,0.11583,5650.0,-0.14261,0.899,0.9319999999999999,2.69
Kepler-1711 b,Kepler-1711,1.923,4.359999999999999,3.37,0.0,669.0,47.39000000000001,21.060800550000003,0.1463,5706.0,0.00966,1.034,0.94,6.6
Kepler-1712 b,Kepler-1712,2.28372556,5.83,2.6899999999999995,0.0,391.0,5.52,13.814999580000002,0.0903,3732.0,-1.17916,0.509,0.515,1.03
Kepler-1713 b,Kepler-1713,1.71673535,3.59,3.9000000000000004,0.0,900.0,144.30000000000004,18.011600490000003,0.14185,6477.0,0.48598,1.459,1.3,3.72
Kepler-1714 b,Kepler-1714,3.26437302,10.7,1.69,0.0,1211.0,504.2999999999999,10.275300029999999,0.10549,6150.0,0.76008,2.086,1.448,2.29
Kepler-1715 b,Kepler-1715,4.14042267,16.0,1.2400000000000002,0.0,646.0,53.00000000000001,35.59730148,0.22428999999999996,6212.0,0.41691,1.209,1.082,3.47
Kepler-1716 b,Kepler-1716,2.4247685,6.46,2.49,0.0,408.0,6.300000000000001,35.58100128,0.18835999999999997,4894.0,-0.62363,0.684,0.7529999999999999,7.9
Kepler-1717 b,Kepler-1717,2.98929758,9.21,1.89,0.0,780.0,87.69000000000001,30.652799609999995,0.20139999999999997,6200.0,0.59298,1.6399999999999997,1.158,0.33
Kepler-1718 b,Kepler-1718,2.5685207,7.12,2.31,0.0,345.0,3.7,135.1880035,0.48418000000000005,5731.0,-0.0399,0.906,0.8460000000000001,10.72
Kepler-1719 b,Kepler-1719,3.95000623,14.799999999999997,1.32,0.0,1287.0,686.9,6.149559974999999,0.06868,5687.0,0.52557,1.7750000000000001,1.08,6.61
Kepler-172 b,Kepler-172,2.35,6.120000000000001,2.59,0.0,1256.0,639.4759999999998,2.940309,0.04,5526.0,-0.03187,1.085,1.081,2.69
Kepler-172 c,Kepler-172,2.86,8.55,2.01,0.0,970.0,227.225,6.388996000000001,0.068,5526.0,-0.03187,1.085,1.081,2.69
Kepler-172 d,Kepler-172,2.25,5.6899999999999995,2.74,0.0,736.0,75.29000000000003,14.627119000000002,0.118,5526.0,-0.03187,1.085,1.081,2.69
Kepler-172 e,Kepler-172,2.76,8.05,2.1,0.0,550.0,23.430999999999997,35.118736,0.21100000000000002,5526.0,-0.03187,1.085,1.081,2.69
Kepler-1720 b,Kepler-1720,3.21585295,10.399999999999999,1.72,0.0,697.0,55.86000000000001,12.706399919999999,0.1043,5573.0,-0.33619,0.839,0.939,0.5
Kepler-1721 b,Kepler-1721,3.11856756,9.9,1.79,0.0,924.0,172.60000000000002,4.592380047,0.0519,5351.0,-0.40675,0.796,0.89,0.7
Kepler-1722 b,Kepler-1722,2.86719266,8.580000000000002,1.9999999999999996,0.0,753.0,76.14000000000001,9.178569794,0.0819,5506.0,-0.16963,0.788,0.876,1.4
Kepler-1723 b,Kepler-1723,2.88046569,8.650000000000002,1.99,0.0,568.0,24.539999999999992,39.75289916999999,0.2249,6072.0,0.03393,1.01,0.9599999999999999,3.3
Kepler-1724 b,Kepler-1724,2.83677238,8.430000000000001,2.0299999999999994,0.0,999.0,234.98000000000008,6.45442009,0.0683,6092.0,0.05537,0.9430000000000001,1.016,0.3
Kepler-1725 b,Kepler-1725,2.8125177,8.31,2.0499999999999994,0.0,767.0,84.10000000000001,16.719900129999996,0.13263,6020.0,0.19852,1.085,1.049,0.89
Kepler-1726 b,Kepler-1726,2.50861954,6.839999999999998,2.3799999999999994,0.0,582.0,23.999999999999996,18.39629936,0.12794,5316.0,-0.36975,0.804,0.876,2.51
Kepler-1727 b,Kepler-1727,3.17321625,10.2,1.75,0.0,757.0,77.74999999999999,9.029299735999999,0.0796,5349.0,-0.25065,0.8200000000000001,0.8240000000000001,9.7
Kepler-1728 b,Kepler-1728,2.95501875,9.039999999999997,1.9299999999999997,0.0,886.0,145.47999999999993,4.782999991999999,0.0535,5170.0,-0.41612,0.8069999999999999,0.891,12.8
Kepler-1729 b,Kepler-1729,3.89404186,14.400000000000002,1.34,0.0,595.0,29.68,4.220970154000001,0.0418,3837.0,-0.66329,0.517,0.544,1.2
Kepler-173 b,Kepler-173,1.29,2.21,5.66,0.0,1179.0,599.4950000000001,4.263742,0.048,6031.0,0.07365,0.949,1.067,3.3
Kepler-173 c,Kepler-173,2.43,6.4799999999999995,2.48,0.0,956.0,258.41799999999995,8.005777000000002,0.074,6031.0,0.07365,0.949,1.067,3.3
Kepler-1730 b,Kepler-1730,4.48524519,18.4,1.12,0.0,833.0,113.75,13.810199740000002,0.11309999999999999,5942.0,0.07455,1.142,1.009,7.4
Kepler-1731 b,Kepler-1731,2.93295657,8.92,1.9400000000000002,0.0,486.0,13.299999999999999,21.761299130000005,0.1399,4859.0,-0.59961,0.7199999999999999,0.7809999999999999,2.14
Kepler-1732 b,Kepler-1732,4.09903273,15.700000000000003,1.25,0.0,699.0,27.050000000000004,32.31240082000001,0.2015,5821.0,0.29575,1.4939999999999998,1.043,2.0
Kepler-1733 b,Kepler-1733,3.63582354,12.800000000000002,1.46,0.0,1021.0,257.11,9.229579926,0.0933,6320.0,0.42985,1.2519999999999998,1.2729999999999997,0.2
Kepler-1734 b,Kepler-1734,3.08851092,9.739999999999998,1.82,0.0,985.0,222.91000000000003,6.796850204000002,0.0714,6061.0,0.14406,0.97,1.05,0.3
Kepler-1735 b,Kepler-1735,1.19429134,1.8399999999999999,5.9399999999999995,0.0,502.0,15.009999999999996,7.717929839999999,0.0621,3975.0,-1.19302,0.509,0.535,8.17
Kepler-1736 b,Kepler-1736,3.8765856,14.3,1.35,0.0,566.0,24.270000000000003,37.810298919999994,0.2188,6085.0,0.40206,0.9730000000000001,0.976,1.7
Kepler-1737 b,Kepler-1737,5.395,25.1,0.878,0.0,383.0,5.09,64.61750030999998,0.297,5043.0,-0.344,0.881,0.834,13.7
Kepler-1738 b,Kepler-1738,2.82472883,8.37,2.04,0.0,957.0,198.6699999999999,7.674630165000002,0.0781,6063.0,-0.00542,1.001,1.079,0.3
Kepler-1739 b,Kepler-1739,2.43056832,6.4799999999999995,2.48,0.0,839.0,117.50000000000003,7.343709945999998,0.0697,5757.0,-0.14011,0.762,0.865,0.4
Kepler-174 b,Kepler-174,1.96,4.5,3.2800000000000002,0.0,553.0,24.417999999999996,13.981789999999997,0.1,4880.0,-0.5704,0.622,0.602,4.9
Kepler-174 c,Kepler-174,1.49,2.8300000000000005,4.699999999999999,0.0,377.0,5.295999999999999,44.00052900000001,0.214,4880.0,-0.5704,0.622,0.602,4.9
Kepler-174 d,Kepler-174,2.19,5.43,2.8400000000000003,0.0,212.0,0.53,247.35372999999993,0.677,4880.0,-0.5704,0.622,0.602,4.9
Kepler-1740 b,Kepler-1740,3.32321414,11.0,1.65,0.0,858.0,127.95000000000003,8.172400475,0.0779,5705.0,-0.07942,0.905,0.9430000000000001,3.1441
Kepler-1741 b,Kepler-1741,1.273,2.16,5.749999999999999,0.0,615.0,33.79,2.7575900550000005,0.0296,3683.0,-1.24232,0.42400000000000004,0.45400000000000007,13.4
Kepler-1742 b,Kepler-1742,2.1782413,5.379999999999999,2.86,0.0,462.0,10.73,49.478199010000004,0.2587,5776.0,-0.18376,0.8489999999999999,0.939,0.5
Kepler-1743 b,Kepler-1743,1.59887007,3.18,4.279999999999999,0.0,1144.0,515.0,7.649710177999999,0.084,5855.0,0.59938,1.613,1.266,3.72
Kepler-1744 b,Kepler-1744,3.76754004,13.600000000000001,1.4,0.0,532.0,21.000000000000004,37.10110091999999,0.20945,5986.0,-0.09777,0.8500000000000001,0.886,7.76
Kepler-1745 b,Kepler-1745,1.92872921,4.380000000000001,3.3500000000000005,0.0,1449.0,1044.4899999999996,3.016190052,0.0408,5611.0,0.00651,1.4,0.9949999999999999,2.1
Kepler-1746 b,Kepler-1746,8.93504475,59.09999999999999,0.455,0.0,310.0,3.4000000000000004,321.21200559999994,0.9408200000000001,6018.0,0.496,1.286,1.09,5.75
Kepler-1747 b,Kepler-1747,4.26508,16.8,1.19,0.0,875.0,138.33000000000007,6.230319977000001,0.066,5477.0,-0.20529,0.865,0.983,0.7
Kepler-1748 b,Kepler-1748,2.71275017,7.81,2.1500000000000004,0.0,955.0,196.32999999999993,5.823520184000001,0.0615,5774.0,-0.34954,0.864,0.9159999999999999,2.4763
Kepler-1749 b,Kepler-1749,1.61301783,3.23,4.23,0.0,420.0,7.340000000000002,14.53409958,0.0956,3957.0,-0.94989,0.553,0.551,3.72
Kepler-175 b,Kepler-175,2.56,7.08,2.3199999999999994,0.0,827.0,129.63899999999995,11.903514999999999,0.105,6064.0,0.19402,1.01,0.969,3.39
Kepler-175 c,Kepler-175,3.1,9.8,1.8100000000000003,0.0,583.0,31.950000000000003,34.035257,0.213,6064.0,0.19402,1.01,0.969,3.39
Kepler-1750 b,Kepler-1750,6.00434637,30.1,0.764,0.0,298.0,1.85,205.91200260000005,0.6785000000000001,5644.0,0.06117,0.969,0.9810000000000001,0.5
Kepler-1751 b,Kepler-1751,1.82417378,3.9800000000000004,3.6000000000000005,0.0,984.0,221.46000000000004,7.017310143,0.0712,6052.0,0.03608,0.9670000000000001,0.974,1.9
Kepler-1752 b,Kepler-1752,4.54060463,18.699999999999996,1.1,0.0,419.0,7.290000000000002,56.358501429999976,0.2698,5446.0,-0.39819,0.821,0.8240000000000001,7.2
Kepler-1753 b,Kepler-1753,2.22678077,5.59,2.7799999999999994,0.0,583.0,27.409999999999997,16.004600520000004,0.1179,5180.0,-0.55992,0.769,0.86,6.2
Kepler-1754 b,Kepler-1754,2.43996509,6.529999999999999,2.4700000000000006,0.0,672.0,48.2,8.195949554,0.0718,4723.0,-0.61192,0.7470000000000001,0.734,7.44
Kepler-1755 b,Kepler-1755,5.91688317,29.4,0.78,0.0,631.0,37.43,24.81209946,0.1668,6086.0,0.27353,0.921,1.003,0.3
Kepler-1756 b,Kepler-1756,1.47199944,2.7699999999999996,4.769999999999999,0.0,1093.0,338.4000000000001,2.3557500840000003,0.031900000000000005,4915.0,-0.459,0.812,0.7809999999999999,13.7
Kepler-1757 b,Kepler-1757,2.94660251,8.99,1.9299999999999997,0.0,549.0,21.499999999999993,19.656400680000004,0.1335,5288.0,-0.36941,0.74,0.8279999999999998,0.7
Kepler-1758 b,Kepler-1758,2.57059831,7.13,2.31,0.0,1028.0,93.64,9.977210045,0.0919,5557.0,0.48544,1.616,1.035,0.4
Kepler-1759 b,Kepler-1759,0.9037791,0.6759999999999999,5.03,0.0,954.0,195.69999999999993,3.7202301030000005,0.0429,5017.0,-0.56331,0.797,0.76,13.8
Kepler-176 b,Kepler-176,1.43,290.537,179.0,0.0,841.0,123.80200000000002,5.433074,0.058,5232.0,-0.40427,0.891,0.86,2.45
Kepler-176 c,Kepler-176,2.6,1.33,0.487,0.0,633.0,39.63099999999999,12.759711999999999,0.102,5232.0,-0.40427,0.891,0.86,2.45
Kepler-176 d,Kepler-176,2.51,1.72,0.6000000000000001,0.0,501.0,15.536000000000001,25.751974000000004,0.163,5232.0,-0.40427,0.891,0.86,2.45
Kepler-176 e,Kepler-176,1.45,0.52075,0.041,0.0,398.0,6.22,51.16579,0.25654,5295.0,-0.40427,0.83,0.87,4.68
Kepler-1760 b,Kepler-1760,2.28995546,5.860000000000001,2.6800000000000006,0.0,480.0,12.559999999999999,38.326099400000004,0.2084,5229.0,-0.26,0.903,0.821,0.6
Kepler-1761 b,Kepler-1761,1.39109603,2.5100000000000002,5.12,0.0,613.0,33.339999999999996,4.043540001,0.0413,3871.0,-1.1701,0.532,0.573,3.9
Kepler-1762 b,Kepler-1762,2.76022913,8.05,2.1,0.0,714.0,61.49000000000002,29.539100649999995,0.204,6572.0,0.33126,1.238,1.2980000000000003,0.28
Kepler-1763 b,Kepler-1763,1.14651332,1.5900000000000003,5.800000000000001,0.0,1822.0,2597.27,1.480280042,0.0257,5897.0,0.27421,1.259,1.026,5.4
Kepler-1764 b,Kepler-1764,4.55527871,18.800000000000004,1.09,0.0,511.0,16.169999999999998,70.46829986999998,0.3512,6461.0,0.41465,1.131,1.162,0.24
Kepler-1765 b,Kepler-1765,2.49508857,6.780000000000001,2.4,0.0,855.0,126.48000000000002,10.418899539999998,0.0917,5692.0,-0.136,1.064,0.946,11.9
Kepler-1766 b,Kepler-1766,2.27904508,5.81,2.7000000000000006,0.0,406.0,7.800000000000002,105.01499940000002,0.4161,5868.0,0.17488,1.042,0.915,12.02
Kepler-1767 b,Kepler-1767,3.01299077,9.34,1.88,0.0,393.0,5.66,59.658298489999986,0.2873,5243.0,-0.50273,0.831,0.887,0.6
Kepler-1768 b,Kepler-1768,2.23346338,5.620000000000001,2.7699999999999996,0.0,933.0,179.16000000000003,15.135899540000002,0.1286,6050.0,0.28665,1.572,1.2400000000000002,4.208
Kepler-1769 b,Kepler-1769,4.465,18.199999999999996,1.12,0.0,483.0,8.9,89.19349669999997,0.40598,6071.0,0.21523,1.295,1.061,1.02
Kepler-177 b,Kepler-177,3.5,5.84,0.75,0.0,549.0,30.4,36.860099999999996,0.21101,5732.0,0.24,1.324,0.921,11.75
Kepler-177 c,Kepler-177,8.73,14.699999999999998,0.121,0.0,497.0,25.400000000000002,49.409259999999996,0.25655,5732.0,0.24,1.324,0.921,11.75
Kepler-1770 b,Kepler-1770,2.84141754,8.45,2.0200000000000005,0.0,699.0,56.43000000000002,16.84189987,0.1261,5602.0,-0.2091,1.009,0.9410000000000001,12.3
Kepler-1771 b,Kepler-1771,4.05537256,15.499999999999998,1.2800000000000002,0.0,391.0,5.51,88.64399718999998,0.3815,5661.0,-0.0924,0.9339999999999999,0.9410000000000001,0.8
Kepler-1772 b,Kepler-1772,2.68609988,7.68,2.18,0.0,1155.0,1485.0,3.2150900360000003,0.04391,5541.0,0.47201,0.9339999999999999,0.942,7.94
Kepler-1773 b,Kepler-1773,3.50469499,12.099999999999998,1.54,0.0,623.0,39.199999999999996,40.80970001000001,0.24831,6183.0,0.40462,1.3,1.241,2.91
Kepler-1774 b,Kepler-1774,3.18179549,10.2,1.7400000000000002,0.0,522.0,16.4,59.77080153999997,0.29496,6214.0,0.19049,1.122,1.101,2.5
Kepler-1775 b,Kepler-1775,3.64762153,12.899999999999999,1.46,0.0,522.0,9.9,85.65399933000002,0.39565,5818.0,0.24607,1.6469999999999998,1.149,2.57
Kepler-1776 b,Kepler-1776,2.61157023,7.329999999999999,2.26,0.0,603.0,29.89999999999999,35.01190186,0.2093,5872.0,0.16391,1.153,1.041,0.6
Kepler-1777 b,Kepler-1777,2.13189678,5.19,2.9400000000000004,0.0,819.0,71.3,12.184200290000001,0.10301,5771.0,-0.03321,1.068,0.984,0.46
Kepler-1778 b,Kepler-1778,3.01665969,9.359999999999998,1.8700000000000003,0.0,942.0,186.14,10.087400440000001,0.0956,6310.0,0.0978,1.095,1.143,0.3
Kepler-1779 b,Kepler-1779,3.03295685,9.440000000000001,1.8599999999999999,0.0,730.0,67.33999999999997,16.343599319999996,0.1264,5730.0,-0.04999,1.056,1.008,0.6
Kepler-178 b,Kepler-178,2.9,8.750000000000002,1.97,0.0,846.0,84.57099999999997,9.576694,0.085,5676.0,-0.20778,1.066,0.852,9.12
Kepler-178 c,Kepler-178,2.88,8.650000000000002,1.99,0.0,656.0,30.545999999999992,20.552802000000003,0.142,5676.0,-0.20778,1.066,0.852,9.12
Kepler-178 d,Kepler-178,3.95,14.799999999999997,1.32,0.0,392.0,3.874,96.678988,0.397,5676.0,-0.20778,1.066,0.852,9.12
Kepler-1780 b,Kepler-1780,3.60600667,12.7,1.49,0.0,340.0,3.14,109.44499970000001,0.4276,5403.0,-0.2166,0.8680000000000001,0.8680000000000001,0.6
Kepler-1781 b,Kepler-1781,2.38091029,6.26,2.55,0.0,1003.0,239.10999999999996,4.88752985,0.0574,5568.0,-0.36088,0.9570000000000001,1.053,0.9
Kepler-1782 b,Kepler-1782,2.22927435,5.6,2.7799999999999994,0.0,773.0,86.0,5.756229877000001,0.05825,4931.0,-0.55623,0.734,0.7940000000000002,2.88
Kepler-1783 b,Kepler-1783,1.31946731,2.3,5.5,0.0,1088.0,65.49999999999999,8.277440071,0.07595,5129.0,-0.45102,1.7809999999999997,0.887,1.15
Kepler-1784 b,Kepler-1784,2.79936489,8.239999999999998,2.0599999999999996,0.0,724.0,64.8,13.59049988,0.1072,5442.0,-0.12103,0.974,0.887,13.8
Kepler-1785 b,Kepler-1785,2.70422447,7.77,2.16,0.0,666.0,47.29999999999999,19.58550071999999,0.13917000000000002,5618.0,0.00308,0.996,0.9109999999999999,0.3
Kepler-1786 b,Kepler-1786,3.16305828,10.1,1.75,0.0,501.0,10.7,78.54609680000002,0.35722000000000004,5808.0,0.15863,1.397,1.058,7.76
Kepler-1787 b,Kepler-1787,2.31898181,5.989999999999999,2.6400000000000006,0.0,540.0,20.04,39.31370163,0.22700000000000004,6060.0,-0.0984,0.925,1.008,0.3
Kepler-1788 b,Kepler-1788,2.37850461,6.25,2.55,0.0,956.0,197.80999999999997,2.8001201149999995,0.0343,4786.0,-0.61055,0.704,0.6860000000000002,13.8
Kepler-1789 b,Kepler-1789,2.83137505,8.400000000000002,2.0299999999999994,0.0,380.0,4.91,80.23190308,0.35430000000000006,5436.0,-0.23129,0.8880000000000001,0.9200000000000002,4.5
Kepler-179 b,Kepler-179,1.64,3.33,4.15,0.0,1075.0,360.2620000000001,2.735926,0.036,5302.0,-0.27765,0.7590000000000001,0.893,1.74
Kepler-179 c,Kepler-179,2.0,4.66,3.2000000000000006,0.0,810.0,115.98300000000005,6.400129999999998,0.064,5302.0,-0.27765,0.7590000000000001,0.893,1.74
Kepler-1790 b,Kepler-1790,3.1446145,10.000000000000002,1.77,0.0,682.0,49.199999999999996,31.58889960999999,0.20989,5866.0,0.38334,1.3669999999999998,1.02,2.88
Kepler-1791 b,Kepler-1791,3.12103321,9.910000000000004,1.79,0.0,1021.0,257.13999999999993,7.720860004000001,0.0761,5887.0,0.176,1.1769999999999998,0.9850000000000001,3.73
Kepler-1792 b,Kepler-1792,2.51990972,6.890000000000001,2.37,0.0,1047.0,283.78,4.1957797999999995,0.0488,5229.0,-0.50826,1.005,0.878,7.4159999999999995
Kepler-1793 b,Kepler-1793,3.79037518,13.799999999999997,1.3899999999999997,0.0,713.0,61.24000000000002,8.779999733,0.0787,5191.0,-0.23389,0.764,0.8500000000000001,3.6
Kepler-1794 b,Kepler-1794,1.79426276,3.8700000000000006,3.6799999999999997,0.0,703.0,57.58999999999999,9.762980461,0.0821,5052.0,-0.6106,0.816,0.7729999999999999,14.0
Kepler-1795 b,Kepler-1795,1.66301611,3.4000000000000004,4.06,0.0,520.0,17.300000000000004,13.360199930000002,0.1002,4500.0,-0.757,0.688,0.768,5.8
Kepler-1796 b,Kepler-1796,2.75047868,8.000000000000002,2.1100000000000003,0.0,598.0,30.299999999999997,29.455799100000004,0.18790000000000004,6036.0,0.11795,0.949,1.018,0.4
Kepler-1797 b,Kepler-1797,3.05774442,9.580000000000002,1.8399999999999999,0.0,684.0,51.68000000000001,23.359399800000002,0.1637,6244.0,0.06183,1.009,1.069,0.4
Kepler-1798 b,Kepler-1798,2.30911251,5.9399999999999995,2.65,0.0,408.0,6.519999999999998,16.85589981,0.1082,3967.0,-0.95681,0.587,0.593,4.36
Kepler-1799 b,Kepler-1799,4.12801189,15.900000000000004,1.2400000000000002,0.0,770.0,83.03999999999999,11.9296999,0.1028,5831.0,0.31428,0.921,1.016,0.5
Kepler-18 b,Kepler-18,2.0,6.900000000000002,4.9,0.0,1165.0,355.735,3.5047249999999996,0.0447,5345.0,-0.031,1.108,0.9719999999999999,10.0
Kepler-18 c,Kepler-18,5.49,17.300000000000004,0.5900000000000001,0.0,899.0,126.08099999999999,7.641590000000001,0.0752,5345.0,-0.031,1.108,0.9719999999999999,10.0
Kepler-18 d,Kepler-18,6.98,16.4,0.27,0.0,720.0,51.922,14.858880000000001,0.1172,5345.0,-0.031,1.108,0.9719999999999999,10.0
Kepler-180 b,Kepler-180,1.5,2.86,4.66,0.0,781.0,72.11899999999999,13.817123999999998,0.109,5731.0,-0.13204,1.063,0.9500000000000001,9.7
Kepler-180 c,Kepler-180,3.01,9.32,1.88,0.0,540.0,16.423,41.88577500000001,0.22899999999999998,5731.0,-0.13204,1.063,0.9500000000000001,9.7
Kepler-1800 b,Kepler-1800,0.99679734,0.9609999999999999,5.33,0.0,1533.0,241.99999999999994,4.562029839,0.05098,5343.0,-0.18759,2.5060000000000002,1.33,11.75
Kepler-1801 b,Kepler-1801,2.70926154,7.800000000000002,2.16,0.0,829.0,111.52000000000004,10.440899849999997,0.0915,5738.0,-0.22269,0.9810000000000001,0.9360000000000002,8.1
Kepler-1801 c,Kepler-1801,2.91,8.8,1.96,0.0,371.0,4.47,116.583183,0.45720000000000005,5738.0,-0.22269,0.9810000000000001,0.9360000000000002,8.1
Kepler-1802 b,Kepler-1802,1.671,3.43,4.039999999999999,0.0,581.0,26.910000000000004,15.45020008,0.0662,4245.0,-0.925,0.637,0.649,13.9
Kepler-1802 c,Kepler-1802,2.322,6.0,2.63,0.0,357.0,3.8599999999999994,33.13610077,0.1748,4245.0,-0.925,0.637,0.649,13.9
Kepler-1804 b,Kepler-1804,1.59615726,3.18,4.3,0.0,913.0,164.61000000000007,12.288499830000001,0.1017,5109.0,-0.51152,1.6710000000000003,0.929,14.0
Kepler-1805 b,Kepler-1805,1.54502915,3.0,4.47,0.0,479.0,12.48,8.847940445000003,0.0699,3867.0,-1.17695,0.552,0.581,1.65
Kepler-1806 b,Kepler-1806,2.35560189,6.15,2.59,0.0,729.0,66.88999999999999,9.033320427,0.0813,5311.0,-0.43504,0.788,0.8840000000000001,0.6
Kepler-1807 b,Kepler-1807,2.70393215,7.77,2.16,0.0,1108.0,356.24,10.86060047,0.09880000000000001,6455.0,0.60255,1.496,1.087,2.95
Kepler-1808 b,Kepler-1808,3.02511302,9.4,1.8700000000000003,0.0,601.0,30.940000000000005,23.340400700000004,0.1467,5530.0,-0.06242,0.8920000000000001,0.7729999999999999,12.1
Kepler-1809 b,Kepler-1809,1.513,2.8999999999999995,4.6,0.0,877.0,158.2,3.7572999000000005,0.04444,4901.0,-0.47061,0.716,0.8069999999999999,1.55
Kepler-181 b,Kepler-181,1.27,2.1500000000000004,5.77,0.0,1041.0,255.584,3.137873,0.04,5333.0,-0.37878,0.7490000000000001,0.81,6.46
Kepler-181 c,Kepler-181,1.99,4.619999999999999,3.22,0.0,937.0,168.188,4.302149,0.049,5333.0,-0.37878,0.7490000000000001,0.81,6.46
Kepler-1810 b,Kepler-1810,3.91815325,14.599999999999998,1.33,0.0,380.0,4.91,101.13300319999999,0.4137,5492.0,-0.15834,1.016,0.921,4.5
Kepler-1811 b,Kepler-1811,3.84829873,14.100000000000003,1.3599999999999999,0.0,455.0,10.11,76.42230224999999,0.3462,5561.0,0.1541,1.19,0.946,0.4
Kepler-1812 b,Kepler-1812,2.3249424,6.01,2.63,0.0,1034.0,270.3400000000001,7.165219784000001,0.0765,6174.0,0.27988,1.103,1.162,1.0
Kepler-1813 b,Kepler-1813,1.413,2.58,5.03,0.0,1059.0,298.2000000000001,2.8181600570000005,0.0364,5167.0,-0.4,0.7870000000000001,0.812,2.3
Kepler-1814 b,Kepler-1814,2.36961357,6.21,2.56,0.0,1022.0,216.90000000000003,2.935359955,0.03765,4922.0,-0.50574,0.823,0.79,2.82
Kepler-1814 c,Kepler-1814,1.76,3.7500000000000004,3.7800000000000002,0.0,1711.0,2011.27,0.626281766,0.0133,4922.0,-0.50574,0.823,0.79,2.82
Kepler-1815 b,Kepler-1815,2.7489262,7.990000000000001,2.1100000000000003,0.0,763.0,80.01000000000003,12.191399570000002,0.09840000000000002,5516.0,-0.03006,0.9670000000000001,0.856,13.5
Kepler-1816 b,Kepler-1816,1.9679397,4.530000000000001,3.27,0.0,310.0,1.9999999999999996,91.50099945,0.35647,5051.0,-0.53145,0.7060000000000001,0.7859999999999999,0.7
Kepler-1817 b,Kepler-1817,2.27349126,5.789999999999999,2.7100000000000004,0.0,463.0,10.85,44.29919815,0.23479999999999998,5316.0,-0.38044,0.915,0.878,0.4
Kepler-1818 b,Kepler-1818,1.71360684,3.58,3.91,0.0,1209.0,504.23000000000013,4.644909859,0.055,6047.0,0.261,1.129,1.021,5.4
Kepler-1819 b,Kepler-1819,3.90351256,14.499999999999998,1.34,0.0,760.0,78.99,16.48690033,0.13370000000000004,6090.0,0.0865,1.071,1.173,0.4
Kepler-182 b,Kepler-182,2.58,7.180000000000001,2.3,0.0,935.0,239.7870000000001,9.825791999999998,0.096,6250.0,0.34366,1.146,1.1140000000000003,5.25
Kepler-182 c,Kepler-182,3.43,11.599999999999998,1.58,0.0,729.0,88.85200000000003,20.684342000000004,0.15699999999999997,6250.0,0.34366,1.146,1.1140000000000003,5.25
Kepler-1820 b,Kepler-1820,3.11883067,9.9,1.79,0.0,561.0,23.409999999999997,31.032499310000002,0.1964,5841.0,-0.02202,0.931,1.0469999999999997,0.4
Kepler-1821 b,Kepler-1821,2.59248115,7.239999999999999,2.28,0.0,644.0,40.61,16.458099369999996,0.1244,5475.0,-0.12374,0.8840000000000001,0.946,0.4
Kepler-1822 b,Kepler-1822,2.64755943,7.5,2.2199999999999998,0.0,507.0,15.650000000000004,22.13339996,0.1416,5165.0,-0.28559,0.702,0.782,0.8
Kepler-1823 b,Kepler-1823,2.0861268,5.0,3.0300000000000002,0.0,718.0,78.0,21.103399279999998,0.15332,6000.0,0.28744,1.126,1.068,1.88
Kepler-1824 b,Kepler-1824,2.38127597,6.26,2.55,0.0,421.0,7.450000000000001,95.61100006,0.4267,6002.0,0.171,1.081,1.1349999999999998,0.33
Kepler-1825 b,Kepler-1825,1.42200732,2.6100000000000003,4.989999999999999,0.0,1520.0,1264.6999999999996,1.025869966,0.0187,5123.0,-0.53158,0.847,0.8279999999999998,14.0
Kepler-1826 b,Kepler-1826,1.47519116,2.7799999999999994,4.759999999999999,0.0,806.0,99.32000000000002,1.615360022,0.0213,3821.0,-1.12218,0.486,0.49,5.62
Kepler-1827 b,Kepler-1827,1.85644292,4.1,3.52,0.0,1329.0,1113.4,3.700619936,0.04647,5423.0,0.187,1.404,0.915,10.96
Kepler-1828 b,Kepler-1828,2.11598626,5.13,2.98,0.0,799.0,96.26999999999998,10.2737999,0.09240000000000001,5806.0,-0.11128,0.899,0.996,0.4
Kepler-1829 b,Kepler-1829,2.47887001,6.710000000000001,2.4200000000000004,0.0,860.0,129.37,5.186719894000001,0.0559,5230.0,-0.39395,0.777,0.8729999999999999,4.4
Kepler-183 b,Kepler-183,2.06,4.9,3.08,0.0,1088.0,281.8449999999999,5.687944999999999,0.064,5888.0,0.026,0.9580000000000001,0.99,5.62
Kepler-183 c,Kepler-183,2.27,35.7,16.8,0.0,857.0,108.71699999999998,11.637071,0.103,5888.0,0.026,0.9580000000000001,0.99,5.62
Kepler-1830 b,Kepler-1830,3.32992941,11.100000000000001,1.65,0.0,681.0,35.800000000000004,56.49330139000001,0.31769,6160.0,0.63129,2.046,1.443,2.4
Kepler-1831 b,Kepler-1831,1.97019818,4.540000000000001,3.26,0.0,1051.0,288.6899999999999,5.783870220000001,0.0655,6063.0,-0.0455,1.012,1.117,0.3
Kepler-1832 b,Kepler-1832,1.22719556,2.0200000000000005,6.01,0.0,1022.0,257.32000000000005,3.138789892,0.037,5242.0,-0.33658,0.7220000000000001,0.684,14.0
Kepler-1833 b,Kepler-1833,1.30027362,2.24,5.6,0.0,1177.0,439.2,6.892129898,0.07545,6164.0,0.4374,1.4460000000000002,1.286,3.89
Kepler-1834 b,Kepler-1834,1.4593834,2.73,4.83,0.0,848.0,105.19999999999999,4.603010178,0.04911,4821.0,-0.57662,0.788,0.765,12.2
Kepler-1834 c,Kepler-1834,1.22,1.9799999999999998,5.989999999999999,0.0,1541.0,1334.2200000000005,0.7666915170000002,0.015,4821.0,-0.57662,0.788,0.765,12.2
Kepler-1835 b,Kepler-1835,3.53387773,12.2,1.5200000000000002,0.0,808.0,100.95999999999998,11.96409988,0.0997,5903.0,0.07829,0.9609999999999999,0.922,4.8
Kepler-1836 b,Kepler-1836,2.55303229,7.049999999999999,2.33,0.0,1093.0,338.15000000000003,5.254169941000001,0.0602,6123.0,0.01616,0.9869999999999999,1.053,1.2299999999999998
Kepler-1837 b,Kepler-1837,2.06673842,4.92,3.0599999999999996,0.0,1012.0,247.82999999999998,5.906089782999999,0.065,5966.0,-0.06826,0.9609999999999999,1.049,0.5
Kepler-1838 b,Kepler-1838,1.66049425,3.4000000000000004,4.08,0.0,1097.0,271.6000000000001,12.14680004,0.11082,5877.0,0.53674,1.9630000000000005,1.187,4.47
Kepler-1839 b,Kepler-1839,1.9493759,4.460000000000001,3.3100000000000005,0.0,1049.0,286.31999999999994,5.056759834000001,0.0583,5926.0,0.19174,0.939,1.03,0.4
Kepler-184 b,Kepler-184,2.36,6.17,2.58,0.0,780.0,70.361,10.687576,0.092,5788.0,-0.22509,0.8729999999999999,0.872,2.95
Kepler-184 c,Kepler-184,1.97,8.8,6.319999999999999,0.0,630.0,29.875,20.303005000000002,0.141,5788.0,-0.22509,0.8729999999999999,0.872,2.95
Kepler-184 d,Kepler-184,2.49,6.759999999999999,2.4100000000000006,0.0,559.0,18.556999999999995,29.022357999999997,0.179,5788.0,-0.22509,0.8729999999999999,0.872,2.95
Kepler-1840 b,Kepler-1840,2.77771129,8.13,2.08,0.0,284.0,1.3,131.19000239999994,0.4620600000000001,4898.0,-0.58706,0.8030000000000002,0.7740000000000001,14.0
Kepler-1841 b,Kepler-1841,1.48912557,2.8199999999999994,4.6899999999999995,0.0,542.0,20.349999999999998,25.88599968,0.1606,5190.0,-0.27843,0.899,0.823,11.6
Kepler-1842 b,Kepler-1842,2.35388681,6.14,2.59,0.0,822.0,108.06999999999996,14.026399610000002,0.116,5970.0,-0.02604,1.131,1.057,7.0
Kepler-1843 b,Kepler-1843,2.70909809,7.800000000000002,2.16,0.0,772.0,111.80000000000003,25.543399809999997,0.17871,5422.0,0.394,1.7819999999999998,1.02,6.17
Kepler-1844 b,Kepler-1844,3.03648191,9.459999999999999,1.8599999999999999,0.0,1074.0,314.2500000000001,3.924510002,0.0478,5776.0,0.22606,0.8489999999999999,0.939,6.991999999999999
Kepler-1845 b,Kepler-1845,2.43836702,6.519999999999998,2.4700000000000006,0.0,584.0,27.470000000000006,11.60649967,0.0885,4703.0,-0.57817,0.7009999999999998,0.6860000000000002,1.0
Kepler-1846 b,Kepler-1846,1.76378826,3.76,3.7699999999999996,0.0,552.0,24.499999999999996,14.820099829999998,0.11054,4825.0,-0.53047,0.732,0.785,14.0
Kepler-1847 b,Kepler-1847,2.74516914,7.969999999999999,2.1200000000000006,0.0,843.0,119.43999999999998,11.129699710000004,0.0989,6122.0,0.09941,0.964,1.041,0.4
Kepler-1848 b,Kepler-1848,1.4088539,2.5699999999999994,5.05,0.0,774.0,94.30000000000004,5.604020119000001,0.05835,4847.0,-0.51304,0.7370000000000001,0.756,1.82
Kepler-1849 b,Kepler-1849,2.38685349,6.290000000000001,2.54,0.0,355.0,3.76,57.29290008999999,0.2597,4806.0,-0.66231,0.7289999999999999,0.7090000000000001,13.5
Kepler-185 b,Kepler-185,1.17,1.7099999999999997,5.869999999999999,0.0,1237.0,475.50700000000006,1.6329000000000002,0.026,5208.0,-0.50448,0.8060000000000002,0.763,11.9
Kepler-185 c,Kepler-185,2.02,4.74,3.16,0.0,530.0,16.028999999999996,20.729042,0.139,5208.0,-0.50448,0.8060000000000002,0.763,11.9
Kepler-1850 b,Kepler-1850,0.72909663,0.31300000000000006,4.44,0.0,1008.0,245.15000000000006,1.385800004,0.0206,4239.0,-0.81005,0.6000000000000001,0.611,13.8
Kepler-1851 b,Kepler-1851,3.90012032,14.499999999999998,1.34,0.0,776.0,85.77999999999997,12.022899630000001,0.1016,5982.0,0.06007,0.8790000000000001,0.9670000000000001,0.3
Kepler-1852 b,Kepler-1852,1.88610592,4.22,3.46,0.0,760.0,79.10000000000002,7.970940113,0.0762,5237.0,-0.43168,0.8260000000000001,0.927,8.6
Kepler-1853 b,Kepler-1853,1.51862272,2.9199999999999995,4.58,0.0,386.0,5.2299999999999995,48.88819885000001,0.2395,4821.0,-0.56217,0.788,0.765,14.0
Kepler-1854 b,Kepler-1854,2.58746104,7.21,2.29,0.0,420.0,7.329999999999999,39.83110046,0.20894,5026.0,-0.479,0.7590000000000001,0.8,12.88
Kepler-1855 b,Kepler-1855,1.216205,1.96,5.989999999999999,0.0,849.0,86.97000000000003,0.7273309830000001,0.0115,3460.0,-1.2949,0.356,0.385,5.85
Kepler-1856 b,Kepler-1856,1.73447868,3.6600000000000006,3.8500000000000005,0.0,1344.0,772.7299999999998,1.302000046,0.0215,4948.0,-0.33065,0.816,0.782,10.9
Kepler-1857 b,Kepler-1857,1.96065412,4.5,3.2800000000000002,0.0,946.0,217.4,8.943409919999999,0.08308,6074.0,0.2052,1.005,0.8729999999999999,7.94
Kepler-1858 b,Kepler-1858,2.42168247,6.440000000000001,2.49,0.0,330.0,2.79,88.07160186999997,0.3575,4939.0,-0.45269,0.8189999999999998,0.785,0.7
Kepler-1859 b,Kepler-1859,1.58313575,3.13,4.330000000000001,0.0,1455.0,1056.1500000000005,2.729599953,0.0394,5887.0,0.15429,1.235,1.09,2.5
Kepler-1859 c,Kepler-1859,1.66,3.3899999999999997,4.07,0.0,1327.0,732.8200000000002,3.5964508100000003,0.0473,5887.0,0.15429,1.235,1.09,2.5
Kepler-186 b,Kepler-186,1.07,1.2400000000000002,5.5600000000000005,0.0,571.0,37.372,3.8867906999999997,0.0343,3788.0,-1.385,0.472,0.478,4.0
Kepler-186 c,Kepler-186,1.25,2.1,5.910000000000001,0.0,464.0,13.979999999999997,7.267302000000002,0.0451,3788.0,-1.385,0.472,0.478,4.0
Kepler-186 d,Kepler-186,1.4,2.54,5.09,0.0,379.0,7.204000000000001,13.342996000000003,0.0781,3788.0,-1.385,0.472,0.478,4.0
Kepler-186 e,Kepler-186,1.27,2.1500000000000004,5.77,0.0,319.0,3.6080000000000005,22.407703999999995,0.11,3788.0,-1.385,0.472,0.478,4.0
Kepler-186 f,Kepler-186,1.17,1.7099999999999997,5.869999999999999,0.04,177.0,0.3,129.94409999999996,0.432,3755.0,-1.26,0.523,0.544,4.0
Kepler-1860 b,Kepler-1860,1.13863767,1.5499999999999998,5.77,0.0,697.0,56.300000000000004,12.737199780000001,0.10625,5420.0,-0.18091,0.8680000000000001,0.8739999999999999,1.55
Kepler-1861 b,Kepler-1861,2.20677414,5.5,2.81,0.0,617.0,31.5,40.03060150000001,0.24082,5855.0,0.30017,1.3730000000000002,1.161,4.57
Kepler-1862 b,Kepler-1862,2.203,5.49,2.8199999999999994,0.0,645.0,41.04,16.05730057,0.1199,5644.0,-0.21515,0.8060000000000002,0.9,0.4
Kepler-1863 b,Kepler-1863,2.26309256,5.739999999999999,2.72,0.0,508.0,41.50000000000001,44.99760056000001,0.23678,5871.0,0.40952,0.983,1.097,12.02
Kepler-1864 b,Kepler-1864,0.75408365,0.353,4.52,0.0,1156.0,427.6,3.8815100189999994,0.049,5854.0,0.03004,0.9790000000000001,1.03,1.62
Kepler-1865 b,Kepler-1865,1.57686072,3.1100000000000003,4.359999999999999,0.0,1203.0,495.1400000000002,2.524009943,0.0344,5420.0,-0.32913,0.8709999999999999,0.8489999999999999,11.6
Kepler-1866 b,Kepler-1866,2.08215108,4.989999999999999,3.04,0.0,834.0,114.36000000000001,11.66009998,0.1016,5791.0,0.14386,1.083,1.03,0.3
Kepler-1867 b,Kepler-1867,1.15985997,1.65,5.81,0.0,768.0,82.32000000000002,9.887359618999998,0.0872,5693.0,0.21949,0.816,0.9109999999999999,0.5
Kepler-1868 b,Kepler-1868,3.14950109,10.1,1.7800000000000002,0.0,215.0,0.5,211.0339965999999,0.62348,4658.0,-0.66249,0.6860000000000002,0.7429999999999999,14.0
Kepler-1869 b,Kepler-1869,1.11955354,1.46,5.720000000000001,0.0,865.0,138.49999999999994,8.167360306,0.07976,5808.0,-0.05012,0.902,0.9869999999999999,1.29
Kepler-1869 c,Kepler-1869,0.74,0.33,4.47,0.0,1455.0,1056.8399999999997,1.716828304,0.028,5808.0,-0.05012,0.902,0.9869999999999999,1.29
Kepler-187 b,Kepler-187,1.41,2.5699999999999994,5.040000000000001,0.0,1244.0,902.2389999999997,4.938864,0.059,6105.0,0.49267,1.2870000000000001,1.081,6.46
Kepler-187 c,Kepler-187,2.67,7.610000000000001,2.2,0.0,963.0,324.1339999999999,10.640263000000001,0.099,6105.0,0.49267,1.2870000000000001,1.081,6.46
Kepler-1870 b,Kepler-1870,2.10143764,5.07,3.0,0.0,1046.0,287.6,3.6069400310000006,0.0452,5508.0,-0.22577,0.8400000000000001,0.955,0.79
Kepler-1871 b,Kepler-1871,2.42172881,6.440000000000001,2.49,0.0,1403.0,917.1500000000002,1.952700019,0.0308,5741.0,0.00294,0.946,1.02,5.7
Kepler-1872 b,Kepler-1872,2.38421141,6.279999999999999,2.55,0.0,1005.0,241.25,3.8259100910000003,0.0465,5223.0,-0.50562,0.8850000000000001,0.913,4.646
Kepler-1873 b,Kepler-1873,1.62573811,3.2800000000000002,4.1899999999999995,0.0,1787.0,2412.1500000000005,0.558842003,0.0128,5151.0,-0.40951,0.7919999999999999,0.903,1.0
Kepler-1874 b,Kepler-1874,2.21110724,5.52,2.81,0.0,356.0,3.7899999999999996,56.57320022999997,0.2633,4701.0,-0.577,0.7749999999999999,0.758,13.8
Kepler-1875 b,Kepler-1875,3.22686692,10.5,1.72,0.0,559.0,23.05,34.45859908999999,0.20389999999999997,6161.0,0.4066,0.862,0.9500000000000001,0.3
Kepler-1876 b,Kepler-1876,0.853,2.4,18.999999999999996,0.098,1299.0,475.00000000000017,6.992050000000001,0.0758,6104.0,0.42894,1.477,1.187,4.4
Kepler-1877 b,Kepler-1877,0.624086,0.179,4.05,0.0,1278.0,691.0999999999999,2.377569914,0.03472,5615.0,-0.07722,0.9360000000000002,1.022,4.9
Kepler-1878 b,Kepler-1878,2.92019781,8.86,1.96,0.0,1063.0,302.60000000000014,4.445879936,0.0521,5918.0,0.18689,0.865,0.9559999999999998,4.729
Kepler-1879 b,Kepler-1879,2.06512018,4.92,3.0700000000000003,0.0,987.0,242.60000000000002,10.613400459999998,0.0957,5865.0,0.38444,1.388,1.023,7.94
Kepler-188 b,Kepler-188,1.68,3.46,4.01,0.0,1463.0,1069.2349999999997,2.061897,0.032,6021.0,0.03447,1.141,1.021,5.8
Kepler-188 c,Kepler-188,3.19,10.3,1.7400000000000002,0.0,1025.0,257.34799999999996,5.996553,0.066,6021.0,0.03447,1.141,1.021,5.8
Kepler-1880 b,Kepler-1880,2.11686218,5.13,2.9700000000000006,0.0,606.0,31.730000000000004,6.309219836999999,0.054,4380.0,-0.76168,0.53,0.524,13.6
Kepler-1881 b,Kepler-1881,2.98104391,9.17,1.8999999999999997,0.0,289.0,1.5,159.39399720000003,0.53325,5135.0,-0.3067,0.8739999999999999,0.812,0.9
Kepler-1882 b,Kepler-1882,1.48674404,2.81,4.699999999999999,0.0,894.0,122.10000000000001,13.787300110000004,0.11636,5691.0,0.23674,1.4579999999999997,1.068,6.61
Kepler-1883 b,Kepler-1883,3.25107395,10.600000000000001,1.7000000000000002,0.0,416.0,7.08,103.42700200000004,0.4438,6208.0,-0.01559,1.024,1.086,1.812
Kepler-1884 b,Kepler-1884,1.81406781,3.95,3.64,0.0,864.0,131.91999999999996,8.988320350999999,0.0845,5984.0,0.27711,0.906,0.9929999999999999,0.3
Kepler-1885 b,Kepler-1885,1.51110555,2.89,4.6,0.0,1205.0,499.07,2.522559881,0.036,5591.0,-0.17642,0.86,0.9769999999999999,0.9
Kepler-1886 b,Kepler-1886,2.58158428,7.180000000000001,2.29,0.0,580.0,26.679999999999996,24.275800700000005,0.16,5745.0,-0.16101,0.8370000000000001,0.9280000000000002,1.9900000000000002
Kepler-1887 b,Kepler-1887,2.92454357,8.879999999999999,1.9499999999999997,0.0,625.0,36.14,19.94750023,0.1421,5749.0,-0.18953,0.864,0.9609999999999999,0.5
Kepler-1888 b,Kepler-1888,1.32578716,2.3199999999999994,5.47,0.0,886.0,145.67000000000004,11.39169979,0.0956,5557.0,0.37424,1.249,0.8969999999999999,11.3
Kepler-1889 b,Kepler-1889,2.94360686,8.980000000000002,1.9299999999999997,0.0,493.0,14.0,37.30369949000001,0.2082,5646.0,0.21977,0.817,0.864,7.075
Kepler-189 b,Kepler-189,1.21,1.92,5.96,0.0,678.0,45.388999999999996,10.399931000000002,0.08799999999999998,5235.0,-0.44774,0.75,0.8030000000000002,3.98
Kepler-189 c,Kepler-189,2.38,22.700000000000003,9.25,0.0,544.0,18.810999999999996,20.134865999999995,0.137,5235.0,-0.44774,0.75,0.8030000000000002,3.98
Kepler-1890 b,Kepler-1890,0.86867375,0.587,4.92,0.0,1328.0,493.00000000000017,4.820590019,0.05712,6046.0,0.26655,1.396,1.024,2.65
Kepler-1891 b,Kepler-1891,1.52139156,2.9299999999999997,4.57,0.0,1017.0,253.2799999999999,4.022290230000001,0.0473,5516.0,-0.23134,0.8270000000000001,0.8729999999999999,3.7
Kepler-1892 b,Kepler-1892,1.83707938,4.03,3.57,0.0,822.0,108.04000000000002,6.331230164,0.0633,5383.0,-0.30112,0.7590000000000001,0.851,0.5
Kepler-1893 b,Kepler-1893,1.70557445,3.5499999999999994,3.9299999999999997,0.0,1194.0,478.98000000000013,4.179369926,0.0504,5633.0,0.15984,1.162,0.9730000000000001,13.9
Kepler-1894 b,Kepler-1894,1.20117759,1.8700000000000003,5.93,0.0,1231.0,544.0500000000001,2.7626600269999995,0.0385,5772.0,-0.26976,0.9010000000000001,0.999,0.5
Kepler-1894 c,Kepler-1894,1.21,1.92,5.96,0.0,1007.0,243.05999999999992,5.0536898500000005,0.0576,5772.0,-0.26976,0.9010000000000001,0.999,0.5
Kepler-1895 b,Kepler-1895,2.11934728,5.140000000000001,2.9700000000000006,0.0,789.0,91.44999999999996,6.070290089,0.0615,5076.0,-0.22959,0.763,0.86,1.2
Kepler-1896 b,Kepler-1896,3.09935997,9.8,1.8100000000000003,0.0,536.0,19.5,44.87020111000001,0.2529,6122.0,0.17382,0.996,1.07,1.125
Kepler-1897 b,Kepler-1897,2.81407954,8.320000000000002,2.0499999999999994,0.0,505.0,15.430000000000003,24.22030067,0.1546,5165.0,-0.38987,0.7609999999999999,0.8590000000000001,4.2
Kepler-1898 b,Kepler-1898,0.93353523,0.76,5.13,0.0,1167.0,204.60000000000008,4.765620231999999,0.05063,5702.0,-0.23539,1.125,0.8370000000000001,13.18
Kepler-1899 b,Kepler-1899,1.55098292,3.0200000000000005,4.450000000000001,0.0,851.0,124.29999999999998,4.095779896,0.0457,4791.0,-0.67239,0.742,0.7590000000000001,13.9
Kepler-19 b,Kepler-19,2.209,6.1000000000000005,3.0999999999999996,0.41,851.0,87.6,9.28699,0.0846,5541.0,-0.16056,0.8590000000000001,0.9360000000000002,1.9
Kepler-19 c,Kepler-19,3.68,13.1,1.44,0.21,661.7239999999999,22.939327244463676,28.73100000000001,0.1765736996,5544.0,-0.16056,0.8590000000000001,0.9360000000000002,1.9
Kepler-19 d,Kepler-19,5.06,22.499999999999993,0.9540000000000001,0.05,483.5,9.977390977954471,62.949999999999996,0.102,5544.0,-0.16056,0.8590000000000001,0.9360000000000002,1.9
Kepler-190 b,Kepler-190,1.56,3.0500000000000003,4.41,0.0,1166.0,417.23799999999994,2.019999,0.03,5106.0,-0.44055,0.7949999999999999,0.834,1.48
Kepler-190 c,Kepler-190,1.46,2.73,4.82,0.0,948.0,181.699,3.7630239999999997,0.045,5106.0,-0.44055,0.7949999999999999,0.834,1.48
Kepler-1900 b,Kepler-1900,1.62314676,3.27,4.199999999999999,0.0,1356.0,798.3499999999997,2.9862298969999994,0.042,6173.0,0.21994,1.041,1.104,0.4
Kepler-1901 b,Kepler-1901,1.47418907,2.7699999999999996,4.75,0.0,1132.0,389.4100000000001,3.4841299059999997,0.0453,5696.0,-0.00315,0.921,1.022,0.7
Kepler-1902 b,Kepler-1902,1.17563613,1.7400000000000002,5.879999999999999,0.0,601.0,30.839999999999993,3.822220087,0.0385,3729.0,-1.11736,0.514,0.52,4.321
Kepler-1903 b,Kepler-1903,2.28642395,5.849999999999999,2.6899999999999995,0.0,769.0,82.55999999999997,17.0678997,0.1321,6347.0,0.29209,0.996,1.053,0.23
Kepler-1904 b,Kepler-1904,1.3904994,2.5100000000000002,5.13,0.0,567.0,24.38,4.577020168,0.0436,3805.0,-1.29761,0.497,0.526,5.83
Kepler-1905 b,Kepler-1905,1.4460734,2.6899999999999995,4.889999999999999,0.0,1212.0,508.7500000000001,3.4239299299999995,0.0451,5788.0,-0.02528,1.015,1.038,0.3
Kepler-1906 b,Kepler-1906,2.77615754,8.13,2.09,0.0,901.0,155.72000000000003,7.362689972000002,0.0738,5868.0,0.24215,0.8939999999999999,0.9869999999999999,0.5
Kepler-1907 b,Kepler-1907,0.86973029,0.589,4.92,0.0,856.0,75.0,5.652450085,0.05444,5159.0,-0.62479,0.8,0.752,14.0
Kepler-1907 c,Kepler-1907,1.15547044,1.63,5.81,0.0,620.0,20.6,14.863900179999998,0.10371,5159.0,-0.62479,0.8,0.752,14.0
Kepler-1909 b,Kepler-1909,1.09217411,1.33,5.61,0.0,1031.0,266.0099999999999,2.391609907,0.0306,4935.0,-0.57623,0.685,0.663,13.9
Kepler-191 b,Kepler-191,1.34,2.36,5.390000000000001,0.0,722.0,50.2,9.939632,0.087,5282.0,-0.4145,0.7889999999999999,0.857,1.0
Kepler-191 c,Kepler-191,1.86,4.119999999999999,3.52,0.0,596.0,23.200000000000003,17.738506,0.128,5282.0,-0.4145,0.7889999999999999,0.857,1.0
Kepler-191 d,Kepler-191,2.28,5.82,2.7000000000000006,0.0,857.0,99.6,5.945041016999999,0.06104,5215.0,-0.4145,0.8,0.8400000000000001,4.9
Kepler-1910 b,Kepler-1910,1.184,1.7800000000000002,5.89,0.0,645.0,40.879999999999995,5.688769817000001,0.0536,4234.0,-0.927,0.639,0.636,13.9
Kepler-1911 b,Kepler-1911,1.011,1.01,5.370000000000001,0.0,987.0,223.93,5.990799904000001,0.0636,5721.0,-0.07794,0.9719999999999999,0.9540000000000001,6.228
Kepler-1912 b,Kepler-1912,1.35670508,2.4100000000000006,5.299999999999999,0.0,976.0,201.80000000000007,6.059219836999999,0.06489,5734.0,-0.04936,0.9620000000000001,0.9769999999999999,2.24
Kepler-1913 b,Kepler-1913,1.51852059,2.9199999999999995,4.58,0.0,818.0,105.69999999999999,14.196000099999996,0.1209,6214.0,-0.05481,1.076,1.169,1.7169999999999999
Kepler-1914 b,Kepler-1914,2.9429803,8.969999999999999,1.9299999999999997,0.0,585.0,27.659999999999997,30.827899930000005,0.1954,5982.0,0.07728,0.9599999999999999,1.0469999999999997,2.343
Kepler-1915 b,Kepler-1915,3.21798413,10.399999999999999,1.7099999999999997,0.0,809.0,101.04999999999998,13.835399630000001,0.114,6020.0,0.06133,1.057,1.03,4.316
Kepler-1916 b,Kepler-1916,2.61757235,7.3500000000000005,2.25,0.0,635.0,38.54,31.254299160000002,0.2053,6246.0,0.21407,1.092,1.18,1.34
Kepler-1917 b,Kepler-1917,1.88971288,4.23,3.44,0.0,675.0,48.989999999999995,12.902400019999998,0.103,5530.0,-0.29551,0.788,0.8819999999999999,1.403
Kepler-1918 b,Kepler-1918,2.29763023,5.89,2.67,0.0,497.0,14.429999999999998,47.05640029999999,0.2524,5889.0,-0.3081,0.9239999999999999,0.9670000000000001,2.0549999999999997
Kepler-1919 b,Kepler-1919,2.62390658,7.379999999999998,2.24,0.0,479.0,12.46,37.88660049,0.2107,5513.0,-0.27362,0.818,0.8680000000000001,3.053
Kepler-192 b,Kepler-192,2.74,7.950000000000001,2.1200000000000006,0.0,803.0,105.29699999999998,9.926746,0.09,5479.0,-0.09429,1.007,1.028,2.95
Kepler-192 c,Kepler-192,2.79,8.2,2.07,0.0,623.0,38.21600000000001,21.223400000000005,0.15,5479.0,-0.09429,1.007,1.028,2.95
Kepler-192 d,Kepler-192,1.02,1.04,5.390000000000001,0.0,926.0,186.07599999999996,6.4702757900000005,0.0686,5487.0,-0.09429,0.94,0.94,6.76
Kepler-1920 b,Kepler-1920,2.95415848,9.03,1.92,0.0,660.0,44.86999999999999,30.254100800000003,0.20430000000000004,6277.0,0.10034,1.161,1.2390000000000003,1.3059999999999998
Kepler-1921 b,Kepler-1921,2.89459458,8.719999999999999,1.9799999999999998,0.0,967.0,216.19999999999993,20.03479958,0.15865,6120.0,0.80624,1.9999999999999996,1.251,3.39
Kepler-1921 c,Kepler-1921,1.41,2.5699999999999994,5.040000000000001,0.0,1791.0,2436.47,3.1572208599999994,0.0454,6120.0,0.80624,1.9999999999999996,1.251,3.39
Kepler-1922 b,Kepler-1922,2.29064904,5.860000000000001,2.6800000000000006,0.0,740.0,71.11000000000003,13.222599980000002,0.1077,5931.0,0.15221,0.863,0.9529999999999998,2.5740000000000007
Kepler-1923 b,Kepler-1923,1.95958179,4.5,3.29,0.0,553.0,8.630000000000003,52.60969924999999,0.2846,5881.0,0.257,1.294,1.109,4.7589999999999995
Kepler-1924 b,Kepler-1924,2.65446572,7.530000000000001,2.21,0.0,821.0,107.44,15.331700330000004,0.1216,5726.0,0.45229,1.285,1.018,6.614000000000002
Kepler-1925 b,Kepler-1925,3.00177922,9.280000000000001,1.89,0.0,531.0,18.74,46.71640015000001,0.2588,5856.0,0.36494,1.092,1.057,3.5759999999999996
Kepler-1926 b,Kepler-1926,2.31495961,5.970000000000001,2.6400000000000006,0.0,451.0,9.8,42.87770081000001,0.21970000000000003,5256.0,-0.64728,0.8319999999999999,0.768,4.9268
Kepler-1927 b,Kepler-1927,3.40627075,11.500000000000002,1.6000000000000003,0.0,677.0,34.699999999999996,73.75039673,0.38732999999999995,6056.0,0.77402,2.4809999999999994,1.408,2.88
Kepler-1928 b,Kepler-1928,1.992,4.63,3.22,0.43,621.0,37.8,19.577829999999995,0.194,5720.0,-0.09151,0.9200000000000002,1.01,0.105
Kepler-1929 b,Kepler-1929,3.07250761,9.65,1.8300000000000003,0.0,566.0,37.199999999999996,59.36249923999998,0.30883,5786.0,0.5928,1.471,1.006,6.92
Kepler-193 b,Kepler-193,2.39,6.300000000000001,2.54,0.0,979.0,117.30299999999997,11.388480000000003,0.106,6335.0,0.09956,1.1470000000000002,1.051,0.3
Kepler-193 c,Kepler-193,2.75,8.000000000000002,2.1100000000000003,0.0,595.0,16.025999999999996,50.69749399999999,0.286,6335.0,0.09956,1.1470000000000002,1.051,0.3
Kepler-1930 b,Kepler-1930,1.52955541,2.9500000000000006,4.530000000000001,0.0,643.0,31.599999999999994,13.026800160000004,0.10233,5083.0,-0.50545,0.8440000000000001,0.8440000000000001,0.62
Kepler-1931 b,Kepler-1931,2.65323514,7.530000000000001,2.2199999999999998,0.0,619.0,51.699999999999996,38.576099400000004,0.23329,6167.0,0.4741,1.221,1.174,4.57
Kepler-1932 b,Kepler-1932,1.51482218,2.91,4.6,0.0,1891.0,2799.8999999999996,0.524177015,0.0123,5278.0,-0.35191,0.8149999999999998,0.9109999999999999,1.45
Kepler-1933 b,Kepler-1933,1.17984089,1.7600000000000002,5.89,0.0,1058.0,250.5,4.943290234000001,0.05605,5661.0,-0.11595,1.008,0.964,1.86
Kepler-1934 b,Kepler-1934,0.91307734,0.702,5.07,0.0,1700.0,1835.5999999999992,1.4197599889999997,0.02466,5925.0,0.1085,1.035,0.9679999999999999,3.16
Kepler-1935 b,Kepler-1935,2.50271696,6.820000000000001,2.3900000000000006,0.0,1083.0,324.7800000000001,3.951400042,0.0463,5570.0,0.16401,0.899,0.8450000000000001,7.6626
Kepler-1936 b,Kepler-1936,3.16615594,10.2,1.77,0.0,524.0,9.4,126.55699919999996,0.52662,6501.0,0.45627,1.8539999999999999,1.419,2.57
Kepler-1937 b,Kepler-1937,3.0229133,9.39,1.8700000000000003,0.0,1014.0,163.1,9.688599586000002,0.0915,6457.0,0.20922,1.1960000000000002,1.19,2.45
Kepler-1938 b,Kepler-1938,1.82828927,3.9999999999999996,3.6000000000000005,0.0,527.0,18.25,13.062600139999997,0.0938,4522.0,-0.64954,0.655,0.646,4.226
Kepler-1939 b,Kepler-1939,1.16480773,1.68,5.84,0.0,816.0,104.73999999999995,2.7906599039999995,0.0334,4353.0,-0.80789,0.603,0.648,5.579
Kepler-194 b,Kepler-194,1.51,2.89,4.61,0.0,1648.0,953.173,2.092281,0.032,6089.0,0.0427,1.025,0.94,2.5
Kepler-194 c,Kepler-194,2.59,7.220000000000001,2.28,0.0,815.0,56.95500000000002,17.308032,0.131,6089.0,0.0427,1.025,0.94,2.5
Kepler-194 d,Kepler-194,2.4,6.349999999999999,2.5200000000000005,0.0,562.0,12.862999999999996,52.814973,0.275,6089.0,0.0427,1.025,0.94,2.5
Kepler-1940 b,Kepler-1940,1.54732469,3.01,4.460000000000001,0.0,885.0,145.22999999999996,4.950610161,0.0525,5431.0,-0.37735,0.717,0.8019999999999999,2.6169999999999995
Kepler-1941 b,Kepler-1941,2.64976949,7.509999999999999,2.2199999999999998,0.0,666.0,46.529999999999994,31.335100169999993,0.2054,6404.0,0.43611,1.142,1.175,1.3609
Kepler-1942 b,Kepler-1942,2.1170287,5.13,2.9700000000000006,0.0,1012.0,247.34000000000003,4.626049995,0.0516,5834.0,-0.07518,0.797,0.852,3.339
Kepler-1943 b,Kepler-1943,1.54869189,3.0200000000000005,4.47,0.0,1098.0,724.1999999999998,4.850180149,0.05975,6032.0,0.44535,0.9730000000000001,1.055,5.25
Kepler-1944 b,Kepler-1944,2.75971163,8.05,2.1,0.0,801.0,97.61999999999999,9.842579842,0.0918,5585.0,-0.08284,0.9719999999999999,1.064,1.6689999999999998
Kepler-1945 b,Kepler-1945,1.289,2.21,5.670000000000001,0.0,808.0,100.72000000000003,6.080039977999999,0.0597,4991.0,-0.441,0.804,0.7670000000000001,7.840000000000001
Kepler-1946 b,Kepler-1946,2.48812698,6.749999999999999,2.4100000000000006,0.0,1143.0,403.5300000000001,3.0351901049999994,0.0394,5505.0,-0.27885,0.8729999999999999,0.887,5.333
Kepler-1947 b,Kepler-1947,1.0101666,1.01,5.379999999999999,0.0,1298.0,229.40000000000006,6.963630198999998,0.07375,6040.0,0.11057,1.686,0.984,0.98
Kepler-1948 b,Kepler-1948,1.03283226,1.09,5.44,0.0,399.0,5.9799999999999995,15.571299550000003,0.1022,3872.0,-0.8617,0.557,0.585,3.568
Kepler-1949 b,Kepler-1949,2.21964541,5.5600000000000005,2.79,0.0,1709.0,2016.2499999999998,2.208280087,0.0352,6028.0,0.7131,1.4539999999999997,1.194,3.867
Kepler-195 b,Kepler-195,2.03,4.78,3.14,0.0,751.0,74.14800000000002,8.307872,0.077,5329.0,-0.36708,0.7749999999999999,0.867,2.19
Kepler-195 c,Kepler-195,1.55,3.0200000000000005,4.460000000000001,0.0,469.0,11.280999999999999,34.09686299999999,0.197,5329.0,-0.36708,0.7749999999999999,0.867,2.19
Kepler-1950 b,Kepler-1950,1.52696349,2.9500000000000006,4.55,0.0,752.0,75.83000000000003,10.77690029,0.0871,5455.0,-0.22345,0.852,0.7590000000000001,5.933
Kepler-1951 b,Kepler-1951,2.32107188,6.0,2.6400000000000006,0.0,728.0,66.26999999999998,20.657800670000004,0.1435,5468.0,0.50112,1.306,0.9230000000000002,10.968
Kepler-1952 b,Kepler-1952,1.23923346,2.07,5.9799999999999995,0.0,725.0,65.26999999999997,27.210800170000002,0.1724,5973.0,0.291,1.305,0.922,6.952000000000001
Kepler-1953 b,Kepler-1953,1.28574667,2.2,5.6899999999999995,0.0,731.0,67.62000000000002,6.245659828,0.0607,4858.0,-0.62962,0.7070000000000001,0.7859999999999999,3.215
Kepler-1954 b,Kepler-1954,1.80235934,3.9000000000000004,3.6600000000000006,0.0,949.0,192.08999999999992,5.883430004,0.0625,5840.0,0.04503,0.8489999999999999,0.942,3.717
Kepler-1955 b,Kepler-1955,1.16654878,1.69,5.849999999999999,0.0,853.0,114.29999999999997,14.265199659999997,0.11959,5825.0,0.22965,1.291,1.049,4.37
Kepler-1956 b,Kepler-1956,1.08940238,1.32,5.61,0.0,674.0,48.82000000000001,5.943719864,0.0563,4391.0,-1.04512,0.6819999999999999,0.671,6.016
Kepler-1957 b,Kepler-1957,0.94374867,0.79,5.16,0.0,1099.0,345.06999999999994,2.1866199969999998,0.0299,4904.0,-0.60069,0.772,0.745,7.845000000000001
Kepler-1958 b,Kepler-1958,2.05124311,4.86,3.09,0.0,806.0,99.6,9.328619957,0.0856,5749.0,-0.00092,0.864,0.9609999999999999,2.794
Kepler-1959 b,Kepler-1959,1.14315727,1.5700000000000003,5.78,0.0,811.0,102.25000000000003,6.38669014,0.0617,5071.0,-0.47365,0.8110000000000002,0.768,10.157000000000002
Kepler-196 b,Kepler-196,1.9,4.27,3.42,0.0,536.0,20.735000000000003,20.739885999999995,0.138,5128.0,-0.39257,0.782,0.839,3.09
Kepler-196 c,Kepler-196,2.24,5.65,2.76,0.0,407.0,6.880000000000002,47.42773699999999,0.24,5128.0,-0.39257,0.782,0.839,3.09
Kepler-196 d,Kepler-196,2.66065673,7.559999999999999,2.21,0.0,297.0,1.8000000000000003,122.08000179999998,0.45450000000000007,5132.0,-0.39257,0.77,0.8049999999999999,3.09
Kepler-1960 b,Kepler-1960,1.30749704,2.26,5.5600000000000005,0.0,1547.0,1352.1400000000003,2.297940016,0.0354,6371.0,0.27069,1.072,1.117,1.7599
Kepler-1961 b,Kepler-1961,1.6187808,3.2499999999999996,4.21,0.0,866.0,132.98,5.604710102,0.0588,5401.0,-0.27557,0.777,0.8709999999999999,1.6350000000000002
Kepler-1962 b,Kepler-1962,1.21463929,1.9499999999999997,5.9799999999999995,0.0,901.0,155.95,7.991459845999999,0.0783,5700.0,-0.12198,1.006,1.003,3.502
Kepler-1963 b,Kepler-1963,0.74437023,0.337,4.49,0.0,1448.0,612.3000000000002,1.962260008,0.02915,5726.0,-0.2592,0.9790000000000001,0.915,4.07
Kepler-1964 b,Kepler-1964,1.7810587,3.83,3.7300000000000004,0.0,986.0,223.79999999999993,2.4408299919999994,0.0322,4803.0,-0.631,0.698,0.752,4.987
Kepler-1965 b,Kepler-1965,1.35415138,2.4,5.3100000000000005,0.0,492.0,13.799999999999997,41.86869812,0.22971,5852.0,-0.07602,0.8370000000000001,0.9280000000000002,4.57
Kepler-1966 b,Kepler-1966,1.10479327,1.3899999999999997,5.66,0.0,733.0,68.27999999999999,8.617429732999998,0.0763,5009.0,-0.56655,0.8400000000000001,0.797,8.075
Kepler-1967 b,Kepler-1967,0.73022577,0.315,4.450000000000001,0.0,1086.0,57.100000000000016,7.2816901210000005,0.06686,4970.0,-0.56664,1.806,0.996,6.92
Kepler-1968 b,Kepler-1968,1.50004034,2.86,4.66,0.0,744.0,72.16,7.281099795999999,0.0696,5008.0,-0.64972,0.788,0.8440000000000001,4.5902
Kepler-1969 b,Kepler-1969,1.68161001,3.4699999999999998,4.01,0.0,999.0,235.89000000000001,6.647520065000001,0.0717,6046.0,-0.1809,1.007,1.111,0.9376999999999999
Kepler-197 b,Kepler-197,1.02,1.04,5.390000000000001,0.02,1142.0,431.2559999999999,5.599308000000001,0.06,6004.0,0.22187,1.12,0.857,5.37
Kepler-197 c,Kepler-197,1.23,5.299999999999999,15.700000000000003,0.08,930.0,189.96499999999992,10.349695,0.09,6004.0,0.22187,1.12,0.857,5.37
Kepler-197 d,Kepler-197,1.22,1.9799999999999998,5.989999999999999,0.03,810.0,109.09100000000002,15.677563000000001,0.119,6004.0,0.22187,1.12,0.857,5.37
Kepler-197 e,Kepler-197,0.91,0.6929999999999998,5.05,0.38,691.0,57.941,25.209715000000003,0.164,6004.0,0.22187,1.12,0.857,5.37
Kepler-1972 b,Kepler-1972,0.802,2.0200000000000005,22.199999999999996,0.067,1084.0,341.30000000000007,7.544250000000001,0.08006,5818.0,0.29447,1.384,1.12,7.4
Kepler-1972 c,Kepler-1972,0.868,2.1100000000000003,18.4,0.043,1215.0,198.39999999999995,11.329499999999998,0.10493,5818.0,0.29447,1.384,1.12,7.4
Kepler-1976 b,Kepler-1976,12.21,9.22,2.56,0.0,1103.0,349.4000000000001,4.959319244,0.0565,5712.0,0.04119,1.082,0.976,0.3
Kepler-1977 b,Kepler-1977,1.66,3.3899999999999997,4.07,0.0,798.0,95.60999999999996,4.53702121,0.0486,4805.0,-0.69414,0.688,0.769,1.3
Kepler-1978 b,Kepler-1978,2.67,7.610000000000001,2.2,0.0,676.0,49.29999999999999,10.849694770000001,0.0914,5251.0,-0.29793,0.7779999999999999,0.8690000000000001,0.6
Kepler-1979 b,Kepler-1979,29.33,9.22,2.56,0.0,683.0,51.32,18.508452600000002,0.1383,5942.0,-0.09382,0.938,1.028,0.4
Kepler-198 b,Kepler-198,2.82,8.35,2.0499999999999994,0.0,655.0,44.54900000000001,17.790037,0.131,5574.0,-0.1089,0.94,0.9949999999999999,0.51
Kepler-198 c,Kepler-198,2.47,6.660000000000002,2.43,0.0,465.0,11.354,49.56741600000001,0.259,5574.0,-0.1089,0.94,0.9949999999999999,0.51
Kepler-198 d,Kepler-198,1.53,2.9600000000000004,4.540000000000001,0.0,1562.0,1444.5159999999998,1.3118444300000003,0.02342,5636.0,-0.1089,0.9300000000000002,0.97,3.72
Kepler-1980 b,Kepler-1980,2.21,5.52,2.81,0.0,564.0,23.949999999999996,33.025717900000004,0.2049,5819.0,0.22397,0.99,1.049,3.4269999999999996
Kepler-1981 b,Kepler-1981,9.23,62.49999999999999,0.43700000000000006,0.0,390.0,5.449999999999999,453.5421199999999,1.3292,5874.0,0.24356,3.0059999999999993,1.5190000000000001,3.4082100000000004
Kepler-1982 b,Kepler-1982,0.77,0.381,4.59,0.0,1282.0,638.3799999999998,3.82315697,0.0511,6202.0,0.37137,1.122,1.213,2.63
Kepler-1983 b,Kepler-1983,2.33,6.04,2.62,0.0,807.0,100.13000000000001,7.328519470000002,0.0689,5135.0,-0.48076,0.8739999999999999,0.812,13.7
Kepler-1984 b,Kepler-1984,6.81,37.3,0.649,0.0,675.0,48.82000000000001,1.9928123390000003,0.0238,3638.0,-1.55,0.41999999999999993,0.45000000000000007,13.8
Kepler-1985 b,Kepler-1985,2.27,5.77,2.7100000000000004,0.0,1129.0,382.67999999999995,3.4206468900000004,0.0426,5370.0,-0.155,0.966,0.877,9.776000000000002
Kepler-1986 b,Kepler-1986,1.89,4.23,3.44,0.0,579.0,26.62,19.5489666,0.1307,5549.0,-0.41148,0.732,0.776,5.449
Kepler-1987 b,Kepler-1987,1.23,2.04,6.02,0.0,997.0,233.38000000000002,2.345863002,0.0318,4769.0,-0.61631,0.714,0.799,3.7079999999999997
Kepler-1987 c,Kepler-1987,1.33,2.33,5.44,0.0,860.0,129.44000000000003,3.6483018300000003,0.0427,4769.0,-0.61631,0.714,0.799,3.5819999999999994
Kepler-1987 d,Kepler-1987,2.66,7.559999999999999,2.21,0.0,744.0,72.38,5.644914153999999,0.0571,4769.0,-0.61631,0.714,0.799,2.94
Kepler-1987 e,Kepler-1987,1.92,4.35,3.38,0.0,643.0,40.32999999999999,8.74292005,0.0765,4769.0,-0.61631,0.714,0.799,3.2409999999999997
Kepler-1988 b,Kepler-1988,1.53,2.9600000000000004,4.540000000000001,0.0,1105.0,351.7899999999999,11.495002290000002,0.1038,6033.0,0.582,1.7879999999999998,1.1270000000000002,5.101000000000001
Kepler-1989 b,Kepler-1989,4.62,19.3,1.08,0.0,904.0,157.96999999999997,10.161023528000001,0.0918,6032.0,0.27935,1.06,0.999,4.328
Kepler-199 b,Kepler-199,3.11,9.849999999999998,1.8000000000000003,0.0,595.0,31.678999999999995,23.637604000000007,0.158,5644.0,-0.09685,0.9670000000000001,0.9599999999999999,1.45
Kepler-199 c,Kepler-199,3.25,10.600000000000001,1.7000000000000002,0.0,420.0,7.885,67.09340800000001,0.316,5644.0,-0.09685,0.9670000000000001,0.9599999999999999,1.45
Kepler-1990 b,Kepler-1990,3.27,10.7,1.68,0.0,1554.0,1372.8699999999997,1.73513619,0.0286,5751.0,0.11702,1.071,1.028,2.5
Kepler-1990 c,Kepler-1990,0.98,0.9040000000000001,5.28,0.0,1170.0,442.0800000000001,4.06844957,0.0504,5751.0,0.11702,1.071,1.028,2.5
Kepler-1991 b,Kepler-1991,1.47,2.76,4.769999999999999,0.0,760.0,78.78999999999998,13.260797920000003,0.1065,5478.0,-0.1085,1.053,0.9139999999999999,6.76
Kepler-1991 c,Kepler-1991,2.57,7.13,2.31,0.0,634.0,38.27000000000001,22.790203509999998,0.1528,5478.0,-0.1085,1.053,0.9139999999999999,6.76
Kepler-1992 b,Kepler-1992,0.91,0.6929999999999998,5.05,0.0,637.0,38.989999999999995,15.6112238,0.1169,5383.0,-0.00858,0.842,0.8739999999999999,13.49
Kepler-1993 b,Kepler-1993,4.15,16.100000000000005,1.2400000000000002,0.0,903.0,157.45000000000005,26.656573700000003,0.1943,5159.0,0.778,3.062,1.3730000000000002,4.68
Kepler-1994 b,Kepler-1994,0.51,0.087,3.6000000000000005,0.0,1032.0,268.27,4.61225043,0.053,5495.0,-0.04165,0.9609999999999999,0.9319999999999999,5.01
Kepler-1995 b,Kepler-1995,4.28,16.899999999999995,1.18,0.0,375.0,4.66,73.7578875,0.3259000000000001,5029.0,-0.55559,0.9300000000000002,0.847,2.04
Kepler-1996 b,Kepler-1996,2.26,5.73,2.73,0.0,392.0,5.61,32.376183,0.1789,4580.0,-0.65721,0.675,0.748,14.0
Kepler-1996 c,Kepler-1996,2.81,8.3,2.0599999999999996,0.0,276.0,1.3799999999999997,92.72972479999999,0.3608,4580.0,-0.65721,0.675,0.748,14.0
Kepler-1997 b,Kepler-1997,2.28,5.82,2.7000000000000006,0.0,660.0,44.86,26.757586600000003,0.1815,6215.0,0.13162,1.052,1.111,1.5965
Kepler-1998 b,Kepler-1998,0.6,0.156,3.9699999999999998,0.0,1187.0,468.31000000000006,3.03267135,0.0405,5640.0,-0.0658,0.921,0.9620000000000001,4.27
Kepler-1999 b,Kepler-1999,3.29,10.8,1.6699999999999997,0.0,577.0,26.169999999999998,8.7396758,0.0713,4406.0,-0.77323,0.628,0.632,2.466
Kepler-20 b,Kepler-20,1.773,9.7,9.4,0.083,1187.0,330.9999999999999,3.6961049000000004,0.04565,5495.0,-0.16451,0.9163999999999999,0.929,5.6
Kepler-20 c,Kepler-20,2.894,11.100000000000001,2.5100000000000002,0.076,828.0,78.7,10.8540774,0.0936,5495.0,-0.16451,0.9163999999999999,0.929,5.6
Kepler-20 d,Kepler-20,2.606,13.399999999999999,4.1,0.082,430.0,5.71,77.61145499999998,0.34739999999999993,5495.0,-0.16451,0.9163999999999999,0.929,5.6
Kepler-20 e,Kepler-20,0.821,0.76,7.5,0.092,1004.0,169.80000000000004,6.098488200000001,0.0637,5495.0,-0.16451,0.9163999999999999,0.929,5.6
Kepler-20 f,Kepler-20,0.952,1.4,8.400000000000002,0.094,681.0,35.900000000000006,19.578328000000003,0.1387,5495.0,-0.16451,0.9163999999999999,0.929,5.6
Kepler-20 g,Kepler-20,4.71,19.96,1.05,0.15,524.0,8.77619048995176,34.94,0.2055,5495.0,-0.16451,0.9639,0.948,7.6
Kepler-200 b,Kepler-200,2.13,5.180000000000001,2.9500000000000006,0.0,854.0,159.06899999999996,8.594805,0.08,5678.0,0.00778,0.944,0.9719999999999999,6.3
Kepler-200 c,Kepler-200,1.59,3.1500000000000004,4.3100000000000005,0.0,806.0,126.361,10.222157000000003,0.09,5678.0,0.00778,0.944,0.9719999999999999,6.3
Kepler-2000 b,Kepler-2000,2.73,7.9,2.13,0.0,530.0,18.73,6.383159134999999,0.0562,3757.0,-1.05272,0.576,0.581,6.0
Kepler-2000 c,Kepler-2000,1.57,3.09,4.39,0.0,359.0,3.92,20.618034800000004,0.1228,3757.0,-1.05272,0.576,0.581,6.0
Kepler-2001 b,Kepler-2001,1.04,1.12,5.47,0.0,1402.0,911.2799999999999,1.090011003,0.0197,5081.0,-0.54627,0.77,0.864,4.0
Kepler-2001 c,Kepler-2001,1.82,3.9699999999999998,3.62,0.0,597.0,30.1,14.092583189000003,0.1084,5081.0,-0.54627,0.77,0.864,4.0
Kepler-201 b,Kepler-201,2.46,6.619999999999999,2.44,0.0,683.0,64.54899999999999,25.672082999999994,0.175,6065.0,0.34816,1.229,1.098,4.07
Kepler-201 c,Kepler-201,2.85,8.500000000000002,2.0200000000000005,0.0,378.0,6.033,151.88405800000004,0.573,6065.0,0.34816,1.229,1.098,4.07
Kepler-202 b,Kepler-202,1.63,3.29,4.17,0.0,802.0,108.50399999999998,4.069427000000001,0.045,4668.0,-0.63817,0.6669999999999999,0.6829999999999999,3.24
Kepler-202 c,Kepler-202,1.85,4.08,3.5399999999999996,0.0,505.0,17.070000000000004,16.282493,0.11299999999999999,4668.0,-0.63817,0.6669999999999999,0.6829999999999999,3.24
Kepler-203 b,Kepler-203,2.57,7.13,2.31,0.0,1308.0,668.215,3.1626970000000005,0.043,5821.0,0.0937,1.1140000000000003,1.06,1.78
Kepler-203 c,Kepler-203,2.47,749.9000000000003,273.00000000000006,0.0,1096.0,329.78800000000007,5.370647,0.061,5821.0,0.0937,1.1140000000000003,1.06,1.78
Kepler-203 d,Kepler-203,1.44,33.900000000000006,62.39999999999997,0.0,855.0,121.81599999999999,11.329719999999998,0.1,5821.0,0.0937,1.1140000000000003,1.06,1.78
Kepler-204 b,Kepler-204,2.53,6.9399999999999995,2.35,0.0,828.0,79.70299999999999,14.400973999999998,0.117,5812.0,0.02981,1.238,1.038,1.41
Kepler-204 c,Kepler-204,1.79,3.8599999999999994,3.7,0.0,683.0,36.886,25.660593000000002,0.173,5812.0,0.02981,1.238,1.038,1.41
Kepler-205 b,Kepler-205,1.51,2.89,4.61,0.0,757.0,102.56199999999995,2.75564,0.032,4321.0,-0.95618,0.546,0.592,4.42
Kepler-205 c,Kepler-205,1.64,3.33,4.15,0.0,389.0,7.1400000000000015,20.306545999999997,0.122,4321.0,-0.95618,0.546,0.592,4.42
Kepler-206 b,Kepler-206,1.2,1.8700000000000003,5.950000000000001,0.0,983.0,192.27299999999997,7.781987,0.078,5764.0,0.08357,1.185,0.9570000000000001,8.32
Kepler-206 c,Kepler-206,1.77,3.7800000000000002,3.7500000000000004,0.0,825.0,95.50999999999999,13.137471000000001,0.11100000000000002,5764.0,0.08357,1.185,0.9570000000000001,8.32
Kepler-206 d,Kepler-206,1.19,1.8100000000000003,5.9,0.0,681.0,44.169999999999995,23.44281,0.163,5764.0,0.08357,1.185,0.9570000000000001,8.32
Kepler-207 b,Kepler-207,1.57,3.09,4.39,0.0,1930.0,4097.3179999999975,1.611865,0.029,5920.0,0.5343,1.588,1.3130000000000002,3.63
Kepler-207 c,Kepler-207,1.5,2.86,4.66,0.0,1556.0,1742.7149999999992,3.071571,0.044,5920.0,0.5343,1.588,1.3130000000000002,3.63
Kepler-207 d,Kepler-207,3.31,11.0,1.6699999999999997,0.0,1254.0,732.6040000000003,5.868075,0.068,5920.0,0.5343,1.588,1.3130000000000002,3.63
Kepler-208 b,Kepler-208,1.63,3.29,4.17,0.0,1379.0,639.5759999999998,4.22864,0.054,6092.0,0.30912,1.314,1.082,4.68
Kepler-208 c,Kepler-208,1.39,2.5100000000000002,5.140000000000001,0.0,1141.0,300.1649999999999,7.466622999999999,0.079,6092.0,0.30912,1.314,1.082,4.68
Kepler-208 d,Kepler-208,1.2,1.8700000000000003,5.950000000000001,0.0,999.0,176.28300000000004,11.131786000000002,0.103,6092.0,0.30912,1.314,1.082,4.68
Kepler-208 e,Kepler-208,1.48,2.79,4.73,0.0,880.0,106.34500000000003,16.259458000000002,0.132,6092.0,0.30912,1.314,1.082,4.68
Kepler-209 b,Kepler-209,2.26,5.73,2.73,0.0,668.0,48.66199999999999,16.087845000000005,0.122,5513.0,-0.12879,0.9350000000000002,0.971,1.95
Kepler-209 c,Kepler-209,3.1,9.8,1.8100000000000003,0.0,486.0,13.637,41.74988200000001,0.23100000000000004,5513.0,-0.12879,0.9350000000000002,0.971,1.95
Kepler-21 b,Kepler-21,1.639,7.5,9.299999999999999,0.0,2015.0,2748.999999999999,2.7858212000000004,0.0434,6305.0,0.715,1.9019999999999997,1.408,2.84
Kepler-210 b,Kepler-210,2.94,8.959999999999999,1.9400000000000002,0.0,737.0,122.13899999999997,2.453234,0.032,4559.0,-0.79874,0.65,0.77,1.78
Kepler-210 c,Kepler-210,3.62,12.800000000000002,1.48,0.0,497.0,25.440000000000005,7.972513000000001,0.07,4559.0,-0.79874,0.65,0.77,1.78
Kepler-211 b,Kepler-211,1.26,2.13,5.849999999999999,0.0,954.0,158.18800000000002,4.138575,0.048,5123.0,-0.4133,0.816,0.867,1.55
Kepler-211 c,Kepler-211,1.29,18.299999999999997,46.79999999999999,0.0,841.0,95.436,6.040449999999999,0.062,5123.0,-0.4133,0.816,0.867,1.55
Kepler-212 b,Kepler-212,1.09,1.32,5.6,0.0,830.0,133.86599999999999,16.257582,0.133,5852.0,0.38347,1.455,1.166,5.13
Kepler-212 c,Kepler-212,2.74,7.950000000000001,2.1200000000000006,0.0,664.0,54.66199999999998,31.805174,0.207,5852.0,0.38347,1.455,1.166,5.13
Kepler-213 b,Kepler-213,1.62,3.26,4.21,0.0,1326.0,833.4689999999999,2.4623600000000003,0.036,5696.0,0.082,1.1950000000000003,1.07,1.62
Kepler-213 c,Kepler-213,2.34,6.080000000000001,2.6100000000000003,0.0,1060.0,339.53599999999994,4.822962,0.057,5696.0,0.082,1.1950000000000003,1.07,1.62
Kepler-214 b,Kepler-214,2.61,7.320000000000001,2.26,0.0,758.0,196.40199999999993,15.660544000000002,0.13,6169.0,0.5108,1.3520000000000003,1.11,1.58
Kepler-214 c,Kepler-214,2.13,5.180000000000001,2.9500000000000006,0.0,619.0,87.24400000000003,28.7798,0.194,6169.0,0.5108,1.3520000000000003,1.11,1.58
Kepler-215 b,Kepler-215,1.62,3.26,4.21,0.0,784.0,105.07299999999995,9.360671999999997,0.084,5739.0,-0.1172,1.027,0.788,1.62
Kepler-215 c,Kepler-215,1.77,3.7800000000000002,3.7500000000000004,0.0,675.0,57.69400000000001,14.667108000000002,0.11299999999999999,5739.0,-0.1172,1.027,0.788,1.62
Kepler-215 d,Kepler-215,2.39,23.599999999999998,9.5,0.0,527.0,21.404000000000003,30.864423000000002,0.185,5739.0,-0.1172,1.027,0.788,1.62
Kepler-215 e,Kepler-215,1.75,3.71,3.8,0.0,405.0,7.444,68.16101000000002,0.314,5739.0,-0.1172,1.027,0.788,1.62
Kepler-216 b,Kepler-216,2.35,6.120000000000001,2.59,0.0,1069.0,540.0340000000002,7.693641,0.079,6091.0,0.51836,1.26,1.126,0.28
Kepler-216 c,Kepler-216,3.04,9.479999999999999,1.85,0.0,814.0,182.05699999999996,17.406669,0.136,6091.0,0.51836,1.26,1.126,0.28
Kepler-217 b,Kepler-217,2.23,5.6,2.7699999999999996,0.0,1413.0,1366.4769999999999,5.374943,0.065,6171.0,0.75356,1.799,1.342,2.4
Kepler-217 c,Kepler-217,1.85,4.08,3.5399999999999996,0.0,1208.0,730.8080000000002,8.586004,0.08900000000000001,6171.0,0.75356,1.799,1.342,2.4
Kepler-217 d,Kepler-217,1.32,2.3,5.5,0.0,1574.0,2099.7519999999995,3.8868952499999994,0.0534,6341.0,0.75356,1.7600000000000002,1.37,2.63
Kepler-218 b,Kepler-218,1.48,2.79,4.73,0.0,1156.0,460.65600000000006,3.619337,0.046,5502.0,0.00935,1.063,1.019,3.02
Kepler-218 c,Kepler-218,3.14,10.000000000000002,1.77,0.0,500.0,16.146999999999995,44.699576,0.248,5502.0,0.00935,1.063,1.019,3.02
Kepler-218 d,Kepler-218,2.66,7.559999999999999,2.21,0.0,356.0,4.118,124.52446470000004,0.49883999999999995,5542.0,0.00935,1.02,1.01,5.62
Kepler-219 b,Kepler-219,2.95,9.009999999999998,1.9299999999999997,0.0,1307.0,456.73199999999997,4.585512,0.057,5786.0,0.2139,1.491,1.164,4.0
Kepler-219 c,Kepler-219,3.58,12.5,1.5,0.0,766.0,54.105000000000004,22.714613,0.165,5786.0,0.2139,1.491,1.164,4.0
Kepler-219 d,Kepler-219,2.81,19.100000000000005,4.73,0.0,598.0,20.010000000000005,47.903645000000004,0.272,5786.0,0.2139,1.491,1.164,4.0
Kepler-22 b,Kepler-22,2.1,9.1,5.199999999999999,0.72,279.0,1.013,289.86387599999995,0.812,5596.0,-0.19024,0.8690000000000001,0.857,7.0
Kepler-220 b,Kepler-220,0.81,0.45699999999999996,4.73,0.0,759.0,105.00100000000003,4.159807,0.046,4632.0,-0.67594,0.6660000000000001,0.7289999999999999,6.0
Kepler-220 c,Kepler-220,1.57,3.09,4.39,0.0,586.0,37.321000000000005,9.034198999999997,0.076,4632.0,-0.67594,0.6660000000000001,0.7289999999999999,6.0
Kepler-220 d,Kepler-220,0.98,0.9040000000000001,5.28,0.0,401.0,8.207999999999998,28.122396999999992,0.163,4632.0,-0.67594,0.6660000000000001,0.7289999999999999,6.0
Kepler-220 e,Kepler-220,1.33,2.33,5.44,0.0,341.0,4.274,45.902733,0.226,4632.0,-0.67594,0.6660000000000001,0.7289999999999999,6.0
Kepler-221 b,Kepler-221,1.71,5.95575,0.19,0.0,1090.0,308.8849999999999,2.795906,0.037,5243.0,-0.40429,0.821,0.8539999999999999,1.78
Kepler-221 c,Kepler-221,2.93,9.299999999999999,1.9400000000000002,0.0,860.0,119.83600000000001,5.690585999999999,0.059,5243.0,-0.40429,0.821,0.8539999999999999,1.78
Kepler-221 d,Kepler-221,2.73,3.6100000000000003,0.9,0.0,712.0,56.292999999999985,10.04156,0.087,5243.0,-0.40429,0.821,0.8539999999999999,1.78
Kepler-221 e,Kepler-221,2.63,7.86706,0.57,0.0,582.0,25.156,18.369917,0.13,5243.0,-0.40429,0.821,0.8539999999999999,1.78
Kepler-222 b,Kepler-222,3.16,10.1,1.7600000000000002,0.0,1004.0,206.76899999999998,3.9369810000000003,0.048,5433.0,-0.33784,0.8690000000000001,0.933,1.17
Kepler-222 c,Kepler-222,4.64,19.4,1.07,0.0,734.0,59.07600000000002,10.088809999999999,0.091,5433.0,-0.33784,0.8690000000000001,0.933,1.17
Kepler-222 d,Kepler-222,3.69,13.2,1.44,0.0,522.0,15.087000000000002,28.081912000000003,0.18,5433.0,-0.33784,0.8690000000000001,0.933,1.17
Kepler-223 b,Kepler-223,2.99,7.3999999999999995,1.54,0.078,1042.0,444.0529999999999,7.384490000000001,0.07525,5803.0,0.37128,1.72,1.125,8.91
Kepler-223 c,Kepler-223,3.44,5.1,0.71,0.15,947.0,302.47399999999993,9.84564,0.09117,5803.0,0.37128,1.72,1.125,8.91
Kepler-223 d,Kepler-223,5.24,8.000000000000002,0.30999999999999994,0.037,827.0,175.951,14.788689999999997,0.11956,5803.0,0.37128,1.72,1.125,8.91
Kepler-223 e,Kepler-223,4.6,4.8,0.28,0.051,751.0,119.88199999999996,19.725670000000004,0.14481,5803.0,0.37128,1.72,1.125,8.91
Kepler-224 b,Kepler-224,1.39,2.5100000000000002,5.140000000000001,0.0,937.0,201.48899999999998,3.1329240000000005,0.038,5018.0,-0.51445,0.6759999999999999,0.777,2.29
Kepler-224 c,Kepler-224,3.12,9.910000000000004,1.79,0.0,758.0,86.33199999999997,5.925003,0.058,5018.0,-0.51445,0.6759999999999999,0.777,2.29
Kepler-224 d,Kepler-224,2.3,5.9,2.66,0.0,610.0,36.29299999999999,11.349393,0.08900000000000001,5018.0,-0.51445,0.6759999999999999,0.777,2.29
Kepler-224 e,Kepler-224,1.97,4.540000000000001,3.26,0.0,517.0,18.732000000000003,18.643577,0.124,5018.0,-0.51445,0.6759999999999999,0.777,2.29
Kepler-225 b,Kepler-225,1.2,1.8700000000000003,5.950000000000001,0.0,579.0,38.88300000000001,6.738975,0.056,3682.0,-0.99568,0.48,0.593,2.88
Kepler-225 c,Kepler-225,1.84,4.039999999999999,3.5599999999999996,0.0,412.0,9.902999999999999,18.794234,0.11100000000000002,3682.0,-0.99568,0.48,0.593,2.88
Kepler-226 b,Kepler-226,1.55,23.999999999999996,35.400000000000006,0.0,1018.0,270.40200000000004,3.9409969999999994,0.047,5571.0,-0.23921,0.8019999999999999,0.9040000000000001,4.17
Kepler-226 c,Kepler-226,2.27,45.2,21.200000000000003,0.0,919.0,180.51299999999995,5.349555,0.058,5571.0,-0.23921,0.8019999999999999,0.9040000000000001,4.17
Kepler-226 d,Kepler-226,1.22,1.9799999999999998,5.989999999999999,0.0,800.0,103.64500000000004,8.109044,0.076,5571.0,-0.23921,0.8019999999999999,0.9040000000000001,4.17
Kepler-227 b,Kepler-227,3.11,9.849999999999998,1.8000000000000003,0.0,793.0,104.64100000000002,9.488015,0.09,5854.0,-0.12113,1.091,0.9540000000000001,3.98
Kepler-227 c,Kepler-227,3.04,9.479999999999999,1.85,0.0,443.0,10.186,54.41869399999999,0.2899999999999999,5854.0,-0.12113,1.091,0.9540000000000001,3.98
Kepler-228 b,Kepler-228,1.53,2.9600000000000004,4.540000000000001,0.0,1360.0,863.7760000000003,2.566546,0.038,6043.0,0.11115,1.014,1.006,6.76
Kepler-228 c,Kepler-228,2.7,7.750000000000001,2.16,0.0,1160.0,457.31800000000015,4.134444,0.052,6043.0,0.11115,1.014,1.006,6.76
Kepler-228 d,Kepler-228,4.04,15.400000000000002,1.2800000000000002,0.0,835.0,122.77799999999999,11.094286,0.10100000000000002,6043.0,0.11115,1.014,1.006,6.76
Kepler-229 b,Kepler-229,2.2,5.480000000000001,2.8300000000000005,0.0,823.0,76.21700000000001,6.252972,0.062,5120.0,-0.53795,0.7279999999999999,0.808,2.04
Kepler-229 c,Kepler-229,4.92,21.499999999999993,0.9920000000000001,0.0,600.0,21.637,16.068638000000004,0.117,5120.0,-0.53795,0.7279999999999999,0.808,2.04
Kepler-229 d,Kepler-229,3.85,14.199999999999998,1.37,0.0,439.0,6.162,41.194912,0.22,5120.0,-0.53795,0.7279999999999999,0.808,2.04
Kepler-23 b,Kepler-23,1.638,2.56,3.1868699999999994,0.017,1157.0,446.1070000000002,7.100000000000001,0.07212,5828.0,0.39783,1.548,1.078,9.12
Kepler-23 c,Kepler-23,3.005,7.81,1.576894,0.021,1008.0,257.38999999999993,10.739999999999998,0.09501,5828.0,0.39783,1.548,1.078,9.12
Kepler-23 d,Kepler-23,2.206,4.44,2.260583,0.01,896.0,161.038,15.270000000000001,0.12012,5828.0,0.39783,1.548,1.078,9.12
Kepler-230 b,Kepler-230,4.26,16.8,1.19,0.0,506.0,11.816000000000003,32.625555,0.191,5588.0,-0.36784,0.817,0.784,1.8
Kepler-230 c,Kepler-230,2.04,4.82,3.12,0.0,359.0,2.976,91.77324199999998,0.38,5588.0,-0.36784,0.817,0.784,1.8
Kepler-231 b,Kepler-231,1.73,35.400000000000006,13.799999999999997,0.0,488.0,14.878999999999996,10.065275,0.074,3767.0,-1.03621,0.49,0.58,3.15
Kepler-231 c,Kepler-231,1.93,24.10000000000001,0.97,0.0,393.0,6.2669999999999995,19.271566000000004,0.114,3767.0,-1.03621,0.49,0.58,3.15
Kepler-232 b,Kepler-232,3.08,9.69,1.82,0.0,1104.0,410.58299999999986,4.431222,0.054,5847.0,0.05183,0.9679999999999999,0.97,1.4
Kepler-232 c,Kepler-232,3.83,14.0,1.37,0.0,806.0,116.52399999999999,11.379349000000001,0.10100000000000002,5847.0,0.05183,0.9679999999999999,0.97,1.4
Kepler-233 b,Kepler-233,2.43,6.4799999999999995,2.48,0.0,751.0,85.13099999999997,8.472381999999998,0.077,5360.0,-0.32754,0.758,0.855,0.6
Kepler-233 c,Kepler-233,2.71,7.800000000000002,2.1500000000000004,0.0,390.0,6.195,60.41895499999998,0.287,5360.0,-0.32754,0.758,0.855,0.6
Kepler-234 b,Kepler-234,3.7,13.2,1.4300000000000002,0.0,1420.0,1007.716,2.7115060000000004,0.04,6224.0,0.23955,1.113,1.129,2.88
Kepler-234 c,Kepler-234,3.51,12.099999999999998,1.54,0.0,1025.0,273.30400000000003,7.212049999999999,0.077,6224.0,0.23955,1.113,1.129,2.88
Kepler-235 b,Kepler-235,2.23,5.6,2.7699999999999996,0.0,731.0,43.99999999999999,3.340222,0.037,4255.0,-1.10237,0.554,0.581,6.0
Kepler-235 c,Kepler-235,1.28,2.18,5.71,0.0,555.0,14.199999999999998,7.824903999999998,0.065,4255.0,-1.10237,0.554,0.581,6.0
Kepler-235 d,Kepler-235,2.05,4.86,3.0999999999999996,0.0,401.0,4.03,20.060548,0.122,4255.0,-1.10237,0.554,0.581,6.0
Kepler-235 e,Kepler-235,2.22,5.5600000000000005,2.79,0.0,306.0,1.33,46.183669,0.213,4255.0,-1.10237,0.554,0.581,6.0
Kepler-236 b,Kepler-236,1.57,3.09,4.39,0.0,469.0,15.632,8.295611000000001,0.065,3750.0,-1.22915,0.51,0.596005,0.91
Kepler-236 c,Kepler-236,2.0,4.66,3.2000000000000006,0.0,329.0,3.802,23.968127000000003,0.132,3750.0,-1.22915,0.51,0.596005,0.91
Kepler-237 b,Kepler-237,1.41,2.5699999999999994,5.040000000000001,0.0,823.0,124.961,4.715106,0.05,4861.0,-0.47742,0.7250000000000001,0.6959999999999998,3.02
Kepler-237 c,Kepler-237,2.08,4.98,3.04,0.0,687.0,60.64200000000001,8.103635999999998,0.071,4861.0,-0.47742,0.7250000000000001,0.6959999999999998,3.02
Kepler-238 b,Kepler-238,1.73,3305.0199999999986,526.0000000000001,0.0,1642.0,2500.5880000000006,2.0908760000000006,0.034,5751.0,0.43048,1.4300000000000002,1.229,4.79
Kepler-238 c,Kepler-238,2.39,152.522,3.2000000000000006,0.0,1146.0,592.2979999999999,6.155557000000001,0.069,5751.0,0.43048,1.4300000000000002,1.229,4.79
Kepler-238 d,Kepler-238,3.07,23.1,2.9500000000000006,0.0,888.0,213.47999999999993,13.233548999999998,0.11500000000000002,5751.0,0.43048,1.4300000000000002,1.229,4.79
Kepler-238 e,Kepler-238,5.6,169.7,0.54,0.0,731.0,98.46100000000003,23.654000000000003,0.17286,5800.0,0.43048,0.9599999999999999,1.06,4.79
Kepler-238 f,Kepler-238,2.0,13.5,1.7000000000000002,0.0,568.0,35.86899999999999,50.446999999999996,0.28635,5800.0,0.43048,0.9599999999999999,1.06,4.79
Kepler-239 b,Kepler-239,2.33,6.04,2.62,0.0,616.0,34.745999999999995,11.763051000000003,0.095,4914.0,-0.47489,0.763,0.7569999999999999,3.31
Kepler-239 c,Kepler-239,2.51,6.849999999999998,2.3799999999999994,0.0,366.0,4.315000000000001,56.22809799999998,0.268,4914.0,-0.47489,0.763,0.7569999999999999,3.31
Kepler-24 b,Kepler-24,2.348,11.140000000000002,4.686574,0.023,1050.0,252.24599999999992,8.14,0.08045,6028.0,0.064,1.099,1.06,3.02
Kepler-24 c,Kepler-24,2.514,9.990000000000002,3.4184420000000006,0.014,915.0,144.82700000000003,12.33,0.10612,6028.0,0.064,1.099,1.06,3.02
Kepler-24 d,Kepler-24,1.67,293.9589999999999,151.99999999999997,0.0,1305.0,601.895,4.244384,0.051,5897.0,0.064,1.2890000000000001,1.046,3.02
Kepler-24 e,Kepler-24,2.78,26.211800000000004,0.30999999999999994,0.0,792.0,81.50600000000001,18.998355000000004,0.138,5897.0,0.064,1.2890000000000001,1.046,3.02
Kepler-240 b,Kepler-240,1.37,2.45,5.24,0.0,864.0,142.736,4.144494999999999,0.048,4985.0,-0.52355,0.739,0.8680000000000001,1.91
Kepler-240 c,Kepler-240,2.2,102.29999999999998,52.79999999999999,0.0,696.0,59.837999999999994,7.953528000000001,0.074,4985.0,-0.52355,0.739,0.8680000000000001,1.91
Kepler-241 b,Kepler-241,2.33,6.04,2.62,0.0,562.0,23.599999999999998,12.718091999999999,0.094,4699.0,-0.60729,0.668,0.671,13.9
Kepler-241 c,Kepler-241,2.57,7.13,2.31,0.0,397.0,5.879999999999999,36.065978,0.189,4699.0,-0.60729,0.668,0.671,13.9
Kepler-242 b,Kepler-242,2.61,7.320000000000001,2.26,0.0,742.0,43.76800000000001,8.20395,0.075,5020.0,-0.61267,0.8500000000000001,0.748,2.69
Kepler-242 c,Kepler-242,2.0,4.66,3.2000000000000006,0.0,613.0,20.498000000000005,14.496480999999998,0.109,5020.0,-0.61267,0.8500000000000001,0.748,2.69
Kepler-243 b,Kepler-243,2.45,6.570000000000001,2.45,0.0,850.0,115.50500000000002,5.715442,0.062,5228.0,-0.37337,0.842,0.9040000000000001,1.86
Kepler-243 c,Kepler-243,1.99,4.619999999999999,3.22,0.0,559.0,21.72,20.026218000000004,0.142,5228.0,-0.37337,0.842,0.9040000000000001,1.86
Kepler-244 b,Kepler-244,2.76,8.05,2.1,0.0,1038.0,242.47099999999995,4.311792,0.05,5554.0,-0.25619,0.8030000000000002,0.933,2.4
Kepler-244 c,Kepler-244,2.05,4.86,3.0999999999999996,0.0,791.0,81.574,9.767291999999998,0.087,5554.0,-0.25619,0.8030000000000002,0.933,2.4
Kepler-244 d,Kepler-244,2.31,15.199999999999996,6.780000000000001,0.0,622.0,31.266999999999996,20.050401,0.14,5554.0,-0.25619,0.8030000000000002,0.933,2.4
Kepler-245 b,Kepler-245,2.57,146.77999999999997,0.12,0.0,753.0,77.74900000000002,7.490190000000002,0.071,5100.0,-0.39579,0.7949999999999999,0.856,3.63
Kepler-245 c,Kepler-245,2.18,26.699999999999996,9.4,0.0,568.0,25.151999999999997,17.460811999999997,0.124,5100.0,-0.39579,0.7949999999999999,0.856,3.63
Kepler-245 d,Kepler-245,3.03,21.6,0.0111,0.0,445.0,9.492,36.277108000000005,0.20200000000000004,5100.0,-0.39579,0.7949999999999999,0.856,3.63
Kepler-245 e,Kepler-245,1.75,1806.3600000000001,902.0,0.0,998.0,240.15100000000004,3.219821056,0.04053,5174.0,-0.39579,0.8,0.86,3.63
Kepler-246 b,Kepler-246,2.34,6.080000000000001,2.6100000000000003,0.0,896.0,141.61299999999994,4.60182,0.052,5206.0,-0.41338,0.831,0.853,1.26
Kepler-246 c,Kepler-246,1.5,2.86,4.66,0.0,667.0,43.208,11.187160999999998,0.095,5206.0,-0.41338,0.831,0.853,1.26
Kepler-247 b,Kepler-247,1.64,3.33,4.15,0.0,970.0,216.111,3.3361600000000005,0.042,5100.0,-0.42165,0.768,0.887,2.14
Kepler-247 c,Kepler-247,4.09,15.700000000000003,1.26,0.0,686.0,53.899,9.439452,0.084,5100.0,-0.42165,0.768,0.887,2.14
Kepler-247 d,Kepler-247,3.94,14.699999999999998,1.32,0.0,530.0,19.209999999999997,20.477912,0.14,5100.0,-0.42165,0.768,0.887,2.14
Kepler-248 b,Kepler-248,3.02,9.380000000000003,1.8700000000000003,0.0,819.0,79.31099999999998,6.308205,0.066,5190.0,-0.41834,0.831,0.8379999999999999,2.34
Kepler-248 c,Kepler-248,4.07,15.599999999999996,1.27,0.0,598.0,22.459000000000003,16.239493999999997,0.123,5190.0,-0.41834,0.831,0.8379999999999999,2.34
Kepler-249 b,Kepler-249,1.09,1.32,5.6,0.0,554.0,24.260000000000005,3.3065390000000003,0.035,3568.0,-1.49485,0.482,0.510238,3.86
Kepler-249 c,Kepler-249,1.51,2.89,4.61,0.0,429.0,12.529000000000002,7.113702,0.058,3568.0,-1.49485,0.482,0.510238,3.86
Kepler-249 d,Kepler-249,1.57,3.09,4.39,0.0,332.0,4.474,15.368458999999998,0.097,3568.0,-1.49485,0.482,0.510238,3.86
Kepler-25 b,Kepler-25,2.748,8.699999999999998,2.3199999999999994,0.0029,1185.0,542.9599999999998,6.238297000000001,0.0695,6354.0,0.4216,1.316,1.165,2.75
Kepler-25 c,Kepler-25,5.217,15.199999999999996,0.588,0.0061,934.0,210.1719999999999,12.720700000000003,0.11170000000000001,6354.0,0.4216,1.316,1.165,2.75
Kepler-25 d,Kepler-25,10.0,71.89999999999999,0.395,0.13,473.01000000000005,11.97667492447027,122.40000000000002,0.4164221832,6354.0,0.4216,1.316,1.165,2.75
Kepler-250 b,Kepler-250,1.13,1.5100000000000002,5.749999999999999,0.0,938.0,148.103,4.148141000000001,0.048,5160.0,-0.45709,0.8049999999999999,0.8060000000000002,13.2
Kepler-250 c,Kepler-250,2.28,5.82,2.7000000000000006,0.0,782.0,71.49900000000001,7.156804,0.069,5160.0,-0.45709,0.8049999999999999,0.8060000000000002,13.2
Kepler-250 d,Kepler-250,2.18,5.390000000000001,2.86,0.0,579.0,21.463,17.648312,0.127,5160.0,-0.45709,0.8049999999999999,0.8060000000000002,13.2
Kepler-251 b,Kepler-251,1.33,2.33,5.44,0.0,990.0,203.16899999999998,4.790936,0.053,5526.0,-0.17197,0.89,0.891,2.0
Kepler-251 c,Kepler-251,2.77,8.1,2.09,0.0,655.0,38.953,16.514043000000004,0.122,5526.0,-0.17197,0.89,0.891,2.0
Kepler-251 d,Kepler-251,2.77,8.1,2.09,0.0,536.0,17.477000000000004,30.133001000000004,0.182,5526.0,-0.17197,0.89,0.891,2.0
Kepler-251 e,Kepler-251,2.77,8.1,2.09,0.0,360.0,3.548,99.64016099999998,0.404,5526.0,-0.17197,0.89,0.891,2.0
Kepler-252 b,Kepler-252,1.23,2.04,6.02,0.0,587.0,39.264,6.668390999999998,0.058,4208.0,-0.78566,0.549,0.61,13.9
Kepler-252 c,Kepler-252,2.15,5.269999999999999,2.91,0.0,499.0,20.506999999999998,10.848462999999999,0.08,4208.0,-0.78566,0.549,0.61,13.9
Kepler-253 b,Kepler-253,1.63,3.29,4.17,0.0,949.0,194.346,3.7839860000000005,0.046,5208.0,-0.38741,0.7859999999999999,0.86,3.72
Kepler-253 c,Kepler-253,2.65,7.509999999999999,2.2199999999999998,0.0,680.0,51.27300000000001,10.281950999999998,0.08900000000000001,5208.0,-0.38741,0.7859999999999999,0.86,3.72
Kepler-253 d,Kepler-253,3.17,10.2,1.7600000000000002,0.0,563.0,24.083999999999996,18.119868999999998,0.13,5208.0,-0.38741,0.7859999999999999,0.86,3.72
Kepler-254 b,Kepler-254,3.87,14.3,1.3599999999999999,0.0,1013.0,184.34100000000007,5.826662,0.064,5957.0,-0.12491,0.91,0.8489999999999999,0.3
Kepler-254 c,Kepler-254,2.15,3.2000000000000006,1.77,0.0,787.0,67.225,12.412183000000004,0.105,5957.0,-0.12491,0.91,0.8489999999999999,0.3
Kepler-254 d,Kepler-254,2.5,6.800000000000002,2.3900000000000006,0.0,686.0,38.844,18.746477,0.139,5957.0,-0.12491,0.91,0.8489999999999999,0.3
Kepler-255 b,Kepler-255,1.55,3.0200000000000005,4.460000000000001,0.0,971.0,174.39499999999995,5.714606,0.063,5573.0,-0.18311,0.933,0.867,2.4
Kepler-255 c,Kepler-255,2.99,9.22,1.8999999999999997,0.0,807.0,83.264,9.946047,0.092,5573.0,-0.18311,0.933,0.867,2.4
Kepler-255 d,Kepler-255,1.32,2.3,5.5,0.0,1710.0,1686.0899999999997,1.045622658,0.0192,5431.0,-0.18311,0.86,0.9,4.37
Kepler-256 b,Kepler-256,1.59,3.1500000000000004,4.3100000000000005,0.0,1681.0,1225.934,1.620493,0.027,5551.0,-0.0591,1.3009999999999997,1.037,1.82
Kepler-256 c,Kepler-256,2.15,5.269999999999999,2.91,0.0,1315.0,457.0659999999999,3.38802,0.045,5551.0,-0.0591,1.3009999999999997,1.037,1.82
Kepler-256 d,Kepler-256,2.48,6.710000000000001,2.4200000000000004,0.0,1097.0,221.09999999999997,5.839171999999999,0.064,5551.0,-0.0591,1.3009999999999997,1.037,1.82
Kepler-256 e,Kepler-256,2.35,6.120000000000001,2.59,0.0,897.0,98.90000000000002,10.681572000000001,0.096,5551.0,-0.0591,1.3009999999999997,1.037,1.82
Kepler-257 b,Kepler-257,2.61,7.320000000000001,2.26,0.0,1237.0,343.59999999999997,2.3826669999999996,0.034,5180.0,-0.37756,1.037,0.9159999999999999,1.48
Kepler-257 c,Kepler-257,5.41,25.2,0.8749999999999999,0.0,881.0,88.59999999999997,6.581483999999999,0.066,5180.0,-0.37756,1.037,0.9159999999999999,1.48
Kepler-257 d,Kepler-257,4.95,21.700000000000003,0.983,0.0,567.0,15.199999999999996,24.664551,0.16,5180.0,-0.37756,1.037,0.9159999999999999,1.48
Kepler-258 b,Kepler-258,4.06,15.499999999999998,1.27,0.0,642.0,27.791000000000004,13.19722,0.103,4942.0,-0.57541,0.915,0.8200000000000001,13.7
Kepler-258 c,Kepler-258,3.61,12.7,1.48,0.0,470.0,7.985000000000001,33.653079000000005,0.19299999999999998,4942.0,-0.57541,0.915,0.8200000000000001,13.7
Kepler-259 b,Kepler-259,2.8,8.250000000000002,2.07,0.0,879.0,113.45099999999995,8.115317000000001,0.079,5938.0,-0.15271,0.8980000000000001,0.867,0.4
Kepler-259 c,Kepler-259,2.7,7.750000000000001,2.16,0.0,530.0,15.054000000000002,36.924930999999994,0.217,5938.0,-0.15271,0.8980000000000001,0.867,0.4
Kepler-26 b,Kepler-26,2.78,5.12,1.26,0.021,431.0,7.599999999999999,12.279999999999998,0.08551,3914.0,-1.06048,0.512,0.544,2.95
Kepler-26 c,Kepler-26,2.72,6.2,1.6100000000000003,0.013,385.0,4.82,17.255899999999997,0.10725,3914.0,-1.06048,0.512,0.544,2.95
Kepler-26 d,Kepler-26,1.07,1.2400000000000002,5.5600000000000005,0.0,652.0,31.789999999999992,3.5439189999999994,0.039,4486.0,-1.06048,0.571,0.593,2.95
Kepler-26 e,Kepler-26,2.41,6.390000000000001,2.5100000000000002,0.0,276.0,1.7529999999999997,46.827915,0.22,4486.0,-1.06048,0.571,0.593,2.95
Kepler-260 b,Kepler-260,2.01,4.699999999999999,3.18,0.0,782.0,132.13399999999996,8.187398999999997,0.075,5250.0,-0.09198,0.862,1.013,1.15
Kepler-260 c,Kepler-260,1.74,3.6799999999999997,3.84,0.0,372.0,6.774999999999999,76.05017800000003,0.332,5250.0,-0.09198,0.862,1.013,1.15
Kepler-261 b,Kepler-261,2.18,5.390000000000001,2.86,0.0,672.0,45.77900000000001,10.381226999999999,0.08799999999999998,5098.0,-0.471,0.7940000000000002,0.834,0.87
Kepler-261 c,Kepler-261,2.0,4.66,3.2000000000000006,0.0,505.0,14.512000000000004,24.570857999999998,0.156,5098.0,-0.471,0.7940000000000002,0.834,0.87
Kepler-262 b,Kepler-262,1.36,2.4200000000000004,5.29,0.0,734.0,50.169,13.060854999999998,0.108,5841.0,-0.13988,0.881,0.816,3.55
Kepler-262 c,Kepler-262,1.64,3.33,4.15,0.0,618.0,25.259999999999998,21.853721999999998,0.152,5841.0,-0.13988,0.881,0.816,3.55
Kepler-263 b,Kepler-263,2.67,7.610000000000001,2.2,0.0,548.0,24.307999999999996,16.568087000000002,0.12,5265.0,-0.45614,0.785,0.793,2.24
Kepler-263 c,Kepler-263,2.47,6.660000000000002,2.43,0.0,386.0,5.994000000000001,47.332772999999996,0.242,5265.0,-0.45614,0.785,0.793,2.24
Kepler-264 b,Kepler-264,3.33,11.100000000000001,1.65,0.0,772.0,79.47800000000002,40.806231000000004,0.249,6158.0,0.68915,1.5499999999999998,1.4260000000000002,2.45
Kepler-264 c,Kepler-264,2.83,8.400000000000002,2.04,0.0,511.0,15.347000000000003,140.10126099999997,0.5659999999999998,6158.0,0.68915,1.5499999999999998,1.4260000000000002,2.45
Kepler-265 b,Kepler-265,1.86,4.119999999999999,3.52,0.0,1022.0,220.32799999999992,6.846262000000002,0.069,5835.0,0.00548,1.103,0.97,0.28
Kepler-265 c,Kepler-265,2.63,7.409999999999998,2.24,0.0,755.0,65.359,17.028936999999996,0.127,5835.0,0.00548,1.103,0.97,0.28
Kepler-265 d,Kepler-265,2.49,6.759999999999999,2.4100000000000006,0.0,554.0,18.940999999999995,43.130617,0.236,5835.0,0.00548,1.103,0.97,0.28
Kepler-265 e,Kepler-265,2.59,7.220000000000001,2.28,0.0,476.0,10.353999999999997,67.83102400000003,0.31900000000000006,5835.0,0.00548,1.103,0.97,0.28
Kepler-266 b,Kepler-266,2.48,6.710000000000001,2.4200000000000004,0.0,1066.0,230.40300000000008,6.61833,0.071,5885.0,0.01163,1.028,0.9469999999999998,4.79
Kepler-266 c,Kepler-266,3.89,14.400000000000002,1.34,0.0,421.0,5.592,107.723601,0.45699999999999996,5885.0,0.01163,1.028,0.9469999999999998,4.79
Kepler-267 b,Kepler-267,1.98,37.89999999999999,26.8,0.0,615.0,45.84300000000001,3.3537279999999994,0.037,4258.0,-1.22915,0.555,0.541571,3.06
Kepler-267 c,Kepler-267,2.13,5.180000000000001,2.9500000000000006,0.0,484.0,17.583,6.877449999999999,0.06,4258.0,-1.22915,0.555,0.541571,3.06
Kepler-267 d,Kepler-267,2.27,5.77,2.7100000000000004,0.0,301.0,2.647,28.464515000000006,0.15399999999999997,4258.0,-1.22915,0.555,0.541571,3.06
Kepler-268 b,Kepler-268,2.55,7.040000000000001,2.33,0.0,695.0,64.93300000000002,25.934137999999997,0.18,6081.0,0.31808,1.274,1.109,1.71
Kepler-268 c,Kepler-268,3.38,11.4,1.62,0.0,471.0,13.661999999999999,83.44639300000003,0.391,6081.0,0.31808,1.274,1.109,1.71
Kepler-269 b,Kepler-269,2.47,6.660000000000002,2.43,0.0,1007.0,604.9,5.326718,0.061,5847.0,0.36836,0.959,0.9200000000000002,6.46
Kepler-269 c,Kepler-269,1.69,3.5000000000000004,3.9800000000000004,0.0,875.0,342.60000000000014,8.127899000000001,0.081,5847.0,0.36836,0.959,0.9200000000000002,6.46
Kepler-27 b,Kepler-27,4.0,2895.310000000001,2.56,0.0,610.0,28.680999999999997,15.334799999999998,0.118,5400.0,-0.32941,0.5900000000000001,0.65,1.62
Kepler-27 c,Kepler-27,4.9,4385.870000000002,2.56,0.0,481.0,11.067,31.330900000000003,0.191,5400.0,-0.32941,0.5900000000000001,0.65,1.62
Kepler-27 d,Kepler-27,2.7061946,7.7799999999999985,2.16,0.0,810.0,88.2,6.546289921,0.06578,5251.0,-0.32941,0.817,0.926,1.62
Kepler-270 b,Kepler-270,2.01,4.699999999999999,3.18,0.0,984.0,178.36199999999994,11.476093999999998,0.107,6067.0,0.31211,1.461,1.17,2.73
Kepler-270 c,Kepler-270,1.77,3.7800000000000002,3.7500000000000004,0.0,756.0,62.24099999999999,25.262887000000006,0.18,6067.0,0.31211,1.461,1.17,2.73
Kepler-271 b,Kepler-271,1.23,2.04,6.02,0.0,759.0,75.95700000000001,10.43547805,0.08784,5555.0,-0.25319,0.87,0.9,4.57
Kepler-271 c,Kepler-271,0.95,0.8090000000000002,5.180000000000001,0.0,850.0,119.63099999999997,7.410862669999999,0.06993,5555.0,-0.25319,0.87,0.9,4.57
Kepler-271 d,Kepler-271,0.66,0.219,4.1899999999999995,0.0,954.0,189.34300000000007,5.249725409999999,0.05554,5555.0,-0.25319,0.87,0.9,4.57
Kepler-272 b,Kepler-272,1.43,78.0,146.99999999999994,0.0,1200.0,801.741,2.971353,0.038,5297.0,0.06634,0.929,0.91,13.18
Kepler-272 c,Kepler-272,1.79,97.80000000000001,93.69999999999997,0.0,947.0,310.7600000000001,6.057342,0.061,5297.0,0.06634,0.929,0.91,13.18
Kepler-272 d,Kepler-272,2.25,5.6899999999999995,2.74,0.0,777.0,141.13500000000002,10.937303999999997,0.091,5297.0,0.06634,0.929,0.91,13.18
Kepler-273 b,Kepler-273,1.5,2.86,4.66,0.0,1209.0,285.636,2.9365319999999997,0.037,5626.0,-0.34099,0.8149999999999998,0.756,10.47
Kepler-273 c,Kepler-273,1.98,4.58,3.2399999999999998,0.0,865.0,74.88700000000001,8.014926999999998,0.073,5626.0,-0.34099,0.8149999999999998,0.756,10.47
Kepler-274 b,Kepler-274,1.54,2.99,4.5,0.0,961.0,147.81199999999995,11.634788000000004,0.10100000000000002,6023.0,0.2013,1.007,0.883,12.88
Kepler-274 c,Kepler-274,1.84,4.039999999999999,3.5599999999999996,0.0,678.0,36.518,33.197860999999996,0.204,6023.0,0.2013,1.007,0.883,12.88
Kepler-275 b,Kepler-275,2.34,6.080000000000001,2.6100000000000003,0.0,1015.0,266.2999999999999,10.300682000000002,0.098,6165.0,0.44934,1.3830000000000002,1.189,3.39
Kepler-275 c,Kepler-275,3.38,11.4,1.62,0.0,875.0,146.50000000000006,16.088134,0.132,6165.0,0.44934,1.3830000000000002,1.189,3.39
Kepler-275 d,Kepler-275,3.33,11.100000000000001,1.65,0.0,671.0,50.70000000000001,35.67606200000001,0.22399999999999998,6165.0,0.44934,1.3830000000000002,1.189,3.39
Kepler-276 b,Kepler-276,2.87,731.2090000000002,72.99999999999997,0.0,739.0,58.585999999999984,14.128409999999999,0.119,6105.0,-0.08948,1.046,0.8450000000000001,0.4
Kepler-276 c,Kepler-276,2.9,16.600000000000005,0.89,0.0,563.0,19.793000000000003,31.884000000000004,0.18618999999999997,5693.0,-0.08948,1.03,1.1,0.4
Kepler-276 d,Kepler-276,2.8,16.3,0.76,0.0,489.0,11.274000000000001,48.647999999999996,0.24666,5693.0,-0.08948,1.03,1.1,0.4
Kepler-277 b,Kepler-277,2.92,87.30000000000004,9.2,0.0,964.0,198.24499999999998,17.323999999999998,0.14168,5946.0,0.56791,1.69,1.12,3.89
Kepler-277 c,Kepler-277,3.36,64.2,7.800000000000002,0.0,778.0,83.898,33.00599999999999,0.21780999999999998,5946.0,0.56791,1.69,1.12,3.89
Kepler-278 b,Kepler-278,3.955,56.00000000000001,5.0,0.696,586.0,109.99999999999997,30.155600000000003,0.20200000000000004,4965.0,0.64933,2.8609999999999998,1.227,5.761
Kepler-278 c,Kepler-278,3.268,34.9,5.5,0.616,492.0,54.3,51.111000000000004,0.287,4965.0,0.64933,2.8609999999999998,1.227,5.761
Kepler-279 b,Kepler-279,3.62,4180.9299999999985,165.00000000000006,0.0,1104.0,249.02100000000004,12.309681000000003,0.112,6363.0,0.5188,1.746,1.2,0.22
Kepler-279 c,Kepler-279,4.3,49.4,0.3,0.0,774.0,60.157000000000025,35.73599999999999,0.2236,6689.45,0.5188,1.07,1.1,0.22
Kepler-279 d,Kepler-279,3.1,37.50000000000001,0.3,0.0,574.0,35.73899999999999,54.41400000000002,0.2901,6689.45,0.5188,1.07,1.1,0.22
Kepler-279 e,Kepler-279,4.13,56.00000000000001,7.300000000000001,0.0,552.0,21.96,98.35309999999998,0.43899999999999995,6689.45,0.5188,1.4300000000000002,1.164,0.22
Kepler-28 b,Kepler-28,1.959,1.63,1.185427,0.0,585.0,62.57700000000001,5.910000000000001,0.05687,4499.3,-0.74494,0.6639999999999999,0.684,1.91
Kepler-28 c,Kepler-28,1.857,2.0599999999999996,1.7643570000000002,0.017,509.0,35.897999999999996,8.99,0.07519,4499.3,-0.74494,0.6639999999999999,0.684,1.91
Kepler-280 b,Kepler-280,1.45,2.7000000000000006,4.869999999999999,0.0,1425.0,821.894,2.1395419999999996,0.032,5744.0,-0.06437,0.886,0.9620000000000001,5.62
Kepler-280 c,Kepler-280,2.01,4.699999999999999,3.18,0.0,1088.0,279.0849999999999,4.807091,0.056,5744.0,-0.06437,0.886,0.9620000000000001,5.62
Kepler-281 b,Kepler-281,2.82,323.99999999999994,52.00000000000001,0.0,694.0,118.246,14.646007999999997,0.117,5723.0,0.14638,0.899,0.9500000000000001,0.6
Kepler-281 c,Kepler-281,5.31,161.12400000000002,0.0051,0.0,513.0,35.203,36.33737300000001,0.21499999999999997,5723.0,0.14638,0.899,0.9500000000000001,0.6
Kepler-281 d,Kepler-281,5.93747806,653.9999999999999,12.300000000000002,0.0,321.0,2.5100000000000002,148.27200320000003,0.5456,5717.0,0.14638,0.8840000000000001,0.984,0.6
Kepler-282 b,Kepler-282,1.01,1.01,5.390000000000001,0.0,817.0,195.935,9.220524000000001,0.082,5602.0,0.10587,0.9040000000000001,0.86,12.88
Kepler-282 c,Kepler-282,1.2,1.8700000000000003,5.950000000000001,0.0,717.0,116.11700000000003,13.638722999999997,0.106,5602.0,0.10587,0.9040000000000001,0.86,12.88
Kepler-282 d,Kepler-282,2.46,61.00000000000001,22.499999999999993,0.0,588.0,52.34799999999999,24.805999999999997,0.15837,5656.0,0.10587,0.89,0.97,12.88
Kepler-282 e,Kepler-282,3.1,56.19999999999998,10.399999999999999,0.0,484.0,24.113999999999997,44.346999999999994,0.23332,5656.0,0.10587,0.89,0.97,12.88
Kepler-283 b,Kepler-283,2.13,5.180000000000001,2.9500000000000006,0.0,488.0,16.259999999999998,11.008151,0.082,4351.0,-0.98297,0.5659999999999998,0.5960000000000001,3.09
Kepler-283 c,Kepler-283,1.82,3.9699999999999998,3.62,0.0,240.0,0.949,92.74371099999999,0.341,4351.0,-0.98297,0.5659999999999998,0.5960000000000001,3.09
Kepler-284 b,Kepler-284,2.24,5.65,2.76,0.0,686.0,38.366,12.699148999999998,0.104,5615.0,-0.34097,0.8139999999999998,0.766,0.5
Kepler-284 c,Kepler-284,2.61,7.320000000000001,2.26,0.0,478.0,9.042000000000002,37.514456,0.213,5615.0,-0.34097,0.8139999999999998,0.766,0.5
Kepler-285 b,Kepler-285,1.34,2.36,5.390000000000001,0.0,1131.0,428.4069999999998,2.6338670000000004,0.036,5411.0,-0.27923,0.808,0.915,2.88
Kepler-285 c,Kepler-285,1.12,1.46,5.71,0.0,851.0,137.06799999999998,6.186676,0.064,5411.0,-0.27923,0.808,0.915,2.88
Kepler-286 b,Kepler-286,1.24,2.07,5.970000000000001,0.0,1367.0,850.1,1.7963020000000003,0.027,5580.0,-0.11623,0.863,0.83,2.75
Kepler-286 c,Kepler-286,1.37,2.45,5.24,0.0,1098.0,352.9999999999999,3.468095,0.042,5580.0,-0.11623,0.863,0.83,2.75
Kepler-286 d,Kepler-286,1.33,2.33,5.44,0.0,919.0,173.89999999999998,5.914323,0.061,5580.0,-0.11623,0.863,0.83,2.75
Kepler-286 e,Kepler-286,1.77,3.7800000000000002,3.7500000000000004,0.0,539.0,20.6,29.221289000000002,0.176,5580.0,-0.11623,0.863,0.83,2.75
Kepler-287 b,Kepler-287,2.33,82.99999999999997,27.299999999999997,0.0,667.0,35.75,20.342199,0.14499999999999996,5806.0,-0.13438,1.032,0.963,2.88
Kepler-287 c,Kepler-287,3.26,65.99999999999997,15.400000000000002,0.0,513.0,12.457000000000003,44.85189600000001,0.246,5806.0,-0.13438,1.032,0.963,2.88
Kepler-288 b,Kepler-288,1.67,3.43,4.05,0.0,1197.0,247.30100000000004,6.097326,0.065,5918.0,0.05605,1.091,0.842,12.3
Kepler-288 c,Kepler-288,2.85,8.500000000000002,2.0200000000000005,0.0,815.0,53.14800000000001,19.305771999999997,0.14,5918.0,0.05605,1.091,0.842,12.3
Kepler-288 d,Kepler-288,2.67,7.610000000000001,2.2,0.0,570.0,12.658999999999999,56.633742000000005,0.287,5918.0,0.05605,1.091,0.842,12.3
Kepler-289 b,Kepler-289,2.49,3.7,1.45,0.0,607.0,27.371000000000002,34.53829999999999,0.21183,5990.0,0.061,1.0,1.08,0.65
Kepler-289 c,Kepler-289,11.23,157.18,0.6599999999999999,0.0,394.0,4.882,125.8723,0.50155,5990.0,0.061,1.0,1.08,0.65
Kepler-289 d,Kepler-289,3.03,5.33,1.14,0.022861,489.3,13.687269035091145,66.02819999999998,0.33,5990.0,0.061,1.0,1.08,0.65
Kepler-289 e,Kepler-289,2.94,17.4,2.9199999999999995,0.0,286.0,1.58,330.0715999999999,0.9342,5990.0,0.061,0.9850000000000001,1.061,0.65
Kepler-29 b,Kepler-29,2.55,5.0,1.65,0.0,777.0,55.899999999999984,10.33974,0.08482,5378.0,-0.29687,0.732,0.7609999999999999,0.3
Kepler-29 c,Kepler-29,2.34,4.5,1.9099999999999997,0.0,715.0,34.4,13.286130000000002,0.10027,5378.0,-0.29687,0.732,0.7609999999999999,0.3
Kepler-290 b,Kepler-290,2.25,5.6899999999999995,2.74,0.0,594.0,22.637000000000004,14.589347000000002,0.11,5147.0,-0.58591,0.7429999999999999,0.756,1.1
Kepler-290 c,Kepler-290,2.7,7.750000000000001,2.16,0.0,437.0,6.595999999999999,36.77031,0.205,5147.0,-0.58591,0.7429999999999999,0.756,1.1
Kepler-290 d,Kepler-290,0.86,0.5659999999999998,4.889999999999999,0.0,1589.0,1503.7899999999995,0.764017553,0.0154,5142.0,-0.58591,0.7549999999999999,0.8400000000000001,1.1
Kepler-291 b,Kepler-291,2.16,5.3100000000000005,2.8999999999999995,0.0,1212.0,627.3739999999998,3.546511,0.047,6002.0,0.07135,1.016,1.023,7.76
Kepler-291 c,Kepler-291,1.88,4.1899999999999995,3.4699999999999998,0.0,1035.0,332.73699999999997,5.700786000000001,0.065,6002.0,0.07135,1.016,1.023,7.76
Kepler-292 b,Kepler-292,1.32,2.3,5.5,0.0,1130.0,394.3009999999998,2.580827,0.035,5299.0,-0.33691,0.8260000000000001,0.865,5.13
Kepler-292 c,Kepler-292,1.47,2.76,4.769999999999999,0.0,1001.0,242.41600000000005,3.7153349999999996,0.045,5299.0,-0.33691,0.8260000000000001,0.865,5.13
Kepler-292 d,Kepler-292,2.23,5.6,2.7699999999999996,0.0,808.0,103.00499999999997,7.055678999999998,0.068,5299.0,-0.33691,0.8260000000000001,0.865,5.13
Kepler-292 e,Kepler-292,2.67,7.610000000000001,2.2,0.0,678.0,50.92399999999999,11.979010000000002,0.097,5299.0,-0.33691,0.8260000000000001,0.865,5.13
Kepler-292 f,Kepler-292,2.35,6.120000000000001,2.59,0.0,563.0,24.325,20.834236999999998,0.141,5299.0,-0.33691,0.8260000000000001,0.865,5.13
Kepler-293 b,Kepler-293,3.07,9.640000000000002,1.8300000000000003,0.0,657.0,28.943999999999996,19.254195999999997,0.144,5804.0,-0.23265,0.9570000000000001,0.9339999999999999,1.32
Kepler-293 c,Kepler-293,3.83,14.0,1.37,0.0,466.0,7.286999999999999,54.15574299999999,0.286,5804.0,-0.23265,0.9570000000000001,0.9339999999999999,1.32
Kepler-294 b,Kepler-294,1.77,3.7800000000000002,3.7500000000000004,0.0,1087.0,329.80099999999993,3.7012120000000004,0.048,5913.0,-0.14755,0.976,0.9469999999999998,3.98
Kepler-294 c,Kepler-294,2.71,7.800000000000002,2.1500000000000004,0.0,895.0,151.49100000000007,6.626400000000001,0.071,5913.0,-0.14755,0.976,0.9469999999999998,3.98
Kepler-295 b,Kepler-295,1.22,1.9799999999999998,5.989999999999999,0.0,741.0,287.50000000000006,12.645164,0.099,5603.0,0.62949,0.8980000000000001,0.89,6.46
Kepler-295 c,Kepler-295,1.17,1.7099999999999997,5.869999999999999,0.0,621.0,141.39999999999998,21.526258,0.142,5603.0,0.62949,0.8980000000000001,0.89,6.46
Kepler-295 d,Kepler-295,1.36,2.4200000000000004,5.29,0.0,533.0,104.96199999999997,33.884054000000006,0.192,5603.0,0.62949,0.8980000000000001,0.89,6.46
Kepler-296 b,Kepler-296,1.61,3.22,3.0,0.33,495.0,6.499999999999999,10.864383999999998,0.079,3740.0,-1.50864,0.48,0.49799999999999994,4.2
Kepler-296 c,Kepler-296,2.0,4.66,1.2,0.33,606.0,14.799999999999997,5.8416366,0.0521,3740.0,-1.50864,0.48,0.49799999999999994,4.2
Kepler-296 d,Kepler-296,2.09,5.02,1.8999999999999997,0.33,403.0,2.8999999999999995,19.850290999999995,0.118,3740.0,-1.50864,0.48,0.49799999999999994,4.2
Kepler-296 e,Kepler-296,1.53,2.9600000000000004,4.1,0.33,337.0,1.4100000000000001,34.14211,0.16899999999999998,3740.0,-1.50864,0.48,0.49799999999999994,4.2
Kepler-296 f,Kepler-296,1.8,3.8900000000000006,3.2000000000000006,0.33,274.0,0.62,63.336270000000006,0.255,3740.0,-1.50864,0.48,0.49799999999999994,4.2
Kepler-297 b,Kepler-297,2.87,48.499999999999986,11.300000000000002,0.0,509.0,16.463999999999995,38.87182599999999,0.217,5619.0,-0.09608,0.915,0.927,1.9
Kepler-297 c,Kepler-297,6.54,42.099999999999994,0.8270000000000001,0.0,409.0,6.86,74.92013700000003,0.336,5619.0,-0.09608,0.915,0.927,1.9
Kepler-297 d,Kepler-297,32.6,9.22,2.56,0.0,325.0,2.62,150.01895109999998,0.523,5618.0,-0.09608,0.8969999999999999,0.8460000000000001,1.9
Kepler-298 b,Kepler-298,1.96,4.5,3.2800000000000002,0.0,540.0,24.707000000000004,10.475463999999999,0.08,4465.0,-0.73284,0.5819999999999999,0.6599999999999999,2.4
Kepler-298 c,Kepler-298,1.93,4.380000000000001,3.3500000000000005,0.0,416.0,8.695999999999998,22.928810000000002,0.136,4465.0,-0.73284,0.5819999999999999,0.6599999999999999,2.4
Kepler-298 d,Kepler-298,2.5,6.800000000000002,2.3900000000000006,0.0,277.0,1.715,77.47363300000002,0.305,4465.0,-0.73284,0.5819999999999999,0.6599999999999999,2.4
Kepler-299 b,Kepler-299,1.32,2.3,5.5,0.0,1258.0,622.0670000000001,2.927128,0.04,5617.0,-0.04352,1.032,1.004,3.24
Kepler-299 c,Kepler-299,2.65,7.509999999999999,2.2199999999999998,0.0,946.0,198.5540000000001,6.8858749999999995,0.07,5617.0,-0.04352,1.032,1.004,3.24
Kepler-299 d,Kepler-299,1.86,4.119999999999999,3.52,0.0,729.0,69.95999999999997,15.054786,0.118,5617.0,-0.04352,1.032,1.004,3.24
Kepler-299 e,Kepler-299,1.87,4.16,3.5000000000000004,0.0,534.0,20.174,38.285489,0.22,5617.0,-0.04352,1.032,1.004,3.24
Kepler-30 b,Kepler-30,3.9,11.300000000000002,1.02,0.042,524.0,16.379,29.334339999999994,0.18,5498.0,-0.23658,0.9500000000000001,0.99,2.0
Kepler-30 c,Kepler-30,12.3,639.9999999999999,1.88,0.0111,411.0,6.217,60.323104999999984,0.3,5498.0,-0.23658,0.9500000000000001,0.99,2.0
Kepler-30 d,Kepler-30,8.8,23.1,0.19,0.022,308.0,1.9619999999999997,143.34394,0.5,5498.0,-0.23658,0.9500000000000001,0.99,2.0
Kepler-300 b,Kepler-300,1.67,3.43,4.05,0.0,812.0,265.186,10.446347,0.094,5986.0,0.33994,0.9,1.07,3.63
Kepler-300 c,Kepler-300,2.25,5.6899999999999995,2.74,0.0,516.0,43.248000000000005,40.71495500000001,0.232,5986.0,0.33994,0.9,1.07,3.63
Kepler-301 b,Kepler-301,1.35,2.3900000000000006,5.34,0.0,1278.0,665.4370000000001,2.508553,0.036,5815.0,-0.07963,0.9,1.022,1.45
Kepler-301 c,Kepler-301,1.35,2.3900000000000006,5.34,0.0,989.0,238.4809999999999,5.419026,0.06,5815.0,-0.07963,0.9,1.022,1.45
Kepler-301 d,Kepler-301,1.75,3.71,3.8,0.0,725.0,68.93099999999998,13.751242999999997,0.112,5815.0,-0.07963,0.9,1.022,1.45
Kepler-302 b,Kepler-302,4.06,15.499999999999998,1.27,0.0,634.0,31.246999999999996,30.184104000000005,0.19299999999999998,5740.0,0.04949,1.22,1.021,4.47
Kepler-302 c,Kepler-302,12.45,9.22,2.56,0.0,392.0,4.585000000000001,127.282184,0.503,5740.0,0.04949,1.22,1.021,4.47
Kepler-303 b,Kepler-303,0.89,0.64,4.989999999999999,0.0,802.0,145.43599999999998,1.9370549999999997,0.024,3944.0,-1.0655,0.485,0.575,7.71
Kepler-303 c,Kepler-303,1.14,1.5499999999999998,5.749999999999999,0.0,521.0,25.851000000000006,7.061149000000001,0.057,3944.0,-1.0655,0.485,0.575,7.71
Kepler-304 b,Kepler-304,2.86,8.55,2.01,0.0,875.0,139.14600000000002,3.2957089999999996,0.039,4731.0,-0.6616,0.687,0.7370000000000001,2.09
Kepler-304 c,Kepler-304,2.17,5.3500000000000005,2.88,0.0,746.0,73.59799999999997,5.315946,0.054,4731.0,-0.6616,0.687,0.7370000000000001,2.09
Kepler-304 d,Kepler-304,2.75,8.000000000000002,2.1100000000000003,0.0,611.0,33.160000000000004,9.653471,0.08,4731.0,-0.6616,0.687,0.7370000000000001,2.09
Kepler-304 e,Kepler-304,1.2,1.8700000000000003,5.950000000000001,0.0,1137.0,397.254,1.499146953,0.02317,4817.0,-0.6616,0.73,0.8,2.09
Kepler-305 b,Kepler-305,3.6,10.5,1.2400000000000002,0.005,836.0,112.91400000000004,5.486999999999999,0.05746,5080.0,-0.42318,0.8,0.76,4.37
Kepler-305 c,Kepler-305,3.3,6.0,0.917,0.0,728.0,65.10000000000002,8.290999999999999,0.07568,5080.0,-0.42318,0.8,0.76,4.37
Kepler-305 d,Kepler-305,2.76,6.2,1.6320299999999999,0.0,576.0,25.522999999999996,16.74,0.12090999999999999,5090.0,-0.42318,0.7919999999999999,0.8270000000000001,4.37
Kepler-305 e,Kepler-305,1.7938153,3.8700000000000006,3.6799999999999997,0.0,1000.0,220.4,3.20538,0.04017,4974.0,-0.42318,0.827279,0.8200000000000001,4.37
Kepler-306 b,Kepler-306,1.52,2.9199999999999995,4.57,0.0,830.0,127.255,4.646186,0.05,4954.0,-0.4693,0.719,0.75,2.63
Kepler-306 c,Kepler-306,2.35,6.120000000000001,2.59,0.0,716.0,70.44900000000001,7.240192999999998,0.067,4954.0,-0.4693,0.719,0.75,2.63
Kepler-306 d,Kepler-306,2.47,6.660000000000002,2.43,0.0,535.0,21.982999999999997,17.326643999999998,0.12,4954.0,-0.4693,0.719,0.75,2.63
Kepler-306 e,Kepler-306,2.27,5.77,2.7100000000000004,0.0,390.0,6.185,44.840975,0.22700000000000004,4954.0,-0.4693,0.719,0.75,2.63
Kepler-307 b,Kepler-307,2.43,7.4399999999999995,2.62,0.0,797.0,59.69999999999999,10.420799999999998,0.09359,5367.0,-0.12151,0.8139999999999998,0.907,0.95
Kepler-307 c,Kepler-307,2.2,3.64,1.7400000000000002,0.0,739.0,43.99999999999999,13.072899999999997,0.10896,5367.0,-0.12151,0.8139999999999998,0.907,0.95
Kepler-308 b,Kepler-308,2.12,5.140000000000001,2.9600000000000004,0.0,833.0,108.63999999999999,9.694928,0.09,5895.0,-0.11567,0.9410000000000001,0.9200000000000002,0.5
Kepler-308 c,Kepler-308,2.16,5.3100000000000005,2.8999999999999995,0.0,714.0,58.678999999999974,15.382310000000004,0.123,5895.0,-0.11567,0.9410000000000001,0.9200000000000002,0.5
Kepler-309 b,Kepler-309,1.56,3.0500000000000003,4.41,0.0,531.0,99.49300000000002,5.923653,0.059,4713.0,-0.574,0.7210000000000001,0.816,3.02
Kepler-309 c,Kepler-309,2.51,6.849999999999998,2.3799999999999994,0.0,204.0,2.142,105.35638299999997,0.401,4713.0,-0.574,0.7210000000000001,0.816,3.02
Kepler-31 b,Kepler-31,5.5,36.7418,0.78,0.0,781.0,91.47400000000002,20.861299999999996,0.16,6340.0,0.30134,1.22,1.21,0.28
Kepler-31 c,Kepler-31,5.3,1493.6999999999998,0.73,0.0,615.0,35.254,42.63179999999999,0.26,6340.0,0.30134,1.22,1.21,0.28
Kepler-31 d,Kepler-31,3.9,2161.2440000000006,0.077,0.0,484.0,11.799999999999999,87.64510000000001,0.4,6340.0,0.30134,1.22,1.21,0.28
Kepler-310 b,Kepler-310,1.19,1.8100000000000003,5.9,0.0,665.0,45.97,13.930697999999996,0.11100000000000002,5797.0,-0.23934,0.876,0.8539999999999999,1.9
Kepler-310 c,Kepler-310,3.38,11.4,1.62,0.0,417.0,7.109000000000002,56.47542,0.281,5797.0,-0.23934,0.876,0.8539999999999999,1.9
Kepler-310 d,Kepler-310,2.47,6.999999999999998,3.3,0.0,353.0,3.6640000000000006,92.876125,0.392,5797.0,-0.23934,0.876,0.8539999999999999,1.9
Kepler-311 b,Kepler-311,1.7,3.5300000000000002,3.95,0.0,960.0,201.36200000000008,9.176092,0.087,5905.0,0.19328,1.188,0.994,1.95
Kepler-311 c,Kepler-311,1.43,2.63,4.94,0.0,744.0,72.45600000000002,19.738286,0.14499999999999996,5905.0,0.19328,1.188,0.994,1.95
Kepler-311 d,Kepler-311,2.05,4.86,3.0999999999999996,0.0,327.0,2.7100000000000004,232.04032599999988,0.7325999999999999,5903.0,0.19328,1.156,0.974,1.95
Kepler-312 b,Kepler-312,1.29,2.21,5.66,0.0,1685.0,4124.022000000002,1.7724190000000002,0.031,6115.0,0.59751,1.467,1.314,2.88
Kepler-312 c,Kepler-312,3.15,10.1,1.7800000000000002,0.0,754.0,165.82400000000007,19.747412000000004,0.153,6115.0,0.59751,1.467,1.314,2.88
Kepler-313 b,Kepler-313,2.53,6.9399999999999995,2.35,0.0,883.0,142.39999999999995,14.970418,0.125,5727.0,0.31196,1.536,1.1140000000000003,7.08
Kepler-313 c,Kepler-313,2.57,7.13,2.31,0.0,683.0,51.10000000000001,32.27327300000001,0.208,5727.0,0.31196,1.536,1.1140000000000003,7.08
Kepler-314 b,Kepler-314,0.83,0.49799999999999994,4.789999999999999,0.0,1195.0,488.6740000000002,2.461069,0.035,5378.0,-0.22569,0.9500000000000001,0.99,0.98
Kepler-314 c,Kepler-314,2.9,8.750000000000002,1.97,0.0,890.0,149.97700000000003,5.960392000000001,0.064,5378.0,-0.22569,0.9500000000000001,0.99,0.98
Kepler-315 b,Kepler-315,3.77,13.7,1.4,0.0,409.0,6.674,96.101141,0.40199999999999997,5796.0,0.00383,1.037,0.831,12.3
Kepler-315 c,Kepler-315,4.15,16.100000000000005,1.2400000000000002,0.0,291.0,1.722,265.469335,0.7910000000000001,5796.0,0.00383,1.037,0.831,12.3
Kepler-316 b,Kepler-316,1.06,1.2,5.539999999999999,0.0,837.0,164.77600000000007,2.240508,0.027,4204.0,-0.93554,0.52,0.587,3.31
Kepler-316 c,Kepler-316,1.16,1.65,5.81,0.0,577.0,37.377,6.827766000000001,0.058,4204.0,-0.93554,0.52,0.587,3.31
Kepler-317 b,Kepler-317,2.09,109.8,66.1,0.0,976.0,151.652,5.524242,0.061,5497.0,-0.2078,0.9410000000000001,0.865,3.72
Kepler-317 c,Kepler-317,1.72,3.6100000000000003,3.9000000000000004,0.0,837.0,81.76100000000001,8.775009999999998,0.083,5497.0,-0.2078,0.9410000000000001,0.865,3.72
Kepler-318 b,Kepler-318,4.71,19.899999999999995,1.05,0.0,1039.0,333.149,4.662715,0.056,5746.0,0.00394,1.189,1.073,0.95
Kepler-318 c,Kepler-318,3.68,13.1,1.44,0.0,762.0,96.51300000000005,11.815007,0.105,5746.0,0.00394,1.189,1.073,0.95
Kepler-319 b,Kepler-319,1.63,3.29,4.17,0.0,1023.0,253.66500000000002,4.362705,0.051,5526.0,-0.18116,0.903,0.933,1.07
Kepler-319 c,Kepler-319,2.63,7.409999999999998,2.24,0.0,876.0,136.34299999999993,6.941357,0.069,5526.0,-0.18116,0.903,0.933,1.07
Kepler-319 d,Kepler-319,2.29,5.860000000000001,2.6800000000000006,0.0,528.0,17.961999999999996,31.781924999999998,0.191,5526.0,-0.18116,0.903,0.933,1.07
Kepler-32 b,Kepler-32,2.2,1303.0000000000005,0.4600000000000001,0.0,514.0,22.025,5.9012400000000005,0.05,3900.0,-1.29243,0.53,0.58,5.6
Kepler-32 c,Kepler-32,2.0,158.89999999999998,0.33,0.0,451.0,10.679999999999996,8.752199999999998,0.09,3900.0,-1.29243,0.53,0.58,5.6
Kepler-32 d,Kepler-32,2.7,39.9089,0.52,0.0,328.0,3.6310000000000002,22.780200000000004,0.13,3900.0,-1.29243,0.53,0.58,5.6
Kepler-32 e,Kepler-32,1.5,4.08181,0.091,0.0,652.0,56.648999999999994,2.896,0.033,3900.0,-1.29243,0.53,0.58,5.6
Kepler-32 f,Kepler-32,0.82,969.2279999999998,1.5,0.0,1026.0,349.645,0.74296,0.013,3900.0,-1.29243,0.53,0.58,5.6
Kepler-320 b,Kepler-320,1.14,1.5499999999999998,5.749999999999999,0.0,1292.0,280.559,8.371554,0.085,6435.0,0.37419,1.108,1.072,2.14
Kepler-320 c,Kepler-320,1.37,2.45,5.24,0.0,1002.0,101.619,17.934937,0.142,6435.0,0.37419,1.108,1.072,2.14
Kepler-321 b,Kepler-321,1.77,3.7800000000000002,3.7500000000000004,0.0,1042.0,296.155,4.915379,0.057,5740.0,-0.00798,1.194,1.024,2.09
Kepler-321 c,Kepler-321,2.32,5.989999999999999,2.6400000000000006,0.0,752.0,80.10299999999997,13.093921,0.11,5740.0,-0.00798,1.194,1.024,2.09
Kepler-322 b,Kepler-322,1.01,1.01,5.390000000000001,0.0,1373.0,735.1789999999999,1.653888,0.027,5388.0,-0.28786,0.89,0.9080000000000001,1.1
Kepler-322 c,Kepler-322,1.67,3.43,4.05,0.0,996.0,203.40600000000003,4.337234,0.051,5388.0,-0.28786,0.89,0.9080000000000001,1.1
Kepler-323 b,Kepler-323,1.381,3.9000000000000004,8.2,0.095,1838.0,1899.9999999999993,1.6783279999999998,0.02778,6004.0,0.15091,1.12,1.015,5.4
Kepler-323 c,Kepler-323,1.57,6.800000000000002,9.6,0.095,1431.0,700.0,3.5538228999999997,0.0458,6004.0,0.15091,1.12,1.015,5.4
Kepler-324 b,Kepler-324,1.14,2414.4,3.0,0.0,935.0,194.33999999999992,4.385315,0.05,5194.0,-0.30825,0.8400000000000001,0.9010000000000001,3.39
Kepler-324 c,Kepler-324,3.15,6.2,1.73,0.0,410.0,7.2330000000000005,51.805612,0.26,5194.0,-0.30825,0.8400000000000001,0.9010000000000001,3.39
Kepler-324 e,Kepler-324,2.03862444,235.01399999999992,0.16,0.0,635.0,38.900000000000006,13.979399680000004,0.10972000000000001,5191.0,-0.30825,0.8260000000000001,0.8440000000000001,3.39
Kepler-325 b,Kepler-325,2.91,8.8,1.96,0.0,1017.0,210.554,4.544439,0.053,5752.0,-0.25468,1.003,0.9139999999999999,0.93
Kepler-325 c,Kepler-325,2.54,6.989999999999999,2.34,0.0,721.0,53.044000000000004,12.762172000000003,0.105,5752.0,-0.25468,1.003,0.9139999999999999,0.93
Kepler-325 d,Kepler-325,2.79,8.2,2.07,0.0,498.0,12.083000000000002,38.71518499999999,0.22,5752.0,-0.25468,1.003,0.9139999999999999,0.93
Kepler-326 b,Kepler-326,1.52,44.60000000000001,69.79999999999997,0.0,1127.0,783.4490000000001,2.248329,0.032,5105.0,-0.15657,0.8009999999999999,0.91,13.18
Kepler-326 c,Kepler-326,1.4,17.4,34.79999999999999,0.0,889.0,303.6200000000001,4.580358,0.051,5105.0,-0.15657,0.8009999999999999,0.91,13.18
Kepler-326 d,Kepler-326,1.21,6.900000000000002,21.4,0.0,781.0,180.64399999999995,6.766888000000002,0.066,5105.0,-0.15657,0.8009999999999999,0.91,13.18
Kepler-327 b,Kepler-327,1.11,1.4100000000000001,5.670000000000001,0.0,682.0,73.05599999999998,2.549575,0.029,3799.0,-1.25964,0.492,0.5919130000000001,3.28
Kepler-327 c,Kepler-327,1.03,20.300000000000004,102.0,0.0,537.0,28.272,5.212333,0.047,3799.0,-1.25964,0.492,0.5919130000000001,3.28
Kepler-327 d,Kepler-327,1.73,3.64,3.8599999999999994,0.0,387.0,7.59,13.969457000000004,0.09,3799.0,-1.25964,0.492,0.5919130000000001,3.28
Kepler-328 b,Kepler-328,2.3,28.500000000000004,7.800000000000002,0.0,602.0,57.078999999999986,34.921,0.21990000000000004,6064.0,0.44013,1.06,1.15,2.57
Kepler-328 c,Kepler-328,5.4,39.400000000000006,0.6000000000000001,0.0,475.0,22.025,71.31199999999997,0.354,6064.0,0.44013,1.06,1.15,2.57
Kepler-329 b,Kepler-329,1.4,2.54,5.09,0.0,547.0,40.68899999999999,7.416396999999999,0.061,4257.0,-0.97062,0.523,0.602,3.47
Kepler-329 c,Kepler-329,1.93,4.380000000000001,3.3500000000000005,0.0,402.0,11.869,18.684736999999995,0.11299999999999999,4257.0,-0.97062,0.523,0.602,3.47
Kepler-33 b,Kepler-33,1.74,3.6799999999999997,3.84,0.0,1336.0,744.0109999999997,5.66793,0.0677,5904.0,0.556,1.82,1.291,4.27
Kepler-33 c,Kepler-33,3.2,0.39,0.13,0.0,1009.0,241.75900000000007,13.175620000000002,0.1189,5904.0,0.556,1.82,1.291,4.27
Kepler-33 d,Kepler-33,5.35,3.91,0.25,0.0,853.0,123.69100000000002,21.775960000000005,0.16620000000000001,5904.0,0.556,1.82,1.291,4.27
Kepler-33 e,Kepler-33,4.02,5.57,0.8,0.0,752.0,74.71999999999997,31.784400000000005,0.2138,5904.0,0.556,1.82,1.291,4.27
Kepler-33 f,Kepler-33,4.46,9.6,0.9,0.0,691.0,53.18300000000001,41.02902,0.2535,5904.0,0.556,1.82,1.291,4.27
Kepler-330 b,Kepler-330,1.35,2.3900000000000006,5.34,0.0,714.0,66.57800000000002,8.25978,0.075,5117.0,-0.44191,0.7220000000000001,0.848,3.47
Kepler-330 c,Kepler-330,1.95,4.460000000000001,3.3100000000000005,0.0,573.0,27.676000000000002,15.955386999999998,0.116,5117.0,-0.44191,0.7220000000000001,0.848,3.47
Kepler-331 b,Kepler-331,1.82,3.9699999999999998,3.62,0.0,540.0,35.984,8.457496000000003,0.065,4347.0,-0.78358,0.492,0.653,1.2
Kepler-331 c,Kepler-331,1.84,4.039999999999999,3.5599999999999996,0.0,425.0,13.888000000000002,17.281109999999998,0.105,4347.0,-0.78358,0.492,0.653,1.2
Kepler-331 d,Kepler-331,1.64,3.33,4.15,0.0,346.0,6.0649999999999995,32.134328,0.159,4347.0,-0.78358,0.492,0.653,1.2
Kepler-332 b,Kepler-332,1.17,1.7099999999999997,5.869999999999999,0.0,703.0,53.71200000000001,7.626324000000002,0.07,4955.0,-0.5837,0.7199999999999999,0.7429999999999999,2.82
Kepler-332 c,Kepler-332,1.09,1.32,5.6,0.0,550.0,19.986,15.995621999999997,0.114,4955.0,-0.5837,0.7199999999999999,0.7429999999999999,2.82
Kepler-332 d,Kepler-332,1.18,1.7600000000000002,5.89,0.0,427.0,7.253000000000002,34.21154,0.189,4955.0,-0.5837,0.7199999999999999,0.7429999999999999,2.82
Kepler-333 b,Kepler-333,1.32,28.199999999999992,67.40000000000002,0.0,480.0,16.818999999999996,12.551158000000001,0.087,4259.0,-0.92812,0.534,0.601,3.24
Kepler-333 c,Kepler-333,1.11,1.4100000000000001,5.670000000000001,0.0,386.0,7.048999999999999,24.088209999999997,0.135,4259.0,-0.92812,0.534,0.601,3.24
Kepler-334 b,Kepler-334,1.12,1.46,5.71,0.0,1090.0,300.9819999999999,5.470319,0.061,5828.0,0.05556,1.068,1.022,2.75
Kepler-334 c,Kepler-334,1.43,2.63,4.94,0.0,822.0,97.20999999999998,12.758004999999997,0.107,5828.0,0.05556,1.068,1.022,2.75
Kepler-334 d,Kepler-334,1.41,2.5699999999999994,5.040000000000001,0.0,656.0,39.474999999999994,25.098490000000005,0.16800000000000004,5828.0,0.05556,1.068,1.022,2.75
Kepler-335 b,Kepler-335,3.39,11.4,1.6100000000000003,0.0,1290.0,721.1239999999997,6.562331000000001,0.075,5877.0,0.57766,1.8539999999999999,1.3669999999999998,3.09
Kepler-335 c,Kepler-335,3.07,9.640000000000002,1.8300000000000003,0.0,592.0,32.03499999999999,67.844469,0.356,5877.0,0.57766,1.8539999999999999,1.3669999999999998,3.09
Kepler-336 b,Kepler-336,1.02,1.04,5.390000000000001,0.0,1625.0,1652.4999999999998,2.024823,0.033,5867.0,0.26,1.304,1.09,4.9
Kepler-336 c,Kepler-336,2.1,5.06,3.0,0.0,967.0,206.90999999999994,9.600001000000002,0.092,5867.0,0.26,1.304,1.09,4.9
Kepler-336 d,Kepler-336,2.37,6.21,2.56,0.0,749.0,74.35999999999999,20.678771999999995,0.15399999999999997,5867.0,0.26,1.304,1.09,4.9
Kepler-337 b,Kepler-337,1.54,2.99,4.5,0.0,1458.0,1589.0120000000002,3.292781,0.045,5684.0,0.48057,1.761,1.081,7.94
Kepler-337 c,Kepler-337,2.05,4.86,3.0999999999999996,0.0,1017.0,376.21000000000015,9.693201000000002,0.09299999999999999,5684.0,0.48057,1.761,1.081,7.94
Kepler-338 b,Kepler-338,2.44,30.599999999999998,11.599999999999998,0.04,1005.0,256.6059999999999,13.726975999999997,0.117,5923.0,0.5857,1.7350000000000003,1.105,6.46
Kepler-338 c,Kepler-338,2.34,6.080000000000001,2.6100000000000003,0.03,831.0,119.64799999999995,24.310856,0.172,5923.0,0.5857,1.7350000000000003,1.105,6.46
Kepler-338 d,Kepler-338,3.0,9.27,1.89,0.03,680.0,53.55599999999999,44.43101399999999,0.257,5923.0,0.5857,1.7350000000000003,1.105,6.46
Kepler-338 e,Kepler-338,1.56,8.500000000000002,12.300000000000002,0.05,1143.0,428.52399999999983,9.341,0.08979,5999.0,0.5857,1.7350000000000003,1.14,6.46
Kepler-339 b,Kepler-339,1.42,2.6000000000000005,4.989999999999999,0.0,1023.0,159.94500000000002,4.977656,0.055,5631.0,-0.31322,0.8019999999999999,0.87,0.98
Kepler-339 c,Kepler-339,1.15,7.300000000000001,26.4,0.0,914.0,101.84100000000004,6.988054999999998,0.069,5631.0,-0.31322,0.8019999999999999,0.87,0.98
Kepler-339 d,Kepler-339,1.17,14.699999999999998,50.400000000000006,0.0,796.0,58.650999999999996,10.558345000000001,0.091,5631.0,-0.31322,0.8019999999999999,0.87,0.98
Kepler-34 b,Kepler-34,8.564,69.92000000000003,0.613,0.182,376.91999999999996,4.952227806474742,288.8220000000001,1.0896,5913.0,0.173,1.1618,1.0479,5.7395999999999985
Kepler-340 b,Kepler-340,2.53,6.9399999999999995,2.35,0.0,1092.0,274.3179999999999,14.844387,0.134,6620.0,0.86749,1.85,1.65,1.29
Kepler-340 c,Kepler-340,3.37,11.300000000000002,1.62,0.0,946.0,154.653,22.824669000000004,0.178,6620.0,0.86749,1.85,1.65,1.29
Kepler-341 b,Kepler-341,1.18,1.7600000000000002,5.89,0.0,1085.0,422.09699999999987,5.195528,0.06,6012.0,0.12721,1.024,0.976,9.12
Kepler-341 c,Kepler-341,1.7,3.5300000000000002,3.95,0.0,940.0,237.43,8.01041,0.08,6012.0,0.12721,1.024,0.976,9.12
Kepler-341 d,Kepler-341,1.85,4.08,3.5399999999999996,0.0,622.0,45.423,27.666312999999995,0.182,6012.0,0.12721,1.024,0.976,9.12
Kepler-341 e,Kepler-341,1.99,4.619999999999999,3.22,0.0,539.0,25.666999999999994,42.473269,0.242,6012.0,0.12721,1.024,0.976,9.12
Kepler-342 b,Kepler-342,2.25,5.6899999999999995,2.74,0.0,905.0,160.26100000000002,15.170317999999996,0.128,6175.0,0.45345,1.472,1.213,2.82
Kepler-342 c,Kepler-342,1.96,4.5,3.2800000000000002,0.0,754.0,77.28999999999999,26.234137999999998,0.185,6175.0,0.45345,1.472,1.213,2.82
Kepler-342 d,Kepler-342,2.49,6.759999999999999,2.4100000000000006,0.0,658.0,44.828,39.459357,0.242,6175.0,0.45345,1.472,1.213,2.82
Kepler-342 e,Kepler-342,0.88,0.615,4.96,0.0,1897.0,3111.321999999999,1.644224613,0.02909,6366.0,0.45345,1.34,1.26,2.04
Kepler-343 b,Kepler-343,2.41,6.390000000000001,2.5100000000000002,0.0,1024.0,206.07199999999995,8.96855,0.08799999999999998,5807.0,0.2162,1.433,1.055,6.46
Kepler-343 c,Kepler-343,2.02,4.74,3.16,0.0,746.0,57.93200000000001,23.22182,0.167,5807.0,0.2162,1.433,1.055,6.46
Kepler-344 b,Kepler-344,2.61,7.320000000000001,2.26,0.0,643.0,27.327,21.963945000000002,0.153,5774.0,-0.18481,0.976,0.931,2.51
Kepler-344 c,Kepler-344,2.95,9.009999999999998,1.9299999999999997,0.0,360.0,2.673,125.59680899999995,0.488,5774.0,-0.18481,0.976,0.931,2.51
Kepler-345 b,Kepler-345,0.74,0.48,4.8,0.0,622.0,35.36999999999999,7.415562999999999,0.066,4504.0,-0.49534,0.623,0.61,2.75
Kepler-345 c,Kepler-345,1.2,2.2,1.22,0.0,575.0,25.829999999999995,9.387427000000002,0.077,4504.0,-0.49534,0.623,0.61,2.75
Kepler-346 b,Kepler-346,2.66,7.559999999999999,2.21,0.0,1008.0,134.357,6.511127,0.071,6033.0,-0.15256,1.021,0.9430000000000001,2.4
Kepler-346 c,Kepler-346,3.07,9.640000000000002,1.8300000000000003,0.0,654.0,23.811999999999998,23.851549,0.16800000000000004,6033.0,-0.15256,1.021,0.9430000000000001,2.4
Kepler-347 b,Kepler-347,1.97,4.540000000000001,3.26,0.0,908.0,180.54899999999995,12.79836,0.11,6088.0,0.34232,1.005,0.922,11.75
Kepler-347 c,Kepler-347,1.75,3.71,3.8,0.0,705.0,65.70699999999997,27.320870999999993,0.183,6088.0,0.34232,1.005,0.922,11.75
Kepler-347 d,Kepler-347,3.04,9.479999999999999,1.85,0.0,482.0,12.75,85.51734399999998,0.3802,5592.0,0.34232,1.4510000000000003,1.0,11.75
Kepler-348 b,Kepler-348,1.52,2.9199999999999995,4.57,0.0,1196.0,438.94199999999984,7.05677,0.076,6177.0,0.4331,1.359,1.189,2.29
Kepler-348 c,Kepler-348,1.33,2.33,5.44,0.0,888.0,133.25899999999993,17.265427,0.138,6177.0,0.4331,1.359,1.189,2.29
Kepler-349 b,Kepler-349,1.9,94.5,75.69999999999997,0.0,972.0,248.27400000000006,5.929778000000001,0.065,5956.0,-0.0073,0.927,1.083,0.55
Kepler-349 c,Kepler-349,1.96,4.5,3.2800000000000002,0.0,763.0,94.49099999999996,12.247629000000002,0.105,5956.0,-0.0073,0.927,1.083,0.55
Kepler-35 b,Kepler-35,8.16,40.363,0.41000000000000003,0.042,381.78999999999996,4.639166083122949,131.45800000000003,0.60347,5606.0,-0.027,1.0284,0.8877,9.714
Kepler-350 b,Kepler-350,1.85,16.899999999999995,4.9,0.0,1037.0,257.72099999999995,11.189562,0.104,6186.0,0.42842,1.534,1.19,4.0
Kepler-350 c,Kepler-350,3.1,6.1000000000000005,0.35,0.0,888.0,138.41499999999996,17.848999999999997,0.13849999999999998,6492.3,0.42842,1.25,1.0,4.0
Kepler-350 d,Kepler-350,2.8,14.900000000000004,2.6899999999999995,0.0,782.0,83.237,26.135999999999996,0.1786,6492.3,0.42842,1.25,1.0,4.0
Kepler-351 b,Kepler-351,3.06,4.8,0.921,0.0,498.0,11.983,37.054919000000005,0.214,5643.0,-0.38644,0.8539999999999999,0.81,2.9
Kepler-351 c,Kepler-351,3.19,11.100000000000001,1.88,0.0,431.0,6.712,57.248089999999976,0.287,5643.0,-0.38644,0.8539999999999999,0.81,2.9
Kepler-351 d,Kepler-351,2.72,7.849999999999999,2.1399999999999997,0.0,318.0,1.9889999999999999,142.544247,0.5177,5225.0,-0.38644,0.78,0.81,4.9
Kepler-352 b,Kepler-352,0.86,0.5659999999999998,4.889999999999999,0.0,694.0,50.38900000000001,10.055370000000002,0.085,5212.0,-0.43235,0.7809999999999999,0.798,1.7
Kepler-352 c,Kepler-352,1.24,2.07,5.970000000000001,0.0,591.0,26.372999999999998,16.332995,0.118,5212.0,-0.43235,0.7809999999999999,0.798,1.7
Kepler-352 d,Kepler-352,0.80628032,0.449,4.709999999999999,0.0,788.0,81.29999999999998,6.887279986999999,0.06574,5208.0,-0.43235,0.772,0.796,1.7
Kepler-353 b,Kepler-353,0.89,0.64,4.989999999999999,0.0,534.0,27.189000000000004,5.795278,0.051,3903.0,-1.18709,0.504,0.553,4.59
Kepler-353 c,Kepler-353,1.38,2.48,5.19,0.0,472.0,16.561,8.410893999999999,0.065,3903.0,-1.18709,0.504,0.553,4.59
Kepler-354 b,Kepler-354,1.84,4.039999999999999,3.5599999999999996,0.0,741.0,64.84499999999998,5.47666,0.054,4648.0,-0.71394,0.6739999999999999,0.6520000000000001,13.8
Kepler-354 c,Kepler-354,1.31,2.2700000000000005,5.55,0.0,508.0,14.404000000000002,16.934402,0.11500000000000002,4648.0,-0.71394,0.6739999999999999,0.6520000000000001,13.8
Kepler-354 d,Kepler-354,1.24,2.07,5.970000000000001,0.0,451.0,8.949,24.209842,0.146,4648.0,-0.71394,0.6739999999999999,0.6520000000000001,13.8
Kepler-355 b,Kepler-355,1.46,2.73,4.82,0.0,840.0,154.80299999999994,11.03189,0.102,6184.0,0.19516,1.066,0.933,10.0
Kepler-355 c,Kepler-355,2.71,7.800000000000002,2.1500000000000004,0.0,633.0,49.97299999999999,25.762293999999997,0.179,6184.0,0.19516,1.066,0.933,10.0
Kepler-356 b,Kepler-356,1.57,3.09,4.39,0.0,1294.0,844.979,4.612696,0.057,6133.0,0.46128,1.335,1.163,4.17
Kepler-356 c,Kepler-356,1.81,3.9299999999999997,3.64,0.0,913.0,209.368,13.121631999999998,0.11500000000000002,6133.0,0.46128,1.335,1.163,4.17
Kepler-357 b,Kepler-357,1.84,4.039999999999999,3.5599999999999996,0.0,793.0,69.56999999999996,6.475434000000001,0.063,5036.0,-0.55635,0.834,0.7940000000000002,2.14
Kepler-357 c,Kepler-357,2.67,7.610000000000001,2.2,0.0,576.0,19.404000000000003,16.858370000000004,0.12,5036.0,-0.55635,0.834,0.7940000000000002,2.14
Kepler-357 d,Kepler-357,3.43,11.599999999999998,1.58,0.0,402.0,4.619,49.49987499999999,0.246,5036.0,-0.55635,0.834,0.7940000000000002,2.14
Kepler-358 b,Kepler-358,2.72,7.849999999999999,2.1399999999999997,0.0,554.0,21.805,34.060466999999996,0.21,5908.0,-0.13809,0.9540000000000001,0.94,0.4
Kepler-358 c,Kepler-358,2.85,8.500000000000002,2.0200000000000005,0.0,411.0,6.599000000000002,83.48836899999999,0.381,5908.0,-0.13809,0.9540000000000001,0.94,0.4
Kepler-359 b,Kepler-359,3.53,12.2,1.5200000000000002,0.0,671.0,23.9,25.563222,0.178,6248.0,-0.09657,1.086,0.8270000000000001,3.02
Kepler-359 c,Kepler-359,4.3,2.8999999999999995,0.1,0.0,512.0,8.1,57.688019999999995,0.307,6248.0,-0.09657,1.086,0.8270000000000001,3.02
Kepler-359 d,Kepler-359,4.01,2.7000000000000006,0.1,0.0,464.0,5.5,77.09569100000002,0.37199999999999994,6248.0,-0.09657,1.086,0.8270000000000001,3.02
Kepler-36 b,Kepler-36,1.498,3.83,6.26,0.0,978.0,247.00000000000009,13.868249999999996,0.11419,5979.0,0.51005,1.634,1.034,7.41
Kepler-36 c,Kepler-36,3.679,7.13,0.7870000000000001,0.0,928.0,191.0,16.218650000000004,0.12692,5979.0,0.51005,1.634,1.034,7.41
Kepler-360 b,Kepler-360,1.65,3.36,4.109999999999999,0.0,1116.0,415.4340000000001,3.2896719999999995,0.044,6053.0,-0.13236,1.058,0.994,1.41
Kepler-360 c,Kepler-360,2.1,5.06,3.0,0.0,860.0,146.50000000000006,7.186434000000001,0.075,6053.0,-0.13236,1.058,0.994,1.41
Kepler-361 b,Kepler-361,1.45,2.7000000000000006,4.869999999999999,0.0,1060.0,411.9049999999999,8.486616,0.086,6169.0,0.45876,1.343,1.191,3.89
Kepler-361 c,Kepler-361,2.52,6.900000000000002,2.37,0.0,568.0,33.948,55.18802300000002,0.3,6169.0,0.45876,1.343,1.191,3.89
Kepler-362 b,Kepler-362,0.88,0.615,4.96,0.0,838.0,207.3360000000001,10.327186,0.087,5788.0,0.20872,0.7220000000000001,0.9040000000000001,12.88
Kepler-362 c,Kepler-362,1.45,2.7000000000000006,4.869999999999999,0.0,543.0,36.667,37.866280999999994,0.207,5788.0,0.20872,0.7220000000000001,0.9040000000000001,12.88
Kepler-363 b,Kepler-363,1.16,1.65,5.81,0.0,1347.0,1000.2430000000002,3.6145680000000002,0.048,5593.0,0.36465,1.4850000000000003,1.226,5.5
Kepler-363 c,Kepler-363,1.69,66.39999999999998,75.59999999999997,0.0,1054.0,376.2899999999999,7.542427000000001,0.079,5593.0,0.36465,1.4850000000000003,1.226,5.5
Kepler-363 d,Kepler-363,2.05,4.86,3.0999999999999996,0.0,905.0,203.76099999999994,11.932125,0.107,5593.0,0.36465,1.4850000000000003,1.226,5.5
Kepler-364 b,Kepler-364,1.55,3.0200000000000005,4.460000000000001,0.0,753.0,68.71000000000001,25.745718000000004,0.178,6108.0,0.35128,1.284,1.076,0.63
Kepler-364 c,Kepler-364,2.15,5.269999999999999,2.91,0.0,568.0,22.234000000000005,59.98062699999997,0.312,6108.0,0.35128,1.284,1.076,0.63
Kepler-365 b,Kepler-365,2.04,4.82,3.12,0.0,865.0,132.15000000000003,10.664903000000002,0.098,6012.0,0.112,1.048,1.02,4.0
Kepler-365 c,Kepler-365,1.64,3.33,4.15,0.0,729.0,66.86999999999999,17.784129000000004,0.137,6012.0,0.112,1.048,1.02,4.0
Kepler-366 b,Kepler-366,1.46,2.73,4.82,0.0,1326.0,1873.3110000000001,3.281959,0.045,6209.0,0.57277,1.048,1.088,6.61
Kepler-366 c,Kepler-366,1.79,3.8599999999999994,3.7,0.0,848.0,286.6000000000001,12.516159999999998,0.11,6209.0,0.57277,1.048,1.088,6.61
Kepler-367 b,Kepler-367,1.3,2.24,5.6,0.0,401.0,5.984999999999999,37.815724,0.20100000000000004,4710.0,-0.61671,0.6950000000000001,0.768,2.29
Kepler-367 c,Kepler-367,1.2,1.8700000000000003,5.950000000000001,0.0,357.0,3.7609999999999997,53.578637,0.253,4710.0,-0.61671,0.6950000000000001,0.768,2.29
Kepler-368 b,Kepler-368,3.26,10.7,1.7000000000000002,0.0,800.0,107.57999999999996,26.847680000000004,0.186,5502.0,0.56235,2.019,1.165,6.46
Kepler-368 c,Kepler-368,3.88,14.3,1.35,0.0,575.0,28.680999999999997,72.379334,0.36,5502.0,0.56235,2.019,1.165,6.46
Kepler-369 b,Kepler-369,1.13,1.5100000000000002,5.749999999999999,0.0,687.0,40.294999999999995,2.7327560000000006,0.03,3591.0,-1.42022,0.471,0.5,4.17
Kepler-369 c,Kepler-369,1.41,2.5699999999999994,5.040000000000001,0.0,391.0,4.21,14.871572000000004,0.094,3591.0,-1.42022,0.471,0.5,4.17
Kepler-37 b,Kepler-37,0.3098,0.79,140.00000000000003,0.098,718.0,44.5,13.367019999999998,0.1019,5357.0,-0.32187,0.7889999999999999,0.79,7.6
Kepler-37 c,Kepler-37,0.755,1.3,14.999999999999998,0.099,615.0,23.9,21.301848000000003,0.139,5357.0,-0.32187,0.7889999999999999,0.79,7.6
Kepler-37 d,Kepler-37,2.03,1.9999999999999996,1.3,0.1,499.0,10.390000000000002,39.7922622,0.2109,5357.0,-0.32187,0.7889999999999999,0.79,7.6
Kepler-37 e,Kepler-37,0.37,8.1,878.9999999999998,0.0,401.0,8.52496273434713,51.19599999999999,0.25,5288.0,-0.32187,0.772,0.8,3.8
Kepler-370 b,Kepler-370,1.59,3.1500000000000004,4.3100000000000005,0.0,1040.0,361.5140000000002,4.57953,0.054,5852.0,0.00609,0.9,0.9819999999999999,6.03
Kepler-370 c,Kepler-370,1.91,4.3100000000000005,3.4000000000000004,0.0,647.0,54.19700000000003,19.02293,0.14,5852.0,0.00609,0.9,0.9819999999999999,6.03
Kepler-371 b,Kepler-371,1.89,4.23,3.44,0.0,554.0,41.737,34.763278,0.19999999999999998,5666.0,0.24392,0.9920000000000001,0.876,12.88
Kepler-371 c,Kepler-371,1.78,3.8199999999999994,3.7200000000000006,0.0,443.0,17.062999999999995,67.968015,0.31300000000000006,5666.0,0.24392,0.9920000000000001,0.876,12.88
Kepler-372 b,Kepler-372,1.36,2.4200000000000004,5.29,0.0,1081.0,384.627,6.849692000000001,0.075,6509.0,0.32073,1.137,1.202,2.349
Kepler-372 c,Kepler-372,2.09,5.02,3.0200000000000005,0.0,755.0,91.88100000000003,20.053762999999996,0.15399999999999997,6509.0,0.32073,1.137,1.202,2.349
Kepler-372 d,Kepler-372,1.69,3.5000000000000004,3.9800000000000004,0.0,660.0,53.471,30.092568000000007,0.20100000000000004,6509.0,0.32073,1.137,1.202,2.349
Kepler-373 b,Kepler-373,1.36,2.4200000000000004,5.29,0.0,1054.0,453.872,5.535309,0.06,5787.0,0.21244,0.8450000000000001,0.9810000000000001,10.96
Kepler-373 c,Kepler-373,1.24,2.07,5.970000000000001,0.0,729.0,103.75600000000004,16.725948,0.126,5787.0,0.21244,0.8450000000000001,0.9810000000000001,10.96
Kepler-374 b,Kepler-374,1.03,1.08,5.43,0.0,1761.0,2014.6610000000003,1.8978059999999999,0.029,5977.0,0.27435,0.9109999999999999,1.033,8.51
Kepler-374 c,Kepler-374,1.1,1.37,5.66,0.0,1467.0,966.5909999999999,3.282807,0.042,5977.0,0.27435,0.9109999999999999,1.033,8.51
Kepler-374 d,Kepler-374,1.31,2.2700000000000005,5.55,0.0,1272.0,548.0989999999999,5.028219,0.056,5977.0,0.27435,0.9109999999999999,1.033,8.51
Kepler-375 b,Kepler-375,1.45,2.7000000000000006,4.869999999999999,0.0,851.0,64.44399999999999,12.125933999999999,0.10100000000000002,5826.0,-0.16278,0.8370000000000001,0.891,0.4
Kepler-375 c,Kepler-375,2.65,7.509999999999999,2.2199999999999998,0.0,720.0,33.15200000000001,19.986325999999995,0.141,5826.0,-0.16278,0.8370000000000001,0.891,0.4
Kepler-376 b,Kepler-376,1.07,1.2400000000000002,5.5600000000000005,0.0,1242.0,689.9119999999999,4.920199,0.057,5900.0,0.35663,1.175,0.9679999999999999,1.91
Kepler-376 c,Kepler-376,1.79,3.8599999999999994,3.7,0.0,873.0,168.28999999999996,14.172327000000001,0.11500000000000002,5900.0,0.35663,1.175,0.9679999999999999,1.91
Kepler-377 b,Kepler-377,1.39,2.5100000000000002,5.140000000000001,0.0,875.0,139.11200000000002,12.509529000000004,0.109,5949.0,0.21756,1.224,1.043,5.5
Kepler-377 c,Kepler-377,2.06,4.9,3.08,0.0,677.0,49.855000000000004,27.014976000000004,0.182,5949.0,0.21756,1.224,1.043,5.5
Kepler-378 b,Kepler-378,0.75,0.347,4.52,0.0,503.0,17.819000000000003,16.092361,0.112,4661.0,-0.65539,0.671,0.78,3.24
Kepler-378 c,Kepler-378,0.7,0.271,4.34,0.0,414.0,8.166000000000002,28.906009,0.166,4661.0,-0.65539,0.671,0.78,3.24
Kepler-379 b,Kepler-379,1.66,3.3899999999999997,4.07,0.0,775.0,90.346,20.098380000000002,0.152,6054.0,0.27953,1.306,1.125,2.24
Kepler-379 c,Kepler-379,2.29,5.860000000000001,2.6800000000000006,0.0,530.0,19.793000000000003,62.78469700000002,0.326,6054.0,0.27953,1.306,1.125,2.24
Kepler-38 b,Kepler-38,4.3,121.99999999999994,2.56,0.032,475.0,14.656048638383723,105.59899999999999,0.4632,5623.0,0.49161,1.7520000000000002,0.9410000000000001,10.0
Kepler-380 b,Kepler-380,1.19,1.8100000000000003,5.9,0.0,1317.0,808.0930000000001,3.9308209999999995,0.05,6045.0,0.2776,1.224,0.99,4.43
Kepler-380 c,Kepler-380,1.27,2.1500000000000004,5.77,0.0,1056.0,333.56499999999994,7.630003999999998,0.078,6045.0,0.2776,1.224,0.99,4.43
Kepler-381 b,Kepler-381,0.99,0.9370000000000002,5.3100000000000005,0.0,1576.0,716.085,5.629020999999999,0.066,6152.0,0.5139,1.568,1.1439999999999997,2.57
Kepler-381 c,Kepler-381,1.12,1.46,5.71,0.0,1180.0,225.33099999999993,13.391634999999999,0.117,6152.0,0.5139,1.568,1.1439999999999997,2.57
Kepler-381 d,Kepler-381,1.0667865,1.23,5.57,0.0,1387.0,436.6999999999999,8.256299972999999,0.08364,6197.0,0.5139,2.1880000000000006,1.198,2.57
Kepler-382 b,Kepler-382,1.32,2.3,5.5,0.0,1166.0,381.46500000000015,5.262155,0.055,5600.0,0.14553,0.945,1.002,7.08
Kepler-382 c,Kepler-382,1.59,3.1500000000000004,4.3100000000000005,0.0,882.0,124.743,12.162700999999998,0.097,5600.0,0.14553,0.945,1.002,7.08
Kepler-383 b,Kepler-383,1.32,2.3,5.5,0.0,545.0,20.909999999999997,12.904532,0.095,4710.0,-0.698,0.6719999999999999,0.669,13.9
Kepler-383 c,Kepler-383,1.24,2.07,5.970000000000001,0.0,406.0,6.440000000000001,31.200751,0.172,4710.0,-0.698,0.6719999999999999,0.669,13.9
Kepler-384 b,Kepler-384,1.12,1.46,5.71,0.0,670.0,101.54899999999996,22.597053000000002,0.148,5577.0,0.39588,0.8819999999999999,0.8819999999999999,12.88
Kepler-384 c,Kepler-384,1.13,1.5100000000000002,5.749999999999999,0.0,531.0,40.09899999999999,45.348269,0.236,5577.0,0.39588,0.8819999999999999,0.8819999999999999,12.88
Kepler-385 b,Kepler-385,2.73,12.800000000000002,3.46,0.0,951.0,143.91899999999998,10.043685999999997,0.097,6326.0,0.14374,1.126,0.9920000000000001,3.31
Kepler-385 c,Kepler-385,3.04,13.2,2.58,0.0,829.0,83.15499999999997,15.163161,0.127,6326.0,0.14374,1.126,0.9920000000000001,3.31
Kepler-385 d,Kepler-385,2.6186448,7.360000000000001,2.25,0.0,535.0,14.999999999999998,56.4159,0.2872,5829.0,0.14374,1.157,1.05,3.31
Kepler-386 b,Kepler-386,1.39,2.5100000000000002,5.140000000000001,0.0,651.0,43.262,12.310430000000004,0.096,5178.0,-0.40199,0.7670000000000001,0.825,9.9
Kepler-386 c,Kepler-386,1.58,3.12,4.35,0.0,513.0,16.656999999999996,25.193458000000007,0.155,5178.0,-0.40199,0.7670000000000001,0.825,9.9
Kepler-387 b,Kepler-387,1.03,1.08,5.43,0.0,994.0,304.08100000000013,6.7916360000000005,0.068,5774.0,0.13738,1.046,0.8500000000000001,1.01
Kepler-387 c,Kepler-387,0.89,0.64,4.989999999999999,0.0,826.0,144.96299999999997,11.837549,0.098,5774.0,0.13738,1.046,0.8500000000000001,1.01
Kepler-388 b,Kepler-388,0.81,0.45699999999999996,4.73,0.0,830.0,112.20999999999998,3.1733150000000006,0.036,4498.0,-0.43932,0.586,0.635,13.9
Kepler-388 c,Kepler-388,0.86,0.5659999999999998,4.889999999999999,0.0,515.0,16.640000000000004,13.297003999999998,0.09299999999999999,4498.0,-0.43932,0.586,0.635,13.9
Kepler-389 b,Kepler-389,1.51,2.89,4.61,0.0,1047.0,167.05800000000005,3.244107,0.041,5376.0,-0.51588,0.7919999999999999,0.765,1.86
Kepler-389 c,Kepler-389,1.46,2.73,4.82,0.0,636.0,22.735,14.511430000000002,0.11,5376.0,-0.51588,0.7919999999999999,0.765,1.86
Kepler-39 b,Kepler-39,13.9,6388.0999999999985,13.000000000000004,0.112,897.0,90.22,21.087209999999995,0.164,6350.0,0.34593,1.4,1.29,2.1
Kepler-390 b,Kepler-390,0.82,0.477,4.75,0.0,786.0,99.97199999999998,6.738088,0.065,5166.0,-0.352,0.776,0.7870000000000001,3.24
Kepler-390 c,Kepler-390,0.79,0.418,4.66,0.0,630.0,41.351,13.060022,0.10100000000000002,5166.0,-0.352,0.776,0.7870000000000001,3.24
Kepler-391 b,Kepler-391,2.5,1099.9999999999998,380.0000000000001,0.46,930.0,690.0000000000002,7.417499999999999,0.083,5038.0,0.66276,2.879,1.27,4.365
Kepler-391 c,Kepler-391,2.88,450.0000000000001,400.00000000000006,0.27,662.0,179.0,20.500999999999998,0.164,5038.0,0.66276,2.879,1.27,4.365
Kepler-392 b,Kepler-392,1.0,0.9719999999999999,5.34,0.0,1125.0,450.654,5.341853,0.059,5938.0,0.19453,1.129,0.8739999999999999,2.97
Kepler-392 c,Kepler-392,1.1,1.37,5.66,0.0,901.0,185.098,10.423117999999999,0.09299999999999999,5938.0,0.19453,1.129,0.8739999999999999,2.97
Kepler-393 b,Kepler-393,1.29,2.21,5.66,0.0,1052.0,429.8130000000001,9.182416999999997,0.091,6189.0,0.52394,1.382,1.256,2.82
Kepler-393 c,Kepler-393,1.33,2.33,5.44,0.0,901.0,231.21300000000008,14.613611999999998,0.124,6189.0,0.52394,1.382,1.256,2.82
Kepler-394 b,Kepler-394,1.6,3.1899999999999995,4.279999999999999,0.0,1035.0,164.78000000000003,8.005013,0.083,6402.0,0.05347,1.1319999999999997,0.87,0.25
Kepler-394 c,Kepler-394,1.66,3.3899999999999997,4.07,0.0,901.0,94.52800000000002,12.130686,0.11,6402.0,0.05347,1.1319999999999997,0.87,0.25
Kepler-394 d,Kepler-394,1.50066814,2.86,4.6499999999999995,0.0,1165.0,301.9999999999999,5.613580227,0.05904,6398.0,0.05347,1.101,1.141,0.25
Kepler-395 b,Kepler-395,1.03,1.08,5.43,0.0,576.0,17.799999999999997,7.054346000000001,0.061,4262.0,-1.194,0.556,0.622827,1.6
Kepler-395 c,Kepler-395,1.32,2.3,5.5,0.0,341.0,2.1100000000000003,34.989262000000004,0.177,4262.0,-1.194,0.556,0.622827,1.6
Kepler-396 b,Kepler-396,3.5,75.49999999999997,9.679999999999998,0.0,496.0,13.731000000000002,42.994000000000014,0.24067,5656.0,-0.13461,1.06,0.8500000000000001,0.62
Kepler-396 c,Kepler-396,5.3,17.9,0.661,0.0,390.0,5.244,88.50499999999995,0.38946,5656.0,-0.13461,1.06,0.8500000000000001,0.62
Kepler-397 b,Kepler-397,2.46,6.619999999999999,2.44,0.0,539.0,20.010000000000005,22.250949,0.144,5307.0,-0.376,0.7670000000000001,0.8440000000000001,5.25
Kepler-397 c,Kepler-397,6.18,31.599999999999994,0.736,0.0,295.0,1.8000000000000003,135.49852699999997,0.48,5307.0,-0.376,0.7670000000000001,0.8440000000000001,5.25
Kepler-398 b,Kepler-398,0.93,0.7490000000000001,5.12,0.0,755.0,81.28700000000002,4.081423000000001,0.044,4493.0,-0.81101,0.613,0.649,2.34
Kepler-398 c,Kepler-398,1.01,1.01,5.390000000000001,0.0,536.0,20.556000000000004,11.419412000000001,0.087,4493.0,-0.81101,0.613,0.649,2.34
Kepler-398 d,Kepler-398,0.88,0.615,4.96,0.0,636.0,40.831,6.8343700100000015,0.0618,4557.0,-0.81101,0.67,0.7199999999999999,2.34
Kepler-399 b,Kepler-399,0.96,0.8400000000000001,5.219999999999999,0.0,773.0,35.63000000000001,14.425280999999998,0.103,5502.0,-0.418,0.6800000000000002,0.902,3.98
Kepler-399 c,Kepler-399,1.43,2.63,4.94,0.0,630.0,15.690000000000001,26.675690000000003,0.155,5502.0,-0.418,0.6800000000000002,0.902,3.98
Kepler-399 d,Kepler-399,1.89,4.23,3.44,0.0,486.0,5.57,58.03461599999999,0.261,5502.0,-0.418,0.6800000000000002,0.902,3.98
Kepler-4 b,Kepler-4,4.002,24.471999999999994,1.9099999999999997,0.0,1650.0,1245.4309999999996,3.2134600000000004,0.0456,5857.0,0.354,1.487,1.223,4.5
Kepler-40 b,Kepler-40,13.11,699.2,1.68,0.0,1620.0,1187.965,6.873489999999999,0.08,6510.0,0.81889,2.13,1.48,2.8
Kepler-400 b,Kepler-400,1.65,3.36,4.109999999999999,0.0,939.0,183.38999999999993,9.024389,0.087,5886.0,0.152,1.145,1.08,3.63
Kepler-400 c,Kepler-400,1.49,2.8300000000000005,4.699999999999999,0.0,755.0,76.86,17.340824,0.134,5886.0,0.152,1.145,1.08,3.63
Kepler-401 b,Kepler-401,1.71,3.57,3.92,0.0,889.0,254.2499999999999,14.383034999999998,0.122,6117.0,0.56611,1.333,1.173,3.55
Kepler-401 c,Kepler-401,2.15,5.269999999999999,2.91,0.0,598.0,51.996,47.31821800000001,0.269,6117.0,0.56611,1.333,1.173,3.55
Kepler-401 d,Kepler-401,2.27,5.77,2.7100000000000004,0.0,380.0,8.484999999999998,184.256405,0.66886,6184.0,0.56611,1.29,1.17,3.39
Kepler-402 b,Kepler-402,1.22,1.9799999999999998,5.989999999999999,0.0,1311.0,619.8440000000002,4.028751,0.051,6090.0,0.2035,1.264,1.072,1.4
Kepler-402 c,Kepler-402,1.56,3.0500000000000003,4.41,0.0,1140.0,353.9730000000002,6.124820999999999,0.068,6090.0,0.2035,1.264,1.072,1.4
Kepler-402 d,Kepler-402,1.38,2.48,5.19,0.0,1006.0,214.27700000000004,8.921098999999998,0.087,6090.0,0.2035,1.264,1.072,1.4
Kepler-402 e,Kepler-402,1.46,2.73,4.82,0.0,931.0,157.48100000000005,11.242861,0.102,6090.0,0.2035,1.264,1.072,1.4
Kepler-403 b,Kepler-403,1.25,2.1,5.910000000000001,0.0,1194.0,689.4570000000003,7.031462000000001,0.076,6090.0,0.64405,1.3290000000000002,1.299,3.09
Kepler-403 c,Kepler-403,1.75,3.71,3.8,0.0,604.0,45.153999999999996,54.280749,0.297,6090.0,0.64405,1.3290000000000002,1.299,3.09
Kepler-403 d,Kepler-403,1.42,2.6000000000000005,4.989999999999999,0.0,958.0,285.2950000000001,13.611591290000002,0.12178,6209.0,0.64405,1.45,1.25,3.09
Kepler-404 b,Kepler-404,1.27,2.1500000000000004,5.77,0.0,730.0,44.53399999999999,11.829850999999998,0.102,5654.0,-0.33704,0.8840000000000001,0.86,1.35
Kepler-404 c,Kepler-404,1.72,3.6100000000000003,3.9000000000000004,0.0,678.0,33.153,14.751165999999998,0.118,5654.0,-0.33704,0.8840000000000001,0.86,1.35
Kepler-405 b,Kepler-405,2.08,4.98,3.04,0.0,785.0,55.62300000000002,10.613839000000002,0.095,5818.0,-0.33143,0.893,0.8729999999999999,2.09
Kepler-405 c,Kepler-405,4.66,19.6,1.06,0.0,557.0,14.086,29.726681999999997,0.188,5818.0,-0.33143,0.893,0.8729999999999999,2.09
Kepler-406 b,Kepler-406,1.43,6.349999999999999,11.82,0.0,1302.0,826.933,2.42629,0.03599,5538.0,0.0482,1.07,1.07,5.84
Kepler-406 c,Kepler-406,0.85,2.7100000000000004,24.389999999999997,0.0,1050.0,349.7689999999999,4.62332,0.05531,5538.0,0.0482,1.07,1.07,5.84
Kepler-407 b,Kepler-407,1.19,1.9299999999999997,5.876579,0.0,1983.0,4102.007999999996,0.6693124000000001,0.01531,5487.0,-0.10791,1.04,0.99,2.88
Kepler-407 c,Kepler-407,12.3,4000.0000000000014,11.799999999999999,0.221479,583.6610000000001,27.379498391801196,2999.9999999999995,3.27090369,5476.0,-0.03934,1.01,1.0,7.47
Kepler-408 b,Kepler-408,0.82,5.0,2.56,0.0,1561.0,1503.5809999999994,2.4650200000000004,0.03592,6104.0,0.28298,1.23,1.08,6.68
Kepler-409 b,Kepler-409,1.199,6.0,18.999999999999996,0.69,438.0,6.15,68.95832159999998,0.3192,5421.0,-0.20201,0.8969999999999999,0.913,5.8
Kepler-41 b,Kepler-41,14.46,177.98000000000005,0.33,0.0,1790.0,2036.749000000001,1.8555582000000004,0.03101,5750.0,0.26161,1.29,1.15,4.4
Kepler-410 A b,Kepler-410 A,2.838,8.440000000000001,2.0299999999999994,0.17,866.0,159.49999999999997,17.833647999999997,0.1226,6273.0,0.435,1.3520000000000003,1.214,2.76
Kepler-411 b,Kepler-411,2.401,25.599999999999994,10.3,0.146,1138.0,201.3,3.005156,0.0375,4974.0,-0.57899,0.8200000000000001,0.87,0.212
Kepler-411 c,Kepler-411,4.421,26.4,1.7000000000000002,0.108,838.0,56.00000000000001,7.834435000000001,0.0739,4974.0,-0.57899,0.8200000000000001,0.87,0.212
Kepler-411 d,Kepler-411,3.319,15.199999999999996,2.3,0.128,410.0,3.9000000000000004,58.02035000000001,0.279,4974.0,-0.57899,0.8200000000000001,0.87,0.212
Kepler-411 e,Kepler-411,3.28,10.8,1.68,0.016,503.0,12.748540110853492,31.509728000000003,0.186,4974.0,-0.57899,0.8200000000000001,0.87,0.212
Kepler-412 b,Kepler-412,15.031269,299.0780300000001,0.52,0.0038,1850.0,2144.3070000000007,1.7208604000000003,0.02897,5750.0,0.26854,1.2870000000000001,1.167,5.37
Kepler-413 b,Kepler-413,4.347,67.00000000000001,3.2000000000000006,0.1181,462.81000000000006,8.020843181098499,66.26200000000001,0.3553,4700.0,-0.42994,0.7761,0.8200000000000001,4.558999999999999
Kepler-414 b,Kepler-414,1.71,3.5000000000000004,3.8500000000000005,0.0,1024.0,241.17100000000005,4.699999999999999,0.0543,5536.0,-0.16917,0.946,0.89,1.55
Kepler-414 c,Kepler-414,3.01,29.89999999999999,6.02,0.0,890.0,137.08599999999998,7.171000000000001,0.07195,5536.0,-0.16917,0.946,0.89,1.55
Kepler-415 b,Kepler-415,1.21,119.89999999999996,372.0000000000001,0.0,694.0,69.83399999999999,4.176,0.0426,4362.0,-0.80504,0.643,0.67,4.9
Kepler-415 c,Kepler-415,2.01,4.699999999999999,3.18,0.0,543.0,26.237,8.707999999999998,0.0695,4362.0,-0.80504,0.643,0.67,4.9
Kepler-416 b,Kepler-416,2.48,58.20000000000003,21.000000000000004,0.0,986.0,224.08900000000003,6.319,0.0674,5718.0,0.02791,1.075,1.0,2.69
Kepler-416 c,Kepler-416,2.352,6.13,2.59,0.0,791.0,93.07199999999997,12.208999999999998,0.10454,5718.0,0.02791,1.075,1.0,2.69
Kepler-416 d,Kepler-416,1.61,3.22,4.24,0.0,1253.0,583.25,3.0764470899999994,0.0407,5670.0,0.02791,1.022,0.949,2.69
Kepler-417 b,Kepler-417,2.31,11.0,4.9,0.0,671.0,43.62400000000001,12.331,0.1006,5177.0,-0.41061,0.8060000000000002,0.9,4.9
Kepler-417 c,Kepler-417,2.69,7.700000000000002,2.17,0.0,616.0,30.968000000000007,15.943,0.1194,5177.0,-0.41061,0.8060000000000002,0.9,4.9
Kepler-418 b,Kepler-418,13.45,349.61124770000004,2.56,0.2,434.0,8.876999999999999,86.67855999999998,0.39249,5820.0,0.11114,1.09,0.9799999999999999,7.0
Kepler-418 c,Kepler-418,5.22108654,23.700000000000003,0.915,0.0,835.0,107.59999999999997,12.21829987,0.10632,5822.0,0.11114,1.081,0.9570000000000001,2.1
Kepler-419 b,Kepler-419,10.8,794.4999999999998,3.5000000000000004,0.833,613.0,37.416,69.75460000000001,0.37,6430.0,0.7268,1.7400000000000002,1.3899999999999997,2.14
Kepler-419 c,Kepler-419,12.6,2320.1000000000004,6.37,0.184,513.1,24.12514461221628,675.4700000000003,1.68,6430.0,0.7268,1.7400000000000002,1.3899999999999997,2.14
Kepler-42 b,Kepler-42,0.78,0.705944,0.15,0.04,519.0,22.388000000000005,1.2137672,0.0116,3068.0,-2.62,0.16999999999999998,0.13,4.5
Kepler-42 c,Kepler-42,0.73,60.33700000000002,97.99999999999999,0.0,720.0,82.12499999999999,0.45328509000000006,0.006,3068.0,-2.62,0.16999999999999998,0.13,4.5
Kepler-42 d,Kepler-42,0.57,0.357785,0.55,0.02,450.0,12.537999999999998,1.865169,0.0154,3068.0,-2.62,0.16999999999999998,0.13,4.5
Kepler-421 b,Kepler-421,4.16,16.100000000000005,1.23,0.041,185.0,0.19999999999999998,704.1984000000001,1.219,5308.0,-0.398,0.7569999999999999,0.7940000000000002,4.0
Kepler-422 b,Kepler-422,12.89,136.66000000000003,0.38,0.0,1028.0,264.983,7.891448300000002,0.082,5972.0,0.24,1.2400000000000002,1.15,3.4
Kepler-423 b,Kepler-423,13.361,189.10100000000006,0.4590000000000001,0.019,1605.0,649.1480000000001,2.6843285000000003,0.03585,5560.0,-0.018,0.9500000000000001,0.8500000000000001,11.0
Kepler-424 b,Kepler-424,9.98,327.35,1.9400000000000002,0.0,1116.0,470.75400000000013,3.3118644,0.044,5460.0,-0.15,0.94,1.01,4.9
Kepler-424 c,Kepler-424,12.7,2215.179999999999,5.9399999999999995,0.36548299999999995,503.1,52.83356522684052,223.30000000000007,0.73,5460.0,-0.15,0.94,1.01,4.9
Kepler-425 b,Kepler-425,10.962,79.45,0.27,0.33,1070.0,229.03600000000006,3.7970181599999995,0.0464,5170.0,-0.323,0.86,0.9300000000000002,5.0
Kepler-426 b,Kepler-426,12.22,108.05999999999997,0.26,0.18,1300.0,410.72300000000007,3.2175188300000004,0.0414,5725.0,-0.089,0.9200000000000002,0.91,6.0
Kepler-427 b,Kepler-427,13.79,92.17000000000002,0.16,0.57,1100.0,208.72100000000003,10.290993999999998,0.091,5800.0,0.29,1.35,0.9599999999999999,7.0
Kepler-428 b,Kepler-428,12.11,403.6299999999998,1.02,0.22,1070.0,195.0879999999999,3.5256325400000006,0.0433,5150.0,-0.39,0.8,0.87,5.0
Kepler-43 b,Kepler-43,13.663771,1026.5909000000004,5.0,0.017,1620.0,1138.1150000000002,3.0240949000000006,0.046,6041.0,0.326,1.4199999999999997,1.32,0.69
Kepler-430 b,Kepler-430,3.25,10.600000000000001,1.7000000000000002,0.0,667.0,40.84400000000001,35.968,0.2244,5884.0,0.31207,1.4850000000000003,1.166,4.68
Kepler-430 c,Kepler-430,1.75,3.71,3.8,0.0,458.0,9.096000000000002,110.97900000000001,0.4757,5884.0,0.31207,1.4850000000000003,1.166,4.68
Kepler-431 b,Kepler-431,0.764,0.37,4.56,0.0,1032.0,577.5449999999998,6.803,0.0719,6004.0,0.49839,1.092,1.071,4.34
Kepler-431 c,Kepler-431,0.668,0.22899999999999998,4.22,0.0,951.0,415.5450000000001,8.703,0.0847,6004.0,0.49839,1.092,1.071,4.34
Kepler-431 d,Kepler-431,1.11,1.4100000000000001,5.670000000000001,0.0,856.0,272.83799999999997,11.922,0.1045,6004.0,0.49839,1.092,1.071,4.34
Kepler-432 b,Kepler-432,12.834305,1719.4603,4.460000000000001,0.5134,812.0,97.84600000000005,52.50112899999999,0.301,4995.0,0.92561,4.06,1.32,4.2
Kepler-432 c,Kepler-432,13.3,772.3269,1.8000000000000003,0.498,892.0049999999999,89.32629011146086,406.19999999999993,0.102,4995.0,0.92561,4.06,1.32,4.2
Kepler-433 b,Kepler-433,16.25,896.2399999999998,1.13,0.119,1776.0,1682.6599999999994,5.33408384,0.0679,6360.0,0.88,2.26,1.46,2.67
Kepler-434 b,Kepler-434,12.67,908.9599999999998,2.4,0.131,1000.0,158.2849999999999,12.874709900000001,0.11429999999999998,5977.0,0.33,1.3799999999999997,1.198,4.0
Kepler-435 b,Kepler-435,22.31,266.97000000000014,0.131,0.114,1729.0,677.9169999999999,8.600153600000002,0.0948,6161.0,1.129,3.21,1.538,2.25
Kepler-436 b,Kepler-436,2.73,7.9,2.13,0.19,322.0,1.69,64.00204999999998,0.33899999999999997,4651.0,-0.701,0.697,0.7289999999999999,3.0
Kepler-436 c,Kepler-436,2.33,6.04,2.62,0.0,503.0,14.52,16.79713874,0.11452,4685.0,-0.701,0.71,0.75,4.07
Kepler-437 b,Kepler-437,2.14,5.219999999999999,2.9299999999999997,0.02,308.0,2.1500000000000004,66.65062,0.288,4551.0,-0.762,0.6800000000000002,0.7070000000000001,2.9
Kepler-438 b,Kepler-438,1.12,1.46,5.71,0.03,288.0,1.4,35.23318999999999,0.166,3748.0,-1.357,0.52,0.544,4.4
Kepler-439 b,Kepler-439,2.24,5.65,2.76,0.03,291.0,1.8300000000000003,178.13959999999997,0.563,5431.0,-0.236,0.866,0.8840000000000001,7.2
Kepler-44 b,Kepler-44,12.22,317.82,0.9300000000000002,0.066,1544.0,1109.2230000000002,3.2467293,0.0446,5800.0,0.34743,1.35,1.12,5.8
Kepler-440 b,Kepler-440,1.86,4.119999999999999,3.52,0.34,229.0,1.2,101.11141000000002,0.242,4134.0,-1.102,0.559,0.575,1.3
Kepler-441 b,Kepler-441,1.64,3.33,4.15,0.1,189.0,0.21,207.24820000000005,0.64,4340.0,-1.051,0.55,0.572,1.9
Kepler-442 b,Kepler-442,1.34,2.36,5.390000000000001,0.04,241.0,0.6599999999999999,112.30529999999996,0.4089999999999999,4402.0,-0.932,0.598,0.609,2.9
Kepler-443 b,Kepler-443,2.33,6.04,2.62,0.11,233.0,0.86,177.66929999999994,0.49500000000000005,4723.0,-0.664,0.7060000000000001,0.738,3.2
Kepler-444 b,Kepler-444,0.403,0.0374,3.14,0.16,938.0,225.73500000000013,3.6001053,0.04178,5046.0,-0.42455,0.752,0.758,11.23
Kepler-444 c,Kepler-444,0.497,0.0793,3.5499999999999994,0.31,868.0,165.72999999999996,4.5458841,0.04881,5046.0,-0.42455,0.752,0.758,11.23
Kepler-444 d,Kepler-444,0.53,0.19999999999999998,7.9,0.18,783.0,109.63799999999999,6.189392,0.06,5046.0,-0.42455,0.752,0.758,11.23
Kepler-444 e,Kepler-444,0.546,0.1,4.8,0.1,727.0,81.34399999999997,7.743493000000001,0.0696,5046.0,-0.42455,0.752,0.758,11.23
Kepler-444 f,Kepler-444,0.741,0.332,4.48,0.29,673.0,59.91500000000002,9.740485999999999,0.0811,5046.0,-0.42455,0.752,0.758,11.23
Kepler-445 b,Kepler-445,1.58,3.12,4.35,0.0,401.0,17.657000000000004,2.984151,0.0217,3157.0,-2.09994,0.21,0.18,6.61
Kepler-445 c,Kepler-445,2.51,6.849999999999998,2.3799999999999994,0.0,341.0,9.177,4.871229,0.0301,3157.0,-2.09994,0.21,0.18,6.61
Kepler-445 d,Kepler-445,1.25,2.1,5.910000000000001,0.0,305.0,4.314000000000001,8.15275,0.0439,3157.0,-2.09994,0.21,0.18,6.61
Kepler-446 b,Kepler-446,1.5,2.86,4.66,0.0,648.0,16.212999999999997,1.5654090000000003,0.0182,3359.0,-2.24766,0.24,0.22,3.72
Kepler-446 c,Kepler-446,1.11,1.4100000000000001,5.670000000000001,0.0,520.0,6.705,3.0361790000000006,0.0283,3359.0,-2.24766,0.24,0.22,3.72
Kepler-446 d,Kepler-446,1.35,2.3900000000000006,5.34,0.0,436.0,3.3069999999999995,5.148921,0.0403,3359.0,-2.24766,0.24,0.22,3.72
Kepler-447 b,Kepler-447,18.49,435.4100000000001,0.4,0.123,882.0,119.03899999999996,7.79430132,0.0769,5493.0,-0.19007,1.05,1.0,1.62
Kepler-448 c,KOI-12,12.0,6992.259999999998,22.199999999999996,0.65,627.01,26.052472670752582,2500.0000000000005,4.199999999999999,6635.0,0.62645,1.4,1.5,1.45
Kepler-449 b,Kepler-449,2.056,4.879999999999999,3.09,0.03,917.0,167.41,12.582420000000003,0.1027,5649.18,0.296,1.467,1.02,9.77
Kepler-449 c,Kepler-449,2.764,8.07,2.1,0.05,661.0,45.09000000000001,33.672700000000006,0.1979,5649.18,0.296,1.467,1.02,9.77
Kepler-45 b,Kepler-45,10.76,160.497,0.8,0.11,1000.0,68.37,2.455239,0.03,3820.0,-1.27572,0.55,0.5900000000000001,0.5
Kepler-450 b,Kepler-450,6.14,19.4,0.75,0.02,769.0,94.32500000000002,28.454851000000005,0.20092,6197.21,0.55403,1.64162,1.19,2.57
Kepler-450 c,Kepler-450,2.62,12.5,8.8,0.02,944.0,213.7309999999999,15.413135,0.13351,6197.21,0.55403,1.64162,1.19,2.57
Kepler-450 d,Kepler-450,0.837,17.600000000000005,77.0,0.14,1199.0,557.205,7.51464,0.0827,6197.21,0.55403,1.64162,1.19,2.57
Kepler-451 c,2MASS J19383260+4603591,13.5,511.7037352699998,1.14,0.29,1331.953,150.00347256494493,1460.0000000000002,0.102,29564.0,1.45,0.203,0.48,6.483000000000001
Kepler-451 d,2MASS J19383260+4603591,13.5,559.3779963199997,1.25,0.0,772.23,85.15481175750747,42.99999999999999,0.102,29564.0,1.45,0.203,0.48,6.391
Kepler-452 b,Kepler-452,1.63,3.29,4.17,0.0,265.0,1.1,384.8430000000002,1.046,5757.0,0.08448,1.11,1.037,6.0
Kepler-453 b,Kepler-453,6.204,16.0,2.56,0.0359,331.62,2.8139077636362875,240.50299999999996,0.7903,5527.0,-0.2205,0.833,0.944,2.49
Kepler-454 b,Kepler-454,2.37,5.4,2.2299999999999995,0.32,916.0,117.69999999999999,10.573753399999998,0.09528,5687.0,0.05259,1.066,1.03,5.25
Kepler-454 c,Kepler-454,12.9,1433.4061155699997,3.67,0.0053,562.36,21.232496597978,524.1899999999999,1.2870000000000001,5687.0,0.05259,1.066,1.03,5.25
Kepler-454 d,Kepler-454,13.3,734.1836201700003,1.7099999999999997,0.089,271.275,1.006818570423337,4072.9999999999986,5.1,5687.0,0.05259,1.066,1.03,5.25
Kepler-457 d,KOI-7892,2.98467257,9.189999999999998,1.8999999999999997,0.0,1008.0,244.47000000000006,10.690600400000001,0.0996,6474.0,0.2987,1.2419999999999998,1.148,1.8158999999999998
Kepler-458 c,KIC 9663113,4.2,16.4,1.22,0.0,798.0,279.78700000000003,20.74028413,0.17012,6117.21,0.7919,2.21562,1.15,2.14
Kepler-46 b,Kepler-46,9.057,1906.9999999999993,14.0,0.01,543.0,10.9,33.60134000000001,0.1968,5155.0,-0.255,0.938,0.902,9.7
Kepler-46 c,Kepler-46,13.5,119.49899999999995,0.267,0.0146,455.0,8.660677924137508,57.011000000000024,0.2799,5155.0,-0.255,0.938,0.902,9.7
Kepler-46 d,Kepler-46,1.64,3.33,4.15,0.0,845.0,92.34600000000003,6.766588999999998,0.067,5309.0,-0.255,0.79,0.883,2.34
Kepler-460 c,KIC 5437945,5.52,26.099999999999998,0.853,0.0,389.0,7.3999999999999995,220.1303356999999,0.75318,6146.0,0.64137,1.26,1.17,3.16
Kepler-461 b,Kepler-461,2.58,7.180000000000001,2.3,0.0,886.0,254.90599999999992,8.313783059,0.07895000000000002,5634.0,0.24622,0.91,0.9799999999999999,2.51
Kepler-462 b,Kepler-462,3.0,53.89999999999998,9.299999999999999,0.042,611.0,31.268999999999995,84.68659999999997,0.4172,7500.0,0.92588,1.5700000000000003,1.5900000000000003,0.5
Kepler-462 c,Kepler-462,4.0,6.0,0.4,0.11,453.0,9.970000000000002,207.62000000000003,0.7583999999999999,7500.0,0.92588,1.5700000000000003,1.5900000000000003,0.5
Kepler-463 b,Kepler-463,3.05,9.53,1.85,0.0,880.0,166.03899999999996,8.981016833000002,0.07925,5661.0,0.07904,0.9,0.87,7.41
Kepler-464 b,Kepler-464,3.3,10.9,1.6699999999999997,0.0,1163.0,495.0049999999999,7.256965224000001,0.07931000000000002,5933.0,0.48379,1.5900000000000003,1.21,4.9
Kepler-465 b,Kepler-465,2.95,9.009999999999998,1.9299999999999997,0.0,996.0,227.81999999999994,9.940672466000002,0.09195,6310.0,0.33805,1.29,1.23,2.19
Kepler-466 b,Kepler-466,2.85,8.500000000000002,2.0200000000000005,0.0,503.0,12.5,51.07926307,0.26769,5927.0,-0.06719,1.05,1.04,3.47
Kepler-466 c,Kepler-466,1.25,2.1,5.910000000000001,0.0,1206.0,410.4000000000001,3.709213846,0.04658,5927.0,-0.06719,1.05,1.04,3.47
Kepler-467 b,Kepler-467,2.25,5.6899999999999995,2.74,0.0,712.0,72.74900000000002,24.99324193,0.16848,5809.0,0.32254,1.37,1.05,8.13
Kepler-468 b,Kepler-468,13.34,9.22,2.56,0.0,484.0,11.241000000000001,38.478757067000004,0.2213,5498.0,-0.28606,0.87,0.9599999999999999,2.0
Kepler-47 b,Kepler-47,3.05,2.07,0.4,0.021,507.4309999999999,10.58627159678546,49.46429999999999,0.2877,5636.0,-0.076,0.9360000000000002,0.9570000000000001,3.5713999999999997
Kepler-47 c,Kepler-47,4.65,3.1700000000000004,0.16999999999999998,0.044,361.4,3.9668821360147435,303.22699999999986,0.9637999999999999,5636.0,-0.076,0.9360000000000002,0.9570000000000001,5.175
Kepler-47 d,Kepler-47,7.04,19.02,0.3,0.024,335.62,2.678344390863492,187.36600000000004,0.6992,5636.0,-0.076,0.9360000000000002,0.9570000000000001,4.488
Kepler-471 b,Kepler-471,14.96,9.22,2.56,0.0,1308.0,1146.8779999999997,5.014234575,0.0626,6733.0,0.71017,1.8000000000000003,1.49,1.58
Kepler-472 b,Kepler-472,3.22,10.5,1.73,0.0,876.0,139.23600000000005,4.176255514000001,0.04823,4996.0,-0.51255,0.78,0.8500000000000001,2.69
Kepler-473 b,Kepler-473,4.08,15.599999999999996,1.26,0.0,879.0,243.37599999999992,14.55731705,0.12047999999999999,5816.0,0.5248,1.34,1.06,6.92
Kepler-474 b,Kepler-474,3.06,9.59,1.8399999999999999,0.0,1115.0,671.0639999999996,5.660672934999999,0.06092,5785.0,0.41682,1.08,0.99,6.76
Kepler-475 b,Kepler-475,2.49,6.759999999999999,2.4100000000000006,0.0,980.0,215.46199999999996,3.105508189,0.03989,5009.0,-0.46424,0.79,0.86,2.69
Kepler-476 b,Kepler-476,3.08,9.69,1.82,0.0,807.0,100.09000000000005,14.006406069999999,0.1126,5837.0,0.0949,1.09,1.03,5.37
Kepler-477 b,Kepler-477,2.07,4.94,3.0599999999999996,0.0,649.0,38.71000000000001,11.119906530000002,0.09110000000000001,5240.0,-0.372,0.79,0.87,2.09
Kepler-478 b,Kepler-478,2.71,7.800000000000002,2.1500000000000004,0.0,640.0,39.56,13.2217576,0.1032,5210.0,-0.371,0.8,0.8500000000000001,4.9
Kepler-479 b,Kepler-479,2.12,5.140000000000001,2.9600000000000004,0.0,649.0,37.753,12.49341307,0.09636,5247.0,-0.40903,0.81,0.86,4.27
Kepler-48 b,Kepler-48,1.88,3.9399999999999995,3.23,0.0,932.0,173.12,4.7780000000000005,0.05394,5194.0,-0.28926,0.89,0.8800000000000001,3.14
Kepler-48 c,Kepler-48,2.71,14.609999999999998,4.01,0.0,736.0,67.593,9.673949999999998,0.08633,5194.0,-0.28926,0.89,0.8800000000000001,3.14
Kepler-48 d,Kepler-48,2.04,7.930000000000001,5.08,0.0,448.0,9.291999999999998,42.8961,0.23301999999999998,5194.0,-0.28926,0.89,0.8800000000000001,3.14
Kepler-48 e,Kepler-48,13.4,657.0,1.5,0.003142,243.0,0.688414717980473,981.9999999999999,1.8982747479999995,5194.0,-0.28926,0.89,0.8800000000000001,3.14
Kepler-48 f,Kepler-48,13.8,298.58099680000004,0.624,0.015283,188.8,0.2108268732711149,5219.681854000004,5.7191878769999995,5190.0,-0.28926,0.836,0.9159999999999999,2.69
Kepler-480 b,Kepler-480,2.78,8.15,2.08,0.0,1312.0,764.0780000000002,4.919583795000001,0.06024,6322.0,0.47779,1.34,1.25,2.34
Kepler-481 b,Kepler-481,2.5,6.800000000000002,2.3900000000000006,0.0,899.0,183.84199999999998,10.06082567,0.08926,5802.0,0.20725,1.09,1.01,6.17
Kepler-482 b,Kepler-482,2.36,6.17,2.58,0.0,352.0,4.436000000000001,56.354185759999986,0.25787,4871.0,-0.53864,0.7199999999999999,0.75,6.03
Kepler-483 b,Kepler-483,3.21,10.399999999999999,1.73,0.0,755.0,61.494999999999976,30.229104,0.19471,6346.0,0.43879,1.4700000000000002,1.2800000000000002,2.63
Kepler-484 b,Kepler-484,2.28,5.82,2.7000000000000006,0.0,766.0,90.62899999999999,10.045569313000001,0.09036,5668.0,-0.13505,0.87,0.9599999999999999,1.48
Kepler-485 b,Kepler-485,14.41,9.22,2.56,0.0,1243.0,622.0139999999999,3.243259796,0.04401,5958.0,0.07908,1.09,1.07,3.72
Kepler-487 b,Kepler-487,11.42,9.22,2.56,0.0,662.0,51.49199999999999,15.358768403000001,0.11819,5444.0,-0.17269,0.8800000000000001,0.91,5.62
Kepler-487 c,Kepler-487,2.68,7.65,2.18,0.0,487.0,15.038000000000002,38.65199760000001,0.21864,5444.0,-0.17269,0.8800000000000001,0.91,5.62
Kepler-487 d,Kepler-487,2.77513568,8.120000000000001,2.09,0.0,1226.0,550.7999999999998,2.418390036,0.03445,5422.0,-0.17269,0.887,0.8739999999999999,4.68
Kepler-489 b,Kepler-489,7.72,46.10000000000001,0.551,0.0,538.0,20.618000000000002,17.276296118999998,0.12109,5014.0,-0.51802,0.76,0.8200000000000001,3.31
Kepler-49 b,Kepler-49,2.579,9.77,3.0821110000000003,0.0,509.0,21.480999999999998,7.2,0.05929,4095.6,-1.13077,0.6180000000000001,0.607,2.88
Kepler-49 c,Kepler-49,2.444,8.379999999999999,3.109679,0.008,443.0,12.341000000000001,10.910000000000004,0.07821,4095.6,-1.13077,0.6180000000000001,0.607,2.88
Kepler-49 d,Kepler-49,1.6,235.98200000000008,20.0,0.0,717.0,64.39,2.576549,0.031,4252.0,-1.13077,0.559,0.549,2.88
Kepler-49 e,Kepler-49,1.56,1.03815,0.046,0.0,371.0,6.063,18.596108000000005,0.116,4252.0,-1.13077,0.559,0.549,2.88
Kepler-490 b,Kepler-490,11.65,9.22,2.56,0.0,1597.0,1059.5219999999997,3.268695154,0.0453,6045.0,0.36497,1.12,1.08,3.47
Kepler-491 b,Kepler-491,8.92,58.999999999999986,0.45699999999999996,0.0,1111.0,312.514,4.225384512,0.05191,5582.0,-0.05683,1.03,1.04,4.47
Kepler-493 b,Kepler-493,15.13,9.22,2.56,0.0,1438.0,1414.3289999999993,3.003876581,0.0439,6457.0,0.43813,1.54,1.3599999999999999,2.0
Kepler-495 b,Kepler-495,5.23,23.8,0.9139999999999999,0.0,1200.0,310.0210000000001,3.4130362210000005,0.0427,5346.0,-0.2375,0.83,0.86,4.37
Kepler-495 c,Kepler-495,1.21936414,1.9799999999999998,6.0,0.0,1000.0,108.12999999999998,5.896609783,0.0614,5392.0,-0.2375,1.087,0.8880000000000001,0.6
Kepler-496 b,Kepler-496,2.32,5.989999999999999,2.6400000000000006,0.0,747.0,62.92600000000002,8.308649369999998,0.0747,5293.0,-0.41551,0.8200000000000001,0.86,4.57
Kepler-497 b,Kepler-497,6.04,30.4,0.758,0.0,1210.0,1129.2719999999997,3.573203671,0.0457,5834.0,0.25216,1.11,1.09,3.55
Kepler-498 b,Kepler-498,3.03,9.429999999999998,1.8599999999999999,0.0,931.0,202.77500000000006,9.61375356,0.0897,5744.0,0.17242,0.9599999999999999,0.9799999999999999,3.89
Kepler-499 b,Kepler-499,2.17,5.3500000000000005,2.88,0.0,844.0,148.45600000000005,5.632528453,0.0598,5312.0,-0.27919,0.83,0.87,4.57
Kepler-5 b,Kepler-5,15.984034,670.9391300000002,0.4,0.0,1750.0,1822.758,3.5484657,0.0538,6297.0,0.65242,1.793,1.374,2.88
Kepler-50 b,Kepler-50,1.71,8.9,6.04982,0.0,1196.0,494.705,7.812540000000002,0.077,6225.0,0.53582,1.58,1.2400000000000002,3.8
Kepler-50 c,Kepler-50,2.17,8.2,9.249213000000001,0.0,1125.0,388.44399999999985,9.376470000000001,0.087,6225.0,0.53582,1.58,1.2400000000000002,3.8
Kepler-500 b,Kepler-500,2.58,7.180000000000001,2.3,0.0,909.0,193.68000000000006,8.508324398000001,0.08361,5813.0,0.11615,1.03,1.02,4.37
Kepler-501 b,Kepler-501,4.3,17.1,1.18,0.0,1125.0,324.85599999999994,5.640677572000001,0.0627,5904.0,0.21635,1.04,1.03,3.31
Kepler-501 c,Kepler-501,1.68119739,3.4699999999999998,4.01,0.0,1304.0,683.8399999999998,3.622760057,0.0467,5794.0,0.21635,1.216,1.032,0.3
Kepler-502 b,Kepler-502,4.77,20.4,1.03,0.0,1217.0,859.5089999999998,4.28686431,0.0535,6125.0,0.34908,1.22,1.15,3.09
Kepler-504 b,Kepler-504,1.59,3.1500000000000004,4.3100000000000005,0.0,374.0,5.990999999999999,9.549275421999997,0.0646,3519.0,-1.57681,0.33,0.33,4.17
Kepler-505 b,Kepler-505,2.6,7.269999999999999,2.2700000000000005,0.0,314.0,3.6409999999999996,27.52197994000001,0.1445,3931.0,-1.07864,0.53,0.55,3.16
Kepler-506 b,Kepler-506,2.73,7.9,2.13,0.0,1080.0,330.547,6.883405500000001,0.07437,6236.0,0.28755,1.19,1.19,1.74
Kepler-507 b,Kepler-507,1.3,5.69692195,14.828485999999998,0.0,1407.0,877.3269999999998,3.568096926,0.04781,6113.0,0.32648,1.32,1.16,3.8
Kepler-508 b,Kepler-508,1.64,3.33,4.15,0.0,710.0,60.37200000000002,25.308897480000006,0.17274,6025.0,0.28949,1.25,1.16,3.55
Kepler-509 b,Kepler-509,2.49,6.759999999999999,2.4100000000000006,0.0,584.0,28.48100000000001,41.74600392000001,0.23702,6060.0,0.23291,1.2,1.1,4.27
Kepler-51 b,Kepler-51,7.1,2.1,0.03,0.04,543.0,10.119,45.153999999999996,0.2514,6018.0,-0.1417,0.94,1.04,0.3
Kepler-51 c,Kepler-51,9.0,3.9999999999999996,0.03,0.014,439.0,4.331000000000001,85.31199999999997,0.384,6018.0,-0.1417,0.94,1.04,0.3
Kepler-51 d,Kepler-51,9.7,7.599999999999999,0.046,0.008,381.0,2.466,130.19399999999996,0.509,6018.0,-0.1417,0.94,1.04,0.3
Kepler-51 e,Kepler-51,2.18,5.4,2.86,0.02,566.39,18.89397704778982,264.284,0.102,5674.0,-0.1417,0.87,0.9599999999999999,0.7
Kepler-510 b,Kepler-510,2.47,6.660000000000002,2.43,0.0,797.0,114.38899999999995,19.556594180000005,0.1352,5746.0,0.33243,1.4100000000000001,0.91,10.47
Kepler-511 b,Kepler-511,6.35,33.099999999999994,0.71,0.0,332.0,4.208,296.6378649999999,0.8567200000000001,5770.0,0.49754,1.2,1.0,7.94
Kepler-511 c,Kepler-511,4.20964327,16.500000000000004,1.22,0.0,742.0,101.59999999999997,26.62949944,0.17176999999999998,5866.0,0.49754,1.417,0.9580000000000001,9.12
Kepler-512 b,Kepler-512,2.69,7.700000000000002,2.17,0.0,652.0,32.329,34.43587974999999,0.21395,5997.0,0.21625,1.3,1.17,3.72
Kepler-513 b,Kepler-513,2.2,5.480000000000001,2.8300000000000005,0.0,623.0,36.526999999999994,28.862355840000003,0.1779,5849.0,0.07874,1.06,1.02,5.5
Kepler-514 b,Kepler-514,1.72,3.6100000000000003,3.9000000000000004,0.0,1248.0,506.4120000000002,5.651796049999999,0.06559,6106.0,0.35265,1.44,1.2800000000000002,2.69
Kepler-515 b,Kepler-515,1.46,2.73,4.82,0.0,564.0,47.970000000000006,19.963713179999996,0.1333,5293.0,-0.312,0.83,0.9,3.39
Kepler-516 b,Kepler-516,5.74,27.9,0.8110000000000002,0.0,1095.0,174.57999999999998,24.854624150000003,0.1992,7099.0,0.79832,2.0200000000000005,1.62,1.32
Kepler-517 b,Kepler-517,2.67,7.610000000000001,2.2,0.0,467.0,10.555,60.92832271000002,0.28682,5690.0,-0.01857,0.9799999999999999,0.9500000000000001,6.31
Kepler-518 b,Kepler-518,2.11,5.1,2.98,0.0,839.0,133.31700000000004,8.512035877,0.07996,5842.0,-0.04002,0.8800000000000001,0.9599999999999999,1.35
Kepler-519 b,Kepler-519,2.1,5.06,3.0,0.0,532.0,19.870000000000005,24.307894600000004,0.15932,5260.0,-0.33467,0.8,0.89,1.91
Kepler-52 b,Kepler-52,2.1,135.00000000000006,3.3500000000000005,0.0,553.0,22.720000000000002,7.877356500000002,0.0637,4075.0,-0.99568,0.52,0.54,1.01
Kepler-52 c,Kepler-52,1.84,45.39999999999999,20.0,0.012,433.0,8.55,16.3850021,0.10379,4075.0,-0.99568,0.52,0.54,1.01
Kepler-52 d,Kepler-52,1.95,88.87749999999997,17.999999999999996,0.0,332.0,2.945,36.445171,0.182,4263.0,-0.99568,0.556,0.577,1.01
Kepler-520 b,Kepler-520,1.66,3.3899999999999997,4.07,0.0,711.0,59.769999999999996,19.674161240000004,0.14628,6112.0,0.51032,1.09,1.1,2.04
Kepler-520 c,Kepler-520,1.07,1.2400000000000002,5.5600000000000005,0.0,1107.0,351.6899999999999,5.21104261,0.06035,6112.0,0.51032,1.09,1.1,2.04
Kepler-521 b,Kepler-521,3.18,10.2,1.7400000000000002,0.0,803.0,160.612,22.20813214,0.17116,6406.0,0.67119,1.46,1.34,1.78
Kepler-522 b,Kepler-522,6.91,38.199999999999996,0.636,0.0,761.0,63.855000000000025,38.58422849000001,0.25029,6392.0,0.65452,1.9799999999999998,1.54,1.7
Kepler-523 b,Kepler-523,1.96,4.5,3.2800000000000002,0.0,884.0,149.13499999999993,5.835983110999999,0.06159,5515.0,-0.27953,0.86,0.9300000000000002,2.45
Kepler-524 b,Kepler-524,1.91,4.3100000000000005,3.4000000000000004,0.0,974.0,434.2369999999999,7.974198070000001,0.07955,6014.0,0.43947,1.1,1.09,3.02
Kepler-524 c,Kepler-524,0.96,0.8400000000000001,5.219999999999999,0.0,1574.0,2959.3380000000006,1.88897906,0.03046,6014.0,0.43947,1.1,1.09,3.02
Kepler-525 b,Kepler-525,2.63,7.409999999999998,2.24,0.0,832.0,176.23200000000003,18.68404933,0.14386,5573.0,0.525,1.15,0.9500000000000001,10.47
Kepler-526 b,Kepler-526,1.99,4.619999999999999,3.22,0.0,1099.0,584.3540000000003,5.458498315999999,0.06518,5894.0,0.35055,1.14,1.15,2.14
Kepler-527 b,Kepler-527,2.84,8.45,2.0299999999999994,0.0,1157.0,147.04600000000002,13.285356330000003,0.11646,6388.0,0.32269,1.45,1.2800000000000002,2.4
Kepler-528 b,Kepler-528,2.08,4.98,3.04,0.0,708.0,68.971,19.78297415,0.14219,5807.0,0.15784,1.06,1.01,5.5
Kepler-529 b,Kepler-529,1.86,4.119999999999999,3.52,0.0,1662.0,1808.41,1.980357663,0.0309,6087.0,0.207,1.14,1.07,3.98
Kepler-529 c,Kepler-529,2.0,4.66,3.2000000000000006,0.0,891.0,149.41999999999996,12.834502200000001,0.10750000000000001,6087.0,0.207,1.14,1.07,3.98
Kepler-529 d,Kepler-529,2.79502603,8.220000000000002,2.07,0.0,633.0,37.92,35.86619949,0.2134,6078.0,0.241,1.189,1.005,0.2
Kepler-53 b,Kepler-53,2.89,110.99999999999996,1.18,0.0,701.0,60.99700000000001,18.648952499999996,0.1361,5858.0,0.03558,0.89,0.9799999999999999,0.3
Kepler-53 c,Kepler-53,3.17,36.0,0.9200000000000002,0.0,550.0,23.176,38.558303800000004,0.22091,5858.0,0.03558,0.89,0.9799999999999999,0.3
Kepler-53 d,Kepler-53,2.12,37.19070000000001,1.4,0.0,870.0,144.85200000000003,9.751961999999999,0.091,6085.0,0.03558,0.9580000000000001,0.966,0.3
Kepler-530 b,Kepler-530,3.01,9.32,1.88,0.0,488.0,14.237999999999998,39.309419039999995,0.21491,5697.0,-0.13247,0.89,0.97,1.78
Kepler-531 b,Kepler-531,2.78,8.15,2.08,0.0,453.0,10.007,29.884857410000002,0.17446,4893.0,-0.55216,0.75,0.78,7.76
Kepler-532 b,Kepler-532,2.57,7.13,2.31,0.0,620.0,34.08899999999999,12.924916229999997,0.10151,5192.0,-0.45789,0.79,0.87,2.0
Kepler-533 b,Kepler-533,3.38,11.4,1.62,0.0,423.0,8.769000000000002,28.511205250000003,0.16704,4758.0,-0.62007,0.7199999999999999,0.78,3.24
Kepler-534 b,Kepler-534,2.24,5.65,2.76,0.0,721.0,63.94999999999999,15.959945129999998,0.1272,5884.0,0.14739,0.9799999999999999,1.05,1.58
Kepler-534 c,Kepler-534,1.227,2.0200000000000005,6.01,0.0,933.0,178.67999999999995,7.378689766000001,0.0761,5936.0,0.14739,0.965,1.075,1.58
Kepler-535 b,Kepler-535,2.36,6.17,2.58,0.0,1247.0,601.8909999999997,4.903321551000001,0.06011,6123.0,0.3406,1.27,1.18,3.24
Kepler-536 b,Kepler-536,3.1,9.8,1.8100000000000003,0.0,1877.0,892.8119999999997,1.8270822990000002,0.02835,5524.0,-0.21446,0.89,0.9200000000000002,4.79
Kepler-537 b,Kepler-537,1.41,2.5699999999999994,5.040000000000001,0.0,1181.0,442.52199999999993,3.2475552189999997,0.04317,5763.0,-0.03874,0.99,1.07,1.45
Kepler-538 b,Kepler-538,2.215,12.899999999999999,6.499999999999999,0.21,417.0,5.07,81.73777999999997,0.35539999999999994,5534.0,-0.17887,0.8717,0.8920000000000001,5.3
Kepler-539 b,Kepler-539,8.373123,308.29509999999993,2.8999999999999995,0.39,387.6,3.681,125.63243000000004,0.49879999999999997,5820.0,-0.06048,0.952,1.048,0.91
Kepler-539 c,Kepler-539,13.3,762.7919999999999,1.7800000000000002,0.5,253.0,1.8529355046602216,999.9999999999999,2.4200000000000004,5820.0,-0.06048,0.952,1.048,0.91
Kepler-54 b,Kepler-54,2.1,0.9799999999999999,0.76,0.022,453.0,12.356999999999996,8.010943399999999,0.0619,3705.0,-1.30103,0.5,0.51,4.83
Kepler-54 c,Kepler-54,1.23,0.7,2.376368,0.0,395.0,3.0700000000000003,12.071724900000001,0.0809,3705.0,-1.30103,0.5,0.51,4.83
Kepler-54 d,Kepler-54,1.53,12.094599999999996,9.2,0.0,328.0,3.425,20.995694000000004,0.126,4252.0,-1.30103,0.554,0.518,4.83
Kepler-540 b,Kepler-540,2.71,7.800000000000002,2.1500000000000004,0.0,355.0,4.525,172.7049784,0.58822,5946.0,0.20658,1.08,1.02,4.9
Kepler-541 b,Kepler-541,3.36,11.2,1.62,0.0,1673.0,1452.9040000000002,5.08005848,0.06447,6166.0,0.75505,2.0599999999999996,1.4100000000000001,3.09
Kepler-542 b,Kepler-542,1.57,3.09,4.39,0.0,698.0,61.57299999999998,13.14497566,0.10703,5526.0,-0.12185,0.9,0.9300000000000002,4.57
Kepler-543 b,Kepler-543,2.5,6.800000000000002,2.3900000000000006,0.0,521.0,23.081,13.899619659999999,0.10229999999999999,4671.0,-0.64251,0.67,0.7,5.75
Kepler-544 b,Kepler-544,2.12,5.140000000000001,2.9600000000000004,0.0,748.0,126.03100000000002,21.41616926,0.15482,6206.0,0.52864,1.22,1.16,2.63
Kepler-545 b,Kepler-545,2.69,7.700000000000002,2.17,0.0,806.0,101.14300000000003,13.249340590000001,0.11248,5882.0,0.10684,1.07,1.04,4.47
Kepler-546 b,Kepler-546,7.0,39.099999999999994,0.626,0.0,1258.0,690.1299999999999,4.1470202579999995,0.0502,5967.0,0.27057,1.15,1.11,3.31
Kepler-547 b,Kepler-547,4.0,15.099999999999998,1.3,0.0,768.0,87.71300000000002,6.010384289000001,0.058,4828.0,-0.55508,0.73,0.78,2.88
Kepler-548 b,Kepler-548,11.99,9.22,2.56,0.0,1017.0,237.035,4.454194338,0.0495,5535.0,-0.2012,0.9,0.9300000000000002,4.37
Kepler-549 b,Kepler-549,2.57,11.0,1.8999999999999997,0.0,487.0,9.548999999999998,42.94956490000001,0.23236,5360.0,-0.30618,0.8400000000000001,0.8800000000000001,4.57
Kepler-549 c,Kepler-549,2.93,8.909999999999998,1.9499999999999997,0.0,349.0,2.5100000000000002,117.04049799999996,0.45332,5360.0,-0.30618,0.8400000000000001,0.8800000000000001,4.57
Kepler-549 d,Kepler-549,4.2,16.4,1.22,0.0,586.0,27.929999999999996,24.614806129999998,0.15749999999999997,5312.0,-0.30618,0.9859999999999999,0.8590000000000001,1.66
Kepler-55 b,Kepler-55,2.43,42.99999999999999,16.500000000000004,0.0,400.0,6.642000000000001,27.948144900000003,0.1593,4362.0,-0.76324,0.58,0.62,2.34
Kepler-55 c,Kepler-55,2.21,69.79999999999997,35.50000000000001,0.0,349.0,3.84,42.15164179999999,0.2095,4362.0,-0.76324,0.58,0.62,2.34
Kepler-55 d,Kepler-55,1.59,3.1500000000000004,4.3100000000000005,0.0,931.0,195.00500000000008,2.211099,0.029,4503.0,-0.76324,0.619,0.631,2.34
Kepler-55 e,Kepler-55,1.55,3.0200000000000005,4.460000000000001,0.0,728.0,73.157,4.617533999999999,0.048,4503.0,-0.76324,0.619,0.631,2.34
Kepler-55 f,Kepler-55,1.59,3.1500000000000004,4.3100000000000005,0.0,559.0,25.437999999999995,10.198545000000001,0.081,4503.0,-0.76324,0.619,0.631,2.34
Kepler-550 b,Kepler-550,4.42,17.9,1.14,0.0,760.0,77.258,8.600104109,0.0747,5322.0,-0.38383,0.83,0.87,4.68
Kepler-551 b,Kepler-551,2.73,7.9,2.13,0.0,483.0,14.385999999999997,12.376466099999998,0.0893,4286.0,-0.89514,0.63,0.65,3.8
Kepler-552 b,Kepler-552,3.95,14.799999999999997,1.32,0.0,1103.0,358.9940000000001,5.263415765000001,0.0612,5863.0,0.06292,1.04,1.03,3.89
Kepler-553 b,Kepler-553,4.74139884,116.00736855000002,2.56,0.0,1089.0,235.0000000000001,4.030467,0.04766,5191.0,-0.27084,0.902,0.889,8.8
Kepler-553 c,Kepler-553,11.57887706,2129.4503268999997,7.530000000000001,0.346,251.0,0.589,328.24017,0.8980000000000001,5191.0,-0.27084,0.902,0.889,8.8
Kepler-554 b,Kepler-554,4.29,16.999999999999996,1.18,0.0,1346.0,877.945,1.9022085559999997,0.03022,5447.0,-0.11758,0.9200000000000002,0.9300000000000002,5.62
Kepler-555 b,Kepler-555,2.83,8.400000000000002,2.04,0.0,664.0,129.37399999999994,16.21775407,0.1201,5894.0,0.26392,1.04,1.03,3.89
Kepler-556 b,Kepler-556,2.24,5.65,2.76,0.0,766.0,81.64099999999998,11.722921760000002,0.09833,5740.0,-0.04785,0.9799999999999999,1.0,4.17
Kepler-557 b,Kepler-557,2.67,7.610000000000001,2.2,0.0,1281.0,2885.6630000000014,3.705989551,0.0469,6068.0,0.72814,1.16,1.11,3.24
Kepler-558 b,Kepler-558,2.37,6.21,2.56,0.0,498.0,15.226999999999997,29.007905380000008,0.1759,5242.0,-0.38422,0.81,0.8500000000000001,4.47
Kepler-559 b,Kepler-559,3.61,12.7,1.48,0.0,706.0,42.543,17.587523329999996,0.1277,5630.0,-0.12141,0.9500000000000001,0.9599999999999999,4.37
Kepler-56 b,Kepler-56,6.51,22.099999999999998,0.442,0.04,1378.0,819.2450000000001,10.501600000000002,0.1028,4840.0,0.90455,4.23,1.32,3.5
Kepler-56 c,Kepler-56,9.8,180.99999999999997,1.06,0.0,1087.0,317.20599999999996,21.402389999999997,0.1652,4840.0,0.90455,4.23,1.32,3.5
Kepler-56 d,Kepler-56,12.8,1783.9999999999995,4.67,0.2,582.832,31.384321052486218,1002.0000000000003,2.16,4819.44,0.90455,4.21799,1.29,4.37
Kepler-560 b,Kepler-560,1.72,3.6100000000000003,3.9000000000000004,0.17,298.0,2.46,18.47764449,0.0899,3556.0,-1.717,0.33,0.33999999999999997,4.07
Kepler-561 b,Kepler-561,6.96,38.7,0.631,0.0,446.0,7.565,58.36204949999998,0.29255999999999993,5646.0,-0.17974,0.94,0.9599999999999999,4.27
Kepler-561 c,Kepler-561,2.68,7.65,2.18,0.0,989.0,183.16600000000005,5.350161983,0.05947,5646.0,-0.17974,0.94,0.9599999999999999,4.27
Kepler-562 b,Kepler-562,5.21,23.700000000000003,0.921,0.0,658.0,67.43499999999999,18.009314435999997,0.1333,5575.0,0.01578,0.9,0.9300000000000002,4.57
Kepler-563 b,Kepler-563,3.09,9.750000000000004,1.82,0.0,546.0,18.738000000000003,22.184327079999996,0.1418,5066.0,-0.44389,0.77,0.8,5.37
Kepler-564 b,Kepler-564,4.63,19.4,1.07,0.0,1129.0,389.40400000000017,3.750832285,0.0484,5626.0,-0.06437,0.9200000000000002,0.9500000000000001,4.27
Kepler-565 b,Kepler-565,3.64,12.899999999999999,1.4700000000000002,0.0,1063.0,301.46000000000004,4.243747225999999,0.0501,5735.0,-0.0551,0.9500000000000001,0.9799999999999999,4.07
Kepler-566 b,Kepler-566,2.15,5.269999999999999,2.91,0.0,526.0,16.879,18.427946239999997,0.1247,5132.0,-0.52379,0.79,0.83,4.57
Kepler-567 b,Kepler-567,2.25,5.6899999999999995,2.74,0.0,611.0,26.136999999999997,16.542973750000005,0.1229,5148.0,-0.40926,0.79,0.8400000000000001,4.68
Kepler-568 b,Kepler-568,2.26,5.73,2.73,0.0,429.0,8.37,11.023474749999998,0.0794,3768.0,-1.33039,0.53,0.55,5.89
Kepler-569 b,Kepler-569,3.16,10.1,1.7600000000000002,0.0,526.0,19.314,34.18890521,0.19784,5616.0,-0.10661,0.9300000000000002,0.9500000000000001,4.9
Kepler-57 b,Kepler-57,3.135,25.060000000000002,4.466029,0.0162,850.0,124.34900000000006,5.720000000000001,0.05988000000000001,5187.9,-0.34241,0.8260000000000001,0.8590000000000001,3.31
Kepler-57 c,Kepler-57,2.196,6.86,3.5287139999999995,0.0725,671.0,48.573999999999984,11.599999999999998,0.09588,5187.9,-0.34241,0.8260000000000001,0.8590000000000001,3.31
Kepler-570 b,Kepler-570,2.45,6.570000000000001,2.45,0.0,1009.0,214.04000000000002,4.301662002999999,0.0497,5496.0,-0.29611,0.9,0.9300000000000002,5.01
Kepler-571 b,Kepler-571,2.64,7.460000000000001,2.2299999999999995,0.0,978.0,219.03599999999997,4.798599388,0.0546,5527.0,-0.22253,0.9,0.9300000000000002,4.68
Kepler-572 b,Kepler-572,2.58,7.180000000000001,2.3,0.0,553.0,26.889,17.205234829999995,0.1192,5212.0,-0.43426,0.79,0.83,4.68
Kepler-573 b,Kepler-573,2.79,8.2,2.07,0.0,646.0,46.44000000000001,22.183296579999997,0.14527,5746.0,0.0286,1.02,0.99,5.89
Kepler-574 b,Kepler-574,2.39,6.300000000000001,2.54,0.0,858.0,120.47000000000003,7.65880414,0.07230000000000002,5612.0,-0.21429,0.91,0.9500000000000001,4.17
Kepler-575 b,Kepler-575,2.39,6.300000000000001,2.54,0.0,803.0,141.98700000000002,9.378919440000002,0.0788,5710.0,-0.08379,0.9500000000000001,0.97,3.98
Kepler-576 b,Kepler-576,3.27,10.7,1.68,0.0,541.0,16.817000000000004,29.91136794,0.179,5672.0,-0.21068,0.97,0.99,4.47
Kepler-577 b,Kepler-577,2.55,7.040000000000001,2.33,0.0,314.0,5.688,25.695782510000004,0.1348,4984.0,-0.555,0.73,0.78,3.8
Kepler-578 b,Kepler-578,2.0,4.66,3.2000000000000006,0.0,1774.0,496.89799999999985,1.616883696,0.0266,5334.0,-0.3369,0.83,0.87,4.68
Kepler-579 b,Kepler-579,2.0,4.66,3.2000000000000006,0.0,730.0,60.60900000000001,9.66857723,0.08539999999999999,5636.0,-0.31094,0.9599999999999999,0.99,4.07
Kepler-58 b,Kepler-58,2.78,35.50000000000001,10.1,0.04,920.0,112.99200000000003,10.218495399999998,0.09291,5843.0,-0.00422,1.03,0.9500000000000001,2.14
Kepler-58 c,Kepler-58,2.86,53.00000000000001,10.000000000000002,0.0,799.0,64.38899999999998,15.574156799999999,0.12307,5843.0,-0.00422,1.03,0.9500000000000001,2.14
Kepler-58 d,Kepler-58,2.94,245.34299999999993,0.53,0.0,583.0,18.244000000000003,40.10137100000001,0.236,6099.0,-0.00422,1.1270000000000002,1.024,2.14
Kepler-58 e,Kepler-58,1.61,597.7959999999999,130.99999999999997,0.0,1212.0,511.60000000000025,4.45814897,0.0533,6100.0,-0.00422,1.083,1.017,2.14
Kepler-580 b,Kepler-580,2.57,7.13,2.31,0.0,558.0,24.063000000000002,8.222419656,0.0683,4298.0,-0.89626,0.64,0.67,3.47
Kepler-581 b,Kepler-581,2.63,7.409999999999998,2.24,0.0,521.0,12.39,40.6069821,0.2259,5772.0,-0.16946,1.0,1.0,4.07
Kepler-582 b,Kepler-582,3.68,13.1,1.44,0.0,603.0,25.056000000000004,18.492356679999997,0.1254,5564.0,-0.41418,0.91,0.9300000000000002,4.47
Kepler-583 b,Kepler-583,2.28,5.82,2.7000000000000006,0.0,1017.0,178.69899999999996,6.510025299999999,0.0689,5523.0,-0.10059,0.91,0.94,4.47
Kepler-584 b,Kepler-584,4.21,16.500000000000004,1.22,0.0,664.0,76.339,35.1810304,0.2281,6195.0,0.52004,1.2400000000000002,1.17,2.88
Kepler-585 b,Kepler-585,2.83,8.400000000000002,2.04,0.0,1178.0,489.14900000000017,2.752359753,0.03841,5593.0,-0.16334,0.9300000000000002,0.9599999999999999,3.63
Kepler-586 b,Kepler-586,2.79,8.2,2.07,0.0,1365.0,705.0509999999998,2.104722184,0.0331,5575.0,-0.14099,0.9200000000000002,0.94,4.17
Kepler-587 b,Kepler-587,2.23,5.6,2.7699999999999996,0.0,764.0,70.96500000000002,10.94027841,0.0952,5549.0,-0.23792,0.89,0.9200000000000002,4.79
Kepler-588 b,Kepler-588,2.63,7.409999999999998,2.24,0.0,1176.0,718.0750000000002,4.221625356999999,0.052,5835.0,0.20713,1.0,1.01,4.07
Kepler-589 b,Kepler-589,2.27,5.77,2.7100000000000004,0.0,656.0,32.141999999999996,16.549649340000002,0.1196,5296.0,-0.34669,0.83,0.8800000000000001,4.47
Kepler-589 c,Kepler-589,1.11727238,1.45,5.71,0.0,1098.0,344.61,3.5246601099999997,0.0426,5372.0,-0.34669,0.9159999999999999,0.8319999999999999,14.0
Kepler-59 b,Kepler-59,1.1,4.1,8.699999999999998,0.0,864.0,187.51000000000008,11.868170699999999,0.09943,6074.0,0.32374,0.94,1.04,0.26
Kepler-59 c,Kepler-59,1.98,3.8099999999999996,1.62,0.0,752.0,107.74099999999999,17.980123499999998,0.13114,6074.0,0.32374,0.94,1.04,0.26
Kepler-590 b,Kepler-590,4.02,15.199999999999996,1.29,0.0,1056.0,782.4149999999997,5.852962569999999,0.0647,6000.0,0.47712,1.15,1.1,3.55
Kepler-591 b,Kepler-591,3.39,11.4,1.6100000000000003,0.0,436.0,5.615,81.16942989999995,0.35539999999999994,5677.0,-0.078,0.94,0.97,4.17
Kepler-592 b,Kepler-592,2.39,6.300000000000001,2.54,0.0,1367.0,935.8270000000001,2.8201924079999996,0.0397,5913.0,0.18506,1.04,1.04,3.89
Kepler-593 b,Kepler-593,2.87,8.600000000000001,1.9999999999999996,0.0,706.0,61.01999999999999,21.217089729999998,0.1508,5967.0,0.07929,1.1,1.08,3.63
Kepler-594 b,Kepler-594,2.18,5.390000000000001,2.86,0.0,678.0,59.396000000000015,13.646181919999997,0.1089,5485.0,-0.19321,0.87,0.91,4.27
Kepler-595 b,Kepler-595,3.708,17.4,1.23,0.0,535.0,17.382000000000005,25.302909199999995,0.1582,5138.5,-0.34768,0.821,0.9300000000000002,2.7
Kepler-595 c,Kepler-595,1.009,3.3,6.900000000000002,0.0,679.0,50.230000000000004,12.386019999999998,0.0983,5138.5,-0.34768,0.821,0.9300000000000002,2.7
Kepler-596 b,Kepler-596,3.46,11.799999999999999,1.5700000000000003,0.0,725.0,82.30200000000002,21.300226550000005,0.15161,6267.0,0.31445,1.32,1.21,2.69
Kepler-597 b,Kepler-597,2.37,6.21,2.56,0.0,743.0,76.37499999999999,13.023658610000002,0.10916,5683.0,-0.0334,0.9500000000000001,0.97,4.27
Kepler-598 b,Kepler-598,1.5,2.86,4.66,0.0,1050.0,265.4070000000001,3.7017542800000003,0.04487,5307.0,-0.25753,0.86,0.87,7.59
Kepler-598 c,Kepler-598,3.02420941,9.4,1.8700000000000003,0.0,367.0,3.7,86.49449999999996,0.36672,5245.0,-0.25753,0.900316,0.9,12.3
Kepler-599 b,Kepler-599,2.84,8.45,2.0299999999999994,0.0,623.0,24.467000000000002,15.655626520000004,0.1128,5127.0,-0.52232,0.79,0.83,5.01
Kepler-6 b,Kepler-6,14.616536,212.31043999999991,0.4,0.0,1460.0,792.2180000000001,3.2346995999999995,0.04852,5647.0,0.18916,1.391,1.209,3.8
Kepler-60 b,Kepler-60,1.71,4.1899999999999995,4.619999999999999,0.0,1102.0,317.99999999999994,7.1334,0.07255,5905.0,0.36906,1.2569999999999997,1.041,8.91
Kepler-60 c,Kepler-60,1.9,3.8500000000000005,3.0599999999999996,0.039,1023.0,236.00000000000009,8.918700000000001,0.08422,5905.0,0.36906,1.2569999999999997,1.041,8.91
Kepler-60 d,Kepler-60,1.99,4.16,2.91,0.002,929.0,160.99999999999994,11.898100000000001,0.10203,5905.0,0.36906,1.2569999999999997,1.041,8.91
Kepler-600 b,Kepler-600,2.9,8.750000000000002,1.97,0.0,528.0,20.182,23.67517607,0.1536,5279.0,-0.33922,0.81,0.8400000000000001,4.57
Kepler-601 b,Kepler-601,1.9,4.27,3.42,0.0,833.0,110.61900000000004,5.378868441,0.05494,5160.0,-0.42817,0.79,0.8500000000000001,4.07
Kepler-602 b,Kepler-602,2.09,5.02,3.0200000000000005,0.0,852.0,128.783,15.284694970000004,0.1224,6062.0,0.32624,1.13,1.08,3.16
Kepler-603 b,Kepler-603,2.65,7.509999999999999,2.2199999999999998,0.0,731.0,97.80000000000001,21.05358596,0.16052,5808.0,0.39156,1.01,1.01,4.37
Kepler-603 c,Kepler-603,6.5,34.5,0.69,0.0,401.0,8.8,127.9075774,0.53439,5808.0,0.39156,1.01,1.01,4.37
Kepler-603 d,Kepler-603,1.32,2.3,5.5,0.0,1098.0,497.4,6.2171292000000005,0.07117,5808.0,0.39156,1.01,1.01,4.37
Kepler-604 b,Kepler-604,2.59,7.220000000000001,2.28,0.0,637.0,46.981999999999985,25.855017859999993,0.1735,5890.0,0.09179,1.03,1.02,3.72
Kepler-605 b,Kepler-605,1.44,2.67,4.91,0.0,1133.0,316.71800000000013,3.3835380659999994,0.04244,5462.0,-0.24849,0.8800000000000001,0.91,4.47
Kepler-605 c,Kepler-605,0.86,0.5659999999999998,4.889999999999999,0.0,1278.0,513.0299999999999,2.358951515,0.03336,5462.0,-0.24849,0.8800000000000001,0.91,4.47
Kepler-606 b,Kepler-606,3.31,11.0,1.6699999999999997,0.0,683.0,71.84300000000003,24.31575992,0.16999999999999998,6161.0,0.25434,1.22,1.13,2.88
Kepler-607 b,Kepler-607,0.87,0.5900000000000001,4.92,0.0,1874.0,2302.6129999999994,0.638163204,0.0137,5196.0,-0.38192,0.8,0.8400000000000001,4.9
Kepler-607 c,Kepler-607,2.76001201,8.05,2.1,0.0,473.0,8.8,39.67679977,0.21507,5244.0,-0.38192,0.8880000000000001,0.808,7.76
Kepler-608 b,Kepler-608,3.64,12.899999999999999,1.4700000000000002,0.0,1069.0,270.1619999999999,6.412515037000001,0.0685,5820.0,0.04113,1.01,1.0,3.8
Kepler-609 b,Kepler-609,3.35,11.2,1.6399999999999997,0.0,932.0,258.0589999999999,6.521210665999999,0.0682,5971.0,0.06548,1.14,1.09,3.72
Kepler-61 b,Kepler-61,2.15,5.269999999999999,2.91,0.25,273.0,1.69,59.87756000000001,0.24861,4017.0,-0.97062,0.62,0.635,1.0
Kepler-610 b,Kepler-610,4.19,16.3,1.22,0.0,888.0,139.07200000000003,6.996926554,0.0719,5943.0,-0.11034,1.13,1.1,3.55
Kepler-610 c,Kepler-610,3.3,10.9,1.6699999999999997,0.0,318.0,2.2970000000000006,151.86391999999998,0.5594,5943.0,-0.11034,1.13,1.1,3.55
Kepler-611 b,Kepler-611,1.65,3.36,4.109999999999999,0.0,1513.0,1825.3010000000006,2.4370333019999997,0.03509999999999999,5761.0,0.38338,1.01,1.01,4.47
Kepler-612 b,Kepler-612,2.84,8.45,2.0299999999999994,0.0,1046.0,997.0889999999998,3.7221564130000004,0.0452,5693.0,0.30512,0.9599999999999999,0.9799999999999999,4.47
Kepler-613 b,Kepler-613,2.29,5.860000000000001,2.6800000000000006,0.0,713.0,66.26899999999998,15.779796139999998,0.1232,5723.0,-0.05698,0.9599999999999999,0.9799999999999999,4.27
Kepler-614 b,Kepler-614,2.39,6.300000000000001,2.54,0.0,641.0,37.199999999999996,14.034915140000003,0.1027,5268.0,-0.41844,0.81,0.8500000000000001,4.79
Kepler-615 b,Kepler-615,1.74,3.6799999999999997,3.84,0.0,620.0,19.180000000000003,10.355846570000004,0.085,4655.0,-0.695,0.69,0.73,3.72
Kepler-616 b,Kepler-616,2.43,6.4799999999999995,2.48,0.0,860.0,129.17999999999995,9.99761851,0.0927,5753.0,-0.11149,0.97,0.9799999999999999,3.89
Kepler-616 c,Kepler-616,3.41,11.500000000000002,1.5900000000000003,0.0,413.0,6.86,90.41135559999998,0.4024,5753.0,-0.11149,0.97,0.9799999999999999,3.89
Kepler-616 d,Kepler-616,2.653,7.5200000000000005,2.21,0.0,499.0,14.689999999999996,51.06740188999999,0.2749,6004.0,-0.11149,0.9769999999999999,1.061,0.4
Kepler-617 b,Kepler-617,1.32,2.3,5.5,0.0,750.0,100.29500000000002,1.6826961479999998,0.0219,3712.0,-1.30507,0.48,0.51,3.98
Kepler-618 b,Kepler-618,2.6,7.269999999999999,2.2700000000000005,0.0,1296.0,677.5689999999997,3.5957696449999994,0.0449,5860.0,0.1732,1.08,1.05,4.27
Kepler-619 b,Kepler-619,3.16,10.1,1.7600000000000002,0.0,1073.0,224.146,5.404272197,0.06014,5980.0,-0.04002,1.11,1.09,3.47
Kepler-619 c,Kepler-619,1.69,3.5000000000000004,3.9800000000000004,0.0,1767.0,1652.9069999999992,1.208465026,0.02216,5980.0,-0.04002,1.11,1.09,3.47
Kepler-619 d,Kepler-619,4.17,16.2,1.23,0.0,830.0,112.07000000000004,11.67894236,0.1021,6122.0,-0.04002,0.964,1.041,0.78
Kepler-62 b,Kepler-62,1.31,9.000000000000002,2.56,0.0,750.0,80.32599999999996,5.714932000000001,0.0553,4925.0,-0.678,0.64,0.69,7.0
Kepler-62 c,Kepler-62,0.54,3.9999999999999996,2.56,0.0,578.0,28.488999999999997,12.441699999999997,0.0929,4925.0,-0.678,0.64,0.69,7.0
Kepler-62 d,Kepler-62,1.95,14.0,2.56,0.0,510.0,17.21,18.164059999999996,0.12,4925.0,-0.678,0.64,0.69,7.0
Kepler-62 e,Kepler-62,1.61,36.0,2.56,0.0,270.0,1.3520000000000003,122.38739999999999,0.42700000000000005,4925.0,-0.678,0.64,0.69,7.0
Kepler-62 f,Kepler-62,1.41,35.0,2.56,0.0,208.0,0.5,267.29100000000005,0.718,4925.0,-0.678,0.64,0.69,7.0
Kepler-620 b,Kepler-620,3.32,11.0,1.65,0.0,849.0,219.05099999999996,12.913754309999998,0.1053,6155.0,0.34079,1.22,1.15,3.02
Kepler-621 b,Kepler-621,2.3,5.9,2.66,0.0,737.0,69.56,2.6281137459999995,0.031,4521.0,-0.759,0.6800000000000002,0.7199999999999999,3.63
Kepler-622 b,Kepler-622,2.13,5.180000000000001,2.9500000000000006,0.0,446.0,12.486000000000002,14.282266760000004,0.0978,4201.0,-0.86159,0.61,0.64,3.47
Kepler-623 b,Kepler-623,3.01,9.32,1.88,0.0,825.0,77.098,9.070977340000002,0.08539999999999999,5443.0,-0.31821,0.86,0.9,4.47
Kepler-624 b,Kepler-624,2.31,5.950000000000001,2.65,0.0,852.0,130.75700000000003,14.586496070000003,0.11638,6117.0,0.29097,1.18,1.1,3.72
Kepler-625 b,Kepler-625,1.99,4.619999999999999,3.22,0.0,852.0,407.8330000000001,7.751924919999999,0.08137,5789.0,0.40647,0.9599999999999999,1.04,1.51
Kepler-625 c,Kepler-625,1.05,1.16,5.51,0.0,1048.0,932.1319999999996,4.165365100000001,0.05379,5789.0,0.40647,0.9599999999999999,1.04,1.51
Kepler-626 b,Kepler-626,2.29,5.860000000000001,2.6800000000000006,0.0,784.0,69.79500000000002,14.485851990000002,0.10913,5813.0,-0.04194,1.05,1.01,5.37
Kepler-627 b,Kepler-627,3.73,13.399999999999999,1.4199999999999997,0.0,685.0,39.30299999999999,40.69944430000001,0.22660999999999998,6424.0,0.38539,1.49,1.3,2.24
Kepler-629 b,Kepler-629,1.38,2.48,5.19,0.0,816.0,103.14699999999999,7.238585399999998,0.07107,5444.0,-0.28344,0.8400000000000001,0.9300000000000002,1.91
Kepler-63 b,Kepler-63,6.11,120.00000000000003,3.0,0.45,791.0,100.37099999999998,9.434150499999998,0.08,5576.0,-0.157,0.9010000000000001,0.984,0.21
Kepler-630 b,Kepler-630,3.18,10.2,1.7400000000000002,0.0,343.0,5.568,161.47439369999998,0.56201,5829.0,0.30233,1.04,1.02,4.47
Kepler-631 b,Kepler-631,2.9,8.750000000000002,1.97,0.0,828.0,94.13700000000001,17.979790590000004,0.14016999999999996,6185.0,0.38915,1.33,1.2400000000000002,2.51
Kepler-632 b,Kepler-632,2.21,5.52,2.81,0.0,500.0,14.720000000000002,30.996607330000003,0.1885,5322.0,-0.292,0.8400000000000001,0.91,3.02
Kepler-633 b,Kepler-633,1.63,3.29,4.17,0.0,1021.0,454.4999999999999,8.503407180000002,0.08185,5899.0,0.16,1.15,1.02,6.03
Kepler-633 c,Kepler-633,2.296,5.89,2.67,0.0,725.0,115.40000000000003,23.78319931,0.16246,5877.0,0.236,1.265,0.9970000000000001,8.13
Kepler-634 b,Kepler-634,1.89,4.23,3.44,0.0,1309.0,808.8439999999998,5.16950177,0.05765,6075.0,0.42075,1.2400000000000002,1.03,5.37
Kepler-635 b,Kepler-635,2.64,7.460000000000001,2.2299999999999995,0.0,802.0,193.92700000000008,23.44971004,0.18332,6174.0,0.73514,1.5100000000000002,1.33,2.34
Kepler-636 b,Kepler-636,4.45,18.100000000000005,1.13,0.0,614.0,67.509,16.080661147000004,0.1185,5203.0,-0.374,0.8,0.8500000000000001,5.01
Kepler-637 b,Kepler-637,4.75,20.200000000000003,1.04,0.0,1002.0,63.804999999999986,23.20584623,0.16619,6096.0,0.38249,2.56,1.6399999999999997,2.19
Kepler-638 b,Kepler-638,1.83,4.01,3.6000000000000005,0.0,1111.0,872.5670000000003,6.079728880000001,0.06695,5382.0,0.53162,0.9300000000000002,0.8800000000000001,11.75
Kepler-639 b,Kepler-639,2.38,6.26,2.55,0.0,957.0,295.826,10.214204960000004,0.09358,5896.0,0.48255,1.29,1.14,4.37
Kepler-640 b,Kepler-640,2.56,7.08,2.3199999999999994,0.0,609.0,35.062,22.24813967,0.15417999999999998,5653.0,-0.02367,0.94,1.01,2.09
Kepler-641 b,Kepler-641,1.85,4.08,3.5399999999999996,0.0,926.0,311.7879999999999,9.489615710000002,0.08949999999999998,5713.0,0.39002,1.13,1.02,7.08
Kepler-642 b,Kepler-642,2.9,8.750000000000002,1.97,0.0,1810.0,719.3729999999998,4.41745855,0.05631,6570.0,0.39758,1.6599999999999997,1.4,1.95
Kepler-643 b,Kepler-643,10.16,321.0083,1.68,0.37,963.0,211.71099999999993,16.338896260000002,0.13485,4908.0,0.47818,2.5200000000000005,1.0,12.02
Kepler-644 b,Kepler-644,3.15,10.1,1.7800000000000002,0.0,1655.0,2381.77,3.1739171030000004,0.04641,6747.0,0.71041,1.8100000000000003,1.49,1.62
Kepler-645 b,Kepler-645,2.1,5.06,3.0,0.0,1730.0,1364.762,3.275822621,0.04541,6170.0,0.45106,1.21,1.13,2.95
Kepler-646 b,Kepler-646,1.99,4.619999999999999,3.22,0.0,632.0,38.229000000000006,15.87364565,0.11251,5634.0,-0.25878,0.91,0.9300000000000002,4.57
Kepler-647 b,Kepler-647,1.17,1.7099999999999997,5.869999999999999,0.0,788.0,162.7940000000001,16.225464899999995,0.12237,6020.0,0.41834,1.07,1.03,4.27
Kepler-647 c,Kepler-647,4.00135002,15.099999999999998,1.3,0.0,644.0,69.00000000000003,29.666300000000003,0.18290999999999996,5906.74,0.41834,1.5457100000000001,1.07,2.75
Kepler-648 b,Kepler-648,3.22,10.5,1.73,0.0,674.0,47.336,17.4211749,0.13324,5741.0,-0.05328,0.9799999999999999,1.05,1.82
Kepler-649 b,Kepler-649,2.26,5.73,2.73,0.0,564.0,25.146999999999995,29.907226740000006,0.17522,5871.0,-0.0439,0.94,0.97,2.95
Kepler-65 b,Kepler-65,1.42,2.4,4.3999999999999995,0.028,1740.0,2316.0950000000003,2.15491,0.035,6211.0,0.4674,1.4100000000000001,1.25,2.9
Kepler-65 c,Kepler-65,2.58,5.4,1.6399999999999997,0.02,1246.0,609.9920000000001,5.859943999999999,0.068,6211.0,0.4674,1.4100000000000001,1.25,2.9
Kepler-65 d,Kepler-65,1.52,4.14,5.700000000000001,0.014,1117.0,394.549,8.131230000000002,0.084,6211.0,0.4674,1.4100000000000001,1.25,2.9
Kepler-65 e,Kepler-65,13.9,260.00000000000006,0.532,0.283,564.6,18.66162564521922,258.8,0.8539307543999999,6220.0,0.4674,1.437,1.248,3.31
Kepler-650 b,Kepler-650,2.96,9.060000000000002,1.92,0.0,1507.0,1218.8800000000003,3.0321455880000006,0.0421,5849.0,0.284,1.35,1.08,6.46
Kepler-651 b,Kepler-651,2.37,6.21,2.56,0.0,574.0,27.223000000000003,21.385215059999997,0.14077999999999996,5522.0,-0.25322,0.87,0.9200000000000002,3.55
Kepler-652 b,Kepler-652,2.49,6.759999999999999,2.4100000000000006,0.0,974.0,211.884,4.182002531,0.04958,5490.0,-0.27008,0.8800000000000001,0.97,1.48
Kepler-653 b,Kepler-653,1.95,4.460000000000001,3.3100000000000005,0.0,819.0,90.38399999999996,14.70748976,0.11945,5665.0,0.11872,1.19,1.02,7.76
Kepler-653 c,Kepler-653,0.78,0.399,4.619999999999999,0.0,2078.0,3743.2749999999987,0.900376476,0.01855,5665.0,0.11872,1.19,1.02,7.76
Kepler-654 b,Kepler-654,2.07,4.94,3.0599999999999996,0.0,831.0,229.31099999999998,13.72465129,0.11664,5865.0,0.4622,1.11,1.04,5.37
Kepler-655 b,Kepler-655,2.71,7.800000000000002,2.1500000000000004,0.0,588.0,28.767000000000003,46.406335799999994,0.25697,6170.0,0.32385,1.2400000000000002,1.15,3.39
Kepler-656 b,Kepler-656,3.12,9.910000000000004,1.79,0.0,1569.0,924.3739999999998,1.2602590940000002,0.02231,5281.0,-0.29864,0.8200000000000001,0.86,4.37
Kepler-656 c,Kepler-656,1.41,2.5699999999999994,5.040000000000001,0.0,975.0,213.25,5.254493929999999,0.0602,5550.0,-0.29864,0.9540000000000001,1.05,2.4
Kepler-657 b,Kepler-657,3.52,12.2,1.54,0.0,616.0,62.2,24.543504180000003,0.17337000000000002,5808.0,0.27898,1.01,1.01,4.17
Kepler-658 b,Kepler-658,1.63,3.29,4.17,0.0,871.0,223.74500000000003,1.287076762,0.0188,4103.0,-0.89922,0.6000000000000001,0.63,3.09
Kepler-659 b,Kepler-659,2.5,6.800000000000002,2.3900000000000006,0.0,513.0,21.308999999999997,17.671795999999997,0.1204,4870.0,-0.52596,0.74,0.79,3.24
Kepler-66 b,Kepler-66,2.8,8.250000000000002,2.07,0.0,699.0,62.845,17.815815,0.1352,5962.0,0.05113,0.966,1.038,1.0
Kepler-660 b,Kepler-660,2.57,7.13,2.31,0.0,649.0,44.089999999999996,9.27358194,0.0759,4779.0,-0.62564,0.71,0.75,4.57
Kepler-661 b,Kepler-661,3.07,9.640000000000002,1.8300000000000003,0.0,678.0,45.52799999999999,6.029301321000001,0.0585,4483.0,-0.81411,0.67,0.7,4.27
Kepler-662 b,Kepler-662,2.18,5.390000000000001,2.86,0.0,530.0,23.824000000000005,21.676974860000005,0.14080000000000004,4897.0,-0.35557,0.74,0.79,3.63
Kepler-663 b,Kepler-663,2.6,7.269999999999999,2.2700000000000005,0.0,917.0,167.97900000000007,4.99678284,0.0559,5264.0,-0.31305,0.8200000000000001,0.86,4.57
Kepler-664 b,Kepler-664,2.66,7.559999999999999,2.21,0.0,1406.0,652.4349999999997,2.525593315,0.0374,5754.0,-0.11113,1.02,1.01,4.68
Kepler-665 b,Kepler-665,2.6,7.269999999999999,2.2700000000000005,0.0,593.0,20.719,16.01310205,0.1148,4913.0,-0.59538,0.74,0.79,4.68
Kepler-666 b,Kepler-666,2.4,6.349999999999999,2.5200000000000005,0.0,1133.0,575.644,4.49876092,0.0542,5887.0,0.18164,1.05,1.03,3.8
Kepler-667 b,Kepler-667,4.73,20.099999999999998,1.04,0.0,516.0,71.817,41.439628080000006,0.2288,5327.0,0.55691,0.87,0.91,4.68
Kepler-668 b,Kepler-668,2.7,7.750000000000001,2.16,0.0,790.0,77.61900000000001,8.35390639,0.0768,5352.0,-0.39647,0.8200000000000001,0.87,3.89
Kepler-669 b,Kepler-669,4.83,20.8,1.01,0.0,1243.0,826.765,4.125546869,0.0529,6038.0,0.35828,1.2,1.15,3.16
Kepler-67 b,Kepler-67,2.94,8.959999999999999,1.9400000000000002,0.0,602.0,30.599999999999998,15.7259,0.1171,5331.0,-0.37633,0.7779999999999999,0.865,1.0
Kepler-670 b,Kepler-670,13.18,9.22,2.56,0.0,1219.0,528.2230000000002,2.8165048519999996,0.03830000000000001,5709.0,-0.1003,0.99,0.99,4.79
Kepler-671 b,Kepler-671,2.69,7.700000000000002,2.17,0.0,1012.0,331.438,4.280958588000001,0.0503,5624.0,-0.08086,0.9500000000000001,0.97,4.47
Kepler-672 b,Kepler-672,2.5,6.800000000000002,2.3900000000000006,0.0,529.0,16.36,38.377462300000005,0.2163,5627.0,-0.11219,0.9200000000000002,0.9500000000000001,4.07
Kepler-673 b,Kepler-673,6.54,34.79999999999999,0.684,0.0,1023.0,253.45600000000005,3.728731093,0.0455,5355.0,-0.34402,0.8400000000000001,0.8800000000000001,4.47
Kepler-674 b,Kepler-674,1.69,3.5000000000000004,3.9800000000000004,0.0,822.0,146.511,2.243381847,0.028,4192.0,-0.90665,0.57,0.6000000000000001,3.31
Kepler-675 b,Kepler-675,2.44,6.529999999999999,2.4700000000000006,0.0,1070.0,308.54699999999997,2.3374380099999996,0.0325,4945.0,-0.50669,0.75,0.79,4.68
Kepler-676 b,Kepler-676,3.04,9.479999999999999,1.85,0.0,396.0,8.240999999999998,11.598221720000002,0.0798,3701.0,-1.29468,0.49,0.51,4.27
Kepler-677 b,Kepler-677,5.38,25.000000000000004,0.8819999999999999,0.0,1015.0,683.2739999999997,6.5753167800000005,0.067,5723.0,0.38964,0.99,1.0,4.57
Kepler-678 b,Kepler-678,5.14,23.1,0.9350000000000002,0.0,833.0,113.64,7.27503724,0.0732,5520.0,0.44927,0.91,0.94,4.47
Kepler-679 b,Kepler-679,3.01,9.32,1.88,0.0,677.0,56.002000000000024,12.393586039999999,0.0983,5403.0,-0.34758,0.8400000000000001,0.87,4.47
Kepler-68 b,Kepler-68,2.357,8.03,3.37,0.09,1275.0,440.9999999999999,5.39875259,0.06135,5847.0,0.23106,1.2564,1.057,6.84
Kepler-68 c,Kepler-68,0.979,1.3,7.5,0.099,1052.0,204.00000000000006,9.605027,0.09008,5847.0,0.23106,1.2564,1.057,6.84
Kepler-68 d,Kepler-68,13.9,266.99999999999994,0.546,0.102,270.975,1.4916697948797963,632.6199999999999,1.469,5847.0,0.23106,1.2564,1.057,6.84
Kepler-68 e,Kepler-68,11.2,86.44932669999996,0.338,0.33,255.84,1.027737293672139,3455.0000000000023,4.6,5847.0,0.23106,1.2564,1.057,6.84
Kepler-680 b,Kepler-680,2.42,6.440000000000001,2.5,0.0,1147.0,706.6199999999999,3.689926291,0.0469,5890.0,0.19729,1.11,1.08,3.72
Kepler-681 b,Kepler-681,3.08,9.69,1.82,0.0,489.0,14.151000000000003,26.394356460000004,0.1635,5021.0,-0.45672,0.76,0.8,5.01
Kepler-682 b,Kepler-682,7.37,42.60000000000001,0.585,0.0,753.0,306.10199999999986,12.611906672,0.10579999999999999,5559.0,0.47994,0.89,0.9200000000000002,3.98
Kepler-683 b,Kepler-683,1.97,4.540000000000001,3.26,0.0,1332.0,702.2810000000002,2.539183179,0.03549999999999999,5703.0,-0.04054,0.9500000000000001,0.9599999999999999,4.37
Kepler-684 b,Kepler-684,3.36,11.2,1.62,0.0,812.0,102.86999999999999,6.770302008000002,0.064,5493.0,0.20867,0.86,0.89,4.37
Kepler-685 b,Kepler-685,10.58,78.80000000000001,0.366,0.0,1579.0,1137.1240000000003,1.6255222000000003,0.026500000000000003,5963.0,-0.05138,1.16,1.11,3.39
Kepler-686 b,Kepler-686,12.15,9.22,2.56,0.0,1539.0,2132.9030000000002,1.5947454630000002,0.0258,5649.0,0.10792,0.9200000000000002,0.94,4.47
Kepler-687 b,Kepler-687,3.52,12.2,1.54,0.0,518.0,15.648000000000001,20.505869779999998,0.1326,4841.0,-0.56669,0.73,0.77,5.5
Kepler-688 b,Kepler-688,9.76,68.7,0.406,0.0,1005.0,458.91199999999986,3.8959368440000004,0.046,5715.0,-0.02364,0.9599999999999999,0.9799999999999999,4.27
Kepler-689 b,Kepler-689,2.89,8.699999999999998,1.9799999999999998,0.0,536.0,35.337,22.366560789999998,0.1449,5518.0,-0.15327,0.8800000000000001,0.91,4.57
Kepler-69 b,Kepler-69,2.24,5.65,2.76,0.16,779.0,123.51700000000004,13.722341000000002,0.094,5638.0,-0.097,0.9300000000000002,0.81,13.18
Kepler-69 c,Kepler-69,1.71,3.57,3.92,0.14,299.0,2.687,242.46130000000005,0.64,5638.0,-0.097,0.9300000000000002,0.81,13.18
Kepler-690 b,Kepler-690,5.95,29.600000000000005,0.772,0.0,964.0,225.70100000000005,7.748094374000001,0.081,5913.0,0.14056,1.16,1.11,3.55
Kepler-691 b,Kepler-691,2.09,5.02,3.0200000000000005,0.0,460.0,12.995,8.114379,0.0649,3715.0,-1.30464,0.5,0.53,3.98
Kepler-692 b,Kepler-692,3.11,9.849999999999998,1.8000000000000003,0.0,639.0,28.503999999999998,21.812934940000005,0.14949999999999997,5440.0,-0.23346,0.86,0.9,4.68
Kepler-693 b,Kepler-693,10.18,73.80000000000001,0.384,0.0,600.0,31.640999999999995,15.375633319999999,0.1121,4881.0,-0.42704,0.7199999999999999,0.76,4.47
Kepler-694 b,Kepler-694,2.8,8.250000000000002,2.07,0.0,914.0,206.43800000000005,6.365841611999999,0.0659,5700.0,-0.07753,0.9500000000000001,0.97,4.07
Kepler-695 b,Kepler-695,9.21,62.30000000000002,0.438,0.0,1021.0,499.0639999999999,3.0403304240000004,0.0374,5181.0,-0.15936,0.8,0.8400000000000001,4.47
Kepler-696 b,Kepler-696,6.14,31.300000000000004,0.7429999999999999,0.0,1234.0,607.5249999999997,4.190425575,0.0535,5903.0,0.15095,1.08,1.06,3.98
Kepler-697 b,Kepler-697,4.13,16.0,1.25,0.0,1151.0,472.2359999999999,3.709870645,0.0471,5513.0,-0.02543,0.8800000000000001,0.9200000000000002,4.37
Kepler-698 b,Kepler-698,3.68,13.1,1.44,0.0,727.0,172.55699999999996,16.32976218,0.1255,5612.0,0.38841,0.91,0.94,4.27
Kepler-7 b,Kepler-7,18.180998,140.16302999999994,0.14,0.0,1630.0,1375.1099999999994,4.8854892,0.06067,5933.0,0.69639,1.9660000000000002,1.359,2.9
Kepler-700 b,Kepler-700,5.99,30.0,0.7670000000000001,0.0,452.0,12.070999999999998,80.87206390000001,0.35769999999999996,5692.0,0.22961,0.9599999999999999,0.9799999999999999,4.37
Kepler-701 b,Kepler-701,2.84,8.45,2.0299999999999994,0.0,777.0,75.623,10.355331769999996,0.08949999999999998,5343.0,-0.27626,0.8400000000000001,0.8800000000000001,4.47
Kepler-702 b,Kepler-702,9.17,61.799999999999976,0.44,0.0,713.0,88.90599999999996,10.526294062999998,0.08799999999999998,5419.0,-0.15908,0.86,0.9,4.47
Kepler-703 b,Kepler-703,8.2,51.10000000000001,0.509,0.0,1038.0,373.10800000000006,4.583521756,0.0535,6185.0,0.06672,1.27,1.18,2.69
Kepler-704 b,Kepler-704,2.61,7.320000000000001,2.26,0.0,1121.0,514.124,3.7618211500000003,0.047,5616.0,0.03582,0.9599999999999999,0.97,5.13
Kepler-705 b,Kepler-705,2.11,5.1,2.98,0.0,265.0,0.7289999999999999,56.0560538,0.232,3722.0,-1.385,0.51,0.53,3.89
Kepler-707 b,Kepler-707,1.33,2.33,5.44,0.0,1160.0,336.673,2.237492751,0.0325,5099.0,-0.5014,0.76,0.8,4.9
Kepler-708 b,Kepler-708,2.93,8.909999999999998,1.9499999999999997,0.0,1221.0,684.7650000000002,3.167891938,0.0426,5692.0,0.03695,0.9599999999999999,0.97,4.37
Kepler-709 b,Kepler-709,2.92,8.850000000000001,1.9499999999999997,0.0,613.0,28.216000000000008,16.085249539999996,0.1173,5071.0,-0.48148,0.77,0.8,4.9
Kepler-710 b,Kepler-710,1.88,4.1899999999999995,3.4699999999999998,0.0,1174.0,710.8719999999996,4.347285527,0.0524,5611.0,0.26474,0.91,0.94,4.17
Kepler-711 b,Kepler-711,3.41,11.500000000000002,1.5900000000000003,0.0,487.0,15.568999999999997,23.589143979999996,0.1429,5222.0,-0.49939,0.8,0.8400000000000001,4.37
Kepler-712 b,Kepler-712,3.41,11.500000000000002,1.5900000000000003,0.0,521.0,15.801000000000002,21.02247699,0.13615,5148.0,-0.48393,0.78,0.8400000000000001,3.31
Kepler-712 c,Kepler-712,4.85,21.000000000000004,1.01,0.0,236.0,0.662,226.8904699999999,0.66479,5148.0,-0.48393,0.78,0.8400000000000001,3.31
Kepler-713 b,Kepler-713,2.48,6.710000000000001,2.4200000000000004,0.0,905.0,228.2829999999999,7.4111410000000015,0.0748,5785.0,0.08457,0.99,0.9799999999999999,3.8
Kepler-714 b,Kepler-714,9.67,67.60000000000002,0.411,0.0,986.0,484.00599999999986,8.098887985999998,0.0832,5995.0,0.4599,1.12,1.09,3.55
Kepler-715 b,Kepler-715,3.75,13.5,1.4100000000000001,0.0,876.0,181.4079999999999,10.006529949999997,0.0933,5871.0,0.16457,1.04,1.04,3.98
Kepler-716 b,Kepler-716,2.9,8.750000000000002,1.97,0.0,720.0,42.492999999999995,10.371684529999998,0.08627999999999998,5099.0,-0.50424,0.78,0.83,4.57
Kepler-716 c,Kepler-716,1.39281536,2.5200000000000005,5.12,0.0,992.0,151.8,3.96999,0.04548,5012.0,-0.50424,0.7421829999999999,0.83,2.75
Kepler-717 b,Kepler-717,2.42,6.440000000000001,2.5,0.0,1139.0,398.0000000000001,4.40840023,0.052,5485.0,0.60439,0.8500000000000001,0.8800000000000001,4.37
Kepler-718 b,Kepler-718,16.56,9.22,2.56,0.0,1497.0,1324.2,2.052349905,0.0322,6191.0,0.13394,1.3,1.18,2.57
Kepler-719 b,Kepler-719,8.52,54.499999999999986,0.484,0.0,998.0,234.28000000000006,5.007317779,0.0556,5777.0,0.44767,0.9799999999999999,0.99,3.98
Kepler-720 b,Kepler-720,8.41,53.39999999999999,0.49299999999999994,0.0,1162.0,384.5609999999999,4.708326542,0.0539,5618.0,0.03222,0.9200000000000002,0.9500000000000001,3.63
Kepler-721 b,Kepler-721,2.64,7.460000000000001,2.2299999999999995,0.0,850.0,138.751,5.392025388,0.0583,5075.0,-0.3619,0.78,0.8200000000000001,4.9
Kepler-722 b,Kepler-722,2.63,7.409999999999998,2.24,0.0,1182.0,414.6010000000001,4.093573252,0.0514,5863.0,-0.03923,1.05,1.03,4.37
Kepler-722 c,Kepler-722,2.82,8.35,2.0499999999999994,0.0,401.0,5.480000000000001,105.14474899999999,0.44709999999999994,5863.0,-0.03923,1.05,1.03,4.37
Kepler-723 b,Kepler-723,12.19,9.22,2.56,0.0,1016.0,251.4799999999999,4.082275068,0.0479,5539.0,-0.172,0.89,0.9200000000000002,4.57
Kepler-724 b,Kepler-724,3.29,10.8,1.6699999999999997,0.0,1155.0,339.40099999999995,3.3149463379999995,0.0433,5437.0,-0.22344,0.86,0.9,4.37
Kepler-725 b,Kepler-725,10.8,81.60000000000002,0.356,0.231,514.0,12.099999999999998,39.64372,0.22379999999999997,5395.0,-0.31304,0.8800000000000001,0.9500000000000001,1.6
Kepler-725 c,Kepler-725,3.08,9.7,1.82,0.436,268.0,1.4,207.541,0.6743999999999999,5395.0,-0.31304,0.8800000000000001,0.9500000000000001,1.6
Kepler-726 b,Kepler-726,3.26,10.7,1.7000000000000002,0.0,543.0,25.295999999999992,21.804510880000002,0.1406,5452.0,-0.31868,0.8500000000000001,0.8800000000000001,4.47
Kepler-727 b,Kepler-727,2.53,6.9399999999999995,2.35,0.0,964.0,176.68499999999995,5.154484417,0.0546,5441.0,-0.3172,0.86,0.89,4.79
Kepler-728 b,Kepler-728,3.34,11.100000000000001,1.6399999999999997,0.0,982.0,484.51000000000016,5.743477265,0.0625,5660.0,0.22726,0.9300000000000002,0.9500000000000001,4.07
Kepler-729 b,Kepler-729,3.58,12.5,1.5,0.0,1273.0,1089.5490000000002,3.1663537139999995,0.0432,5633.0,0.26135,0.91,0.94,4.27
Kepler-730 b,Kepler-730,12.3299,9.22,2.56,0.0,1219.0,418.7970000000001,6.491682808000001,0.0694,5620.0,0.23596,1.411,1.0469999999999997,9.5
Kepler-730 c,Kepler-730,1.56926,3.09,4.39,0.0,1607.0,903.7700000000001,2.85188338,0.03997,5620.0,0.23596,1.411,1.0469999999999997,9.5
Kepler-731 b,Kepler-731,13.88,9.22,2.56,0.0,1212.0,456.7029999999999,3.8556035510000006,0.0505,5849.0,0.03524,1.06,1.03,3.8
Kepler-732 b,Kepler-732,2.18,5.390000000000001,2.86,0.0,407.0,8.559000000000001,9.467814048,0.0691,3631.0,-1.375,0.4600000000000001,0.49,4.47
Kepler-732 c,Kepler-732,1.27,2.1500000000000004,5.77,0.0,893.0,199.8460000000001,0.893041236,0.0143,3631.0,-1.375,0.4600000000000001,0.49,4.47
Kepler-733 b,Kepler-733,2.82,8.35,2.0499999999999994,0.0,595.0,24.507000000000005,20.834247260000005,0.14830000000000002,5418.0,-0.29785,0.86,0.9,4.27
Kepler-734 b,Kepler-734,3.56,12.4,1.5100000000000002,0.0,784.0,89.25000000000003,6.104852856,0.0583,5326.0,0.37395,0.78,0.8500000000000001,2.34
Kepler-735 b,Kepler-735,2.95,9.009999999999998,1.9299999999999997,0.0,657.0,32.678999999999995,11.51516988,0.0965,5107.0,-0.51697,0.8,0.8500000000000001,4.37
Kepler-736 b,Kepler-736,2.93,8.909999999999998,1.9499999999999997,0.0,996.0,233.03100000000003,3.60147201,0.0428,5217.0,-0.34984,0.81,0.86,4.27
Kepler-737 b,Kepler-737,1.96,4.5,3.2800000000000002,0.0,298.0,2.2970000000000006,28.599153989999998,0.1422,3813.0,-1.30149,0.48,0.51,3.89
Kepler-738 b,Kepler-738,2.5,6.800000000000002,2.3900000000000006,0.0,530.0,27.644000000000005,24.58721573,0.1552,5327.0,-0.21263,0.8200000000000001,0.86,4.57
Kepler-739 b,Kepler-739,3.32,11.0,1.65,0.0,775.0,115.963,12.532484649999997,0.1054,5601.0,0.01798,0.9,0.9300000000000002,4.27
Kepler-74 b,Kepler-74,10.76,200.21999999999994,0.8800000000000001,0.0,1078.0,337.68199999999985,7.340711000000001,0.0781,6000.0,0.3321,1.12,1.18,0.8
Kepler-740 b,Kepler-740,4.57,18.900000000000002,1.09,0.0,1131.0,432.866,3.584101216,0.0462,5438.0,-0.12268,0.87,0.91,4.79
Kepler-741 b,Kepler-741,2.97,9.109999999999998,1.9099999999999997,0.0,1051.0,461.99300000000005,7.039023739999998,0.0744,6129.0,0.33161,1.2400000000000002,1.16,3.16
Kepler-742 b,Kepler-742,3.24,10.600000000000001,1.7099999999999997,0.0,690.0,38.101000000000006,8.360868238000002,0.0744,4642.0,-0.69172,0.71,0.76,2.57
Kepler-743 b,Kepler-743,1.21,1.92,5.96,0.0,1101.0,397.2520000000002,3.1792629209999994,0.04166,5486.0,-0.17633,0.8500000000000001,0.94,1.86
Kepler-744 b,Kepler-744,1.62,3.26,4.21,0.0,750.0,62.95499999999998,12.06222443,0.09735,5594.0,-0.22215,0.9300000000000002,0.94,5.13
Kepler-745 b,Kepler-745,2.16,5.3100000000000005,2.8999999999999995,0.0,931.0,286.026,9.931435560000002,0.0915,5849.0,0.37557,1.04,1.04,4.07
Kepler-746 b,Kepler-746,1.11,1.4100000000000001,5.670000000000001,0.0,1156.0,421.6100000000001,3.4815925099999996,0.0435,5418.0,-0.172,0.9300000000000002,0.91,8.71
Kepler-747 b,Kepler-747,5.27,24.10000000000001,0.905,0.0,456.0,10.189999999999998,35.61760587,0.1916,5096.0,-0.432,0.78,0.8200000000000001,4.79
Kepler-748 b,Kepler-748,2.52,6.900000000000002,2.37,0.0,938.0,439.7779999999999,7.407427929999998,0.0745,5934.0,0.36017,1.1,1.07,3.72
Kepler-749 b,Kepler-749,3.1,9.8,1.8100000000000003,0.0,454.0,24.630999999999997,17.31716585,0.1054,5009.0,-0.49432,0.75,0.79,4.57
Kepler-75 b,Kepler-75,11.77,3209.9000000000005,11.0,0.57,767.0,106.48399999999995,8.884911600000002,0.0818,5200.0,-0.21487,0.89,0.91,6.2
Kepler-750 b,Kepler-750,3.07,9.640000000000002,1.8300000000000003,0.0,1163.0,255.73999999999992,9.428871790000002,0.08742,6160.0,0.34371,1.23,1.15,3.09
Kepler-750 c,Kepler-750,1.62,3.26,4.21,0.0,1537.0,778.5919999999996,4.0889902199999995,0.05009,6160.0,0.34371,1.23,1.15,3.09
Kepler-751 b,Kepler-751,2.46,6.619999999999999,2.44,0.0,679.0,39.01,17.444906360000004,0.1263,5387.0,-0.26401,0.8400000000000001,0.87,4.47
Kepler-752 b,Kepler-752,2.81,8.3,2.0599999999999996,0.0,632.0,45.278000000000006,18.827472649999997,0.1353,5373.0,-0.12488,0.83,0.87,4.07
Kepler-753 b,Kepler-753,1.91,4.3100000000000005,3.4000000000000004,0.0,641.0,41.67399999999999,5.747725012,0.054,4346.0,-0.86467,0.65,0.6800000000000002,3.63
Kepler-754 b,Kepler-754,2.01,4.699999999999999,3.18,0.0,758.0,216.47300000000007,14.559623699999998,0.116,5935.0,0.41554,1.08,1.06,3.8
Kepler-755 b,Kepler-755,1.76,3.7500000000000004,3.7800000000000002,0.0,1331.0,889.8879999999999,1.2690903739999997,0.02156,5043.0,-0.45664,0.77,0.8200000000000001,4.9
Kepler-755 c,Kepler-755,1.26,2.13,5.849999999999999,0.0,1016.0,302.57400000000007,2.8531336440000006,0.037,5043.0,-0.45664,0.77,0.8200000000000001,4.9
Kepler-756 b,Kepler-756,1.12,1.46,5.71,0.0,1741.0,2174.3299999999995,1.224866322,0.0219,5282.0,-0.358,0.79,0.8200000000000001,4.47
Kepler-757 b,Kepler-757,1.36,2.4200000000000004,5.29,0.0,1734.0,3345.4530000000022,1.022678821,0.019,6014.0,0.16044,1.13,1.08,3.31
Kepler-758 b,Kepler-758,2.48,6.710000000000001,2.4200000000000004,0.0,1005.0,349.193,12.109710400000003,0.10754000000000001,6228.0,0.56281,1.4199999999999997,1.16,3.8
Kepler-758 c,Kepler-758,1.69,3.5000000000000004,3.9800000000000004,0.0,1372.0,1211.8219999999994,4.75793986,0.05768,6228.0,0.56281,1.4199999999999997,1.16,3.8
Kepler-758 d,Kepler-758,2.12,5.140000000000001,2.9600000000000004,0.0,843.0,173.171,20.496619700000004,0.1527,6228.0,0.56281,1.4199999999999997,1.16,3.8
Kepler-758 e,Kepler-758,1.53,2.9600000000000004,4.540000000000001,0.0,1144.0,588.4019999999998,8.193471900000002,0.0829,6228.0,0.56281,1.4199999999999997,1.16,3.8
Kepler-759 b,Kepler-759,2.27,5.77,2.7100000000000004,0.0,533.0,19.02,41.80598499999999,0.2329,5860.0,0.061,1.04,1.04,3.89
Kepler-76 b,Kepler-76,15.24424,638.8383000000001,1.1,0.0,2140.0,3583.672999999999,1.5449298,0.0274,6409.0,0.45116,1.32,1.2,0.62
Kepler-760 b,Kepler-760,3.06,9.59,1.8399999999999999,0.0,748.0,84.40599999999998,8.704194160000002,0.08087,5322.0,-0.27997,0.8500000000000001,0.89,4.57
Kepler-760 c,Kepler-760,1.48,2.79,4.73,0.0,1139.0,453.648,2.4669743899999994,0.03489,5322.0,-0.27997,0.8500000000000001,0.89,4.57
Kepler-761 b,Kepler-761,2.03,4.78,3.14,0.0,767.0,95.44699999999997,10.128047890000001,0.0874,5706.0,-0.11728,0.9300000000000002,0.9500000000000001,4.07
Kepler-762 b,Kepler-762,12.68,9.22,2.56,0.0,1302.0,1065.7339999999995,3.770552098,0.0493,5944.0,0.31816,1.08,1.06,3.8
Kepler-763 b,Kepler-763,1.22,1.9799999999999998,5.989999999999999,0.0,1414.0,974.0890000000003,1.19655156,0.0205,5166.0,-0.3339,0.8,0.8400000000000001,4.79
Kepler-763 c,Kepler-763,1.42,2.6000000000000005,4.989999999999999,0.0,938.0,182.90000000000006,4.096676240000001,0.0466,4999.0,-0.3339,0.8430000000000001,0.8,2.1
Kepler-763 d,Kepler-763,1.67,3.43,4.05,0.0,804.0,98.80999999999997,6.503270349999999,0.0634,4999.0,-0.3339,0.8430000000000001,0.8,2.1
Kepler-764 b,Kepler-764,1.64,3.33,4.15,0.0,875.0,160.45700000000002,7.336839360000002,0.0724,5557.0,-0.13604,0.89,0.9200000000000002,4.17
Kepler-765 b,Kepler-765,2.43,6.4799999999999995,2.48,0.0,641.0,48.947,27.6655226,0.1754,5901.0,0.14595,1.06,1.05,3.72
Kepler-766 b,Kepler-766,3.39,11.4,1.6100000000000003,0.0,990.0,227.14999999999995,6.10027804,0.066,5992.0,0.45132,1.15,1.1,3.63
Kepler-767 b,Kepler-767,6.64,35.7,0.67,0.0,366.0,9.365000000000002,161.52801009999996,0.5874000000000001,5694.0,0.47562,0.94,0.9599999999999999,4.07
Kepler-768 b,Kepler-768,1.79,3.8599999999999994,3.7,0.0,618.0,40.589000000000006,11.3910025,0.092,5108.0,-0.46575,0.78,0.8200000000000001,4.57
Kepler-769 b,Kepler-769,2.92,8.850000000000001,1.9499999999999997,0.0,1037.0,241.1279999999999,7.426089980000002,0.0778,6186.0,0.1791,1.2800000000000002,1.19,2.88
Kepler-769 c,Kepler-769,1.79,3.8599999999999994,3.7,0.0,803.0,86.76100000000001,15.9870174,0.1297,6186.0,0.1791,1.2800000000000002,1.19,2.88
Kepler-77 b,Kepler-77,10.761,136.66100000000003,0.603,0.0,1440.0,432.8710000000001,3.5787808700000006,0.04501,5520.0,-0.046,0.99,0.9500000000000001,7.5
Kepler-770 b,Kepler-770,2.3,5.9,2.66,0.0,1171.0,27.736000000000004,18.925402740000003,0.16939999999999997,5598.0,0.05399,0.9200000000000002,0.94,4.57
Kepler-770 c,Kepler-770,1.2,1.8700000000000003,5.950000000000001,0.0,2740.0,833.5879999999997,1.475322314,0.0309,5598.0,0.05399,0.9200000000000002,0.94,4.57
Kepler-770 d,Kepler-770,1.4,2.54,5.09,0.0,1941.0,209.752,4.15244722,0.0616,5598.0,0.05399,0.9200000000000002,0.94,4.57
Kepler-771 b,Kepler-771,1.82,3.9699999999999998,3.62,0.0,890.0,339.29599999999994,8.73485836,0.0843,5906.0,0.3549,1.05,1.03,3.72
Kepler-772 b,Kepler-772,1.82,3.9699999999999998,3.62,0.0,866.0,264.57599999999996,12.992073369999998,0.11153,5714.0,0.47515,1.11,0.9799999999999999,8.13
Kepler-773 b,Kepler-773,1.43,2.63,4.94,0.0,1160.0,490.70700000000005,3.7491000609999996,0.04682000000000001,5850.0,0.09508,1.01,1.04,2.82
Kepler-774 b,Kepler-774,3.17,10.2,1.7600000000000002,0.0,1422.0,451.1770000000001,11.089572300000002,0.1082,6403.0,0.75268,2.4200000000000004,1.5700000000000003,2.14
Kepler-775 b,Kepler-775,1.19,1.8100000000000003,5.9,0.0,1612.0,1496.7500000000002,0.974868926,0.01834,5468.0,-0.26699,0.8400000000000001,0.9200000000000002,1.86
Kepler-776 b,Kepler-776,1.28,2.18,5.71,0.0,904.0,135.08200000000002,4.897187839999999,0.0523,5071.0,-0.43656,0.78,0.83,4.37
Kepler-777 b,Kepler-777,1.47,2.76,4.769999999999999,0.0,569.0,33.95300000000001,5.7281259900000006,0.0519,4043.0,-0.96766,0.56,0.58,3.16
Kepler-778 b,Kepler-778,1.68,3.46,4.01,0.0,977.0,216.56799999999993,3.7557442600000006,0.0453,5102.0,-0.41318,0.77,0.81,5.25
Kepler-779 b,Kepler-779,0.92,0.7210000000000001,5.09,0.0,425.0,15.028000000000002,7.097142230000002,0.0533,3804.0,-1.2339,0.44,0.4600000000000001,3.89
Kepler-78 b,Kepler-78,1.201,1.68,5.33,0.0,2223.0,4070.0000000000023,0.35500745000000006,0.00901,5058.0,-0.49785,0.7474999999999999,0.779,0.625
Kepler-780 b,Kepler-780,0.89,0.64,4.989999999999999,0.0,2099.0,4572.560000000004,0.677375164,0.015,5769.0,0.0169,1.02,1.01,4.9
Kepler-781 b,Kepler-781,2.89,8.699999999999998,1.9799999999999998,0.0,629.0,44.397000000000006,13.214073199999998,0.1019,5162.0,-0.38375,0.78,0.81,4.9
Kepler-782 b,Kepler-782,3.21,10.399999999999999,1.73,0.0,350.0,3.9869999999999997,158.68533080000003,0.54494,5867.0,0.10995,1.01,0.9799999999999999,5.25
Kepler-783 b,Kepler-783,0.78,0.399,4.619999999999999,0.0,991.0,229.10400000000004,4.292646379999999,0.04958,5521.0,-0.23092,0.89,0.9300000000000002,3.89
Kepler-783 c,Kepler-783,2.33153725,6.04,2.62,0.0,840.0,113.30000000000004,7.053949999999999,0.06903,5411.49,-0.23092,0.8720879999999999,0.94,9.7
Kepler-784 b,Kepler-784,1.58,3.12,4.35,0.0,688.0,194.385,31.592264600000004,0.22110999999999997,5674.0,0.85693,1.32,1.0,9.12
Kepler-784 c,Kepler-784,1.55,3.0200000000000005,4.460000000000001,0.0,844.0,119.87000000000003,17.157235999999997,0.1309,5676.0,0.85693,1.487,1.016,2.88
Kepler-785 b,Kepler-785,13.02,9.22,2.56,0.0,753.0,163.862,1.973760926,0.025,4739.0,-0.68251,0.71,0.77,2.82
Kepler-786 b,Kepler-786,2.43,6.4799999999999995,2.48,0.0,348.0,3.6579999999999995,53.529348699999986,0.25483,4838.0,-0.58348,0.74,0.81,2.51
Kepler-787 b,Kepler-787,1.28,2.18,5.71,0.0,1115.0,493.5529999999998,0.928310498,0.0159,4248.0,-0.89537,0.62,0.65,3.39
Kepler-788 b,Kepler-788,2.55,7.040000000000001,2.33,0.0,984.0,357.19100000000003,8.398462690000002,0.0835,6159.0,0.33615,1.23,1.16,3.02
Kepler-789 b,Kepler-789,2.12,5.140000000000001,2.9600000000000004,0.0,1419.0,312.34000000000003,8.638477250000001,0.0951,5870.0,0.49628,1.02,1.01,3.72
Kepler-79 b,Kepler-79,3.47,10.9,1.4300000000000002,0.015,929.0,205.40399999999994,13.484500000000002,0.117,6174.0,0.342,1.302,1.165,3.44
Kepler-79 c,Kepler-79,3.72,5.9,0.62,0.03,734.0,79.76500000000001,27.402900000000002,0.187,6174.0,0.342,1.302,1.165,3.44
Kepler-79 d,Kepler-79,7.16,6.0,0.09,0.025,592.0,33.874,52.0902,0.287,6174.0,0.342,1.302,1.165,3.44
Kepler-79 e,Kepler-79,3.49,4.1,0.53,0.012,511.0,18.78,81.0659,0.386,6174.0,0.342,1.302,1.165,3.44
Kepler-790 b,Kepler-790,2.18,5.390000000000001,2.86,0.0,634.0,38.274,13.734698070000002,0.10100000000000002,5208.0,-0.42384,0.8,0.8400000000000001,4.9
Kepler-791 b,Kepler-791,3.05,9.53,1.85,0.0,939.0,140.057,14.553975899999998,0.1256,6383.0,0.40273,1.4700000000000002,1.3,2.24
Kepler-792 b,Kepler-792,1.96,4.5,3.2800000000000002,0.0,852.0,176.03199999999993,11.30119217,0.09880000000000001,5971.0,0.27379,1.12,1.09,3.39
Kepler-793 b,Kepler-793,1.37,2.45,5.24,0.0,1177.0,617.407,4.24153639,0.0491,5745.0,0.11018,0.97,0.9799999999999999,4.27
Kepler-794 b,Kepler-794,2.11,5.1,2.98,0.0,952.0,299.9699999999999,11.131251320000002,0.10036,5839.0,0.50637,1.3799999999999997,1.19,4.07
Kepler-795 b,Kepler-795,1.68,3.46,4.01,0.0,580.0,28.89999999999999,29.619342099999997,0.1803,5631.0,-0.02178,0.9599999999999999,0.94,6.46
Kepler-796 b,Kepler-796,1.3,2.24,5.6,0.0,1109.0,962.2640000000002,6.400876179999999,0.07317,5475.0,0.57234,1.09,0.9300000000000002,11.75
Kepler-797 b,Kepler-797,2.17,5.3500000000000005,2.88,0.0,605.0,90.09999999999997,27.072377109999998,0.181,5680.0,0.46974,0.9500000000000001,0.9599999999999999,3.89
Kepler-798 b,Kepler-798,2.39,6.300000000000001,2.54,0.0,864.0,141.888,13.71933369,0.1174,6224.0,0.22222,1.29,1.19,2.82
Kepler-799 b,Kepler-799,6.88,37.89999999999999,0.64,0.0,433.0,6.356,133.4605235,0.5167,5681.0,-0.09,0.9300000000000002,0.9500000000000001,3.98
Kepler-799 c,Kepler-799,2.78068551,8.15,2.08,0.0,893.0,150.25000000000003,15.194199559999998,0.1214,5588.0,0.349,1.593,1.031,0.5
Kepler-8 b,Kepler-8,15.871944,187.51969999999994,0.27,0.0,1680.0,1444.8810000000005,3.5224991,0.0474,6213.0,0.605,1.4860000000000002,1.213,3.47
Kepler-80 b,Kepler-80,2.67,6.930000000000001,1.3799999999999997,0.0049,547.0,54.38199999999999,7.052459999999999,0.0648,4540.0,-0.76955,0.678,0.73,2.0
Kepler-80 c,Kepler-80,2.74,6.740000000000002,1.22,0.0079,495.0,36.482,9.52355,0.0792,4540.0,-0.76955,0.678,0.73,2.0
Kepler-80 d,Kepler-80,1.53,6.749999999999999,7.040000000000001,0.0041,722.0,164.62499999999994,3.0722199999999997,0.0372,4540.0,-0.76955,0.678,0.73,2.0
Kepler-80 e,Kepler-80,1.6,4.129999999999999,3.7500000000000004,0.0035,629.0,94.78100000000002,4.64489,0.0491,4540.0,-0.76955,0.678,0.73,2.0
Kepler-80 f,Kepler-80,1.21,4459.729999999999,702.9999999999998,0.186,1054.0,750.9640000000004,0.9867872999999999,0.0175,4540.0,-0.76955,0.678,0.73,2.0
Kepler-80 g,Kepler-80,1.13,0.065,0.30999999999999994,0.1303,418.0,9.180416481644954,14.64558,0.102,4540.0,-0.76955,0.678,0.83,2.0
Kepler-800 b,Kepler-800,2.85,8.500000000000002,2.0200000000000005,0.0,675.0,44.872,14.131760260000002,0.1106,5315.0,-0.35798,0.8200000000000001,0.8500000000000001,4.68
Kepler-801 b,Kepler-801,2.0,4.66,3.2000000000000006,0.0,419.0,14.442,11.41928253,0.0795,4435.0,-0.79815,0.63,0.67,3.55
Kepler-802 b,Kepler-802,3.54,12.300000000000002,1.5200000000000002,0.0,489.0,13.507999999999996,40.05874730000001,0.2265,5507.0,-0.22563,0.9,0.9300000000000002,4.68
Kepler-803 b,Kepler-803,3.79,13.799999999999997,1.3899999999999997,0.0,543.0,20.881999999999998,50.28638192,0.26721,5919.0,0.24057,1.12,1.05,4.9
Kepler-804 b,Kepler-804,1.94,4.42,3.33,0.0,779.0,83.42700000000005,14.374573510000001,0.11287,5817.0,0.04956,1.05,1.01,5.25
Kepler-804 c,Kepler-804,1.14,1.5499999999999998,5.749999999999999,0.0,890.0,141.83900000000003,9.651850169999998,0.08654,5817.0,0.04956,1.05,1.01,5.25
Kepler-805 b,Kepler-805,2.89,8.699999999999998,1.9799999999999998,0.0,743.0,86.47300000000001,30.86389309999999,0.19852,6112.0,0.5408,1.65,1.19,4.27
Kepler-806 b,Kepler-806,1.14,1.5499999999999998,5.749999999999999,0.0,1089.0,413.60300000000007,8.092196420000002,0.07684,5770.0,0.40655,1.16,0.99,7.76
Kepler-808 b,Kepler-808,1.46,2.73,4.82,0.0,1322.0,1428.3000000000002,0.631332353,0.01314,4653.0,-0.6837,0.71,0.76,1.95
Kepler-809 b,Kepler-809,3.01,9.32,1.88,0.0,478.0,13.154999999999998,55.63933999999998,0.2901,5734.0,0.00145,0.9799999999999999,0.99,4.37
Kepler-81 b,Kepler-81,2.42,17.2,6.669999999999999,0.0,635.0,39.95,5.955,0.0522,4385.0,-0.88941,0.5900000000000001,0.64,3.63
Kepler-81 c,Kepler-81,2.37,4.3,1.77,0.0,502.0,15.62,12.039999999999997,0.08347,4385.0,-0.88941,0.5900000000000001,0.64,3.63
Kepler-81 d,Kepler-81,1.21,1.92,5.96,0.0,418.0,7.507,20.837846000000006,0.128,4500.0,-0.88941,0.595,0.648,3.63
Kepler-810 b,Kepler-810,1.93,4.380000000000001,3.3500000000000005,0.0,1105.0,350.5970000000001,4.5972538499999995,0.055,5803.0,-0.03156,1.04,1.03,4.17
Kepler-811 b,Kepler-811,2.7,7.750000000000001,2.16,0.0,730.0,78.59,23.584476969999997,0.15911000000000003,5747.0,0.32275,1.2400000000000002,1.01,7.94
Kepler-812 b,Kepler-812,3.55,12.300000000000002,1.5100000000000002,0.0,1163.0,421.9169999999999,10.11716531,0.1024,6761.0,0.75193,1.7099999999999997,1.45,1.66
Kepler-813 b,Kepler-813,2.14,5.219999999999999,2.9299999999999997,0.0,817.0,56.03999999999999,19.12947337,0.14390000000000003,5743.0,-0.0712,0.9300000000000002,0.9500000000000001,3.98
Kepler-814 b,Kepler-814,2.12,5.140000000000001,2.9600000000000004,0.0,1164.0,935.1240000000004,6.146985099999999,0.0695,6162.0,0.66937,1.22,1.15,3.02
Kepler-815 b,Kepler-815,4.11,15.8,1.25,0.0,1374.0,979.1359999999997,8.57503552,0.09473,5028.0,0.85698,3.42,1.25,4.9
Kepler-816 b,Kepler-816,10.24,74.49999999999999,0.381,0.0,668.0,50.562999999999995,10.506825646,0.08949999999999998,5286.0,-0.37445,0.8500000000000001,0.9,4.17
Kepler-817 b,Kepler-817,9.03,60.19999999999999,0.449,0.0,1124.0,550.2029999999999,3.9901062290000002,0.0493,5861.0,0.08609,1.03,1.03,3.55
Kepler-818 b,Kepler-818,5.11,22.900000000000006,0.9430000000000001,0.0,786.0,100.779,10.035385814,0.0886,5638.0,-0.124,0.9200000000000002,0.94,3.98
Kepler-819 b,Kepler-819,2.76,8.05,2.1,0.0,485.0,9.913,33.199564800000005,0.1894,5279.0,-0.39773,0.81,0.86,4.47
Kepler-82 b,Kepler-82,4.07,12.149999999999999,0.9799999999999999,0.0033,562.0,19.558000000000003,26.44000000000001,0.16829999999999998,5401.0,-0.18507,0.8980000000000001,0.91,1.41
Kepler-82 c,Kepler-82,5.34,13.899999999999997,0.494,0.007,450.0,8.035,51.540000000000006,0.2626,5401.0,-0.18507,0.8980000000000001,0.91,1.41
Kepler-82 d,Kepler-82,1.77,885.0979999999997,219.99999999999991,0.0,1253.0,484.35100000000006,2.3829609999999994,0.034,5428.0,-0.18507,0.945,0.946,1.41
Kepler-82 e,Kepler-82,2.47,254.0199999999999,0.54,0.0,926.0,144.33700000000002,5.902206,0.063,5428.0,-0.18507,0.945,0.946,1.41
Kepler-82 f,Kepler-82,4.84,20.9,1.01,0.0014,400.4,6.389540913409087,75.73199999999999,0.3395,5401.0,-0.18507,0.8980000000000001,0.91,1.41
Kepler-820 b,Kepler-820,6.09,30.799999999999997,0.7490000000000001,0.0,554.0,16.228,127.83380980000003,0.56004,6260.0,0.6895,1.3599999999999999,1.23,2.63
Kepler-821 b,Kepler-821,1.31,2.2700000000000005,5.55,0.0,1215.0,496.8200000000001,1.92279873,0.029,5191.0,-0.36439,0.8,0.8400000000000001,4.79
Kepler-822 b,Kepler-822,1.77,3.7800000000000002,3.7500000000000004,0.0,1239.0,535.1880000000001,3.222969273,0.04078,5928.0,-0.00495,1.08,1.06,3.55
Kepler-823 b,Kepler-823,1.57,3.09,4.39,0.0,1277.0,803.3530000000002,4.16809082,0.0507,5643.0,0.33549,0.9599999999999999,0.9799999999999999,4.47
Kepler-824 b,Kepler-824,1.87,4.16,3.5000000000000004,0.0,1231.0,454.604,4.51436633,0.055,6035.0,0.12216,1.22,1.15,3.31
Kepler-825 b,Kepler-825,1.53,2.9600000000000004,4.540000000000001,0.0,1270.0,734.4639999999999,3.77360059,0.0453,5976.0,0.11956,1.08,1.03,3.55
Kepler-825 c,Kepler-825,1.84,4.039999999999999,3.5599999999999996,0.0,981.0,261.62799999999993,8.181824600000002,0.0759,5976.0,0.11956,1.08,1.03,3.55
Kepler-826 b,Kepler-826,1.25,2.1,5.910000000000001,0.0,1305.0,827.2210000000001,4.48758907,0.05202,6079.0,0.34865,1.15,1.05,4.37
Kepler-827 b,Kepler-827,5.63,26.999999999999996,0.831,0.0,574.0,23.602000000000004,51.92927591,0.2742,5602.0,0.23172,0.91,0.9300000000000002,4.37
Kepler-828 b,Kepler-828,1.51,2.89,4.61,0.0,1848.0,1835.1589999999999,0.567857136,0.01228,5039.0,-0.54299,0.77,0.81,4.57
Kepler-829 b,Kepler-829,2.11,5.1,2.98,0.0,857.0,247.47000000000006,6.883375619999999,0.0678,5698.0,0.04004,0.97,0.9799999999999999,4.68
Kepler-83 b,Kepler-83,2.83,2.9400000000000004,0.83,0.0,460.0,15.412,9.77,0.07295,4082.0,-1.10237,0.61,0.6599999999999999,3.09
Kepler-83 c,Kepler-83,2.36,2.0299999999999994,0.38,0.0,362.0,5.9,20.09,0.11796,4082.0,-1.10237,0.61,0.6599999999999999,3.09
Kepler-83 d,Kepler-83,1.94,4.1,0.56,0.0,569.0,28.809999999999995,5.169796,0.051,4648.0,-1.10237,0.5939999999999999,0.58,3.09
Kepler-830 b,Kepler-830,1.7,3.5300000000000002,3.95,0.0,907.0,160.18000000000004,11.296951369999999,0.1033,6037.0,0.169,1.11,1.07,3.47
Kepler-831 b,Kepler-831,1.27,2.1500000000000004,5.77,0.0,992.0,266.249,5.621539409999999,0.05984,5732.0,0.01191,0.97,0.99,4.17
Kepler-832 b,Kepler-832,2.06,4.9,3.08,0.0,965.0,256.828,7.139694099999999,0.075,5596.0,0.07025,0.9,0.9200000000000002,4.37
Kepler-833 b,Kepler-833,2.02,4.74,3.16,0.0,382.0,8.313,18.754699799999997,0.1139,4339.0,-0.79309,0.62,0.64,3.72
Kepler-834 b,Kepler-834,2.02,4.74,3.16,0.0,378.0,11.845,13.323883010000003,0.0862,4554.0,-0.7453,0.6599999999999999,0.7,2.69
Kepler-835 b,Kepler-835,2.79,8.2,2.07,0.0,921.0,170.32999999999993,11.419093749999998,0.107,5954.0,0.32995,1.11,1.08,3.63
Kepler-836 b,Kepler-836,2.73,7.9,2.13,0.0,869.0,135.79699999999994,11.361123269999998,0.1013,5895.0,0.04883,1.04,1.03,4.27
Kepler-837 b,Kepler-837,2.56,7.08,2.3199999999999994,0.0,701.0,55.96599999999999,16.560595040000003,0.11439999999999999,5403.0,-0.27122,0.81,0.8500000000000001,3.98
Kepler-838 b,Kepler-838,2.73,7.9,2.13,0.0,777.0,61.08899999999999,15.749579939999999,0.1266,5770.0,-0.09867,0.9599999999999999,0.9799999999999999,4.17
Kepler-839 b,Kepler-839,2.57,7.13,2.31,0.0,626.0,46.30299999999999,37.81445140000001,0.2316,6058.0,0.43706,1.31,1.22,2.82
Kepler-84 b,Kepler-84,2.23,40.00000000000001,19.800000000000004,0.0,985.0,222.18999999999994,8.726000000000003,0.0827,6039.0,0.39,1.4300000000000002,1.0,3.98
Kepler-84 c,Kepler-84,2.36,20.200000000000003,8.440000000000001,0.0,865.0,132.23,12.883000000000003,0.1072,6039.0,0.39,1.4300000000000002,1.0,3.98
Kepler-84 d,Kepler-84,1.38,2.48,5.19,0.0,1254.0,584.2400000000002,4.224537,0.052,6031.0,0.212,1.169,1.06,3.98
Kepler-84 e,Kepler-84,2.6,7.269999999999999,2.2700000000000005,0.0,672.0,48.29,27.434389000000003,0.181,6031.0,0.212,1.169,1.06,3.98
Kepler-84 f,Kepler-84,2.2,5.480000000000001,2.8300000000000005,0.0,572.0,25.299999999999997,44.552169000000006,0.25,6031.0,0.212,1.169,1.06,3.98
Kepler-841 b,Kepler-841,5.23,23.8,0.9139999999999999,0.0,416.0,1.6480000000000001,124.41983979999995,0.479,5324.0,-0.36224,0.81,0.8500000000000001,4.47
Kepler-842 b,Kepler-842,1.6,3.1899999999999995,4.279999999999999,0.0,1252.0,588.9500000000003,1.21956827,0.0204,4848.0,-0.61238,0.73,0.78,4.37
Kepler-843 b,Kepler-843,2.59,7.220000000000001,2.28,0.0,1523.0,890.3329999999997,2.0538798210000007,0.0313,5830.0,-0.04723,1.03,1.02,4.17
Kepler-844 b,Kepler-844,1.68,3.46,4.01,0.0,713.0,89.65200000000004,2.613020856,0.0298,4128.0,-0.92083,0.57,0.5900000000000001,3.8
Kepler-845 b,Kepler-845,2.04,4.82,3.12,0.0,1361.0,772.498,0.9278598210000001,0.01668,4913.0,-0.60474,0.75,0.79,4.79
Kepler-846 b,Kepler-846,2.48,6.710000000000001,2.4200000000000004,0.0,624.0,35.276,19.80792185,0.1399,5579.0,-0.21715,0.91,0.94,4.37
Kepler-847 b,Kepler-847,1.18,1.7600000000000002,5.89,0.0,1054.0,292.31,2.3432318950000006,0.0315,4940.0,-0.5065,0.77,0.83,3.89
Kepler-848 b,Kepler-848,1.7,3.5300000000000002,3.95,0.0,1086.0,794.7779999999999,6.911344159999999,0.07585999999999998,5695.0,0.59369,1.2,1.01,8.32
Kepler-849 b,Kepler-849,8.08167508,298.7587025800001,3.09,0.078,362.7,2.86,394.62508,1.137,5950.0,0.57287,1.8220000000000003,1.259,4.7
Kepler-85 b,Kepler-85,1.778,1.8399999999999999,1.819493,0.02,809.0,107.02800000000002,8.3,0.07885,5505.2,-0.2123,0.8749999999999999,0.9280000000000002,1.38
Kepler-85 c,Kepler-85,1.978,2.1500000000000004,1.527272,0.027,706.0,61.929000000000016,12.509999999999996,0.10363,5505.2,-0.2123,0.8749999999999999,0.9280000000000002,1.38
Kepler-85 d,Kepler-85,1.2,8.69679,4.3999999999999995,0.0,626.0,38.39,17.91323,0.13,5436.0,-0.2123,0.893,0.9469999999999998,1.38
Kepler-85 e,Kepler-85,1.27,0.6000000000000001,1.6000000000000003,0.0,559.0,24.318,25.216751000000006,0.163,5436.0,-0.2123,0.893,0.9469999999999998,1.38
Kepler-850 b,Kepler-850,1.78,3.8199999999999994,3.7200000000000006,0.0,995.0,329.28300000000013,7.193038780000002,0.0744,5932.0,0.17325,1.09,1.06,3.89
Kepler-851 b,Kepler-851,1.68,3.46,4.01,0.0,900.0,103.828,8.506996579999997,0.0802,5455.0,-0.273,0.8500000000000001,0.89,4.47
Kepler-852 b,Kepler-852,2.54,6.989999999999999,2.34,0.0,565.0,92.13099999999997,44.930980399999996,0.27967,6100.0,0.827,1.16,1.19,1.48
Kepler-853 b,Kepler-853,1.69,3.5000000000000004,3.9800000000000004,0.0,1187.0,499.30100000000004,7.16892463,0.079,6350.0,0.51032,1.5499999999999998,1.3,2.69
Kepler-855 b,Kepler-855,8.35,52.7,0.497,0.0,996.0,405.183,7.886631104,0.0762,5835.0,0.33305,1.03,1.03,4.17
Kepler-856 b,Kepler-856,9.3,63.300000000000026,0.432,0.0,824.0,153.49700000000004,8.027680595000001,0.0787,5535.0,-0.02166,0.9300000000000002,0.9599999999999999,4.27
Kepler-857 b,Kepler-857,6.8,37.199999999999996,0.65,0.0,390.0,5.747,85.35129427000001,0.37509999999999993,5773.0,-0.07143,0.99,0.99,4.27
Kepler-858 b,Kepler-858,4.87,21.10000000000001,1.0,0.0,399.0,6.338,76.13602028,0.33939,5653.0,-0.1131,0.91,0.9599999999999999,3.39
Kepler-859 b,Kepler-859,3.09,9.750000000000004,1.82,0.0,528.0,14.896999999999998,20.381775729999998,0.13157,5020.0,-0.55638,0.77,0.81,4.57
Kepler-860 b,Kepler-860,3.24,10.600000000000001,1.7099999999999997,0.0,1050.0,233.6210000000001,5.101379453999999,0.058,5836.0,-0.15726,1.06,1.04,4.27
Kepler-861 b,Kepler-861,2.28,5.82,2.7000000000000006,0.0,966.0,197.29000000000002,3.949631375,0.0463,5047.0,-0.42701,0.78,0.8200000000000001,4.47
Kepler-862 b,Kepler-862,2.21,5.52,2.81,0.0,1097.0,547.2929999999999,3.148664534,0.039,5333.0,-0.10252,0.8400000000000001,0.8800000000000001,4.79
Kepler-863 b,Kepler-863,2.9,8.750000000000002,1.97,0.0,718.0,117.82800000000005,15.594618740000001,0.122,5678.0,0.21514,0.9500000000000001,0.9599999999999999,3.8
Kepler-864 b,Kepler-864,2.4,6.349999999999999,2.5200000000000005,0.0,1143.0,464.7649999999998,5.83376092,0.0687,5754.0,0.2078,1.0,1.0,4.68
Kepler-864 c,Kepler-864,1.62,3.26,4.21,0.0,1532.0,1305.0399999999995,2.4215034100000006,0.0382,6213.0,0.2078,1.1950000000000003,1.27,0.3
Kepler-865 b,Kepler-865,2.49,6.759999999999999,2.4100000000000006,0.0,694.0,46.361999999999995,14.163992939999996,0.1057,5570.0,-0.29754,0.9200000000000002,0.9300000000000002,4.27
Kepler-865 c,Kepler-865,0.89,0.64,4.989999999999999,0.0,914.0,164.98000000000002,6.20920207,0.061,5440.0,-0.29754,0.8850000000000001,0.782,4.27
Kepler-866 b,Kepler-866,1.63,3.29,4.17,0.0,996.0,196.12699999999995,2.617032536,0.0331,4751.0,-0.70483,0.71,0.75,4.27
Kepler-867 b,Kepler-867,4.64,19.4,1.07,0.0,327.0,2.72,150.24212700000007,0.5375,5541.0,0.11686,0.91,0.9200000000000002,5.89
Kepler-868 b,Kepler-868,2.05,4.86,3.0999999999999996,0.0,1047.0,417.034,5.032517909999999,0.057499999999999996,5614.0,0.06838,0.89,0.9300000000000002,3.89
Kepler-869 b,Kepler-869,3.61,12.7,1.48,0.0,494.0,17.233999999999998,40.4287755,0.2244,5664.0,-0.11047,0.9500000000000001,0.97,4.79
Kepler-87 b,Kepler-87,13.49,324.20000000000016,0.7289999999999999,0.036,478.0,9.203,114.73635,0.481,5600.0,0.32604,1.82,1.1,7.5
Kepler-87 c,Kepler-87,6.14,6.400000000000001,0.152,0.039,403.0,4.656,191.2317999999999,0.6759999999999999,5600.0,0.32604,1.82,1.1,7.5
Kepler-870 b,Kepler-870,2.78,8.15,2.08,0.0,691.0,54.869,21.358762100000003,0.1539,5857.0,0.04289,1.02,1.01,3.8
Kepler-871 b,Kepler-871,3.74,13.5,1.4199999999999997,0.0,640.0,79.72199999999998,22.045901799999996,0.1572,5993.0,0.30895,1.14,1.11,3.47
Kepler-872 b,Kepler-872,1.99,4.619999999999999,3.22,0.0,1230.0,553.056,2.5788550680000006,0.0362,5902.0,-0.14573,1.08,1.05,4.17
Kepler-873 b,Kepler-873,3.75,13.5,1.4100000000000001,0.0,749.0,68.01499999999999,20.553384399999995,0.1542,6163.0,0.13449,1.27,1.18,2.95
Kepler-874 b,Kepler-874,3.94,14.699999999999998,1.32,0.0,560.0,31.624000000000006,40.0686727,0.22339999999999996,6020.0,0.13758,1.13,1.09,3.31
Kepler-875 b,Kepler-875,2.9,8.750000000000002,1.97,0.0,569.0,41.431,27.507379899999993,0.17709999999999998,5958.0,0.13542,1.11,1.06,3.39
Kepler-876 b,Kepler-876,1.43,2.63,4.94,0.0,923.0,152.74599999999998,5.144380110000001,0.05489999999999999,5060.0,-0.33828,0.77,0.81,5.25
Kepler-877 b,Kepler-877,2.12,5.140000000000001,2.9600000000000004,0.0,632.0,37.81,18.45847097,0.1301,5261.0,-0.343,0.81,0.8500000000000001,4.57
Kepler-878 b,Kepler-878,1.93,4.380000000000001,3.3500000000000005,0.0,501.0,27.008999999999997,25.942203299999996,0.165,5044.0,-0.17433,0.77,0.81,4.57
Kepler-879 b,Kepler-879,2.57,7.13,2.31,0.0,580.0,29.127999999999993,33.3855938,0.20120000000000002,5792.0,0.0334,1.02,1.02,4.27
Kepler-879 c,Kepler-879,0.4,0.0364,3.13,0.03066,1693.4,2326.7359830497057,0.646716,0.102,5456.75,0.0334,1.022,0.974,4.27
Kepler-88 d,KOI-142,13.1,965.1469965600002,2.36,0.41,245.792,1.0061626784360156,1402.9999999999998,2.4663298659999997,5466.0,-0.16507,0.8969999999999999,0.99,1.6
Kepler-880 b,Kepler-880,2.66,7.559999999999999,2.21,0.0,1622.0,586.1689999999999,7.714689750000001,0.0915,6761.0,0.66603,1.7400000000000002,1.46,1.66
Kepler-880 c,Kepler-880,2.87,8.600000000000001,1.9999999999999996,0.0,1407.0,926.7200000000003,11.806173700000002,0.1216,6900.0,0.66603,2.5990000000000006,1.714,1.41
Kepler-881 b,Kepler-881,1.78,3.8199999999999994,3.7200000000000006,0.0,1217.0,538.5689999999997,4.44448017,0.0552,5961.0,0.11975,1.09,1.06,3.8
Kepler-882 b,Kepler-882,1.23,2.04,6.02,0.0,903.0,259.0290000000001,3.9895396659999998,0.04741,5476.0,-0.27313,0.87,0.9,4.57
Kepler-883 b,Kepler-883,1.78,3.8199999999999994,3.7200000000000006,0.0,818.0,163.052,12.984955730000003,0.10288,6116.0,0.29567,1.09,1.06,3.02
Kepler-884 b,Kepler-884,1.23,2.04,6.02,0.0,964.0,139.49999999999994,5.69919514,0.06116,5715.0,-0.31335,0.94,1.0,2.45
Kepler-885 b,Kepler-885,2.5,6.800000000000002,2.3900000000000006,0.0,830.0,124.646,18.11472949,0.14403,6187.0,0.41686,1.35,1.21,3.16
Kepler-886 b,Kepler-886,1.52,2.9199999999999995,4.57,0.0,1111.0,231.43200000000007,6.241463669999999,0.06428,6098.0,0.04165,1.16,1.1,3.39
Kepler-887 b,Kepler-887,1.84,4.039999999999999,3.5599999999999996,0.0,785.0,109.84199999999997,20.42228798,0.15431,6194.0,0.44617,1.29,1.19,3.09
Kepler-887 c,Kepler-887,1.13,1.5100000000000002,5.749999999999999,0.0,1089.0,407.97700000000015,7.6384602300000015,0.0801,6194.0,0.44617,1.29,1.19,3.09
Kepler-888 b,Kepler-888,1.76,3.7500000000000004,3.7800000000000002,0.0,417.0,7.854000000000001,70.69790609999998,0.3148099999999999,5875.0,-0.04319,0.9,0.97,1.48
Kepler-889 b,Kepler-889,1.09,1.32,5.6,0.0,1328.0,954.5880000000003,3.744439,0.04975,5961.0,0.38344,1.25,1.14,3.98
Kepler-890 b,Kepler-890,8.89,58.6,0.4580000000000001,0.0,540.0,30.227000000000007,52.75875577,0.29439999999999994,5954.0,0.32651,1.13,1.09,3.63
Kepler-891 b,Kepler-891,6.41,33.60000000000001,0.7009999999999998,0.0,486.0,44.32599999999999,53.44945592999999,0.28809999999999997,5887.0,0.58754,1.07,1.06,3.55
Kepler-892 b,Kepler-892,2.81,8.3,2.0599999999999996,0.0,556.0,18.196000000000005,13.752107200000001,0.1015,4747.0,-0.73492,0.7199999999999999,0.75,5.01
Kepler-893 b,Kepler-893,3.03,9.429999999999998,1.8599999999999999,0.0,1034.0,266.2710000000001,6.33855761,0.0699,5820.0,0.05966,0.99,1.0,3.8
Kepler-894 b,Kepler-894,2.78,8.15,2.08,0.0,896.0,119.88100000000004,9.803224,0.0916,5603.0,-0.12306,0.8500000000000001,0.87,4.27
Kepler-895 b,Kepler-895,1.54,2.99,4.5,0.0,771.0,106.58499999999998,2.806242328,0.0328,4315.0,-0.85369,0.61,0.65,2.63
Kepler-896 b,Kepler-896,2.53,6.9399999999999995,2.35,0.0,303.0,1.99,144.54739600000002,0.56378,5262.0,0.48148,0.81,0.8400000000000001,5.01
Kepler-896 c,Kepler-896,3.15,10.1,1.7800000000000002,0.0,515.0,16.56,29.542256599999995,0.1792,5510.0,0.48148,0.8030000000000002,0.877,7.59
Kepler-897 b,Kepler-897,2.39,6.300000000000001,2.54,0.0,855.0,354.2210000000001,8.047264199999999,0.077,5839.0,0.28762,1.04,1.03,4.37
Kepler-898 b,Kepler-898,1.49,2.8300000000000005,4.699999999999999,0.0,616.0,37.11,5.870619099999999,0.0545,4223.0,-0.87506,0.62,0.65,3.98
Kepler-899 b,Kepler-899,2.68,7.65,2.18,0.0,640.0,62.19800000000001,19.178912930000003,0.1392,5595.0,0.04831,0.91,0.9300000000000002,4.07
Kepler-9 b,Kepler-9,8.29,43.39999999999999,0.41999999999999993,0.0609,661.0,48.229,19.23891,0.143,5774.0,-0.038,0.9580000000000001,1.022,2.0
Kepler-9 c,Kepler-9,8.08,29.89999999999999,0.30999999999999994,0.06691,523.0,18.903000000000002,38.98530000000001,0.22700000000000004,5774.0,-0.038,0.9580000000000001,1.022,2.0
Kepler-9 d,Kepler-9,1.64,8.41466053,13.547166000000002,0.0,2026.0,1339.6580000000001,1.592851,0.0273,5777.0,-0.038,1.02,1.07,1.0
Kepler-90 i,KOI-351,1.32,2.3,5.5,0.0,709.0,97.36381593561364,14.449120000000002,0.1201380843,6015.0,0.26853,1.29,1.12,0.53
Kepler-900 b,Kepler-900,2.08,4.98,3.04,0.0,716.0,54.10900000000001,6.991308600000001,0.0679,4836.0,-0.6084,0.73,0.78,4.57
Kepler-901 b,Kepler-901,1.37,2.45,5.24,0.0,704.0,68.723,3.5174943939999994,0.0378,4184.0,-0.98404,0.57,0.5900000000000001,3.8
Kepler-902 b,Kepler-902,2.54,6.989999999999999,2.34,0.0,556.0,24.874999999999996,40.1099547,0.223,5647.0,0.10835,0.9300000000000002,0.9500000000000001,4.37
Kepler-903 b,Kepler-903,2.01,4.699999999999999,3.18,0.0,842.0,274.84499999999997,10.350772100000002,0.09081,5682.0,0.36464,0.97,0.9799999999999999,4.79
Kepler-903 c,Kepler-903,2.53,6.9399999999999995,2.35,0.0,462.0,24.791000000000004,62.9228557,0.30249,5682.0,0.36464,0.97,0.9799999999999999,4.79
Kepler-904 b,Kepler-904,1.77,3.7800000000000002,3.7500000000000004,0.0,1332.0,875.4189999999999,3.0216686320000004,0.0417,6160.0,0.15444,1.25,1.16,3.02
Kepler-905 b,Kepler-905,1.41,2.5699999999999994,5.040000000000001,0.0,928.0,185.77100000000004,5.082746517,0.05689,5461.0,-0.21507,0.86,0.9500000000000001,1.66
Kepler-906 b,Kepler-906,2.11,5.1,2.98,0.0,537.0,21.987000000000002,41.697997599999994,0.22362999999999997,6035.0,0.09641,1.02,1.06,1.86
Kepler-907 b,Kepler-907,1.2,1.8700000000000003,5.950000000000001,0.0,879.0,137.66000000000003,15.86621821,0.1225,6106.0,0.378,1.3799999999999997,1.08,5.37
Kepler-908 b,Kepler-908,1.22,1.9799999999999998,5.989999999999999,0.0,1783.0,3304.101000000002,1.340597468,0.02526,5973.0,0.26406,1.12,1.11,3.02
Kepler-909 b,Kepler-909,1.47,2.76,4.769999999999999,0.0,852.0,127.24000000000004,13.932903179999998,0.11873,6154.0,0.273,1.23,1.17,2.88
Kepler-91 b,Kepler-91,15.322703,257.44229999999993,0.4,0.0519,2040.0,3273.323999999998,6.246580000000001,0.0731,4550.0,1.225,6.300000000000001,1.31,4.47
Kepler-910 b,Kepler-910,0.82,0.477,4.75,0.0,1752.0,2108.0729999999994,2.364369015,0.03752,6230.0,0.49442,1.5,1.26,3.39
Kepler-911 b,Kepler-911,2.6,7.269999999999999,2.2700000000000005,0.0,931.0,198.72500000000008,20.310501000000002,0.15594,6112.0,0.70686,1.99,1.34,3.55
Kepler-912 b,Kepler-912,2.8,8.250000000000002,2.07,0.0,1218.0,519.9499999999999,2.5347562729999997,0.0339,5998.0,0.55177,1.11,1.07,3.16
Kepler-913 b,Kepler-913,2.06,4.9,3.08,0.0,1129.0,58.89999999999998,10.296725209999998,0.1009,4687.0,-0.28163,0.61,0.63,5.62
Kepler-913 c,Kepler-913,3.8580709,14.199999999999998,1.3599999999999999,0.0,1357.0,122.81999999999996,5.939119816,0.0699,6068.0,-0.28163,1.7969999999999997,1.294,5.62
Kepler-914 b,Kepler-914,1.38,2.48,5.19,0.0,1192.0,568.3779999999998,4.409665480000001,0.05454,5877.0,0.24467,1.15,1.1,3.98
Kepler-915 b,Kepler-915,1.5,2.86,4.66,0.0,1319.0,844.7510000000002,4.59489604,0.05655,6173.0,0.50553,1.3799999999999997,1.21,3.39
Kepler-916 b,Kepler-916,1.76,3.7500000000000004,3.7800000000000002,0.0,503.0,14.683000000000002,32.2968798,0.1885,5248.0,-0.27846,0.81,0.8500000000000001,4.79
Kepler-917 b,Kepler-917,1.91,4.3100000000000005,3.4000000000000004,0.0,991.0,228.10999999999996,2.970414375,0.0378,5418.0,0.76372,0.76,0.8,4.17
Kepler-918 b,Kepler-918,1.74,3.6799999999999997,3.84,0.0,1052.0,258.70199999999994,4.85386933,0.0569,6028.0,-0.01801,1.14,1.11,3.24
Kepler-919 b,Kepler-919,2.25,5.6899999999999995,2.74,0.0,869.0,153.9149999999999,11.04603384,0.0981,6113.0,0.16662,1.21,1.15,3.02
Kepler-92 b,Kepler-92,3.51,64.29999999999998,2.098071,0.17,975.0,257.77600000000007,13.749000000000002,0.12232,5883.0,0.55818,1.7000000000000002,1.21,3.98
Kepler-92 c,Kepler-92,2.6,6.1000000000000005,4.7471250000000005,0.04,781.0,106.20699999999997,26.723000000000006,0.19054,5883.0,0.55818,1.7000000000000002,1.21,3.98
Kepler-92 d,Kepler-92,2.067,11.8666806,7.457871,0.07,637.0,46.844,49.35680000000001,0.28682,5904.34,0.55818,1.8171900000000003,1.07,3.98
Kepler-920 b,Kepler-920,2.42,6.440000000000001,2.5,0.0,907.0,153.13800000000003,6.531927040000001,0.065,5403.0,-0.18293,0.8500000000000001,0.89,4.37
Kepler-920 c,Kepler-920,3.8,13.799999999999997,1.3799999999999997,0.0,364.0,3.9860000000000007,100.82741130000001,0.4029,5403.0,-0.18293,0.8500000000000001,0.89,4.37
Kepler-921 b,Kepler-921,2.87,8.600000000000001,1.9999999999999996,0.0,492.0,15.006999999999998,51.300633999999995,0.2716,5663.0,-0.0296,0.91,0.9300000000000002,4.27
Kepler-922 b,Kepler-922,1.42,2.6000000000000005,4.989999999999999,0.0,1876.0,2142.634,0.9384668320000001,0.01795,5671.0,-0.13328,0.9300000000000002,0.9500000000000001,4.37
Kepler-923 b,Kepler-923,1.38,2.48,5.19,0.0,1104.0,390.63599999999985,6.93366476,0.07592000000000002,5988.0,0.3325,1.26,1.11,4.68
Kepler-924 b,Kepler-924,3.07,9.640000000000002,1.8300000000000003,0.0,610.0,19.997,61.03701170000001,0.31318,6167.0,0.31382,1.23,1.14,3.09
Kepler-925 b,Kepler-925,2.34,6.080000000000001,2.6100000000000003,0.0,394.0,5.833,33.867853100000005,0.1805,4673.0,-0.68406,0.7199999999999999,0.77,2.57
Kepler-926 b,Kepler-926,2.31,5.950000000000001,2.65,0.0,524.0,17.882999999999996,52.068860099999995,0.2739,5806.0,0.17281,1.01,1.01,4.37
Kepler-927 b,Kepler-927,1.72,3.6100000000000003,3.9000000000000004,0.0,906.0,129.53399999999996,9.114990299999999,0.0866,5743.0,-0.08583,0.99,0.99,4.37
Kepler-928 b,Kepler-928,1.59,3.1500000000000004,4.3100000000000005,0.0,894.0,111.10999999999996,3.932461302,0.0444,4700.0,-0.71877,0.7,0.73,4.37
Kepler-929 b,Kepler-929,1.11,1.4100000000000001,5.670000000000001,0.0,2362.0,8159.933000000003,0.9210321349999999,0.01982,5869.0,0.46075,1.02,1.01,3.47
Kepler-93 b,Kepler-93,1.478,4.66,7.930000000000001,0.0,1133.0,274.9999999999999,4.726739779999999,0.05343,5669.0,-0.10565,0.919,0.9109999999999999,6.6
Kepler-93 c,Kepler-93,2.8395539349999996,954.0000000000001,2.56,0.10729999999999999,589.1899999999999,24.17870319759367,1460.0000000000002,0.102,5669.0,-0.10565,0.9200000000000002,0.91,5.05
Kepler-930 b,Kepler-930,2.13,5.180000000000001,2.9500000000000006,0.0,561.0,16.850999999999996,71.45177749999999,0.34593,6335.0,0.37758,1.4,1.25,2.34
Kepler-931 b,Kepler-931,1.33,2.33,5.44,0.0,744.0,72.44,8.037558770000002,0.0719,5241.0,-0.35,0.81,0.86,4.68
Kepler-932 b,Kepler-932,1.37,2.45,5.24,0.0,1276.0,562.2170000000002,1.921437396,0.02876,5331.0,-0.32176,0.8400000000000001,0.87,4.68
Kepler-933 b,Kepler-933,2.46,6.619999999999999,2.44,0.0,602.0,61.322999999999986,14.20443009,0.1041,5346.0,-0.21081,0.8400000000000001,0.87,4.68
Kepler-934 b,Kepler-934,2.09,5.02,3.0200000000000005,0.0,384.0,4.715999999999999,55.673830899999984,0.2658,5001.0,-0.47799,0.77,0.81,4.47
Kepler-935 b,Kepler-935,1.35,2.3900000000000006,5.34,0.0,879.0,94.60700000000004,4.880838519999999,0.0527,4830.0,-0.63887,0.73,0.78,3.8
Kepler-936 b,Kepler-936,1.45,2.7000000000000006,4.869999999999999,0.0,867.0,133.56000000000003,10.561342210000003,0.09539999999999998,5482.0,-0.19,0.89,0.9200000000000002,4.57
Kepler-937 b,Kepler-937,3.72,13.399999999999999,1.4300000000000002,0.0,495.0,20.626999999999995,67.66882699999996,0.3214,6095.0,0.28097,1.22,1.15,3.24
Kepler-937 c,Kepler-937,2.67,7.610000000000001,2.2,0.0,377.0,6.930000000000001,153.343364,0.5545,6095.0,0.28097,1.22,1.15,3.24
Kepler-938 b,Kepler-938,2.22,5.5600000000000005,2.79,0.0,544.0,8.57,52.62984170000001,0.2689,5533.0,-0.174,0.89,0.9200000000000002,4.27
Kepler-939 b,Kepler-939,1.75,3.71,3.8,0.0,692.0,54.18999999999998,14.878296000000002,0.1153,5471.0,0.39065,0.8500000000000001,0.8800000000000001,4.47
Kepler-94 b,Kepler-94,3.51,10.84,1.45,0.0,997.0,216.09399999999994,2.50806,0.03377,4781.0,-0.61348,0.76,0.81,1.41
Kepler-94 c,Kepler-94,12.5,3126.0,8.79,0.345931,424.9,23.277780772639034,820.3000000000002,1.596806621,4781.0,-0.61348,0.76,0.81,1.41
Kepler-940 b,Kepler-940,3.34,11.100000000000001,1.6399999999999997,0.0,486.0,10.518999999999998,59.62252569999998,0.30589999999999995,5769.0,-0.05668,0.9599999999999999,0.97,3.63
Kepler-941 b,Kepler-941,3.08,9.69,1.82,0.0,722.0,47.032000000000004,17.42395198,0.1311,5539.0,-0.20576,0.86,0.89,4.07
Kepler-942 b,Kepler-942,2.13,5.180000000000001,2.9500000000000006,0.0,379.0,4.957000000000001,44.96417488,0.22737,4861.0,-0.58453,0.75,0.81,4.17
Kepler-943 b,Kepler-943,5.93,29.5,0.777,0.0,455.0,10.16,49.77014379999999,0.2559,5612.0,0.40676,0.91,0.9300000000000002,4.27
Kepler-944 b,Kepler-944,2.63,7.409999999999998,2.24,0.0,459.0,20.174,43.31677369999999,0.2288,5409.0,-0.07777,0.83,0.86,4.47
Kepler-945 b,Kepler-945,2.63,7.409999999999998,2.24,0.0,616.0,31.702000000000005,31.003381399999995,0.2037,5718.0,0.02447,0.97,0.97,4.47
Kepler-946 b,Kepler-946,1.93,4.380000000000001,3.3500000000000005,0.0,857.0,124.07199999999999,11.791625720000003,0.1002,5665.0,0.13422,0.9300000000000002,0.94,4.17
Kepler-947 b,Kepler-947,2.28,5.82,2.7000000000000006,0.0,573.0,51.95000000000001,26.964431700000002,0.1773,5508.0,0.14245,0.87,0.9,4.27
Kepler-948 b,Kepler-948,1.85,4.08,3.5399999999999996,0.0,841.0,126.20299999999999,7.768466220000001,0.0749,5679.0,-0.10938,0.94,0.9599999999999999,4.17
Kepler-949 b,Kepler-949,2.91,8.8,1.96,0.0,782.0,58.441999999999986,8.689307296,0.07739,5403.0,-0.44164,0.86,0.89,4.57
Kepler-949 c,Kepler-949,2.97,9.109999999999998,1.9099999999999997,0.0,582.0,27.2,20.99757968,0.1394,5211.0,-0.44164,0.895,0.817,1.74
Kepler-95 b,Kepler-95,3.42,13.000000000000004,1.7099999999999997,0.0,927.0,178.83200000000002,11.5231,0.10232,5699.0,0.28105,1.4100000000000001,1.08,5.63
Kepler-950 b,Kepler-950,8.98,59.60000000000002,0.45199999999999996,0.0,360.0,3.9699999999999998,98.71804059999997,0.3982,5857.0,0.35461,1.02,1.02,3.8
Kepler-951 b,Kepler-951,5.59,26.699999999999996,0.8400000000000001,0.0,340.0,2.4719999999999995,71.52530844999997,0.30910000000000004,4834.0,-0.64183,0.73,0.77,4.27
Kepler-952 b,Kepler-952,7.65,45.39999999999999,0.557,0.0,369.0,5.046000000000001,130.35469189999998,0.5183,5730.0,0.09668,0.99,1.0,4.27
Kepler-953 b,Kepler-953,4.21,16.500000000000004,1.22,0.0,410.0,5.84,88.40655257999998,0.392,5416.0,-0.119,0.99,0.9500000000000001,8.71
Kepler-953 c,Kepler-953,1.19,1.8100000000000003,5.9,0.0,873.0,121.04,9.10967112,0.0862,5416.0,-0.119,0.99,0.9500000000000001,8.71
Kepler-954 b,Kepler-954,2.32,5.989999999999999,2.6400000000000006,0.0,545.0,21.531,16.781766019999996,0.1202,4990.0,-0.5722,0.76,0.8200000000000001,3.39
Kepler-955 b,Kepler-955,3.13,9.96,1.7800000000000002,0.0,664.0,33.09100000000001,14.532441719999998,0.1083,5350.0,-0.4085,0.8400000000000001,0.89,4.37
Kepler-956 b,Kepler-956,3.0,9.27,1.89,0.0,1056.0,307.05799999999994,5.248672631,0.06017,6040.0,0.05208,1.15,1.1,3.47
Kepler-957 b,Kepler-957,5.5,25.89999999999999,0.855,0.0,769.0,124.91100000000003,5.907413537,0.0559,4963.0,-0.46836,0.75,0.81,2.75
Kepler-958 b,Kepler-958,2.06,4.9,3.08,0.0,749.0,73.59,9.7678805,0.08631,5421.0,-0.28165,0.86,0.91,4.37
Kepler-959 b,Kepler-959,4.38,17.600000000000005,1.15,0.0,1912.0,165.86799999999994,14.800748359999998,0.1633,7005.0,0.73752,2.01,1.6000000000000003,1.35
Kepler-96 b,Kepler-96,2.67,8.46,2.26,0.0,711.0,57.52400000000001,16.238500000000002,0.1261,5690.0,-0.05231,1.02,1.0,2.34
Kepler-960 b,Kepler-960,2.29,5.860000000000001,2.6800000000000006,0.0,1391.0,129.22300000000004,3.1268622300000004,0.03807,4755.0,-0.6289,0.7199999999999999,0.77,3.63
Kepler-961 b,Kepler-961,2.55,7.040000000000001,2.33,0.0,642.0,40.400000000000006,16.877274140000004,0.12585,5582.0,-0.19378,0.9,0.9599999999999999,2.82
Kepler-962 b,Kepler-962,1.97,4.540000000000001,3.26,0.0,689.0,53.822999999999986,12.057072389999998,0.09874000000000001,5478.0,-0.26115,0.86,0.9300000000000002,2.4
Kepler-963 b,Kepler-963,2.66,7.559999999999999,2.21,0.0,802.0,83.49400000000003,9.976837049999999,0.0849,5461.0,-0.22463,0.87,0.91,4.07
Kepler-963 c,Kepler-963,0.6,0.156,3.9699999999999998,0.06699999999999999,1595.0,1076.9125085024255,0.919783,0.102,5169.47,-0.22463,0.9280000000000002,0.821,13.2
Kepler-964 b,Kepler-964,2.12,5.140000000000001,2.9600000000000004,0.0,652.0,43.916000000000004,13.5225106,0.1073,5427.0,-0.306,0.8400000000000001,0.9300000000000002,1.91
Kepler-965 b,Kepler-965,3.38,11.4,1.62,0.0,393.0,4.98,134.25272979999994,0.50998,5886.0,0.14794,1.15,1.05,5.5
Kepler-966 b,Kepler-966,4.13,16.0,1.25,0.0,391.0,10.972,99.747622,0.39069999999999994,5840.0,0.23291,1.02,1.02,4.07
Kepler-967 b,Kepler-967,2.35,6.120000000000001,2.59,0.0,638.0,39.099999999999994,13.227133790000003,0.1027,5178.0,-0.71759,0.8,0.8400000000000001,5.89
Kepler-967 c,Kepler-967,3.65,12.899999999999999,1.46,0.0,258.0,1.05,198.71125020000002,0.6253,5178.0,-0.71759,0.8,0.8400000000000001,5.89
Kepler-968 b,Kepler-968,2.0,4.66,3.2000000000000006,0.0,745.0,103.90900000000005,3.6929837280000006,0.0389,4598.0,-0.7626,0.7,0.76,2.14
Kepler-968 c,Kepler-968,1.69,3.5000000000000004,3.9800000000000004,0.0,644.0,58.14999999999999,5.709404918,0.052,4598.0,-0.7626,0.7,0.76,2.14
Kepler-969 b,Kepler-969,2.07,4.94,3.0599999999999996,0.0,465.0,10.165999999999997,34.17317140000001,0.19726000000000002,5214.0,-0.38876,0.8200000000000001,0.9200000000000002,1.51
Kepler-969 c,Kepler-969,0.99,0.9370000000000002,5.3100000000000005,0.0,1270.0,564.5809999999998,1.682934604,0.026500000000000003,5214.0,-0.38876,0.8200000000000001,0.9200000000000002,1.51
Kepler-97 b,Kepler-97,1.48,3.5099999999999993,5.44,0.0,1328.0,767.9640000000002,2.58664,0.03563,5779.0,-0.02505,0.9799999999999999,0.94,8.42
Kepler-97 c,Kepler-97,2.8395539349999996,344.0000000000001,2.56,0.197,466.55,16.157507038515732,789.0000000000002,0.102,5779.0,-0.02505,0.9799999999999999,0.94,8.42
Kepler-970 b,Kepler-970,2.609,7.31,2.26,0.34,464.0,11.111000000000002,16.736525,0.139,4290.0,-0.77469,0.71,0.67,0.105
Kepler-971 b,Kepler-971,2.13,5.180000000000001,2.9500000000000006,0.0,1087.0,82.76599999999999,9.590707159999997,0.08679,5431.0,-0.29873,0.8500000000000001,0.8800000000000001,4.47
Kepler-972 b,Kepler-972,4.65,19.5,1.07,0.0,1060.0,266.514,7.03932553,0.0734,6146.0,0.19129,1.22,1.15,2.82
Kepler-973 b,Kepler-973,1.96,4.5,3.2800000000000002,0.0,402.0,7.8919999999999995,49.60773310000001,0.2489,5213.0,-0.34416,0.78,0.86,2.29
Kepler-974 b,Kepler-974,1.57,3.09,4.39,0.0,577.0,28.511000000000006,4.194496514000001,0.0419,3687.0,-1.35426,0.5,0.52,4.37
Kepler-975 b,Kepler-975,1.48,2.79,4.73,0.0,1599.0,328.69800000000004,1.9703424570000003,0.02898,4897.0,-0.51184,0.75,0.8,3.89
Kepler-975 c,Kepler-975,10.69,80.19999999999999,0.36100000000000004,0.0,1168.0,439.8000000000002,5.058213380000001,0.0567,4883.0,-0.51184,1.6669999999999998,0.9509999999999998,13.9
Kepler-976 b,Kepler-976,3.96,14.900000000000004,1.32,0.0,324.0,2.661,105.95641480000003,0.4217000000000001,5232.0,-0.35971,0.83,0.87,4.68
Kepler-977 b,Kepler-977,2.62,7.370000000000001,2.25,0.0,544.0,13.955000000000002,26.853283220000005,0.162,5315.0,-0.47627,0.83,0.87,4.57
Kepler-978 b,Kepler-978,2.99,9.22,1.8999999999999997,0.0,546.0,20.990000000000002,49.622150899999994,0.2726,6002.0,0.143,1.09,1.07,3.63
Kepler-979 b,Kepler-979,2.72,7.849999999999999,2.1399999999999997,0.0,792.0,77.841,8.0880135,0.0753,5310.0,-0.31956,0.83,0.87,4.57
Kepler-98 b,Kepler-98,1.99,3.5499999999999994,2.18,0.0,1592.0,1107.389,1.54168,0.02614,5539.0,-0.13324,1.11,0.99,2.79
Kepler-980 b,Kepler-980,2.67,7.610000000000001,2.2,0.0,845.0,170.13700000000003,11.55102504,0.09993,5935.0,0.2618,1.06,1.05,3.55
Kepler-981 b,Kepler-981,2.31,5.950000000000001,2.65,0.0,1103.0,337.471,4.469757736,0.0535,5718.0,-0.08124,0.9599999999999999,0.9799999999999999,4.07
Kepler-982 b,Kepler-982,2.25,5.6899999999999995,2.74,0.0,955.0,185.20299999999995,15.773822100000004,0.1277,6139.0,0.51095,1.29,1.16,3.55
Kepler-983 b,Kepler-983,2.36,6.17,2.58,0.0,485.0,30.997000000000003,60.08550820000002,0.3148,6052.0,0.15,1.08,1.13,1.41
Kepler-984 b,Kepler-984,2.12,5.140000000000001,2.9600000000000004,0.0,484.0,13.991000000000001,43.03422719999999,0.23688,5610.0,-0.10846,0.9300000000000002,0.9599999999999999,3.98
Kepler-985 b,Kepler-985,2.98,9.17,1.8999999999999997,0.0,323.0,2.4,116.33190099999996,0.44664000000000004,5434.0,-0.28282,0.8500000000000001,0.91,3.39
Kepler-986 b,Kepler-986,2.36,6.17,2.58,0.0,465.0,10.856999999999996,56.434993800000015,0.29131000000000007,5642.0,-0.04683,0.9799999999999999,0.9599999999999999,6.17
Kepler-987 b,Kepler-987,3.26,10.7,1.7000000000000002,0.0,351.0,3.8529999999999998,105.30331479999997,0.42380000000000007,5637.0,-0.14468,0.91,0.97,2.45
Kepler-988 b,Kepler-988,2.07,4.94,3.0599999999999996,0.0,368.0,6.56,17.760800529999997,0.1085,4005.0,-1.04739,0.53,0.55,3.16
Kepler-989 b,Kepler-989,2.21,5.52,2.81,0.0,805.0,74.35,7.964315351999999,0.0734,5074.0,-0.42689,0.78,0.8200000000000001,4.68
Kepler-99 b,Kepler-99,1.48,6.15,10.9,0.0,810.0,108.04199999999997,4.60358,0.05071,4782.0,-0.58545,0.73,0.79,1.47
Kepler-990 b,Kepler-990,2.6,7.269999999999999,2.2700000000000005,0.0,903.0,108.30000000000001,9.917234279999999,0.08595,5948.0,-0.05003,1.08,1.05,3.55
Kepler-990 c,Kepler-990,1.53,2.9600000000000004,4.540000000000001,0.0,2386.0,5272.4000000000015,0.538354308,0.01232,5948.0,-0.05003,1.08,1.05,3.55
Kepler-991 b,Kepler-991,2.54,6.989999999999999,2.34,0.0,260.0,1.371,82.53425189999996,0.31040000000000006,4392.0,-0.83074,0.61,0.64,3.47
Kepler-992 b,Kepler-992,1.62,3.26,4.21,0.0,510.0,15.291000000000002,20.16034462,0.13372,4944.0,-0.56959,0.74,0.8,3.02
Kepler-993 b,Kepler-993,2.97,9.109999999999998,1.9099999999999997,0.0,352.0,3.9540000000000006,22.085575629999997,0.13,3843.0,-1.22868,0.54,0.57,3.89
Kepler-994 b,Kepler-994,1.6,3.1899999999999995,4.279999999999999,0.0,957.0,243.984,1.151166506,0.0177,3934.0,-1.13919,0.54,0.56,3.24
Kepler-995 b,Kepler-995,2.7,7.750000000000001,2.16,0.0,517.0,11.920000000000002,28.267316719999997,0.1701,5206.0,-0.41918,0.8,0.83,5.01
Kepler-996 b,Kepler-996,1.98,4.58,3.2399999999999998,0.0,1272.0,723.0810000000004,3.7705905840000002,0.0474,6014.0,0.24247,1.14,1.09,3.63
Kepler-997 b,Kepler-997,1.36,2.4200000000000004,5.29,0.0,1709.0,1900.1309999999994,2.7073067159999997,0.04022,6150.0,0.49569,1.56,1.22,3.63
Kepler-998 b,Kepler-998,2.32,5.989999999999999,2.6400000000000006,0.0,1020.0,409.91700000000014,5.65377733,0.0626,6058.0,0.1929,1.18,1.12,3.31
Kepler-999 b,Kepler-999,2.34,6.080000000000001,2.6100000000000003,0.0,1355.0,740.173,5.991857017000001,0.06918,6237.0,0.5381,1.65,1.29,3.09
L 168-9 b,L 168-9,1.63,4.07,5.180000000000001,0.0,998.0,149.37480000000002,1.40152604,0.0208,3842.0,-1.14086,0.604,0.614,4.6765
L 363-38 b,L 363-38,2.0,4.67,3.21,0.09230000000000001,330.0,2.2501409697305967,8.781000000000002,0.048,3129.0,-1.88606,0.274,0.21,8.07
L 98-59 b,L 98-59,0.837,0.4600000000000001,4.3,0.031,620.0,24.499999999999996,2.253114,0.0223,3415.0,-1.91364,0.3155,0.2923,4.94
L 98-59 c,L 98-59,1.329,1.9999999999999996,4.699999999999999,0.002,526.0,12.7,3.6906764,0.0309,3415.0,-1.91364,0.3155,0.2923,4.94
L 98-59 d,L 98-59,1.627,1.6399999999999997,2.2,0.006,416.0,4.97,7.450728999999999,0.0494,3415.0,-1.91364,0.3155,0.2923,4.94
L 98-59 e,L 98-59,1.49,2.8199999999999994,5.199999999999999,0.012,347.0,2.4,12.8278,0.0712,3415.0,-1.91364,0.3155,0.2923,4.94
L 98-59 f,L 98-59,1.48,2.8,5.0,0.044,285.0,1.1,23.064,0.1052,3415.0,-1.91364,0.3155,0.2923,4.94
LHS 1140 b,LHS 1140,1.73,5.6,5.9,0.043,226.0,0.42999999999999994,24.737230000000004,0.0946,3096.0,-2.42022,0.2159,0.1844,5.0
LHS 1140 c,LHS 1140,1.272,1.9099999999999997,5.1,0.05,422.0,5.299999999999999,3.77794,0.027,3096.0,-2.42022,0.2159,0.1844,5.0
LHS 1478 b,LHS 1478,1.242,2.33,6.669999999999999,0.013026000000000001,595.0,23.372200000000007,1.9495378,0.01848,3381.0,-2.14569,0.246,0.236,3.918
LHS 1678 b,LHS 1678,0.685,0.35,6.0,0.033,830.44,94.30000000000004,0.8602325,0.01239,3490.0,-1.83863,0.329,0.345,7.0
LHS 1678 c,LHS 1678,0.941,1.4,10.600000000000001,0.039,510.9,13.5,3.694284,0.0327,3490.0,-1.83863,0.329,0.345,7.0
LHS 1678 d,LHS 1678,0.981,0.907,5.28,0.036,462.95,9.1,4.9652229,0.04,3490.0,-1.83863,0.329,0.345,7.0
LHS 1815 b,LHS 1815,1.088,1.58,6.7,0.0,617.0,26.3712,3.8143339999999997,0.0404,3643.0,-1.38722,0.501,0.502,5.5889999999999995
LHS 1903 b,LHS 1903,1.382,3.2800000000000002,6.820000000000001,0.015,796.0,66.65999999999997,2.1555098,0.02656,3664.0,-1.32451,0.539,0.538,7.08
LHS 1903 c,LHS 1903,2.046,4.55,2.91,0.089,559.0,16.2,6.226184999999999,0.05387,3664.0,-1.32451,0.539,0.538,7.08
LHS 1903 d,LHS 1903,2.5,5.96,2.09,0.112,442.0,6.349999999999999,12.566286999999999,0.08604,3664.0,-1.32451,0.539,0.538,7.08
LHS 1903 e,LHS 1903,1.732,5.789999999999999,6.1000000000000005,0.014,333.0,2.0499999999999994,29.317729999999994,0.15135,3664.0,-1.32451,0.539,0.538,7.08
LHS 3154 b,LHS 3154,3.69,13.150000000000002,1.44,0.076,451.12199999999996,8.117792516318438,3.71778,0.02262,2861.0,-2.72125,0.1405,0.1118,5.0
LHS 3844 b,LHS 3844,1.303,2.25,5.59,0.007866000000000001,805.0,70.09999999999997,0.4629291300000001,0.00622,3036.0,-2.56543,0.189,0.151,4.0089999999999995
LHS 475 b,LHS 475,0.991,0.9410000000000001,5.3100000000000005,0.0,586.0,20.8,2.029088,0.02037,3300.0,-2.06449,0.2789,0.262,4.284999999999999
LP 261-75 b,LP 261-75 A,12.1,6674.396547,20.7,0.52904,1500.0,468.56637750887796,11.122139999999998,450.0000000000001,3138.0,-2.08618,0.30799999999999994,0.22,0.15
LP 714-47 b,LP 714-47,4.7,30.799999999999997,1.7000000000000002,0.04,700.0,38.54409999999999,4.052037,0.0417,3950.0,-1.12494,0.5840000000000001,0.5900000000000001,4.11861
LP 791-18 b,LP 791-18,1.212,1.9400000000000002,5.989999999999999,0.0,564.3,24.14,0.9479981,0.00978,2960.0,-2.63827,0.182,0.139,0.5
LP 791-18 c,LP 791-18,2.488,7.159999999999999,2.56,0.0001,324.4,2.637,4.98991,0.02961,2960.0,-2.63827,0.182,0.139,0.5
LP 791-18 d,LP 791-18,1.032,0.91,4.56,0.0011,395.5,5.83,2.7548499999999994,0.01992,2960.0,-2.63827,0.182,0.139,0.5
LP 890-9 b,LP 890-9,1.32,13.2,2.56,0.17560000000000003,396.0,4.09,2.7299025,0.01875,2850.0,-2.84134,0.1556,0.118,7.2
LP 890-9 c,LP 890-9,1.367,25.299999999999997,2.56,0.2142,272.0,0.906,8.457462999999999,0.03984,2850.0,-2.84134,0.1556,0.118,7.2
LSPM J2116+0234 b,LSPM J2116+0234,3.71,13.299999999999999,1.4300000000000002,0.183,369.26,3.775111761729465,14.4399,0.0876,3475.0,-1.69897,0.43099999999999994,0.42999999999999994,2.0
LTT 1445 A b,LTT 1445 A,1.34,2.73,6.2,0.18,431.0,5.700000000000001,5.3587635,0.0381,3562.0,-2.04591,0.271,0.257,6.112
LTT 1445 A c,LTT 1445 A,1.147,1.54,5.57,0.223,508.0,10.9,3.1239035,0.026610000000000005,3340.0,-2.04591,0.265,0.257,3.317
LTT 3780 b,LTT 3780,1.325,2.46,5.800000000000001,0.0,903.0,110.99999999999996,0.76837931,0.01195,3358.0,-1.78252,0.38,0.381,3.1
LTT 3780 c,LTT 3780,2.39,8.040000000000001,3.2399999999999998,0.024,359.0,2.76,12.252284,0.0757,3358.0,-1.78252,0.38,0.381,3.1
LTT 9779 b,LTT 9779,4.72,29.320000000000007,1.536,0.0,1978.0,1013.6900000000002,0.7920520000000001,0.01679,5443.0,-0.16749,0.949,1.02,2.0
LkCa 15 b,LkCa 15,2.8395539349999996,9.22,2.56,0.1446,688.566,53.35999253542342,11.122139999999998,14.699999999999998,4194.0,-0.19164,1.60711,0.94,0.001
LkCa 15 c,LkCa 15,2.8395539349999996,9.22,2.56,0.1446,688.566,53.35999253542342,11.122139999999998,18.600000000000005,4194.0,-0.19164,1.60711,0.94,0.001
Luhman 16 b,Luhman 16 A,11.9,9344.155165799999,30.499999999999993,0.344,605.7610000000001,16.016252075732943,9696.99999999999,3.52,5549.0,-4.66,0.95138,0.0338,4.101
Lupus-TR-3 b,Lupus-TR-3,9.976,257.43100000000004,1.4,0.0,1076.6,221.88529358531042,3.9140499999999996,0.0464,5000.0,-1.46393,0.8200000000000001,0.87,3.8456
M62H b,M62H,2.8395539349999996,785.03616529,2.56,0.12179999999999999,1466.0,618.2742704593286,0.132935028,0.102,5549.0,-0.07632,0.95138,1.4,4.589499999999999
MASCARA-1 b,MASCARA-1,17.90074218,1175.9710000000002,1.5,0.00034,2594.3,38711.50000000003,2.1487738099999993,0.040352,7490.0,1.08279,2.082,1.8999999999999997,0.8
MASCARA-4 b,MASCARA-4,16.98160576,532.3625817300002,0.481,0.0,2250.0,4913.689999999997,2.8240931999999996,0.0474,7800.0,1.08743,1.79,1.75,0.8
MOA-2007-BLG-192L b,MOA-2007-BLG-192L,1.63,3.3,4.1899999999999995,0.1103,326.5,2.260333782923306,11.122139999999998,0.62,5549.0,-0.07632,0.95138,0.06,8.322
MOA-2007-BLG-400L b,MOA-2007-BLG-400L,13.5,540.3082919000001,1.21,0.3203999999999999,34.0,0.04970751398507926,11.122139999999998,5.9,5549.0,-0.07632,0.95138,0.69,6.207
MOA-2008-BLG-310L b,MOA-2008-BLG-310L,5.18,23.400000000000002,0.925,0.29916,636.766,33.30784695048758,11.122139999999998,1.1,5549.0,-0.07632,0.95138,0.21,6.677000000000001
MOA-2008-BLG-379L b,MOA-2008-BLG-379L,13.0,1299.9999999999995,3.2499999999999996,0.491373,55.9,0.03902685781486744,11.122139999999998,2.7000000000000006,5549.0,-0.07632,0.95138,0.56,6.938
MOA-2009-BLG-266L b,MOA-2009-BLG-266L,3.21,10.399999999999999,1.73,0.1296,61.4,0.018349324145940316,2800.000000000001,3.2000000000000006,5549.0,-0.07632,0.95138,0.56,7.9030000000000005
MOA-2009-BLG-319L b,MOA-2009-BLG-319L,9.64,67.29999999999998,0.41300000000000003,0.2223,530.4,19.177482359331755,11.122139999999998,2.0299999999999994,5549.0,-0.07632,0.95138,0.524,5.2363
MOA-2009-BLG-387L b,MOA-2009-BLG-387L,13.2,830.0000000000002,1.9799999999999998,0.2847,69.39,0.015455826634309004,1980.0000000000005,1.8000000000000003,5549.0,-0.07632,0.95138,0.19,5.822
MOA-2010-BLG-073L b,MOA-2010-BLG-073L,12.4,3499.9999999999977,10.1,0.3965679,647.5,29.955447512108687,11.122139999999998,1.21,5549.0,-0.07632,0.95138,0.16,5.776000000000001
MOA-2010-BLG-117L b,MOA-2010-BLG-117L,14.2,170.00000000000006,0.326,0.34987,658.866,41.2063682370464,11.122139999999998,2.4200000000000004,5549.0,-0.07632,0.95138,0.58,3.9402999999999997
MOA-2010-BLG-328L b,MOA-2010-BLG-328L,2.99,9.2,1.89,0.1045,414.93999999999994,5.56657424787179,11.122139999999998,0.9200000000000002,5549.0,-0.07632,0.95138,0.11,7.244
MOA-2010-BLG-353L b,MOA-2010-BLG-353L,11.1,86.0,0.346,0.14454799999999998,375.87,4.095358464035364,11.122139999999998,1.72,5549.0,-0.07632,0.95138,0.18,6.4047
MOA-2010-BLG-477L b,MOA-2010-BLG-477L,13.6,479.99999999999994,1.05,0.29946,664.366,39.755519342846256,11.122139999999998,1.9999999999999996,5950.0,-0.07632,0.95138,0.67,2.3111
MOA-2011-BLG-028L b,MOA-2011-BLG-028L,5.99,30.0,0.7670000000000001,0.157,700.51,52.39713927133147,11.122139999999998,4.14,5549.0,-0.07632,0.95138,0.75,8.201699999999999
MOA-2011-BLG-262L b,MOA-2011-BLG-262L,4.29,16.999999999999996,1.18,0.23190000000000005,443.28999999999996,10.951372329369036,11.122139999999998,0.9500000000000001,5549.0,-0.07632,0.95138,0.11,6.953
MOA-2011-BLG-291L b,MOA-2011-BLG-291L,4.43,17.999999999999996,1.14,0.3353,545.484,19.22577001029361,11.122139999999998,0.69,5549.0,-0.07632,0.95138,0.15,6.234
MOA-2011-BLG-293L b,MOA-2011-BLG-293L,12.9,1499.9999999999995,3.84,0.26143000000000005,589.4110000000001,21.659153851176992,2999.9999999999995,1.1,5549.0,-0.07632,0.95138,0.86,8.086
MOA-2011-BLG-322L b,MOA-2011-BLG-322L,12.4,3689.999999999999,10.600000000000001,0.43462790000000007,665.92,40.17564414607503,11.122139999999998,4.3,5549.0,-0.07632,0.95138,0.39,5.569000000000001
MOA-2012-BLG-006L b,MOA-2012-BLG-006L,12.6,2700.0000000000005,7.419999999999998,0.3069,579.684,37.67324980950563,11.122139999999998,10.2,5549.0,-0.07632,0.95138,0.49,5.3043
MOA-2012-BLG-505L b,MOA-2012-BLG-505L,2.48,6.7,2.4100000000000006,0.0893,362.28000000000003,3.472628737753959,11.122139999999998,0.9,5549.0,-0.07632,0.95138,0.1,7.337999999999999
MOA-2013-BLG-220L b,MOA-2013-BLG-220L,13.2,871.0,2.08,0.37024999999999997,639.566,40.343791522187914,11.122139999999998,3.0300000000000002,5549.0,-0.07632,0.95138,0.8800000000000001,7.1240000000000006
MOA-2013-BLG-605L b,MOA-2013-BLG-605L,1.62,3.2399999999999998,4.1899999999999995,0.0877,433.1,6.027822491140519,11.122139999999998,0.9300000000000002,5549.0,-0.07632,0.95138,0.024,8.322
MOA-2015-BLG-337L b,MOA-2015-BLG-337L,6.42,33.699999999999996,0.7,0.24949999999999997,479.2540000000001,8.872017341133132,11.122139999999998,0.24,5549.0,-0.07632,0.95138,0.0094,6.086
MOA-2016-BLG-227L b,MOA-2016-BLG-227L,13.2,889.9999999999997,2.13,0.48650000000000004,662.33,42.44644594831537,11.122139999999998,1.3899999999999997,5549.0,-0.07632,0.95138,0.2899999999999999,5.953
MOA-2016-BLG-319L b,MOA-2016-BLG-319L,14.1,200.0,0.392,0.37271,585.46,42.0506608488188,11.122139999999998,0.9500000000000001,5549.0,-0.07632,0.95138,0.15,4.186
MOA-2016-BLG-526L b,MOA-2016-BLG-526L,3.97,14.937935129999996,1.31,0.16260000000000002,329.91999999999996,2.5601209865460235,11.122139999999998,2.07,5549.0,-0.07632,0.95138,0.37,7.9017
MOA-2019-BLG-008L b,MOA-2019-BLG-008L,12.2,5720.911326000004,17.300000000000004,0.30151,1032.8,154.95096582696615,11.122139999999998,0.102,5549.0,-0.07632,0.95138,0.9,4.6164000000000005
MOA-2020-BLG-135L b,MOA-2020-BLG-135L,3.37,11.300000000000002,1.62,0.0968,440.20500000000004,6.200231995776187,11.122139999999998,1.11,5549.0,-0.07632,0.95138,0.23000000000000004,7.231
MOA-2020-BLG-208L b,MOA-2020-BLG-208L,7.71,45.99999999999999,0.552,0.27199999999999996,545.392,16.50480002612112,11.122139999999998,2.74,5549.0,-0.07632,0.95138,0.42999999999999994,6.2162999999999995
MOA-2022-BLG-033L b,MOA-2022-BLG-033L,3.52,12.149999999999999,1.53,0.13470000000000001,443.34400000000005,10.955350157044247,11.122139999999998,2.1500000000000004,5549.0,-0.07632,0.95138,0.51,8.281
MOA-2022-BLG-091L b,MOA-2022-BLG-091L,13.0,1141.0039811300003,2.85,0.3045,663.01,42.381987361375025,11.122139999999998,3.44,5549.0,-0.07632,0.95138,0.75,6.5483
MOA-2022-BLG-249L b,MOA-2022-BLG-249L,2.04,4.83,3.13,0.1456,320.38,2.3248662863550797,11.122139999999998,1.63,5549.0,-0.07632,0.95138,0.18,7.845000000000001
MOA-2022-BLG-563L b,MOA-2022-BLG-563L,14.0,127.13136280000002,0.255,0.34527,670.11,40.61202292885806,11.122139999999998,2.1500000000000004,5549.0,-0.07632,0.95138,0.48,3.8442999999999996
MOA-bin-1L b,MOA-bin-1L,13.0,1200.0,3.0,0.4998830000000001,677.13,38.45258596895799,11.122139999999998,8.3,5549.0,-0.07632,0.95138,0.75,6.818299999999999
MOA-bin-29 b,MOA-bin-29,14.1,190.0,0.37199999999999994,0.360502,563.0,24.849942719341005,11.122139999999998,0.48,5549.0,-0.07632,0.95138,0.03,4.096
MWC 758 c,MWC 758,2.8395539349999996,9.22,2.56,0.093,500.0,25.722644564626982,11.122139999999998,100.00000000000003,7314.0,1.01963,2.01446,1.5,0.0035
MXB 1658-298 b,MXB 1658-298,12.0,7532.571000000006,23.999999999999996,0.39466,554.9,24.654142709630317,760.0000000000002,1.613,5549.0,-0.07632,0.95138,1.9799999999999998,4.4704
NGC 2682 Sand 1429 b,NGC 2682 Sand 1429,13.4,572.0911326000002,1.31,0.0,683.0,37.51561703809762,77.48000000000002,0.384,6000.0,0.73989,2.13,1.26,4.3
NGC 2682 Sand 978 b,NGC 2682 Sand 978,13.3,692.8693999999998,1.62,0.16,854.2299999999999,107.08791531506513,511.2100000000001,0.102,4200.0,2.1567,21.017414000000002,1.37,6.348000000000001
NGC 2682 YBP 1194 b,NGC 2682 YBP 1194,12.3,101.70560000000002,0.3,0.3,1044.302,175.53844142711824,6.958999999999998,0.102,5780.0,-0.01121,0.99,1.01,4.15
NGC 2682 YBP 1514 b,NGC 2682 YBP 1514,14.0,127.13200000000003,0.255,0.28,1213.6,282.90980032074583,5.118,0.102,5725.0,-0.01797,0.89,0.9599999999999999,4.15
NGC 2682 YBP 401 b,NGC 2682 YBP 401,14.3,146.2018,0.275,0.15,1281.176,422.46640350185294,4.087,0.102,6165.0,0.28942,1.215821,1.14,3.560999999999999
NGTS-1 b,NGTS-1,14.90797,258.0779600000001,0.41999999999999993,0.016,790.0,65.29999999999998,2.6472980000000006,0.0326,3916.0,-1.15326,0.573,0.617,6.910000000000001
NGTS-10 b,NGTS-10,13.506845,687.1484600000001,1.4300000000000002,0.0,1332.0,524.0112538818411,0.7668944,0.0143,4600.0,-0.75673,0.697,0.6959999999999998,10.4
NGTS-11 b,NGTS-11,9.157753,109.33352000000001,0.78,0.13,435.0,9.242,35.45533,0.20100000000000004,5050.0,-0.39518,0.8319999999999999,0.862,3.9
NGTS-12 b,NGTS-12,11.747032,66.10864000000001,0.223,0.0,1257.0,416.0,7.532806,0.0757,5690.0,0.33843,1.589,1.021,9.4
NGTS-13 b,NGTS-13,12.800678,1538.2972000000004,4.02,0.086,1605.0,1095.9999999999998,4.119027,0.05489999999999999,5819.0,0.5172,1.7879999999999998,1.3,4.23
NGTS-14 A b,NGTS-14 A,4.976796,29.240360000000003,1.395,0.0,1143.0,191.782,3.5357173000000004,0.0403,5187.0,-0.31088,0.842,0.8980000000000001,5.9
NGTS-15 b,NGTS-15,12.32987877,238.68913366000012,0.74,0.0,1146.0,425.00000000000017,3.2762299999999995,0.04410000000000001,5600.0,-0.08571,0.9540000000000001,0.9949999999999999,3.28
NGTS-16 b,NGTS-16,14.57167491,211.99154746999992,0.38,0.0,1177.0,479.99999999999994,4.845320000000001,0.0523,5550.0,0.11732,1.213,1.002,10.29
NGTS-17 b,NGTS-17,13.89913607,242.82090294999998,0.5,0.0,1457.0,1159.9999999999995,3.2425299999999995,0.0391,5650.0,0.2412,1.3370000000000002,1.025,9.22
NGTS-18 b,NGTS-18,13.56286665,129.99181846000002,0.28,0.0,1381.0,844.9999999999998,3.0512499999999996,0.0448,5610.0,0.2703,1.392,1.003,10.84
NGTS-2 b,NGTS-2,17.878355,235.1942,0.226,0.0,1468.0,1085.35,4.511164,0.063,6478.0,0.63077,1.702,1.6399999999999997,2.17
NGTS-20 b,NGTS-20,11.99360935,947.1286528599996,3.0200000000000005,0.432,688.0,6.764500000000002,54.18915,0.31300000000000006,5980.0,0.64503,1.7800000000000002,1.4700000000000002,4.1
NGTS-21 b,NGTS-21,14.90794433,750.0750405199999,1.25,0.0,1357.0,514.2853000000002,1.5433897,0.0236,4660.0,-0.53854,0.86,0.7199999999999999,10.02
NGTS-23 b,NGTS-23,14.20177855,194.82881349000002,0.374,0.0,1327.0,500.7323551068986,4.0764326,0.0504,6057.0,0.2833,1.2400000000000002,1.01,6.39
NGTS-24 b,NGTS-24,13.60770257,165.27077164000002,0.36,0.0,1499.0,391.8300000000001,3.4678795999999994,0.0479,5820.0,0.44592,1.6399999999999997,1.26,4.77
NGTS-25 b,NGTS-25,11.46678726,203.09235207,0.74,0.0,1101.0,327.2270981237784,2.823093,0.0388,5321.0,-0.29158,0.86,0.91,3.49
NGTS-26 b,NGTS-26,14.88552637,92.80589483999998,0.153,0.0,1331.0,522.9999999999999,4.5199279,0.049,5550.0,0.10106,1.16,0.9599999999999999,11.5
NGTS-27 b,NGTS-27,15.64773706,188.47224535000007,0.266,0.0,1783.0,1680.0000000000005,3.3704181,0.0446,5700.0,0.51375,1.77,1.07,7.9
NGTS-3 A b,NGTS-3 A,16.58932,756.4354000000002,0.30999999999999994,0.05486,1434.44,1000.5679000000003,1.6753727999999999,0.023,5600.0,-0.144,0.9300000000000002,1.017,3.3201
NGTS-30 b,NGTS-30,10.40193409,305.11527072000007,1.49,0.294,500.0,172.85700000000003,98.29837999999995,0.408,5455.0,-0.18738,0.913,0.94,1.1
NGTS-31 b,NGTS-31,18.04645893,355.9678158400001,0.3,0.0,1410.0,643.0000000000002,4.162734,0.064,5710.0,0.443,1.7000000000000002,0.9599999999999999,9.97
NGTS-32 b,NGTS-32,15.91675259,181.16219199000005,0.24,0.0,1750.0,1554.0,3.31211,0.044,5680.0,0.47092,1.85,1.07,8.03
NGTS-33 b,NGTS-33,18.38272835,1153.71711741,0.19,0.0,1991.0,2620.0000000000005,2.827972,0.048,7437.0,0.77159,1.4700000000000002,1.6000000000000003,0.03
NGTS-34 b,NGTS-34,3.65,19.100000000000005,2.16,0.0891,624.0,36.42772259647181,43.12655000000001,0.257,6134.0,0.37658,1.3669999999999998,1.266,2.7
NGTS-35 b,NGTS-35,10.9,151.99999999999997,0.645,0.192,451.0,9.8437,25.241191999999998,0.16,4717.0,-0.59688,0.7529999999999999,0.7889999999999999,1.5
NGTS-4 b,NGTS-4,3.18,20.6,3.4499999999999997,0.0,1650.0,886.9840999999999,1.3373508,0.019,5143.0,-0.3533,0.8400000000000001,0.75,6.879
NGTS-5 b,NGTS-5,12.733424,72.78307,0.194,0.0,952.0,101.25300000000001,3.3569865999999995,0.0382,4987.0,-0.51087,0.739,0.661,4.909999999999999
NGTS-6 b,NGTS-6,14.863134,425.57437000000004,0.7109999999999999,0.0,1283.9,983.4246000000003,0.882059,0.01677,4730.0,-0.59176,0.754,0.7670000000000001,9.77
NGTS-8 b,NGTS-8,12.21781,295.5819000000001,0.89,0.01,1345.0,503.00000000000006,2.4997000000000003,0.035,5241.0,-0.20993,0.9799999999999999,0.89,12.48
NGTS-9 b,NGTS-9,11.99363,921.707,2.9299999999999997,0.06,1448.0,729.0,4.43527,0.058,6330.0,0.38944,1.3799999999999997,1.34,0.96
NN Ser c,NN Ser,12.6,2329.600000000001,6.400000000000001,0.089,473.3,44.079534543500856,6987.000000000005,5.3500000000000005,57000.0,-0.07632,0.95138,0.535,4.0840499999999995
NN Ser d,NN Ser,13.3,724.6219999999998,1.69,0.24,581.8610000000001,26.2770056606808,2880.0,3.3899999999999997,57000.0,-0.07632,0.95138,0.535,4.0799
NSVS 14256825 b,NSVS 14256825,12.3,4497.294499999996,13.299999999999999,0.12,939.8,33.76824643935583,3224.999999999998,3.12,40000.0,1.97364,0.188,0.41899999999999993,6.07535
NY Vir b,NY Vir,13.3,730.9779999999997,1.7099999999999997,0.15,901.9,39.7599390977511,3160.000000000001,3.3,32780.0,1.37508,0.151,0.4590000000000001,6.0729500000000005
NY Vir c,NY Vir,12.8,1760.7782000000002,4.61,0.15,1161.76,203.17129812659613,8799.000000000007,0.102,32780.0,1.37508,0.151,0.4590000000000001,6.391
OGLE-2003-BLG-235L b,OGLE-2003-BLG-235L,13.2,830.0000000000002,1.9799999999999998,0.35370999999999997,64.65,0.04970751398507926,11.122139999999998,4.3,5549.0,-0.07632,0.95138,0.63,6.2780000000000005
OGLE-2005-BLG-071L b,OGLE-2005-BLG-071L,13.0,1200.0,3.0,0.455473,55.0,0.03902685781486744,11.122139999999998,3.6000000000000005,5549.0,-0.07632,0.95138,0.4600000000000001,6.938
OGLE-2005-BLG-169L b,OGLE-2005-BLG-169L,3.84,14.100000000000003,1.37,0.12880000000000003,347.6,3.197464362458379,11.122139999999998,3.5000000000000004,5549.0,-0.07632,0.95138,0.69,9.070000000000002
OGLE-2005-BLG-390L b,OGLE-2005-BLG-390L,2.21,5.5,2.8,0.2141,50.0,0.016815823061118774,3284.999999999999,2.6000000000000005,5549.0,-0.07632,0.95138,0.22,7.909999999999999
OGLE-2006-BLG-109L b,OGLE-2006-BLG-109L,14.0,231.0,0.46299999999999997,0.1386121,82.0,0.017306036410270308,1788.5,2.3,5549.0,-0.07632,0.95138,0.51,6.428400000000001
OGLE-2006-BLG-109L c,OGLE-2006-BLG-109L,11.1,86.0,0.346,0.15,59.0,0.018349324145940316,4927.500000000001,4.5,5549.0,-0.07632,0.95138,0.51,6.2014000000000005
OGLE-2006-BLG-284L A b,OGLE-2006-BLG-284L A,14.3,143.99999999999997,0.271,0.37571,652.72,34.96156255626551,11.122139999999998,2.17,5549.0,-0.07632,0.95138,0.35,3.965
OGLE-2007-BLG-349L AB c,OGLE-2007-BLG-349L A,10.7,80.00000000000003,0.359,0.18739999999999998,67.4,0.016815823061118774,2557.000000000001,2.59,5549.0,-0.07632,0.95138,0.41000000000000003,5.9277
OGLE-2007-BLG-368L b,OGLE-2007-BLG-368L,4.72,20.0,1.05,0.19140000000000001,608.4100000000001,34.838407236251285,11.122139999999998,2.8,5549.0,-0.07632,0.95138,0.64,8.701699999999999
OGLE-2008-BLG-092L b,OGLE-2008-BLG-092L,8.74,56.999999999999986,0.469,0.3004,667.601,40.03041652304324,11.122139999999998,14.999999999999998,5549.0,-0.07632,0.95138,0.71,4.855230000000001
OGLE-2008-BLG-355L b,OGLE-2008-BLG-355L,12.9,1499.9999999999995,3.84,0.28373,672.7900000000001,41.385968101544336,11.122139999999998,1.7000000000000002,5549.0,-0.07632,0.95138,0.37,6.965999999999999
OGLE-2011-BLG-0173L b,OGLE-2011-BLG-0173L,9.01,60.00000000000001,0.451,0.3179,589.4,35.04936290856414,11.122139999999998,8.000000000000002,5549.0,-0.07632,0.95138,0.41000000000000003,5.7973
OGLE-2011-BLG-0251L b,OGLE-2011-BLG-0251L,14.2,170.00000000000006,0.326,0.2358,583.392,40.97021123465365,11.122139999999998,2.72,5549.0,-0.07632,0.95138,0.26,3.928
OGLE-2011-BLG-0265L b,OGLE-2011-BLG-0265L,13.9,279.9999999999999,0.573,0.24566,61.42999999999999,0.04871431676861245,11.122139999999998,1.89,5549.0,-0.07632,0.95138,0.21100000000000002,6.794999999999999
OGLE-2012-BLG-0026L b,OGLE-2012-BLG-0026L,7.72,46.10000000000001,0.551,0.23949999999999996,664.792,46.65554021696011,11.122139999999998,3.9999999999999996,5549.0,-0.07632,0.95138,1.06,5.0
OGLE-2012-BLG-0026L c,OGLE-2012-BLG-0026L,13.9,270.00000000000006,0.552,0.30179999999999996,643.152,40.426737096181384,11.122139999999998,4.8,5549.0,-0.07632,0.95138,1.06,5.0
OGLE-2012-BLG-0358L b,OGLE-2012-BLG-0358L,13.4,587.9999999999999,1.34,0.2564,185.89000000000001,0.2551571111109515,11.122139999999998,0.87,5549.0,-0.07632,0.95138,0.022,5.917
OGLE-2012-BLG-0406L b,OGLE-2012-BLG-0406L,13.2,868.0000000000001,2.07,0.4218,61.239999999999995,0.04970751398507926,11.122139999999998,3.4499999999999997,5549.0,-0.07632,0.95138,0.44,6.7780000000000005
OGLE-2012-BLG-0563L b,OGLE-2012-BLG-0563L,13.6,120.00000000000003,0.262,0.18820200000000004,646.1,33.006491722399076,11.122139999999998,0.74,5549.0,-0.07632,0.95138,0.33999999999999997,5.4647
OGLE-2012-BLG-0724L b,OGLE-2012-BLG-0724L,14.3,150.0,0.282,0.2592,652.72,34.96156255626551,11.122139999999998,1.6000000000000003,5549.0,-0.07632,0.95138,0.2899999999999999,4.334
OGLE-2012-BLG-0838L b,OGLE-2012-BLG-0838L,8.39,53.099999999999994,0.494,0.2061,156.44000000000003,0.12068697723333881,11.122139999999998,4.43,5549.0,-0.07632,0.95138,0.4,6.892
OGLE-2012-BLG-0950L b,OGLE-2012-BLG-0950L,6.56,35.0,0.6810000000000002,0.2693,571.6,31.34629265671338,11.122139999999998,2.6000000000000005,5549.0,-0.07632,0.95138,0.57,6.3163
OGLE-2013-BLG-0102L b,OGLE-2013-BLG-0102L,12.3,4100.000000000004,12.099999999999998,0.4158200000000001,644.966,28.404324157468707,11.122139999999998,0.8,5549.0,-0.07632,0.95138,0.096,4.0314000000000005
OGLE-2013-BLG-0132L b,OGLE-2013-BLG-0132L,11.6,92.00000000000003,0.324,0.2561,668.71,44.31236931049989,11.122139999999998,3.6000000000000005,5549.0,-0.07632,0.95138,0.54,5.3763
OGLE-2013-BLG-0341L B b,OGLE-2013-BLG-0341L B,1.16,1.6599999999999997,5.84,0.17319999999999997,467.7,10.167427446949272,11.122139999999998,0.702,5549.0,-0.07632,0.95138,0.1127,8.145500000000002
OGLE-2013-BLG-0911L b,OGLE-2013-BLG-0911L,12.5,3019.999999999999,8.500000000000002,0.29722,666.466,36.68491170254819,11.122139999999998,0.39,5549.0,-0.07632,0.95138,0.2899999999999999,4.566
OGLE-2013-BLG-1721L b,OGLE-2013-BLG-1721L,14.1,200.0,0.392,0.24166000000000004,175.17000000000002,0.17930969160481802,11.122139999999998,2.6000000000000005,5549.0,-0.07632,0.95138,0.4600000000000001,4.519
OGLE-2013-BLG-1761L b,OGLE-2013-BLG-1761L,13.2,859.9999999999998,2.0499999999999994,0.4690600000000001,288.03,1.1763485487042684,11.122139999999998,1.8000000000000003,5549.0,-0.07632,0.95138,0.33,5.978
OGLE-2014-BLG-0124L b,OGLE-2014-BLG-0124L,14.1,206.58846455000008,0.405,0.31157,593.62,38.14202413806965,11.122139999999998,3.48,5549.0,-0.07632,0.95138,0.9,6.497
OGLE-2014-BLG-0221L b,OGLE-2014-BLG-0221L,12.9,1382.5535704499996,3.5399999999999996,0.3515,669.4100000000001,44.615832281818285,11.122139999999998,3.76,5549.0,-0.07632,0.95138,0.69,7.084299999999999
OGLE-2014-BLG-0319L b,OGLE-2014-BLG-0319L,14.1,181.16219199000005,0.355,0.37121,644.966,33.93794493655943,11.122139999999998,3.49,5549.0,-0.07632,0.95138,0.52,4.2402999999999995
OGLE-2014-BLG-0676L b,OGLE-2014-BLG-0676L,13.0,1169.6085377600004,2.9299999999999997,0.3742,700.21,43.59708447254843,11.122139999999998,4.530000000000001,5549.0,-0.07632,0.95138,0.73,7.024299999999999
OGLE-2014-BLG-1722L b,OGLE-2014-BLG-1722L,8.59,55.3,0.479,0.3207,633.721,27.46234595181972,11.122139999999998,1.5,5549.0,-0.07632,0.95138,0.4,6.2973
OGLE-2014-BLG-1722L c,OGLE-2014-BLG-1722L,11.0,83.70000000000002,0.346,0.15894799999999998,585.6,43.24462926205196,11.122139999999998,1.7000000000000002,5549.0,-0.07632,0.95138,0.4,6.3237000000000005
OGLE-2014-BLG-1760L b,OGLE-2014-BLG-1760L,14.2,180.00000000000006,0.345,0.37011,633.2520000000001,28.006037954885848,11.122139999999998,1.75,5549.0,-0.07632,0.95138,0.51,4.2402999999999995
OGLE-2015-BLG-0051L b,OGLE-2015-BLG-0051L,14.0,229.99999999999994,0.4610000000000001,0.2635820000000001,668.71,44.45821218296527,11.122139999999998,0.73,5549.0,-0.07632,0.95138,0.1,5.35
OGLE-2015-BLG-0954L b,OGLE-2015-BLG-0954L,13.1,1099.9999999999998,2.6899999999999995,0.388143,681.92,42.044412626415706,11.122139999999998,1.6000000000000003,5549.0,-0.07632,0.95138,0.3,6.053
OGLE-2015-BLG-0966L b,OGLE-2015-BLG-0966L,4.86,21.000000000000004,1.01,0.22690000000000002,355.2,3.433376368321662,11.122139999999998,2.7000000000000006,5549.0,-0.07632,0.95138,0.38,7.389
OGLE-2015-BLG-1609L b,OGLE-2015-BLG-1609L,10.4,76.27881767999999,0.373,0.13548200000000002,700.047,46.51288030289266,11.122139999999998,0.102,5549.0,-0.07632,0.95138,0.16999999999999998,6.4917
OGLE-2015-BLG-1649L b,OGLE-2015-BLG-1649L,13.2,806.9999999999997,1.9299999999999997,0.38461,192.48,0.8325649125237535,11.122139999999998,2.07,5549.0,-0.07632,0.95138,0.33999999999999997,5.978
OGLE-2015-BLG-1670L b,OGLE-2015-BLG-1670L,4.42,17.9,1.14,0.254,611.61,33.20062352551453,11.122139999999998,2.62,5549.0,-0.07632,0.95138,0.55,7.754300000000001
OGLE-2015-BLG-1771L b,OGLE-2015-BLG-1771L,14.3,137.99999999999997,0.259,0.267101,652.72,34.96156255626551,11.122139999999998,0.8500000000000001,5549.0,-0.07632,0.95138,0.077,4.055
OGLE-2016-BLG-0007L b,OGLE-2016-BLG-0007L,1.09,1.32,5.6,0.388,58.04,0.018766344212983576,14199.999999999989,10.1,5549.0,-0.07632,0.95138,0.5900000000000001,9.4485
OGLE-2016-BLG-0263L b,OGLE-2016-BLG-0263L,13.0,1299.9999999999995,3.2499999999999996,0.392983,47.6,0.03902685781486744,11.122139999999998,5.4,5549.0,-0.07632,0.95138,0.13,6.138
OGLE-2016-BLG-0613L AB b,OGLE-2016-BLG-0613L AB,13.0,1330.0000000000005,3.33,0.27164,836.0,73.02355562314975,11.122139999999998,6.400000000000001,5549.0,-0.07632,0.95138,0.7199999999999999,7.837299999999999
OGLE-2016-BLG-1067L b,OGLE-2016-BLG-1067L,14.3,140.00000000000003,0.263,0.37571,652.72,34.96156255626551,11.122139999999998,1.7000000000000002,5549.0,-0.07632,0.95138,0.3,3.965
OGLE-2016-BLG-1093L b,OGLE-2016-BLG-1093L,14.0,225.65816897,0.45199999999999996,0.34876999999999997,627.4,26.93141816853681,11.122139999999998,2.13,5549.0,-0.07632,0.95138,0.4600000000000001,5.6103
OGLE-2016-BLG-1190L b,OGLE-2016-BLG-1190L,12.3,4253.000000000002,12.600000000000001,0.42,655.8210000000001,14.709080115203816,1220.0,2.17,5549.0,-0.07632,0.95138,0.8800000000000001,5.486400000000001
OGLE-2016-BLG-1195L b,OGLE-2016-BLG-1195L,1.11,1.4300000000000002,5.749999999999999,0.251,360.3,3.4612310218237066,11.122139999999998,1.16,5549.0,-0.07632,0.95138,0.078,8.355500000000001
OGLE-2016-BLG-1227L b,OGLE-2016-BLG-1227L,13.9,249.9999999999999,0.512,0.24706,61.839999999999996,0.05029592526246049,11.122139999999998,3.4000000000000004,5549.0,-0.07632,0.95138,0.1,6.688999999999998
OGLE-2016-BLG-1266L b,OGLE-2016-BLG-1266L,12.4,3813.940883999999,11.0,0.33221999999999996,666.266,36.68491170254819,11.122139999999998,0.42999999999999994,5549.0,-0.07632,0.95138,0.015,3.8214000000000006
OGLE-2016-BLG-1598L b,OGLE-2016-BLG-1598L,13.6,120.77479465999996,0.264,0.24006,340.2,4.056154631365391,11.122139999999998,2.5,5549.0,-0.07632,0.95138,0.55,4.471
OGLE-2016-BLG-1800L b,OGLE-2016-BLG-1800L,13.2,823.1755741300002,1.97,0.38811,60.83,0.048126791561767926,11.122139999999998,1.88,5549.0,-0.07632,0.95138,0.41000000000000003,6.7780000000000005
OGLE-2017-BLG-0173L b,OGLE-2017-BLG-0173L,1.62,3.2689999999999997,4.23,0.0935,292.97999999999996,1.679698180630772,11.122139999999998,3.9130000000000003,5549.0,-0.07632,0.95138,0.396,9.520999999999999
OGLE-2017-BLG-0364L b,OGLE-2017-BLG-0364L,10.3,75.8,0.381,0.1743,424.61400000000003,5.666455674581087,11.122139999999998,3.7899999999999996,5549.0,-0.07632,0.95138,0.49,6.0837
OGLE-2017-BLG-0373L b,OGLE-2017-BLG-0373L,14.0,126.99999999999997,0.254,0.35158999999999996,670.11,40.61202292885806,11.122139999999998,2.4240000000000004,5549.0,-0.07632,0.95138,0.248,4.148999999999999
OGLE-2017-BLG-0406L b,OGLE-2017-BLG-0406L,14.2,129.99999999999994,0.249,0.35436999999999996,652.72,34.96156255626551,11.122139999999998,3.5000000000000004,5549.0,-0.07632,0.95138,0.56,4.4603
OGLE-2017-BLG-0448L b,OGLE-2017-BLG-0448L,4.08,15.599999999999996,1.26,0.23859999999999998,444.554,10.951372329369036,11.122139999999998,5.749999999999999,5549.0,-0.07632,0.95138,0.5,7.689
OGLE-2017-BLG-0482L b,OGLE-2017-BLG-0482L,2.95,9.000000000000002,1.9299999999999997,0.07664800000000001,353.5,3.1918090159429195,11.122139999999998,1.8000000000000003,5549.0,-0.07632,0.95138,0.19999999999999998,7.890000000000001
OGLE-2017-BLG-0604L b,OGLE-2017-BLG-0604L,14.2,160.00000000000003,0.307,0.24889,695.4,47.57537949623941,11.122139999999998,4.06,5549.0,-0.07632,0.95138,0.7,3.8333
OGLE-2017-BLG-0640L b,OGLE-2017-BLG-0640L,13.5,514.88201934,1.15,0.2504,187.79000000000002,0.25729157067848124,11.122139999999998,1.14,5549.0,-0.07632,0.95138,0.32,5.917
OGLE-2017-BLG-1049L b,OGLE-2017-BLG-1049L,12.8,1759.9999999999995,4.61,0.3005,619.4100000000001,27.983201615686514,11.122139999999998,3.92,5549.0,-0.07632,0.95138,0.55,6.8583
OGLE-2017-BLG-1099L b,OGLE-2017-BLG-1099L,13.1,959.8417891400001,2.35,0.43158299999999994,60.739999999999995,0.04970751398507926,11.122139999999998,2.73,5549.0,-0.07632,0.95138,0.45000000000000007,6.878
OGLE-2017-BLG-1140L b,OGLE-2017-BLG-1140L,13.5,505.0000000000001,1.13,0.24979999999999997,187.79000000000002,0.25729157067848124,11.122139999999998,1.02,5549.0,-0.07632,0.95138,0.21100000000000002,5.917
OGLE-2017-BLG-1237L b,OGLE-2017-BLG-1237L,13.0,1207.7479466000004,3.0200000000000005,0.491373,55.5,0.03746221906484509,11.122139999999998,2.5300000000000002,5549.0,-0.07632,0.95138,0.4600000000000001,6.938
OGLE-2017-BLG-1275L b,OGLE-2017-BLG-1275L,12.8,1875.1876013000003,4.91,0.2987,619.11,27.983201615686514,11.122139999999998,2.09,5549.0,-0.07632,0.95138,0.63,6.8583
OGLE-2017-BLG-1375L b,OGLE-2017-BLG-1375L,12.4,3584.9999999999977,10.3,0.3456678999999999,644.11,29.095936606135112,11.122139999999998,3.04,5549.0,-0.07632,0.95138,0.81,7.813300000000001
OGLE-2017-BLG-1434L b,OGLE-2017-BLG-1434L,1.94,4.43,3.33,0.1223,356.7,3.639726675159891,11.122139999999998,1.18,5549.0,-0.07632,0.95138,0.234,7.775999999999999
OGLE-2017-BLG-1522L b,OGLE-2017-BLG-1522L,14.0,239.99999999999994,0.481,0.253752,585.46,44.369196565795704,11.122139999999998,0.5900000000000001,5549.0,-0.07632,0.95138,0.045,5.965999999999999
OGLE-2017-BLG-1691L b,OGLE-2017-BLG-1691L,3.92,14.62010672,1.33,0.1426,348.32,3.244211050699953,11.122139999999998,2.4100000000000006,5549.0,-0.07632,0.95138,0.45000000000000007,8.9227
OGLE-2017-BLG-1806L b,OGLE-2017-BLG-1806L,2.15,5.269999999999999,2.91,0.1456,314.63,2.0570913110959923,11.122139999999998,1.75,5549.0,-0.07632,0.95138,0.38,7.845000000000001
OGLE-2018-BLG-0298L b,OGLE-2018-BLG-0298L,7.56,44.495976979999995,0.5659999999999998,0.2996,633.001,27.06500690845617,11.122139999999998,2.86,5549.0,-0.07632,0.95138,0.69,5.8373
OGLE-2018-BLG-0383L b,OGLE-2018-BLG-0383L,2.41,6.400000000000001,2.5100000000000002,0.067248,326.79699999999997,2.6751335849563667,11.122139999999998,1.8000000000000003,5549.0,-0.07632,0.95138,0.1,7.539
OGLE-2018-BLG-0506L b,OGLE-2018-BLG-0506L,4.18,16.3,1.23,0.242,663.6,42.54542867799705,11.122139999999998,3.0,5549.0,-0.07632,0.95138,0.63,8.130300000000002
OGLE-2018-BLG-0516L b,OGLE-2018-BLG-0516L,4.73,20.099999999999998,1.04,0.23040000000000002,355.2,3.433376368321662,11.122139999999998,2.2,5549.0,-0.07632,0.95138,0.4699999999999999,8.189
OGLE-2018-BLG-0532L b,OGLE-2018-BLG-0532L,2.37,6.228,2.5699999999999994,0.14689999999999998,366.9,4.158923073830164,11.122139999999998,1.064,5549.0,-0.07632,0.95138,0.195,7.775999999999999
OGLE-2018-BLG-0567L b,OGLE-2018-BLG-0567L,12.3,101.70509023999999,0.3,0.17786,129.01000000000002,0.12068697723333881,11.122139999999998,2.72,5549.0,-0.07632,0.95138,0.25,6.419700000000001
OGLE-2018-BLG-0596L b,OGLE-2018-BLG-0596L,3.81,13.93,1.3799999999999997,0.1186,416.986,5.680953546927981,11.122139999999998,0.97,5549.0,-0.07632,0.95138,0.23100000000000004,7.6240000000000006
OGLE-2018-BLG-0677L b,OGLE-2018-BLG-0677L,1.82,3.96,3.6100000000000003,0.16369999999999998,437.84400000000005,6.316571884825332,11.122139999999998,0.63,5549.0,-0.07632,0.95138,0.12,8.518
OGLE-2018-BLG-0740L b,OGLE-2018-BLG-0740L,12.9,1499.9999999999995,3.84,0.0,307.9,2.882382073771586,5480.000000000004,5.0,5912.0,-0.07632,0.95138,1.0,2.8102
OGLE-2018-BLG-0799L b,OGLE-2018-BLG-0799L,10.9,82.63538582000002,0.351,0.21059999999999998,421.91,6.232726788013393,11.122139999999998,1.2800000000000002,5549.0,-0.07632,0.95138,0.09299999999999999,5.608
OGLE-2018-BLG-0932L b,OGLE-2018-BLG-0932L,13.9,282.86728223000006,0.579,0.25416,551.8399999999999,17.90817002744505,11.122139999999998,1.75,5549.0,-0.07632,0.95138,0.7199999999999999,6.9893
OGLE-2018-BLG-0962L b,OGLE-2018-BLG-0962L,13.6,425.89006538,0.9300000000000002,0.25898,62.239999999999995,0.04970751398507926,11.122139999999998,3.59,5549.0,-0.07632,0.95138,0.54,7.086
OGLE-2018-BLG-0977L b,OGLE-2018-BLG-0977L,2.41,6.400000000000001,2.5100000000000002,0.1407,341.41999999999996,3.233008534206908,11.122139999999998,1.9999999999999996,5549.0,-0.07632,0.95138,0.4699999999999999,8.757000000000001
OGLE-2018-BLG-1011L b,OGLE-2018-BLG-1011L,13.5,570.0000000000001,1.27,0.28954799999999997,479.01000000000005,15.52523159380251,11.122139999999998,1.8000000000000003,5549.0,-0.07632,0.95138,0.18,6.486
OGLE-2018-BLG-1011L c,OGLE-2018-BLG-1011L,13.2,889.9999999999997,2.13,0.4640599999999999,419.03999999999996,13.880860034237841,11.122139999999998,0.8,5549.0,-0.07632,0.95138,0.18,5.5840000000000005
OGLE-2018-BLG-1119L b,OGLE-2018-BLG-1119L,13.9,289.2238503699999,0.592,0.19206000000000004,61.839999999999996,0.051620131996945436,11.122139999999998,4.06,5549.0,-0.07632,0.95138,0.48,5.7272
OGLE-2018-BLG-1126L b,OGLE-2018-BLG-1126L,4.41,17.79839079,1.14,0.2076,352.6,3.5686284967480946,11.122139999999998,3.23,5549.0,-0.07632,0.95138,0.69,8.189
OGLE-2018-BLG-1185L b,OGLE-2018-BLG-1185L,2.83,8.400000000000002,2.04,0.1031,349.6,3.1179751142754153,11.122139999999998,1.54,5549.0,-0.07632,0.95138,0.37,7.890000000000001
OGLE-2018-BLG-1212L b,OGLE-2018-BLG-1212L,9.32,63.5656814,0.43099999999999994,0.204648,573.8,33.41008331545648,11.122139999999998,1.68,5549.0,-0.07632,0.95138,0.16,6.271
OGLE-2018-BLG-1269L b,OGLE-2018-BLG-1269L,14.1,210.00000000000003,0.4119999999999999,0.2468,627.5319999999999,33.410637065883186,11.122139999999998,4.51,5549.0,-0.07632,0.95138,1.11,4.068899999999999
OGLE-2018-BLG-1367L b,OGLE-2018-BLG-1367L,13.8,301.9369866499999,0.631,0.18196000000000004,314.86,2.842169718352416,11.122139999999998,1.21,5549.0,-0.07632,0.95138,0.28,5.2942
OGLE-2018-BLG-1428L b,OGLE-2018-BLG-1428L,14.0,239.99999999999994,0.481,0.18666000000000005,176.11,0.17950436010170098,11.122139999999998,3.3,5549.0,-0.07632,0.95138,0.42999999999999994,5.6107
OGLE-2018-BLG-1647L b,OGLE-2018-BLG-1647L,13.8,308.2935547899999,0.645,0.18196000000000004,334.52,3.5748607307039535,11.122139999999998,1.3599999999999999,5549.0,-0.07632,0.95138,0.092,5.8732
OGLE-2018-BLG-1700L b,OGLE-2018-BLG-1700L,12.9,1399.9999999999995,3.58,0.562663,196.23,0.23104447662099806,11.122139999999998,2.8,5549.0,-0.07632,0.95138,0.41999999999999993,6.938
OGLE-2019-BLG-0249L b,OGLE-2019-BLG-0249L,12.7,2262.9382578400005,6.069999999999999,0.29754,649.392,37.43468058487095,11.122139999999998,1.8399999999999999,5549.0,-0.07632,0.95138,0.91,7.114
OGLE-2019-BLG-0299L b,OGLE-2019-BLG-0299L,12.7,1976.8926915400004,5.299999999999999,0.481953,137.43,0.09495337839343522,11.122139999999998,2.8,5549.0,-0.07632,0.95138,0.5900000000000001,6.712000000000001
OGLE-2019-BLG-0304L b,OGLE-2019-BLG-0304L,14.2,162.09248757000006,0.311,0.34431,643.966,33.75264136092218,11.122139999999998,1.23,5549.0,-0.07632,0.95138,0.27,3.19
OGLE-2019-BLG-0362L b,OGLE-2019-BLG-0362L,13.1,1036.1206068200004,2.5300000000000002,0.540983,358.28,4.388854614898939,11.122139999999998,2.18,5549.0,-0.07632,0.95138,0.41999999999999993,6.878
OGLE-2019-BLG-0468L b,OGLE-2019-BLG-0468L,13.1,1090.15143601,2.66,0.35950000000000004,659.01,42.810046911999585,11.122139999999998,3.29,5549.0,-0.07632,0.95138,0.9200000000000002,7.784999999999999
OGLE-2019-BLG-0468L c,OGLE-2019-BLG-0468L,12.5,3248.2063195399974,9.14,0.42268,719.6,45.31474557203978,11.122139999999998,2.7699999999999996,5549.0,-0.07632,0.95138,0.9200000000000002,6.590000000000001
OGLE-2019-BLG-0679L b,OGLE-2019-BLG-0679L,13.1,1061.5468793799996,2.59,0.512883,137.25,0.10537594053587496,11.122139999999998,6.989999999999999,5549.0,-0.07632,0.95138,0.6599999999999999,6.878
OGLE-2019-BLG-0954L b,OGLE-2019-BLG-0954L,12.3,4513.163379399997,13.299999999999999,0.36541999999999997,654.8,31.251861231623796,11.122139999999998,2.65,5549.0,-0.07632,0.95138,0.8,5.3747
OGLE-2019-BLG-0960L b,OGLE-2019-BLG-0960L,1.39,2.5,5.12,0.251,300.17999999999995,1.7837228406765626,11.122139999999998,1.8999999999999997,5549.0,-0.07632,0.95138,0.5,9.3445
OGLE-2019-BLG-1053L b,OGLE-2019-BLG-1053L,1.38,2.48,5.19,0.2265,59.44,0.04207506819863004,11.122139999999998,3.4000000000000004,5549.0,-0.07632,0.95138,0.61,9.3445
OGLE-2019-BLG-1180L b,OGLE-2019-BLG-1180L,13.5,555.2462270300001,1.2400000000000002,0.31339999999999996,50.339999999999996,0.04970751398507926,11.122139999999998,5.19,5549.0,-0.07632,0.95138,0.545,6.207
OGLE-2019-BLG-1470L AB c,OGLE-2019-BLG-1470L A,13.3,699.2224954000003,1.63,0.2476,59.94,0.04970751398507926,11.122139999999998,3.2000000000000006,5549.0,-0.07632,0.95138,0.57,6.7219999999999995
OGLE-2019-BLG-1492L b,OGLE-2019-BLG-1492L,6.79,37.1,0.651,0.21929999999999997,566.6,31.53980513389307,11.122139999999998,2.7000000000000006,5549.0,-0.07632,0.95138,0.6800000000000002,6.3163
OGLE-2023-BLG-0836L b,OGLE-2023-BLG-0836L,12.9,1385.7318545199996,3.5499999999999994,0.3515,633.4100000000001,28.405273973377412,11.122139999999998,3.7,5549.0,-0.07632,0.95138,0.71,6.818299999999999
OGLE-TR-10 b,OGLE-TR-10,14.011,197.04599999999996,0.4,0.0,1702.0,1356.52768577761,3.101278,0.0434,5950.0,0.188,1.17,1.14,3.1
OGLE-TR-111 b,OGLE-TR-111,11.421971,174.79899999999998,0.65,0.0,1019.0,219.06261534079155,4.014446300000001,0.0473,5040.0,-0.33862,0.83,0.8200000000000001,8.8
OGLE-TR-113 b,OGLE-TR-113,12.251,400.4490000000002,1.2,0.0,1342.0,528.4147000000002,1.4324751999999998,0.02289,4790.0,-0.529,0.7740000000000001,0.779,13.2
OGLE-TR-132 b,OGLE-TR-132,13.45,375.0200000000001,0.8500000000000001,0.6,2013.0,2587.2560849599904,1.6898679999999997,0.03035,6210.0,0.371,1.32,1.305,1.2
OGLE-TR-182 b,OGLE-TR-182,12.666,320.9949999999999,0.41000000000000003,0.0,1550.0,774.3307311390287,3.9791,0.051,5924.0,0.24059,1.14,1.14,4.3
OGLE-TR-211 b,OGLE-TR-211,15.244,327.3510000000001,0.41999999999999993,0.0,1686.0,1244.556784965462,3.67724,0.051,6325.0,0.26657,1.6399999999999997,1.33,2.6
OGLE-TR-56 b,OGLE-TR-56,15.278,441.76999999999975,0.6800000000000002,0.0,2212.0,3888.631691973748,1.2119189,0.02383,6050.0,0.35,1.3630000000000002,1.228,3.0
OGLE2-TR-L9 b,OGLE2-TR-L9,18.046,1430.175,1.25,0.09749000000000001,2034.0,4135.364199999999,2.4855335,0.0308,6933.0,0.51197,1.53,1.5200000000000002,1.0
Oph 11 b,Oph 11,12.3,4449.620000000003,13.1,0.2888,2175.0,309.6778318725535,7300000.000000004,243.00000000000006,2375.0,-2.77,0.232692,0.016,5.0
PDS 70 b,PDS 70,30.48848,953.49,0.185,0.19,1204.0,128.31736012665095,43500.00000000003,20.0,3972.0,-0.45593,1.26,0.76,0.0054
PDS 70 c,PDS 70,22.86636,635.66,0.2919999999999999,0.11,995.0,153.42201838169808,11.122139999999998,33.99999999999999,3972.0,-0.45593,1.26,0.76,0.0054
PH1 b,PH1,6.18,169.00000000000006,2.56,0.0702,481.0,20.166046915219574,138.31699999999998,0.6520000000000001,6407.0,0.66,1.7339999999999998,1.528,2.0
PH2 b,PH2,9.33708092,87.08498351999998,0.58,0.215,295.1,1.2,282.52542000000005,0.833,5734.0,-0.05849,0.949,0.966,4.1
POTS-1 b,POTS-1,10.548,734.1599999999996,3.44,0.02853,1163.855,258.1430414174206,3.1606296,0.03734,4400.0,-1.0869,0.588,0.6950000000000001,7.444000000000001
PSR B0329+54 b,PSR B0329+54,1.22,1.97,5.96,0.236,254.49,1.4130583187733081,10139.999999999993,10.259999999999998,5549.0,-0.07632,0.95138,1.44,3.5380000000000003
PSR B1257+12 b,PSR B1257+12,0.338,0.02,2.85,0.0,623.303,35.46349193567151,25.262,0.19,5549.0,-0.07632,0.95138,1.4,3.0
PSR B1257+12 c,PSR B1257+12,1.91,4.3,3.3899999999999997,0.0186,519.1,12.293938679948972,66.5419,0.36,5549.0,-0.07632,0.95138,1.4,3.0
PSR B1257+12 d,PSR B1257+12,1.8,3.9000000000000004,3.67,0.0264,463.9,17.961044527055083,98.21140000000004,0.4600000000000001,5549.0,-0.07632,0.95138,1.4,3.0
PSR B1620-26 b,PSR B1620-26,13.3,794.575,1.8599999999999999,0.23359999999999997,551.8,19.41087293549342,11.122139999999998,23.000000000000004,5549.0,-0.07632,0.95138,1.35,0.56556
PSR J1719-1438 b,PSR J1719-1438,2.8395539349999996,382.79999999999995,23.000000000000004,0.06,1629.3,1324.3691641200398,0.090706293,0.0044,4500.0,-0.07632,0.95138,1.4,12.5
PSR J2322-2650 b,PSR J2322-2650,13.9,252.64306699999992,1.8399999999999999,0.0017,1801.0,1977.5816989403165,0.322963997,0.0102,5549.0,-0.07632,0.95138,1.4,2.4699999999999998
PZ Tel b,PZ Tel,11.9,8581.366989000007,28.000000000000004,0.52,1252.79,105.33588603505449,43999.99999999997,26.999999999999996,5169.0,0.00662,1.2564600000000001,1.3599999999999999,0.2
Pr0201 b,Pr0201,14.2,171.62820000000005,0.329,0.0,1313.02,439.42391628218127,4.4264,0.06,6174.0,0.24469,1.15,1.2400000000000002,0.976
Pr0211 b,Pr0211,13.4,597.5203999999999,1.3599999999999999,0.011,1369.519,391.25291280923614,2.1461,0.03176,5300.0,-0.33603,0.8270000000000001,0.9350000000000002,0.578
Pr0211 c,Pr0211,12.6,2475.8957,6.800000000000002,0.71,839.9,42.4061762866895,4849.999999999996,5.5,5300.0,-0.33603,0.8270000000000001,0.9350000000000002,0.578
Proxima Cen b,Proxima Cen,1.02,1.055,5.46,0.0,218.0,0.641,11.184650000000001,0.04848,2900.0,-2.82102,0.141,0.1221,6.166
Proxima Cen d,Proxima Cen,0.692,0.26,4.3100000000000005,0.0,282.0,1.814,5.123379999999999,0.02881,2900.0,-2.82102,0.141,0.1221,6.456
Qatar-1 b,Qatar-1,12.811887,411.2720200000001,1.076,0.0,1418.0,382.328,1.4200242000000003,0.02332,5013.0,-0.43771,0.8030000000000002,0.8379999999999999,1.19
Qatar-10 b,Qatar-10,17.295487,233.92287999999996,0.248,0.0,1955.0,1816.4800000000002,1.6453210000000003,0.0286,6124.0,0.29951,1.254,1.156,3.2
Qatar-2 b,Qatar-2,14.056,792.6350000000001,1.573,0.0,1344.0,644.9285096214264,1.3371164700000002,0.02153,4645.0,-0.6832,0.776,0.7429999999999999,5.0
Qatar-3 b,Qatar-3,12.285064,1369.8472999999992,3.9999999999999996,0.0,1681.0,1330.0000000000005,2.5079204000000006,0.03783,6007.0,0.27875,1.2720000000000002,1.145,0.31
Qatar-4 b,Qatar-4,12.722215,1938.7629999999995,5.1,0.0,1385.0,613.9999999999998,1.8053563999999995,0.02803,5215.0,-0.31785,0.8489999999999999,0.8960000000000001,0.17
Qatar-5 b,Qatar-5,12.408363,1373.0256000000004,3.95,0.0,1415.0,668.9999999999999,2.8792319000000006,0.04127,5747.0,0.05614,1.076,1.128,0.53
Qatar-6 b,Qatar-6,11.903958,212.31043999999991,0.692,0.0,1006.0,174.9015,3.506195,0.0423,5052.0,-0.51428,0.7220000000000001,0.822,1.02
Qatar-7 b,Qatar-7,19.0553,597.5203999999999,0.502,0.0,2053.0,2886.292199999999,2.032046,0.0352,6387.0,0.56348,1.564,1.4090000000000003,1.69
Qatar-8 b,Qatar-8,14.403565,117.91493000000003,0.21600000000000003,0.0,1457.0,698.148,3.71495,0.0474,5738.0,0.22789,1.315,1.029,8.3
Qatar-9 b,Qatar-9,11.309881,378.21769999999987,1.4300000000000002,0.0,1134.0,210.66899999999998,1.540731,0.0234,4309.0,-0.82102,0.6959999999999998,0.719,7.5
ROXs 12 b,ROXs 12,12.2,5085.000000000004,15.400000000000002,0.83,694.6,35.28553784736975,11.122139999999998,210.00000000000003,3850.0,-0.79013,1.06627,0.87,0.0076
ROXs 42 B b,ROXs 42 B,12.5,2859.999999999999,8.05,0.58,1975.0,427.1728371678476,11.122139999999998,157.0,3433.0,-0.79156,1.33658,1.0,0.0027
RR Cae b,RR Cae,13.0,1334.886,3.3400000000000003,0.0,80.47999999999999,0.011589022661118763,4343.500000000002,5.299999999999999,3904.0,-2.10762,0.19311899999999999,0.44,6.515700000000001
Ross 128 b,Ross 128,1.11,1.4,5.63,0.116,301.0,1.3799999999999997,9.865800000000002,0.0496,3192.0,-2.44129,0.1967,0.16800000000000004,5.0
Ross 176 b,Ross 176,1.84,4.57,4.03,0.25,682.0,36.20000000000001,5.0066337999999995,0.0464,4041.0,-1.10891,0.569,0.577,3.0
Ross 458 c,Ross 458,14.01125,1906.9799999999996,3.8099999999999996,0.46703900000000004,1537.5,348.0794836426902,11.122139999999998,1099.9999999999998,3965.42,-1.29769,0.5625660000000001,0.556419,0.5
Ross 508 b,Ross 508,1.83,3.9999999999999996,3.59,0.33,312.29,1.9149640038394093,10.770000000000003,0.05366,3071.0,-2.44503,0.2113,0.17739999999999997,6.072000000000001
SPECULOOS-3 b,SPECULOOS-3,0.977,0.8939999999999999,5.269999999999999,0.020632,553.0,15.54,0.71912603,0.00733,2800.0,-3.07831,0.123,0.1009,6.6
SR 12 AB c,SR 12 AB,12.3,4131.619999999998,12.2,0.5079999999999999,936.6200000000001,72.32603931312082,11.122139999999998,0.102,3828.93,-0.62778,1.103075,0.94,0.0021
SWEEPS-11 b,SWEEPS-11,12.666,3082.8200000000006,8.339999999999998,0.013009999999999999,1735.997,1659.6196471876228,1.7959999999999996,0.03,5549.0,-0.07632,1.45,1.1,5.2262200000000005
SWEEPS-4 b,SWEEPS-4,9.079,1207.6999999999996,8.87,0.0613,1125.848,276.93760590043496,4.199999999999999,0.055,5549.0,-0.07632,1.18,1.2400000000000002,5.016399999999999
TAP 26 b,TAP 26,13.5,527.5978000000001,1.18,0.18646000000000001,1010.7370000000001,157.05918726136255,10.79,0.0968,4620.0,-0.25,1.17,1.04,0.017
TCP J05074264+2447555 b,TCP J05074264+2447555,4.72,20.0,1.05,0.30776000000000003,883.5799999999999,80.5221247562889,11.122139999999998,0.94,5805.0,0.31745,1.42487,0.586,10.052000000000001
TIC 139270665 b,TIC 139270665,7.22979255,147.15455243999997,2.13,0.105,703.0,40.29999999999999,23.623999999999995,0.163,5844.0,0.03222,1.016,1.035,3.4
TIC 139270665 c,TIC 139270665,12.9,1554.1809102300003,3.9800000000000004,0.566,200.0,0.21,1010.0000000000001,1.9999999999999996,5844.0,0.03222,1.016,1.035,3.4
TIC 172900988 b,TIC 172900988 Aa,11.25,942.0000000000001,3.64,0.0271,567.38,25.925683469163893,200.45199999999994,0.9028100000000001,6050.0,0.67103,1.3841999999999999,1.2383999999999997,3.1
TIC 237913194 b,TIC 237913194,12.520453,617.2258599999999,1.8469999999999998,0.575,974.0,83.3856,15.168864999999998,0.1207,5788.0,0.07773,1.088,1.026,5.7
TIC 241249530 b,TIC 241249530,13.29385111,1582.7854668599996,3.7,0.9412,508.0,44.09519528041398,165.77189999999993,0.641,6166.0,0.40824,1.397,1.2710000000000001,3.2
TIC 257060897 b,TIC 257060897,17.26183028,201.50321004,0.21499999999999997,0.039,1775.0,1804.5548999999992,3.6600363899999997,0.04922,5993.0,0.60531,1.8629999999999998,1.187,5.6
TIC 279401253 b,TIC 279401253,11.2089807,1951.4664189799994,7.610000000000001,0.448,488.9,17.85765485472025,76.80000000000003,0.369,5951.0,0.09691,1.06,1.13,1.2
TIC 279401253 c,TIC 279401253,12.6,2548.983824139999,6.999999999999998,0.254,540.1,18.18891245344687,155.3,0.591,5951.0,0.09691,1.06,1.13,1.2
TIC 365102760 b,TIC 365102760,6.21,19.200000000000003,0.43700000000000006,0.406,1446.3799999999999,726.1624162707305,4.21285367,0.0622,4900.0,0.707,3.13,1.17,6.3
TIC 393818343 b,TIC 393818343,12.18416202,1379.37528638,4.22,0.6058,805.5,2.28,16.249209999999998,0.1291,5756.0,0.06744,1.086,1.082,3.8
TIC 434398831 b,TIC 434398831,3.51,12.099999999999998,1.54,0.04,1250.0,362.6284545683432,3.685504,0.04641,5638.0,-0.14351,0.909,0.9920000000000001,0.061
TIC 434398831 c,TIC 434398831,5.63,26.999999999999996,0.831,0.013,1050.0,209.3038219757631,6.210290999999999,0.06572,5638.0,-0.14351,0.909,0.9920000000000001,0.061
TIC 46432937 b,TIC 46432937,13.31626907,1017.0509024000004,2.37,0.009,872.0,90.33004057085488,1.44044527,0.02065,3572.0,-1.3851,0.5299,0.563,7.4
TIC 4672985 b,TIC 4672985,11.5004142,4049.13390518,14.599999999999998,0.018,517.2,19.86549668566201,69.04799999999999,0.33,5757.0,0.11394,1.15,1.01,7.71
TIC 88785435 b,TIC 88785435,5.03,22.300000000000004,0.963,0.131,635.0,34.52556713694237,10.508843000000002,0.08432,3998.0,-0.69596,0.9109999999999999,0.724,0.016
TOI-1011 b,TOI-1011,1.45,4.039999999999999,7.279999999999999,0.0,1364.0,575.5969999999999,2.470498,0.102,5475.0,-0.1549,0.9200000000000002,0.91,6.284999999999999
TOI-1052 b,TOI-1052,2.87,16.899999999999995,3.9299999999999997,0.18,1135.0,246.00000000000006,9.139703,0.09103,6146.0,0.38373,1.264,1.204,2.3
TOI-1052 c,TOI-1052,6.48,34.3,0.6929999999999998,0.237,719.0,39.70000000000001,35.806000000000004,0.2263,6146.0,0.38373,1.264,1.204,2.3
TOI-1054.01,TOI-1054,2.43432,6.499999999999999,2.48,0.0,853.0,88.07179999999997,15.507785500000004,0.102,6122.0,0.23193,1.17,1.14,3.339
TOI-1062 b,TOI-1062,2.265,10.149999999999999,4.85,0.177,1077.0,231.99999999999991,4.11296,0.052,5328.0,-0.27446,0.8400000000000001,0.94,2.5
TOI-1062 c,TOI-1062,3.1,9.780000000000001,1.8000000000000003,0.14,859.0,94.99999999999999,7.972,0.08,5328.0,-0.27446,0.8400000000000001,0.94,2.5
TOI-1064 b,TOI-1064,2.587,13.5,4.30062,0.047,784.0,62.89999999999997,6.443868000000001,0.06151999999999999,4734.0,-0.62342,0.726,0.748,9.4
TOI-1064 c,TOI-1064,2.651,2.5,0.771906,0.088,634.0,26.8,12.226574000000001,0.09429,4734.0,-0.62342,0.726,0.748,9.4
TOI-1075 b,TOI-1075,1.791,9.95,9.32,0.0,1323.0,509.2000000000002,0.6047328,0.01159,3875.0,-1.14436,0.581,0.604,6.0
TOI-1107 b,TOI-1107,14.57167491,1064.7251634500003,1.89,0.025,1728.0,531.9999999999999,4.0782387,0.0561,6311.0,0.67117,1.8100000000000003,1.35,2.6
TOI-1117 b,TOI-1117,2.46,8.9,3.3,0.0,1538.0,927.9999999999997,2.22816,0.033,5635.0,-0.4437,1.05,0.97,4.42
TOI-1117 c,TOI-1117,2.91,8.78,1.96,0.0,1210.0,355.0,4.578999999999999,0.0534,5635.0,-0.4437,1.05,0.97,4.42
TOI-1117 d,TOI-1117,3.27,10.710000000000004,1.68,0.0,978.0,151.99999999999997,8.665,0.0817,5635.0,-0.4437,1.05,0.97,4.42
TOI-1130 b,TOI-1130,3.66,19.800000000000004,2.2299999999999995,0.052162,825.0,78.10000000000001,4.074554,0.0453,4360.0,-0.85387,0.697,0.745,5.4
TOI-1130 c,TOI-1130,13.0,335.99999999999994,0.827042,0.0398,650.0,30.0,8.3501898,0.0731,4360.0,-0.85387,0.697,0.745,5.4
TOI-1135 b,TOI-1135,9.34085,51.41999999999999,0.41000000000000003,0.0,1074.28,254.89399999999995,8.0277283,0.082337403,5962.7,0.23096,1.15,1.1560389999999998,0.562
TOI-1136 b,TOI-1136,1.9,3.5000000000000004,2.8,0.027,1216.0,401.8636920761832,4.172699999999999,0.05106,5770.0,-0.02687,0.9679999999999999,1.022,0.7
TOI-1136 c,TOI-1136,2.879,6.319999999999999,1.45,0.11,1062.0,232.39200000000008,6.2574,0.0669,5770.0,-0.02687,0.9679999999999999,1.022,0.7
TOI-1136 d,TOI-1136,4.627,8.35,1.8100000000000003,0.042,843.0,626.362,12.5199,0.1062,5770.0,-0.02687,0.9679999999999999,1.022,0.7
TOI-1136 e,TOI-1136,2.639,6.069999999999999,1.8100000000000003,0.0425,737.0,48.4771,18.801,0.14,5770.0,-0.02687,0.9679999999999999,1.022,0.7
TOI-1136 f,TOI-1136,3.73591482,9.7,0.89,0.001,658.0,26.432799999999997,26.320999999999998,0.174,5770.0,-0.02687,0.9679999999999999,1.022,0.7
TOI-1136 g,TOI-1136,2.53,5.6,1.8999999999999997,0.04,574.0,24.741792618218856,39.544999999999995,0.22899999999999998,5770.0,-0.02687,0.9679999999999999,1.022,0.7
TOI-1173 b,TOI-1173,9.19,27.4,0.195,0.023,868.0,132.0,7.064659999999999,0.0696,5350.0,-0.16877,0.9339999999999999,0.9109999999999999,8.7
TOI-1174 b,TOI-1174,2.562,32.0,11.0,0.0,713.83,52.019999999999996,8.953487683000002,0.07994,5030.0,-0.4034,0.76,0.8500000000000001,2.7
TOI-1180 b,TOI-1180,3.072,10.000000000000002,1.9299999999999997,0.0,638.18,36.970000000000006,9.686760378000002,0.080799,4738.0,-0.57675,0.73,0.75,5.0
TOI-1181 b,TOI-1181,17.02644168,374.7196918499999,0.49,0.011,1942.12,14140.000000000011,2.1031889999999995,0.0364,6054.0,0.64246,1.9609999999999999,1.467,2.7
TOI-1184 b,TOI-1184,2.39,6.800000000000002,2.63,0.0,715.47,57.54000000000001,5.748433803000001,0.056027,4534.0,-0.70115,0.69,0.71,5.3
TOI-1194 b,TOI-1194,8.71664516,120.00000000000003,0.99,0.0,1264.29,203.68500000000006,2.3106446,0.034,5394.0,-0.1512,0.9608000000000001,0.9834999999999999,4.9
TOI-1199 b,TOI-1199,10.5140239,75.96098926999997,0.358,0.03,1486.0,324.1139999999999,3.671463,0.04988,5710.0,0.30428,1.45,1.23,4.2
TOI-1201 b,TOI-1201,2.415,6.279999999999999,2.45,0.0,703.0,40.60000000000001,2.4919862999999998,0.0287,3476.0,-1.46852,0.508,0.512,3.7190000000000003
TOI-1203 b,TOI-1203,1.52,3.5099999999999993,5.480000000000001,0.067,1361.2,572.2,4.1572888,0.04869,5737.0,0.12977,1.179,0.886,12.5
TOI-1203 c,TOI-1203,2.2,5.46,2.8199999999999994,0.092,919.2,120.19950599103674,13.076600000000003,0.102,5737.0,0.12977,1.179,0.886,12.5
TOI-1203 e,TOI-1203,7.31,42.099999999999994,0.592,0.152,517.692,30.55250004508087,204.58999999999997,0.102,5737.0,0.12977,1.179,0.886,12.5
TOI-1203.01,TOI-1203,2.918,7.3900000000000015,1.63,0.032,743.6,51.00000000000001,25.502671999999997,0.1632,5737.0,0.12977,1.179,0.886,12.5
TOI-122 b,TOI-122,2.72,7.849999999999999,2.1399999999999997,0.0,471.0,8.8,5.07803,0.0392,3403.0,-1.85387,0.3340000000000001,0.312,2.0
TOI-1221 b,TOI-1221,2.91,1112.3994244999994,2.56,0.21,440.0,6.059999999999999,91.68278000000001,0.387,5592.0,-0.01689,1.031,0.9300000000000002,10.0
TOI-1224 b,TOI-1224,2.104,5.08,3.0,0.2166,541.0,13.929499999999997,4.178274499999999,0.03549999999999999,3326.0,-1.6968,0.404,0.4,0.21
TOI-1224 c,TOI-1224,2.884,8.669999999999998,1.99,0.0,303.12,1.9952,17.945465999999996,0.102,3326.0,-1.6968,0.404,0.4,0.21
TOI-1227 b,TOI-1227,9.57246952,66.5,0.417,0.27469099999999996,243.77,3.21,27.363969999999995,0.0886,3072.0,-2.60033,0.56,0.16999999999999998,0.011
TOI-1230.01,TOI-1230,3.23968384,10.600000000000001,1.7099999999999997,0.01,688.61,53.1389,25.057131232879996,0.102,5696.0,0.21468,1.15281,1.14,4.706999999999999
TOI-1231 b,TOI-1231,3.65,15.400000000000002,1.7400000000000002,0.087,329.6,1.9299999999999997,24.245586000000003,0.1288,3553.0,-1.48678,0.476,0.485,3.5510000000000006
TOI-1233.01,HD 108236,2.539,6.9799999999999995,2.34,0.055,708.0,53.87950000000002,14.175685000000001,0.1074,5660.0,-0.14997,0.877,0.8690000000000001,6.7
TOI-1235 b,TOI-1235,1.69,6.6899999999999995,7.249999999999998,0.049,775.0,60.3,3.4447140000000003,0.03845,3997.0,-1.05404,0.619,0.63,5.3
TOI-1238 b,TOI-1238,1.21,3.76,11.700000000000003,0.25,1133.0,442.0,0.764597,0.0139,4089.0,-1.08249,0.58,0.5900000000000001,0.8
TOI-1238 c,TOI-1238,2.11,8.320000000000002,4.9,0.15,695.0,62.99999999999998,3.2947360000000003,0.037,4089.0,-1.08249,0.58,0.5900000000000001,0.8
TOI-1243 b,TOI-1243,2.33,7.700000000000002,3.3,0.05462,450.0,17.266400000000004,4.6594779,0.102,3515.0,-1.44551,0.511,0.515,4.798000000000001
TOI-1244 b,TOI-1244,2.467,6.599999999999998,2.66,0.0,714.86,56.63000000000001,6.400316483000002,0.060694,4599.0,-0.62893,0.7210000000000001,0.73,5.9
TOI-1246 b,TOI-1246,3.01,8.1,1.63,0.0397,955.0,196.0,4.307439999999999,0.049,5151.0,-0.30103,0.86,0.87,6.3
TOI-1246 c,TOI-1246,2.45109846,9.1,3.3899999999999997,0.0,862.49,128.99999999999997,5.9041369999999995,0.061,5213.0,-0.30103,0.8648999999999999,0.8889000000000001,6.3
TOI-1246 d,TOI-1246,3.43139739,5.4,0.73,0.0,587.77,28.000000000000004,18.654874,0.132,5213.0,-0.30103,0.8648999999999999,0.8889000000000001,6.3
TOI-1246 e,TOI-1246,3.5141875,14.499999999999998,1.8300000000000003,0.0,463.98,11.0,37.92548,0.21200000000000002,5213.0,-0.30103,0.8648999999999999,0.8889000000000001,6.3
TOI-1248 b,TOI-1248,6.8084859,27.4,0.4699999999999999,0.0,952.09,202.0739,4.3601561,0.051,5205.0,-0.30016,0.8686,0.9042000000000001,5.5
TOI-1249 b,TOI-1249,3.2710301,11.9,1.8399999999999999,0.0,726.89,48.60580000000001,13.079151000000001,0.109,5497.0,-0.10127,0.9785,1.0062,4.0
TOI-125 b,TOI-125,2.726,9.5,2.5699999999999994,0.194,1037.0,185.00000000000009,4.65382,0.05186,5320.0,-0.28483,0.848,0.8590000000000001,6.8
TOI-125 c,TOI-125,2.759,6.629999999999999,1.73,0.066,827.8,77.59000000000002,9.150590000000001,0.0814,5320.0,-0.28483,0.848,0.8590000000000001,6.8
TOI-125 d,TOI-125,2.93,13.600000000000001,2.98,0.168,638.1,26.699999999999996,19.98,0.137,5320.0,-0.28483,0.848,0.8590000000000001,6.8
TOI-1259 A b,TOI-1259 A,11.45557828,140.16232749,0.513,0.0,963.0,153.13890000000004,3.4779779999999993,0.0407,4775.0,-0.58996,0.7109999999999999,0.744,4.8
TOI-1260 b,TOI-1260,2.41,8.56,3.3500000000000005,0.0,871.0,95.57999999999998,3.127463,0.0367,4227.0,-0.88941,0.6719999999999999,0.679,6.7
TOI-1260 c,TOI-1260,2.76,13.2,3.4499999999999997,0.0,651.0,29.809999999999995,7.493133999999999,0.0657,4227.0,-0.88941,0.6719999999999999,0.679,6.7
TOI-1260 d,TOI-1260,3.12,11.840000000000002,2.1399999999999997,0.0,499.0,10.319999999999997,16.608163999999995,0.1116,4227.0,-0.88941,0.6719999999999999,0.679,6.7
TOI-1266 b,TOI-1266,2.52,4.460000000000001,1.54,0.039,415.0,4.719999999999999,10.8945,0.073,3563.0,-1.58021,0.4232000000000001,0.43700000000000006,4.6
TOI-1266 c,TOI-1266,1.98,3.1700000000000004,2.25,0.071,346.0,2.4200000000000004,18.802700000000005,0.105,3563.0,-1.58021,0.4232000000000001,0.43700000000000006,4.6
TOI-1266 d,TOI-1266,1.74,3.6799999999999997,3.84,0.087,288.0,1.3,32.50900000000001,0.1513,3563.0,-1.58021,0.4232000000000001,0.43700000000000006,4.6
TOI-1268 b,TOI-1268,9.1,96.39999999999998,0.71,0.105,918.9,91.09720000000003,8.1577094,0.0711,5300.0,-0.28785,0.9200000000000002,0.9599999999999999,0.245
TOI-1269 b,TOI-1269,2.40144286,6.400000000000001,2.5300000000000002,0.0,1004.9,231.2033999999999,4.252991300000001,0.0496,5499.0,-0.21968,0.8521,0.9027,3.1
TOI-1272 b,TOI-1272,4.13204907,26.999999999999996,2.09,0.35,975.0,120.59500000000003,3.31599,0.0417,5065.0,-0.42597,0.7933999999999999,0.8772000000000001,1.1
TOI-1272 c,TOI-1272,4.95,21.700000000000003,0.983,0.12,697.0,44.88266851302325,8.6811,0.079,5065.0,-0.42597,0.7933999999999999,0.8772000000000001,1.1
TOI-1273 b,TOI-1273,11.09689089,70.55790635000002,0.28,0.055,1211.0,225.01300000000006,4.631296,0.05489999999999999,5690.0,0.02938,1.06,1.06,3.1
TOI-1278 b,TOI-1278,12.21778896,5879.825529499995,17.999999999999996,0.013,407.87,6.540200000000001,14.475670000000001,0.095,3799.0,-1.21183,0.573,0.54,4.4719999999999995
TOI-1279 b,TOI-1279,2.66146528,10.600000000000001,3.0500000000000003,0.0,759.0,74.7359,9.614189999999999,0.085,5457.0,-0.24336,0.8426,0.8784,4.2
TOI-128.01,TOI-128,2.21898,5.5600000000000005,2.8,0.08579999999999999,1344.51,182.40600000000006,4.9404681,0.05381019,6086.0,0.18874,1.13,0.851969,5.138
TOI-1288 b,TOI-1288,4.96846551,44.1,1.97,0.0,1203.44,1198.4100000000003,2.6998278999999994,0.0374,5388.0,-0.1549,0.9583,0.9551999999999999,6.5
TOI-1288 c,TOI-1288,11.1,85.70000000000002,0.34400000000000003,0.0,368.8,4.524193532971875,416.0,1.07,5388.0,-0.1549,0.9583,0.9551999999999999,6.5
TOI-1294 b,TOI-1294,10.12369881,63.90000000000001,0.33999999999999997,0.0,1392.74,311.49799999999993,3.9152920000000004,0.051,5718.0,0.36847,1.5566,1.1578,6.2
TOI-1294 c,TOI-1294,14.3,146.99999999999994,0.276,0.0,615.21,28.29135019318622,159.90000000000003,0.61,5718.0,0.36847,1.5566,1.1578,6.2
TOI-1295 b,TOI-1295,15.69257298,451.31633794000015,0.65,0.024,2360.0,1800.0,3.1968838,0.047,6280.0,0.58659,1.7000000000000002,1.3799999999999997,2.0
TOI-1296 b,TOI-1296,14.11645916,95.3,0.19,0.0,1414.84,1078.5986999999996,3.9443736000000005,0.051,5567.0,0.40157,1.7031,1.1576,7.1
TOI-1298 b,TOI-1298,9.65807033,99.00000000000004,0.6000000000000001,0.0,1278.0,732.0077000000002,4.5371429999999995,0.057,5752.0,0.32056,1.4535999999999998,1.2187,4.3
TOI-1301.01,TOI-1301,2.477,6.7,2.4200000000000004,0.007000000000000001,737.36,72.55000000000001,6.096407209,0.059866,4820.0,-0.59857,0.732,0.77,4.3950000000000005
TOI-132 b,TOI-132,3.42,22.400000000000002,3.08,0.059,1395.0,859.9999999999998,2.1097019,0.026,5397.0,-0.22185,0.9,0.97,6.34
TOI-1333 b,TOI-1333,15.647764,753.2571,1.08,0.073,1679.0,1112.8500000000004,4.720219,0.0626,6274.0,0.71349,1.925,1.464,2.33
TOI-1338 b,TOI-1338 A,7.661,11.300000000000002,0.56,0.0331,254.65,0.9938000000000001,95.40010000000001,0.4607,5723.2,0.32898,1.3130000000000002,1.0936,4.4
TOI-1338 c,TOI-1338 A,10.3,75.4,0.37900000000000006,0.037,379.82,4.49255299050883,215.79000000000008,0.7940000000000002,5723.2,0.32898,1.3130000000000002,1.0936,4.4
TOI-1346 b,TOI-1346,2.39,6.300000000000001,2.54,0.16770000000000002,1324.0,468.54150000000016,1.7622537999999999,0.102,5099.0,-0.47288,0.78,0.8200000000000001,5.157000000000001
TOI-1346 c,TOI-1346,2.23,5.6,2.7699999999999996,0.08299999999999999,928.0,102.66439999999996,5.502558,0.102,5099.0,-0.47288,0.78,0.8200000000000001,5.42
TOI-1347 b,TOI-1347,1.8,11.100000000000001,9.9,0.0,1400.0,1876.1314999999997,0.8474234600000001,0.0171,5464.0,-0.25964,0.83,0.913,1.4
TOI-1347 c,TOI-1347,1.6,6.400000000000001,4.1,0.0,1000.0,183.6642,4.841962,0.0546,5464.0,-0.25964,0.83,0.913,1.4
TOI-1386 b,TOI-1386,6.2163865,45.80000000000001,1.04,0.0,615.03,34.68,25.840099999999996,0.173,5735.0,0.0103,1.0235,1.0363,3.2
TOI-1386 c,TOI-1386,10.3,75.2,0.378,0.38,327.4,1.7709999999999997,231.99999999999991,0.75,5735.0,0.0103,1.0235,1.0363,3.2
TOI-139 b,TOI-139,2.4566,6.599999999999998,2.45,0.0253,561.17,22.4219,11.070850000000002,0.102,4570.0,-0.77842,0.7006999999999999,0.69,4.4005
TOI-1408 b,TOI-1408,25.0,593.0000000000001,0.18,0.0023,1293.0,465.17900000000014,4.42587,0.05778,6117.0,0.47129,1.53,1.312,2.7
TOI-1408 c,TOI-1408,2.22,7.599999999999999,3.8,0.1353,1864.0,2005.3499999999992,2.1664000000000003,0.03587,6117.0,0.47129,1.53,1.312,2.7
TOI-1410 c,TOI-1410,5.63,26.999999999999996,0.831,0.0,425.61500000000007,7.020682159766859,47.559999999999995,0.239,4635.0,-0.6216,0.7558,0.7941,6.6
TOI-1410.01,TOI-1410,3.10083009,12.5,2.3,0.0,1236.7,565.5415,1.21687,0.0207,4635.0,-0.6216,0.7558,0.7941,6.6
TOI-1411 b,TOI-1411,1.19880592,1.9999999999999996,6.359999999999999,0.0,976.4,266.8499999999999,1.4520527,0.02122,4115.0,-1.01323,0.614,0.6045,9.6
TOI-1416 b,TOI-1416,1.62,3.48,4.5,0.0,1517.0,882.9999999999998,1.0697568,0.019,4884.0,-0.46008,0.793,0.798,6.9
TOI-1420 b,TOI-1420,11.89,25.1,0.082,0.17,957.0,138.99999999999994,6.956106299999999,0.071,5510.0,-0.15181,0.9230000000000002,0.9869999999999999,10.7
TOI-1422 b,TOI-1422,3.83,9.5,0.9300000000000002,0.2,870.0,90.51509999999999,12.998939999999997,0.107,5840.0,0.04766,1.019,0.9903,4.6
TOI-1422 c,TOI-1422,2.61,14.0,4.3,0.2,628.0,30.296242978463148,34.5633,0.205,5840.0,0.04766,1.019,0.9903,4.6
TOI-1431 b,TOI-1431,16.70138124,991.6246298399997,1.17,0.0022,2370.0,5299.999999999998,2.650237,0.046,7690.0,1.06819,1.92,1.8999999999999997,0.29
TOI-1437 b,TOI-1437,2.24,9.6,3.91,0.17,794.23,82.00000000000003,18.840941999999995,0.14,6008.0,0.28466,1.17,1.1,6.7
TOI-1438 b,TOI-1438,3.04,9.4,1.8000000000000003,0.0,971.0,145.0,5.13967,0.0553,5230.0,-0.34679,0.8200000000000001,0.876,2.2
TOI-1438 c,TOI-1438,2.75,10.600000000000001,2.8999999999999995,0.0,794.0,64.99999999999997,9.428089000000002,0.083,5230.0,-0.34679,0.8200000000000001,0.876,2.2
TOI-1439 b,TOI-1439,4.2427861,38.5,2.76,0.157,748.4,68.43549999999998,27.644000000000005,0.192,5841.0,0.44091,1.6184000000000003,1.2313000000000003,4.6
TOI-1442 b,TOI-1442,1.17,1.7099999999999997,5.869999999999999,0.069466,1072.0,207.02420000000004,0.4090677,0.0071,3330.0,-1.97722,0.30999999999999994,0.2899999999999999,4.470000000000001
TOI-1443 b,TOI-1443,2.30381001,30.0,14.0,0.0,520.66,16.8576,23.540677999999993,0.147,5224.0,-0.42022,0.7511000000000001,0.7662999999999999,7.4
TOI-1444 b,TOI-1444,1.41792246,3.58,6.839999999999998,0.0,2130.02,5028.6263,0.47027430000000003,0.0116,5460.0,-0.17587,0.9105,0.9513000000000001,3.8
TOI-1448 b,TOI-1448,2.749,19.5,2.56,0.36,426.0,5.449999999999999,8.112245000000001,0.0567,3412.0,-1.75498,0.38,0.37199999999999994,2.9780100000000003
TOI-1450 A b,TOI-1450 A,1.13,1.258,4.789999999999999,0.0112,722.0,44.9493,2.0439274,0.102,3437.0,-1.56499,0.483,0.48,4.994999999999999
TOI-1450 A c,TOI-1450 A,1.13,1.527,5.82,0.0109,533.0,15.863956297334454,5.0688,0.102,3437.0,-1.56499,0.483,0.48,5.442
TOI-1451 b,TOI-1451,2.61143902,15.199999999999996,4.67,0.0,723.33,53.02160000000001,16.537944,0.127,5801.0,0.02449,1.0162,1.0022,4.0
TOI-1452 b,TOI-1452,1.672,4.82,5.6,0.0,326.0,1.8000000000000003,11.06201,0.061,3185.0,-2.1549,0.275,0.249,6.037999999999999
TOI-1453 b,TOI-1453,1.173,2.3199999999999994,8.215288000000001,0.0,944.2,132.60000000000005,4.3135225,0.102,4975.0,-0.57539,0.7199999999999999,0.7149999999999999,12.0
TOI-1453 c,TOI-1453,2.224,2.9500000000000006,1.472135,0.0,819.8,75.29999999999998,6.588698199999999,0.102,4975.0,-0.57539,0.7199999999999999,0.7149999999999999,12.0
TOI-1467 b,TOI-1467,1.92,9.000000000000002,11.0,0.0,506.07,18.13,5.97114713,0.050748,3834.0,-1.42022,0.491,0.489,7.2
TOI-1468 b,TOI-1468,1.401,3.04,6.1000000000000005,0.0099,683.5,36.400000000000006,1.8805201,0.02107,3376.0,-1.7921,0.37140000000000006,0.3527,6.784999999999999
TOI-1468 c,TOI-1468,2.126,4.1,2.31,0.111,338.1,2.13,15.532477,0.08608,3376.0,-1.7921,0.37140000000000006,0.3527,6.495
TOI-1470 b,TOI-1470,2.18,7.320000000000001,3.8599999999999994,0.3,734.0,46.3,2.527093,0.0285,3709.0,-1.42481,0.469,0.471,1.3
TOI-1470 c,TOI-1470,2.47,7.239999999999999,2.66,0.5,373.0,3.3500000000000005,18.08816,0.106,3709.0,-1.42481,0.469,0.471,1.3
TOI-1472 b,TOI-1472,4.058,18.049999999999997,1.49,0.041,891.0,110.02009999999999,6.363385739999999,0.064,5100.0,-0.35556,0.8400000000000001,0.87,3.1
TOI-1472 c,TOI-1472,3.334,21.129999999999995,3.14,0.172,662.0,32.82834453864325,15.538174700000003,0.116,5100.0,-0.35556,0.8400000000000001,0.87,3.1
TOI-1478 b,TOI-1478,11.99360935,279.68899816000004,0.8800000000000001,0.055,918.0,261.013,10.180211699999997,0.0818,5597.0,-0.01278,1.048,0.9469999999999998,9.1
TOI-150.01,TOI-150,14.067295,797.7532999999997,1.68,0.262,1404.5,750.9219999999998,5.857487,0.07037,6255.0,0.49651,1.526,1.351,2.346
TOI-1516 b,TOI-1516,15.24421375,1004.3377661200003,1.56,0.1266,1839.0,1899.8300000000004,2.0560139999999993,0.102,6520.0,0.39065,1.14,1.14,4.82
TOI-1518 b,TOI-1518,21.05046575,581.6259848099999,0.34299999999999997,0.01,2546.0,7009.999999999998,1.90261131,0.03712,7299.0,0.98408,1.9419999999999997,1.88,0.718
TOI-157 b,TOI-157,14.414774,375.03940000000006,0.6860000000000002,0.0,1588.0,1061.9999999999998,2.0845435,0.03138,5404.0,0.01995,1.167,0.948,12.82
TOI-1601 b,TOI-1601,14.19902343,387.00000000000006,0.74,0.0,1493.97,1071.42,5.33175,0.069,5982.0,0.74772,2.195,1.5055,2.4
TOI-163 b,TOI-163,16.690201,387.75259999999986,0.49,0.0,1669.0,1489.1125999999995,4.231306,0.058,6495.0,0.63649,1.6480000000000001,1.4352,1.823
TOI-1630.01,TOI-1630,2.417,6.42,2.5,0.0,584.0,55.580000000000005,12.055734733,0.101151,5504.0,-0.26764,0.83,0.9500000000000001,1.985
TOI-1634 b,TOI-1634,1.773,7.570000000000002,7.599999999999999,0.0,924.0,121.00000000000003,0.9893454999999999,0.01545,3472.0,-1.5784,0.45000000000000007,0.451,4.6315
TOI-1634 c,TOI-1634,2.8395539349999996,9.22,2.56,0.0,336.88,3.0796206624789155,102.99999999999999,0.102,3472.0,-1.5784,0.45000000000000007,0.451,1.306
TOI-1648 b,TOI-1648,2.54,7.3999999999999995,2.49,0.178,799.0,27.4026,7.331602,0.0694,4850.0,-0.45377,0.81,0.83,5.7
TOI-1659.01,TOI-1659,2.255,5.71,2.74,0.0168,1031.14,268.43999999999994,5.877556328,0.065757,5977.0,0.06555,1.006,1.1,1.3241999999999998
TOI-1669 b,TOI-1669,14.1,191.0,0.374,0.0,676.3,15.490378606784178,499.9999999999999,1.27,5497.0,-0.03574,1.0561,0.9867,7.7
TOI-1669 c,TOI-1669,2.2963977,13.000000000000004,6.0,0.0,1285.16,342.9970000000001,2.6800535,0.0376,5497.0,-0.03574,1.0561,0.9867,7.7
TOI-1670 b,TOI-1670,2.06,41.31769290999999,8.600000000000001,0.59,1062.0,196.694,10.98462,0.103,6170.0,0.40046,1.316,1.21,2.53
TOI-1670 c,TOI-1670,11.06326395,200.23189641000005,0.81,0.09,684.0,14.551399999999997,40.74976,0.249,6170.0,0.40046,1.316,1.21,2.53
TOI-1680 b,TOI-1680,1.466,2.75,4.8,0.1222,404.0,4.41,4.8026345,0.03144,3225.0,-2.36251,0.2106,0.1798,4.9977
TOI-1683.01,TOI-1683,2.6382,7.450000000000001,2.2299999999999995,0.10216,929.25,163.05600000000007,3.0575355999999996,0.036507593,4402.0,-0.78662,0.7,0.6946610000000001,6.0815
TOI-1685 b,TOI-1685,1.421,3.0700000000000003,5.299999999999999,0.0,1000.0,212.99999999999994,0.6691392300000001,0.01164,3470.0,-1.51856,0.4620000000000001,0.466,1.4
TOI-169 b,TOI-169,12.172974,251.40353000000007,0.76,0.0,1715.0,1442.9999999999995,2.2554476999999995,0.03524,5880.0,0.25261,1.288,1.1470000000000002,4.7
TOI-1691 b,TOI-1691,3.66,14.599999999999998,1.7600000000000002,0.0,703.49,59.13000000000001,16.736888935,0.129365,5759.0,-0.03058,1.0,1.03,6.6
TOI-1693 b,TOI-1693,1.41,2.5699999999999994,5.040000000000001,0.0024000000000000002,764.0,57.02079999999999,1.7666957,0.0226,3499.0,-1.55409,0.4600000000000001,0.49,5.974
TOI-1694 b,TOI-1694,5.3422266,31.300000000000004,1.13,0.0,943.19,195.2881999999999,3.770107,0.045,5058.0,-0.41794,0.8036000000000001,0.853,4.3
TOI-1694 c,TOI-1694,13.8,297.00000000000006,0.621,0.0,650.52,13.740819767034877,393.1,0.1,5058.0,-0.41794,0.8036000000000001,0.853,4.3
TOI-1695 b,TOI-1695,1.9,6.359999999999999,5.0,0.097,698.0,39.0,3.1342791,0.033548,3690.0,-1.3536,0.515,0.513,3.5799999999999996
TOI-1696 b,TOI-1696,3.09,48.800000000000004,9.440000000000001,0.0,489.0,13.5,2.500311,0.0229,3185.0,-2.14813,0.2775,0.255,7.1
TOI-1710 b,TOI-1710,5.20315158,22.400000000000002,0.87,0.0,602.99,33.00000000000001,24.283376999999998,0.166,5684.0,-0.06349,0.9573999999999999,1.0258,1.5
TOI-1716.01,TOI-1716,3.143,10.000000000000002,1.77,0.0332,959.0,254.82999999999998,8.082376554,0.080496,5879.0,0.21525,1.2400000000000002,1.07,5.4
TOI-172 b,TOI-172,10.816685,1722.6386000000002,7.530000000000001,0.3806,1198.0,298.99999999999994,9.477249999999998,0.0914,5645.0,0.4609,1.7769999999999997,1.128,7.4
TOI-1723 b,TOI-1723,3.435,10.399999999999999,1.6000000000000003,0.0,782.98,92.35999999999997,13.727012643,0.113496,5777.0,0.06446,1.09,1.04,4.8
TOI-1728 b,TOI-1728,5.05,26.78,1.14,0.057,767.0,57.77999999999999,3.49151,0.0391,3980.0,-1.05552,0.6243,0.646,7.1
TOI-1736 b,TOI-1736,3.18175535,12.300000000000002,2.09,0.0,1099.79,329.5999999999999,7.0730759999999995,0.073,5636.0,0.27068,1.4286,1.0373,9.2
TOI-1736 c,TOI-1736,12.5,2800.000000000001,7.880000000000001,0.3685,249.0,0.9,571.25,1.37,5636.0,0.27068,1.4286,1.0373,9.2
TOI-1739 b,TOI-1739,1.946,4.450000000000001,3.32,0.0102,755.55,53.909999999999975,8.303341405999998,0.073872,4814.0,-0.52433,0.7809999999999999,0.78,6.3
TOI-1742 b,TOI-1742,2.36507598,9.7,3.9999999999999996,0.3,694.09,58.61799999999998,21.269084,0.15399999999999997,5815.0,0.12123,1.131,1.0861,3.9
TOI-1743 b,TOI-1743,1.83,4.01,3.6000000000000005,0.046673000000000006,485.0,10.883699999999997,4.266046,0.03589,3277.0,-1.97074,0.338,0.33899999999999997,9.7
TOI-1744.01,TOI-1744,2.68,7.65,2.18,0.0,598.0,63.31000000000003,22.341702927000004,0.164086,6179.0,0.23178,1.14,1.18,2.2279999999999998
TOI-1749 b,TOI-1749,1.39,56.999999999999986,2.56,0.14,831.0,83.83790000000003,2.3883899999999993,0.0291,3985.0,-1.15649,0.55,0.58,0.8
TOI-1749 c,TOI-1749,2.12,14.0,2.56,0.019,673.0,36.1539,4.4929,0.0443,3985.0,-1.15649,0.55,0.58,0.8
TOI-1749 d,TOI-1749,2.52,14.999999999999998,2.56,0.062,533.0,14.2074,9.049699999999998,0.0707,3985.0,-1.15649,0.55,0.58,0.8
TOI-1751 b,TOI-1751,2.9507845,19.5,4.129999999999999,0.327,651.64,192.5209999999999,37.46852,0.21499999999999997,5970.0,0.29732,1.3136999999999999,0.9382000000000001,9.0
TOI-1753 b,TOI-1753,2.47852533,16.600000000000005,5.950000000000001,0.0,1005.43,237.99599999999992,5.3846104,0.059,5621.0,-0.06956,0.9715,0.9483,5.9
TOI-1758 b,TOI-1758,3.62,6.900000000000002,0.83,0.0,551.44,21.050000000000004,20.705074684999996,0.141409,5169.0,-0.37263,0.81,0.8800000000000001,7.5
TOI-1759 b,TOI-1759,3.14,10.8,1.9099999999999997,0.0,443.0,6.390000000000001,18.85019,0.1177,4065.0,-1.05715,0.597,0.606,5.0
TOI-1768.01,TOI-1768,3.453,11.799999999999999,1.5700000000000003,0.0015,1566.0,240.86999999999995,7.337703648999998,0.076381,5994.0,0.145,1.1,1.1,3.157
TOI-1772.01,TOI-1772,2.905,8.78,1.97,0.0,877.67,140.93000000000004,8.054246873999999,0.078375,5583.0,-0.06194,0.9949999999999999,0.99,4.439
TOI-1774.01,TOI-1774,2.78,8.500000000000002,2.17,0.05,824.0,73.76090000000002,16.709880000000002,0.102,5746.0,0.10143,1.1303,0.991,7.4
TOI-1775 b,TOI-1775,8.04728896,96.0,1.01,0.0,707.89,55.442600000000006,10.240554900000001,0.08,5284.0,-0.31605,0.8288000000000001,0.9218,0.8
TOI-1776 b,TOI-1776,1.21612741,1.4,4.129999999999999,0.0,1269.21,560.3348999999997,2.799868,0.0378,5785.0,-0.05306,0.9356,0.9196,5.1
TOI-1777.01,TOI-1777,2.246,5.670000000000001,2.75,0.0,580.0,71.33999999999997,14.650111973999998,0.119466,5859.0,0.01189,0.9799999999999999,1.06,2.19
TOI-178 b,TOI-178,1.2,0.9599999999999999,3.1427609999999997,0.036064,1040.0,260.0457385737398,1.9145600999999997,0.02607,4316.0,-0.86646,0.662,0.647,6.0
TOI-178 c,TOI-178,1.754,4.64,4.796846,0.00032,873.0,97.61589999999997,3.2384860000000004,0.037,4316.0,-0.86646,0.662,0.647,6.0
TOI-178 d,TOI-178,2.695,5.199999999999999,1.4611079999999999,0.0068,690.0,24.912500000000005,6.557569000000001,0.0592,4316.0,-0.86646,0.662,0.647,6.0
TOI-178 e,TOI-178,2.301,3.48,1.582408,0.00038,600.0,21.820199999999996,9.963180000000001,0.0783,4316.0,-0.86646,0.662,0.647,6.0
TOI-178 f,TOI-178,2.417,5.63,2.2164740000000003,0.00045,521.0,0.6071,15.233349999999998,0.1039,4316.0,-0.86646,0.662,0.647,6.0
TOI-178 g,TOI-178,2.939,4.3999999999999995,0.959369,0.00043,470.0,19.497800000000005,20.716629999999995,0.1275,4316.0,-0.86646,0.662,0.647,6.0
TOI-1782.01,TOI-1782,2.368,6.2,2.5699999999999994,0.0248,697.84,56.25000000000001,4.987641028,0.05024,4336.0,-0.84649,0.669,0.6800000000000002,4.42
TOI-1782.02,TOI-1782,1.839,4.039999999999999,3.57,0.0573,974.95,214.16999999999996,1.8290242270000001,0.025739,4336.0,-0.84649,0.669,0.6800000000000002,8.547
TOI-1789 b,TOI-1789,16.14093221,222.4798849,0.28,0.042499999999999996,1927.0,2300.0000000000005,3.208664,0.04882,5991.0,0.7364,2.168,1.507,2.73
TOI-1794 b,TOI-1794,3.29701268,8.699999999999998,1.31,0.0,992.91,228.91299999999993,8.765528,0.082,5631.0,0.19728,1.3161999999999998,0.9698000000000001,10.8
TOI-1798.01,TOI-1798,2.448,6.499999999999999,2.6100000000000003,0.0,734.31,69.25999999999999,8.021522331,0.074984,5165.0,-0.41567,0.78,0.87,2.6
TOI-1798.02,TOI-1798,1.464,5.6,11.170000000000002,0.0,1935.83,3345.4399999999996,0.43781182199999996,0.010789,5165.0,-0.41567,0.78,0.87,2.6
TOI-1799 b,TOI-1799,1.642,3.9999999999999996,7.509999999999999,0.0,922.72,164.26000000000005,7.094570864999999,0.072502,5690.0,-0.06198,0.9570000000000001,1.01,5.1
TOI-1801 b,TOI-1801,2.079,5.738000000000001,3.7009999999999996,0.0,493.7,10.7276,10.64387,0.075,3863.0,-1.23003,0.547,0.556,0.7
TOI-1803 b,TOI-1803,2.99,10.319999999999997,2.15031,0.0,747.0,58.000000000000014,6.293286999999999,0.06,4687.0,-0.65365,0.7149999999999999,0.756,1.4
TOI-1803 c,TOI-1803,4.29,8.000000000000002,0.41903500000000005,0.0,588.0,22.0,12.885779000000001,0.097,4687.0,-0.65365,0.7149999999999999,0.756,1.4
TOI-1806.01,TOI-1806,3.4095367,11.500000000000002,1.5900000000000003,0.169033,337.47,2.1472999999999995,15.1454693,0.087735044,3272.0,-1.77852,0.401575,0.392935,3.1411000000000002
TOI-1807 b,TOI-1807,1.49681583,2.44,3.9800000000000004,0.0,1694.1,1407.2200000000007,0.54937097,0.0122,4914.0,-0.53313,0.7460000000000001,0.8048,2.1
TOI-181 b,TOI-181,6.9559,46.1687,0.7562,0.1543,895.1,102.42999999999998,4.532,0.0539,4994.0,-0.52578,0.745,0.822,5.4
TOI-1811 b,TOI-1811,11.14172682,308.9292116,1.23,0.052,962.2,55.974299999999985,3.7130764999999997,0.04389,4766.0,-0.56019,0.769,0.817,5.9
TOI-1820 b,TOI-1820,12.778238,731.0053360999998,1.9999999999999996,0.043,1375.0,292.24499999999995,4.8606739999999995,0.061,5734.0,0.29432,1.5100000000000002,1.04,11.0
TOI-1823 b,TOI-1823,7.5406241,67.40000000000002,0.86,0.0,423.63,9.2972,38.79999999999999,0.21200000000000002,4927.0,-0.46092,0.8049,0.8413999999999999,6.3
TOI-1824 b,TOI-1824,2.7438269,16.0,4.24,0.0,528.67,14.628700000000002,22.808533,0.151,5165.0,-0.37263,0.8123000000000001,0.8801,2.5
TOI-1836 b,TOI-1836,8.00321222,38.45723724999999,0.41000000000000003,0.0,966.0,153.51850000000002,20.380799000000003,0.1597,6380.0,0.5682,1.577,1.307,6.6
TOI-1836 c,TOI-1836,2.59987579,8.000000000000002,3.0,0.0,2007.6,2981.9800000000014,1.7727471000000001,0.03089,6237.0,0.56984,1.6454,1.2518,3.2
TOI-1842 b,TOI-1842,12.3485023,89.40000000000003,0.26,0.276,1199.55,354.6389999999999,9.5739181,0.1,6039.0,0.69504,2.032,1.4642999999999997,2.5
TOI-1846 b,TOI-1846,1.792,3.8700000000000006,3.7,0.05835,568.1,17.35,3.9306737,0.03646,3568.0,-1.63714,0.397,0.418,7.2
TOI-1853 b,TOI-1853,3.46,73.19999999999997,9.739999999999998,0.03,1479.0,435.3299999999999,1.2436258,0.0213,4985.0,-0.43227,0.808,0.8370000000000001,4.628
TOI-1855 b,TOI-1855,18.49481816,360.09958513000004,0.30999999999999994,0.033,1701.0,852.1620000000001,1.3641486400000002,0.02398,5359.0,-0.09474,1.041,0.9869999999999999,8.2
TOI-1859 b,TOI-1859,9.75181321,68.60000000000001,0.406,0.57,615.0,23.786,63.48347000000002,0.337,6341.0,0.47671,1.3599999999999999,1.2870000000000001,1.41
TOI-1860 b,TOI-1860,1.31,2.2700000000000005,5.55,0.086,1885.0,876.7029999999997,1.0662107,0.0204,5752.0,-0.09475,0.94,0.99,0.133
TOI-1883 b,TOI-1883,5.65,27.2,0.829,0.08449999999999999,524.92,17.943600000000004,4.506379999999999,0.0468,3477.0,-1.49377,0.494,0.492,8.263
TOI-1898 b,TOI-1898,9.39553231,128.99999999999997,0.8500000000000001,0.485,674.54,51.00739999999999,45.52233999999999,0.269,6241.0,0.55121,1.6131,1.2484,3.1
TOI-1899 b,TOI-1899,11.09689089,212.94503268999998,0.8500000000000001,0.044,378.0,3.4000000000000004,29.090312000000004,0.1525,3926.0,-1.05685,0.607,0.632,7.1
TOI-1937 A b,TOI-1937 A,13.97759893,638.83509807,1.2800000000000002,0.0,2097.0,3229.999999999998,0.94667944,0.01932,5814.0,0.0799,1.08,1.072,3.6
TOI-198 b,TOI-198,1.44,2.67,4.91,0.02256,368.0,7.419299999999999,10.215199999999998,0.1,3650.0,-1.43315,0.441,0.467,5.3
TOI-199 b,TOI-199,9.07927437,54.03082918999998,0.397,0.09,358.0,2.7528,104.854,0.4254,5255.0,-0.33819,0.8200000000000001,0.9360000000000002,0.8
TOI-199 c,TOI-199,11.4,88.99195396000002,0.33,0.096,448.9,11.714431074484295,273.68999999999994,0.8069999999999999,5255.0,-0.33819,0.8200000000000001,0.9360000000000002,0.8
TOI-1994 b,TOI-1994,13.67495645,7024.007794699995,14.999999999999998,0.341,2290.0,1910.2600000000007,4.0337142,0.06130000000000001,7700.0,1.22272,2.3,1.8599999999999999,0.94
TOI-2000 b,TOI-2000,2.7,11.0,3.0700000000000003,0.0,1488.0,628.0000000000002,3.0983300000000003,0.04271,5611.0,0.05956,1.134,1.082,5.3
TOI-2000 c,TOI-2000,8.14,81.69999999999996,0.829,0.063,1038.0,148.99999999999997,9.127055,0.0878,5611.0,0.05956,1.134,1.082,5.3
TOI-2005 b,TOI-2005,11.99360935,2034.1018048000003,2.56,0.597,1221.39,525.9409,17.305904000000005,0.16,7130.0,0.96237,2.0200000000000005,1.5900000000000003,1.6
TOI-201 b,TOI-201,11.82547464,184.34047606000001,0.6540000000000001,0.318,759.0,30.265300000000003,52.97794600000001,0.3026,6394.0,0.41497,1.339,1.316,0.87
TOI-201 c,TOI-201,11.13051784,4513.163379399997,19.200000000000003,0.643,518.5,34.39201408748775,2800.000000000001,4.279999999999999,6394.0,0.41497,1.339,1.316,0.87
TOI-2010 b,TOI-2010,11.81426566,408.7273313999999,1.3599999999999999,0.212,400.2,4.09,141.83402499999994,0.5516,5929.0,0.11361,1.079,1.112,1.9
TOI-2015 b,TOI-2015,3.309,9.2,1.4,0.0789,530.9,13.184999999999999,3.3482370000000006,0.029322,3297.0,-1.49214,0.3273,0.3040999999999999,5.5
TOI-2015 c,TOI-2015,2.93,8.909999999999998,1.9499999999999997,0.00033,448.0,6.6800000000000015,5.582796,0.041232,3297.0,-1.49214,0.3273,0.3040999999999999,5.5
TOI-2018 b,TOI-2018,2.268,9.2,4.330000000000001,0.0,576.34,26.0758,7.435583000000002,0.102,4174.0,-1.0,0.62,0.57,3.9214999999999995
TOI-2019 b,TOI-2019,5.33275337,34.4,1.25,0.0,917.46,126.05199999999998,15.344399999999998,0.128,5626.0,0.44075,1.7456999999999998,1.1832,6.4
TOI-2025 b,TOI-2025,11.89272852,1144.1822652,3.7399999999999998,0.394,1166.0,343.7178,8.8720982,0.0892,5977.0,0.38739,1.459,1.199,4.5
TOI-2031 A b,TOI-2031 A,14.20177855,254.2627256000001,0.49,0.076,1358.0,567.0000000000002,5.71548654,0.066,6490.0,0.39094,1.241,1.174,2.0
TOI-2046 b,TOI-2046,16.14093221,731.0053360999998,0.955,0.10647999999999999,1828.82,2643.6549999999993,1.4971842,0.102,6250.0,0.27967,1.21,1.13,0.45
TOI-2048 b,TOI-2048,2.61,7.320000000000001,2.26,0.13,646.0,29.034999999999997,13.79019,0.102,5185.0,-0.38722,0.79,0.83,0.3
TOI-206 b,TOI-206,1.3,2.24,5.6,0.013375999999999999,910.0,117.75820000000004,0.7363104,0.0112,3383.0,-1.83581,0.35,0.35,4.636
TOI-2068 b,TOI-2068,1.821,3.9699999999999998,3.6100000000000003,0.0694,520.62,12.229999999999999,7.768914999999998,0.0632,3710.0,-1.31069,0.535,0.559,7.0
TOI-2076 b,TOI-2076,2.39,16.100000000000005,4.1,0.0,738.0,49.4,10.355235,0.0682,5201.0,-0.42285,0.7740000000000001,0.883,0.338
TOI-2076 c,TOI-2076,3.69441587,55.00000000000002,6.0,0.0,543.16,32.7,21.015326999999996,0.142,5192.0,-0.37779,0.796,0.8556999999999999,2.7
TOI-2076 d,TOI-2076,3.43087751,29.000000000000004,3.9999999999999996,0.0,457.68,16.500000000000004,35.125686,0.199,5192.0,-0.37779,0.796,0.8556999999999999,2.7
TOI-2076 e,TOI-2076,1.355,2.4,5.299999999999999,0.043,1138.0,319.53190596716865,3.0223445,0.0385,5192.0,-0.42285,0.796,0.8556999999999999,0.21
TOI-2081 b,TOI-2081,2.04,4.82,3.12,0.1113,488.0,8.1,10.50534,0.0752,3800.0,-1.33847,0.534,0.54,2.482
TOI-2084 b,TOI-2084,2.47,6.660000000000002,2.43,0.13587,527.0,12.800000000000002,6.078424700000001,0.05006,3551.0,-1.49214,0.475,0.45299999999999996,7.5
TOI-2088 b,TOI-2088,3.6831179,36.99999999999999,1.9999999999999996,0.0,300.33,1.7338,124.72997000000001,0.472,5081.0,-0.36151,0.8481,0.9027,4.5
TOI-2093 b,TOI-2093,3.25,10.600000000000001,1.7000000000000002,0.0,535.0,22.1384453643742,12.836000000000002,0.097,4426.0,-0.73565,0.7289999999999999,0.745,6.6
TOI-2093 c,TOI-2093,2.3,15.8,6.999999999999998,0.0,329.0,3.0647000000000006,53.81148999999999,0.257,4426.0,-0.73565,0.7289999999999999,0.745,6.6
TOI-2095 b,TOI-2095,1.25,4.1,2.56,0.0,347.0,3.43,17.664840000000005,0.10100000000000002,3759.0,-1.45892,0.44,0.44,1.0
TOI-2095 c,TOI-2095,1.33,7.3999999999999995,2.56,0.0,297.0,1.8399999999999999,28.172319999999996,0.137,3759.0,-1.45892,0.44,0.44,1.0
TOI-2096 b,TOI-2096,1.243,2.08,5.950000000000001,0.15,445.0,9.4,3.1190633000000005,0.025,3300.0,-2.22768,0.23500000000000001,0.23100000000000004,4.0
TOI-2096 c,TOI-2096,1.914,4.32,3.3899999999999997,0.1,349.0,3.7,6.38784,0.04,3300.0,-2.22768,0.23500000000000001,0.23100000000000004,4.0
TOI-2107 b,TOI-2107,13.57407563,263.79757781,0.577,0.033,1397.0,508.46799999999985,2.4545467,0.03515,5627.0,-0.10458,0.9319999999999999,0.9609999999999999,4.0
TOI-2109 b,TOI-2109,15.098497,1595.4986031400003,2.55,0.016009999999999996,3646.0,14428.999999999993,0.67247414,0.01791,6540.0,0.67302,1.698,1.453,1.77
TOI-2120 b,TOI-2120,2.122,6.800000000000002,2.56,0.32,384.0,3.6100000000000003,5.799816399999999,0.0377,3131.0,-2.28651,0.245,0.21100000000000002,3.6450000000000005
TOI-2128 b,TOI-2128,2.08874836,4.5,2.6800000000000006,0.0,780.53,86.23149999999998,16.34136,0.127,5968.0,0.15625,1.1174,1.0251,4.7
TOI-2133 b,TOI-2133,2.37,6.21,2.56,0.048,798.0,81.10719999999998,3.8266471999999996,0.041,4250.0,-0.85248,0.62,0.644,6.221000000000001
TOI-2134 b,TOI-2134,2.69,9.129999999999999,2.607,0.06,666.0,32.0,9.2292005,0.078,4580.0,-0.7167,0.7090000000000001,0.744,3.8
TOI-2134 c,TOI-2134,7.27,41.88999999999999,0.599,0.67,306.0,1.4,95.5,0.371,4580.0,-0.7167,0.7090000000000001,0.744,3.8
TOI-2136 b,TOI-2136,2.19,6.37,3.3400000000000003,0.0,395.0,3.9999999999999996,7.851927999999999,0.057,3342.0,-1.88606,0.33999999999999997,0.33999999999999997,4.6
TOI-2141 b,TOI-2141,3.147,20.099999999999998,3.5399999999999996,0.21,728.0,47.29999999999999,18.261608000000003,0.1322,5635.0,-0.05,0.9500000000000001,0.8960000000000001,9.0
TOI-2141 c,TOI-2141,2.35,6.14,2.6000000000000005,0.05489999999999999,1095.0,241.00000000000009,5.462399999999999,0.0585,5635.0,-0.05,0.9500000000000001,0.8960000000000001,9.0
TOI-2141 d,TOI-2141,3.97,14.900000000000004,1.31,0.11273000000000002,491.4,9.8,60.45000000000001,0.2906,5635.0,-0.05,0.9500000000000001,0.8960000000000001,9.0
TOI-2145 b,TOI-2145,12.24020692,1805.2653517599997,5.34,0.214,1484.0,515.9389999999999,10.261128,0.11170000000000001,6206.0,0.99651,2.75,1.7099999999999997,1.6
TOI-2152 A b,TOI-2152,14.35870428,899.4543918099997,1.6699999999999997,0.057,1802.0,2195.7879000000007,3.3773512,0.050640000000000004,6630.0,0.65321,1.612,1.516,0.83
TOI-2154 b,TOI-2154,16.28664896,292.4021344400001,0.37,0.117,1580.0,1005.8945999999999,3.8240801000000006,0.0513,6280.0,0.43457,1.396,1.233,2.9
TOI-2158 b,TOI-2158,10.76062147,260.61929373999993,1.14,0.07,1188.0,81.49890000000002,8.60077,0.075,5673.0,0.2308,1.4100000000000001,1.12,8.0
TOI-216.01,TOI-216,10.1,177.98390791999995,0.76,0.0046,497.0,10.1,34.525528,0.2069,5026.0,-0.44159,0.748,0.77,6.197
TOI-216.02,TOI-216,8.0,18.75187601,0.33999999999999997,0.16,628.0,25.89999999999999,17.16073,0.1293,5026.0,-0.44159,0.748,0.77,4.117
TOI-2169 A b,TOI-2169 A,12.50922246,329.58805806,0.9200000000000002,0.045,1364.0,577.0000000000001,8.214828200000001,0.0896,6270.0,0.66558,1.82,1.4199999999999997,2.51
TOI-2180 b,TOI-2180,11.32107051,875.6172612900002,3.32,0.3683,348.0,2.7100000000000004,260.7899999999999,0.8279999999999998,5695.0,0.40552,1.6359999999999997,1.111,8.1
TOI-2184 b,TOI-2184,11.39953337,206.58846455000008,0.76,0.08,1676.05,1429.0,6.90683,0.102,5966.0,0.98154,2.8999999999999995,1.53,2.3
TOI-2193 A b,TOI-2193 A,19.83989584,298.7587025800001,0.06,0.0,1763.0,1599.9999999999995,2.1225735000000006,0.03319,5966.0,0.25018,1.248,1.082,5.5
TOI-2194 b,TOI-2194,1.9892,4.61,3.22,0.006,590.88,14.252599999999997,15.337596999999997,0.102,4756.0,-0.68955,0.6909000000000001,0.74,3.878
TOI-2196 b,TOI-2196,3.51,26.0,3.3100000000000005,0.0,1860.0,2000.0,1.1947268,0.02234,5634.0,-0.00436,1.043,1.032,4.5
TOI-220 b,TOI-220,3.03,13.799999999999997,2.73,0.032,805.0,137.72520000000006,10.695264000000002,0.08911,5298.0,-0.26668,0.858,0.825,10.1
TOI-2202 b,TOI-2202,10.95117414,287.31687993,1.2,0.022,652.07,42.7254,11.9126075,0.09564,5169.0,-0.40121,0.808,0.841,6.4
TOI-2202 c,TOI-2202,13.4,117.27868217999996,0.268,0.0622,636.9110000000001,26.84139551676728,24.674400000000002,0.15544,5144.0,-0.40121,0.7940000000000002,0.823,7.48
TOI-2207 b,TOI-2207,11.1529358,203.41018047999995,0.8,0.174,1259.0,405.99999999999983,8.001967999999998,0.08539999999999999,6101.0,0.4843,1.564,1.296,3.3
TOI-2211.01,TOI-2211,1.561,3.0599999999999996,4.42,0.0,1056.92,296.1300000000001,3.0926867569999996,0.04011,5253.0,-0.32094,0.834,0.9,3.401
TOI-2236 b,TOI-2236,14.36991326,502.16888306000016,0.9300000000000002,0.0,1688.0,1356.0000000000005,3.5315902,0.05009,6248.0,0.53275,1.573,1.343,2.52
TOI-2257 b,TOI-2257,2.194,5.449999999999999,2.8400000000000003,0.496,256.0,0.6703,35.18934599999999,0.14499999999999996,3430.0,-1.86713,0.31300000000000006,0.32800000000000007,2.854
TOI-2260 b,TOI-2260,1.62,3.26,4.21,0.0,2609.0,1844.9800000000007,0.35247280000000003,0.0097,5534.0,-0.19851,0.94,0.99,0.321
TOI-2266 b,TOI-2266,1.54,2.99,4.5,0.0002,550.0,13.000000000000004,2.326318,0.02,3200.0,-2.16716,0.24,0.23000000000000004,0.3
TOI-2274 b,TOI-2274,2.45,6.570000000000001,2.45,0.052700000000000004,771.46,83.70780000000005,2.67963,0.05,3943.0,-1.06233,0.631,0.612,4.717
TOI-2285 b,TOI-2285,1.77,19.5,2.56,0.3,358.0,3.91,13.635109000000002,0.1363,3491.0,-1.54212,0.4640000000000001,0.45400000000000007,3.839
TOI-2295 b,TOI-2295,16.47720163,278.09985612,0.33999999999999997,0.334,747.0,42.09119999999999,30.033302,0.1992,5730.0,0.31387,1.459,1.168,10.5
TOI-2295 c,TOI-2295,12.8,1783.0173632700007,4.67,0.194,234.9,0.5229562836489593,966.5000000000002,2.0179999999999993,5730.0,0.31387,1.459,1.168,10.5
TOI-2322 b,TOI-2322,0.994,2.31,12.75,0.0,603.1,22.04,11.30717,0.09240000000000001,4664.0,-0.74232,0.662,0.703,3.9
TOI-2322 c,TOI-2322,1.874,18.100000000000005,14.689999999999996,0.0,496.8,10.149999999999999,20.225527999999997,0.1362,4664.0,-0.74232,0.662,0.703,3.9
TOI-2328 b,TOI-2328,9.97599282,50.85254512000001,0.2899999999999999,0.057,842.0,20.0982,17.101970000000005,0.127,5525.0,-0.17005,0.9,0.9500000000000001,4.0
TOI-2337 b,TOI-2337,10.08808263,508.5254511999998,2.72,0.019,1272.46,619.5809000000003,2.9943199999999996,0.102,4780.0,0.689,3.22,1.325,4.9
TOI-2338 b,TOI-2338,11.2089807,1900.6138738600002,7.419999999999998,0.676,799.0,13.848499999999998,22.653979999999997,0.158,5581.0,-0.01323,1.05,0.99,7.0
TOI-2345 b,TOI-2345,1.504,3.49,5.64,0.07490000000000001,1478.0,791.0000000000001,1.0528573,0.01705,4687.0,-0.63639,0.7289999999999999,0.727,6.3
TOI-2345 c,TOI-2345,2.451,7.269999999999999,2.7100000000000004,0.058499999999999996,544.0,14.570000000000002,21.064301999999998,0.1257,4687.0,-0.63639,0.7289999999999999,0.727,6.3
TOI-2346 b,TOI-2346,16.11851425,394.10722468,0.52,0.086,1689.0,1359.9999999999998,3.3312029,0.0473,6480.0,0.48144,1.3799999999999997,1.2710000000000001,1.9
TOI-2364 b,TOI-2364,8.60849718,71.51139158000001,0.61,0.0,1091.0,237.00000000000009,4.019751699999999,0.04871,5306.0,-0.25181,0.886,0.9540000000000001,3.5
TOI-2368 b,TOI-2368,10.83908434,206.58846455000008,0.8800000000000001,0.061,1000.0,162.7267,5.1750073,0.05649,5360.0,-0.27491,0.8460000000000001,0.8969999999999999,4.2
TOI-237 b,TOI-237,1.44,2.67,4.91,0.0,388.0,3.7,5.436097999999999,0.0341,3212.0,-2.38722,0.21100000000000002,0.179,4.5
TOI-2373 b,TOI-2373,10.42435205,2955.8041851,14.400000000000002,0.112,860.0,69.87259999999998,13.336680000000001,0.112,5651.0,0.05115,1.102,1.041,5.9
TOI-2374 b,TOI-2374,6.81,56.64000000000002,0.9799999999999999,0.13,885.0,132.5691,4.31361,0.0471,4802.0,-0.51956,0.69,0.75,4.1
TOI-2379 b,TOI-2379,11.72459381,1830.6916243200008,6.21,0.342,624.0,25.299999999999997,5.4693827,0.052629999999999996,3707.0,-1.12907,0.622,0.645,10.4
TOI-238 b,TOI-238,1.559,3.37,6.800000000000002,0.18,1378.0,753.1,1.273099,0.0212,5059.0,-0.47083,0.756,0.7809999999999999,7.9
TOI-238 c,TOI-238,2.18,6.7,1.8300000000000003,0.36,696.0,58.300000000000004,8.465651000000001,0.0749,5059.0,-0.47083,0.7330000000000001,0.79,4.3
TOI-2382 b,TOI-2382,12.25141591,235.19302118000007,0.6800000000000002,0.18,1426.0,688.9999999999998,4.6612061,0.059,6033.0,0.37967,1.417,1.26,3.1
TOI-2384 b,TOI-2384,11.48920522,624.85064816,2.26,0.0,889.7,104.29999999999997,2.13570304,0.02793,3943.0,-1.11907,0.6113,0.635,9.4
TOI-2406 b,TOI-2406,2.86,15.599999999999996,2.56,0.17,449.0,6.6899999999999995,3.0766891,0.02267,3100.0,-2.46218,0.204,0.166,4.248
TOI-2407 b,TOI-2407,4.26,16.8,1.19,0.08,705.0,41.0,2.7029690000000004,0.033,3530.0,-1.34872,0.567,0.548,4.05861
TOI-2411 b,TOI-2411,1.68,3.46,4.01,0.1493,1355.0,651.9081999999997,0.7826941999999999,0.0144,4099.0,-0.87076,0.6800000000000002,0.65,4.6005
TOI-2416 b,TOI-2416,9.86390302,953.4852210000004,5.4,0.32,1080.0,130.92999999999998,8.275478999999999,0.0831,5808.0,0.197,1.2359999999999998,1.118,4.9
TOI-2420 b,TOI-2420,15.02003414,294.62693329000007,0.477,0.055,1571.6,1016.9999999999999,5.842641,0.0684,5707.0,0.68664,2.369,1.158,5.3
TOI-2421 b,TOI-2421,10.36830715,105.83685953000001,0.52,0.0,1534.0,923.5999999999999,4.347403199999999,0.0543,5607.0,0.436,1.75,1.131,7.5
TOI-2427 b,TOI-2427,1.8,3.8900000000000006,3.67,0.09803200000000001,1117.0,62.713600000000014,1.3060011,0.0202,4072.0,-0.94244,0.65,0.64,4.5485
TOI-244 b,TOI-244,1.52,2.6800000000000006,4.199999999999999,0.059300000000000005,458.0,7.300000000000001,7.397225000000001,0.0559,3433.0,-1.64264,0.426,0.42800000000000005,7.0
TOI-2443 b,TOI-2443,2.363,4.8,1.9999999999999996,0.301,519.0,13.293100000000003,15.668580000000002,0.105,4375.0,-0.86487,0.631,0.642,7.5
TOI-2445 b,TOI-2445,1.25,2.1,5.910000000000001,0.016866,1060.0,204.48740000000006,0.3711281,0.0064,3333.0,-2.08408,0.27,0.25,4.279000000000001
TOI-2447 b,TOI-2447,9.60609646,124.90656395000002,0.7740000000000001,0.17,414.0,44.593300000000006,69.33684,0.347,5730.0,0.04891,1.006,1.034,2.1
TOI-2449 b,TOI-2449,11.24,222.00000000000003,0.8590000000000001,0.098,400.0,362.64200000000005,106.14467999999997,0.45000000000000007,6021.0,0.14808,1.065,1.079,2.5
TOI-2458 b,TOI-2458,2.83,13.310000000000002,3.23,0.087,1509.4,864.9999999999999,3.73659,0.0482,6005.0,0.34128,1.31,1.05,5.7
TOI-2458 c,TOI-2458,3.18,10.220000000000002,1.75,0.29,848.6470000000002,101.33177029370263,16.552999999999997,0.129,6005.0,0.34128,1.31,1.05,5.7
TOI-2459 b,TOI-2459,2.9531,9.03,1.9299999999999997,0.0264,445.01,8.518700000000003,19.104718000000002,0.102,4195.0,-0.89565,0.6751,0.6599999999999999,5.182
TOI-2485 b,TOI-2485,12.1393261,766.6021176800001,2.36,0.0341,1134.0,275.6000000000001,11.23479,0.1093,6016.4,0.51983,1.72,1.163,6.0
TOI-2497 b,TOI-2497,11.14172682,1531.9329217399993,6.1000000000000005,0.195,1595.0,997.8085000000002,10.655669000000001,0.1166,7360.0,1.16732,2.36,1.859,1.0
TOI-2498 b,TOI-2498,6.06,34.61999999999999,0.86,0.089,1443.0,790.4759000000003,3.7382520000000006,0.0491,5905.0,0.27089,1.26,1.12,3.6
TOI-251 b,TOI-251,2.74,317.8299999999999,2.56,0.0,1041.19,277.7461999999999,4.937770000000001,0.05741,5875.0,-0.0804,0.881,1.036,0.18
TOI-2524 b,TOI-2524,11.2089807,203.41018047999995,0.79,0.0,1100.0,210.60899999999998,7.185849999999999,0.073,5831.0,0.11628,1.119,1.007,6.7
TOI-2525 b,TOI-2525,8.67575106,26.697586190000003,0.22500000000000003,0.17,512.97,16.364300000000004,23.285599999999995,0.1511,5096.0,-0.44009,0.785,0.8489999999999999,3.99
TOI-2525 c,TOI-2525,10.13291855,208.81326340000004,1.11,0.157,399.96,6.0478,49.251900000000006,0.249,5096.0,-0.44009,0.785,0.8489999999999999,3.99
TOI-2529 b,TOI-2529,11.54525012,743.7184723800001,2.66,0.021,636.0,70.97309999999999,64.59490000000001,0.32699999999999996,5802.0,0.46389,1.7000000000000002,1.11,7.23
TOI-2537 b,TOI-2537,11.25381662,415.40172795,1.6000000000000003,0.364,338.0,7.444499999999999,94.10219999999997,0.37149999999999994,4870.0,-0.52143,0.7710000000000001,0.7710000000000001,1.1
TOI-2537 c,TOI-2537,12.7,2297.8993826100004,6.160000000000001,0.287,123.1,0.09473152384106215,1920.0000000000007,2.7799999999999994,4870.0,-0.52143,0.7710000000000001,0.7710000000000001,1.1
TOI-2545 b,TOI-2545,2.75,8.000000000000002,2.1100000000000003,0.0259,1022.99,258.82169999999996,7.9940370000000005,0.102,5846.29,0.21828,1.25324,1.055,6.960000000000001
TOI-2567 b,TOI-2567,10.92875618,63.88350980999999,0.269,0.0,1352.0,558.0,5.983944000000001,0.0672,5611.0,0.40483,1.686,1.13,7.6
TOI-257 b,TOI-257,7.16253867,43.86032017000001,0.65,0.0,1027.0,186.00000000000006,18.38818,0.1528,6095.0,0.63649,1.867,1.407,3.0149999999999997
TOI-2570 b,TOI-2570,13.64132951,260.61929373999993,0.563,0.0,1431.0,698.9999999999998,2.9887614999999994,0.04145,5771.0,0.07882,1.095,1.063,4.4
TOI-2580 b,TOI-2580,17.37392009,200.23189641000005,0.22,0.08,2410.0,1729.9999999999995,3.3977499999999994,0.048,6120.0,0.61595,1.8100000000000003,1.33,2.0
TOI-2583 A b,TOI-2583 A,14.4595851,79.45710175,0.144,0.0,1456.0,750.8999999999997,4.5207265,0.0571,5936.0,0.38828,1.477,1.215,4.4
TOI-2587 A b,TOI-2587 A,12.07207221,69.28659272999998,0.21600000000000003,0.0,1445.0,728.0,5.45664,0.0635,5760.0,0.47129,1.7260000000000002,1.15,6.7
TOI-2589 b,TOI-2589,12.10569916,1112.3994244999994,3.4499999999999997,0.522,592.0,21.746400000000005,61.627700000000026,0.3,5579.0,-0.00436,1.07,0.9300000000000002,11.0
TOI-260 b,TOI-260,1.71,4.23,4.66,0.0,493.0,10.183800000000002,13.475853,0.0943,4026.0,-1.05899,0.607,0.616,15.9
TOI-261.01,TOI-261,3.0449863,9.509999999999998,1.85,0.16749999999999998,1722.49,874.7955999999997,3.3639254000000003,0.034792189,5890.3,0.24978,1.28018,0.496728,9.988
TOI-261.02,TOI-261,3.34822227,11.2,1.6399999999999997,0.029300000000000003,1007.53,243.52609999999993,13.039358621350003,0.102,5890.3,0.24978,1.3138299999999998,1.069,6.757
TOI-262 b,TOI-262,2.07,4.94,3.0599999999999996,0.0,584.0,56.913300000000014,11.14529,0.163,5310.0,-0.28987,0.853,0.913,0.8
TOI-2641 b,TOI-2641,18.10250383,122.68176510000002,0.092,0.18,1387.0,602.0000000000002,4.880974,0.0607,6100.0,0.34044,1.336,1.16,10.8
TOI-2669 b,TOI-2669,19.72780603,193.87532827000007,0.139,0.09,1226.0,375.55400000000003,6.2034,0.102,4800.0,0.906,4.1,1.19,5.9
TOI-269 b,TOI-269,2.77,8.8,2.28,0.425,531.0,18.999999999999996,3.6977104,0.0345,3514.0,-1.64675,0.398,0.39169999999999994,2.662
TOI-270 b,TOI-270,1.28,1.48,3.8900000000000006,0.0167,600.0,19.926100000000005,3.35992,0.03197,3506.0,-1.7122,0.38,0.386,5.862
TOI-270 c,TOI-270,2.33,6.2,2.7000000000000006,0.0044,489.0,9.9407,5.66051,0.04526,3506.0,-1.7122,0.38,0.386,3.7910000000000004
TOI-270 d,TOI-270,2.0,4.199999999999999,2.8999999999999995,0.0066,383.0,3.918,11.381940000000002,0.0721,3506.0,-1.7122,0.38,0.386,5.7410000000000005
TOI-2714 b,TOI-2714,13.72,228.00000000000006,0.49,0.164,1603.0,945.5499999999998,2.499387,0.036,5665.0,0.16017,1.25,1.07,5.5
TOI-2719 b,TOI-2719,5.98,29.89999999999999,0.768,0.1618,1710.0,874.2899999999997,3.37594,0.102,5762.0,0.43619,1.69,1.02,7.959999999999999
TOI-2768 b,TOI-2768,2.63,7.409999999999998,2.24,0.15199999999999997,855.0,89.04580000000001,1.50801,0.027,4008.0,-0.99801,0.657,0.63,4.492
TOI-277 b,TOI-277,2.65,7.509999999999999,2.2199999999999998,0.1286,587.92,28.236000000000004,3.994,0.0269,4031.0,-1.3504,0.362,0.16,4.3867
TOI-2796 b,TOI-2796,17.26183028,139.84449907999993,0.15,0.0,1205.0,351.9999999999999,4.8084983,0.0569,5764.0,0.05538,1.069,1.063,4.0
TOI-2803 A b,TOI-2803 A,18.11371281,309.88269682000004,0.287,0.0,1893.0,2150.0,1.96229325,0.03185,6280.0,0.33646,1.245,1.118,3.7
TOI-2818 b,TOI-2818,15.27784069,225.65816897,0.33999999999999997,0.0,1376.0,598.0,4.039709,0.0493,5721.0,0.16435,1.229,0.9769999999999999,9.5
TOI-283 b,TOI-283,2.34,6.540000000000002,2.81,0.0,661.0,30.4,17.617449999999998,0.123,5213.0,-0.33724,0.8500000000000001,0.8,10.4
TOI-2842 b,TOI-2842,12.84549188,117.59651059000004,0.304,0.0,1471.0,781.8,3.5514058,0.0475,5910.0,0.24551,1.265,1.1349999999999998,4.7
TOI-286 b,TOI-286,1.42,4.530000000000001,8.630000000000003,0.0,979.0,86.7681,4.5117244,0.0503,5152.0,-0.41364,0.78,0.8319999999999999,4.51
TOI-286 c,TOI-286,1.88,3.7200000000000006,3.09,0.0,475.0,22.4437,39.36182600000001,0.213,5152.0,-0.41364,0.78,0.8319999999999999,3.45
TOI-2876 b,TOI-2876,9.6397234,54.03082918999998,0.33,0.13,929.0,124.19999999999996,6.2996431,0.0654,5271.0,-0.27654,0.8729999999999999,0.939,3.8
TOI-2886 b,TOI-2886,18.6405349,444.95976980000006,0.377,0.11,1978.0,2560.000000000001,1.60200105,0.02871,6240.0,0.32222,1.241,1.229,1.7
TOI-2969 b,TOI-2969,12.32987877,368.6809521199999,1.1,0.0,1186.0,381.9999999999999,1.8237145999999997,0.0261,4738.0,-0.58503,0.7,0.71,7.766999999999999
TOI-2977 b,TOI-2977,13.15934334,533.9517237599999,1.2800000000000002,0.0,1544.0,947.7999999999996,2.3505613999999997,0.03386,5691.0,0.03703,1.073,0.9360000000000002,9.8
TOI-2981 b,TOI-2981,13.4,637.9999999999999,1.46,0.035,1358.0,556.616,3.601501,0.048,5940.0,0.11594,1.08,1.03,4.5
TOI-2986 b,TOI-2986,9.292245,96.61983573,0.6599999999999999,0.14,1622.0,1156.0000000000002,3.2783662000000002,0.04489,5906.0,0.36773,1.4579999999999997,1.122,6.3
TOI-2989 b,TOI-2989,12.55405838,953.4852210000004,2.7000000000000006,0.0,1001.0,124.00000000000004,3.1228320000000003,0.0384,4672.0,-0.73755,0.76,0.77,4.675000000000001
TOI-2992 b,TOI-2992,13.75341932,1058.3685953100003,2.2299999999999995,0.089,1726.0,1484.0000000000005,3.007812,0.0434,6000.0,0.4456,1.545,1.21,4.6
TOI-3023 b,TOI-3023,16.43236571,197.05361234000003,0.245,0.0,1596.0,1084.0000000000002,3.9014970999999994,0.0505,5760.0,0.44404,1.668,1.12,7.0
TOI-3071 b,TOI-3071,7.16,68.20000000000002,1.02,0.09,2155.0,2579.6100000000006,1.266938,0.0249,6177.0,0.41667,1.31,1.29,0.95
TOI-3082 b,TOI-3082,3.6621,13.000000000000004,1.45,0.1617,1032.78,131.64800000000002,1.926907,0.102,4263.0,-0.86121,0.6846999999999999,0.6639999999999999,7.3629999999999995
TOI-3135 b,TOI-3135,13.65253849,327.3632592099999,0.7,0.24,1292.0,463.9999999999998,3.7065585,0.04756,5890.0,0.02119,0.9850000000000001,1.044,1.8
TOI-3160 A b,TOI-3160 A,13.7646283,378.21580433,0.79,0.18,1539.0,933.0000000000002,3.9712809999999994,0.0505,6190.0,0.3784,1.346,1.088,5.5
TOI-3235 b,TOI-3235,11.39953337,211.3558906500001,0.78,0.029,604.0,13.888299999999996,2.59261842,0.02709,3388.8,-1.78968,0.3697,0.3939,6.289
TOI-3261 b,TOI-3261,3.82,30.299999999999997,3.0,0.0,1722.0,1465.9999999999995,0.8831330999999999,0.01714,5068.0,-0.36653,0.8489999999999999,0.861,6.5
TOI-3288 b,TOI-3288,11.2089807,670.6179387700003,2.6000000000000005,0.0,1059.0,238.99999999999997,1.4338635,0.0215,3933.0,-0.95861,0.67,0.64,8.290000000000001
TOI-329 b,TOI-329,4.94057819,40.400000000000006,1.8399999999999999,0.39,1213.02,576.8749000000003,5.70439,0.0638,5614.0,0.3251,1.5326,1.0678,8.7
TOI-332 b,TOI-332,3.2,57.20000000000001,9.6,0.0,1871.0,4180.32,0.7770379999999999,0.0159,5251.0,-0.22143,0.87,0.8800000000000001,5.0
TOI-3321 b,TOI-3321,15.55806521,176.07693748000003,0.255,0.054,1616.0,967.9190000000002,3.6525145,0.047,5850.0,0.40483,1.5490000000000002,1.041,8.1
TOI-333 b,TOI-333,4.26,20.099999999999998,1.4199999999999997,0.0,1445.0,650.4959000000001,3.7852503,0.049,6241.0,0.21559,1.1,1.2,1.0
TOI-3331 A b,TOI-3331 A,12.97999965,721.4704838899999,1.82,0.0,1488.0,818.5000000000001,2.0180230999999997,0.03144,5609.0,-0.09313,0.952,1.016,2.1
TOI-3353.01,TOI-3353,2.6667555,7.59,2.2,0.00809,1264.36,313.04259999999994,4.6657965,0.060118218,6365.0,-0.0264,1.0207,1.332089,1.6
TOI-3362 b,TOI-3362,12.80065596,1598.3590588000004,4.1899999999999995,0.815,688.0,37.21170000000001,18.09547,0.153,6532.0,0.73878,1.8300000000000003,1.445,2.14
TOI-3364 b,TOI-3364,12.22899794,530.77343969,1.6000000000000003,0.0,1264.0,425.00000000000017,5.876891799999999,0.0675,5706.0,0.28556,1.419,1.186,5.4
TOI-3464 b,TOI-3464,13.7646283,397.2855087500001,0.83,0.25,1693.0,1369.9999999999998,3.6515567999999994,0.0515,6370.0,0.55871,1.56,1.3630000000000002,2.1
TOI-3474 b,TOI-3474,14.67255574,193.87532827000007,0.337,0.13,1451.0,739.9999999999998,3.8795104999999994,0.0502,6020.0,0.26951,1.256,1.121,4.7
TOI-3486 b,TOI-3486,10.5700688,99.16246298000002,0.4600000000000001,0.078,1190.0,333.99999999999994,2.21778105,0.03138,4930.0,-0.4828,0.788,0.8370000000000001,5.8
TOI-3493 b,TOI-3493,3.22,8.969999999999999,1.4700000000000002,0.028999999999999998,1102.0,244.99999999999991,8.1594667,0.102,5844.0,0.19294,1.228,1.023,7.3
TOI-3523 A b,TOI-3523 A,15.9727975,435.42491759,0.587,0.047,1984.0,2590.0,2.30458952,0.03559,6450.0,0.51455,1.448,1.131,4.3
TOI-3540 A b,TOI-3540 A,23.53885947,375.03752026000006,0.065,0.0,1498.0,841.3000000000001,3.1199989999999995,0.04289,5810.0,0.19005,1.228,1.081,6.0
TOI-3568 b,TOI-3568,5.3,26.4,0.9799999999999999,0.035,899.0,130.14810000000003,4.417965,0.0485,4969.0,0.33,0.719,0.78,6.1
TOI-3593 b,TOI-3593,11.02963701,565.73456446,2.31,0.105,1170.0,308.0000000000001,3.8212867,0.0481,5550.0,-0.14146,0.9179999999999999,1.015,1.8
TOI-3629 b,TOI-3629,8.29464572,82.63538582000002,0.8,0.05,690.0,39.0,3.9365509999999997,0.043,3870.0,-1.12494,0.6000000000000001,0.63,7.0
TOI-3682 b,TOI-3682,12.80065596,69.28659272999998,0.181,0.22,1657.0,1258.0,3.3462406,0.048,5703.0,0.45788,1.7350000000000003,1.32,4.2
TOI-3688 A b,TOI-3688 A,13.08088048,311.4718388600001,0.76,0.0,1534.0,924.3000000000003,3.2460749999999994,0.0456,5950.0,0.2833,1.302,1.199,3.3
TOI-3693 b,TOI-3693,12.59889431,324.1849751400001,0.89,0.0,801.0,68.60000000000001,9.088516,0.0813,5321.0,-0.3439,0.7910000000000001,0.867,3.0
TOI-3714 b,TOI-3714,11.32107051,222.4798849,0.8500000000000001,0.03,750.0,54.000000000000014,2.1548490000000005,0.027,3660.0,-1.40671,0.51,0.53,2.9
TOI-375 b,TOI-375,10.77183045,236.78216321,1.037,0.087,1373.0,593.3000000000002,9.45469,0.099,5259.9,0.75997,2.8999999999999995,1.441,2.94
TOI-375 c,TOI-375,13.4,669.3466251399999,1.53,0.21286,596.0,21.069999999999997,115.50000000000004,0.524,5259.9,0.75997,2.8999999999999995,1.441,2.94
TOI-375 d,TOI-375,13.6,445.59542661,0.9730000000000001,0.1428,434.0,5.96,297.90000000000003,0.984,5259.9,0.75997,2.8999999999999995,1.441,2.94
TOI-3757 b,TOI-3757,12.0,85.29999999999995,0.27,0.14,759.0,55.400000000000006,3.438753,0.03845,3913.0,-1.06048,0.62,0.64,7.1
TOI-3785 b,TOI-3785,5.14,14.95,0.61,0.11,582.0,19.100000000000005,4.6747373,0.043,3576.0,-1.43533,0.5,0.52,8.0
TOI-3807 b,TOI-3807,18.49481816,330.5415432799999,0.28900000000000003,0.0,1646.0,1230.0000000000005,2.8989727,0.0421,5772.0,0.33244,1.468,1.181,5.6
TOI-3819 b,TOI-3819,13.13692538,352.78953176999994,0.8500000000000001,0.0,1633.0,1186.0000000000002,3.2443140999999995,0.04611,5859.0,0.39967,1.538,1.2419999999999998,4.5
TOI-3837 b,TOI-3837,10.87271128,187.51876013,0.8200000000000001,0.221,1178.0,138.06500000000005,11.888649999999998,0.099,5905.0,0.19618,1.2,0.89,11.2
TOI-3856 b,TOI-3856,13.59649359,171.62733978000006,0.371,0.083,1544.0,949.0000000000001,2.0436035199999996,0.0325,5622.0,0.00087,1.055,1.096,2.6
TOI-3877 b,TOI-3877,11.67975789,99.79811979999998,0.342,0.22,1445.0,729.0,4.123596,0.0529,5731.0,0.3075,1.445,1.16,5.9
TOI-3884 b,TOI-3884,6.43,32.589999999999996,0.67,0.06,441.0,6.290000000000001,4.5445828,0.0361,3180.0,-2.03152,0.302,0.298,8.200000000000001
TOI-3894 b,TOI-3894,15.27784069,260.61929373999993,0.4,0.05,1531.0,546.9030000000002,4.33454,0.05354,6000.0,0.41896,1.502,1.1380000000000001,5.7
TOI-3912 b,TOI-3912,14.28024141,129.03833324,0.243,0.0,1512.0,872.1999999999997,3.4936263999999997,0.0463,5725.0,0.27323,1.392,1.088,7.5
TOI-3919 b,TOI-3919,12.31866979,1233.1742191599997,3.63,0.259,1198.0,184.32200000000006,7.433234000000001,0.0795,6100.0,0.33606,1.319,1.208,3.1
TOI-3976 A b,TOI-3976 A,12.27383387,55.61997123000001,0.165,0.0,1295.0,469.0,6.607662000000001,0.0743,5975.0,0.41296,1.501,1.254,3.8
TOI-3980 b,TOI-3980,14.4595851,187.51876013,0.25,0.16,1621.0,1153.0000000000005,3.6089253999999995,0.0494,5840.0,0.44248,1.6259999999999997,1.2400000000000002,4.7
TOI-3984 A b,TOI-3984 A,7.9,43.99999999999999,0.49,0.23,563.0,16.7,4.353326000000001,0.041,3476.0,-1.57408,0.4699999999999999,0.49,2.9
TOI-4010 b,TOI-4010,3.02,11.0,2.2,0.03,1441.0,713.9999999999999,1.348335,0.0229,4960.0,-0.3996,0.83,0.8800000000000001,6.1
TOI-4010 c,TOI-4010,5.93,20.31,0.5,0.03,907.0,112.00000000000003,5.414654,0.058,4960.0,-0.3996,0.83,0.8800000000000001,6.1
TOI-4010 d,TOI-4010,6.18,38.14999999999999,0.9,0.07,650.0,30.0,14.708860000000001,0.11299999999999999,4960.0,-0.3996,0.83,0.8800000000000001,6.1
TOI-4010 e,TOI-4010,13.3,692.0,1.62,0.26,174.0,0.15,762.0,1.5700000000000003,4960.0,-0.3996,0.83,0.8800000000000001,6.1
TOI-406 c,TOI-406,1.32,2.08,4.9,0.032,584.0,18.999999999999996,3.307441,0.0322,3392.0,-1.71444,0.41000000000000003,0.408,5.747999999999999
TOI-406.01,TOI-406,2.08,6.570000000000001,4.1,0.056,368.0,3.0,13.175682000000002,0.0809,3392.0,-1.71444,0.41000000000000003,0.408,5.112699999999999
TOI-4087 b,TOI-4087,13.04725353,232.01473710999997,0.57,0.0,1458.0,753.8999999999999,3.1774835,0.04469000000000001,6060.0,0.17609,1.112,1.178,0.8
TOI-411 b,HD 22946,1.362,13.71,18.959999999999997,0.126,1241.0,495.1390000000002,4.040295,0.05727,6169.0,0.20919,1.117,1.098,2.5
TOI-411 c,HD 22946,2.328,9.72,3.1500000000000004,0.16,931.0,156.75000000000006,9.573083,0.1017,6169.0,0.20919,1.117,1.098,2.5
TOI-4127 b,TOI-4127,12.28504285,731.0053360999998,2.17,0.7471,605.1,22.300000000000004,56.398790000000005,0.3081,6096.0,0.31639,1.293,1.23,4.8
TOI-4137 b,TOI-4137,13.57407563,457.6729060800001,1.01,0.0,1570.0,1013.0000000000005,3.8016122000000006,0.05222,6202.0,0.43933,1.438,1.3130000000000002,2.1
TOI-4145 A b,TOI-4145 A,13.30506009,136.66621501000006,0.32,0.0,1074.0,222.99999999999994,4.0664428,0.04823,5281.0,-0.28735,0.8590000000000001,0.905,4.7
TOI-4153 b,TOI-4153,16.11851425,365.50266804999995,0.477,0.039,1669.0,1212.0071999999998,4.6174140999999995,0.06311,6860.0,0.71349,1.6049999999999998,1.572,0.4
TOI-4155 b,TOI-4155,3.21,10.399999999999999,1.73,0.06599999999999999,1255.0,586.7619999999998,3.320729,0.102,5724.0,0.0658,0.9500000000000001,1.16,2.2161
TOI-4184 b,TOI-4184,2.43,6.4799999999999995,2.48,0.047033000000000005,412.0,4.8,4.901980400000001,0.0336,3238.0,-2.2644,0.2347,0.2109,6.7
TOI-4201 b,TOI-4201,13.67495645,788.2144493600003,1.82,0.041,725.0,45.2,3.5819193999999994,0.04,3794.0,-1.11919,0.63,0.61,1.4
TOI-421 b,TOI-421,2.64,6.7,2.0400379999999996,0.13,922.0,154.57000000000005,5.197576,0.0554,5291.0,-0.26777,0.866,0.833,10.9
TOI-421 c,TOI-421,5.09,14.100000000000003,0.5899569999999998,0.19,635.0,34.31999999999999,16.067541000000002,0.117,5291.0,-0.26777,0.866,0.833,10.9
TOI-4214 b,TOI-4214,10.68215861,165.27077164000002,0.74,0.17,1642.0,1209.9999999999995,3.4913885000000002,0.05018,6370.0,0.48287,1.434,1.382,1.1
TOI-4308 b,TOI-4308,2.4189,6.43,2.5,0.0,763.05,55.3616,9.151201000000002,0.102,5243.0,-0.36795,0.7933999999999999,0.9,1.3299999999999998
TOI-431 b,TOI-431,1.28,3.0700000000000003,8.000000000000002,0.0,1862.0,2120.4475,0.490047,0.0113,4850.0,-0.56509,0.7310000000000001,0.78,4.7975
TOI-431 c,TOI-431,1.49,2.8300000000000005,4.699999999999999,0.0,867.0,111.71488799819792,4.849400000000001,0.052,4850.0,-0.56509,0.7310000000000001,0.78,5.024
TOI-431 d,TOI-431,3.29,9.9,1.3599999999999999,0.0,633.0,28.358799999999995,12.46103,0.098,4850.0,-0.56509,0.7310000000000001,0.78,5.1770000000000005
TOI-4329 b,TOI-4329,16.81347105,143.02278314999998,0.165,0.068,2027.12,3990.5715999999993,2.9223000000000003,0.102,6000.0,0.79931,2.31,1.538,2.39
TOI-4336 A b,TOI-4336 A,2.137,3.33,1.8700000000000003,0.0,309.4,1.53,16.336350999999997,0.0849,3307.0,-1.95861,0.326,0.30599999999999994,6.7
TOI-4336 A c,TOI-4336 A,1.251,1.5499999999999998,4.35,0.0,399.5,4.24,7.587265999999999,0.05092,3307.0,-1.95861,0.326,0.30599999999999994,6.7
TOI-4342 b,TOI-4342,2.329,7.300000000000001,3.18,0.0,639.0,27.799999999999997,5.538259199999999,0.0519,3866.0,-1.12494,0.598,0.587,3.5029999999999992
TOI-4342 c,TOI-4342,2.349,4.8,2.01,0.0,514.0,11.599999999999998,10.688662,0.0804,3866.0,-1.12494,0.598,0.587,4.788
TOI-4364 b,TOI-4364,2.01,4.699999999999999,3.18,0.29,488.0,13.332799999999997,5.424019000000001,0.04753,3528.0,-1.51215,0.46840000000000004,0.487,0.71
TOI-4377 b,TOI-4377,15.10970598,304.1617855000001,0.881,0.045,1162.08,430.98260000000005,4.378081,0.0579,4974.0,0.82217,3.52,1.3599999999999999,3.88
TOI-4379 b,TOI-4379,16.69017226,353.7430169900001,0.418,0.018,1869.38,2886.0903,3.25352,0.102,6020.0,0.63749,1.9760000000000004,1.372,4.51
TOI-4406 b,TOI-4406,11.2089807,95.34852209999997,0.37199999999999994,0.15,904.0,58.005399999999995,30.08364,0.20100000000000004,6219.0,0.36173,1.29,1.19,2.9
TOI-4438 b,TOI-4438,2.52,5.4,1.85,0.14,435.0,6.0,7.446280000000002,0.0534,3422.0,-1.76802,0.37199999999999994,0.368,5.1
TOI-444 b,TOI-444,2.77,8.1,2.09,0.014000000000000002,609.0,23.469399999999997,17.963600000000003,0.133,5225.0,-0.41794,0.779,0.9599999999999999,0.57
TOI-4443.01,TOI-4443,1.7193265,3.6000000000000005,3.8900000000000006,0.0,1638.82,1194.2104,1.8498567000000001,0.029962645,5834.0,0.03349,1.01733,1.049133,3.2239999999999993
TOI-4463 A b,TOI-4463 A,13.26022417,252.35575516000011,0.595,0.0,1395.0,632.9999999999999,2.8807198,0.04036,5640.0,0.01115,1.062,1.056,4.1
TOI-4465 b,TOI-4465,14.01122587,1872.0093172300005,3.7300000000000004,0.24,427.0,130.528,101.94054000000001,0.4159999999999999,5545.0,-0.07267,1.014,0.9300000000000002,6.259
TOI-4479 b,TOI-4479,2.82,8.35,2.0499999999999994,0.16429,861.0,92.50000000000001,1.1589,0.0164,3400.0,-1.60432,0.451,0.45199999999999996,3.188
TOI-4487 A b,TOI-4487 A,14.60530185,397.2855087500001,0.7,0.083,1639.0,1202.9999999999998,3.9540709,0.05448,6206.0,0.55267,1.634,1.378,2.45
TOI-4495 b,TOI-4495,2.483,7.700000000000002,2.7100000000000004,0.078,1735.0,1001.2799999999996,2.5669900000000005,0.03957,6210.0,0.36656,1.309,1.247,1.9
TOI-4495 c,TOI-4495,4.03,23.200000000000003,1.8999999999999997,0.023,1365.0,346.626,5.18553,0.06323,6210.0,0.36656,1.309,1.247,1.9
TOI-4504 b,TOI-4504,2.691,7.710000000000001,2.17,0.0,1234.03,548.0544000000001,2.4261400000000006,0.03392,5315.0,-0.20761,0.9200000000000002,0.89,10.0
TOI-4504 c,TOI-4504,11.09689089,1197.3231748500002,4.8100000000000005,0.032,182.8,0.2639,82.97213000000002,0.3569,5315.0,-0.20761,0.9200000000000002,0.89,10.0
TOI-4504 d,TOI-4504,13.6,450.23572135999984,0.984,0.0445,538.3,15.142077673751155,40.563399999999994,0.2219,5315.0,-0.20761,0.9200000000000002,0.89,10.0
TOI-4507 b,TOI-4507,8.2,20.0,0.19999999999999998,0.09,562.01,23.577800000000003,104.61610999999996,0.456,6260.0,0.14922,1.04,1.11,0.7
TOI-451 b,TOI-451,1.91,4.3100000000000005,3.4000000000000004,0.0,1491.0,695.1880000000001,1.8587029999999998,0.0283,5550.0,-0.1891,0.8790000000000001,0.9500000000000001,0.12
TOI-451 c,TOI-451,3.1,9.8,1.8100000000000003,0.0,875.0,82.51780000000002,9.192522,0.0823,5550.0,-0.1891,0.8790000000000001,0.9500000000000001,0.12
TOI-451 d,TOI-451,4.07,15.599999999999996,1.27,0.0,722.0,38.2372,16.364988,0.1208,5550.0,-0.1891,0.8790000000000001,0.9500000000000001,0.12
TOI-4515 b,TOI-4515,12.17,636.9999999999999,1.941,0.461,705.0,42.29869999999998,15.266446,0.118,5433.0,-0.23582,0.86,0.949,1.2
TOI-4527.01,TOI-4527,0.9086617,0.689,5.05,0.043,1362.93,571.5072,0.3994445,0.008332353,3702.0,-1.39838,0.48594799999999994,0.483901,5.095
TOI-4529 b,TOI-4529,1.77,4.9,4.8,0.0533,511.0,14.608900000000002,5.879577,0.102,3697.0,-1.41263,0.48,0.482,6.36
TOI-4551 b,TOI-4551,11.85910158,473.56432643,1.7400000000000002,0.101,1655.0,1247.7399999999998,9.955809999999998,0.0994,4896.0,0.80277,3.5499999999999994,1.31,4.92
TOI-4559 b,TOI-4559,1.415,2.59,5.02,0.030786,554.16,15.769999999999998,3.9659910000000003,0.0359,3558.0,-1.6925,0.374,0.392,7.0
TOI-4562 b,TOI-4562,12.53,731.9999999999998,2.0599999999999996,0.76,318.0,3.2011,225.10639999999998,0.768,6096.0,0.25285,1.1520000000000001,1.192,0.7
TOI-4562 c,TOI-4562,12.8,1833.86990839,4.8100000000000005,0.122,525.4,28.765263491603847,3989.999999999997,5.219,6096.0,0.25285,1.1520000000000001,1.192,0.7
TOI-4582 b,TOI-4582,10.53644186,168.44905571,0.7910000000000001,0.51,614.66,33.7343,31.034000000000002,0.102,5190.0,0.612,2.5,1.34,4.0521
TOI-4600 b,TOI-4600,6.8,959.8417891400001,2.56,0.25,347.0,3.3159,82.6869,0.349,5170.0,-0.37675,0.81,0.89,2.3
TOI-4600 c,TOI-4600,9.42,2946.269332889999,2.56,0.21,191.0,48.38669999999999,482.81909999999993,1.1520000000000001,5170.0,-0.37675,0.81,0.89,2.3
TOI-4602.01,TOI-4602,2.550449,7.040000000000001,2.33,0.0,1380.27,603.6935000000002,3.9812091,0.05099712,6011.9,0.19715,1.15664,1.116795,3.2800000000000002
TOI-4603 b,TOI-4603,11.67975789,4096.808166229998,14.100000000000003,0.325,1677.0,1191.9999999999998,7.245989999999999,0.0888,6264.0,1.01703,2.7379999999999995,1.7650000000000001,1.64
TOI-4633 c,TOI-4633,3.2,123.00000000000003,2.56,0.117,268.57,1.56,271.9445,0.847,5800.0,0.31136,1.05,1.1,1.3
TOI-4638.01,TOI-4638,2.933,8.92,1.9400000000000002,0.0,779.83,87.81000000000003,10.283918786999998,0.093013,5700.0,-0.11858,0.895,1.02,1.4336
TOI-4641 b,TOI-4641,8.18255591,1229.9959350900003,2.56,0.074,950.11,192.58019999999993,22.09341,0.173,6560.0,0.69461,1.72,1.4100000000000001,2.69
TOI-4666 b,TOI-4666,12.44196858,222.4798849,0.64,0.0,713.0,54.000000000000014,2.9089167999999996,0.0333,3512.0,-1.22185,0.5900000000000001,0.58,6.853
TOI-469.01,TOI-469,3.41,9.1,1.3,0.0,716.0,74.70000000000003,13.630820499999997,0.11100000000000002,5289.0,-0.14921,0.9799999999999999,0.9010000000000001,11.2
TOI-470 b,TOI-470,4.34,17.4,1.17,0.05700000000000001,660.0,44.755100000000006,12.191479999999999,0.119,5190.0,-0.35799,0.831,0.87,1.4
TOI-4734 b,TOI-4734,10.9175472,61.65871095999998,0.26,0.12,1468.0,775.0000000000002,6.235633,0.074,6070.0,0.62428,1.8570000000000002,1.391,3.2
TOI-4773 b,TOI-4773,15.22179579,1687.6688411700006,2.63,0.024,2255.0,3879.807099999999,1.7452851000000003,0.03216,6740.0,0.64836,1.5499999999999998,1.452,1.07
TOI-4791 b,TOI-4791,12.44196858,734.1836201700003,2.09,0.0,1472.0,783.1999999999999,4.28088,0.05550000000000001,6058.0,0.38021,1.4090000000000003,1.2419999999999998,3.3
TOI-4794 b,TOI-4794,14.35870428,308.2935547899999,0.57,0.1,1673.0,1310.0,3.5658115999999995,0.0492,6390.0,0.49969,1.4510000000000003,1.25,2.7
TOI-480 b,TOI-480,2.85372018,20.8,4.91,0.0,1198.94,531.5209999999998,6.866195999999999,0.077,6174.0,0.46195,1.4877,1.2793,2.7
TOI-481 b,TOI-481,11.09691,486.27989999999994,1.96,0.153,1370.0,253.126,10.33111,0.097,5735.0,0.43457,1.6599999999999997,1.14,6.7
TOI-4860 b,TOI-4860,8.7,86.69999999999997,0.75,0.008,694.0,42.5,1.5227591,0.01808,3260.0,-1.83565,0.358,0.33999999999999997,4.5
TOI-4914 b,TOI-4914,12.87,227.00000000000006,0.5900000000000001,0.408,894.0,18.108200000000004,10.60057,0.098,5805.0,0.00903,1.0,1.03,5.3
TOI-4940 b,TOI-4940,6.61,89.0,2.56,0.08209999999999999,643.0,40.46119999999999,25.867811,0.165,5504.0,0.04766,1.163,1.012,9.8
TOI-4961 b,TOI-4961,12.34108775,572.0911326000002,1.6699999999999997,0.182,919.0,114.99999999999999,7.479181999999999,0.0726,5380.0,-0.20135,0.9119999999999999,0.9119999999999999,8.0
TOI-4994 b,TOI-4994,8.54124329,88.99195396000002,0.78,0.319,717.6,40.00000000000001,21.491984000000002,0.1515,5640.0,0.0086,1.055,1.005,6.3
TOI-500 b,TOI-500,1.166,1.4199999999999997,4.889999999999999,0.063,1617.0,1137.9999999999998,0.548177,0.01189,4440.0,-0.70002,0.678,0.74,5.0
TOI-500 c,TOI-500,2.09,5.03,3.0300000000000002,0.072,648.801,30.64565949775917,6.635600000000001,0.102,4440.0,-0.70002,0.678,0.74,5.0
TOI-500 d,TOI-500,6.35,33.12,0.7109999999999999,0.016,540.556,17.319751789871347,26.232999999999997,0.102,4440.0,-0.70002,0.678,0.74,5.0
TOI-500 e,TOI-500,3.99,15.05,1.3,0.073,393.4,4.508582869620536,61.29999999999998,0.102,4440.0,-0.70002,0.678,0.74,5.0
TOI-5005 b,TOI-5005,6.25,32.7,0.74,0.0186,1040.0,226.00000000000006,6.3085044,0.06614,5749.0,-0.00451,0.9300000000000002,0.97,2.2
TOI-5027 b,TOI-5027,10.76062147,642.0133821399997,2.9400000000000004,0.385,1056.0,190.91199999999998,10.243679999999998,0.09299999999999999,5909.0,-0.03058,0.9200000000000002,1.02,0.4
TOI-5076 b,TOI-5076,3.48935569,16.145683079999998,2.08,0.0,550.0,12.8373,23.443162,0.1481,4780.0,-0.47366,0.8440000000000001,0.7889999999999999,8.4
TOI-5082.01,TOI-5082,2.54811,7.029999999999999,2.33,0.0,1164.91,254.5879999999999,4.240122000000001,0.051204842,5670.0,-0.08961,0.9300000000000002,0.9966500000000001,1.9265
TOI-5108 b,TOI-5108,6.6,32.0,0.6000000000000001,0.12530000000000002,1180.0,122.78500000000003,6.753580999999998,0.073,5808.0,0.27505,1.29,1.1,5.8
TOI-5110 b,TOI-5110,11.98240037,921.7023803000002,2.9500000000000006,0.745,976.0,15.1027,30.158577,0.2157,6160.0,0.84696,2.333,1.469,4.0
TOI-512 b,TOI-512,1.54,3.57,5.623888000000001,0.02,1009.0,126.99999999999997,7.188859999999999,0.102,5277.0,-0.25696,0.89,0.74,8.235
TOI-5126 b,TOI-5126,4.74,20.200000000000003,1.04,0.0,1442.0,467.00000000000017,5.458838499999999,0.06519,6150.0,0.29885,1.241,1.2400000000000002,0.8
TOI-5126 c,TOI-5126,3.86,14.199999999999998,1.3599999999999999,0.0,971.0,96.0,17.8999,0.14390000000000003,6150.0,0.29885,1.241,1.2400000000000002,0.8
TOI-5143 c,TOI-5143,16.25302201,9.22,2.56,0.06470000000000001,904.48,158.16460000000006,5.209711800000001,0.05602,5183.0,-0.28635,0.852,0.864,7.4
TOI-5153 b,TOI-5153,11.88151954,1036.1206068200004,3.3899999999999997,0.091,906.0,49.55590000000001,20.330029999999997,0.158,6300.0,0.46423,1.4,1.2400000000000002,5.4
TOI-5174 b,TOI-5174,5.351,24.800000000000004,0.889,0.20210000000000003,808.37,100.91120000000004,12.214285999999998,0.102,5643.77,0.03946,1.09457,1.0,6.604000000000001
TOI-5181 A b,TOI-5181 A,13.34989601,330.5415432799999,0.76,0.15,1585.0,1053.0000000000002,3.8922294999999996,0.0522,6060.0,0.45788,1.53,1.25,4.1
TOI-519 b,TOI-519,11.54525012,147.15455243999997,0.56,0.33,687.0,54.000000000000014,1.2652328000000002,0.0159,3322.0,-1.85078,0.35,0.3350000000000001,5.4
TOI-5205 b,TOI-5205,11.6,342.99999999999994,1.21,0.02,737.0,48.99999999999999,1.630757,0.0199,3430.0,-1.7122,0.394,0.392,6.539999999999999
TOI-521 b,TOI-521,1.98,5.299999999999999,3.8,0.0,794.0,65.99999999999997,1.5428504699999999,0.0195,3544.0,-1.5986,0.421,0.41999999999999993,0.8
TOI-5210 b,TOI-5210,10.72699453,81.99972901,0.364,0.066,1286.0,456.00000000000017,4.5661061,0.0557,5723.0,0.15229,1.209,1.105,5.3
TOI-5218 b,TOI-5218,9.86,657.0,2.56,0.0,783.0,61.99999999999999,4.291452,0.0469,4230.0,-0.82391,0.708,0.739,6.7
TOI-5232 b,TOI-5232,12.778238,743.7184723800001,1.96,0.035,1772.0,1193.8599999999994,4.0966692,0.05593,6500.0,0.71265,1.7849999999999997,1.3889999999999998,2.37
TOI-5238 b,TOI-5238,5.22,23.700000000000003,0.9159999999999999,0.2518,1042.0,195.9250000000001,4.872171000000001,0.102,5631.0,-0.02335,1.02283,1.0,5.539000000000001
TOI-5261 b,TOI-5261,11.60129502,3651.8483964299967,12.899999999999999,0.1585,1244.0,159.59200000000004,4.1509768,0.05134,5790.0,0.02078,1.021,1.037,4.2
TOI-5293 A b,TOI-5293 A,11.9,170.4,0.56,0.38,675.0,34.60000000000001,2.9302889999999997,0.034,3586.0,-1.37414,0.52,0.54,2.9
TOI-530 b,TOI-530,9.30345398,127.13136280000002,0.9300000000000002,0.0,565.0,14.259000000000002,6.387597,0.052,3659.0,-1.3098,0.54,0.53,5.162
TOI-5300 b,TOI-5300,9.86390302,190.69704420000008,1.1,0.0,1043.0,197.99999999999997,2.2621959999999994,0.0295,4610.0,-0.76195,0.65,0.67,7.301
TOI-5301 b,TOI-5301,13.09208946,1182.32167404,2.88,0.33,1648.0,429.794,5.858858000000001,0.073,6240.0,0.81624,2.19,1.483,2.43
TOI-5319 b,TOI-5319,2.83,8.400000000000002,2.04,0.201,695.0,38.78849999999999,4.078529999999999,0.0506,3580.0,-1.45905,0.485,0.5,3.3300000000000005
TOI-532 b,TOI-532,5.82,61.50000000000002,1.72,0.0,867.0,94.09999999999998,2.3266508,0.0296,3927.0,-1.09528,0.612,0.639,7.1
TOI-5322 b,TOI-5322,16.6117094,184.02264764999998,0.22,0.055,1350.0,554.0,5.4233207,0.0604,5692.0,0.3075,1.462,0.9979999999999999,9.7
TOI-5340 b,TOI-5340,15.07607904,270.15414594999993,0.42999999999999994,0.13,1566.0,1004.0000000000001,4.939439200000001,0.0628,5990.0,0.5955,1.842,1.35,3.5
TOI-5344 b,TOI-5344,10.60369574,130.94530368,0.604,0.054,689.0,37.99999999999999,3.7926219999999997,0.04041,3747.0,-1.21254,0.588,0.612,10.9
TOI-5349 b,TOI-5349,10.2,127.39999999999998,0.6599999999999999,0.03,719.0,44.5,3.3179209999999997,0.0369,3751.0,-1.20066,0.58,0.61,9.0
TOI-5350 b,TOI-5350,12.41955062,2094.4892021300006,6.030000000000001,0.0165,1195.0,321.87899999999996,7.581367000000001,0.0796,6220.0,0.33445,1.263,1.167,3.1
TOI-5386 A b,TOI-5386 A,14.70618268,155.10026261999994,0.268,0.072,1488.0,816.9999999999997,3.62156552,0.04856,6094.0,0.28488,1.245,1.165,3.4
TOI-5388.01,TOI-5388,0.99,2.2,11.9,0.10568600000000002,488.0,3.3023,2.5946747999999995,0.024335855,3440.0,-1.94539,0.3,0.2919999999999999,4.627
TOI-5398 b,TOI-5398,10.3,58.699999999999996,0.2899999999999999,0.13,947.0,118.41300000000003,10.590547000000003,0.098,6000.0,0.11725,1.051,1.146,0.65
TOI-5398 c,TOI-5398,3.52,11.799999999999999,1.5,0.14,1242.0,370.603,4.77271,0.057,6000.0,0.11725,1.051,1.146,0.65
TOI-540 b,TOI-540,0.903,0.6739999999999999,5.03,0.0,611.0,23.400000000000002,1.2391491,0.01223,3216.0,-2.46092,0.18950000000000003,0.159,1.1
TOI-5422 b,TOI-5422,9.10169233,8899.195395999997,65.80000000000003,0.094,1369.0,579.9999999999998,5.377219000000001,0.0619,5820.0,0.35218,1.4739999999999998,1.066,7.6
TOI-544 b,TOI-544,2.018,2.89,1.9299999999999997,0.0,999.0,240.19500000000002,1.548352,0.0225,4169.0,-0.90049,0.623,0.631,9.0
TOI-544 c,TOI-544,4.92,21.499999999999993,0.9920000000000001,0.32,437.42600000000004,6.805330373482623,50.08899999999999,0.102,4169.0,-0.90049,0.623,0.631,9.0
TOI-5489 b,TOI-5489,1.4,2.54,5.09,0.0365,624.0,25.113699999999998,3.15222,0.102,3547.0,-1.60776,0.41999999999999993,0.41000000000000003,6.9159999999999995
TOI-5489 c,TOI-5489,1.28,2.18,5.71,0.03899999999999999,536.0,13.8663,4.92126,0.102,3547.0,-1.60776,0.41999999999999993,0.41000000000000003,6.4510000000000005
TOI-5542 b,TOI-5542,11.30986153,419.53349724,1.6000000000000003,0.018,441.0,9.6,75.12375,0.332,5700.0,1.057,1.058,0.89,10.8
TOI-5573 b,TOI-5573,9.75,112.00000000000003,0.661,0.072,528.0,12.919999999999998,8.797589769999998,0.0712,3790.0,-1.15927,0.5939999999999999,0.619,9.7
TOI-558 b,TOI-558,12.17295304,1147.36054927,3.5000000000000004,0.298,1061.0,248.8554000000001,14.574071000000004,0.1291,6466.0,0.54654,1.496,1.3490000000000002,1.79
TOI-559 b,TOI-559,12.22899794,1910.1487260699998,5.739999999999999,0.151,1180.0,404.9150000000001,6.983909500000001,0.07230000000000002,5925.0,0.22737,1.233,1.026,6.8
TOI-5592 b,TOI-5592,17.14974047,285.7277378899999,0.22,0.062,1789.0,1711.9999999999995,2.6085846000000004,0.03935,6237.0,0.4216,1.393,1.194,3.6
TOI-561 b,TOI-561,1.397,2.0200000000000005,4.1,0.0,2319.0,4709.000000000001,0.44656970000000007,0.01064,5342.0,-0.28233,0.8430000000000001,0.8060000000000002,16.1
TOI-561 c,TOI-561,2.865,5.93,1.3,0.023,802.0,67.5,10.778838000000002,0.0889,5342.0,-0.28233,0.8430000000000001,0.8060000000000002,16.1
TOI-561 d,TOI-561,2.615,13.330000000000002,4.1,0.111,600.0,21.200000000000003,25.712679999999995,0.1587,5342.0,-0.28233,0.8430000000000001,0.8060000000000002,16.1
TOI-561 e,TOI-561,2.517,12.4,4.3,0.074,416.0,4.889999999999999,77.14399999999998,0.33,5342.0,-0.28233,0.8430000000000001,0.8060000000000002,16.1
TOI-5616 b,TOI-5616,10.78,623.9999999999998,2.56,0.0,939.0,137.00000000000006,2.0028489999999994,0.0272,3996.0,-0.99268,0.646,0.6660000000000001,7.2
TOI-5634 A b,TOI-5634 A,10.42,587.9999999999999,2.56,0.0,837.0,77.0,2.2035373,0.0272,3896.0,-1.24489,0.54,0.556,7.4
TOI-564 b,TOI-564,11.43318,464.9852899999999,1.7000000000000002,0.072,1714.0,1423.0000000000002,1.651144,0.02734,5640.0,0.03262,1.088,0.9979999999999999,7.3
TOI-5678 b,TOI-5678,4.91,20.0,0.9280000000000002,0.14,513.0,3.8369000000000004,47.73022,0.249,5485.0,-0.13069,0.938,0.905,8.5
TOI-5688 A b,TOI-5688 A,10.3,124.00000000000004,0.61,0.128,742.0,50.300000000000004,2.9481552699999996,0.03379000000000001,3713.0,-1.22841,0.57,0.6000000000000001,7.2
TOI-5704 b,TOI-5704,3.2274,10.5,1.72,0.0365,949.07,125.06429999999996,3.7711160000000006,0.102,4590.0,-0.63927,0.7575,0.73,7.614
TOI-5713 b,TOI-5713,1.77,3.7800000000000002,3.7500000000000004,0.24,347.2,2.2554,10.441989,0.06008,3225.0,-2.05849,0.2992,0.2653,4.5
TOI-5716 b,TOI-5716,0.96,0.8400000000000001,5.219999999999999,0.06010000000000001,400.0,3.4093000000000004,6.7663,0.102,3436.0,-2.24692,0.22,0.19,3.15
TOI-5720 b,TOI-5720,1.09,4.3,2.56,0.060426000000000014,708.0,41.7,1.4344555,0.018288,3325.0,-1.79183,0.383,0.383,5.0
TOI-5726.01,TOI-5726,2.554,7.049999999999999,2.33,0.0,1093.03,338.9499999999998,5.491125215,0.062186,5874.0,0.11832,1.106,1.06,3.688
TOI-5728 b,TOI-5728,1.31,2.2700000000000005,5.55,0.0273,382.0,3.5119999999999996,11.497609999999998,0.102,3419.0,-1.74669,0.37,0.36,6.339699999999999
TOI-5734 b,TOI-5734,2.76,8.05,2.1,0.0632,788.0,56.37779999999999,6.184216100000001,0.0607,4790.0,-0.69494,0.708,0.736,6.058
TOI-5736 b,TOI-5736,1.56,3.0500000000000003,4.41,0.098,1311.0,493.4826999999999,0.64899,0.102,3949.0,-1.1332,0.58,0.57,3.8949999999999996
TOI-5786 b,TOI-5786,8.54,72.99999999999997,0.64,0.14493000000000003,1040.0,374.462,12.779107,0.114,6235.0,0.39733,1.3599999999999999,1.23,2.5
TOI-5788 b,TOI-5788,1.528,3.7200000000000006,5.734161,0.061,910.0,175.10000000000008,6.340757999999999,0.064,5615.0,-0.14752,0.87,0.87,5.72
TOI-5788 c,TOI-5788,2.272,6.400000000000001,3.032489,0.046,667.0,49.8,16.213362000000004,0.1197,5615.0,-0.14752,0.87,0.87,5.72
TOI-5789 b,TOI-5789,1.26,2.1200000000000006,5.82,0.0,1201.0,495.95385114332964,2.76369,0.03608,5185.0,-0.32883,0.833,0.821,9.4
TOI-5789 c,TOI-5789,2.86,5.0,1.16,0.067,718.0,8.719399999999998,12.927747999999998,0.1009,5185.0,-0.32883,0.833,0.821,9.4
TOI-5789 d,TOI-5789,1.91,4.29,3.38,0.096,545.0,17.076882048504743,29.65,0.1756,5185.0,-0.32883,0.833,0.821,9.4
TOI-5789 e,TOI-5789,3.43,11.61,1.58,0.071,424.0,5.650825175568279,62.98000000000001,0.2901,5185.0,-0.32883,0.833,0.821,9.4
TOI-5795 b,TOI-5795,5.62,23.66,0.73,0.25,1136.78,240.67610000000008,6.140632499999999,0.064,5715.0,0.05308,1.082,0.9010000000000001,10.2
TOI-5799 b,TOI-5799,1.733,3.6500000000000004,3.8500000000000005,0.09426999999999999,505.0,11.91,4.1645069999999995,0.0348,3452.0,-1.82974,0.32100000000000006,0.325,9.6
TOI-5799 c,TOI-5799,1.76,3.7500000000000004,3.7800000000000002,0.08320000000000001,337.0,2.2016331515455168,14.010449000000001,0.0782,3452.0,-1.82974,0.32100000000000006,0.325,9.6
TOI-5800 b,TOI-5800,2.46,9.5,3.46,0.3,1108.0,274.16300000000007,2.6278838,0.0344,4850.0,-0.51004,0.7729999999999999,0.7779999999999999,8.1
TOI-5803 b,TOI-5803,3.2732,10.7,1.68,0.0,678.87,73.72200000000002,5.38305,0.102,5134.0,-0.43899,0.7625,0.87,1.7189999999999999
TOI-5817 b,TOI-5817,3.08,10.3,1.9299999999999997,0.2,950.0,126.86319999999996,15.610310000000004,0.1223,5770.0,0.31175,1.427,0.97,9.7
TOI-5882 b,TOI-5882,11.46678726,6995.403238069995,25.400000000000002,0.0339,1515.0,4792.500000000003,7.1489720000000005,0.0804,5920.0,0.75358,2.26,1.334,4.11
TOI-5938 b,TOI-5938,3.82,14.0,1.3799999999999997,0.035699999999999996,1077.0,249.273,2.2604239999999995,0.0308,4650.0,-0.70991,0.712,0.744,7.077000000000001
TOI-6000 b,TOI-6000,0.94,0.779,5.15,0.0411,1120.0,258.7481999999999,0.448959,0.102,3419.0,-1.75585,0.38,0.37,5.619
TOI-6002 b,TOI-6002,1.65,3.36,4.109999999999999,0.15,321.4,1.6823,10.904821000000002,0.05722,3229.0,-2.23508,0.24319999999999997,0.2101,6.35
TOI-6008 b,TOI-6008,1.03,3.9999999999999996,2.56,0.06567,707.0,41.50000000000001,0.8574347,0.010777,3075.0,-2.32873,0.242,0.23000000000000004,3.0
TOI-6016 b,TOI-6016,13.67495645,371.85923619000005,0.81,0.0,1890.0,939.9999999999997,4.023687,0.055,6110.0,0.4609,1.5100000000000002,1.31,0.3
TOI-6029 b,TOI-6029,14.39233122,519.6494454399999,0.9580000000000001,0.091,1484.0,806.7939999999999,5.7987,0.102,6223.0,0.79934,2.3379999999999996,1.548,2.31
TOI-6034 b,TOI-6034,11.92,253.99999999999991,0.8200000000000001,0.04,714.0,42.99999999999999,2.576184,0.02949,3635.0,-1.4034,0.489,0.514,7.8
TOI-6038 A b,TOI-6038 A,6.41,78.5,1.62,0.08030000000000001,1439.0,715.9999999999998,5.8267311,0.069,6110.0,0.53275,1.6480000000000001,1.291,3.65
TOI-6041 b,TOI-6041,4.55,28.89999999999999,1.79,0.1875,605.6,22.400000000000002,26.049449999999993,0.1651,5445.0,-0.21254,0.8790000000000001,0.8850000000000001,7.9
TOI-6041 c,TOI-6041,10.5,77.90000000000002,0.37,0.19421000000000002,403.5,4.42,87.99999999999999,0.3721,5445.0,-0.21254,0.8790000000000001,0.8850000000000001,7.9
TOI-6054.01,TOI-6054,2.64,12.5,3.7,0.164,1360.0,570.0000000000001,7.501428000000001,0.0763,6047.0,0.52244,1.6620000000000001,1.1069999999999998,6.0
TOI-6054.02,TOI-6054,2.82,9.299999999999999,2.25,0.332,1143.0,284.99999999999994,12.563636000000002,0.1079,6047.0,0.52244,1.6620000000000001,1.1069999999999998,6.0
TOI-6086 b,TOI-6086,1.18,1.7600000000000002,5.89,0.027925999999999996,634.0,26.8,1.3888725,0.01541,3200.0,-2.19791,0.259,0.254,2.0
TOI-6109 b,TOI-6109,4.8704,21.10000000000001,1.0,0.08760000000000001,700.0,39.9451,5.690476,0.0599,5660.0,-0.05453,1.021,1.03,0.075
TOI-6109 c,TOI-6109,4.8326,20.8,1.01,0.1131,786.0,63.3913,8.538877999999999,0.0786,5660.0,-0.05453,1.021,1.03,0.075
TOI-6130 b,TOI-6130,14.3474953,333.71982735000006,0.64,0.036,1750.0,1150.0000000000002,2.3926790000000002,0.036,6110.0,0.4609,1.5100000000000002,1.31,0.3
TOI-615 b,TOI-615,18.97680433,138.25535704999996,0.084,0.39,1666.0,1286.0000000000005,4.6615983,0.0678,6850.0,0.7679,1.7320000000000002,1.449,1.7
TOI-620 b,TOI-620,3.76,13.600000000000001,1.4100000000000001,0.22,603.6,20.8,5.098817900000001,0.04825,3708.0,-1.28819,0.55,0.577,7.2
TOI-622 b,TOI-622,9.2362001,96.30200732,0.507,0.42,1388.0,602.0000000000002,6.402513000000001,0.0708,6400.0,0.47407,1.415,1.3130000000000002,0.9
TOI-6223 b,TOI-6223,5.07,22.600000000000005,0.9529999999999998,0.08221999999999999,714.0,41.8646,3.855219,0.04018,3895.0,-1.12203,0.576,0.5819999999999999,9.8
TOI-6255 b,TOI-6255,1.079,1.44,6.300000000000001,0.0,1256.46,588.9943999999999,0.23818244,0.102,3421.0,-1.77344,0.37,0.353,7.85
TOI-628 b,TOI-628,11.88154,2011.8639000000007,6.58,0.072,1586.0,1052.9000000000003,3.4095675,0.0486,6250.0,0.39445,1.345,1.311,1.28
TOI-6303 b,TOI-6303,11.59,2493.0000000000005,8.819999999999999,0.02,541.0,14.279999999999998,9.485236000000004,0.0761,3977.0,-1.08672,0.609,0.644,6.4
TOI-6324 b,TOI-6324,1.059,1.17,5.41,0.0,1216.0,284.211,0.279221,0.102,3247.0,-1.99802,0.293,0.269,2.8169999999999997
TOI-6330 b,TOI-6330,10.89,3178.999999999998,13.569999999999999,0.34,495.0,9.970000000000002,6.850024599999999,0.05763,3539.0,-1.43168,0.49,0.531,7.6
TOI-6383 A b,TOI-6383 A,11.29,330.9999999999999,1.26,0.05,745.0,51.300000000000004,1.7905869499999998,0.02292,3444.0,-1.48678,0.45699999999999996,0.4580000000000001,6.58
TOI-640 b,TOI-640,19.2794468,181.16219199000005,0.138,0.013,1816.0,1150.1199999999997,5.003777,0.06608,6460.0,0.83442,2.082,1.536,1.99
TOI-6420 b,TOI-6420,11.93756445,2606.192937399999,8.400000000000002,0.078,1213.0,106.61899999999999,6.961508,0.0753,6020.0,0.31175,1.312,1.165,4.4
TOI-6448 b,TOI-6448,8.47398941,54.000000000000014,0.488,0.2,745.0,28.115199999999994,14.844261,0.131,5910.0,-0.04191,0.8969999999999999,1.03,0.034
TOI-6478 b,TOI-6478,4.6,19.200000000000003,1.08,0.16099999999999998,204.4,0.0003,34.00501899999999,0.1136,3230.0,-2.24244,0.234,0.23000000000000004,6.0
TOI-654.01,TOI-654,2.378,8.709999999999999,3.59,0.0,794.0,64.99999999999997,1.527561,0.01944,3521.0,-1.60906,0.42999999999999994,0.41899999999999993,2.73
TOI-6628 b,TOI-6628,10.98480109,235.19302118000007,0.9799999999999999,0.67,833.0,20.086099999999995,18.184239999999996,0.134,5463.0,-0.08778,1.01,0.97,7.5
TOI-663 b,TOI-663,2.27,4.450000000000001,2.07,0.16399999999999998,674.0,49.1,2.598902,0.0295,3681.0,-1.37033,0.512,0.514,2.5035
TOI-663 c,TOI-663,2.26,3.6500000000000004,1.73,0.1152,553.0,22.300000000000004,4.6955507,0.0437,3681.0,-1.37033,0.512,0.514,3.7555000000000005
TOI-663 d,TOI-663,1.92,5.199999999999999,3.9999999999999996,0.052239999999999995,482.0,12.899999999999999,7.102726800000001,0.0576,3681.0,-1.37033,0.512,0.514,3.7119999999999997
TOI-6651 b,TOI-6651,5.09,61.00000000000001,2.5200000000000005,0.091,1493.0,816.9999999999997,5.056973,0.0633,5940.0,0.52244,1.7210000000000005,1.323,3.71
TOI-669 b,TOI-669,2.58606487,10.000000000000002,3.1700000000000004,0.0,1124.85,388.19999999999993,3.9451520000000007,0.048,5597.0,-0.06248,0.9882,0.9245000000000001,7.9
TOI-6692 b,TOI-6692,11.67975789,197.05361234000003,0.6800000000000002,0.537,467.0,182.3533,131.12499999999997,0.512,5890.0,0.31806,1.385,1.0469999999999997,7.8
TOI-6695 b,TOI-6695,9.52763359,66.74396546999998,0.41000000000000003,0.04,599.0,85.93850000000003,80.38899999999998,0.40199999999999997,6400.0,0.54033,1.517,1.338,2.1
TOI-6695 c,TOI-6695,13.6,460.85119014999987,1.01,0.022,415.0,5.39371799833772,242.4000000000001,0.8379999999999999,6400.0,0.54033,1.517,1.338,2.1
TOI-6716 b,TOI-6716,0.982,0.9109999999999999,5.29,0.88,369.0,4.3999999999999995,4.7185898,0.031900000000000005,3110.0,-2.31942,0.23100000000000004,0.223,4.7989999999999995
TOI-672 b,TOI-672,5.2604,24.10000000000001,0.91,0.1691,676.15,33.474199999999996,3.6335749999999996,0.102,3765.0,-1.32055,0.5441,0.5399,5.1761
TOI-674 b,TOI-674,5.25,23.599999999999998,0.91,0.0,635.0,38.39999999999999,1.9771430000000003,0.025,3514.0,-1.61439,0.41999999999999993,0.41999999999999993,8.598
TOI-677 b,TOI-677,13.11450742,392.2002542400001,0.955,0.46,1252.0,37.634499999999996,11.236598499999996,0.1041,6295.0,0.31172,1.2800000000000002,1.181,2.92
TOI-682.01,TOI-682,3.74186,13.5,1.4199999999999997,0.19749999999999998,1090.0,234.45999999999995,6.8392388,0.102,5085.0,-0.14982,1.08,0.8500000000000001,6.8601
TOI-6894 b,TOI-6894,9.5836785,53.39517238,0.3340000000000001,0.029,417.9,5.539999999999999,3.3707719600000003,0.02604,3007.0,-2.42597,0.2276,0.207,4.719100000000001
TOI-700 b,TOI-700,0.914,0.704,5.07,0.075,417.0,4.98,9.977219,0.0677,3459.0,-1.64016,0.421,0.41500000000000004,1.5
TOI-700 c,TOI-700,2.6,7.269999999999999,2.2700000000000005,0.068,356.0,2.6400000000000006,16.051137,0.0929,3459.0,-1.64016,0.421,0.41500000000000004,1.5
TOI-700 d,TOI-700,1.073,1.25,5.5600000000000005,0.042,268.8,0.8500000000000001,37.423959999999994,0.1633,3459.0,-1.64016,0.421,0.41500000000000004,1.5
TOI-700 e,TOI-700,0.953,0.818,5.19,0.059,272.9,1.27,27.809780000000003,0.134,3459.0,-1.64016,0.421,0.41500000000000004,1.5
TOI-7009 b,TOI-7009,3.71,13.299999999999999,1.4300000000000002,0.0918,872.0,42.4124,2.3206612,0.0287,4080.0,-0.88845,0.5639999999999998,0.583,5.8100000000000005
TOI-7041 b,TOI-7041,11.43316031,114.41822652000005,0.421,0.04,882.37,143.259,9.690999999999999,0.102,4700.0,0.88081,4.1,1.07,10.3
TOI-712 b,TOI-712,2.049,4.85,3.0999999999999996,0.54,650.0,22.600000000000005,9.531361,0.07928,4622.0,-0.72793,0.6739999999999999,0.732,0.83
TOI-712 c,TOI-712,2.701,7.759999999999999,2.16,0.089,369.9,3.08,51.69906,0.2447,4622.0,-0.72793,0.6739999999999999,0.732,0.83
TOI-712 d,TOI-712,2.474,6.6800000000000015,2.4200000000000004,0.073,313.6,1.6000000000000003,84.83960000000005,0.3405,4622.0,-0.72793,0.6739999999999999,0.732,0.83
TOI-7149 b,TOI-7149,13.2,224.0,0.53,0.078,593.0,20.6,2.6520616600000007,0.02603,3363.0,-1.91542,0.351,0.34400000000000003,7.8
TOI-715 b,TOI-715,1.55,3.0200000000000005,4.460000000000001,0.039867,234.0,0.67,19.288004000000004,0.083,3075.0,-2.30899,0.24,0.22500000000000003,6.2
TOI-7166 b,TOI-7166,2.01,4.699999999999999,3.18,0.0,249.0,1.07,12.920636210000001,0.06191,3099.0,-2.3869,0.222,0.19,4.0
TOI-733 b,TOI-733,1.992,5.720000000000001,3.9800000000000004,0.046,1055.8,207.10000000000005,4.884765,0.0618,5585.0,-0.08619,0.949,0.9559999999999998,4.4
TOI-7384 b,TOI-7384,3.56,12.4,1.5100000000000002,0.4,378.0,4.9,6.2340258,0.0439,3185.0,-2.02507,0.31900000000000006,0.318,4.629
TOI-7510 b,TOI-7510,7.31,18.100000000000005,0.255,0.0572,878.0,1678.5119,11.530869,0.1019,5720.0,0.01115,1.035,1.063,4.4
TOI-7510 c,TOI-7510,10.81,130.99999999999997,0.573,0.0091,702.0,92.40870000000002,22.568742299999997,0.1595,5720.0,0.01115,1.035,1.063,4.4
TOI-7510 d,TOI-7510,10.52,190.0,0.89,0.04,542.4,20.603599999999997,48.864468,0.2672,5720.0,0.01115,1.035,1.063,4.4
TOI-756 b,TOI-756,2.81,9.829999999999998,2.4200000000000004,0.0,934.0,126.99999999999997,1.2392495000000001,0.018,3657.0,-1.38722,0.505,0.505,3.2
TOI-756 c,TOI-756,13.0,1287.2050483500004,3.22,0.445,194.0,0.24,149.4,0.43899999999999995,3657.0,-1.38722,0.505,0.505,3.2
TOI-757 b,TOI-757,2.5,10.5,3.6000000000000005,0.39,641.0,24.364399999999996,17.468190000000003,0.122,5278.0,-0.37675,0.78,0.8,7.5
TOI-762 A b,TOI-762 A,8.33948164,79.77493015999997,0.76,0.083,555.4,17.001199999999997,3.4716826000000003,0.03418,3266.0,-1.73283,0.425,0.442,9.3
TOI-763 b,TOI-763,2.28,9.79,4.51,0.04,1038.0,182.935,5.6057,0.06,5450.0,-0.15377,0.8969999999999999,0.917,4.684
TOI-763 c,TOI-763,2.63,9.32,2.8199999999999994,0.04,800.0,64.3196,12.2737,0.1011,5450.0,-0.15377,0.8969999999999999,0.917,4.697000000000001
TOI-771 b,TOI-771,1.36,2.4700000000000006,5.4,0.055,543.0,14.0,2.3260155,0.0208,3370.0,-2.20343,0.232,0.22,6.7
TOI-771 c,TOI-771,1.5,2.8699999999999997,4.67,0.065,365.0,3.0,7.610000000000001,0.046,3370.0,-2.20343,0.232,0.22,6.7
TOI-776 b,TOI-776,1.798,5.0,4.8,0.052,520.0,11.500000000000002,8.24662,0.0653,3725.0,-1.3098,0.547,0.542,6.1
TOI-776 c,TOI-776,2.047,6.900000000000002,4.3999999999999995,0.089,420.0,4.9,15.665323,0.1001,3725.0,-1.3098,0.547,0.542,6.1
TOI-778 b,TOI-778,15.4,877.9999999999998,1.3,0.21,1561.0,734.6719999999998,4.633611,0.06,6643.0,0.76042,1.7099999999999997,1.4,1.95
TOI-782 b,TOI-782,2.734,19.100000000000005,2.56,0.19,435.0,5.910000000000001,8.024001500000002,0.057800000000000004,3370.0,-1.70246,0.41300000000000003,0.397,3.08101
TOI-784 b,HD 307842,1.93,9.670000000000002,7.3999999999999995,0.0,1256.0,413.8939999999999,2.7970365,0.038,5558.0,-0.19034,0.907,0.91,5.602
TOI-813 b,TOI-813,6.71,36.400000000000006,0.662,0.0,610.0,23.1,83.89109999999997,0.423,5907.0,0.61906,1.9400000000000002,1.32,3.73
TOI-815 b,TOI-815,2.94,7.599999999999999,1.6399999999999997,0.2,686.0,36.89999999999999,11.197258999999999,0.0903,4869.0,-0.50459,0.77,0.776,0.2
TOI-815 c,TOI-815,2.62,23.500000000000007,7.2,0.22,469.0,8.03,34.976144999999995,0.19299999999999998,4869.0,-0.50459,0.77,0.776,0.2
TOI-824 b,TOI-824,2.926,18.467000000000002,4.03,0.01,1253.0,412.00000000000017,1.3929779999999998,0.02177,4600.0,-0.70997,0.6950000000000001,0.71,7.5
TOI-833 b,TOI-833,1.27,2.1500000000000004,5.77,0.0361,1118.0,270.0682,1.0418777,0.0171,3920.0,-1.11104,0.6000000000000001,0.61,6.175
TOI-836 b,TOI-836,1.704,4.530000000000001,5.02,0.053,871.0,78.83800000000002,3.81673,0.0422,4552.0,-0.85276,0.665,0.678,5.4
TOI-836.01,TOI-836,2.587,9.6,3.0599999999999996,0.078,665.0,26.706999999999994,8.59545,0.075,4552.0,-0.85276,0.665,0.678,5.4
TOI-837 b,TOI-837,9.16894621,120.45696625000002,0.89,0.0,995.3,163.99999999999994,8.3249113,0.0888,5995.0,0.1271,1.052,1.142,0.035
TOI-849 b,TOI-849,3.64,41.8,5.6,0.0,1932.0,2314.06,0.7655480000000001,0.0155,5257.0,-0.2184,0.97,0.97,6.7
TOI-858 B b,TOI-858 B,14.06727078,349.61124770000004,0.69,0.15,1529.0,908.8999999999997,3.2797178000000002,0.04435,5842.0,0.25285,1.308,1.081,6.8
TOI-871 b,TOI-871,1.664,3.41,4.07,0.0693,621.0,24.780000000000005,14.362564999999998,0.1054,4929.0,-0.56004,0.719,0.758,5.9
TOI-880 c,TOI-880,4.95,21.700000000000003,0.983,0.0364,805.0,73.99669999999999,6.3872703,0.0635,5050.0,-0.44771,0.83,0.87,5.2
TOI-880.02,TOI-880,2.19,5.43,2.8400000000000003,0.051000000000000004,1085.0,301.8660999999999,2.57571,0.0349,5050.0,-0.44771,0.83,0.87,5.2
TOI-892 b,TOI-892,11.99363,301.93850000000003,0.9620000000000001,0.125,1397.0,571.0069999999998,10.626560000000001,0.092,6261.0,0.43136,1.3899999999999997,1.2800000000000002,2.2
TOI-904 b,TOI-904,2.426,6.46,2.49,0.1871,429.43,8.3169,10.877200000000002,0.056,3770.2,-1.29243,0.527,0.557,1.5
TOI-904 c,TOI-904,2.167,5.34,2.88,0.2972,217.26,0.5449,83.99969999999999,0.312,3770.2,-1.29243,0.527,0.557,1.5
TOI-905 b,TOI-905,13.125739,211.99260999999993,0.515,0.024,1192.0,337.0,3.739494,0.04666,5570.0,-0.13668,0.9179999999999999,0.9679999999999999,3.4
TOI-907.01,TOI-907,9.6158851,67.00000000000001,0.414,0.0091,1846.6,1729.6714000000006,4.584912900000001,0.055225481,6272.0,0.75862,2.059789,1.069357,3.9872
TOI-908 b,TOI-908,3.186,16.136999999999997,2.742,0.132,1317.0,80.88399999999997,3.1837920000000004,0.041657,5626.0,-0.03953,1.028,0.9500000000000001,4.6
TOI-912 b,TOI-912,1.93,5.1,3.9999999999999996,0.58,551.0,14.999999999999998,4.6780691,0.041,3572.0,-1.59007,0.41899999999999993,0.418,0.8
TOI-913 b,TOI-913,2.4528,6.59,2.45,0.0,712.01,35.242200000000004,11.098643999999998,0.102,4969.0,-0.53057,0.7325000000000002,0.8200000000000001,4.471
TOI-942 b,TOI-942,3.89,16.0,2.56,0.34,1120.0,261.8579999999999,4.324209999999999,0.04866,4969.0,-0.35853,0.8939999999999999,0.822,0.053
TOI-942 c,TOI-942,4.67,36.99999999999999,2.56,0.32,884.79,84.09009837379585,10.156272000000001,0.08598,4969.0,-0.35853,0.8939999999999999,0.822,0.053
TOI-954 b,TOI-954,9.550068,55.30241999999998,0.35,0.14,1526.0,1393.0000000000005,3.6849729,0.04963,5710.0,0.53529,1.8920000000000001,1.201,6.14
TOI-969 b,TOI-969,2.765,9.1,2.34,0.046400000000000004,941.0,188.00000000000006,1.8237305,0.02636,4435.0,-0.70042,0.671,0.734,2.03
TOI-969 c,TOI-969,12.4,3591.460999100003,10.399999999999999,0.628,96.4,0.0208,1700.0,2.5200000000000005,4435.0,-0.70042,0.671,0.734,2.03
TRAPPIST-1 b,TRAPPIST-1,1.116,1.374,5.441939,0.00622,397.6,4.1530000000000005,1.5108260000000002,0.011539999999999998,2566.0,-3.25727,0.1192,0.0898,7.6
TRAPPIST-1 c,TRAPPIST-1,1.097,1.308,5.463993,0.00654,339.7,2.2139999999999995,2.4219369999999993,0.0158,2566.0,-3.25727,0.1192,0.0898,7.6
TRAPPIST-1 d,TRAPPIST-1,0.788,0.388,4.366783999999999,0.00837,286.2,1.115,4.049219,0.02227,2566.0,-3.25727,0.1192,0.0898,7.6
TRAPPIST-1 e,TRAPPIST-1,0.92,0.692,4.901605,0.0051,249.7,0.646,6.101013,0.02925,2566.0,-3.25727,0.1192,0.0898,7.6
TRAPPIST-1 f,TRAPPIST-1,1.045,1.0390000000000001,5.0229040000000005,0.01007,217.7,0.373,9.20754,0.03849,2566.0,-3.25727,0.1192,0.0898,7.6
TRAPPIST-1 g,TRAPPIST-1,1.129,1.321,5.055985999999999,0.00208,197.3,0.252,12.352446,0.04683,2566.0,-3.25727,0.1192,0.0898,7.6
TRAPPIST-1 h,TRAPPIST-1,0.755,0.326,4.16278,0.00567,171.7,0.144,18.772865999999997,0.06189,2566.0,-3.25727,0.1192,0.0898,7.6
TYC 0434-04538-1 b,TYC 0434-04538-1,12.7,1938.7629999999995,5.199999999999999,0.08,783.29,35.36739482575975,193.20000000000005,0.6599999999999999,4679.0,1.67,9.990000000000002,1.04,6.75
TYC 1422-614-1 b,TYC 1422-614-1,13.3,794.4999999999998,1.8599999999999999,0.06,606.2,35.963129047660374,198.39999999999995,0.69,4806.0,1.35,6.849999999999998,1.15,5.89
TYC 1422-614-1 c,TYC 1422-614-1,12.5,3178.000000000001,8.939999999999998,0.048,777.3100000000001,35.36739482575975,559.3,1.37,4806.0,1.35,6.849999999999998,1.15,5.89
TYC 2187-512-1 b,TYC 2187-512-1,12.5,104.88337431000002,0.295,0.05,341.2,4.1587453617298085,691.9,1.22,3734.0,-1.38091,0.49500000000000005,0.49799999999999994,3.066
TYC 3318-01333-1 b,TYC 3318-01333-1,13.1,1086.9786,2.66,0.098,542.7,18.984919891040942,562.0000000000001,1.4140000000000001,4776.0,1.21,5.9,1.19,6.1644000000000005
TYC 3667-1280-1 b,TYC 3667-1280-1,12.8,1716.2820000000002,4.5,0.036,1350.0,322.70507496954014,26.468000000000004,0.21,5130.0,1.38,6.26,1.8700000000000003,1.35
TYC 4282-00605-1 b,TYC 4282-00605-1,12.4,3426.2073999999966,9.869999999999997,0.28,1095.508,183.21500267660252,101.53999999999998,0.42199999999999993,4300.0,1.91,16.21,0.97,10.1
TYC 8998-760-1 b,TYC 8998-760-1,12.3,4449.620000000003,13.1,0.56501,593.6,41.911396356283085,11.122139999999998,162.0,4573.0,-0.339,0.9538110000000001,1.0,0.0167
TYC 8998-760-1 c,TYC 8998-760-1,12.3299,1906.9799999999996,5.59,0.47194,1240.0,92.42710416027955,11.122139999999998,320.0,4573.0,-0.339,0.9538110000000001,1.0,0.0167
Teegarden's Star b,Teegarden's Star,1.05,1.16,5.51,0.03,277.0,1.08,4.90634,0.0259,3034.0,-3.14146,0.12,0.097,8.0
Teegarden's Star c,Teegarden's Star,1.02,1.05,5.44,0.04,209.0,0.35,11.416,0.0455,3034.0,-3.14146,0.12,0.097,8.0
Teegarden's Star d,Teegarden's Star,0.954,0.8200000000000001,5.19,0.07,159.0,0.12,26.130000000000003,0.0791,3034.0,-3.14146,0.12,0.097,8.0
TrES-1 b,TrES-1,12.66617,266.97720000000004,0.712,0.0,1140.0,318.45820000000003,3.03007,0.03925,5230.0,-0.30071,0.8500000000000001,1.04,3.7
TrES-2 b,TrES-2,15.24424,473.56669999999997,0.8840000000000001,0.0,1466.0,903.8639999999997,2.4706299999999994,0.03568,5850.0,0.03841,1.12,1.3599999999999999,3.55
TrES-3 b,TrES-3,14.975,607.0300000000002,0.994,0.0,1638.0,1025.5022000000001,1.30618581,0.02282,5650.0,-0.20412,0.829,0.9280000000000002,0.9
TrES-4 b,TrES-4,18.04649,247.90740000000005,0.099,0.0,1778.0,2276.294999999999,3.55395,0.05084,6200.0,0.72552,1.6599999999999997,1.08,2.2
TrES-5 b,TrES-5,13.383546,568.9157000000001,1.31,0.0,1480.0,442.99299999999994,1.48224686,0.02459,5171.0,-0.34382,0.8680000000000001,0.9010000000000001,7.4
UCAC3 113-933 b,UCAC3 113-933,12.1,6674.396547,20.7,0.52524,1607.4,507.69130650793676,11.122139999999998,6100.000000000004,3864.0,-1.19385,0.564484,0.61,0.55
UCAC4 328-061594 b,UCAC4 328-061594,12.1,6674.396547,20.7,0.4636400000000001,595.076,46.4569372467996,11.122139999999998,18999.999999999985,5549.0,-0.07632,0.95138,1.19,0.4
UKIRT-2017-BLG-001L b,UKIRT-2017-BLG-001L,13.7,406.9999999999999,0.87,0.27944,557.0,16.815213051467694,11.122139999999998,4.18,5549.0,-0.07632,0.95138,0.81,7.6923
USco CTIO 108 b,USco CTIO 108,12.3,4449.620000000003,13.1,0.5117,1926.0,181.77699828210785,11.122139999999998,670.0000000000001,2700.0,-1.95,0.345365,0.06,0.003
USco1556 b,USco1556 A,12.3,4767.45,14.100000000000003,0.5117,2240.0,609.586209304523,11.122139999999998,3499.9999999999977,3410.0,-1.09,0.668108,0.33,0.0075
USco1621 b,USco1621 A,12.2,5085.2800000000025,15.400000000000002,0.5357,2270.0,609.586209304523,11.122139999999998,2880.0,3460.0,-1.02,0.710071,0.36,0.0075
UZ For b,UZ For,2.8395539349999996,2002.2,2.56,0.04,53.04,0.02598284318690541,5840.000000000001,5.9,5286.9,-0.07632,0.95138,0.7,7.649000000000001
UZ For c,UZ For,2.8395539349999996,2447.1999999999994,2.56,0.05,63.04,0.02598284318690541,1916.2500000000002,2.8,5286.9,-0.07632,0.95138,0.7,6.519
V0391 Peg b,V0391 Peg,13.1,1017.0560000000004,2.49,0.0,783.1,55.65030420970662,1169.9999999999998,1.7000000000000002,29300.0,1.43287,0.23000000000000004,0.5,10.0
V1298 Tau b,V1298 Tau,9.41,13.1,0.09,0.0079,666.0,33.20000000000001,24.140005999999993,0.16850000000000004,4970.0,-0.02045,1.32,1.1,0.02
V1298 Tau c,V1298 Tau,5.08,4.699999999999999,0.19999999999999998,0.0094,953.0,145.99999999999994,8.249164000000002,0.0824,4970.0,-0.02045,1.32,1.1,0.02
V1298 Tau d,V1298 Tau,6.53,6.0,0.12,0.0087,831.0,84.99999999999997,12.401394,0.1081,4970.0,-0.02045,1.32,1.1,0.02
V1298 Tau e,V1298 Tau,10.17,15.300000000000004,0.08,0.0124,527.0,10.000000000000002,48.677713999999995,0.2689,4970.0,-0.02045,1.32,1.1,0.02
V2376 Ori b,V2376 Ori,87.20586985,6356.568139999998,0.0527,0.339009,2100.0,803.5209455082083,11.122139999999998,71.0,5549.0,-0.07632,0.95138,0.45000000000000007,0.007
V830 Tau b,V830 Tau,14.0,222.48100000000005,0.44599999999999995,0.0,1455.429,655.5150272793867,4.9270000000000005,0.057,4250.0,0.08,1.9999999999999996,1.0,0.0022
VHS J125601.92-125723.9 b,VHS J125601.92-125723.9,13.67495645,5085.254512,10.9,0.68,1194.0,69.7564309007833,5800000.0,349.9999999999999,2620.0,-3.14,0.95138,0.07,0.14
WASP-1 b,WASP-1,16.623,271.4150000000001,0.348,0.0,1812.0,2121.517500000001,2.5199454,0.03889,6110.0,0.44091,1.4700000000000002,1.2400000000000002,3.4
WASP-10 b,WASP-10,12.106,1001.12,4.14,0.0473,1370.0,174.03230000000008,3.0927616000000007,0.037809999999999996,4675.0,-0.64029,0.698,0.75,7.0
WASP-100 b,WASP-100,14.90797,400.4658000000001,0.53,0.0,2190.0,5502.882200000001,2.8493799999999996,0.04574,6900.0,0.76571,1.5700000000000003,0.77,1.57
WASP-101 b,WASP-101,16.02887,162.09330000000006,0.24,0.0,1560.0,1089.1710000000003,3.5857200000000002,0.05057,6380.0,0.42052,1.31,1.4100000000000001,1.14
WASP-102 b,WASP-102,14.90794433,197.68926915000003,0.32,0.0,1671.0,1292.9999999999995,2.709813,0.041,5990.0,0.35701,1.375,1.08,0.67
WASP-103 b,WASP-103,17.127,473.54699999999985,0.55,0.0,2508.0,5315.64168391073,0.9255419999999999,0.01985,6110.0,0.413,1.436,1.22,4.0
WASP-104 b,WASP-104,12.745,404.2629999999999,1.074,0.0,1516.0,867.7364999999998,1.7554137,0.02918,5475.0,-0.18964,0.963,1.076,3.0
WASP-105 b,WASP-105,10.76064,572.094,2.65,0.0,900.0,166.53679999999994,7.872880000000002,0.075,5070.0,-0.02427,0.9,0.89,4.6505
WASP-106 b,WASP-106,12.10569916,613.4088255100003,1.8599999999999999,0.023,1140.0,327.8307,9.289689999999998,0.09009999999999999,6002.0,0.42198,1.4700000000000002,1.175,2.5
WASP-107 b,WASP-107,10.53646,30.499999999999993,0.134,0.06,736.0,51.00000000000001,5.7214742,0.055,4425.0,-0.87943,0.67,0.6829999999999999,3.4
WASP-107 c,WASP-107,13.2,114.99999999999999,0.275,0.28,344.59000000000003,4.928820845754979,1088.0,0.102,4425.0,-0.87943,0.67,0.6829999999999999,3.4
WASP-108 b,WASP-108,15.13212395,283.50293904000006,0.47743099999999994,0.0,1589.0,1360.1641,2.67555212374,0.102,6783.0,0.31716,1.34415,1.167,4.64
WASP-11 b,WASP-11,12.44199,251.0857000000001,0.632,0.0,992.0,184.98800000000008,3.7224699999999995,0.0435,4800.0,0.0,0.89,1.4199999999999997,7.6
WASP-110 b,WASP-110,13.19297028,154.78243420999993,0.396533,0.0,1158.0,278.9999999999999,3.7784021999999995,0.102,5392.0,-0.229,0.853,0.8139999999999998,11.0
WASP-113 b,WASP-113,15.793481,150.96925000000002,0.228,0.0,1496.0,821.4049999999996,4.54216874538,0.05885,5890.0,0.51621,1.608,1.318,6.2
WASP-114 b,WASP-114,15.008851,562.24127,0.97,0.012,2043.0,2978.2048,1.5487743,0.02851,5940.0,0.33294,1.4300000000000002,1.2890000000000001,4.3
WASP-116 b,WASP-116,13.67495645,203.41018047999995,0.42999999999999994,0.0,1414.0,662.9999999999998,6.613199999999999,0.065,6250.0,0.49624,1.4260000000000002,1.25,1.7
WASP-117 b,WASP-117,11.88154,95.34900000000002,0.34450000000000003,0.3,1001.0,211.79169999999993,10.02165,0.09459,6040.0,0.27413,1.22,1.29,4.6
WASP-118 b,WASP-118,16.14096,163.36462,0.23300000000000004,0.0,1729.0,6586.4699999999975,4.0460435,0.05453,6410.0,0.65885,1.6959999999999997,1.32,1.17
WASP-119 b,WASP-119,15.6926,390.93090000000007,0.7,0.058,1600.0,907.8623999999996,2.49979,0.0363,5650.0,0.07465,1.2,1.02,8.0
WASP-12 b,WASP-12,22.02564708,467.2101000000002,0.266,0.0447,2601.0,8220.583999999997,1.091418901,0.0234,6265.0,0.59711,1.69,1.325,3.05
WASP-120 b,WASP-120,15.58048317,1541.4754999999996,2.3341069999999995,0.057,1749.0,1818.5489000000002,3.6112672099999994,0.0514,6450.0,0.67509,1.6844299999999999,1.393,0.7
WASP-121 b,WASP-121,19.52604438,371.85923619000005,0.275,0.0,2409.0,6216.409999999995,1.2749250400000003,0.02571,6628.0,0.64372,1.461,1.33,1.11
WASP-123 b,WASP-123,15.13212395,285.7291700000001,0.49069299999999993,0.0,1500.0,758.3239999999998,2.97764359,0.04263,5740.0,0.16234,1.285,1.166,6.9
WASP-124 b,WASP-124,13.89916,190.69799999999998,0.42999999999999994,0.017,1400.0,747.9999999999998,3.3726500000000006,0.0449,6050.0,0.14934,1.02,1.07,2.1
WASP-126 b,WASP-126,10.51358773,90.30000000000003,0.41000000000000003,0.18,1480.0,759.3374000000001,3.2888299999999995,0.0449,5800.0,0.15879,1.27,1.12,6.4
WASP-126 c,WASP-126,9.38,64.2,0.42700000000000005,0.05,967.3299999999999,147.17915810788242,7.629999999999998,0.102,5800.0,0.15879,1.27,1.12,6.4
WASP-127 b,WASP-127,14.694999,52.34660100000001,0.097,0.0,1400.0,703.9710000000001,4.17806203,0.0484,5620.0,0.27574,1.333,0.9500000000000001,11.41
WASP-129 b,WASP-129,10.42437,317.8299999999999,1.6000000000000003,0.096,1100.0,345.72009999999995,5.748145,0.0628,5900.0,0.11182,0.9,1.0,1.0
WASP-13 b,WASP-13,13.67498,114.41879999999998,0.222,0.0,1531.0,617.3089999999999,4.353009999999999,0.05362,5950.0,0.43636,1.37,0.7199999999999999,5.0
WASP-130 b,WASP-130,9.97601,390.93090000000007,2.34,0.0,833.0,56.35499999999999,11.550980000000001,0.1012,5625.0,-0.03215,0.9599999999999999,1.04,2.0
WASP-131 b,WASP-131,13.74221034,86.76715510999998,0.19627700000000003,0.0,1460.0,995.3724000000001,5.322012499999999,0.0608,5990.0,0.53005,1.561,1.06,7.0
WASP-132 b,WASP-132,10.09929161,136.03055820000003,0.73,0.0163,682.0,58.50000000000001,7.133516399999999,0.0674,4686.0,-0.57512,0.758,0.7889999999999999,7.2
WASP-132 c,WASP-132,1.841,6.26,5.47,0.0,1329.0,791.0000000000001,1.01153624,0.01833,4686.0,-0.57512,0.758,0.7889999999999999,7.2
WASP-132 d,WASP-132,12.8,1639.9945801200001,4.3,0.12,107.0,0.0363,1816.5999999999995,2.7100000000000004,4686.0,-0.57512,0.758,0.7889999999999999,7.2
WASP-133 b,WASP-133,13.56289,368.6827999999999,0.8800000000000001,0.17,1790.0,2054.795599999999,2.176423,0.0345,5700.0,0.30545,1.44,1.16,6.8
WASP-135 b,WASP-135,14.5717,603.8770000000001,1.16,0.0,1403.66,917.4101000000004,1.4013794,0.0243,5675.0,-0.32573,0.9599999999999999,0.9799999999999999,0.6
WASP-136 b,WASP-136,16.81347105,479.92089456999975,0.583527,0.0,1630.0,1843.4633000000003,5.215361787780001,0.06609999999999999,6250.0,0.82265,2.39014,1.4100000000000001,3.62
WASP-138 b,WASP-138,12.21781,387.75259999999986,1.2,0.08359999999999998,1590.0,1133.73,3.6344330000000005,0.0494,6272.0,0.43503,1.3599999999999999,1.22,3.44
WASP-139 b,WASP-139,8.9672,37.18610999999999,0.30999999999999994,0.0,910.0,120.70759999999996,5.924262,0.062,5310.0,-0.34535,0.8,0.9200000000000002,0.5
WASP-14 b,WASP-14,15.46842,2809.6172,2.25,0.09,1872.0,1356.3299999999995,2.2437500000000004,0.037,6475.0,0.42732,1.4,1.62,0.75
WASP-140 b,WASP-140,14.23540549,775.5052000000003,1.5781750000000003,0.047,1270.0,491.3259999999999,2.2359844800000004,0.032299999999999995,5300.0,-0.29437,0.87,0.9,0.5
WASP-141 b,WASP-141,13.56289,854.9626999999998,1.9799999999999998,0.0,1540.0,1061.5541999999998,3.310651,0.0469,5900.0,0.31468,1.37,1.25,5.0
WASP-142 b,WASP-142,17.14977,266.97720000000004,0.30999999999999994,0.0,2000.0,3140.923799999999,2.052868,0.0347,6010.0,0.51325,1.6399999999999997,1.33,2.0
WASP-144 b,WASP-144,9.52765,139.8452,0.9500000000000001,0.0,1260.0,775.8849000000004,2.2783152,0.0316,5200.0,-0.12928,0.81,0.81,8.71
WASP-145 A b,WASP-145 A,10.0881,282.86870000000005,1.6000000000000003,0.0,1200.0,313.4012000000001,1.7690381000000002,0.0261,4900.0,-0.68352,0.6800000000000002,0.76,6.99
WASP-147 b,WASP-147,12.498035,87.40324999999996,0.263,0.0,1404.0,639.4922999999999,4.602729999999999,0.05489999999999999,5702.0,0.28685,1.429,1.044,8.47
WASP-148 b,WASP-148,8.47398941,91.21675281,0.831,0.208,940.0,72.69900000000001,8.803809,0.08215,5555.0,-0.13906,0.9119999999999999,0.9540000000000001,3.6
WASP-148 c,WASP-148,13.9,124.58873554000002,0.255,0.1809,590.0,24.76966400277971,34.523999999999994,0.2044,5555.0,-0.13906,0.9119999999999999,0.9540000000000001,3.6
WASP-149 b,WASP-149,15.24421375,314.96795134,0.49,0.0,1855.0,1965.9999999999995,1.3328130000000002,0.024,5750.0,0.04343,1.08,1.05,0.6
WASP-15 b,WASP-15,15.80469,171.62820000000005,0.263,0.0,1676.0,1237.7366,3.7521,0.05165,6300.0,0.49,1.48,1.18,2.4
WASP-150 b,WASP-150,11.99363,2688.8418,8.54,0.3775,1460.0,854.7073999999999,5.644206999999999,0.0694,6218.0,0.55826,1.6510000000000002,1.3940000000000001,2.95
WASP-151 b,WASP-151,13.30506009,100.43377661,0.250651,0.0,1312.0,460.00000000000006,4.5334775,0.055,5871.0,0.14485,1.181,1.081,5.5
WASP-153 b,WASP-153,17.37395,123.9537,0.15,0.009,1700.0,1399.9999999999995,3.3326089999999997,0.048,5914.0,0.45958,1.73,1.336,4.0
WASP-154 b,WASP-154,10.76062147,198.96058278000004,0.8800000000000001,0.0,994.0,162.0,3.811678,0.044,4774.0,-0.50063,0.823,0.8,7.367999999999999
WASP-155 b,WASP-155,13.45077684,276.8285425,0.62,0.0,1468.0,771.0000000000002,3.1104130000000003,0.043,5660.0,0.14142,1.2400000000000002,1.09,1.7
WASP-156 b,WASP-156,6.02802815,41.8,1.05,0.0,934.5,150.0,3.8361622999999994,0.0458,4987.0,-0.41794,0.8268,0.8711999999999999,5.6
WASP-157 b,WASP-157,11.19,182.43442,0.64,0.0,1193.0,419.5229033171615,3.9516230000000006,0.0499,5772.0,0.07934,1.1,1.06,1.6
WASP-158 b,WASP-158,11.99363,886.7457,3.0999999999999996,0.0,1590.0,903.0129999999999,3.6563330000000005,0.0517,6350.0,0.48338,1.3899999999999997,1.3799999999999997,1.93
WASP-159 b,WASP-159,15.46842,174.80650000000006,0.28,0.0,1850.0,1599.9200000000005,3.840401,0.0538,6120.0,0.678,2.1100000000000003,1.4100000000000001,3.4
WASP-16 b,WASP-16,13.67498,394.1092,0.572,0.0,1389.0,481.9170000000001,3.1186000000000003,0.0415,5700.0,0.01005,1.14,1.7800000000000002,8.6
WASP-160 B b,WASP-160 B,12.21781,88.35674000000003,0.284,0.0,1119.0,210.57499999999993,3.7684952000000003,0.0452,5298.0,-0.31796,0.8680000000000001,0.87,9.75
WASP-161 b,WASP-161,12.811887,791.3966999999998,2.2,0.14226,1557.0,990.0000000000002,5.4060425,0.0673,6400.0,0.64738,1.7119999999999997,1.3899999999999997,2.099
WASP-162 b,WASP-162,11.209,1652.7159999999994,6.900000000000002,0.434,910.0,121.91800000000006,9.624680000000001,0.0871,5300.0,0.05436,1.11,0.9500000000000001,12.97
WASP-163 b,WASP-163,13.473218,594.3421,1.4199999999999997,0.017653,1638.0,1200.0,1.6096884,0.0266,5500.0,-0.07572,1.015,0.97,6.67
WASP-164 b,WASP-164,12.643752,676.9778999999999,1.96,0.0,1610.0,1043.2122000000002,1.7771255,0.02818,5806.0,-0.06732,0.9319999999999999,0.946,4.08
WASP-165 b,WASP-165,14.12334,209.13214000000005,0.44,0.0,1624.0,1373.5323999999996,3.465509,0.04823,5599.0,0.42831,1.75,1.248,4.77
WASP-166 b,WASP-166,7.06167,32.10083000000001,0.54,0.0,1270.0,440.0,5.4435400000000005,0.0641,6050.0,0.2826,1.22,1.19,2.1
WASP-167 b,WASP-167,17.71022,2542.6400000000003,2.56,0.012564,2329.0,3208.410000000002,2.0219596,0.0365,7000.0,0.89734,1.79,1.5900000000000003,1.29
WASP-168 b,WASP-168,16.8135,133.48860000000002,0.16,0.0,1340.0,278.88600000000014,4.153658,0.0519,6000.0,0.15518,1.12,1.08,3.96
WASP-169 b,WASP-169,14.616536,178.3026299999999,0.33,0.0,1604.0,1486.8578999999995,5.6114118,0.0681,6110.0,0.78882,2.0109999999999997,1.3370000000000002,3.802
WASP-17 b,WASP-17,20.96083,247.90740000000005,0.082,0.0,1755.0,1292.1900000000003,3.73543,0.0515,6550.0,0.61272,1.49,2.28,2.65
WASP-170 b,WASP-170,12.285064,508.5280000000001,1.6000000000000003,0.0079,1422.0,679.9999999999998,2.3447802199999996,0.0337,5600.0,-0.11351,0.938,0.9300000000000002,6.106000000000001
WASP-171 b,WASP-171,10.98482,344.5277200000001,1.5,0.0,1642.0,1200.2399999999998,3.8186243999999996,0.0504,5965.0,0.67172,1.637,1.171,5.908
WASP-172 b,WASP-172,17.59813,149.38010000000006,0.16,0.0,1740.0,1506.5000000000005,5.477433,0.0694,6900.0,0.93444,1.9099999999999997,1.49,1.79
WASP-173 A b,WASP-173 A,13.4508,1172.7927,2.8400000000000003,0.0,1880.0,1920.0000000000007,1.3866531799999997,0.0248,5800.0,0.08279,1.11,1.05,6.78
WASP-174 b,WASP-174,16.10730527,104.88337431000002,0.135,0.0,1528.0,901.9000000000001,4.233700500000001,0.05503,6399.0,0.43616,1.347,1.2400000000000002,2.2
WASP-175 b,WASP-175,13.540472,314.6516999999999,0.74,0.0,1571.0,649.4289999999997,3.0652907,0.04403,6229.0,0.78882,1.204,1.212,1.745
WASP-176 b,WASP-176,16.869545,271.74464999999987,0.30999999999999994,0.0,1721.0,1703.2412999999997,3.899052,0.0535,5941.0,0.61653,1.925,1.345,4.81
WASP-177 b,WASP-177,17.71022,161.45764000000005,0.172,0.06789999999999999,1142.0,279.77360000000004,3.0717220000000003,0.03957,5017.0,-0.41167,0.8850000000000001,0.876,9.7
WASP-178 b,WASP-178,20.28829,527.5978000000001,0.37,0.0,2470.0,5550.000000000004,3.3448285,0.0558,9360.0,1.21484,1.6699999999999997,2.07,0.43
WASP-18 b,WASP-18,13.89913607,3241.8497513999996,6.599999999999998,0.0051,2429.0,5804.999999999997,0.94145223,0.02024,6432.0,0.42813,1.319,1.294,1.57
WASP-18 c,WASP-18,8.58,55.200000000000024,0.48,0.015,1593.67,1157.4214634604696,2.1558,0.035,6400.0,0.38999,1.23,1.22,1.0
WASP-180 A b,WASP-180 A,13.89916,286.0470000000001,0.61,0.0,1540.0,918.3876999999997,3.4092639999999994,0.048,6600.0,0.31533,1.19,1.3,1.2
WASP-181 b,WASP-181,13.271456,95.03117000000003,0.237,0.084,1186.0,382.4492,4.519506399999999,0.05427,5839.0,0.04879,0.965,1.04,2.5
WASP-182 b,WASP-182,9.52765,47.03884000000001,0.318,0.0,1479.0,756.2609999999997,3.3769848,0.0451,5638.0,0.15545,1.34,1.076,5.952
WASP-183 b,WASP-183,16.47723,159.55065999999994,0.21,0.09069999999999998,1111.0,268.71759999999995,4.111777099999999,0.04632,5313.0,-0.20873,0.8709999999999999,0.784,14.9
WASP-184 b,WASP-184,14.90797,181.1631,0.32,0.0,1480.0,669.018,5.1817,0.0627,6000.0,0.50133,1.65,1.23,4.7
WASP-185 b,WASP-185,14.01125,311.4734,0.6599999999999999,0.24,1160.0,662.3252,9.387549999999997,0.0904,5900.0,0.41219,1.5,1.12,6.6
WASP-186 b,WASP-186,12.44199,1341.2425999999996,3.8209999999999997,0.33,1378.4,853.1354999999996,5.026798999999999,0.06,6361.0,0.50022,1.4700000000000002,1.22,3.1
WASP-187 b,WASP-187,18.38276,254.26400000000007,0.22399999999999998,0.0,1760.0,1594.76,5.147878,0.0653,6150.0,0.96727,2.8300000000000005,1.54,2.55
WASP-188 b,WASP-188,14.81827249,458.6263913,0.78,0.0,1666.0,1278.0000000000005,5.748916,0.072,6850.0,0.74277,1.8300000000000003,1.5,1.514
WASP-189 b,WASP-189,18.14733975,632.4785299299998,0.621987,0.0,3353.0,7685.194115688336,2.724033,0.05053,8000.0,1.31471,2.36,2.0299999999999994,0.73
WASP-19 b,WASP-19,15.86070769,366.77398167999996,0.506,0.0126,2113.0,3320.000000000002,0.78883852,0.01652,5616.0,-0.04335,1.006,0.965,6.4
WASP-190 b,WASP-190,12.89035,317.8299999999999,0.8149999999999998,0.0,1500.0,747.1320000000001,5.367753,0.0663,6400.0,0.69146,1.6000000000000003,1.35,1.9222999999999995
WASP-192 b,WASP-192,13.78707,731.009,1.62,0.0,1620.0,471.1420000000001,2.8786765,0.0408,5910.0,0.28203,1.32,1.09,5.7
WASP-193 b,WASP-193,14.78464554,35.59678158,0.06,0.081,1250.0,401.99999999999983,6.2463475,0.0668,6080.0,0.26007,1.213,1.018,6.8
WASP-194 b,WASP-194,15.47960235,373.1305498199998,0.55,0.0,1693.0,1365.0000000000002,3.1833870000000006,0.047,6405.0,0.48157,1.4090000000000003,1.29,0.75
WASP-195 b,WASP-195,10.31226224,33.05415433000001,0.16,0.0,1522.0,889.9999999999997,5.051928000000001,0.063,6300.0,0.5414,1.5779999999999998,1.3,0.6
WASP-197 b,WASP-197,14.44837612,403.32424848,0.74,0.0,1665.0,1276.0,5.167228000000001,0.065,6050.0,0.77067,2.112,1.3599999999999999,2.6
WASP-2 b,WASP-2,12.116929,295.8997299999999,0.9139999999999999,0.0054,1311.0,491.9999999999999,2.1521749999999997,0.03144,5180.0,-0.31336,0.866,0.895,8.2
WASP-20 b,WASP-20,15.46839337,98.84100000000001,0.156491,0.0,1362.0,259.8640000000001,4.89964477,0.05999,5940.0,0.239,1.2419999999999998,1.2,7.0
WASP-21 b,WASP-21,11.99,95.345,0.32,0.0,1333.0,705.0437999999999,4.322482,0.052,5800.0,0.30426,1.06,1.01,12.0
WASP-22 b,WASP-22,13.78707,212.94609999999992,0.44400000000000006,0.02,1502.0,837.7033999999999,3.5326900000000006,0.047,6000.0,0.245,1.2400000000000002,1.46,3.0
WASP-23 b,WASP-23,10.783,280.94999999999993,1.17,0.062,1076.55,317.43140000000005,2.9444255999999998,0.0376,5150.0,-0.37679,0.765,0.78,6.2
WASP-24 b,WASP-24,15.46842,394.1092,0.622,0.0,1772.0,934.465,2.34121,0.03651,6075.0,0.33131,1.4199999999999997,1.4300000000000002,3.8
WASP-25 b,WASP-25,13.80946422,179.25522155000007,0.39918500000000007,0.0,1217.0,340.9999999999999,3.7648336999999996,0.0473,5697.0,-0.143,0.8840000000000001,0.9620000000000001,1.9
WASP-26 b,WASP-26,13.56289,270.1555000000001,0.703,0.0,1650.0,1225.5263999999995,2.7566000000000006,0.04,6034.0,0.28725,1.22,0.86,6.0
WASP-28 b,WASP-28,13.66374747,282.54945381999994,0.6511629999999999,0.0,1456.0,695.6499999999999,3.4088349500000006,0.0442,6084.0,0.15,1.083,0.9929999999999999,5.5
WASP-29 b,WASP-29,8.63093,73.10089999999998,0.65,0.03,970.0,235.57299999999992,3.9227300000000005,0.0457,4800.0,-0.52509,0.79,0.77,14.0
WASP-3 b,WASP-3,15.91678,772.3269,0.89,0.0,2020.0,1845.3000000000004,1.8468299999999997,0.0315,6400.0,0.43416,1.44,1.62,2.1
WASP-31 b,WASP-31,17.363,151.916,0.172,0.0,1423.7,970.9416999999999,3.4059096,0.04659,6302.0,0.33572,1.2519999999999998,1.163,1.0
WASP-32 b,WASP-32,10.76064,835.8929000000003,3.2399999999999998,0.0,1388.0,616.33,2.71866,0.0394,6140.0,0.19345,0.9500000000000001,0.7199999999999999,2.22
WASP-33 b,WASP-33,17.855937,665.2181899999999,0.689,0.0,2781.7,9392.047100000007,1.21987,0.023900000000000005,7430.0,0.81944,1.444,1.495,0.471
WASP-34 b,WASP-34,11.209,177.98479999999998,0.4119999999999999,0.04,1250.0,229.96200000000007,4.31768,0.0524,5700.0,0.0393,0.91,0.9599999999999999,7.8
WASP-35 b,WASP-35,14.5717,225.65930000000006,0.378,0.0,1338.29,758.1025999999998,3.1615799999999994,0.04317,5990.0,0.1443,1.08,1.05,5.0
WASP-36 b,WASP-36,14.874343,750.3966299999998,1.26,0.0,1733.0,1422.6075000000003,1.5373659600000003,0.02677,5959.0,0.00087,0.9850000000000001,1.081,1.4
WASP-37 b,WASP-37,13.002,572.0699999999999,1.53,0.0,1232.5,545.3337999999999,3.577469,0.0446,5800.0,-0.021,1.003,0.925,11.0
WASP-38 b,WASP-38,13.78707,1093.3352000000004,2.3,0.03,1250.0,376.0859309799028,6.871880000000001,0.07522,6180.0,0.45294,1.5200000000000002,1.7600000000000002,3.29
WASP-39 b,WASP-39,14.336311,89.31023,0.167,0.0,1166.0,316.269,4.055294100000001,0.04828,5485.0,-0.12792,0.939,0.913,8.5
WASP-4 b,WASP-4,15.12091496,381.3940883999999,0.647184,0.0053,1653.0,1188.6219000000006,1.338230994,0.02261,5436.0,-0.17897,0.9119999999999999,0.899,7.0
WASP-41 b,WASP-41,12.3299,270.1555000000001,0.742,0.0,1244.0,344.1489999999999,3.0524000000000004,0.04022,5545.0,-0.19512,0.83,0.81,1.2
WASP-41 c,WASP-41,13.1,1010.6994000000003,2.4700000000000006,0.294,241.0,0.9631289704694375,421.0000000000001,1.07,5545.0,-0.19512,0.87,0.9300000000000002,1.2
WASP-42 b,WASP-42,12.576498,167.49640999999997,0.4640000000000001,0.062,1021.0,137.118,4.9816819,0.0561,5315.0,-0.36094,0.8920000000000001,0.9509999999999998,4.4
WASP-43 b,WASP-43,10.424,565.7140000000002,2.9390000000000005,0.0,1426.7,680.8952999999999,0.813475,0.0142,4400.0,-0.82509,0.6000000000000001,0.58,7.0
WASP-44 b,WASP-44,12.3299,276.5120999999999,0.8110000000000002,0.0,1337.0,533.0000000000001,2.423804,0.03453,5420.0,-0.19777,0.906,0.9350000000000002,10.3
WASP-45 b,WASP-45,10.603714,306.38811999999996,1.418,0.0,1153.0,294.0000000000001,3.1260889999999995,0.03963,5150.0,-0.33555,0.855,0.8500000000000001,12.7
WASP-46 b,WASP-46,13.159366,607.0553000000001,1.467,0.0,1636.0,1281.2407999999998,1.43036763,0.02335,5600.0,-0.11113,0.858,0.8279999999999998,9.6
WASP-47 b,WASP-47,12.86,373.99999999999994,0.9929999999999999,0.0006,1275.0,409.0000000000001,4.159151,0.052,5565.0,0.03167,1.156,1.058,6.5
WASP-47 c,WASP-47,2.8395539349999996,446.9999999999999,2.56,0.264,247.0,0.549,589.5699999999999,1.393,5565.0,0.03167,1.156,1.058,6.5
WASP-47 d,WASP-47,3.65,15.499999999999998,1.8000000000000003,0.001,885.0,145.0,9.030501,0.085,5565.0,0.03167,1.156,1.058,6.5
WASP-47 e,WASP-47,1.83,9.000000000000002,6.290000000000001,0.0,1992.0,3739.999999999998,0.78961,0.01673,5565.0,0.03167,1.156,1.058,6.5
WASP-48 b,WASP-48,16.8135,254.26400000000007,0.41500000000000004,0.0,2035.0,3410.260099999999,2.14363,0.03444,5920.0,0.58013,1.58,0.8800000000000001,7.9
WASP-49 b,WASP-49,12.44199,117.59709999999997,0.288,0.0,1400.0,615.4708999999999,2.7817400000000005,0.0379,5600.0,-0.05339,0.97,0.9200000000000002,11.9
WASP-5 b,WASP-5,12.184,502.1500000000002,1.6399999999999997,0.038,1706.0,1559.4762000000005,1.6284278999999997,0.0267,5700.0,0.06717,1.029,0.9599999999999999,5.4
WASP-50 b,WASP-50,13.069694,466.828704,1.325,0.009,1394.84,690.3398,1.9551000000000003,0.0293,5400.0,-0.19792,0.8430000000000001,0.8920000000000001,7.0
WASP-52 b,WASP-52,14.24,146.20000000000005,0.2899999999999999,0.0,1315.0,605.7625000000002,1.7497798,0.0272,5000.0,-0.35366,0.79,0.87,0.4
WASP-53 b,WASP-53,12.038466,677.6135600000002,2.28,0.03,1053.0,241.66560000000004,3.3098443000000004,0.04101,4953.0,-0.46344,0.798,0.839,3.746
WASP-53 c,WASP-53,2.8395539349999996,5196.520499999999,2.56,0.8369,483.1,57.492704028874485,2840.000000000001,3.7300000000000004,4953.0,-0.46344,0.798,0.839,3.8602999999999996
WASP-54 b,WASP-54,17.71022,187.51969999999994,0.167,0.07,1759.0,1639.1072000000004,3.69364,0.04988,6100.0,0.57477,1.7600000000000002,1.08,6.9
WASP-55 b,WASP-55,14.72860064,186.24744650000002,0.342159,0.0,1342.0,504.00000000000017,4.465631,0.0558,6096.0,0.16259,1.09,1.071,3.05
WASP-56 b,WASP-56,10.53646,143.02350000000004,0.583,0.0,1216.0,447.81999999999994,4.617099999999999,0.05614,5600.0,0.10256,0.9599999999999999,0.71,6.2
WASP-57 b,WASP-57,11.76945,204.68252000000004,0.6929999999999998,0.0,1338.0,702.3850000000002,2.83891856,0.03769,5600.0,-0.00509,0.927,0.886,2.6
WASP-58 b,WASP-58,16.02887,308.29509999999993,0.45000000000000007,0.0,1270.0,404.7111999999999,5.01718,0.0562,5800.0,0.16,1.22,1.06,12.8
WASP-59 b,WASP-59,8.687,274.2759999999999,2.4,0.1,670.0,38.032799999999995,7.919584999999998,0.0697,4650.0,-0.79407,0.613,0.719,0.5
WASP-6 b,WASP-6,12.5428494,148.42586607,0.440298,0.054,1167.0,288.00000000000006,3.3610026,0.04217,5438.0,-0.29675,0.79,0.8539999999999999,3.2
WASP-60 b,WASP-60,9.86392,174.80650000000006,0.378,0.0,1479.0,925.4935000000004,4.305,0.05548,5900.0,0.34748,1.17,1.19,1.7
WASP-61 b,WASP-61,15.80469,851.7844,1.423,0.0,1624.4,1062.0297999999996,3.8558999999999997,0.0521,6250.0,0.42541,1.5499999999999998,1.82,2.7
WASP-62 b,WASP-62,14.79588,165.2716,0.262,0.0,1475.3,653.2520000000001,4.41195,0.0571,6230.0,0.3456,1.23,1.11,2.6
WASP-63 b,WASP-63,15.80469,117.59709999999997,0.173,0.0,1469.91,1103.2707999999998,4.37808,0.0574,5550.0,0.44936,1.8599999999999999,1.2800000000000002,8.3
WASP-64 b,WASP-64,14.247,403.9449999999998,0.823,0.0,1689.0,1563.6374,1.5732917999999998,0.02648,5400.0,-0.022,1.058,1.004,1.2
WASP-65 b,WASP-65,12.464,492.6199999999998,1.5,0.0,1480.0,957.0053000000005,2.3114243000000005,0.0334,5600.0,0.05497,1.01,0.9300000000000002,8.0
WASP-66 b,WASP-66,15.6926,746.9004999999997,1.1439999999999997,0.0,1569.7,1434.7739,4.08605,0.0546,6600.0,0.63724,1.7600000000000002,1.33,3.7
WASP-67 b,WASP-67,12.89035,136.66690000000006,0.388,0.0,1003.0,188.10619999999992,4.614420000000001,0.05179,5200.0,-0.29441,0.8800000000000001,0.91,12.6
WASP-68 b,WASP-68,14.79588,343.25639999999987,0.665,0.0,1490.0,843.4794000000002,5.0843,0.06206,5910.0,0.505,1.79,1.49,5.7
WASP-69 b,WASP-69,11.21,82.58,0.291,0.0,971.0,180.55640000000005,3.8681388099999996,0.0453,4792.0,-0.48149,0.8009999999999999,0.83,1.8
WASP-7 b,WASP-7,14.90797,305.1168,0.55,0.034,1487.0,612.6859999999998,4.9546415999999995,0.0617,6400.0,0.53682,1.432,1.276,2.4
WASP-70 A b,WASP-70 A,13.047,187.51200000000006,0.499,0.0,1387.0,649.1548000000003,3.7130202999999997,0.04853,5763.0,0.1624,1.215,1.106,9.5
WASP-71 b,WASP-71,13.22662,441.7837000000002,1.1,0.0,2016.1,3384.6096999999972,2.90367,0.046,6050.0,0.76845,1.82,0.76,3.0
WASP-72 b,WASP-72,14.45961,731.009,0.87,0.0,2210.0,6233.791499999995,2.21673,0.03711,6250.0,0.724,2.18,2.7799999999999994,3.2
WASP-73 b,WASP-73,15.91678,908.9938000000002,1.596,0.0,1790.0,2242.3605000000007,4.08722,0.05512,6030.0,0.79502,2.55,2.5200000000000005,4.3
WASP-74 b,WASP-74,15.24424,228.83759999999998,0.3697,0.0,1865.0,531.1589999999999,2.1377499999999996,0.03443,5990.0,0.39971,1.4199999999999997,0.9799999999999999,3.49
WASP-75 b,WASP-75,14.235,340.06000000000006,0.69,0.0,1710.0,1657.0000000000005,2.4841930000000003,0.0375,6100.0,0.30426,1.26,1.14,3.5
WASP-76 b,WASP-76,20.78145022,284.1385958600001,0.16999999999999998,0.0,2228.0,4104.000000000003,1.8098819800000001,0.033,6329.0,0.65418,1.7560000000000002,1.4579999999999997,1.816
WASP-77 A b,WASP-77 A,13.56,529.3114290200001,1.33,0.01353,1674.0,1439.9999999999995,1.360029395,0.023233633,5617.0,-0.12901,0.91,0.903,6.2
WASP-78 b,WASP-78,21.63337,352.79129999999986,0.131,0.0,2469.7,4812.623800000004,2.1751800000000006,0.03488,6100.0,0.76274,2.46,1.8700000000000003,2.8
WASP-79 b,WASP-79,17.14974047,270.15414594999993,0.13,0.0,1716.2,1645.9887,3.6623919999999996,0.0519,6600.0,0.66447,1.5100000000000002,1.3899999999999997,1.4
WASP-8 b,WASP-8,12.66617,807.2882000000002,2.1,0.31,1059.0,209.118,8.158720000000002,0.0801,5600.0,-0.05754,1.03,1.34,3.0
WASP-8 c,WASP-8,12.5,3003.3699999999985,8.45,0.0,314.3,2.77003156341252,4322.999999999996,5.28,5690.0,-0.05754,0.9599999999999999,1.04,3.0
WASP-80 b,WASP-80,11.197791,170.99253999999993,0.717,0.002,825.0,72.44200000000001,3.0678523400000004,0.0344,4143.0,-1.03998,0.586,0.577,7.0
WASP-81 b,WASP-81,16.017661,231.69806999999992,0.332,0.066,1623.0,1034.0911,2.7164762,0.03908,5870.0,0.24551,1.283,1.08,5.8839999999999995
WASP-82 b,WASP-82,18.15858,371.8610999999999,0.354,0.0,2190.0,3557.2899999999972,2.70579,0.0447,6480.0,0.79422,2.1,1.48,2.0656999999999996
WASP-83 b,WASP-83,11.65736,95.34900000000002,0.35,0.0,1120.0,238.87499999999994,4.971252,0.059,5510.0,-0.04966,1.05,1.11,5.0
WASP-84 b,WASP-84,10.72,219.99999999999991,0.9799999999999999,0.0,732.0,34.6952,8.523496479999999,0.0778,5280.0,-0.325,0.768,0.853,2.1
WASP-84 c,WASP-84,1.95,15.199999999999996,11.2,0.029700000000000004,1329.0,1452.1799999999994,1.4468848999999997,0.02359,5280.0,-0.325,0.768,0.853,2.1
WASP-85 A b,WASP-85 A,13.89916,402.0549499999999,0.8800000000000001,0.0,1452.0,640.3257999999997,2.6556777,0.039,6112.0,-0.07144,0.9350000000000002,1.09,2.804
WASP-87 b,WASP-87,15.524465,692.8693999999998,1.02,0.0,2049.54,4170.096500000002,1.682795,0.02946,6450.0,0.53683,1.6269999999999998,1.204,1.9989999999999999
WASP-88 b,WASP-88,16.36514,133.48860000000002,0.141,0.0,1772.0,1489.5543000000002,4.954,0.06431,6430.0,0.72351,1.8000000000000003,0.94,3.0
WASP-89 b,WASP-89,11.65736,1875.1970000000006,6.999999999999998,0.193,1120.0,278.85330000000005,3.3564226999999995,0.0427,5130.0,-0.34333,0.8800000000000001,0.9200000000000002,1.3
WASP-90 b,WASP-90,18.27067,200.23290000000003,0.19299999999999998,0.0,1840.0,1704.4939000000002,3.9162429999999997,0.0562,6430.0,0.63014,1.9799999999999998,1.5499999999999998,4.4
WASP-91 b,WASP-91,11.54527,425.89219999999995,1.5900000000000003,0.0,1160.0,332.55619999999993,2.798581,0.037,4920.0,-0.3827,0.86,0.8400000000000001,6.7186
WASP-92 b,WASP-92,16.376349,255.85314999999989,0.346,0.0,1871.0,1622.2527999999998,2.1746742,0.0348,6280.0,0.27461,1.3410000000000002,1.19,2.29
WASP-93 b,WASP-93,17.900773,467.2101000000002,0.479,0.0,1942.0,2531.1336000000006,2.7325321,0.04211,6700.0,0.61784,1.524,1.334,0.7
WASP-94 A b,WASP-94 A,17.71022,158.91500000000002,0.118,0.0,1604.0,1009.3800000000002,3.95019,0.055,6170.0,0.50992,1.48,1.6699999999999997,2.7
WASP-94 B b,WASP-94 B,14.1,196.411,0.385,0.0,1884.9,1606.4595647310848,2.0083900000000003,0.0335,6040.0,0.35112,1.35,1.2400000000000002,4.0
WASP-95 b,WASP-95,13.78707,457.6751999999999,0.8400000000000001,0.0,1570.0,1362.1381000000001,2.1846700000000006,0.03416,5830.0,0.17781,1.23,1.46,2.4
WASP-96 b,WASP-96,13.45,152.55000000000007,0.37,0.0,1285.0,516.9999999999999,3.4252602000000003,0.0453,5540.0,0.03226,1.05,1.06,8.0
WASP-97 b,WASP-97,12.77826,432.2488000000002,1.21,0.0,1555.0,1414.8700000000006,2.07276,0.03303,5640.0,0.07149,1.08,1.18,4.8
WASP-98 b,WASP-98,12.823096,293.03926000000007,0.764,0.0,1171.0,269.8827999999999,2.9626403599999995,0.03762,5473.0,-0.3578,0.7410000000000001,0.8090000000000002,2.7
WASP-99 b,WASP-99,11.43318,772.3269,2.79,0.0,1480.0,828.8268000000002,5.752509999999999,0.0717,6150.0,0.5433,1.6399999999999997,1.21,3.0
WD 0806-661 b,WD 0806-661,12.6,2542.6272559999998,6.9799999999999995,0.3641,340.0,5.12039134344505,11.122139999999998,2500.0000000000005,9552.0,-0.07632,0.95138,0.62,2.1
WD 1856+534 b,WD 1856+534,10.4,4386.053999999998,21.4,0.0,163.0,0.181,1.4079405,0.0204,4710.0,-4.12,0.0131,0.518,7.93
WISE J033605.05-014350.4 b,WISE J033605.05-014350.4,12.6,2622.08435775,7.2,0.3514500000000001,325.0,2.5795135400785854,2560.000000000001,0.97,415.0,-0.07632,0.95138,0.0131,3.0
WISEP J121756.91+162640.2 A b,WISEP J121756.91+162640.2 A,10.468,6991.999999999998,33.50000000000001,0.5272300000000001,450.0,25.32650678918877,11.122139999999998,8.000000000000002,575.0,-6.09,0.091,0.029,6.0
WISPIT 1 b,WISPIT 1,12.4,3305.4154327999995,9.53,0.58366,679.71,32.455768780440955,11.122139999999998,337.9999999999999,4670.0,-0.32014,1.1161,0.7199999999999999,0.0156
WISPIT 1 c,WISPIT 1,12.8,1684.4905570999995,4.41,0.44609999999999994,660.367,38.77915383900988,11.122139999999998,840.0000000000002,4670.0,-0.32014,1.1161,0.7199999999999999,0.0156
WISPIT 2 b,WISPIT 2,17.93436912,1541.4677739500003,1.4700000000000002,0.31311999999999995,1118.6,169.21200238084504,11.122139999999998,56.999999999999986,4400.0,-0.15552,1.418,1.08,0.0051
WTS-1 b,WTS-1,16.7,1274.4400000000005,1.6100000000000003,0.1,1500.0,798.4245183210598,3.3520570000000003,0.047,6250.0,0.08842,1.15,1.2,2.55
WTS-2 b,WTS-2,15.277867,355.96959999999984,0.54,0.0,2000.0,2544.6509000000015,1.0187068,0.01855,5000.0,-0.28812,0.752,0.8200000000000001,0.6
Wendelstein-1 b,Wendelstein-1,11.5609626,188.15536,0.7199999999999999,0.012,2198.0,113.61419999999998,2.6634160000000002,0.0282,4251.0,-0.9377,0.61,0.65,7.401999999999999
Wendelstein-2 b,Wendelstein-2,12.9934728,232.33372999999992,0.62,0.057,2470.0,282.3100999999999,1.7522238999999997,0.0234,4591.0,-0.83411,0.6599999999999999,0.73,10.333
Wolf 1061 b,Wolf 1061,1.21,1.9099999999999997,5.920000000000001,0.15,440.843,7.340000000000002,4.8869,0.0375,3342.0,-1.9914,0.307,0.294,5.433
Wolf 1061 c,Wolf 1061,1.66,3.41,4.1,0.11,291.4,1.3,17.8719,0.08900000000000001,3342.0,-1.9914,0.307,0.294,4.956
Wolf 1061 d,Wolf 1061,2.69,7.700000000000002,2.17,0.55,144.64000000000001,0.06,217.20999999999995,0.4699999999999999,3342.0,-1.9914,0.307,0.294,2.2461
Wolf 1069 b,Wolf 1069,1.08,1.26,5.5,0.052500000000000005,250.1,0.6520000000000001,15.563999999999998,0.0672,3158.0,-2.53106,0.1813,0.167,3.7110100000000004
Wolf 327 b,Wolf 327,1.24,2.5300000000000002,7.239999999999999,0.0,996.0,233.89999999999995,0.5734745,0.01,3542.0,-1.62986,0.406,0.405,4.1
Wolf 503 b,Wolf 503,2.043,6.26,2.9199999999999995,0.41,790.0,69.59999999999998,6.00127,0.05706,4716.0,-0.67572,0.689,0.688,11.0
XO-1 b,XO-1,12.77826,263.79889999999995,0.64,0.0,1210.0,321.85,3.94153,0.0488,5750.0,-0.08628,0.8800000000000001,0.8800000000000001,0.9
XO-2 N b,XO-2 N,11.130537,179.89178000000007,0.7149999999999999,0.028,1328.0,428.03599999999994,2.6158617799999995,0.0368,5340.0,-0.08823,0.99,0.971,7.8
XO-2 S b,XO-2 S,10.9,82.6358,0.351,0.18,692.0,47.760805168348284,18.157,0.13,5399.0,-0.12302,1.0,0.9799999999999999,7.1
XO-2 S c,XO-2 S,13.6,435.4089999999999,0.9509999999999998,0.1528,573.3610000000001,19.535653267395833,120.8,0.4756,5399.0,-0.12302,1.02,0.9819999999999999,7.1
XO-3 b,XO-3,14.79585452,4217.582960890001,7.159999999999999,0.2791,1890.0,1161.7200000000003,3.19152309,0.048150000000000005,6970.0,0.69197,1.5229999999999997,1.449,0.97
XO-4 b,XO-4,14.01125,451.31860000000006,0.83,0.0,1630.0,1112.27,4.125079999999999,0.05524,6397.0,0.53558,1.45,1.1,2.1
XO-5 b,XO-5,12.78,378.1999999999998,1.06,0.0,1230.0,397.47990000000016,4.1877558,0.0515,5430.0,-0.06,1.13,1.04,8.5
XO-6 b,XO-6,23.20263,1398.4520000000002,0.62,0.0,1577.0,580.3860000000001,3.7650007,0.0815,6720.0,0.53614,1.9299999999999997,1.4700000000000002,1.88
XO-7 b,XO-7,15.389957,225.34147000000002,0.33999999999999997,0.038,1743.0,1539.9999999999995,2.8641424000000004,0.04421,6250.0,0.43132,1.48,1.4050000000000002,1.18
YZ Cet b,YZ Cet,0.913,0.7,5.05,0.06,471.2,8.21,2.02087,0.01634,3151.0,-2.65857,0.15699999999999997,0.142,3.8
YZ Cet c,YZ Cet,1.05,1.14,5.41,0.0,410.3,4.719999999999999,3.05989,0.02156,3151.0,-2.65857,0.15699999999999997,0.142,3.8
YZ Cet d,YZ Cet,1.03,1.09,5.480000000000001,0.07,356.7,2.7000000000000006,4.65626,0.02851,3151.0,-2.65857,0.15699999999999997,0.142,3.8
ZTF J1230-2655 b,ZTF J1230-2655,13.78704626,7024.007794699995,2.56,0.38438999999999995,1884.7459999999999,748.3296092573717,0.23597766,0.102,10000.0,-2.86,0.0123,0.646,3.1
ZTF J1828+2308 b,ZTF J1828+2308,11.13051784,6356.568139999998,25.299999999999997,0.3548,1899.646,1306.646628629373,0.1120067,0.102,15900.0,-2.0,0.0131,0.61,4.022
alf Ari b,alf Ari,13.4,572.0699999999999,1.31,0.25,632.2,35.793113506434594,380.80000000000007,1.2,4553.0,1.934,13.899999999999997,1.5,2.79621
alf Tau b,alf Tau,12.7,2056.3601000000003,5.52,0.1,857.8700000000001,58.013522295483675,628.9599999999998,1.46,4055.0,2.672,45.099999999999994,1.13,6.6
b Cen AB b,b Cen A,12.4,3464.329636299997,9.98,0.4,546.966,26.190573258706884,1789999.9999999988,556.0000000000001,5549.0,-0.07632,0.95138,5.5,0.015
bet Cnc b,bet Cnc,12.6,2478.999999999999,6.809999999999998,0.08,607.6,40.74398644620388,605.1999999999999,1.7000000000000002,4092.1,2.9,47.2,1.7000000000000002,1.85
bet Pic b,bet Pic,18.49485,3727.8093857000003,3.2399999999999998,0.106,1612.0,72.06554524978863,8617.509520000005,10.017999999999999,8038.68,0.95282,1.5441599999999998,1.7949999999999997,0.0165
bet Pic c,bet Pic,12.5,3222.4622185700005,9.07,0.314,1250.0,191.46603752810557,1192.7795100000003,2.6800000000000006,8038.68,0.95282,1.5441599999999998,1.7949999999999997,0.0165
bet UMi b,bet UMi,12.7,1938.7,5.199999999999999,0.19,582.832,31.256544484965783,522.3000000000002,1.4,4126.0,2.73,38.29999999999999,1.4,2.95
eps CrB b,eps CrB,12.7,2129.461,5.71,0.11,584.8,31.256544484965783,417.90000000000003,1.3,4406.0,2.23521,21.000000000000004,1.7000000000000002,1.74
eps Eri b,eps Eri,14.1,209.7667486199999,0.411,0.07,526.22,40.583280960763595,2670.9999999999995,3.5300000000000002,5020.38,-0.41928,0.7591059999999998,0.8200000000000001,0.6
eps Ind A b,eps Ind A,12.7,2005.4972481700008,5.379999999999999,0.4,275.0,0.8184285433515849,16510.000000000015,28.400000000000002,4760.0,-0.6216,0.679,0.76,3.5
eps Tau b,eps Tau,12.7,2285.186246330001,6.13,0.076,584.8,31.256544484965783,585.8199999999998,1.8779999999999997,4877.0,1.89271,12.349999999999998,2.5699999999999994,1.325
gam Cep b,gam Cep,12.7,2097.6674862000004,5.63,0.15,578.1659999999999,31.384321052486218,912.9999999999997,2.13,4775.0,1.073,4.74,1.27,5.7
gam Lib b,gam Lib,13.7,357.8747862800001,0.765,0.16,596.87,27.413054873713044,414.8799999999999,1.319,4879.0,1.8973,12.38,1.7800000000000002,2.82
gam Lib c,gam Lib,12.8,1662.5603970199995,4.359999999999999,0.065,624.9,40.231108991380744,966.4899999999998,2.3179999999999996,4879.0,1.8973,12.38,1.7800000000000002,2.82
gam Psc b,gam Psc,13.6,425.89006538,0.9300000000000002,0.204,471.8,21.257047724470176,555.0999999999999,1.32,4742.0,1.76649,11.2,0.99,6.212100000000001
gam1 Leo b,gam1 Leo,12.5,2790.429999999999,7.849999999999999,0.144,477.1,32.27818700732518,428.50000000000017,1.19,4330.0,2.51,31.879999999999995,1.23,2.412
iot Dra b,iot Dra,12.4,3756.731770739999,10.8,0.701,581.332,31.256544484965783,510.85439999999994,1.453,4504.0,1.72247,11.789999999999997,1.54,2.65
iot Dra c,iot Dra,12.2,4958.123149199999,14.999999999999998,0.455,1338.2,150.92328708797928,25000.000000000007,19.4,4504.0,1.72247,11.789999999999997,1.54,2.65
kap And b,kap And,12.3,4327.360000000003,12.800000000000002,0.4272,1900.0,425.2696265433962,11.122139999999998,55.00000000000002,10900.0,1.83,2.31229,2.6000000000000005,0.03
kap CrB b,kap CrB,13.4,591.1637999999998,1.35,0.04,187.51,0.23194084577516474,1253.68,2.5,4840.0,1.03583,4.68,1.33,3.42
mu Leo b,mu Leo,13.3,762.7999999999997,1.7800000000000002,0.09,590.2099999999999,29.30659742669134,357.79999999999995,1.1,4538.2,1.797,11.4,1.5,3.35
mu2 Sco b,mu2 Sco,12.3,4576.7290607999985,13.5,0.56,3349.0,12991.417850190497,11.122139999999998,242.4000000000001,21700.0,3.8,5.6,9.1,0.02
nu Oct A b,nu Oct A,13.3,696.0442113300002,1.63,0.195,632.2,35.793113506434594,402.3999999999998,1.2400000000000002,4910.0,1.12057,5.040000000000001,1.5700000000000003,2.7
nu Oph b,nu Oph,12.0,7057.732980000003,22.400000000000002,0.126,1215.211,224.44279834114366,529.9300000000002,1.7650000000000001,4887.0,1.89476,12.240000000000002,2.6100000000000003,0.65
nu Oph c,nu Oph,12.0,7838.323460000003,24.899999999999995,0.179,1281.8,193.0423795334153,3180.6000000000004,5.829000000000001,4887.0,1.89476,12.240000000000002,2.6100000000000003,0.65
ome Ser b,ome Ser,14.0,233.92170755000004,0.468,0.18,783.3700000000001,27.844286136741186,278.59,0.8379999999999999,4724.0,1.73384,10.989999999999998,1.01,6.4191
omi CrB b,omi CrB,13.7,355.9678158400001,0.7609999999999999,0.105,580.9,31.208824830153937,187.01000000000002,0.6990000000000001,4769.0,1.82197,11.869999999999997,1.3,7.827
omi UMa b,omi UMa,13.0,1160.3915139600003,2.8999999999999995,0.149,348.75,3.8238315596705936,1569.8100000000002,3.691,5075.0,2.06266,13.84,2.72,2.712
pi Men c,HD 39091,2.0189,3.63,2.8,0.0,1169.8,309.00000000000006,6.267839899999999,0.06839,5998.0,0.15836,1.17,1.07,2.98
pi Men d,HD 39091,3.72,13.379999999999999,1.4300000000000002,0.22,496.2,17.28523815958608,124.64000000000003,0.506,5998.0,0.15957,1.19,1.07,3.92
psi1 Dra B b,psi1 Dra B,13.5,486.27989999999994,1.09,0.4,646.0,17.354873723618386,3117.0000000000005,4.43,6212.0,0.32579,1.255735,1.19,3.3
rho CrB b,rho CrB,13.7,347.38644885,0.742,0.038,614.0,34.699999999999996,39.84380000000001,0.2245,5817.0,0.26007,1.34,0.9500000000000001,10.2
rho CrB c,rho CrB,5.78,28.199999999999992,0.8019999999999999,0.096,448.1,9.849999999999998,102.18999999999997,0.4206,5817.0,0.26007,1.34,0.9500000000000001,10.2
rho CrB d,rho CrB,4.94,21.6,0.9850000000000001,0.0,453.34,9.978103996306885,282.19999999999993,0.8270000000000001,5817.0,0.26007,1.34,0.9500000000000001,10.2
rho CrB e,rho CrB,1.77,3.7899999999999996,3.76,0.126,970.4200000000001,140.63390735325473,12.948999999999998,0.1061,5817.0,0.26007,1.34,0.9500000000000001,10.2
tau Boo b,tau Boo,12.8,1890.9999999999995,4.949999999999999,0.011,1595.4,1120.3411678809036,3.3124567999999996,0.049,6466.27,0.50548,1.42588,1.32,2.0
tau Cet e,tau Cet,1.81,3.9299999999999997,3.64,0.18,336.9,2.9197267711845174,162.87000000000003,0.538,5310.0,-0.30539,0.83,0.7829999999999999,12.12
tau Cet f,tau Cet,1.81,3.9299999999999997,3.64,0.16,314.91999999999996,2.1205043715126677,636.1299999999998,1.334,5310.0,-0.30539,0.83,0.7829999999999999,12.12
tau Cet g,tau Cet,1.18,1.75,5.849999999999999,0.06,633.3,30.48197281940133,20.0,0.133,5310.0,-0.30539,0.83,0.7829999999999999,12.12
tau Cet h,tau Cet,1.19,1.8300000000000003,5.970000000000001,0.23,466.35,6.8306491867263155,49.410000000000004,0.243,5310.0,-0.30539,0.83,0.7829999999999999,12.12
tau Gem b,tau Gem,12.1,6546.999999999995,20.300000000000004,0.031,499.0,19.358324960089377,305.50000000000006,1.17,4388.0,2.51895,26.8,2.3,1.22
ups And b,ups And,14.0,218.5310000000001,0.438,0.0215,1444.4,687.8508977951403,4.617032999999999,0.05922166,6156.77,0.52541,1.56,1.3,5.0
ups And c,ups And,12.3,4443.241129859999,13.1,0.2596,465.4,30.187435487491168,241.258,0.8277739999999999,6156.77,0.52541,1.56,1.3,5.0
ups And d,ups And,12.5,3257.7411717499976,9.17,0.2987,580.5,26.401987497214552,1276.46,2.51329,6156.77,0.52541,1.56,1.3,5.0
ups Leo b,ups Leo,14.2,162.09248757000006,0.311,0.32,585.732,31.14644292064948,385.2,1.18,4836.0,1.80003,11.219999999999999,1.48,3.0130000000000003
xi Aql b,xi Aql,13.4,616.9049379899998,1.4100000000000001,0.059,782.99,34.98817716230999,136.96999999999994,0.625,4841.0,1.76745,10.86,1.7400000000000002,7.1
